run_id,file_name,source,local_path,minio_key,preset,status,started_at,upload_seconds,caption_seconds,total_seconds,total_tokens,model,full_caption
20260602T140833Z,DT_10th_and_2nd_St_1_20260531T000000.jpg,,,dataset_20260531/DT_10th_and_2nd_St_1/DT_10th_and_2nd_St_1_20260531T000000.jpg,illegal_dumping,done,2026-06-02T14:18:51.487204+00:00,0.166,1.283,1.473,,nvidia/cosmos-reason2-8b,"DUMPING PRESENT: No
ORDINANCE VIOLATION: No
WASTE TYPE: mixed
WASTE VOLUME: small (pickup truck)
WASTE ORIGIN: residential
PROPERTY TYPE: vacant-lot
ADDRESS MARKERS: NONE
GUTTER/ALLEY: No
WATER PROXIMITY: No
CHRONIC SITE: No
VEHICLES: NONE
IDENTIFIERS: NONE
SEVERITY: 1
ORDINANCE: N/A
PRIORITY: LOW
SUMMARY: No illegal dumping detected in the video."
20260602T140833Z,DT_10th_and_2nd_St_1_20260531T001000.jpg,,,dataset_20260531/DT_10th_and_2nd_St_1/DT_10th_and_2nd_St_1_20260531T001000.jpg,illegal_dumping,done,2026-06-02T14:18:51.487728+00:00,0.165,1.121,1.309,,nvidia/cosmos-reason2-8b,"DUMPING PRESENT: No
ORDINANCE VIOLATION: No
WASTE TYPE: mixed
WASTE VOLUME: small (pickup truck)
WASTE ORIGIN: residential
PROPERTY TYPE: vacant-lot
ADDRESS MARKERS: NONE
GUTTER/ALLEY: No
WATER PROXIMITY: No
CHRONIC SITE: No
VEHICLES: NONE
IDENTIFIERS: NONE
SEVERITY: 1
ORDINANCE: N/A
PRIORITY: LOW
SUMMARY: No illegal dumping detected in the video."
20260602T140833Z,DT_10th_and_2nd_St_1_20260531T002000.jpg,,,dataset_20260531/DT_10th_and_2nd_St_1/DT_10th_and_2nd_St_1_20260531T002000.jpg,illegal_dumping,done,2026-06-02T14:18:51.488438+00:00,0.166,0.996,1.183,,nvidia/cosmos-reason2-8b,"DUMPING PRESENT: No
ORDINANCE VIOLATION: No
WASTE TYPE: mixed
WASTE VOLUME: small (pickup truck)
WASTE ORIGIN: residential
PROPERTY TYPE: vacant-lot
ADDRESS MARKERS: NONE
GUTTER/ALLEY: No
WATER PROXIMITY: No
CHRONIC SITE: No
VEHICLES: NONE
IDENTIFIERS: NONE
SEVERITY: 1
ORDINANCE: N/A
PRIORITY: LOW
SUMMARY: No illegal dumping detected in the video."
20260602T140833Z,DT_10th_and_2nd_St_1_20260531T003000.jpg,,,dataset_20260531/DT_10th_and_2nd_St_1/DT_10th_and_2nd_St_1_20260531T003000.jpg,illegal_dumping,done,2026-06-02T14:18:51.489996+00:00,0.164,1.082,1.267,,nvidia/cosmos-reason2-8b,"DUMPING PRESENT: No
ORDINANCE VIOLATION: No
WASTE TYPE: mixed
WASTE VOLUME: small (pickup truck)
WASTE ORIGIN: residential
PROPERTY TYPE: vacant-lot
ADDRESS MARKERS: NONE
GUTTER/ALLEY: No
WATER PROXIMITY: No
CHRONIC SITE: No
VEHICLES: NONE
IDENTIFIERS: NONE
SEVERITY: 1
ORDINANCE: N/A
PRIORITY: LOW
SUMMARY: No illegal dumping detected in the video."
20260602T140833Z,DT_10th_and_2nd_St_1_20260531T004000.jpg,,,dataset_20260531/DT_10th_and_2nd_St_1/DT_10th_and_2nd_St_1_20260531T004000.jpg,illegal_dumping,done,2026-06-02T14:18:52.674759+00:00,0.044,0.711,0.758,,nvidia/cosmos-reason2-8b,"DUMPING PRESENT: No
ORDINANCE VIOLATION: No
WASTE TYPE: mixed
WASTE VOLUME: small (pickup truck)
WASTE ORIGIN: residential
PROPERTY TYPE: vacant-lot
ADDRESS MARKERS: NONE
GUTTER/ALLEY: No
WATER PROXIMITY: No
CHRONIC SITE: No
VEHICLES: NONE
IDENTIFIERS: NONE
SEVERITY: 1
ORDINANCE: N/A
PRIORITY: LOW
SUMMARY: No illegal dumping is observed in the video."
20260602T140833Z,DT_10th_and_2nd_St_1_20260531T005000.jpg,,,dataset_20260531/DT_10th_and_2nd_St_1/DT_10th_and_2nd_St_1_20260531T005000.jpg,illegal_dumping,done,2026-06-02T14:18:52.759479+00:00,0.036,1.043,1.082,,nvidia/cosmos-reason2-8b,"DUMPING PRESENT: No
ORDINANCE VIOLATION: No
WASTE TYPE: mixed
WASTE VOLUME: small (pickup truck)
WASTE ORIGIN: residential
PROPERTY TYPE: vacant-lot
ADDRESS MARKERS: NONE
GUTTER/ALLEY: No
WATER PROXIMITY: No
CHRONIC SITE: No
VEHICLES: NONE
IDENTIFIERS: NONE
SEVERITY: 1
ORDINANCE: N/A
PRIORITY: LOW
SUMMARY: No illegal dumping detected in the video."
20260602T140833Z,DT_10th_and_2nd_St_1_20260531T010000.jpg,,,dataset_20260531/DT_10th_and_2nd_St_1/DT_10th_and_2nd_St_1_20260531T010000.jpg,illegal_dumping,done,2026-06-02T14:18:52.799782+00:00,0.034,1.006,1.043,,nvidia/cosmos-reason2-8b,"DUMPING PRESENT: No
ORDINANCE VIOLATION: No
WASTE TYPE: mixed
WASTE VOLUME: small (pickup truck)
WASTE ORIGIN: residential
PROPERTY TYPE: vacant-lot
ADDRESS MARKERS: NONE
GUTTER/ALLEY: No
WATER PROXIMITY: No
CHRONIC SITE: No
VEHICLES: NONE
IDENTIFIERS: NONE
SEVERITY: 1
ORDINANCE: N/A
PRIORITY: LOW
SUMMARY: No illegal dumping detected in the video."
20260602T140833Z,DT_10th_and_2nd_St_1_20260531T011000.jpg,,,dataset_20260531/DT_10th_and_2nd_St_1/DT_10th_and_2nd_St_1_20260531T011000.jpg,illegal_dumping,done,2026-06-02T14:18:52.962605+00:00,0.048,0.936,0.987,,nvidia/cosmos-reason2-8b,"DUMPING PRESENT: No
ORDINANCE VIOLATION: No
WASTE TYPE: mixed
WASTE VOLUME: small (pickup truck)
WASTE ORIGIN: residential
PROPERTY TYPE: vacant-lot
ADDRESS MARKERS: NONE
GUTTER/ALLEY: No
WATER PROXIMITY: No
CHRONIC SITE: No
VEHICLES: NONE
IDENTIFIERS: NONE
SEVERITY: 1
ORDINANCE: N/A
PRIORITY: LOW
SUMMARY: No illegal dumping detected in the video."
20260602T140833Z,DT_10th_and_2nd_St_1_20260531T012000.jpg,,,dataset_20260531/DT_10th_and_2nd_St_1/DT_10th_and_2nd_St_1_20260531T012000.jpg,illegal_dumping,done,2026-06-02T14:18:53.435112+00:00,0.039,0.687,0.728,,nvidia/cosmos-reason2-8b,"DUMPING PRESENT: No
ORDINANCE VIOLATION: No
WASTE TYPE: mixed
WASTE VOLUME: small
WASTE ORIGIN: unknown
PROPERTY TYPE: right-of-way
ADDRESS MARKERS: NONE
GUTTER/ALLEY: No
WATER PROXIMITY: No
CHRONIC SITE: No
VEHICLES: NONE
IDENTIFIERS: NONE
SEVERITY: 1
ORDINANCE: N/A
PRIORITY: LOW
SUMMARY: No illegal dumping is observed in the video."
20260602T140833Z,DT_10th_and_2nd_St_1_20260531T013000.jpg,,,dataset_20260531/DT_10th_and_2nd_St_1/DT_10th_and_2nd_St_1_20260531T013000.jpg,illegal_dumping,done,2026-06-02T14:18:53.844684+00:00,0.077,0.828,0.91,,nvidia/cosmos-reason2-8b,"DUMPING PRESENT: No
ORDINANCE VIOLATION: No
WASTE TYPE: mixed
WASTE VOLUME: small (pickup truck)
WASTE ORIGIN: residential
PROPERTY TYPE: vacant-lot
ADDRESS MARKERS: NONE
GUTTER/ALLEY: No
WATER PROXIMITY: No
CHRONIC SITE: No
VEHICLES: NONE
IDENTIFIERS: NONE
SEVERITY: 1
ORDINANCE: N/A
PRIORITY: LOW
SUMMARY: No illegal dumping is observed in the video."
20260602T140833Z,DT_10th_and_2nd_St_1_20260531T014000.jpg,,,dataset_20260531/DT_10th_and_2nd_St_1/DT_10th_and_2nd_St_1_20260531T014000.jpg,illegal_dumping,done,2026-06-02T14:18:53.846214+00:00,0.075,0.674,0.753,,nvidia/cosmos-reason2-8b,"DUMPING PRESENT: No
ORDINANCE VIOLATION: No
WASTE TYPE: mixed
WASTE VOLUME: small (pickup truck)
WASTE ORIGIN: residential
PROPERTY TYPE: vacant-lot
ADDRESS MARKERS: NONE
GUTTER/ALLEY: No
WATER PROXIMITY: No
CHRONIC SITE: No
VEHICLES: NONE
IDENTIFIERS: NONE
SEVERITY: 1
ORDINANCE: N/A
PRIORITY: LOW
SUMMARY: No illegal dumping detected in the video."
20260602T140833Z,DT_10th_and_2nd_St_1_20260531T015000.jpg,,,dataset_20260531/DT_10th_and_2nd_St_1/DT_10th_and_2nd_St_1_20260531T015000.jpg,illegal_dumping,done,2026-06-02T14:18:53.951346+00:00,0.035,1.07,1.108,,nvidia/cosmos-reason2-8b,"DUMPING PRESENT: No
ORDINANCE VIOLATION: No
WASTE TYPE: mixed
WASTE VOLUME: small (pickup truck)
WASTE ORIGIN: residential
PROPERTY TYPE: vacant-lot
ADDRESS MARKERS: NONE
GUTTER/ALLEY: No
WATER PROXIMITY: No
CHRONIC SITE: No
VEHICLES: NONE
IDENTIFIERS: NONE
SEVERITY: 1
ORDINANCE: N/A
PRIORITY: LOW
SUMMARY: No illegal dumping detected in the video."
20260602T140833Z,DT_10th_and_2nd_St_1_20260531T020000.jpg,,,dataset_20260531/DT_10th_and_2nd_St_1/DT_10th_and_2nd_St_1_20260531T020000.jpg,illegal_dumping,done,2026-06-02T14:18:54.165788+00:00,0.048,1.041,1.092,,nvidia/cosmos-reason2-8b,"DUMPING PRESENT: No
ORDINANCE VIOLATION: No
WASTE TYPE: mixed
WASTE VOLUME: small (pickup truck)
WASTE ORIGIN: residential
PROPERTY TYPE: vacant-lot
ADDRESS MARKERS: NONE
GUTTER/ALLEY: No
WATER PROXIMITY: No
CHRONIC SITE: No
VEHICLES: NONE
IDENTIFIERS: NONE
SEVERITY: 1
ORDINANCE: N/A
PRIORITY: LOW
SUMMARY: No illegal dumping detected in the video."
20260602T140833Z,DT_10th_and_2nd_St_1_20260531T021000.jpg,,,dataset_20260531/DT_10th_and_2nd_St_1/DT_10th_and_2nd_St_1_20260531T021000.jpg,illegal_dumping,done,2026-06-02T14:18:54.601674+00:00,0.047,0.813,0.862,,nvidia/cosmos-reason2-8b,"DUMPING PRESENT: No
ORDINANCE VIOLATION: No
WASTE TYPE: mixed
WASTE VOLUME: small (pickup truck)
WASTE ORIGIN: residential
PROPERTY TYPE: vacant-lot
ADDRESS MARKERS: NONE
GUTTER/ALLEY: No
WATER PROXIMITY: No
CHRONIC SITE: No
VEHICLES: NONE
IDENTIFIERS: NONE
SEVERITY: 1
ORDINANCE: N/A
PRIORITY: LOW
SUMMARY: No illegal dumping detected in the video."
20260602T140833Z,DT_10th_and_2nd_St_1_20260531T022000.jpg,,,dataset_20260531/DT_10th_and_2nd_St_1/DT_10th_and_2nd_St_1_20260531T022000.jpg,illegal_dumping,done,2026-06-02T14:18:54.757148+00:00,0.041,0.78,0.823,,nvidia/cosmos-reason2-8b,"DUMPING PRESENT: No
ORDINANCE VIOLATION: No
WASTE TYPE: mixed
WASTE VOLUME: small (pickup truck)
WASTE ORIGIN: residential
PROPERTY TYPE: vacant-lot
ADDRESS MARKERS: NONE
GUTTER/ALLEY: No
WATER PROXIMITY: No
CHRONIC SITE: No
VEHICLES: NONE
IDENTIFIERS: NONE
SEVERITY: 1
ORDINANCE: N/A
PRIORITY: LOW
SUMMARY: No illegal dumping is observed in the video."
20260602T140833Z,DT_10th_and_2nd_St_1_20260531T023000.jpg,,,dataset_20260531/DT_10th_and_2nd_St_1/DT_10th_and_2nd_St_1_20260531T023000.jpg,illegal_dumping,done,2026-06-02T14:18:55.061894+00:00,0.046,0.654,0.703,,nvidia/cosmos-reason2-8b,"DUMPING PRESENT: No
ORDINANCE VIOLATION: No
WASTE TYPE: mixed
WASTE VOLUME: small (pickup truck)
WASTE ORIGIN: residential
PROPERTY TYPE: vacant-lot
ADDRESS MARKERS: NONE
GUTTER/ALLEY: No
WATER PROXIMITY: No
CHRONIC SITE: No
VEHICLES: NONE
IDENTIFIERS: NONE
SEVERITY: 1
ORDINANCE: N/A
PRIORITY: LOW
SUMMARY: No illegal dumping detected in the video."
20260602T140833Z,DT_10th_and_2nd_St_1_20260531T024000.jpg,,,dataset_20260531/DT_10th_and_2nd_St_1/DT_10th_and_2nd_St_1_20260531T024000.jpg,illegal_dumping,done,2026-06-02T14:18:55.260119+00:00,0.048,0.631,0.682,,nvidia/cosmos-reason2-8b,"DUMPING PRESENT: No
ORDINANCE VIOLATION: No
WASTE TYPE: N/A
WASTE VOLUME: N/A
WASTE ORIGIN: N/A
PROPERTY TYPE: N/A
ADDRESS MARKERS: NONE
GUTTER/ALLEY: No
WATER PROXIMITY: No
CHRONIC SITE: No
VEHICLES: NONE
IDENTIFIERS: N/A
SEVERITY: 1
ORDINANCE: N/A
PRIORITY: LOW
SUMMARY: No illegal dumping is observed in the video."
20260602T140833Z,DT_10th_and_2nd_St_1_20260531T025000.jpg,,,dataset_20260531/DT_10th_and_2nd_St_1/DT_10th_and_2nd_St_1_20260531T025000.jpg,illegal_dumping,done,2026-06-02T14:18:55.466475+00:00,0.042,0.626,0.671,,nvidia/cosmos-reason2-8b,"DUMPING PRESENT: No
ORDINANCE VIOLATION: No
WASTE TYPE: mixed
WASTE VOLUME: small (pickup truck)
WASTE ORIGIN: residential
PROPERTY TYPE: vacant-lot
ADDRESS MARKERS: NONE
GUTTER/ALLEY: No
WATER PROXIMITY: No
CHRONIC SITE: No
VEHICLES: NONE
IDENTIFIERS: NONE
SEVERITY: 1
ORDINANCE: N/A
PRIORITY: LOW
SUMMARY: No illegal dumping is observed in the video."
20260602T140833Z,DT_10th_and_2nd_St_1_20260531T030000.jpg,,,dataset_20260531/DT_10th_and_2nd_St_1/DT_10th_and_2nd_St_1_20260531T030000.jpg,illegal_dumping,done,2026-06-02T14:18:55.583449+00:00,0.043,0.684,0.729,,nvidia/cosmos-reason2-8b,"DUMPING PRESENT: No
ORDINANCE VIOLATION: No
WASTE TYPE: mixed
WASTE VOLUME: small (pickup truck)
WASTE ORIGIN: residential
PROPERTY TYPE: vacant-lot
ADDRESS MARKERS: NONE
GUTTER/ALLEY: No
WATER PROXIMITY: No
CHRONIC SITE: No
VEHICLES: NONE
IDENTIFIERS: NONE
SEVERITY: 1
ORDINANCE: N/A
PRIORITY: LOW
SUMMARY: No illegal dumping is observed in the video."
20260602T140833Z,DT_10th_and_2nd_St_1_20260531T031000.jpg,,,dataset_20260531/DT_10th_and_2nd_St_1/DT_10th_and_2nd_St_1_20260531T031000.jpg,illegal_dumping,done,2026-06-02T14:18:55.767969+00:00,0.047,0.744,0.795,,nvidia/cosmos-reason2-8b,"DUMPING PRESENT: No
ORDINANCE VIOLATION: No
WASTE TYPE: mixed
WASTE VOLUME: small (pickup truck)
WASTE ORIGIN: residential
PROPERTY TYPE: vacant-lot
ADDRESS MARKERS: NONE
GUTTER/ALLEY: No
WATER PROXIMITY: No
CHRONIC SITE: No
VEHICLES: NONE
IDENTIFIERS: NONE
SEVERITY: 1
ORDINANCE: N/A
PRIORITY: LOW
SUMMARY: No illegal dumping detected in the video."
20260602T140833Z,DT_10th_and_2nd_St_1_20260531T032000.jpg,,,dataset_20260531/DT_10th_and_2nd_St_1/DT_10th_and_2nd_St_1_20260531T032000.jpg,illegal_dumping,done,2026-06-02T14:18:55.945005+00:00,0.035,0.742,0.779,,nvidia/cosmos-reason2-8b,"DUMPING PRESENT: No
ORDINANCE VIOLATION: No
WASTE TYPE: mixed
WASTE VOLUME: small (pickup truck)
WASTE ORIGIN: residential
PROPERTY TYPE: vacant-lot
ADDRESS MARKERS: NONE
GUTTER/ALLEY: No
WATER PROXIMITY: No
CHRONIC SITE: No
VEHICLES: NONE
IDENTIFIERS: NONE
SEVERITY: 1
ORDINANCE: N/A
PRIORITY: LOW
SUMMARY: No illegal dumping is observed in the video."
20260602T140833Z,DT_10th_and_2nd_St_1_20260531T033000.jpg,,,dataset_20260531/DT_10th_and_2nd_St_1/DT_10th_and_2nd_St_1_20260531T033000.jpg,illegal_dumping,done,2026-06-02T14:18:56.140211+00:00,0.038,0.778,0.818,,nvidia/cosmos-reason2-8b,"DUMPING PRESENT: No
ORDINANCE VIOLATION: No
WASTE TYPE: mixed
WASTE VOLUME: small (pickup truck)
WASTE ORIGIN: residential
PROPERTY TYPE: vacant-lot
ADDRESS MARKERS: NONE
GUTTER/ALLEY: No
WATER PROXIMITY: No
CHRONIC SITE: No
VEHICLES: NONE
IDENTIFIERS: NONE
SEVERITY: 1
ORDINANCE: N/A
PRIORITY: LOW
SUMMARY: No illegal dumping detected in the video."
20260602T140833Z,DT_10th_and_2nd_St_1_20260531T034000.jpg,,,dataset_20260531/DT_10th_and_2nd_St_1/DT_10th_and_2nd_St_1_20260531T034000.jpg,illegal_dumping,done,2026-06-02T14:18:56.315453+00:00,0.036,0.743,0.782,,nvidia/cosmos-reason2-8b,"DUMPING PRESENT: No
ORDINANCE VIOLATION: No
WASTE TYPE: mixed
WASTE VOLUME: small (pickup truck)
WASTE ORIGIN: residential
PROPERTY TYPE: vacant-lot
ADDRESS MARKERS: NONE
GUTTER/ALLEY: No
WATER PROXIMITY: No
CHRONIC SITE: No
VEHICLES: NONE
IDENTIFIERS: NONE
SEVERITY: 1
ORDINANCE: N/A
PRIORITY: LOW
SUMMARY: No illegal dumping detected in the video."
20260602T140833Z,DT_10th_and_2nd_St_1_20260531T035000.jpg,,,dataset_20260531/DT_10th_and_2nd_St_1/DT_10th_and_2nd_St_1_20260531T035000.jpg,illegal_dumping,done,2026-06-02T14:18:56.565844+00:00,0.044,0.636,0.683,,nvidia/cosmos-reason2-8b,"DUMPING PRESENT: No
ORDINANCE VIOLATION: No
WASTE TYPE: mixed
WASTE VOLUME: small (pickup truck)
WASTE ORIGIN: residential
PROPERTY TYPE: vacant-lot
ADDRESS MARKERS: NONE
GUTTER/ALLEY: No
WATER PROXIMITY: No
CHRONIC SITE: No
VEHICLES: NONE
IDENTIFIERS: NONE
SEVERITY: 1
ORDINANCE: N/A
PRIORITY: LOW
SUMMARY: No illegal dumping detected in the video."
20260602T140833Z,DT_10th_and_2nd_St_1_20260531T040000.jpg,,,dataset_20260531/DT_10th_and_2nd_St_1/DT_10th_and_2nd_St_1_20260531T040000.jpg,illegal_dumping,done,2026-06-02T14:18:56.738556+00:00,0.041,0.644,0.688,,nvidia/cosmos-reason2-8b,"DUMPING PRESENT: No
ORDINANCE VIOLATION: No
WASTE TYPE: mixed
WASTE VOLUME: small (pickup truck)
WASTE ORIGIN: residential
PROPERTY TYPE: vacant-lot
ADDRESS MARKERS: NONE
GUTTER/ALLEY: No
WATER PROXIMITY: No
CHRONIC SITE: No
VEHICLES: NONE
IDENTIFIERS: NONE
SEVERITY: 1
ORDINANCE: N/A
PRIORITY: LOW
SUMMARY: No illegal dumping detected in the video."
20260602T140833Z,DT_10th_and_2nd_St_1_20260531T041000.jpg,,,dataset_20260531/DT_10th_and_2nd_St_1/DT_10th_and_2nd_St_1_20260531T041000.jpg,illegal_dumping,done,2026-06-02T14:18:56.961054+00:00,0.051,0.681,0.734,,nvidia/cosmos-reason2-8b,"DUMPING PRESENT: No
ORDINANCE VIOLATION: No
WASTE TYPE: mixed
WASTE VOLUME: small (pickup truck)
WASTE ORIGIN: residential
PROPERTY TYPE: vacant-lot
ADDRESS MARKERS: NONE
GUTTER/ALLEY: No
WATER PROXIMITY: No
CHRONIC SITE: No
VEHICLES: NONE
IDENTIFIERS: NONE
SEVERITY: 1
ORDINANCE: N/A
PRIORITY: LOW
SUMMARY: No illegal dumping detected in the video."
20260602T140833Z,DT_10th_and_2nd_St_1_20260531T042000.jpg,,,dataset_20260531/DT_10th_and_2nd_St_1/DT_10th_and_2nd_St_1_20260531T042000.jpg,illegal_dumping,done,2026-06-02T14:18:57.100668+00:00,0.045,0.713,0.76,,nvidia/cosmos-reason2-8b,"DUMPING PRESENT: No
ORDINANCE VIOLATION: No
WASTE TYPE: mixed
WASTE VOLUME: small (pickup truck)
WASTE ORIGIN: residential
PROPERTY TYPE: vacant-lot
ADDRESS MARKERS: NONE
GUTTER/ALLEY: No
WATER PROXIMITY: No
CHRONIC SITE: No
VEHICLES: NONE
IDENTIFIERS: NONE
SEVERITY: 1
ORDINANCE: N/A
PRIORITY: LOW
SUMMARY: No illegal dumping detected in the video."
20260602T140833Z,DT_10th_and_2nd_St_1_20260531T043000.jpg,,,dataset_20260531/DT_10th_and_2nd_St_1/DT_10th_and_2nd_St_1_20260531T043000.jpg,illegal_dumping,done,2026-06-02T14:18:57.251479+00:00,0.041,0.767,0.811,,nvidia/cosmos-reason2-8b,"DUMPING PRESENT: No
ORDINANCE VIOLATION: No
WASTE TYPE: mixed
WASTE VOLUME: small (pickup truck)
WASTE ORIGIN: residential
PROPERTY TYPE: vacant-lot
ADDRESS MARKERS: NONE
GUTTER/ALLEY: No
WATER PROXIMITY: No
CHRONIC SITE: No
VEHICLES: NONE
IDENTIFIERS: NONE
SEVERITY: 1
ORDINANCE: N/A
PRIORITY: LOW
SUMMARY: No illegal dumping detected in the video."
20260602T140833Z,DT_10th_and_2nd_St_1_20260531T044000.jpg,,,dataset_20260531/DT_10th_and_2nd_St_1/DT_10th_and_2nd_St_1_20260531T044000.jpg,illegal_dumping,done,2026-06-02T14:18:57.428702+00:00,0.044,0.786,0.834,,nvidia/cosmos-reason2-8b,"DUMPING PRESENT: No
ORDINANCE VIOLATION: No
WASTE TYPE: mixed
WASTE VOLUME: small (pickup truck)
WASTE ORIGIN: residential
PROPERTY TYPE: vacant-lot
ADDRESS MARKERS: NONE
GUTTER/ALLEY: No
WATER PROXIMITY: No
CHRONIC SITE: No
VEHICLES: NONE
IDENTIFIERS: NONE
SEVERITY: 1
ORDINANCE: N/A
PRIORITY: LOW
SUMMARY: No illegal dumping detected in the video."
20260602T140833Z,DT_10th_and_2nd_St_1_20260531T045000.jpg,,,dataset_20260531/DT_10th_and_2nd_St_1/DT_10th_and_2nd_St_1_20260531T045000.jpg,illegal_dumping,done,2026-06-02T14:18:57.698038+00:00,0.046,0.684,0.733,,nvidia/cosmos-reason2-8b,"DUMPING PRESENT: No
ORDINANCE VIOLATION: No
WASTE TYPE: mixed
WASTE VOLUME: small (pickup truck)
WASTE ORIGIN: residential
PROPERTY TYPE: vacant-lot
ADDRESS MARKERS: NONE
GUTTER/ALLEY: No
WATER PROXIMITY: No
CHRONIC SITE: No
VEHICLES: NONE
IDENTIFIERS: NONE
SEVERITY: 1
ORDINANCE: N/A
PRIORITY: LOW
SUMMARY: No illegal dumping is observed in the video."
20260602T140833Z,DT_10th_and_2nd_St_1_20260531T050000.jpg,,,dataset_20260531/DT_10th_and_2nd_St_1/DT_10th_and_2nd_St_1_20260531T050000.jpg,illegal_dumping,done,2026-06-02T14:18:57.862980+00:00,0.044,0.732,0.779,,nvidia/cosmos-reason2-8b,"DUMPING PRESENT: No
ORDINANCE VIOLATION: No
WASTE TYPE: mixed
WASTE VOLUME: small (pickup truck)
WASTE ORIGIN: residential
PROPERTY TYPE: vacant-lot
ADDRESS MARKERS: NONE
GUTTER/ALLEY: No
WATER PROXIMITY: No
CHRONIC SITE: No
VEHICLES: NONE
IDENTIFIERS: NONE
SEVERITY: 1
ORDINANCE: N/A
PRIORITY: LOW
SUMMARY: No illegal dumping is observed in the video."
20260602T140833Z,DT_10th_and_2nd_St_1_20260531T051000.jpg,,,dataset_20260531/DT_10th_and_2nd_St_1/DT_10th_and_2nd_St_1_20260531T051000.jpg,illegal_dumping,done,2026-06-02T14:18:58.065543+00:00,0.05,0.661,0.714,,nvidia/cosmos-reason2-8b,"DUMPING PRESENT: No
ORDINANCE VIOLATION: No
WASTE TYPE: mixed
WASTE VOLUME: small (pickup truck)
WASTE ORIGIN: residential
PROPERTY TYPE: vacant-lot
ADDRESS MARKERS: NONE
GUTTER/ALLEY: No
WATER PROXIMITY: No
CHRONIC SITE: No
VEHICLES: NONE
IDENTIFIERS: NONE
SEVERITY: 1
ORDINANCE: N/A
PRIORITY: LOW
SUMMARY: No illegal dumping is observed in the video."
20260602T140833Z,DT_10th_and_2nd_St_1_20260531T052000.jpg,,,dataset_20260531/DT_10th_and_2nd_St_1/DT_10th_and_2nd_St_1_20260531T052000.jpg,illegal_dumping,done,2026-06-02T14:18:58.265425+00:00,0.048,0.779,0.83,,nvidia/cosmos-reason2-8b,"DUMPING PRESENT: No
ORDINANCE VIOLATION: No
WASTE TYPE: mixed
WASTE VOLUME: small (pickup truck)
WASTE ORIGIN: residential
PROPERTY TYPE: vacant-lot
ADDRESS MARKERS: NONE
GUTTER/ALLEY: No
WATER PROXIMITY: No
CHRONIC SITE: No
VEHICLES: NONE
IDENTIFIERS: NONE
SEVERITY: 1
ORDINANCE: N/A
PRIORITY: LOW
SUMMARY: No illegal dumping is observed in the video; the scene appears to be a blurred outdoor area without clear evidence of waste disposal violations."
20260602T140833Z,DT_10th_and_2nd_St_1_20260531T053000.jpg,,,dataset_20260531/DT_10th_and_2nd_St_1/DT_10th_and_2nd_St_1_20260531T053000.jpg,illegal_dumping,done,2026-06-02T14:18:58.433806+00:00,0.044,0.668,0.715,,nvidia/cosmos-reason2-8b,"DUMPING PRESENT: No
ORDINANCE VIOLATION: No
WASTE TYPE: mixed
WASTE VOLUME: small (pickup truck)
WASTE ORIGIN: residential
PROPERTY TYPE: vacant-lot
ADDRESS MARKERS: NONE
GUTTER/ALLEY: No
WATER PROXIMITY: No
CHRONIC SITE: No
VEHICLES: NONE
IDENTIFIERS: NONE
SEVERITY: 1
ORDINANCE: N/A
PRIORITY: LOW
SUMMARY: No illegal dumping detected in the video."
20260602T140833Z,DT_10th_and_2nd_St_1_20260531T054000.jpg,,,dataset_20260531/DT_10th_and_2nd_St_1/DT_10th_and_2nd_St_1_20260531T054000.jpg,illegal_dumping,done,2026-06-02T14:18:58.644278+00:00,0.042,0.743,0.787,,nvidia/cosmos-reason2-8b,"DUMPING PRESENT: No
ORDINANCE VIOLATION: No
WASTE TYPE: mixed
WASTE VOLUME: small (pickup truck)
WASTE ORIGIN: residential
PROPERTY TYPE: vacant-lot
ADDRESS MARKERS: NONE
GUTTER/ALLEY: No
WATER PROXIMITY: No
CHRONIC SITE: No
VEHICLES: NONE
IDENTIFIERS: NONE
SEVERITY: 1
ORDINANCE: N/A
PRIORITY: LOW
SUMMARY: No illegal dumping detected in the video."
20260602T140833Z,DT_10th_and_2nd_St_1_20260531T055000.jpg,,,dataset_20260531/DT_10th_and_2nd_St_1/DT_10th_and_2nd_St_1_20260531T055000.jpg,illegal_dumping,done,2026-06-02T14:18:58.782020+00:00,0.044,0.666,0.713,,nvidia/cosmos-reason2-8b,"DUMPING PRESENT: No
ORDINANCE VIOLATION: No
WASTE TYPE: mixed
WASTE VOLUME: small (pickup truck)
WASTE ORIGIN: residential
PROPERTY TYPE: vacant-lot
ADDRESS MARKERS: NONE
GUTTER/ALLEY: No
WATER PROXIMITY: No
CHRONIC SITE: No
VEHICLES: NONE
IDENTIFIERS: NONE
SEVERITY: 1
ORDINANCE: N/A
PRIORITY: LOW
SUMMARY: No illegal dumping is observed in the video."
20260602T140833Z,DT_10th_and_2nd_St_1_20260531T060000.jpg,,,dataset_20260531/DT_10th_and_2nd_St_1/DT_10th_and_2nd_St_1_20260531T060000.jpg,illegal_dumping,done,2026-06-02T14:18:59.098040+00:00,0.04,0.649,0.692,,nvidia/cosmos-reason2-8b,"DUMPING PRESENT: No
ORDINANCE VIOLATION: No
WASTE TYPE: mixed
WASTE VOLUME: small (pickup truck)
WASTE ORIGIN: residential
PROPERTY TYPE: vacant-lot
ADDRESS MARKERS: NONE
GUTTER/ALLEY: No
WATER PROXIMITY: No
CHRONIC SITE: No
VEHICLES: NONE
IDENTIFIERS: NONE
SEVERITY: 1
ORDINANCE: N/A
PRIORITY: LOW
SUMMARY: No illegal dumping is observed in the video."
20260602T140833Z,DT_10th_and_2nd_St_1_20260531T061000.jpg,,,dataset_20260531/DT_10th_and_2nd_St_1/DT_10th_and_2nd_St_1_20260531T061000.jpg,illegal_dumping,done,2026-06-02T14:18:59.150437+00:00,0.046,0.791,0.84,,nvidia/cosmos-reason2-8b,"DUMPING PRESENT: No
ORDINANCE VIOLATION: No
WASTE TYPE: mixed
WASTE VOLUME: small (pickup truck)
WASTE ORIGIN: residential
PROPERTY TYPE: vacant-lot
ADDRESS MARKERS: NONE
GUTTER/ALLEY: No
WATER PROXIMITY: No
CHRONIC SITE: No
VEHICLES: NONE
IDENTIFIERS: NONE
SEVERITY: 1
ORDINANCE: N/A
PRIORITY: LOW
SUMMARY: No illegal dumping detected in the video."
20260602T140833Z,DT_10th_and_2nd_St_1_20260531T062000.jpg,,,dataset_20260531/DT_10th_and_2nd_St_1/DT_10th_and_2nd_St_1_20260531T062000.jpg,illegal_dumping,done,2026-06-02T14:18:59.434379+00:00,0.037,0.695,0.736,,nvidia/cosmos-reason2-8b,"DUMPING PRESENT: No
ORDINANCE VIOLATION: No
WASTE TYPE: mixed
WASTE VOLUME: small (pickup truck)
WASTE ORIGIN: residential
PROPERTY TYPE: vacant-lot
ADDRESS MARKERS: NONE
GUTTER/ALLEY: No
WATER PROXIMITY: No
CHRONIC SITE: No
VEHICLES: NONE
IDENTIFIERS: NONE
SEVERITY: 1
ORDINANCE: N/A
PRIORITY: LOW
SUMMARY: No illegal dumping detected in the video."
20260602T140833Z,DT_10th_and_2nd_St_1_20260531T063000.jpg,,,dataset_20260531/DT_10th_and_2nd_St_1/DT_10th_and_2nd_St_1_20260531T063000.jpg,illegal_dumping,done,2026-06-02T14:18:59.497483+00:00,0.043,0.771,0.816,,nvidia/cosmos-reason2-8b,"DUMPING PRESENT: No
ORDINANCE VIOLATION: No
WASTE TYPE: mixed
WASTE VOLUME: small (pickup truck)
WASTE ORIGIN: residential
PROPERTY TYPE: vacant-lot
ADDRESS MARKERS: NONE
GUTTER/ALLEY: No
WATER PROXIMITY: No
CHRONIC SITE: No
VEHICLES: NONE
IDENTIFIERS: NONE
SEVERITY: 1
ORDINANCE: N/A
PRIORITY: LOW
SUMMARY: No illegal dumping is observed in the video."
20260602T140833Z,DT_10th_and_2nd_St_1_20260531T064000.jpg,,,dataset_20260531/DT_10th_and_2nd_St_1/DT_10th_and_2nd_St_1_20260531T064000.jpg,illegal_dumping,done,2026-06-02T14:18:59.792894+00:00,0.039,0.669,0.711,,nvidia/cosmos-reason2-8b,"DUMPING PRESENT: No
ORDINANCE VIOLATION: No
WASTE TYPE: mixed
WASTE VOLUME: small (pickup truck)
WASTE ORIGIN: residential
PROPERTY TYPE: vacant-lot
ADDRESS MARKERS: NONE
GUTTER/ALLEY: No
WATER PROXIMITY: No
CHRONIC SITE: No
VEHICLES: NONE
IDENTIFIERS: NONE
SEVERITY: 1
ORDINANCE: N/A
PRIORITY: LOW
SUMMARY: No illegal dumping detected in the video."
20260602T140833Z,DT_10th_and_2nd_St_1_20260531T065000.jpg,,,dataset_20260531/DT_10th_and_2nd_St_1/DT_10th_and_2nd_St_1_20260531T065000.jpg,illegal_dumping,done,2026-06-02T14:18:59.992900+00:00,0.041,0.688,0.732,,nvidia/cosmos-reason2-8b,"DUMPING PRESENT: No
ORDINANCE VIOLATION: No
WASTE TYPE: mixed
WASTE VOLUME: small (pickup truck)
WASTE ORIGIN: residential
PROPERTY TYPE: vacant-lot
ADDRESS MARKERS: NONE
GUTTER/ALLEY: No
WATER PROXIMITY: Yes
CHRONIC SITE: No
VEHICLES: NONE
IDENTIFIERS: NONE
SEVERITY: 1
ORDINANCE: N/A
PRIORITY: LOW
SUMMARY: No illegal dumping detected; the area appears to be a natural environment with no visible waste or debris."
20260602T140833Z,DT_10th_and_2nd_St_1_20260531T070000.jpg,,,dataset_20260531/DT_10th_and_2nd_St_1/DT_10th_and_2nd_St_1_20260531T070000.jpg,illegal_dumping,done,2026-06-02T14:19:00.172809+00:00,0.039,0.701,0.743,,nvidia/cosmos-reason2-8b,"DUMPING PRESENT: No
ORDINANCE VIOLATION: No
WASTE TYPE: mixed
WASTE VOLUME: small (pickup truck)
WASTE ORIGIN: residential
PROPERTY TYPE: vacant-lot
ADDRESS MARKERS: NONE
GUTTER/ALLEY: No
WATER PROXIMITY: No
CHRONIC SITE: No
VEHICLES: NONE
IDENTIFIERS: NONE
SEVERITY: 1
ORDINANCE: N/A
PRIORITY: LOW
SUMMARY: No illegal dumping is observed in the video."
20260602T140833Z,DT_10th_and_2nd_St_1_20260531T071000.jpg,,,dataset_20260531/DT_10th_and_2nd_St_1/DT_10th_and_2nd_St_1_20260531T071000.jpg,illegal_dumping,done,2026-06-02T14:19:00.316279+00:00,0.034,0.781,0.819,,nvidia/cosmos-reason2-8b,"DUMPING PRESENT: No
ORDINANCE VIOLATION: No
WASTE TYPE: mixed
WASTE VOLUME: small (pickup truck)
WASTE ORIGIN: residential
PROPERTY TYPE: vacant-lot
ADDRESS MARKERS: NONE
GUTTER/ALLEY: No
WATER PROXIMITY: Yes
CHRONIC SITE: No
VEHICLES: NONE
IDENTIFIERS: NONE
SEVERITY: 1
ORDINANCE: N/A
PRIORITY: LOW
SUMMARY: No illegal dumping detected; the area appears to be a natural, undisturbed environment with no visible waste or human activity."
20260602T140833Z,DT_10th_and_2nd_St_1_20260531T072000.jpg,,,dataset_20260531/DT_10th_and_2nd_St_1/DT_10th_and_2nd_St_1_20260531T072000.jpg,illegal_dumping,done,2026-06-02T14:19:00.506669+00:00,0.036,0.753,0.793,,nvidia/cosmos-reason2-8b,"DUMPING PRESENT: No
ORDINANCE VIOLATION: No
WASTE TYPE: mixed
WASTE VOLUME: small (pickup truck)
WASTE ORIGIN: residential
PROPERTY TYPE: vacant-lot
ADDRESS MARKERS: NONE
GUTTER/ALLEY: No
WATER PROXIMITY: No
CHRONIC SITE: No
VEHICLES: NONE
IDENTIFIERS: NONE
SEVERITY: 1
ORDINANCE: N/A
PRIORITY: LOW
SUMMARY: No illegal dumping detected; the area appears to be a natural, undisturbed environment with no visible waste or debris."
20260602T140833Z,DT_10th_and_2nd_St_1_20260531T073000.jpg,,,dataset_20260531/DT_10th_and_2nd_St_1/DT_10th_and_2nd_St_1_20260531T073000.jpg,illegal_dumping,done,2026-06-02T14:19:00.727771+00:00,0.044,0.719,0.766,,nvidia/cosmos-reason2-8b,"DUMPING PRESENT: No
ORDINANCE VIOLATION: No
WASTE TYPE: mixed
WASTE VOLUME: small (pickup truck)
WASTE ORIGIN: residential
PROPERTY TYPE: vacant-lot
ADDRESS MARKERS: NONE
GUTTER/ALLEY: No
WATER PROXIMITY: No
CHRONIC SITE: No
VEHICLES: NONE
IDENTIFIERS: NONE
SEVERITY: 1
ORDINANCE: N/A
PRIORITY: LOW
SUMMARY: No illegal dumping detected; the scene shows a natural landscape with no visible waste or violations."
20260602T140833Z,DT_10th_and_2nd_St_1_20260531T074000.jpg,,,dataset_20260531/DT_10th_and_2nd_St_1/DT_10th_and_2nd_St_1_20260531T074000.jpg,illegal_dumping,done,2026-06-02T14:19:00.917665+00:00,0.037,0.754,0.794,,nvidia/cosmos-reason2-8b,"DUMPING PRESENT: No
ORDINANCE VIOLATION: No
WASTE TYPE: mixed
WASTE VOLUME: small (pickup truck)
WASTE ORIGIN: residential
PROPERTY TYPE: vacant-lot
ADDRESS MARKERS: NONE
GUTTER/ALLEY: No
WATER PROXIMITY: No
CHRONIC SITE: No
VEHICLES: NONE
IDENTIFIERS: NONE
SEVERITY: 1
ORDINANCE: N/A
PRIORITY: LOW
SUMMARY: No illegal dumping detected; the area appears to be a natural, undisturbed environment with no visible waste or debris."
20260602T140833Z,DT_10th_and_2nd_St_1_20260531T075000.jpg,,,dataset_20260531/DT_10th_and_2nd_St_1/DT_10th_and_2nd_St_1_20260531T075000.jpg,illegal_dumping,done,2026-06-02T14:19:01.137626+00:00,0.047,0.688,0.739,,nvidia/cosmos-reason2-8b,"DUMPING PRESENT: No
ORDINANCE VIOLATION: No
WASTE TYPE: mixed
WASTE VOLUME: small (pickup truck)
WASTE ORIGIN: residential
PROPERTY TYPE: vacant-lot
ADDRESS MARKERS: NONE
GUTTER/ALLEY: No
WATER PROXIMITY: No
CHRONIC SITE: No
VEHICLES: NONE
IDENTIFIERS: NONE
SEVERITY: 1
ORDINANCE: N/A
PRIORITY: LOW
SUMMARY: No illegal dumping detected; the area appears to be a natural, undisturbed environment with no visible waste or debris."
20260602T140833Z,DT_10th_and_2nd_St_1_20260531T080000.jpg,,,dataset_20260531/DT_10th_and_2nd_St_1/DT_10th_and_2nd_St_1_20260531T080000.jpg,illegal_dumping,done,2026-06-02T14:19:01.301712+00:00,0.038,0.755,0.797,,nvidia/cosmos-reason2-8b,"DUMPING PRESENT: No
ORDINANCE VIOLATION: No
WASTE TYPE: mixed
WASTE VOLUME: small (pickup truck)
WASTE ORIGIN: residential
PROPERTY TYPE: vacant-lot
ADDRESS MARKERS: NONE
GUTTER/ALLEY: No
WATER PROXIMITY: Yes
CHRONIC SITE: No
VEHICLES: NONE
IDENTIFIERS: NONE
SEVERITY: 1
ORDINANCE: N/A
PRIORITY: LOW
SUMMARY: No illegal dumping detected; the area appears to be a natural environment with no visible waste or debris."
20260602T140833Z,DT_10th_and_2nd_St_1_20260531T081000.jpg,,,dataset_20260531/DT_10th_and_2nd_St_1/DT_10th_and_2nd_St_1_20260531T081000.jpg,illegal_dumping,done,2026-06-02T14:19:01.496363+00:00,0.041,0.737,0.781,,nvidia/cosmos-reason2-8b,"DUMPING PRESENT: No
ORDINANCE VIOLATION: No
WASTE TYPE: mixed
WASTE VOLUME: small (pickup truck)
WASTE ORIGIN: residential
PROPERTY TYPE: vacant-lot
ADDRESS MARKERS: NONE
GUTTER/ALLEY: No
WATER PROXIMITY: No
CHRONIC SITE: No
VEHICLES: NONE
IDENTIFIERS: NONE
SEVERITY: 1
ORDINANCE: N/A
PRIORITY: LOW
SUMMARY: No illegal dumping is observed in the scene."
20260602T140833Z,DT_10th_and_2nd_St_1_20260531T082000.jpg,,,dataset_20260531/DT_10th_and_2nd_St_1/DT_10th_and_2nd_St_1_20260531T082000.jpg,illegal_dumping,done,2026-06-02T14:19:01.713536+00:00,0.04,0.736,0.78,,nvidia/cosmos-reason2-8b,"DUMPING PRESENT: No
ORDINANCE VIOLATION: No
WASTE TYPE: mixed
WASTE VOLUME: small (pickup truck)
WASTE ORIGIN: residential
PROPERTY TYPE: vacant-lot
ADDRESS MARKERS: NONE
GUTTER/ALLEY: No
WATER PROXIMITY: No
CHRONIC SITE: No
VEHICLES: NONE
IDENTIFIERS: NONE
SEVERITY: 1
ORDINANCE: N/A
PRIORITY: LOW
SUMMARY: No illegal dumping observed; the scene shows a natural outdoor area with no visible waste or violations."
20260602T140833Z,DT_10th_and_2nd_St_1_20260531T083000.jpg,,,dataset_20260531/DT_10th_and_2nd_St_1/DT_10th_and_2nd_St_1_20260531T083000.jpg,illegal_dumping,done,2026-06-02T14:19:01.879394+00:00,0.045,0.688,0.736,,nvidia/cosmos-reason2-8b,"DUMPING PRESENT: No
ORDINANCE VIOLATION: No
WASTE TYPE: mixed
WASTE VOLUME: small (pickup truck)
WASTE ORIGIN: residential
PROPERTY TYPE: vacant-lot
ADDRESS MARKERS: NONE
GUTTER/ALLEY: No
WATER PROXIMITY: No
CHRONIC SITE: No
VEHICLES: NONE
IDENTIFIERS: NONE
SEVERITY: 1
ORDINANCE: N/A
PRIORITY: LOW
SUMMARY: No illegal dumping detected; the area appears to be a natural landscape with no visible waste or debris."
20260602T140833Z,DT_10th_and_2nd_St_1_20260531T084000.jpg,,,dataset_20260531/DT_10th_and_2nd_St_1/DT_10th_and_2nd_St_1_20260531T084000.jpg,illegal_dumping,done,2026-06-02T14:19:02.101196+00:00,0.04,0.642,0.685,,nvidia/cosmos-reason2-8b,"DUMPING PRESENT: No
ORDINANCE VIOLATION: No
WASTE TYPE: mixed
WASTE VOLUME: small (pickup truck)
WASTE ORIGIN: residential
PROPERTY TYPE: vacant-lot
ADDRESS MARKERS: NONE
GUTTER/ALLEY: No
WATER PROXIMITY: No
CHRONIC SITE: No
VEHICLES: NONE
IDENTIFIERS: NONE
SEVERITY: 1
ORDINANCE: N/A
PRIORITY: LOW
SUMMARY: No illegal dumping detected in the video."
20260602T140833Z,DT_10th_and_2nd_St_1_20260531T085000.jpg,,,dataset_20260531/DT_10th_and_2nd_St_1/DT_10th_and_2nd_St_1_20260531T085000.jpg,illegal_dumping,done,2026-06-02T14:19:02.279831+00:00,0.042,0.712,0.757,,nvidia/cosmos-reason2-8b,"DUMPING PRESENT: No
ORDINANCE VIOLATION: No
WASTE TYPE: <none detected>
WASTE VOLUME: <not applicable>
WASTE ORIGIN: <unknown>
PROPERTY TYPE: <right-of-way>
ADDRESS MARKERS: <NONE>
GUTTER/ALLEY: No
WATER PROXIMITY: Yes
CHRONIC SITE: No
VEHICLES: <NONE>
IDENTIFIERS: <none>
SEVERITY: 1
ORDINANCE: N/A
PRIORITY: LOW
SUMMARY: No illegal dumping observed; the scene shows a natural waterway with vegetation and no visible waste or debris."
20260602T140833Z,DT_10th_and_2nd_St_1_20260531T090000.jpg,,,dataset_20260531/DT_10th_and_2nd_St_1/DT_10th_and_2nd_St_1_20260531T090000.jpg,illegal_dumping,done,2026-06-02T14:19:02.495556+00:00,0.04,0.679,0.722,,nvidia/cosmos-reason2-8b,"DUMPING PRESENT: No
ORDINANCE VIOLATION: No
WASTE TYPE: mixed
WASTE VOLUME: small (pickup truck)
WASTE ORIGIN: residential
PROPERTY TYPE: vacant-lot
ADDRESS MARKERS: NONE
GUTTER/ALLEY: No
WATER PROXIMITY: No
CHRONIC SITE: No
VEHICLES: NONE
IDENTIFIERS: NONE
SEVERITY: 1
ORDINANCE: N/A
PRIORITY: LOW
SUMMARY: No illegal dumping observed; the scene shows a natural landscape with vegetation and no visible waste or debris."
20260602T140833Z,DT_10th_and_2nd_St_1_20260531T091000.jpg,,,dataset_20260531/DT_10th_and_2nd_St_1/DT_10th_and_2nd_St_1_20260531T091000.jpg,illegal_dumping,done,2026-06-02T14:19:02.617611+00:00,0.036,0.804,0.843,,nvidia/cosmos-reason2-8b,"DUMPING PRESENT: No
ORDINANCE VIOLATION: No
WASTE TYPE: mixed
WASTE VOLUME: small (pickup truck)
WASTE ORIGIN: residential
PROPERTY TYPE: vacant-lot
ADDRESS MARKERS: NONE
GUTTER/ALLEY: No
WATER PROXIMITY: No
CHRONIC SITE: No
VEHICLES: NONE
IDENTIFIERS: NONE
SEVERITY: 1
ORDINANCE: N/A
PRIORITY: LOW
SUMMARY: No illegal dumping is observed in the scene."
20260602T140833Z,DT_10th_and_2nd_St_1_20260531T092000.jpg,,,dataset_20260531/DT_10th_and_2nd_St_1/DT_10th_and_2nd_St_1_20260531T092000.jpg,illegal_dumping,done,2026-06-02T14:19:02.789808+00:00,0.042,0.733,0.777,,nvidia/cosmos-reason2-8b,"DUMPING PRESENT: No
ORDINANCE VIOLATION: No
WASTE TYPE: mixed
WASTE VOLUME: small (pickup truck)
WASTE ORIGIN: residential
PROPERTY TYPE: vacant-lot
ADDRESS MARKERS: NONE
GUTTER/ALLEY: No
WATER PROXIMITY: No
CHRONIC SITE: No
VEHICLES: NONE
IDENTIFIERS: NONE
SEVERITY: 1
ORDINANCE: N/A
PRIORITY: LOW
SUMMARY: No illegal dumping detected; the area appears to be a natural landscape with no visible waste or debris."
20260602T140833Z,DT_10th_and_2nd_St_1_20260531T093000.jpg,,,dataset_20260531/DT_10th_and_2nd_St_1/DT_10th_and_2nd_St_1_20260531T093000.jpg,illegal_dumping,done,2026-06-02T14:19:03.039648+00:00,0.04,0.676,0.72,,nvidia/cosmos-reason2-8b,"DUMPING PRESENT: No
ORDINANCE VIOLATION: No
WASTE TYPE: mixed
WASTE VOLUME: small (pickup truck)
WASTE ORIGIN: residential
PROPERTY TYPE: vacant-lot
ADDRESS MARKERS: NONE
GUTTER/ALLEY: No
WATER PROXIMITY: No
CHRONIC SITE: No
VEHICLES: NONE
IDENTIFIERS: NONE
SEVERITY: 1
ORDINANCE: N/A
PRIORITY: LOW
SUMMARY: No illegal dumping detected; the area appears to be a natural, undisturbed environment with no visible waste or debris."
20260602T140833Z,DT_10th_and_2nd_St_1_20260531T094000.jpg,,,dataset_20260531/DT_10th_and_2nd_St_1/DT_10th_and_2nd_St_1_20260531T094000.jpg,illegal_dumping,done,2026-06-02T14:19:03.220087+00:00,0.04,0.811,0.854,,nvidia/cosmos-reason2-8b,"DUMPING PRESENT: No
ORDINANCE VIOLATION: No
WASTE TYPE: mixed
WASTE VOLUME: small (pickup truck)
WASTE ORIGIN: residential
PROPERTY TYPE: vacant-lot
ADDRESS MARKERS: NONE
GUTTER/ALLEY: No
WATER PROXIMITY: No
CHRONIC SITE: No
VEHICLES: NONE
IDENTIFIERS: NONE
SEVERITY: 1
ORDINANCE: N/A
PRIORITY: LOW
SUMMARY: No illegal dumping observed; the area appears to be a natural, undisturbed landscape with no visible waste or debris."
20260602T140833Z,DT_10th_and_2nd_St_1_20260531T095000.jpg,,,dataset_20260531/DT_10th_and_2nd_St_1/DT_10th_and_2nd_St_1_20260531T095000.jpg,illegal_dumping,done,2026-06-02T14:19:03.463220+00:00,0.043,0.729,0.776,,nvidia/cosmos-reason2-8b,"DUMPING PRESENT: No
ORDINANCE VIOLATION: No
WASTE TYPE: mixed
WASTE VOLUME: small (pickup truck)
WASTE ORIGIN: residential
PROPERTY TYPE: vacant-lot
ADDRESS MARKERS: NONE
GUTTER/ALLEY: No
WATER PROXIMITY: Yes
CHRONIC SITE: No
VEHICLES: NONE
IDENTIFIERS: NONE
SEVERITY: 1
ORDINANCE: N/A
PRIORITY: LOW
SUMMARY: No illegal dumping detected; the area appears to be a natural, undisturbed environment with no visible waste or debris."
20260602T140833Z,DT_10th_and_2nd_St_1_20260531T100000.jpg,,,dataset_20260531/DT_10th_and_2nd_St_1/DT_10th_and_2nd_St_1_20260531T100000.jpg,illegal_dumping,done,2026-06-02T14:19:03.569356+00:00,0.051,0.809,0.867,,nvidia/cosmos-reason2-8b,"DUMPING PRESENT: No
ORDINANCE VIOLATION: No
WASTE TYPE: mixed
WASTE VOLUME: small (pickup truck)
WASTE ORIGIN: residential
PROPERTY TYPE: vacant-lot
ADDRESS MARKERS: NONE
GUTTER/ALLEY: No
WATER PROXIMITY: No
CHRONIC SITE: No
VEHICLES: NONE
IDENTIFIERS: NONE
SEVERITY: 1
ORDINANCE: N/A
PRIORITY: LOW
SUMMARY: No illegal dumping is observed in the scene."
20260602T140833Z,DT_10th_and_2nd_St_1_20260531T101000.jpg,,,dataset_20260531/DT_10th_and_2nd_St_1/DT_10th_and_2nd_St_1_20260531T101000.jpg,illegal_dumping,done,2026-06-02T14:19:03.761659+00:00,0.04,0.706,0.749,,nvidia/cosmos-reason2-8b,"DUMPING PRESENT: No
ORDINANCE VIOLATION: No
WASTE TYPE: mixed
WASTE VOLUME: small (pickup truck)
WASTE ORIGIN: residential
PROPERTY TYPE: vacant-lot
ADDRESS MARKERS: NONE
GUTTER/ALLEY: No
WATER PROXIMITY: No
CHRONIC SITE: No
VEHICLES: NONE
IDENTIFIERS: NONE
SEVERITY: 1
ORDINANCE: N/A
PRIORITY: LOW
SUMMARY: No illegal dumping is observed in the scene."
20260602T140833Z,DT_10th_and_2nd_St_1_20260531T102000.jpg,,,dataset_20260531/DT_10th_and_2nd_St_1/DT_10th_and_2nd_St_1_20260531T102000.jpg,illegal_dumping,done,2026-06-02T14:19:04.076895+00:00,0.049,0.69,0.742,,nvidia/cosmos-reason2-8b,"DUMPING PRESENT: No
ORDINANCE VIOLATION: No
WASTE TYPE: mixed
WASTE VOLUME: small (pickup truck)
WASTE ORIGIN: residential
PROPERTY TYPE: vacant-lot
ADDRESS MARKERS: NONE
GUTTER/ALLEY: No
WATER PROXIMITY: No
CHRONIC SITE: No
VEHICLES: NONE
IDENTIFIERS: NONE
SEVERITY: 1
ORDINANCE: N/A
PRIORITY: LOW
SUMMARY: No illegal dumping observed; the area appears to be a natural, undisturbed landscape with no visible waste or debris."
20260602T140833Z,DT_10th_and_2nd_St_1_20260531T103000.jpg,,,dataset_20260531/DT_10th_and_2nd_St_1/DT_10th_and_2nd_St_1_20260531T103000.jpg,illegal_dumping,done,2026-06-02T14:19:04.242235+00:00,0.037,0.716,0.756,,nvidia/cosmos-reason2-8b,"DUMPING PRESENT: No
ORDINANCE VIOLATION: No
WASTE TYPE: mixed
WASTE VOLUME: small (pickup truck)
WASTE ORIGIN: residential
PROPERTY TYPE: vacant-lot
ADDRESS MARKERS: NONE
GUTTER/ALLEY: No
WATER PROXIMITY: No
CHRONIC SITE: No
VEHICLES: NONE
IDENTIFIERS: NONE
SEVERITY: 1
ORDINANCE: N/A
PRIORITY: LOW
SUMMARY: No illegal dumping detected; the area appears to be a natural, undisturbed landscape with no visible waste or debris."
20260602T140833Z,DT_10th_and_2nd_St_1_20260531T104000.jpg,,,dataset_20260531/DT_10th_and_2nd_St_1/DT_10th_and_2nd_St_1_20260531T104000.jpg,illegal_dumping,done,2026-06-02T14:19:04.438719+00:00,0.044,0.718,0.765,,nvidia/cosmos-reason2-8b,"DUMPING PRESENT: No
ORDINANCE VIOLATION: No
WASTE TYPE: mixed
WASTE VOLUME: small (pickup truck)
WASTE ORIGIN: residential
PROPERTY TYPE: vacant-lot
ADDRESS MARKERS: NONE
GUTTER/ALLEY: No
WATER PROXIMITY: No
CHRONIC SITE: No
VEHICLES: NONE
IDENTIFIERS: NONE
SEVERITY: 1
ORDINANCE: N/A
PRIORITY: LOW
SUMMARY: No illegal dumping detected; the area appears to be a natural, overgrown vacant lot with no visible waste or debris."
20260602T140833Z,DT_10th_and_2nd_St_1_20260531T105000.jpg,,,dataset_20260531/DT_10th_and_2nd_St_1/DT_10th_and_2nd_St_1_20260531T105000.jpg,illegal_dumping,done,2026-06-02T14:19:04.512581+00:00,0.045,0.741,0.789,,nvidia/cosmos-reason2-8b,"DUMPING PRESENT: No
ORDINANCE VIOLATION: No
WASTE TYPE: mixed
WASTE VOLUME: small (pickup truck)
WASTE ORIGIN: residential
PROPERTY TYPE: vacant-lot
ADDRESS MARKERS: NONE
GUTTER/ALLEY: No
WATER PROXIMITY: No
CHRONIC SITE: No
VEHICLES: NONE
IDENTIFIERS: NONE
SEVERITY: 1
ORDINANCE: N/A
PRIORITY: LOW
SUMMARY: No illegal dumping is observed in the scene."
20260602T140833Z,DT_10th_and_2nd_St_1_20260531T110000.jpg,,,dataset_20260531/DT_10th_and_2nd_St_1/DT_10th_and_2nd_St_1_20260531T110000.jpg,illegal_dumping,done,2026-06-02T14:19:04.822196+00:00,0.046,0.735,0.787,,nvidia/cosmos-reason2-8b,"DUMPING PRESENT: No
ORDINANCE VIOLATION: No
WASTE TYPE: mixed
WASTE VOLUME: small (pickup truck)
WASTE ORIGIN: residential
PROPERTY TYPE: vacant-lot
ADDRESS MARKERS: NONE
GUTTER/ALLEY: No
WATER PROXIMITY: No
CHRONIC SITE: No
VEHICLES: NONE
IDENTIFIERS: NONE
SEVERITY: 1
ORDINANCE: N/A
PRIORITY: LOW
SUMMARY: No illegal dumping detected; the area appears to be a natural, undisturbed landscape with no visible waste or debris."
20260602T140833Z,DT_10th_and_2nd_St_1_20260531T111000.jpg,,,dataset_20260531/DT_10th_and_2nd_St_1/DT_10th_and_2nd_St_1_20260531T111000.jpg,illegal_dumping,done,2026-06-02T14:19:05.001187+00:00,0.043,0.714,0.76,,nvidia/cosmos-reason2-8b,"DUMPING PRESENT: No
ORDINANCE VIOLATION: No
WASTE TYPE: mixed
WASTE VOLUME: small (pickup truck)
WASTE ORIGIN: residential
PROPERTY TYPE: vacant-lot
ADDRESS MARKERS: NONE
GUTTER/ALLEY: No
WATER PROXIMITY: No
CHRONIC SITE: No
VEHICLES: NONE
IDENTIFIERS: NONE
SEVERITY: 1
ORDINANCE: N/A
PRIORITY: LOW
SUMMARY: No illegal dumping observed; the area appears to be a natural, undisturbed landscape with no visible waste or debris."
20260602T140833Z,DT_10th_and_2nd_St_1_20260531T112000.jpg,,,dataset_20260531/DT_10th_and_2nd_St_1/DT_10th_and_2nd_St_1_20260531T112000.jpg,illegal_dumping,done,2026-06-02T14:19:05.206843+00:00,0.04,0.719,0.763,,nvidia/cosmos-reason2-8b,"DUMPING PRESENT: No
ORDINANCE VIOLATION: No
WASTE TYPE: mixed
WASTE VOLUME: small (pickup truck)
WASTE ORIGIN: residential
PROPERTY TYPE: vacant-lot
ADDRESS MARKERS: NONE
GUTTER/ALLEY: No
WATER PROXIMITY: No
CHRONIC SITE: No
VEHICLES: NONE
IDENTIFIERS: NONE
SEVERITY: 1
ORDINANCE: N/A
PRIORITY: LOW
SUMMARY: No illegal dumping observed; the area appears to be a natural, overgrown vacant lot without visible waste or debris."
20260602T140833Z,DT_10th_and_2nd_St_1_20260531T113000.jpg,,,dataset_20260531/DT_10th_and_2nd_St_1/DT_10th_and_2nd_St_1_20260531T113000.jpg,illegal_dumping,done,2026-06-02T14:19:05.304085+00:00,0.039,0.803,0.844,,nvidia/cosmos-reason2-8b,"DUMPING PRESENT: No
ORDINANCE VIOLATION: No
WASTE TYPE: mixed
WASTE VOLUME: small (pickup truck)
WASTE ORIGIN: residential
PROPERTY TYPE: vacant-lot
ADDRESS MARKERS: NONE
GUTTER/ALLEY: No
WATER PROXIMITY: No
CHRONIC SITE: No
VEHICLES: NONE
IDENTIFIERS: NONE
SEVERITY: 1
ORDINANCE: N/A
PRIORITY: LOW
SUMMARY: No illegal dumping observed; the area appears to be a natural, overgrown vacant lot without visible waste or debris."
20260602T140833Z,DT_10th_and_2nd_St_1_20260531T114000.jpg,,,dataset_20260531/DT_10th_and_2nd_St_1/DT_10th_and_2nd_St_1_20260531T114000.jpg,illegal_dumping,done,2026-06-02T14:19:05.611664+00:00,0.04,0.679,0.722,,nvidia/cosmos-reason2-8b,"DUMPING PRESENT: No
ORDINANCE VIOLATION: No
WASTE TYPE: mixed
WASTE VOLUME: small (pickup truck)
WASTE ORIGIN: residential
PROPERTY TYPE: vacant-lot
ADDRESS MARKERS: NONE
GUTTER/ALLEY: No
WATER PROXIMITY: No
CHRONIC SITE: No
VEHICLES: NONE
IDENTIFIERS: NONE
SEVERITY: 1
ORDINANCE: N/A
PRIORITY: LOW
SUMMARY: No illegal dumping detected; the area appears to be a natural, undisturbed landscape with no visible waste or debris."
20260602T140833Z,DT_10th_and_2nd_St_1_20260531T115000.jpg,,,dataset_20260531/DT_10th_and_2nd_St_1/DT_10th_and_2nd_St_1_20260531T115000.jpg,illegal_dumping,done,2026-06-02T14:19:05.764531+00:00,0.045,0.646,0.694,,nvidia/cosmos-reason2-8b,"DUMPING PRESENT: No
ORDINANCE VIOLATION: No
WASTE TYPE: mixed
WASTE VOLUME: small (pickup truck)
WASTE ORIGIN: residential
PROPERTY TYPE: vacant-lot
ADDRESS MARKERS: NONE
GUTTER/ALLEY: No
WATER PROXIMITY: No
CHRONIC SITE: No
VEHICLES: NONE
IDENTIFIERS: NONE
SEVERITY: 1
ORDINANCE: N/A
PRIORITY: LOW
SUMMARY: No illegal dumping detected in the scene."
20260602T140833Z,DT_10th_and_2nd_St_1_20260531T120000.jpg,,,dataset_20260531/DT_10th_and_2nd_St_1/DT_10th_and_2nd_St_1_20260531T120000.jpg,illegal_dumping,done,2026-06-02T14:19:05.972961+00:00,0.047,0.732,0.782,,nvidia/cosmos-reason2-8b,"DUMPING PRESENT: No
ORDINANCE VIOLATION: No
WASTE TYPE: mixed
WASTE VOLUME: small (pickup truck)
WASTE ORIGIN: residential
PROPERTY TYPE: vacant-lot
ADDRESS MARKERS: NONE
GUTTER/ALLEY: No
WATER PROXIMITY: No
CHRONIC SITE: No
VEHICLES: NONE
IDENTIFIERS: NONE
SEVERITY: 1
ORDINANCE: N/A
PRIORITY: LOW
SUMMARY: No illegal dumping detected; the area appears to be a natural, undisturbed landscape with no visible waste or debris."
20260602T140833Z,DT_10th_and_2nd_St_1_20260531T121000.jpg,,,dataset_20260531/DT_10th_and_2nd_St_1/DT_10th_and_2nd_St_1_20260531T121000.jpg,illegal_dumping,done,2026-06-02T14:19:06.150770+00:00,0.038,0.707,0.748,,nvidia/cosmos-reason2-8b,"DUMPING PRESENT: No
ORDINANCE VIOLATION: No
WASTE TYPE: mixed
WASTE VOLUME: small (pickup truck)
WASTE ORIGIN: residential
PROPERTY TYPE: vacant-lot
ADDRESS MARKERS: NONE
GUTTER/ALLEY: No
WATER PROXIMITY: No
CHRONIC SITE: No
VEHICLES: NONE
IDENTIFIERS: NONE
SEVERITY: 1
ORDINANCE: N/A
PRIORITY: LOW
SUMMARY: No illegal dumping detected; the area appears to be a natural, undisturbed vacant lot with no visible waste or debris."
20260602T140833Z,DT_10th_and_2nd_St_1_20260531T122000.jpg,,,dataset_20260531/DT_10th_and_2nd_St_1/DT_10th_and_2nd_St_1_20260531T122000.jpg,illegal_dumping,done,2026-06-02T14:19:06.336496+00:00,0.048,0.708,0.759,,nvidia/cosmos-reason2-8b,"DUMPING PRESENT: No
ORDINANCE VIOLATION: No
WASTE TYPE: mixed
WASTE VOLUME: small (pickup truck)
WASTE ORIGIN: residential
PROPERTY TYPE: vacant-lot
ADDRESS MARKERS: NONE
GUTTER/ALLEY: No
WATER PROXIMITY: No
CHRONIC SITE: No
VEHICLES: NONE
IDENTIFIERS: NONE
SEVERITY: 1
ORDINANCE: N/A
PRIORITY: LOW
SUMMARY: No illegal dumping observed in the video."
20260602T140833Z,DT_10th_and_2nd_St_1_20260531T123000.jpg,,,dataset_20260531/DT_10th_and_2nd_St_1/DT_10th_and_2nd_St_1_20260531T123000.jpg,illegal_dumping,done,2026-06-02T14:19:06.461217+00:00,0.047,0.784,0.84,,nvidia/cosmos-reason2-8b,"DUMPING PRESENT: No
ORDINANCE VIOLATION: No
WASTE TYPE: mixed
WASTE VOLUME: small (pickup truck)
WASTE ORIGIN: residential
PROPERTY TYPE: vacant-lot
ADDRESS MARKERS: NONE
GUTTER/ALLEY: No
WATER PROXIMITY: No
CHRONIC SITE: No
VEHICLES: NONE
IDENTIFIERS: NONE
SEVERITY: 1
ORDINANCE: N/A
PRIORITY: LOW
SUMMARY: No illegal dumping detected; the area appears to be a natural, undisturbed landscape with no visible waste or debris."
20260602T140833Z,DT_10th_and_2nd_St_1_20260531T124000.jpg,,,dataset_20260531/DT_10th_and_2nd_St_1/DT_10th_and_2nd_St_1_20260531T124000.jpg,illegal_dumping,done,2026-06-02T14:19:06.757938+00:00,0.05,0.638,0.691,,nvidia/cosmos-reason2-8b,"DUMPING PRESENT: No
ORDINANCE VIOLATION: No
WASTE TYPE: mixed
WASTE VOLUME: small (pickup truck)
WASTE ORIGIN: residential
PROPERTY TYPE: vacant-lot
ADDRESS MARKERS: NONE
GUTTER/ALLEY: No
WATER PROXIMITY: No
CHRONIC SITE: No
VEHICLES: NONE
IDENTIFIERS: NONE
SEVERITY: 1
ORDINANCE: N/A
PRIORITY: LOW
SUMMARY: No illegal dumping detected in the scene."
20260602T140833Z,DT_10th_and_2nd_St_1_20260531T125000.jpg,,,dataset_20260531/DT_10th_and_2nd_St_1/DT_10th_and_2nd_St_1_20260531T125000.jpg,illegal_dumping,done,2026-06-02T14:19:06.901692+00:00,0.037,0.694,0.733,,nvidia/cosmos-reason2-8b,"DUMPING PRESENT: No
ORDINANCE VIOLATION: No
WASTE TYPE: mixed
WASTE VOLUME: small (pickup truck)
WASTE ORIGIN: residential
PROPERTY TYPE: vacant-lot
ADDRESS MARKERS: NONE
GUTTER/ALLEY: No
WATER PROXIMITY: No
CHRONIC SITE: No
VEHICLES: NONE
IDENTIFIERS: NONE
SEVERITY: 1
ORDINANCE: N/A
PRIORITY: LOW
SUMMARY: No illegal dumping is observed in the scene."
20260602T140833Z,DT_10th_and_2nd_St_1_20260531T130000.jpg,,,dataset_20260531/DT_10th_and_2nd_St_1/DT_10th_and_2nd_St_1_20260531T130000.jpg,illegal_dumping,done,2026-06-02T14:19:07.097699+00:00,0.043,0.758,0.804,,nvidia/cosmos-reason2-8b,"DUMPING PRESENT: No
ORDINANCE VIOLATION: No
WASTE TYPE: mixed
WASTE VOLUME: small (pickup truck)
WASTE ORIGIN: residential
PROPERTY TYPE: vacant-lot
ADDRESS MARKERS: NONE
GUTTER/ALLEY: No
WATER PROXIMITY: No
CHRONIC SITE: No
VEHICLES: NONE
IDENTIFIERS: NONE
SEVERITY: 1
ORDINANCE: N/A
PRIORITY: LOW
SUMMARY: No illegal dumping is observed in the video; the area appears to be a natural, overgrown vacant lot with no visible waste or debris."
20260602T140833Z,DT_10th_and_2nd_St_1_20260531T131000.jpg,,,dataset_20260531/DT_10th_and_2nd_St_1/DT_10th_and_2nd_St_1_20260531T131000.jpg,illegal_dumping,done,2026-06-02T14:19:07.304159+00:00,0.044,0.72,0.767,,nvidia/cosmos-reason2-8b,"DUMPING PRESENT: No
ORDINANCE VIOLATION: No
WASTE TYPE: mixed
WASTE VOLUME: small (pickup truck)
WASTE ORIGIN: residential
PROPERTY TYPE: vacant-lot
ADDRESS MARKERS: NONE
GUTTER/ALLEY: No
WATER PROXIMITY: No
CHRONIC SITE: No
VEHICLES: NONE
IDENTIFIERS: NONE
SEVERITY: 1
ORDINANCE: N/A
PRIORITY: LOW
SUMMARY: No illegal dumping detected; the area appears to be a natural, undisturbed landscape with no visible waste or debris."
20260602T140833Z,DT_10th_and_2nd_St_1_20260531T132000.jpg,,,dataset_20260531/DT_10th_and_2nd_St_1/DT_10th_and_2nd_St_1_20260531T132000.jpg,illegal_dumping,done,2026-06-02T14:19:07.451212+00:00,0.042,0.748,0.793,,nvidia/cosmos-reason2-8b,"DUMPING PRESENT: No
ORDINANCE VIOLATION: No
WASTE TYPE: mixed
WASTE VOLUME: small (pickup truck)
WASTE ORIGIN: residential
PROPERTY TYPE: vacant-lot
ADDRESS MARKERS: NONE
GUTTER/ALLEY: No
WATER PROXIMITY: No
CHRONIC SITE: No
VEHICLES: NONE
IDENTIFIERS: NONE
SEVERITY: 1
ORDINANCE: N/A
PRIORITY: LOW
SUMMARY: No illegal dumping is observed in the image."
20260602T140833Z,DT_10th_and_2nd_St_1_20260531T133000.jpg,,,dataset_20260531/DT_10th_and_2nd_St_1/DT_10th_and_2nd_St_1_20260531T133000.jpg,illegal_dumping,done,2026-06-02T14:19:07.637659+00:00,0.047,0.754,0.804,,nvidia/cosmos-reason2-8b,"DUMPING PRESENT: No
ORDINANCE VIOLATION: No
WASTE TYPE: mixed
WASTE VOLUME: small (pickup truck)
WASTE ORIGIN: residential
PROPERTY TYPE: vacant-lot
ADDRESS MARKERS: NONE
GUTTER/ALLEY: No
WATER PROXIMITY: No
CHRONIC SITE: No
VEHICLES: NONE
IDENTIFIERS: NONE
SEVERITY: 1
ORDINANCE: N/A
PRIORITY: LOW
SUMMARY: No illegal dumping detected; the area appears to be a natural, undisturbed vacant lot with no visible waste or debris."
20260602T140833Z,DT_10th_and_2nd_St_1_20260531T134000.jpg,,,dataset_20260531/DT_10th_and_2nd_St_1/DT_10th_and_2nd_St_1_20260531T134000.jpg,illegal_dumping,done,2026-06-02T14:19:07.903871+00:00,0.041,0.73,0.774,,nvidia/cosmos-reason2-8b,"DUMPING PRESENT: No
ORDINANCE VIOLATION: No
WASTE TYPE: mixed
WASTE VOLUME: small (pickup truck)
WASTE ORIGIN: residential
PROPERTY TYPE: vacant-lot
ADDRESS MARKERS: NONE
GUTTER/ALLEY: No
WATER PROXIMITY: No
CHRONIC SITE: No
VEHICLES: NONE
IDENTIFIERS: NONE
SEVERITY: 1
ORDINANCE: N/A
PRIORITY: LOW
SUMMARY: No illegal dumping detected; the area appears to be a natural, overgrown vacant lot with no visible waste or debris."
20260602T140833Z,DT_10th_and_2nd_St_1_20260531T135000.jpg,,,dataset_20260531/DT_10th_and_2nd_St_1/DT_10th_and_2nd_St_1_20260531T135000.jpg,illegal_dumping,done,2026-06-02T14:19:08.074389+00:00,0.043,0.629,0.675,,nvidia/cosmos-reason2-8b,"DUMPING PRESENT: No
ORDINANCE VIOLATION: No
WASTE TYPE: mixed
WASTE VOLUME: small (pickup truck)
WASTE ORIGIN: residential
PROPERTY TYPE: vacant-lot
ADDRESS MARKERS: NONE
GUTTER/ALLEY: No
WATER PROXIMITY: No
CHRONIC SITE: No
VEHICLES: NONE
IDENTIFIERS: NONE
SEVERITY: 1
ORDINANCE: N/A
PRIORITY: LOW
SUMMARY: No illegal dumping observed in the video."
20260602T140833Z,DT_10th_and_2nd_St_1_20260531T140000.jpg,,,dataset_20260531/DT_10th_and_2nd_St_1/DT_10th_and_2nd_St_1_20260531T140000.jpg,illegal_dumping,done,2026-06-02T14:19:08.247126+00:00,0.04,0.703,0.746,,nvidia/cosmos-reason2-8b,"DUMPING PRESENT: No
ORDINANCE VIOLATION: No
WASTE TYPE: mixed
WASTE VOLUME: small (pickup truck)
WASTE ORIGIN: residential
PROPERTY TYPE: vacant-lot
ADDRESS MARKERS: NONE
GUTTER/ALLEY: No
WATER PROXIMITY: No
CHRONIC SITE: No
VEHICLES: NONE
IDENTIFIERS: NONE
SEVERITY: 1
ORDINANCE: N/A
PRIORITY: LOW
SUMMARY: No illegal dumping detected; the area appears to be a natural, undisturbed landscape with no visible waste or debris."
20260602T140833Z,DT_10th_and_2nd_St_1_20260531T141000.jpg,,,dataset_20260531/DT_10th_and_2nd_St_1/DT_10th_and_2nd_St_1_20260531T141000.jpg,illegal_dumping,done,2026-06-02T14:19:08.444111+00:00,0.038,0.692,0.732,,nvidia/cosmos-reason2-8b,"DUMPING PRESENT: No
ORDINANCE VIOLATION: No
WASTE TYPE: mixed
WASTE VOLUME: small (pickup truck)
WASTE ORIGIN: residential
PROPERTY TYPE: vacant-lot
ADDRESS MARKERS: NONE
GUTTER/ALLEY: No
WATER PROXIMITY: No
CHRONIC SITE: No
VEHICLES: NONE
IDENTIFIERS: NONE
SEVERITY: 1
ORDINANCE: N/A
PRIORITY: LOW
SUMMARY: No illegal dumping observed; the area appears to be a natural, undisturbed vacant lot with no visible waste or debris."
20260602T140833Z,DT_10th_and_2nd_St_1_20260531T142000.jpg,,,dataset_20260531/DT_10th_and_2nd_St_1/DT_10th_and_2nd_St_1_20260531T142000.jpg,illegal_dumping,done,2026-06-02T14:19:08.681369+00:00,0.045,0.664,0.712,,nvidia/cosmos-reason2-8b,"DUMPING PRESENT: No
ORDINANCE VIOLATION: No
WASTE TYPE: mixed
WASTE VOLUME: small (pickup truck)
WASTE ORIGIN: residential
PROPERTY TYPE: vacant-lot
ADDRESS MARKERS: NONE
GUTTER/ALLEY: No
WATER PROXIMITY: No
CHRONIC SITE: No
VEHICLES: NONE
IDENTIFIERS: NONE
SEVERITY: 1
ORDINANCE: N/A
PRIORITY: LOW
SUMMARY: No illegal dumping is observed in the scene."
20260602T140833Z,DT_10th_and_2nd_St_1_20260531T143000.jpg,,,dataset_20260531/DT_10th_and_2nd_St_1/DT_10th_and_2nd_St_1_20260531T143000.jpg,illegal_dumping,done,2026-06-02T14:19:08.752135+00:00,0.041,0.805,0.849,,nvidia/cosmos-reason2-8b,"DUMPING PRESENT: No
ORDINANCE VIOLATION: No
WASTE TYPE: mixed
WASTE VOLUME: small (pickup truck)
WASTE ORIGIN: residential
PROPERTY TYPE: vacant-lot
ADDRESS MARKERS: NONE
GUTTER/ALLEY: No
WATER PROXIMITY: No
CHRONIC SITE: No
VEHICLES: NONE
IDENTIFIERS: NONE
SEVERITY: 1
ORDINANCE: N/A
PRIORITY: LOW
SUMMARY: No illegal dumping detected; the area appears to be a natural, undisturbed vacant lot with no visible waste or debris."
20260602T140833Z,DT_10th_and_2nd_St_1_20260531T144000.jpg,,,dataset_20260531/DT_10th_and_2nd_St_1/DT_10th_and_2nd_St_1_20260531T144000.jpg,illegal_dumping,done,2026-06-02T14:19:08.995684+00:00,0.04,0.751,0.794,,nvidia/cosmos-reason2-8b,"DUMPING PRESENT: No
ORDINANCE VIOLATION: No
WASTE TYPE:
WASTE VOLUME:
WASTE ORIGIN:
PROPERTY TYPE: vacant-lot
ADDRESS MARKERS: NONE
GUTTER/ALLEY: No
WATER PROXIMITY: No
CHRONIC SITE: No
VEHICLES: NONE
IDENTIFIERS: NONE
SEVERITY: 1
ORDINANCE: N/A
PRIORITY: LOW
SUMMARY: No illegal dumping detected; the area appears to be a natural, overgrown vacant lot without visible waste or debris."
20260602T140833Z,DT_10th_and_2nd_St_1_20260531T145000.jpg,,,dataset_20260531/DT_10th_and_2nd_St_1/DT_10th_and_2nd_St_1_20260531T145000.jpg,illegal_dumping,done,2026-06-02T14:19:09.179287+00:00,0.039,0.817,0.866,,nvidia/cosmos-reason2-8b,"DUMPING PRESENT: No
ORDINANCE VIOLATION: No
WASTE TYPE: mixed
WASTE VOLUME: small (pickup truck)
WASTE ORIGIN: residential
PROPERTY TYPE: vacant-lot
ADDRESS MARKERS: NONE
GUTTER/ALLEY: No
WATER PROXIMITY: No
CHRONIC SITE: No
VEHICLES: NONE
IDENTIFIERS: NONE
SEVERITY: 1
ORDINANCE: N/A
PRIORITY: LOW
SUMMARY: No illegal dumping detected; the area appears to be a natural, undisturbed vacant lot with no visible waste or debris."
20260602T140833Z,DT_10th_and_2nd_St_1_20260531T150000.jpg,,,dataset_20260531/DT_10th_and_2nd_St_1/DT_10th_and_2nd_St_1_20260531T150000.jpg,illegal_dumping,done,2026-06-02T14:19:09.395762+00:00,0.039,0.666,0.708,,nvidia/cosmos-reason2-8b,"DUMPING PRESENT: No
ORDINANCE VIOLATION: No
WASTE TYPE: mixed
WASTE VOLUME: small (pickup truck)
WASTE ORIGIN: residential
PROPERTY TYPE: vacant-lot
ADDRESS MARKERS: NONE
GUTTER/ALLEY: No
WATER PROXIMITY: No
CHRONIC SITE: No
VEHICLES: NONE
IDENTIFIERS: NONE
SEVERITY: 1
ORDINANCE: N/A
PRIORITY: LOW
SUMMARY: No illegal dumping is observed in the video."
20260602T140833Z,DT_10th_and_2nd_St_1_20260531T151000.jpg,,,dataset_20260531/DT_10th_and_2nd_St_1/DT_10th_and_2nd_St_1_20260531T151000.jpg,illegal_dumping,done,2026-06-02T14:19:09.604388+00:00,0.039,0.708,0.75,,nvidia/cosmos-reason2-8b,"DUMPING PRESENT: No
ORDINANCE VIOLATION: No
WASTE TYPE: mixed
WASTE VOLUME: small (pickup truck)
WASTE ORIGIN: residential
PROPERTY TYPE: vacant-lot
ADDRESS MARKERS: NONE
GUTTER/ALLEY: No
WATER PROXIMITY: No
CHRONIC SITE: No
VEHICLES: NONE
IDENTIFIERS: NONE
SEVERITY: 1
ORDINANCE: N/A
PRIORITY: LOW
SUMMARY: No illegal dumping observed in the video."
20260602T140833Z,DT_10th_and_2nd_St_1_20260531T152000.jpg,,,dataset_20260531/DT_10th_and_2nd_St_1/DT_10th_and_2nd_St_1_20260531T152000.jpg,illegal_dumping,done,2026-06-02T14:19:09.792849+00:00,0.042,0.704,0.75,,nvidia/cosmos-reason2-8b,"DUMPING PRESENT: No
ORDINANCE VIOLATION: No
WASTE TYPE: mixed
WASTE VOLUME: small (pickup truck)
WASTE ORIGIN: residential
PROPERTY TYPE: vacant-lot
ADDRESS MARKERS: NONE
GUTTER/ALLEY: No
WATER PROXIMITY: No
CHRONIC SITE: No
VEHICLES: NONE
IDENTIFIERS: NONE
SEVERITY: 1
ORDINANCE: N/A
PRIORITY: LOW
SUMMARY: No illegal dumping detected; the area appears to be a natural, undisturbed vacant lot with no visible waste or debris."
20260602T140833Z,DT_10th_and_2nd_St_1_20260531T153000.jpg,,,dataset_20260531/DT_10th_and_2nd_St_1/DT_10th_and_2nd_St_1_20260531T153000.jpg,illegal_dumping,done,2026-06-02T14:19:10.047653+00:00,0.042,0.63,0.674,,nvidia/cosmos-reason2-8b,"DUMPING PRESENT: No
ORDINANCE VIOLATION: No
WASTE TYPE: mixed
WASTE VOLUME: small (pickup truck)
WASTE ORIGIN: residential
PROPERTY TYPE: vacant-lot
ADDRESS MARKERS: NONE
GUTTER/ALLEY: No
WATER PROXIMITY: No
CHRONIC SITE: No
VEHICLES: NONE
IDENTIFIERS: NONE
SEVERITY: 1
ORDINANCE: N/A
PRIORITY: LOW
SUMMARY: No illegal dumping is observed in the scene."
20260602T140833Z,DT_10th_and_2nd_St_1_20260531T154000.jpg,,,dataset_20260531/DT_10th_and_2nd_St_1/DT_10th_and_2nd_St_1_20260531T154000.jpg,illegal_dumping,done,2026-06-02T14:19:10.105732+00:00,0.036,0.754,0.793,,nvidia/cosmos-reason2-8b,"DUMPING PRESENT: No
ORDINANCE VIOLATION: No
WASTE TYPE: mixed
WASTE VOLUME: small (pickup truck)
WASTE ORIGIN: residential
PROPERTY TYPE: vacant-lot
ADDRESS MARKERS: NONE
GUTTER/ALLEY: No
WATER PROXIMITY: No
CHRONIC SITE: No
VEHICLES: NONE
IDENTIFIERS: NONE
SEVERITY: 1
ORDINANCE: N/A
PRIORITY: LOW
SUMMARY: No illegal dumping is observed in the scene."
20260602T140833Z,DT_10th_and_2nd_St_1_20260531T155000.jpg,,,dataset_20260531/DT_10th_and_2nd_St_1/DT_10th_and_2nd_St_1_20260531T155000.jpg,illegal_dumping,done,2026-06-02T14:19:10.356783+00:00,0.048,0.72,0.77,,nvidia/cosmos-reason2-8b,"DUMPING PRESENT: No
ORDINANCE VIOLATION: No
WASTE TYPE: mixed
WASTE VOLUME: small (pickup truck)
WASTE ORIGIN: residential
PROPERTY TYPE: vacant-lot
ADDRESS MARKERS: NONE
GUTTER/ALLEY: No
WATER PROXIMITY: No
CHRONIC SITE: No
VEHICLES: NONE
IDENTIFIERS: NONE
SEVERITY: 1
ORDINANCE: N/A
PRIORITY: LOW
SUMMARY: No illegal dumping observed; the area appears to be a natural, overgrown vacant lot with no visible waste or debris."
20260602T140833Z,DT_10th_and_2nd_St_1_20260531T160000.jpg,,,dataset_20260531/DT_10th_and_2nd_St_1/DT_10th_and_2nd_St_1_20260531T160000.jpg,illegal_dumping,done,2026-06-02T14:19:10.545475+00:00,0.044,0.752,0.805,,nvidia/cosmos-reason2-8b,"DUMPING PRESENT: No
ORDINANCE VIOLATION: No
WASTE TYPE: mixed
WASTE VOLUME: small (pickup truck)
WASTE ORIGIN: residential
PROPERTY TYPE: vacant-lot
ADDRESS MARKERS: NONE
GUTTER/ALLEY: No
WATER PROXIMITY: No
CHRONIC SITE: No
VEHICLES: NONE
IDENTIFIERS: NONE
SEVERITY: 1
ORDINANCE: N/A
PRIORITY: LOW
SUMMARY: No illegal dumping observed; the area appears to be a natural, undisturbed vacant lot with no visible waste or debris."
20260602T140833Z,DT_10th_and_2nd_St_1_20260531T161000.jpg,,,dataset_20260531/DT_10th_and_2nd_St_1/DT_10th_and_2nd_St_1_20260531T161000.jpg,illegal_dumping,done,2026-06-02T14:19:10.724032+00:00,0.039,0.857,0.898,,nvidia/cosmos-reason2-8b,"DUMPING PRESENT: No
ORDINANCE VIOLATION: No
WASTE TYPE: mixed
WASTE VOLUME: small (pickup truck)
WASTE ORIGIN: residential
PROPERTY TYPE: vacant-lot
ADDRESS MARKERS: NONE
GUTTER/ALLEY: No
WATER PROXIMITY: No
CHRONIC SITE: No
VEHICLES: NONE
IDENTIFIERS: NONE
SEVERITY: 1
ORDINANCE: N/A
PRIORITY: LOW
SUMMARY: No illegal dumping detected; the area appears to be a natural, undisturbed vacant lot with no visible waste or debris."
20260602T140833Z,DT_10th_and_2nd_St_1_20260531T162000.jpg,,,dataset_20260531/DT_10th_and_2nd_St_1/DT_10th_and_2nd_St_1_20260531T162000.jpg,illegal_dumping,done,2026-06-02T14:19:10.901271+00:00,0.038,0.917,0.959,,nvidia/cosmos-reason2-8b,"```json
{
  ""DUMPING PRESENT"": No,
  ""ORDINANCE VIOLATION"": No,
  ""WASTE TYPE"": [],
  ""WASTE VOLUME"": ""small (pickup truck)"",
  ""WASTE ORIGIN"": ""unknown"",
  ""PROPERTY TYPE"": ""vacant-lot"",
  ""ADDRESS MARKERS"": ""NONE"",
  ""GUTTER/ALLEY"": No,
  ""WATER PROXIMITY"": No,
  ""CHRONIC SITE"": No,
  ""VEHICLES"": ""NONE"",
  ""IDENTIFIERS"": ""NONE"",
  ""SEVERITY"": 1,
  ""ORDINANCE"": ""Sec-46-45"",
  ""PRIORITY"": ""LOW"",
  ""SUMMARY"": ""No illegal dumping detected; the area appears to be a vacant lot with no visible waste or debris.""
}
```"
20260602T140833Z,DT_10th_and_2nd_St_1_20260531T163000.jpg,,,dataset_20260531/DT_10th_and_2nd_St_1/DT_10th_and_2nd_St_1_20260531T163000.jpg,illegal_dumping,done,2026-06-02T14:19:11.129863+00:00,0.038,0.747,0.787,,nvidia/cosmos-reason2-8b,"DUMPING PRESENT: No
ORDINANCE VIOLATION: No
WASTE TYPE: mixed
WASTE VOLUME: small (pickup truck)
WASTE ORIGIN: residential
PROPERTY TYPE: vacant-lot
ADDRESS MARKERS: NONE
GUTTER/ALLEY: No
WATER PROXIMITY: No
CHRONIC SITE: No
VEHICLES: NONE
IDENTIFIERS: NONE
SEVERITY: 1
ORDINANCE: N/A
PRIORITY: LOW
SUMMARY: No illegal dumping detected; the area appears to be a natural, overgrown vacant lot with no visible waste or debris."
20260602T140833Z,DT_10th_and_2nd_St_1_20260531T164000.jpg,,,dataset_20260531/DT_10th_and_2nd_St_1/DT_10th_and_2nd_St_1_20260531T164000.jpg,illegal_dumping,done,2026-06-02T14:19:11.353280+00:00,0.044,0.633,0.68,,nvidia/cosmos-reason2-8b,"DUMPING PRESENT: No
ORDINANCE VIOLATION: No
WASTE TYPE: mixed
WASTE VOLUME: small (pickup truck)
WASTE ORIGIN: residential
PROPERTY TYPE: vacant-lot
ADDRESS MARKERS: NONE
GUTTER/ALLEY: No
WATER PROXIMITY: No
CHRONIC SITE: No
VEHICLES: NONE
IDENTIFIERS: NONE
SEVERITY: 1
ORDINANCE: N/A
PRIORITY: LOW
SUMMARY: No illegal dumping detected in the scene."
20260602T140833Z,DT_10th_and_2nd_St_1_20260531T165000.jpg,,,dataset_20260531/DT_10th_and_2nd_St_1/DT_10th_and_2nd_St_1_20260531T165000.jpg,illegal_dumping,done,2026-06-02T14:19:11.624806+00:00,0.04,0.704,0.747,,nvidia/cosmos-reason2-8b,"DUMPING PRESENT: No
ORDINANCE VIOLATION: No
WASTE TYPE: mixed
WASTE VOLUME: small (pickup truck)
WASTE ORIGIN: residential
PROPERTY TYPE: vacant-lot
ADDRESS MARKERS: NONE
GUTTER/ALLEY: No
WATER PROXIMITY: No
CHRONIC SITE: No
VEHICLES: NONE
IDENTIFIERS: NONE
SEVERITY: 1
ORDINANCE: N/A
PRIORITY: LOW
SUMMARY: No illegal dumping detected; the area appears to be a natural, overgrown vacant lot with no visible waste or debris."
20260602T140833Z,DT_10th_and_2nd_St_1_20260531T170000.jpg,,,dataset_20260531/DT_10th_and_2nd_St_1/DT_10th_and_2nd_St_1_20260531T170000.jpg,illegal_dumping,done,2026-06-02T14:19:11.863447+00:00,0.046,0.699,0.756,,nvidia/cosmos-reason2-8b,"DUMPING PRESENT: No
ORDINANCE VIOLATION: No
WASTE TYPE: mixed
WASTE VOLUME: small (pickup truck)
WASTE ORIGIN: residential
PROPERTY TYPE: vacant-lot
ADDRESS MARKERS: NONE
GUTTER/ALLEY: No
WATER PROXIMITY: No
CHRONIC SITE: No
VEHICLES: NONE
IDENTIFIERS: NONE
SEVERITY: 1
ORDINANCE: N/A
PRIORITY: LOW
SUMMARY: No illegal dumping observed; the area appears to be a natural, overgrown vacant lot without visible waste or debris."
20260602T140833Z,DT_10th_and_2nd_St_1_20260531T171000.jpg,,,dataset_20260531/DT_10th_and_2nd_St_1/DT_10th_and_2nd_St_1_20260531T171000.jpg,illegal_dumping,done,2026-06-02T14:19:11.920046+00:00,0.047,0.956,1.007,,nvidia/cosmos-reason2-8b,"DUMPING PRESENT: No
ORDINANCE VIOLATION: No
WASTE TYPE: mixed
WASTE VOLUME: small (pickup truck)
WASTE ORIGIN: residential
PROPERTY TYPE: vacant-lot
ADDRESS MARKERS: NONE
GUTTER/ALLEY: No
WATER PROXIMITY: No
CHRONIC SITE: No
VEHICLES: NONE
IDENTIFIERS: NONE
SEVERITY: 1
ORDINANCE: N/A
PRIORITY: LOW
SUMMARY: No illegal dumping detected; the area appears to be a natural, overgrown vacant lot with no visible waste or debris."
20260602T140833Z,DT_10th_and_2nd_St_1_20260531T172000.jpg,,,dataset_20260531/DT_10th_and_2nd_St_1/DT_10th_and_2nd_St_1_20260531T172000.jpg,illegal_dumping,done,2026-06-02T14:19:12.035898+00:00,0.044,0.922,0.969,,nvidia/cosmos-reason2-8b,"DUMPING PRESENT: No
ORDINANCE VIOLATION: No
WASTE TYPE: mixed
WASTE VOLUME: small (pickup truck)
WASTE ORIGIN: residential
PROPERTY TYPE: vacant-lot
ADDRESS MARKERS: NONE
GUTTER/ALLEY: No
WATER PROXIMITY: No
CHRONIC SITE: No
VEHICLES: NONE
IDENTIFIERS: NONE
SEVERITY: 1
ORDINANCE: N/A
PRIORITY: LOW
SUMMARY: No illegal dumping observed; the area appears to be a natural, overgrown vacant lot with no visible waste or debris."
20260602T140833Z,DT_10th_and_2nd_St_1_20260531T173000.jpg,,,dataset_20260531/DT_10th_and_2nd_St_1/DT_10th_and_2nd_St_1_20260531T173000.jpg,illegal_dumping,done,2026-06-02T14:19:12.374730+00:00,0.047,0.794,0.844,,nvidia/cosmos-reason2-8b,"DUMPING PRESENT: No
ORDINANCE VIOLATION: No
WASTE TYPE: mixed
WASTE VOLUME: small (pickup truck)
WASTE ORIGIN: residential
PROPERTY TYPE: vacant-lot
ADDRESS MARKERS: NONE
GUTTER/ALLEY: No
WATER PROXIMITY: No
CHRONIC SITE: No
VEHICLES: NONE
IDENTIFIERS: NONE
SEVERITY: 1
ORDINANCE: N/A
PRIORITY: LOW
SUMMARY: No illegal dumping observed; the area appears to be a natural, overgrown vacant lot without visible waste or debris."
20260602T140833Z,DT_10th_and_2nd_St_1_20260531T174000.jpg,,,dataset_20260531/DT_10th_and_2nd_St_1/DT_10th_and_2nd_St_1_20260531T174000.jpg,illegal_dumping,done,2026-06-02T14:19:12.622279+00:00,0.041,1.423,1.468,,nvidia/cosmos-reason2-8b,"DUMPING PRESENT: No
ORDINANCE VIOLATION: No
WASTE TYPE: mixed
WASTE VOLUME: small (pickup truck)
WASTE ORIGIN: residential
PROPERTY TYPE: vacant-lot
ADDRESS MARKERS: NONE
GUTTER/ALLEY: No
WATER PROXIMITY: No
CHRONIC SITE: No
VEHICLES: NONE
IDENTIFIERS: NONE
SEVERITY: 1
ORDINANCE: N/A
PRIORITY: LOW
SUMMARY: No illegal dumping detected; the area appears to be a natural, overgrown vacant lot without visible waste or debris."
20260602T140833Z,DT_10th_and_2nd_St_1_20260531T175000.jpg,,,dataset_20260531/DT_10th_and_2nd_St_1/DT_10th_and_2nd_St_1_20260531T175000.jpg,illegal_dumping,done,2026-06-02T14:19:12.929789+00:00,0.045,1.507,1.556,,nvidia/cosmos-reason2-8b,"DUMPING PRESENT: No
ORDINANCE VIOLATION: No
WASTE TYPE: mixed
WASTE VOLUME: small (pickup truck)
WASTE ORIGIN: residential
PROPERTY TYPE: vacant-lot
ADDRESS MARKERS: NONE
GUTTER/ALLEY: No
WATER PROXIMITY: No
CHRONIC SITE: No
VEHICLES: NONE
IDENTIFIERS: NONE
SEVERITY: 1
ORDINANCE: N/A
PRIORITY: LOW
SUMMARY: No illegal dumping detected; the area appears to be a natural, overgrown vacant lot with no visible waste or debris."
20260602T140833Z,DT_10th_and_2nd_St_1_20260531T180000.jpg,,,dataset_20260531/DT_10th_and_2nd_St_1/DT_10th_and_2nd_St_1_20260531T180000.jpg,illegal_dumping,done,2026-06-02T14:19:13.007517+00:00,0.041,1.587,1.63,,nvidia/cosmos-reason2-8b,"DUMPING PRESENT: No
ORDINANCE VIOLATION: No
WASTE TYPE: mixed
WASTE VOLUME: small (pickup truck)
WASTE ORIGIN: residential
PROPERTY TYPE: vacant-lot
ADDRESS MARKERS: NONE
GUTTER/ALLEY: No
WATER PROXIMITY: No
CHRONIC SITE: No
VEHICLES: NONE
IDENTIFIERS: NONE
SEVERITY: 1
ORDINANCE: N/A
PRIORITY: LOW
SUMMARY: No illegal dumping detected; the area appears to be a natural, undisturbed landscape with no visible waste or debris."
20260602T140833Z,DT_10th_and_2nd_St_1_20260531T181000.jpg,,,dataset_20260531/DT_10th_and_2nd_St_1/DT_10th_and_2nd_St_1_20260531T181000.jpg,illegal_dumping,done,2026-06-02T14:19:13.221266+00:00,0.043,1.373,1.419,,nvidia/cosmos-reason2-8b,"DUMPING PRESENT: No
ORDINANCE VIOLATION: No
WASTE TYPE: mixed
WASTE VOLUME: small (pickup truck)
WASTE ORIGIN: residential
PROPERTY TYPE: vacant-lot
ADDRESS MARKERS: NONE
GUTTER/ALLEY: No
WATER PROXIMITY: No
CHRONIC SITE: No
VEHICLES: NONE
IDENTIFIERS: NONE
SEVERITY: 1
ORDINANCE: N/A
PRIORITY: LOW
SUMMARY: No illegal dumping observed; the area appears to be a natural, overgrown vacant lot without any visible waste or debris."
20260602T140833Z,DT_10th_and_2nd_St_1_20260531T182000.jpg,,,dataset_20260531/DT_10th_and_2nd_St_1/DT_10th_and_2nd_St_1_20260531T182000.jpg,illegal_dumping,done,2026-06-02T14:19:14.093382+00:00,0.045,0.693,0.749,,nvidia/cosmos-reason2-8b,"DUMPING PRESENT: No
ORDINANCE VIOLATION: No
WASTE TYPE: mixed
WASTE VOLUME: small (pickup truck)
WASTE ORIGIN: residential
PROPERTY TYPE: vacant-lot
ADDRESS MARKERS: NONE
GUTTER/ALLEY: No
WATER PROXIMITY: No
CHRONIC SITE: No
VEHICLES: NONE
IDENTIFIERS: NONE
SEVERITY: 1
ORDINANCE: N/A
PRIORITY: LOW
SUMMARY: No illegal dumping detected; the area appears to be a natural, overgrown vacant lot without visible waste or debris."
20260602T140833Z,DT_10th_and_2nd_St_1_20260531T183000.jpg,,,dataset_20260531/DT_10th_and_2nd_St_1/DT_10th_and_2nd_St_1_20260531T183000.jpg,illegal_dumping,done,2026-06-02T14:19:14.487883+00:00,0.042,0.691,0.736,,nvidia/cosmos-reason2-8b,"DUMPING PRESENT: No
ORDINANCE VIOLATION: No
WASTE TYPE: mixed
WASTE VOLUME: small (pickup truck)
WASTE ORIGIN: residential
PROPERTY TYPE: vacant-lot
ADDRESS MARKERS: NONE
GUTTER/ALLEY: No
WATER PROXIMITY: No
CHRONIC SITE: No
VEHICLES: NONE
IDENTIFIERS: NONE
SEVERITY: 1
ORDINANCE: N/A
PRIORITY: LOW
SUMMARY: No illegal dumping detected; the area appears to be a natural, undisturbed environment with no visible waste or debris."
20260602T140833Z,DT_10th_and_2nd_St_1_20260531T184000.jpg,,,dataset_20260531/DT_10th_and_2nd_St_1/DT_10th_and_2nd_St_1_20260531T184000.jpg,illegal_dumping,done,2026-06-02T14:19:14.641990+00:00,0.052,0.817,0.872,,nvidia/cosmos-reason2-8b,"DUMPING PRESENT: No
ORDINANCE VIOLATION: No
WASTE TYPE: mixed
WASTE VOLUME: small (pickup truck)
WASTE ORIGIN: residential
PROPERTY TYPE: vacant-lot
ADDRESS MARKERS: NONE
GUTTER/ALLEY: No
WATER PROXIMITY: No
CHRONIC SITE: No
VEHICLES: NONE
IDENTIFIERS: NONE
SEVERITY: 1
ORDINANCE: N/A
PRIORITY: LOW
SUMMARY: No illegal dumping detected; the area appears to be a natural, undisturbed landscape with no visible waste or debris."
20260602T140833Z,DT_10th_and_2nd_St_1_20260531T185000.jpg,,,dataset_20260531/DT_10th_and_2nd_St_1/DT_10th_and_2nd_St_1_20260531T185000.jpg,illegal_dumping,done,2026-06-02T14:19:14.644002+00:00,0.051,0.97,1.023,,nvidia/cosmos-reason2-8b,"DUMPING PRESENT: No
ORDINANCE VIOLATION: No
WASTE TYPE: mixed
WASTE VOLUME: small (pickup truck)
WASTE ORIGIN: residential
PROPERTY TYPE: vacant-lot
ADDRESS MARKERS: NONE
GUTTER/ALLEY: No
WATER PROXIMITY: No
CHRONIC SITE: No
VEHICLES: NONE
IDENTIFIERS: NONE
SEVERITY: 1
ORDINANCE: N/A
PRIORITY: LOW
SUMMARY: No illegal dumping detected; the area appears to be a natural, undisturbed landscape with no visible waste or debris."
20260602T140833Z,DT_10th_and_2nd_St_1_20260531T190000.jpg,,,dataset_20260531/DT_10th_and_2nd_St_1/DT_10th_and_2nd_St_1_20260531T190000.jpg,illegal_dumping,done,2026-06-02T14:19:14.844945+00:00,0.046,0.911,0.96,,nvidia/cosmos-reason2-8b,"DUMPING PRESENT: No
ORDINANCE VIOLATION: No
WASTE TYPE: mixed
WASTE VOLUME: small (pickup truck)
WASTE ORIGIN: residential
PROPERTY TYPE: vacant-lot
ADDRESS MARKERS: NONE
GUTTER/ALLEY: No
WATER PROXIMITY: No
CHRONIC SITE: No
VEHICLES: NONE
IDENTIFIERS: NONE
SEVERITY: 1
ORDINANCE: N/A
PRIORITY: LOW
SUMMARY: No illegal dumping detected; the area appears to be a natural, undisturbed environment with no visible waste or debris."
20260602T140833Z,DT_10th_and_2nd_St_1_20260531T191000.jpg,,,dataset_20260531/DT_10th_and_2nd_St_1/DT_10th_and_2nd_St_1_20260531T191000.jpg,illegal_dumping,done,2026-06-02T14:19:15.226539+00:00,0.045,0.71,0.758,,nvidia/cosmos-reason2-8b,"DUMPING PRESENT: No
ORDINANCE VIOLATION: No
WASTE TYPE: mixed
WASTE VOLUME: small (pickup truck)
WASTE ORIGIN: residential
PROPERTY TYPE: vacant-lot
ADDRESS MARKERS: NONE
GUTTER/ALLEY: No
WATER PROXIMITY: No
CHRONIC SITE: No
VEHICLES: NONE
IDENTIFIERS: NONE
SEVERITY: 1
ORDINANCE: N/A
PRIORITY: LOW
SUMMARY: No illegal dumping detected; the area appears to be a natural, undisturbed environment with no visible waste or debris."
20260602T140833Z,DT_10th_and_2nd_St_1_20260531T192000.jpg,,,dataset_20260531/DT_10th_and_2nd_St_1/DT_10th_and_2nd_St_1_20260531T192000.jpg,illegal_dumping,done,2026-06-02T14:19:15.516452+00:00,0.045,0.788,0.843,,nvidia/cosmos-reason2-8b,"DUMPING PRESENT: No
ORDINANCE VIOLATION: No
WASTE TYPE: mixed
WASTE VOLUME: small (pickup truck)
WASTE ORIGIN: residential
PROPERTY TYPE: vacant-lot
ADDRESS MARKERS: NONE
GUTTER/ALLEY: No
WATER PROXIMITY: No
CHRONIC SITE: No
VEHICLES: NONE
IDENTIFIERS: NONE
SEVERITY: 1
ORDINANCE: N/A
PRIORITY: LOW
SUMMARY: No illegal dumping observed; the area appears to be a natural, undisturbed landscape with no visible waste or debris."
20260602T140833Z,DT_10th_and_2nd_St_1_20260531T193000.jpg,,,dataset_20260531/DT_10th_and_2nd_St_1/DT_10th_and_2nd_St_1_20260531T193000.jpg,illegal_dumping,done,2026-06-02T14:19:15.669738+00:00,0.047,0.788,0.838,,nvidia/cosmos-reason2-8b,"DUMPING PRESENT: No
ORDINANCE VIOLATION: No
WASTE TYPE: mixed
WASTE VOLUME: small (pickup truck)
WASTE ORIGIN: residential
PROPERTY TYPE: vacant-lot
ADDRESS MARKERS: NONE
GUTTER/ALLEY: No
WATER PROXIMITY: No
CHRONIC SITE: No
VEHICLES: NONE
IDENTIFIERS: NONE
SEVERITY: 1
ORDINANCE: N/A
PRIORITY: LOW
SUMMARY: No illegal dumping detected; the area appears to be a natural, undisturbed landscape with no visible waste or debris."
20260602T140833Z,DT_10th_and_2nd_St_1_20260531T194000.jpg,,,dataset_20260531/DT_10th_and_2nd_St_1/DT_10th_and_2nd_St_1_20260531T194000.jpg,illegal_dumping,done,2026-06-02T14:19:15.807200+00:00,0.039,0.862,0.904,,nvidia/cosmos-reason2-8b,"DUMPING PRESENT: No
ORDINANCE VIOLATION: No
WASTE TYPE: mixed
WASTE VOLUME: small (pickup truck)
WASTE ORIGIN: residential
PROPERTY TYPE: vacant-lot
ADDRESS MARKERS: NONE
GUTTER/ALLEY: No
WATER PROXIMITY: No
CHRONIC SITE: No
VEHICLES: NONE
IDENTIFIERS: NONE
SEVERITY: 1
ORDINANCE: N/A
PRIORITY: LOW
SUMMARY: No illegal dumping observed; the area appears to be a natural, undisturbed environment with no visible waste or debris."
20260602T140833Z,DT_10th_and_2nd_St_1_20260531T195000.jpg,,,dataset_20260531/DT_10th_and_2nd_St_1/DT_10th_and_2nd_St_1_20260531T195000.jpg,illegal_dumping,done,2026-06-02T14:19:15.987300+00:00,0.037,0.805,0.845,,nvidia/cosmos-reason2-8b,"DUMPING PRESENT: No
ORDINANCE VIOLATION: No
WASTE TYPE: mixed
WASTE VOLUME: small (pickup truck)
WASTE ORIGIN: residential
PROPERTY TYPE: vacant-lot
ADDRESS MARKERS: NONE
GUTTER/ALLEY: No
WATER PROXIMITY: No
CHRONIC SITE: No
VEHICLES: NONE
IDENTIFIERS: NONE
SEVERITY: 1
ORDINANCE: N/A
PRIORITY: LOW
SUMMARY: No illegal dumping detected; the area appears to be a natural, undisturbed landscape with no visible waste or debris."
20260602T140833Z,DT_10th_and_2nd_St_1_20260531T200000.jpg,,,dataset_20260531/DT_10th_and_2nd_St_1/DT_10th_and_2nd_St_1_20260531T200000.jpg,illegal_dumping,done,2026-06-02T14:19:16.361807+00:00,0.051,0.691,0.745,,nvidia/cosmos-reason2-8b,"DUMPING PRESENT: No
ORDINANCE VIOLATION: No
WASTE TYPE: mixed
WASTE VOLUME: small (pickup truck)
WASTE ORIGIN: residential
PROPERTY TYPE: vacant-lot
ADDRESS MARKERS: NONE
GUTTER/ALLEY: No
WATER PROXIMITY: No
CHRONIC SITE: No
VEHICLES: NONE
IDENTIFIERS: NONE
SEVERITY: 1
ORDINANCE: N/A
PRIORITY: LOW
SUMMARY: No illegal dumping detected; the area appears to be a natural, overgrown vacant lot without visible waste or debris."
20260602T140833Z,DT_10th_and_2nd_St_1_20260531T201000.jpg,,,dataset_20260531/DT_10th_and_2nd_St_1/DT_10th_and_2nd_St_1_20260531T201000.jpg,illegal_dumping,done,2026-06-02T14:19:16.510188+00:00,0.038,0.79,0.837,,nvidia/cosmos-reason2-8b,"DUMPING PRESENT: No
ORDINANCE VIOLATION: No
WASTE TYPE: mixed
WASTE VOLUME: small (pickup truck)
WASTE ORIGIN: residential
PROPERTY TYPE: vacant-lot
ADDRESS MARKERS: NONE
GUTTER/ALLEY: No
WATER PROXIMITY: No
CHRONIC SITE: No
VEHICLES: NONE
IDENTIFIERS: NONE
SEVERITY: 1
ORDINANCE: N/A
PRIORITY: LOW
SUMMARY: No illegal dumping detected; the area appears to be a natural, undisturbed landscape with no visible waste or debris."
20260602T140833Z,DT_10th_and_2nd_St_1_20260531T202000.jpg,,,dataset_20260531/DT_10th_and_2nd_St_1/DT_10th_and_2nd_St_1_20260531T202000.jpg,illegal_dumping,done,2026-06-02T14:19:16.713132+00:00,0.035,0.714,0.752,,nvidia/cosmos-reason2-8b,"DUMPING PRESENT: No
ORDINANCE VIOLATION: No
WASTE TYPE: mixed
WASTE VOLUME: small (pickup truck)
WASTE ORIGIN: residential
PROPERTY TYPE: vacant-lot
ADDRESS MARKERS: NONE
GUTTER/ALLEY: No
WATER PROXIMITY: No
CHRONIC SITE: No
VEHICLES: NONE
IDENTIFIERS: NONE
SEVERITY: 1
ORDINANCE: N/A
PRIORITY: LOW
SUMMARY: No illegal dumping detected in the video."
20260602T140833Z,DT_10th_and_2nd_St_1_20260531T203000.jpg,,,dataset_20260531/DT_10th_and_2nd_St_1/DT_10th_and_2nd_St_1_20260531T203000.jpg,illegal_dumping,done,2026-06-02T14:19:16.834799+00:00,0.041,0.83,0.873,,nvidia/cosmos-reason2-8b,"DUMPING PRESENT: No
ORDINANCE VIOLATION: No
WASTE TYPE: mixed
WASTE VOLUME: small (pickup truck)
WASTE ORIGIN: residential
PROPERTY TYPE: vacant-lot
ADDRESS MARKERS: NONE
GUTTER/ALLEY: No
WATER PROXIMITY: No
CHRONIC SITE: No
VEHICLES: NONE
IDENTIFIERS: NONE
SEVERITY: 1
ORDINANCE: N/A
PRIORITY: LOW
SUMMARY: No illegal dumping detected in the video; the scene appears to be a natural landscape with no visible waste or violations."
20260602T140833Z,DT_10th_and_2nd_St_1_20260531T204000.jpg,,,dataset_20260531/DT_10th_and_2nd_St_1/DT_10th_and_2nd_St_1_20260531T204000.jpg,illegal_dumping,done,2026-06-02T14:19:17.109293+00:00,0.041,0.741,0.785,,nvidia/cosmos-reason2-8b,"DUMPING PRESENT: No
ORDINANCE VIOLATION: No
WASTE TYPE: mixed
WASTE VOLUME: small
WASTE ORIGIN: unknown
PROPERTY TYPE: right-of-way
ADDRESS MARKERS: NONE
GUTTER/ALLEY: No
WATER PROXIMITY: No
CHRONIC SITE: No
VEHICLES: NONE
IDENTIFIERS: NONE
SEVERITY: 1
ORDINANCE: N/A
PRIORITY: LOW
SUMMARY: No illegal dumping is observed in the video."
20260602T140833Z,DT_10th_and_2nd_St_1_20260531T205000.jpg,,,dataset_20260531/DT_10th_and_2nd_St_1/DT_10th_and_2nd_St_1_20260531T205000.jpg,illegal_dumping,done,2026-06-02T14:19:17.349614+00:00,0.043,0.664,0.71,,nvidia/cosmos-reason2-8b,"DUMPING PRESENT: No
ORDINANCE VIOLATION: No
WASTE TYPE: mixed
WASTE VOLUME: small (pickup truck)
WASTE ORIGIN: residential
PROPERTY TYPE: vacant-lot
ADDRESS MARKERS: NONE
GUTTER/ALLEY: No
WATER PROXIMITY: No
CHRONIC SITE: No
VEHICLES: NONE
IDENTIFIERS: NONE
SEVERITY: 1
ORDINANCE: N/A
PRIORITY: LOW
SUMMARY: No illegal dumping detected in the video."
20260602T140833Z,DT_10th_and_2nd_St_1_20260531T210000.jpg,,,dataset_20260531/DT_10th_and_2nd_St_1/DT_10th_and_2nd_St_1_20260531T210000.jpg,illegal_dumping,done,2026-06-02T14:19:17.468217+00:00,0.049,0.721,0.772,,nvidia/cosmos-reason2-8b,"DUMPING PRESENT: No
ORDINANCE VIOLATION: No
WASTE TYPE: mixed
WASTE VOLUME: small
WASTE ORIGIN: unknown
PROPERTY TYPE: right-of-way
ADDRESS MARKERS: NONE
GUTTER/ALLEY: No
WATER PROXIMITY: No
CHRONIC SITE: No
VEHICLES: NONE
IDENTIFIERS: NONE
SEVERITY: 1
ORDINANCE: N/A
PRIORITY: LOW
SUMMARY: No illegal dumping is observed in the video."
20260602T140833Z,DT_10th_and_2nd_St_1_20260531T211000.jpg,,,dataset_20260531/DT_10th_and_2nd_St_1/DT_10th_and_2nd_St_1_20260531T211000.jpg,illegal_dumping,done,2026-06-02T14:19:17.710420+00:00,0.042,0.658,0.703,,nvidia/cosmos-reason2-8b,"DUMPING PRESENT: No
ORDINANCE VIOLATION: No
WASTE TYPE: mixed
WASTE VOLUME: small (pickup truck)
WASTE ORIGIN: residential
PROPERTY TYPE: vacant-lot
ADDRESS MARKERS: NONE
GUTTER/ALLEY: No
WATER PROXIMITY: No
CHRONIC SITE: No
VEHICLES: NONE
IDENTIFIERS: NONE
SEVERITY: 1
ORDINANCE: N/A
PRIORITY: LOW
SUMMARY: No illegal dumping is observed in the video."
20260602T140833Z,DT_10th_and_2nd_St_1_20260531T212000.jpg,,,dataset_20260531/DT_10th_and_2nd_St_1/DT_10th_and_2nd_St_1_20260531T212000.jpg,illegal_dumping,done,2026-06-02T14:19:17.896234+00:00,0.043,0.703,0.748,,nvidia/cosmos-reason2-8b,"DUMPING PRESENT: No
ORDINANCE VIOLATION: No
WASTE TYPE: mixed
WASTE VOLUME: small (pickup truck)
WASTE ORIGIN: residential
PROPERTY TYPE: vacant-lot
ADDRESS MARKERS: NONE
GUTTER/ALLEY: No
WATER PROXIMITY: No
CHRONIC SITE: No
VEHICLES: NONE
IDENTIFIERS: NONE
SEVERITY: 1
ORDINANCE: N/A
PRIORITY: LOW
SUMMARY: No illegal dumping detected in the video."
20260602T140833Z,DT_10th_and_2nd_St_1_20260531T213000.jpg,,,dataset_20260531/DT_10th_and_2nd_St_1/DT_10th_and_2nd_St_1_20260531T213000.jpg,illegal_dumping,done,2026-06-02T14:19:18.061518+00:00,0.036,0.736,0.775,,nvidia/cosmos-reason2-8b,"DUMPING PRESENT: No
ORDINANCE VIOLATION: No
WASTE TYPE: mixed
WASTE VOLUME: small
WASTE ORIGIN: unknown
PROPERTY TYPE: vacant-lot
ADDRESS MARKERS: NONE
GUTTER/ALLEY: No
WATER PROXIMITY: No
CHRONIC SITE: No
VEHICLES: NONE
IDENTIFIERS: NONE
SEVERITY: 1
ORDINANCE: N/A
PRIORITY: LOW
SUMMARY: No illegal dumping is observed in the video."
20260602T140833Z,DT_10th_and_2nd_St_1_20260531T214000.jpg,,,dataset_20260531/DT_10th_and_2nd_St_1/DT_10th_and_2nd_St_1_20260531T214000.jpg,illegal_dumping,done,2026-06-02T14:19:18.243060+00:00,0.045,0.785,0.832,,nvidia/cosmos-reason2-8b,"DUMPING PRESENT: No
ORDINANCE VIOLATION: No
WASTE TYPE: mixed
WASTE VOLUME: small (pickup truck)
WASTE ORIGIN: residential
PROPERTY TYPE: vacant-lot
ADDRESS MARKERS: NONE
GUTTER/ALLEY: No
WATER PROXIMITY: No
CHRONIC SITE: No
VEHICLES: NONE
IDENTIFIERS: NONE
SEVERITY: 1
ORDINANCE: N/A
PRIORITY: LOW
SUMMARY: No illegal dumping is observed in the video."
20260602T140833Z,DT_10th_and_2nd_St_1_20260531T215000.jpg,,,dataset_20260531/DT_10th_and_2nd_St_1/DT_10th_and_2nd_St_1_20260531T215000.jpg,illegal_dumping,done,2026-06-02T14:19:18.415782+00:00,0.045,0.701,0.748,,nvidia/cosmos-reason2-8b,"DUMPING PRESENT: No
ORDINANCE VIOLATION: No
WASTE TYPE: mixed
WASTE VOLUME: small (pickup truck)
WASTE ORIGIN: residential
PROPERTY TYPE: vacant-lot
ADDRESS MARKERS: NONE
GUTTER/ALLEY: No
WATER PROXIMITY: No
CHRONIC SITE: No
VEHICLES: NONE
IDENTIFIERS: NONE
SEVERITY: 1
ORDINANCE: N/A
PRIORITY: LOW
SUMMARY: No illegal dumping is observed in the video."
20260602T140833Z,DT_10th_and_2nd_St_1_20260531T220000.jpg,,,dataset_20260531/DT_10th_and_2nd_St_1/DT_10th_and_2nd_St_1_20260531T220000.jpg,illegal_dumping,done,2026-06-02T14:19:18.647761+00:00,0.047,0.679,0.729,,nvidia/cosmos-reason2-8b,"DUMPING PRESENT: No
ORDINANCE VIOLATION: No
WASTE TYPE: mixed
WASTE VOLUME: small (pickup truck)
WASTE ORIGIN: residential
PROPERTY TYPE: vacant-lot
ADDRESS MARKERS: NONE
GUTTER/ALLEY: No
WATER PROXIMITY: No
CHRONIC SITE: No
VEHICLES: NONE
IDENTIFIERS: NONE
SEVERITY: 1
ORDINANCE: N/A
PRIORITY: LOW
SUMMARY: No illegal dumping is observed in the video."
20260602T140833Z,DT_10th_and_2nd_St_1_20260531T221000.jpg,,,dataset_20260531/DT_10th_and_2nd_St_1/DT_10th_and_2nd_St_1_20260531T221000.jpg,illegal_dumping,done,2026-06-02T14:19:18.839647+00:00,0.045,0.762,0.81,,nvidia/cosmos-reason2-8b,"DUMPING PRESENT: No
ORDINANCE VIOLATION: No
WASTE TYPE: mixed
WASTE VOLUME: small (pickup truck)
WASTE ORIGIN: residential
PROPERTY TYPE: vacant-lot
ADDRESS MARKERS: NONE
GUTTER/ALLEY: No
WATER PROXIMITY: No
CHRONIC SITE: No
VEHICLES: NONE
IDENTIFIERS: NONE
SEVERITY: 1
ORDINANCE: N/A
PRIORITY: LOW
SUMMARY: No illegal dumping is observed in the video; the scene appears to be a blurred outdoor area without clear evidence of waste disposal violations."
20260602T140833Z,DT_10th_and_2nd_St_1_20260531T222000.jpg,,,dataset_20260531/DT_10th_and_2nd_St_1/DT_10th_and_2nd_St_1_20260531T222000.jpg,illegal_dumping,done,2026-06-02T14:19:19.077862+00:00,0.044,0.649,0.695,,nvidia/cosmos-reason2-8b,"DUMPING PRESENT: No
ORDINANCE VIOLATION: No
WASTE TYPE: mixed
WASTE VOLUME: small (pickup truck)
WASTE ORIGIN: residential
PROPERTY TYPE: vacant-lot
ADDRESS MARKERS: NONE
GUTTER/ALLEY: No
WATER PROXIMITY: No
CHRONIC SITE: No
VEHICLES: NONE
IDENTIFIERS: NONE
SEVERITY: 1
ORDINANCE: N/A
PRIORITY: LOW
SUMMARY: No illegal dumping is observed in the video."
20260602T140833Z,DT_10th_and_2nd_St_1_20260531T223000.jpg,,,dataset_20260531/DT_10th_and_2nd_St_1/DT_10th_and_2nd_St_1_20260531T223000.jpg,illegal_dumping,done,2026-06-02T14:19:19.166711+00:00,0.045,0.833,0.88,,nvidia/cosmos-reason2-8b,"DUMPING PRESENT: No
ORDINANCE VIOLATION: No
WASTE TYPE: mixed
WASTE VOLUME: small (pickup truck)
WASTE ORIGIN: residential
PROPERTY TYPE: vacant-lot
ADDRESS MARKERS: NONE
GUTTER/ALLEY: No
WATER PROXIMITY: No
CHRONIC SITE: No
VEHICLES: NONE
IDENTIFIERS: NONE
SEVERITY: 1
ORDINANCE: N/A
PRIORITY: LOW
SUMMARY: No illegal dumping detected in the video."
20260602T140833Z,DT_10th_and_2nd_St_1_20260531T224000.jpg,,,dataset_20260531/DT_10th_and_2nd_St_1/DT_10th_and_2nd_St_1_20260531T224000.jpg,illegal_dumping,done,2026-06-02T14:19:19.379872+00:00,0.047,0.752,0.802,,nvidia/cosmos-reason2-8b,"DUMPING PRESENT: No
ORDINANCE VIOLATION: No
WASTE TYPE: mixed
WASTE VOLUME: small (pickup truck)
WASTE ORIGIN: residential
PROPERTY TYPE: vacant-lot
ADDRESS MARKERS: NONE
GUTTER/ALLEY: No
WATER PROXIMITY: No
CHRONIC SITE: No
VEHICLES: NONE
IDENTIFIERS: NONE
SEVERITY: 1
ORDINANCE: N/A
PRIORITY: LOW
SUMMARY: No illegal dumping is observed in the video."
20260602T140833Z,DT_10th_and_2nd_St_1_20260531T225000.jpg,,,dataset_20260531/DT_10th_and_2nd_St_1/DT_10th_and_2nd_St_1_20260531T225000.jpg,illegal_dumping,done,2026-06-02T14:19:19.652541+00:00,0.04,0.656,0.719,,nvidia/cosmos-reason2-8b,"DUMPING PRESENT: No
ORDINANCE VIOLATION: No
WASTE TYPE: mixed
WASTE VOLUME: small (pickup truck)
WASTE ORIGIN: residential
PROPERTY TYPE: vacant-lot
ADDRESS MARKERS: NONE
GUTTER/ALLEY: No
WATER PROXIMITY: No
CHRONIC SITE: No
VEHICLES: NONE
IDENTIFIERS: NONE
SEVERITY: 1
ORDINANCE: N/A
PRIORITY: LOW
SUMMARY: No illegal dumping is observed in the video."
20260602T140833Z,DT_10th_and_2nd_St_1_20260531T230000.jpg,,,dataset_20260531/DT_10th_and_2nd_St_1/DT_10th_and_2nd_St_1_20260531T230000.jpg,illegal_dumping,done,2026-06-02T14:19:19.775337+00:00,0.042,0.741,0.786,,nvidia/cosmos-reason2-8b,"DUMPING PRESENT: No
ORDINANCE VIOLATION: No
WASTE TYPE: mixed
WASTE VOLUME: small (pickup truck)
WASTE ORIGIN: residential
PROPERTY TYPE: vacant-lot
ADDRESS MARKERS: NONE
GUTTER/ALLEY: No
WATER PROXIMITY: No
CHRONIC SITE: No
VEHICLES: NONE
IDENTIFIERS: NONE
SEVERITY: 1
ORDINANCE: N/A
PRIORITY: LOW
SUMMARY: No illegal dumping detected in the video."
20260602T140833Z,DT_10th_and_2nd_St_1_20260531T231000.jpg,,,dataset_20260531/DT_10th_and_2nd_St_1/DT_10th_and_2nd_St_1_20260531T231000.jpg,illegal_dumping,done,2026-06-02T14:19:20.049390+00:00,0.044,0.665,0.711,,nvidia/cosmos-reason2-8b,"DUMPING PRESENT: No
ORDINANCE VIOLATION: No
WASTE TYPE: mixed
WASTE VOLUME: small
WASTE ORIGIN: unknown
PROPERTY TYPE: right-of-way
ADDRESS MARKERS: NONE
GUTTER/ALLEY: No
WATER PROXIMITY: No
CHRONIC SITE: No
VEHICLES: NONE
IDENTIFIERS: NONE
SEVERITY: 1
ORDINANCE: N/A
PRIORITY: LOW
SUMMARY: No illegal dumping is observed in the video."
20260602T140833Z,DT_10th_and_2nd_St_1_20260531T232000.jpg,,,dataset_20260531/DT_10th_and_2nd_St_1/DT_10th_and_2nd_St_1_20260531T232000.jpg,illegal_dumping,done,2026-06-02T14:19:20.184356+00:00,0.044,0.781,0.828,,nvidia/cosmos-reason2-8b,"DUMPING PRESENT: No
ORDINANCE VIOLATION: No
WASTE TYPE: mixed
WASTE VOLUME: small (pickup truck)
WASTE ORIGIN: residential
PROPERTY TYPE: vacant-lot
ADDRESS MARKERS: NONE
GUTTER/ALLEY: No
WATER PROXIMITY: No
CHRONIC SITE: No
VEHICLES: NONE
IDENTIFIERS: NONE
SEVERITY: 1
ORDINANCE: N/A
PRIORITY: LOW
SUMMARY: No illegal dumping detected in the analyzed frames."
20260602T140833Z,DT_10th_and_2nd_St_1_20260531T233000.jpg,,,dataset_20260531/DT_10th_and_2nd_St_1/DT_10th_and_2nd_St_1_20260531T233000.jpg,illegal_dumping,done,2026-06-02T14:19:20.373661+00:00,0.043,0.787,0.832,,nvidia/cosmos-reason2-8b,"DUMPING PRESENT: No
ORDINANCE VIOLATION: No
WASTE TYPE: mixed
WASTE VOLUME: small (pickup truck)
WASTE ORIGIN: residential
PROPERTY TYPE: vacant-lot
ADDRESS MARKERS: NONE
GUTTER/ALLEY: No
WATER PROXIMITY: No
CHRONIC SITE: No
VEHICLES: NONE
IDENTIFIERS: NONE
SEVERITY: 1
ORDINANCE: N/A
PRIORITY: LOW
SUMMARY: No illegal dumping is observed in the video; the scene appears to be a blurred outdoor area without clear evidence of waste disposal violations."
20260602T140833Z,DT_10th_and_2nd_St_1_20260531T234000.jpg,,,dataset_20260531/DT_10th_and_2nd_St_1/DT_10th_and_2nd_St_1_20260531T234000.jpg,illegal_dumping,done,2026-06-02T14:19:20.563791+00:00,0.043,0.75,0.795,,nvidia/cosmos-reason2-8b,"DUMPING PRESENT: No
ORDINANCE VIOLATION: No
WASTE TYPE: mixed
WASTE VOLUME: small (pickup truck)
WASTE ORIGIN: residential
PROPERTY TYPE: vacant-lot
ADDRESS MARKERS: NONE
GUTTER/ALLEY: No
WATER PROXIMITY: No
CHRONIC SITE: No
VEHICLES: NONE
IDENTIFIERS: NONE
SEVERITY: 1
ORDINANCE: N/A
PRIORITY: LOW
SUMMARY: No illegal dumping detected in the video."
20260602T140833Z,DT_10th_and_2nd_St_1_20260531T235000.jpg,,,dataset_20260531/DT_10th_and_2nd_St_1/DT_10th_and_2nd_St_1_20260531T235000.jpg,illegal_dumping,done,2026-06-02T14:19:20.763766+00:00,0.042,0.671,0.715,,nvidia/cosmos-reason2-8b,"DUMPING PRESENT: No
ORDINANCE VIOLATION: No
WASTE TYPE: mixed
WASTE VOLUME: small (pickup truck)
WASTE ORIGIN: residential
PROPERTY TYPE: vacant-lot
ADDRESS MARKERS: NONE
GUTTER/ALLEY: No
WATER PROXIMITY: No
CHRONIC SITE: No
VEHICLES: NONE
IDENTIFIERS: NONE
SEVERITY: 1
ORDINANCE: N/A
PRIORITY: LOW
SUMMARY: No illegal dumping is observed in the video."
20260602T140833Z,DT_10th_and_2nd_St_4_20260531T000000.jpg,,,dataset_20260531/DT_10th_and_2nd_St_4/DT_10th_and_2nd_St_4_20260531T000000.jpg,illegal_dumping,done,2026-06-02T14:19:21.514504+00:00,0.161,1.104,1.288,,nvidia/cosmos-reason2-8b,"DUMPING PRESENT: No
ORDINANCE VIOLATION: No
WASTE TYPE: mixed
WASTE VOLUME: small (pickup truck)
WASTE ORIGIN: residential
PROPERTY TYPE: alley
ADDRESS MARKERS: NONE
GUTTER/ALLEY: Yes
WATER PROXIMITY: No
CHRONIC SITE: No
VEHICLES: NONE
IDENTIFIERS: NONE
SEVERITY: 1
ORDINANCE: N/A
PRIORITY: LOW
SUMMARY: No illegal dumping is observed in the alleyway; the area appears to be a narrow, overgrown path with no visible waste or debris."
20260602T140833Z,DT_10th_and_2nd_St_4_20260531T001000.jpg,,,dataset_20260531/DT_10th_and_2nd_St_4/DT_10th_and_2nd_St_4_20260531T001000.jpg,illegal_dumping,done,2026-06-02T14:19:21.514817+00:00,0.161,1.001,1.184,,nvidia/cosmos-reason2-8b,"DUMPING PRESENT: No
ORDINANCE VIOLATION: No
WASTE TYPE: mixed
WASTE VOLUME: small (pickup truck)
WASTE ORIGIN: residential
PROPERTY TYPE: alley
ADDRESS MARKERS: NONE
GUTTER/ALLEY: Yes
WATER PROXIMITY: No
CHRONIC SITE: No
VEHICLES: NONE
IDENTIFIERS: NONE
SEVERITY: 1
ORDINANCE: N/A
PRIORITY: LOW
SUMMARY: No illegal dumping observed in the alleyway."
20260602T140833Z,DT_10th_and_2nd_St_4_20260531T002000.jpg,,,dataset_20260531/DT_10th_and_2nd_St_4/DT_10th_and_2nd_St_4_20260531T002000.jpg,illegal_dumping,done,2026-06-02T14:19:21.515535+00:00,0.16,1.442,1.625,,nvidia/cosmos-reason2-8b,"```json
{
  ""DUMPING PRESENT"": ""No"",
  ""ORDINANCE VIOLATION"": ""No"",
  ""WASTE TYPE"": [],
  ""WASTE VOLUME"": ""small (pickup truck)"",
  ""WASTE ORIGIN"": ""unknown"",
  ""PROPERTY TYPE"": ""right-of-way"",
  ""ADDRESS MARKERS"": ""NONE"",
  ""GUTTER/ALLEY"": ""Yes"",
  ""WATER PROXIMITY"": ""No"",
  ""CHRONIC SITE"": ""No"",
  ""VEHICLES"": ""NONE"",
  ""IDENTIFIERS"": ""NONE"",
  ""SEVERITY"": ""1"",
  ""ORDINANCE"": ""N/A"",
  ""PRIORITY"": ""LOW"",
  ""SUMMARY"": ""No illegal dumping detected; the scene shows a narrow alley with grass and a wall, no waste or vehicles visible.""
}
```"
20260602T140833Z,DT_10th_and_2nd_St_4_20260531T003000.jpg,,,dataset_20260531/DT_10th_and_2nd_St_4/DT_10th_and_2nd_St_4_20260531T003000.jpg,illegal_dumping,done,2026-06-02T14:19:21.517351+00:00,0.159,0.767,0.947,,nvidia/cosmos-reason2-8b,"DUMPING PRESENT: No
ORDINANCE VIOLATION: No
WASTE TYPE: mixed
WASTE VOLUME: small (pickup truck)
WASTE ORIGIN: residential
PROPERTY TYPE: alley
ADDRESS MARKERS: NONE
GUTTER/ALLEY: Yes
WATER PROXIMITY: No
CHRONIC SITE: No
VEHICLES: NONE
IDENTIFIERS: NONE
SEVERITY: 1
ORDINANCE: N/A
PRIORITY: LOW
SUMMARY: No illegal dumping detected in the alleyway."
20260602T140833Z,DT_10th_and_2nd_St_4_20260531T004000.jpg,,,dataset_20260531/DT_10th_and_2nd_St_4/DT_10th_and_2nd_St_4_20260531T004000.jpg,illegal_dumping,done,2026-06-02T14:19:22.466868+00:00,0.043,0.674,0.721,,nvidia/cosmos-reason2-8b,"DUMPING PRESENT: No
ORDINANCE VIOLATION: No
WASTE TYPE: mixed
WASTE VOLUME: small (pickup truck)
WASTE ORIGIN: residential
PROPERTY TYPE: alley
ADDRESS MARKERS: NONE
GUTTER/ALLEY: Yes
WATER PROXIMITY: No
CHRONIC SITE: No
VEHICLES: NONE
IDENTIFIERS: NONE
SEVERITY: 1
ORDINANCE: N/A
PRIORITY: LOW
SUMMARY: No illegal dumping detected in the alleyway."
20260602T140833Z,DT_10th_and_2nd_St_4_20260531T005000.jpg,,,dataset_20260531/DT_10th_and_2nd_St_4/DT_10th_and_2nd_St_4_20260531T005000.jpg,illegal_dumping,done,2026-06-02T14:19:22.701737+00:00,0.043,0.696,0.743,,nvidia/cosmos-reason2-8b,"DUMPING PRESENT: No
ORDINANCE VIOLATION: No
WASTE TYPE: mixed
WASTE VOLUME: small (pickup truck)
WASTE ORIGIN: residential
PROPERTY TYPE: alley
ADDRESS MARKERS: NONE
GUTTER/ALLEY: Yes
WATER PROXIMITY: No
CHRONIC SITE: No
VEHICLES: NONE
IDENTIFIERS: NONE
SEVERITY: 1
ORDINANCE: N/A
PRIORITY: LOW
SUMMARY: No illegal dumping is observed in the alleyway; the area appears clear with no visible waste or debris."
20260602T140833Z,DT_10th_and_2nd_St_4_20260531T010000.jpg,,,dataset_20260531/DT_10th_and_2nd_St_4/DT_10th_and_2nd_St_4_20260531T010000.jpg,illegal_dumping,done,2026-06-02T14:19:22.805915+00:00,0.044,0.852,0.9,,nvidia/cosmos-reason2-8b,"DUMPING PRESENT: No
ORDINANCE VIOLATION: No
WASTE TYPE: mixed
WASTE VOLUME: small (pickup truck)
WASTE ORIGIN: residential
PROPERTY TYPE: alley
ADDRESS MARKERS: NONE
GUTTER/ALLEY: Yes
WATER PROXIMITY: No
CHRONIC SITE: No
VEHICLES: NONE
IDENTIFIERS: NONE
SEVERITY: 1
ORDINANCE: N/A
PRIORITY: LOW
SUMMARY: No illegal dumping detected in the alleyway; the scene appears to be a natural outdoor area with no visible waste or debris."
20260602T140833Z,DT_10th_and_2nd_St_4_20260531T011000.jpg,,,dataset_20260531/DT_10th_and_2nd_St_4/DT_10th_and_2nd_St_4_20260531T011000.jpg,illegal_dumping,done,2026-06-02T14:19:23.143491+00:00,0.045,0.798,0.847,,nvidia/cosmos-reason2-8b,"DUMPING PRESENT: No
ORDINANCE VIOLATION: No
WASTE TYPE: mixed
WASTE VOLUME: small (pickup truck)
WASTE ORIGIN: residential
PROPERTY TYPE: alley
ADDRESS MARKERS: NONE
GUTTER/ALLEY: Yes
WATER PROXIMITY: No
CHRONIC SITE: No
VEHICLES: NONE
IDENTIFIERS: NONE
SEVERITY: 1
ORDINANCE: N/A
PRIORITY: LOW
SUMMARY: No illegal dumping detected in the alleyway; the scene appears clear with no visible waste or debris."
20260602T140833Z,DT_10th_and_2nd_St_4_20260531T012000.jpg,,,dataset_20260531/DT_10th_and_2nd_St_4/DT_10th_and_2nd_St_4_20260531T012000.jpg,illegal_dumping,done,2026-06-02T14:19:23.191070+00:00,0.045,0.835,0.883,,nvidia/cosmos-reason2-8b,"DUMPING PRESENT: No
ORDINANCE VIOLATION: No
WASTE TYPE: mixed
WASTE VOLUME: small (pickup truck)
WASTE ORIGIN: residential
PROPERTY TYPE: alley
ADDRESS MARKERS: NONE
GUTTER/ALLEY: Yes
WATER PROXIMITY: No
CHRONIC SITE: No
VEHICLES: NONE
IDENTIFIERS: NONE
SEVERITY: 1
ORDINANCE: N/A
PRIORITY: LOW
SUMMARY: No illegal dumping observed in the alleyway."
20260602T140833Z,DT_10th_and_2nd_St_4_20260531T013000.jpg,,,dataset_20260531/DT_10th_and_2nd_St_4/DT_10th_and_2nd_St_4_20260531T013000.jpg,illegal_dumping,done,2026-06-02T14:19:23.447611+00:00,0.047,0.754,0.805,,nvidia/cosmos-reason2-8b,"DUMPING PRESENT: No
ORDINANCE VIOLATION: No
WASTE TYPE: mixed
WASTE VOLUME: small (pickup truck)
WASTE ORIGIN: residential
PROPERTY TYPE: alley
ADDRESS MARKERS: NONE
GUTTER/ALLEY: Yes
WATER PROXIMITY: No
CHRONIC SITE: No
VEHICLES: NONE
IDENTIFIERS: NONE
SEVERITY: 1
ORDINANCE: N/A
PRIORITY: LOW
SUMMARY: No illegal dumping detected in the alleyway."
20260602T140833Z,DT_10th_and_2nd_St_4_20260531T014000.jpg,,,dataset_20260531/DT_10th_and_2nd_St_4/DT_10th_and_2nd_St_4_20260531T014000.jpg,illegal_dumping,done,2026-06-02T14:19:23.708104+00:00,0.041,0.703,0.748,,nvidia/cosmos-reason2-8b,"DUMPING PRESENT: No
ORDINANCE VIOLATION: No
WASTE TYPE: mixed
WASTE VOLUME: small (pickup truck)
WASTE ORIGIN: residential
PROPERTY TYPE: alley
ADDRESS MARKERS: NONE
GUTTER/ALLEY: Yes
WATER PROXIMITY: No
CHRONIC SITE: No
VEHICLES: NONE
IDENTIFIERS: NONE
SEVERITY: 1
ORDINANCE: N/A
PRIORITY: LOW
SUMMARY: No illegal dumping detected in the alleyway."
20260602T140833Z,DT_10th_and_2nd_St_4_20260531T015000.jpg,,,dataset_20260531/DT_10th_and_2nd_St_4/DT_10th_and_2nd_St_4_20260531T015000.jpg,illegal_dumping,done,2026-06-02T14:19:23.993790+00:00,0.041,0.716,0.761,,nvidia/cosmos-reason2-8b,"DUMPING PRESENT: No
ORDINANCE VIOLATION: No
WASTE TYPE: mixed
WASTE VOLUME: small (pickup truck)
WASTE ORIGIN: residential
PROPERTY TYPE: alley
ADDRESS MARKERS: NONE
GUTTER/ALLEY: Yes
WATER PROXIMITY: No
CHRONIC SITE: No
VEHICLES: NONE
IDENTIFIERS: NONE
SEVERITY: 1
ORDINANCE: N/A
PRIORITY: LOW
SUMMARY: No illegal dumping observed in the alleyway."
20260602T140833Z,DT_10th_and_2nd_St_4_20260531T020000.jpg,,,dataset_20260531/DT_10th_and_2nd_St_4/DT_10th_and_2nd_St_4_20260531T020000.jpg,illegal_dumping,done,2026-06-02T14:19:24.076711+00:00,0.042,0.858,0.904,,nvidia/cosmos-reason2-8b,"DUMPING PRESENT: No
ORDINANCE VIOLATION: No
WASTE TYPE: mixed
WASTE VOLUME: small (pickup truck)
WASTE ORIGIN: residential
PROPERTY TYPE: alley
ADDRESS MARKERS: NONE
GUTTER/ALLEY: Yes
WATER PROXIMITY: No
CHRONIC SITE: No
VEHICLES: NONE
IDENTIFIERS: NONE
SEVERITY: 1
ORDINANCE: N/A
PRIORITY: LOW
SUMMARY: No illegal dumping detected in the alleyway."
20260602T140833Z,DT_10th_and_2nd_St_4_20260531T021000.jpg,,,dataset_20260531/DT_10th_and_2nd_St_4/DT_10th_and_2nd_St_4_20260531T021000.jpg,illegal_dumping,done,2026-06-02T14:19:24.254926+00:00,0.035,0.789,0.828,,nvidia/cosmos-reason2-8b,"DUMPING PRESENT: No
ORDINANCE VIOLATION: No
WASTE TYPE: mixed
WASTE VOLUME: small (pickup truck)
WASTE ORIGIN: residential
PROPERTY TYPE: alley
ADDRESS MARKERS: NONE
GUTTER/ALLEY: Yes
WATER PROXIMITY: No
CHRONIC SITE: No
VEHICLES: NONE
IDENTIFIERS: NONE
SEVERITY: 1
ORDINANCE: N/A
PRIORITY: LOW
SUMMARY: No illegal dumping is observed in the alleyway."
20260602T140833Z,DT_10th_and_2nd_St_4_20260531T022000.jpg,,,dataset_20260531/DT_10th_and_2nd_St_4/DT_10th_and_2nd_St_4_20260531T022000.jpg,illegal_dumping,done,2026-06-02T14:19:24.458607+00:00,0.038,0.771,0.813,,nvidia/cosmos-reason2-8b,"DUMPING PRESENT: No
ORDINANCE VIOLATION: No
WASTE TYPE: mixed
WASTE VOLUME: small
WASTE ORIGIN: residential
PROPERTY TYPE: alley
ADDRESS MARKERS: NONE
GUTTER/ALLEY: Yes
WATER PROXIMITY: No
CHRONIC SITE: No
VEHICLES: NONE
IDENTIFIERS: NONE
SEVERITY: 1
ORDINANCE: N/A
PRIORITY: LOW
SUMMARY: No illegal dumping detected in the alleyway."
20260602T140833Z,DT_10th_and_2nd_St_4_20260531T023000.jpg,,,dataset_20260531/DT_10th_and_2nd_St_4/DT_10th_and_2nd_St_4_20260531T023000.jpg,illegal_dumping,done,2026-06-02T14:19:24.757237+00:00,0.05,0.64,0.694,,nvidia/cosmos-reason2-8b,"DUMPING PRESENT: No
ORDINANCE VIOLATION: No
WASTE TYPE: mixed
WASTE VOLUME: small (pickup truck)
WASTE ORIGIN: residential
PROPERTY TYPE: alley
ADDRESS MARKERS: NONE
GUTTER/ALLEY: Yes
WATER PROXIMITY: No
CHRONIC SITE: No
VEHICLES: NONE
IDENTIFIERS: NONE
SEVERITY: 1
ORDINANCE: N/A
PRIORITY: LOW
SUMMARY: No illegal dumping is observed in the alleyway."
20260602T140833Z,DT_10th_and_2nd_St_4_20260531T024000.jpg,,,dataset_20260531/DT_10th_and_2nd_St_4/DT_10th_and_2nd_St_4_20260531T024000.jpg,illegal_dumping,done,2026-06-02T14:19:24.983242+00:00,0.038,0.669,0.71,,nvidia/cosmos-reason2-8b,"DUMPING PRESENT: No
ORDINANCE VIOLATION: No
WASTE TYPE: mixed
WASTE VOLUME: small (pickup truck)
WASTE ORIGIN: residential
PROPERTY TYPE: alley
ADDRESS MARKERS: NONE
GUTTER/ALLEY: Yes
WATER PROXIMITY: No
CHRONIC SITE: No
VEHICLES: NONE
IDENTIFIERS: NONE
SEVERITY: 1
ORDINANCE: N/A
PRIORITY: LOW
SUMMARY: No illegal dumping observed in the alleyway."
20260602T140833Z,DT_10th_and_2nd_St_4_20260531T025000.jpg,,,dataset_20260531/DT_10th_and_2nd_St_4/DT_10th_and_2nd_St_4_20260531T025000.jpg,illegal_dumping,done,2026-06-02T14:19:25.085901+00:00,0.043,0.818,0.865,,nvidia/cosmos-reason2-8b,"DUMPING PRESENT: No
ORDINANCE VIOLATION: No
WASTE TYPE: mixed
WASTE VOLUME: small (pickup truck)
WASTE ORIGIN: residential
PROPERTY TYPE: alley
ADDRESS MARKERS: NONE
GUTTER/ALLEY: Yes
WATER PROXIMITY: No
CHRONIC SITE: No
VEHICLES: NONE
IDENTIFIERS: NONE
SEVERITY: 1
ORDINANCE: N/A
PRIORITY: LOW
SUMMARY: No illegal dumping is observed in the alleyway; the scene appears clean with no visible waste or debris."
20260602T140833Z,DT_10th_and_2nd_St_4_20260531T030000.jpg,,,dataset_20260531/DT_10th_and_2nd_St_4/DT_10th_and_2nd_St_4_20260531T030000.jpg,illegal_dumping,done,2026-06-02T14:19:25.275775+00:00,0.044,0.795,0.842,,nvidia/cosmos-reason2-8b,"DUMPING PRESENT: No
ORDINANCE VIOLATION: No
WASTE TYPE: mixed
WASTE VOLUME: small (pickup truck)
WASTE ORIGIN: residential
PROPERTY TYPE: alley
ADDRESS MARKERS: NONE
GUTTER/ALLEY: Yes
WATER PROXIMITY: No
CHRONIC SITE: No
VEHICLES: NONE
IDENTIFIERS: NONE
SEVERITY: 1
ORDINANCE: N/A
PRIORITY: LOW
SUMMARY: No illegal dumping is observed in the alleyway; the area appears clean with no visible waste or debris."
20260602T140833Z,DT_10th_and_2nd_St_4_20260531T031000.jpg,,,dataset_20260531/DT_10th_and_2nd_St_4/DT_10th_and_2nd_St_4_20260531T031000.jpg,illegal_dumping,done,2026-06-02T14:19:25.453843+00:00,0.042,0.722,0.767,,nvidia/cosmos-reason2-8b,"DUMPING PRESENT: No
ORDINANCE VIOLATION: No
WASTE TYPE: mixed
WASTE VOLUME: small (pickup truck)
WASTE ORIGIN: residential
PROPERTY TYPE: alley
ADDRESS MARKERS: NONE
GUTTER/ALLEY: Yes
WATER PROXIMITY: No
CHRONIC SITE: No
VEHICLES: NONE
IDENTIFIERS: NONE
SEVERITY: 1
ORDINANCE: N/A
PRIORITY: LOW
SUMMARY: No illegal dumping detected in the alleyway."
20260602T140833Z,DT_10th_and_2nd_St_4_20260531T032000.jpg,,,dataset_20260531/DT_10th_and_2nd_St_4/DT_10th_and_2nd_St_4_20260531T032000.jpg,illegal_dumping,done,2026-06-02T14:19:25.696573+00:00,0.036,0.682,0.722,,nvidia/cosmos-reason2-8b,"DUMPING PRESENT: No
ORDINANCE VIOLATION: No
WASTE TYPE: mixed
WASTE VOLUME: small (pickup truck)
WASTE ORIGIN: residential
PROPERTY TYPE: alley
ADDRESS MARKERS: NONE
GUTTER/ALLEY: Yes
WATER PROXIMITY: No
CHRONIC SITE: No
VEHICLES: NONE
IDENTIFIERS: NONE
SEVERITY: 1
ORDINANCE: N/A
PRIORITY: LOW
SUMMARY: No illegal dumping detected in the alleyway."
20260602T140833Z,DT_10th_and_2nd_St_4_20260531T033000.jpg,,,dataset_20260531/DT_10th_and_2nd_St_4/DT_10th_and_2nd_St_4_20260531T033000.jpg,illegal_dumping,done,2026-06-02T14:19:25.953254+00:00,0.04,0.72,0.763,,nvidia/cosmos-reason2-8b,"DUMPING PRESENT: No
ORDINANCE VIOLATION: No
WASTE TYPE: mixed
WASTE VOLUME: small (pickup truck)
WASTE ORIGIN: residential
PROPERTY TYPE: alley
ADDRESS MARKERS: NONE
GUTTER/ALLEY: Yes
WATER PROXIMITY: No
CHRONIC SITE: No
VEHICLES: NONE
IDENTIFIERS: NONE
SEVERITY: 1
ORDINANCE: N/A
PRIORITY: LOW
SUMMARY: No illegal dumping detected in the alleyway."
20260602T140833Z,DT_10th_and_2nd_St_4_20260531T034000.jpg,,,dataset_20260531/DT_10th_and_2nd_St_4/DT_10th_and_2nd_St_4_20260531T034000.jpg,illegal_dumping,done,2026-06-02T14:19:26.119921+00:00,0.044,0.685,0.732,,nvidia/cosmos-reason2-8b,"DUMPING PRESENT: No
ORDINANCE VIOLATION: No
WASTE TYPE: mixed
WASTE VOLUME: small (pickup truck)
WASTE ORIGIN: residential
PROPERTY TYPE: alley
ADDRESS MARKERS: NONE
GUTTER/ALLEY: Yes
WATER PROXIMITY: No
CHRONIC SITE: No
VEHICLES: NONE
IDENTIFIERS: NONE
SEVERITY: 1
ORDINANCE: N/A
PRIORITY: LOW
SUMMARY: No illegal dumping is observed in the alleyway."
20260602T140833Z,DT_10th_and_2nd_St_4_20260531T035000.jpg,,,dataset_20260531/DT_10th_and_2nd_St_4/DT_10th_and_2nd_St_4_20260531T035000.jpg,illegal_dumping,done,2026-06-02T14:19:26.222558+00:00,0.048,0.817,0.868,,nvidia/cosmos-reason2-8b,"DUMPING PRESENT: No
ORDINANCE VIOLATION: No
WASTE TYPE: mixed
WASTE VOLUME: small (pickup truck)
WASTE ORIGIN: residential
PROPERTY TYPE: alley
ADDRESS MARKERS: NONE
GUTTER/ALLEY: Yes
WATER PROXIMITY: No
CHRONIC SITE: No
VEHICLES: NONE
IDENTIFIERS: NONE
SEVERITY: 1
ORDINANCE: N/A
PRIORITY: LOW
SUMMARY: No illegal dumping detected in the alleyway; the area appears clear with no visible waste or debris."
20260602T140833Z,DT_10th_and_2nd_St_4_20260531T040000.jpg,,,dataset_20260531/DT_10th_and_2nd_St_4/DT_10th_and_2nd_St_4_20260531T040000.jpg,illegal_dumping,done,2026-06-02T14:19:26.420926+00:00,0.037,0.729,0.769,,nvidia/cosmos-reason2-8b,"DUMPING PRESENT: No
ORDINANCE VIOLATION: No
WASTE TYPE: mixed
WASTE VOLUME: small (pickup truck)
WASTE ORIGIN: residential
PROPERTY TYPE: alley
ADDRESS MARKERS: NONE
GUTTER/ALLEY: Yes
WATER PROXIMITY: No
CHRONIC SITE: No
VEHICLES: NONE
IDENTIFIERS: NONE
SEVERITY: 1
ORDINANCE: N/A
PRIORITY: LOW
SUMMARY: No illegal dumping detected in the alleyway."
20260602T140833Z,DT_10th_and_2nd_St_4_20260531T041000.jpg,,,dataset_20260531/DT_10th_and_2nd_St_4/DT_10th_and_2nd_St_4_20260531T041000.jpg,illegal_dumping,done,2026-06-02T14:19:26.719041+00:00,0.034,0.644,0.682,,nvidia/cosmos-reason2-8b,"DUMPING PRESENT: No
ORDINANCE VIOLATION: No
WASTE TYPE: mixed
WASTE VOLUME: small (pickup truck)
WASTE ORIGIN: residential
PROPERTY TYPE: alley
ADDRESS MARKERS: NONE
GUTTER/ALLEY: Yes
WATER PROXIMITY: No
CHRONIC SITE: No
VEHICLES: NONE
IDENTIFIERS: NONE
SEVERITY: 1
ORDINANCE: N/A
PRIORITY: LOW
SUMMARY: No illegal dumping observed in the alleyway."
20260602T140833Z,DT_10th_and_2nd_St_4_20260531T042000.jpg,,,dataset_20260531/DT_10th_and_2nd_St_4/DT_10th_and_2nd_St_4_20260531T042000.jpg,illegal_dumping,done,2026-06-02T14:19:26.854828+00:00,0.038,0.73,0.772,,nvidia/cosmos-reason2-8b,"DUMPING PRESENT: No
ORDINANCE VIOLATION: No
WASTE TYPE: mixed
WASTE VOLUME: small (pickup truck)
WASTE ORIGIN: residential
PROPERTY TYPE: alley
ADDRESS MARKERS: NONE
GUTTER/ALLEY: Yes
WATER PROXIMITY: No
CHRONIC SITE: No
VEHICLES: NONE
IDENTIFIERS: NONE
SEVERITY: 1
ORDINANCE: N/A
PRIORITY: LOW
SUMMARY: No illegal dumping detected in the alleyway; the scene appears clear with no visible waste or debris."
20260602T140833Z,DT_10th_and_2nd_St_4_20260531T043000.jpg,,,dataset_20260531/DT_10th_and_2nd_St_4/DT_10th_and_2nd_St_4_20260531T043000.jpg,illegal_dumping,done,2026-06-02T14:19:27.093514+00:00,0.044,0.678,0.725,,nvidia/cosmos-reason2-8b,"DUMPING PRESENT: No
ORDINANCE VIOLATION: No
WASTE TYPE: mixed
WASTE VOLUME: small (pickup truck)
WASTE ORIGIN: residential
PROPERTY TYPE: alley
ADDRESS MARKERS: NONE
GUTTER/ALLEY: Yes
WATER PROXIMITY: No
CHRONIC SITE: No
VEHICLES: NONE
IDENTIFIERS: NONE
SEVERITY: 1
ORDINANCE: N/A
PRIORITY: LOW
SUMMARY: No illegal dumping detected in the alleyway; the scene appears clear with no visible waste or debris."
20260602T140833Z,DT_10th_and_2nd_St_4_20260531T044000.jpg,,,dataset_20260531/DT_10th_and_2nd_St_4/DT_10th_and_2nd_St_4_20260531T044000.jpg,illegal_dumping,done,2026-06-02T14:19:27.192619+00:00,0.039,0.73,0.772,,nvidia/cosmos-reason2-8b,"DUMPING PRESENT: No
ORDINANCE VIOLATION: No
WASTE TYPE: mixed
WASTE VOLUME: small (pickup truck)
WASTE ORIGIN: residential
PROPERTY TYPE: alley
ADDRESS MARKERS: NONE
GUTTER/ALLEY: Yes
WATER PROXIMITY: No
CHRONIC SITE: No
VEHICLES: NONE
IDENTIFIERS: NONE
SEVERITY: 1
ORDINANCE: N/A
PRIORITY: LOW
SUMMARY: No illegal dumping observed in the alleyway."
20260602T140833Z,DT_10th_and_2nd_St_4_20260531T045000.jpg,,,dataset_20260531/DT_10th_and_2nd_St_4/DT_10th_and_2nd_St_4_20260531T045000.jpg,illegal_dumping,done,2026-06-02T14:19:27.403319+00:00,0.041,0.717,0.762,,nvidia/cosmos-reason2-8b,"DUMPING PRESENT: No
ORDINANCE VIOLATION: No
WASTE TYPE: mixed
WASTE VOLUME: small (pickup truck)
WASTE ORIGIN: residential
PROPERTY TYPE: alley
ADDRESS MARKERS: NONE
GUTTER/ALLEY: Yes
WATER PROXIMITY: No
CHRONIC SITE: No
VEHICLES: NONE
IDENTIFIERS: NONE
SEVERITY: 1
ORDINANCE: N/A
PRIORITY: LOW
SUMMARY: No illegal dumping detected in the alleyway."
20260602T140833Z,DT_10th_and_2nd_St_4_20260531T050000.jpg,,,dataset_20260531/DT_10th_and_2nd_St_4/DT_10th_and_2nd_St_4_20260531T050000.jpg,illegal_dumping,done,2026-06-02T14:19:27.629030+00:00,0.044,0.745,0.793,,nvidia/cosmos-reason2-8b,"DUMPING PRESENT: No
ORDINANCE VIOLATION: No
WASTE TYPE: mixed
WASTE VOLUME: small (pickup truck)
WASTE ORIGIN: residential
PROPERTY TYPE: alley
ADDRESS MARKERS: NONE
GUTTER/ALLEY: Yes
WATER PROXIMITY: No
CHRONIC SITE: No
VEHICLES: NONE
IDENTIFIERS: NONE
SEVERITY: 1
ORDINANCE: N/A
PRIORITY: LOW
SUMMARY: No illegal dumping detected in the alleyway; the area appears clear with no visible waste or debris."
20260602T140833Z,DT_10th_and_2nd_St_4_20260531T051000.jpg,,,dataset_20260531/DT_10th_and_2nd_St_4/DT_10th_and_2nd_St_4_20260531T051000.jpg,illegal_dumping,done,2026-06-02T14:19:27.820928+00:00,0.044,0.681,0.729,,nvidia/cosmos-reason2-8b,"DUMPING PRESENT: No
ORDINANCE VIOLATION: No
WASTE TYPE: mixed
WASTE VOLUME: small
WASTE ORIGIN: residential
PROPERTY TYPE: alley
ADDRESS MARKERS: NONE
GUTTER/ALLEY: Yes
WATER PROXIMITY: No
CHRONIC SITE: No
VEHICLES: NONE
IDENTIFIERS: NONE
SEVERITY: 1
ORDINANCE: N/A
PRIORITY: LOW
SUMMARY: No illegal dumping detected in the alleyway."
20260602T140833Z,DT_10th_and_2nd_St_4_20260531T052000.jpg,,,dataset_20260531/DT_10th_and_2nd_St_4/DT_10th_and_2nd_St_4_20260531T052000.jpg,illegal_dumping,done,2026-06-02T14:19:27.967499+00:00,0.046,0.746,0.796,,nvidia/cosmos-reason2-8b,"DUMPING PRESENT: No
ORDINANCE VIOLATION: No
WASTE TYPE: mixed
WASTE VOLUME: small (pickup truck)
WASTE ORIGIN: residential
PROPERTY TYPE: alley
ADDRESS MARKERS: NONE
GUTTER/ALLEY: Yes
WATER PROXIMITY: No
CHRONIC SITE: No
VEHICLES: NONE
IDENTIFIERS: NONE
SEVERITY: 1
ORDINANCE: N/A
PRIORITY: LOW
SUMMARY: No illegal dumping detected in the alleyway."
20260602T140833Z,DT_10th_and_2nd_St_4_20260531T053000.jpg,,,dataset_20260531/DT_10th_and_2nd_St_4/DT_10th_and_2nd_St_4_20260531T053000.jpg,illegal_dumping,done,2026-06-02T14:19:28.168286+00:00,0.044,0.755,0.802,,nvidia/cosmos-reason2-8b,"DUMPING PRESENT: No
ORDINANCE VIOLATION: No
WASTE TYPE: mixed
WASTE VOLUME: small (pickup truck)
WASTE ORIGIN: residential
PROPERTY TYPE: alley
ADDRESS MARKERS: NONE
GUTTER/ALLEY: Yes
WATER PROXIMITY: No
CHRONIC SITE: No
VEHICLES: NONE
IDENTIFIERS: NONE
SEVERITY: 1
ORDINANCE: N/A
PRIORITY: LOW
SUMMARY: No illegal dumping detected in the alleyway."
20260602T140833Z,DT_10th_and_2nd_St_4_20260531T054000.jpg,,,dataset_20260531/DT_10th_and_2nd_St_4/DT_10th_and_2nd_St_4_20260531T054000.jpg,illegal_dumping,done,2026-06-02T14:19:28.424471+00:00,0.041,0.695,0.739,,nvidia/cosmos-reason2-8b,"DUMPING PRESENT: No
ORDINANCE VIOLATION: No
WASTE TYPE: mixed
WASTE VOLUME: small (pickup truck)
WASTE ORIGIN: residential
PROPERTY TYPE: alley
ADDRESS MARKERS: NONE
GUTTER/ALLEY: Yes
WATER PROXIMITY: No
CHRONIC SITE: No
VEHICLES: NONE
IDENTIFIERS: NONE
SEVERITY: 1
ORDINANCE: N/A
PRIORITY: LOW
SUMMARY: No illegal dumping is observed in the alleyway."
20260602T140833Z,DT_10th_and_2nd_St_4_20260531T055000.jpg,,,dataset_20260531/DT_10th_and_2nd_St_4/DT_10th_and_2nd_St_4_20260531T055000.jpg,illegal_dumping,done,2026-06-02T14:19:28.551746+00:00,0.049,0.758,0.81,,nvidia/cosmos-reason2-8b,"DUMPING PRESENT: No
ORDINANCE VIOLATION: No
WASTE TYPE: mixed
WASTE VOLUME: small (pickup truck)
WASTE ORIGIN: residential
PROPERTY TYPE: alley
ADDRESS MARKERS: NONE
GUTTER/ALLEY: Yes
WATER PROXIMITY: No
CHRONIC SITE: No
VEHICLES: NONE
IDENTIFIERS: NONE
SEVERITY: 1
ORDINANCE: N/A
PRIORITY: LOW
SUMMARY: No illegal dumping is observed in the alleyway."
20260602T140833Z,DT_10th_and_2nd_St_4_20260531T060000.jpg,,,dataset_20260531/DT_10th_and_2nd_St_4/DT_10th_and_2nd_St_4_20260531T060000.jpg,illegal_dumping,done,2026-06-02T14:19:28.765617+00:00,0.043,0.932,0.979,,nvidia/cosmos-reason2-8b,"```json
{
  ""DUMPING PRESENT"": ""No"",
  ""ORDINANCE VIOLATION"": ""No"",
  ""WASTE TYPE"": [],
  ""WASTE VOLUME"": ""small (pickup truck)"",
  ""WASTE ORIGIN"": ""unknown"",
  ""PROPERTY TYPE"": ""right-of-way"",
  ""ADDRESS MARKERS"": ""NONE"",
  ""GUTTER/ALLEY"": ""Yes"",
  ""WATER PROXIMITY"": ""No"",
  ""CHRONIC SITE"": ""No"",
  ""VEHICLES"": ""NONE"",
  ""IDENTIFIERS"": ""NONE"",
  ""SEVERITY"": ""1"",
  ""ORDINANCE"": ""N/A"",
  ""PRIORITY"": ""LOW"",
  ""SUMMARY"": ""No illegal dumping detected; the scene shows a narrow alleyway with grass and a wall, no waste or vehicles present.""
}
```"
20260602T140833Z,DT_10th_and_2nd_St_4_20260531T061000.jpg,,,dataset_20260531/DT_10th_and_2nd_St_4/DT_10th_and_2nd_St_4_20260531T061000.jpg,illegal_dumping,done,2026-06-02T14:19:28.973374+00:00,0.043,0.679,0.727,,nvidia/cosmos-reason2-8b,"DUMPING PRESENT: No
ORDINANCE VIOLATION: No
WASTE TYPE: mixed
WASTE VOLUME: small (pickup truck)
WASTE ORIGIN: residential
PROPERTY TYPE: alley
ADDRESS MARKERS: NONE
GUTTER/ALLEY: Yes
WATER PROXIMITY: No
CHRONIC SITE: No
VEHICLES: NONE
IDENTIFIERS: NONE
SEVERITY: 1
ORDINANCE: N/A
PRIORITY: LOW
SUMMARY: No illegal dumping is observed in the alleyway."
20260602T140833Z,DT_10th_and_2nd_St_4_20260531T062000.jpg,,,dataset_20260531/DT_10th_and_2nd_St_4/DT_10th_and_2nd_St_4_20260531T062000.jpg,illegal_dumping,done,2026-06-02T14:19:29.166266+00:00,0.044,0.771,0.818,,nvidia/cosmos-reason2-8b,"DUMPING PRESENT: No
ORDINANCE VIOLATION: No
WASTE TYPE: mixed
WASTE VOLUME: small (pickup truck)
WASTE ORIGIN: residential
PROPERTY TYPE: alley
ADDRESS MARKERS: NONE
GUTTER/ALLEY: Yes
WATER PROXIMITY: No
CHRONIC SITE: No
VEHICLES: NONE
IDENTIFIERS: NONE
SEVERITY: 1
ORDINANCE: N/A
PRIORITY: LOW
SUMMARY: No illegal dumping detected in the alleyway."
20260602T140833Z,DT_10th_and_2nd_St_4_20260531T063000.jpg,,,dataset_20260531/DT_10th_and_2nd_St_4/DT_10th_and_2nd_St_4_20260531T063000.jpg,illegal_dumping,done,2026-06-02T14:19:29.365547+00:00,0.047,0.646,0.696,,nvidia/cosmos-reason2-8b,"DUMPING PRESENT: No
ORDINANCE VIOLATION: No
WASTE TYPE: mixed
WASTE VOLUME: small (pickup truck)
WASTE ORIGIN: residential
PROPERTY TYPE: alley
ADDRESS MARKERS: NONE
GUTTER/ALLEY: Yes
WATER PROXIMITY: No
CHRONIC SITE: No
VEHICLES: NONE
IDENTIFIERS: NONE
SEVERITY: 1
ORDINANCE: N/A
PRIORITY: LOW
SUMMARY: No illegal dumping observed in the alleyway."
20260602T140833Z,DT_10th_and_2nd_St_4_20260531T064000.jpg,,,dataset_20260531/DT_10th_and_2nd_St_4/DT_10th_and_2nd_St_4_20260531T064000.jpg,illegal_dumping,done,2026-06-02T14:19:29.702706+00:00,0.042,0.842,0.888,,nvidia/cosmos-reason2-8b,"DUMPING PRESENT: Yes
ORDINANCE VIOLATION: Yes
WASTE TYPE: mixed
WASTE VOLUME: small (pickup truck)
WASTE ORIGIN: residential
PROPERTY TYPE: alley
ADDRESS MARKERS: NONE
GUTTER/ALLEY: Yes
WATER PROXIMITY: No
CHRONIC SITE: No
VEHICLES: NONE
IDENTIFIERS: NONE
SEVERITY: 2
ORDINANCE: Sec-46-45
PRIORITY: MEDIUM
SUMMARY: A small pile of mixed waste is illegally dumped in an alley, violating Brownsville's property owner liability ordinance."
20260602T140833Z,DT_10th_and_2nd_St_4_20260531T065000.jpg,,,dataset_20260531/DT_10th_and_2nd_St_4/DT_10th_and_2nd_St_4_20260531T065000.jpg,illegal_dumping,done,2026-06-02T14:19:29.746919+00:00,0.047,0.886,0.936,,nvidia/cosmos-reason2-8b,"DUMPING PRESENT: No
ORDINANCE VIOLATION: No
WASTE TYPE: mixed
WASTE VOLUME: small (pickup truck)
WASTE ORIGIN: residential
PROPERTY TYPE: alley
ADDRESS MARKERS: NONE
GUTTER/ALLEY: Yes
WATER PROXIMITY: No
CHRONIC SITE: No
VEHICLES: NONE
IDENTIFIERS: NONE
SEVERITY: 1
ORDINANCE: N/A
PRIORITY: LOW
SUMMARY: No illegal dumping is observed in the alleyway; the area appears clean with no visible waste or debris."
20260602T140833Z,DT_10th_and_2nd_St_4_20260531T070000.jpg,,,dataset_20260531/DT_10th_and_2nd_St_4/DT_10th_and_2nd_St_4_20260531T070000.jpg,illegal_dumping,done,2026-06-02T14:19:29.987969+00:00,0.043,1.025,1.071,,nvidia/cosmos-reason2-8b,"DUMPING PRESENT: No
ORDINANCE VIOLATION: No
WASTE TYPE: mixed
WASTE VOLUME: small (pickup truck)
WASTE ORIGIN: residential
PROPERTY TYPE: alley
ADDRESS MARKERS: NONE
GUTTER/ALLEY: Yes
WATER PROXIMITY: No
CHRONIC SITE: No
VEHICLES: NONE
IDENTIFIERS: NONE
SEVERITY: 1
ORDINANCE: N/A
PRIORITY: LOW
SUMMARY: No illegal dumping detected in the alleyway; the area appears clear of waste materials."
20260602T140833Z,DT_10th_and_2nd_St_4_20260531T071000.jpg,,,dataset_20260531/DT_10th_and_2nd_St_4/DT_10th_and_2nd_St_4_20260531T071000.jpg,illegal_dumping,done,2026-06-02T14:19:30.065591+00:00,0.044,0.812,0.86,,nvidia/cosmos-reason2-8b,"DUMPING PRESENT: No
ORDINANCE VIOLATION: No
WASTE TYPE: mixed
WASTE VOLUME: small (pickup truck)
WASTE ORIGIN: residential
PROPERTY TYPE: alley
ADDRESS MARKERS: NONE
GUTTER/ALLEY: Yes
WATER PROXIMITY: No
CHRONIC SITE: No
VEHICLES: NONE
IDENTIFIERS: NONE
SEVERITY: 1
ORDINANCE: N/A
PRIORITY: LOW
SUMMARY: No illegal dumping detected in the alleyway; the area appears clear with no visible waste or debris."
20260602T140833Z,DT_10th_and_2nd_St_4_20260531T072000.jpg,,,dataset_20260531/DT_10th_and_2nd_St_4/DT_10th_and_2nd_St_4_20260531T072000.jpg,illegal_dumping,done,2026-06-02T14:19:30.592681+00:00,0.044,0.646,0.693,,nvidia/cosmos-reason2-8b,"DUMPING PRESENT: No
ORDINANCE VIOLATION: No
WASTE TYPE:
WASTE VOLUME:
WASTE ORIGIN:
PROPERTY TYPE: vacant-lot
ADDRESS MARKERS: NONE
GUTTER/ALLEY: No
WATER PROXIMITY: No
CHRONIC SITE: No
VEHICLES: NONE
IDENTIFIERS: NONE
SEVERITY: 1
ORDINANCE: N/A
PRIORITY: LOW
SUMMARY: No illegal dumping detected in the scene."
20260602T140833Z,DT_10th_and_2nd_St_4_20260531T073000.jpg,,,dataset_20260531/DT_10th_and_2nd_St_4/DT_10th_and_2nd_St_4_20260531T073000.jpg,illegal_dumping,done,2026-06-02T14:19:30.685121+00:00,0.039,0.817,0.86,,nvidia/cosmos-reason2-8b,"DUMPING PRESENT: No
ORDINANCE VIOLATION: No
WASTE TYPE: mixed
WASTE VOLUME: small (pickup truck)
WASTE ORIGIN: residential
PROPERTY TYPE: alley
ADDRESS MARKERS: NONE
GUTTER/ALLEY: Yes
WATER PROXIMITY: No
CHRONIC SITE: No
VEHICLES: NONE
IDENTIFIERS: NONE
SEVERITY: 1
ORDINANCE: N/A
PRIORITY: LOW
SUMMARY: No illegal dumping observed in the alleyway; the area appears clean with no visible waste or debris."
20260602T140833Z,DT_10th_and_2nd_St_4_20260531T074000.jpg,,,dataset_20260531/DT_10th_and_2nd_St_4/DT_10th_and_2nd_St_4_20260531T074000.jpg,illegal_dumping,done,2026-06-02T14:19:30.928030+00:00,0.043,0.73,0.776,,nvidia/cosmos-reason2-8b,"DUMPING PRESENT: No
ORDINANCE VIOLATION: No
WASTE TYPE: mixed
WASTE VOLUME: small (pickup truck)
WASTE ORIGIN: residential
PROPERTY TYPE: alley
ADDRESS MARKERS: NONE
GUTTER/ALLEY: Yes
WATER PROXIMITY: No
CHRONIC SITE: No
VEHICLES: NONE
IDENTIFIERS: NONE
SEVERITY: 1
ORDINANCE: N/A
PRIORITY: LOW
SUMMARY: No illegal dumping detected in the alleyway."
20260602T140833Z,DT_10th_and_2nd_St_4_20260531T075000.jpg,,,dataset_20260531/DT_10th_and_2nd_St_4/DT_10th_and_2nd_St_4_20260531T075000.jpg,illegal_dumping,done,2026-06-02T14:19:31.060951+00:00,0.047,0.771,0.822,,nvidia/cosmos-reason2-8b,"DUMPING PRESENT: No
ORDINANCE VIOLATION: No
WASTE TYPE: mixed
WASTE VOLUME: small (pickup truck)
WASTE ORIGIN: residential
PROPERTY TYPE: alley
ADDRESS MARKERS: NONE
GUTTER/ALLEY: Yes
WATER PROXIMITY: No
CHRONIC SITE: No
VEHICLES: NONE
IDENTIFIERS: NONE
SEVERITY: 1
ORDINANCE: N/A
PRIORITY: LOW
SUMMARY: No illegal dumping detected in the alleyway; the area appears clean with no visible waste or debris."
20260602T140833Z,DT_10th_and_2nd_St_4_20260531T080000.jpg,,,dataset_20260531/DT_10th_and_2nd_St_4/DT_10th_and_2nd_St_4_20260531T080000.jpg,illegal_dumping,done,2026-06-02T14:19:31.288327+00:00,0.044,0.74,0.787,,nvidia/cosmos-reason2-8b,"DUMPING PRESENT: No
ORDINANCE VIOLATION: No
WASTE TYPE: mixed
WASTE VOLUME: small (pickup truck)
WASTE ORIGIN: residential
PROPERTY TYPE: alley
ADDRESS MARKERS: NONE
GUTTER/ALLEY: Yes
WATER PROXIMITY: No
CHRONIC SITE: No
VEHICLES: NONE
IDENTIFIERS: NONE
SEVERITY: 1
ORDINANCE: N/A
PRIORITY: LOW
SUMMARY: No illegal dumping detected in the alleyway; the area appears clean with no visible waste or debris."
20260602T140833Z,DT_10th_and_2nd_St_4_20260531T081000.jpg,,,dataset_20260531/DT_10th_and_2nd_St_4/DT_10th_and_2nd_St_4_20260531T081000.jpg,illegal_dumping,done,2026-06-02T14:19:31.547159+00:00,0.041,0.679,0.723,,nvidia/cosmos-reason2-8b,"DUMPING PRESENT: No
ORDINANCE VIOLATION: No
WASTE TYPE: mixed
WASTE VOLUME: small (pickup truck)
WASTE ORIGIN: residential
PROPERTY TYPE: alley
ADDRESS MARKERS: NONE
GUTTER/ALLEY: Yes
WATER PROXIMITY: No
CHRONIC SITE: No
VEHICLES: NONE
IDENTIFIERS: NONE
SEVERITY: 1
ORDINANCE: N/A
PRIORITY: LOW
SUMMARY: No illegal dumping observed in the alleyway; the area appears clean with no visible waste or debris."
20260602T140833Z,DT_10th_and_2nd_St_4_20260531T082000.jpg,,,dataset_20260531/DT_10th_and_2nd_St_4/DT_10th_and_2nd_St_4_20260531T082000.jpg,illegal_dumping,done,2026-06-02T14:19:31.706473+00:00,0.037,0.712,0.753,,nvidia/cosmos-reason2-8b,"DUMPING PRESENT: No
ORDINANCE VIOLATION: No
WASTE TYPE: mixed
WASTE VOLUME: small (pickup truck)
WASTE ORIGIN: residential
PROPERTY TYPE: alley
ADDRESS MARKERS: NONE
GUTTER/ALLEY: Yes
WATER PROXIMITY: No
CHRONIC SITE: No
VEHICLES: NONE
IDENTIFIERS: NONE
SEVERITY: 1
ORDINANCE: N/A
PRIORITY: LOW
SUMMARY: No illegal dumping observed in the alleyway."
20260602T140833Z,DT_10th_and_2nd_St_4_20260531T083000.jpg,,,dataset_20260531/DT_10th_and_2nd_St_4/DT_10th_and_2nd_St_4_20260531T083000.jpg,illegal_dumping,done,2026-06-02T14:19:31.885392+00:00,0.043,0.816,0.863,,nvidia/cosmos-reason2-8b,"DUMPING PRESENT: No
ORDINANCE VIOLATION: No
WASTE TYPE: mixed
WASTE VOLUME: small (pickup truck)
WASTE ORIGIN: residential
PROPERTY TYPE: alley
ADDRESS MARKERS: NONE
GUTTER/ALLEY: Yes
WATER PROXIMITY: No
CHRONIC SITE: No
VEHICLES: NONE
IDENTIFIERS: NONE
SEVERITY: 1
ORDINANCE: N/A
PRIORITY: LOW
SUMMARY: No illegal dumping detected in the alleyway; the area appears clean with no visible waste or debris."
20260602T140833Z,DT_10th_and_2nd_St_4_20260531T084000.jpg,,,dataset_20260531/DT_10th_and_2nd_St_4/DT_10th_and_2nd_St_4_20260531T084000.jpg,illegal_dumping,done,2026-06-02T14:19:32.078753+00:00,0.043,0.722,0.769,,nvidia/cosmos-reason2-8b,"DUMPING PRESENT: No
ORDINANCE VIOLATION: No
WASTE TYPE: mixed
WASTE VOLUME: small (pickup truck)
WASTE ORIGIN: residential
PROPERTY TYPE: alley
ADDRESS MARKERS: NONE
GUTTER/ALLEY: Yes
WATER PROXIMITY: No
CHRONIC SITE: No
VEHICLES: NONE
IDENTIFIERS: NONE
SEVERITY: 1
ORDINANCE: N/A
PRIORITY: LOW
SUMMARY: No illegal dumping detected in the alleyway; the area appears clean with no visible waste or debris."
20260602T140833Z,DT_10th_and_2nd_St_4_20260531T085000.jpg,,,dataset_20260531/DT_10th_and_2nd_St_4/DT_10th_and_2nd_St_4_20260531T085000.jpg,illegal_dumping,done,2026-06-02T14:19:32.272479+00:00,0.045,0.731,0.779,,nvidia/cosmos-reason2-8b,"DUMPING PRESENT: No
ORDINANCE VIOLATION: No
WASTE TYPE: mixed
WASTE VOLUME: small (pickup truck)
WASTE ORIGIN: residential
PROPERTY TYPE: alley
ADDRESS MARKERS: NONE
GUTTER/ALLEY: Yes
WATER PROXIMITY: No
CHRONIC SITE: No
VEHICLES: NONE
IDENTIFIERS: NONE
SEVERITY: 1
ORDINANCE: N/A
PRIORITY: LOW
SUMMARY: No illegal dumping detected in the alleyway; the area appears clean with no visible waste or debris."
20260602T140833Z,DT_10th_and_2nd_St_4_20260531T090000.jpg,,,dataset_20260531/DT_10th_and_2nd_St_4/DT_10th_and_2nd_St_4_20260531T090000.jpg,illegal_dumping,done,2026-06-02T14:19:32.461245+00:00,0.038,0.784,0.825,,nvidia/cosmos-reason2-8b,"DUMPING PRESENT: No
ORDINANCE VIOLATION: No
WASTE TYPE: mixed
WASTE VOLUME: small (pickup truck)
WASTE ORIGIN: residential
PROPERTY TYPE: alley
ADDRESS MARKERS: NONE
GUTTER/ALLEY: Yes
WATER PROXIMITY: No
CHRONIC SITE: No
VEHICLES: NONE
IDENTIFIERS: NONE
SEVERITY: 1
ORDINANCE: N/A
PRIORITY: LOW
SUMMARY: No illegal dumping detected in the alleyway; the area appears clear of waste materials."
20260602T140833Z,DT_10th_and_2nd_St_4_20260531T091000.jpg,,,dataset_20260531/DT_10th_and_2nd_St_4/DT_10th_and_2nd_St_4_20260531T091000.jpg,illegal_dumping,done,2026-06-02T14:19:32.750706+00:00,0.04,0.739,0.782,,nvidia/cosmos-reason2-8b,"DUMPING PRESENT: No
ORDINANCE VIOLATION: No
WASTE TYPE: mixed
WASTE VOLUME: small (pickup truck)
WASTE ORIGIN: residential
PROPERTY TYPE: vacant-lot
ADDRESS MARKERS: NONE
GUTTER/ALLEY: No
WATER PROXIMITY: No
CHRONIC SITE: No
VEHICLES: NONE
IDENTIFIERS: NONE
SEVERITY: 1
ORDINANCE: N/A
PRIORITY: LOW
SUMMARY: No illegal dumping detected in the video."
20260602T140833Z,DT_10th_and_2nd_St_4_20260531T092000.jpg,,,dataset_20260531/DT_10th_and_2nd_St_4/DT_10th_and_2nd_St_4_20260531T092000.jpg,illegal_dumping,done,2026-06-02T14:19:32.849221+00:00,0.036,0.897,0.937,,nvidia/cosmos-reason2-8b,"DUMPING PRESENT: No
ORDINANCE VIOLATION: No
WASTE TYPE: mixed
WASTE VOLUME: small (pickup truck)
WASTE ORIGIN: residential
PROPERTY TYPE: alley
ADDRESS MARKERS: NONE
GUTTER/ALLEY: Yes
WATER PROXIMITY: No
CHRONIC SITE: No
VEHICLES: NONE
IDENTIFIERS: NONE
SEVERITY: 1
ORDINANCE: N/A
PRIORITY: LOW
SUMMARY: No illegal dumping detected in the alleyway; the area appears clean with no visible waste or debris."
20260602T140833Z,DT_10th_and_2nd_St_4_20260531T093000.jpg,,,dataset_20260531/DT_10th_and_2nd_St_4/DT_10th_and_2nd_St_4_20260531T093000.jpg,illegal_dumping,done,2026-06-02T14:19:33.054110+00:00,0.039,0.783,0.826,,nvidia/cosmos-reason2-8b,"DUMPING PRESENT: No
ORDINANCE VIOLATION: No
WASTE TYPE: mixed
WASTE VOLUME: small (pickup truck)
WASTE ORIGIN: residential
PROPERTY TYPE: alley
ADDRESS MARKERS: NONE
GUTTER/ALLEY: Yes
WATER PROXIMITY: No
CHRONIC SITE: No
VEHICLES: NONE
IDENTIFIERS: NONE
SEVERITY: 1
ORDINANCE: N/A
PRIORITY: LOW
SUMMARY: No illegal dumping observed in the alleyway."
20260602T140833Z,DT_10th_and_2nd_St_4_20260531T094000.jpg,,,dataset_20260531/DT_10th_and_2nd_St_4/DT_10th_and_2nd_St_4_20260531T094000.jpg,illegal_dumping,done,2026-06-02T14:19:33.288996+00:00,0.046,0.707,0.756,,nvidia/cosmos-reason2-8b,"DUMPING PRESENT: No
ORDINANCE VIOLATION: No
WASTE TYPE: mixed
WASTE VOLUME: small (pickup truck)
WASTE ORIGIN: residential
PROPERTY TYPE: alley
ADDRESS MARKERS: NONE
GUTTER/ALLEY: Yes
WATER PROXIMITY: No
CHRONIC SITE: No
VEHICLES: NONE
IDENTIFIERS: NONE
SEVERITY: 1
ORDINANCE: N/A
PRIORITY: LOW
SUMMARY: No illegal dumping detected in the alleyway; the area appears clean with no visible waste or debris."
20260602T140833Z,DT_10th_and_2nd_St_4_20260531T095000.jpg,,,dataset_20260531/DT_10th_and_2nd_St_4/DT_10th_and_2nd_St_4_20260531T095000.jpg,illegal_dumping,done,2026-06-02T14:19:33.535412+00:00,0.041,0.714,0.759,,nvidia/cosmos-reason2-8b,"DUMPING PRESENT: No
ORDINANCE VIOLATION: No
WASTE TYPE: mixed
WASTE VOLUME: small (pickup truck)
WASTE ORIGIN: residential
PROPERTY TYPE: alley
ADDRESS MARKERS: NONE
GUTTER/ALLEY: Yes
WATER PROXIMITY: No
CHRONIC SITE: No
VEHICLES: NONE
IDENTIFIERS: NONE
SEVERITY: 1
ORDINANCE: N/A
PRIORITY: LOW
SUMMARY: No illegal dumping observed in the alleyway; the area appears clear of waste materials."
20260602T140833Z,DT_10th_and_2nd_St_4_20260531T100000.jpg,,,dataset_20260531/DT_10th_and_2nd_St_4/DT_10th_and_2nd_St_4_20260531T100000.jpg,illegal_dumping,done,2026-06-02T14:19:33.788390+00:00,0.038,0.721,0.763,,nvidia/cosmos-reason2-8b,"DUMPING PRESENT: No
ORDINANCE VIOLATION: No
WASTE TYPE: mixed
WASTE VOLUME: small (pickup truck)
WASTE ORIGIN: residential
PROPERTY TYPE: alley
ADDRESS MARKERS: NONE
GUTTER/ALLEY: Yes
WATER PROXIMITY: No
CHRONIC SITE: No
VEHICLES: NONE
IDENTIFIERS: NONE
SEVERITY: 1
ORDINANCE: N/A
PRIORITY: LOW
SUMMARY: No illegal dumping detected in the alleyway; the area appears clean with no visible waste or debris."
20260602T140833Z,DT_10th_and_2nd_St_4_20260531T101000.jpg,,,dataset_20260531/DT_10th_and_2nd_St_4/DT_10th_and_2nd_St_4_20260531T101000.jpg,illegal_dumping,done,2026-06-02T14:19:33.881686+00:00,0.042,0.886,0.931,,nvidia/cosmos-reason2-8b,"DUMPING PRESENT: No
ORDINANCE VIOLATION: No
WASTE TYPE: mixed
WASTE VOLUME: small (pickup truck)
WASTE ORIGIN: residential
PROPERTY TYPE: alley
ADDRESS MARKERS: NONE
GUTTER/ALLEY: Yes
WATER PROXIMITY: No
CHRONIC SITE: No
VEHICLES: NONE
IDENTIFIERS: NONE
SEVERITY: 1
ORDINANCE: N/A
PRIORITY: LOW
SUMMARY: No illegal dumping detected in the alleyway; the area appears clean with no visible waste or debris."
20260602T140833Z,DT_10th_and_2nd_St_4_20260531T102000.jpg,,,dataset_20260531/DT_10th_and_2nd_St_4/DT_10th_and_2nd_St_4_20260531T102000.jpg,illegal_dumping,done,2026-06-02T14:19:34.047678+00:00,0.044,0.804,0.85,,nvidia/cosmos-reason2-8b,"DUMPING PRESENT: No
ORDINANCE VIOLATION: No
WASTE TYPE: mixed
WASTE VOLUME: small (pickup truck)
WASTE ORIGIN: residential
PROPERTY TYPE: alley
ADDRESS MARKERS: NONE
GUTTER/ALLEY: Yes
WATER PROXIMITY: No
CHRONIC SITE: No
VEHICLES: NONE
IDENTIFIERS: NONE
SEVERITY: 1
ORDINANCE: N/A
PRIORITY: LOW
SUMMARY: No illegal dumping is observed in the alleyway; the area appears clean with no visible waste or debris."
20260602T140833Z,DT_10th_and_2nd_St_4_20260531T103000.jpg,,,dataset_20260531/DT_10th_and_2nd_St_4/DT_10th_and_2nd_St_4_20260531T103000.jpg,illegal_dumping,done,2026-06-02T14:19:34.296594+00:00,0.037,0.757,0.797,,nvidia/cosmos-reason2-8b,"DUMPING PRESENT: No
ORDINANCE VIOLATION: No
WASTE TYPE: mixed
WASTE VOLUME: small (pickup truck)
WASTE ORIGIN: residential
PROPERTY TYPE: alley
ADDRESS MARKERS: NONE
GUTTER/ALLEY: Yes
WATER PROXIMITY: No
CHRONIC SITE: No
VEHICLES: NONE
IDENTIFIERS: NONE
SEVERITY: 1
ORDINANCE: N/A
PRIORITY: LOW
SUMMARY: No illegal dumping is observed in the alleyway."
20260602T140833Z,DT_10th_and_2nd_St_4_20260531T104000.jpg,,,dataset_20260531/DT_10th_and_2nd_St_4/DT_10th_and_2nd_St_4_20260531T104000.jpg,illegal_dumping,done,2026-06-02T14:19:34.554055+00:00,0.041,0.676,0.721,,nvidia/cosmos-reason2-8b,"DUMPING PRESENT: No
ORDINANCE VIOLATION: No
WASTE TYPE: mixed
WASTE VOLUME: small (pickup truck)
WASTE ORIGIN: residential
PROPERTY TYPE: alley
ADDRESS MARKERS: NONE
GUTTER/ALLEY: Yes
WATER PROXIMITY: No
CHRONIC SITE: No
VEHICLES: NONE
IDENTIFIERS: NONE
SEVERITY: 1
ORDINANCE: N/A
PRIORITY: LOW
SUMMARY: No illegal dumping observed in the alleyway."
20260602T140833Z,DT_10th_and_2nd_St_4_20260531T105000.jpg,,,dataset_20260531/DT_10th_and_2nd_St_4/DT_10th_and_2nd_St_4_20260531T105000.jpg,illegal_dumping,done,2026-06-02T14:19:34.815472+00:00,0.041,0.709,0.754,,nvidia/cosmos-reason2-8b,"DUMPING PRESENT: No
ORDINANCE VIOLATION: No
WASTE TYPE: mixed
WASTE VOLUME: small (pickup truck)
WASTE ORIGIN: residential
PROPERTY TYPE: alley
ADDRESS MARKERS: NONE
GUTTER/ALLEY: Yes
WATER PROXIMITY: No
CHRONIC SITE: No
VEHICLES: NONE
IDENTIFIERS: NONE
SEVERITY: 1
ORDINANCE: N/A
PRIORITY: LOW
SUMMARY: No illegal dumping detected in the alleyway."
20260602T140833Z,DT_10th_and_2nd_St_4_20260531T110000.jpg,,,dataset_20260531/DT_10th_and_2nd_St_4/DT_10th_and_2nd_St_4_20260531T110000.jpg,illegal_dumping,done,2026-06-02T14:19:34.900359+00:00,0.037,0.87,0.91,,nvidia/cosmos-reason2-8b,"DUMPING PRESENT: No
ORDINANCE VIOLATION: No
WASTE TYPE: mixed
WASTE VOLUME: small (pickup truck)
WASTE ORIGIN: residential
PROPERTY TYPE: alley
ADDRESS MARKERS: NONE
GUTTER/ALLEY: Yes
WATER PROXIMITY: No
CHRONIC SITE: No
VEHICLES: NONE
IDENTIFIERS: NONE
SEVERITY: 1
ORDINANCE: N/A
PRIORITY: LOW
SUMMARY: No illegal dumping observed in the alleyway; the area appears clean with no visible waste or debris."
20260602T140833Z,DT_10th_and_2nd_St_4_20260531T111000.jpg,,,dataset_20260531/DT_10th_and_2nd_St_4/DT_10th_and_2nd_St_4_20260531T111000.jpg,illegal_dumping,done,2026-06-02T14:19:35.095762+00:00,0.04,0.928,0.971,,nvidia/cosmos-reason2-8b,"DUMPING PRESENT: Yes
ORDINANCE VIOLATION: Yes
WASTE TYPE: mixed
WASTE VOLUME: small (pickup truck)
WASTE ORIGIN: unknown
PROPERTY TYPE: right-of-way
ADDRESS MARKERS: NONE
GUTTER/ALLEY: Yes
WATER PROXIMITY: No
CHRONIC SITE: No
VEHICLES: NONE
IDENTIFIERS: NONE
SEVERITY: 2
ORDINANCE: Sec-46-45
PRIORITY: MEDIUM
SUMMARY: A small pile of mixed waste is illegally dumped in a right-of-way, violating Brownsville's property owner liability ordinance.
"
20260602T140833Z,DT_10th_and_2nd_St_4_20260531T112000.jpg,,,dataset_20260531/DT_10th_and_2nd_St_4/DT_10th_and_2nd_St_4_20260531T112000.jpg,illegal_dumping,done,2026-06-02T14:19:35.277877+00:00,0.045,0.911,0.96,,nvidia/cosmos-reason2-8b,"DUMPING PRESENT: No
ORDINANCE VIOLATION: No
WASTE TYPE: mixed
WASTE VOLUME: small (pickup truck)
WASTE ORIGIN: residential
PROPERTY TYPE: alley
ADDRESS MARKERS: NONE
GUTTER/ALLEY: Yes
WATER PROXIMITY: No
CHRONIC SITE: No
VEHICLES: NONE
IDENTIFIERS: NONE
SEVERITY: 1
ORDINANCE: N/A
PRIORITY: LOW
SUMMARY: No illegal dumping observed in the alleyway."
20260602T140833Z,DT_10th_and_2nd_St_4_20260531T113000.jpg,,,dataset_20260531/DT_10th_and_2nd_St_4/DT_10th_and_2nd_St_4_20260531T113000.jpg,illegal_dumping,done,2026-06-02T14:19:35.572102+00:00,0.042,0.824,0.87,,nvidia/cosmos-reason2-8b,"DUMPING PRESENT: Yes
ORDINANCE VIOLATION: Yes
WASTE TYPE: mixed
WASTE VOLUME: small (pickup truck)
WASTE ORIGIN: unknown
PROPERTY TYPE: right-of-way
ADDRESS MARKERS: NONE
GUTTER/ALLEY: Yes
WATER PROXIMITY: No
CHRONIC SITE: No
VEHICLES: NONE
IDENTIFIERS: NONE
SEVERITY: 2
ORDINANCE: Sec-46-45
PRIORITY: MEDIUM
SUMMARY: A small pile of mixed waste is illegally dumped in a right-of-way, violating Brownsville's property owner liability ordinance (Sec. 46-45)."
20260602T140833Z,DT_10th_and_2nd_St_4_20260531T114000.jpg,,,dataset_20260531/DT_10th_and_2nd_St_4/DT_10th_and_2nd_St_4_20260531T114000.jpg,illegal_dumping,done,2026-06-02T14:19:35.813456+00:00,0.038,0.776,0.817,,nvidia/cosmos-reason2-8b,"DUMPING PRESENT: No
ORDINANCE VIOLATION: No
WASTE TYPE: mixed
WASTE VOLUME: small (pickup truck)
WASTE ORIGIN: residential
PROPERTY TYPE: alley
ADDRESS MARKERS: NONE
GUTTER/ALLEY: Yes
WATER PROXIMITY: No
CHRONIC SITE: No
VEHICLES: NONE
IDENTIFIERS: NONE
SEVERITY: 1
ORDINANCE: N/A
PRIORITY: LOW
SUMMARY: No illegal dumping detected in the alleyway; the area appears clean with no visible waste or debris."
20260602T140833Z,DT_10th_and_2nd_St_4_20260531T115000.jpg,,,dataset_20260531/DT_10th_and_2nd_St_4/DT_10th_and_2nd_St_4_20260531T115000.jpg,illegal_dumping,done,2026-06-02T14:19:36.069422+00:00,0.042,0.648,0.694,,nvidia/cosmos-reason2-8b,"DUMPING PRESENT: No
ORDINANCE VIOLATION: No
WASTE TYPE: mixed
WASTE VOLUME: small (pickup truck)
WASTE ORIGIN: residential
PROPERTY TYPE: alley
ADDRESS MARKERS: NONE
GUTTER/ALLEY: Yes
WATER PROXIMITY: No
CHRONIC SITE: No
VEHICLES: NONE
IDENTIFIERS: NONE
SEVERITY: 1
ORDINANCE: N/A
PRIORITY: LOW
SUMMARY: No illegal dumping detected in the alleyway."
20260602T140833Z,DT_10th_and_2nd_St_4_20260531T120000.jpg,,,dataset_20260531/DT_10th_and_2nd_St_4/DT_10th_and_2nd_St_4_20260531T120000.jpg,illegal_dumping,done,2026-06-02T14:19:36.239855+00:00,0.037,0.709,0.75,,nvidia/cosmos-reason2-8b,"DUMPING PRESENT: No
ORDINANCE VIOLATION: No
WASTE TYPE: mixed
WASTE VOLUME: small (pickup truck)
WASTE ORIGIN: residential
PROPERTY TYPE: alley
ADDRESS MARKERS: NONE
GUTTER/ALLEY: Yes
WATER PROXIMITY: No
CHRONIC SITE: No
VEHICLES: NONE
IDENTIFIERS: NONE
SEVERITY: 1
ORDINANCE: N/A
PRIORITY: LOW
SUMMARY: No illegal dumping observed in the alleyway; the area appears clean with no visible waste or debris."
20260602T140833Z,DT_10th_and_2nd_St_4_20260531T121000.jpg,,,dataset_20260531/DT_10th_and_2nd_St_4/DT_10th_and_2nd_St_4_20260531T121000.jpg,illegal_dumping,done,2026-06-02T14:19:36.444328+00:00,0.037,0.716,0.757,,nvidia/cosmos-reason2-8b,"DUMPING PRESENT: No
ORDINANCE VIOLATION: No
WASTE TYPE: mixed
WASTE VOLUME: small (pickup truck)
WASTE ORIGIN: residential
PROPERTY TYPE: occupied-private
ADDRESS MARKERS: NONE
GUTTER/ALLEY: No
WATER PROXIMITY: No
CHRONIC SITE: No
VEHICLES: NONE
IDENTIFIERS: NONE
SEVERITY: 1
ORDINANCE: N/A
PRIORITY: LOW
SUMMARY: No illegal dumping is observed in the video; the scene appears to be a normal indoor environment without any waste or debris."
20260602T140833Z,DT_10th_and_2nd_St_4_20260531T122000.jpg,,,dataset_20260531/DT_10th_and_2nd_St_4/DT_10th_and_2nd_St_4_20260531T122000.jpg,illegal_dumping,done,2026-06-02T14:19:36.634068+00:00,0.046,0.697,0.747,,nvidia/cosmos-reason2-8b,"DUMPING PRESENT: No
ORDINANCE VIOLATION: No
WASTE TYPE: mixed
WASTE VOLUME: small (pickup truck)
WASTE ORIGIN: residential
PROPERTY TYPE: alley
ADDRESS MARKERS: NONE
GUTTER/ALLEY: Yes
WATER PROXIMITY: No
CHRONIC SITE: No
VEHICLES: NONE
IDENTIFIERS: NONE
SEVERITY: 1
ORDINANCE: N/A
PRIORITY: LOW
SUMMARY: No illegal dumping observed in the alleyway."
20260602T140833Z,DT_10th_and_2nd_St_4_20260531T123000.jpg,,,dataset_20260531/DT_10th_and_2nd_St_4/DT_10th_and_2nd_St_4_20260531T123000.jpg,illegal_dumping,done,2026-06-02T14:19:36.765251+00:00,0.039,0.798,0.841,,nvidia/cosmos-reason2-8b,"DUMPING PRESENT: No
ORDINANCE VIOLATION: No
WASTE TYPE: mixed
WASTE VOLUME: small (pickup truck)
WASTE ORIGIN: residential
PROPERTY TYPE: alley
ADDRESS MARKERS: NONE
GUTTER/ALLEY: Yes
WATER PROXIMITY: No
CHRONIC SITE: No
VEHICLES: NONE
IDENTIFIERS: NONE
SEVERITY: 1
ORDINANCE: N/A
PRIORITY: LOW
SUMMARY: No illegal dumping detected in the alleyway; the area appears clean with no visible waste or debris."
20260602T140833Z,DT_10th_and_2nd_St_4_20260531T124000.jpg,,,dataset_20260531/DT_10th_and_2nd_St_4/DT_10th_and_2nd_St_4_20260531T124000.jpg,illegal_dumping,done,2026-06-02T14:19:36.992034+00:00,0.032,0.812,0.848,,nvidia/cosmos-reason2-8b,"DUMPING PRESENT: Yes
ORDINANCE VIOLATION: Yes
WASTE TYPE: mixed
WASTE VOLUME: small (pickup truck)
WASTE ORIGIN: unknown
PROPERTY TYPE: right-of-way
ADDRESS MARKERS: NONE
GUTTER/ALLEY: No
WATER PROXIMITY: No
CHRONIC SITE: No
VEHICLES: NONE
IDENTIFIERS: NONE
SEVERITY: 1
ORDINANCE: Sec-46-45
PRIORITY: LOW
SUMMARY: A small pile of mixed waste is located in a right-of-way area, violating property owner liability under Sec. 46-45."
20260602T140833Z,DT_10th_and_2nd_St_4_20260531T125000.jpg,,,dataset_20260531/DT_10th_and_2nd_St_4/DT_10th_and_2nd_St_4_20260531T125000.jpg,illegal_dumping,done,2026-06-02T14:19:37.203586+00:00,0.04,0.928,0.973,,nvidia/cosmos-reason2-8b,"DUMPING PRESENT: Yes
ORDINANCE VIOLATION: Yes
WASTE TYPE: mixed
WASTE VOLUME: small (pickup truck)
WASTE ORIGIN: residential
PROPERTY TYPE: alley
ADDRESS MARKERS: NONE
GUTTER/ALLEY: Yes
WATER PROXIMITY: No
CHRONIC SITE: No
VEHICLES: NONE
IDENTIFIERS: NONE
SEVERITY: 1
ORDINANCE: Sec-46-45
PRIORITY: LOW
SUMMARY: A small amount of mixed waste is illegally dumped in an alley, violating property owner liability under Sec-46-45."
20260602T140833Z,DT_10th_and_2nd_St_4_20260531T130000.jpg,,,dataset_20260531/DT_10th_and_2nd_St_4/DT_10th_and_2nd_St_4_20260531T130000.jpg,illegal_dumping,done,2026-06-02T14:19:37.384260+00:00,0.042,0.692,0.738,,nvidia/cosmos-reason2-8b,"DUMPING PRESENT: No
ORDINANCE VIOLATION: No
WASTE TYPE: mixed
WASTE VOLUME: small (pickup truck)
WASTE ORIGIN: residential
PROPERTY TYPE: alley
ADDRESS MARKERS: NONE
GUTTER/ALLEY: Yes
WATER PROXIMITY: No
CHRONIC SITE: No
VEHICLES: NONE
IDENTIFIERS: NONE
SEVERITY: 1
ORDINANCE: N/A
PRIORITY: LOW
SUMMARY: No illegal dumping detected in the alleyway."
20260602T140833Z,DT_10th_and_2nd_St_4_20260531T131000.jpg,,,dataset_20260531/DT_10th_and_2nd_St_4/DT_10th_and_2nd_St_4_20260531T131000.jpg,illegal_dumping,done,2026-06-02T14:19:37.608944+00:00,0.039,0.71,0.753,,nvidia/cosmos-reason2-8b,"DUMPING PRESENT: No
ORDINANCE VIOLATION: No
WASTE TYPE: mixed
WASTE VOLUME: small (pickup truck)
WASTE ORIGIN: residential
PROPERTY TYPE: alley
ADDRESS MARKERS: NONE
GUTTER/ALLEY: Yes
WATER PROXIMITY: No
CHRONIC SITE: No
VEHICLES: NONE
IDENTIFIERS: NONE
SEVERITY: 1
ORDINANCE: N/A
PRIORITY: LOW
SUMMARY: No illegal dumping detected in the alleyway; the area appears clean with no visible waste or debris."
20260602T140833Z,DT_10th_and_2nd_St_4_20260531T132000.jpg,,,dataset_20260531/DT_10th_and_2nd_St_4/DT_10th_and_2nd_St_4_20260531T132000.jpg,illegal_dumping,done,2026-06-02T14:19:37.843553+00:00,0.046,0.727,0.777,,nvidia/cosmos-reason2-8b,"DUMPING PRESENT: No
ORDINANCE VIOLATION: No
WASTE TYPE: mixed
WASTE VOLUME: small (pickup truck)
WASTE ORIGIN: residential
PROPERTY TYPE: alley
ADDRESS MARKERS: NONE
GUTTER/ALLEY: Yes
WATER PROXIMITY: No
CHRONIC SITE: No
VEHICLES: NONE
IDENTIFIERS: NONE
SEVERITY: 1
ORDINANCE: N/A
PRIORITY: LOW
SUMMARY: No illegal dumping detected in the alleyway; the area appears clean with no visible waste or debris."
20260602T140833Z,DT_10th_and_2nd_St_4_20260531T133000.jpg,,,dataset_20260531/DT_10th_and_2nd_St_4/DT_10th_and_2nd_St_4_20260531T133000.jpg,illegal_dumping,done,2026-06-02T14:19:38.124780+00:00,0.04,0.833,0.878,,nvidia/cosmos-reason2-8b,"DUMPING PRESENT: Yes
ORDINANCE VIOLATION: Yes
WASTE TYPE: mixed
WASTE VOLUME: small (pickup truck)
WASTE ORIGIN: unknown
PROPERTY TYPE: vacant-lot
ADDRESS MARKERS: NONE
GUTTER/ALLEY: No
WATER PROXIMITY: No
CHRONIC SITE: No
VEHICLES: NONE
IDENTIFIERS: NONE
SEVERITY: 1
ORDINANCE: Sec-46-45
PRIORITY: LOW
SUMMARY: A small pile of mixed waste is located on a vacant lot, violating Brownsville's property owner liability ordinance (Sec. 46-45)."
20260602T140833Z,DT_10th_and_2nd_St_4_20260531T134000.jpg,,,dataset_20260531/DT_10th_and_2nd_St_4/DT_10th_and_2nd_St_4_20260531T134000.jpg,illegal_dumping,done,2026-06-02T14:19:38.178790+00:00,0.035,1.058,1.096,,nvidia/cosmos-reason2-8b,"DUMPING PRESENT: Yes
ORDINANCE VIOLATION: Yes
WASTE TYPE: mixed
WASTE VOLUME: small (pickup truck)
WASTE ORIGIN: unknown
PROPERTY TYPE: right-of-way
ADDRESS MARKERS: NONE
GUTTER/ALLEY: Yes
WATER PROXIMITY: No
CHRONIC SITE: No
VEHICLES: NONE
IDENTIFIERS: NONE
SEVERITY: 2
ORDINANCE: Sec-46-45
PRIORITY: MEDIUM
SUMMARY: A small pile of mixed waste is illegally dumped in the right-of-way, violating Brownsville's property owner liability ordinance (Sec. 46-45).
"
20260602T140833Z,DT_10th_and_2nd_St_4_20260531T135000.jpg,,,dataset_20260531/DT_10th_and_2nd_St_4/DT_10th_and_2nd_St_4_20260531T135000.jpg,illegal_dumping,done,2026-06-02T14:19:38.364229+00:00,0.036,0.83,0.869,,nvidia/cosmos-reason2-8b,"DUMPING PRESENT: No
ORDINANCE VIOLATION: No
WASTE TYPE: mixed
WASTE VOLUME: small (pickup truck)
WASTE ORIGIN: residential
PROPERTY TYPE: alley
ADDRESS MARKERS: NONE
GUTTER/ALLEY: Yes
WATER PROXIMITY: No
CHRONIC SITE: No
VEHICLES: NONE
IDENTIFIERS: NONE
SEVERITY: 1
ORDINANCE: N/A
PRIORITY: LOW
SUMMARY: No illegal dumping detected in the alleyway; the area appears clean with no visible waste or debris."
20260602T140833Z,DT_10th_and_2nd_St_4_20260531T140000.jpg,,,dataset_20260531/DT_10th_and_2nd_St_4/DT_10th_and_2nd_St_4_20260531T140000.jpg,illegal_dumping,done,2026-06-02T14:19:38.622656+00:00,0.04,0.758,0.802,,nvidia/cosmos-reason2-8b,"DUMPING PRESENT: No
ORDINANCE VIOLATION: No
WASTE TYPE: mixed
WASTE VOLUME: small (pickup truck)
WASTE ORIGIN: residential
PROPERTY TYPE: right-of-way
ADDRESS MARKERS: NONE
GUTTER/ALLEY: Yes
WATER PROXIMITY: No
CHRONIC SITE: No
VEHICLES: NONE
IDENTIFIERS: NONE
SEVERITY: 1
ORDINANCE: N/A
PRIORITY: LOW
SUMMARY: No illegal dumping detected in the right-of-way area."
20260602T140833Z,DT_10th_and_2nd_St_4_20260531T141000.jpg,,,dataset_20260531/DT_10th_and_2nd_St_4/DT_10th_and_2nd_St_4_20260531T141000.jpg,illegal_dumping,done,2026-06-02T14:19:39.004824+00:00,0.043,0.804,0.852,,nvidia/cosmos-reason2-8b,"```json
{
  ""DUMPING PRESENT"": ""No"",
  ""ORDINANCE VIOLATION"": ""No"",
  ""WASTE TYPE"": [],
  ""WASTE VOLUME"": ""small (pickup truck)"",
  ""WASTE ORIGIN"": ""unknown"",
  ""PROPERTY TYPE"": ""right-of-way"",
  ""ADDRESS MARKERS"": ""NONE"",
  ""GUTTER/ALLEY"": ""Yes"",
  ""WATER PROXIMITY"": ""No"",
  ""CHRONIC SITE"": ""No"",
  ""VEHICLES"": ""NONE"",
  ""IDENTIFIERS"": ""NONE"",
  ""SEVERITY"": ""1"",
  ""ORDINANCE"": ""N/A"",
  ""PRIORITY"": ""LOW"",
  ""SUMMARY"": ""No illegal dumping detected; the scene shows a right-of-way with no visible waste or violations.""
}
```"
20260602T140833Z,DT_10th_and_2nd_St_4_20260531T142000.jpg,,,dataset_20260531/DT_10th_and_2nd_St_4/DT_10th_and_2nd_St_4_20260531T142000.jpg,illegal_dumping,done,2026-06-02T14:19:39.235608+00:00,0.039,0.724,0.767,,nvidia/cosmos-reason2-8b,"DUMPING PRESENT: No
ORDINANCE VIOLATION: No
WASTE TYPE: mixed
WASTE VOLUME: small (pickup truck)
WASTE ORIGIN: residential
PROPERTY TYPE: vacant-lot
ADDRESS MARKERS: NONE
GUTTER/ALLEY: No
WATER PROXIMITY: No
CHRONIC SITE: No
VEHICLES: NONE
IDENTIFIERS: NONE
SEVERITY: 1
ORDINANCE: N/A
PRIORITY: LOW
SUMMARY: No illegal dumping is observed in the scene."
20260602T140833Z,DT_10th_and_2nd_St_4_20260531T143000.jpg,,,dataset_20260531/DT_10th_and_2nd_St_4/DT_10th_and_2nd_St_4_20260531T143000.jpg,illegal_dumping,done,2026-06-02T14:19:39.277325+00:00,0.037,0.953,0.993,,nvidia/cosmos-reason2-8b,"DUMPING PRESENT: No
ORDINANCE VIOLATION: No
WASTE TYPE: mixed
WASTE VOLUME: small (pickup truck)
WASTE ORIGIN: residential
PROPERTY TYPE: right-of-way
ADDRESS MARKERS: NONE
GUTTER/ALLEY: Yes
WATER PROXIMITY: No
CHRONIC SITE: No
VEHICLES: NONE
IDENTIFIERS: NONE
SEVERITY: 1
ORDINANCE: N/A
PRIORITY: LOW
SUMMARY: No illegal dumping detected in the right-of-way area."
20260602T140833Z,DT_10th_and_2nd_St_4_20260531T144000.jpg,,,dataset_20260531/DT_10th_and_2nd_St_4/DT_10th_and_2nd_St_4_20260531T144000.jpg,illegal_dumping,done,2026-06-02T14:19:39.427226+00:00,0.042,0.874,0.918,,nvidia/cosmos-reason2-8b,"DUMPING PRESENT: No
ORDINANCE VIOLATION: No
WASTE TYPE: mixed
WASTE VOLUME: small (pickup truck)
WASTE ORIGIN: residential
PROPERTY TYPE: occupied-private
ADDRESS MARKERS: NONE
GUTTER/ALLEY: No
WATER PROXIMITY: No
CHRONIC SITE: No
VEHICLES: NONE
IDENTIFIERS: NONE
SEVERITY: 1
ORDINANCE: N/A
PRIORITY: LOW
SUMMARY: No illegal dumping detected in the video."
20260602T140833Z,DT_10th_and_2nd_St_4_20260531T145000.jpg,,,dataset_20260531/DT_10th_and_2nd_St_4/DT_10th_and_2nd_St_4_20260531T145000.jpg,illegal_dumping,done,2026-06-02T14:19:39.860111+00:00,0.048,0.687,0.739,,nvidia/cosmos-reason2-8b,"DUMPING PRESENT: No
ORDINANCE VIOLATION: No
WASTE TYPE: mixed
WASTE VOLUME: small (pickup truck)
WASTE ORIGIN: residential
PROPERTY TYPE: vacant-lot
ADDRESS MARKERS: NONE
GUTTER/ALLEY: No
WATER PROXIMITY: No
CHRONIC SITE: No
VEHICLES: NONE
IDENTIFIERS: NONE
SEVERITY: 1
ORDINANCE: N/A
PRIORITY: LOW
SUMMARY: No illegal dumping observed in the scene."
20260602T140833Z,DT_10th_and_2nd_St_4_20260531T150000.jpg,,,dataset_20260531/DT_10th_and_2nd_St_4/DT_10th_and_2nd_St_4_20260531T150000.jpg,illegal_dumping,done,2026-06-02T14:19:40.005242+00:00,0.042,0.703,0.749,,nvidia/cosmos-reason2-8b,"DUMPING PRESENT: No
ORDINANCE VIOLATION: No
WASTE TYPE: mixed
WASTE VOLUME: small (pickup truck)
WASTE ORIGIN: residential
PROPERTY TYPE: vacant-lot
ADDRESS MARKERS: NONE
GUTTER/ALLEY: Yes
WATER PROXIMITY: No
CHRONIC SITE: No
VEHICLES: NONE
IDENTIFIERS: NONE
SEVERITY: 1
ORDINANCE: N/A
PRIORITY: LOW
SUMMARY: No illegal dumping detected in the scene."
20260602T140833Z,DT_10th_and_2nd_St_4_20260531T151000.jpg,,,dataset_20260531/DT_10th_and_2nd_St_4/DT_10th_and_2nd_St_4_20260531T151000.jpg,illegal_dumping,done,2026-06-02T14:19:40.273284+00:00,0.04,0.672,0.716,,nvidia/cosmos-reason2-8b,"DUMPING PRESENT: No
ORDINANCE VIOLATION: No
WASTE TYPE: mixed
WASTE VOLUME: small (pickup truck)
WASTE ORIGIN: residential
PROPERTY TYPE: right-of-way
ADDRESS MARKERS: NONE
GUTTER/ALLEY: Yes
WATER PROXIMITY: No
CHRONIC SITE: No
VEHICLES: NONE
IDENTIFIERS: NONE
SEVERITY: 1
ORDINANCE: N/A
PRIORITY: LOW
SUMMARY: No illegal dumping observed in the right-of-way area."
20260602T140833Z,DT_10th_and_2nd_St_4_20260531T152000.jpg,,,dataset_20260531/DT_10th_and_2nd_St_4/DT_10th_and_2nd_St_4_20260531T152000.jpg,illegal_dumping,done,2026-06-02T14:19:40.348218+00:00,0.046,0.815,0.864,,nvidia/cosmos-reason2-8b,"DUMPING PRESENT: No
ORDINANCE VIOLATION: No
WASTE TYPE: mixed
WASTE VOLUME: small (pickup truck)
WASTE ORIGIN: residential
PROPERTY TYPE: alley
ADDRESS MARKERS: NONE
GUTTER/ALLEY: Yes
WATER PROXIMITY: No
CHRONIC SITE: No
VEHICLES: NONE
IDENTIFIERS: NONE
SEVERITY: 1
ORDINANCE: N/A
PRIORITY: LOW
SUMMARY: No illegal dumping detected in the alleyway."
20260602T140833Z,DT_10th_and_2nd_St_4_20260531T153000.jpg,,,dataset_20260531/DT_10th_and_2nd_St_4/DT_10th_and_2nd_St_4_20260531T153000.jpg,illegal_dumping,done,2026-06-02T14:19:40.601985+00:00,0.037,0.789,0.83,,nvidia/cosmos-reason2-8b,"DUMPING PRESENT: No
ORDINANCE VIOLATION: No
WASTE TYPE: mixed
WASTE VOLUME: small (pickup truck)
WASTE ORIGIN: residential
PROPERTY TYPE: alley
ADDRESS MARKERS: NONE
GUTTER/ALLEY: Yes
WATER PROXIMITY: No
CHRONIC SITE: No
VEHICLES: NONE
IDENTIFIERS: NONE
SEVERITY: 1
ORDINANCE: N/A
PRIORITY: LOW
SUMMARY: No illegal dumping is observed in the alleyway; the area appears clean with no visible waste or debris."
20260602T140833Z,DT_10th_and_2nd_St_4_20260531T154000.jpg,,,dataset_20260531/DT_10th_and_2nd_St_4/DT_10th_and_2nd_St_4_20260531T154000.jpg,illegal_dumping,done,2026-06-02T14:19:40.756274+00:00,0.048,0.773,0.825,,nvidia/cosmos-reason2-8b,"DUMPING PRESENT: No
ORDINANCE VIOLATION: No
WASTE TYPE: mixed
WASTE VOLUME: small (pickup truck)
WASTE ORIGIN: residential
PROPERTY TYPE: vacant-lot
ADDRESS MARKERS: NONE
GUTTER/ALLEY: No
WATER PROXIMITY: No
CHRONIC SITE: No
VEHICLES: NONE
IDENTIFIERS: NONE
SEVERITY: 1
ORDINANCE: N/A
PRIORITY: LOW
SUMMARY: No illegal dumping observed; the area appears to be a vacant lot with natural vegetation and no visible waste or debris."
20260602T140833Z,DT_10th_and_2nd_St_4_20260531T155000.jpg,,,dataset_20260531/DT_10th_and_2nd_St_4/DT_10th_and_2nd_St_4_20260531T155000.jpg,illegal_dumping,done,2026-06-02T14:19:40.991525+00:00,0.04,0.756,0.8,,nvidia/cosmos-reason2-8b,"DUMPING PRESENT: No
ORDINANCE VIOLATION: No
WASTE TYPE: mixed
WASTE VOLUME: small (pickup truck)
WASTE ORIGIN: residential
PROPERTY TYPE: alley
ADDRESS MARKERS: NONE
GUTTER/ALLEY: Yes
WATER PROXIMITY: No
CHRONIC SITE: No
VEHICLES: NONE
IDENTIFIERS: NONE
SEVERITY: 1
ORDINANCE: N/A
PRIORITY: LOW
SUMMARY: No illegal dumping observed in the alleyway."
20260602T140833Z,DT_10th_and_2nd_St_4_20260531T160000.jpg,,,dataset_20260531/DT_10th_and_2nd_St_4/DT_10th_and_2nd_St_4_20260531T160000.jpg,illegal_dumping,done,2026-06-02T14:19:41.215107+00:00,0.041,0.69,0.735,,nvidia/cosmos-reason2-8b,"DUMPING PRESENT: No
ORDINANCE VIOLATION: No
WASTE TYPE: mixed
WASTE VOLUME: small (pickup truck)
WASTE ORIGIN: residential
PROPERTY TYPE: vacant-lot
ADDRESS MARKERS: NONE
GUTTER/ALLEY: No
WATER PROXIMITY: No
CHRONIC SITE: No
VEHICLES: NONE
IDENTIFIERS: NONE
SEVERITY: 1
ORDINANCE: N/A
PRIORITY: LOW
SUMMARY: No illegal dumping detected; the area appears to be a vacant lot with no visible waste or debris."
20260602T140833Z,DT_10th_and_2nd_St_4_20260531T161000.jpg,,,dataset_20260531/DT_10th_and_2nd_St_4/DT_10th_and_2nd_St_4_20260531T161000.jpg,illegal_dumping,done,2026-06-02T14:19:41.435409+00:00,0.039,0.728,0.772,,nvidia/cosmos-reason2-8b,"DUMPING PRESENT: No
ORDINANCE VIOLATION: No
WASTE TYPE: mixed
WASTE VOLUME: small (pickup truck)
WASTE ORIGIN: residential
PROPERTY TYPE: vacant-lot
ADDRESS MARKERS: NONE
GUTTER/ALLEY: No
WATER PROXIMITY: No
CHRONIC SITE: No
VEHICLES: NONE
IDENTIFIERS: NONE
SEVERITY: 1
ORDINANCE: N/A
PRIORITY: LOW
SUMMARY: No illegal dumping observed; the area appears to be a vacant lot with natural vegetation and no visible waste or debris."
20260602T140833Z,DT_10th_and_2nd_St_4_20260531T162000.jpg,,,dataset_20260531/DT_10th_and_2nd_St_4/DT_10th_and_2nd_St_4_20260531T162000.jpg,illegal_dumping,done,2026-06-02T14:19:41.583551+00:00,0.036,0.798,0.839,,nvidia/cosmos-reason2-8b,"DUMPING PRESENT: Yes
ORDINANCE VIOLATION: Yes
WASTE TYPE: mixed
WASTE VOLUME: small (pickup truck)
WASTE ORIGIN: residential
PROPERTY TYPE: vacant-lot
ADDRESS MARKERS: NONE
GUTTER/ALLEY: No
WATER PROXIMITY: No
CHRONIC SITE: No
VEHICLES: NONE
IDENTIFIERS: NONE
SEVERITY: 2
ORDINANCE: Sec-46-45
PRIORITY: MEDIUM
SUMMARY: A small pile of mixed waste is illegally dumped on a vacant lot, violating property owner liability under Sec. 46-45."
20260602T140833Z,DT_10th_and_2nd_St_4_20260531T163000.jpg,,,dataset_20260531/DT_10th_and_2nd_St_4/DT_10th_and_2nd_St_4_20260531T163000.jpg,illegal_dumping,done,2026-06-02T14:19:41.793550+00:00,0.038,0.784,0.824,,nvidia/cosmos-reason2-8b,"DUMPING PRESENT: No
ORDINANCE VIOLATION: No
WASTE TYPE: mixed
WASTE VOLUME: small (pickup truck)
WASTE ORIGIN: residential
PROPERTY TYPE: vacant-lot
ADDRESS MARKERS: NONE
GUTTER/ALLEY: No
WATER PROXIMITY: No
CHRONIC SITE: No
VEHICLES: NONE
IDENTIFIERS: NONE
SEVERITY: 1
ORDINANCE: N/A
PRIORITY: LOW
SUMMARY: No illegal dumping detected in the scene."
20260602T140833Z,DT_10th_and_2nd_St_4_20260531T164000.jpg,,,dataset_20260531/DT_10th_and_2nd_St_4/DT_10th_and_2nd_St_4_20260531T164000.jpg,illegal_dumping,done,2026-06-02T14:19:41.952453+00:00,0.04,0.896,0.939,,nvidia/cosmos-reason2-8b,"```json
{
  ""DUMPING PRESENT"": ""No"",
  ""ORDINANCE VIOLATION"": ""No"",
  ""WASTE TYPE"": [],
  ""WASTE VOLUME"": ""small (pickup truck)"",
  ""WASTE ORIGIN"": ""unknown"",
  ""PROPERTY TYPE"": ""right-of-way"",
  ""ADDRESS MARKERS"": ""NONE"",
  ""GUTTER/ALLEY"": ""Yes"",
  ""WATER PROXIMITY"": ""No"",
  ""CHRONIC SITE"": ""No"",
  ""VEHICLES"": ""NONE"",
  ""IDENTIFIERS"": ""NONE"",
  ""SEVERITY"": ""1"",
  ""ORDINANCE"": ""N/A"",
  ""PRIORITY"": ""LOW"",
  ""SUMMARY"": ""No illegal dumping detected; the scene shows a natural environment with no visible waste or violations.""
}
```"
20260602T140833Z,DT_10th_and_2nd_St_4_20260531T165000.jpg,,,dataset_20260531/DT_10th_and_2nd_St_4/DT_10th_and_2nd_St_4_20260531T165000.jpg,illegal_dumping,done,2026-06-02T14:19:42.209616+00:00,0.044,0.754,0.802,,nvidia/cosmos-reason2-8b,"DUMPING PRESENT: No
ORDINANCE VIOLATION: No
WASTE TYPE: mixed
WASTE VOLUME: small (pickup truck)
WASTE ORIGIN: residential
PROPERTY TYPE: vacant-lot
ADDRESS MARKERS: NONE
GUTTER/ALLEY: No
WATER PROXIMITY: No
CHRONIC SITE: No
VEHICLES: NONE
IDENTIFIERS: NONE
SEVERITY: 1
ORDINANCE: N/A
PRIORITY: LOW
SUMMARY: No illegal dumping detected in the scene."
20260602T140833Z,DT_10th_and_2nd_St_4_20260531T170000.jpg,,,dataset_20260531/DT_10th_and_2nd_St_4/DT_10th_and_2nd_St_4_20260531T170000.jpg,illegal_dumping,done,2026-06-02T14:19:42.424610+00:00,0.041,0.71,0.754,,nvidia/cosmos-reason2-8b,"DUMPING PRESENT: No
ORDINANCE VIOLATION: No
WASTE TYPE: mixed
WASTE VOLUME: small (pickup truck)
WASTE ORIGIN: residential
PROPERTY TYPE: vacant-lot
ADDRESS MARKERS: NONE
GUTTER/ALLEY: No
WATER PROXIMITY: No
CHRONIC SITE: No
VEHICLES: NONE
IDENTIFIERS: NONE
SEVERITY: 1
ORDINANCE: N/A
PRIORITY: LOW
SUMMARY: No illegal dumping observed; the area appears to be a vacant lot with natural vegetation and no visible waste or debris."
20260602T140833Z,DT_10th_and_2nd_St_4_20260531T171000.jpg,,,dataset_20260531/DT_10th_and_2nd_St_4/DT_10th_and_2nd_St_4_20260531T171000.jpg,illegal_dumping,done,2026-06-02T14:19:42.620622+00:00,0.038,0.763,0.804,,nvidia/cosmos-reason2-8b,"DUMPING PRESENT: No
ORDINANCE VIOLATION: No
WASTE TYPE: mixed
WASTE VOLUME: small (pickup truck)
WASTE ORIGIN: residential
PROPERTY TYPE: alley
ADDRESS MARKERS: NONE
GUTTER/ALLEY: Yes
WATER PROXIMITY: No
CHRONIC SITE: No
VEHICLES: NONE
IDENTIFIERS: NONE
SEVERITY: 1
ORDINANCE: N/A
PRIORITY: LOW
SUMMARY: No illegal dumping observed in the alleyway; the area appears clean with no visible waste or debris."
20260602T140833Z,DT_10th_and_2nd_St_4_20260531T172000.jpg,,,dataset_20260531/DT_10th_and_2nd_St_4/DT_10th_and_2nd_St_4_20260531T172000.jpg,illegal_dumping,done,2026-06-02T14:19:42.895475+00:00,0.042,0.696,0.742,,nvidia/cosmos-reason2-8b,"DUMPING PRESENT: No
ORDINANCE VIOLATION: No
WASTE TYPE: mixed
WASTE VOLUME: small (pickup truck)
WASTE ORIGIN: residential
PROPERTY TYPE: alley
ADDRESS MARKERS: NONE
GUTTER/ALLEY: Yes
WATER PROXIMITY: No
CHRONIC SITE: No
VEHICLES: NONE
IDENTIFIERS: NONE
SEVERITY: 1
ORDINANCE: N/A
PRIORITY: LOW
SUMMARY: No illegal dumping detected in the alleyway; the area appears clean with no visible waste or debris."
20260602T140833Z,DT_10th_and_2nd_St_4_20260531T173000.jpg,,,dataset_20260531/DT_10th_and_2nd_St_4/DT_10th_and_2nd_St_4_20260531T173000.jpg,illegal_dumping,done,2026-06-02T14:19:43.013426+00:00,0.046,0.758,0.808,,nvidia/cosmos-reason2-8b,"DUMPING PRESENT: No
ORDINANCE VIOLATION: No
WASTE TYPE: mixed
WASTE VOLUME: small (pickup truck)
WASTE ORIGIN: residential
PROPERTY TYPE: alley
ADDRESS MARKERS: NONE
GUTTER/ALLEY: Yes
WATER PROXIMITY: No
CHRONIC SITE: No
VEHICLES: NONE
IDENTIFIERS: NONE
SEVERITY: 1
ORDINANCE: N/A
PRIORITY: LOW
SUMMARY: No illegal dumping detected in the alleyway; the area appears clean with no visible waste or debris."
20260602T140833Z,DT_10th_and_2nd_St_4_20260531T174000.jpg,,,dataset_20260531/DT_10th_and_2nd_St_4/DT_10th_and_2nd_St_4_20260531T174000.jpg,illegal_dumping,done,2026-06-02T14:19:43.181151+00:00,0.039,0.864,0.907,,nvidia/cosmos-reason2-8b,"DUMPING PRESENT: No
ORDINANCE VIOLATION: No
WASTE TYPE: mixed
WASTE VOLUME: small (pickup truck)
WASTE ORIGIN: residential
PROPERTY TYPE: vacant-lot
ADDRESS MARKERS: NONE
GUTTER/ALLEY: No
WATER PROXIMITY: No
CHRONIC SITE: No
VEHICLES: NONE
IDENTIFIERS: NONE
SEVERITY: 1
ORDINANCE: N/A
PRIORITY: LOW
SUMMARY: No illegal dumping observed; the area appears to be a vacant lot with natural vegetation and no visible waste or debris."
20260602T140833Z,DT_10th_and_2nd_St_4_20260531T175000.jpg,,,dataset_20260531/DT_10th_and_2nd_St_4/DT_10th_and_2nd_St_4_20260531T175000.jpg,illegal_dumping,done,2026-06-02T14:19:43.427158+00:00,0.045,0.68,0.728,,nvidia/cosmos-reason2-8b,"DUMPING PRESENT: No
ORDINANCE VIOLATION: No
WASTE TYPE: mixed
WASTE VOLUME: small (pickup truck)
WASTE ORIGIN: residential
PROPERTY TYPE: vacant-lot
ADDRESS MARKERS: NONE
GUTTER/ALLEY: No
WATER PROXIMITY: No
CHRONIC SITE: No
VEHICLES: NONE
IDENTIFIERS: NONE
SEVERITY: 1
ORDINANCE: N/A
PRIORITY: LOW
SUMMARY: No illegal dumping detected in the scene."
20260602T140833Z,DT_10th_and_2nd_St_4_20260531T180000.jpg,,,dataset_20260531/DT_10th_and_2nd_St_4/DT_10th_and_2nd_St_4_20260531T180000.jpg,illegal_dumping,done,2026-06-02T14:19:43.640068+00:00,0.04,0.731,0.775,,nvidia/cosmos-reason2-8b,"DUMPING PRESENT: No
ORDINANCE VIOLATION: No
WASTE TYPE: mixed
WASTE VOLUME: small (pickup truck)
WASTE ORIGIN: residential
PROPERTY TYPE: vacant-lot
ADDRESS MARKERS: NONE
GUTTER/ALLEY: No
WATER PROXIMITY: No
CHRONIC SITE: No
VEHICLES: NONE
IDENTIFIERS: NONE
SEVERITY: 1
ORDINANCE: N/A
PRIORITY: LOW
SUMMARY: No illegal dumping observed; the area appears to be a vacant lot with natural vegetation and no visible waste or debris."
20260602T140833Z,DT_10th_and_2nd_St_4_20260531T181000.jpg,,,dataset_20260531/DT_10th_and_2nd_St_4/DT_10th_and_2nd_St_4_20260531T181000.jpg,illegal_dumping,done,2026-06-02T14:19:43.823591+00:00,0.044,0.687,0.735,,nvidia/cosmos-reason2-8b,"DUMPING PRESENT: No
ORDINANCE VIOLATION: No
WASTE TYPE: mixed
WASTE VOLUME: small (pickup truck)
WASTE ORIGIN: residential
PROPERTY TYPE: vacant-lot
ADDRESS MARKERS: NONE
GUTTER/ALLEY: No
WATER PROXIMITY: No
CHRONIC SITE: No
VEHICLES: NONE
IDENTIFIERS: NONE
SEVERITY: 1
ORDINANCE: N/A
PRIORITY: LOW
SUMMARY: No illegal dumping detected in the video."
20260602T140833Z,DT_10th_and_2nd_St_4_20260531T182000.jpg,,,dataset_20260531/DT_10th_and_2nd_St_4/DT_10th_and_2nd_St_4_20260531T182000.jpg,illegal_dumping,done,2026-06-02T14:19:44.090830+00:00,0.038,0.773,0.815,,nvidia/cosmos-reason2-8b,"DUMPING PRESENT: No
ORDINANCE VIOLATION: No
WASTE TYPE: mixed
WASTE VOLUME: small (pickup truck)
WASTE ORIGIN: residential
PROPERTY TYPE: vacant-lot
ADDRESS MARKERS: NONE
GUTTER/ALLEY: No
WATER PROXIMITY: No
CHRONIC SITE: No
VEHICLES: NONE
IDENTIFIERS: NONE
SEVERITY: 1
ORDINANCE: N/A
PRIORITY: LOW
SUMMARY: No illegal dumping observed; the area appears to be a vacant lot with natural vegetation and no visible waste or debris."
20260602T140833Z,DT_10th_and_2nd_St_4_20260531T183000.jpg,,,dataset_20260531/DT_10th_and_2nd_St_4/DT_10th_and_2nd_St_4_20260531T183000.jpg,illegal_dumping,done,2026-06-02T14:19:44.157852+00:00,0.034,0.83,0.867,,nvidia/cosmos-reason2-8b,"DUMPING PRESENT: No
ORDINANCE VIOLATION: No
WASTE TYPE: mixed
WASTE VOLUME: small (pickup truck)
WASTE ORIGIN: residential
PROPERTY TYPE: alley
ADDRESS MARKERS: NONE
GUTTER/ALLEY: Yes
WATER PROXIMITY: No
CHRONIC SITE: No
VEHICLES: NONE
IDENTIFIERS: NONE
SEVERITY: 1
ORDINANCE: N/A
PRIORITY: LOW
SUMMARY: No illegal dumping detected in the alleyway; the area appears clean with no visible waste or debris."
20260602T140833Z,DT_10th_and_2nd_St_4_20260531T184000.jpg,,,dataset_20260531/DT_10th_and_2nd_St_4/DT_10th_and_2nd_St_4_20260531T184000.jpg,illegal_dumping,done,2026-06-02T14:19:44.418000+00:00,0.044,0.797,0.845,,nvidia/cosmos-reason2-8b,"DUMPING PRESENT: No
ORDINANCE VIOLATION: No
WASTE TYPE: mixed
WASTE VOLUME: small (pickup truck)
WASTE ORIGIN: residential
PROPERTY TYPE: alley
ADDRESS MARKERS: NONE
GUTTER/ALLEY: Yes
WATER PROXIMITY: No
CHRONIC SITE: No
VEHICLES: NONE
IDENTIFIERS: NONE
SEVERITY: 1
ORDINANCE: N/A
PRIORITY: LOW
SUMMARY: No illegal dumping detected in the alleyway; the area appears clean with no visible waste or debris."
20260602T140833Z,DT_10th_and_2nd_St_4_20260531T185000.jpg,,,dataset_20260531/DT_10th_and_2nd_St_4/DT_10th_and_2nd_St_4_20260531T185000.jpg,illegal_dumping,done,2026-06-02T14:19:44.561070+00:00,0.041,0.76,0.804,,nvidia/cosmos-reason2-8b,"DUMPING PRESENT: No
ORDINANCE VIOLATION: No
WASTE TYPE: mixed
WASTE VOLUME: small (pickup truck)
WASTE ORIGIN: residential
PROPERTY TYPE: alley
ADDRESS MARKERS: NONE
GUTTER/ALLEY: Yes
WATER PROXIMITY: No
CHRONIC SITE: No
VEHICLES: NONE
IDENTIFIERS: NONE
SEVERITY: 1
ORDINANCE: N/A
PRIORITY: LOW
SUMMARY: No illegal dumping detected in the alleyway."
20260602T140833Z,DT_10th_and_2nd_St_4_20260531T190000.jpg,,,dataset_20260531/DT_10th_and_2nd_St_4/DT_10th_and_2nd_St_4_20260531T190000.jpg,illegal_dumping,done,2026-06-02T14:19:44.908005+00:00,0.04,0.725,0.769,,nvidia/cosmos-reason2-8b,"DUMPING PRESENT: No
ORDINANCE VIOLATION: No
WASTE TYPE: mixed
WASTE VOLUME: small (pickup truck)
WASTE ORIGIN: residential
PROPERTY TYPE: alley
ADDRESS MARKERS: NONE
GUTTER/ALLEY: Yes
WATER PROXIMITY: No
CHRONIC SITE: No
VEHICLES: NONE
IDENTIFIERS: NONE
SEVERITY: 1
ORDINANCE: N/A
PRIORITY: LOW
SUMMARY: No illegal dumping observed in the alleyway."
20260602T140833Z,DT_10th_and_2nd_St_4_20260531T191000.jpg,,,dataset_20260531/DT_10th_and_2nd_St_4/DT_10th_and_2nd_St_4_20260531T191000.jpg,illegal_dumping,done,2026-06-02T14:19:45.028026+00:00,0.043,0.76,0.806,,nvidia/cosmos-reason2-8b,"DUMPING PRESENT: No
ORDINANCE VIOLATION: No
WASTE TYPE: mixed
WASTE VOLUME: small (pickup truck)
WASTE ORIGIN: residential
PROPERTY TYPE: alley
ADDRESS MARKERS: NONE
GUTTER/ALLEY: Yes
WATER PROXIMITY: No
CHRONIC SITE: No
VEHICLES: NONE
IDENTIFIERS: NONE
SEVERITY: 1
ORDINANCE: N/A
PRIORITY: LOW
SUMMARY: No illegal dumping detected in the alleyway; the area appears clean with no visible waste or debris."
20260602T140833Z,DT_10th_and_2nd_St_4_20260531T192000.jpg,,,dataset_20260531/DT_10th_and_2nd_St_4/DT_10th_and_2nd_St_4_20260531T192000.jpg,illegal_dumping,done,2026-06-02T14:19:45.265845+00:00,0.038,0.765,0.807,,nvidia/cosmos-reason2-8b,"DUMPING PRESENT: No
ORDINANCE VIOLATION: No
WASTE TYPE: mixed
WASTE VOLUME: small (pickup truck)
WASTE ORIGIN: residential
PROPERTY TYPE: alley
ADDRESS MARKERS: NONE
GUTTER/ALLEY: Yes
WATER PROXIMITY: No
CHRONIC SITE: No
VEHICLES: NONE
IDENTIFIERS: NONE
SEVERITY: 1
ORDINANCE: N/A
PRIORITY: LOW
SUMMARY: No illegal dumping detected in the alleyway; the area appears clean with no visible waste or debris."
20260602T140833Z,DT_10th_and_2nd_St_4_20260531T193000.jpg,,,dataset_20260531/DT_10th_and_2nd_St_4/DT_10th_and_2nd_St_4_20260531T193000.jpg,illegal_dumping,done,2026-06-02T14:19:45.367445+00:00,0.037,0.783,0.823,,nvidia/cosmos-reason2-8b,"DUMPING PRESENT: No
ORDINANCE VIOLATION: No
WASTE TYPE: mixed
WASTE VOLUME: small (pickup truck)
WASTE ORIGIN: residential
PROPERTY TYPE: alley
ADDRESS MARKERS: NONE
GUTTER/ALLEY: Yes
WATER PROXIMITY: No
CHRONIC SITE: No
VEHICLES: NONE
IDENTIFIERS: NONE
SEVERITY: 1
ORDINANCE: N/A
PRIORITY: LOW
SUMMARY: No illegal dumping observed in the alleyway."
20260602T140833Z,DT_10th_and_2nd_St_4_20260531T194000.jpg,,,dataset_20260531/DT_10th_and_2nd_St_4/DT_10th_and_2nd_St_4_20260531T194000.jpg,illegal_dumping,done,2026-06-02T14:19:45.679105+00:00,0.039,0.684,0.727,,nvidia/cosmos-reason2-8b,"DUMPING PRESENT: No
ORDINANCE VIOLATION: No
WASTE TYPE: mixed
WASTE VOLUME: small (pickup truck)
WASTE ORIGIN: residential
PROPERTY TYPE: alley
ADDRESS MARKERS: NONE
GUTTER/ALLEY: Yes
WATER PROXIMITY: No
CHRONIC SITE: No
VEHICLES: NONE
IDENTIFIERS: NONE
SEVERITY: 1
ORDINANCE: N/A
PRIORITY: LOW
SUMMARY: No illegal dumping detected in the alleyway; the area appears clean with no visible waste or debris."
20260602T140833Z,DT_10th_and_2nd_St_4_20260531T195000.jpg,,,dataset_20260531/DT_10th_and_2nd_St_4/DT_10th_and_2nd_St_4_20260531T195000.jpg,illegal_dumping,done,2026-06-02T14:19:45.835667+00:00,0.046,0.727,0.776,,nvidia/cosmos-reason2-8b,"DUMPING PRESENT: No
ORDINANCE VIOLATION: No
WASTE TYPE: mixed
WASTE VOLUME: small (pickup truck)
WASTE ORIGIN: residential
PROPERTY TYPE: alley
ADDRESS MARKERS: NONE
GUTTER/ALLEY: Yes
WATER PROXIMITY: No
CHRONIC SITE: No
VEHICLES: NONE
IDENTIFIERS: NONE
SEVERITY: 1
ORDINANCE: N/A
PRIORITY: LOW
SUMMARY: No illegal dumping detected in the alleyway; the area appears clean with no visible waste or debris."
20260602T140833Z,DT_10th_and_2nd_St_4_20260531T200000.jpg,,,dataset_20260531/DT_10th_and_2nd_St_4/DT_10th_and_2nd_St_4_20260531T200000.jpg,illegal_dumping,done,2026-06-02T14:19:46.075026+00:00,0.042,0.78,0.826,,nvidia/cosmos-reason2-8b,"DUMPING PRESENT: No
ORDINANCE VIOLATION: No
WASTE TYPE: mixed
WASTE VOLUME: small (pickup truck)
WASTE ORIGIN: residential
PROPERTY TYPE: alley
ADDRESS MARKERS: NONE
GUTTER/ALLEY: Yes
WATER PROXIMITY: No
CHRONIC SITE: No
VEHICLES: NONE
IDENTIFIERS: NONE
SEVERITY: 1
ORDINANCE: N/A
PRIORITY: LOW
SUMMARY: No illegal dumping detected in the alleyway; the area appears clean with no visible waste or debris."
20260602T140833Z,DT_10th_and_2nd_St_4_20260531T201000.jpg,,,dataset_20260531/DT_10th_and_2nd_St_4/DT_10th_and_2nd_St_4_20260531T201000.jpg,illegal_dumping,done,2026-06-02T14:19:46.193005+00:00,0.039,0.752,0.794,,nvidia/cosmos-reason2-8b,"DUMPING PRESENT: No
ORDINANCE VIOLATION: No
WASTE TYPE: mixed
WASTE VOLUME: small (pickup truck)
WASTE ORIGIN: residential
PROPERTY TYPE: alley
ADDRESS MARKERS: NONE
GUTTER/ALLEY: Yes
WATER PROXIMITY: No
CHRONIC SITE: No
VEHICLES: NONE
IDENTIFIERS: NONE
SEVERITY: 1
ORDINANCE: N/A
PRIORITY: LOW
SUMMARY: No illegal dumping is observed in the alleyway; the area appears clean with no visible waste or debris."
20260602T140833Z,DT_10th_and_2nd_St_4_20260531T202000.jpg,,,dataset_20260531/DT_10th_and_2nd_St_4/DT_10th_and_2nd_St_4_20260531T202000.jpg,illegal_dumping,done,2026-06-02T14:19:46.408584+00:00,0.038,0.759,0.8,,nvidia/cosmos-reason2-8b,"DUMPING PRESENT: No
ORDINANCE VIOLATION: No
WASTE TYPE: mixed
WASTE VOLUME: small (pickup truck)
WASTE ORIGIN: residential
PROPERTY TYPE: alley
ADDRESS MARKERS: NONE
GUTTER/ALLEY: Yes
WATER PROXIMITY: No
CHRONIC SITE: No
VEHICLES: NONE
IDENTIFIERS: NONE
SEVERITY: 1
ORDINANCE: N/A
PRIORITY: LOW
SUMMARY: No illegal dumping detected in the alleyway; the area appears clean with no visible waste or debris."
20260602T140833Z,DT_10th_and_2nd_St_4_20260531T203000.jpg,,,dataset_20260531/DT_10th_and_2nd_St_4/DT_10th_and_2nd_St_4_20260531T203000.jpg,illegal_dumping,done,2026-06-02T14:19:46.614414+00:00,0.041,0.688,0.733,,nvidia/cosmos-reason2-8b,"DUMPING PRESENT: No
ORDINANCE VIOLATION: No
WASTE TYPE: mixed
WASTE VOLUME: small (pickup truck)
WASTE ORIGIN: residential
PROPERTY TYPE: alley
ADDRESS MARKERS: NONE
GUTTER/ALLEY: Yes
WATER PROXIMITY: No
CHRONIC SITE: No
VEHICLES: NONE
IDENTIFIERS: NONE
SEVERITY: 1
ORDINANCE: N/A
PRIORITY: LOW
SUMMARY: No illegal dumping observed in the alleyway."
20260602T140833Z,DT_10th_and_2nd_St_4_20260531T204000.jpg,,,dataset_20260531/DT_10th_and_2nd_St_4/DT_10th_and_2nd_St_4_20260531T204000.jpg,illegal_dumping,done,2026-06-02T14:19:46.903439+00:00,0.039,0.692,0.734,,nvidia/cosmos-reason2-8b,"DUMPING PRESENT: No
ORDINANCE VIOLATION: No
WASTE TYPE: mixed
WASTE VOLUME: small
WASTE ORIGIN: unknown
PROPERTY TYPE: alley
ADDRESS MARKERS: NONE
GUTTER/ALLEY: Yes
WATER PROXIMITY: No
CHRONIC SITE: No
VEHICLES: NONE
IDENTIFIERS: NONE
SEVERITY: 1
ORDINANCE: N/A
PRIORITY: LOW
SUMMARY: No illegal dumping observed in the alleyway."
20260602T140833Z,DT_10th_and_2nd_St_4_20260531T205000.jpg,,,dataset_20260531/DT_10th_and_2nd_St_4/DT_10th_and_2nd_St_4_20260531T205000.jpg,illegal_dumping,done,2026-06-02T14:19:46.989534+00:00,0.04,0.801,0.845,,nvidia/cosmos-reason2-8b,"DUMPING PRESENT: No
ORDINANCE VIOLATION: No
WASTE TYPE: mixed
WASTE VOLUME: small (pickup truck)
WASTE ORIGIN: residential
PROPERTY TYPE: alley
ADDRESS MARKERS: NONE
GUTTER/ALLEY: Yes
WATER PROXIMITY: No
CHRONIC SITE: No
VEHICLES: NONE
IDENTIFIERS: NONE
SEVERITY: 1
ORDINANCE: N/A
PRIORITY: LOW
SUMMARY: No illegal dumping detected in the alleyway."
20260602T140833Z,DT_10th_and_2nd_St_4_20260531T210000.jpg,,,dataset_20260531/DT_10th_and_2nd_St_4/DT_10th_and_2nd_St_4_20260531T210000.jpg,illegal_dumping,done,2026-06-02T14:19:47.210997+00:00,0.04,0.783,0.826,,nvidia/cosmos-reason2-8b,"DUMPING PRESENT: No
ORDINANCE VIOLATION: No
WASTE TYPE: mixed
WASTE VOLUME: small (pickup truck)
WASTE ORIGIN: residential
PROPERTY TYPE: alley
ADDRESS MARKERS: NONE
GUTTER/ALLEY: Yes
WATER PROXIMITY: No
CHRONIC SITE: No
VEHICLES: NONE
IDENTIFIERS: NONE
SEVERITY: 1
ORDINANCE: N/A
PRIORITY: LOW
SUMMARY: No illegal dumping observed in the alleyway."
20260602T140833Z,DT_10th_and_2nd_St_4_20260531T211000.jpg,,,dataset_20260531/DT_10th_and_2nd_St_4/DT_10th_and_2nd_St_4_20260531T211000.jpg,illegal_dumping,done,2026-06-02T14:19:47.349400+00:00,0.042,0.82,0.865,,nvidia/cosmos-reason2-8b,"DUMPING PRESENT: No
ORDINANCE VIOLATION: No
WASTE TYPE: mixed
WASTE VOLUME: small (pickup truck)
WASTE ORIGIN: residential
PROPERTY TYPE: alley
ADDRESS MARKERS: NONE
GUTTER/ALLEY: Yes
WATER PROXIMITY: No
CHRONIC SITE: No
VEHICLES: NONE
IDENTIFIERS: NONE
SEVERITY: 1
ORDINANCE: N/A
PRIORITY: LOW
SUMMARY: No illegal dumping observed in the alleyway; the area appears to be a natural, overgrown space without visible waste or debris."
20260602T140833Z,DT_10th_and_2nd_St_4_20260531T212000.jpg,,,dataset_20260531/DT_10th_and_2nd_St_4/DT_10th_and_2nd_St_4_20260531T212000.jpg,illegal_dumping,done,2026-06-02T14:19:47.640531+00:00,0.038,0.691,0.732,,nvidia/cosmos-reason2-8b,"DUMPING PRESENT: No
ORDINANCE VIOLATION: No
WASTE TYPE: mixed
WASTE VOLUME: small (pickup truck)
WASTE ORIGIN: residential
PROPERTY TYPE: alley
ADDRESS MARKERS: NONE
GUTTER/ALLEY: Yes
WATER PROXIMITY: No
CHRONIC SITE: No
VEHICLES: NONE
IDENTIFIERS: NONE
SEVERITY: 1
ORDINANCE: N/A
PRIORITY: LOW
SUMMARY: No illegal dumping observed in the alleyway."
20260602T140833Z,DT_10th_and_2nd_St_4_20260531T213000.jpg,,,dataset_20260531/DT_10th_and_2nd_St_4/DT_10th_and_2nd_St_4_20260531T213000.jpg,illegal_dumping,done,2026-06-02T14:19:47.836735+00:00,0.038,0.738,0.779,,nvidia/cosmos-reason2-8b,"DUMPING PRESENT: No
ORDINANCE VIOLATION: No
WASTE TYPE: mixed
WASTE VOLUME: small (pickup truck)
WASTE ORIGIN: residential
PROPERTY TYPE: alley
ADDRESS MARKERS: NONE
GUTTER/ALLEY: Yes
WATER PROXIMITY: No
CHRONIC SITE: No
VEHICLES: NONE
IDENTIFIERS: NONE
SEVERITY: 1
ORDINANCE: N/A
PRIORITY: LOW
SUMMARY: No illegal dumping detected in the alleyway; the scene appears to be a natural outdoor area with no visible waste or debris."
20260602T140833Z,DT_10th_and_2nd_St_4_20260531T214000.jpg,,,dataset_20260531/DT_10th_and_2nd_St_4/DT_10th_and_2nd_St_4_20260531T214000.jpg,illegal_dumping,done,2026-06-02T14:19:48.039481+00:00,0.047,0.649,0.7,,nvidia/cosmos-reason2-8b,"DUMPING PRESENT: No
ORDINANCE VIOLATION: No
WASTE TYPE: mixed
WASTE VOLUME: small (pickup truck)
WASTE ORIGIN: residential
PROPERTY TYPE: alley
ADDRESS MARKERS: NONE
GUTTER/ALLEY: Yes
WATER PROXIMITY: No
CHRONIC SITE: No
VEHICLES: NONE
IDENTIFIERS: NONE
SEVERITY: 1
ORDINANCE: N/A
PRIORITY: LOW
SUMMARY: No illegal dumping detected in the alleyway."
20260602T140833Z,DT_10th_and_2nd_St_4_20260531T215000.jpg,,,dataset_20260531/DT_10th_and_2nd_St_4/DT_10th_and_2nd_St_4_20260531T215000.jpg,illegal_dumping,done,2026-06-02T14:19:48.216277+00:00,0.036,0.666,0.705,,nvidia/cosmos-reason2-8b,"DUMPING PRESENT: No
ORDINANCE VIOLATION: No
WASTE TYPE: mixed
WASTE VOLUME: small (pickup truck)
WASTE ORIGIN: residential
PROPERTY TYPE: alley
ADDRESS MARKERS: NONE
GUTTER/ALLEY: Yes
WATER PROXIMITY: No
CHRONIC SITE: No
VEHICLES: NONE
IDENTIFIERS: NONE
SEVERITY: 1
ORDINANCE: N/A
PRIORITY: LOW
SUMMARY: No illegal dumping detected in the alleyway."
20260602T140833Z,DT_10th_and_2nd_St_4_20260531T220000.jpg,,,dataset_20260531/DT_10th_and_2nd_St_4/DT_10th_and_2nd_St_4_20260531T220000.jpg,illegal_dumping,done,2026-06-02T14:19:48.375358+00:00,0.035,0.723,0.761,,nvidia/cosmos-reason2-8b,"DUMPING PRESENT: No
ORDINANCE VIOLATION: No
WASTE TYPE: mixed
WASTE VOLUME: small (pickup truck)
WASTE ORIGIN: residential
PROPERTY TYPE: alley
ADDRESS MARKERS: NONE
GUTTER/ALLEY: Yes
WATER PROXIMITY: No
CHRONIC SITE: No
VEHICLES: NONE
IDENTIFIERS: NONE
SEVERITY: 1
ORDINANCE: N/A
PRIORITY: LOW
SUMMARY: No illegal dumping is observed in the alleyway; the area appears clear with no visible waste or debris."
20260602T140833Z,DT_10th_and_2nd_St_4_20260531T221000.jpg,,,dataset_20260531/DT_10th_and_2nd_St_4/DT_10th_and_2nd_St_4_20260531T221000.jpg,illegal_dumping,done,2026-06-02T14:19:48.618320+00:00,0.036,0.722,0.761,,nvidia/cosmos-reason2-8b,"DUMPING PRESENT: No
ORDINANCE VIOLATION: No
WASTE TYPE: mixed
WASTE VOLUME: small (pickup truck)
WASTE ORIGIN: residential
PROPERTY TYPE: alley
ADDRESS MARKERS: NONE
GUTTER/ALLEY: Yes
WATER PROXIMITY: No
CHRONIC SITE: No
VEHICLES: NONE
IDENTIFIERS: NONE
SEVERITY: 1
ORDINANCE: N/A
PRIORITY: LOW
SUMMARY: No illegal dumping observed in the alleyway."
20260602T140833Z,DT_10th_and_2nd_St_4_20260531T222000.jpg,,,dataset_20260531/DT_10th_and_2nd_St_4/DT_10th_and_2nd_St_4_20260531T222000.jpg,illegal_dumping,done,2026-06-02T14:19:48.741610+00:00,0.044,0.822,0.869,,nvidia/cosmos-reason2-8b,"DUMPING PRESENT: No
ORDINANCE VIOLATION: No
WASTE TYPE: mixed
WASTE VOLUME: small (pickup truck)
WASTE ORIGIN: residential
PROPERTY TYPE: alley
ADDRESS MARKERS: NONE
GUTTER/ALLEY: Yes
WATER PROXIMITY: No
CHRONIC SITE: No
VEHICLES: NONE
IDENTIFIERS: NONE
SEVERITY: 1
ORDINANCE: N/A
PRIORITY: LOW
SUMMARY: No illegal dumping detected in the alleyway; the scene appears to be a natural outdoor area with no visible waste or debris."
20260602T140833Z,DT_10th_and_2nd_St_4_20260531T223000.jpg,,,dataset_20260531/DT_10th_and_2nd_St_4/DT_10th_and_2nd_St_4_20260531T223000.jpg,illegal_dumping,done,2026-06-02T14:19:48.923712+00:00,0.043,0.796,0.842,,nvidia/cosmos-reason2-8b,"DUMPING PRESENT: No
ORDINANCE VIOLATION: No
WASTE TYPE: mixed
WASTE VOLUME: small (pickup truck)
WASTE ORIGIN: residential
PROPERTY TYPE: alley
ADDRESS MARKERS: NONE
GUTTER/ALLEY: Yes
WATER PROXIMITY: No
CHRONIC SITE: No
VEHICLES: NONE
IDENTIFIERS: NONE
SEVERITY: 1
ORDINANCE: N/A
PRIORITY: LOW
SUMMARY: No illegal dumping observed in the alleyway."
20260602T140833Z,DT_10th_and_2nd_St_4_20260531T224000.jpg,,,dataset_20260531/DT_10th_and_2nd_St_4/DT_10th_and_2nd_St_4_20260531T224000.jpg,illegal_dumping,done,2026-06-02T14:19:49.138925+00:00,0.041,0.726,0.771,,nvidia/cosmos-reason2-8b,"DUMPING PRESENT: No
ORDINANCE VIOLATION: No
WASTE TYPE: mixed
WASTE VOLUME: small (pickup truck)
WASTE ORIGIN: residential
PROPERTY TYPE: alley
ADDRESS MARKERS: NONE
GUTTER/ALLEY: Yes
WATER PROXIMITY: No
CHRONIC SITE: No
VEHICLES: NONE
IDENTIFIERS: NONE
SEVERITY: 1
ORDINANCE: N/A
PRIORITY: LOW
SUMMARY: No illegal dumping observed in the alleyway."
20260602T140833Z,DT_10th_and_2nd_St_4_20260531T225000.jpg,,,dataset_20260531/DT_10th_and_2nd_St_4/DT_10th_and_2nd_St_4_20260531T225000.jpg,illegal_dumping,done,2026-06-02T14:19:49.382027+00:00,0.045,0.654,0.702,,nvidia/cosmos-reason2-8b,"DUMPING PRESENT: No
ORDINANCE VIOLATION: No
WASTE TYPE: mixed
WASTE VOLUME: small (pickup truck)
WASTE ORIGIN: residential
PROPERTY TYPE: alley
ADDRESS MARKERS: NONE
GUTTER/ALLEY: Yes
WATER PROXIMITY: No
CHRONIC SITE: No
VEHICLES: NONE
IDENTIFIERS: NONE
SEVERITY: 1
ORDINANCE: N/A
PRIORITY: LOW
SUMMARY: No illegal dumping is observed in the alleyway; the area appears clear with no visible waste or debris."
20260602T140833Z,DT_10th_and_2nd_St_4_20260531T230000.jpg,,,dataset_20260531/DT_10th_and_2nd_St_4/DT_10th_and_2nd_St_4_20260531T230000.jpg,illegal_dumping,done,2026-06-02T14:19:49.613673+00:00,0.039,0.655,0.698,,nvidia/cosmos-reason2-8b,"DUMPING PRESENT: No
ORDINANCE VIOLATION: No
WASTE TYPE: mixed
WASTE VOLUME: small (pickup truck)
WASTE ORIGIN: residential
PROPERTY TYPE: alley
ADDRESS MARKERS: NONE
GUTTER/ALLEY: Yes
WATER PROXIMITY: No
CHRONIC SITE: No
VEHICLES: NONE
IDENTIFIERS: NONE
SEVERITY: 1
ORDINANCE: N/A
PRIORITY: LOW
SUMMARY: No illegal dumping observed in the alleyway."
20260602T140833Z,DT_10th_and_2nd_St_4_20260531T231000.jpg,,,dataset_20260531/DT_10th_and_2nd_St_4/DT_10th_and_2nd_St_4_20260531T231000.jpg,illegal_dumping,done,2026-06-02T14:19:49.768371+00:00,0.041,0.697,0.741,,nvidia/cosmos-reason2-8b,"DUMPING PRESENT: No
ORDINANCE VIOLATION: No
WASTE TYPE: mixed
WASTE VOLUME: small (pickup truck)
WASTE ORIGIN: residential
PROPERTY TYPE: alley
ADDRESS MARKERS: NONE
GUTTER/ALLEY: Yes
WATER PROXIMITY: No
CHRONIC SITE: No
VEHICLES: NONE
IDENTIFIERS: NONE
SEVERITY: 1
ORDINANCE: N/A
PRIORITY: LOW
SUMMARY: No illegal dumping detected in the alleyway."
20260602T140833Z,DT_10th_and_2nd_St_4_20260531T232000.jpg,,,dataset_20260531/DT_10th_and_2nd_St_4/DT_10th_and_2nd_St_4_20260531T232000.jpg,illegal_dumping,done,2026-06-02T14:19:49.912119+00:00,0.037,0.815,0.854,,nvidia/cosmos-reason2-8b,"DUMPING PRESENT: No
ORDINANCE VIOLATION: No
WASTE TYPE: mixed
WASTE VOLUME: small (pickup truck)
WASTE ORIGIN: residential
PROPERTY TYPE: alley
ADDRESS MARKERS: NONE
GUTTER/ALLEY: Yes
WATER PROXIMITY: No
CHRONIC SITE: No
VEHICLES: NONE
IDENTIFIERS: NONE
SEVERITY: 1
ORDINANCE: N/A
PRIORITY: LOW
SUMMARY: No illegal dumping observed in the alleyway."
20260602T140833Z,DT_10th_and_2nd_St_4_20260531T233000.jpg,,,dataset_20260531/DT_10th_and_2nd_St_4/DT_10th_and_2nd_St_4_20260531T233000.jpg,illegal_dumping,done,2026-06-02T14:19:50.086346+00:00,0.037,0.838,0.878,,nvidia/cosmos-reason2-8b,"DUMPING PRESENT: No
ORDINANCE VIOLATION: No
WASTE TYPE: mixed
WASTE VOLUME: small (pickup truck)
WASTE ORIGIN: residential
PROPERTY TYPE: alley
ADDRESS MARKERS: NONE
GUTTER/ALLEY: Yes
WATER PROXIMITY: No
CHRONIC SITE: No
VEHICLES: NONE
IDENTIFIERS: NONE
SEVERITY: 1
ORDINANCE: N/A
PRIORITY: LOW
SUMMARY: No illegal dumping detected in the alleyway."
20260602T140833Z,DT_10th_and_2nd_St_4_20260531T234000.jpg,,,dataset_20260531/DT_10th_and_2nd_St_4/DT_10th_and_2nd_St_4_20260531T234000.jpg,illegal_dumping,done,2026-06-02T14:19:50.314002+00:00,0.041,0.777,0.821,,nvidia/cosmos-reason2-8b,"DUMPING PRESENT: No
ORDINANCE VIOLATION: No
WASTE TYPE: mixed
WASTE VOLUME: small (pickup truck)
WASTE ORIGIN: residential
PROPERTY TYPE: alley
ADDRESS MARKERS: NONE
GUTTER/ALLEY: Yes
WATER PROXIMITY: No
CHRONIC SITE: No
VEHICLES: NONE
IDENTIFIERS: NONE
SEVERITY: 1
ORDINANCE: N/A
PRIORITY: LOW
SUMMARY: No illegal dumping observed in the alleyway."
20260602T140833Z,DT_10th_and_2nd_St_4_20260531T235000.jpg,,,dataset_20260531/DT_10th_and_2nd_St_4/DT_10th_and_2nd_St_4_20260531T235000.jpg,illegal_dumping,done,2026-06-02T14:19:50.511655+00:00,0.039,0.838,0.88,,nvidia/cosmos-reason2-8b,"DUMPING PRESENT: No
ORDINANCE VIOLATION: No
WASTE TYPE: mixed
WASTE VOLUME: small (pickup truck)
WASTE ORIGIN: residential
PROPERTY TYPE: alley
ADDRESS MARKERS: NONE
GUTTER/ALLEY: Yes
WATER PROXIMITY: No
CHRONIC SITE: No
VEHICLES: NONE
IDENTIFIERS: NONE
SEVERITY: 1
ORDINANCE: N/A
PRIORITY: LOW
SUMMARY: No illegal dumping observed; the alley appears clean with no visible waste or debris."
20260602T140833Z,DT_10th_and_Madison_Jefferson_1_20260531T000000.jpg,,,dataset_20260531/DT_10th_and_Madison_Jefferson_1/DT_10th_and_Madison_Jefferson_1_20260531T000000.jpg,illegal_dumping,done,2026-06-02T14:19:51.424919+00:00,0.143,1.296,1.465,,nvidia/cosmos-reason2-8b,"DUMPING PRESENT: No
ORDINANCE VIOLATION: No
WASTE TYPE: mixed
WASTE VOLUME: small (pickup truck)
WASTE ORIGIN: residential
PROPERTY TYPE: alley
ADDRESS MARKERS: NONE
GUTTER/ALLEY: Yes
WATER PROXIMITY: No
CHRONIC SITE: No
VEHICLES: <color, type, any text visible — or NONE>
IDENTIFIERS: <plates, signage, labels, individuals — or NONE>
SEVERITY: 1
ORDINANCE: N/A
PRIORITY: LOW
SUMMARY: No illegal dumping observed in the alleyway."
20260602T140833Z,DT_10th_and_Madison_Jefferson_1_20260531T001000.jpg,,,dataset_20260531/DT_10th_and_Madison_Jefferson_1/DT_10th_and_Madison_Jefferson_1_20260531T001000.jpg,illegal_dumping,done,2026-06-02T14:19:51.425862+00:00,0.143,1.116,1.284,,nvidia/cosmos-reason2-8b,"DUMPING PRESENT: No
ORDINANCE VIOLATION: No
WASTE TYPE: mixed
WASTE VOLUME: small (pickup truck)
WASTE ORIGIN: residential
PROPERTY TYPE: alley
ADDRESS MARKERS: NONE
GUTTER/ALLEY: Yes
WATER PROXIMITY: No
CHRONIC SITE: No
VEHICLES: <color, type, any text visible — or NONE>
IDENTIFIERS: <plates, signage, labels, individuals — or NONE>
SEVERITY: 1
ORDINANCE: N/A
PRIORITY: LOW
SUMMARY: No illegal dumping observed in the alleyway."
20260602T140833Z,DT_10th_and_Madison_Jefferson_1_20260531T002000.jpg,,,dataset_20260531/DT_10th_and_Madison_Jefferson_1/DT_10th_and_Madison_Jefferson_1_20260531T002000.jpg,illegal_dumping,done,2026-06-02T14:19:51.427555+00:00,0.144,1.25,1.418,,nvidia/cosmos-reason2-8b,"```json
{
  ""DUMPING PRESENT"": ""No"",
  ""ORDINANCE VIOLATION"": ""No"",
  ""WASTE TYPE"": [],
  ""WASTE VOLUME"": ""small (pickup truck)"",
  ""WASTE ORIGIN"": ""unknown"",
  ""PROPERTY TYPE"": ""right-of-way"",
  ""ADDRESS MARKERS"": ""NONE"",
  ""GUTTER/ALLEY"": ""Yes"",
  ""WATER PROXIMITY"": ""No"",
  ""CHRONIC SITE"": ""No"",
  ""VEHICLES"": ""Black pickup truck"",
  ""IDENTIFIERS"": ""NONE"",
  ""SEVERITY"": ""1"",
  ""ORDINANCE"": ""N/A"",
  ""PRIORITY"": ""LOW"",
  ""SUMMARY"": ""No illegal dumping detected; the scene shows a black pickup truck parked along a right-of-way with no visible waste or debris.""
}
```"
20260602T140833Z,DT_10th_and_Madison_Jefferson_1_20260531T003000.jpg,,,dataset_20260531/DT_10th_and_Madison_Jefferson_1/DT_10th_and_Madison_Jefferson_1_20260531T003000.jpg,illegal_dumping,done,2026-06-02T14:19:51.428223+00:00,0.143,1.21,1.376,,nvidia/cosmos-reason2-8b,"DUMPING PRESENT: No
ORDINANCE VIOLATION: No
WASTE TYPE: mixed
WASTE VOLUME: small (pickup truck)
WASTE ORIGIN: residential
PROPERTY TYPE: alley
ADDRESS MARKERS: NONE
GUTTER/ALLEY: Yes
WATER PROXIMITY: No
CHRONIC SITE: No
VEHICLES: <color, type, any text visible — or NONE>
IDENTIFIERS: <plates, signage, labels, individuals — or NONE>
SEVERITY: 1
ORDINANCE: N/A
PRIORITY: LOW
SUMMARY: No illegal dumping is observed in the alleyway."
20260602T140833Z,DT_10th_and_Madison_Jefferson_1_20260531T004000.jpg,,,dataset_20260531/DT_10th_and_Madison_Jefferson_1/DT_10th_and_Madison_Jefferson_1_20260531T004000.jpg,illegal_dumping,done,2026-06-02T14:19:52.712549+00:00,0.043,0.952,0.999,,nvidia/cosmos-reason2-8b,"```json
{
  ""DUMPING PRESENT"": ""No"",
  ""ORDINANCE VIOLATION"": ""No"",
  ""WASTE TYPE"": [],
  ""WASTE VOLUME"": ""small (pickup truck)"",
  ""WASTE ORIGIN"": ""unknown"",
  ""PROPERTY TYPE"": ""right-of-way"",
  ""ADDRESS MARKERS"": ""NONE"",
  ""GUTTER/ALLEY"": ""Yes"",
  ""WATER PROXIMITY"": ""No"",
  ""CHRONIC SITE"": ""No"",
  ""VEHICLES"": ""Black pickup truck"",
  ""IDENTIFIERS"": ""NONE"",
  ""SEVERITY"": ""1"",
  ""ORDINANCE"": ""N/A"",
  ""PRIORITY"": ""LOW"",
  ""SUMMARY"": ""No illegal dumping detected; a black pickup truck is parked on the right-of-way.""
}
```"
20260602T140833Z,DT_10th_and_Madison_Jefferson_1_20260531T005000.jpg,,,dataset_20260531/DT_10th_and_Madison_Jefferson_1/DT_10th_and_Madison_Jefferson_1_20260531T005000.jpg,illegal_dumping,done,2026-06-02T14:19:52.806818+00:00,0.038,0.969,1.011,,nvidia/cosmos-reason2-8b,"DUMPING PRESENT: No
ORDINANCE VIOLATION: No
WASTE TYPE: mixed
WASTE VOLUME: small (pickup truck)
WASTE ORIGIN: residential
PROPERTY TYPE: alley
ADDRESS MARKERS: NONE
GUTTER/ALLEY: Yes
WATER PROXIMITY: No
CHRONIC SITE: No
VEHICLES: <color, type, any text visible — or NONE>
IDENTIFIERS: <plates, signage, labels, individuals — or NONE>
SEVERITY: 1
ORDINANCE: N/A
PRIORITY: LOW
SUMMARY: No illegal dumping observed in the alleyway."
20260602T140833Z,DT_10th_and_Madison_Jefferson_1_20260531T010000.jpg,,,dataset_20260531/DT_10th_and_Madison_Jefferson_1/DT_10th_and_Madison_Jefferson_1_20260531T010000.jpg,illegal_dumping,done,2026-06-02T14:19:52.847655+00:00,0.039,1.137,1.179,,nvidia/cosmos-reason2-8b,"```json
{
  ""DUMPING PRESENT"": ""No"",
  ""ORDINANCE VIOLATION"": ""No"",
  ""WASTE TYPE"": [],
  ""WASTE VOLUME"": ""small (pickup truck)"",
  ""WASTE ORIGIN"": ""residential"",
  ""PROPERTY TYPE"": ""right-of-way"",
  ""ADDRESS MARKERS"": ""NONE"",
  ""GUTTER/ALLEY"": ""Yes"",
  ""WATER PROXIMITY"": ""No"",
  ""CHRONIC SITE"": ""No"",
  ""VEHICLES"": ""black pickup truck"",
  ""IDENTIFIERS"": ""NONE"",
  ""SEVERITY"": ""1"",
  ""ORDINANCE"": ""N/A"",
  ""PRIORITY"": ""LOW"",
  ""SUMMARY"": ""No illegal dumping detected; the scene shows a black pickup truck parked along a right-of-way with no visible waste or debris.""
}
```"
20260602T140833Z,DT_10th_and_Madison_Jefferson_1_20260531T011000.jpg,,,dataset_20260531/DT_10th_and_Madison_Jefferson_1/DT_10th_and_Madison_Jefferson_1_20260531T011000.jpg,illegal_dumping,done,2026-06-02T14:19:52.892481+00:00,0.034,1.103,1.14,,nvidia/cosmos-reason2-8b,"DUMPING PRESENT: No
ORDINANCE VIOLATION: No
WASTE TYPE: mixed
WASTE VOLUME: small (pickup truck)
WASTE ORIGIN: residential
PROPERTY TYPE: alley
ADDRESS MARKERS: NONE
GUTTER/ALLEY: Yes
WATER PROXIMITY: No
CHRONIC SITE: No
VEHICLES: NONE
IDENTIFIERS: NONE
SEVERITY: 1
ORDINANCE: N/A
PRIORITY: LOW
SUMMARY: No illegal dumping observed in the alleyway."
20260602T140833Z,DT_10th_and_Madison_Jefferson_1_20260531T012000.jpg,,,dataset_20260531/DT_10th_and_Madison_Jefferson_1/DT_10th_and_Madison_Jefferson_1_20260531T012000.jpg,illegal_dumping,done,2026-06-02T14:19:53.714380+00:00,0.045,0.659,0.708,,nvidia/cosmos-reason2-8b,"DUMPING PRESENT: No
ORDINANCE VIOLATION: No
WASTE TYPE: mixed
WASTE VOLUME: small (pickup truck)
WASTE ORIGIN: residential
PROPERTY TYPE: alley
ADDRESS MARKERS: NONE
GUTTER/ALLEY: Yes
WATER PROXIMITY: No
CHRONIC SITE: No
VEHICLES: NONE
IDENTIFIERS: NONE
SEVERITY: 1
ORDINANCE: N/A
PRIORITY: LOW
SUMMARY: No illegal dumping observed in the alleyway."
20260602T140833Z,DT_10th_and_Madison_Jefferson_1_20260531T013000.jpg,,,dataset_20260531/DT_10th_and_Madison_Jefferson_1/DT_10th_and_Madison_Jefferson_1_20260531T013000.jpg,illegal_dumping,done,2026-06-02T14:19:53.820347+00:00,0.043,0.792,0.838,,nvidia/cosmos-reason2-8b,"DUMPING PRESENT: No
ORDINANCE VIOLATION: No
WASTE TYPE: mixed
WASTE VOLUME: small (pickup truck)
WASTE ORIGIN: residential
PROPERTY TYPE: alley
ADDRESS MARKERS: NONE
GUTTER/ALLEY: Yes
WATER PROXIMITY: No
CHRONIC SITE: No
VEHICLES: <color, type, any text visible — or NONE>
IDENTIFIERS: <plates, signage, labels, individuals — or NONE>
SEVERITY: 1
ORDINANCE: N/A
PRIORITY: LOW
SUMMARY: No illegal dumping observed; scene shows a residential alley with a parked vehicle and no visible waste or debris."
20260602T140833Z,DT_10th_and_Madison_Jefferson_1_20260531T014000.jpg,,,dataset_20260531/DT_10th_and_Madison_Jefferson_1/DT_10th_and_Madison_Jefferson_1_20260531T014000.jpg,illegal_dumping,done,2026-06-02T14:19:54.029047+00:00,0.039,1.04,1.083,,nvidia/cosmos-reason2-8b,"DUMPING PRESENT: No
ORDINANCE VIOLATION: No
WASTE TYPE: mixed
WASTE VOLUME: small (pickup truck)
WASTE ORIGIN: residential
PROPERTY TYPE: alley
ADDRESS MARKERS: NONE
GUTTER/ALLEY: Yes
WATER PROXIMITY: No
CHRONIC SITE: No
VEHICLES: <color, type, any text visible — or NONE>
IDENTIFIERS: <plates, signage, labels, individuals — or NONE>
SEVERITY: 1
ORDINANCE: N/A
PRIORITY: LOW
SUMMARY: No illegal dumping observed in the alleyway."
20260602T140833Z,DT_10th_and_Madison_Jefferson_1_20260531T015000.jpg,,,dataset_20260531/DT_10th_and_Madison_Jefferson_1/DT_10th_and_Madison_Jefferson_1_20260531T015000.jpg,illegal_dumping,done,2026-06-02T14:19:54.069013+00:00,0.036,0.812,0.851,,nvidia/cosmos-reason2-8b,"DUMPING PRESENT: No
ORDINANCE VIOLATION: No
WASTE TYPE: mixed
WASTE VOLUME: small (pickup truck)
WASTE ORIGIN: residential
PROPERTY TYPE: alley
ADDRESS MARKERS: NONE
GUTTER/ALLEY: Yes
WATER PROXIMITY: No
CHRONIC SITE: No
VEHICLES: <color, type, any text visible — or NONE>
IDENTIFIERS: <plates, signage, labels, individuals — or NONE>
SEVERITY: 1
ORDINANCE: N/A
PRIORITY: LOW
SUMMARY: No illegal dumping observed in the alleyway; no waste materials or violations detected."
20260602T140833Z,DT_10th_and_Madison_Jefferson_1_20260531T020000.jpg,,,dataset_20260531/DT_10th_and_Madison_Jefferson_1/DT_10th_and_Madison_Jefferson_1_20260531T020000.jpg,illegal_dumping,done,2026-06-02T14:19:54.424974+00:00,0.038,0.802,0.843,,nvidia/cosmos-reason2-8b,"DUMPING PRESENT: No
ORDINANCE VIOLATION: No
WASTE TYPE: mixed
WASTE VOLUME: small (pickup truck)
WASTE ORIGIN: residential
PROPERTY TYPE: alley
ADDRESS MARKERS: NONE
GUTTER/ALLEY: Yes
WATER PROXIMITY: No
CHRONIC SITE: No
VEHICLES: <color, type, any text visible — or NONE>
IDENTIFIERS: <plates, signage, labels, individuals — or NONE>
SEVERITY: 1
ORDINANCE: N/A
PRIORITY: LOW
SUMMARY: No illegal dumping detected in the alleyway; no waste or debris visible on the ground or in the immediate vicinity."
20260602T140833Z,DT_10th_and_Madison_Jefferson_1_20260531T021000.jpg,,,dataset_20260531/DT_10th_and_Madison_Jefferson_1/DT_10th_and_Madison_Jefferson_1_20260531T021000.jpg,illegal_dumping,done,2026-06-02T14:19:54.660671+00:00,0.05,0.709,0.763,,nvidia/cosmos-reason2-8b,"DUMPING PRESENT: No
ORDINANCE VIOLATION: No
WASTE TYPE: mixed
WASTE VOLUME: small (pickup truck)
WASTE ORIGIN: residential
PROPERTY TYPE: right-of-way
ADDRESS MARKERS: NONE
GUTTER/ALLEY: Yes
WATER PROXIMITY: No
CHRONIC SITE: No
VEHICLES: <color, type, any text visible — or NONE>
IDENTIFIERS: <plates, signage, labels, individuals — or NONE>
SEVERITY: 1
ORDINANCE: N/A
PRIORITY: LOW
SUMMARY: No illegal dumping detected in the right-of-way area."
20260602T140833Z,DT_10th_and_Madison_Jefferson_1_20260531T022000.jpg,,,dataset_20260531/DT_10th_and_Madison_Jefferson_1/DT_10th_and_Madison_Jefferson_1_20260531T022000.jpg,illegal_dumping,done,2026-06-02T14:19:54.922662+00:00,0.04,0.747,0.79,,nvidia/cosmos-reason2-8b,"DUMPING PRESENT: No
ORDINANCE VIOLATION: No
WASTE TYPE: mixed
WASTE VOLUME: small (pickup truck)
WASTE ORIGIN: residential
PROPERTY TYPE: alley
ADDRESS MARKERS: NONE
GUTTER/ALLEY: Yes
WATER PROXIMITY: No
CHRONIC SITE: No
VEHICLES: <color, type, any text visible — or NONE>
IDENTIFIERS: <plates, signage, labels, individuals — or NONE>
SEVERITY: 1
ORDINANCE: N/A
PRIORITY: LOW
SUMMARY: No illegal dumping observed in the alleyway."
20260602T140833Z,DT_10th_and_Madison_Jefferson_1_20260531T023000.jpg,,,dataset_20260531/DT_10th_and_Madison_Jefferson_1/DT_10th_and_Madison_Jefferson_1_20260531T023000.jpg,illegal_dumping,done,2026-06-02T14:19:55.114200+00:00,0.046,0.711,0.76,,nvidia/cosmos-reason2-8b,"DUMPING PRESENT: No
ORDINANCE VIOLATION: No
WASTE TYPE: mixed
WASTE VOLUME: small (pickup truck)
WASTE ORIGIN: residential
PROPERTY TYPE: alley
ADDRESS MARKERS: NONE
GUTTER/ALLEY: Yes
WATER PROXIMITY: No
CHRONIC SITE: No
VEHICLES: <color, type, any text visible — or NONE>
IDENTIFIERS: <plates, signage, labels, individuals — or NONE>
SEVERITY: 1
ORDINANCE: N/A
PRIORITY: LOW
SUMMARY: No illegal dumping observed in the alleyway."
20260602T140833Z,DT_10th_and_Madison_Jefferson_1_20260531T024000.jpg,,,dataset_20260531/DT_10th_and_Madison_Jefferson_1/DT_10th_and_Madison_Jefferson_1_20260531T024000.jpg,illegal_dumping,done,2026-06-02T14:19:55.270974+00:00,0.043,0.82,0.867,,nvidia/cosmos-reason2-8b,"DUMPING PRESENT: No
ORDINANCE VIOLATION: No
WASTE TYPE: mixed
WASTE VOLUME: small (pickup truck)
WASTE ORIGIN: residential
PROPERTY TYPE: alley
ADDRESS MARKERS: NONE
GUTTER/ALLEY: Yes
WATER PROXIMITY: No
CHRONIC SITE: No
VEHICLES: <color, type, any text visible — or NONE>
IDENTIFIERS: <plates, signage, labels, individuals — or NONE>
SEVERITY: 1
ORDINANCE: N/A
PRIORITY: LOW
SUMMARY: No illegal dumping observed in the alleyway; the scene appears clean with no visible waste or debris."
20260602T140833Z,DT_10th_and_Madison_Jefferson_1_20260531T025000.jpg,,,dataset_20260531/DT_10th_and_Madison_Jefferson_1/DT_10th_and_Madison_Jefferson_1_20260531T025000.jpg,illegal_dumping,done,2026-06-02T14:19:55.426106+00:00,0.037,0.823,0.864,,nvidia/cosmos-reason2-8b,"DUMPING PRESENT: No
ORDINANCE VIOLATION: No
WASTE TYPE: mixed
WASTE VOLUME: small (pickup truck)
WASTE ORIGIN: residential
PROPERTY TYPE: alley
ADDRESS MARKERS: NONE
GUTTER/ALLEY: Yes
WATER PROXIMITY: No
CHRONIC SITE: No
VEHICLES: <color, type, any text visible — or NONE>
IDENTIFIERS: <plates, signage, labels, individuals — or NONE>
SEVERITY: 1
ORDINANCE: N/A
PRIORITY: LOW
SUMMARY: No illegal dumping observed in the alleyway; the scene shows a parked vehicle and natural surroundings without waste or debris."
20260602T140833Z,DT_10th_and_Madison_Jefferson_1_20260531T030000.jpg,,,dataset_20260531/DT_10th_and_Madison_Jefferson_1/DT_10th_and_Madison_Jefferson_1_20260531T030000.jpg,illegal_dumping,done,2026-06-02T14:19:55.715957+00:00,0.045,0.741,0.789,,nvidia/cosmos-reason2-8b,"DUMPING PRESENT: No
ORDINANCE VIOLATION: No
WASTE TYPE: mixed
WASTE VOLUME: small (pickup truck)
WASTE ORIGIN: residential
PROPERTY TYPE: alley
ADDRESS MARKERS: NONE
GUTTER/ALLEY: Yes
WATER PROXIMITY: No
CHRONIC SITE: No
VEHICLES: <color, type, any text visible — or NONE>
IDENTIFIERS: <plates, signage, labels, individuals — or NONE>
SEVERITY: 1
ORDINANCE: N/A
PRIORITY: LOW
SUMMARY: No illegal dumping observed in the alleyway."
20260602T140833Z,DT_10th_and_Madison_Jefferson_1_20260531T031000.jpg,,,dataset_20260531/DT_10th_and_Madison_Jefferson_1/DT_10th_and_Madison_Jefferson_1_20260531T031000.jpg,illegal_dumping,done,2026-06-02T14:19:55.877104+00:00,0.045,0.732,0.78,,nvidia/cosmos-reason2-8b,"DUMPING PRESENT: No
ORDINANCE VIOLATION: No
WASTE TYPE: mixed
WASTE VOLUME: small (pickup truck)
WASTE ORIGIN: residential
PROPERTY TYPE: alley
ADDRESS MARKERS: NONE
GUTTER/ALLEY: Yes
WATER PROXIMITY: No
CHRONIC SITE: No
VEHICLES: <color, type, any text visible — or NONE>
IDENTIFIERS: <plates, signage, labels, individuals — or NONE>
SEVERITY: 1
ORDINANCE: N/A
PRIORITY: LOW
SUMMARY: No illegal dumping observed in the alleyway."
20260602T140833Z,DT_10th_and_Madison_Jefferson_1_20260531T032000.jpg,,,dataset_20260531/DT_10th_and_Madison_Jefferson_1/DT_10th_and_Madison_Jefferson_1_20260531T032000.jpg,illegal_dumping,done,2026-06-02T14:19:56.140295+00:00,0.041,0.711,0.755,,nvidia/cosmos-reason2-8b,"DUMPING PRESENT: No
ORDINANCE VIOLATION: No
WASTE TYPE: mixed
WASTE VOLUME: small (pickup truck)
WASTE ORIGIN: residential
PROPERTY TYPE: alley
ADDRESS MARKERS: NONE
GUTTER/ALLEY: Yes
WATER PROXIMITY: No
CHRONIC SITE: No
VEHICLES: <color, type, any text visible — or NONE>
IDENTIFIERS: <plates, signage, labels, individuals — or NONE>
SEVERITY: 1
ORDINANCE: N/A
PRIORITY: LOW
SUMMARY: No illegal dumping observed in the alleyway."
20260602T140833Z,DT_10th_and_Madison_Jefferson_1_20260531T033000.jpg,,,dataset_20260531/DT_10th_and_Madison_Jefferson_1/DT_10th_and_Madison_Jefferson_1_20260531T033000.jpg,illegal_dumping,done,2026-06-02T14:19:56.292529+00:00,0.041,0.676,0.72,,nvidia/cosmos-reason2-8b,"DUMPING PRESENT: No
ORDINANCE VIOLATION: No
WASTE TYPE: mixed
WASTE VOLUME: small (pickup truck)
WASTE ORIGIN: residential
PROPERTY TYPE: alley
ADDRESS MARKERS: NONE
GUTTER/ALLEY: Yes
WATER PROXIMITY: No
CHRONIC SITE: No
VEHICLES: NONE
IDENTIFIERS: NONE
SEVERITY: 1
ORDINANCE: N/A
PRIORITY: LOW
SUMMARY: No illegal dumping observed in the alleyway."
20260602T140833Z,DT_10th_and_Madison_Jefferson_1_20260531T034000.jpg,,,dataset_20260531/DT_10th_and_Madison_Jefferson_1/DT_10th_and_Madison_Jefferson_1_20260531T034000.jpg,illegal_dumping,done,2026-06-02T14:19:56.507069+00:00,0.038,0.687,0.727,,nvidia/cosmos-reason2-8b,"DUMPING PRESENT: No
ORDINANCE VIOLATION: No
WASTE TYPE: mixed
WASTE VOLUME: small (pickup truck)
WASTE ORIGIN: residential
PROPERTY TYPE: alley
ADDRESS MARKERS: NONE
GUTTER/ALLEY: Yes
WATER PROXIMITY: No
CHRONIC SITE: No
VEHICLES: NONE
IDENTIFIERS: NONE
SEVERITY: 1
ORDINANCE: N/A
PRIORITY: LOW
SUMMARY: No illegal dumping is observed in the alleyway."
20260602T140833Z,DT_10th_and_Madison_Jefferson_1_20260531T035000.jpg,,,dataset_20260531/DT_10th_and_Madison_Jefferson_1/DT_10th_and_Madison_Jefferson_1_20260531T035000.jpg,illegal_dumping,done,2026-06-02T14:19:56.659904+00:00,0.047,0.835,0.886,,nvidia/cosmos-reason2-8b,"DUMPING PRESENT: No
ORDINANCE VIOLATION: No
WASTE TYPE: mixed
WASTE VOLUME: small (pickup truck)
WASTE ORIGIN: residential
PROPERTY TYPE: alley
ADDRESS MARKERS: NONE
GUTTER/ALLEY: Yes
WATER PROXIMITY: No
CHRONIC SITE: No
VEHICLES: <color, type, any text visible — or NONE>
IDENTIFIERS: <plates, signage, labels, individuals — or NONE>
SEVERITY: 1
ORDINANCE: N/A
PRIORITY: LOW
SUMMARY: No illegal dumping observed in the alleyway; the scene appears clean with no visible waste or debris."
20260602T140833Z,DT_10th_and_Madison_Jefferson_1_20260531T040000.jpg,,,dataset_20260531/DT_10th_and_Madison_Jefferson_1/DT_10th_and_Madison_Jefferson_1_20260531T040000.jpg,illegal_dumping,done,2026-06-02T14:19:56.898552+00:00,0.039,0.869,0.911,,nvidia/cosmos-reason2-8b,"```json
{
  ""DUMPING PRESENT"": ""No"",
  ""ORDINANCE VIOLATION"": ""No"",
  ""WASTE TYPE"": [],
  ""WASTE VOLUME"": ""small (pickup truck)"",
  ""WASTE ORIGIN"": ""residential"",
  ""PROPERTY TYPE"": ""right-of-way"",
  ""ADDRESS MARKERS"": ""NONE"",
  ""GUTTER/ALLEY"": ""Yes"",
  ""WATER PROXIMITY"": ""No"",
  ""CHRONIC SITE"": ""No"",
  ""VEHICLES"": ""black pickup truck"",
  ""IDENTIFIERS"": ""NONE"",
  ""SEVERITY"": ""1"",
  ""ORDINANCE"": ""N/A"",
  ""PRIORITY"": ""LOW"",
  ""SUMMARY"": ""No illegal dumping detected; the scene shows a black pickup truck parked along a right-of-way with no visible waste or debris.""
}
```"
20260602T140833Z,DT_10th_and_Madison_Jefferson_1_20260531T041000.jpg,,,dataset_20260531/DT_10th_and_Madison_Jefferson_1/DT_10th_and_Madison_Jefferson_1_20260531T041000.jpg,illegal_dumping,done,2026-06-02T14:19:57.014643+00:00,0.036,0.817,0.856,,nvidia/cosmos-reason2-8b,"DUMPING PRESENT: No
ORDINANCE VIOLATION: No
WASTE TYPE: mixed
WASTE VOLUME: small (pickup truck)
WASTE ORIGIN: residential
PROPERTY TYPE: alley
ADDRESS MARKERS: NONE
GUTTER/ALLEY: Yes
WATER PROXIMITY: No
CHRONIC SITE: No
VEHICLES: NONE
IDENTIFIERS: NONE
SEVERITY: 1
ORDINANCE: N/A
PRIORITY: LOW
SUMMARY: No illegal dumping detected in the alleyway; the scene appears clean with no visible waste or debris."
20260602T140833Z,DT_10th_and_Madison_Jefferson_1_20260531T042000.jpg,,,dataset_20260531/DT_10th_and_Madison_Jefferson_1/DT_10th_and_Madison_Jefferson_1_20260531T042000.jpg,illegal_dumping,done,2026-06-02T14:19:57.236712+00:00,0.045,0.816,0.864,,nvidia/cosmos-reason2-8b,"DUMPING PRESENT: No
ORDINANCE VIOLATION: No
WASTE TYPE: mixed
WASTE VOLUME: small (pickup truck)
WASTE ORIGIN: residential
PROPERTY TYPE: right-of-way
ADDRESS MARKERS: NONE
GUTTER/ALLEY: No
WATER PROXIMITY: No
CHRONIC SITE: No
VEHICLES: <color, type, any text visible — or NONE>
IDENTIFIERS: <plates, signage, labels, individuals — or NONE>
SEVERITY: 1
ORDINANCE: N/A
PRIORITY: LOW
SUMMARY: No illegal dumping detected in the video."
20260602T140833Z,DT_10th_and_Madison_Jefferson_1_20260531T043000.jpg,,,dataset_20260531/DT_10th_and_Madison_Jefferson_1/DT_10th_and_Madison_Jefferson_1_20260531T043000.jpg,illegal_dumping,done,2026-06-02T14:19:57.548431+00:00,0.036,0.655,0.695,,nvidia/cosmos-reason2-8b,"DUMPING PRESENT: No
ORDINANCE VIOLATION: No
WASTE TYPE: mixed
WASTE VOLUME: small (pickup truck)
WASTE ORIGIN: residential
PROPERTY TYPE: alley
ADDRESS MARKERS: NONE
GUTTER/ALLEY: Yes
WATER PROXIMITY: No
CHRONIC SITE: No
VEHICLES: NONE
IDENTIFIERS: NONE
SEVERITY: 1
ORDINANCE: N/A
PRIORITY: LOW
SUMMARY: No illegal dumping observed in the alleyway."
20260602T140833Z,DT_10th_and_Madison_Jefferson_1_20260531T044000.jpg,,,dataset_20260531/DT_10th_and_Madison_Jefferson_1/DT_10th_and_Madison_Jefferson_1_20260531T044000.jpg,illegal_dumping,done,2026-06-02T14:19:57.812112+00:00,0.041,0.74,0.784,,nvidia/cosmos-reason2-8b,"DUMPING PRESENT: No
ORDINANCE VIOLATION: No
WASTE TYPE: N/A
WASTE VOLUME: N/A
WASTE ORIGIN: N/A
PROPERTY TYPE: alley
ADDRESS MARKERS: NONE
GUTTER/ALLEY: Yes
WATER PROXIMITY: No
CHRONIC SITE: No
VEHICLES: <color, type, any text visible — or NONE>
IDENTIFIERS: <plates, signage, labels, individuals — or NONE>
SEVERITY: 1
ORDINANCE: N/A
PRIORITY: LOW
SUMMARY: No illegal dumping observed in the alleyway."
20260602T140833Z,DT_10th_and_Madison_Jefferson_1_20260531T045000.jpg,,,dataset_20260531/DT_10th_and_Madison_Jefferson_1/DT_10th_and_Madison_Jefferson_1_20260531T045000.jpg,illegal_dumping,done,2026-06-02T14:19:57.872472+00:00,0.045,0.861,0.909,,nvidia/cosmos-reason2-8b,"DUMPING PRESENT: No
ORDINANCE VIOLATION: No
WASTE TYPE: mixed
WASTE VOLUME: small (pickup truck)
WASTE ORIGIN: residential
PROPERTY TYPE: alley
ADDRESS MARKERS: NONE
GUTTER/ALLEY: Yes
WATER PROXIMITY: No
CHRONIC SITE: No
VEHICLES: NONE
IDENTIFIERS: NONE
SEVERITY: 1
ORDINANCE: N/A
PRIORITY: LOW
SUMMARY: No illegal dumping is observed in the alleyway."
20260602T140833Z,DT_10th_and_Madison_Jefferson_1_20260531T050000.jpg,,,dataset_20260531/DT_10th_and_Madison_Jefferson_1/DT_10th_and_Madison_Jefferson_1_20260531T050000.jpg,illegal_dumping,done,2026-06-02T14:19:58.103059+00:00,0.042,0.854,0.9,,nvidia/cosmos-reason2-8b,"DUMPING PRESENT: No
ORDINANCE VIOLATION: No
WASTE TYPE: mixed
WASTE VOLUME: small (pickup truck)
WASTE ORIGIN: residential
PROPERTY TYPE: alley
ADDRESS MARKERS: NONE
GUTTER/ALLEY: Yes
WATER PROXIMITY: No
CHRONIC SITE: No
VEHICLES: <color, type, any text visible — or NONE>
IDENTIFIERS: <plates, signage, labels, individuals — or NONE>
SEVERITY: 1
ORDINANCE: N/A
PRIORITY: LOW
SUMMARY: No illegal dumping observed in the alleyway."
20260602T140833Z,DT_10th_and_Madison_Jefferson_1_20260531T051000.jpg,,,dataset_20260531/DT_10th_and_Madison_Jefferson_1/DT_10th_and_Madison_Jefferson_1_20260531T051000.jpg,illegal_dumping,done,2026-06-02T14:19:58.246275+00:00,0.043,1.018,1.065,,nvidia/cosmos-reason2-8b,"```json
{
  ""DUMPING PRESENT"": ""No"",
  ""ORDINANCE VIOLATION"": ""No"",
  ""WASTE TYPE"": [],
  ""WASTE VOLUME"": ""small (pickup truck)"",
  ""WASTE ORIGIN"": ""unknown"",
  ""PROPERTY TYPE"": ""right-of-way"",
  ""ADDRESS MARKERS"": ""NONE"",
  ""GUTTER/ALLEY"": ""Yes"",
  ""WATER PROXIMITY"": ""No"",
  ""CHRONIC SITE"": ""No"",
  ""VEHICLES"": ""Black pickup truck"",
  ""IDENTIFIERS"": ""NONE"",
  ""SEVERITY"": ""1"",
  ""ORDINANCE"": ""N/A"",
  ""PRIORITY"": ""LOW"",
  ""SUMMARY"": ""No illegal dumping detected; the scene shows a black pickup truck parked along a right-of-way with no visible waste or debris.""
}
```"
20260602T140833Z,DT_10th_and_Madison_Jefferson_1_20260531T052000.jpg,,,dataset_20260531/DT_10th_and_Madison_Jefferson_1/DT_10th_and_Madison_Jefferson_1_20260531T052000.jpg,illegal_dumping,done,2026-06-02T14:19:58.599533+00:00,0.039,0.814,0.857,,nvidia/cosmos-reason2-8b,"DUMPING PRESENT: No
ORDINANCE VIOLATION: No
WASTE TYPE: mixed
WASTE VOLUME: small (pickup truck)
WASTE ORIGIN: residential
PROPERTY TYPE: alley
ADDRESS MARKERS: NONE
GUTTER/ALLEY: Yes
WATER PROXIMITY: No
CHRONIC SITE: No
VEHICLES: <color, type, any text visible — or NONE>
IDENTIFIERS: <plates, signage, labels, individuals — or NONE>
SEVERITY: 1
ORDINANCE: N/A
PRIORITY: LOW
SUMMARY: No illegal dumping detected in the alleyway; the scene appears clean with no visible waste or debris."
20260602T140833Z,DT_10th_and_Madison_Jefferson_1_20260531T053000.jpg,,,dataset_20260531/DT_10th_and_Madison_Jefferson_1/DT_10th_and_Madison_Jefferson_1_20260531T053000.jpg,illegal_dumping,done,2026-06-02T14:19:58.784754+00:00,0.046,0.675,0.724,,nvidia/cosmos-reason2-8b,"DUMPING PRESENT: No
ORDINANCE VIOLATION: No
WASTE TYPE: mixed
WASTE VOLUME: small (pickup truck)
WASTE ORIGIN: residential
PROPERTY TYPE: alley
ADDRESS MARKERS: NONE
GUTTER/ALLEY: Yes
WATER PROXIMITY: No
CHRONIC SITE: No
VEHICLES: NONE
IDENTIFIERS: NONE
SEVERITY: 1
ORDINANCE: N/A
PRIORITY: LOW
SUMMARY: No illegal dumping is observed in the alleyway; the scene appears clean with no visible waste or debris."
20260602T140833Z,DT_10th_and_Madison_Jefferson_1_20260531T054000.jpg,,,dataset_20260531/DT_10th_and_Madison_Jefferson_1/DT_10th_and_Madison_Jefferson_1_20260531T054000.jpg,illegal_dumping,done,2026-06-02T14:19:59.005779+00:00,0.039,0.786,0.828,,nvidia/cosmos-reason2-8b,"DUMPING PRESENT: No
ORDINANCE VIOLATION: No
WASTE TYPE: mixed
WASTE VOLUME: small (pickup truck)
WASTE ORIGIN: residential
PROPERTY TYPE: alley
ADDRESS MARKERS: NONE
GUTTER/ALLEY: Yes
WATER PROXIMITY: No
CHRONIC SITE: No
VEHICLES: <color, type, any text visible — or NONE>
IDENTIFIERS: <plates, signage, labels, individuals — or NONE>
SEVERITY: 1
ORDINANCE: N/A
PRIORITY: LOW
SUMMARY: No illegal dumping detected in the alleyway; the scene shows a parked vehicle and natural surroundings without visible waste or debris."
20260602T140833Z,DT_10th_and_Madison_Jefferson_1_20260531T055000.jpg,,,dataset_20260531/DT_10th_and_Madison_Jefferson_1/DT_10th_and_Madison_Jefferson_1_20260531T055000.jpg,illegal_dumping,done,2026-06-02T14:19:59.313701+00:00,0.04,0.715,0.759,,nvidia/cosmos-reason2-8b,"DUMPING PRESENT: No
ORDINANCE VIOLATION: No
WASTE TYPE: mixed
WASTE VOLUME: small (pickup truck)
WASTE ORIGIN: residential
PROPERTY TYPE: alley
ADDRESS MARKERS: NONE
GUTTER/ALLEY: Yes
WATER PROXIMITY: No
CHRONIC SITE: No
VEHICLES: <color, type, any text visible — or NONE>
IDENTIFIERS: <plates, signage, labels, individuals — or NONE>
SEVERITY: 1
ORDINANCE: N/A
PRIORITY: LOW
SUMMARY: No illegal dumping observed in the alleyway."
20260602T140833Z,DT_10th_and_Madison_Jefferson_1_20260531T060000.jpg,,,dataset_20260531/DT_10th_and_Madison_Jefferson_1/DT_10th_and_Madison_Jefferson_1_20260531T060000.jpg,illegal_dumping,done,2026-06-02T14:19:59.459264+00:00,0.04,0.918,0.961,,nvidia/cosmos-reason2-8b,"DUMPING PRESENT: No
ORDINANCE VIOLATION: No
WASTE TYPE: mixed
WASTE VOLUME: small (pickup truck)
WASTE ORIGIN: residential
PROPERTY TYPE: alley
ADDRESS MARKERS: NONE
GUTTER/ALLEY: Yes
WATER PROXIMITY: No
CHRONIC SITE: No
VEHICLES: NONE
IDENTIFIERS: NONE
SEVERITY: 1
ORDINANCE: N/A
PRIORITY: LOW
SUMMARY: No illegal dumping detected in the alleyway."
20260602T140833Z,DT_10th_and_Madison_Jefferson_1_20260531T061000.jpg,,,dataset_20260531/DT_10th_and_Madison_Jefferson_1/DT_10th_and_Madison_Jefferson_1_20260531T061000.jpg,illegal_dumping,done,2026-06-02T14:19:59.511376+00:00,0.041,0.814,0.858,,nvidia/cosmos-reason2-8b,"DUMPING PRESENT: No
ORDINANCE VIOLATION: No
WASTE TYPE: mixed
WASTE VOLUME: small (pickup truck)
WASTE ORIGIN: residential
PROPERTY TYPE: alley
ADDRESS MARKERS: NONE
GUTTER/ALLEY: Yes
WATER PROXIMITY: No
CHRONIC SITE: No
VEHICLES: NONE
IDENTIFIERS: NONE
SEVERITY: 1
ORDINANCE: N/A
PRIORITY: LOW
SUMMARY: No illegal dumping detected in the alleyway; the scene appears clean with no visible waste or debris."
20260602T140833Z,DT_10th_and_Madison_Jefferson_1_20260531T062000.jpg,,,dataset_20260531/DT_10th_and_Madison_Jefferson_1/DT_10th_and_Madison_Jefferson_1_20260531T062000.jpg,illegal_dumping,done,2026-06-02T14:19:59.836640+00:00,0.041,0.815,0.859,,nvidia/cosmos-reason2-8b,"DUMPING PRESENT: No
ORDINANCE VIOLATION: No
WASTE TYPE: mixed
WASTE VOLUME: small (pickup truck)
WASTE ORIGIN: residential
PROPERTY TYPE: alley
ADDRESS MARKERS: NONE
GUTTER/ALLEY: Yes
WATER PROXIMITY: No
CHRONIC SITE: No
VEHICLES: <color, type, any text visible — or NONE>
IDENTIFIERS: <plates, signage, labels, individuals — or NONE>
SEVERITY: 1
ORDINANCE: N/A
PRIORITY: LOW
SUMMARY: No illegal dumping observed in the alleyway."
20260602T140833Z,DT_10th_and_Madison_Jefferson_1_20260531T063000.jpg,,,dataset_20260531/DT_10th_and_Madison_Jefferson_1/DT_10th_and_Madison_Jefferson_1_20260531T063000.jpg,illegal_dumping,done,2026-06-02T14:20:00.075233+00:00,0.042,0.691,0.737,,nvidia/cosmos-reason2-8b,"DUMPING PRESENT: No
ORDINANCE VIOLATION: No
WASTE TYPE: mixed
WASTE VOLUME: small (pickup truck)
WASTE ORIGIN: residential
PROPERTY TYPE: occupied-private
ADDRESS MARKERS: NONE
GUTTER/ALLEY: No
WATER PROXIMITY: No
CHRONIC SITE: No
VEHICLES: NONE
IDENTIFIERS: NONE
SEVERITY: 1
ORDINANCE: N/A
PRIORITY: LOW
SUMMARY: No illegal dumping detected in the analyzed frames."
20260602T140833Z,DT_10th_and_Madison_Jefferson_1_20260531T064000.jpg,,,dataset_20260531/DT_10th_and_Madison_Jefferson_1/DT_10th_and_Madison_Jefferson_1_20260531T064000.jpg,illegal_dumping,done,2026-06-02T14:20:00.372193+00:00,0.048,0.678,0.73,,nvidia/cosmos-reason2-8b,"DUMPING PRESENT: No
ORDINANCE VIOLATION: No
WASTE TYPE: mixed
WASTE VOLUME: small (pickup truck)
WASTE ORIGIN: residential
PROPERTY TYPE: alley
ADDRESS MARKERS: NONE
GUTTER/ALLEY: Yes
WATER PROXIMITY: No
CHRONIC SITE: No
VEHICLES: <color, type, any text visible — or NONE>
IDENTIFIERS: <plates, signage, labels, individuals — or NONE>
SEVERITY: 1
ORDINANCE: N/A
PRIORITY: LOW
SUMMARY: No illegal dumping is observed in the alleyway."
20260602T140833Z,DT_10th_and_Madison_Jefferson_1_20260531T065000.jpg,,,dataset_20260531/DT_10th_and_Madison_Jefferson_1/DT_10th_and_Madison_Jefferson_1_20260531T065000.jpg,illegal_dumping,done,2026-06-02T14:20:00.423336+00:00,0.045,0.922,0.972,,nvidia/cosmos-reason2-8b,"DUMPING PRESENT: No
ORDINANCE VIOLATION: No
WASTE TYPE: mixed
WASTE VOLUME: small (pickup truck)
WASTE ORIGIN: residential
PROPERTY TYPE: alley
ADDRESS MARKERS: NONE
GUTTER/ALLEY: Yes
WATER PROXIMITY: No
CHRONIC SITE: No
VEHICLES: NONE
IDENTIFIERS: NONE
SEVERITY: 1
ORDINANCE: N/A
PRIORITY: LOW
SUMMARY: No illegal dumping detected in the alleyway; the scene appears clean with no visible waste or debris."
20260602T140833Z,DT_10th_and_Madison_Jefferson_1_20260531T070000.jpg,,,dataset_20260531/DT_10th_and_Madison_Jefferson_1/DT_10th_and_Madison_Jefferson_1_20260531T070000.jpg,illegal_dumping,done,2026-06-02T14:20:00.698545+00:00,0.046,0.785,0.834,,nvidia/cosmos-reason2-8b,"DUMPING PRESENT: No
ORDINANCE VIOLATION: No
WASTE TYPE: mixed
WASTE VOLUME: small (pickup truck)
WASTE ORIGIN: residential
PROPERTY TYPE: vacant-lot
ADDRESS MARKERS: NONE
GUTTER/ALLEY: No
WATER PROXIMITY: No
CHRONIC SITE: No
VEHICLES: NONE
IDENTIFIERS: NONE
SEVERITY: 1
ORDINANCE: N/A
PRIORITY: LOW
SUMMARY: No illegal dumping detected in the video."
20260602T140833Z,DT_10th_and_Madison_Jefferson_1_20260531T071000.jpg,,,dataset_20260531/DT_10th_and_Madison_Jefferson_1/DT_10th_and_Madison_Jefferson_1_20260531T071000.jpg,illegal_dumping,done,2026-06-02T14:20:00.814893+00:00,0.044,0.762,0.81,,nvidia/cosmos-reason2-8b,"DUMPING PRESENT: No
ORDINANCE VIOLATION: No
WASTE TYPE: mixed
WASTE VOLUME: small (pickup truck)
WASTE ORIGIN: residential
PROPERTY TYPE: vacant-lot
ADDRESS MARKERS: NONE
GUTTER/ALLEY: No
WATER PROXIMITY: No
CHRONIC SITE: No
VEHICLES: NONE
IDENTIFIERS: NONE
SEVERITY: 1
ORDINANCE: N/A
PRIORITY: LOW
SUMMARY: No illegal dumping detected in the video."
20260602T140833Z,DT_10th_and_Madison_Jefferson_1_20260531T072000.jpg,,,dataset_20260531/DT_10th_and_Madison_Jefferson_1/DT_10th_and_Madison_Jefferson_1_20260531T072000.jpg,illegal_dumping,done,2026-06-02T14:20:01.104708+00:00,0.05,0.69,0.745,,nvidia/cosmos-reason2-8b,"DUMPING PRESENT: No
ORDINANCE VIOLATION: No
WASTE TYPE: mixed
WASTE VOLUME: small (pickup truck)
WASTE ORIGIN: residential
PROPERTY TYPE: occupied-private
ADDRESS MARKERS: NONE
GUTTER/ALLEY: No
WATER PROXIMITY: No
CHRONIC SITE: No
VEHICLES: NONE
IDENTIFIERS: NONE
SEVERITY: 1
ORDINANCE: N/A
PRIORITY: LOW
SUMMARY: No illegal dumping detected in the video."
20260602T140833Z,DT_10th_and_Madison_Jefferson_1_20260531T073000.jpg,,,dataset_20260531/DT_10th_and_Madison_Jefferson_1/DT_10th_and_Madison_Jefferson_1_20260531T073000.jpg,illegal_dumping,done,2026-06-02T14:20:01.397582+00:00,0.042,0.711,0.757,,nvidia/cosmos-reason2-8b,"DUMPING PRESENT: No
ORDINANCE VIOLATION: No
WASTE TYPE: mixed
WASTE VOLUME: small (pickup truck)
WASTE ORIGIN: residential
PROPERTY TYPE: vacant-lot
ADDRESS MARKERS: NONE
GUTTER/ALLEY: No
WATER PROXIMITY: No
CHRONIC SITE: No
VEHICLES: NONE
IDENTIFIERS: NONE
SEVERITY: 1
ORDINANCE: N/A
PRIORITY: LOW
SUMMARY: No illegal dumping detected in the video."
20260602T140833Z,DT_10th_and_Madison_Jefferson_1_20260531T074000.jpg,,,dataset_20260531/DT_10th_and_Madison_Jefferson_1/DT_10th_and_Madison_Jefferson_1_20260531T074000.jpg,illegal_dumping,done,2026-06-02T14:20:01.535241+00:00,0.039,0.979,1.023,,nvidia/cosmos-reason2-8b,"DUMPING PRESENT: No
ORDINANCE VIOLATION: No
WASTE TYPE: mixed
WASTE VOLUME: small (pickup truck)
WASTE ORIGIN: residential
PROPERTY TYPE: vacant-lot
ADDRESS MARKERS: NONE
GUTTER/ALLEY: No
WATER PROXIMITY: No
CHRONIC SITE: No
VEHICLES: NONE
IDENTIFIERS: NONE
SEVERITY: 1
ORDINANCE: N/A
PRIORITY: LOW
SUMMARY: No illegal dumping detected in the video."
20260602T140833Z,DT_10th_and_Madison_Jefferson_1_20260531T075000.jpg,,,dataset_20260531/DT_10th_and_Madison_Jefferson_1/DT_10th_and_Madison_Jefferson_1_20260531T075000.jpg,illegal_dumping,done,2026-06-02T14:20:01.627410+00:00,0.041,0.838,0.885,,nvidia/cosmos-reason2-8b,"DUMPING PRESENT: No
ORDINANCE VIOLATION: No
WASTE TYPE: <none detected>
WASTE VOLUME: <not applicable>
WASTE ORIGIN: <not applicable>
PROPERTY TYPE: right-of-way
ADDRESS MARKERS: NONE
GUTTER/ALLEY: No
WATER PROXIMITY: No
CHRONIC SITE: No
VEHICLES: None
IDENTIFIERS: <none detected>
SEVERITY: 1
ORDINANCE: N/A
PRIORITY: LOW
SUMMARY: No illegal dumping observed; the scene shows a residential area with a parked vehicle and greenery."
20260602T140833Z,DT_10th_and_Madison_Jefferson_1_20260531T080000.jpg,,,dataset_20260531/DT_10th_and_Madison_Jefferson_1/DT_10th_and_Madison_Jefferson_1_20260531T080000.jpg,illegal_dumping,done,2026-06-02T14:20:01.852134+00:00,0.038,0.991,1.033,,nvidia/cosmos-reason2-8b,"DUMPING PRESENT: No
ORDINANCE VIOLATION: No
WASTE TYPE: mixed
WASTE VOLUME: small (pickup truck)
WASTE ORIGIN: residential
PROPERTY TYPE: alley
ADDRESS MARKERS: NONE
GUTTER/ALLEY: Yes
WATER PROXIMITY: No
CHRONIC SITE: No
VEHICLES: <color, type, any text visible — or NONE>
IDENTIFIERS: <plates, signage, labels, individuals — or NONE>
SEVERITY: 1
ORDINANCE: N/A
PRIORITY: LOW
SUMMARY: No illegal dumping observed in the alleyway; no waste or debris present on the ground or along the sides of the road."
20260602T140833Z,DT_10th_and_Madison_Jefferson_1_20260531T081000.jpg,,,dataset_20260531/DT_10th_and_Madison_Jefferson_1/DT_10th_and_Madison_Jefferson_1_20260531T081000.jpg,illegal_dumping,done,2026-06-02T14:20:02.157179+00:00,0.048,0.934,0.986,,nvidia/cosmos-reason2-8b,"DUMPING PRESENT: No
ORDINANCE VIOLATION: No
WASTE TYPE: N/A
WASTE VOLUME: N/A
WASTE ORIGIN: N/A
PROPERTY TYPE: alley
ADDRESS MARKERS: NONE
GUTTER/ALLEY: Yes
WATER PROXIMITY: No
CHRONIC SITE: No
VEHICLES: <color=N/A, type=minivan>
IDENTIFIERS: N/A
SEVERITY: 1
ORDINANCE: N/A
PRIORITY: LOW
SUMMARY: No illegal dumping detected in the alleyway; a minivan is parked along the street with no visible waste or debris."
20260602T140833Z,DT_10th_and_Madison_Jefferson_1_20260531T082000.jpg,,,dataset_20260531/DT_10th_and_Madison_Jefferson_1/DT_10th_and_Madison_Jefferson_1_20260531T082000.jpg,illegal_dumping,done,2026-06-02T14:20:02.514630+00:00,0.042,0.787,0.834,,nvidia/cosmos-reason2-8b,"DUMPING PRESENT: Yes
ORDINANCE VIOLATION: Yes
WASTE TYPE: mixed
WASTE VOLUME: small (pickup truck)
WASTE ORIGIN: residential
PROPERTY TYPE: alley
ADDRESS MARKERS: NONE
GUTTER/ALLEY: Yes
WATER PROXIMITY: No
CHRONIC SITE: No
VEHICLES: <NONE>
IDENTIFIERS: <NONE>
SEVERITY: 3
ORDINANCE: Sec-46-45
PRIORITY: MEDIUM
SUMMARY: A vehicle is parked in an alley with debris visible on the ground, indicating illegal dumping on private property that violates Sec. 46-45.
"
20260602T140833Z,DT_10th_and_Madison_Jefferson_1_20260531T083000.jpg,,,dataset_20260531/DT_10th_and_Madison_Jefferson_1/DT_10th_and_Madison_Jefferson_1_20260531T083000.jpg,illegal_dumping,done,2026-06-02T14:20:02.560551+00:00,0.053,0.872,0.929,,nvidia/cosmos-reason2-8b,"DUMPING PRESENT: No
ORDINANCE VIOLATION: No
WASTE TYPE: N/A
WASTE VOLUME: N/A
WASTE ORIGIN: N/A
PROPERTY TYPE: alley
ADDRESS MARKERS: NONE
GUTTER/ALLEY: Yes
WATER PROXIMITY: No
CHRONIC SITE: No
VEHICLES: NONE
IDENTIFIERS: N/A
SEVERITY: 1
ORDINANCE: N/A
PRIORITY: LOW
SUMMARY: No illegal dumping detected in the alleyway; the area appears clean with no visible waste or debris."
20260602T140833Z,DT_10th_and_Madison_Jefferson_1_20260531T084000.jpg,,,dataset_20260531/DT_10th_and_Madison_Jefferson_1/DT_10th_and_Madison_Jefferson_1_20260531T084000.jpg,illegal_dumping,done,2026-06-02T14:20:02.887960+00:00,0.045,0.847,0.897,,nvidia/cosmos-reason2-8b,"DUMPING PRESENT: Yes
ORDINANCE VIOLATION: Yes
WASTE TYPE: mixed
WASTE VOLUME: small (pickup truck)
WASTE ORIGIN: residential
PROPERTY TYPE: alley
ADDRESS MARKERS: NONE
GUTTER/ALLEY: Yes
WATER PROXIMITY: No
CHRONIC SITE: No
VEHICLES: NONE
IDENTIFIERS: NONE
SEVERITY: 2
ORDINANCE: Sec-46-45
PRIORITY: MEDIUM
SUMMARY: A pickup truck is parked along the alley, and there is a pile of mixed waste on the left side of the road, which is considered illegal dumping on private or public property.
"
20260602T140833Z,DT_10th_and_Madison_Jefferson_1_20260531T085000.jpg,,,dataset_20260531/DT_10th_and_Madison_Jefferson_1/DT_10th_and_Madison_Jefferson_1_20260531T085000.jpg,illegal_dumping,done,2026-06-02T14:20:03.145370+00:00,0.043,0.688,0.735,,nvidia/cosmos-reason2-8b,"DUMPING PRESENT: No
ORDINANCE VIOLATION: No
WASTE TYPE: N/A
WASTE VOLUME: N/A
WASTE ORIGIN: N/A
PROPERTY TYPE: alley
ADDRESS MARKERS: NONE
GUTTER/ALLEY: Yes
WATER PROXIMITY: No
CHRONIC SITE: No
VEHICLES: gray SUV
IDENTIFIERS: N/A
SEVERITY: 1
ORDINANCE: N/A
PRIORITY: LOW
SUMMARY: No illegal dumping detected in the alleyway; the scene shows a gray SUV parked along the side of the road with no visible waste or debris."
20260602T140833Z,DT_10th_and_Madison_Jefferson_1_20260531T090000.jpg,,,dataset_20260531/DT_10th_and_Madison_Jefferson_1/DT_10th_and_Madison_Jefferson_1_20260531T090000.jpg,illegal_dumping,done,2026-06-02T14:20:03.351211+00:00,0.037,0.839,0.881,,nvidia/cosmos-reason2-8b,"DUMPING PRESENT: Yes
ORDINANCE VIOLATION: Yes
WASTE TYPE: mixed
WASTE VOLUME: small (pickup truck)
WASTE ORIGIN: residential
PROPERTY TYPE: alley
ADDRESS MARKERS: NONE
GUTTER/ALLEY: Yes
WATER PROXIMITY: No
CHRONIC SITE: No
VEHICLES: NONE
IDENTIFIERS: NONE
SEVERITY: 1
ORDINANCE: Sec-46-45
PRIORITY: LOW
SUMMARY: A pile of mixed waste is located in the alley, which is considered a minor violation under Sec-46-45 due to its small volume and residential origin.
"
20260602T140833Z,DT_10th_and_Madison_Jefferson_1_20260531T091000.jpg,,,dataset_20260531/DT_10th_and_Madison_Jefferson_1/DT_10th_and_Madison_Jefferson_1_20260531T091000.jpg,illegal_dumping,done,2026-06-02T14:20:03.491691+00:00,0.046,0.747,0.796,,nvidia/cosmos-reason2-8b,"DUMPING PRESENT: No
ORDINANCE VIOLATION: No
WASTE TYPE: mixed
WASTE VOLUME: small (pickup truck)
WASTE ORIGIN: residential
PROPERTY TYPE: alley
ADDRESS MARKERS: NONE
GUTTER/ALLEY: Yes
WATER PROXIMITY: No
CHRONIC SITE: No
VEHICLES: gray SUV
IDENTIFIERS: NONE
SEVERITY: 1
ORDINANCE: N/A
PRIORITY: LOW
SUMMARY: No illegal dumping detected in the alley; only a gray SUV is present without any visible waste or debris."
20260602T140833Z,DT_10th_and_Madison_Jefferson_1_20260531T092000.jpg,,,dataset_20260531/DT_10th_and_Madison_Jefferson_1/DT_10th_and_Madison_Jefferson_1_20260531T092000.jpg,illegal_dumping,done,2026-06-02T14:20:03.787013+00:00,0.048,0.71,0.762,,nvidia/cosmos-reason2-8b,"DUMPING PRESENT: No
ORDINANCE VIOLATION: No
WASTE TYPE: mixed
WASTE VOLUME: small (pickup truck)
WASTE ORIGIN: residential
PROPERTY TYPE: right-of-way
ADDRESS MARKERS: NONE
GUTTER/ALLEY: Yes
WATER PROXIMITY: No
CHRONIC SITE: No
VEHICLES: <NONE>
IDENTIFIERS: <NONE>
SEVERITY: 1
ORDINANCE: N/A
PRIORITY: LOW
SUMMARY: No illegal dumping detected in the video."
20260602T140833Z,DT_10th_and_Madison_Jefferson_1_20260531T093000.jpg,,,dataset_20260531/DT_10th_and_Madison_Jefferson_1/DT_10th_and_Madison_Jefferson_1_20260531T093000.jpg,illegal_dumping,done,2026-06-02T14:20:03.883006+00:00,0.045,0.817,0.866,,nvidia/cosmos-reason2-8b,"DUMPING PRESENT: No
ORDINANCE VIOLATION: No
WASTE TYPE: mixed
WASTE VOLUME: small (pickup truck)
WASTE ORIGIN: residential
PROPERTY TYPE: vacant-lot
ADDRESS MARKERS: <NONE>
GUTTER/ALLEY: No
WATER PROXIMITY: No
CHRONIC SITE: No
VEHICLES: <NONE>
IDENTIFIERS: <NONE>
SEVERITY: 1
ORDINANCE: N/A
PRIORITY: LOW
SUMMARY: No illegal dumping detected in the scene."
20260602T140833Z,DT_10th_and_Madison_Jefferson_1_20260531T094000.jpg,,,dataset_20260531/DT_10th_and_Madison_Jefferson_1/DT_10th_and_Madison_Jefferson_1_20260531T094000.jpg,illegal_dumping,done,2026-06-02T14:20:04.234429+00:00,0.043,0.838,0.885,,nvidia/cosmos-reason2-8b,"DUMPING PRESENT: No
ORDINANCE VIOLATION: No
WASTE TYPE:
WASTE VOLUME:
WASTE ORIGIN:
PROPERTY TYPE: alley
ADDRESS MARKERS: NONE
GUTTER/ALLEY: Yes
WATER PROXIMITY: No
CHRONIC SITE: No
VEHICLES: <color, type, any text visible — or NONE>
IDENTIFIERS: <plates, signage, labels, individuals — or NONE>
SEVERITY: 1
ORDINANCE: N/A
PRIORITY: LOW
SUMMARY: No illegal dumping observed in the alley; no waste or debris present on the ground or near the vehicles."
20260602T140833Z,DT_10th_and_Madison_Jefferson_1_20260531T095000.jpg,,,dataset_20260531/DT_10th_and_Madison_Jefferson_1/DT_10th_and_Madison_Jefferson_1_20260531T095000.jpg,illegal_dumping,done,2026-06-02T14:20:04.289947+00:00,0.042,0.856,0.902,,nvidia/cosmos-reason2-8b,"DUMPING PRESENT: No
ORDINANCE VIOLATION: No
WASTE TYPE: mixed
WASTE VOLUME: small (pickup truck)
WASTE ORIGIN: residential
PROPERTY TYPE: alley
ADDRESS MARKERS: NONE
GUTTER/ALLEY: Yes
WATER PROXIMITY: No
CHRONIC SITE: No
VEHICLES: gray SUV
IDENTIFIERS: NONE
SEVERITY: 1
ORDINANCE: N/A
PRIORITY: LOW
SUMMARY: No illegal dumping detected in the alleyway; the scene shows a gray SUV parked on the side of the road with no visible waste or debris."
20260602T140833Z,DT_10th_and_Madison_Jefferson_1_20260531T100000.jpg,,,dataset_20260531/DT_10th_and_Madison_Jefferson_1/DT_10th_and_Madison_Jefferson_1_20260531T100000.jpg,illegal_dumping,done,2026-06-02T14:20:04.551578+00:00,0.045,0.878,0.928,,nvidia/cosmos-reason2-8b,"DUMPING PRESENT: Yes
ORDINANCE VIOLATION: Yes
WASTE TYPE: mixed
WASTE VOLUME: small (pickup truck)
WASTE ORIGIN: residential
PROPERTY TYPE: alley
ADDRESS MARKERS: NONE
GUTTER/ALLEY: Yes
WATER PROXIMITY: No
CHRONIC SITE: No
VEHICLES: NONE
IDENTIFIERS: NONE
SEVERITY: 2
ORDINANCE: Sec-46-45
PRIORITY: MEDIUM
SUMMARY: A pile of mixed waste is illegally dumped in the alley, violating Brownsville's property owner liability ordinance (Sec. 46-45)."
20260602T140833Z,DT_10th_and_Madison_Jefferson_1_20260531T101000.jpg,,,dataset_20260531/DT_10th_and_Madison_Jefferson_1/DT_10th_and_Madison_Jefferson_1_20260531T101000.jpg,illegal_dumping,done,2026-06-02T14:20:04.751290+00:00,0.037,0.746,0.787,,nvidia/cosmos-reason2-8b,"DUMPING PRESENT: No
ORDINANCE VIOLATION: No
WASTE TYPE: mixed
WASTE VOLUME: small (pickup truck)
WASTE ORIGIN: residential
PROPERTY TYPE: occupied-private
ADDRESS MARKERS: NONE
GUTTER/ALLEY: No
WATER PROXIMITY: No
CHRONIC SITE: No
VEHICLES: NONE
IDENTIFIERS: NONE
SEVERITY: 1
ORDINANCE: N/A
PRIORITY: LOW
SUMMARY: No illegal dumping detected in the video."
20260602T140833Z,DT_10th_and_Madison_Jefferson_1_20260531T102000.jpg,,,dataset_20260531/DT_10th_and_Madison_Jefferson_1/DT_10th_and_Madison_Jefferson_1_20260531T102000.jpg,illegal_dumping,done,2026-06-02T14:20:05.122151+00:00,0.041,0.733,0.778,,nvidia/cosmos-reason2-8b,"DUMPING PRESENT: No
ORDINANCE VIOLATION: No
WASTE TYPE: mixed
WASTE VOLUME: small (pickup truck)
WASTE ORIGIN: residential
PROPERTY TYPE: occupied-private
ADDRESS MARKERS: NONE
GUTTER/ALLEY: No
WATER PROXIMITY: No
CHRONIC SITE: No
VEHICLES: NONE
IDENTIFIERS: NONE
SEVERITY: 1
ORDINANCE: N/A
PRIORITY: LOW
SUMMARY: No illegal dumping detected; the scene shows a vibrant, abstract pattern with no discernible waste or property violations."
20260602T140833Z,DT_10th_and_Madison_Jefferson_1_20260531T103000.jpg,,,dataset_20260531/DT_10th_and_Madison_Jefferson_1/DT_10th_and_Madison_Jefferson_1_20260531T103000.jpg,illegal_dumping,done,2026-06-02T14:20:05.193936+00:00,0.042,0.798,0.843,,nvidia/cosmos-reason2-8b,"DUMPING PRESENT: No
ORDINANCE VIOLATION: No
WASTE TYPE: mixed
WASTE VOLUME: small (pickup truck)
WASTE ORIGIN: residential
PROPERTY TYPE: alley
ADDRESS MARKERS: NONE
GUTTER/ALLEY: Yes
WATER PROXIMITY: No
CHRONIC SITE: No
VEHICLES: NONE
IDENTIFIERS: NONE
SEVERITY: 1
ORDINANCE: N/A
PRIORITY: LOW
SUMMARY: No illegal dumping detected in the alley; no visible waste or violations."
20260602T140833Z,DT_10th_and_Madison_Jefferson_1_20260531T104000.jpg,,,dataset_20260531/DT_10th_and_Madison_Jefferson_1/DT_10th_and_Madison_Jefferson_1_20260531T104000.jpg,illegal_dumping,done,2026-06-02T14:20:05.483390+00:00,0.045,0.868,0.918,,nvidia/cosmos-reason2-8b,"DUMPING PRESENT: No
ORDINANCE VIOLATION: No
WASTE TYPE: mixed
WASTE VOLUME: small (pickup truck)
WASTE ORIGIN: residential
PROPERTY TYPE: alley
ADDRESS MARKERS: NONE
GUTTER/ALLEY: Yes
WATER PROXIMITY: No
CHRONIC SITE: No
VEHICLES: <color, type, any text visible — or NONE>
IDENTIFIERS: <plates, signage, labels, individuals — or NONE>
SEVERITY: 1
ORDINANCE: N/A
PRIORITY: LOW
SUMMARY: No illegal dumping observed in the alleyway."
20260602T140833Z,DT_10th_and_Madison_Jefferson_1_20260531T105000.jpg,,,dataset_20260531/DT_10th_and_Madison_Jefferson_1/DT_10th_and_Madison_Jefferson_1_20260531T105000.jpg,illegal_dumping,done,2026-06-02T14:20:05.540880+00:00,0.045,0.859,0.907,,nvidia/cosmos-reason2-8b,"DUMPING PRESENT: No
ORDINANCE VIOLATION: No
WASTE TYPE: mixed
WASTE VOLUME: small (pickup truck)
WASTE ORIGIN: residential
PROPERTY TYPE: occupied-private
ADDRESS MARKERS: NONE
GUTTER/ALLEY: No
WATER PROXIMITY: No
CHRONIC SITE: No
VEHICLES: NONE
IDENTIFIERS: NONE
SEVERITY: 1
ORDINANCE: N/A
PRIORITY: LOW
SUMMARY: No illegal dumping detected in the video."
20260602T140833Z,DT_10th_and_Madison_Jefferson_1_20260531T110000.jpg,,,dataset_20260531/DT_10th_and_Madison_Jefferson_1/DT_10th_and_Madison_Jefferson_1_20260531T110000.jpg,illegal_dumping,done,2026-06-02T14:20:05.903369+00:00,0.043,0.72,0.767,,nvidia/cosmos-reason2-8b,"DUMPING PRESENT: No
ORDINANCE VIOLATION: No
WASTE TYPE: mixed
WASTE VOLUME: small (pickup truck)
WASTE ORIGIN: residential
PROPERTY TYPE: alley
ADDRESS MARKERS: NONE
GUTTER/ALLEY: Yes
WATER PROXIMITY: No
CHRONIC SITE: No
VEHICLES: NONE
IDENTIFIERS: NONE
SEVERITY: 1
ORDINANCE: N/A
PRIORITY: LOW
SUMMARY: No illegal dumping detected in the alleyway; no waste or debris visible on the ground or in the immediate vicinity."
20260602T140833Z,DT_10th_and_Madison_Jefferson_1_20260531T111000.jpg,,,dataset_20260531/DT_10th_and_Madison_Jefferson_1/DT_10th_and_Madison_Jefferson_1_20260531T111000.jpg,illegal_dumping,done,2026-06-02T14:20:06.038900+00:00,0.044,0.793,0.84,,nvidia/cosmos-reason2-8b,"DUMPING PRESENT: No
ORDINANCE VIOLATION: No
WASTE TYPE: mixed
WASTE VOLUME: small (pickup truck)
WASTE ORIGIN: residential
PROPERTY TYPE: alley
ADDRESS MARKERS: NONE
GUTTER/ALLEY: Yes
WATER PROXIMITY: No
CHRONIC SITE: No
VEHICLES: NONE
IDENTIFIERS: NONE
SEVERITY: 1
ORDINANCE: N/A
PRIORITY: LOW
SUMMARY: No illegal dumping detected in the alleyway; the scene appears clean with no visible waste or debris."
20260602T140833Z,DT_10th_and_Madison_Jefferson_1_20260531T112000.jpg,,,dataset_20260531/DT_10th_and_Madison_Jefferson_1/DT_10th_and_Madison_Jefferson_1_20260531T112000.jpg,illegal_dumping,done,2026-06-02T14:20:06.404183+00:00,0.045,0.991,1.039,,nvidia/cosmos-reason2-8b,"```json
{
  ""DUMPING PRESENT"": ""No"",
  ""ORDINANCE VIOLATION"": ""No"",
  ""WASTE TYPE"": [],
  ""WASTE VOLUME"": ""small (pickup truck)"",
  ""WASTE ORIGIN"": ""unknown"",
  ""PROPERTY TYPE"": ""occupied-private"",
  ""ADDRESS MARKERS"": ""NONE"",
  ""GUTTER/ALLEY"": ""No"",
  ""WATER PROXIMITY"": ""No"",
  ""CHRONIC SITE"": ""No"",
  ""VEHICLES"": ""NONE"",
  ""IDENTIFIERS"": ""NONE"",
  ""SEVERITY"": 1,
  ""ORDINANCE"": ""N/A"",
  ""PRIORITY"": ""LOW"",
  ""SUMMARY"": ""No illegal dumping detected; the scene shows a mix of abstract and distorted visuals without clear evidence of waste or property violations.""
}
```"
20260602T140833Z,DT_10th_and_Madison_Jefferson_1_20260531T113000.jpg,,,dataset_20260531/DT_10th_and_Madison_Jefferson_1/DT_10th_and_Madison_Jefferson_1_20260531T113000.jpg,illegal_dumping,done,2026-06-02T14:20:06.451496+00:00,0.05,0.86,0.914,,nvidia/cosmos-reason2-8b,"DUMPING PRESENT: No
ORDINANCE VIOLATION: No
WASTE TYPE: mixed
WASTE VOLUME: small (pickup truck)
WASTE ORIGIN: residential
PROPERTY TYPE: alley
ADDRESS MARKERS: NONE
GUTTER/ALLEY: Yes
WATER PROXIMITY: No
CHRONIC SITE: No
VEHICLES: <color, type, any text visible — or NONE>
IDENTIFIERS: <plates, signage, labels, individuals — or NONE>
SEVERITY: 1
ORDINANCE: N/A
PRIORITY: LOW
SUMMARY: No illegal dumping observed in the alleyway."
20260602T140833Z,DT_10th_and_Madison_Jefferson_1_20260531T114000.jpg,,,dataset_20260531/DT_10th_and_Madison_Jefferson_1/DT_10th_and_Madison_Jefferson_1_20260531T114000.jpg,illegal_dumping,done,2026-06-02T14:20:06.672847+00:00,0.037,0.906,0.946,,nvidia/cosmos-reason2-8b,"DUMPING PRESENT: No
ORDINANCE VIOLATION: No
WASTE TYPE: mixed
WASTE VOLUME: small (pickup truck)
WASTE ORIGIN: residential
PROPERTY TYPE: roadside
ADDRESS MARKERS: NONE
GUTTER/ALLEY: No
WATER PROXIMITY: No
CHRONIC SITE: No
VEHICLES: <color, type, any text visible — or NONE>
IDENTIFIERS: <plates, signage, labels, individuals — or NONE>
SEVERITY: 1
ORDINANCE: N/A
PRIORITY: LOW
SUMMARY: No illegal dumping observed; the scene shows a residential area with parked vehicles and greenery."
20260602T140833Z,DT_10th_and_Madison_Jefferson_1_20260531T115000.jpg,,,dataset_20260531/DT_10th_and_Madison_Jefferson_1/DT_10th_and_Madison_Jefferson_1_20260531T115000.jpg,illegal_dumping,done,2026-06-02T14:20:06.881572+00:00,0.039,0.918,0.959,,nvidia/cosmos-reason2-8b,"DUMPING PRESENT: No
ORDINANCE VIOLATION: No
WASTE TYPE: mixed
WASTE VOLUME: small (pickup truck)
WASTE ORIGIN: residential
PROPERTY TYPE: alley
ADDRESS MARKERS: NONE
GUTTER/ALLEY: Yes
WATER PROXIMITY: No
CHRONIC SITE: No
VEHICLES: <color, type, any text visible — or NONE>
IDENTIFIERS: <plates, signage, labels, individuals — or NONE>
SEVERITY: 1
ORDINANCE: N/A
PRIORITY: LOW
SUMMARY: No illegal dumping observed in the alleyway; the scene shows a parked vehicle and greenery without visible waste or debris."
20260602T140833Z,DT_10th_and_Madison_Jefferson_1_20260531T120000.jpg,,,dataset_20260531/DT_10th_and_Madison_Jefferson_1/DT_10th_and_Madison_Jefferson_1_20260531T120000.jpg,illegal_dumping,done,2026-06-02T14:20:07.368259+00:00,0.043,0.788,0.835,,nvidia/cosmos-reason2-8b,"DUMPING PRESENT: No
ORDINANCE VIOLATION: No
WASTE TYPE: mixed
WASTE VOLUME: small (pickup truck)
WASTE ORIGIN: residential
PROPERTY TYPE: alley
ADDRESS MARKERS: NONE
GUTTER/ALLEY: Yes
WATER PROXIMITY: No
CHRONIC SITE: No
VEHICLES: <color, type, any text visible — or NONE>
IDENTIFIERS: <plates, signage, labels, individuals — or NONE>
SEVERITY: 1
ORDINANCE: N/A
PRIORITY: LOW
SUMMARY: No illegal dumping observed in the alleyway."
20260602T140833Z,DT_10th_and_Madison_Jefferson_1_20260531T121000.jpg,,,dataset_20260531/DT_10th_and_Madison_Jefferson_1/DT_10th_and_Madison_Jefferson_1_20260531T121000.jpg,illegal_dumping,done,2026-06-02T14:20:07.445815+00:00,0.037,0.974,1.014,,nvidia/cosmos-reason2-8b,"DUMPING PRESENT: No
ORDINANCE VIOLATION: No
WASTE TYPE: mixed
WASTE VOLUME: small (pickup truck)
WASTE ORIGIN: residential
PROPERTY TYPE: right-of-way
ADDRESS MARKERS: NONE
GUTTER/ALLEY: Yes
WATER PROXIMITY: No
CHRONIC SITE: No
VEHICLES: <color, type, any text visible — or NONE>
IDENTIFIERS: <plates, signage, labels, individuals — or NONE>
SEVERITY: 1
ORDINANCE: N/A
PRIORITY: LOW
SUMMARY: No illegal dumping observed; the scene shows a residential area with parked cars and greenery along a right-of-way."
20260602T140833Z,DT_10th_and_Madison_Jefferson_1_20260531T122000.jpg,,,dataset_20260531/DT_10th_and_Madison_Jefferson_1/DT_10th_and_Madison_Jefferson_1_20260531T122000.jpg,illegal_dumping,done,2026-06-02T14:20:07.621601+00:00,0.036,0.942,0.982,,nvidia/cosmos-reason2-8b,"DUMPING PRESENT: No
ORDINANCE VIOLATION: No
WASTE TYPE: mixed
WASTE VOLUME: small (pickup truck)
WASTE ORIGIN: residential
PROPERTY TYPE: right-of-way
ADDRESS MARKERS: NONE
GUTTER/ALLEY: Yes
WATER PROXIMITY: No
CHRONIC SITE: No
VEHICLES: <color, type, any text visible — or NONE>
IDENTIFIERS: <plates, signage, labels, individuals — or NONE>
SEVERITY: 1
ORDINANCE: N/A
PRIORITY: LOW
SUMMARY: No illegal dumping observed in the right-of-way area."
20260602T140833Z,DT_10th_and_Madison_Jefferson_1_20260531T123000.jpg,,,dataset_20260531/DT_10th_and_Madison_Jefferson_1/DT_10th_and_Madison_Jefferson_1_20260531T123000.jpg,illegal_dumping,done,2026-06-02T14:20:07.843608+00:00,0.041,0.889,0.934,,nvidia/cosmos-reason2-8b,"DUMPING PRESENT: Yes
ORDINANCE VIOLATION: Yes
WASTE TYPE: mixed
WASTE VOLUME: small (pickup truck)
WASTE ORIGIN: residential
PROPERTY TYPE: alley
ADDRESS MARKERS: NONE
GUTTER/ALLEY: Yes
WATER PROXIMITY: No
CHRONIC SITE: No
VEHICLES: NONE
IDENTIFIERS: NONE
SEVERITY: 2
ORDINANCE: Sec-46-45
PRIORITY: MEDIUM
SUMMARY: A pile of mixed waste is located in the alley, which is considered illegal dumping on private property according to Sec. 46-45.
"
20260602T140833Z,DT_10th_and_Madison_Jefferson_1_20260531T124000.jpg,,,dataset_20260531/DT_10th_and_Madison_Jefferson_1/DT_10th_and_Madison_Jefferson_1_20260531T124000.jpg,illegal_dumping,done,2026-06-02T14:20:08.206203+00:00,0.045,0.833,0.882,,nvidia/cosmos-reason2-8b,"DUMPING PRESENT: No
ORDINANCE VIOLATION: No
WASTE TYPE: mixed
WASTE VOLUME: small (pickup truck)
WASTE ORIGIN: residential
PROPERTY TYPE: alley
ADDRESS MARKERS: NONE
GUTTER/ALLEY: Yes
WATER PROXIMITY: No
CHRONIC SITE: No
VEHICLES: <color, type, any text visible — or NONE>
IDENTIFIERS: <plates, signage, labels, individuals — or NONE>
SEVERITY: 1
ORDINANCE: N/A
PRIORITY: LOW
SUMMARY: No illegal dumping detected in the alleyway; no waste or debris observed on the ground or in the immediate vicinity of the vehicles."
20260602T140833Z,DT_10th_and_Madison_Jefferson_1_20260531T125000.jpg,,,dataset_20260531/DT_10th_and_Madison_Jefferson_1/DT_10th_and_Madison_Jefferson_1_20260531T125000.jpg,illegal_dumping,done,2026-06-02T14:20:08.462257+00:00,0.04,0.81,0.854,,nvidia/cosmos-reason2-8b,"DUMPING PRESENT: No
ORDINANCE VIOLATION: No
WASTE TYPE: mixed
WASTE VOLUME: small (pickup truck)
WASTE ORIGIN: residential
PROPERTY TYPE: alley
ADDRESS MARKERS: NONE
GUTTER/ALLEY: Yes
WATER PROXIMITY: No
CHRONIC SITE: No
VEHICLES: <color, type, any text visible — or NONE>
IDENTIFIERS: <plates, signage, labels, individuals — or NONE>
SEVERITY: 1
ORDINANCE: N/A
PRIORITY: LOW
SUMMARY: No illegal dumping observed in the alleyway; no waste or debris present on the ground or near the parked vehicles."
20260602T140833Z,DT_10th_and_Madison_Jefferson_1_20260531T130000.jpg,,,dataset_20260531/DT_10th_and_Madison_Jefferson_1/DT_10th_and_Madison_Jefferson_1_20260531T130000.jpg,illegal_dumping,done,2026-06-02T14:20:08.605995+00:00,0.045,0.777,0.825,,nvidia/cosmos-reason2-8b,"DUMPING PRESENT: Yes
ORDINANCE VIOLATION: Yes
WASTE TYPE: mixed
WASTE VOLUME: small (pickup truck)
WASTE ORIGIN: residential
PROPERTY TYPE: right-of-way
ADDRESS MARKERS: NONE
GUTTER/ALLEY: Yes
WATER PROXIMITY: No
CHRONIC SITE: No
VEHICLES: NONE
IDENTIFIERS: NONE
SEVERITY: 2
ORDINANCE: Sec-46-45
PRIORITY: MEDIUM
SUMMARY: A small pile of mixed waste is illegally dumped in the right-of-way, violating Brownsville's property owner liability ordinance.
"
20260602T140833Z,DT_10th_and_Madison_Jefferson_1_20260531T131000.jpg,,,dataset_20260531/DT_10th_and_Madison_Jefferson_1/DT_10th_and_Madison_Jefferson_1_20260531T131000.jpg,illegal_dumping,done,2026-06-02T14:20:08.779917+00:00,0.039,0.826,0.868,,nvidia/cosmos-reason2-8b,"DUMPING PRESENT: Yes
ORDINANCE VIOLATION: Yes
WASTE TYPE: mixed
WASTE VOLUME: small (pickup truck)
WASTE ORIGIN: residential
PROPERTY TYPE: right-of-way
ADDRESS MARKERS: NONE
GUTTER/ALLEY: No
WATER PROXIMITY: No
CHRONIC SITE: No
VEHICLES: NONE
IDENTIFIERS: NONE
SEVERITY: 3
ORDINANCE: Sec-46-45
PRIORITY: MEDIUM
SUMMARY: A pile of mixed waste is illegally dumped on the right-of-way, violating Brownsville's property owner liability ordinance (Sec. 46-45)."
20260602T140833Z,DT_10th_and_Madison_Jefferson_1_20260531T132000.jpg,,,dataset_20260531/DT_10th_and_Madison_Jefferson_1/DT_10th_and_Madison_Jefferson_1_20260531T132000.jpg,illegal_dumping,done,2026-06-02T14:20:09.091824+00:00,0.042,0.786,0.832,,nvidia/cosmos-reason2-8b,"DUMPING PRESENT: Yes
ORDINANCE VIOLATION: Yes
WASTE TYPE: mixed
WASTE VOLUME: small (pickup truck)
WASTE ORIGIN: residential
PROPERTY TYPE: right-of-way
ADDRESS MARKERS: NONE
GUTTER/ALLEY: Yes
WATER PROXIMITY: No
CHRONIC SITE: No
VEHICLES: NONE
IDENTIFIERS: NONE
SEVERITY: 2
ORDINANCE: Sec-46-45
PRIORITY: MEDIUM
SUMMARY: Illegal dumping of mixed waste is present in the right-of-way, violating Brownsville's property owner liability ordinance (Sec. 46-45)."
20260602T140833Z,DT_10th_and_Madison_Jefferson_1_20260531T133000.jpg,,,dataset_20260531/DT_10th_and_Madison_Jefferson_1/DT_10th_and_Madison_Jefferson_1_20260531T133000.jpg,illegal_dumping,done,2026-06-02T14:20:09.319012+00:00,0.043,0.851,0.898,,nvidia/cosmos-reason2-8b,"DUMPING PRESENT: Yes
ORDINANCE VIOLATION: Yes
WASTE TYPE: mixed
WASTE VOLUME: small (pickup truck)
WASTE ORIGIN: residential
PROPERTY TYPE: vacant-lot
ADDRESS MARKERS: NONE
GUTTER/ALLEY: No
WATER PROXIMITY: No
CHRONIC SITE: No
VEHICLES: NONE
IDENTIFIERS: NONE
SEVERITY: 2
ORDINANCE: Sec-46-45
PRIORITY: MEDIUM
SUMMARY: A pile of mixed waste is located on a vacant lot, which violates Brownsville's property owner liability ordinance (Sec. 46-45).
"
20260602T140833Z,DT_10th_and_Madison_Jefferson_1_20260531T134000.jpg,,,dataset_20260531/DT_10th_and_Madison_Jefferson_1/DT_10th_and_Madison_Jefferson_1_20260531T134000.jpg,illegal_dumping,done,2026-06-02T14:20:09.433257+00:00,0.044,0.915,0.963,,nvidia/cosmos-reason2-8b,"DUMPING PRESENT: Yes
ORDINANCE VIOLATION: Yes
WASTE TYPE: mixed
WASTE VOLUME: small (pickup truck)
WASTE ORIGIN: residential
PROPERTY TYPE: alley
ADDRESS MARKERS: NONE
GUTTER/ALLEY: Yes
WATER PROXIMITY: No
CHRONIC SITE: No
VEHICLES: NONE
IDENTIFIERS: NONE
SEVERITY: 2
ORDINANCE: Sec-46-45
PRIORITY: MEDIUM
SUMMARY: A pile of mixed waste is illegally dumped in the alley, violating Brownsville's property owner liability ordinance (Sec. 46-45)."
20260602T140833Z,DT_10th_and_Madison_Jefferson_1_20260531T135000.jpg,,,dataset_20260531/DT_10th_and_Madison_Jefferson_1/DT_10th_and_Madison_Jefferson_1_20260531T135000.jpg,illegal_dumping,done,2026-06-02T14:20:09.650936+00:00,0.046,1.011,1.061,,nvidia/cosmos-reason2-8b,"DUMPING PRESENT: Yes
ORDINANCE VIOLATION: Yes
WASTE TYPE: mixed
WASTE VOLUME: small (pickup truck)
WASTE ORIGIN: residential
PROPERTY TYPE: right-of-way
ADDRESS MARKERS: NONE
GUTTER/ALLEY: Yes
WATER PROXIMITY: No
CHRONIC SITE: No
VEHICLES: <color, type, any text visible — or NONE>
IDENTIFIERS: <plates, signage, labels, individuals — or NONE>
SEVERITY: 2
ORDINANCE: Sec-46-45
PRIORITY: MEDIUM
SUMMARY: A pickup truck is parked on the right-of-way with mixed waste visible in the bed, indicating illegal dumping on private or public property that violates Brownsville's ordinance.
"
20260602T140833Z,DT_10th_and_Madison_Jefferson_1_20260531T140000.jpg,,,dataset_20260531/DT_10th_and_Madison_Jefferson_1/DT_10th_and_Madison_Jefferson_1_20260531T140000.jpg,illegal_dumping,done,2026-06-02T14:20:09.926574+00:00,0.043,0.683,0.729,,nvidia/cosmos-reason2-8b,"DUMPING PRESENT: No
ORDINANCE VIOLATION: No
WASTE TYPE: mixed
WASTE VOLUME: small (pickup truck)
WASTE ORIGIN: residential
PROPERTY TYPE: right-of-way
ADDRESS MARKERS: NONE
GUTTER/ALLEY: Yes
WATER PROXIMITY: No
CHRONIC SITE: No
VEHICLES: None
IDENTIFIERS: None
SEVERITY: 1
ORDINANCE: N/A
PRIORITY: LOW
SUMMARY: No illegal dumping detected in the right-of-way area."
20260602T140833Z,DT_10th_and_Madison_Jefferson_1_20260531T141000.jpg,,,dataset_20260531/DT_10th_and_Madison_Jefferson_1/DT_10th_and_Madison_Jefferson_1_20260531T141000.jpg,illegal_dumping,done,2026-06-02T14:20:10.220012+00:00,0.047,0.787,0.838,,nvidia/cosmos-reason2-8b,"DUMPING PRESENT: Yes
ORDINANCE VIOLATION: Yes
WASTE TYPE: mixed
WASTE VOLUME: small (pickup truck)
WASTE ORIGIN: residential
PROPERTY TYPE: alley
ADDRESS MARKERS: NONE
GUTTER/ALLEY: Yes
WATER PROXIMITY: No
CHRONIC SITE: No
VEHICLES: NONE
IDENTIFIERS: NONE
SEVERITY: 2
ORDINANCE: Sec-46-45
PRIORITY: MEDIUM
SUMMARY: A small pile of mixed waste is illegally dumped in the alley, violating Brownsville's property owner liability ordinance.
"
20260602T140833Z,DT_10th_and_Madison_Jefferson_1_20260531T142000.jpg,,,dataset_20260531/DT_10th_and_Madison_Jefferson_1/DT_10th_and_Madison_Jefferson_1_20260531T142000.jpg,illegal_dumping,done,2026-06-02T14:20:10.397994+00:00,0.039,0.789,0.832,,nvidia/cosmos-reason2-8b,"DUMPING PRESENT: Yes
ORDINANCE VIOLATION: Yes
WASTE TYPE: mixed
WASTE VOLUME: small (pickup truck)
WASTE ORIGIN: residential
PROPERTY TYPE: alley
ADDRESS MARKERS: NONE
GUTTER/ALLEY: Yes
WATER PROXIMITY: No
CHRONIC SITE: No
VEHICLES: NONE
IDENTIFIERS: NONE
SEVERITY: 2
ORDINANCE: Sec-46-45
PRIORITY: MEDIUM
SUMMARY: Illegal dumping of mixed waste is observed in an alley, violating Brownsville's property owner liability ordinance."
20260602T140833Z,DT_10th_and_Madison_Jefferson_1_20260531T143000.jpg,,,dataset_20260531/DT_10th_and_Madison_Jefferson_1/DT_10th_and_Madison_Jefferson_1_20260531T143000.jpg,illegal_dumping,done,2026-06-02T14:20:10.658910+00:00,0.054,0.669,0.727,,nvidia/cosmos-reason2-8b,"DUMPING PRESENT: No
ORDINANCE VIOLATION: No
WASTE TYPE: mixed
WASTE VOLUME: small (pickup truck)
WASTE ORIGIN: residential
PROPERTY TYPE: vacant-lot
ADDRESS MARKERS: NONE
GUTTER/ALLEY: No
WATER PROXIMITY: No
CHRONIC SITE: No
VEHICLES: NONE
IDENTIFIERS: NONE
SEVERITY: 1
ORDINANCE: N/A
PRIORITY: LOW
SUMMARY: No illegal dumping detected in the video."
20260602T140833Z,DT_10th_and_Madison_Jefferson_1_20260531T144000.jpg,,,dataset_20260531/DT_10th_and_Madison_Jefferson_1/DT_10th_and_Madison_Jefferson_1_20260531T144000.jpg,illegal_dumping,done,2026-06-02T14:20:10.715138+00:00,0.048,0.856,0.908,,nvidia/cosmos-reason2-8b,"DUMPING PRESENT: No
ORDINANCE VIOLATION: No
WASTE TYPE: mixed
WASTE VOLUME: small (pickup truck)
WASTE ORIGIN: residential
PROPERTY TYPE: right-of-way
ADDRESS MARKERS: NONE
GUTTER/ALLEY: Yes
WATER PROXIMITY: No
CHRONIC SITE: No
VEHICLES: NONE
IDENTIFIERS: NONE
SEVERITY: 1
ORDINANCE: N/A
PRIORITY: LOW
SUMMARY: No illegal dumping detected in the right-of-way area."
20260602T140833Z,DT_10th_and_Madison_Jefferson_1_20260531T145000.jpg,,,dataset_20260531/DT_10th_and_Madison_Jefferson_1/DT_10th_and_Madison_Jefferson_1_20260531T145000.jpg,illegal_dumping,done,2026-06-02T14:20:11.060770+00:00,0.04,0.786,0.83,,nvidia/cosmos-reason2-8b,"DUMPING PRESENT: Yes
ORDINANCE VIOLATION: Yes
WASTE TYPE: mixed
WASTE VOLUME: small (pickup truck)
WASTE ORIGIN: residential
PROPERTY TYPE: alley
ADDRESS MARKERS: NONE
GUTTER/ALLEY: Yes
WATER PROXIMITY: No
CHRONIC SITE: No
VEHICLES: NONE
IDENTIFIERS: NONE
SEVERITY: 2
ORDINANCE: Sec-46-45
PRIORITY: MEDIUM
SUMMARY: A small pile of mixed waste is illegally dumped in the alley, violating Brownsville's property owner liability ordinance (Sec. 46-45)."
20260602T140833Z,DT_10th_and_Madison_Jefferson_1_20260531T150000.jpg,,,dataset_20260531/DT_10th_and_Madison_Jefferson_1/DT_10th_and_Madison_Jefferson_1_20260531T150000.jpg,illegal_dumping,done,2026-06-02T14:20:11.232239+00:00,0.038,0.741,0.782,,nvidia/cosmos-reason2-8b,"DUMPING PRESENT: No
ORDINANCE VIOLATION: No
WASTE TYPE: mixed
WASTE VOLUME: small (pickup truck)
WASTE ORIGIN: residential
PROPERTY TYPE: alley
ADDRESS MARKERS: NONE
GUTTER/ALLEY: Yes
WATER PROXIMITY: No
CHRONIC SITE: No
VEHICLES: NONE
IDENTIFIERS: NONE
SEVERITY: 1
ORDINANCE: N/A
PRIORITY: LOW
SUMMARY: No illegal dumping is observed in the alleyway; the scene appears to be a mix of urban elements without clear evidence of waste disposal violations."
20260602T140833Z,DT_10th_and_Madison_Jefferson_1_20260531T151000.jpg,,,dataset_20260531/DT_10th_and_Madison_Jefferson_1/DT_10th_and_Madison_Jefferson_1_20260531T151000.jpg,illegal_dumping,done,2026-06-02T14:20:11.388690+00:00,0.045,0.865,0.913,,nvidia/cosmos-reason2-8b,"DUMPING PRESENT: Yes
ORDINANCE VIOLATION: Yes
WASTE TYPE: mixed
WASTE VOLUME: small (pickup truck)
WASTE ORIGIN: residential
PROPERTY TYPE: alley
ADDRESS MARKERS: NONE
GUTTER/ALLEY: Yes
WATER PROXIMITY: No
CHRONIC SITE: No
VEHICLES: NONE
IDENTIFIERS: NONE
SEVERITY: 2
ORDINANCE: Sec-46-45
PRIORITY: MEDIUM
SUMMARY: A pickup truck is parked in an alley with its bed filled with mixed waste, indicating illegal dumping on private or public property that violates Sec. 46-45.
"
20260602T140833Z,DT_10th_and_Madison_Jefferson_1_20260531T152000.jpg,,,dataset_20260531/DT_10th_and_Madison_Jefferson_1/DT_10th_and_Madison_Jefferson_1_20260531T152000.jpg,illegal_dumping,done,2026-06-02T14:20:11.626123+00:00,0.044,0.714,0.762,,nvidia/cosmos-reason2-8b,"DUMPING PRESENT: No
ORDINANCE VIOLATION: No
WASTE TYPE: mixed
WASTE VOLUME: small (pickup truck)
WASTE ORIGIN: residential
PROPERTY TYPE: alley
ADDRESS MARKERS: NONE
GUTTER/ALLEY: Yes
WATER PROXIMITY: No
CHRONIC SITE: No
VEHICLES: NONE
IDENTIFIERS: NONE
SEVERITY: 1
ORDINANCE: N/A
PRIORITY: LOW
SUMMARY: No illegal dumping detected in the alleyway; the scene appears clean with no visible waste or debris."
20260602T140833Z,DT_10th_and_Madison_Jefferson_1_20260531T153000.jpg,,,dataset_20260531/DT_10th_and_Madison_Jefferson_1/DT_10th_and_Madison_Jefferson_1_20260531T153000.jpg,illegal_dumping,done,2026-06-02T14:20:11.892871+00:00,0.046,0.658,0.707,,nvidia/cosmos-reason2-8b,"DUMPING PRESENT: No
ORDINANCE VIOLATION: No
WASTE TYPE: mixed
WASTE VOLUME: small (pickup truck)
WASTE ORIGIN: residential
PROPERTY TYPE: right-of-way
ADDRESS MARKERS: NONE
GUTTER/ALLEY: No
WATER PROXIMITY: No
CHRONIC SITE: No
VEHICLES: NONE
IDENTIFIERS: NONE
SEVERITY: 1
ORDINANCE: N/A
PRIORITY: LOW
SUMMARY: No illegal dumping is observed in the provided frames."
20260602T140833Z,DT_10th_and_Madison_Jefferson_1_20260531T154000.jpg,,,dataset_20260531/DT_10th_and_Madison_Jefferson_1/DT_10th_and_Madison_Jefferson_1_20260531T154000.jpg,illegal_dumping,done,2026-06-02T14:20:12.016686+00:00,0.038,0.783,0.825,,nvidia/cosmos-reason2-8b,"DUMPING PRESENT: No
ORDINANCE VIOLATION: No
WASTE TYPE: mixed
WASTE VOLUME: small (pickup truck)
WASTE ORIGIN: residential
PROPERTY TYPE: alley
ADDRESS MARKERS: NONE
GUTTER/ALLEY: Yes
WATER PROXIMITY: No
CHRONIC SITE: No
VEHICLES: NONE
IDENTIFIERS: NONE
SEVERITY: 1
ORDINANCE: N/A
PRIORITY: LOW
SUMMARY: No illegal dumping detected in the alleyway; the scene appears clean with no visible waste or debris."
20260602T140833Z,DT_10th_and_Madison_Jefferson_1_20260531T155000.jpg,,,dataset_20260531/DT_10th_and_Madison_Jefferson_1/DT_10th_and_Madison_Jefferson_1_20260531T155000.jpg,illegal_dumping,done,2026-06-02T14:20:12.304706+00:00,0.041,0.971,1.015,,nvidia/cosmos-reason2-8b,"DUMPING PRESENT: Yes
ORDINANCE VIOLATION: Yes
WASTE TYPE: mixed
WASTE VOLUME: small (pickup truck)
WASTE ORIGIN: residential
PROPERTY TYPE: alley
ADDRESS MARKERS: NONE
GUTTER/ALLEY: Yes
WATER PROXIMITY: No
CHRONIC SITE: No
VEHICLES: <color, type, any text visible — or NONE>
IDENTIFIERS: <plates, signage, labels, individuals — or NONE>
SEVERITY: 2
ORDINANCE: Sec-46-45
PRIORITY: MEDIUM
SUMMARY: A pickup truck is parked along the alley, and there is a pile of mixed waste on the ground near the vehicle, which is considered illegal dumping under Sec-46-45.
"
20260602T140833Z,DT_10th_and_Madison_Jefferson_1_20260531T160000.jpg,,,dataset_20260531/DT_10th_and_Madison_Jefferson_1/DT_10th_and_Madison_Jefferson_1_20260531T160000.jpg,illegal_dumping,done,2026-06-02T14:20:12.389981+00:00,0.039,0.888,0.93,,nvidia/cosmos-reason2-8b,"DUMPING PRESENT: Yes
ORDINANCE VIOLATION: Yes
WASTE TYPE: mixed
WASTE VOLUME: small (pickup truck)
WASTE ORIGIN: residential
PROPERTY TYPE: right-of-way
ADDRESS MARKERS: NONE
GUTTER/ALLEY: Yes
WATER PROXIMITY: No
CHRONIC SITE: No
VEHICLES: NONE
IDENTIFIERS: NONE
SEVERITY: 3
ORDINANCE: Sec-46-45
PRIORITY: MEDIUM
SUMMARY: A vehicle is parked on the right-of-way with debris spilling onto the ground, violating property owner liability under Sec. 46-45.
"
20260602T140833Z,DT_10th_and_Madison_Jefferson_1_20260531T161000.jpg,,,dataset_20260531/DT_10th_and_Madison_Jefferson_1/DT_10th_and_Madison_Jefferson_1_20260531T161000.jpg,illegal_dumping,done,2026-06-02T14:20:12.602376+00:00,0.039,0.786,0.829,,nvidia/cosmos-reason2-8b,"DUMPING PRESENT: No
ORDINANCE VIOLATION: No
WASTE TYPE: mixed
WASTE VOLUME: small (pickup truck)
WASTE ORIGIN: residential
PROPERTY TYPE: occupied-private
ADDRESS MARKERS: NONE
GUTTER/ALLEY: No
WATER PROXIMITY: No
CHRONIC SITE: No
VEHICLES: NONE
IDENTIFIERS: NONE
SEVERITY: 1
ORDINANCE: N/A
PRIORITY: LOW
SUMMARY: No illegal dumping detected; the scene appears to be a normal residential area without visible waste or debris."
20260602T140833Z,DT_10th_and_Madison_Jefferson_1_20260531T162000.jpg,,,dataset_20260531/DT_10th_and_Madison_Jefferson_1/DT_10th_and_Madison_Jefferson_1_20260531T162000.jpg,illegal_dumping,done,2026-06-02T14:20:12.844149+00:00,0.044,0.823,0.87,,nvidia/cosmos-reason2-8b,"DUMPING PRESENT: Yes
ORDINANCE VIOLATION: Yes
WASTE TYPE: mixed
WASTE VOLUME: small (pickup truck)
WASTE ORIGIN: residential
PROPERTY TYPE: right-of-way
ADDRESS MARKERS: NONE
GUTTER/ALLEY: Yes
WATER PROXIMITY: No
CHRONIC SITE: No
VEHICLES: NONE
IDENTIFIERS: NONE
SEVERITY: 2
ORDINANCE: Sec-46-45
PRIORITY: MEDIUM
SUMMARY: Illegal dumping of mixed waste is present on a right-of-way, violating Sec. 46-45, as waste is improperly disposed of near a residential area.
"
20260602T140833Z,DT_10th_and_Madison_Jefferson_1_20260531T163000.jpg,,,dataset_20260531/DT_10th_and_Madison_Jefferson_1/DT_10th_and_Madison_Jefferson_1_20260531T163000.jpg,illegal_dumping,done,2026-06-02T14:20:13.323409+00:00,0.045,1.633,1.682,,nvidia/cosmos-reason2-8b,"DUMPING PRESENT: No
ORDINANCE VIOLATION: No
WASTE TYPE: mixed
WASTE VOLUME: small (pickup truck)
WASTE ORIGIN: residential
PROPERTY TYPE: occupied-private
ADDRESS MARKERS: NONE
GUTTER/ALLEY: No
WATER PROXIMITY: No
CHRONIC SITE: No
VEHICLES: NONE
IDENTIFIERS: NONE
SEVERITY: 1
ORDINANCE: N/A
PRIORITY: LOW
SUMMARY: No illegal dumping detected in the video."
20260602T140833Z,DT_10th_and_Madison_Jefferson_1_20260531T164000.jpg,,,dataset_20260531/DT_10th_and_Madison_Jefferson_1/DT_10th_and_Madison_Jefferson_1_20260531T164000.jpg,illegal_dumping,done,2026-06-02T14:20:13.324554+00:00,0.042,1.871,1.919,,nvidia/cosmos-reason2-8b,"DUMPING PRESENT: Yes
ORDINANCE VIOLATION: Yes
WASTE TYPE: mixed
WASTE VOLUME: small (pickup truck)
WASTE ORIGIN: residential
PROPERTY TYPE: right-of-way
ADDRESS MARKERS: NONE
GUTTER/ALLEY: Yes
WATER PROXIMITY: No
CHRONIC SITE: No
VEHICLES: NONE
IDENTIFIERS: NONE
SEVERITY: 2
ORDINANCE: Sec-46-45
PRIORITY: MEDIUM
SUMMARY: Illegal dumping of mixed waste is present in the right-of-way, violating Brownsville's property owner liability ordinance.
"
20260602T140833Z,DT_10th_and_Madison_Jefferson_1_20260531T165000.jpg,,,dataset_20260531/DT_10th_and_Madison_Jefferson_1/DT_10th_and_Madison_Jefferson_1_20260531T165000.jpg,illegal_dumping,done,2026-06-02T14:20:13.433933+00:00,0.046,1.672,1.723,,nvidia/cosmos-reason2-8b,"DUMPING PRESENT: No
ORDINANCE VIOLATION: No
WASTE TYPE: mixed
WASTE VOLUME: small (pickup truck)
WASTE ORIGIN: residential
PROPERTY TYPE: right-of-way
ADDRESS MARKERS: NONE
GUTTER/ALLEY: No
WATER PROXIMITY: No
CHRONIC SITE: No
VEHICLES: NONE
IDENTIFIERS: NONE
SEVERITY: 1
ORDINANCE: N/A
PRIORITY: LOW
SUMMARY: No illegal dumping detected in the footage."
20260602T140833Z,DT_10th_and_Madison_Jefferson_1_20260531T170000.jpg,,,dataset_20260531/DT_10th_and_Madison_Jefferson_1/DT_10th_and_Madison_Jefferson_1_20260531T170000.jpg,illegal_dumping,done,2026-06-02T14:20:13.717018+00:00,0.047,1.656,1.707,,nvidia/cosmos-reason2-8b,"DUMPING PRESENT: Yes
ORDINANCE VIOLATION: Yes
WASTE TYPE: mixed
WASTE VOLUME: small (pickup truck)
WASTE ORIGIN: residential
PROPERTY TYPE: vacant-lot
ADDRESS MARKERS: NONE
GUTTER/ALLEY: No
WATER PROXIMITY: No
CHRONIC SITE: No
VEHICLES: NONE
IDENTIFIERS: NONE
SEVERITY: 3
ORDINANCE: Sec-46-45
PRIORITY: MEDIUM
SUMMARY: A pile of mixed waste is illegally dumped on a vacant lot, violating Brownsville's property owner liability ordinance.
"
20260602T140833Z,DT_10th_and_Madison_Jefferson_1_20260531T171000.jpg,,,dataset_20260531/DT_10th_and_Madison_Jefferson_1/DT_10th_and_Madison_Jefferson_1_20260531T171000.jpg,illegal_dumping,done,2026-06-02T14:20:15.007990+00:00,0.041,0.811,0.855,,nvidia/cosmos-reason2-8b,"DUMPING PRESENT: Yes
ORDINANCE VIOLATION: Yes
WASTE TYPE: mixed
WASTE VOLUME: small (pickup truck)
WASTE ORIGIN: residential
PROPERTY TYPE: right-of-way
ADDRESS MARKERS: NONE
GUTTER/ALLEY: Yes
WATER PROXIMITY: No
CHRONIC SITE: No
VEHICLES: NONE
IDENTIFIERS: NONE
SEVERITY: 3
ORDINANCE: Sec-46-45
PRIORITY: MEDIUM
SUMMARY: A pile of mixed waste is illegally dumped in the right-of-way, violating Brownsville's property owner liability ordinance.
"
20260602T140833Z,DT_10th_and_Madison_Jefferson_1_20260531T172000.jpg,,,dataset_20260531/DT_10th_and_Madison_Jefferson_1/DT_10th_and_Madison_Jefferson_1_20260531T172000.jpg,illegal_dumping,done,2026-06-02T14:20:15.159507+00:00,0.048,0.804,0.855,,nvidia/cosmos-reason2-8b,"DUMPING PRESENT: No
ORDINANCE VIOLATION: No
WASTE TYPE:
WASTE VOLUME:
WASTE ORIGIN:
PROPERTY TYPE: alley
ADDRESS MARKERS: NONE
GUTTER/ALLEY: Yes
WATER PROXIMITY: No
CHRONIC SITE: No
VEHICLES: NONE
IDENTIFIERS: NONE
SEVERITY: 1
ORDINANCE: N/A
PRIORITY: LOW
SUMMARY: No illegal dumping detected in the alleyway; the area appears clean with no visible waste or debris."
20260602T140833Z,DT_10th_and_Madison_Jefferson_1_20260531T173000.jpg,,,dataset_20260531/DT_10th_and_Madison_Jefferson_1/DT_10th_and_Madison_Jefferson_1_20260531T173000.jpg,illegal_dumping,done,2026-06-02T14:20:15.245380+00:00,0.043,0.898,0.945,,nvidia/cosmos-reason2-8b,"DUMPING PRESENT: No
ORDINANCE VIOLATION: No
WASTE TYPE: mixed
WASTE VOLUME: small (pickup truck)
WASTE ORIGIN: residential
PROPERTY TYPE: alley
ADDRESS MARKERS: NONE
GUTTER/ALLEY: Yes
WATER PROXIMITY: No
CHRONIC SITE: No
VEHICLES: NONE
IDENTIFIERS: NONE
SEVERITY: 1
ORDINANCE: N/A
PRIORITY: LOW
SUMMARY: No illegal dumping detected in the alleyway; the scene appears clean with no visible waste or debris."
20260602T140833Z,DT_10th_and_Madison_Jefferson_1_20260531T174000.jpg,,,dataset_20260531/DT_10th_and_Madison_Jefferson_1/DT_10th_and_Madison_Jefferson_1_20260531T174000.jpg,illegal_dumping,done,2026-06-02T14:20:15.426618+00:00,0.043,0.844,0.891,,nvidia/cosmos-reason2-8b,"DUMPING PRESENT: No
ORDINANCE VIOLATION: No
WASTE TYPE: mixed
WASTE VOLUME: small (pickup truck)
WASTE ORIGIN: residential
PROPERTY TYPE: alley
ADDRESS MARKERS: NONE
GUTTER/ALLEY: Yes
WATER PROXIMITY: No
CHRONIC SITE: No
VEHICLES: NONE
IDENTIFIERS: NONE
SEVERITY: 1
ORDINANCE: N/A
PRIORITY: LOW
SUMMARY: No illegal dumping detected in the alleyway; the scene appears clean with no visible waste or debris."
20260602T140833Z,DT_10th_and_Madison_Jefferson_1_20260531T175000.jpg,,,dataset_20260531/DT_10th_and_Madison_Jefferson_1/DT_10th_and_Madison_Jefferson_1_20260531T175000.jpg,illegal_dumping,done,2026-06-02T14:20:15.865981+00:00,0.045,0.766,0.816,,nvidia/cosmos-reason2-8b,"DUMPING PRESENT: No
ORDINANCE VIOLATION: No
WASTE TYPE: mixed
WASTE VOLUME: small (pickup truck)
WASTE ORIGIN: residential
PROPERTY TYPE: alley
ADDRESS MARKERS: NONE
GUTTER/ALLEY: Yes
WATER PROXIMITY: No
CHRONIC SITE: No
VEHICLES: NONE
IDENTIFIERS: NONE
SEVERITY: 1
ORDINANCE: N/A
PRIORITY: LOW
SUMMARY: No illegal dumping detected in the alleyway; no visible waste or debris on the ground."
20260602T140833Z,DT_10th_and_Madison_Jefferson_1_20260531T180000.jpg,,,dataset_20260531/DT_10th_and_Madison_Jefferson_1/DT_10th_and_Madison_Jefferson_1_20260531T180000.jpg,illegal_dumping,done,2026-06-02T14:20:16.017306+00:00,0.039,0.862,0.905,,nvidia/cosmos-reason2-8b,"DUMPING PRESENT: No
ORDINANCE VIOLATION: No
WASTE TYPE: mixed
WASTE VOLUME: small (pickup truck)
WASTE ORIGIN: residential
PROPERTY TYPE: alley
ADDRESS MARKERS: NONE
GUTTER/ALLEY: Yes
WATER PROXIMITY: No
CHRONIC SITE: No
VEHICLES: NONE
IDENTIFIERS: NONE
SEVERITY: 1
ORDINANCE: N/A
PRIORITY: LOW
SUMMARY: No illegal dumping detected in the alleyway; the scene appears clean with no visible waste or debris."
20260602T140833Z,DT_10th_and_Madison_Jefferson_1_20260531T181000.jpg,,,dataset_20260531/DT_10th_and_Madison_Jefferson_1/DT_10th_and_Madison_Jefferson_1_20260531T181000.jpg,illegal_dumping,done,2026-06-02T14:20:16.192722+00:00,0.035,0.816,0.855,,nvidia/cosmos-reason2-8b,"DUMPING PRESENT: No
ORDINANCE VIOLATION: No
WASTE TYPE: mixed
WASTE VOLUME: small (pickup truck)
WASTE ORIGIN: residential
PROPERTY TYPE: vacant-lot
ADDRESS MARKERS: NONE
GUTTER/ALLEY: No
WATER PROXIMITY: No
CHRONIC SITE: No
VEHICLES: NONE
IDENTIFIERS: NONE
SEVERITY: 1
ORDINANCE: N/A
PRIORITY: LOW
SUMMARY: No illegal dumping detected in the analyzed frames."
20260602T140833Z,DT_10th_and_Madison_Jefferson_1_20260531T182000.jpg,,,dataset_20260531/DT_10th_and_Madison_Jefferson_1/DT_10th_and_Madison_Jefferson_1_20260531T182000.jpg,illegal_dumping,done,2026-06-02T14:20:16.319290+00:00,0.034,0.943,0.981,,nvidia/cosmos-reason2-8b,"DUMPING PRESENT: No
ORDINANCE VIOLATION: No
WASTE TYPE: mixed
WASTE VOLUME: small (pickup truck)
WASTE ORIGIN: residential
PROPERTY TYPE: alley
ADDRESS MARKERS: NONE
GUTTER/ALLEY: Yes
WATER PROXIMITY: No
CHRONIC SITE: No
VEHICLES: NONE
IDENTIFIERS: NONE
SEVERITY: 1
ORDINANCE: N/A
PRIORITY: LOW
SUMMARY: No illegal dumping detected in the alleyway; the scene appears clean with no visible waste or debris."
20260602T140833Z,DT_10th_and_Madison_Jefferson_1_20260531T183000.jpg,,,dataset_20260531/DT_10th_and_Madison_Jefferson_1/DT_10th_and_Madison_Jefferson_1_20260531T183000.jpg,illegal_dumping,done,2026-06-02T14:20:16.684948+00:00,0.042,0.753,0.798,,nvidia/cosmos-reason2-8b,"DUMPING PRESENT: No
ORDINANCE VIOLATION: No
WASTE TYPE: mixed
WASTE VOLUME: small (pickup truck)
WASTE ORIGIN: residential
PROPERTY TYPE: alley
ADDRESS MARKERS: NONE
GUTTER/ALLEY: Yes
WATER PROXIMITY: No
CHRONIC SITE: No
VEHICLES: NONE
IDENTIFIERS: NONE
SEVERITY: 1
ORDINANCE: N/A
PRIORITY: LOW
SUMMARY: No illegal dumping detected in the alleyway; the scene appears clean with no visible waste or debris."
20260602T140833Z,DT_10th_and_Madison_Jefferson_1_20260531T184000.jpg,,,dataset_20260531/DT_10th_and_Madison_Jefferson_1/DT_10th_and_Madison_Jefferson_1_20260531T184000.jpg,illegal_dumping,done,2026-06-02T14:20:16.924414+00:00,0.045,0.8,0.849,,nvidia/cosmos-reason2-8b,"DUMPING PRESENT: Yes
ORDINANCE VIOLATION: Yes
WASTE TYPE: mixed
WASTE VOLUME: small (pickup truck)
WASTE ORIGIN: residential
PROPERTY TYPE: alley
ADDRESS MARKERS: NONE
GUTTER/ALLEY: Yes
WATER PROXIMITY: No
CHRONIC SITE: No
VEHICLES: NONE
IDENTIFIERS: NONE
SEVERITY: 3
ORDINANCE: Sec-46-45
PRIORITY: MEDIUM
SUMMARY: A pickup truck is parked in an alley with its bed filled with mixed waste, indicating illegal dumping on private or vacant property that violates Sec. 46-45.
"
20260602T140833Z,DT_10th_and_Madison_Jefferson_1_20260531T185000.jpg,,,dataset_20260531/DT_10th_and_Madison_Jefferson_1/DT_10th_and_Madison_Jefferson_1_20260531T185000.jpg,illegal_dumping,done,2026-06-02T14:20:17.049751+00:00,0.048,0.94,0.993,,nvidia/cosmos-reason2-8b,"DUMPING PRESENT: Yes
ORDINANCE VIOLATION: Yes
WASTE TYPE: mixed
WASTE VOLUME: small (pickup truck)
WASTE ORIGIN: residential
PROPERTY TYPE: alley
ADDRESS MARKERS: NONE
GUTTER/ALLEY: Yes
WATER PROXIMITY: No
CHRONIC SITE: No
VEHICLES: <color, type, any text visible — or NONE>
IDENTIFIERS: <plates, signage, labels, individuals — or NONE>
SEVERITY: 2
ORDINANCE: Sec-46-45
PRIORITY: MEDIUM
SUMMARY: A pickup truck is parked in an alley with its bed filled with mixed waste, indicating illegal dumping on private or public property that violates Sec. 46-45.
"
20260602T140833Z,DT_10th_and_Madison_Jefferson_1_20260531T190000.jpg,,,dataset_20260531/DT_10th_and_Madison_Jefferson_1/DT_10th_and_Madison_Jefferson_1_20260531T190000.jpg,illegal_dumping,done,2026-06-02T14:20:17.302696+00:00,0.042,0.862,0.908,,nvidia/cosmos-reason2-8b,"DUMPING PRESENT: Yes
ORDINANCE VIOLATION: Yes
WASTE TYPE: mixed
WASTE VOLUME: small (pickup truck)
WASTE ORIGIN: residential
PROPERTY TYPE: right-of-way
ADDRESS MARKERS: NONE
GUTTER/ALLEY: Yes
WATER PROXIMITY: No
CHRONIC SITE: No
VEHICLES: NONE
IDENTIFIERS: NONE
SEVERITY: 2
ORDINANCE: Sec-46-45
PRIORITY: MEDIUM
SUMMARY: A vehicle is parked on the right-of-way with debris visible on the ground, indicating illegal dumping on private or public property.
"
20260602T140833Z,DT_10th_and_Madison_Jefferson_1_20260531T191000.jpg,,,dataset_20260531/DT_10th_and_Madison_Jefferson_1/DT_10th_and_Madison_Jefferson_1_20260531T191000.jpg,illegal_dumping,done,2026-06-02T14:20:17.485701+00:00,0.044,0.803,0.851,,nvidia/cosmos-reason2-8b,"DUMPING PRESENT: Yes
ORDINANCE VIOLATION: Yes
WASTE TYPE: mixed
WASTE VOLUME: small (pickup truck)
WASTE ORIGIN: residential
PROPERTY TYPE: alley
ADDRESS MARKERS: NONE
GUTTER/ALLEY: Yes
WATER PROXIMITY: No
CHRONIC SITE: No
VEHICLES: <NONE>
IDENTIFIERS: <NONE>
SEVERITY: 3
ORDINANCE: Sec-46-45
PRIORITY: MEDIUM
SUMMARY: A vehicle is parked in an alley with visible waste materials, indicating a potential illegal dumping violation under Sec-46-45.
"
20260602T140833Z,DT_10th_and_Madison_Jefferson_1_20260531T192000.jpg,,,dataset_20260531/DT_10th_and_Madison_Jefferson_1/DT_10th_and_Madison_Jefferson_1_20260531T192000.jpg,illegal_dumping,done,2026-06-02T14:20:17.776421+00:00,0.041,0.859,0.905,,nvidia/cosmos-reason2-8b,"DUMPING PRESENT: Yes
ORDINANCE VIOLATION: Yes
WASTE TYPE: mixed
WASTE VOLUME: small (pickup truck)
WASTE ORIGIN: residential
PROPERTY TYPE: right-of-way
ADDRESS MARKERS: NONE
GUTTER/ALLEY: Yes
WATER PROXIMITY: No
CHRONIC SITE: No
VEHICLES: <NONE>
IDENTIFIERS: <NONE>
SEVERITY: 1
ORDINANCE: Sec-46-45
PRIORITY: LOW
SUMMARY: A small amount of mixed waste is illegally dumped in the alley, violating Brownsville's property owner liability ordinance (Sec. 46-45)."
20260602T140833Z,DT_10th_and_Madison_Jefferson_1_20260531T193000.jpg,,,dataset_20260531/DT_10th_and_Madison_Jefferson_1/DT_10th_and_Madison_Jefferson_1_20260531T193000.jpg,illegal_dumping,done,2026-06-02T14:20:18.045176+00:00,0.04,0.769,0.813,,nvidia/cosmos-reason2-8b,"DUMPING PRESENT: Yes
ORDINANCE VIOLATION: Yes
WASTE TYPE: mixed
WASTE VOLUME: small (pickup truck)
WASTE ORIGIN: residential
PROPERTY TYPE: alley
ADDRESS MARKERS: NONE
GUTTER/ALLEY: Yes
WATER PROXIMITY: No
CHRONIC SITE: No
VEHICLES: NONE
IDENTIFIERS: NONE
SEVERITY: 2
ORDINANCE: Sec-46-45
PRIORITY: MEDIUM
SUMMARY: A pickup truck is parked in an alley with its bed filled with mixed waste, indicating illegal dumping on private property that violates Sec. 46-45.
"
20260602T140833Z,DT_10th_and_Madison_Jefferson_1_20260531T194000.jpg,,,dataset_20260531/DT_10th_and_Madison_Jefferson_1/DT_10th_and_Madison_Jefferson_1_20260531T194000.jpg,illegal_dumping,done,2026-06-02T14:20:18.213038+00:00,0.05,0.885,0.938,,nvidia/cosmos-reason2-8b,"DUMPING PRESENT: Yes
ORDINANCE VIOLATION: Yes
WASTE TYPE: mixed
WASTE VOLUME: small (pickup truck)
WASTE ORIGIN: residential
PROPERTY TYPE: right-of-way
ADDRESS MARKERS: NONE
GUTTER/ALLEY: Yes
WATER PROXIMITY: No
CHRONIC SITE: No
VEHICLES: <NONE>
IDENTIFIERS: <NONE>
SEVERITY: 2
ORDINANCE: Sec-46-45
PRIORITY: MEDIUM
SUMMARY: A pickup truck is parked on the right-of-way with its bed partially filled with mixed waste, indicating illegal dumping on private or public property that violates Sec. 46-45.
"
20260602T140833Z,DT_10th_and_Madison_Jefferson_1_20260531T195000.jpg,,,dataset_20260531/DT_10th_and_Madison_Jefferson_1/DT_10th_and_Madison_Jefferson_1_20260531T195000.jpg,illegal_dumping,done,2026-06-02T14:20:18.339071+00:00,0.043,0.774,0.82,,nvidia/cosmos-reason2-8b,"DUMPING PRESENT: No
ORDINANCE VIOLATION: No
WASTE TYPE: mixed
WASTE VOLUME: small (pickup truck)
WASTE ORIGIN: residential
PROPERTY TYPE: alley
ADDRESS MARKERS: NONE
GUTTER/ALLEY: Yes
WATER PROXIMITY: No
CHRONIC SITE: No
VEHICLES: gray pickup truck
IDENTIFIERS: NONE
SEVERITY: 1
ORDINANCE: N/A
PRIORITY: LOW
SUMMARY: No illegal dumping observed in the alleyway; the gray pickup truck is parked without visible waste or debris around it."
20260602T140833Z,DT_10th_and_Madison_Jefferson_1_20260531T200000.jpg,,,dataset_20260531/DT_10th_and_Madison_Jefferson_1/DT_10th_and_Madison_Jefferson_1_20260531T200000.jpg,illegal_dumping,done,2026-06-02T14:20:18.684366+00:00,0.045,0.9,0.95,,nvidia/cosmos-reason2-8b,"DUMPING PRESENT: Yes
ORDINANCE VIOLATION: Yes
WASTE TYPE: mixed
WASTE VOLUME: small (pickup truck)
WASTE ORIGIN: residential
PROPERTY TYPE: alley
ADDRESS MARKERS: NONE
GUTTER/ALLEY: Yes
WATER PROXIMITY: No
CHRONIC SITE: No
VEHICLES: <color, type, any text visible — or NONE>
IDENTIFIERS: <plates, signage, labels, individuals — or NONE>
SEVERITY: 2
ORDINANCE: Sec-46-45
PRIORITY: MEDIUM
SUMMARY: A pickup truck is parked along the alley, and there is a small pile of mixed waste on the ground near the vehicle, which is considered illegal dumping under Sec-46-45.
"
20260602T140833Z,DT_10th_and_Madison_Jefferson_1_20260531T201000.jpg,,,dataset_20260531/DT_10th_and_Madison_Jefferson_1/DT_10th_and_Madison_Jefferson_1_20260531T201000.jpg,illegal_dumping,done,2026-06-02T14:20:18.860463+00:00,0.044,0.941,0.988,,nvidia/cosmos-reason2-8b,"DUMPING PRESENT: Yes
ORDINANCE VIOLATION: Yes
WASTE TYPE: mixed
WASTE VOLUME: small (pickup truck)
WASTE ORIGIN: residential
PROPERTY TYPE: right-of-way
ADDRESS MARKERS: NONE
GUTTER/ALLEY: Yes
WATER PROXIMITY: No
CHRONIC SITE: No
VEHICLES: <color, type, any text visible — or NONE>
IDENTIFIERS: <plates, signage, labels, individuals — or NONE>
SEVERITY: 2
ORDINANCE: Sec-46-45
PRIORITY: MEDIUM
SUMMARY: A pickup truck is parked on the right-of-way with its bed filled with mixed waste, indicating illegal dumping on private or public property that violates Sec. 46-45.
"
20260602T140833Z,DT_10th_and_Madison_Jefferson_1_20260531T202000.jpg,,,dataset_20260531/DT_10th_and_Madison_Jefferson_1/DT_10th_and_Madison_Jefferson_1_20260531T202000.jpg,illegal_dumping,done,2026-06-02T14:20:19.154085+00:00,0.042,0.916,0.963,,nvidia/cosmos-reason2-8b,"DUMPING PRESENT: Yes
ORDINANCE VIOLATION: Yes
WASTE TYPE: mixed
WASTE VOLUME: small (pickup truck)
WASTE ORIGIN: residential
PROPERTY TYPE: alley
ADDRESS MARKERS: NONE
GUTTER/ALLEY: Yes
WATER PROXIMITY: No
CHRONIC SITE: No
VEHICLES: NONE
IDENTIFIERS: NONE
SEVERITY: 1
ORDINANCE: Sec-46-45
PRIORITY: LOW
SUMMARY: A small pile of mixed waste is located in the alley, which is considered a minor violation under Sec-46-45 due to its size and placement.
"
20260602T140833Z,DT_10th_and_Madison_Jefferson_1_20260531T203000.jpg,,,dataset_20260531/DT_10th_and_Madison_Jefferson_1/DT_10th_and_Madison_Jefferson_1_20260531T203000.jpg,illegal_dumping,done,2026-06-02T14:20:19.162971+00:00,0.034,0.96,0.998,,nvidia/cosmos-reason2-8b,"DUMPING PRESENT: Yes
ORDINANCE VIOLATION: Yes
WASTE TYPE: mixed
WASTE VOLUME: small (pickup truck)
WASTE ORIGIN: residential
PROPERTY TYPE: vacant-lot
ADDRESS MARKERS: NONE
GUTTER/ALLEY: No
WATER PROXIMITY: No
CHRONIC SITE: No
VEHICLES: NONE
IDENTIFIERS: NONE
SEVERITY: 2
ORDINANCE: Sec-46-45
PRIORITY: MEDIUM
SUMMARY: A pickup truck is parked on a vacant lot with mixed waste visible on the ground, violating Brownsville's property owner liability ordinance."
20260602T140833Z,DT_10th_and_Madison_Jefferson_1_20260531T204000.jpg,,,dataset_20260531/DT_10th_and_Madison_Jefferson_1/DT_10th_and_Madison_Jefferson_1_20260531T204000.jpg,illegal_dumping,done,2026-06-02T14:20:19.637166+00:00,0.042,0.691,0.738,,nvidia/cosmos-reason2-8b,"DUMPING PRESENT: No
ORDINANCE VIOLATION: No
WASTE TYPE: mixed
WASTE VOLUME: small (pickup truck)
WASTE ORIGIN: residential
PROPERTY TYPE: alley
ADDRESS MARKERS: NONE
GUTTER/ALLEY: Yes
WATER PROXIMITY: No
CHRONIC SITE: No
VEHICLES: <color, type, any text visible — or NONE>
IDENTIFIERS: <plates, signage, labels, individuals — or NONE>
SEVERITY: 1
ORDINANCE: N/A
PRIORITY: LOW
SUMMARY: No illegal dumping is observed in the alleyway."
20260602T140833Z,DT_10th_and_Madison_Jefferson_1_20260531T205000.jpg,,,dataset_20260531/DT_10th_and_Madison_Jefferson_1/DT_10th_and_Madison_Jefferson_1_20260531T205000.jpg,illegal_dumping,done,2026-06-02T14:20:19.851318+00:00,0.04,0.7,0.744,,nvidia/cosmos-reason2-8b,"DUMPING PRESENT: No
ORDINANCE VIOLATION: No
WASTE TYPE: mixed
WASTE VOLUME: small (pickup truck)
WASTE ORIGIN: residential
PROPERTY TYPE: alley
ADDRESS MARKERS: NONE
GUTTER/ALLEY: Yes
WATER PROXIMITY: No
CHRONIC SITE: No
VEHICLES: <color, type, any text visible — or NONE>
IDENTIFIERS: <plates, signage, labels, individuals — or NONE>
SEVERITY: 1
ORDINANCE: N/A
PRIORITY: LOW
SUMMARY: No illegal dumping observed in the alleyway."
20260602T140833Z,DT_10th_and_Madison_Jefferson_1_20260531T210000.jpg,,,dataset_20260531/DT_10th_and_Madison_Jefferson_1/DT_10th_and_Madison_Jefferson_1_20260531T210000.jpg,illegal_dumping,done,2026-06-02T14:20:20.119573+00:00,0.041,0.698,0.743,,nvidia/cosmos-reason2-8b,"DUMPING PRESENT: No
ORDINANCE VIOLATION: No
WASTE TYPE: mixed
WASTE VOLUME: small (pickup truck)
WASTE ORIGIN: residential
PROPERTY TYPE: alley
ADDRESS MARKERS: NONE
GUTTER/ALLEY: Yes
WATER PROXIMITY: No
CHRONIC SITE: No
VEHICLES: NONE
IDENTIFIERS: NONE
SEVERITY: 1
ORDINANCE: N/A
PRIORITY: LOW
SUMMARY: No illegal dumping observed in the alleyway."
20260602T140833Z,DT_10th_and_Madison_Jefferson_1_20260531T211000.jpg,,,dataset_20260531/DT_10th_and_Madison_Jefferson_1/DT_10th_and_Madison_Jefferson_1_20260531T211000.jpg,illegal_dumping,done,2026-06-02T14:20:20.162715+00:00,0.039,0.863,0.906,,nvidia/cosmos-reason2-8b,"DUMPING PRESENT: No
ORDINANCE VIOLATION: No
WASTE TYPE: mixed
WASTE VOLUME: small (pickup truck)
WASTE ORIGIN: residential
PROPERTY TYPE: alley
ADDRESS MARKERS: NONE
GUTTER/ALLEY: Yes
WATER PROXIMITY: No
CHRONIC SITE: No
VEHICLES: NONE
IDENTIFIERS: NONE
SEVERITY: 1
ORDINANCE: N/A
PRIORITY: LOW
SUMMARY: No illegal dumping is observed in the alleyway."
20260602T140833Z,DT_10th_and_Madison_Jefferson_1_20260531T212000.jpg,,,dataset_20260531/DT_10th_and_Madison_Jefferson_1/DT_10th_and_Madison_Jefferson_1_20260531T212000.jpg,illegal_dumping,done,2026-06-02T14:20:20.377843+00:00,0.038,0.956,0.997,,nvidia/cosmos-reason2-8b,"```json
{
  ""DUMPING PRESENT"": ""No"",
  ""ORDINANCE VIOLATION"": ""No"",
  ""WASTE TYPE"": [],
  ""WASTE VOLUME"": ""small (pickup truck)"",
  ""WASTE ORIGIN"": ""unknown"",
  ""PROPERTY TYPE"": ""right-of-way"",
  ""ADDRESS MARKERS"": ""NONE"",
  ""GUTTER/ALLEY"": ""Yes"",
  ""WATER PROXIMITY"": ""No"",
  ""CHRONIC SITE"": ""No"",
  ""VEHICLES"": ""NONE"",
  ""IDENTIFIERS"": ""NONE"",
  ""SEVERITY"": ""1"",
  ""ORDINANCE"": ""N/A"",
  ""PRIORITY"": ""LOW"",
  ""SUMMARY"": ""No illegal dumping detected; the scene shows a quiet alleyway with no visible waste or violations.""
}
```"
20260602T140833Z,DT_10th_and_Madison_Jefferson_1_20260531T213000.jpg,,,dataset_20260531/DT_10th_and_Madison_Jefferson_1/DT_10th_and_Madison_Jefferson_1_20260531T213000.jpg,illegal_dumping,done,2026-06-02T14:20:20.598388+00:00,0.041,0.846,0.897,,nvidia/cosmos-reason2-8b,"DUMPING PRESENT: No
ORDINANCE VIOLATION: No
WASTE TYPE: mixed
WASTE VOLUME: small (pickup truck)
WASTE ORIGIN: residential
PROPERTY TYPE: alley
ADDRESS MARKERS: NONE
GUTTER/ALLEY: Yes
WATER PROXIMITY: No
CHRONIC SITE: No
VEHICLES: <color, type, any text visible — or NONE>
IDENTIFIERS: <plates, signage, labels, individuals — or NONE>
SEVERITY: 1
ORDINANCE: N/A
PRIORITY: LOW
SUMMARY: No illegal dumping observed; scene shows a parked vehicle in an alley with no visible waste or debris."
20260602T140833Z,DT_10th_and_Madison_Jefferson_1_20260531T214000.jpg,,,dataset_20260531/DT_10th_and_Madison_Jefferson_1/DT_10th_and_Madison_Jefferson_1_20260531T214000.jpg,illegal_dumping,done,2026-06-02T14:20:20.865349+00:00,0.046,0.801,0.85,,nvidia/cosmos-reason2-8b,"DUMPING PRESENT: No
ORDINANCE VIOLATION: No
WASTE TYPE: mixed
WASTE VOLUME: small (pickup truck)
WASTE ORIGIN: residential
PROPERTY TYPE: alley
ADDRESS MARKERS: NONE
GUTTER/ALLEY: Yes
WATER PROXIMITY: No
CHRONIC SITE: No
VEHICLES: <color, type, any text visible — or NONE>
IDENTIFIERS: <plates, signage, labels, individuals — or NONE>
SEVERITY: 1
ORDINANCE: N/A
PRIORITY: LOW
SUMMARY: No illegal dumping observed in the alleyway."
20260602T140833Z,DT_10th_and_Madison_Jefferson_1_20260531T215000.jpg,,,dataset_20260531/DT_10th_and_Madison_Jefferson_1/DT_10th_and_Madison_Jefferson_1_20260531T215000.jpg,illegal_dumping,done,2026-06-02T14:20:21.071289+00:00,0.046,0.761,0.811,,nvidia/cosmos-reason2-8b,"DUMPING PRESENT: No
ORDINANCE VIOLATION: No
WASTE TYPE: mixed
WASTE VOLUME: small (pickup truck)
WASTE ORIGIN: residential
PROPERTY TYPE: alley
ADDRESS MARKERS: NONE
GUTTER/ALLEY: Yes
WATER PROXIMITY: No
CHRONIC SITE: No
VEHICLES: <color, type, any text visible — or NONE>
IDENTIFIERS: <plates, signage, labels, individuals — or NONE>
SEVERITY: 1
ORDINANCE: N/A
PRIORITY: LOW
SUMMARY: No illegal dumping observed in the alleyway; the scene appears clear with no visible waste or debris."
20260602T140833Z,DT_10th_and_Madison_Jefferson_1_20260531T220000.jpg,,,dataset_20260531/DT_10th_and_Madison_Jefferson_1/DT_10th_and_Madison_Jefferson_1_20260531T220000.jpg,illegal_dumping,done,2026-06-02T14:20:21.378486+00:00,0.045,0.778,0.827,,nvidia/cosmos-reason2-8b,"DUMPING PRESENT: No
ORDINANCE VIOLATION: No
WASTE TYPE: mixed
WASTE VOLUME: small (pickup truck)
WASTE ORIGIN: residential
PROPERTY TYPE: alley
ADDRESS MARKERS: NONE
GUTTER/ALLEY: Yes
WATER PROXIMITY: No
CHRONIC SITE: No
VEHICLES: <color, type, any text visible — or NONE>
IDENTIFIERS: <plates, signage, labels, individuals — or NONE>
SEVERITY: 1
ORDINANCE: N/A
PRIORITY: LOW
SUMMARY: No illegal dumping observed in the alleyway."
20260602T140833Z,DT_10th_and_Madison_Jefferson_1_20260531T221000.jpg,,,dataset_20260531/DT_10th_and_Madison_Jefferson_1/DT_10th_and_Madison_Jefferson_1_20260531T221000.jpg,illegal_dumping,done,2026-06-02T14:20:21.498057+00:00,0.041,0.748,0.792,,nvidia/cosmos-reason2-8b,"DUMPING PRESENT: No
ORDINANCE VIOLATION: No
WASTE TYPE: mixed
WASTE VOLUME: small (pickup truck)
WASTE ORIGIN: residential
PROPERTY TYPE: alley
ADDRESS MARKERS: NONE
GUTTER/ALLEY: Yes
WATER PROXIMITY: No
CHRONIC SITE: No
VEHICLES: NONE
IDENTIFIERS: NONE
SEVERITY: 1
ORDINANCE: N/A
PRIORITY: LOW
SUMMARY: No illegal dumping is observed in the alleyway."
20260602T140833Z,DT_10th_and_Madison_Jefferson_1_20260531T222000.jpg,,,dataset_20260531/DT_10th_and_Madison_Jefferson_1/DT_10th_and_Madison_Jefferson_1_20260531T222000.jpg,illegal_dumping,done,2026-06-02T14:20:21.718150+00:00,0.041,0.835,0.879,,nvidia/cosmos-reason2-8b,"DUMPING PRESENT: No
ORDINANCE VIOLATION: No
WASTE TYPE: mixed
WASTE VOLUME: small (pickup truck)
WASTE ORIGIN: residential
PROPERTY TYPE: alley
ADDRESS MARKERS: NONE
GUTTER/ALLEY: Yes
WATER PROXIMITY: No
CHRONIC SITE: No
VEHICLES: <color, type, any text visible — or NONE>
IDENTIFIERS: <plates, signage, labels, individuals — or NONE>
SEVERITY: 1
ORDINANCE: N/A
PRIORITY: LOW
SUMMARY: No illegal dumping observed in the alleyway; environment appears clean with no visible waste or debris."
20260602T140833Z,DT_10th_and_Madison_Jefferson_1_20260531T223000.jpg,,,dataset_20260531/DT_10th_and_Madison_Jefferson_1/DT_10th_and_Madison_Jefferson_1_20260531T223000.jpg,illegal_dumping,done,2026-06-02T14:20:21.884381+00:00,0.037,0.814,0.854,,nvidia/cosmos-reason2-8b,"DUMPING PRESENT: No
ORDINANCE VIOLATION: No
WASTE TYPE: mixed
WASTE VOLUME: small (pickup truck)
WASTE ORIGIN: residential
PROPERTY TYPE: alley
ADDRESS MARKERS: NONE
GUTTER/ALLEY: Yes
WATER PROXIMITY: No
CHRONIC SITE: No
VEHICLES: <color, type, any text visible — or NONE>
IDENTIFIERS: <plates, signage, labels, individuals — or NONE>
SEVERITY: 1
ORDINANCE: N/A
PRIORITY: LOW
SUMMARY: No illegal dumping observed in the alleyway; environment appears clean with no visible waste or debris."
20260602T140833Z,DT_10th_and_Madison_Jefferson_1_20260531T224000.jpg,,,dataset_20260531/DT_10th_and_Madison_Jefferson_1/DT_10th_and_Madison_Jefferson_1_20260531T224000.jpg,illegal_dumping,done,2026-06-02T14:20:22.208521+00:00,0.042,0.782,0.827,,nvidia/cosmos-reason2-8b,"DUMPING PRESENT: No
ORDINANCE VIOLATION: No
WASTE TYPE: mixed
WASTE VOLUME: small (pickup truck)
WASTE ORIGIN: residential
PROPERTY TYPE: alley
ADDRESS MARKERS: NONE
GUTTER/ALLEY: Yes
WATER PROXIMITY: No
CHRONIC SITE: No
VEHICLES: <color, type, any text visible — or NONE>
IDENTIFIERS: <plates, signage, labels, individuals — or NONE>
SEVERITY: 1
ORDINANCE: N/A
PRIORITY: LOW
SUMMARY: No illegal dumping observed in the alleyway."
20260602T140833Z,DT_10th_and_Madison_Jefferson_1_20260531T225000.jpg,,,dataset_20260531/DT_10th_and_Madison_Jefferson_1/DT_10th_and_Madison_Jefferson_1_20260531T225000.jpg,illegal_dumping,done,2026-06-02T14:20:22.292563+00:00,0.038,0.821,0.862,,nvidia/cosmos-reason2-8b,"DUMPING PRESENT: No
ORDINANCE VIOLATION: No
WASTE TYPE: mixed
WASTE VOLUME: small (pickup truck)
WASTE ORIGIN: residential
PROPERTY TYPE: alley
ADDRESS MARKERS: NONE
GUTTER/ALLEY: Yes
WATER PROXIMITY: No
CHRONIC SITE: No
VEHICLES: NONE
IDENTIFIERS: NONE
SEVERITY: 1
ORDINANCE: N/A
PRIORITY: LOW
SUMMARY: No illegal dumping detected in the alleyway."
20260602T140833Z,DT_10th_and_Madison_Jefferson_1_20260531T230000.jpg,,,dataset_20260531/DT_10th_and_Madison_Jefferson_1/DT_10th_and_Madison_Jefferson_1_20260531T230000.jpg,illegal_dumping,done,2026-06-02T14:20:22.600221+00:00,0.04,0.703,0.746,,nvidia/cosmos-reason2-8b,"DUMPING PRESENT: No
ORDINANCE VIOLATION: No
WASTE TYPE: mixed
WASTE VOLUME: small (pickup truck)
WASTE ORIGIN: residential
PROPERTY TYPE: alley
ADDRESS MARKERS: NONE
GUTTER/ALLEY: Yes
WATER PROXIMITY: No
CHRONIC SITE: No
VEHICLES: NONE
IDENTIFIERS: NONE
SEVERITY: 1
ORDINANCE: N/A
PRIORITY: LOW
SUMMARY: No illegal dumping is observed in the alleyway."
20260602T140833Z,DT_10th_and_Madison_Jefferson_1_20260531T231000.jpg,,,dataset_20260531/DT_10th_and_Madison_Jefferson_1/DT_10th_and_Madison_Jefferson_1_20260531T231000.jpg,illegal_dumping,done,2026-06-02T14:20:22.740758+00:00,0.039,0.853,0.903,,nvidia/cosmos-reason2-8b,"```json
{
  ""DUMPING PRESENT"": ""No"",
  ""ORDINANCE VIOLATION"": ""No"",
  ""WASTE TYPE"": [],
  ""WASTE VOLUME"": ""small (pickup truck)"",
  ""WASTE ORIGIN"": ""unknown"",
  ""PROPERTY TYPE"": ""right-of-way"",
  ""ADDRESS MARKERS"": ""NONE"",
  ""GUTTER/ALLEY"": ""Yes"",
  ""WATER PROXIMITY"": ""No"",
  ""CHRONIC SITE"": ""No"",
  ""VEHICLES"": ""NONE"",
  ""IDENTIFIERS"": ""NONE"",
  ""SEVERITY"": ""1"",
  ""ORDINANCE"": ""N/A"",
  ""PRIORITY"": ""LOW"",
  ""SUMMARY"": ""No illegal dumping detected in the video; the scene shows a quiet alleyway with no visible waste or debris.""
}
```"
20260602T140833Z,DT_10th_and_Madison_Jefferson_1_20260531T232000.jpg,,,dataset_20260531/DT_10th_and_Madison_Jefferson_1/DT_10th_and_Madison_Jefferson_1_20260531T232000.jpg,illegal_dumping,done,2026-06-02T14:20:23.038649+00:00,0.042,0.819,0.865,,nvidia/cosmos-reason2-8b,"DUMPING PRESENT: No
ORDINANCE VIOLATION: No
WASTE TYPE: mixed
WASTE VOLUME: small (pickup truck)
WASTE ORIGIN: residential
PROPERTY TYPE: alley
ADDRESS MARKERS: NONE
GUTTER/ALLEY: Yes
WATER PROXIMITY: No
CHRONIC SITE: No
VEHICLES: <color, type, any text visible — or NONE>
IDENTIFIERS: <plates, signage, labels, individuals — or NONE>
SEVERITY: 1
ORDINANCE: N/A
PRIORITY: LOW
SUMMARY: No illegal dumping observed in the alleyway; no waste or debris present on the ground or in the immediate vicinity of the vehicles."
20260602T140833Z,DT_10th_and_Madison_Jefferson_1_20260531T233000.jpg,,,dataset_20260531/DT_10th_and_Madison_Jefferson_1/DT_10th_and_Madison_Jefferson_1_20260531T233000.jpg,illegal_dumping,done,2026-06-02T14:20:23.157309+00:00,0.036,0.755,0.794,,nvidia/cosmos-reason2-8b,"DUMPING PRESENT: No
ORDINANCE VIOLATION: No
WASTE TYPE: mixed
WASTE VOLUME: small (pickup truck)
WASTE ORIGIN: residential
PROPERTY TYPE: alley
ADDRESS MARKERS: NONE
GUTTER/ALLEY: Yes
WATER PROXIMITY: No
CHRONIC SITE: No
VEHICLES: NONE
IDENTIFIERS: NONE
SEVERITY: 1
ORDINANCE: N/A
PRIORITY: LOW
SUMMARY: No illegal dumping is observed in the alleyway; the scene appears clean with no visible waste or debris."
20260602T140833Z,DT_10th_and_Madison_Jefferson_1_20260531T234000.jpg,,,dataset_20260531/DT_10th_and_Madison_Jefferson_1/DT_10th_and_Madison_Jefferson_1_20260531T234000.jpg,illegal_dumping,done,2026-06-02T14:20:23.349309+00:00,0.043,0.789,0.835,,nvidia/cosmos-reason2-8b,"DUMPING PRESENT: No
ORDINANCE VIOLATION: No
WASTE TYPE: mixed
WASTE VOLUME: small (pickup truck)
WASTE ORIGIN: residential
PROPERTY TYPE: alley
ADDRESS MARKERS: NONE
GUTTER/ALLEY: Yes
WATER PROXIMITY: No
CHRONIC SITE: No
VEHICLES: <color, type, any text visible — or NONE>
IDENTIFIERS: <plates, signage, labels, individuals — or NONE>
SEVERITY: 1
ORDINANCE: N/A
PRIORITY: LOW
SUMMARY: No illegal dumping observed; scene shows a residential alley with parked vehicles and no visible waste or debris."
20260602T140833Z,DT_10th_and_Madison_Jefferson_1_20260531T235000.jpg,,,dataset_20260531/DT_10th_and_Madison_Jefferson_1/DT_10th_and_Madison_Jefferson_1_20260531T235000.jpg,illegal_dumping,done,2026-06-02T14:20:23.646249+00:00,0.039,0.773,0.815,,nvidia/cosmos-reason2-8b,"DUMPING PRESENT: No
ORDINANCE VIOLATION: No
WASTE TYPE: mixed
WASTE VOLUME: small (pickup truck)
WASTE ORIGIN: residential
PROPERTY TYPE: alley
ADDRESS MARKERS: NONE
GUTTER/ALLEY: Yes
WATER PROXIMITY: No
CHRONIC SITE: No
VEHICLES: <color, type, any text visible — or NONE>
IDENTIFIERS: <plates, signage, labels, individuals — or NONE>
SEVERITY: 1
ORDINANCE: N/A
PRIORITY: LOW
SUMMARY: No illegal dumping observed in the alleyway."
20260602T140833Z,DT_10th_and_Madison_Jefferson_4_20260531T000000.jpg,,,dataset_20260531/DT_10th_and_Madison_Jefferson_4/DT_10th_and_Madison_Jefferson_4_20260531T000000.jpg,illegal_dumping,done,2026-06-02T14:20:24.500603+00:00,0.167,1.267,1.46,,nvidia/cosmos-reason2-8b,"DUMPING PRESENT: No
ORDINANCE VIOLATION: No
WASTE TYPE: mixed
WASTE VOLUME: small (pickup truck)
WASTE ORIGIN: residential
PROPERTY TYPE: vacant-lot
ADDRESS MARKERS: NONE
GUTTER/ALLEY: No
WATER PROXIMITY: No
CHRONIC SITE: No
VEHICLES: <NONE>
IDENTIFIERS: <NONE>
SEVERITY: 1
ORDINANCE: N/A
PRIORITY: LOW
SUMMARY: No illegal dumping is observed in the video."
20260602T140833Z,DT_10th_and_Madison_Jefferson_4_20260531T001000.jpg,,,dataset_20260531/DT_10th_and_Madison_Jefferson_4/DT_10th_and_Madison_Jefferson_4_20260531T001000.jpg,illegal_dumping,done,2026-06-02T14:20:24.501469+00:00,0.166,1.226,1.417,,nvidia/cosmos-reason2-8b,"DUMPING PRESENT: No
ORDINANCE VIOLATION: No
WASTE TYPE: mixed
WASTE VOLUME: small (pickup truck)
WASTE ORIGIN: residential
PROPERTY TYPE: vacant-lot
ADDRESS MARKERS: NONE
GUTTER/ALLEY: No
WATER PROXIMITY: No
CHRONIC SITE: No
VEHICLES: NONE
IDENTIFIERS: NONE
SEVERITY: 1
ORDINANCE: N/A
PRIORITY: LOW
SUMMARY: No illegal dumping observed in the video."
20260602T140833Z,DT_10th_and_Madison_Jefferson_4_20260531T002000.jpg,,,dataset_20260531/DT_10th_and_Madison_Jefferson_4/DT_10th_and_Madison_Jefferson_4_20260531T002000.jpg,illegal_dumping,done,2026-06-02T14:20:24.502635+00:00,0.166,0.666,0.856,,nvidia/cosmos-reason2-8b,"DUMPING PRESENT: No
ORDINANCE VIOLATION: No
WASTE TYPE: mixed
WASTE VOLUME: small (pickup truck)
WASTE ORIGIN: residential
PROPERTY TYPE: vacant-lot
ADDRESS MARKERS: NONE
GUTTER/ALLEY: No
WATER PROXIMITY: No
CHRONIC SITE: No
VEHICLES: NONE
IDENTIFIERS: NONE
SEVERITY: 1
ORDINANCE: N/A
PRIORITY: LOW
SUMMARY: No illegal dumping is observed in the video."
20260602T140833Z,DT_10th_and_Madison_Jefferson_4_20260531T003000.jpg,,,dataset_20260531/DT_10th_and_Madison_Jefferson_4/DT_10th_and_Madison_Jefferson_4_20260531T003000.jpg,illegal_dumping,done,2026-06-02T14:20:24.503688+00:00,0.166,1.03,1.219,,nvidia/cosmos-reason2-8b,"```json
DUMPING PRESENT: No
ORDINANCE VIOLATION: No
WASTE TYPE: mixed
WASTE VOLUME: small (pickup truck)
WASTE ORIGIN: residential
PROPERTY TYPE: alley
ADDRESS MARKERS: NONE
GUTTER/ALLEY: Yes
WATER PROXIMITY: No
CHRONIC SITE: No
VEHICLES: <color, type, any text visible — or NONE>
IDENTIFIERS: <plates, signage, labels, individuals — or NONE>
SEVERITY: 1
ORDINANCE: N/A
PRIORITY: LOW
SUMMARY: No illegal dumping detected; the scene shows a dark vehicle on a dimly lit alley with no visible waste or debris.
```"
20260602T140833Z,DT_10th_and_Madison_Jefferson_4_20260531T004000.jpg,,,dataset_20260531/DT_10th_and_Madison_Jefferson_4/DT_10th_and_Madison_Jefferson_4_20260531T004000.jpg,illegal_dumping,done,2026-06-02T14:20:25.361951+00:00,0.046,0.8,0.849,,nvidia/cosmos-reason2-8b,"DUMPING PRESENT: No
ORDINANCE VIOLATION: No
WASTE TYPE: mixed
WASTE VOLUME: small (pickup truck)
WASTE ORIGIN: residential
PROPERTY TYPE: alley
ADDRESS MARKERS: NONE
GUTTER/ALLEY: Yes
WATER PROXIMITY: No
CHRONIC SITE: No
VEHICLES: <color, type, any text visible — or NONE>
IDENTIFIERS: <plates, signage, labels, individuals — or NONE>
SEVERITY: 1
ORDINANCE: N/A
PRIORITY: LOW
SUMMARY: No illegal dumping observed; the scene shows a dark alley with a vehicle and no visible waste or debris."
20260602T140833Z,DT_10th_and_Madison_Jefferson_4_20260531T005000.jpg,,,dataset_20260531/DT_10th_and_Madison_Jefferson_4/DT_10th_and_Madison_Jefferson_4_20260531T005000.jpg,illegal_dumping,done,2026-06-02T14:20:25.725577+00:00,0.039,0.827,0.87,,nvidia/cosmos-reason2-8b,"```json
{
  ""DUMPING PRESENT"": ""No"",
  ""ORDINANCE VIOLATION"": ""No"",
  ""WASTE TYPE"": [],
  ""WASTE VOLUME"": ""small (pickup truck)"",
  ""WASTE ORIGIN"": ""unknown"",
  ""PROPERTY TYPE"": ""right-of-way"",
  ""ADDRESS MARKERS"": ""NONE"",
  ""GUTTER/ALLEY"": ""Yes"",
  ""WATER PROXIMITY"": ""No"",
  ""CHRONIC SITE"": ""No"",
  ""VEHICLES"": ""NONE"",
  ""IDENTIFIERS"": ""NONE"",
  ""SEVERITY"": ""1"",
  ""ORDINANCE"": ""N/A"",
  ""PRIORITY"": ""LOW"",
  ""SUMMARY"": ""No illegal dumping detected; the scene shows a dark, foggy environment with no visible waste or vehicles.""
}
```"
20260602T140833Z,DT_10th_and_Madison_Jefferson_4_20260531T010000.jpg,,,dataset_20260531/DT_10th_and_Madison_Jefferson_4/DT_10th_and_Madison_Jefferson_4_20260531T010000.jpg,illegal_dumping,done,2026-06-02T14:20:25.920170+00:00,0.04,0.782,0.826,,nvidia/cosmos-reason2-8b,"DUMPING PRESENT: No
ORDINANCE VIOLATION: No
WASTE TYPE: N/A
WASTE VOLUME: N/A
WASTE ORIGIN: N/A
PROPERTY TYPE: right-of-way
ADDRESS MARKERS: NONE
GUTTER/ALLEY: No
WATER PROXIMITY: No
CHRONIC SITE: No
VEHICLES: <color, type, any text visible — or NONE>
IDENTIFIERS: <plates, signage, labels, individuals — or NONE>
SEVERITY: 1
ORDINANCE: N/A
PRIORITY: LOW
SUMMARY: No illegal dumping observed; the scene shows a dark vehicle with headlights on in a wooded area at night."
20260602T140833Z,DT_10th_and_Madison_Jefferson_4_20260531T011000.jpg,,,dataset_20260531/DT_10th_and_Madison_Jefferson_4/DT_10th_and_Madison_Jefferson_4_20260531T011000.jpg,illegal_dumping,done,2026-06-02T14:20:25.962943+00:00,0.051,0.774,0.827,,nvidia/cosmos-reason2-8b,"DUMPING PRESENT: No
ORDINANCE VIOLATION: No
WASTE TYPE: mixed
WASTE VOLUME: small (pickup truck)
WASTE ORIGIN: residential
PROPERTY TYPE: vacant-lot
ADDRESS MARKERS: NONE
GUTTER/ALLEY: No
WATER PROXIMITY: No
CHRONIC SITE: No
VEHICLES: NONE
IDENTIFIERS: NONE
SEVERITY: 1
ORDINANCE: N/A
PRIORITY: LOW
SUMMARY: No illegal dumping is observed in the video."
20260602T140833Z,DT_10th_and_Madison_Jefferson_4_20260531T012000.jpg,,,dataset_20260531/DT_10th_and_Madison_Jefferson_4/DT_10th_and_Madison_Jefferson_4_20260531T012000.jpg,illegal_dumping,done,2026-06-02T14:20:26.212839+00:00,0.043,0.723,0.769,,nvidia/cosmos-reason2-8b,"DUMPING PRESENT: No
ORDINANCE VIOLATION: No
WASTE TYPE: N/A
WASTE VOLUME: N/A
WASTE ORIGIN: N/A
PROPERTY TYPE: right-of-way
ADDRESS MARKERS: NONE
GUTTER/ALLEY: No
WATER PROXIMITY: No
CHRONIC SITE: No
VEHICLES: NONE
IDENTIFIERS: N/A
SEVERITY: 1
ORDINANCE: N/A
PRIORITY: LOW
SUMMARY: No illegal dumping is observed in the video."
20260602T140833Z,DT_10th_and_Madison_Jefferson_4_20260531T013000.jpg,,,dataset_20260531/DT_10th_and_Madison_Jefferson_4/DT_10th_and_Madison_Jefferson_4_20260531T013000.jpg,illegal_dumping,done,2026-06-02T14:20:26.597859+00:00,0.04,0.793,0.836,,nvidia/cosmos-reason2-8b,"DUMPING PRESENT: No
ORDINANCE VIOLATION: No
WASTE TYPE: N/A
WASTE VOLUME: N/A
WASTE ORIGIN: N/A
PROPERTY TYPE: right-of-way
ADDRESS MARKERS: NONE
GUTTER/ALLEY: No
WATER PROXIMITY: No
CHRONIC SITE: No
VEHICLES: <color, type, any text visible — or NONE>
IDENTIFIERS: <plates, signage, labels, individuals — or NONE>
SEVERITY: 1
ORDINANCE: N/A
PRIORITY: LOW
SUMMARY: No dumping observed; scene shows a vehicle on a road with no visible waste or debris."
20260602T140833Z,DT_10th_and_Madison_Jefferson_4_20260531T014000.jpg,,,dataset_20260531/DT_10th_and_Madison_Jefferson_4/DT_10th_and_Madison_Jefferson_4_20260531T014000.jpg,illegal_dumping,done,2026-06-02T14:20:26.748413+00:00,0.041,1.115,1.159,,nvidia/cosmos-reason2-8b,"DUMPING PRESENT: No
ORDINANCE VIOLATION: No
WASTE TYPE: mixed
WASTE VOLUME: small (pickup truck)
WASTE ORIGIN: residential
PROPERTY TYPE: alley
ADDRESS MARKERS: NONE
GUTTER/ALLEY: Yes
WATER PROXIMITY: No
CHRONIC SITE: No
VEHICLES: <color, type, any text visible — or NONE>
IDENTIFIERS: <plates, signage, labels, individuals — or NONE>
SEVERITY: 1
ORDINANCE: N/A
PRIORITY: LOW
SUMMARY: No illegal dumping observed in the alleyway; no waste or debris present for enforcement action."
20260602T140833Z,DT_10th_and_Madison_Jefferson_4_20260531T015000.jpg,,,dataset_20260531/DT_10th_and_Madison_Jefferson_4/DT_10th_and_Madison_Jefferson_4_20260531T015000.jpg,illegal_dumping,done,2026-06-02T14:20:26.793483+00:00,0.034,0.957,0.994,,nvidia/cosmos-reason2-8b,"DUMPING PRESENT: No
ORDINANCE VIOLATION: No
WASTE TYPE: mixed
WASTE VOLUME: small (pickup truck)
WASTE ORIGIN: residential
PROPERTY TYPE: vacant-lot
ADDRESS MARKERS: NONE
GUTTER/ALLEY: No
WATER PROXIMITY: No
CHRONIC SITE: No
VEHICLES: <color, type, any text visible — or NONE>
IDENTIFIERS: <plates, signage, labels, individuals — or NONE>
SEVERITY: 1
ORDINANCE: N/A
PRIORITY: LOW
SUMMARY: No illegal dumping observed in the video."
20260602T140833Z,DT_10th_and_Madison_Jefferson_4_20260531T020000.jpg,,,dataset_20260531/DT_10th_and_Madison_Jefferson_4/DT_10th_and_Madison_Jefferson_4_20260531T020000.jpg,illegal_dumping,done,2026-06-02T14:20:26.985254+00:00,0.04,0.967,1.018,,nvidia/cosmos-reason2-8b,"DUMPING PRESENT: No
ORDINANCE VIOLATION: No
WASTE TYPE: mixed
WASTE VOLUME: small (pickup truck)
WASTE ORIGIN: residential
PROPERTY TYPE: alley
ADDRESS MARKERS: NONE
GUTTER/ALLEY: Yes
WATER PROXIMITY: No
CHRONIC SITE: No
VEHICLES: <color, type, any text visible — or NONE>
IDENTIFIERS: <plates, signage, labels, individuals — or NONE>
SEVERITY: 1
ORDINANCE: N/A
PRIORITY: LOW
SUMMARY: No illegal dumping observed in the alleyway."
20260602T140833Z,DT_10th_and_Madison_Jefferson_4_20260531T021000.jpg,,,dataset_20260531/DT_10th_and_Madison_Jefferson_4/DT_10th_and_Madison_Jefferson_4_20260531T021000.jpg,illegal_dumping,done,2026-06-02T14:20:27.436386+00:00,0.045,0.676,0.726,,nvidia/cosmos-reason2-8b,"DUMPING PRESENT: No
ORDINANCE VIOLATION: No
WASTE TYPE: mixed
WASTE VOLUME: small (pickup truck)
WASTE ORIGIN: residential
PROPERTY TYPE: vacant-lot
ADDRESS MARKERS: NONE
GUTTER/ALLEY: No
WATER PROXIMITY: No
CHRONIC SITE: No
VEHICLES: NONE
IDENTIFIERS: NONE
SEVERITY: 1
ORDINANCE: N/A
PRIORITY: LOW
SUMMARY: No illegal dumping detected in the video."
20260602T140833Z,DT_10th_and_Madison_Jefferson_4_20260531T022000.jpg,,,dataset_20260531/DT_10th_and_Madison_Jefferson_4/DT_10th_and_Madison_Jefferson_4_20260531T022000.jpg,illegal_dumping,done,2026-06-02T14:20:27.789537+00:00,0.041,0.817,0.861,,nvidia/cosmos-reason2-8b,"DUMPING PRESENT: No
ORDINANCE VIOLATION: No
WASTE TYPE: N/A
WASTE VOLUME: N/A
WASTE ORIGIN: N/A
PROPERTY TYPE: right-of-way
ADDRESS MARKERS: NONE
GUTTER/ALLEY: No
WATER PROXIMITY: No
CHRONIC SITE: No
VEHICLES: <color, type, any text visible — or NONE>
IDENTIFIERS: <plates, signage, labels, individuals — or NONE>
SEVERITY: 1
ORDINANCE: N/A
PRIORITY: LOW
SUMMARY: No dumping observed; scene shows a dark, indistinct outdoor area with no clear evidence of waste or violations."
20260602T140833Z,DT_10th_and_Madison_Jefferson_4_20260531T023000.jpg,,,dataset_20260531/DT_10th_and_Madison_Jefferson_4/DT_10th_and_Madison_Jefferson_4_20260531T023000.jpg,illegal_dumping,done,2026-06-02T14:20:27.909703+00:00,0.038,0.862,0.903,,nvidia/cosmos-reason2-8b,"DUMPING PRESENT: No
ORDINANCE VIOLATION: No
WASTE TYPE: mixed
WASTE VOLUME: small (pickup truck)
WASTE ORIGIN: residential
PROPERTY TYPE: vacant-lot
ADDRESS MARKERS: NONE
GUTTER/ALLEY: No
WATER PROXIMITY: No
CHRONIC SITE: No
VEHICLES: <color, type, any text visible — or NONE>
IDENTIFIERS: <plates, signage, labels, individuals — or NONE>
SEVERITY: 1
ORDINANCE: N/A
PRIORITY: LOW
SUMMARY: No illegal dumping observed; scene appears to be a dark, foggy outdoor area with no visible waste or vehicles."
20260602T140833Z,DT_10th_and_Madison_Jefferson_4_20260531T024000.jpg,,,dataset_20260531/DT_10th_and_Madison_Jefferson_4/DT_10th_and_Madison_Jefferson_4_20260531T024000.jpg,illegal_dumping,done,2026-06-02T14:20:28.004709+00:00,0.036,0.991,1.03,,nvidia/cosmos-reason2-8b,"DUMPING PRESENT: No
ORDINANCE VIOLATION: No
WASTE TYPE: mixed
WASTE VOLUME: small (pickup truck)
WASTE ORIGIN: residential
PROPERTY TYPE: alley
ADDRESS MARKERS: NONE
GUTTER/ALLEY: Yes
WATER PROXIMITY: No
CHRONIC SITE: No
VEHICLES: <color, type, any text visible — or NONE>
IDENTIFIERS: <plates, signage, labels, individuals — or NONE>
SEVERITY: 1
ORDINANCE: N/A
PRIORITY: LOW
SUMMARY: No illegal dumping observed in the alleyway; the scene appears clear with no visible waste or debris."
20260602T140833Z,DT_10th_and_Madison_Jefferson_4_20260531T025000.jpg,,,dataset_20260531/DT_10th_and_Madison_Jefferson_4/DT_10th_and_Madison_Jefferson_4_20260531T025000.jpg,illegal_dumping,done,2026-06-02T14:20:28.165307+00:00,0.044,0.939,0.986,,nvidia/cosmos-reason2-8b,"DUMPING PRESENT: No
ORDINANCE VIOLATION: No
WASTE TYPE: mixed
WASTE VOLUME: small (pickup truck)
WASTE ORIGIN: residential
PROPERTY TYPE: vacant-lot
ADDRESS MARKERS: NONE
GUTTER/ALLEY: No
WATER PROXIMITY: No
CHRONIC SITE: No
VEHICLES: <color, type, any text visible — or NONE>
IDENTIFIERS: <plates, signage, labels, individuals — or NONE>
SEVERITY: 1
ORDINANCE: N/A
PRIORITY: LOW
SUMMARY: No illegal dumping observed; the scene appears to be a dark, indistinct outdoor area with no clear evidence of waste disposal violations."
20260602T140833Z,DT_10th_and_Madison_Jefferson_4_20260531T030000.jpg,,,dataset_20260531/DT_10th_and_Madison_Jefferson_4/DT_10th_and_Madison_Jefferson_4_20260531T030000.jpg,illegal_dumping,done,2026-06-02T14:20:28.653374+00:00,0.047,0.743,0.793,,nvidia/cosmos-reason2-8b,"DUMPING PRESENT: No
ORDINANCE VIOLATION: No
WASTE TYPE: mixed
WASTE VOLUME: small (pickup truck)
WASTE ORIGIN: residential
PROPERTY TYPE: alley
ADDRESS MARKERS: NONE
GUTTER/ALLEY: Yes
WATER PROXIMITY: No
CHRONIC SITE: No
VEHICLES: <color, type, any text visible — or NONE>
IDENTIFIERS: <plates, signage, labels, individuals — or NONE>
SEVERITY: 1
ORDINANCE: N/A
PRIORITY: LOW
SUMMARY: No illegal dumping observed in the alleyway; the scene appears clear with no visible waste or debris."
20260602T140833Z,DT_10th_and_Madison_Jefferson_4_20260531T031000.jpg,,,dataset_20260531/DT_10th_and_Madison_Jefferson_4/DT_10th_and_Madison_Jefferson_4_20260531T031000.jpg,illegal_dumping,done,2026-06-02T14:20:28.814850+00:00,0.041,0.714,0.758,,nvidia/cosmos-reason2-8b,"DUMPING PRESENT: No
ORDINANCE VIOLATION: No
WASTE TYPE: N/A
WASTE VOLUME: N/A
WASTE ORIGIN: N/A
PROPERTY TYPE: right-of-way
ADDRESS MARKERS: NONE
GUTTER/ALLEY: Yes
WATER PROXIMITY: No
CHRONIC SITE: No
VEHICLES: <NONE>
IDENTIFIERS: <NONE>
SEVERITY: 1
ORDINANCE: N/A
PRIORITY: LOW
SUMMARY: No dumping observed; scene shows a dark environment with a vehicle and faint light sources."
20260602T140833Z,DT_10th_and_Madison_Jefferson_4_20260531T032000.jpg,,,dataset_20260531/DT_10th_and_Madison_Jefferson_4/DT_10th_and_Madison_Jefferson_4_20260531T032000.jpg,illegal_dumping,done,2026-06-02T14:20:29.037304+00:00,0.046,0.848,0.896,,nvidia/cosmos-reason2-8b,"DUMPING PRESENT: No
ORDINANCE VIOLATION: No
WASTE TYPE: N/A
WASTE VOLUME: N/A
WASTE ORIGIN: N/A
PROPERTY TYPE: right-of-way
ADDRESS MARKERS: NONE
GUTTER/ALLEY: No
WATER PROXIMITY: No
CHRONIC SITE: No
VEHICLES: <color, type, any text visible — or NONE>
IDENTIFIERS: <plates, signage, labels, individuals — or NONE>
SEVERITY: 1
ORDINANCE: N/A
PRIORITY: LOW
SUMMARY: No dumping observed; scene shows a vehicle on a road with no visible waste or debris."
20260602T140833Z,DT_10th_and_Madison_Jefferson_4_20260531T033000.jpg,,,dataset_20260531/DT_10th_and_Madison_Jefferson_4/DT_10th_and_Madison_Jefferson_4_20260531T033000.jpg,illegal_dumping,done,2026-06-02T14:20:29.153790+00:00,0.041,0.786,0.83,,nvidia/cosmos-reason2-8b,"DUMPING PRESENT: No
ORDINANCE VIOLATION: No
WASTE TYPE: mixed
WASTE VOLUME: small (pickup truck)
WASTE ORIGIN: residential
PROPERTY TYPE: right-of-way
ADDRESS MARKERS: NONE
GUTTER/ALLEY: Yes
WATER PROXIMITY: No
CHRONIC SITE: No
VEHICLES: <NONE>
IDENTIFIERS: <NONE>
SEVERITY: 1
ORDINANCE: N/A
PRIORITY: LOW
SUMMARY: No illegal dumping observed; scene shows a vehicle on a right-of-way with no visible waste or debris."
20260602T140833Z,DT_10th_and_Madison_Jefferson_4_20260531T034000.jpg,,,dataset_20260531/DT_10th_and_Madison_Jefferson_4/DT_10th_and_Madison_Jefferson_4_20260531T034000.jpg,illegal_dumping,done,2026-06-02T14:20:29.448921+00:00,0.042,1.004,1.049,,nvidia/cosmos-reason2-8b,"DUMPING PRESENT: No
ORDINANCE VIOLATION: No
WASTE TYPE: mixed
WASTE VOLUME: small (pickup truck)
WASTE ORIGIN: residential
PROPERTY TYPE: alley
ADDRESS MARKERS: NONE
GUTTER/ALLEY: Yes
WATER PROXIMITY: No
CHRONIC SITE: No
VEHICLES: <color, type, any text visible — or NONE>
IDENTIFIERS: <plates, signage, labels, individuals — or NONE>
SEVERITY: 1
ORDINANCE: N/A
PRIORITY: LOW
SUMMARY: No illegal dumping observed; scene shows a dark alley with a vehicle and faint light sources, no waste or debris visible."
20260602T140833Z,DT_10th_and_Madison_Jefferson_4_20260531T035000.jpg,,,dataset_20260531/DT_10th_and_Madison_Jefferson_4/DT_10th_and_Madison_Jefferson_4_20260531T035000.jpg,illegal_dumping,done,2026-06-02T14:20:29.575516+00:00,0.042,0.751,0.795,,nvidia/cosmos-reason2-8b,"DUMPING PRESENT: No
ORDINANCE VIOLATION: No
WASTE TYPE: mixed
WASTE VOLUME: small (pickup truck)
WASTE ORIGIN: residential
PROPERTY TYPE: alley
ADDRESS MARKERS: NONE
GUTTER/ALLEY: Yes
WATER PROXIMITY: No
CHRONIC SITE: No
VEHICLES: <color, type, any text visible — or NONE>
IDENTIFIERS: <plates, signage, labels, individuals — or NONE>
SEVERITY: 1
ORDINANCE: N/A
PRIORITY: LOW
SUMMARY: No illegal dumping observed in the alleyway."
20260602T140833Z,DT_10th_and_Madison_Jefferson_4_20260531T040000.jpg,,,dataset_20260531/DT_10th_and_Madison_Jefferson_4/DT_10th_and_Madison_Jefferson_4_20260531T040000.jpg,illegal_dumping,done,2026-06-02T14:20:29.936165+00:00,0.048,0.729,0.781,,nvidia/cosmos-reason2-8b,"DUMPING PRESENT: No
ORDINANCE VIOLATION: No
WASTE TYPE: mixed
WASTE VOLUME: small (pickup truck)
WASTE ORIGIN: residential
PROPERTY TYPE: vacant-lot
ADDRESS MARKERS: NONE
GUTTER/ALLEY: No
WATER PROXIMITY: No
CHRONIC SITE: No
VEHICLES: NONE
IDENTIFIERS: NONE
SEVERITY: 1
ORDINANCE: N/A
PRIORITY: LOW
SUMMARY: No illegal dumping is observed in the video."
20260602T140833Z,DT_10th_and_Madison_Jefferson_4_20260531T041000.jpg,,,dataset_20260531/DT_10th_and_Madison_Jefferson_4/DT_10th_and_Madison_Jefferson_4_20260531T041000.jpg,illegal_dumping,done,2026-06-02T14:20:29.986397+00:00,0.038,0.87,0.911,,nvidia/cosmos-reason2-8b,"DUMPING PRESENT: No
ORDINANCE VIOLATION: No
WASTE TYPE: mixed
WASTE VOLUME: small (pickup truck)
WASTE ORIGIN: residential
PROPERTY TYPE: vacant-lot
ADDRESS MARKERS: NONE
GUTTER/ALLEY: No
WATER PROXIMITY: No
CHRONIC SITE: No
VEHICLES: <color, type, any text visible — or NONE>
IDENTIFIERS: <plates, signage, labels, individuals — or NONE>
SEVERITY: 1
ORDINANCE: N/A
PRIORITY: LOW
SUMMARY: No illegal dumping is observed in the video; the scene shows a dark outdoor area with a vehicle and no visible waste or debris."
20260602T140833Z,DT_10th_and_Madison_Jefferson_4_20260531T042000.jpg,,,dataset_20260531/DT_10th_and_Madison_Jefferson_4/DT_10th_and_Madison_Jefferson_4_20260531T042000.jpg,illegal_dumping,done,2026-06-02T14:20:30.373952+00:00,0.044,0.76,0.806,,nvidia/cosmos-reason2-8b,"DUMPING PRESENT: No
ORDINANCE VIOLATION: No
WASTE TYPE: mixed
WASTE VOLUME: small (pickup truck)
WASTE ORIGIN: residential
PROPERTY TYPE: vacant-lot
ADDRESS MARKERS: NONE
GUTTER/ALLEY: No
WATER PROXIMITY: No
CHRONIC SITE: No
VEHICLES: <color, type, any text visible — or NONE>
IDENTIFIERS: <plates, signage, labels, individuals — or NONE>
SEVERITY: 1
ORDINANCE: N/A
PRIORITY: LOW
SUMMARY: No illegal dumping observed in the video."
20260602T140833Z,DT_10th_and_Madison_Jefferson_4_20260531T043000.jpg,,,dataset_20260531/DT_10th_and_Madison_Jefferson_4/DT_10th_and_Madison_Jefferson_4_20260531T043000.jpg,illegal_dumping,done,2026-06-02T14:20:30.500523+00:00,0.043,0.724,0.77,,nvidia/cosmos-reason2-8b,"DUMPING PRESENT: No
ORDINANCE VIOLATION: No
WASTE TYPE: mixed
WASTE VOLUME: small (pickup truck)
WASTE ORIGIN: residential
PROPERTY TYPE: alley
ADDRESS MARKERS: NONE
GUTTER/ALLEY: Yes
WATER PROXIMITY: No
CHRONIC SITE: No
VEHICLES: <NONE>
IDENTIFIERS: <NONE>
SEVERITY: 1
ORDINANCE: N/A
PRIORITY: LOW
SUMMARY: No illegal dumping detected in the alleyway."
20260602T140833Z,DT_10th_and_Madison_Jefferson_4_20260531T044000.jpg,,,dataset_20260531/DT_10th_and_Madison_Jefferson_4/DT_10th_and_Madison_Jefferson_4_20260531T044000.jpg,illegal_dumping,done,2026-06-02T14:20:30.720063+00:00,0.044,0.695,0.741,,nvidia/cosmos-reason2-8b,"DUMPING PRESENT: No
ORDINANCE VIOLATION: No
WASTE TYPE: mixed
WASTE VOLUME: small (pickup truck)
WASTE ORIGIN: residential
PROPERTY TYPE: alley
ADDRESS MARKERS: NONE
GUTTER/ALLEY: Yes
WATER PROXIMITY: No
CHRONIC SITE: No
VEHICLES: <color, type, any text visible — or NONE>
IDENTIFIERS: <plates, signage, labels, individuals — or NONE>
SEVERITY: 1
ORDINANCE: N/A
PRIORITY: LOW
SUMMARY: No illegal dumping is observed in the video."
20260602T140833Z,DT_10th_and_Madison_Jefferson_4_20260531T045000.jpg,,,dataset_20260531/DT_10th_and_Madison_Jefferson_4/DT_10th_and_Madison_Jefferson_4_20260531T045000.jpg,illegal_dumping,done,2026-06-02T14:20:30.900448+00:00,0.04,0.746,0.789,,nvidia/cosmos-reason2-8b,"DUMPING PRESENT: No
ORDINANCE VIOLATION: No
WASTE TYPE: N/A
WASTE VOLUME: N/A
WASTE ORIGIN: N/A
PROPERTY TYPE: right-of-way
ADDRESS MARKERS: NONE
GUTTER/ALLEY: No
WATER PROXIMITY: No
CHRONIC SITE: No
VEHICLES: <color, type, any text visible — or NONE>
IDENTIFIERS: <plates, signage, labels, individuals — or NONE>
SEVERITY: 1
ORDINANCE: N/A
PRIORITY: LOW
SUMMARY: No illegal dumping is observed in the video."
20260602T140833Z,DT_10th_and_Madison_Jefferson_4_20260531T050000.jpg,,,dataset_20260531/DT_10th_and_Madison_Jefferson_4/DT_10th_and_Madison_Jefferson_4_20260531T050000.jpg,illegal_dumping,done,2026-06-02T14:20:31.183078+00:00,0.045,0.829,0.877,,nvidia/cosmos-reason2-8b,"DUMPING PRESENT: No
ORDINANCE VIOLATION: No
WASTE TYPE: mixed
WASTE VOLUME: small (pickup truck)
WASTE ORIGIN: residential
PROPERTY TYPE: alley
ADDRESS MARKERS: NONE
GUTTER/ALLEY: Yes
WATER PROXIMITY: No
CHRONIC SITE: No
VEHICLES: <color, type, any text visible — or NONE>
IDENTIFIERS: <plates, signage, labels, individuals — or NONE>
SEVERITY: 1
ORDINANCE: N/A
PRIORITY: LOW
SUMMARY: No illegal dumping observed in the alleyway; no waste materials or vehicles indicating improper disposal are present."
20260602T140833Z,DT_10th_and_Madison_Jefferson_4_20260531T051000.jpg,,,dataset_20260531/DT_10th_and_Madison_Jefferson_4/DT_10th_and_Madison_Jefferson_4_20260531T051000.jpg,illegal_dumping,done,2026-06-02T14:20:31.273031+00:00,0.037,0.959,0.999,,nvidia/cosmos-reason2-8b,"DUMPING PRESENT: No
ORDINANCE VIOLATION: No
WASTE TYPE: N/A
WASTE VOLUME: N/A
WASTE ORIGIN: N/A
PROPERTY TYPE: right-of-way
ADDRESS MARKERS: NONE
GUTTER/ALLEY: No
WATER PROXIMITY: No
CHRONIC SITE: No
VEHICLES: <color, type, any text visible — or NONE>
IDENTIFIERS: <plates, signage, labels, individuals — or NONE>
SEVERITY: 1
ORDINANCE: N/A
PRIORITY: LOW
SUMMARY: No illegal dumping observed; the scene appears to be a dark, indistinct outdoor area with no clear evidence of waste disposal violations."
20260602T140833Z,DT_10th_and_Madison_Jefferson_4_20260531T052000.jpg,,,dataset_20260531/DT_10th_and_Madison_Jefferson_4/DT_10th_and_Madison_Jefferson_4_20260531T052000.jpg,illegal_dumping,done,2026-06-02T14:20:31.464186+00:00,0.039,0.868,0.91,,nvidia/cosmos-reason2-8b,"DUMPING PRESENT: No
ORDINANCE VIOLATION: No
WASTE TYPE: mixed
WASTE VOLUME: small (pickup truck)
WASTE ORIGIN: residential
PROPERTY TYPE: alley
ADDRESS MARKERS: NONE
GUTTER/ALLEY: Yes
WATER PROXIMITY: No
CHRONIC SITE: No
VEHICLES: <color, type, any text visible — or NONE>
IDENTIFIERS: <plates, signage, labels, individuals — or NONE>
SEVERITY: 1
ORDINANCE: N/A
PRIORITY: LOW
SUMMARY: No illegal dumping observed; the scene shows a dark alley with a vehicle and faint light sources, but no waste or debris is visible."
20260602T140833Z,DT_10th_and_Madison_Jefferson_4_20260531T053000.jpg,,,dataset_20260531/DT_10th_and_Madison_Jefferson_4/DT_10th_and_Madison_Jefferson_4_20260531T053000.jpg,illegal_dumping,done,2026-06-02T14:20:31.692143+00:00,0.042,0.798,0.843,,nvidia/cosmos-reason2-8b,"DUMPING PRESENT: No
ORDINANCE VIOLATION: No
WASTE TYPE: mixed
WASTE VOLUME: small (pickup truck)
WASTE ORIGIN: residential
PROPERTY TYPE: vacant-lot
ADDRESS MARKERS: NONE
GUTTER/ALLEY: No
WATER PROXIMITY: No
CHRONIC SITE: No
VEHICLES: <color, type, any text visible — or NONE>
IDENTIFIERS: <plates, signage, labels, individuals — or NONE>
SEVERITY: 1
ORDINANCE: N/A
PRIORITY: LOW
SUMMARY: No illegal dumping is observed in the video."
20260602T140833Z,DT_10th_and_Madison_Jefferson_4_20260531T054000.jpg,,,dataset_20260531/DT_10th_and_Madison_Jefferson_4/DT_10th_and_Madison_Jefferson_4_20260531T054000.jpg,illegal_dumping,done,2026-06-02T14:20:32.062818+00:00,0.046,0.692,0.741,,nvidia/cosmos-reason2-8b,"DUMPING PRESENT: No
ORDINANCE VIOLATION: No
WASTE TYPE: mixed
WASTE VOLUME: small (pickup truck)
WASTE ORIGIN: residential
PROPERTY TYPE: vacant-lot
ADDRESS MARKERS: NONE
GUTTER/ALLEY: No
WATER PROXIMITY: No
CHRONIC SITE: No
VEHICLES: <color, type, any text visible — or NONE>
IDENTIFIERS: <plates, signage, labels, individuals — or NONE>
SEVERITY: 1
ORDINANCE: N/A
PRIORITY: LOW
SUMMARY: No illegal dumping is observed in the video."
20260602T140833Z,DT_10th_and_Madison_Jefferson_4_20260531T055000.jpg,,,dataset_20260531/DT_10th_and_Madison_Jefferson_4/DT_10th_and_Madison_Jefferson_4_20260531T055000.jpg,illegal_dumping,done,2026-06-02T14:20:32.275191+00:00,0.045,0.774,0.823,,nvidia/cosmos-reason2-8b,"DUMPING PRESENT: No
ORDINANCE VIOLATION: No
WASTE TYPE: mixed
WASTE VOLUME: small (pickup truck)
WASTE ORIGIN: residential
PROPERTY TYPE: alley
ADDRESS MARKERS: NONE
GUTTER/ALLEY: Yes
WATER PROXIMITY: No
CHRONIC SITE: No
VEHICLES: <color, type, any text visible — or NONE>
IDENTIFIERS: <plates, signage, labels, individuals — or NONE>
SEVERITY: 1
ORDINANCE: N/A
PRIORITY: LOW
SUMMARY: No illegal dumping observed in the alleyway."
20260602T140833Z,DT_10th_and_Madison_Jefferson_4_20260531T060000.jpg,,,dataset_20260531/DT_10th_and_Madison_Jefferson_4/DT_10th_and_Madison_Jefferson_4_20260531T060000.jpg,illegal_dumping,done,2026-06-02T14:20:32.376374+00:00,0.038,0.822,0.863,,nvidia/cosmos-reason2-8b,"DUMPING PRESENT: No
ORDINANCE VIOLATION: No
WASTE TYPE: mixed
WASTE VOLUME: small (pickup truck)
WASTE ORIGIN: residential
PROPERTY TYPE: alley
ADDRESS MARKERS: NONE
GUTTER/ALLEY: Yes
WATER PROXIMITY: No
CHRONIC SITE: No
VEHICLES: <color, type, any text visible — or NONE>
IDENTIFIERS: <plates, signage, labels, individuals — or NONE>
SEVERITY: 1
ORDINANCE: N/A
PRIORITY: LOW
SUMMARY: No illegal dumping is observed in the video."
20260602T140833Z,DT_10th_and_Madison_Jefferson_4_20260531T061000.jpg,,,dataset_20260531/DT_10th_and_Madison_Jefferson_4/DT_10th_and_Madison_Jefferson_4_20260531T061000.jpg,illegal_dumping,done,2026-06-02T14:20:32.537555+00:00,0.043,0.825,0.871,,nvidia/cosmos-reason2-8b,"DUMPING PRESENT: No
ORDINANCE VIOLATION: No
WASTE TYPE: mixed
WASTE VOLUME: small (pickup truck)
WASTE ORIGIN: residential
PROPERTY TYPE: alley
ADDRESS MARKERS: NONE
GUTTER/ALLEY: Yes
WATER PROXIMITY: No
CHRONIC SITE: No
VEHICLES: <color, type, any text visible — or NONE>
IDENTIFIERS: <plates, signage, labels, individuals — or NONE>
SEVERITY: 1
ORDINANCE: N/A
PRIORITY: LOW
SUMMARY: No illegal dumping observed in the alleyway."
20260602T140833Z,DT_10th_and_Madison_Jefferson_4_20260531T062000.jpg,,,dataset_20260531/DT_10th_and_Madison_Jefferson_4/DT_10th_and_Madison_Jefferson_4_20260531T062000.jpg,illegal_dumping,done,2026-06-02T14:20:32.805658+00:00,0.038,0.917,0.959,,nvidia/cosmos-reason2-8b,"DUMPING PRESENT: Yes
ORDINANCE VIOLATION: Yes
WASTE TYPE: mixed
WASTE VOLUME: small (pickup truck)
WASTE ORIGIN: unknown
PROPERTY TYPE: alley
ADDRESS MARKERS: NONE
GUTTER/ALLEY: Yes
WATER PROXIMITY: No
CHRONIC SITE: No
VEHICLES: <color, type, any text visible — or NONE>
IDENTIFIERS: <plates, signage, labels, individuals — or NONE>
SEVERITY: 2
ORDINANCE: Sec-46-45
PRIORITY: MEDIUM
SUMMARY: A vehicle is parked in an alley with debris on its roof, indicating potential illegal dumping. The property owner may be liable under Sec. 46-45 for failing to prevent the dumping on their private property.
"
20260602T140833Z,DT_10th_and_Madison_Jefferson_4_20260531T063000.jpg,,,dataset_20260531/DT_10th_and_Madison_Jefferson_4/DT_10th_and_Madison_Jefferson_4_20260531T063000.jpg,illegal_dumping,done,2026-06-02T14:20:33.100280+00:00,0.039,0.785,0.828,,nvidia/cosmos-reason2-8b,"DUMPING PRESENT: Yes
ORDINANCE VIOLATION: Yes
WASTE TYPE: mixed
WASTE VOLUME: small (pickup truck)
WASTE ORIGIN: residential
PROPERTY TYPE: alley
ADDRESS MARKERS: NONE
GUTTER/ALLEY: Yes
WATER PROXIMITY: No
CHRONIC SITE: No
VEHICLES: NONE
IDENTIFIERS: NONE
SEVERITY: 2
ORDINANCE: Sec-46-45
PRIORITY: MEDIUM
SUMMARY: A vehicle is parked in the alley with a pile of mixed waste on its rear, violating Brownsville's illegal dumping ordinance."
20260602T140833Z,DT_10th_and_Madison_Jefferson_4_20260531T064000.jpg,,,dataset_20260531/DT_10th_and_Madison_Jefferson_4/DT_10th_and_Madison_Jefferson_4_20260531T064000.jpg,illegal_dumping,done,2026-06-02T14:20:33.241750+00:00,0.038,0.875,0.917,,nvidia/cosmos-reason2-8b,"DUMPING PRESENT: No
ORDINANCE VIOLATION: No
WASTE TYPE: mixed
WASTE VOLUME: small (pickup truck)
WASTE ORIGIN: residential
PROPERTY TYPE: right-of-way
ADDRESS MARKERS: NONE
GUTTER/ALLEY: Yes
WATER PROXIMITY: No
CHRONIC SITE: No
VEHICLES: NONE
IDENTIFIERS: NONE
SEVERITY: 1
ORDINANCE: N/A
PRIORITY: LOW
SUMMARY: No illegal dumping detected in the right-of-way area."
20260602T140833Z,DT_10th_and_Madison_Jefferson_4_20260531T065000.jpg,,,dataset_20260531/DT_10th_and_Madison_Jefferson_4/DT_10th_and_Madison_Jefferson_4_20260531T065000.jpg,illegal_dumping,done,2026-06-02T14:20:33.411001+00:00,0.037,0.897,0.938,,nvidia/cosmos-reason2-8b,"DUMPING PRESENT: Yes
ORDINANCE VIOLATION: Yes
WASTE TYPE: mixed
WASTE VOLUME: small (pickup truck)
WASTE ORIGIN: residential
PROPERTY TYPE: right-of-way
ADDRESS MARKERS: NONE
GUTTER/ALLEY: Yes
WATER PROXIMITY: No
CHRONIC SITE: No
VEHICLES: NONE
IDENTIFIERS: NONE
SEVERITY: 2
ORDINANCE: Sec-46-45
PRIORITY: MEDIUM
SUMMARY: A pickup truck is parked on the right-of-way with its bed filled with mixed waste, violating Brownsville's illegal dumping ordinance.
"
20260602T140833Z,DT_10th_and_Madison_Jefferson_4_20260531T070000.jpg,,,dataset_20260531/DT_10th_and_Madison_Jefferson_4/DT_10th_and_Madison_Jefferson_4_20260531T070000.jpg,illegal_dumping,done,2026-06-02T14:20:33.767989+00:00,0.042,0.73,0.776,,nvidia/cosmos-reason2-8b,"DUMPING PRESENT: Yes
ORDINANCE VIOLATION: Yes
WASTE TYPE: mixed
WASTE VOLUME: small (pickup truck)
WASTE ORIGIN: residential
PROPERTY TYPE: right-of-way
ADDRESS MARKERS: NONE
GUTTER/ALLEY: Yes
WATER PROXIMITY: No
CHRONIC SITE: No
VEHICLES: NONE
IDENTIFIERS: NONE
SEVERITY: 3
ORDINANCE: Sec-46-45
PRIORITY: MEDIUM
SUMMARY: A pile of mixed waste is illegally dumped on a right-of-way, violating Brownsville's property owner liability ordinance."
20260602T140833Z,DT_10th_and_Madison_Jefferson_4_20260531T071000.jpg,,,dataset_20260531/DT_10th_and_Madison_Jefferson_4/DT_10th_and_Madison_Jefferson_4_20260531T071000.jpg,illegal_dumping,done,2026-06-02T14:20:33.930738+00:00,0.046,0.714,0.763,,nvidia/cosmos-reason2-8b,"DUMPING PRESENT: No
ORDINANCE VIOLATION: No
WASTE TYPE: mixed
WASTE VOLUME: small (pickup truck)
WASTE ORIGIN: residential
PROPERTY TYPE: alley
ADDRESS MARKERS: NONE
GUTTER/ALLEY: Yes
WATER PROXIMITY: No
CHRONIC SITE: No
VEHICLES: NONE
IDENTIFIERS: NONE
SEVERITY: 1
ORDINANCE: N/A
PRIORITY: LOW
SUMMARY: No illegal dumping detected in the alleyway; the scene appears clean with no visible waste or debris."
20260602T140833Z,DT_10th_and_Madison_Jefferson_4_20260531T072000.jpg,,,dataset_20260531/DT_10th_and_Madison_Jefferson_4/DT_10th_and_Madison_Jefferson_4_20260531T072000.jpg,illegal_dumping,done,2026-06-02T14:20:34.161509+00:00,0.045,0.856,0.911,,nvidia/cosmos-reason2-8b,"DUMPING PRESENT: No
ORDINANCE VIOLATION: No
WASTE TYPE: mixed
WASTE VOLUME: small (pickup truck)
WASTE ORIGIN: residential
PROPERTY TYPE: alley
ADDRESS MARKERS: NONE
GUTTER/ALLEY: Yes
WATER PROXIMITY: No
CHRONIC SITE: No
VEHICLES: <color, type, any text visible — or NONE>
IDENTIFIERS: <plates, signage, labels, individuals — or NONE>
SEVERITY: 1
ORDINANCE: N/A
PRIORITY: LOW
SUMMARY: No illegal dumping detected in the alleyway; no waste or debris observed on the ground or near the parked vehicle."
20260602T140833Z,DT_10th_and_Madison_Jefferson_4_20260531T073000.jpg,,,dataset_20260531/DT_10th_and_Madison_Jefferson_4/DT_10th_and_Madison_Jefferson_4_20260531T073000.jpg,illegal_dumping,done,2026-06-02T14:20:34.351199+00:00,0.042,0.735,0.781,,nvidia/cosmos-reason2-8b,"DUMPING PRESENT: No
ORDINANCE VIOLATION: No
WASTE TYPE: mixed
WASTE VOLUME: small (pickup truck)
WASTE ORIGIN: residential
PROPERTY TYPE: alley
ADDRESS MARKERS: NONE
GUTTER/ALLEY: Yes
WATER PROXIMITY: No
CHRONIC SITE: No
VEHICLES: <color, type, any text visible — or NONE>
IDENTIFIERS: <plates, signage, labels, individuals — or NONE>
SEVERITY: 1
ORDINANCE: N/A
PRIORITY: LOW
SUMMARY: No illegal dumping detected in the alleyway; the area appears clean with no visible waste or debris."
20260602T140833Z,DT_10th_and_Madison_Jefferson_4_20260531T074000.jpg,,,dataset_20260531/DT_10th_and_Madison_Jefferson_4/DT_10th_and_Madison_Jefferson_4_20260531T074000.jpg,illegal_dumping,done,2026-06-02T14:20:34.547141+00:00,0.038,0.744,0.786,,nvidia/cosmos-reason2-8b,"DUMPING PRESENT: No
ORDINANCE VIOLATION: No
WASTE TYPE: N/A
WASTE VOLUME: N/A
WASTE ORIGIN: N/A
PROPERTY TYPE: alley
ADDRESS MARKERS: NONE
GUTTER/ALLEY: Yes
WATER PROXIMITY: No
CHRONIC SITE: No
VEHICLES: NONE
IDENTIFIERS: N/A
SEVERITY: 1
ORDINANCE: N/A
PRIORITY: LOW
SUMMARY: No illegal dumping detected in the alleyway; the area appears clean with no visible waste or debris."
20260602T140833Z,DT_10th_and_Madison_Jefferson_4_20260531T075000.jpg,,,dataset_20260531/DT_10th_and_Madison_Jefferson_4/DT_10th_and_Madison_Jefferson_4_20260531T075000.jpg,illegal_dumping,done,2026-06-02T14:20:34.696539+00:00,0.036,0.874,0.912,,nvidia/cosmos-reason2-8b,"DUMPING PRESENT: Yes
ORDINANCE VIOLATION: Yes
WASTE TYPE: mixed
WASTE VOLUME: small (pickup truck)
WASTE ORIGIN: residential
PROPERTY TYPE: alley
ADDRESS MARKERS: NONE
GUTTER/ALLEY: Yes
WATER PROXIMITY: No
CHRONIC SITE: No
VEHICLES: NONE
IDENTIFIERS: NONE
SEVERITY: 2
ORDINANCE: Sec-46-45
PRIORITY: MEDIUM
SUMMARY: A small pile of mixed waste is illegally dumped in the alley, violating Brownsville's property owner liability ordinance."
20260602T140833Z,DT_10th_and_Madison_Jefferson_4_20260531T080000.jpg,,,dataset_20260531/DT_10th_and_Madison_Jefferson_4/DT_10th_and_Madison_Jefferson_4_20260531T080000.jpg,illegal_dumping,done,2026-06-02T14:20:35.076113+00:00,0.046,0.732,0.782,,nvidia/cosmos-reason2-8b,"DUMPING PRESENT: No
ORDINANCE VIOLATION: No
WASTE TYPE: <none detected>
WASTE VOLUME: <not applicable>
WASTE ORIGIN: <not applicable>
PROPERTY TYPE: right-of-way
ADDRESS MARKERS: NONE
GUTTER/ALLEY: No
WATER PROXIMITY: No
CHRONIC SITE: No
VEHICLES: NONE
IDENTIFIERS: <none>
SEVERITY: 1
ORDINANCE: N/A
PRIORITY: LOW
SUMMARY: No illegal dumping observed; the area appears clean with no visible waste or debris."
20260602T140833Z,DT_10th_and_Madison_Jefferson_4_20260531T081000.jpg,,,dataset_20260531/DT_10th_and_Madison_Jefferson_4/DT_10th_and_Madison_Jefferson_4_20260531T081000.jpg,illegal_dumping,done,2026-06-02T14:20:35.134284+00:00,0.04,0.906,0.95,,nvidia/cosmos-reason2-8b,"DUMPING PRESENT: No
ORDINANCE VIOLATION: No
WASTE TYPE: mixed
WASTE VOLUME: small (pickup truck)
WASTE ORIGIN: residential
PROPERTY TYPE: alley
ADDRESS MARKERS: NONE
GUTTER/ALLEY: Yes
WATER PROXIMITY: No
CHRONIC SITE: No
VEHICLES: NONE
IDENTIFIERS: NONE
SEVERITY: 1
ORDINANCE: N/A
PRIORITY: LOW
SUMMARY: No illegal dumping detected in the alleyway; the area appears clean with no visible waste or debris."
20260602T140833Z,DT_10th_and_Madison_Jefferson_4_20260531T082000.jpg,,,dataset_20260531/DT_10th_and_Madison_Jefferson_4/DT_10th_and_Madison_Jefferson_4_20260531T082000.jpg,illegal_dumping,done,2026-06-02T14:20:35.336114+00:00,0.042,0.926,0.972,,nvidia/cosmos-reason2-8b,"DUMPING PRESENT: No
ORDINANCE VIOLATION: No
WASTE TYPE: <none detected>
WASTE VOLUME: <not applicable>
WASTE ORIGIN: <not applicable>
PROPERTY TYPE: alley
ADDRESS MARKERS: NONE
GUTTER/ALLEY: Yes
WATER PROXIMITY: No
CHRONIC SITE: No
VEHICLES: NONE
IDENTIFIERS: <none>
SEVERITY: 1
ORDINANCE: N/A
PRIORITY: LOW
SUMMARY: No illegal dumping observed; the alley appears clean with no visible waste or debris."
20260602T140833Z,DT_10th_and_Madison_Jefferson_4_20260531T083000.jpg,,,dataset_20260531/DT_10th_and_Madison_Jefferson_4/DT_10th_and_Madison_Jefferson_4_20260531T083000.jpg,illegal_dumping,done,2026-06-02T14:20:35.611670+00:00,0.042,0.811,0.857,,nvidia/cosmos-reason2-8b,"DUMPING PRESENT: Yes
ORDINANCE VIOLATION: Yes
WASTE TYPE: mixed
WASTE VOLUME: medium
WASTE ORIGIN: residential
PROPERTY TYPE: alley
ADDRESS MARKERS: NONE
GUTTER/ALLEY: Yes
WATER PROXIMITY: No
CHRONIC SITE: No
VEHICLES: NONE
IDENTIFIERS: NONE
SEVERITY: 2
ORDINANCE: Sec-46-45
PRIORITY: MEDIUM
SUMMARY: A pile of mixed waste is located in the alley, which is considered illegal dumping on private property according to Sec. 46-45.
"
20260602T140833Z,DT_10th_and_Madison_Jefferson_4_20260531T084000.jpg,,,dataset_20260531/DT_10th_and_Madison_Jefferson_4/DT_10th_and_Madison_Jefferson_4_20260531T084000.jpg,illegal_dumping,done,2026-06-02T14:20:35.860437+00:00,0.05,0.783,0.837,,nvidia/cosmos-reason2-8b,"DUMPING PRESENT: No
ORDINANCE VIOLATION: No
WASTE TYPE: mixed
WASTE VOLUME: small (pickup truck)
WASTE ORIGIN: residential
PROPERTY TYPE: alley
ADDRESS MARKERS: NONE
GUTTER/ALLEY: Yes
WATER PROXIMITY: No
CHRONIC SITE: No
VEHICLES: NONE
IDENTIFIERS: NONE
SEVERITY: 1
ORDINANCE: N/A
PRIORITY: LOW
SUMMARY: No illegal dumping detected in the alleyway; the area appears clean with no visible waste or debris."
20260602T140833Z,DT_10th_and_Madison_Jefferson_4_20260531T085000.jpg,,,dataset_20260531/DT_10th_and_Madison_Jefferson_4/DT_10th_and_Madison_Jefferson_4_20260531T085000.jpg,illegal_dumping,done,2026-06-02T14:20:36.086594+00:00,0.042,0.761,0.806,,nvidia/cosmos-reason2-8b,"DUMPING PRESENT: No
ORDINANCE VIOLATION: No
WASTE TYPE: mixed
WASTE VOLUME: small (pickup truck)
WASTE ORIGIN: residential
PROPERTY TYPE: alley
ADDRESS MARKERS: NONE
GUTTER/ALLEY: Yes
WATER PROXIMITY: No
CHRONIC SITE: No
VEHICLES: NONE
IDENTIFIERS: NONE
SEVERITY: 1
ORDINANCE: N/A
PRIORITY: LOW
SUMMARY: No illegal dumping detected in the alleyway; the area appears clean with no visible waste or debris."
20260602T140833Z,DT_10th_and_Madison_Jefferson_4_20260531T090000.jpg,,,dataset_20260531/DT_10th_and_Madison_Jefferson_4/DT_10th_and_Madison_Jefferson_4_20260531T090000.jpg,illegal_dumping,done,2026-06-02T14:20:36.310596+00:00,0.038,0.847,0.889,,nvidia/cosmos-reason2-8b,"DUMPING PRESENT: Yes
ORDINANCE VIOLATION: Yes
WASTE TYPE: mixed
WASTE VOLUME: medium
WASTE ORIGIN: residential
PROPERTY TYPE: alley
ADDRESS MARKERS: NONE
GUTTER/ALLEY: Yes
WATER PROXIMITY: No
CHRONIC SITE: No
VEHICLES: NONE
IDENTIFIERS: NONE
SEVERITY: 2
ORDINANCE: Sec-46-45
PRIORITY: MEDIUM
SUMMARY: A medium-sized mixed waste pile is present in the alley, violating Brownsville's illegal dumping ordinance, with potential liability under property owner regulations.
"
20260602T140833Z,DT_10th_and_Madison_Jefferson_4_20260531T091000.jpg,,,dataset_20260531/DT_10th_and_Madison_Jefferson_4/DT_10th_and_Madison_Jefferson_4_20260531T091000.jpg,illegal_dumping,done,2026-06-02T14:20:36.471497+00:00,0.037,0.786,0.826,,nvidia/cosmos-reason2-8b,"DUMPING PRESENT: No
ORDINANCE VIOLATION: No
WASTE TYPE: N/A
WASTE VOLUME: N/A
WASTE ORIGIN: N/A
PROPERTY TYPE: alley
ADDRESS MARKERS: NONE
GUTTER/ALLEY: Yes
WATER PROXIMITY: No
CHRONIC SITE: No
VEHICLES: NONE
IDENTIFIERS: N/A
SEVERITY: 1
ORDINANCE: N/A
PRIORITY: LOW
SUMMARY: No illegal dumping detected in the alleyway; the area appears clear with no visible waste or debris."
20260602T140833Z,DT_10th_and_Madison_Jefferson_4_20260531T092000.jpg,,,dataset_20260531/DT_10th_and_Madison_Jefferson_4/DT_10th_and_Madison_Jefferson_4_20260531T092000.jpg,illegal_dumping,done,2026-06-02T14:20:36.699957+00:00,0.039,0.761,0.803,,nvidia/cosmos-reason2-8b,"DUMPING PRESENT: Yes
ORDINANCE VIOLATION: Yes
WASTE TYPE: mixed
WASTE VOLUME: medium (dump truck)
WASTE ORIGIN: residential
PROPERTY TYPE: right-of-way
ADDRESS MARKERS: NONE
GUTTER/ALLEY: Yes
WATER PROXIMITY: No
CHRONIC SITE: No
VEHICLES: NONE
IDENTIFIERS: NONE
SEVERITY: 3
ORDINANCE: Sec-46-45
PRIORITY: MEDIUM
SUMMARY: Mixed waste is illegally dumped in the right-of-way, violating Sec-46-45 and requiring enforcement action.
"
20260602T140833Z,DT_10th_and_Madison_Jefferson_4_20260531T093000.jpg,,,dataset_20260531/DT_10th_and_Madison_Jefferson_4/DT_10th_and_Madison_Jefferson_4_20260531T093000.jpg,illegal_dumping,done,2026-06-02T14:20:36.895125+00:00,0.044,0.699,0.747,,nvidia/cosmos-reason2-8b,"DUMPING PRESENT: No
ORDINANCE VIOLATION: No
WASTE TYPE: mixed
WASTE VOLUME: small (pickup truck)
WASTE ORIGIN: residential
PROPERTY TYPE: occupied-private
ADDRESS MARKERS: NONE
GUTTER/ALLEY: No
WATER PROXIMITY: No
CHRONIC SITE: No
VEHICLES: NONE
IDENTIFIERS: NONE
SEVERITY: 1
ORDINANCE: N/A
PRIORITY: LOW
SUMMARY: No illegal dumping detected in the video."
20260602T140833Z,DT_10th_and_Madison_Jefferson_4_20260531T094000.jpg,,,dataset_20260531/DT_10th_and_Madison_Jefferson_4/DT_10th_and_Madison_Jefferson_4_20260531T094000.jpg,illegal_dumping,done,2026-06-02T14:20:37.201761+00:00,0.041,0.813,0.858,,nvidia/cosmos-reason2-8b,"DUMPING PRESENT: Yes
ORDINANCE VIOLATION: Yes
WASTE TYPE: mixed
WASTE VOLUME: small (pickup truck)
WASTE ORIGIN: residential
PROPERTY TYPE: right-of-way
ADDRESS MARKERS: NONE
GUTTER/ALLEY: Yes
WATER PROXIMITY: No
CHRONIC SITE: No
VEHICLES: NONE
IDENTIFIERS: NONE
SEVERITY: 2
ORDINANCE: Sec-46-45
PRIORITY: MEDIUM
SUMMARY: A pile of mixed waste is located on the right-of-way, violating Brownsville's property owner liability ordinance.
"
20260602T140833Z,DT_10th_and_Madison_Jefferson_4_20260531T095000.jpg,,,dataset_20260531/DT_10th_and_Madison_Jefferson_4/DT_10th_and_Madison_Jefferson_4_20260531T095000.jpg,illegal_dumping,done,2026-06-02T14:20:37.300692+00:00,0.039,0.921,0.963,,nvidia/cosmos-reason2-8b,"DUMPING PRESENT: Yes
ORDINANCE VIOLATION: Yes
WASTE TYPE: mixed
WASTE VOLUME: small (pickup truck)
WASTE ORIGIN: residential
PROPERTY TYPE: right-of-way
ADDRESS MARKERS: NONE
GUTTER/ALLEY: Yes
WATER PROXIMITY: No
CHRONIC SITE: No
VEHICLES: NONE
IDENTIFIERS: NONE
SEVERITY: 2
ORDINANCE: Sec-46-45
PRIORITY: MEDIUM
SUMMARY: A pile of mixed waste is illegally dumped on the right-of-way, violating Brownsville's property owner liability ordinance.
"
20260602T140833Z,DT_10th_and_Madison_Jefferson_4_20260531T100000.jpg,,,dataset_20260531/DT_10th_and_Madison_Jefferson_4/DT_10th_and_Madison_Jefferson_4_20260531T100000.jpg,illegal_dumping,done,2026-06-02T14:20:37.505774+00:00,0.038,0.896,0.937,,nvidia/cosmos-reason2-8b,"DUMPING PRESENT: Yes
ORDINANCE VIOLATION: Yes
WASTE TYPE: mixed
WASTE VOLUME: small (pickup truck)
WASTE ORIGIN: residential
PROPERTY TYPE: right-of-way
ADDRESS MARKERS: NONE
GUTTER/ALLEY: Yes
WATER PROXIMITY: No
CHRONIC SITE: No
VEHICLES: NONE
IDENTIFIERS: NONE
SEVERITY: 2
ORDINANCE: Sec-46-45
PRIORITY: MEDIUM
SUMMARY: A pile of mixed waste is located in the right-of-way, violating Brownsville's property owner liability ordinance (Sec. 46-45).
"
20260602T140833Z,DT_10th_and_Madison_Jefferson_4_20260531T101000.jpg,,,dataset_20260531/DT_10th_and_Madison_Jefferson_4/DT_10th_and_Madison_Jefferson_4_20260531T101000.jpg,illegal_dumping,done,2026-06-02T14:20:37.644704+00:00,0.043,0.896,0.943,,nvidia/cosmos-reason2-8b,"DUMPING PRESENT: No
ORDINANCE VIOLATION: No
WASTE TYPE: mixed
WASTE VOLUME: small (pickup truck)
WASTE ORIGIN: residential
PROPERTY TYPE: occupied-private
ADDRESS MARKERS: NONE
GUTTER/ALLEY: No
WATER PROXIMITY: No
CHRONIC SITE: No
VEHICLES: NONE
IDENTIFIERS: NONE
SEVERITY: 1
ORDINANCE: N/A
PRIORITY: LOW
SUMMARY: No illegal dumping detected; the scene appears to be a normal residential area without visible waste or debris."
20260602T140833Z,DT_10th_and_Madison_Jefferson_4_20260531T102000.jpg,,,dataset_20260531/DT_10th_and_Madison_Jefferson_4/DT_10th_and_Madison_Jefferson_4_20260531T102000.jpg,illegal_dumping,done,2026-06-02T14:20:38.062492+00:00,0.039,0.746,0.789,,nvidia/cosmos-reason2-8b,"DUMPING PRESENT: Yes
ORDINANCE VIOLATION: Yes
WASTE TYPE: mixed
WASTE VOLUME: small (pickup truck)
WASTE ORIGIN: residential
PROPERTY TYPE: alley
ADDRESS MARKERS: NONE
GUTTER/ALLEY: Yes
WATER PROXIMITY: No
CHRONIC SITE: No
VEHICLES: NONE
IDENTIFIERS: NONE
SEVERITY: 3
ORDINANCE: Sec-46-45
PRIORITY: MEDIUM
SUMMARY: A pile of mixed waste is illegally dumped in the alley, violating Brownsville's property owner liability ordinance.
"
20260602T140833Z,DT_10th_and_Madison_Jefferson_4_20260531T103000.jpg,,,dataset_20260531/DT_10th_and_Madison_Jefferson_4/DT_10th_and_Madison_Jefferson_4_20260531T103000.jpg,illegal_dumping,done,2026-06-02T14:20:38.267268+00:00,0.048,0.716,0.768,,nvidia/cosmos-reason2-8b,"DUMPING PRESENT: No
ORDINANCE VIOLATION: No
WASTE TYPE: mixed
WASTE VOLUME: small (pickup truck)
WASTE ORIGIN: residential
PROPERTY TYPE: vacant-lot
ADDRESS MARKERS: NONE
GUTTER/ALLEY: No
WATER PROXIMITY: No
CHRONIC SITE: No
VEHICLES: NONE
IDENTIFIERS: NONE
SEVERITY: 1
ORDINANCE: N/A
PRIORITY: LOW
SUMMARY: No illegal dumping detected in the video; the scene appears to be a natural outdoor area without visible waste or violations."
20260602T140833Z,DT_10th_and_Madison_Jefferson_4_20260531T104000.jpg,,,dataset_20260531/DT_10th_and_Madison_Jefferson_4/DT_10th_and_Madison_Jefferson_4_20260531T104000.jpg,illegal_dumping,done,2026-06-02T14:20:38.445667+00:00,0.046,0.821,0.871,,nvidia/cosmos-reason2-8b,"DUMPING PRESENT: Yes
ORDINANCE VIOLATION: Yes
WASTE TYPE: mixed
WASTE VOLUME: small (pickup truck)
WASTE ORIGIN: residential
PROPERTY TYPE: right-of-way
ADDRESS MARKERS: NONE
GUTTER/ALLEY: No
WATER PROXIMITY: No
CHRONIC SITE: No
VEHICLES: NONE
IDENTIFIERS: NONE
SEVERITY: 2
ORDINANCE: Sec-46-45
PRIORITY: MEDIUM
SUMMARY: A pile of mixed waste is illegally dumped on the right-of-way, violating Brownsville's property owner liability ordinance.
"
20260602T140833Z,DT_10th_and_Madison_Jefferson_4_20260531T105000.jpg,,,dataset_20260531/DT_10th_and_Madison_Jefferson_4/DT_10th_and_Madison_Jefferson_4_20260531T105000.jpg,illegal_dumping,done,2026-06-02T14:20:38.589903+00:00,0.042,0.87,0.916,,nvidia/cosmos-reason2-8b,"DUMPING PRESENT: Yes
ORDINANCE VIOLATION: Yes
WASTE TYPE: mixed
WASTE VOLUME: medium
WASTE ORIGIN: residential
PROPERTY TYPE: alley
ADDRESS MARKERS: NONE
GUTTER/ALLEY: Yes
WATER PROXIMITY: No
CHRONIC SITE: No
VEHICLES: NONE
IDENTIFIERS: NONE
SEVERITY: 2
ORDINANCE: Sec-46-45
PRIORITY: MEDIUM
SUMMARY: A pile of mixed waste is illegally dumped in the alley, violating Brownsville's property owner liability ordinance.
"
20260602T140833Z,DT_10th_and_Madison_Jefferson_4_20260531T110000.jpg,,,dataset_20260531/DT_10th_and_Madison_Jefferson_4/DT_10th_and_Madison_Jefferson_4_20260531T110000.jpg,illegal_dumping,done,2026-06-02T14:20:38.854191+00:00,0.037,0.759,0.801,,nvidia/cosmos-reason2-8b,"DUMPING PRESENT: Yes
ORDINANCE VIOLATION: Yes
WASTE TYPE: mixed
WASTE VOLUME: small (pickup truck)
WASTE ORIGIN: residential
PROPERTY TYPE: right-of-way
ADDRESS MARKERS: NONE
GUTTER/ALLEY: Yes
WATER PROXIMITY: No
CHRONIC SITE: No
VEHICLES: NONE
IDENTIFIERS: NONE
SEVERITY: 2
ORDINANCE: Sec-46-45
PRIORITY: MEDIUM
SUMMARY: A pile of mixed waste is illegally dumped in the right-of-way, violating Brownsville's property owner liability ordinance."
20260602T140833Z,DT_10th_and_Madison_Jefferson_4_20260531T111000.jpg,,,dataset_20260531/DT_10th_and_Madison_Jefferson_4/DT_10th_and_Madison_Jefferson_4_20260531T111000.jpg,illegal_dumping,done,2026-06-02T14:20:39.037628+00:00,0.044,0.834,0.881,,nvidia/cosmos-reason2-8b,"DUMPING PRESENT: Yes
ORDINANCE VIOLATION: Yes
WASTE TYPE: mixed
WASTE VOLUME: medium
WASTE ORIGIN: residential
PROPERTY TYPE: vacant-lot
ADDRESS MARKERS: NONE
GUTTER/ALLEY: No
WATER PROXIMITY: No
CHRONIC SITE: No
VEHICLES: NONE
IDENTIFIERS: NONE
SEVERITY: 2
ORDINANCE: Sec-46-45
PRIORITY: MEDIUM
SUMMARY: Mixed waste is illegally dumped on a vacant lot, violating property owner liability under Sec. 46-45.
"
20260602T140833Z,DT_10th_and_Madison_Jefferson_4_20260531T112000.jpg,,,dataset_20260531/DT_10th_and_Madison_Jefferson_4/DT_10th_and_Madison_Jefferson_4_20260531T112000.jpg,illegal_dumping,done,2026-06-02T14:20:39.319202+00:00,0.04,0.764,0.808,,nvidia/cosmos-reason2-8b,"DUMPING PRESENT: Yes
ORDINANCE VIOLATION: Yes
WASTE TYPE: mixed
WASTE VOLUME: small (pickup truck)
WASTE ORIGIN: residential
PROPERTY TYPE: right-of-way
ADDRESS MARKERS: NONE
GUTTER/ALLEY: Yes
WATER PROXIMITY: No
CHRONIC SITE: No
VEHICLES: NONE
IDENTIFIERS: NONE
SEVERITY: 2
ORDINANCE: Sec-46-45
PRIORITY: MEDIUM
SUMMARY: A pile of mixed waste is illegally dumped on the right-of-way, violating Brownsville's property owner liability ordinance.
"
20260602T140833Z,DT_10th_and_Madison_Jefferson_4_20260531T113000.jpg,,,dataset_20260531/DT_10th_and_Madison_Jefferson_4/DT_10th_and_Madison_Jefferson_4_20260531T113000.jpg,illegal_dumping,done,2026-06-02T14:20:39.508532+00:00,0.042,0.744,0.79,,nvidia/cosmos-reason2-8b,"DUMPING PRESENT: Yes
ORDINANCE VIOLATION: Yes
WASTE TYPE: mixed
WASTE VOLUME: medium
WASTE ORIGIN: residential
PROPERTY TYPE: alley
ADDRESS MARKERS: NONE
GUTTER/ALLEY: Yes
WATER PROXIMITY: No
CHRONIC SITE: No
VEHICLES: NONE
IDENTIFIERS: NONE
SEVERITY: 2
ORDINANCE: Sec-46-45
PRIORITY: MEDIUM
SUMMARY: A pile of mixed waste is illegally dumped in the alley, violating Brownsville's property owner liability ordinance.
"
20260602T140833Z,DT_10th_and_Madison_Jefferson_4_20260531T114000.jpg,,,dataset_20260531/DT_10th_and_Madison_Jefferson_4/DT_10th_and_Madison_Jefferson_4_20260531T114000.jpg,illegal_dumping,done,2026-06-02T14:20:39.657309+00:00,0.044,0.77,0.824,,nvidia/cosmos-reason2-8b,"DUMPING PRESENT: Yes
ORDINANCE VIOLATION: Yes
WASTE TYPE: mixed
WASTE VOLUME: small (pickup truck)
WASTE ORIGIN: residential
PROPERTY TYPE: right-of-way
ADDRESS MARKERS: NONE
GUTTER/ALLEY: Yes
WATER PROXIMITY: No
CHRONIC SITE: No
VEHICLES: NONE
IDENTIFIERS: NONE
SEVERITY: 2
ORDINANCE: Sec-46-45
PRIORITY: MEDIUM
SUMMARY: Mixed waste is illegally dumped in the right-of-way, violating Brownsville's property owner liability ordinance.
"
20260602T140833Z,DT_10th_and_Madison_Jefferson_4_20260531T115000.jpg,,,dataset_20260531/DT_10th_and_Madison_Jefferson_4/DT_10th_and_Madison_Jefferson_4_20260531T115000.jpg,illegal_dumping,done,2026-06-02T14:20:39.921053+00:00,0.044,0.769,0.817,,nvidia/cosmos-reason2-8b,"DUMPING PRESENT: Yes
ORDINANCE VIOLATION: Yes
WASTE TYPE: mixed
WASTE VOLUME: small (pickup truck)
WASTE ORIGIN: residential
PROPERTY TYPE: vacant-lot
ADDRESS MARKERS: NONE
GUTTER/ALLEY: No
WATER PROXIMITY: No
CHRONIC SITE: No
VEHICLES: NONE
IDENTIFIERS: NONE
SEVERITY: 2
ORDINANCE: Sec-46-45
PRIORITY: MEDIUM
SUMMARY: A pile of mixed waste is illegally dumped on a residential property, violating Brownsville's property owner liability ordinance.
"
20260602T140833Z,DT_10th_and_Madison_Jefferson_4_20260531T120000.jpg,,,dataset_20260531/DT_10th_and_Madison_Jefferson_4/DT_10th_and_Madison_Jefferson_4_20260531T120000.jpg,illegal_dumping,done,2026-06-02T14:20:40.129285+00:00,0.038,0.664,0.706,,nvidia/cosmos-reason2-8b,"DUMPING PRESENT: No
ORDINANCE VIOLATION: No
WASTE TYPE: N/A
WASTE VOLUME: N/A
WASTE ORIGIN: N/A
PROPERTY TYPE: N/A
ADDRESS MARKERS: NONE
GUTTER/ALLEY: No
WATER PROXIMITY: No
CHRONIC SITE: No
VEHICLES: NONE
IDENTIFIERS: NONE
SEVERITY: 1
ORDINANCE: N/A
PRIORITY: LOW
SUMMARY: No illegal dumping is observed in the video."
20260602T140833Z,DT_10th_and_Madison_Jefferson_4_20260531T121000.jpg,,,dataset_20260531/DT_10th_and_Madison_Jefferson_4/DT_10th_and_Madison_Jefferson_4_20260531T121000.jpg,illegal_dumping,done,2026-06-02T14:20:40.300957+00:00,0.044,0.845,0.893,,nvidia/cosmos-reason2-8b,"```json
{
  ""DUMPING PRESENT"": ""No"",
  ""ORDINANCE VIOLATION"": ""No"",
  ""WASTE TYPE"": [],
  ""WASTE VOLUME"": ""small (pickup truck)"",
  ""WASTE ORIGIN"": ""residential"",
  ""PROPERTY TYPE"": ""right-of-way"",
  ""ADDRESS MARKERS"": ""NONE"",
  ""GUTTER/ALLEY"": ""Yes"",
  ""WATER PROXIMITY"": ""No"",
  ""CHRONIC SITE"": ""No"",
  ""VEHICLES"": ""NONE"",
  ""IDENTIFIERS"": ""NONE"",
  ""SEVERITY"": ""1"",
  ""ORDINANCE"": ""N/A"",
  ""PRIORITY"": ""LOW"",
  ""SUMMARY"": ""No illegal dumping detected; the scene shows a clean right-of-way with no visible waste or debris.""
}
```"
20260602T140833Z,DT_10th_and_Madison_Jefferson_4_20260531T122000.jpg,,,dataset_20260531/DT_10th_and_Madison_Jefferson_4/DT_10th_and_Madison_Jefferson_4_20260531T122000.jpg,illegal_dumping,done,2026-06-02T14:20:40.483914+00:00,0.03,0.738,0.772,,nvidia/cosmos-reason2-8b,"DUMPING PRESENT: No
ORDINANCE VIOLATION: No
WASTE TYPE: mixed
WASTE VOLUME: small (pickup truck)
WASTE ORIGIN: residential
PROPERTY TYPE: vacant-lot
ADDRESS MARKERS: NONE
GUTTER/ALLEY: No
WATER PROXIMITY: No
CHRONIC SITE: No
VEHICLES: NONE
IDENTIFIERS: NONE
SEVERITY: 1
ORDINANCE: N/A
PRIORITY: LOW
SUMMARY: No illegal dumping or ordinance violations detected in the analyzed footage."
20260602T140833Z,DT_10th_and_Madison_Jefferson_4_20260531T123000.jpg,,,dataset_20260531/DT_10th_and_Madison_Jefferson_4/DT_10th_and_Madison_Jefferson_4_20260531T123000.jpg,illegal_dumping,done,2026-06-02T14:20:40.740673+00:00,0.051,0.673,0.728,,nvidia/cosmos-reason2-8b,"DUMPING PRESENT: No
ORDINANCE VIOLATION: No
WASTE TYPE: mixed
WASTE VOLUME: small (pickup truck)
WASTE ORIGIN: residential
PROPERTY TYPE: occupied-private
ADDRESS MARKERS: NONE
GUTTER/ALLEY: No
WATER PROXIMITY: No
CHRONIC SITE: No
VEHICLES: NONE
IDENTIFIERS: NONE
SEVERITY: 1
ORDINANCE: N/A
PRIORITY: LOW
SUMMARY: No illegal dumping detected in the video."
20260602T140833Z,DT_10th_and_Madison_Jefferson_4_20260531T124000.jpg,,,dataset_20260531/DT_10th_and_Madison_Jefferson_4/DT_10th_and_Madison_Jefferson_4_20260531T124000.jpg,illegal_dumping,done,2026-06-02T14:20:40.837903+00:00,0.037,0.955,1.002,,nvidia/cosmos-reason2-8b,"DUMPING PRESENT: Yes
ORDINANCE VIOLATION: Yes
WASTE TYPE: mixed
WASTE VOLUME: small (pickup truck)
WASTE ORIGIN: residential
PROPERTY TYPE: right-of-way
ADDRESS MARKERS: NONE
GUTTER/ALLEY: No
WATER PROXIMITY: No
CHRONIC SITE: No
VEHICLES: NONE
IDENTIFIERS: NONE
SEVERITY: 2
ORDINANCE: Sec-46-45
PRIORITY: MEDIUM
SUMMARY: A pile of mixed waste is illegally dumped on the right-of-way, violating Brownsville's property owner liability ordinance (Sec. 46-45)."
20260602T140833Z,DT_10th_and_Madison_Jefferson_4_20260531T125000.jpg,,,dataset_20260531/DT_10th_and_Madison_Jefferson_4/DT_10th_and_Madison_Jefferson_4_20260531T125000.jpg,illegal_dumping,done,2026-06-02T14:20:41.196291+00:00,0.039,0.804,0.847,,nvidia/cosmos-reason2-8b,"DUMPING PRESENT: Yes
ORDINANCE VIOLATION: Yes
WASTE TYPE: mixed
WASTE VOLUME: medium
WASTE ORIGIN: residential
PROPERTY TYPE: right-of-way
ADDRESS MARKERS: NONE
GUTTER/ALLEY: No
WATER PROXIMITY: No
CHRONIC SITE: No
VEHICLES: NONE
IDENTIFIERS: NONE
SEVERITY: 2
ORDINANCE: Sec-46-45
PRIORITY: MEDIUM
SUMMARY: Mixed waste is illegally dumped on a right-of-way, violating property owner liability under Sec. 46-45.
"
20260602T140833Z,DT_10th_and_Madison_Jefferson_4_20260531T130000.jpg,,,dataset_20260531/DT_10th_and_Madison_Jefferson_4/DT_10th_and_Madison_Jefferson_4_20260531T130000.jpg,illegal_dumping,done,2026-06-02T14:20:41.257501+00:00,0.037,0.953,0.993,,nvidia/cosmos-reason2-8b,"DUMPING PRESENT: Yes
ORDINANCE VIOLATION: Yes
WASTE TYPE: mixed
WASTE VOLUME: small (pickup truck)
WASTE ORIGIN: residential
PROPERTY TYPE: right-of-way
ADDRESS MARKERS: NONE
GUTTER/ALLEY: No
WATER PROXIMITY: No
CHRONIC SITE: No
VEHICLES: NONE
IDENTIFIERS: NONE
SEVERITY: 2
ORDINANCE: Sec-46-45
PRIORITY: MEDIUM
SUMMARY: A pile of mixed waste is illegally dumped on the right-of-way, violating Brownsville's property owner liability ordinance (Sec. 46-45)."
20260602T140833Z,DT_10th_and_Madison_Jefferson_4_20260531T131000.jpg,,,dataset_20260531/DT_10th_and_Madison_Jefferson_4/DT_10th_and_Madison_Jefferson_4_20260531T131000.jpg,illegal_dumping,done,2026-06-02T14:20:41.471758+00:00,0.052,0.904,0.96,,nvidia/cosmos-reason2-8b,"DUMPING PRESENT: Yes
ORDINANCE VIOLATION: Yes
WASTE TYPE: mixed
WASTE VOLUME: small (pickup truck)
WASTE ORIGIN: residential
PROPERTY TYPE: right-of-way
ADDRESS MARKERS: NONE
GUTTER/ALLEY: No
WATER PROXIMITY: No
CHRONIC SITE: No
VEHICLES: NONE
IDENTIFIERS: NONE
SEVERITY: 2
ORDINANCE: Sec-46-45
PRIORITY: MEDIUM
SUMMARY: A pile of mixed waste is located on the right-of-way, violating Brownsville's illegal dumping ordinance, with the property owner potentially held liable under Sec-46-45.
"
20260602T140833Z,DT_10th_and_Madison_Jefferson_4_20260531T132000.jpg,,,dataset_20260531/DT_10th_and_Madison_Jefferson_4/DT_10th_and_Madison_Jefferson_4_20260531T132000.jpg,illegal_dumping,done,2026-06-02T14:20:41.843702+00:00,0.042,0.769,0.815,,nvidia/cosmos-reason2-8b,"DUMPING PRESENT: Yes
ORDINANCE VIOLATION: Yes
WASTE TYPE: mixed
WASTE VOLUME: small (pickup truck)
WASTE ORIGIN: residential
PROPERTY TYPE: right-of-way
ADDRESS MARKERS: NONE
GUTTER/ALLEY: No
WATER PROXIMITY: No
CHRONIC SITE: No
VEHICLES: NONE
IDENTIFIERS: NONE
SEVERITY: 2
ORDINANCE: Sec-46-45
PRIORITY: MEDIUM
SUMMARY: A pile of mixed waste is illegally dumped on the right-of-way, violating Brownsville's property owner liability ordinance.
"
20260602T140833Z,DT_10th_and_Madison_Jefferson_4_20260531T133000.jpg,,,dataset_20260531/DT_10th_and_Madison_Jefferson_4/DT_10th_and_Madison_Jefferson_4_20260531T133000.jpg,illegal_dumping,done,2026-06-02T14:20:42.046246+00:00,0.039,0.696,0.738,,nvidia/cosmos-reason2-8b,"DUMPING PRESENT: No
ORDINANCE VIOLATION: No
WASTE TYPE: mixed
WASTE VOLUME: small (pickup truck)
WASTE ORIGIN: residential
PROPERTY TYPE: vacant-lot
ADDRESS MARKERS: NONE
GUTTER/ALLEY: No
WATER PROXIMITY: No
CHRONIC SITE: No
VEHICLES: NONE
IDENTIFIERS: NONE
SEVERITY: 1
ORDINANCE: N/A
PRIORITY: LOW
SUMMARY: No illegal dumping detected in the analyzed footage."
20260602T140833Z,DT_10th_and_Madison_Jefferson_4_20260531T134000.jpg,,,dataset_20260531/DT_10th_and_Madison_Jefferson_4/DT_10th_and_Madison_Jefferson_4_20260531T134000.jpg,illegal_dumping,done,2026-06-02T14:20:42.253151+00:00,0.039,0.633,0.676,,nvidia/cosmos-reason2-8b,"DUMPING PRESENT: No
ORDINANCE VIOLATION: No
WASTE TYPE: mixed
WASTE VOLUME: small (pickup truck)
WASTE ORIGIN: residential
PROPERTY TYPE: vacant-lot
ADDRESS MARKERS: NONE
GUTTER/ALLEY: No
WATER PROXIMITY: No
CHRONIC SITE: No
VEHICLES: NONE
IDENTIFIERS: NONE
SEVERITY: 1
ORDINANCE: N/A
PRIORITY: LOW
SUMMARY: No illegal dumping is observed in the video."
20260602T140833Z,DT_10th_and_Madison_Jefferson_4_20260531T135000.jpg,,,dataset_20260531/DT_10th_and_Madison_Jefferson_4/DT_10th_and_Madison_Jefferson_4_20260531T135000.jpg,illegal_dumping,done,2026-06-02T14:20:42.434112+00:00,0.047,0.766,0.818,,nvidia/cosmos-reason2-8b,"DUMPING PRESENT: No
ORDINANCE VIOLATION: No
WASTE TYPE: mixed
WASTE VOLUME: small (pickup truck)
WASTE ORIGIN: residential
PROPERTY TYPE: vacant-lot
ADDRESS MARKERS: NONE
GUTTER/ALLEY: No
WATER PROXIMITY: No
CHRONIC SITE: No
VEHICLES: NONE
IDENTIFIERS: NONE
SEVERITY: 1
ORDINANCE: N/A
PRIORITY: LOW
SUMMARY: No illegal dumping detected in the video."
20260602T140833Z,DT_10th_and_Madison_Jefferson_4_20260531T140000.jpg,,,dataset_20260531/DT_10th_and_Madison_Jefferson_4/DT_10th_and_Madison_Jefferson_4_20260531T140000.jpg,illegal_dumping,done,2026-06-02T14:20:42.661660+00:00,0.046,0.857,0.906,,nvidia/cosmos-reason2-8b,"DUMPING PRESENT: Yes
ORDINANCE VIOLATION: Yes
WASTE TYPE: mixed
WASTE VOLUME: small (pickup truck)
WASTE ORIGIN: residential
PROPERTY TYPE: alley
ADDRESS MARKERS: NONE
GUTTER/ALLEY: Yes
WATER PROXIMITY: No
CHRONIC SITE: No
VEHICLES: NONE
IDENTIFIERS: NONE
SEVERITY: 2
ORDINANCE: Sec-46-45
PRIORITY: MEDIUM
SUMMARY: A pile of mixed waste is illegally dumped in the alley, violating Brownsville's property owner liability ordinance.
"
20260602T140833Z,DT_10th_and_Madison_Jefferson_4_20260531T141000.jpg,,,dataset_20260531/DT_10th_and_Madison_Jefferson_4/DT_10th_and_Madison_Jefferson_4_20260531T141000.jpg,illegal_dumping,done,2026-06-02T14:20:42.786869+00:00,0.042,0.931,0.976,,nvidia/cosmos-reason2-8b,"DUMPING PRESENT: Yes
ORDINANCE VIOLATION: Yes
WASTE TYPE: mixed
WASTE VOLUME: small (pickup truck)
WASTE ORIGIN: residential
PROPERTY TYPE: vacant-lot
ADDRESS MARKERS: NONE
GUTTER/ALLEY: No
WATER PROXIMITY: No
CHRONIC SITE: No
VEHICLES: NONE
IDENTIFIERS: NONE
SEVERITY: 2
ORDINANCE: Sec-46-45
PRIORITY: MEDIUM
SUMMARY: Mixed waste is illegally dumped on a vacant lot, violating property owner liability under Sec. 46-45.
"
20260602T140833Z,DT_10th_and_Madison_Jefferson_4_20260531T142000.jpg,,,dataset_20260531/DT_10th_and_Madison_Jefferson_4/DT_10th_and_Madison_Jefferson_4_20260531T142000.jpg,illegal_dumping,done,2026-06-02T14:20:42.931655+00:00,0.046,0.872,0.922,,nvidia/cosmos-reason2-8b,"DUMPING PRESENT: Yes
ORDINANCE VIOLATION: Yes
WASTE TYPE: mixed
WASTE VOLUME: small (pickup truck)
WASTE ORIGIN: residential
PROPERTY TYPE: right-of-way
ADDRESS MARKERS: NONE
GUTTER/ALLEY: No
WATER PROXIMITY: No
CHRONIC SITE: No
VEHICLES: NONE
IDENTIFIERS: NONE
SEVERITY: 2
ORDINANCE: Sec-46-45
PRIORITY: MEDIUM
SUMMARY: A pile of mixed waste is illegally dumped on the right-of-way, violating Brownsville's property owner liability ordinance.
"
20260602T140833Z,DT_10th_and_Madison_Jefferson_4_20260531T143000.jpg,,,dataset_20260531/DT_10th_and_Madison_Jefferson_4/DT_10th_and_Madison_Jefferson_4_20260531T143000.jpg,illegal_dumping,done,2026-06-02T14:20:43.254315+00:00,0.045,0.853,0.902,,nvidia/cosmos-reason2-8b,"DUMPING PRESENT: Yes
ORDINANCE VIOLATION: Yes
WASTE TYPE: mixed
WASTE VOLUME: small (pickup truck)
WASTE ORIGIN: residential
PROPERTY TYPE: right-of-way
ADDRESS MARKERS: NONE
GUTTER/ALLEY: No
WATER PROXIMITY: No
CHRONIC SITE: No
VEHICLES: NONE
IDENTIFIERS: NONE
SEVERITY: 2
ORDINANCE: Sec-46-45
PRIORITY: MEDIUM
SUMMARY: A pile of mixed waste is illegally dumped on the right-of-way, violating Brownsville's property owner liability ordinance.
"
20260602T140833Z,DT_10th_and_Madison_Jefferson_4_20260531T144000.jpg,,,dataset_20260531/DT_10th_and_Madison_Jefferson_4/DT_10th_and_Madison_Jefferson_4_20260531T144000.jpg,illegal_dumping,done,2026-06-02T14:20:43.571632+00:00,0.047,0.82,0.871,,nvidia/cosmos-reason2-8b,"DUMPING PRESENT: Yes
ORDINANCE VIOLATION: Yes
WASTE TYPE: construction-debris
WASTE VOLUME: medium (dump truck)
WASTE ORIGIN: commercial-contractor
PROPERTY TYPE: right-of-way
ADDRESS MARKERS: NONE
GUTTER/ALLEY: Yes
WATER PROXIMITY: No
CHRONIC SITE: No
VEHICLES: NONE
IDENTIFIERS: NONE
SEVERITY: 2
ORDINANCE: Sec-46-45
PRIORITY: MEDIUM
SUMMARY: Construction debris is illegally dumped in the right-of-way, violating property owner liability under Sec. 46-45.
"
20260602T140833Z,DT_10th_and_Madison_Jefferson_4_20260531T145000.jpg,,,dataset_20260531/DT_10th_and_Madison_Jefferson_4/DT_10th_and_Madison_Jefferson_4_20260531T145000.jpg,illegal_dumping,done,2026-06-02T14:20:43.765865+00:00,0.04,0.864,0.908,,nvidia/cosmos-reason2-8b,"DUMPING PRESENT: Yes
ORDINANCE VIOLATION: Yes
WASTE TYPE: mixed
WASTE VOLUME: small (pickup truck)
WASTE ORIGIN: residential
PROPERTY TYPE: right-of-way
ADDRESS MARKERS: NONE
GUTTER/ALLEY: Yes
WATER PROXIMITY: No
CHRONIC SITE: No
VEHICLES: NONE
IDENTIFIERS: NONE
SEVERITY: 2
ORDINANCE: Sec-46-45
PRIORITY: MEDIUM
SUMMARY: Mixed waste is illegally dumped on a right-of-way, violating property owner liability under Sec. 46-45.
"
20260602T140833Z,DT_10th_and_Madison_Jefferson_4_20260531T150000.jpg,,,dataset_20260531/DT_10th_and_Madison_Jefferson_4/DT_10th_and_Madison_Jefferson_4_20260531T150000.jpg,illegal_dumping,done,2026-06-02T14:20:43.855866+00:00,0.04,0.837,0.88,,nvidia/cosmos-reason2-8b,"DUMPING PRESENT: Yes
ORDINANCE VIOLATION: Yes
WASTE TYPE: mixed
WASTE VOLUME: medium
WASTE ORIGIN: residential
PROPERTY TYPE: right-of-way
ADDRESS MARKERS: NONE
GUTTER/ALLEY: No
WATER PROXIMITY: No
CHRONIC SITE: No
VEHICLES: NONE
IDENTIFIERS: NONE
SEVERITY: 2
ORDINANCE: Sec-46-45
PRIORITY: MEDIUM
SUMMARY: Mixed waste is illegally dumped on a right-of-way, violating Brownsville's property owner liability ordinance.
"
20260602T140833Z,DT_10th_and_Madison_Jefferson_4_20260531T151000.jpg,,,dataset_20260531/DT_10th_and_Madison_Jefferson_4/DT_10th_and_Madison_Jefferson_4_20260531T151000.jpg,illegal_dumping,done,2026-06-02T14:20:44.158928+00:00,0.05,0.713,0.767,,nvidia/cosmos-reason2-8b,"DUMPING PRESENT: No
ORDINANCE VIOLATION: No
WASTE TYPE: mixed
WASTE VOLUME: small (pickup truck)
WASTE ORIGIN: residential
PROPERTY TYPE: right-of-way
ADDRESS MARKERS: NONE
GUTTER/ALLEY: Yes
WATER PROXIMITY: No
CHRONIC SITE: No
VEHICLES: NONE
IDENTIFIERS: NONE
SEVERITY: 1
ORDINANCE: N/A
PRIORITY: LOW
SUMMARY: No illegal dumping is observed in the video; the scene shows a dirt road with greenery on both sides and no visible waste or debris."
20260602T140833Z,DT_10th_and_Madison_Jefferson_4_20260531T152000.jpg,,,dataset_20260531/DT_10th_and_Madison_Jefferson_4/DT_10th_and_Madison_Jefferson_4_20260531T152000.jpg,illegal_dumping,done,2026-06-02T14:20:44.445141+00:00,0.036,0.763,0.803,,nvidia/cosmos-reason2-8b,"DUMPING PRESENT: Yes
ORDINANCE VIOLATION: Yes
WASTE TYPE: mixed
WASTE VOLUME: medium
WASTE ORIGIN: residential
PROPERTY TYPE: alley
ADDRESS MARKERS: NONE
GUTTER/ALLEY: Yes
WATER PROXIMITY: No
CHRONIC SITE: No
VEHICLES: NONE
IDENTIFIERS: NONE
SEVERITY: 2
ORDINANCE: Sec-46-45
PRIORITY: MEDIUM
SUMMARY: Mixed waste is illegally dumped in an alley, violating property owner liability under Sec. 46-45.
"
20260602T140833Z,DT_10th_and_Madison_Jefferson_4_20260531T153000.jpg,,,dataset_20260531/DT_10th_and_Madison_Jefferson_4/DT_10th_and_Madison_Jefferson_4_20260531T153000.jpg,illegal_dumping,done,2026-06-02T14:20:44.676161+00:00,0.042,0.876,0.921,,nvidia/cosmos-reason2-8b,"DUMPING PRESENT: Yes
ORDINANCE VIOLATION: Yes
WASTE TYPE: mixed
WASTE VOLUME: medium
WASTE ORIGIN: residential
PROPERTY TYPE: right-of-way
ADDRESS MARKERS: NONE
GUTTER/ALLEY: Yes
WATER PROXIMITY: No
CHRONIC SITE: No
VEHICLES: NONE
IDENTIFIERS: NONE
SEVERITY: 2
ORDINANCE: Sec-46-45
PRIORITY: MEDIUM
SUMMARY: Mixed waste is illegally dumped in a right-of-way, violating property owner liability under Sec. 46-45.
"
20260602T140833Z,DT_10th_and_Madison_Jefferson_4_20260531T154000.jpg,,,dataset_20260531/DT_10th_and_Madison_Jefferson_4/DT_10th_and_Madison_Jefferson_4_20260531T154000.jpg,illegal_dumping,done,2026-06-02T14:20:44.738136+00:00,0.048,1.016,1.067,,nvidia/cosmos-reason2-8b,"```json
{
  ""DUMPING PRESENT"": ""No"",
  ""ORDINANCE VIOLATION"": ""No"",
  ""WASTE TYPE"": [],
  ""WASTE VOLUME"": ""small (pickup truck)"",
  ""WASTE ORIGIN"": ""residential"",
  ""PROPERTY TYPE"": ""right-of-way"",
  ""ADDRESS MARKERS"": ""NONE"",
  ""GUTTER/ALLEY"": ""Yes"",
  ""WATER PROXIMITY"": ""No"",
  ""CHRONIC SITE"": ""No"",
  ""VEHICLES"": ""NONE"",
  ""IDENTIFIERS"": ""NONE"",
  ""SEVERITY"": ""1"",
  ""ORDINANCE"": ""N/A"",
  ""PRIORITY"": ""LOW"",
  ""SUMMARY"": ""No illegal dumping detected; the scene shows a clean right-of-way with no visible waste or debris.""
}
```"
20260602T140833Z,DT_10th_and_Madison_Jefferson_4_20260531T155000.jpg,,,dataset_20260531/DT_10th_and_Madison_Jefferson_4/DT_10th_and_Madison_Jefferson_4_20260531T155000.jpg,illegal_dumping,done,2026-06-02T14:20:44.928188+00:00,0.043,0.978,1.025,,nvidia/cosmos-reason2-8b,"DUMPING PRESENT: Yes
ORDINANCE VIOLATION: Yes
WASTE TYPE: mixed
WASTE VOLUME: small (pickup truck)
WASTE ORIGIN: residential
PROPERTY TYPE: right-of-way
ADDRESS MARKERS: NONE
GUTTER/ALLEY: Yes
WATER PROXIMITY: No
CHRONIC SITE: No
VEHICLES: NONE
IDENTIFIERS: NONE
SEVERITY: 2
ORDINANCE: Sec-46-45
PRIORITY: MEDIUM
SUMMARY: Mixed waste is illegally dumped in the right-of-way, violating Brownsville's property owner liability ordinance.
"
20260602T140833Z,DT_10th_and_Madison_Jefferson_4_20260531T160000.jpg,,,dataset_20260531/DT_10th_and_Madison_Jefferson_4/DT_10th_and_Madison_Jefferson_4_20260531T160000.jpg,illegal_dumping,done,2026-06-02T14:20:45.251389+00:00,0.046,0.843,0.892,,nvidia/cosmos-reason2-8b,"DUMPING PRESENT: No
ORDINANCE VIOLATION: No
WASTE TYPE: mixed
WASTE VOLUME: small (pickup truck)
WASTE ORIGIN: residential
PROPERTY TYPE: occupied-private
ADDRESS MARKERS: NONE
GUTTER/ALLEY: No
WATER PROXIMITY: No
CHRONIC SITE: No
VEHICLES: NONE
IDENTIFIERS: NONE
SEVERITY: 1
ORDINANCE: N/A
PRIORITY: LOW
SUMMARY: No illegal dumping detected in the video."
20260602T140833Z,DT_10th_and_Madison_Jefferson_4_20260531T161000.jpg,,,dataset_20260531/DT_10th_and_Madison_Jefferson_4/DT_10th_and_Madison_Jefferson_4_20260531T161000.jpg,illegal_dumping,done,2026-06-02T14:20:45.600171+00:00,0.041,0.73,0.775,,nvidia/cosmos-reason2-8b,"DUMPING PRESENT: No
ORDINANCE VIOLATION: No
WASTE TYPE: mixed
WASTE VOLUME: small (pickup truck)
WASTE ORIGIN: residential
PROPERTY TYPE: vacant-lot
ADDRESS MARKERS: NONE
GUTTER/ALLEY: No
WATER PROXIMITY: No
CHRONIC SITE: No
VEHICLES: NONE
IDENTIFIERS: NONE
SEVERITY: 1
ORDINANCE: N/A
PRIORITY: LOW
SUMMARY: No illegal dumping detected in the analyzed footage."
20260602T140833Z,DT_10th_and_Madison_Jefferson_4_20260531T162000.jpg,,,dataset_20260531/DT_10th_and_Madison_Jefferson_4/DT_10th_and_Madison_Jefferson_4_20260531T162000.jpg,illegal_dumping,done,2026-06-02T14:20:45.807540+00:00,0.043,0.788,0.835,,nvidia/cosmos-reason2-8b,"DUMPING PRESENT: Yes
ORDINANCE VIOLATION: Yes
WASTE TYPE: mixed
WASTE VOLUME: medium
WASTE ORIGIN: residential
PROPERTY TYPE: right-of-way
ADDRESS MARKERS: NONE
GUTTER/ALLEY: Yes
WATER PROXIMITY: No
CHRONIC SITE: No
VEHICLES: NONE
IDENTIFIERS: NONE
SEVERITY: 2
ORDINANCE: Sec-46-45
PRIORITY: MEDIUM
SUMMARY: Mixed waste is illegally dumped in a right-of-way, violating property owner liability under Sec. 46-45.
"
20260602T140833Z,DT_10th_and_Madison_Jefferson_4_20260531T163000.jpg,,,dataset_20260531/DT_10th_and_Madison_Jefferson_4/DT_10th_and_Madison_Jefferson_4_20260531T163000.jpg,illegal_dumping,done,2026-06-02T14:20:45.955470+00:00,0.042,0.731,0.777,,nvidia/cosmos-reason2-8b,"DUMPING PRESENT: No
ORDINANCE VIOLATION: No
WASTE TYPE: mixed
WASTE VOLUME: small (pickup truck)
WASTE ORIGIN: residential
PROPERTY TYPE: occupied-private
ADDRESS MARKERS: NONE
GUTTER/ALLEY: No
WATER PROXIMITY: No
CHRONIC SITE: No
VEHICLES: NONE
IDENTIFIERS: NONE
SEVERITY: 1
ORDINANCE: N/A
PRIORITY: LOW
SUMMARY: No illegal dumping detected in the video."
20260602T140833Z,DT_10th_and_Madison_Jefferson_4_20260531T164000.jpg,,,dataset_20260531/DT_10th_and_Madison_Jefferson_4/DT_10th_and_Madison_Jefferson_4_20260531T164000.jpg,illegal_dumping,done,2026-06-02T14:20:46.146130+00:00,0.037,0.741,0.781,,nvidia/cosmos-reason2-8b,"DUMPING PRESENT: No
ORDINANCE VIOLATION: No
WASTE TYPE: mixed
WASTE VOLUME: small (pickup truck)
WASTE ORIGIN: residential
PROPERTY TYPE: vacant-lot
ADDRESS MARKERS: NONE
GUTTER/ALLEY: No
WATER PROXIMITY: No
CHRONIC SITE: No
VEHICLES: NONE
IDENTIFIERS: NONE
SEVERITY: 1
ORDINANCE: N/A
PRIORITY: LOW
SUMMARY: No illegal dumping detected in the analyzed footage."
20260602T140833Z,DT_10th_and_Madison_Jefferson_4_20260531T165000.jpg,,,dataset_20260531/DT_10th_and_Madison_Jefferson_4/DT_10th_and_Madison_Jefferson_4_20260531T165000.jpg,illegal_dumping,done,2026-06-02T14:20:46.378018+00:00,0.042,0.85,0.896,,nvidia/cosmos-reason2-8b,"DUMPING PRESENT: Yes
ORDINANCE VIOLATION: Yes
WASTE TYPE: mixed
WASTE VOLUME: small (pickup truck)
WASTE ORIGIN: residential
PROPERTY TYPE: right-of-way
ADDRESS MARKERS: NONE
GUTTER/ALLEY: No
WATER PROXIMITY: No
CHRONIC SITE: No
VEHICLES: NONE
IDENTIFIERS: NONE
SEVERITY: 2
ORDINANCE: Sec-46-45
PRIORITY: MEDIUM
SUMMARY: A small pile of mixed waste is illegally dumped on the right-of-way, violating Brownsville's property owner liability ordinance (Sec. 46-45)."
20260602T140833Z,DT_10th_and_Madison_Jefferson_4_20260531T170000.jpg,,,dataset_20260531/DT_10th_and_Madison_Jefferson_4/DT_10th_and_Madison_Jefferson_4_20260531T170000.jpg,illegal_dumping,done,2026-06-02T14:20:46.645341+00:00,0.042,0.858,0.91,,nvidia/cosmos-reason2-8b,"DUMPING PRESENT: Yes
ORDINANCE VIOLATION: Yes
WASTE TYPE: mixed
WASTE VOLUME: medium
WASTE ORIGIN: residential
PROPERTY TYPE: alley
ADDRESS MARKERS: NONE
GUTTER/ALLEY: Yes
WATER PROXIMITY: No
CHRONIC SITE: No
VEHICLES: NONE
IDENTIFIERS: NONE
SEVERITY: 2
ORDINANCE: Sec-46-45
PRIORITY: MEDIUM
SUMMARY: Mixed waste is illegally dumped in an alleyway, violating property owner liability under Sec. 46-45.
"
20260602T140833Z,DT_10th_and_Madison_Jefferson_4_20260531T171000.jpg,,,dataset_20260531/DT_10th_and_Madison_Jefferson_4/DT_10th_and_Madison_Jefferson_4_20260531T171000.jpg,illegal_dumping,done,2026-06-02T14:20:46.734186+00:00,0.037,0.962,1.002,,nvidia/cosmos-reason2-8b,"DUMPING PRESENT: Yes
ORDINANCE VIOLATION: Yes
WASTE TYPE: mixed
WASTE VOLUME: medium
WASTE ORIGIN: residential
PROPERTY TYPE: vacant-lot
ADDRESS MARKERS: NONE
GUTTER/ALLEY: No
WATER PROXIMITY: No
CHRONIC SITE: No
VEHICLES: NONE
IDENTIFIERS: NONE
SEVERITY: 2
ORDINANCE: Sec-46-45
PRIORITY: MEDIUM
SUMMARY: A green dumpster is present on a private lot, which may indicate illegal dumping under Sec-46-45.
"
20260602T140833Z,DT_10th_and_Madison_Jefferson_4_20260531T172000.jpg,,,dataset_20260531/DT_10th_and_Madison_Jefferson_4/DT_10th_and_Madison_Jefferson_4_20260531T172000.jpg,illegal_dumping,done,2026-06-02T14:20:46.929106+00:00,0.048,1.014,1.065,,nvidia/cosmos-reason2-8b,"DUMPING PRESENT: Yes
ORDINANCE VIOLATION: Yes
WASTE TYPE: mixed
WASTE VOLUME: medium
WASTE ORIGIN: residential
PROPERTY TYPE: alley
ADDRESS MARKERS: NONE
GUTTER/ALLEY: Yes
WATER PROXIMITY: No
CHRONIC SITE: No
VEHICLES: NONE
IDENTIFIERS: NONE
SEVERITY: 2
ORDINANCE: Sec-46-45
PRIORITY: MEDIUM
SUMMARY: A medium-sized pile of mixed waste is illegally dumped in an alley, violating Brownsville's property owner liability ordinance (Sec. 46-45)."
20260602T140833Z,DT_10th_and_Madison_Jefferson_4_20260531T173000.jpg,,,dataset_20260531/DT_10th_and_Madison_Jefferson_4/DT_10th_and_Madison_Jefferson_4_20260531T173000.jpg,illegal_dumping,done,2026-06-02T14:20:47.277012+00:00,0.045,0.751,0.8,,nvidia/cosmos-reason2-8b,"DUMPING PRESENT: Yes
ORDINANCE VIOLATION: Yes
WASTE TYPE: mixed
WASTE VOLUME: medium
WASTE ORIGIN: residential
PROPERTY TYPE: alley
ADDRESS MARKERS: NONE
GUTTER/ALLEY: Yes
WATER PROXIMITY: No
CHRONIC SITE: No
VEHICLES: NONE
IDENTIFIERS: NONE
SEVERITY: 2
ORDINANCE: Sec-46-45
PRIORITY: MEDIUM
SUMMARY: Mixed waste is illegally dumped in an alley, violating property owner liability under Sec. 46-45.
"
20260602T140833Z,DT_10th_and_Madison_Jefferson_4_20260531T174000.jpg,,,dataset_20260531/DT_10th_and_Madison_Jefferson_4/DT_10th_and_Madison_Jefferson_4_20260531T174000.jpg,illegal_dumping,done,2026-06-02T14:20:47.557448+00:00,0.048,0.865,0.916,,nvidia/cosmos-reason2-8b,"```json
{
  ""DUMPING PRESENT"": ""Yes"",
  ""ORDINANCE VIOLATION"": ""Yes"",
  ""WASTE TYPE"": ""mixed"",
  ""WASTE VOLUME"": ""small (pickup truck)"",
  ""WASTE ORIGIN"": ""residential"",
  ""PROPERTY TYPE"": ""vacant-lot"",
  ""ADDRESS MARKERS"": ""NONE"",
  ""GUTTER/ALLEY"": ""No"",
  ""WATER PROXIMITY"": ""No"",
  ""CHRONIC SITE"": ""No"",
  ""VEHICLES"": ""NONE"",
  ""IDENTIFIERS"": ""NONE"",
  ""SEVERITY"": ""3"",
  ""ORDINANCE"": ""Sec-46-45"",
  ""PRIORITY"": ""MEDIUM"",
  ""SUMMARY"": ""Illegal dumping of mixed waste is observed on a vacant lot, violating property owner liability under Sec. 46-45.""
}
```"
20260602T140833Z,DT_10th_and_Madison_Jefferson_4_20260531T175000.jpg,,,dataset_20260531/DT_10th_and_Madison_Jefferson_4/DT_10th_and_Madison_Jefferson_4_20260531T175000.jpg,illegal_dumping,done,2026-06-02T14:20:47.738127+00:00,0.037,0.795,0.835,,nvidia/cosmos-reason2-8b,"DUMPING PRESENT: Yes
ORDINANCE VIOLATION: Yes
WASTE TYPE: mixed
WASTE VOLUME: small (pickup truck)
WASTE ORIGIN: residential
PROPERTY TYPE: vacant-lot
ADDRESS MARKERS: NONE
GUTTER/ALLEY: No
WATER PROXIMITY: No
CHRONIC SITE: No
VEHICLES: green
IDENTIFIERS: NONE
SEVERITY: 3
ORDINANCE: Sec-46-45
PRIORITY: MEDIUM
SUMMARY: A pickup truck is parked on a private lot with visible waste materials, indicating illegal dumping that violates property owner liability under Sec-46-45.
"
20260602T140833Z,DT_10th_and_Madison_Jefferson_4_20260531T180000.jpg,,,dataset_20260531/DT_10th_and_Madison_Jefferson_4/DT_10th_and_Madison_Jefferson_4_20260531T180000.jpg,illegal_dumping,done,2026-06-02T14:20:47.996689+00:00,0.043,0.824,0.87,,nvidia/cosmos-reason2-8b,"DUMPING PRESENT: Yes
ORDINANCE VIOLATION: Yes
WASTE TYPE: mixed
WASTE VOLUME: medium
WASTE ORIGIN: residential
PROPERTY TYPE: vacant-lot
ADDRESS MARKERS: NONE
GUTTER/ALLEY: No
WATER PROXIMITY: No
CHRONIC SITE: No
VEHICLES: NONE
IDENTIFIERS: NONE
SEVERITY: 2
ORDINANCE: Sec-46-45
PRIORITY: MEDIUM
SUMMARY: A green dumpster is present on a vacant lot, indicating potential illegal dumping activity that violates property owner liability under Sec. 46-45.
"
20260602T140833Z,DT_10th_and_Madison_Jefferson_4_20260531T181000.jpg,,,dataset_20260531/DT_10th_and_Madison_Jefferson_4/DT_10th_and_Madison_Jefferson_4_20260531T181000.jpg,illegal_dumping,done,2026-06-02T14:20:48.079525+00:00,0.042,0.842,0.887,,nvidia/cosmos-reason2-8b,"DUMPING PRESENT: Yes
ORDINANCE VIOLATION: Yes
WASTE TYPE: mixed
WASTE VOLUME: medium
WASTE ORIGIN: residential
PROPERTY TYPE: right-of-way
ADDRESS MARKERS: NONE
GUTTER/ALLEY: Yes
WATER PROXIMITY: No
CHRONIC SITE: No
VEHICLES: NONE
IDENTIFIERS: NONE
SEVERITY: 2
ORDINANCE: Sec-46-45
PRIORITY: MEDIUM
SUMMARY: A green dumpster is present on the right-of-way, indicating illegal dumping that violates Brownsville's property owner liability ordinance.
"
20260602T140833Z,DT_10th_and_Madison_Jefferson_4_20260531T182000.jpg,,,dataset_20260531/DT_10th_and_Madison_Jefferson_4/DT_10th_and_Madison_Jefferson_4_20260531T182000.jpg,illegal_dumping,done,2026-06-02T14:20:48.477091+00:00,0.041,0.744,0.789,,nvidia/cosmos-reason2-8b,"DUMPING PRESENT: Yes
ORDINANCE VIOLATION: Yes
WASTE TYPE: mixed
WASTE VOLUME: medium
WASTE ORIGIN: residential
PROPERTY TYPE: right-of-way
ADDRESS MARKERS: NONE
GUTTER/ALLEY: Yes
WATER PROXIMITY: No
CHRONIC SITE: No
VEHICLES: NONE
IDENTIFIERS: NONE
SEVERITY: 2
ORDINANCE: Sec-46-45
PRIORITY: MEDIUM
SUMMARY: A green dumpster is present on the right-of-way, indicating illegal dumping that violates Brownsville's property owner liability ordinance."
20260602T140833Z,DT_10th_and_Madison_Jefferson_4_20260531T183000.jpg,,,dataset_20260531/DT_10th_and_Madison_Jefferson_4/DT_10th_and_Madison_Jefferson_4_20260531T183000.jpg,illegal_dumping,done,2026-06-02T14:20:48.575332+00:00,0.048,0.761,0.914,,nvidia/cosmos-reason2-8b,"DUMPING PRESENT: Yes
ORDINANCE VIOLATION: Yes
WASTE TYPE: mixed
WASTE VOLUME: medium
WASTE ORIGIN: residential
PROPERTY TYPE: vacant-lot
ADDRESS MARKERS: NONE
GUTTER/ALLEY: No
WATER PROXIMITY: No
CHRONIC SITE: No
VEHICLES: NONE
IDENTIFIERS: NONE
SEVERITY: 2
ORDINANCE: Sec-46-45
PRIORITY: MEDIUM
SUMMARY: A green dumpster is present on a private lot, indicating potential illegal dumping activity that violates Brownsville's property owner liability ordinance.
"
20260602T140833Z,DT_10th_and_Madison_Jefferson_4_20260531T184000.jpg,,,dataset_20260531/DT_10th_and_Madison_Jefferson_4/DT_10th_and_Madison_Jefferson_4_20260531T184000.jpg,illegal_dumping,done,2026-06-02T14:20:48.869845+00:00,0.046,0.811,0.862,,nvidia/cosmos-reason2-8b,"DUMPING PRESENT: Yes
ORDINANCE VIOLATION: Yes
WASTE TYPE: mixed
WASTE VOLUME: small (pickup truck)
WASTE ORIGIN: residential
PROPERTY TYPE: alley
ADDRESS MARKERS: NONE
GUTTER/ALLEY: Yes
WATER PROXIMITY: No
CHRONIC SITE: No
VEHICLES: NONE
IDENTIFIERS: NONE
SEVERITY: 2
ORDINANCE: Sec-46-45
PRIORITY: MEDIUM
SUMMARY: A green trash bin is placed on the side of the alley, which is considered illegal dumping according to Brownsville's ordinances."
20260602T140833Z,DT_10th_and_Madison_Jefferson_4_20260531T185000.jpg,,,dataset_20260531/DT_10th_and_Madison_Jefferson_4/DT_10th_and_Madison_Jefferson_4_20260531T185000.jpg,illegal_dumping,done,2026-06-02T14:20:48.969048+00:00,0.04,0.956,0.999,,nvidia/cosmos-reason2-8b,"DUMPING PRESENT: Yes
ORDINANCE VIOLATION: Yes
WASTE TYPE: mixed
WASTE VOLUME: small (pickup truck)
WASTE ORIGIN: residential
PROPERTY TYPE: vacant-lot
ADDRESS MARKERS: NONE
GUTTER/ALLEY: No
WATER PROXIMITY: Yes
CHRONIC SITE: No
VEHICLES: NONE
IDENTIFIERS: NONE
SEVERITY: 2
ORDINANCE: Sec-46-45
PRIORITY: MEDIUM
SUMMARY: A small pile of mixed waste is illegally dumped on a vacant lot, violating Brownsville's property owner liability ordinance.
"
20260602T140833Z,DT_10th_and_Madison_Jefferson_4_20260531T190000.jpg,,,dataset_20260531/DT_10th_and_Madison_Jefferson_4/DT_10th_and_Madison_Jefferson_4_20260531T190000.jpg,illegal_dumping,done,2026-06-02T14:20:49.268911+00:00,0.046,0.846,0.895,,nvidia/cosmos-reason2-8b,"DUMPING PRESENT: Yes
ORDINANCE VIOLATION: Yes
WASTE TYPE: mixed
WASTE VOLUME: small (pickup truck)
WASTE ORIGIN: residential
PROPERTY TYPE: vacant-lot
ADDRESS MARKERS: NONE
GUTTER/ALLEY: No
WATER PROXIMITY: No
CHRONIC SITE: No
VEHICLES: NONE
IDENTIFIERS: NONE
SEVERITY: 2
ORDINANCE: Sec-46-45
PRIORITY: MEDIUM
SUMMARY: A green dumpster is placed on a private lot, which is a violation of Sec. 46-45 because it is not on public property or a right-of-way.
"
20260602T140833Z,DT_10th_and_Madison_Jefferson_4_20260531T191000.jpg,,,dataset_20260531/DT_10th_and_Madison_Jefferson_4/DT_10th_and_Madison_Jefferson_4_20260531T191000.jpg,illegal_dumping,done,2026-06-02T14:20:49.492901+00:00,0.042,0.789,0.834,,nvidia/cosmos-reason2-8b,"DUMPING PRESENT: Yes
ORDINANCE VIOLATION: Yes
WASTE TYPE: mixed
WASTE VOLUME: small (pickup truck)
WASTE ORIGIN: residential
PROPERTY TYPE: alley
ADDRESS MARKERS: NONE
GUTTER/ALLEY: Yes
WATER PROXIMITY: No
CHRONIC SITE: No
VEHICLES: NONE
IDENTIFIERS: NONE
SEVERITY: 2
ORDINANCE: Sec-46-45
PRIORITY: MEDIUM
SUMMARY: A pile of mixed waste is located in the alley, which is considered illegal dumping on private property according to Sec. 46-45.
"
20260602T140833Z,DT_10th_and_Madison_Jefferson_4_20260531T192000.jpg,,,dataset_20260531/DT_10th_and_Madison_Jefferson_4/DT_10th_and_Madison_Jefferson_4_20260531T192000.jpg,illegal_dumping,done,2026-06-02T14:20:49.734710+00:00,0.043,0.791,0.838,,nvidia/cosmos-reason2-8b,"DUMPING PRESENT: Yes
ORDINANCE VIOLATION: Yes
WASTE TYPE: mixed
WASTE VOLUME: small (pickup truck)
WASTE ORIGIN: residential
PROPERTY TYPE: right-of-way
ADDRESS MARKERS: NONE
GUTTER/ALLEY: No
WATER PROXIMITY: No
CHRONIC SITE: No
VEHICLES: NONE
IDENTIFIERS: NONE
SEVERITY: 2
ORDINANCE: Sec-46-45
PRIORITY: MEDIUM
SUMMARY: A green dumpster is present on the right-of-way, indicating illegal dumping on private or public property, which violates Brownsville's ordinance requiring property owners to address such issues.
"
20260602T140833Z,DT_10th_and_Madison_Jefferson_4_20260531T193000.jpg,,,dataset_20260531/DT_10th_and_Madison_Jefferson_4/DT_10th_and_Madison_Jefferson_4_20260531T193000.jpg,illegal_dumping,done,2026-06-02T14:20:49.970918+00:00,0.041,0.86,0.905,,nvidia/cosmos-reason2-8b,"DUMPING PRESENT: Yes
ORDINANCE VIOLATION: Yes
WASTE TYPE: mixed
WASTE VOLUME: small (pickup truck)
WASTE ORIGIN: residential
PROPERTY TYPE: vacant-lot
ADDRESS MARKERS: NONE
GUTTER/ALLEY: No
WATER PROXIMITY: No
CHRONIC SITE: No
VEHICLES: <color, type, any text visible — or NONE>
IDENTIFIERS: <plates, signage, labels, individuals — or NONE>
SEVERITY: 3
ORDINANCE: Sec-46-45
PRIORITY: MEDIUM
SUMMARY: A pickup truck is parked on a private lot with visible mixed waste, indicating a potential violation of property owner liability under Sec. 46-45.
"
20260602T140833Z,DT_10th_and_Madison_Jefferson_4_20260531T194000.jpg,,,dataset_20260531/DT_10th_and_Madison_Jefferson_4/DT_10th_and_Madison_Jefferson_4_20260531T194000.jpg,illegal_dumping,done,2026-06-02T14:20:50.167374+00:00,0.048,0.83,0.881,,nvidia/cosmos-reason2-8b,"DUMPING PRESENT: Yes
ORDINANCE VIOLATION: Yes
WASTE TYPE: mixed
WASTE VOLUME: small (pickup truck)
WASTE ORIGIN: residential
PROPERTY TYPE: right-of-way
ADDRESS MARKERS: NONE
GUTTER/ALLEY: Yes
WATER PROXIMITY: No
CHRONIC SITE: No
VEHICLES: <color, type, any text visible — or NONE>
IDENTIFIERS: <plates, signage, labels, individuals — or NONE>
SEVERITY: 3
ORDINANCE: Sec-46-45
PRIORITY: MEDIUM
SUMMARY: A pickup truck is parked on the right-of-way with its bed filled with mixed waste, indicating illegal dumping on private or public property.
"
20260602T140833Z,DT_10th_and_Madison_Jefferson_4_20260531T195000.jpg,,,dataset_20260531/DT_10th_and_Madison_Jefferson_4/DT_10th_and_Madison_Jefferson_4_20260531T195000.jpg,illegal_dumping,done,2026-06-02T14:20:50.328969+00:00,0.035,0.747,0.786,,nvidia/cosmos-reason2-8b,"DUMPING PRESENT: No
ORDINANCE VIOLATION: No
WASTE TYPE: mixed
WASTE VOLUME: small (pickup truck)
WASTE ORIGIN: residential
PROPERTY TYPE: alley
ADDRESS MARKERS: NONE
GUTTER/ALLEY: Yes
WATER PROXIMITY: No
CHRONIC SITE: No
VEHICLES: NONE
IDENTIFIERS: NONE
SEVERITY: 1
ORDINANCE: N/A
PRIORITY: LOW
SUMMARY: No illegal dumping detected in the alleyway; the scene appears clean with no visible waste or debris."
20260602T140833Z,DT_10th_and_Madison_Jefferson_4_20260531T200000.jpg,,,dataset_20260531/DT_10th_and_Madison_Jefferson_4/DT_10th_and_Madison_Jefferson_4_20260531T200000.jpg,illegal_dumping,done,2026-06-02T14:20:50.575540+00:00,0.044,0.867,0.915,,nvidia/cosmos-reason2-8b,"DUMPING PRESENT: Yes
ORDINANCE VIOLATION: Yes
WASTE TYPE: mixed
WASTE VOLUME: small (pickup truck)
WASTE ORIGIN: residential
PROPERTY TYPE: right-of-way
ADDRESS MARKERS: NONE
GUTTER/ALLEY: Yes
WATER PROXIMITY: No
CHRONIC SITE: No
VEHICLES: NONE
IDENTIFIERS: NONE
SEVERITY: 2
ORDINANCE: Sec-46-45
PRIORITY: MEDIUM
SUMMARY: A pile of mixed waste is illegally dumped on the right-of-way, violating Brownsville's property owner liability ordinance (Sec. 46-45)."
20260602T140833Z,DT_10th_and_Madison_Jefferson_4_20260531T201000.jpg,,,dataset_20260531/DT_10th_and_Madison_Jefferson_4/DT_10th_and_Madison_Jefferson_4_20260531T201000.jpg,illegal_dumping,done,2026-06-02T14:20:50.878465+00:00,0.039,0.801,0.844,,nvidia/cosmos-reason2-8b,"DUMPING PRESENT: Yes
ORDINANCE VIOLATION: Yes
WASTE TYPE: mixed
WASTE VOLUME: medium (dump truck)
WASTE ORIGIN: residential
PROPERTY TYPE: alley
ADDRESS MARKERS: NONE
GUTTER/ALLEY: Yes
WATER PROXIMITY: No
CHRONIC SITE: No
VEHICLES: NONE
IDENTIFIERS: NONE
SEVERITY: 2
ORDINANCE: Sec-46-45
PRIORITY: MEDIUM
SUMMARY: A pile of mixed waste is illegally dumped in an alley, violating Brownsville's property owner liability ordinance (Sec. 46-45).
"
20260602T140833Z,DT_10th_and_Madison_Jefferson_4_20260531T202000.jpg,,,dataset_20260531/DT_10th_and_Madison_Jefferson_4/DT_10th_and_Madison_Jefferson_4_20260531T202000.jpg,illegal_dumping,done,2026-06-02T14:20:51.051728+00:00,0.046,0.81,0.86,,nvidia/cosmos-reason2-8b,"DUMPING PRESENT: Yes
ORDINANCE VIOLATION: Yes
WASTE TYPE: mixed
WASTE VOLUME: small (pickup truck)
WASTE ORIGIN: residential
PROPERTY TYPE: alley
ADDRESS MARKERS: NONE
GUTTER/ALLEY: Yes
WATER PROXIMITY: No
CHRONIC SITE: No
VEHICLES: NONE
IDENTIFIERS: NONE
SEVERITY: 2
ORDINANCE: Sec-46-45
PRIORITY: MEDIUM
SUMMARY: A green dumpster is present in the alley, indicating potential illegal dumping activity.
"
20260602T140833Z,DT_10th_and_Madison_Jefferson_4_20260531T203000.jpg,,,dataset_20260531/DT_10th_and_Madison_Jefferson_4/DT_10th_and_Madison_Jefferson_4_20260531T203000.jpg,illegal_dumping,done,2026-06-02T14:20:51.117231+00:00,0.037,0.898,0.939,,nvidia/cosmos-reason2-8b,"DUMPING PRESENT: No
ORDINANCE VIOLATION: No
WASTE TYPE: mixed
WASTE VOLUME: small (pickup truck)
WASTE ORIGIN: residential
PROPERTY TYPE: alley
ADDRESS MARKERS: NONE
GUTTER/ALLEY: Yes
WATER PROXIMITY: No
CHRONIC SITE: No
VEHICLES: <color, type, any text visible — or NONE>
IDENTIFIERS: <plates, signage, labels, individuals — or NONE>
SEVERITY: 1
ORDINANCE: N/A
PRIORITY: LOW
SUMMARY: No illegal dumping observed in the alleyway; no waste or debris present on the ground or near the vehicle."
20260602T140833Z,DT_10th_and_Madison_Jefferson_4_20260531T204000.jpg,,,dataset_20260531/DT_10th_and_Madison_Jefferson_4/DT_10th_and_Madison_Jefferson_4_20260531T204000.jpg,illegal_dumping,done,2026-06-02T14:20:51.493621+00:00,0.039,0.804,0.846,,nvidia/cosmos-reason2-8b,"```json
{
  ""DUMPING PRESENT"": ""No"",
  ""ORDINANCE VIOLATION"": ""No"",
  ""WASTE TYPE"": [],
  ""WASTE VOLUME"": ""small (pickup truck)"",
  ""WASTE ORIGIN"": ""unknown"",
  ""PROPERTY TYPE"": ""vacant-lot"",
  ""ADDRESS MARKERS"": ""NONE"",
  ""GUTTER/ALLEY"": ""Yes"",
  ""WATER PROXIMITY"": ""No"",
  ""CHRONIC SITE"": ""No"",
  ""VEHICLES"": ""NONE"",
  ""IDENTIFIERS"": ""NONE"",
  ""SEVERITY"": ""1"",
  ""ORDINANCE"": ""N/A"",
  ""PRIORITY"": ""LOW"",
  ""SUMMARY"": ""No illegal dumping detected; the scene shows a dark vehicle parked on a dirt road with no visible waste or debris.""
}
```"
20260602T140833Z,DT_10th_and_Madison_Jefferson_4_20260531T205000.jpg,,,dataset_20260531/DT_10th_and_Madison_Jefferson_4/DT_10th_and_Madison_Jefferson_4_20260531T205000.jpg,illegal_dumping,done,2026-06-02T14:20:51.724923+00:00,0.041,0.819,0.863,,nvidia/cosmos-reason2-8b,"```json
{
  ""DUMPING PRESENT"": ""No"",
  ""ORDINANCE VIOLATION"": ""No"",
  ""WASTE TYPE"": [],
  ""WASTE VOLUME"": ""small (pickup truck)"",
  ""WASTE ORIGIN"": ""unknown"",
  ""PROPERTY TYPE"": ""right-of-way"",
  ""ADDRESS MARKERS"": ""NONE"",
  ""GUTTER/ALLEY"": ""Yes"",
  ""WATER PROXIMITY"": ""No"",
  ""CHRONIC SITE"": ""No"",
  ""VEHICLES"": ""NONE"",
  ""IDENTIFIERS"": ""NONE"",
  ""SEVERITY"": ""1"",
  ""ORDINANCE"": ""N/A"",
  ""PRIORITY"": ""LOW"",
  ""SUMMARY"": ""No illegal dumping detected; the scene shows a dimly lit alleyway with no visible waste or violations.""
}
```"
20260602T140833Z,DT_10th_and_Madison_Jefferson_4_20260531T210000.jpg,,,dataset_20260531/DT_10th_and_Madison_Jefferson_4/DT_10th_and_Madison_Jefferson_4_20260531T210000.jpg,illegal_dumping,done,2026-06-02T14:20:51.913518+00:00,0.038,0.688,0.729,,nvidia/cosmos-reason2-8b,"DUMPING PRESENT: No
ORDINANCE VIOLATION: No
WASTE TYPE: mixed
WASTE VOLUME: small (pickup truck)
WASTE ORIGIN: residential
PROPERTY TYPE: alley
ADDRESS MARKERS: NONE
GUTTER/ALLEY: Yes
WATER PROXIMITY: No
CHRONIC SITE: No
VEHICLES: NONE
IDENTIFIERS: NONE
SEVERITY: 1
ORDINANCE: N/A
PRIORITY: LOW
SUMMARY: No illegal dumping is observed in the video."
20260602T140833Z,DT_10th_and_Madison_Jefferson_4_20260531T211000.jpg,,,dataset_20260531/DT_10th_and_Madison_Jefferson_4/DT_10th_and_Madison_Jefferson_4_20260531T211000.jpg,illegal_dumping,done,2026-06-02T14:20:52.058289+00:00,0.049,0.725,0.778,,nvidia/cosmos-reason2-8b,"DUMPING PRESENT: No
ORDINANCE VIOLATION: No
WASTE TYPE: mixed
WASTE VOLUME: small (pickup truck)
WASTE ORIGIN: residential
PROPERTY TYPE: alley
ADDRESS MARKERS: NONE
GUTTER/ALLEY: Yes
WATER PROXIMITY: No
CHRONIC SITE: No
VEHICLES: NONE
IDENTIFIERS: NONE
SEVERITY: 1
ORDINANCE: N/A
PRIORITY: LOW
SUMMARY: No illegal dumping is observed in the video."
20260602T140833Z,DT_10th_and_Madison_Jefferson_4_20260531T212000.jpg,,,dataset_20260531/DT_10th_and_Madison_Jefferson_4/DT_10th_and_Madison_Jefferson_4_20260531T212000.jpg,illegal_dumping,done,2026-06-02T14:20:52.342159+00:00,0.042,0.638,0.683,,nvidia/cosmos-reason2-8b,"DUMPING PRESENT: No
ORDINANCE VIOLATION: No
WASTE TYPE: mixed
WASTE VOLUME: small (pickup truck)
WASTE ORIGIN: residential
PROPERTY TYPE: alley
ADDRESS MARKERS: NONE
GUTTER/ALLEY: Yes
WATER PROXIMITY: No
CHRONIC SITE: No
VEHICLES: NONE
IDENTIFIERS: NONE
SEVERITY: 1
ORDINANCE: N/A
PRIORITY: LOW
SUMMARY: No illegal dumping is observed in the video."
20260602T140833Z,DT_10th_and_Madison_Jefferson_4_20260531T213000.jpg,,,dataset_20260531/DT_10th_and_Madison_Jefferson_4/DT_10th_and_Madison_Jefferson_4_20260531T213000.jpg,illegal_dumping,done,2026-06-02T14:20:52.590411+00:00,0.044,0.742,0.789,,nvidia/cosmos-reason2-8b,"DUMPING PRESENT: No
ORDINANCE VIOLATION: No
WASTE TYPE: mixed
WASTE VOLUME: small (pickup truck)
WASTE ORIGIN: residential
PROPERTY TYPE: alley
ADDRESS MARKERS: NONE
GUTTER/ALLEY: Yes
WATER PROXIMITY: No
CHRONIC SITE: No
VEHICLES: <color, type, any text visible — or NONE>
IDENTIFIERS: <plates, signage, labels, individuals — or NONE>
SEVERITY: 1
ORDINANCE: N/A
PRIORITY: LOW
SUMMARY: No illegal dumping is observed in the video."
20260602T140833Z,DT_10th_and_Madison_Jefferson_4_20260531T214000.jpg,,,dataset_20260531/DT_10th_and_Madison_Jefferson_4/DT_10th_and_Madison_Jefferson_4_20260531T214000.jpg,illegal_dumping,done,2026-06-02T14:20:52.645100+00:00,0.039,0.767,0.809,,nvidia/cosmos-reason2-8b,"DUMPING PRESENT: No
ORDINANCE VIOLATION: No
WASTE TYPE: mixed
WASTE VOLUME: small (pickup truck)
WASTE ORIGIN: residential
PROPERTY TYPE: alley
ADDRESS MARKERS: NONE
GUTTER/ALLEY: Yes
WATER PROXIMITY: No
CHRONIC SITE: No
VEHICLES: NONE
IDENTIFIERS: NONE
SEVERITY: 1
ORDINANCE: N/A
PRIORITY: LOW
SUMMARY: No illegal dumping is observed in the video."
20260602T140833Z,DT_10th_and_Madison_Jefferson_4_20260531T215000.jpg,,,dataset_20260531/DT_10th_and_Madison_Jefferson_4/DT_10th_and_Madison_Jefferson_4_20260531T215000.jpg,illegal_dumping,done,2026-06-02T14:20:52.838394+00:00,0.045,0.812,0.86,,nvidia/cosmos-reason2-8b,"DUMPING PRESENT: No
ORDINANCE VIOLATION: No
WASTE TYPE: mixed
WASTE VOLUME: small (pickup truck)
WASTE ORIGIN: residential
PROPERTY TYPE: right-of-way
ADDRESS MARKERS: NONE
GUTTER/ALLEY: No
WATER PROXIMITY: No
CHRONIC SITE: No
VEHICLES: <NONE>
IDENTIFIERS: <NONE>
SEVERITY: 1
ORDINANCE: N/A
PRIORITY: LOW
SUMMARY: No illegal dumping is observed in the video."
20260602T140833Z,DT_10th_and_Madison_Jefferson_4_20260531T220000.jpg,,,dataset_20260531/DT_10th_and_Madison_Jefferson_4/DT_10th_and_Madison_Jefferson_4_20260531T220000.jpg,illegal_dumping,done,2026-06-02T14:20:53.027292+00:00,0.043,0.821,0.867,,nvidia/cosmos-reason2-8b,"DUMPING PRESENT: No
ORDINANCE VIOLATION: No
WASTE TYPE: mixed
WASTE VOLUME: small (pickup truck)
WASTE ORIGIN: residential
PROPERTY TYPE: alley
ADDRESS MARKERS: NONE
GUTTER/ALLEY: Yes
WATER PROXIMITY: No
CHRONIC SITE: No
VEHICLES: <color, type, any text visible — or NONE>
IDENTIFIERS: <plates, signage, labels, individuals — or NONE>
SEVERITY: 1
ORDINANCE: N/A
PRIORITY: LOW
SUMMARY: No illegal dumping observed in the alleyway."
20260602T140833Z,DT_10th_and_Madison_Jefferson_4_20260531T221000.jpg,,,dataset_20260531/DT_10th_and_Madison_Jefferson_4/DT_10th_and_Madison_Jefferson_4_20260531T221000.jpg,illegal_dumping,done,2026-06-02T14:20:53.381726+00:00,0.045,0.701,0.75,,nvidia/cosmos-reason2-8b,"DUMPING PRESENT: No
ORDINANCE VIOLATION: No
WASTE TYPE: mixed
WASTE VOLUME: small (pickup truck)
WASTE ORIGIN: residential
PROPERTY TYPE: alley
ADDRESS MARKERS: NONE
GUTTER/ALLEY: Yes
WATER PROXIMITY: No
CHRONIC SITE: No
VEHICLES: NONE
IDENTIFIERS: NONE
SEVERITY: 1
ORDINANCE: N/A
PRIORITY: LOW
SUMMARY: No illegal dumping is observed in the video."
20260602T140833Z,DT_10th_and_Madison_Jefferson_4_20260531T222000.jpg,,,dataset_20260531/DT_10th_and_Madison_Jefferson_4/DT_10th_and_Madison_Jefferson_4_20260531T222000.jpg,illegal_dumping,done,2026-06-02T14:20:53.456025+00:00,0.047,0.822,0.872,,nvidia/cosmos-reason2-8b,"DUMPING PRESENT: No
ORDINANCE VIOLATION: No
WASTE TYPE: mixed
WASTE VOLUME: small (pickup truck)
WASTE ORIGIN: residential
PROPERTY TYPE: right-of-way
ADDRESS MARKERS: NONE
GUTTER/ALLEY: No
WATER PROXIMITY: No
CHRONIC SITE: No
VEHICLES: <color, type, any text visible — or NONE>
IDENTIFIERS: <plates, signage, labels, individuals — or NONE>
SEVERITY: 1
ORDINANCE: N/A
PRIORITY: LOW
SUMMARY: No illegal dumping is observed in the video."
20260602T140833Z,DT_10th_and_Madison_Jefferson_4_20260531T223000.jpg,,,dataset_20260531/DT_10th_and_Madison_Jefferson_4/DT_10th_and_Madison_Jefferson_4_20260531T223000.jpg,illegal_dumping,done,2026-06-02T14:20:53.701265+00:00,0.038,0.802,0.844,,nvidia/cosmos-reason2-8b,"DUMPING PRESENT: No
ORDINANCE VIOLATION: No
WASTE TYPE: mixed
WASTE VOLUME: small (pickup truck)
WASTE ORIGIN: residential
PROPERTY TYPE: vacant-lot
ADDRESS MARKERS: NONE
GUTTER/ALLEY: No
WATER PROXIMITY: No
CHRONIC SITE: No
VEHICLES: <color, type, any text visible — or NONE>
IDENTIFIERS: <plates, signage, labels, individuals — or NONE>
SEVERITY: 1
ORDINANCE: N/A
PRIORITY: LOW
SUMMARY: No illegal dumping observed; the scene shows a dark vehicle on a road with no visible waste or violations."
20260602T140833Z,DT_10th_and_Madison_Jefferson_4_20260531T224000.jpg,,,dataset_20260531/DT_10th_and_Madison_Jefferson_4/DT_10th_and_Madison_Jefferson_4_20260531T224000.jpg,illegal_dumping,done,2026-06-02T14:20:53.897365+00:00,0.05,0.7,0.753,,nvidia/cosmos-reason2-8b,"DUMPING PRESENT: No
ORDINANCE VIOLATION: No
WASTE TYPE: mixed
WASTE VOLUME: small (pickup truck)
WASTE ORIGIN: residential
PROPERTY TYPE: vacant-lot
ADDRESS MARKERS: NONE
GUTTER/ALLEY: No
WATER PROXIMITY: No
CHRONIC SITE: No
VEHICLES: NONE
IDENTIFIERS: NONE
SEVERITY: 1
ORDINANCE: N/A
PRIORITY: LOW
SUMMARY: No illegal dumping detected in the video."
20260602T140833Z,DT_10th_and_Madison_Jefferson_4_20260531T225000.jpg,,,dataset_20260531/DT_10th_and_Madison_Jefferson_4/DT_10th_and_Madison_Jefferson_4_20260531T225000.jpg,illegal_dumping,done,2026-06-02T14:20:54.134498+00:00,0.042,0.701,0.746,,nvidia/cosmos-reason2-8b,"DUMPING PRESENT: No
ORDINANCE VIOLATION: No
WASTE TYPE: mixed
WASTE VOLUME: small (pickup truck)
WASTE ORIGIN: residential
PROPERTY TYPE: alley
ADDRESS MARKERS: NONE
GUTTER/ALLEY: Yes
WATER PROXIMITY: No
CHRONIC SITE: No
VEHICLES: NONE
IDENTIFIERS: NONE
SEVERITY: 1
ORDINANCE: N/A
PRIORITY: LOW
SUMMARY: No illegal dumping is observed in the video; the scene appears to be a dark alley with no visible waste or debris."
20260602T140833Z,DT_10th_and_Madison_Jefferson_4_20260531T230000.jpg,,,dataset_20260531/DT_10th_and_Madison_Jefferson_4/DT_10th_and_Madison_Jefferson_4_20260531T230000.jpg,illegal_dumping,done,2026-06-02T14:20:54.330389+00:00,0.041,0.659,0.703,,nvidia/cosmos-reason2-8b,"DUMPING PRESENT: No
ORDINANCE VIOLATION: No
WASTE TYPE: mixed
WASTE VOLUME: small (pickup truck)
WASTE ORIGIN: residential
PROPERTY TYPE: alley
ADDRESS MARKERS: NONE
GUTTER/ALLEY: Yes
WATER PROXIMITY: No
CHRONIC SITE: No
VEHICLES: NONE
IDENTIFIERS: NONE
SEVERITY: 1
ORDINANCE: N/A
PRIORITY: LOW
SUMMARY: No illegal dumping is observed in the alleyway."
20260602T140833Z,DT_10th_and_Madison_Jefferson_4_20260531T231000.jpg,,,dataset_20260531/DT_10th_and_Madison_Jefferson_4/DT_10th_and_Madison_Jefferson_4_20260531T231000.jpg,illegal_dumping,done,2026-06-02T14:20:54.547619+00:00,0.037,0.985,1.026,,nvidia/cosmos-reason2-8b,"DUMPING PRESENT: No
ORDINANCE VIOLATION: No
WASTE TYPE: mixed
WASTE VOLUME: small (pickup truck)
WASTE ORIGIN: residential
PROPERTY TYPE: alley
ADDRESS MARKERS: NONE
GUTTER/ALLEY: Yes
WATER PROXIMITY: No
CHRONIC SITE: No
VEHICLES: <color, type, any text visible — or NONE>
IDENTIFIERS: <plates, signage, labels, individuals — or NONE>
SEVERITY: 1
ORDINANCE: N/A
PRIORITY: LOW
SUMMARY: No illegal dumping observed; scene appears clear with no visible waste or violations."
20260602T140833Z,DT_10th_and_Madison_Jefferson_4_20260531T232000.jpg,,,dataset_20260531/DT_10th_and_Madison_Jefferson_4/DT_10th_and_Madison_Jefferson_4_20260531T232000.jpg,illegal_dumping,done,2026-06-02T14:20:54.652618+00:00,0.048,0.828,0.878,,nvidia/cosmos-reason2-8b,"DUMPING PRESENT: No
ORDINANCE VIOLATION: No
WASTE TYPE: <none detected>
WASTE VOLUME: <not applicable>
WASTE ORIGIN: <unknown>
PROPERTY TYPE: right-of-way
ADDRESS MARKERS: NONE
GUTTER/ALLEY: Yes
WATER PROXIMITY: No
CHRONIC SITE: No
VEHICLES: NONE
IDENTIFIERS: <none>
SEVERITY: 1
ORDINANCE: N/A
PRIORITY: LOW
SUMMARY: No illegal dumping observed; the scene shows a dark, foggy alleyway with no visible waste or vehicles."
20260602T140833Z,DT_10th_and_Madison_Jefferson_4_20260531T233000.jpg,,,dataset_20260531/DT_10th_and_Madison_Jefferson_4/DT_10th_and_Madison_Jefferson_4_20260531T233000.jpg,illegal_dumping,done,2026-06-02T14:20:54.883071+00:00,0.04,0.709,0.752,,nvidia/cosmos-reason2-8b,"DUMPING PRESENT: No
ORDINANCE VIOLATION: No
WASTE TYPE: mixed
WASTE VOLUME: small (pickup truck)
WASTE ORIGIN: residential
PROPERTY TYPE: alley
ADDRESS MARKERS: NONE
GUTTER/ALLEY: Yes
WATER PROXIMITY: No
CHRONIC SITE: No
VEHICLES: NONE
IDENTIFIERS: NONE
SEVERITY: 1
ORDINANCE: N/A
PRIORITY: LOW
SUMMARY: No illegal dumping is observed in the video."
20260602T140833Z,DT_10th_and_Madison_Jefferson_4_20260531T234000.jpg,,,dataset_20260531/DT_10th_and_Madison_Jefferson_4/DT_10th_and_Madison_Jefferson_4_20260531T234000.jpg,illegal_dumping,done,2026-06-02T14:20:55.035968+00:00,0.037,0.905,0.944,,nvidia/cosmos-reason2-8b,"DUMPING PRESENT: No
ORDINANCE VIOLATION: No
WASTE TYPE: <none detected>
WASTE VOLUME: <not applicable>
WASTE ORIGIN: <unknown>
PROPERTY TYPE: right-of-way
ADDRESS MARKERS: NONE
GUTTER/ALLEY: No
WATER PROXIMITY: No
CHRONIC SITE: No
VEHICLES: <color, type, any text visible — or NONE>
IDENTIFIERS: <plates, signage, labels, individuals — or NONE>
SEVERITY: 1
ORDINANCE: N/A
PRIORITY: LOW
SUMMARY: No illegal dumping observed; the scene appears to be a dimly lit road with no visible waste or violations."
20260602T140833Z,DT_10th_and_Madison_Jefferson_4_20260531T235000.jpg,,,dataset_20260531/DT_10th_and_Madison_Jefferson_4/DT_10th_and_Madison_Jefferson_4_20260531T235000.jpg,illegal_dumping,done,2026-06-02T14:20:55.533258+00:00,0.041,0.669,0.714,,nvidia/cosmos-reason2-8b,"DUMPING PRESENT: No
ORDINANCE VIOLATION: No
WASTE TYPE: mixed
WASTE VOLUME: small (pickup truck)
WASTE ORIGIN: residential
PROPERTY TYPE: vacant-lot
ADDRESS MARKERS: NONE
GUTTER/ALLEY: No
WATER PROXIMITY: No
CHRONIC SITE: No
VEHICLES: NONE
IDENTIFIERS: NONE
SEVERITY: 1
ORDINANCE: N/A
PRIORITY: LOW
SUMMARY: No illegal dumping detected in the video."
20260602T140833Z,DT_12th_and_Madison_1_20260531T000000.jpg,,,dataset_20260531/DT_12th_and_Madison_1/DT_12th_and_Madison_1_20260531T000000.jpg,illegal_dumping,done,2026-06-02T14:20:56.283514+00:00,0.166,1.3,1.49,,nvidia/cosmos-reason2-8b,"DUMPING PRESENT: No
ORDINANCE VIOLATION: No
WASTE TYPE: mixed
WASTE VOLUME: small (pickup truck)
WASTE ORIGIN: residential
PROPERTY TYPE: right-of-way
ADDRESS MARKERS: NONE
GUTTER/ALLEY: Yes
WATER PROXIMITY: No
CHRONIC SITE: No
VEHICLES: NONE
IDENTIFIERS: NONE
SEVERITY: 1
ORDINANCE: N/A
PRIORITY: LOW
SUMMARY: No illegal dumping detected; the scene shows a quiet street with no visible waste or debris."
20260602T140833Z,DT_12th_and_Madison_1_20260531T001000.jpg,,,dataset_20260531/DT_12th_and_Madison_1/DT_12th_and_Madison_1_20260531T001000.jpg,illegal_dumping,done,2026-06-02T14:20:56.284142+00:00,0.164,1.033,1.22,,nvidia/cosmos-reason2-8b,"DUMPING PRESENT: No
ORDINANCE VIOLATION: No
WASTE TYPE: mixed
WASTE VOLUME: small (pickup truck)
WASTE ORIGIN: residential
PROPERTY TYPE: alley
ADDRESS MARKERS: NONE
GUTTER/ALLEY: Yes
WATER PROXIMITY: No
CHRONIC SITE: No
VEHICLES: NONE
IDENTIFIERS: NONE
SEVERITY: 1
ORDINANCE: N/A
PRIORITY: LOW
SUMMARY: No illegal dumping observed in the alleyway; the scene appears clean with no visible waste or debris."
20260602T140833Z,DT_12th_and_Madison_1_20260531T002000.jpg,,,dataset_20260531/DT_12th_and_Madison_1/DT_12th_and_Madison_1_20260531T002000.jpg,illegal_dumping,done,2026-06-02T14:20:56.284659+00:00,0.165,1.113,1.301,,nvidia/cosmos-reason2-8b,"DUMPING PRESENT: No
ORDINANCE VIOLATION: No
WASTE TYPE: mixed
WASTE VOLUME: small (pickup truck)
WASTE ORIGIN: residential
PROPERTY TYPE: right-of-way
ADDRESS MARKERS: NONE
GUTTER/ALLEY: No
WATER PROXIMITY: No
CHRONIC SITE: No
VEHICLES: NONE
IDENTIFIERS: NONE
SEVERITY: 1
ORDINANCE: N/A
PRIORITY: LOW
SUMMARY: No illegal dumping detected; the scene shows a quiet street with no visible waste or debris."
20260602T140833Z,DT_12th_and_Madison_1_20260531T003000.jpg,,,dataset_20260531/DT_12th_and_Madison_1/DT_12th_and_Madison_1_20260531T003000.jpg,illegal_dumping,done,2026-06-02T14:20:56.285605+00:00,0.165,0.936,1.123,,nvidia/cosmos-reason2-8b,"```json
{
  ""DUMPING PRESENT"": ""No"",
  ""ORDINANCE VIOLATION"": ""No"",
  ""WASTE TYPE"": [],
  ""WASTE VOLUME"": ""small (pickup truck)"",
  ""WASTE ORIGIN"": ""residential"",
  ""PROPERTY TYPE"": ""right-of-way"",
  ""ADDRESS MARKERS"": ""NONE"",
  ""GUTTER/ALLEY"": ""Yes"",
  ""WATER PROXIMITY"": ""No"",
  ""CHRONIC SITE"": ""No"",
  ""VEHICLES"": ""NONE"",
  ""IDENTIFIERS"": ""NONE"",
  ""SEVERITY"": ""1"",
  ""ORDINANCE"": ""N/A"",
  ""PRIORITY"": ""LOW"",
  ""SUMMARY"": ""No illegal dumping detected in the video; the scene shows a quiet urban alleyway with no visible waste or debris.""
}
```"
20260602T140833Z,DT_12th_and_Madison_1_20260531T004000.jpg,,,dataset_20260531/DT_12th_and_Madison_1/DT_12th_and_Madison_1_20260531T004000.jpg,illegal_dumping,done,2026-06-02T14:20:57.412677+00:00,0.042,0.806,0.852,,nvidia/cosmos-reason2-8b,"```json
{
  ""DUMPING PRESENT"": ""No"",
  ""ORDINANCE VIOLATION"": ""No"",
  ""WASTE TYPE"": [],
  ""WASTE VOLUME"": ""small (pickup truck)"",
  ""WASTE ORIGIN"": ""unknown"",
  ""PROPERTY TYPE"": ""right-of-way"",
  ""ADDRESS MARKERS"": ""NONE"",
  ""GUTTER/ALLEY"": ""Yes"",
  ""WATER PROXIMITY"": ""No"",
  ""CHRONIC SITE"": ""No"",
  ""VEHICLES"": ""NONE"",
  ""IDENTIFIERS"": ""NONE"",
  ""SEVERITY"": ""1"",
  ""ORDINANCE"": ""N/A"",
  ""PRIORITY"": ""LOW"",
  ""SUMMARY"": ""No illegal dumping detected; the scene shows a quiet urban alleyway with no visible waste or debris.""
}
```"
20260602T140833Z,DT_12th_and_Madison_1_20260531T005000.jpg,,,dataset_20260531/DT_12th_and_Madison_1/DT_12th_and_Madison_1_20260531T005000.jpg,illegal_dumping,done,2026-06-02T14:20:57.506704+00:00,0.038,0.998,1.039,,nvidia/cosmos-reason2-8b,"DUMPING PRESENT: No
ORDINANCE VIOLATION: No
WASTE TYPE: mixed
WASTE VOLUME: small (pickup truck)
WASTE ORIGIN: residential
PROPERTY TYPE: right-of-way
ADDRESS MARKERS: NONE
GUTTER/ALLEY: No
WATER PROXIMITY: No
CHRONIC SITE: No
VEHICLES: NONE
IDENTIFIERS: NONE
SEVERITY: 1
ORDINANCE: N/A
PRIORITY: LOW
SUMMARY: No illegal dumping detected in the video."
20260602T140833Z,DT_12th_and_Madison_1_20260531T010000.jpg,,,dataset_20260531/DT_12th_and_Madison_1/DT_12th_and_Madison_1_20260531T010000.jpg,illegal_dumping,done,2026-06-02T14:20:57.588200+00:00,0.04,0.868,0.913,,nvidia/cosmos-reason2-8b,"DUMPING PRESENT: No
ORDINANCE VIOLATION: No
WASTE TYPE: mixed
WASTE VOLUME: small (pickup truck)
WASTE ORIGIN: residential
PROPERTY TYPE: right-of-way
ADDRESS MARKERS: NONE
GUTTER/ALLEY: Yes
WATER PROXIMITY: No
CHRONIC SITE: No
VEHICLES: NONE
IDENTIFIERS: NONE
SEVERITY: 1
ORDINANCE: N/A
PRIORITY: LOW
SUMMARY: No illegal dumping detected; the scene shows a quiet street with no visible waste or debris."
20260602T140833Z,DT_12th_and_Madison_1_20260531T011000.jpg,,,dataset_20260531/DT_12th_and_Madison_1/DT_12th_and_Madison_1_20260531T011000.jpg,illegal_dumping,done,2026-06-02T14:20:57.775861+00:00,0.043,0.898,0.946,,nvidia/cosmos-reason2-8b,"DUMPING PRESENT: No
ORDINANCE VIOLATION: No
WASTE TYPE: mixed
WASTE VOLUME: small (pickup truck)
WASTE ORIGIN: residential
PROPERTY TYPE: occupied-private
ADDRESS MARKERS: NONE
GUTTER/ALLEY: No
WATER PROXIMITY: No
CHRONIC SITE: No
VEHICLES: NONE
IDENTIFIERS: NONE
SEVERITY: 1
ORDINANCE: N/A
PRIORITY: LOW
SUMMARY: No illegal dumping detected in the video."
20260602T140833Z,DT_12th_and_Madison_1_20260531T012000.jpg,,,dataset_20260531/DT_12th_and_Madison_1/DT_12th_and_Madison_1_20260531T012000.jpg,illegal_dumping,done,2026-06-02T14:20:58.267717+00:00,0.055,0.784,0.844,,nvidia/cosmos-reason2-8b,"DUMPING PRESENT: No
ORDINANCE VIOLATION: No
WASTE TYPE: mixed
WASTE VOLUME: small (pickup truck)
WASTE ORIGIN: residential
PROPERTY TYPE: vacant-lot
ADDRESS MARKERS: NONE
GUTTER/ALLEY: No
WATER PROXIMITY: No
CHRONIC SITE: No
VEHICLES: NONE
IDENTIFIERS: NONE
SEVERITY: 1
ORDINANCE: N/A
PRIORITY: LOW
SUMMARY: No illegal dumping detected; the scene shows a green background with no visible waste or property details for enforcement."
20260602T140833Z,DT_12th_and_Madison_1_20260531T013000.jpg,,,dataset_20260531/DT_12th_and_Madison_1/DT_12th_and_Madison_1_20260531T013000.jpg,illegal_dumping,done,2026-06-02T14:20:58.503469+00:00,0.041,0.835,0.881,,nvidia/cosmos-reason2-8b,"```json
{
  ""DUMPING PRESENT"": ""No"",
  ""ORDINANCE VIOLATION"": ""No"",
  ""WASTE TYPE"": [],
  ""WASTE VOLUME"": ""small (pickup truck)"",
  ""WASTE ORIGIN"": ""unknown"",
  ""PROPERTY TYPE"": ""right-of-way"",
  ""ADDRESS MARKERS"": ""NONE"",
  ""GUTTER/ALLEY"": ""Yes"",
  ""WATER PROXIMITY"": ""No"",
  ""CHRONIC SITE"": ""No"",
  ""VEHICLES"": ""NONE"",
  ""IDENTIFIERS"": ""NONE"",
  ""SEVERITY"": ""1"",
  ""ORDINANCE"": ""N/A"",
  ""PRIORITY"": ""LOW"",
  ""SUMMARY"": ""No illegal dumping detected; the scene shows a quiet alleyway with no visible waste or debris.""
}
```"
20260602T140833Z,DT_12th_and_Madison_1_20260531T014000.jpg,,,dataset_20260531/DT_12th_and_Madison_1/DT_12th_and_Madison_1_20260531T014000.jpg,illegal_dumping,done,2026-06-02T14:20:58.548477+00:00,0.046,0.942,0.993,,nvidia/cosmos-reason2-8b,"DUMPING PRESENT: No
ORDINANCE VIOLATION: No
WASTE TYPE: mixed
WASTE VOLUME: small (pickup truck)
WASTE ORIGIN: residential
PROPERTY TYPE: occupied-private
ADDRESS MARKERS: NONE
GUTTER/ALLEY: No
WATER PROXIMITY: No
CHRONIC SITE: No
VEHICLES: NONE
IDENTIFIERS: NONE
SEVERITY: 1
ORDINANCE: N/A
PRIORITY: LOW
SUMMARY: No illegal dumping detected in the video."
20260602T140833Z,DT_12th_and_Madison_1_20260531T015000.jpg,,,dataset_20260531/DT_12th_and_Madison_1/DT_12th_and_Madison_1_20260531T015000.jpg,illegal_dumping,done,2026-06-02T14:20:58.724851+00:00,0.037,0.906,0.946,,nvidia/cosmos-reason2-8b,"DUMPING PRESENT: No
ORDINANCE VIOLATION: No
WASTE TYPE: mixed
WASTE VOLUME: small (pickup truck)
WASTE ORIGIN: residential
PROPERTY TYPE: occupied-private
ADDRESS MARKERS: <NONE>
GUTTER/ALLEY: No
WATER PROXIMITY: No
CHRONIC SITE: No
VEHICLES: <NONE>
IDENTIFIERS: <NONE>
SEVERITY: 1
ORDINANCE: N/A
PRIORITY: LOW
SUMMARY: No illegal dumping detected in the video."
20260602T140833Z,DT_12th_and_Madison_1_20260531T020000.jpg,,,dataset_20260531/DT_12th_and_Madison_1/DT_12th_and_Madison_1_20260531T020000.jpg,illegal_dumping,done,2026-06-02T14:20:59.114409+00:00,0.046,0.672,0.731,,nvidia/cosmos-reason2-8b,"DUMPING PRESENT: No
ORDINANCE VIOLATION: No
WASTE TYPE: mixed
WASTE VOLUME: small (pickup truck)
WASTE ORIGIN: residential
PROPERTY TYPE: right-of-way
ADDRESS MARKERS: NONE
GUTTER/ALLEY: Yes
WATER PROXIMITY: No
CHRONIC SITE: No
VEHICLES: NONE
IDENTIFIERS: NONE
SEVERITY: 1
ORDINANCE: N/A
PRIORITY: LOW
SUMMARY: No illegal dumping observed; the scene shows a quiet street with no visible waste or debris."
20260602T140833Z,DT_12th_and_Madison_1_20260531T021000.jpg,,,dataset_20260531/DT_12th_and_Madison_1/DT_12th_and_Madison_1_20260531T021000.jpg,illegal_dumping,done,2026-06-02T14:20:59.387574+00:00,0.043,0.645,0.692,,nvidia/cosmos-reason2-8b,"DUMPING PRESENT: No
ORDINANCE VIOLATION: No
WASTE TYPE: mixed
WASTE VOLUME: small (pickup truck)
WASTE ORIGIN: residential
PROPERTY TYPE: vacant-lot
ADDRESS MARKERS: NONE
GUTTER/ALLEY: No
WATER PROXIMITY: No
CHRONIC SITE: No
VEHICLES: NONE
IDENTIFIERS: NONE
SEVERITY: 1
ORDINANCE: N/A
PRIORITY: LOW
SUMMARY: No illegal dumping detected in the video."
20260602T140833Z,DT_12th_and_Madison_1_20260531T022000.jpg,,,dataset_20260531/DT_12th_and_Madison_1/DT_12th_and_Madison_1_20260531T022000.jpg,illegal_dumping,done,2026-06-02T14:20:59.544337+00:00,0.045,0.726,0.775,,nvidia/cosmos-reason2-8b,"DUMPING PRESENT: No
ORDINANCE VIOLATION: No
WASTE TYPE: mixed
WASTE VOLUME: small (pickup truck)
WASTE ORIGIN: residential
PROPERTY TYPE: vacant-lot
ADDRESS MARKERS: NONE
GUTTER/ALLEY: No
WATER PROXIMITY: No
CHRONIC SITE: No
VEHICLES: NONE
IDENTIFIERS: NONE
SEVERITY: 1
ORDINANCE: N/A
PRIORITY: LOW
SUMMARY: No illegal dumping detected in the video."
20260602T140833Z,DT_12th_and_Madison_1_20260531T023000.jpg,,,dataset_20260531/DT_12th_and_Madison_1/DT_12th_and_Madison_1_20260531T023000.jpg,illegal_dumping,done,2026-06-02T14:20:59.673783+00:00,0.037,0.781,0.822,,nvidia/cosmos-reason2-8b,"DUMPING PRESENT: No
ORDINANCE VIOLATION: No
WASTE TYPE: mixed
WASTE VOLUME: small (pickup truck)
WASTE ORIGIN: residential
PROPERTY TYPE: occupied-private
ADDRESS MARKERS: NONE
GUTTER/ALLEY: No
WATER PROXIMITY: No
CHRONIC SITE: No
VEHICLES: NONE
IDENTIFIERS: NONE
SEVERITY: 1
ORDINANCE: N/A
PRIORITY: LOW
SUMMARY: No illegal dumping detected in the video."
20260602T140833Z,DT_12th_and_Madison_1_20260531T024000.jpg,,,dataset_20260531/DT_12th_and_Madison_1/DT_12th_and_Madison_1_20260531T024000.jpg,illegal_dumping,done,2026-06-02T14:20:59.847693+00:00,0.036,0.811,0.851,,nvidia/cosmos-reason2-8b,"DUMPING PRESENT: No
ORDINANCE VIOLATION: No
WASTE TYPE: mixed
WASTE VOLUME: small (pickup truck)
WASTE ORIGIN: residential
PROPERTY TYPE: vacant-lot
ADDRESS MARKERS: NONE
GUTTER/ALLEY: No
WATER PROXIMITY: No
CHRONIC SITE: No
VEHICLES: NONE
IDENTIFIERS: NONE
SEVERITY: 1
ORDINANCE: N/A
PRIORITY: LOW
SUMMARY: No illegal dumping detected in the video."
20260602T140833Z,DT_12th_and_Madison_1_20260531T025000.jpg,,,dataset_20260531/DT_12th_and_Madison_1/DT_12th_and_Madison_1_20260531T025000.jpg,illegal_dumping,done,2026-06-02T14:21:00.082653+00:00,0.042,0.699,0.745,,nvidia/cosmos-reason2-8b,"DUMPING PRESENT: No
ORDINANCE VIOLATION: No
WASTE TYPE: mixed
WASTE VOLUME: small (pickup truck)
WASTE ORIGIN: residential
PROPERTY TYPE: vacant-lot
ADDRESS MARKERS: NONE
GUTTER/ALLEY: No
WATER PROXIMITY: No
CHRONIC SITE: No
VEHICLES: NONE
IDENTIFIERS: NONE
SEVERITY: 1
ORDINANCE: N/A
PRIORITY: LOW
SUMMARY: No illegal dumping detected in the video."
20260602T140833Z,DT_12th_and_Madison_1_20260531T030000.jpg,,,dataset_20260531/DT_12th_and_Madison_1/DT_12th_and_Madison_1_20260531T030000.jpg,illegal_dumping,done,2026-06-02T14:21:00.322100+00:00,0.043,0.654,0.701,,nvidia/cosmos-reason2-8b,"DUMPING PRESENT: No
ORDINANCE VIOLATION: No
WASTE TYPE: mixed
WASTE VOLUME: small (pickup truck)
WASTE ORIGIN: residential
PROPERTY TYPE: right-of-way
ADDRESS MARKERS: NONE
GUTTER/ALLEY: No
WATER PROXIMITY: No
CHRONIC SITE: No
VEHICLES: NONE
IDENTIFIERS: NONE
SEVERITY: 1
ORDINANCE: N/A
PRIORITY: LOW
SUMMARY: No illegal dumping detected in the video."
20260602T140833Z,DT_12th_and_Madison_1_20260531T031000.jpg,,,dataset_20260531/DT_12th_and_Madison_1/DT_12th_and_Madison_1_20260531T031000.jpg,illegal_dumping,done,2026-06-02T14:21:00.498133+00:00,0.043,0.707,0.754,,nvidia/cosmos-reason2-8b,"DUMPING PRESENT: No
ORDINANCE VIOLATION: No
WASTE TYPE: mixed
WASTE VOLUME: small (pickup truck)
WASTE ORIGIN: residential
PROPERTY TYPE: right-of-way
ADDRESS MARKERS: NONE
GUTTER/ALLEY: Yes
WATER PROXIMITY: No
CHRONIC SITE: No
VEHICLES: NONE
IDENTIFIERS: NONE
SEVERITY: 1
ORDINANCE: N/A
PRIORITY: LOW
SUMMARY: No illegal dumping detected; the scene shows a quiet street with no visible waste or debris."
20260602T140833Z,DT_12th_and_Madison_1_20260531T032000.jpg,,,dataset_20260531/DT_12th_and_Madison_1/DT_12th_and_Madison_1_20260531T032000.jpg,illegal_dumping,done,2026-06-02T14:21:00.701172+00:00,0.04,0.724,0.768,,nvidia/cosmos-reason2-8b,"DUMPING PRESENT: No
ORDINANCE VIOLATION: No
WASTE TYPE: mixed
WASTE VOLUME: small (pickup truck)
WASTE ORIGIN: residential
PROPERTY TYPE: vacant-lot
ADDRESS MARKERS: <NONE>
GUTTER/ALLEY: No
WATER PROXIMITY: No
CHRONIC SITE: No
VEHICLES: <NONE>
IDENTIFIERS: <NONE>
SEVERITY: 1
ORDINANCE: N/A
PRIORITY: LOW
SUMMARY: No illegal dumping is observed in the video."
20260602T140833Z,DT_12th_and_Madison_1_20260531T033000.jpg,,,dataset_20260531/DT_12th_and_Madison_1/DT_12th_and_Madison_1_20260531T033000.jpg,illegal_dumping,done,2026-06-02T14:21:00.830144+00:00,0.042,0.77,0.816,,nvidia/cosmos-reason2-8b,"DUMPING PRESENT: No
ORDINANCE VIOLATION: No
WASTE TYPE: mixed
WASTE VOLUME: small (pickup truck)
WASTE ORIGIN: residential
PROPERTY TYPE: right-of-way
ADDRESS MARKERS: NONE
GUTTER/ALLEY: Yes
WATER PROXIMITY: No
CHRONIC SITE: No
VEHICLES: NONE
IDENTIFIERS: NONE
SEVERITY: 1
ORDINANCE: N/A
PRIORITY: LOW
SUMMARY: No illegal dumping detected; the scene shows a quiet street with no visible waste or debris."
20260602T140833Z,DT_12th_and_Madison_1_20260531T034000.jpg,,,dataset_20260531/DT_12th_and_Madison_1/DT_12th_and_Madison_1_20260531T034000.jpg,illegal_dumping,done,2026-06-02T14:21:01.025529+00:00,0.04,0.689,0.732,,nvidia/cosmos-reason2-8b,"DUMPING PRESENT: No
ORDINANCE VIOLATION: No
WASTE TYPE: mixed
WASTE VOLUME: small (pickup truck)
WASTE ORIGIN: residential
PROPERTY TYPE: right-of-way
ADDRESS MARKERS: NONE
GUTTER/ALLEY: No
WATER PROXIMITY: No
CHRONIC SITE: No
VEHICLES: NONE
IDENTIFIERS: NONE
SEVERITY: 1
ORDINANCE: N/A
PRIORITY: LOW
SUMMARY: No illegal dumping is observed in the video."
20260602T140833Z,DT_12th_and_Madison_1_20260531T035000.jpg,,,dataset_20260531/DT_12th_and_Madison_1/DT_12th_and_Madison_1_20260531T035000.jpg,illegal_dumping,done,2026-06-02T14:21:01.254983+00:00,0.052,0.816,0.872,,nvidia/cosmos-reason2-8b,"```json
{
  ""DUMPING PRESENT"": ""No"",
  ""ORDINANCE VIOLATION"": ""No"",
  ""WASTE TYPE"": [],
  ""WASTE VOLUME"": ""small (pickup truck)"",
  ""WASTE ORIGIN"": ""unknown"",
  ""PROPERTY TYPE"": ""vacant-lot"",
  ""ADDRESS MARKERS"": ""NONE"",
  ""GUTTER/ALLEY"": ""Yes"",
  ""WATER PROXIMITY"": ""No"",
  ""CHRONIC SITE"": ""No"",
  ""VEHICLES"": ""NONE"",
  ""IDENTIFIERS"": ""NONE"",
  ""SEVERITY"": ""1"",
  ""ORDINANCE"": ""N/A"",
  ""PRIORITY"": ""LOW"",
  ""SUMMARY"": ""No illegal dumping detected; the area appears clean with no visible waste or debris.""
}
```"
20260602T140833Z,DT_12th_and_Madison_1_20260531T040000.jpg,,,dataset_20260531/DT_12th_and_Madison_1/DT_12th_and_Madison_1_20260531T040000.jpg,illegal_dumping,done,2026-06-02T14:21:01.471550+00:00,0.039,0.666,0.711,,nvidia/cosmos-reason2-8b,"DUMPING PRESENT: No
ORDINANCE VIOLATION: No
WASTE TYPE: mixed
WASTE VOLUME: small (pickup truck)
WASTE ORIGIN: residential
PROPERTY TYPE: right-of-way
ADDRESS MARKERS: NONE
GUTTER/ALLEY: Yes
WATER PROXIMITY: No
CHRONIC SITE: No
VEHICLES: NONE
IDENTIFIERS: NONE
SEVERITY: 1
ORDINANCE: N/A
PRIORITY: LOW
SUMMARY: No illegal dumping is observed in the video; the scene shows a quiet street with no visible waste or debris."
20260602T140833Z,DT_12th_and_Madison_1_20260531T041000.jpg,,,dataset_20260531/DT_12th_and_Madison_1/DT_12th_and_Madison_1_20260531T041000.jpg,illegal_dumping,done,2026-06-02T14:21:01.648436+00:00,0.039,0.709,0.753,,nvidia/cosmos-reason2-8b,"DUMPING PRESENT: No
ORDINANCE VIOLATION: No
WASTE TYPE: mixed
WASTE VOLUME: small (pickup truck)
WASTE ORIGIN: residential
PROPERTY TYPE: right-of-way
ADDRESS MARKERS: NONE
GUTTER/ALLEY: Yes
WATER PROXIMITY: No
CHRONIC SITE: No
VEHICLES: NONE
IDENTIFIERS: NONE
SEVERITY: 1
ORDINANCE: N/A
PRIORITY: LOW
SUMMARY: No illegal dumping detected; the scene shows a quiet street with no visible waste or debris."
20260602T140833Z,DT_12th_and_Madison_1_20260531T042000.jpg,,,dataset_20260531/DT_12th_and_Madison_1/DT_12th_and_Madison_1_20260531T042000.jpg,illegal_dumping,done,2026-06-02T14:21:01.759696+00:00,0.054,0.857,0.914,,nvidia/cosmos-reason2-8b,"DUMPING PRESENT: No
ORDINANCE VIOLATION: No
WASTE TYPE: mixed
WASTE VOLUME: small (pickup truck)
WASTE ORIGIN: residential
PROPERTY TYPE: occupied-private
ADDRESS MARKERS: <NONE>
GUTTER/ALLEY: No
WATER PROXIMITY: No
CHRONIC SITE: No
VEHICLES: <NONE>
IDENTIFIERS: <NONE>
SEVERITY: 1
ORDINANCE: N/A
PRIORITY: LOW
SUMMARY: No illegal dumping observed; the scene appears to be a residential area without visible waste or debris."
20260602T140833Z,DT_12th_and_Madison_1_20260531T043000.jpg,,,dataset_20260531/DT_12th_and_Madison_1/DT_12th_and_Madison_1_20260531T043000.jpg,illegal_dumping,done,2026-06-02T14:21:02.129235+00:00,0.043,0.677,0.723,,nvidia/cosmos-reason2-8b,"DUMPING PRESENT: No
ORDINANCE VIOLATION: No
WASTE TYPE: N/A
WASTE VOLUME: N/A
WASTE ORIGIN: N/A
PROPERTY TYPE: N/A
ADDRESS MARKERS: NONE
GUTTER/ALLEY: No
WATER PROXIMITY: No
CHRONIC SITE: No
VEHICLES: NONE
IDENTIFIERS: NONE
SEVERITY: 1
ORDINANCE: N/A
PRIORITY: LOW
SUMMARY: No illegal dumping detected in the video."
20260602T140833Z,DT_12th_and_Madison_1_20260531T044000.jpg,,,dataset_20260531/DT_12th_and_Madison_1/DT_12th_and_Madison_1_20260531T044000.jpg,illegal_dumping,done,2026-06-02T14:21:02.184906+00:00,0.044,0.92,0.966,,nvidia/cosmos-reason2-8b,"DUMPING PRESENT: No
ORDINANCE VIOLATION: No
WASTE TYPE: mixed
WASTE VOLUME: small (pickup truck)
WASTE ORIGIN: residential
PROPERTY TYPE: occupied-private
ADDRESS MARKERS: <NONE>
GUTTER/ALLEY: No
WATER PROXIMITY: No
CHRONIC SITE: No
VEHICLES: <NONE>
IDENTIFIERS: <NONE>
SEVERITY: 1
ORDINANCE: N/A
PRIORITY: LOW
SUMMARY: No illegal dumping detected; the scene shows a green screen with no discernible waste or property details."
20260602T140833Z,DT_12th_and_Madison_1_20260531T045000.jpg,,,dataset_20260531/DT_12th_and_Madison_1/DT_12th_and_Madison_1_20260531T045000.jpg,illegal_dumping,done,2026-06-02T14:21:02.404343+00:00,0.042,0.895,0.941,,nvidia/cosmos-reason2-8b,"DUMPING PRESENT: No
ORDINANCE VIOLATION: No
WASTE TYPE: mixed
WASTE VOLUME: small (pickup truck)
WASTE ORIGIN: residential
PROPERTY TYPE: vacant-lot
ADDRESS MARKERS: NONE
GUTTER/ALLEY: No
WATER PROXIMITY: No
CHRONIC SITE: No
VEHICLES: NONE
IDENTIFIERS: NONE
SEVERITY: 1
ORDINANCE: N/A
PRIORITY: LOW
SUMMARY: No illegal dumping detected in the video."
20260602T140833Z,DT_12th_and_Madison_1_20260531T050000.jpg,,,dataset_20260531/DT_12th_and_Madison_1/DT_12th_and_Madison_1_20260531T050000.jpg,illegal_dumping,done,2026-06-02T14:21:02.677215+00:00,0.045,0.726,0.781,,nvidia/cosmos-reason2-8b,"DUMPING PRESENT: No
ORDINANCE VIOLATION: No
WASTE TYPE: mixed
WASTE VOLUME: small (pickup truck)
WASTE ORIGIN: residential
PROPERTY TYPE: roadside
ADDRESS MARKERS: NONE
GUTTER/ALLEY: No
WATER PROXIMITY: No
CHRONIC SITE: No
VEHICLES: NONE
IDENTIFIERS: NONE
SEVERITY: 1
ORDINANCE: N/A
PRIORITY: LOW
SUMMARY: No illegal dumping detected in the video."
20260602T140833Z,DT_12th_and_Madison_1_20260531T051000.jpg,,,dataset_20260531/DT_12th_and_Madison_1/DT_12th_and_Madison_1_20260531T051000.jpg,illegal_dumping,done,2026-06-02T14:21:02.854551+00:00,0.042,0.78,0.826,,nvidia/cosmos-reason2-8b,"DUMPING PRESENT: No
ORDINANCE VIOLATION: No
WASTE TYPE: mixed
WASTE VOLUME: small (pickup truck)
WASTE ORIGIN: residential
PROPERTY TYPE: right-of-way
ADDRESS MARKERS: <street signs, address numbers, utility poles visible — or NONE>
GUTTER/ALLEY: Yes
WATER PROXIMITY: No
CHRONIC SITE: No
VEHICLES: <color, type, any text visible — or NONE>
IDENTIFIERS: <plates, signage, labels, individuals — or NONE>
SEVERITY: 1
ORDINANCE: N/A
PRIORITY: LOW
SUMMARY: No illegal dumping observed; scene shows a street with vehicles and no waste on the ground."
20260602T140833Z,DT_12th_and_Madison_1_20260531T052000.jpg,,,dataset_20260531/DT_12th_and_Madison_1/DT_12th_and_Madison_1_20260531T052000.jpg,illegal_dumping,done,2026-06-02T14:21:03.153777+00:00,0.036,0.727,0.767,,nvidia/cosmos-reason2-8b,"DUMPING PRESENT: No
ORDINANCE VIOLATION: No
WASTE TYPE: mixed
WASTE VOLUME: small (pickup truck)
WASTE ORIGIN: residential
PROPERTY TYPE: right-of-way
ADDRESS MARKERS: NONE
GUTTER/ALLEY: Yes
WATER PROXIMITY: No
CHRONIC SITE: No
VEHICLES: NONE
IDENTIFIERS: NONE
SEVERITY: 1
ORDINANCE: N/A
PRIORITY: LOW
SUMMARY: No illegal dumping detected; the scene shows a quiet street with no visible waste or debris."
20260602T140833Z,DT_12th_and_Madison_1_20260531T053000.jpg,,,dataset_20260531/DT_12th_and_Madison_1/DT_12th_and_Madison_1_20260531T053000.jpg,illegal_dumping,done,2026-06-02T14:21:03.347839+00:00,0.038,0.743,0.785,,nvidia/cosmos-reason2-8b,"DUMPING PRESENT: No
ORDINANCE VIOLATION: No
WASTE TYPE: mixed
WASTE VOLUME: small (pickup truck)
WASTE ORIGIN: residential
PROPERTY TYPE: right-of-way
ADDRESS MARKERS: NONE
GUTTER/ALLEY: No
WATER PROXIMITY: No
CHRONIC SITE: No
VEHICLES: NONE
IDENTIFIERS: NONE
SEVERITY: 1
ORDINANCE: N/A
PRIORITY: LOW
SUMMARY: No illegal dumping detected in the scene."
20260602T140833Z,DT_12th_and_Madison_1_20260531T054000.jpg,,,dataset_20260531/DT_12th_and_Madison_1/DT_12th_and_Madison_1_20260531T054000.jpg,illegal_dumping,done,2026-06-02T14:21:03.460298+00:00,0.048,0.861,0.913,,nvidia/cosmos-reason2-8b,"```json
{
  ""DUMPING PRESENT"": ""No"",
  ""ORDINANCE VIOLATION"": ""No"",
  ""WASTE TYPE"": [],
  ""WASTE VOLUME"": ""small (pickup truck)"",
  ""WASTE ORIGIN"": ""unknown"",
  ""PROPERTY TYPE"": ""right-of-way"",
  ""ADDRESS MARKERS"": ""NONE"",
  ""GUTTER/ALLEY"": ""Yes"",
  ""WATER PROXIMITY"": ""No"",
  ""CHRONIC SITE"": ""No"",
  ""VEHICLES"": ""NONE"",
  ""IDENTIFIERS"": ""NONE"",
  ""SEVERITY"": ""1"",
  ""ORDINANCE"": ""N/A"",
  ""PRIORITY"": ""LOW"",
  ""SUMMARY"": ""No illegal dumping detected; the scene shows a quiet street with no visible waste or debris.""
}
```"
20260602T140833Z,DT_12th_and_Madison_1_20260531T055000.jpg,,,dataset_20260531/DT_12th_and_Madison_1/DT_12th_and_Madison_1_20260531T055000.jpg,illegal_dumping,done,2026-06-02T14:21:03.682594+00:00,0.041,0.778,0.823,,nvidia/cosmos-reason2-8b,"DUMPING PRESENT: No
ORDINANCE VIOLATION: No
WASTE TYPE: mixed
WASTE VOLUME: small (pickup truck)
WASTE ORIGIN: residential
PROPERTY TYPE: right-of-way
ADDRESS MARKERS: NONE
GUTTER/ALLEY: No
WATER PROXIMITY: No
CHRONIC SITE: No
VEHICLES: NONE
IDENTIFIERS: NONE
SEVERITY: 1
ORDINANCE: N/A
PRIORITY: LOW
SUMMARY: No illegal dumping is observed in the video; the scene shows a quiet street with no visible waste or debris."
20260602T140833Z,DT_12th_and_Madison_1_20260531T060000.jpg,,,dataset_20260531/DT_12th_and_Madison_1/DT_12th_and_Madison_1_20260531T060000.jpg,illegal_dumping,done,2026-06-02T14:21:03.923558+00:00,0.046,0.775,0.825,,nvidia/cosmos-reason2-8b,"```json
{
  ""DUMPING PRESENT"": ""No"",
  ""ORDINANCE VIOLATION"": ""No"",
  ""WASTE TYPE"": [],
  ""WASTE VOLUME"": ""small (pickup truck)"",
  ""WASTE ORIGIN"": ""unknown"",
  ""PROPERTY TYPE"": ""right-of-way"",
  ""ADDRESS MARKERS"": ""NONE"",
  ""GUTTER/ALLEY"": ""Yes"",
  ""WATER PROXIMITY"": ""No"",
  ""CHRONIC SITE"": ""No"",
  ""VEHICLES"": ""NONE"",
  ""IDENTIFIERS"": ""NONE"",
  ""SEVERITY"": ""1"",
  ""ORDINANCE"": ""N/A"",
  ""PRIORITY"": ""LOW"",
  ""SUMMARY"": ""No illegal dumping detected; the scene shows a quiet alleyway with no visible waste or debris.""
}
```"
20260602T140833Z,DT_12th_and_Madison_1_20260531T061000.jpg,,,dataset_20260531/DT_12th_and_Madison_1/DT_12th_and_Madison_1_20260531T061000.jpg,illegal_dumping,done,2026-06-02T14:21:04.134950+00:00,0.049,0.693,0.746,,nvidia/cosmos-reason2-8b,"DUMPING PRESENT: No
ORDINANCE VIOLATION: No
WASTE TYPE: mixed
WASTE VOLUME: small (pickup truck)
WASTE ORIGIN: residential
PROPERTY TYPE: alley
ADDRESS MARKERS: NONE
GUTTER/ALLEY: Yes
WATER PROXIMITY: No
CHRONIC SITE: No
VEHICLES: NONE
IDENTIFIERS: NONE
SEVERITY: 1
ORDINANCE: N/A
PRIORITY: LOW
SUMMARY: No illegal dumping detected in the alleyway; the scene appears clear with no visible waste or debris."
20260602T140833Z,DT_12th_and_Madison_1_20260531T062000.jpg,,,dataset_20260531/DT_12th_and_Madison_1/DT_12th_and_Madison_1_20260531T062000.jpg,illegal_dumping,done,2026-06-02T14:21:04.376471+00:00,0.044,0.644,0.693,,nvidia/cosmos-reason2-8b,"DUMPING PRESENT: No
ORDINANCE VIOLATION: No
WASTE TYPE: mixed
WASTE VOLUME: small (pickup truck)
WASTE ORIGIN: residential
PROPERTY TYPE: vacant-lot
ADDRESS MARKERS: NONE
GUTTER/ALLEY: No
WATER PROXIMITY: No
CHRONIC SITE: No
VEHICLES: NONE
IDENTIFIERS: NONE
SEVERITY: 1
ORDINANCE: N/A
PRIORITY: LOW
SUMMARY: No illegal dumping detected in the scene."
20260602T140833Z,DT_12th_and_Madison_1_20260531T063000.jpg,,,dataset_20260531/DT_12th_and_Madison_1/DT_12th_and_Madison_1_20260531T063000.jpg,illegal_dumping,done,2026-06-02T14:21:04.507781+00:00,0.041,0.84,0.885,,nvidia/cosmos-reason2-8b,"```json
{
  ""DUMPING PRESENT"": ""No"",
  ""ORDINANCE VIOLATION"": ""No"",
  ""WASTE TYPE"": [],
  ""WASTE VOLUME"": ""small (pickup truck)"",
  ""WASTE ORIGIN"": ""unknown"",
  ""PROPERTY TYPE"": ""right-of-way"",
  ""ADDRESS MARKERS"": ""NONE"",
  ""GUTTER/ALLEY"": ""Yes"",
  ""WATER PROXIMITY"": ""No"",
  ""CHRONIC SITE"": ""No"",
  ""VEHICLES"": ""NONE"",
  ""IDENTIFIERS"": ""NONE"",
  ""SEVERITY"": ""1"",
  ""ORDINANCE"": ""N/A"",
  ""PRIORITY"": ""LOW"",
  ""SUMMARY"": ""No illegal dumping detected; the scene shows a narrow pathway bordered by dense vegetation with no visible waste or debris.""
}
```"
20260602T140833Z,DT_12th_and_Madison_1_20260531T064000.jpg,,,dataset_20260531/DT_12th_and_Madison_1/DT_12th_and_Madison_1_20260531T064000.jpg,illegal_dumping,done,2026-06-02T14:21:04.751718+00:00,0.039,0.733,0.776,,nvidia/cosmos-reason2-8b,"DUMPING PRESENT: Yes
ORDINANCE VIOLATION: Yes
WASTE TYPE: mixed
WASTE VOLUME: small (pickup truck)
WASTE ORIGIN: residential
PROPERTY TYPE: right-of-way
ADDRESS MARKERS: NONE
GUTTER/ALLEY: No
WATER PROXIMITY: No
CHRONIC SITE: No
VEHICLES: NONE
IDENTIFIERS: NONE
SEVERITY: 2
ORDINANCE: Sec-46-45
PRIORITY: MEDIUM
SUMMARY: Illegal dumping of mixed waste is present on a right-of-way, violating Brownsville's property owner liability ordinance.
"
20260602T140833Z,DT_12th_and_Madison_1_20260531T065000.jpg,,,dataset_20260531/DT_12th_and_Madison_1/DT_12th_and_Madison_1_20260531T065000.jpg,illegal_dumping,done,2026-06-02T14:21:04.884357+00:00,0.045,0.906,0.955,,nvidia/cosmos-reason2-8b,"DUMPING PRESENT: Yes
ORDINANCE VIOLATION: Yes
WASTE TYPE: mixed
WASTE VOLUME: small (pickup truck)
WASTE ORIGIN: residential
PROPERTY TYPE: vacant-lot
ADDRESS MARKERS: NONE
GUTTER/ALLEY: No
WATER PROXIMITY: No
CHRONIC SITE: No
VEHICLES: NONE
IDENTIFIERS: NONE
SEVERITY: 3
ORDINANCE: Sec-46-45
PRIORITY: MEDIUM
SUMMARY: Illegal dumping of mixed waste is present on a vacant lot, violating property owner liability under Sec. 46-45.
"
20260602T140833Z,DT_12th_and_Madison_1_20260531T070000.jpg,,,dataset_20260531/DT_12th_and_Madison_1/DT_12th_and_Madison_1_20260531T070000.jpg,illegal_dumping,done,2026-06-02T14:21:05.072519+00:00,0.041,0.806,0.852,,nvidia/cosmos-reason2-8b,"DUMPING PRESENT: Yes
ORDINANCE VIOLATION: Yes
WASTE TYPE: mixed
WASTE VOLUME: small (pickup truck)
WASTE ORIGIN: residential
PROPERTY TYPE: vacant-lot
ADDRESS MARKERS: NONE
GUTTER/ALLEY: No
WATER PROXIMITY: No
CHRONIC SITE: No
VEHICLES: NONE
IDENTIFIERS: NONE
SEVERITY: 2
ORDINANCE: Sec-46-45
PRIORITY: MEDIUM
SUMMARY: A small pile of mixed waste is illegally dumped on a vacant lot, violating property owner liability under Sec. 46-45.
"
20260602T140833Z,DT_12th_and_Madison_1_20260531T071000.jpg,,,dataset_20260531/DT_12th_and_Madison_1/DT_12th_and_Madison_1_20260531T071000.jpg,illegal_dumping,done,2026-06-02T14:21:05.395934+00:00,0.04,0.771,0.815,,nvidia/cosmos-reason2-8b,"DUMPING PRESENT: Yes
ORDINANCE VIOLATION: Yes
WASTE TYPE: mixed
WASTE VOLUME: small (pickup truck)
WASTE ORIGIN: residential
PROPERTY TYPE: vacant-lot
ADDRESS MARKERS: NONE
GUTTER/ALLEY: No
WATER PROXIMITY: No
CHRONIC SITE: No
VEHICLES: NONE
IDENTIFIERS: NONE
SEVERITY: 2
ORDINANCE: Sec-46-45
PRIORITY: MEDIUM
SUMMARY: Illegal dumping is present on a vacant lot, violating Brownsville's property owner liability ordinance (Sec. 46-45).
"
20260602T140833Z,DT_12th_and_Madison_1_20260531T072000.jpg,,,dataset_20260531/DT_12th_and_Madison_1/DT_12th_and_Madison_1_20260531T072000.jpg,illegal_dumping,done,2026-06-02T14:21:05.530331+00:00,0.045,0.863,0.911,,nvidia/cosmos-reason2-8b,"DUMPING PRESENT: No
ORDINANCE VIOLATION: No
WASTE TYPE: mixed
WASTE VOLUME: small (pickup truck)
WASTE ORIGIN: residential
PROPERTY TYPE: vacant-lot
ADDRESS MARKERS: NONE
GUTTER/ALLEY: No
WATER PROXIMITY: No
CHRONIC SITE: No
VEHICLES: NONE
IDENTIFIERS: NONE
SEVERITY: 1
ORDINANCE: N/A
PRIORITY: LOW
SUMMARY: No illegal dumping detected in the scene."
20260602T140833Z,DT_12th_and_Madison_1_20260531T073000.jpg,,,dataset_20260531/DT_12th_and_Madison_1/DT_12th_and_Madison_1_20260531T073000.jpg,illegal_dumping,done,2026-06-02T14:21:05.842189+00:00,0.043,0.668,0.714,,nvidia/cosmos-reason2-8b,"DUMPING PRESENT: No
ORDINANCE VIOLATION: No
WASTE TYPE: N/A
WASTE VOLUME: N/A
WASTE ORIGIN: N/A
PROPERTY TYPE: N/A
ADDRESS MARKERS: NONE
GUTTER/ALLEY: No
WATER PROXIMITY: No
CHRONIC SITE: No
VEHICLES: NONE
IDENTIFIERS: NONE
SEVERITY: 1
ORDINANCE: N/A
PRIORITY: LOW
SUMMARY: No illegal dumping is observed in the video."
20260602T140833Z,DT_12th_and_Madison_1_20260531T074000.jpg,,,dataset_20260531/DT_12th_and_Madison_1/DT_12th_and_Madison_1_20260531T074000.jpg,illegal_dumping,done,2026-06-02T14:21:05.926306+00:00,0.042,0.776,0.821,,nvidia/cosmos-reason2-8b,"DUMPING PRESENT: No
ORDINANCE VIOLATION: No
WASTE TYPE: mixed
WASTE VOLUME: small (pickup truck)
WASTE ORIGIN: residential
PROPERTY TYPE: vacant-lot
ADDRESS MARKERS: NONE
GUTTER/ALLEY: No
WATER PROXIMITY: No
CHRONIC SITE: No
VEHICLES: NONE
IDENTIFIERS: NONE
SEVERITY: 1
ORDINANCE: N/A
PRIORITY: LOW
SUMMARY: No illegal dumping detected; the image shows a mix of colors and shapes without clear evidence of waste disposal violations."
20260602T140833Z,DT_12th_and_Madison_1_20260531T075000.jpg,,,dataset_20260531/DT_12th_and_Madison_1/DT_12th_and_Madison_1_20260531T075000.jpg,illegal_dumping,done,2026-06-02T14:21:06.213523+00:00,0.045,0.644,0.694,,nvidia/cosmos-reason2-8b,"DUMPING PRESENT: No
ORDINANCE VIOLATION: No
WASTE TYPE: mixed
WASTE VOLUME: small (pickup truck)
WASTE ORIGIN: residential
PROPERTY TYPE: vacant-lot
ADDRESS MARKERS: NONE
GUTTER/ALLEY: No
WATER PROXIMITY: No
CHRONIC SITE: No
VEHICLES: NONE
IDENTIFIERS: NONE
SEVERITY: 1
ORDINANCE: N/A
PRIORITY: LOW
SUMMARY: No illegal dumping detected in the scene."
20260602T140833Z,DT_12th_and_Madison_1_20260531T080000.jpg,,,dataset_20260531/DT_12th_and_Madison_1/DT_12th_and_Madison_1_20260531T080000.jpg,illegal_dumping,done,2026-06-02T14:21:06.443772+00:00,0.035,0.671,0.71,,nvidia/cosmos-reason2-8b,"DUMPING PRESENT: No
ORDINANCE VIOLATION: No
WASTE TYPE: mixed
WASTE VOLUME: small (pickup truck)
WASTE ORIGIN: residential
PROPERTY TYPE: vacant-lot
ADDRESS MARKERS: NONE
GUTTER/ALLEY: No
WATER PROXIMITY: No
CHRONIC SITE: No
VEHICLES: NONE
IDENTIFIERS: NONE
SEVERITY: 1
ORDINANCE: N/A
PRIORITY: LOW
SUMMARY: No illegal dumping detected in the scene."
20260602T140833Z,DT_12th_and_Madison_1_20260531T081000.jpg,,,dataset_20260531/DT_12th_and_Madison_1/DT_12th_and_Madison_1_20260531T081000.jpg,illegal_dumping,done,2026-06-02T14:21:06.558727+00:00,0.05,0.703,0.758,,nvidia/cosmos-reason2-8b,"DUMPING PRESENT: No
ORDINANCE VIOLATION: No
WASTE TYPE: mixed
WASTE VOLUME: small (pickup truck)
WASTE ORIGIN: residential
PROPERTY TYPE: right-of-way
ADDRESS MARKERS: NONE
GUTTER/ALLEY: No
WATER PROXIMITY: No
CHRONIC SITE: No
VEHICLES: NONE
IDENTIFIERS: NONE
SEVERITY: 1
ORDINANCE: N/A
PRIORITY: LOW
SUMMARY: No illegal dumping detected in the video."
20260602T140833Z,DT_12th_and_Madison_1_20260531T082000.jpg,,,dataset_20260531/DT_12th_and_Madison_1/DT_12th_and_Madison_1_20260531T082000.jpg,illegal_dumping,done,2026-06-02T14:21:06.749691+00:00,0.043,0.724,0.772,,nvidia/cosmos-reason2-8b,"DUMPING PRESENT: No
ORDINANCE VIOLATION: No
WASTE TYPE: mixed
WASTE VOLUME: small (pickup truck)
WASTE ORIGIN: residential
PROPERTY TYPE: vacant-lot
ADDRESS MARKERS: NONE
GUTTER/ALLEY: No
WATER PROXIMITY: No
CHRONIC SITE: No
VEHICLES: NONE
IDENTIFIERS: NONE
SEVERITY: 1
ORDINANCE: N/A
PRIORITY: LOW
SUMMARY: No illegal dumping detected in the scene."
20260602T140833Z,DT_12th_and_Madison_1_20260531T083000.jpg,,,dataset_20260531/DT_12th_and_Madison_1/DT_12th_and_Madison_1_20260531T083000.jpg,illegal_dumping,done,2026-06-02T14:21:06.909526+00:00,0.044,0.728,0.776,,nvidia/cosmos-reason2-8b,"DUMPING PRESENT: No
ORDINANCE VIOLATION: No
WASTE TYPE: mixed
WASTE VOLUME: small (pickup truck)
WASTE ORIGIN: residential
PROPERTY TYPE: vacant-lot
ADDRESS MARKERS: NONE
GUTTER/ALLEY: No
WATER PROXIMITY: No
CHRONIC SITE: No
VEHICLES: NONE
IDENTIFIERS: NONE
SEVERITY: 1
ORDINANCE: N/A
PRIORITY: LOW
SUMMARY: No illegal dumping detected in the scene."
20260602T140833Z,DT_12th_and_Madison_1_20260531T084000.jpg,,,dataset_20260531/DT_12th_and_Madison_1/DT_12th_and_Madison_1_20260531T084000.jpg,illegal_dumping,done,2026-06-02T14:21:07.156034+00:00,0.038,0.728,0.771,,nvidia/cosmos-reason2-8b,"DUMPING PRESENT: No
ORDINANCE VIOLATION: No
WASTE TYPE: mixed
WASTE VOLUME: small (pickup truck)
WASTE ORIGIN: residential
PROPERTY TYPE: vacant-lot
ADDRESS MARKERS: NONE
GUTTER/ALLEY: No
WATER PROXIMITY: No
CHRONIC SITE: No
VEHICLES: NONE
IDENTIFIERS: NONE
SEVERITY: 1
ORDINANCE: N/A
PRIORITY: LOW
SUMMARY: No illegal dumping observed; the area appears clean with no visible waste or debris."
20260602T140833Z,DT_12th_and_Madison_1_20260531T085000.jpg,,,dataset_20260531/DT_12th_and_Madison_1/DT_12th_and_Madison_1_20260531T085000.jpg,illegal_dumping,done,2026-06-02T14:21:07.318944+00:00,0.042,0.9,0.946,,nvidia/cosmos-reason2-8b,"DUMPING PRESENT: Yes
ORDINANCE VIOLATION: Yes
WASTE TYPE: mixed
WASTE VOLUME: medium
WASTE ORIGIN: residential
PROPERTY TYPE: vacant-lot
ADDRESS MARKERS: NONE
GUTTER/ALLEY: No
WATER PROXIMITY: No
CHRONIC SITE: No
VEHICLES: NONE
IDENTIFIERS: NONE
SEVERITY: 2
ORDINANCE: Sec-46-45
PRIORITY: MEDIUM
SUMMARY: A medium-sized mixed waste pile is present on a vacant lot, violating Brownsville's property owner liability ordinance (Sec. 46-45).
"
20260602T140833Z,DT_12th_and_Madison_1_20260531T090000.jpg,,,dataset_20260531/DT_12th_and_Madison_1/DT_12th_and_Madison_1_20260531T090000.jpg,illegal_dumping,done,2026-06-02T14:21:07.524131+00:00,0.045,0.798,0.854,,nvidia/cosmos-reason2-8b,"DUMPING PRESENT: No
ORDINANCE VIOLATION: No
WASTE TYPE: <none detected>
WASTE VOLUME: <not applicable>
WASTE ORIGIN: <not applicable>
PROPERTY TYPE: right-of-way
ADDRESS MARKERS: NONE
GUTTER/ALLEY: No
WATER PROXIMITY: No
CHRONIC SITE: No
VEHICLES: NONE
IDENTIFIERS: <none>
SEVERITY: 1
ORDINANCE: N/A
PRIORITY: LOW
SUMMARY: No illegal dumping observed; the area appears clean with no waste or debris present."
20260602T140833Z,DT_12th_and_Madison_1_20260531T091000.jpg,,,dataset_20260531/DT_12th_and_Madison_1/DT_12th_and_Madison_1_20260531T091000.jpg,illegal_dumping,done,2026-06-02T14:21:07.687899+00:00,0.042,0.746,0.792,,nvidia/cosmos-reason2-8b,"DUMPING PRESENT: No
ORDINANCE VIOLATION: No
WASTE TYPE: mixed
WASTE VOLUME: small (pickup truck)
WASTE ORIGIN: residential
PROPERTY TYPE: vacant-lot
ADDRESS MARKERS: NONE
GUTTER/ALLEY: No
WATER PROXIMITY: No
CHRONIC SITE: No
VEHICLES: NONE
IDENTIFIERS: NONE
SEVERITY: 1
ORDINANCE: N/A
PRIORITY: LOW
SUMMARY: No illegal dumping is observed in the video; the scene appears to be a mix of colors and shapes without identifiable waste or property violations."
20260602T140833Z,DT_12th_and_Madison_1_20260531T092000.jpg,,,dataset_20260531/DT_12th_and_Madison_1/DT_12th_and_Madison_1_20260531T092000.jpg,illegal_dumping,done,2026-06-02T14:21:07.929273+00:00,0.042,0.639,0.685,,nvidia/cosmos-reason2-8b,"DUMPING PRESENT: No
ORDINANCE VIOLATION: No
WASTE TYPE: mixed
WASTE VOLUME: small (pickup truck)
WASTE ORIGIN: residential
PROPERTY TYPE: vacant-lot
ADDRESS MARKERS: NONE
GUTTER/ALLEY: No
WATER PROXIMITY: No
CHRONIC SITE: No
VEHICLES: NONE
IDENTIFIERS: NONE
SEVERITY: 1
ORDINANCE: N/A
PRIORITY: LOW
SUMMARY: No illegal dumping detected in the scene."
20260602T140833Z,DT_12th_and_Madison_1_20260531T093000.jpg,,,dataset_20260531/DT_12th_and_Madison_1/DT_12th_and_Madison_1_20260531T093000.jpg,illegal_dumping,done,2026-06-02T14:21:08.268131+00:00,0.05,0.654,0.708,,nvidia/cosmos-reason2-8b,"DUMPING PRESENT: No
ORDINANCE VIOLATION: No
WASTE TYPE: mixed
WASTE VOLUME: small (pickup truck)
WASTE ORIGIN: residential
PROPERTY TYPE: vacant-lot
ADDRESS MARKERS: NONE
GUTTER/ALLEY: No
WATER PROXIMITY: No
CHRONIC SITE: No
VEHICLES: NONE
IDENTIFIERS: NONE
SEVERITY: 1
ORDINANCE: N/A
PRIORITY: LOW
SUMMARY: No illegal dumping is observed in the video."
20260602T140833Z,DT_12th_and_Madison_1_20260531T094000.jpg,,,dataset_20260531/DT_12th_and_Madison_1/DT_12th_and_Madison_1_20260531T094000.jpg,illegal_dumping,done,2026-06-02T14:21:08.380022+00:00,0.036,1.057,1.097,,nvidia/cosmos-reason2-8b,"DUMPING PRESENT: No
ORDINANCE VIOLATION: No
WASTE TYPE: mixed
WASTE VOLUME: small (pickup truck)
WASTE ORIGIN: residential
PROPERTY TYPE: vacant-lot
ADDRESS MARKERS: <NONE>
GUTTER/ALLEY: No
WATER PROXIMITY: No
CHRONIC SITE: No
VEHICLES: <NONE>
IDENTIFIERS: <NONE>
SEVERITY: 1
ORDINANCE: N/A
PRIORITY: LOW
SUMMARY: No illegal dumping detected in the video."
20260602T140833Z,DT_12th_and_Madison_1_20260531T095000.jpg,,,dataset_20260531/DT_12th_and_Madison_1/DT_12th_and_Madison_1_20260531T095000.jpg,illegal_dumping,done,2026-06-02T14:21:08.481933+00:00,0.041,1.027,1.071,,nvidia/cosmos-reason2-8b,"DUMPING PRESENT: Yes
ORDINANCE VIOLATION: Yes
WASTE TYPE: mixed
WASTE VOLUME: small (pickup truck)
WASTE ORIGIN: residential
PROPERTY TYPE: vacant-lot
ADDRESS MARKERS: NONE
GUTTER/ALLEY: No
WATER PROXIMITY: No
CHRONIC SITE: No
VEHICLES: NONE
IDENTIFIERS: NONE
SEVERITY: 3
ORDINANCE: Sec-46-45
PRIORITY: MEDIUM
SUMMARY: Illegal dumping is present on a vacant lot, violating Brownsville's property owner liability ordinance.
"
20260602T140833Z,DT_12th_and_Madison_1_20260531T100000.jpg,,,dataset_20260531/DT_12th_and_Madison_1/DT_12th_and_Madison_1_20260531T100000.jpg,illegal_dumping,done,2026-06-02T14:21:08.616949+00:00,0.037,0.976,1.017,,nvidia/cosmos-reason2-8b,"DUMPING PRESENT: Yes
ORDINANCE VIOLATION: Yes
WASTE TYPE: mixed
WASTE VOLUME: small (pickup truck)
WASTE ORIGIN: residential
PROPERTY TYPE: vacant-lot
ADDRESS MARKERS: NONE
GUTTER/ALLEY: No
WATER PROXIMITY: No
CHRONIC SITE: No
VEHICLES: NONE
IDENTIFIERS: NONE
SEVERITY: 2
ORDINANCE: Sec-46-45
PRIORITY: MEDIUM
SUMMARY: Illegal dumping is present on a vacant lot, violating Brownsville's property owner liability ordinance.
"
20260602T140833Z,DT_12th_and_Madison_1_20260531T101000.jpg,,,dataset_20260531/DT_12th_and_Madison_1/DT_12th_and_Madison_1_20260531T101000.jpg,illegal_dumping,done,2026-06-02T14:21:08.979450+00:00,0.044,0.857,0.911,,nvidia/cosmos-reason2-8b,"DUMPING PRESENT: Yes
ORDINANCE VIOLATION: Yes
WASTE TYPE: mixed
WASTE VOLUME: small (pickup truck)
WASTE ORIGIN: unknown
PROPERTY TYPE: right-of-way
ADDRESS MARKERS: NONE
GUTTER/ALLEY: No
WATER PROXIMITY: No
CHRONIC SITE: No
VEHICLES: NONE
IDENTIFIERS: NONE
SEVERITY: 1
ORDINANCE: Sec-46-45
PRIORITY: LOW
SUMMARY: A small pile of mixed waste is located on the right-of-way, violating Brownsville's property owner liability ordinance (Sec. 46-45).
"
20260602T140833Z,DT_12th_and_Madison_1_20260531T102000.jpg,,,dataset_20260531/DT_12th_and_Madison_1/DT_12th_and_Madison_1_20260531T102000.jpg,illegal_dumping,done,2026-06-02T14:21:09.479893+00:00,0.042,0.838,0.884,,nvidia/cosmos-reason2-8b,"DUMPING PRESENT: Yes
ORDINANCE VIOLATION: Yes
WASTE TYPE: mixed
WASTE VOLUME: small (pickup truck)
WASTE ORIGIN: residential
PROPERTY TYPE: vacant-lot
ADDRESS MARKERS: NONE
GUTTER/ALLEY: No
WATER PROXIMITY: No
CHRONIC SITE: No
VEHICLES: NONE
IDENTIFIERS: NONE
SEVERITY: 2
ORDINANCE: Sec-46-45
PRIORITY: MEDIUM
SUMMARY: Illegal dumping of mixed waste is observed on a vacant lot, violating Brownsville's property owner liability ordinance.
"
20260602T140833Z,DT_12th_and_Madison_1_20260531T103000.jpg,,,dataset_20260531/DT_12th_and_Madison_1/DT_12th_and_Madison_1_20260531T103000.jpg,illegal_dumping,done,2026-06-02T14:21:09.555610+00:00,0.041,0.96,1.004,,nvidia/cosmos-reason2-8b,"DUMPING PRESENT: Yes
ORDINANCE VIOLATION: Yes
WASTE TYPE: mixed
WASTE VOLUME: small (pickup truck)
WASTE ORIGIN: residential
PROPERTY TYPE: vacant-lot
ADDRESS MARKERS: NONE
GUTTER/ALLEY: No
WATER PROXIMITY: No
CHRONIC SITE: No
VEHICLES: NONE
IDENTIFIERS: NONE
SEVERITY: 1
ORDINANCE: Sec-46-45
PRIORITY: LOW
SUMMARY: A small pile of mixed waste is located on a vacant lot, violating property owner liability under Sec. 46-45.
"
20260602T140833Z,DT_12th_and_Madison_1_20260531T104000.jpg,,,dataset_20260531/DT_12th_and_Madison_1/DT_12th_and_Madison_1_20260531T104000.jpg,illegal_dumping,done,2026-06-02T14:21:09.636230+00:00,0.045,1.15,1.198,,nvidia/cosmos-reason2-8b,"DUMPING PRESENT: Yes
ORDINANCE VIOLATION: Yes
WASTE TYPE: mixed
WASTE VOLUME: small (pickup truck)
WASTE ORIGIN: residential
PROPERTY TYPE: vacant-lot
ADDRESS MARKERS: NONE
GUTTER/ALLEY: No
WATER PROXIMITY: No
CHRONIC SITE: No
VEHICLES: NONE
IDENTIFIERS: NONE
SEVERITY: 1
ORDINANCE: Sec-46-45
PRIORITY: LOW
SUMMARY: A small pile of mixed waste is located on a vacant lot, violating property owner liability under Sec. 46-45.
"
20260602T140833Z,DT_12th_and_Madison_1_20260531T105000.jpg,,,dataset_20260531/DT_12th_and_Madison_1/DT_12th_and_Madison_1_20260531T105000.jpg,illegal_dumping,done,2026-06-02T14:21:09.893262+00:00,0.04,0.847,0.892,,nvidia/cosmos-reason2-8b,"DUMPING PRESENT: No
ORDINANCE VIOLATION: No
WASTE TYPE: mixed
WASTE VOLUME: small (pickup truck)
WASTE ORIGIN: residential
PROPERTY TYPE: vacant-lot
ADDRESS MARKERS: NONE
GUTTER/ALLEY: No
WATER PROXIMITY: No
CHRONIC SITE: No
VEHICLES: NONE
IDENTIFIERS: NONE
SEVERITY: 1
ORDINANCE: N/A
PRIORITY: LOW
SUMMARY: No illegal dumping is observed in the video."
20260602T140833Z,DT_12th_and_Madison_1_20260531T110000.jpg,,,dataset_20260531/DT_12th_and_Madison_1/DT_12th_and_Madison_1_20260531T110000.jpg,illegal_dumping,done,2026-06-02T14:21:10.367636+00:00,0.048,0.723,0.775,,nvidia/cosmos-reason2-8b,"DUMPING PRESENT: No
ORDINANCE VIOLATION: No
WASTE TYPE:
WASTE VOLUME:
WASTE ORIGIN:
PROPERTY TYPE: right-of-way
ADDRESS MARKERS: NONE
GUTTER/ALLEY: No
WATER PROXIMITY: No
CHRONIC SITE: No
VEHICLES: NONE
IDENTIFIERS: NONE
SEVERITY: 1
ORDINANCE: N/A
PRIORITY: LOW
SUMMARY: No illegal dumping detected in the right-of-way area."
20260602T140833Z,DT_12th_and_Madison_1_20260531T111000.jpg,,,dataset_20260531/DT_12th_and_Madison_1/DT_12th_and_Madison_1_20260531T111000.jpg,illegal_dumping,done,2026-06-02T14:21:10.562516+00:00,0.041,0.848,0.893,,nvidia/cosmos-reason2-8b,"```json
{
  ""DUMPING PRESENT"": ""No"",
  ""ORDINANCE VIOLATION"": ""No"",
  ""WASTE TYPE"": [],
  ""WASTE VOLUME"": ""small (pickup truck)"",
  ""WASTE ORIGIN"": ""residential"",
  ""PROPERTY TYPE"": ""vacant-lot"",
  ""ADDRESS MARKERS"": ""NONE"",
  ""GUTTER/ALLEY"": ""No"",
  ""WATER PROXIMITY"": ""No"",
  ""CHRONIC SITE"": ""No"",
  ""VEHICLES"": ""NONE"",
  ""IDENTIFIERS"": ""NONE"",
  ""SEVERITY"": ""1"",
  ""ORDINANCE"": ""N/A"",
  ""PRIORITY"": ""LOW"",
  ""SUMMARY"": ""No illegal dumping detected; the area appears clean with no visible waste or debris.""
}
```"
20260602T140833Z,DT_12th_and_Madison_1_20260531T112000.jpg,,,dataset_20260531/DT_12th_and_Madison_1/DT_12th_and_Madison_1_20260531T112000.jpg,illegal_dumping,done,2026-06-02T14:21:10.787921+00:00,0.046,0.805,0.855,,nvidia/cosmos-reason2-8b,"DUMPING PRESENT: Yes
ORDINANCE VIOLATION: Yes
WASTE TYPE: mixed
WASTE VOLUME: small (pickup truck)
WASTE ORIGIN: unknown
PROPERTY TYPE: right-of-way
ADDRESS MARKERS: NONE
GUTTER/ALLEY: No
WATER PROXIMITY: No
CHRONIC SITE: No
VEHICLES: NONE
IDENTIFIERS: NONE
SEVERITY: 1
ORDINANCE: Sec-46-45
PRIORITY: LOW
SUMMARY: A small pile of mixed waste is located in the right-of-way, violating Brownsville's property owner liability ordinance (Sec. 46-45).
"
20260602T140833Z,DT_12th_and_Madison_1_20260531T113000.jpg,,,dataset_20260531/DT_12th_and_Madison_1/DT_12th_and_Madison_1_20260531T113000.jpg,illegal_dumping,done,2026-06-02T14:21:10.836600+00:00,0.046,0.964,1.014,,nvidia/cosmos-reason2-8b,"DUMPING PRESENT: Yes
ORDINANCE VIOLATION: Yes
WASTE TYPE: mixed
WASTE VOLUME: small (pickup truck)
WASTE ORIGIN: residential
PROPERTY TYPE: vacant-lot
ADDRESS MARKERS: NONE
GUTTER/ALLEY: No
WATER PROXIMITY: No
CHRONIC SITE: No
VEHICLES: NONE
IDENTIFIERS: NONE
SEVERITY: 1
ORDINANCE: Sec-46-45
PRIORITY: LOW
SUMMARY: A small pile of mixed waste is located on a vacant lot, violating Brownsville's property owner liability ordinance (Sec. 46-45)."
20260602T140833Z,DT_12th_and_Madison_1_20260531T114000.jpg,,,dataset_20260531/DT_12th_and_Madison_1/DT_12th_and_Madison_1_20260531T114000.jpg,illegal_dumping,done,2026-06-02T14:21:11.145204+00:00,0.039,0.813,0.857,,nvidia/cosmos-reason2-8b,"```json
{
  ""DUMPING PRESENT"": ""No"",
  ""ORDINANCE VIOLATION"": ""No"",
  ""WASTE TYPE"": [],
  ""WASTE VOLUME"": ""small (pickup truck)"",
  ""WASTE ORIGIN"": ""unknown"",
  ""PROPERTY TYPE"": ""right-of-way"",
  ""ADDRESS MARKERS"": ""NONE"",
  ""GUTTER/ALLEY"": ""Yes"",
  ""WATER PROXIMITY"": ""No"",
  ""CHRONIC SITE"": ""No"",
  ""VEHICLES"": ""NONE"",
  ""IDENTIFIERS"": ""NONE"",
  ""SEVERITY"": ""1"",
  ""ORDINANCE"": ""N/A"",
  ""PRIORITY"": ""LOW"",
  ""SUMMARY"": ""No illegal dumping detected; the scene shows a right-of-way with no visible waste or violations.""
}
```"
20260602T140833Z,DT_12th_and_Madison_1_20260531T115000.jpg,,,dataset_20260531/DT_12th_and_Madison_1/DT_12th_and_Madison_1_20260531T115000.jpg,illegal_dumping,done,2026-06-02T14:21:11.458295+00:00,0.048,0.771,0.823,,nvidia/cosmos-reason2-8b,"DUMPING PRESENT: Yes
ORDINANCE VIOLATION: Yes
WASTE TYPE: mixed
WASTE VOLUME: small (pickup truck)
WASTE ORIGIN: residential
PROPERTY TYPE: vacant-lot
ADDRESS MARKERS: NONE
GUTTER/ALLEY: No
WATER PROXIMITY: No
CHRONIC SITE: No
VEHICLES: NONE
IDENTIFIERS: NONE
SEVERITY: 3
ORDINANCE: Sec-46-45
PRIORITY: MEDIUM
SUMMARY: Mixed waste is illegally dumped on a vacant lot, violating property owner liability under Sec. 46-45.
"
20260602T140833Z,DT_12th_and_Madison_1_20260531T120000.jpg,,,dataset_20260531/DT_12th_and_Madison_1/DT_12th_and_Madison_1_20260531T120000.jpg,illegal_dumping,done,2026-06-02T14:21:11.645502+00:00,0.04,0.758,0.801,,nvidia/cosmos-reason2-8b,"DUMPING PRESENT: Yes
ORDINANCE VIOLATION: Yes
WASTE TYPE: mixed
WASTE VOLUME: small (pickup truck)
WASTE ORIGIN: residential
PROPERTY TYPE: vacant-lot
ADDRESS MARKERS: NONE
GUTTER/ALLEY: No
WATER PROXIMITY: No
CHRONIC SITE: No
VEHICLES: NONE
IDENTIFIERS: NONE
SEVERITY: 2
ORDINANCE: Sec-46-45
PRIORITY: MEDIUM
SUMMARY: A small pile of mixed waste is illegally dumped on a vacant lot, violating property owner liability under Sec-46-45.
"
20260602T140833Z,DT_12th_and_Madison_1_20260531T121000.jpg,,,dataset_20260531/DT_12th_and_Madison_1/DT_12th_and_Madison_1_20260531T121000.jpg,illegal_dumping,done,2026-06-02T14:21:11.852697+00:00,0.052,0.733,0.789,,nvidia/cosmos-reason2-8b,"DUMPING PRESENT: No
ORDINANCE VIOLATION: No
WASTE TYPE: mixed
WASTE VOLUME: small (pickup truck)
WASTE ORIGIN: residential
PROPERTY TYPE: vacant-lot
ADDRESS MARKERS: NONE
GUTTER/ALLEY: No
WATER PROXIMITY: No
CHRONIC SITE: No
VEHICLES: NONE
IDENTIFIERS: NONE
SEVERITY: 1
ORDINANCE: N/A
PRIORITY: LOW
SUMMARY: No illegal dumping detected in the scene."
20260602T140833Z,DT_12th_and_Madison_1_20260531T122000.jpg,,,dataset_20260531/DT_12th_and_Madison_1/DT_12th_and_Madison_1_20260531T122000.jpg,illegal_dumping,done,2026-06-02T14:21:12.004698+00:00,0.037,0.725,0.766,,nvidia/cosmos-reason2-8b,"DUMPING PRESENT: No
ORDINANCE VIOLATION: No
WASTE TYPE: mixed
WASTE VOLUME: small (pickup truck)
WASTE ORIGIN: residential
PROPERTY TYPE: right-of-way
ADDRESS MARKERS: NONE
GUTTER/ALLEY: No
WATER PROXIMITY: No
CHRONIC SITE: No
VEHICLES: NONE
IDENTIFIERS: NONE
SEVERITY: 1
ORDINANCE: N/A
PRIORITY: LOW
SUMMARY: No illegal dumping detected in the video."
20260602T140833Z,DT_12th_and_Madison_1_20260531T123000.jpg,,,dataset_20260531/DT_12th_and_Madison_1/DT_12th_and_Madison_1_20260531T123000.jpg,illegal_dumping,done,2026-06-02T14:21:12.284284+00:00,0.045,0.661,0.709,,nvidia/cosmos-reason2-8b,"DUMPING PRESENT: No
ORDINANCE VIOLATION: No
WASTE TYPE: mixed
WASTE VOLUME: small (pickup truck)
WASTE ORIGIN: residential
PROPERTY TYPE: right-of-way
ADDRESS MARKERS: NONE
GUTTER/ALLEY: No
WATER PROXIMITY: No
CHRONIC SITE: No
VEHICLES: NONE
IDENTIFIERS: NONE
SEVERITY: 1
ORDINANCE: N/A
PRIORITY: LOW
SUMMARY: No illegal dumping detected in the footage."
20260602T140833Z,DT_12th_and_Madison_1_20260531T124000.jpg,,,dataset_20260531/DT_12th_and_Madison_1/DT_12th_and_Madison_1_20260531T124000.jpg,illegal_dumping,done,2026-06-02T14:21:12.449172+00:00,0.042,0.663,0.708,,nvidia/cosmos-reason2-8b,"DUMPING PRESENT: No
ORDINANCE VIOLATION: No
WASTE TYPE: mixed
WASTE VOLUME: small (pickup truck)
WASTE ORIGIN: residential
PROPERTY TYPE: occupied-private
ADDRESS MARKERS: NONE
GUTTER/ALLEY: No
WATER PROXIMITY: No
CHRONIC SITE: No
VEHICLES: NONE
IDENTIFIERS: NONE
SEVERITY: 1
ORDINANCE: N/A
PRIORITY: LOW
SUMMARY: No illegal dumping detected in the video."
20260602T140833Z,DT_12th_and_Madison_1_20260531T125000.jpg,,,dataset_20260531/DT_12th_and_Madison_1/DT_12th_and_Madison_1_20260531T125000.jpg,illegal_dumping,done,2026-06-02T14:21:12.643714+00:00,0.044,1.036,1.084,,nvidia/cosmos-reason2-8b,"DUMPING PRESENT: Yes
ORDINANCE VIOLATION: Yes
WASTE TYPE: mixed
WASTE VOLUME: small (pickup truck)
WASTE ORIGIN: residential
PROPERTY TYPE: right-of-way
ADDRESS MARKERS: NONE
GUTTER/ALLEY: No
WATER PROXIMITY: No
CHRONIC SITE: No
VEHICLES: NONE
IDENTIFIERS: NONE
SEVERITY: 2
ORDINANCE: Sec-46-45
PRIORITY: MEDIUM
SUMMARY: Illegal dumping is present on the right-of-way, violating Brownsville's property owner liability ordinance (Sec. 46-45), with mixed waste scattered along the roadside.
"
20260602T140833Z,DT_12th_and_Madison_1_20260531T130000.jpg,,,dataset_20260531/DT_12th_and_Madison_1/DT_12th_and_Madison_1_20260531T130000.jpg,illegal_dumping,done,2026-06-02T14:21:12.773630+00:00,0.045,0.783,0.832,,nvidia/cosmos-reason2-8b,"DUMPING PRESENT: Yes
ORDINANCE VIOLATION: Yes
WASTE TYPE: mixed
WASTE VOLUME: small (pickup truck)
WASTE ORIGIN: residential
PROPERTY TYPE: right-of-way
ADDRESS MARKERS: NONE
GUTTER/ALLEY: No
WATER PROXIMITY: No
CHRONIC SITE: No
VEHICLES: NONE
IDENTIFIERS: NONE
SEVERITY: 1
ORDINANCE: Sec-46-45
PRIORITY: LOW
SUMMARY: A small pile of mixed waste is located on the right-of-way, violating property owner liability under Sec. 46-45.
"
20260602T140833Z,DT_12th_and_Madison_1_20260531T131000.jpg,,,dataset_20260531/DT_12th_and_Madison_1/DT_12th_and_Madison_1_20260531T131000.jpg,illegal_dumping,done,2026-06-02T14:21:12.996179+00:00,0.04,0.771,0.82,,nvidia/cosmos-reason2-8b,"DUMPING PRESENT: No
ORDINANCE VIOLATION: No
WASTE TYPE: mixed
WASTE VOLUME: small (pickup truck)
WASTE ORIGIN: residential
PROPERTY TYPE: vacant-lot
ADDRESS MARKERS: NONE
GUTTER/ALLEY: No
WATER PROXIMITY: No
CHRONIC SITE: No
VEHICLES: NONE
IDENTIFIERS: NONE
SEVERITY: 1
ORDINANCE: N/A
PRIORITY: LOW
SUMMARY: No illegal dumping detected; the scene shows a mix of colors and patterns without clear evidence of waste disposal violations."
20260602T140833Z,DT_12th_and_Madison_1_20260531T132000.jpg,,,dataset_20260531/DT_12th_and_Madison_1/DT_12th_and_Madison_1_20260531T132000.jpg,illegal_dumping,done,2026-06-02T14:21:13.158867+00:00,0.041,0.773,0.817,,nvidia/cosmos-reason2-8b,"DUMPING PRESENT: No
ORDINANCE VIOLATION: No
WASTE TYPE: mixed
WASTE VOLUME: small (pickup truck)
WASTE ORIGIN: residential
PROPERTY TYPE: vacant-lot
ADDRESS MARKERS: NONE
GUTTER/ALLEY: No
WATER PROXIMITY: No
CHRONIC SITE: No
VEHICLES: NONE
IDENTIFIERS: NONE
SEVERITY: 1
ORDINANCE: N/A
PRIORITY: LOW
SUMMARY: No illegal dumping detected; the scene shows a mix of objects without clear evidence of waste disposal violations."
20260602T140833Z,DT_12th_and_Madison_1_20260531T133000.jpg,,,dataset_20260531/DT_12th_and_Madison_1/DT_12th_and_Madison_1_20260531T133000.jpg,illegal_dumping,done,2026-06-02T14:21:13.608727+00:00,0.047,0.683,0.734,,nvidia/cosmos-reason2-8b,"DUMPING PRESENT: No
ORDINANCE VIOLATION: No
WASTE TYPE: mixed
WASTE VOLUME: small (pickup truck)
WASTE ORIGIN: residential
PROPERTY TYPE: vacant-lot
ADDRESS MARKERS: NONE
GUTTER/ALLEY: No
WATER PROXIMITY: No
CHRONIC SITE: No
VEHICLES: NONE
IDENTIFIERS: NONE
SEVERITY: 1
ORDINANCE: N/A
PRIORITY: LOW
SUMMARY: No illegal dumping detected in the scene."
20260602T140833Z,DT_12th_and_Madison_1_20260531T134000.jpg,,,dataset_20260531/DT_12th_and_Madison_1/DT_12th_and_Madison_1_20260531T134000.jpg,illegal_dumping,done,2026-06-02T14:21:13.730215+00:00,0.043,1.016,1.062,,nvidia/cosmos-reason2-8b,"```json
{
  ""DUMPING PRESENT"": ""Yes"",
  ""ORDINANCE VIOLATION"": ""Yes"",
  ""WASTE TYPE"": [
    ""mixed""
  ],
  ""WASTE VOLUME"": ""medium (dump truck)"",
  ""WASTE ORIGIN"": ""unknown"",
  ""PROPERTY TYPE"": ""right-of-way"",
  ""ADDRESS MARKERS"": ""NONE"",
  ""GUTTER/ALLEY"": ""No"",
  ""WATER PROXIMITY"": ""No"",
  ""CHRONIC SITE"": ""No"",
  ""VEHICLES"": ""NONE"",
  ""IDENTIFIERS"": ""NONE"",
  ""SEVERITY"": 2,
  ""ORDINANCE"": ""Sec-46-45"",
  ""PRIORITY"": ""MEDIUM"",
  ""SUMMARY"": ""Illegal dumping of mixed waste is present on a right-of-way, violating property owner liability under Sec. 46-45.""
}
```"
20260602T140833Z,DT_12th_and_Madison_1_20260531T135000.jpg,,,dataset_20260531/DT_12th_and_Madison_1/DT_12th_and_Madison_1_20260531T135000.jpg,illegal_dumping,done,2026-06-02T14:21:13.818862+00:00,0.037,0.894,0.934,,nvidia/cosmos-reason2-8b,"DUMPING PRESENT: No
ORDINANCE VIOLATION: No
WASTE TYPE: mixed
WASTE VOLUME: small (pickup truck)
WASTE ORIGIN: residential
PROPERTY TYPE: right-of-way
ADDRESS MARKERS: NONE
GUTTER/ALLEY: No
WATER PROXIMITY: No
CHRONIC SITE: No
VEHICLES: NONE
IDENTIFIERS: NONE
SEVERITY: 1
ORDINANCE: N/A
PRIORITY: LOW
SUMMARY: No illegal dumping detected in the right-of-way area."
20260602T140833Z,DT_12th_and_Madison_1_20260531T140000.jpg,,,dataset_20260531/DT_12th_and_Madison_1/DT_12th_and_Madison_1_20260531T140000.jpg,illegal_dumping,done,2026-06-02T14:21:13.979051+00:00,0.042,0.939,0.984,,nvidia/cosmos-reason2-8b,"DUMPING PRESENT: Yes
ORDINANCE VIOLATION: Yes
WASTE TYPE: mixed
WASTE VOLUME: small (pickup truck)
WASTE ORIGIN: residential
PROPERTY TYPE: vacant-lot
ADDRESS MARKERS: NONE
GUTTER/ALLEY: No
WATER PROXIMITY: No
CHRONIC SITE: No
VEHICLES: NONE
IDENTIFIERS: NONE
SEVERITY: 1
ORDINANCE: Sec-46-45
PRIORITY: LOW
SUMMARY: Mixed waste is illegally dumped on a vacant lot, violating property owner liability under Sec. 46-45.
"
20260602T140833Z,DT_12th_and_Madison_1_20260531T141000.jpg,,,dataset_20260531/DT_12th_and_Madison_1/DT_12th_and_Madison_1_20260531T141000.jpg,illegal_dumping,done,2026-06-02T14:21:14.345836+00:00,0.041,0.715,0.76,,nvidia/cosmos-reason2-8b,"DUMPING PRESENT: No
ORDINANCE VIOLATION: No
WASTE TYPE: mixed
WASTE VOLUME: small (pickup truck)
WASTE ORIGIN: residential
PROPERTY TYPE: right-of-way
ADDRESS MARKERS: NONE
GUTTER/ALLEY: No
WATER PROXIMITY: No
CHRONIC SITE: No
VEHICLES: NONE
IDENTIFIERS: NONE
SEVERITY: 1
ORDINANCE: N/A
PRIORITY: LOW
SUMMARY: No illegal dumping is observed in the scene."
20260602T140833Z,DT_12th_and_Madison_1_20260531T142000.jpg,,,dataset_20260531/DT_12th_and_Madison_1/DT_12th_and_Madison_1_20260531T142000.jpg,illegal_dumping,done,2026-06-02T14:21:14.755972+00:00,0.036,1.232,1.272,,nvidia/cosmos-reason2-8b,"DUMPING PRESENT: No
ORDINANCE VIOLATION: No
WASTE TYPE: mixed
WASTE VOLUME: small (pickup truck)
WASTE ORIGIN: residential
PROPERTY TYPE: right-of-way
ADDRESS MARKERS: NONE
GUTTER/ALLEY: No
WATER PROXIMITY: No
CHRONIC SITE: No
VEHICLES: NONE
IDENTIFIERS: NONE
SEVERITY: 1
ORDINANCE: N/A
PRIORITY: LOW
SUMMARY: No illegal dumping detected in the footage."
20260602T140833Z,DT_12th_and_Madison_1_20260531T143000.jpg,,,dataset_20260531/DT_12th_and_Madison_1/DT_12th_and_Madison_1_20260531T143000.jpg,illegal_dumping,done,2026-06-02T14:21:14.795124+00:00,0.043,1.896,1.942,,nvidia/cosmos-reason2-8b,"DUMPING PRESENT: Yes
ORDINANCE VIOLATION: Yes
WASTE TYPE: mixed
WASTE VOLUME: small (pickup truck)
WASTE ORIGIN: residential
PROPERTY TYPE: right-of-way
ADDRESS MARKERS: NONE
GUTTER/ALLEY: No
WATER PROXIMITY: No
CHRONIC SITE: No
VEHICLES: NONE
IDENTIFIERS: NONE
SEVERITY: 1
ORDINANCE: Sec-46-45
PRIORITY: LOW
SUMMARY: Mixed waste is illegally dumped on a right-of-way, violating property owner liability under Sec. 46-45.
"
20260602T140833Z,DT_12th_and_Madison_1_20260531T144000.jpg,,,dataset_20260531/DT_12th_and_Madison_1/DT_12th_and_Madison_1_20260531T144000.jpg,illegal_dumping,done,2026-06-02T14:21:14.966120+00:00,0.046,1.482,1.53,,nvidia/cosmos-reason2-8b,"DUMPING PRESENT: No
ORDINANCE VIOLATION: No
WASTE TYPE: mixed
WASTE VOLUME: small (pickup truck)
WASTE ORIGIN: residential
PROPERTY TYPE: roadside
ADDRESS MARKERS: NONE
GUTTER/ALLEY: No
WATER PROXIMITY: No
CHRONIC SITE: No
VEHICLES: NONE
IDENTIFIERS: NONE
SEVERITY: 1
ORDINANCE: N/A
PRIORITY: LOW
SUMMARY: No illegal dumping detected in the video."
20260602T140833Z,DT_12th_and_Madison_1_20260531T145000.jpg,,,dataset_20260531/DT_12th_and_Madison_1/DT_12th_and_Madison_1_20260531T145000.jpg,illegal_dumping,done,2026-06-02T14:21:15.108145+00:00,0.042,1.206,1.252,,nvidia/cosmos-reason2-8b,"DUMPING PRESENT: No
ORDINANCE VIOLATION: No
WASTE TYPE: mixed
WASTE VOLUME: small (pickup truck)
WASTE ORIGIN: residential
PROPERTY TYPE: right-of-way
ADDRESS MARKERS: NONE
GUTTER/ALLEY: No
WATER PROXIMITY: No
CHRONIC SITE: No
VEHICLES: NONE
IDENTIFIERS: NONE
SEVERITY: 1
ORDINANCE: N/A
PRIORITY: LOW
SUMMARY: No illegal dumping detected; the area appears clean with no visible waste or debris."
20260602T140833Z,DT_12th_and_Madison_1_20260531T150000.jpg,,,dataset_20260531/DT_12th_and_Madison_1/DT_12th_and_Madison_1_20260531T150000.jpg,illegal_dumping,done,2026-06-02T14:21:16.030681+00:00,0.038,0.709,0.751,,nvidia/cosmos-reason2-8b,"DUMPING PRESENT: No
ORDINANCE VIOLATION: No
WASTE TYPE: mixed
WASTE VOLUME: small (pickup truck)
WASTE ORIGIN: residential
PROPERTY TYPE: roadside
ADDRESS MARKERS: NONE
GUTTER/ALLEY: No
WATER PROXIMITY: No
CHRONIC SITE: No
VEHICLES: NONE
IDENTIFIERS: NONE
SEVERITY: 1
ORDINANCE: N/A
PRIORITY: LOW
SUMMARY: No illegal dumping detected in the video."
20260602T140833Z,DT_12th_and_Madison_1_20260531T151000.jpg,,,dataset_20260531/DT_12th_and_Madison_1/DT_12th_and_Madison_1_20260531T151000.jpg,illegal_dumping,done,2026-06-02T14:21:16.363903+00:00,0.054,1.24,1.299,,nvidia/cosmos-reason2-8b,"DUMPING PRESENT: Yes
ORDINANCE VIOLATION: Yes
WASTE TYPE: mixed
WASTE VOLUME: small (pickup truck)
WASTE ORIGIN: residential
PROPERTY TYPE: vacant-lot
ADDRESS MARKERS: NONE
GUTTER/ALLEY: No
WATER PROXIMITY: No
CHRONIC SITE: No
VEHICLES: NONE
IDENTIFIERS: NONE
SEVERITY: 3
ORDINANCE: Sec-46-45
PRIORITY: MEDIUM
SUMMARY: A small pile of mixed waste is illegally dumped on a vacant lot, violating Brownsville's property owner liability ordinance.
"
20260602T140833Z,DT_12th_and_Madison_1_20260531T152000.jpg,,,dataset_20260531/DT_12th_and_Madison_1/DT_12th_and_Madison_1_20260531T152000.jpg,illegal_dumping,done,2026-06-02T14:21:16.499010+00:00,0.038,0.788,0.829,,nvidia/cosmos-reason2-8b,"DUMPING PRESENT: No
ORDINANCE VIOLATION: No
WASTE TYPE: mixed
WASTE VOLUME: small (pickup truck)
WASTE ORIGIN: residential
PROPERTY TYPE: vacant-lot
ADDRESS MARKERS: NONE
GUTTER/ALLEY: No
WATER PROXIMITY: No
CHRONIC SITE: No
VEHICLES: NONE
IDENTIFIERS: NONE
SEVERITY: 1
ORDINANCE: N/A
PRIORITY: LOW
SUMMARY: No illegal dumping observed in the scene."
20260602T140833Z,DT_12th_and_Madison_1_20260531T153000.jpg,,,dataset_20260531/DT_12th_and_Madison_1/DT_12th_and_Madison_1_20260531T153000.jpg,illegal_dumping,done,2026-06-02T14:21:16.740421+00:00,0.042,0.749,0.794,,nvidia/cosmos-reason2-8b,"DUMPING PRESENT: No
ORDINANCE VIOLATION: No
WASTE TYPE: mixed
WASTE VOLUME: small (pickup truck)
WASTE ORIGIN: residential
PROPERTY TYPE: occupied-private
ADDRESS MARKERS: <NONE>
GUTTER/ALLEY: No
WATER PROXIMITY: No
CHRONIC SITE: No
VEHICLES: <NONE>
IDENTIFIERS: <NONE>
SEVERITY: 1
ORDINANCE: N/A
PRIORITY: LOW
SUMMARY: No illegal dumping detected in the video."
20260602T140833Z,DT_12th_and_Madison_1_20260531T154000.jpg,,,dataset_20260531/DT_12th_and_Madison_1/DT_12th_and_Madison_1_20260531T154000.jpg,illegal_dumping,done,2026-06-02T14:21:16.784904+00:00,0.041,0.886,0.931,,nvidia/cosmos-reason2-8b,"DUMPING PRESENT: No
ORDINANCE VIOLATION: No
WASTE TYPE: mixed
WASTE VOLUME: small (pickup truck)
WASTE ORIGIN: residential
PROPERTY TYPE: vacant-lot
ADDRESS MARKERS: NONE
GUTTER/ALLEY: No
WATER PROXIMITY: No
CHRONIC SITE: No
VEHICLES: NONE
IDENTIFIERS: NONE
SEVERITY: 1
ORDINANCE: N/A
PRIORITY: LOW
SUMMARY: No illegal dumping observed; the area appears to be a natural, undisturbed environment with no visible waste or debris."
20260602T140833Z,DT_12th_and_Madison_1_20260531T155000.jpg,,,dataset_20260531/DT_12th_and_Madison_1/DT_12th_and_Madison_1_20260531T155000.jpg,illegal_dumping,done,2026-06-02T14:21:17.332092+00:00,0.045,0.839,0.887,,nvidia/cosmos-reason2-8b,"DUMPING PRESENT: Yes
ORDINANCE VIOLATION: Yes
WASTE TYPE: mixed
WASTE VOLUME: small (pickup truck)
WASTE ORIGIN: residential
PROPERTY TYPE: vacant-lot
ADDRESS MARKERS: NONE
GUTTER/ALLEY: No
WATER PROXIMITY: No
CHRONIC SITE: No
VEHICLES: NONE
IDENTIFIERS: NONE
SEVERITY: 2
ORDINANCE: Sec-46-45
PRIORITY: MEDIUM
SUMMARY: A small pile of mixed waste is illegally dumped on a vacant lot, violating Brownsville's property owner liability ordinance.
"
20260602T140833Z,DT_12th_and_Madison_1_20260531T160000.jpg,,,dataset_20260531/DT_12th_and_Madison_1/DT_12th_and_Madison_1_20260531T160000.jpg,illegal_dumping,done,2026-06-02T14:21:17.537283+00:00,0.05,0.781,0.835,,nvidia/cosmos-reason2-8b,"DUMPING PRESENT: No
ORDINANCE VIOLATION: No
WASTE TYPE: mixed
WASTE VOLUME: small (pickup truck)
WASTE ORIGIN: residential
PROPERTY TYPE: vacant-lot
ADDRESS MARKERS: NONE
GUTTER/ALLEY: No
WATER PROXIMITY: No
CHRONIC SITE: No
VEHICLES: NONE
IDENTIFIERS: NONE
SEVERITY: 1
ORDINANCE: N/A
PRIORITY: LOW
SUMMARY: No illegal dumping detected in the scene."
20260602T140833Z,DT_12th_and_Madison_1_20260531T161000.jpg,,,dataset_20260531/DT_12th_and_Madison_1/DT_12th_and_Madison_1_20260531T161000.jpg,illegal_dumping,done,2026-06-02T14:21:17.666413+00:00,0.048,0.778,0.831,,nvidia/cosmos-reason2-8b,"DUMPING PRESENT: No
ORDINANCE VIOLATION: No
WASTE TYPE: mixed
WASTE VOLUME: small (pickup truck)
WASTE ORIGIN: residential
PROPERTY TYPE: right-of-way
ADDRESS MARKERS: < NONE >
GUTTER/ALLEY: No
WATER PROXIMITY: No
CHRONIC SITE: No
VEHICLES: < NONE >
IDENTIFIERS: < NONE >
SEVERITY: 1
ORDINANCE: N/A
PRIORITY: LOW
SUMMARY: No illegal dumping is observed in the scene."
20260602T140833Z,DT_12th_and_Madison_1_20260531T162000.jpg,,,dataset_20260531/DT_12th_and_Madison_1/DT_12th_and_Madison_1_20260531T162000.jpg,illegal_dumping,done,2026-06-02T14:21:17.718447+00:00,0.045,0.865,0.914,,nvidia/cosmos-reason2-8b,"DUMPING PRESENT: No
ORDINANCE VIOLATION: No
WASTE TYPE: mixed
WASTE VOLUME: small (pickup truck)
WASTE ORIGIN: residential
PROPERTY TYPE: right-of-way
ADDRESS MARKERS: NONE
GUTTER/ALLEY: No
WATER PROXIMITY: No
CHRONIC SITE: No
VEHICLES: NONE
IDENTIFIERS: NONE
SEVERITY: 1
ORDINANCE: N/A
PRIORITY: LOW
SUMMARY: No illegal dumping detected in the video."
20260602T140833Z,DT_12th_and_Madison_1_20260531T163000.jpg,,,dataset_20260531/DT_12th_and_Madison_1/DT_12th_and_Madison_1_20260531T163000.jpg,illegal_dumping,done,2026-06-02T14:21:18.222300+00:00,0.04,0.665,0.709,,nvidia/cosmos-reason2-8b,"DUMPING PRESENT: No
ORDINANCE VIOLATION: No
WASTE TYPE: mixed
WASTE VOLUME: small (pickup truck)
WASTE ORIGIN: residential
PROPERTY TYPE: vacant-lot
ADDRESS MARKERS: NONE
GUTTER/ALLEY: No
WATER PROXIMITY: No
CHRONIC SITE: No
VEHICLES: NONE
IDENTIFIERS: NONE
SEVERITY: 1
ORDINANCE: N/A
PRIORITY: LOW
SUMMARY: No illegal dumping observed in the scene."
20260602T140833Z,DT_12th_and_Madison_1_20260531T164000.jpg,,,dataset_20260531/DT_12th_and_Madison_1/DT_12th_and_Madison_1_20260531T164000.jpg,illegal_dumping,done,2026-06-02T14:21:18.375085+00:00,0.05,0.876,0.93,,nvidia/cosmos-reason2-8b,"DUMPING PRESENT: Yes
ORDINANCE VIOLATION: Yes
WASTE TYPE: mixed
WASTE VOLUME: small (pickup truck)
WASTE ORIGIN: residential
PROPERTY TYPE: vacant-lot
ADDRESS MARKERS: NONE
GUTTER/ALLEY: No
WATER PROXIMITY: No
CHRONIC SITE: No
VEHICLES: NONE
IDENTIFIERS: NONE
SEVERITY: 2
ORDINANCE: Sec-46-45
PRIORITY: MEDIUM
SUMMARY: A small pile of mixed waste is illegally dumped on a vacant lot, violating Brownsville's property owner liability ordinance.
"
20260602T140833Z,DT_12th_and_Madison_1_20260531T165000.jpg,,,dataset_20260531/DT_12th_and_Madison_1/DT_12th_and_Madison_1_20260531T165000.jpg,illegal_dumping,done,2026-06-02T14:21:18.499357+00:00,0.038,0.812,0.854,,nvidia/cosmos-reason2-8b,"DUMPING PRESENT: No
ORDINANCE VIOLATION: No
WASTE TYPE: mixed
WASTE VOLUME: small (pickup truck)
WASTE ORIGIN: residential
PROPERTY TYPE: right-of-way
ADDRESS MARKERS: NONE
GUTTER/ALLEY: No
WATER PROXIMITY: No
CHRONIC SITE: No
VEHICLES: NONE
IDENTIFIERS: NONE
SEVERITY: 1
ORDINANCE: N/A
PRIORITY: LOW
SUMMARY: No illegal dumping detected in the right-of-way area."
20260602T140833Z,DT_12th_and_Madison_1_20260531T170000.jpg,,,dataset_20260531/DT_12th_and_Madison_1/DT_12th_and_Madison_1_20260531T170000.jpg,illegal_dumping,done,2026-06-02T14:21:18.634539+00:00,0.045,0.807,0.856,,nvidia/cosmos-reason2-8b,"DUMPING PRESENT: No
ORDINANCE VIOLATION: No
WASTE TYPE: mixed
WASTE VOLUME: small (pickup truck)
WASTE ORIGIN: residential
PROPERTY TYPE: vacant-lot
ADDRESS MARKERS: NONE
GUTTER/ALLEY: No
WATER PROXIMITY: No
CHRONIC SITE: No
VEHICLES: NONE
IDENTIFIERS: NONE
SEVERITY: 1
ORDINANCE: N/A
PRIORITY: LOW
SUMMARY: No illegal dumping observed in the scene."
20260602T140833Z,DT_12th_and_Madison_1_20260531T171000.jpg,,,dataset_20260531/DT_12th_and_Madison_1/DT_12th_and_Madison_1_20260531T171000.jpg,illegal_dumping,done,2026-06-02T14:21:18.934499+00:00,0.038,0.785,0.826,,nvidia/cosmos-reason2-8b,"DUMPING PRESENT: No
ORDINANCE VIOLATION: No
WASTE TYPE: mixed
WASTE VOLUME: small (pickup truck)
WASTE ORIGIN: residential
PROPERTY TYPE: vacant-lot
ADDRESS MARKERS: NONE
GUTTER/ALLEY: No
WATER PROXIMITY: No
CHRONIC SITE: No
VEHICLES: NONE
IDENTIFIERS: NONE
SEVERITY: 1
ORDINANCE: N/A
PRIORITY: LOW
SUMMARY: No illegal dumping detected in the scene."
20260602T140833Z,DT_12th_and_Madison_1_20260531T172000.jpg,,,dataset_20260531/DT_12th_and_Madison_1/DT_12th_and_Madison_1_20260531T172000.jpg,illegal_dumping,done,2026-06-02T14:21:19.307308+00:00,0.046,0.709,0.759,,nvidia/cosmos-reason2-8b,"DUMPING PRESENT: No
ORDINANCE VIOLATION: No
WASTE TYPE: mixed
WASTE VOLUME: small (pickup truck)
WASTE ORIGIN: residential
PROPERTY TYPE: vacant-lot
ADDRESS MARKERS: NONE
GUTTER/ALLEY: No
WATER PROXIMITY: No
CHRONIC SITE: No
VEHICLES: NONE
IDENTIFIERS: NONE
SEVERITY: 1
ORDINANCE: N/A
PRIORITY: LOW
SUMMARY: No illegal dumping detected in the scene."
20260602T140833Z,DT_12th_and_Madison_1_20260531T173000.jpg,,,dataset_20260531/DT_12th_and_Madison_1/DT_12th_and_Madison_1_20260531T173000.jpg,illegal_dumping,done,2026-06-02T14:21:19.355752+00:00,0.05,0.905,0.959,,nvidia/cosmos-reason2-8b,"DUMPING PRESENT: No
ORDINANCE VIOLATION: No
WASTE TYPE: mixed
WASTE VOLUME: small (pickup truck)
WASTE ORIGIN: residential
PROPERTY TYPE: vacant-lot
ADDRESS MARKERS: NONE
GUTTER/ALLEY: No
WATER PROXIMITY: No
CHRONIC SITE: No
VEHICLES: NONE
IDENTIFIERS: NONE
SEVERITY: 1
ORDINANCE: N/A
PRIORITY: LOW
SUMMARY: No illegal dumping detected in the scene."
20260602T140833Z,DT_12th_and_Madison_1_20260531T174000.jpg,,,dataset_20260531/DT_12th_and_Madison_1/DT_12th_and_Madison_1_20260531T174000.jpg,illegal_dumping,done,2026-06-02T14:21:19.492513+00:00,0.038,0.899,0.941,,nvidia/cosmos-reason2-8b,"DUMPING PRESENT: No
ORDINANCE VIOLATION: No
WASTE TYPE: mixed
WASTE VOLUME: small (pickup truck)
WASTE ORIGIN: residential
PROPERTY TYPE: vacant-lot
ADDRESS MARKERS: NONE
GUTTER/ALLEY: No
WATER PROXIMITY: No
CHRONIC SITE: No
VEHICLES: NONE
IDENTIFIERS: NONE
SEVERITY: 1
ORDINANCE: N/A
PRIORITY: LOW
SUMMARY: No illegal dumping detected in the video."
20260602T140833Z,DT_12th_and_Madison_1_20260531T175000.jpg,,,dataset_20260531/DT_12th_and_Madison_1/DT_12th_and_Madison_1_20260531T175000.jpg,illegal_dumping,done,2026-06-02T14:21:19.763648+00:00,0.048,0.915,0.967,,nvidia/cosmos-reason2-8b,"DUMPING PRESENT: Yes
ORDINANCE VIOLATION: Yes
WASTE TYPE: mixed
WASTE VOLUME: small (pickup truck)
WASTE ORIGIN: residential
PROPERTY TYPE: right-of-way
ADDRESS MARKERS: NONE
GUTTER/ALLEY: No
WATER PROXIMITY: No
CHRONIC SITE: No
VEHICLES: NONE
IDENTIFIERS: NONE
SEVERITY: 2
ORDINANCE: Sec-46-45
PRIORITY: MEDIUM
SUMMARY: A small pile of mixed waste is illegally dumped on a right-of-way, violating Brownsville's property owner liability ordinance.
"
20260602T140833Z,DT_12th_and_Madison_1_20260531T180000.jpg,,,dataset_20260531/DT_12th_and_Madison_1/DT_12th_and_Madison_1_20260531T180000.jpg,illegal_dumping,done,2026-06-02T14:21:20.068980+00:00,0.042,0.861,0.91,,nvidia/cosmos-reason2-8b,"DUMPING PRESENT: Yes
ORDINANCE VIOLATION: Yes
WASTE TYPE: mixed
WASTE VOLUME: small (pickup truck)
WASTE ORIGIN: residential
PROPERTY TYPE: vacant-lot
ADDRESS MARKERS: NONE
GUTTER/ALLEY: No
WATER PROXIMITY: No
CHRONIC SITE: No
VEHICLES: NONE
IDENTIFIERS: NONE
SEVERITY: 2
ORDINANCE: Sec-46-45
PRIORITY: MEDIUM
SUMMARY: A small pile of mixed waste is illegally dumped on a vacant lot, violating Brownsville's property owner liability ordinance.
"
20260602T140833Z,DT_12th_and_Madison_1_20260531T181000.jpg,,,dataset_20260531/DT_12th_and_Madison_1/DT_12th_and_Madison_1_20260531T181000.jpg,illegal_dumping,done,2026-06-02T14:21:20.316868+00:00,0.042,0.665,0.711,,nvidia/cosmos-reason2-8b,"DUMPING PRESENT: No
ORDINANCE VIOLATION: No
WASTE TYPE: mixed
WASTE VOLUME: small (pickup truck)
WASTE ORIGIN: residential
PROPERTY TYPE: vacant-lot
ADDRESS MARKERS: NONE
GUTTER/ALLEY: No
WATER PROXIMITY: No
CHRONIC SITE: No
VEHICLES: NONE
IDENTIFIERS: NONE
SEVERITY: 1
ORDINANCE: N/A
PRIORITY: LOW
SUMMARY: No illegal dumping detected in the video."
20260602T140833Z,DT_12th_and_Madison_1_20260531T182000.jpg,,,dataset_20260531/DT_12th_and_Madison_1/DT_12th_and_Madison_1_20260531T182000.jpg,illegal_dumping,done,2026-06-02T14:21:20.435639+00:00,0.045,0.854,0.904,,nvidia/cosmos-reason2-8b,"DUMPING PRESENT: Yes
ORDINANCE VIOLATION: Yes
WASTE TYPE: mixed
WASTE VOLUME: small (pickup truck)
WASTE ORIGIN: residential
PROPERTY TYPE: vacant-lot
ADDRESS MARKERS: NONE
GUTTER/ALLEY: No
WATER PROXIMITY: No
CHRONIC SITE: No
VEHICLES: NONE
IDENTIFIERS: NONE
SEVERITY: 2
ORDINANCE: Sec-46-45
PRIORITY: MEDIUM
SUMMARY: Illegal dumping is observed on a vacant lot, with waste scattered across the area, violating property owner liability under Sec. 46-45.
"
20260602T140833Z,DT_12th_and_Madison_1_20260531T183000.jpg,,,dataset_20260531/DT_12th_and_Madison_1/DT_12th_and_Madison_1_20260531T183000.jpg,illegal_dumping,done,2026-06-02T14:21:20.732676+00:00,0.05,0.778,0.833,,nvidia/cosmos-reason2-8b,"DUMPING PRESENT: Yes
ORDINANCE VIOLATION: Yes
WASTE TYPE: mixed
WASTE VOLUME: small (pickup truck)
WASTE ORIGIN: residential
PROPERTY TYPE: vacant-lot
ADDRESS MARKERS: NONE
GUTTER/ALLEY: No
WATER PROXIMITY: No
CHRONIC SITE: No
VEHICLES: NONE
IDENTIFIERS: NONE
SEVERITY: 2
ORDINANCE: Sec-46-45
PRIORITY: MEDIUM
SUMMARY: Illegal dumping is present on a vacant lot, violating Brownsville's property owner liability ordinance (Sec. 46-45)."
20260602T140833Z,DT_12th_and_Madison_1_20260531T184000.jpg,,,dataset_20260531/DT_12th_and_Madison_1/DT_12th_and_Madison_1_20260531T184000.jpg,illegal_dumping,done,2026-06-02T14:21:20.981402+00:00,0.046,0.668,0.718,,nvidia/cosmos-reason2-8b,"DUMPING PRESENT: No
ORDINANCE VIOLATION: No
WASTE TYPE: mixed
WASTE VOLUME: small (pickup truck)
WASTE ORIGIN: residential
PROPERTY TYPE: vacant-lot
ADDRESS MARKERS: NONE
GUTTER/ALLEY: No
WATER PROXIMITY: No
CHRONIC SITE: No
VEHICLES: NONE
IDENTIFIERS: NONE
SEVERITY: 1
ORDINANCE: N/A
PRIORITY: LOW
SUMMARY: No illegal dumping detected in the video."
20260602T140833Z,DT_12th_and_Madison_1_20260531T185000.jpg,,,dataset_20260531/DT_12th_and_Madison_1/DT_12th_and_Madison_1_20260531T185000.jpg,illegal_dumping,done,2026-06-02T14:21:21.030046+00:00,0.043,0.93,0.989,,nvidia/cosmos-reason2-8b,"DUMPING PRESENT: Yes
ORDINANCE VIOLATION: Yes
WASTE TYPE: mixed
WASTE VOLUME: small (pickup truck)
WASTE ORIGIN: residential
PROPERTY TYPE: vacant-lot
ADDRESS MARKERS: NONE
GUTTER/ALLEY: No
WATER PROXIMITY: No
CHRONIC SITE: No
VEHICLES: NONE
IDENTIFIERS: NONE
SEVERITY: 2
ORDINANCE: Sec-46-45
PRIORITY: MEDIUM
SUMMARY: Illegal dumping is present on a vacant lot, violating Brownsville's property owner liability ordinance.
"
20260602T140833Z,DT_12th_and_Madison_1_20260531T190000.jpg,,,dataset_20260531/DT_12th_and_Madison_1/DT_12th_and_Madison_1_20260531T190000.jpg,illegal_dumping,done,2026-06-02T14:21:21.342903+00:00,0.043,0.814,0.863,,nvidia/cosmos-reason2-8b,"DUMPING PRESENT: Yes
ORDINANCE VIOLATION: Yes
WASTE TYPE: mixed
WASTE VOLUME: small (pickup truck)
WASTE ORIGIN: residential
PROPERTY TYPE: vacant-lot
ADDRESS MARKERS: NONE
GUTTER/ALLEY: No
WATER PROXIMITY: No
CHRONIC SITE: No
VEHICLES: NONE
IDENTIFIERS: NONE
SEVERITY: 2
ORDINANCE: Sec-46-45
PRIORITY: MEDIUM
SUMMARY: Illegal dumping is observed on a vacant lot, with waste scattered across the area, violating property owner liability under Sec. 46-45.
"
20260602T140833Z,DT_12th_and_Madison_1_20260531T191000.jpg,,,dataset_20260531/DT_12th_and_Madison_1/DT_12th_and_Madison_1_20260531T191000.jpg,illegal_dumping,done,2026-06-02T14:21:21.569162+00:00,0.047,0.822,0.872,,nvidia/cosmos-reason2-8b,"DUMPING PRESENT: Yes
ORDINANCE VIOLATION: Yes
WASTE TYPE: mixed
WASTE VOLUME: small (pickup truck)
WASTE ORIGIN: unknown
PROPERTY TYPE: vacant-lot
ADDRESS MARKERS: NONE
GUTTER/ALLEY: No
WATER PROXIMITY: No
CHRONIC SITE: No
VEHICLES: NONE
IDENTIFIERS: NONE
SEVERITY: 1
ORDINANCE: Sec-46-45
PRIORITY: LOW
SUMMARY: A small pile of mixed waste is present on a vacant lot, violating property owner liability under Sec. 46-45."
20260602T140833Z,DT_12th_and_Madison_1_20260531T192000.jpg,,,dataset_20260531/DT_12th_and_Madison_1/DT_12th_and_Madison_1_20260531T192000.jpg,illegal_dumping,done,2026-06-02T14:21:21.701409+00:00,0.039,0.694,0.736,,nvidia/cosmos-reason2-8b,"DUMPING PRESENT: No
ORDINANCE VIOLATION: No
WASTE TYPE: mixed
WASTE VOLUME: small (pickup truck)
WASTE ORIGIN: residential
PROPERTY TYPE: vacant-lot
ADDRESS MARKERS: NONE
GUTTER/ALLEY: No
WATER PROXIMITY: No
CHRONIC SITE: No
VEHICLES: NONE
IDENTIFIERS: NONE
SEVERITY: 1
ORDINANCE: N/A
PRIORITY: LOW
SUMMARY: No illegal dumping is observed in the video."
20260602T140833Z,DT_12th_and_Madison_1_20260531T193000.jpg,,,dataset_20260531/DT_12th_and_Madison_1/DT_12th_and_Madison_1_20260531T193000.jpg,illegal_dumping,done,2026-06-02T14:21:22.021518+00:00,0.042,0.7,0.746,,nvidia/cosmos-reason2-8b,"DUMPING PRESENT: No
ORDINANCE VIOLATION: No
WASTE TYPE: mixed
WASTE VOLUME: small (pickup truck)
WASTE ORIGIN: residential
PROPERTY TYPE: vacant-lot
ADDRESS MARKERS: NONE
GUTTER/ALLEY: No
WATER PROXIMITY: No
CHRONIC SITE: No
VEHICLES: NONE
IDENTIFIERS: NONE
SEVERITY: 1
ORDINANCE: N/A
PRIORITY: LOW
SUMMARY: No illegal dumping detected in the video."
20260602T140833Z,DT_12th_and_Madison_1_20260531T194000.jpg,,,dataset_20260531/DT_12th_and_Madison_1/DT_12th_and_Madison_1_20260531T194000.jpg,illegal_dumping,done,2026-06-02T14:21:22.207937+00:00,0.045,0.657,0.705,,nvidia/cosmos-reason2-8b,"DUMPING PRESENT: No
ORDINANCE VIOLATION: No
WASTE TYPE: mixed
WASTE VOLUME: small (pickup truck)
WASTE ORIGIN: residential
PROPERTY TYPE: vacant-lot
ADDRESS MARKERS: NONE
GUTTER/ALLEY: No
WATER PROXIMITY: No
CHRONIC SITE: No
VEHICLES: NONE
IDENTIFIERS: NONE
SEVERITY: 1
ORDINANCE: N/A
PRIORITY: LOW
SUMMARY: No illegal dumping detected in the video."
20260602T140833Z,DT_12th_and_Madison_1_20260531T195000.jpg,,,dataset_20260531/DT_12th_and_Madison_1/DT_12th_and_Madison_1_20260531T195000.jpg,illegal_dumping,done,2026-06-02T14:21:22.440038+00:00,0.046,0.841,0.892,,nvidia/cosmos-reason2-8b,"DUMPING PRESENT: No
ORDINANCE VIOLATION: No
WASTE TYPE: mixed
WASTE VOLUME: small (pickup truck)
WASTE ORIGIN: residential
PROPERTY TYPE: occupied-private
ADDRESS MARKERS: NONE
GUTTER/ALLEY: No
WATER PROXIMITY: No
CHRONIC SITE: No
VEHICLES: NONE
IDENTIFIERS: NONE
SEVERITY: 1
ORDINANCE: N/A
PRIORITY: LOW
SUMMARY: No illegal dumping detected in the video."
20260602T140833Z,DT_12th_and_Madison_1_20260531T200000.jpg,,,dataset_20260531/DT_12th_and_Madison_1/DT_12th_and_Madison_1_20260531T200000.jpg,illegal_dumping,done,2026-06-02T14:21:22.444224+00:00,0.044,0.796,0.842,,nvidia/cosmos-reason2-8b,"DUMPING PRESENT: Yes
ORDINANCE VIOLATION: Yes
WASTE TYPE: mixed
WASTE VOLUME: small (pickup truck)
WASTE ORIGIN: residential
PROPERTY TYPE: vacant-lot
ADDRESS MARKERS: NONE
GUTTER/ALLEY: No
WATER PROXIMITY: No
CHRONIC SITE: No
VEHICLES: NONE
IDENTIFIERS: NONE
SEVERITY: 2
ORDINANCE: Sec-46-45
PRIORITY: MEDIUM
SUMMARY: Illegal dumping is observed on a vacant lot, with waste scattered across the area, violating property owner liability under Sec. 46-45.
"
20260602T140833Z,DT_12th_and_Madison_1_20260531T201000.jpg,,,dataset_20260531/DT_12th_and_Madison_1/DT_12th_and_Madison_1_20260531T201000.jpg,illegal_dumping,done,2026-06-02T14:21:22.770629+00:00,0.046,0.959,1.015,,nvidia/cosmos-reason2-8b,"DUMPING PRESENT: Yes
ORDINANCE VIOLATION: Yes
WASTE TYPE: mixed
WASTE VOLUME: small (pickup truck)
WASTE ORIGIN: residential
PROPERTY TYPE: vacant-lot
ADDRESS MARKERS: NONE
GUTTER/ALLEY: No
WATER PROXIMITY: No
CHRONIC SITE: No
VEHICLES: NONE
IDENTIFIERS: NONE
SEVERITY: 2
ORDINANCE: Sec-46-45
PRIORITY: MEDIUM
SUMMARY: Illegal dumping of mixed waste is observed on a vacant lot, violating Brownsville's property owner liability ordinance.
"
20260602T140833Z,DT_12th_and_Madison_1_20260531T202000.jpg,,,dataset_20260531/DT_12th_and_Madison_1/DT_12th_and_Madison_1_20260531T202000.jpg,illegal_dumping,done,2026-06-02T14:21:22.915443+00:00,0.042,0.875,0.921,,nvidia/cosmos-reason2-8b,"DUMPING PRESENT: Yes
ORDINANCE VIOLATION: Yes
WASTE TYPE: mixed
WASTE VOLUME: small (pickup truck)
WASTE ORIGIN: residential
PROPERTY TYPE: vacant-lot
ADDRESS MARKERS: NONE
GUTTER/ALLEY: No
WATER PROXIMITY: No
CHRONIC SITE: No
VEHICLES: NONE
IDENTIFIERS: NONE
SEVERITY: 1
ORDINANCE: Sec-46-45
PRIORITY: LOW
SUMMARY: Illegal dumping of mixed waste is observed on a vacant lot, violating property owner liability under Sec. 46-45.
"
20260602T140833Z,DT_12th_and_Madison_1_20260531T203000.jpg,,,dataset_20260531/DT_12th_and_Madison_1/DT_12th_and_Madison_1_20260531T203000.jpg,illegal_dumping,done,2026-06-02T14:21:23.289616+00:00,0.042,0.855,0.901,,nvidia/cosmos-reason2-8b,"```json
{
  ""DUMPING PRESENT"": ""No"",
  ""ORDINANCE VIOLATION"": ""No"",
  ""WASTE TYPE"": [],
  ""WASTE VOLUME"": ""small (pickup truck)"",
  ""WASTE ORIGIN"": ""residential"",
  ""PROPERTY TYPE"": ""vacant-lot"",
  ""ADDRESS MARKERS"": ""NONE"",
  ""GUTTER/ALLEY"": ""No"",
  ""WATER PROXIMITY"": ""No"",
  ""CHRONIC SITE"": ""No"",
  ""VEHICLES"": ""NONE"",
  ""IDENTIFIERS"": ""NONE"",
  ""SEVERITY"": ""1"",
  ""ORDINANCE"": ""N/A"",
  ""PRIORITY"": ""LOW"",
  ""SUMMARY"": ""No illegal dumping detected; the area appears clear with no visible waste or debris.""
}
```"
20260602T140833Z,DT_12th_and_Madison_1_20260531T204000.jpg,,,dataset_20260531/DT_12th_and_Madison_1/DT_12th_and_Madison_1_20260531T204000.jpg,illegal_dumping,done,2026-06-02T14:21:23.334609+00:00,0.046,0.882,0.931,,nvidia/cosmos-reason2-8b,"DUMPING PRESENT: No
ORDINANCE VIOLATION: No
WASTE TYPE: mixed
WASTE VOLUME: small (pickup truck)
WASTE ORIGIN: residential
PROPERTY TYPE: right-of-way
ADDRESS MARKERS: < NONE >
GUTTER/ALLEY: Yes
WATER PROXIMITY: No
CHRONIC SITE: No
VEHICLES: < NONE >
IDENTIFIERS: < NONE >
SEVERITY: 1
ORDINANCE: N/A
PRIORITY: LOW
SUMMARY: No illegal dumping observed; the scene shows a narrow pathway bordered by dense vegetation with no visible waste or debris."
20260602T140833Z,DT_12th_and_Madison_1_20260531T205000.jpg,,,dataset_20260531/DT_12th_and_Madison_1/DT_12th_and_Madison_1_20260531T205000.jpg,illegal_dumping,done,2026-06-02T14:21:23.788585+00:00,0.047,0.972,1.023,,nvidia/cosmos-reason2-8b,"```json
{
  ""DUMPING PRESENT"": ""No"",
  ""ORDINANCE VIOLATION"": ""No"",
  ""WASTE TYPE"": [],
  ""WASTE VOLUME"": ""small (pickup truck)"",
  ""WASTE ORIGIN"": ""residential"",
  ""PROPERTY TYPE"": ""vacant-lot"",
  ""ADDRESS MARKERS"": ""NONE"",
  ""GUTTER/ALLEY"": ""Yes"",
  ""WATER PROXIMITY"": ""No"",
  ""CHRONIC SITE"": ""No"",
  ""VEHICLES"": ""NONE"",
  ""IDENTIFIERS"": ""NONE"",
  ""SEVERITY"": 1,
  ""ORDINANCE"": ""N/A"",
  ""PRIORITY"": ""LOW"",
  ""SUMMARY"": ""No illegal dumping detected; the scene shows a darkened alleyway with no visible waste or debris.""
}
```"
20260602T140833Z,DT_12th_and_Madison_1_20260531T210000.jpg,,,dataset_20260531/DT_12th_and_Madison_1/DT_12th_and_Madison_1_20260531T210000.jpg,illegal_dumping,done,2026-06-02T14:21:23.838641+00:00,0.043,0.973,1.02,,nvidia/cosmos-reason2-8b,"```json
{
  ""DUMPING PRESENT"": ""No"",
  ""ORDINANCE VIOLATION"": ""No"",
  ""WASTE TYPE"": [],
  ""WASTE VOLUME"": ""small (pickup truck)"",
  ""WASTE ORIGIN"": ""residential"",
  ""PROPERTY TYPE"": ""right-of-way"",
  ""ADDRESS MARKERS"": ""NONE"",
  ""GUTTER/ALLEY"": ""Yes"",
  ""WATER PROXIMITY"": ""No"",
  ""CHRONIC SITE"": ""No"",
  ""VEHICLES"": ""NONE"",
  ""IDENTIFIERS"": ""NONE"",
  ""SEVERITY"": ""1"",
  ""ORDINANCE"": ""N/A"",
  ""PRIORITY"": ""LOW"",
  ""SUMMARY"": ""No illegal dumping detected; the scene shows a quiet street with no visible waste or debris.""
}
```"
20260602T140833Z,DT_12th_and_Madison_1_20260531T211000.jpg,,,dataset_20260531/DT_12th_and_Madison_1/DT_12th_and_Madison_1_20260531T211000.jpg,illegal_dumping,done,2026-06-02T14:21:24.193933+00:00,0.042,1.044,1.09,,nvidia/cosmos-reason2-8b,"```json
{
  ""DUMPING PRESENT"": ""No"",
  ""ORDINANCE VIOLATION"": ""No"",
  ""WASTE TYPE"": [],
  ""WASTE VOLUME"": ""small (pickup truck)"",
  ""WASTE ORIGIN"": ""unknown"",
  ""PROPERTY TYPE"": ""right-of-way"",
  ""ADDRESS MARKERS"": ""NONE"",
  ""GUTTER/ALLEY"": ""Yes"",
  ""WATER PROXIMITY"": ""No"",
  ""CHRONIC SITE"": ""No"",
  ""VEHICLES"": ""NONE"",
  ""IDENTIFIERS"": ""NONE"",
  ""SEVERITY"": ""1"",
  ""ORDINANCE"": ""N/A"",
  ""PRIORITY"": ""LOW"",
  ""SUMMARY"": ""No illegal dumping detected; the scene shows a quiet urban right-of-way with no visible waste or debris.""
}
```"
20260602T140833Z,DT_12th_and_Madison_1_20260531T212000.jpg,,,dataset_20260531/DT_12th_and_Madison_1/DT_12th_and_Madison_1_20260531T212000.jpg,illegal_dumping,done,2026-06-02T14:21:24.267576+00:00,0.051,0.709,0.762,,nvidia/cosmos-reason2-8b,"DUMPING PRESENT: No
ORDINANCE VIOLATION: No
WASTE TYPE: mixed
WASTE VOLUME: small (pickup truck)
WASTE ORIGIN: residential
PROPERTY TYPE: right-of-way
ADDRESS MARKERS: NONE
GUTTER/ALLEY: Yes
WATER PROXIMITY: No
CHRONIC SITE: No
VEHICLES: NONE
IDENTIFIERS: NONE
SEVERITY: 1
ORDINANCE: N/A
PRIORITY: LOW
SUMMARY: No illegal dumping detected; the scene shows a quiet alleyway with no visible waste or debris."
20260602T140833Z,DT_12th_and_Madison_1_20260531T213000.jpg,,,dataset_20260531/DT_12th_and_Madison_1/DT_12th_and_Madison_1_20260531T213000.jpg,illegal_dumping,done,2026-06-02T14:21:24.814247+00:00,0.043,0.735,0.782,,nvidia/cosmos-reason2-8b,"DUMPING PRESENT: No
ORDINANCE VIOLATION: No
WASTE TYPE: mixed
WASTE VOLUME: small (pickup truck)
WASTE ORIGIN: residential
PROPERTY TYPE: alley
ADDRESS MARKERS: NONE
GUTTER/ALLEY: Yes
WATER PROXIMITY: No
CHRONIC SITE: No
VEHICLES: NONE
IDENTIFIERS: NONE
SEVERITY: 1
ORDINANCE: N/A
PRIORITY: LOW
SUMMARY: No illegal dumping detected in the alleyway; the scene appears clean with no visible waste or debris."
20260602T140833Z,DT_12th_and_Madison_1_20260531T214000.jpg,,,dataset_20260531/DT_12th_and_Madison_1/DT_12th_and_Madison_1_20260531T214000.jpg,illegal_dumping,done,2026-06-02T14:21:24.862425+00:00,0.05,1.029,1.082,,nvidia/cosmos-reason2-8b,"DUMPING PRESENT: No
ORDINANCE VIOLATION: No
WASTE TYPE: mixed
WASTE VOLUME: small (pickup truck)
WASTE ORIGIN: residential
PROPERTY TYPE: right-of-way
ADDRESS MARKERS: NONE
GUTTER/ALLEY: No
WATER PROXIMITY: No
CHRONIC SITE: No
VEHICLES: NONE
IDENTIFIERS: NONE
SEVERITY: 1
ORDINANCE: N/A
PRIORITY: LOW
SUMMARY: No illegal dumping detected in the video. The scene shows a quiet street with no visible waste or debris."
20260602T140833Z,DT_12th_and_Madison_1_20260531T215000.jpg,,,dataset_20260531/DT_12th_and_Madison_1/DT_12th_and_Madison_1_20260531T215000.jpg,illegal_dumping,done,2026-06-02T14:21:25.032275+00:00,0.046,1.102,1.151,,nvidia/cosmos-reason2-8b,"DUMPING PRESENT: No
ORDINANCE VIOLATION: No
WASTE TYPE: mixed
WASTE VOLUME: small (pickup truck)
WASTE ORIGIN: residential
PROPERTY TYPE: right-of-way
ADDRESS MARKERS: NONE
GUTTER/ALLEY: No
WATER PROXIMITY: No
CHRONIC SITE: No
VEHICLES: NONE
IDENTIFIERS: NONE
SEVERITY: 1
ORDINANCE: N/A
PRIORITY: LOW
SUMMARY: No illegal dumping detected; the scene shows a quiet street with no visible waste or debris."
20260602T140833Z,DT_12th_and_Madison_1_20260531T220000.jpg,,,dataset_20260531/DT_12th_and_Madison_1/DT_12th_and_Madison_1_20260531T220000.jpg,illegal_dumping,done,2026-06-02T14:21:25.285972+00:00,0.041,0.961,1.005,,nvidia/cosmos-reason2-8b,"```json
{
  ""DUMPING PRESENT"": ""No"",
  ""ORDINANCE VIOLATION"": ""No"",
  ""WASTE TYPE"": [],
  ""WASTE VOLUME"": ""small (pickup truck)"",
  ""WASTE ORIGIN"": ""unknown"",
  ""PROPERTY TYPE"": ""right-of-way"",
  ""ADDRESS MARKERS"": ""NONE"",
  ""GUTTER/ALLEY"": ""Yes"",
  ""WATER PROXIMITY"": ""No"",
  ""CHRONIC SITE"": ""No"",
  ""VEHICLES"": ""NONE"",
  ""IDENTIFIERS"": ""NONE"",
  ""SEVERITY"": ""1"",
  ""ORDINANCE"": ""N/A"",
  ""PRIORITY"": ""LOW"",
  ""SUMMARY"": ""No illegal dumping detected in the video; the scene shows a quiet street with no visible waste or debris.""
}
```"
20260602T140833Z,DT_12th_and_Madison_1_20260531T221000.jpg,,,dataset_20260531/DT_12th_and_Madison_1/DT_12th_and_Madison_1_20260531T221000.jpg,illegal_dumping,done,2026-06-02T14:21:25.598383+00:00,0.048,0.706,0.758,,nvidia/cosmos-reason2-8b,"DUMPING PRESENT: No
ORDINANCE VIOLATION: No
WASTE TYPE: mixed
WASTE VOLUME: small (pickup truck)
WASTE ORIGIN: residential
PROPERTY TYPE: right-of-way
ADDRESS MARKERS: NONE
GUTTER/ALLEY: Yes
WATER PROXIMITY: No
CHRONIC SITE: No
VEHICLES: NONE
IDENTIFIERS: NONE
SEVERITY: 1
ORDINANCE: N/A
PRIORITY: LOW
SUMMARY: No illegal dumping detected in the right-of-way area."
20260602T140833Z,DT_12th_and_Madison_1_20260531T222000.jpg,,,dataset_20260531/DT_12th_and_Madison_1/DT_12th_and_Madison_1_20260531T222000.jpg,illegal_dumping,done,2026-06-02T14:21:25.947208+00:00,0.044,0.784,0.832,,nvidia/cosmos-reason2-8b,"DUMPING PRESENT: No
ORDINANCE VIOLATION: No
WASTE TYPE: mixed
WASTE VOLUME: small (pickup truck)
WASTE ORIGIN: residential
PROPERTY TYPE: right-of-way
ADDRESS MARKERS: NONE
GUTTER/ALLEY: Yes
WATER PROXIMITY: No
CHRONIC SITE: No
VEHICLES: NONE
IDENTIFIERS: NONE
SEVERITY: 1
ORDINANCE: N/A
PRIORITY: LOW
SUMMARY: No illegal dumping observed; the scene shows a quiet street with no visible waste or debris."
20260602T140833Z,DT_12th_and_Madison_1_20260531T223000.jpg,,,dataset_20260531/DT_12th_and_Madison_1/DT_12th_and_Madison_1_20260531T223000.jpg,illegal_dumping,done,2026-06-02T14:21:26.186864+00:00,0.042,0.684,0.729,,nvidia/cosmos-reason2-8b,"DUMPING PRESENT: No
ORDINANCE VIOLATION: No
WASTE TYPE: mixed
WASTE VOLUME: small (pickup truck)
WASTE ORIGIN: residential
PROPERTY TYPE: right-of-way
ADDRESS MARKERS: NONE
GUTTER/ALLEY: Yes
WATER PROXIMITY: No
CHRONIC SITE: No
VEHICLES: NONE
IDENTIFIERS: NONE
SEVERITY: 1
ORDINANCE: N/A
PRIORITY: LOW
SUMMARY: No illegal dumping detected; the scene shows a quiet street with no visible waste or debris."
20260602T140833Z,DT_12th_and_Madison_1_20260531T224000.jpg,,,dataset_20260531/DT_12th_and_Madison_1/DT_12th_and_Madison_1_20260531T224000.jpg,illegal_dumping,done,2026-06-02T14:21:26.293898+00:00,0.041,1.03,1.074,,nvidia/cosmos-reason2-8b,"DUMPING PRESENT: No
ORDINANCE VIOLATION: No
WASTE TYPE: mixed
WASTE VOLUME: small (pickup truck)
WASTE ORIGIN: residential
PROPERTY TYPE: right-of-way
ADDRESS MARKERS: NONE
GUTTER/ALLEY: Yes
WATER PROXIMITY: No
CHRONIC SITE: No
VEHICLES: NONE
IDENTIFIERS: NONE
SEVERITY: 1
ORDINANCE: N/A
PRIORITY: LOW
SUMMARY: No illegal dumping detected in the right-of-way area."
20260602T140833Z,DT_12th_and_Madison_1_20260531T225000.jpg,,,dataset_20260531/DT_12th_and_Madison_1/DT_12th_and_Madison_1_20260531T225000.jpg,illegal_dumping,done,2026-06-02T14:21:26.358343+00:00,0.041,0.854,0.898,,nvidia/cosmos-reason2-8b,"DUMPING PRESENT: No
ORDINANCE VIOLATION: No
WASTE TYPE: mixed
WASTE VOLUME: small (pickup truck)
WASTE ORIGIN: residential
PROPERTY TYPE: right-of-way
ADDRESS MARKERS: NONE
GUTTER/ALLEY: Yes
WATER PROXIMITY: No
CHRONIC SITE: No
VEHICLES: NONE
IDENTIFIERS: NONE
SEVERITY: 1
ORDINANCE: N/A
PRIORITY: LOW
SUMMARY: No illegal dumping detected; the scene shows a quiet urban alleyway with no visible waste or violations."
20260602T140833Z,DT_12th_and_Madison_1_20260531T230000.jpg,,,dataset_20260531/DT_12th_and_Madison_1/DT_12th_and_Madison_1_20260531T230000.jpg,illegal_dumping,done,2026-06-02T14:21:26.781970+00:00,0.038,0.68,0.722,,nvidia/cosmos-reason2-8b,"DUMPING PRESENT: No
ORDINANCE VIOLATION: No
WASTE TYPE: mixed
WASTE VOLUME: small (pickup truck)
WASTE ORIGIN: residential
PROPERTY TYPE: right-of-way
ADDRESS MARKERS: NONE
GUTTER/ALLEY: Yes
WATER PROXIMITY: No
CHRONIC SITE: No
VEHICLES: NONE
IDENTIFIERS: NONE
SEVERITY: 1
ORDINANCE: N/A
PRIORITY: LOW
SUMMARY: No illegal dumping is observed in the video; the scene shows a quiet street with no visible waste or debris."
20260602T140833Z,DT_12th_and_Madison_1_20260531T231000.jpg,,,dataset_20260531/DT_12th_and_Madison_1/DT_12th_and_Madison_1_20260531T231000.jpg,illegal_dumping,done,2026-06-02T14:21:26.918029+00:00,0.047,0.734,0.784,,nvidia/cosmos-reason2-8b,"DUMPING PRESENT: No
ORDINANCE VIOLATION: No
WASTE TYPE: mixed
WASTE VOLUME: small
WASTE ORIGIN: residential
PROPERTY TYPE: right-of-way
ADDRESS MARKERS: NONE
GUTTER/ALLEY: No
WATER PROXIMITY: No
CHRONIC SITE: No
VEHICLES: NONE
IDENTIFIERS: NONE
SEVERITY: 1
ORDINANCE: N/A
PRIORITY: LOW
SUMMARY: No illegal dumping detected; the area appears clean with no visible waste or debris."
20260602T140833Z,DT_12th_and_Madison_1_20260531T232000.jpg,,,dataset_20260531/DT_12th_and_Madison_1/DT_12th_and_Madison_1_20260531T232000.jpg,illegal_dumping,done,2026-06-02T14:21:27.259091+00:00,0.051,0.887,0.942,,nvidia/cosmos-reason2-8b,"```json
{
  ""DUMPING PRESENT"": ""No"",
  ""ORDINANCE VIOLATION"": ""No"",
  ""WASTE TYPE"": [],
  ""WASTE VOLUME"": ""small (pickup truck)"",
  ""WASTE ORIGIN"": ""unknown"",
  ""PROPERTY TYPE"": ""right-of-way"",
  ""ADDRESS MARKERS"": ""NONE"",
  ""GUTTER/ALLEY"": ""Yes"",
  ""WATER PROXIMITY"": ""No"",
  ""CHRONIC SITE"": ""No"",
  ""VEHICLES"": ""NONE"",
  ""IDENTIFIERS"": ""NONE"",
  ""SEVERITY"": ""1"",
  ""ORDINANCE"": ""N/A"",
  ""PRIORITY"": ""LOW"",
  ""SUMMARY"": ""No illegal dumping detected; the scene shows a quiet alleyway with no visible waste or debris.""
}
```"
20260602T140833Z,DT_12th_and_Madison_1_20260531T233000.jpg,,,dataset_20260531/DT_12th_and_Madison_1/DT_12th_and_Madison_1_20260531T233000.jpg,illegal_dumping,done,2026-06-02T14:21:27.370681+00:00,0.042,0.807,0.853,,nvidia/cosmos-reason2-8b,"DUMPING PRESENT: No
ORDINANCE VIOLATION: No
WASTE TYPE: mixed
WASTE VOLUME: small (pickup truck)
WASTE ORIGIN: residential
PROPERTY TYPE: right-of-way
ADDRESS MARKERS: NONE
GUTTER/ALLEY: No
WATER PROXIMITY: No
CHRONIC SITE: No
VEHICLES: NONE
IDENTIFIERS: NONE
SEVERITY: 1
ORDINANCE: N/A
PRIORITY: LOW
SUMMARY: No illegal dumping observed; the scene shows a quiet street with no visible waste or debris."
20260602T140833Z,DT_12th_and_Madison_1_20260531T234000.jpg,,,dataset_20260531/DT_12th_and_Madison_1/DT_12th_and_Madison_1_20260531T234000.jpg,illegal_dumping,done,2026-06-02T14:21:27.506679+00:00,0.04,0.836,0.88,,nvidia/cosmos-reason2-8b,"DUMPING PRESENT: No
ORDINANCE VIOLATION: No
WASTE TYPE: mixed
WASTE VOLUME: small (pickup truck)
WASTE ORIGIN: residential
PROPERTY TYPE: right-of-way
ADDRESS MARKERS: NONE
GUTTER/ALLEY: Yes
WATER PROXIMITY: No
CHRONIC SITE: No
VEHICLES: NONE
IDENTIFIERS: NONE
SEVERITY: 1
ORDINANCE: N/A
PRIORITY: LOW
SUMMARY: No illegal dumping is observed in the video."
20260602T140833Z,DT_12th_and_Madison_1_20260531T235000.jpg,,,dataset_20260531/DT_12th_and_Madison_1/DT_12th_and_Madison_1_20260531T235000.jpg,illegal_dumping,done,2026-06-02T14:21:27.704706+00:00,0.04,0.8,0.843,,nvidia/cosmos-reason2-8b,"DUMPING PRESENT: No
ORDINANCE VIOLATION: No
WASTE TYPE: mixed
WASTE VOLUME: small (pickup truck)
WASTE ORIGIN: residential
PROPERTY TYPE: right-of-way
ADDRESS MARKERS: NONE
GUTTER/ALLEY: No
WATER PROXIMITY: No
CHRONIC SITE: No
VEHICLES: NONE
IDENTIFIERS: NONE
SEVERITY: 1
ORDINANCE: N/A
PRIORITY: LOW
SUMMARY: No illegal dumping detected in the video."
20260602T140833Z,DT_12th_and_Madison_4_20260531T000000.jpg,,,dataset_20260531/DT_12th_and_Madison_4/DT_12th_and_Madison_4_20260531T000000.jpg,illegal_dumping,done,2026-06-02T14:21:28.583245+00:00,0.163,1.311,1.497,,nvidia/cosmos-reason2-8b,"DUMPING PRESENT: Yes
ORDINANCE VIOLATION: Yes
WASTE TYPE: mixed
WASTE VOLUME: small (pickup truck)
WASTE ORIGIN: residential
PROPERTY TYPE: alley
ADDRESS MARKERS: NONE
GUTTER/ALLEY: Yes
WATER PROXIMITY: No
CHRONIC SITE: No
VEHICLES: NONE
IDENTIFIERS: NONE
SEVERITY: 2
ORDINANCE: Sec-46-45
PRIORITY: MEDIUM
SUMMARY: A small pile of mixed waste is illegally dumped in an alley, violating Brownsville's property owner liability ordinance.
"
20260602T140833Z,DT_12th_and_Madison_4_20260531T001000.jpg,,,dataset_20260531/DT_12th_and_Madison_4/DT_12th_and_Madison_4_20260531T001000.jpg,illegal_dumping,done,2026-06-02T14:21:28.583928+00:00,0.163,0.916,1.103,,nvidia/cosmos-reason2-8b,"DUMPING PRESENT: Yes
ORDINANCE VIOLATION: Yes
WASTE TYPE: mixed
WASTE VOLUME: small (pickup truck)
WASTE ORIGIN: residential
PROPERTY TYPE: alley
ADDRESS MARKERS: NONE
GUTTER/ALLEY: Yes
WATER PROXIMITY: No
CHRONIC SITE: No
VEHICLES: NONE
IDENTIFIERS: NONE
SEVERITY: 2
ORDINANCE: Sec-46-45
PRIORITY: MEDIUM
SUMMARY: A small pile of mixed waste is illegally dumped in an alley, violating Brownsville's property owner liability ordinance (Sec. 46-45)."
20260602T140833Z,DT_12th_and_Madison_4_20260531T002000.jpg,,,dataset_20260531/DT_12th_and_Madison_4/DT_12th_and_Madison_4_20260531T002000.jpg,illegal_dumping,done,2026-06-02T14:21:28.584374+00:00,0.163,1.213,1.399,,nvidia/cosmos-reason2-8b,"DUMPING PRESENT: Yes
ORDINANCE VIOLATION: Yes
WASTE TYPE: mixed
WASTE VOLUME: medium
WASTE ORIGIN: unknown
PROPERTY TYPE: alley
ADDRESS MARKERS: NONE
GUTTER/ALLEY: Yes
WATER PROXIMITY: No
CHRONIC SITE: No
VEHICLES: NONE
IDENTIFIERS: NONE
SEVERITY: 2
ORDINANCE: Sec-46-45
PRIORITY: MEDIUM
SUMMARY: Illegal dumping of mixed waste is present in the alley, violating Brownsville's ordinance on property owner liability for waste disposal.
"
20260602T140833Z,DT_12th_and_Madison_4_20260531T003000.jpg,,,dataset_20260531/DT_12th_and_Madison_4/DT_12th_and_Madison_4_20260531T003000.jpg,illegal_dumping,done,2026-06-02T14:21:28.586139+00:00,0.164,1.266,1.451,,nvidia/cosmos-reason2-8b,"DUMPING PRESENT: Yes
ORDINANCE VIOLATION: Yes
WASTE TYPE: mixed
WASTE VOLUME: small (pickup truck)
WASTE ORIGIN: residential
PROPERTY TYPE: alley
ADDRESS MARKERS: NONE
GUTTER/ALLEY: Yes
WATER PROXIMITY: No
CHRONIC SITE: No
VEHICLES: NONE
IDENTIFIERS: NONE
SEVERITY: 2
ORDINANCE: Sec-46-45
PRIORITY: MEDIUM
SUMMARY: A pile of mixed waste is illegally dumped in an alley, violating Brownsville's property owner liability ordinance.
"
20260602T140833Z,DT_12th_and_Madison_4_20260531T004000.jpg,,,dataset_20260531/DT_12th_and_Madison_4/DT_12th_and_Madison_4_20260531T004000.jpg,illegal_dumping,done,2026-06-02T14:21:29.690096+00:00,0.04,0.791,0.834,,nvidia/cosmos-reason2-8b,"DUMPING PRESENT: Yes
ORDINANCE VIOLATION: Yes
WASTE TYPE: mixed
WASTE VOLUME: small (pickup truck)
WASTE ORIGIN: residential
PROPERTY TYPE: alley
ADDRESS MARKERS: NONE
GUTTER/ALLEY: Yes
WATER PROXIMITY: No
CHRONIC SITE: No
VEHICLES: NONE
IDENTIFIERS: NONE
SEVERITY: 2
ORDINANCE: Sec-46-45
PRIORITY: MEDIUM
SUMMARY: A pile of mixed waste is illegally dumped in an alley, violating Brownsville's property owner liability ordinance.
"
20260602T140833Z,DT_12th_and_Madison_4_20260531T005000.jpg,,,dataset_20260531/DT_12th_and_Madison_4/DT_12th_and_Madison_4_20260531T005000.jpg,illegal_dumping,done,2026-06-02T14:21:29.985947+00:00,0.048,0.854,0.905,,nvidia/cosmos-reason2-8b,"DUMPING PRESENT: Yes
ORDINANCE VIOLATION: Yes
WASTE TYPE: mixed
WASTE VOLUME: medium
WASTE ORIGIN: residential
PROPERTY TYPE: alley
ADDRESS MARKERS: NONE
GUTTER/ALLEY: Yes
WATER PROXIMITY: No
CHRONIC SITE: No
VEHICLES: NONE
IDENTIFIERS: NONE
SEVERITY: 2
ORDINANCE: Sec-46-45
PRIORITY: MEDIUM
SUMMARY: A medium-sized mixed waste pile is present in an alley, violating Brownsville's illegal dumping ordinance, with the property owner potentially liable under Sec-46-45.
"
20260602T140833Z,DT_12th_and_Madison_4_20260531T010000.jpg,,,dataset_20260531/DT_12th_and_Madison_4/DT_12th_and_Madison_4_20260531T010000.jpg,illegal_dumping,done,2026-06-02T14:21:30.040829+00:00,0.039,0.901,0.943,,nvidia/cosmos-reason2-8b,"DUMPING PRESENT: Yes
ORDINANCE VIOLATION: Yes
WASTE TYPE: mixed
WASTE VOLUME: medium
WASTE ORIGIN: residential
PROPERTY TYPE: alley
ADDRESS MARKERS: NONE
GUTTER/ALLEY: Yes
WATER PROXIMITY: No
CHRONIC SITE: No
VEHICLES: NONE
IDENTIFIERS: NONE
SEVERITY: 2
ORDINANCE: Sec-46-45
PRIORITY: MEDIUM
SUMMARY: A medium volume of mixed waste is illegally dumped in an alley, violating Brownsville's property owner liability ordinance.
"
20260602T140833Z,DT_12th_and_Madison_4_20260531T011000.jpg,,,dataset_20260531/DT_12th_and_Madison_4/DT_12th_and_Madison_4_20260531T011000.jpg,illegal_dumping,done,2026-06-02T14:21:30.084066+00:00,0.049,1.131,1.182,,nvidia/cosmos-reason2-8b,"DUMPING PRESENT: Yes
ORDINANCE VIOLATION: Yes
WASTE TYPE: mixed
WASTE VOLUME: medium
WASTE ORIGIN: residential
PROPERTY TYPE: alley
ADDRESS MARKERS: NONE
GUTTER/ALLEY: Yes
WATER PROXIMITY: No
CHRONIC SITE: No
VEHICLES: NONE
IDENTIFIERS: NONE
SEVERITY: 2
ORDINANCE: Sec-46-45
PRIORITY: MEDIUM
SUMMARY: A medium-sized pile of mixed waste is illegally dumped in an alley, violating Brownsville's property owner liability ordinance (Sec. 46-45)."
20260602T140833Z,DT_12th_and_Madison_4_20260531T012000.jpg,,,dataset_20260531/DT_12th_and_Madison_4/DT_12th_and_Madison_4_20260531T012000.jpg,illegal_dumping,done,2026-06-02T14:21:30.526616+00:00,0.044,0.755,0.802,,nvidia/cosmos-reason2-8b,"DUMPING PRESENT: Yes
ORDINANCE VIOLATION: Yes
WASTE TYPE: mixed
WASTE VOLUME: small (pickup truck)
WASTE ORIGIN: residential
PROPERTY TYPE: alley
ADDRESS MARKERS: NONE
GUTTER/ALLEY: Yes
WATER PROXIMITY: No
CHRONIC SITE: No
VEHICLES: NONE
IDENTIFIERS: NONE
SEVERITY: 2
ORDINANCE: Sec-46-45
PRIORITY: MEDIUM
SUMMARY: A pile of mixed waste is illegally dumped in an alley, violating Brownsville's property owner liability ordinance.
"
20260602T140833Z,DT_12th_and_Madison_4_20260531T013000.jpg,,,dataset_20260531/DT_12th_and_Madison_4/DT_12th_and_Madison_4_20260531T013000.jpg,illegal_dumping,done,2026-06-02T14:21:30.894005+00:00,0.041,0.833,0.877,,nvidia/cosmos-reason2-8b,"DUMPING PRESENT: Yes
ORDINANCE VIOLATION: Yes
WASTE TYPE: mixed
WASTE VOLUME: small (pickup truck)
WASTE ORIGIN: residential
PROPERTY TYPE: alley
ADDRESS MARKERS: NONE
GUTTER/ALLEY: Yes
WATER PROXIMITY: No
CHRONIC SITE: No
VEHICLES: NONE
IDENTIFIERS: NONE
SEVERITY: 2
ORDINANCE: Sec-46-45
PRIORITY: MEDIUM
SUMMARY: A pile of mixed waste is present in the alley, which is considered illegal dumping on private or vacant property according to Sec. 46-45."
20260602T140833Z,DT_12th_and_Madison_4_20260531T014000.jpg,,,dataset_20260531/DT_12th_and_Madison_4/DT_12th_and_Madison_4_20260531T014000.jpg,illegal_dumping,done,2026-06-02T14:21:30.986684+00:00,0.042,0.93,0.975,,nvidia/cosmos-reason2-8b,"DUMPING PRESENT: Yes
ORDINANCE VIOLATION: Yes
WASTE TYPE: mixed
WASTE VOLUME: small (pickup truck)
WASTE ORIGIN: residential
PROPERTY TYPE: alley
ADDRESS MARKERS: NONE
GUTTER/ALLEY: Yes
WATER PROXIMITY: No
CHRONIC SITE: No
VEHICLES: NONE
IDENTIFIERS: NONE
SEVERITY: 3
ORDINANCE: Sec-46-45
PRIORITY: MEDIUM
SUMMARY: A small pile of mixed waste is illegally dumped in an alleyway, violating Brownsville's property owner liability ordinance (Sec. 46-45).
"
20260602T140833Z,DT_12th_and_Madison_4_20260531T015000.jpg,,,dataset_20260531/DT_12th_and_Madison_4/DT_12th_and_Madison_4_20260531T015000.jpg,illegal_dumping,done,2026-06-02T14:21:31.269160+00:00,0.044,0.84,0.888,,nvidia/cosmos-reason2-8b,"DUMPING PRESENT: Yes
ORDINANCE VIOLATION: Yes
WASTE TYPE: mixed
WASTE VOLUME: small (pickup truck)
WASTE ORIGIN: residential
PROPERTY TYPE: alley
ADDRESS MARKERS: NONE
GUTTER/ALLEY: Yes
WATER PROXIMITY: No
CHRONIC SITE: No
VEHICLES: NONE
IDENTIFIERS: NONE
SEVERITY: 2
ORDINANCE: Sec-46-45
PRIORITY: MEDIUM
SUMMARY: A pile of mixed waste is present in an alley, violating Brownsville's property owner liability ordinance (Sec. 46-45) for illegal dumping on private or public property.
"
20260602T140833Z,DT_12th_and_Madison_4_20260531T020000.jpg,,,dataset_20260531/DT_12th_and_Madison_4/DT_12th_and_Madison_4_20260531T020000.jpg,illegal_dumping,done,2026-06-02T14:21:31.331018+00:00,0.041,0.967,1.011,,nvidia/cosmos-reason2-8b,"DUMPING PRESENT: Yes
ORDINANCE VIOLATION: Yes
WASTE TYPE: mixed
WASTE VOLUME: small (pickup truck)
WASTE ORIGIN: residential
PROPERTY TYPE: alley
ADDRESS MARKERS: NONE
GUTTER/ALLEY: Yes
WATER PROXIMITY: No
CHRONIC SITE: No
VEHICLES: NONE
IDENTIFIERS: NONE
SEVERITY: 2
ORDINANCE: Sec-46-45
PRIORITY: MEDIUM
SUMMARY: Illegal dumping is occurring in an alleyway, with waste material visible on the ground; the property owner may be held liable under Sec-46-45 for failing to prevent the dumping on their private property.
"
20260602T140833Z,DT_12th_and_Madison_4_20260531T021000.jpg,,,dataset_20260531/DT_12th_and_Madison_4/DT_12th_and_Madison_4_20260531T021000.jpg,illegal_dumping,done,2026-06-02T14:21:31.774281+00:00,0.044,0.727,0.775,,nvidia/cosmos-reason2-8b,"DUMPING PRESENT: Yes
ORDINANCE VIOLATION: Yes
WASTE TYPE: mixed
WASTE VOLUME: small (pickup truck)
WASTE ORIGIN: residential
PROPERTY TYPE: alley
ADDRESS MARKERS: NONE
GUTTER/ALLEY: Yes
WATER PROXIMITY: No
CHRONIC SITE: No
VEHICLES: NONE
IDENTIFIERS: NONE
SEVERITY: 2
ORDINANCE: Sec-46-45
PRIORITY: MEDIUM
SUMMARY: A pile of mixed waste is illegally dumped in an alley, violating Brownsville's property owner liability ordinance.
"
20260602T140833Z,DT_12th_and_Madison_4_20260531T022000.jpg,,,dataset_20260531/DT_12th_and_Madison_4/DT_12th_and_Madison_4_20260531T022000.jpg,illegal_dumping,done,2026-06-02T14:21:31.964626+00:00,0.045,0.742,0.791,,nvidia/cosmos-reason2-8b,"DUMPING PRESENT: Yes
ORDINANCE VIOLATION: Yes
WASTE TYPE: mixed
WASTE VOLUME: medium
WASTE ORIGIN: unknown
PROPERTY TYPE: alley
ADDRESS MARKERS: NONE
GUTTER/ALLEY: Yes
WATER PROXIMITY: No
CHRONIC SITE: No
VEHICLES: NONE
IDENTIFIERS: NONE
SEVERITY: 2
ORDINANCE: Sec-46-45
PRIORITY: MEDIUM
SUMMARY: A medium volume of mixed waste is illegally dumped in an alley, violating property owner liability under Sec-46-45.
"
20260602T140833Z,DT_12th_and_Madison_4_20260531T023000.jpg,,,dataset_20260531/DT_12th_and_Madison_4/DT_12th_and_Madison_4_20260531T023000.jpg,illegal_dumping,done,2026-06-02T14:21:32.159029+00:00,0.037,0.767,0.808,,nvidia/cosmos-reason2-8b,"DUMPING PRESENT: Yes
ORDINANCE VIOLATION: Yes
WASTE TYPE: mixed
WASTE VOLUME: medium
WASTE ORIGIN: residential
PROPERTY TYPE: alley
ADDRESS MARKERS: NONE
GUTTER/ALLEY: Yes
WATER PROXIMITY: No
CHRONIC SITE: No
VEHICLES: NONE
IDENTIFIERS: NONE
SEVERITY: 2
ORDINANCE: Sec-46-45
PRIORITY: MEDIUM
SUMMARY: Illegal dumping is observed in the alley, with mixed waste materials scattered on the ground, violating property owner liability under Sec-46-45.
"
20260602T140833Z,DT_12th_and_Madison_4_20260531T024000.jpg,,,dataset_20260531/DT_12th_and_Madison_4/DT_12th_and_Madison_4_20260531T024000.jpg,illegal_dumping,done,2026-06-02T14:21:32.345028+00:00,0.037,0.808,0.849,,nvidia/cosmos-reason2-8b,"DUMPING PRESENT: Yes
ORDINANCE VIOLATION: Yes
WASTE TYPE: mixed
WASTE VOLUME: medium
WASTE ORIGIN: residential
PROPERTY TYPE: alley
ADDRESS MARKERS: NONE
GUTTER/ALLEY: Yes
WATER PROXIMITY: No
CHRONIC SITE: No
VEHICLES: NONE
IDENTIFIERS: NONE
SEVERITY: 2
ORDINANCE: Sec-46-45
PRIORITY: MEDIUM
SUMMARY: A medium volume of mixed waste is illegally dumped in an alley, violating Brownsville's property owner liability ordinance.
"
20260602T140833Z,DT_12th_and_Madison_4_20260531T025000.jpg,,,dataset_20260531/DT_12th_and_Madison_4/DT_12th_and_Madison_4_20260531T025000.jpg,illegal_dumping,done,2026-06-02T14:21:32.551685+00:00,0.042,0.755,0.801,,nvidia/cosmos-reason2-8b,"DUMPING PRESENT: Yes
ORDINANCE VIOLATION: Yes
WASTE TYPE: mixed
WASTE VOLUME: small (pickup truck)
WASTE ORIGIN: residential
PROPERTY TYPE: alley
ADDRESS MARKERS: NONE
GUTTER/ALLEY: Yes
WATER PROXIMITY: No
CHRONIC SITE: No
VEHICLES: NONE
IDENTIFIERS: NONE
SEVERITY: 2
ORDINANCE: Sec-46-45
PRIORITY: MEDIUM
SUMMARY: A pile of mixed waste is present in an alley, violating Brownsville's property owner liability ordinance (Sec. 46-45)."
20260602T140833Z,DT_12th_and_Madison_4_20260531T030000.jpg,,,dataset_20260531/DT_12th_and_Madison_4/DT_12th_and_Madison_4_20260531T030000.jpg,illegal_dumping,done,2026-06-02T14:21:32.757976+00:00,0.037,0.773,0.812,,nvidia/cosmos-reason2-8b,"DUMPING PRESENT: Yes
ORDINANCE VIOLATION: Yes
WASTE TYPE: mixed
WASTE VOLUME: small (pickup truck)
WASTE ORIGIN: residential
PROPERTY TYPE: alley
ADDRESS MARKERS: NONE
GUTTER/ALLEY: Yes
WATER PROXIMITY: No
CHRONIC SITE: No
VEHICLES: NONE
IDENTIFIERS: NONE
SEVERITY: 2
ORDINANCE: Sec-46-45
PRIORITY: MEDIUM
SUMMARY: A small pile of mixed waste is illegally dumped in an alley, violating Brownsville's property owner liability ordinance (Sec. 46-45).
"
20260602T140833Z,DT_12th_and_Madison_4_20260531T031000.jpg,,,dataset_20260531/DT_12th_and_Madison_4/DT_12th_and_Madison_4_20260531T031000.jpg,illegal_dumping,done,2026-06-02T14:21:32.968905+00:00,0.037,0.708,0.749,,nvidia/cosmos-reason2-8b,"DUMPING PRESENT: Yes
ORDINANCE VIOLATION: Yes
WASTE TYPE: mixed
WASTE VOLUME: small (pickup truck)
WASTE ORIGIN: residential
PROPERTY TYPE: alley
ADDRESS MARKERS: NONE
GUTTER/ALLEY: Yes
WATER PROXIMITY: No
CHRONIC SITE: No
VEHICLES: NONE
IDENTIFIERS: NONE
SEVERITY: 2
ORDINANCE: Sec-46-45
PRIORITY: MEDIUM
SUMMARY: A small pile of mixed waste is illegally dumped in an alley, violating Brownsville's property owner liability ordinance.
"
20260602T140833Z,DT_12th_and_Madison_4_20260531T032000.jpg,,,dataset_20260531/DT_12th_and_Madison_4/DT_12th_and_Madison_4_20260531T032000.jpg,illegal_dumping,done,2026-06-02T14:21:33.196134+00:00,0.037,0.759,0.799,,nvidia/cosmos-reason2-8b,"DUMPING PRESENT: Yes
ORDINANCE VIOLATION: Yes
WASTE TYPE: mixed
WASTE VOLUME: small (pickup truck)
WASTE ORIGIN: residential
PROPERTY TYPE: alley
ADDRESS MARKERS: NONE
GUTTER/ALLEY: Yes
WATER PROXIMITY: No
CHRONIC SITE: No
VEHICLES: NONE
IDENTIFIERS: NONE
SEVERITY: 2
ORDINANCE: Sec-46-45
PRIORITY: MEDIUM
SUMMARY: A small pile of mixed waste is illegally dumped in an alley, violating Brownsville's property owner liability ordinance (Sec. 46-45)."
20260602T140833Z,DT_12th_and_Madison_4_20260531T033000.jpg,,,dataset_20260531/DT_12th_and_Madison_4/DT_12th_and_Madison_4_20260531T033000.jpg,illegal_dumping,done,2026-06-02T14:21:33.355324+00:00,0.035,0.918,0.957,,nvidia/cosmos-reason2-8b,"DUMPING PRESENT: Yes
ORDINANCE VIOLATION: Yes
WASTE TYPE: mixed
WASTE VOLUME: small (pickup truck)
WASTE ORIGIN: residential
PROPERTY TYPE: alley
ADDRESS MARKERS: NONE
GUTTER/ALLEY: Yes
WATER PROXIMITY: No
CHRONIC SITE: No
VEHICLES: NONE
IDENTIFIERS: NONE
SEVERITY: 2
ORDINANCE: Sec-46-45
PRIORITY: MEDIUM
SUMMARY: A pile of mixed waste is illegally dumped in an alley, violating Brownsville's property owner liability ordinance (Sec. 46-45)."
20260602T140833Z,DT_12th_and_Madison_4_20260531T034000.jpg,,,dataset_20260531/DT_12th_and_Madison_4/DT_12th_and_Madison_4_20260531T034000.jpg,illegal_dumping,done,2026-06-02T14:21:33.572905+00:00,0.037,0.831,0.872,,nvidia/cosmos-reason2-8b,"DUMPING PRESENT: Yes
ORDINANCE VIOLATION: Yes
WASTE TYPE: mixed
WASTE VOLUME: small (pickup truck)
WASTE ORIGIN: residential
PROPERTY TYPE: alley
ADDRESS MARKERS: NONE
GUTTER/ALLEY: Yes
WATER PROXIMITY: No
CHRONIC SITE: No
VEHICLES: NONE
IDENTIFIERS: NONE
SEVERITY: 2
ORDINANCE: Sec-46-45
PRIORITY: MEDIUM
SUMMARY: A pile of mixed waste is illegally dumped in an alley, violating Brownsville's property owner liability ordinance.
"
20260602T140833Z,DT_12th_and_Madison_4_20260531T035000.jpg,,,dataset_20260531/DT_12th_and_Madison_4/DT_12th_and_Madison_4_20260531T035000.jpg,illegal_dumping,done,2026-06-02T14:21:33.719721+00:00,0.037,0.927,0.967,,nvidia/cosmos-reason2-8b,"DUMPING PRESENT: Yes
ORDINANCE VIOLATION: Yes
WASTE TYPE: mixed
WASTE VOLUME: small (pickup truck)
WASTE ORIGIN: unknown
PROPERTY TYPE: alley
ADDRESS MARKERS: NONE
GUTTER/ALLEY: Yes
WATER PROXIMITY: No
CHRONIC SITE: No
VEHICLES: NONE
IDENTIFIERS: NONE
SEVERITY: 2
ORDINANCE: Sec-46-45
PRIORITY: MEDIUM
SUMMARY: A pile of mixed waste is illegally dumped in an alley, violating Brownsville's property owner liability ordinance.
"
20260602T140833Z,DT_12th_and_Madison_4_20260531T040000.jpg,,,dataset_20260531/DT_12th_and_Madison_4/DT_12th_and_Madison_4_20260531T040000.jpg,illegal_dumping,done,2026-06-02T14:21:33.997400+00:00,0.04,0.836,0.88,,nvidia/cosmos-reason2-8b,"DUMPING PRESENT: Yes
ORDINANCE VIOLATION: Yes
WASTE TYPE: mixed
WASTE VOLUME: small (pickup truck)
WASTE ORIGIN: residential
PROPERTY TYPE: alley
ADDRESS MARKERS: NONE
GUTTER/ALLEY: Yes
WATER PROXIMITY: No
CHRONIC SITE: No
VEHICLES: NONE
IDENTIFIERS: NONE
SEVERITY: 2
ORDINANCE: Sec-46-45
PRIORITY: MEDIUM
SUMMARY: A small pile of mixed waste is illegally dumped in an alley, violating Brownsville's property owner liability ordinance."
20260602T140833Z,DT_12th_and_Madison_4_20260531T041000.jpg,,,dataset_20260531/DT_12th_and_Madison_4/DT_12th_and_Madison_4_20260531T041000.jpg,illegal_dumping,done,2026-06-02T14:21:34.315399+00:00,0.04,0.773,0.816,,nvidia/cosmos-reason2-8b,"DUMPING PRESENT: Yes
ORDINANCE VIOLATION: Yes
WASTE TYPE: mixed
WASTE VOLUME: small (pickup truck)
WASTE ORIGIN: unknown
PROPERTY TYPE: alley
ADDRESS MARKERS: NONE
GUTTER/ALLEY: Yes
WATER PROXIMITY: No
CHRONIC SITE: No
VEHICLES: NONE
IDENTIFIERS: NONE
SEVERITY: 2
ORDINANCE: Sec-46-45
PRIORITY: MEDIUM
SUMMARY: A pile of mixed waste is illegally dumped in an alley, violating Brownsville's property owner liability ordinance.
"
20260602T140833Z,DT_12th_and_Madison_4_20260531T042000.jpg,,,dataset_20260531/DT_12th_and_Madison_4/DT_12th_and_Madison_4_20260531T042000.jpg,illegal_dumping,done,2026-06-02T14:21:34.446790+00:00,0.038,0.876,0.917,,nvidia/cosmos-reason2-8b,"DUMPING PRESENT: Yes
ORDINANCE VIOLATION: Yes
WASTE TYPE: mixed
WASTE VOLUME: small (pickup truck)
WASTE ORIGIN: residential
PROPERTY TYPE: alley
ADDRESS MARKERS: NONE
GUTTER/ALLEY: Yes
WATER PROXIMITY: No
CHRONIC SITE: No
VEHICLES: NONE
IDENTIFIERS: NONE
SEVERITY: 2
ORDINANCE: Sec-46-45
PRIORITY: MEDIUM
SUMMARY: A pile of mixed waste is illegally dumped in an alley, violating Brownsville's property owner liability ordinance."
20260602T140833Z,DT_12th_and_Madison_4_20260531T043000.jpg,,,dataset_20260531/DT_12th_and_Madison_4/DT_12th_and_Madison_4_20260531T043000.jpg,illegal_dumping,done,2026-06-02T14:21:34.689429+00:00,0.04,0.772,0.815,,nvidia/cosmos-reason2-8b,"DUMPING PRESENT: Yes
ORDINANCE VIOLATION: Yes
WASTE TYPE: mixed
WASTE VOLUME: small (pickup truck)
WASTE ORIGIN: residential
PROPERTY TYPE: alley
ADDRESS MARKERS: NONE
GUTTER/ALLEY: Yes
WATER PROXIMITY: No
CHRONIC SITE: No
VEHICLES: NONE
IDENTIFIERS: NONE
SEVERITY: 2
ORDINANCE: Sec-46-45
PRIORITY: MEDIUM
SUMMARY: A pile of mixed waste is illegally dumped in an alley, violating Brownsville's property owner liability ordinance.
"
20260602T140833Z,DT_12th_and_Madison_4_20260531T044000.jpg,,,dataset_20260531/DT_12th_and_Madison_4/DT_12th_and_Madison_4_20260531T044000.jpg,illegal_dumping,done,2026-06-02T14:21:34.880601+00:00,0.046,0.793,0.841,,nvidia/cosmos-reason2-8b,"DUMPING PRESENT: Yes
ORDINANCE VIOLATION: Yes
WASTE TYPE: mixed
WASTE VOLUME: small (pickup truck)
WASTE ORIGIN: residential
PROPERTY TYPE: alley
ADDRESS MARKERS: NONE
GUTTER/ALLEY: Yes
WATER PROXIMITY: No
CHRONIC SITE: No
VEHICLES: NONE
IDENTIFIERS: NONE
SEVERITY: 2
ORDINANCE: Sec-46-45
PRIORITY: MEDIUM
SUMMARY: Illegal dumping is occurring in an alleyway, with waste material visible on the ground, violating property owner liability under Sec-46-45.
"
20260602T140833Z,DT_12th_and_Madison_4_20260531T045000.jpg,,,dataset_20260531/DT_12th_and_Madison_4/DT_12th_and_Madison_4_20260531T045000.jpg,illegal_dumping,done,2026-06-02T14:21:35.133707+00:00,0.042,0.793,0.838,,nvidia/cosmos-reason2-8b,"DUMPING PRESENT: Yes
ORDINANCE VIOLATION: Yes
WASTE TYPE: mixed
WASTE VOLUME: small (pickup truck)
WASTE ORIGIN: residential
PROPERTY TYPE: alley
ADDRESS MARKERS: NONE
GUTTER/ALLEY: Yes
WATER PROXIMITY: No
CHRONIC SITE: No
VEHICLES: NONE
IDENTIFIERS: NONE
SEVERITY: 2
ORDINANCE: Sec-46-45
PRIORITY: MEDIUM
SUMMARY: A small pile of mixed waste is illegally dumped in an alley, violating Brownsville's property owner liability ordinance (Sec. 46-45)."
20260602T140833Z,DT_12th_and_Madison_4_20260531T050000.jpg,,,dataset_20260531/DT_12th_and_Madison_4/DT_12th_and_Madison_4_20260531T050000.jpg,illegal_dumping,done,2026-06-02T14:21:35.366575+00:00,0.051,0.736,0.79,,nvidia/cosmos-reason2-8b,"DUMPING PRESENT: Yes
ORDINANCE VIOLATION: Yes
WASTE TYPE: mixed
WASTE VOLUME: small (pickup truck)
WASTE ORIGIN: residential
PROPERTY TYPE: alley
ADDRESS MARKERS: NONE
GUTTER/ALLEY: Yes
WATER PROXIMITY: No
CHRONIC SITE: No
VEHICLES: NONE
IDENTIFIERS: NONE
SEVERITY: 2
ORDINANCE: Sec-46-45
PRIORITY: MEDIUM
SUMMARY: Illegal dumping of mixed waste is observed in an alley, violating Brownsville's property owner liability ordinance.
"
20260602T140833Z,DT_12th_and_Madison_4_20260531T051000.jpg,,,dataset_20260531/DT_12th_and_Madison_4/DT_12th_and_Madison_4_20260531T051000.jpg,illegal_dumping,done,2026-06-02T14:21:35.506843+00:00,0.041,0.868,0.912,,nvidia/cosmos-reason2-8b,"DUMPING PRESENT: Yes
ORDINANCE VIOLATION: Yes
WASTE TYPE: mixed
WASTE VOLUME: small (pickup truck)
WASTE ORIGIN: residential
PROPERTY TYPE: alley
ADDRESS MARKERS: NONE
GUTTER/ALLEY: Yes
WATER PROXIMITY: No
CHRONIC SITE: No
VEHICLES: NONE
IDENTIFIERS: NONE
SEVERITY: 2
ORDINANCE: Sec-46-45
PRIORITY: MEDIUM
SUMMARY: A small pile of mixed waste is illegally dumped in an alley, violating Brownsville's property owner liability ordinance (Sec. 46-45)."
20260602T140833Z,DT_12th_and_Madison_4_20260531T052000.jpg,,,dataset_20260531/DT_12th_and_Madison_4/DT_12th_and_Madison_4_20260531T052000.jpg,illegal_dumping,done,2026-06-02T14:21:35.724441+00:00,0.043,0.806,0.852,,nvidia/cosmos-reason2-8b,"DUMPING PRESENT: Yes
ORDINANCE VIOLATION: Yes
WASTE TYPE: mixed
WASTE VOLUME: small (pickup truck)
WASTE ORIGIN: residential
PROPERTY TYPE: alley
ADDRESS MARKERS: NONE
GUTTER/ALLEY: Yes
WATER PROXIMITY: No
CHRONIC SITE: No
VEHICLES: NONE
IDENTIFIERS: NONE
SEVERITY: 2
ORDINANCE: Sec-46-45
PRIORITY: MEDIUM
SUMMARY: A pile of mixed waste is illegally dumped in an alley, violating Brownsville's property owner liability ordinance.
"
20260602T140833Z,DT_12th_and_Madison_4_20260531T053000.jpg,,,dataset_20260531/DT_12th_and_Madison_4/DT_12th_and_Madison_4_20260531T053000.jpg,illegal_dumping,done,2026-06-02T14:21:35.974561+00:00,0.047,0.771,0.823,,nvidia/cosmos-reason2-8b,"DUMPING PRESENT: Yes
ORDINANCE VIOLATION: Yes
WASTE TYPE: mixed
WASTE VOLUME: small (pickup truck)
WASTE ORIGIN: residential
PROPERTY TYPE: alley
ADDRESS MARKERS: NONE
GUTTER/ALLEY: Yes
WATER PROXIMITY: No
CHRONIC SITE: No
VEHICLES: NONE
IDENTIFIERS: NONE
SEVERITY: 2
ORDINANCE: Sec-46-45
PRIORITY: MEDIUM
SUMMARY: A small pile of mixed waste is illegally dumped in an alley, violating Brownsville's property owner liability ordinance (Sec. 46-45)."
20260602T140833Z,DT_12th_and_Madison_4_20260531T054000.jpg,,,dataset_20260531/DT_12th_and_Madison_4/DT_12th_and_Madison_4_20260531T054000.jpg,illegal_dumping,done,2026-06-02T14:21:36.159252+00:00,0.037,0.801,0.841,,nvidia/cosmos-reason2-8b,"DUMPING PRESENT: Yes
ORDINANCE VIOLATION: Yes
WASTE TYPE: mixed
WASTE VOLUME: small (pickup truck)
WASTE ORIGIN: residential
PROPERTY TYPE: alley
ADDRESS MARKERS: NONE
GUTTER/ALLEY: Yes
WATER PROXIMITY: No
CHRONIC SITE: No
VEHICLES: NONE
IDENTIFIERS: NONE
SEVERITY: 2
ORDINANCE: Sec-46-45
PRIORITY: MEDIUM
SUMMARY: A small pile of mixed waste is illegally dumped in an alley, violating Brownsville's property owner liability ordinance (Sec. 46-45).
"
20260602T140833Z,DT_12th_and_Madison_4_20260531T055000.jpg,,,dataset_20260531/DT_12th_and_Madison_4/DT_12th_and_Madison_4_20260531T055000.jpg,illegal_dumping,done,2026-06-02T14:21:36.421527+00:00,0.04,0.831,0.875,,nvidia/cosmos-reason2-8b,"DUMPING PRESENT: Yes
ORDINANCE VIOLATION: Yes
WASTE TYPE: mixed
WASTE VOLUME: small (pickup truck)
WASTE ORIGIN: residential
PROPERTY TYPE: alley
ADDRESS MARKERS: NONE
GUTTER/ALLEY: Yes
WATER PROXIMITY: No
CHRONIC SITE: No
VEHICLES: NONE
IDENTIFIERS: NONE
SEVERITY: 2
ORDINANCE: Sec-46-45
PRIORITY: MEDIUM
SUMMARY: Illegal dumping of mixed waste is present in the alley, violating Brownsville's property owner liability ordinance (Sec. 46-45)."
20260602T140833Z,DT_12th_and_Madison_4_20260531T060000.jpg,,,dataset_20260531/DT_12th_and_Madison_4/DT_12th_and_Madison_4_20260531T060000.jpg,illegal_dumping,done,2026-06-02T14:21:36.579471+00:00,0.043,0.849,0.896,,nvidia/cosmos-reason2-8b,"DUMPING PRESENT: Yes
ORDINANCE VIOLATION: Yes
WASTE TYPE: mixed
WASTE VOLUME: small (pickup truck)
WASTE ORIGIN: residential
PROPERTY TYPE: alley
ADDRESS MARKERS: NONE
GUTTER/ALLEY: Yes
WATER PROXIMITY: No
CHRONIC SITE: No
VEHICLES: NONE
IDENTIFIERS: NONE
SEVERITY: 2
ORDINANCE: Sec-46-45
PRIORITY: MEDIUM
SUMMARY: Illegal dumping of mixed waste is observed in an alley, violating Brownsville's property owner liability ordinance (Sec. 46-45).
"
20260602T140833Z,DT_12th_and_Madison_4_20260531T061000.jpg,,,dataset_20260531/DT_12th_and_Madison_4/DT_12th_and_Madison_4_20260531T061000.jpg,illegal_dumping,done,2026-06-02T14:21:36.799890+00:00,0.042,0.843,0.889,,nvidia/cosmos-reason2-8b,"DUMPING PRESENT: Yes
ORDINANCE VIOLATION: Yes
WASTE TYPE: mixed
WASTE VOLUME: medium
WASTE ORIGIN: residential
PROPERTY TYPE: alley
ADDRESS MARKERS: NONE
GUTTER/ALLEY: Yes
WATER PROXIMITY: No
CHRONIC SITE: No
VEHICLES: NONE
IDENTIFIERS: NONE
SEVERITY: 2
ORDINANCE: Sec-46-45
PRIORITY: MEDIUM
SUMMARY: A medium-sized mixed waste pile is present in an alleyway, violating Brownsville's illegal dumping ordinance (Sec. 46-45), as the property owner is liable for waste on their private or public land.
"
20260602T140833Z,DT_12th_and_Madison_4_20260531T062000.jpg,,,dataset_20260531/DT_12th_and_Madison_4/DT_12th_and_Madison_4_20260531T062000.jpg,illegal_dumping,done,2026-06-02T14:21:37.003058+00:00,0.041,0.685,0.73,,nvidia/cosmos-reason2-8b,"DUMPING PRESENT: No
ORDINANCE VIOLATION: No
WASTE TYPE: mixed
WASTE VOLUME: small (pickup truck)
WASTE ORIGIN: residential
PROPERTY TYPE: alley
ADDRESS MARKERS: NONE
GUTTER/ALLEY: Yes
WATER PROXIMITY: No
CHRONIC SITE: No
VEHICLES: NONE
IDENTIFIERS: NONE
SEVERITY: 1
ORDINANCE: N/A
PRIORITY: LOW
SUMMARY: No illegal dumping is observed in the alleyway; the area appears clear of waste materials."
20260602T140833Z,DT_12th_and_Madison_4_20260531T063000.jpg,,,dataset_20260531/DT_12th_and_Madison_4/DT_12th_and_Madison_4_20260531T063000.jpg,illegal_dumping,done,2026-06-02T14:21:37.298901+00:00,0.032,0.742,0.778,,nvidia/cosmos-reason2-8b,"DUMPING PRESENT: No
ORDINANCE VIOLATION: No
WASTE TYPE: mixed
WASTE VOLUME: small (pickup truck)
WASTE ORIGIN: residential
PROPERTY TYPE: alley
ADDRESS MARKERS: NONE
GUTTER/ALLEY: Yes
WATER PROXIMITY: No
CHRONIC SITE: No
VEHICLES: NONE
IDENTIFIERS: NONE
SEVERITY: 1
ORDINANCE: N/A
PRIORITY: LOW
SUMMARY: No illegal dumping observed in the alleyway; no waste or debris present."
20260602T140833Z,DT_12th_and_Madison_4_20260531T064000.jpg,,,dataset_20260531/DT_12th_and_Madison_4/DT_12th_and_Madison_4_20260531T064000.jpg,illegal_dumping,done,2026-06-02T14:21:37.478186+00:00,0.048,0.826,0.877,,nvidia/cosmos-reason2-8b,"DUMPING PRESENT: Yes
ORDINANCE VIOLATION: Yes
WASTE TYPE: mixed
WASTE VOLUME: small (pickup truck)
WASTE ORIGIN: residential
PROPERTY TYPE: alley
ADDRESS MARKERS: NONE
GUTTER/ALLEY: Yes
WATER PROXIMITY: No
CHRONIC SITE: No
VEHICLES: NONE
IDENTIFIERS: NONE
SEVERITY: 2
ORDINANCE: Sec-46-45
PRIORITY: MEDIUM
SUMMARY: Illegal dumping is present in the alley, violating Brownsville's ordinance, with mixed waste scattered on the ground.
"
20260602T140833Z,DT_12th_and_Madison_4_20260531T065000.jpg,,,dataset_20260531/DT_12th_and_Madison_4/DT_12th_and_Madison_4_20260531T065000.jpg,illegal_dumping,done,2026-06-02T14:21:37.692218+00:00,0.041,0.797,0.842,,nvidia/cosmos-reason2-8b,"DUMPING PRESENT: Yes
ORDINANCE VIOLATION: Yes
WASTE TYPE: mixed
WASTE VOLUME: small (pickup truck)
WASTE ORIGIN: residential
PROPERTY TYPE: alley
ADDRESS MARKERS: NONE
GUTTER/ALLEY: Yes
WATER PROXIMITY: No
CHRONIC SITE: No
VEHICLES: NONE
IDENTIFIERS: NONE
SEVERITY: 2
ORDINANCE: Sec-46-45
PRIORITY: MEDIUM
SUMMARY: Illegal dumping is present in the alley, with mixed waste scattered across the area, violating Brownsville's ordinance on property owner liability.
"
20260602T140833Z,DT_12th_and_Madison_4_20260531T070000.jpg,,,dataset_20260531/DT_12th_and_Madison_4/DT_12th_and_Madison_4_20260531T070000.jpg,illegal_dumping,done,2026-06-02T14:21:37.736018+00:00,0.044,0.914,0.962,,nvidia/cosmos-reason2-8b,"DUMPING PRESENT: Yes
ORDINANCE VIOLATION: Yes
WASTE TYPE: mixed
WASTE VOLUME: medium
WASTE ORIGIN: residential
PROPERTY TYPE: alley
ADDRESS MARKERS: NONE
GUTTER/ALLEY: Yes
WATER PROXIMITY: No
CHRONIC SITE: No
VEHICLES: NONE
IDENTIFIERS: NONE
SEVERITY: 2
ORDINANCE: Sec-46-45
PRIORITY: MEDIUM
SUMMARY: Illegal dumping is present in the alley, violating Brownsville's property owner liability ordinance (Sec. 46-45).
"
20260602T140833Z,DT_12th_and_Madison_4_20260531T071000.jpg,,,dataset_20260531/DT_12th_and_Madison_4/DT_12th_and_Madison_4_20260531T071000.jpg,illegal_dumping,done,2026-06-02T14:21:38.080299+00:00,0.047,0.865,0.916,,nvidia/cosmos-reason2-8b,"DUMPING PRESENT: Yes
ORDINANCE VIOLATION: Yes
WASTE TYPE: mixed
WASTE VOLUME: small (pickup truck)
WASTE ORIGIN: residential
PROPERTY TYPE: right-of-way
ADDRESS MARKERS: NONE
GUTTER/ALLEY: Yes
WATER PROXIMITY: No
CHRONIC SITE: No
VEHICLES: NONE
IDENTIFIERS: NONE
SEVERITY: 2
ORDINANCE: Sec-46-45
PRIORITY: MEDIUM
SUMMARY: Illegal dumping is observed in the right-of-way, with mixed waste materials scattered along the alleyway, violating Brownsville's ordinance on property owner liability for waste disposal.
"
20260602T140833Z,DT_12th_and_Madison_4_20260531T072000.jpg,,,dataset_20260531/DT_12th_and_Madison_4/DT_12th_and_Madison_4_20260531T072000.jpg,illegal_dumping,done,2026-06-02T14:21:38.357338+00:00,0.037,0.759,0.8,,nvidia/cosmos-reason2-8b,"DUMPING PRESENT: Yes
ORDINANCE VIOLATION: Yes
WASTE TYPE: mixed
WASTE VOLUME: medium
WASTE ORIGIN: residential
PROPERTY TYPE: alley
ADDRESS MARKERS: NONE
GUTTER/ALLEY: Yes
WATER PROXIMITY: No
CHRONIC SITE: No
VEHICLES: NONE
IDENTIFIERS: NONE
SEVERITY: 2
ORDINANCE: Sec-46-45
PRIORITY: MEDIUM
SUMMARY: Illegal dumping is occurring in an alley, with mixed waste visible on private property, violating Brownsville's ordinance on property owner liability.
"
20260602T140833Z,DT_12th_and_Madison_4_20260531T073000.jpg,,,dataset_20260531/DT_12th_and_Madison_4/DT_12th_and_Madison_4_20260531T073000.jpg,illegal_dumping,done,2026-06-02T14:21:38.536659+00:00,0.037,0.753,0.795,,nvidia/cosmos-reason2-8b,"DUMPING PRESENT: Yes
ORDINANCE VIOLATION: Yes
WASTE TYPE: mixed
WASTE VOLUME: small (pickup truck)
WASTE ORIGIN: residential
PROPERTY TYPE: alley
ADDRESS MARKERS: NONE
GUTTER/ALLEY: Yes
WATER PROXIMITY: No
CHRONIC SITE: No
VEHICLES: NONE
IDENTIFIERS: NONE
SEVERITY: 2
ORDINANCE: Sec-46-45
PRIORITY: MEDIUM
SUMMARY: Illegal dumping of mixed waste is present in the alley, violating Brownsville's property owner liability ordinance.
"
20260602T140833Z,DT_12th_and_Madison_4_20260531T074000.jpg,,,dataset_20260531/DT_12th_and_Madison_4/DT_12th_and_Madison_4_20260531T074000.jpg,illegal_dumping,done,2026-06-02T14:21:38.700169+00:00,0.037,0.78,0.821,,nvidia/cosmos-reason2-8b,"DUMPING PRESENT: Yes
ORDINANCE VIOLATION: Yes
WASTE TYPE: mixed
WASTE VOLUME: medium
WASTE ORIGIN: residential
PROPERTY TYPE: alley
ADDRESS MARKERS: NONE
GUTTER/ALLEY: Yes
WATER PROXIMITY: No
CHRONIC SITE: No
VEHICLES: NONE
IDENTIFIERS: NONE
SEVERITY: 2
ORDINANCE: Sec-46-45
PRIORITY: MEDIUM
SUMMARY: Illegal dumping is present in the alley, violating Brownsville's ordinance against waste disposal on private or public property.
"
20260602T140833Z,DT_12th_and_Madison_4_20260531T075000.jpg,,,dataset_20260531/DT_12th_and_Madison_4/DT_12th_and_Madison_4_20260531T075000.jpg,illegal_dumping,done,2026-06-02T14:21:38.998756+00:00,0.043,0.768,0.815,,nvidia/cosmos-reason2-8b,"DUMPING PRESENT: Yes
ORDINANCE VIOLATION: Yes
WASTE TYPE: mixed
WASTE VOLUME: small (pickup truck)
WASTE ORIGIN: residential
PROPERTY TYPE: alley
ADDRESS MARKERS: NONE
GUTTER/ALLEY: Yes
WATER PROXIMITY: No
CHRONIC SITE: No
VEHICLES: NONE
IDENTIFIERS: NONE
SEVERITY: 2
ORDINANCE: Sec-46-45
PRIORITY: MEDIUM
SUMMARY: Illegal dumping is present in the alley, violating Brownsville's ordinance against waste disposal on private or public property.
"
20260602T140833Z,DT_12th_and_Madison_4_20260531T080000.jpg,,,dataset_20260531/DT_12th_and_Madison_4/DT_12th_and_Madison_4_20260531T080000.jpg,illegal_dumping,done,2026-06-02T14:21:39.159323+00:00,0.05,0.814,0.868,,nvidia/cosmos-reason2-8b,"DUMPING PRESENT: Yes
ORDINANCE VIOLATION: Yes
WASTE TYPE: mixed
WASTE VOLUME: medium
WASTE ORIGIN: residential
PROPERTY TYPE: alley
ADDRESS MARKERS: NONE
GUTTER/ALLEY: Yes
WATER PROXIMITY: No
CHRONIC SITE: No
VEHICLES: NONE
IDENTIFIERS: NONE
SEVERITY: 2
ORDINANCE: Sec-46-45
PRIORITY: MEDIUM
SUMMARY: Illegal dumping of mixed waste is observed in an alleyway, violating Brownsville's property owner liability ordinance (Sec. 46-45)."
20260602T140833Z,DT_12th_and_Madison_4_20260531T081000.jpg,,,dataset_20260531/DT_12th_and_Madison_4/DT_12th_and_Madison_4_20260531T081000.jpg,illegal_dumping,done,2026-06-02T14:21:39.333604+00:00,0.045,0.802,0.85,,nvidia/cosmos-reason2-8b,"DUMPING PRESENT: No
ORDINANCE VIOLATION: No
WASTE TYPE: mixed
WASTE VOLUME: small (pickup truck)
WASTE ORIGIN: residential
PROPERTY TYPE: alley
ADDRESS MARKERS: NONE
GUTTER/ALLEY: Yes
WATER PROXIMITY: No
CHRONIC SITE: No
VEHICLES: NONE
IDENTIFIERS: NONE
SEVERITY: 1
ORDINANCE: N/A
PRIORITY: LOW
SUMMARY: No illegal dumping detected in the alleyway; the area appears clean with no visible waste or debris."
20260602T140833Z,DT_12th_and_Madison_4_20260531T082000.jpg,,,dataset_20260531/DT_12th_and_Madison_4/DT_12th_and_Madison_4_20260531T082000.jpg,illegal_dumping,done,2026-06-02T14:21:39.523564+00:00,0.04,0.758,0.802,,nvidia/cosmos-reason2-8b,"DUMPING PRESENT: No
ORDINANCE VIOLATION: No
WASTE TYPE: mixed
WASTE VOLUME: small (pickup truck)
WASTE ORIGIN: residential
PROPERTY TYPE: alley
ADDRESS MARKERS: NONE
GUTTER/ALLEY: Yes
WATER PROXIMITY: No
CHRONIC SITE: No
VEHICLES: NONE
IDENTIFIERS: NONE
SEVERITY: 1
ORDINANCE: N/A
PRIORITY: LOW
SUMMARY: No illegal dumping detected in the alleyway; the area appears clean with no visible waste or debris."
20260602T140833Z,DT_12th_and_Madison_4_20260531T083000.jpg,,,dataset_20260531/DT_12th_and_Madison_4/DT_12th_and_Madison_4_20260531T083000.jpg,illegal_dumping,done,2026-06-02T14:21:39.816222+00:00,0.049,0.718,0.771,,nvidia/cosmos-reason2-8b,"DUMPING PRESENT: No
ORDINANCE VIOLATION: No
WASTE TYPE: mixed
WASTE VOLUME: small (pickup truck)
WASTE ORIGIN: residential
PROPERTY TYPE: alley
ADDRESS MARKERS: NONE
GUTTER/ALLEY: Yes
WATER PROXIMITY: No
CHRONIC SITE: No
VEHICLES: NONE
IDENTIFIERS: NONE
SEVERITY: 1
ORDINANCE: N/A
PRIORITY: LOW
SUMMARY: No illegal dumping detected in the alleyway; the area appears clean with no visible waste or debris."
20260602T140833Z,DT_12th_and_Madison_4_20260531T084000.jpg,,,dataset_20260531/DT_12th_and_Madison_4/DT_12th_and_Madison_4_20260531T084000.jpg,illegal_dumping,done,2026-06-02T14:21:40.030003+00:00,0.047,0.742,0.792,,nvidia/cosmos-reason2-8b,"DUMPING PRESENT: No
ORDINANCE VIOLATION: No
WASTE TYPE: <none detected>
WASTE VOLUME: <not applicable>
WASTE ORIGIN: <unknown>
PROPERTY TYPE: alley
ADDRESS MARKERS: NONE
GUTTER/ALLEY: Yes
WATER PROXIMITY: No
CHRONIC SITE: No
VEHICLES: NONE
IDENTIFIERS: <none>
SEVERITY: 1
ORDINANCE: N/A
PRIORITY: LOW
SUMMARY: No illegal dumping observed in the alleyway; the area appears clean with no visible waste or debris."
20260602T140833Z,DT_12th_and_Madison_4_20260531T085000.jpg,,,dataset_20260531/DT_12th_and_Madison_4/DT_12th_and_Madison_4_20260531T085000.jpg,illegal_dumping,done,2026-06-02T14:21:40.187303+00:00,0.042,0.716,0.763,,nvidia/cosmos-reason2-8b,"DUMPING PRESENT: No
ORDINANCE VIOLATION: No
WASTE TYPE: mixed
WASTE VOLUME: small (pickup truck)
WASTE ORIGIN: residential
PROPERTY TYPE: alley
ADDRESS MARKERS: NONE
GUTTER/ALLEY: Yes
WATER PROXIMITY: No
CHRONIC SITE: No
VEHICLES: NONE
IDENTIFIERS: NONE
SEVERITY: 1
ORDINANCE: N/A
PRIORITY: LOW
SUMMARY: No illegal dumping is observed in the alleyway."
20260602T140833Z,DT_12th_and_Madison_4_20260531T090000.jpg,,,dataset_20260531/DT_12th_and_Madison_4/DT_12th_and_Madison_4_20260531T090000.jpg,illegal_dumping,done,2026-06-02T14:21:40.328463+00:00,0.042,0.828,0.874,,nvidia/cosmos-reason2-8b,"DUMPING PRESENT: No
ORDINANCE VIOLATION: No
WASTE TYPE: mixed
WASTE VOLUME: small (pickup truck)
WASTE ORIGIN: residential
PROPERTY TYPE: alley
ADDRESS MARKERS: NONE
GUTTER/ALLEY: Yes
WATER PROXIMITY: No
CHRONIC SITE: No
VEHICLES: NONE
IDENTIFIERS: NONE
SEVERITY: 1
ORDINANCE: N/A
PRIORITY: LOW
SUMMARY: No illegal dumping detected in the alleyway; the area appears clean with no visible waste or debris."
20260602T140833Z,DT_12th_and_Madison_4_20260531T091000.jpg,,,dataset_20260531/DT_12th_and_Madison_4/DT_12th_and_Madison_4_20260531T091000.jpg,illegal_dumping,done,2026-06-02T14:21:40.589733+00:00,0.041,0.744,0.789,,nvidia/cosmos-reason2-8b,"DUMPING PRESENT: No
ORDINANCE VIOLATION: No
WASTE TYPE: mixed
WASTE VOLUME: small (pickup truck)
WASTE ORIGIN: residential
PROPERTY TYPE: alley
ADDRESS MARKERS: NONE
GUTTER/ALLEY: Yes
WATER PROXIMITY: No
CHRONIC SITE: No
VEHICLES: NONE
IDENTIFIERS: NONE
SEVERITY: 1
ORDINANCE: N/A
PRIORITY: LOW
SUMMARY: No illegal dumping detected in the alleyway; the area appears clean with no visible waste or debris."
20260602T140833Z,DT_12th_and_Madison_4_20260531T092000.jpg,,,dataset_20260531/DT_12th_and_Madison_4/DT_12th_and_Madison_4_20260531T092000.jpg,illegal_dumping,done,2026-06-02T14:21:40.824289+00:00,0.041,0.669,0.715,,nvidia/cosmos-reason2-8b,"DUMPING PRESENT: No
ORDINANCE VIOLATION: No
WASTE TYPE: mixed
WASTE VOLUME: small (pickup truck)
WASTE ORIGIN: residential
PROPERTY TYPE: vacant-lot
ADDRESS MARKERS: NONE
GUTTER/ALLEY: No
WATER PROXIMITY: No
CHRONIC SITE: No
VEHICLES: NONE
IDENTIFIERS: NONE
SEVERITY: 1
ORDINANCE: N/A
PRIORITY: LOW
SUMMARY: No illegal dumping detected; the scene appears to be a mix of colorful objects without clear evidence of waste disposal violations."
20260602T140833Z,DT_12th_and_Madison_4_20260531T093000.jpg,,,dataset_20260531/DT_12th_and_Madison_4/DT_12th_and_Madison_4_20260531T093000.jpg,illegal_dumping,done,2026-06-02T14:21:40.952815+00:00,0.04,0.798,0.841,,nvidia/cosmos-reason2-8b,"DUMPING PRESENT: Yes
ORDINANCE VIOLATION: Yes
WASTE TYPE: mixed
WASTE VOLUME: medium
WASTE ORIGIN: residential
PROPERTY TYPE: alley
ADDRESS MARKERS: NONE
GUTTER/ALLEY: Yes
WATER PROXIMITY: No
CHRONIC SITE: No
VEHICLES: NONE
IDENTIFIERS: NONE
SEVERITY: 2
ORDINANCE: Sec-46-45
PRIORITY: MEDIUM
SUMMARY: Mixed waste is illegally dumped in an alley, violating property owner liability under Sec. 46-45.
"
20260602T140833Z,DT_12th_and_Madison_4_20260531T094000.jpg,,,dataset_20260531/DT_12th_and_Madison_4/DT_12th_and_Madison_4_20260531T094000.jpg,illegal_dumping,done,2026-06-02T14:21:41.204929+00:00,0.047,0.672,0.722,,nvidia/cosmos-reason2-8b,"DUMPING PRESENT: No
ORDINANCE VIOLATION: No
WASTE TYPE: mixed
WASTE VOLUME: small (pickup truck)
WASTE ORIGIN: residential
PROPERTY TYPE: alley
ADDRESS MARKERS: NONE
GUTTER/ALLEY: Yes
WATER PROXIMITY: No
CHRONIC SITE: No
VEHICLES: NONE
IDENTIFIERS: NONE
SEVERITY: 1
ORDINANCE: N/A
PRIORITY: LOW
SUMMARY: No illegal dumping observed in the alleyway; the area appears clean with no visible waste or debris."
20260602T140833Z,DT_12th_and_Madison_4_20260531T095000.jpg,,,dataset_20260531/DT_12th_and_Madison_4/DT_12th_and_Madison_4_20260531T095000.jpg,illegal_dumping,done,2026-06-02T14:21:41.381911+00:00,0.04,0.81,0.854,,nvidia/cosmos-reason2-8b,"DUMPING PRESENT: Yes
ORDINANCE VIOLATION: Yes
WASTE TYPE: mixed
WASTE VOLUME: small (pickup truck)
WASTE ORIGIN: residential
PROPERTY TYPE: alley
ADDRESS MARKERS: NONE
GUTTER/ALLEY: Yes
WATER PROXIMITY: No
CHRONIC SITE: No
VEHICLES: NONE
IDENTIFIERS: NONE
SEVERITY: 2
ORDINANCE: Sec-46-45
PRIORITY: MEDIUM
SUMMARY: Illegal dumping of mixed waste is present in the alley, violating Brownsville's property owner liability ordinance.
"
20260602T140833Z,DT_12th_and_Madison_4_20260531T100000.jpg,,,dataset_20260531/DT_12th_and_Madison_4/DT_12th_and_Madison_4_20260531T100000.jpg,illegal_dumping,done,2026-06-02T14:21:41.541670+00:00,0.043,0.826,0.879,,nvidia/cosmos-reason2-8b,"DUMPING PRESENT: Yes
ORDINANCE VIOLATION: Yes
WASTE TYPE: mixed
WASTE VOLUME: small (pickup truck)
WASTE ORIGIN: residential
PROPERTY TYPE: right-of-way
ADDRESS MARKERS: NONE
GUTTER/ALLEY: Yes
WATER PROXIMITY: No
CHRONIC SITE: No
VEHICLES: NONE
IDENTIFIERS: NONE
SEVERITY: 2
ORDINANCE: Sec-46-45
PRIORITY: MEDIUM
SUMMARY: Illegal dumping is observed in the right-of-way, violating Brownsville's ordinance, with mixed waste scattered along the path.
"
20260602T140833Z,DT_12th_and_Madison_4_20260531T101000.jpg,,,dataset_20260531/DT_12th_and_Madison_4/DT_12th_and_Madison_4_20260531T101000.jpg,illegal_dumping,done,2026-06-02T14:21:41.796546+00:00,0.036,0.745,0.785,,nvidia/cosmos-reason2-8b,"DUMPING PRESENT: No
ORDINANCE VIOLATION: No
WASTE TYPE: mixed
WASTE VOLUME: small (pickup truck)
WASTE ORIGIN: residential
PROPERTY TYPE: occupied-private
ADDRESS MARKERS: NONE
GUTTER/ALLEY: No
WATER PROXIMITY: No
CHRONIC SITE: No
VEHICLES: NONE
IDENTIFIERS: NONE
SEVERITY: 1
ORDINANCE: N/A
PRIORITY: LOW
SUMMARY: No illegal dumping detected; the scene appears to be a normal residential area without visible waste or debris."
20260602T140833Z,DT_12th_and_Madison_4_20260531T102000.jpg,,,dataset_20260531/DT_12th_and_Madison_4/DT_12th_and_Madison_4_20260531T102000.jpg,illegal_dumping,done,2026-06-02T14:21:41.929651+00:00,0.036,0.801,0.841,,nvidia/cosmos-reason2-8b,"DUMPING PRESENT: Yes
ORDINANCE VIOLATION: Yes
WASTE TYPE: mixed
WASTE VOLUME: small (pickup truck)
WASTE ORIGIN: residential
PROPERTY TYPE: alley
ADDRESS MARKERS: NONE
GUTTER/ALLEY: Yes
WATER PROXIMITY: No
CHRONIC SITE: No
VEHICLES: NONE
IDENTIFIERS: NONE
SEVERITY: 2
ORDINANCE: Sec-46-45
PRIORITY: MEDIUM
SUMMARY: Illegal dumping is observed in the alley, with mixed waste scattered on the ground, violating Brownsville's property owner liability ordinance.
"
20260602T140833Z,DT_12th_and_Madison_4_20260531T103000.jpg,,,dataset_20260531/DT_12th_and_Madison_4/DT_12th_and_Madison_4_20260531T103000.jpg,illegal_dumping,done,2026-06-02T14:21:42.238567+00:00,0.042,0.865,0.911,,nvidia/cosmos-reason2-8b,"DUMPING PRESENT: Yes
ORDINANCE VIOLATION: Yes
WASTE TYPE: mixed
WASTE VOLUME: small (pickup truck)
WASTE ORIGIN: residential
PROPERTY TYPE: alley
ADDRESS MARKERS: NONE
GUTTER/ALLEY: Yes
WATER PROXIMITY: No
CHRONIC SITE: No
VEHICLES: NONE
IDENTIFIERS: NONE
SEVERITY: 2
ORDINANCE: Sec-46-45
PRIORITY: MEDIUM
SUMMARY: Illegal dumping is observed in the alley, with mixed waste scattered on the ground; the property owner is held liable under Sec. 46-45 for failing to prevent the disposal of waste on their private property.
"
20260602T140833Z,DT_12th_and_Madison_4_20260531T104000.jpg,,,dataset_20260531/DT_12th_and_Madison_4/DT_12th_and_Madison_4_20260531T104000.jpg,illegal_dumping,done,2026-06-02T14:21:42.422998+00:00,0.038,0.762,0.804,,nvidia/cosmos-reason2-8b,"DUMPING PRESENT: Yes
ORDINANCE VIOLATION: Yes
WASTE TYPE: mixed
WASTE VOLUME: small (pickup truck)
WASTE ORIGIN: residential
PROPERTY TYPE: alley
ADDRESS MARKERS: NONE
GUTTER/ALLEY: Yes
WATER PROXIMITY: No
CHRONIC SITE: No
VEHICLES: NONE
IDENTIFIERS: NONE
SEVERITY: 2
ORDINANCE: Sec-46-45
PRIORITY: MEDIUM
SUMMARY: Illegal dumping is present in the alley, violating Brownsville's property owner liability ordinance.
"
20260602T140833Z,DT_12th_and_Madison_4_20260531T105000.jpg,,,dataset_20260531/DT_12th_and_Madison_4/DT_12th_and_Madison_4_20260531T105000.jpg,illegal_dumping,done,2026-06-02T14:21:42.583533+00:00,0.043,0.734,0.78,,nvidia/cosmos-reason2-8b,"DUMPING PRESENT: No
ORDINANCE VIOLATION: No
WASTE TYPE: mixed
WASTE VOLUME: small (pickup truck)
WASTE ORIGIN: residential
PROPERTY TYPE: vacant-lot
ADDRESS MARKERS: NONE
GUTTER/ALLEY: No
WATER PROXIMITY: No
CHRONIC SITE: No
VEHICLES: NONE
IDENTIFIERS: NONE
SEVERITY: 1
ORDINANCE: N/A
PRIORITY: LOW
SUMMARY: No illegal dumping detected in the video."
20260602T140833Z,DT_12th_and_Madison_4_20260531T110000.jpg,,,dataset_20260531/DT_12th_and_Madison_4/DT_12th_and_Madison_4_20260531T110000.jpg,illegal_dumping,done,2026-06-02T14:21:42.772683+00:00,0.042,0.867,0.913,,nvidia/cosmos-reason2-8b,"DUMPING PRESENT: Yes
ORDINANCE VIOLATION: Yes
WASTE TYPE: mixed
WASTE VOLUME: small (pickup truck)
WASTE ORIGIN: residential
PROPERTY TYPE: alley
ADDRESS MARKERS: NONE
GUTTER/ALLEY: Yes
WATER PROXIMITY: No
CHRONIC SITE: No
VEHICLES: NONE
IDENTIFIERS: NONE
SEVERITY: 2
ORDINANCE: Sec-46-45
PRIORITY: MEDIUM
SUMMARY: A small pile of mixed waste is illegally dumped in the alley, violating Brownsville's property owner liability ordinance (Sec. 46-45)."
20260602T140833Z,DT_12th_and_Madison_4_20260531T111000.jpg,,,dataset_20260531/DT_12th_and_Madison_4/DT_12th_and_Madison_4_20260531T111000.jpg,illegal_dumping,done,2026-06-02T14:21:43.153339+00:00,0.042,0.783,0.83,,nvidia/cosmos-reason2-8b,"DUMPING PRESENT: Yes
ORDINANCE VIOLATION: Yes
WASTE TYPE: mixed
WASTE VOLUME: small (pickup truck)
WASTE ORIGIN: residential
PROPERTY TYPE: alley
ADDRESS MARKERS: NONE
GUTTER/ALLEY: Yes
WATER PROXIMITY: No
CHRONIC SITE: No
VEHICLES: NONE
IDENTIFIERS: NONE
SEVERITY: 2
ORDINANCE: Sec-46-45
PRIORITY: MEDIUM
SUMMARY: Illegal dumping is observed in the alley, with mixed waste scattered on the ground, violating Brownsville's property owner liability ordinance (Sec. 46-45).
"
20260602T140833Z,DT_12th_and_Madison_4_20260531T112000.jpg,,,dataset_20260531/DT_12th_and_Madison_4/DT_12th_and_Madison_4_20260531T112000.jpg,illegal_dumping,done,2026-06-02T14:21:43.228726+00:00,0.038,0.942,0.984,,nvidia/cosmos-reason2-8b,"DUMPING PRESENT: Yes
ORDINANCE VIOLATION: Yes
WASTE TYPE: mixed
WASTE VOLUME: small (pickup truck)
WASTE ORIGIN: residential
PROPERTY TYPE: alley
ADDRESS MARKERS: NONE
GUTTER/ALLEY: Yes
WATER PROXIMITY: No
CHRONIC SITE: No
VEHICLES: NONE
IDENTIFIERS: NONE
SEVERITY: 2
ORDINANCE: Sec-46-45
PRIORITY: MEDIUM
SUMMARY: Illegal dumping of mixed waste is observed in an alley, violating Brownsville's property owner liability ordinance (Sec. 46-45).
"
20260602T140833Z,DT_12th_and_Madison_4_20260531T113000.jpg,,,dataset_20260531/DT_12th_and_Madison_4/DT_12th_and_Madison_4_20260531T113000.jpg,illegal_dumping,done,2026-06-02T14:21:43.366490+00:00,0.035,0.944,0.983,,nvidia/cosmos-reason2-8b,"DUMPING PRESENT: Yes
ORDINANCE VIOLATION: Yes
WASTE TYPE: mixed
WASTE VOLUME: small (pickup truck)
WASTE ORIGIN: residential
PROPERTY TYPE: alley
ADDRESS MARKERS: NONE
GUTTER/ALLEY: Yes
WATER PROXIMITY: No
CHRONIC SITE: No
VEHICLES: NONE
IDENTIFIERS: NONE
SEVERITY: 2
ORDINANCE: Sec-46-45
PRIORITY: MEDIUM
SUMMARY: Illegal dumping of mixed waste is observed in an alleyway, violating Brownsville's property owner liability ordinance (Sec. 46-45)."
20260602T140833Z,DT_12th_and_Madison_4_20260531T114000.jpg,,,dataset_20260531/DT_12th_and_Madison_4/DT_12th_and_Madison_4_20260531T114000.jpg,illegal_dumping,done,2026-06-02T14:21:43.688457+00:00,0.04,0.799,0.842,,nvidia/cosmos-reason2-8b,"DUMPING PRESENT: Yes
ORDINANCE VIOLATION: Yes
WASTE TYPE: mixed
WASTE VOLUME: medium
WASTE ORIGIN: residential
PROPERTY TYPE: alley
ADDRESS MARKERS: NONE
GUTTER/ALLEY: Yes
WATER PROXIMITY: No
CHRONIC SITE: No
VEHICLES: NONE
IDENTIFIERS: NONE
SEVERITY: 2
ORDINANCE: Sec-46-45
PRIORITY: MEDIUM
SUMMARY: Illegal dumping is present in the alley, violating Brownsville's property owner liability ordinance, with mixed waste scattered along the dirt path."
20260602T140833Z,DT_12th_and_Madison_4_20260531T115000.jpg,,,dataset_20260531/DT_12th_and_Madison_4/DT_12th_and_Madison_4_20260531T115000.jpg,illegal_dumping,done,2026-06-02T14:21:43.985495+00:00,0.042,0.793,0.839,,nvidia/cosmos-reason2-8b,"DUMPING PRESENT: Yes
ORDINANCE VIOLATION: Yes
WASTE TYPE: mixed
WASTE VOLUME: small (pickup truck)
WASTE ORIGIN: residential
PROPERTY TYPE: alley
ADDRESS MARKERS: NONE
GUTTER/ALLEY: Yes
WATER PROXIMITY: No
CHRONIC SITE: No
VEHICLES: NONE
IDENTIFIERS: NONE
SEVERITY: 2
ORDINANCE: Sec-46-45
PRIORITY: MEDIUM
SUMMARY: Illegal dumping is observed in the alley, with mixed waste scattered on the ground, violating Brownsville's property owner liability ordinance.
"
20260602T140833Z,DT_12th_and_Madison_4_20260531T120000.jpg,,,dataset_20260531/DT_12th_and_Madison_4/DT_12th_and_Madison_4_20260531T120000.jpg,illegal_dumping,done,2026-06-02T14:21:44.214642+00:00,0.04,0.825,0.868,,nvidia/cosmos-reason2-8b,"DUMPING PRESENT: Yes
ORDINANCE VIOLATION: Yes
WASTE TYPE: mixed
WASTE VOLUME: small (pickup truck)
WASTE ORIGIN: residential
PROPERTY TYPE: alley
ADDRESS MARKERS: NONE
GUTTER/ALLEY: Yes
WATER PROXIMITY: No
CHRONIC SITE: No
VEHICLES: NONE
IDENTIFIERS: NONE
SEVERITY: 2
ORDINANCE: Sec-46-45
PRIORITY: MEDIUM
SUMMARY: Illegal dumping is present in the alley, violating Brownsville's ordinance, with mixed waste scattered along the dirt path.
"
20260602T140833Z,DT_12th_and_Madison_4_20260531T121000.jpg,,,dataset_20260531/DT_12th_and_Madison_4/DT_12th_and_Madison_4_20260531T121000.jpg,illegal_dumping,done,2026-06-02T14:21:44.352024+00:00,0.036,0.792,0.831,,nvidia/cosmos-reason2-8b,"DUMPING PRESENT: Yes
ORDINANCE VIOLATION: Yes
WASTE TYPE: mixed
WASTE VOLUME: small (pickup truck)
WASTE ORIGIN: residential
PROPERTY TYPE: alley
ADDRESS MARKERS: NONE
GUTTER/ALLEY: Yes
WATER PROXIMITY: No
CHRONIC SITE: No
VEHICLES: NONE
IDENTIFIERS: NONE
SEVERITY: 2
ORDINANCE: Sec-46-45
PRIORITY: MEDIUM
SUMMARY: Illegal dumping is observed in the alley, with mixed waste scattered on the ground, violating property owner liability under Sec. 46-45.
"
20260602T140833Z,DT_12th_and_Madison_4_20260531T122000.jpg,,,dataset_20260531/DT_12th_and_Madison_4/DT_12th_and_Madison_4_20260531T122000.jpg,illegal_dumping,done,2026-06-02T14:21:44.532726+00:00,0.047,0.909,0.96,,nvidia/cosmos-reason2-8b,"DUMPING PRESENT: Yes
ORDINANCE VIOLATION: Yes
WASTE TYPE: mixed
WASTE VOLUME: small (pickup truck)
WASTE ORIGIN: residential
PROPERTY TYPE: alley
ADDRESS MARKERS: NONE
GUTTER/ALLEY: Yes
WATER PROXIMITY: No
CHRONIC SITE: No
VEHICLES: NONE
IDENTIFIERS: NONE
SEVERITY: 2
ORDINANCE: Sec-46-45
PRIORITY: MEDIUM
SUMMARY: Illegal dumping is observed in the alley, with mixed waste scattered on the ground, violating Brownsville's property owner liability ordinance (Sec. 46-45)."
20260602T140833Z,DT_12th_and_Madison_4_20260531T123000.jpg,,,dataset_20260531/DT_12th_and_Madison_4/DT_12th_and_Madison_4_20260531T123000.jpg,illegal_dumping,done,2026-06-02T14:21:44.827224+00:00,0.048,0.737,0.789,,nvidia/cosmos-reason2-8b,"DUMPING PRESENT: Yes
ORDINANCE VIOLATION: Yes
WASTE TYPE: mixed
WASTE VOLUME: small (pickup truck)
WASTE ORIGIN: residential
PROPERTY TYPE: alley
ADDRESS MARKERS: NONE
GUTTER/ALLEY: Yes
WATER PROXIMITY: No
CHRONIC SITE: No
VEHICLES: NONE
IDENTIFIERS: NONE
SEVERITY: 2
ORDINANCE: Sec-46-45
PRIORITY: MEDIUM
SUMMARY: Illegal dumping is observed in the alley, with mixed waste scattered across the area, potentially violating property owner liability under Sec-46-45.
"
20260602T140833Z,DT_12th_and_Madison_4_20260531T124000.jpg,,,dataset_20260531/DT_12th_and_Madison_4/DT_12th_and_Madison_4_20260531T124000.jpg,illegal_dumping,done,2026-06-02T14:21:45.086211+00:00,0.043,0.829,0.883,,nvidia/cosmos-reason2-8b,"DUMPING PRESENT: Yes
ORDINANCE VIOLATION: Yes
WASTE TYPE: mixed
WASTE VOLUME: small (pickup truck)
WASTE ORIGIN: residential
PROPERTY TYPE: alley
ADDRESS MARKERS: NONE
GUTTER/ALLEY: Yes
WATER PROXIMITY: No
CHRONIC SITE: No
VEHICLES: NONE
IDENTIFIERS: NONE
SEVERITY: 2
ORDINANCE: Sec-46-45
PRIORITY: MEDIUM
SUMMARY: Illegal dumping is present in the alley, violating Brownsville's ordinance, with mixed waste scattered on the ground.
"
20260602T140833Z,DT_12th_and_Madison_4_20260531T125000.jpg,,,dataset_20260531/DT_12th_and_Madison_4/DT_12th_and_Madison_4_20260531T125000.jpg,illegal_dumping,done,2026-06-02T14:21:45.185533+00:00,0.04,0.857,0.9,,nvidia/cosmos-reason2-8b,"DUMPING PRESENT: Yes
ORDINANCE VIOLATION: Yes
WASTE TYPE: mixed
WASTE VOLUME: small (pickup truck)
WASTE ORIGIN: residential
PROPERTY TYPE: alley
ADDRESS MARKERS: NONE
GUTTER/ALLEY: Yes
WATER PROXIMITY: No
CHRONIC SITE: No
VEHICLES: NONE
IDENTIFIERS: NONE
SEVERITY: 2
ORDINANCE: Sec-46-45
PRIORITY: MEDIUM
SUMMARY: Illegal dumping of mixed waste is observed in an alley, violating Brownsville's property owner liability ordinance (Sec. 46-45).
"
20260602T140833Z,DT_12th_and_Madison_4_20260531T130000.jpg,,,dataset_20260531/DT_12th_and_Madison_4/DT_12th_and_Madison_4_20260531T130000.jpg,illegal_dumping,done,2026-06-02T14:21:45.495450+00:00,0.039,0.897,0.941,,nvidia/cosmos-reason2-8b,"DUMPING PRESENT: Yes
ORDINANCE VIOLATION: Yes
WASTE TYPE: mixed
WASTE VOLUME: small (pickup truck)
WASTE ORIGIN: residential
PROPERTY TYPE: alley
ADDRESS MARKERS: NONE
GUTTER/ALLEY: Yes
WATER PROXIMITY: No
CHRONIC SITE: No
VEHICLES: NONE
IDENTIFIERS: NONE
SEVERITY: 2
ORDINANCE: Sec-46-45
PRIORITY: MEDIUM
SUMMARY: Illegal dumping of mixed waste is observed in the alley, violating Brownsville's property owner liability ordinance.
"
20260602T140833Z,DT_12th_and_Madison_4_20260531T131000.jpg,,,dataset_20260531/DT_12th_and_Madison_4/DT_12th_and_Madison_4_20260531T131000.jpg,illegal_dumping,done,2026-06-02T14:21:45.618949+00:00,0.03,0.892,0.925,,nvidia/cosmos-reason2-8b,"DUMPING PRESENT: Yes
ORDINANCE VIOLATION: Yes
WASTE TYPE: mixed
WASTE VOLUME: small (pickup truck)
WASTE ORIGIN: residential
PROPERTY TYPE: alley
ADDRESS MARKERS: NONE
GUTTER/ALLEY: Yes
WATER PROXIMITY: No
CHRONIC SITE: No
VEHICLES: NONE
IDENTIFIERS: NONE
SEVERITY: 2
ORDINANCE: Sec-46-45
PRIORITY: MEDIUM
SUMMARY: Illegal dumping is observed in the alley, with mixed waste scattered across the area, violating property owner liability under Sec. 46-45.
"
20260602T140833Z,DT_12th_and_Madison_4_20260531T132000.jpg,,,dataset_20260531/DT_12th_and_Madison_4/DT_12th_and_Madison_4_20260531T132000.jpg,illegal_dumping,done,2026-06-02T14:21:45.972494+00:00,0.044,0.868,0.917,,nvidia/cosmos-reason2-8b,"DUMPING PRESENT: Yes
ORDINANCE VIOLATION: Yes
WASTE TYPE: mixed
WASTE VOLUME: small (pickup truck)
WASTE ORIGIN: residential
PROPERTY TYPE: alley
ADDRESS MARKERS: NONE
GUTTER/ALLEY: Yes
WATER PROXIMITY: No
CHRONIC SITE: No
VEHICLES: NONE
IDENTIFIERS: NONE
SEVERITY: 2
ORDINANCE: Sec-46-45
PRIORITY: MEDIUM
SUMMARY: Illegal dumping is observed in the alley, with mixed waste scattered on the ground, violating property owner liability under Sec-46-45.
"
20260602T140833Z,DT_12th_and_Madison_4_20260531T133000.jpg,,,dataset_20260531/DT_12th_and_Madison_4/DT_12th_and_Madison_4_20260531T133000.jpg,illegal_dumping,done,2026-06-02T14:21:46.088461+00:00,0.038,0.851,0.893,,nvidia/cosmos-reason2-8b,"DUMPING PRESENT: Yes
ORDINANCE VIOLATION: Yes
WASTE TYPE: mixed
WASTE VOLUME: small (pickup truck)
WASTE ORIGIN: residential
PROPERTY TYPE: alley
ADDRESS MARKERS: NONE
GUTTER/ALLEY: Yes
WATER PROXIMITY: No
CHRONIC SITE: No
VEHICLES: NONE
IDENTIFIERS: NONE
SEVERITY: 2
ORDINANCE: Sec-46-45
PRIORITY: MEDIUM
SUMMARY: Illegal dumping is observed in the alley, with mixed waste scattered on the ground; the property owner is liable under Sec. 46-45 for failing to prevent the dumping.
"
20260602T140833Z,DT_12th_and_Madison_4_20260531T134000.jpg,,,dataset_20260531/DT_12th_and_Madison_4/DT_12th_and_Madison_4_20260531T134000.jpg,illegal_dumping,done,2026-06-02T14:21:46.439255+00:00,0.042,0.889,0.935,,nvidia/cosmos-reason2-8b,"DUMPING PRESENT: Yes
ORDINANCE VIOLATION: Yes
WASTE TYPE: mixed
WASTE VOLUME: small (pickup truck)
WASTE ORIGIN: residential
PROPERTY TYPE: alley
ADDRESS MARKERS: NONE
GUTTER/ALLEY: Yes
WATER PROXIMITY: No
CHRONIC SITE: No
VEHICLES: NONE
IDENTIFIERS: NONE
SEVERITY: 2
ORDINANCE: Sec-46-45
PRIORITY: MEDIUM
SUMMARY: Illegal dumping is observed in the alley, with mixed waste scattered on the ground, violating property owner liability under Sec. 46-45.
"
20260602T140833Z,DT_12th_and_Madison_4_20260531T135000.jpg,,,dataset_20260531/DT_12th_and_Madison_4/DT_12th_and_Madison_4_20260531T135000.jpg,illegal_dumping,done,2026-06-02T14:21:46.546522+00:00,0.036,0.893,0.933,,nvidia/cosmos-reason2-8b,"DUMPING PRESENT: Yes
ORDINANCE VIOLATION: Yes
WASTE TYPE: mixed
WASTE VOLUME: small (pickup truck)
WASTE ORIGIN: residential
PROPERTY TYPE: alley
ADDRESS MARKERS: NONE
GUTTER/ALLEY: Yes
WATER PROXIMITY: No
CHRONIC SITE: No
VEHICLES: NONE
IDENTIFIERS: NONE
SEVERITY: 2
ORDINANCE: Sec-46-45
PRIORITY: MEDIUM
SUMMARY: Illegal dumping is observed in the alley, with mixed waste scattered on the ground, violating Brownsville's ordinance on property owner liability for waste disposal.
"
20260602T140833Z,DT_12th_and_Madison_4_20260531T140000.jpg,,,dataset_20260531/DT_12th_and_Madison_4/DT_12th_and_Madison_4_20260531T140000.jpg,illegal_dumping,done,2026-06-02T14:21:46.892406+00:00,0.04,0.832,0.876,,nvidia/cosmos-reason2-8b,"DUMPING PRESENT: Yes
ORDINANCE VIOLATION: Yes
WASTE TYPE: mixed
WASTE VOLUME: small (pickup truck)
WASTE ORIGIN: residential
PROPERTY TYPE: alley
ADDRESS MARKERS: NONE
GUTTER/ALLEY: Yes
WATER PROXIMITY: No
CHRONIC SITE: No
VEHICLES: NONE
IDENTIFIERS: NONE
SEVERITY: 2
ORDINANCE: Sec-46-45
PRIORITY: MEDIUM
SUMMARY: Illegal dumping is present in the alley, violating Brownsville's property owner liability ordinance (Sec. 46-45).
"
20260602T140833Z,DT_12th_and_Madison_4_20260531T141000.jpg,,,dataset_20260531/DT_12th_and_Madison_4/DT_12th_and_Madison_4_20260531T141000.jpg,illegal_dumping,done,2026-06-02T14:21:46.983984+00:00,0.042,0.83,0.876,,nvidia/cosmos-reason2-8b,"DUMPING PRESENT: Yes
ORDINANCE VIOLATION: Yes
WASTE TYPE: mixed
WASTE VOLUME: small (pickup truck)
WASTE ORIGIN: residential
PROPERTY TYPE: alley
ADDRESS MARKERS: NONE
GUTTER/ALLEY: Yes
WATER PROXIMITY: No
CHRONIC SITE: No
VEHICLES: NONE
IDENTIFIERS: NONE
SEVERITY: 2
ORDINANCE: Sec-46-45
PRIORITY: MEDIUM
SUMMARY: Illegal dumping of mixed waste is observed in the alley, violating Brownsville's property owner liability ordinance.
"
20260602T140833Z,DT_12th_and_Madison_4_20260531T142000.jpg,,,dataset_20260531/DT_12th_and_Madison_4/DT_12th_and_Madison_4_20260531T142000.jpg,illegal_dumping,done,2026-06-02T14:21:47.376682+00:00,0.045,0.775,0.825,,nvidia/cosmos-reason2-8b,"DUMPING PRESENT: Yes
ORDINANCE VIOLATION: Yes
WASTE TYPE: mixed
WASTE VOLUME: small (pickup truck)
WASTE ORIGIN: residential
PROPERTY TYPE: alley
ADDRESS MARKERS: NONE
GUTTER/ALLEY: Yes
WATER PROXIMITY: No
CHRONIC SITE: No
VEHICLES: NONE
IDENTIFIERS: NONE
SEVERITY: 2
ORDINANCE: Sec-46-45
PRIORITY: MEDIUM
SUMMARY: Illegal dumping is present in the alley, violating Brownsville's property owner liability ordinance (Sec. 46-45)."
20260602T140833Z,DT_12th_and_Madison_4_20260531T143000.jpg,,,dataset_20260531/DT_12th_and_Madison_4/DT_12th_and_Madison_4_20260531T143000.jpg,illegal_dumping,done,2026-06-02T14:21:47.482204+00:00,0.044,0.859,0.906,,nvidia/cosmos-reason2-8b,"DUMPING PRESENT: Yes
ORDINANCE VIOLATION: Yes
WASTE TYPE: mixed
WASTE VOLUME: small (pickup truck)
WASTE ORIGIN: residential
PROPERTY TYPE: alley
ADDRESS MARKERS: NONE
GUTTER/ALLEY: Yes
WATER PROXIMITY: No
CHRONIC SITE: No
VEHICLES: NONE
IDENTIFIERS: NONE
SEVERITY: 2
ORDINANCE: Sec-46-45
PRIORITY: MEDIUM
SUMMARY: Illegal dumping is observed in the alley, violating Brownsville's ordinance against waste disposal on private or public property; the waste appears to be mixed and originates from a residential area.
"
20260602T140833Z,DT_12th_and_Madison_4_20260531T144000.jpg,,,dataset_20260531/DT_12th_and_Madison_4/DT_12th_and_Madison_4_20260531T144000.jpg,illegal_dumping,done,2026-06-02T14:21:47.771496+00:00,0.044,0.763,0.811,,nvidia/cosmos-reason2-8b,"DUMPING PRESENT: Yes
ORDINANCE VIOLATION: Yes
WASTE TYPE: mixed
WASTE VOLUME: small (pickup truck)
WASTE ORIGIN: residential
PROPERTY TYPE: alley
ADDRESS MARKERS: NONE
GUTTER/ALLEY: Yes
WATER PROXIMITY: No
CHRONIC SITE: No
VEHICLES: NONE
IDENTIFIERS: NONE
SEVERITY: 2
ORDINANCE: Sec-46-45
PRIORITY: MEDIUM
SUMMARY: Illegal dumping is present in the alley, violating Brownsville's property owner liability ordinance (Sec. 46-45)."
20260602T140833Z,DT_12th_and_Madison_4_20260531T145000.jpg,,,dataset_20260531/DT_12th_and_Madison_4/DT_12th_and_Madison_4_20260531T145000.jpg,illegal_dumping,done,2026-06-02T14:21:47.862300+00:00,0.044,0.92,0.968,,nvidia/cosmos-reason2-8b,"```json
{
  ""DUMPING PRESENT"": ""No"",
  ""ORDINANCE VIOLATION"": ""No"",
  ""WASTE TYPE"": [],
  ""WASTE VOLUME"": ""small (pickup truck)"",
  ""WASTE ORIGIN"": ""residential"",
  ""PROPERTY TYPE"": ""right-of-way"",
  ""ADDRESS MARKERS"": ""NONE"",
  ""GUTTER/ALLEY"": ""Yes"",
  ""WATER PROXIMITY"": ""No"",
  ""CHRONIC SITE"": ""No"",
  ""VEHICLES"": ""black"",
  ""IDENTIFIERS"": ""NONE"",
  ""SEVERITY"": ""1"",
  ""ORDINANCE"": ""N/A"",
  ""PRIORITY"": ""LOW"",
  ""SUMMARY"": ""No illegal dumping detected; the scene shows a residential area with a black vehicle parked on a right-of-way.""
}
```"
20260602T140833Z,DT_12th_and_Madison_4_20260531T150000.jpg,,,dataset_20260531/DT_12th_and_Madison_4/DT_12th_and_Madison_4_20260531T150000.jpg,illegal_dumping,done,2026-06-02T14:21:48.204063+00:00,0.038,0.765,0.806,,nvidia/cosmos-reason2-8b,"DUMPING PRESENT: Yes
ORDINANCE VIOLATION: Yes
WASTE TYPE: mixed
WASTE VOLUME: medium
WASTE ORIGIN: residential
PROPERTY TYPE: alley
ADDRESS MARKERS: NONE
GUTTER/ALLEY: Yes
WATER PROXIMITY: No
CHRONIC SITE: No
VEHICLES: NONE
IDENTIFIERS: NONE
SEVERITY: 2
ORDINANCE: Sec-46-45
PRIORITY: MEDIUM
SUMMARY: Illegal dumping of mixed waste is observed in the alley, violating Brownsville's property owner liability ordinance.
"
20260602T140833Z,DT_12th_and_Madison_4_20260531T151000.jpg,,,dataset_20260531/DT_12th_and_Madison_4/DT_12th_and_Madison_4_20260531T151000.jpg,illegal_dumping,done,2026-06-02T14:21:48.390894+00:00,0.038,0.688,0.73,,nvidia/cosmos-reason2-8b,"DUMPING PRESENT: No
ORDINANCE VIOLATION: No
WASTE TYPE: mixed
WASTE VOLUME: small (pickup truck)
WASTE ORIGIN: residential
PROPERTY TYPE: alley
ADDRESS MARKERS: NONE
GUTTER/ALLEY: Yes
WATER PROXIMITY: No
CHRONIC SITE: No
VEHICLES: NONE
IDENTIFIERS: NONE
SEVERITY: 1
ORDINANCE: N/A
PRIORITY: LOW
SUMMARY: No illegal dumping detected in the alleyway; the area appears clean with no visible waste or debris."
20260602T140833Z,DT_12th_and_Madison_4_20260531T152000.jpg,,,dataset_20260531/DT_12th_and_Madison_4/DT_12th_and_Madison_4_20260531T152000.jpg,illegal_dumping,done,2026-06-02T14:21:48.585453+00:00,0.042,0.844,0.891,,nvidia/cosmos-reason2-8b,"DUMPING PRESENT: Yes
ORDINANCE VIOLATION: Yes
WASTE TYPE: mixed
WASTE VOLUME: small (pickup truck)
WASTE ORIGIN: residential
PROPERTY TYPE: alley
ADDRESS MARKERS: NONE
GUTTER/ALLEY: Yes
WATER PROXIMITY: No
CHRONIC SITE: No
VEHICLES: NONE
IDENTIFIERS: NONE
SEVERITY: 3
ORDINANCE: Sec-46-45
PRIORITY: MEDIUM
SUMMARY: Illegal dumping of mixed waste is observed in the alley, violating Brownsville's property owner liability ordinance (Sec. 46-45)."
20260602T140833Z,DT_12th_and_Madison_4_20260531T153000.jpg,,,dataset_20260531/DT_12th_and_Madison_4/DT_12th_and_Madison_4_20260531T153000.jpg,illegal_dumping,done,2026-06-02T14:21:48.832402+00:00,0.043,0.668,0.714,,nvidia/cosmos-reason2-8b,"DUMPING PRESENT: No
ORDINANCE VIOLATION: No
WASTE TYPE: mixed
WASTE VOLUME: small (pickup truck)
WASTE ORIGIN: residential
PROPERTY TYPE: alley
ADDRESS MARKERS: NONE
GUTTER/ALLEY: Yes
WATER PROXIMITY: No
CHRONIC SITE: No
VEHICLES: NONE
IDENTIFIERS: NONE
SEVERITY: 1
ORDINANCE: N/A
PRIORITY: LOW
SUMMARY: No illegal dumping detected in the alleyway; the area appears clean with no visible waste or debris."
20260602T140833Z,DT_12th_and_Madison_4_20260531T154000.jpg,,,dataset_20260531/DT_12th_and_Madison_4/DT_12th_and_Madison_4_20260531T154000.jpg,illegal_dumping,done,2026-06-02T14:21:49.012812+00:00,0.049,0.721,0.78,,nvidia/cosmos-reason2-8b,"DUMPING PRESENT: No
ORDINANCE VIOLATION: No
WASTE TYPE: mixed
WASTE VOLUME: small (pickup truck)
WASTE ORIGIN: residential
PROPERTY TYPE: alley
ADDRESS MARKERS: NONE
GUTTER/ALLEY: Yes
WATER PROXIMITY: No
CHRONIC SITE: No
VEHICLES: NONE
IDENTIFIERS: NONE
SEVERITY: 1
ORDINANCE: N/A
PRIORITY: LOW
SUMMARY: No illegal dumping detected in the alleyway."
20260602T140833Z,DT_12th_and_Madison_4_20260531T155000.jpg,,,dataset_20260531/DT_12th_and_Madison_4/DT_12th_and_Madison_4_20260531T155000.jpg,illegal_dumping,done,2026-06-02T14:21:49.123006+00:00,0.038,0.842,0.883,,nvidia/cosmos-reason2-8b,"DUMPING PRESENT: Yes
ORDINANCE VIOLATION: Yes
WASTE TYPE: mixed
WASTE VOLUME: medium
WASTE ORIGIN: residential
PROPERTY TYPE: alley
ADDRESS MARKERS: NONE
GUTTER/ALLEY: Yes
WATER PROXIMITY: No
CHRONIC SITE: No
VEHICLES: NONE
IDENTIFIERS: NONE
SEVERITY: 2
ORDINANCE: Sec-46-45
PRIORITY: MEDIUM
SUMMARY: A medium volume of mixed waste is illegally dumped in an alley, violating Brownsville's property owner liability ordinance (Sec. 46-45).
"
20260602T140833Z,DT_12th_and_Madison_4_20260531T160000.jpg,,,dataset_20260531/DT_12th_and_Madison_4/DT_12th_and_Madison_4_20260531T160000.jpg,illegal_dumping,done,2026-06-02T14:21:49.479114+00:00,0.046,0.787,0.838,,nvidia/cosmos-reason2-8b,"DUMPING PRESENT: Yes
ORDINANCE VIOLATION: Yes
WASTE TYPE: mixed
WASTE VOLUME: medium (dump truck)
WASTE ORIGIN: residential
PROPERTY TYPE: alley
ADDRESS MARKERS: NONE
GUTTER/ALLEY: Yes
WATER PROXIMITY: No
CHRONIC SITE: No
VEHICLES: NONE
IDENTIFIERS: NONE
SEVERITY: 2
ORDINANCE: Sec-46-45
PRIORITY: MEDIUM
SUMMARY: Illegal dumping of mixed waste is present in the alley, violating Brownsville's property owner liability ordinance (Sec. 46-45)."
20260602T140833Z,DT_12th_and_Madison_4_20260531T161000.jpg,,,dataset_20260531/DT_12th_and_Madison_4/DT_12th_and_Madison_4_20260531T161000.jpg,illegal_dumping,done,2026-06-02T14:21:49.549226+00:00,0.042,0.853,0.898,,nvidia/cosmos-reason2-8b,"DUMPING PRESENT: No
ORDINANCE VIOLATION: No
WASTE TYPE: mixed
WASTE VOLUME: small (pickup truck)
WASTE ORIGIN: residential
PROPERTY TYPE: alley
ADDRESS MARKERS: NONE
GUTTER/ALLEY: Yes
WATER PROXIMITY: No
CHRONIC SITE: No
VEHICLES: NONE
IDENTIFIERS: NONE
SEVERITY: 1
ORDINANCE: N/A
PRIORITY: LOW
SUMMARY: No illegal dumping detected in the alleyway; the area appears clean with no visible waste or debris."
20260602T140833Z,DT_12th_and_Madison_4_20260531T162000.jpg,,,dataset_20260531/DT_12th_and_Madison_4/DT_12th_and_Madison_4_20260531T162000.jpg,illegal_dumping,done,2026-06-02T14:21:49.794597+00:00,0.036,0.709,0.748,,nvidia/cosmos-reason2-8b,"DUMPING PRESENT: No
ORDINANCE VIOLATION: No
WASTE TYPE: mixed
WASTE VOLUME: small (pickup truck)
WASTE ORIGIN: residential
PROPERTY TYPE: alley
ADDRESS MARKERS: NONE
GUTTER/ALLEY: Yes
WATER PROXIMITY: No
CHRONIC SITE: No
VEHICLES: NONE
IDENTIFIERS: NONE
SEVERITY: 1
ORDINANCE: N/A
PRIORITY: LOW
SUMMARY: No illegal dumping detected in the alleyway."
20260602T140833Z,DT_12th_and_Madison_4_20260531T163000.jpg,,,dataset_20260531/DT_12th_and_Madison_4/DT_12th_and_Madison_4_20260531T163000.jpg,illegal_dumping,done,2026-06-02T14:21:50.008888+00:00,0.042,0.682,0.727,,nvidia/cosmos-reason2-8b,"DUMPING PRESENT: No
ORDINANCE VIOLATION: No
WASTE TYPE: mixed
WASTE VOLUME: small (pickup truck)
WASTE ORIGIN: residential
PROPERTY TYPE: alley
ADDRESS MARKERS: NONE
GUTTER/ALLEY: Yes
WATER PROXIMITY: No
CHRONIC SITE: No
VEHICLES: NONE
IDENTIFIERS: NONE
SEVERITY: 1
ORDINANCE: N/A
PRIORITY: LOW
SUMMARY: No illegal dumping detected in the alleyway; the area appears clean with no visible waste or debris."
20260602T140833Z,DT_12th_and_Madison_4_20260531T164000.jpg,,,dataset_20260531/DT_12th_and_Madison_4/DT_12th_and_Madison_4_20260531T164000.jpg,illegal_dumping,done,2026-06-02T14:21:50.319482+00:00,0.046,0.788,0.838,,nvidia/cosmos-reason2-8b,"DUMPING PRESENT: Yes
ORDINANCE VIOLATION: Yes
WASTE TYPE: mixed
WASTE VOLUME: small (pickup truck)
WASTE ORIGIN: residential
PROPERTY TYPE: alley
ADDRESS MARKERS: NONE
GUTTER/ALLEY: Yes
WATER PROXIMITY: No
CHRONIC SITE: No
VEHICLES: NONE
IDENTIFIERS: NONE
SEVERITY: 2
ORDINANCE: Sec-46-45
PRIORITY: MEDIUM
SUMMARY: Illegal dumping is present in the alley, violating Brownsville's ordinance, with mixed waste scattered on the ground.
"
20260602T140833Z,DT_12th_and_Madison_4_20260531T165000.jpg,,,dataset_20260531/DT_12th_and_Madison_4/DT_12th_and_Madison_4_20260531T165000.jpg,illegal_dumping,done,2026-06-02T14:21:50.449209+00:00,0.045,0.925,0.973,,nvidia/cosmos-reason2-8b,"DUMPING PRESENT: Yes
ORDINANCE VIOLATION: Yes
WASTE TYPE: mixed
WASTE VOLUME: medium (dump truck)
WASTE ORIGIN: residential
PROPERTY TYPE: alley
ADDRESS MARKERS: NONE
GUTTER/ALLEY: Yes
WATER PROXIMITY: No
CHRONIC SITE: No
VEHICLES: NONE
IDENTIFIERS: NONE
SEVERITY: 2
ORDINANCE: Sec-46-45
PRIORITY: MEDIUM
SUMMARY: A medium-sized dump of mixed waste is present in an alleyway, violating Brownsville's property owner liability ordinance (Sec. 46-45).
"
20260602T140833Z,DT_12th_and_Madison_4_20260531T170000.jpg,,,dataset_20260531/DT_12th_and_Madison_4/DT_12th_and_Madison_4_20260531T170000.jpg,illegal_dumping,done,2026-06-02T14:21:50.544727+00:00,0.048,0.878,0.931,,nvidia/cosmos-reason2-8b,"DUMPING PRESENT: No
ORDINANCE VIOLATION: No
WASTE TYPE: mixed
WASTE VOLUME: small (pickup truck)
WASTE ORIGIN: residential
PROPERTY TYPE: alley
ADDRESS MARKERS: NONE
GUTTER/ALLEY: Yes
WATER PROXIMITY: No
CHRONIC SITE: No
VEHICLES: NONE
IDENTIFIERS: NONE
SEVERITY: 1
ORDINANCE: N/A
PRIORITY: LOW
SUMMARY: No illegal dumping detected in the alleyway; the area appears clean with no visible waste or debris."
20260602T140833Z,DT_12th_and_Madison_4_20260531T171000.jpg,,,dataset_20260531/DT_12th_and_Madison_4/DT_12th_and_Madison_4_20260531T171000.jpg,illegal_dumping,done,2026-06-02T14:21:50.738079+00:00,0.037,0.921,0.962,,nvidia/cosmos-reason2-8b,"```json
{
  ""DUMPING PRESENT"": ""No"",
  ""ORDINANCE VIOLATION"": ""No"",
  ""WASTE TYPE"": [],
  ""WASTE VOLUME"": ""small (pickup truck)"",
  ""WASTE ORIGIN"": ""unknown"",
  ""PROPERTY TYPE"": ""occupied-private"",
  ""ADDRESS MARKERS"": ""NONE"",
  ""GUTTER/ALLEY"": ""No"",
  ""WATER PROXIMITY"": ""No"",
  ""CHRONIC SITE"": ""No"",
  ""VEHICLES"": ""NONE"",
  ""IDENTIFIERS"": ""NONE"",
  ""SEVERITY"": ""1"",
  ""ORDINANCE"": ""N/A"",
  ""PRIORITY"": ""LOW"",
  ""SUMMARY"": ""No illegal dumping detected; the scene shows a green background with no visible waste or property violations.""
}
```"
20260602T140833Z,DT_12th_and_Madison_4_20260531T172000.jpg,,,dataset_20260531/DT_12th_and_Madison_4/DT_12th_and_Madison_4_20260531T172000.jpg,illegal_dumping,done,2026-06-02T14:21:51.160013+00:00,0.04,0.693,0.737,,nvidia/cosmos-reason2-8b,"DUMPING PRESENT: No
ORDINANCE VIOLATION: No
WASTE TYPE: <none detected>
WASTE VOLUME: <not applicable>
WASTE ORIGIN: <unknown>
PROPERTY TYPE: <not applicable>
ADDRESS MARKERS: <none>
GUTTER/ALLEY: No
WATER PROXIMITY: No
CHRONIC SITE: No
VEHICLES: <none>
IDENTIFIERS: <none>
SEVERITY: 1
ORDINANCE: N/A
PRIORITY: LOW
SUMMARY: No illegal dumping observed in the video."
20260602T140833Z,DT_12th_and_Madison_4_20260531T173000.jpg,,,dataset_20260531/DT_12th_and_Madison_4/DT_12th_and_Madison_4_20260531T173000.jpg,illegal_dumping,done,2026-06-02T14:21:51.424387+00:00,0.041,0.722,0.767,,nvidia/cosmos-reason2-8b,"DUMPING PRESENT: No
ORDINANCE VIOLATION: No
WASTE TYPE: mixed
WASTE VOLUME: small (pickup truck)
WASTE ORIGIN: residential
PROPERTY TYPE: occupied-private
ADDRESS MARKERS: NONE
GUTTER/ALLEY: No
WATER PROXIMITY: No
CHRONIC SITE: No
VEHICLES: NONE
IDENTIFIERS: NONE
SEVERITY: 1
ORDINANCE: N/A
PRIORITY: LOW
SUMMARY: No illegal dumping detected; the scene shows a vibrant, abstract pattern with no identifiable waste or property violations."
20260602T140833Z,DT_12th_and_Madison_4_20260531T174000.jpg,,,dataset_20260531/DT_12th_and_Madison_4/DT_12th_and_Madison_4_20260531T174000.jpg,illegal_dumping,done,2026-06-02T14:21:51.477728+00:00,0.036,0.951,0.993,,nvidia/cosmos-reason2-8b,"DUMPING PRESENT: Yes
ORDINANCE VIOLATION: Yes
WASTE TYPE: mixed
WASTE VOLUME: small (pickup truck)
WASTE ORIGIN: residential
PROPERTY TYPE: alley
ADDRESS MARKERS: NONE
GUTTER/ALLEY: Yes
WATER PROXIMITY: No
CHRONIC SITE: No
VEHICLES: NONE
IDENTIFIERS: NONE
SEVERITY: 2
ORDINANCE: Sec-46-45
PRIORITY: MEDIUM
SUMMARY: Illegal dumping of mixed waste is observed in the alley, violating Brownsville's property owner liability ordinance (Sec. 46-45).
"
20260602T140833Z,DT_12th_and_Madison_4_20260531T175000.jpg,,,dataset_20260531/DT_12th_and_Madison_4/DT_12th_and_Madison_4_20260531T175000.jpg,illegal_dumping,done,2026-06-02T14:21:51.702405+00:00,0.046,0.793,0.843,,nvidia/cosmos-reason2-8b,"DUMPING PRESENT: No
ORDINANCE VIOLATION: No
WASTE TYPE: mixed
WASTE VOLUME: small (pickup truck)
WASTE ORIGIN: residential
PROPERTY TYPE: occupied-private
ADDRESS MARKERS: NONE
GUTTER/ALLEY: No
WATER PROXIMITY: No
CHRONIC SITE: No
VEHICLES: NONE
IDENTIFIERS: NONE
SEVERITY: 1
ORDINANCE: N/A
PRIORITY: LOW
SUMMARY: No illegal dumping detected in the video."
20260602T140833Z,DT_12th_and_Madison_4_20260531T180000.jpg,,,dataset_20260531/DT_12th_and_Madison_4/DT_12th_and_Madison_4_20260531T180000.jpg,illegal_dumping,done,2026-06-02T14:21:51.899390+00:00,0.047,0.851,0.901,,nvidia/cosmos-reason2-8b,"DUMPING PRESENT: Yes
ORDINANCE VIOLATION: Yes
WASTE TYPE: mixed
WASTE VOLUME: small (pickup truck)
WASTE ORIGIN: residential
PROPERTY TYPE: alley
ADDRESS MARKERS: NONE
GUTTER/ALLEY: Yes
WATER PROXIMITY: No
CHRONIC SITE: No
VEHICLES: NONE
IDENTIFIERS: NONE
SEVERITY: 2
ORDINANCE: Sec-46-45
PRIORITY: MEDIUM
SUMMARY: Illegal dumping is present in the alley, violating Brownsville's ordinance, with waste scattered along the property line.
"
20260602T140833Z,DT_12th_and_Madison_4_20260531T181000.jpg,,,dataset_20260531/DT_12th_and_Madison_4/DT_12th_and_Madison_4_20260531T181000.jpg,illegal_dumping,done,2026-06-02T14:21:52.194208+00:00,0.042,0.741,0.787,,nvidia/cosmos-reason2-8b,"DUMPING PRESENT: Yes
ORDINANCE VIOLATION: Yes
WASTE TYPE: mixed
WASTE VOLUME: small (pickup truck)
WASTE ORIGIN: residential
PROPERTY TYPE: alley
ADDRESS MARKERS: NONE
GUTTER/ALLEY: Yes
WATER PROXIMITY: No
CHRONIC SITE: No
VEHICLES: NONE
IDENTIFIERS: NONE
SEVERITY: 2
ORDINANCE: Sec-46-45
PRIORITY: MEDIUM
SUMMARY: A pile of mixed waste is illegally dumped in the alley, violating Brownsville's property owner liability ordinance."
20260602T140833Z,DT_12th_and_Madison_4_20260531T182000.jpg,,,dataset_20260531/DT_12th_and_Madison_4/DT_12th_and_Madison_4_20260531T182000.jpg,illegal_dumping,done,2026-06-02T14:21:52.474082+00:00,0.044,0.905,0.96,,nvidia/cosmos-reason2-8b,"```json
{
  ""DUMPING PRESENT"": ""No"",
  ""ORDINANCE VIOLATION"": ""No"",
  ""WASTE TYPE"": [],
  ""WASTE VOLUME"": ""small (pickup truck)"",
  ""WASTE ORIGIN"": ""residential"",
  ""PROPERTY TYPE"": ""occupied-private"",
  ""ADDRESS MARKERS"": ""NONE"",
  ""GUTTER/ALLEY"": ""Yes"",
  ""WATER PROXIMITY"": ""No"",
  ""CHRONIC SITE"": ""No"",
  ""VEHICLES"": ""NONE"",
  ""IDENTIFIERS"": ""NONE"",
  ""SEVERITY"": ""1"",
  ""ORDINANCE"": ""N/A"",
  ""PRIORITY"": ""LOW"",
  ""SUMMARY"": ""No illegal dumping detected; the scene shows a residential area with no visible waste or debris.""
}
```"
20260602T140833Z,DT_12th_and_Madison_4_20260531T183000.jpg,,,dataset_20260531/DT_12th_and_Madison_4/DT_12th_and_Madison_4_20260531T183000.jpg,illegal_dumping,done,2026-06-02T14:21:52.547694+00:00,0.04,0.799,0.843,,nvidia/cosmos-reason2-8b,"DUMPING PRESENT: No
ORDINANCE VIOLATION: No
WASTE TYPE: mixed
WASTE VOLUME: small (pickup truck)
WASTE ORIGIN: residential
PROPERTY TYPE: alley
ADDRESS MARKERS: NONE
GUTTER/ALLEY: Yes
WATER PROXIMITY: No
CHRONIC SITE: No
VEHICLES: NONE
IDENTIFIERS: NONE
SEVERITY: 1
ORDINANCE: N/A
PRIORITY: LOW
SUMMARY: No illegal dumping detected in the alleyway."
20260602T140833Z,DT_12th_and_Madison_4_20260531T184000.jpg,,,dataset_20260531/DT_12th_and_Madison_4/DT_12th_and_Madison_4_20260531T184000.jpg,illegal_dumping,done,2026-06-02T14:21:52.803080+00:00,0.044,0.712,0.759,,nvidia/cosmos-reason2-8b,"DUMPING PRESENT: No
ORDINANCE VIOLATION: No
WASTE TYPE: mixed
WASTE VOLUME: small (pickup truck)
WASTE ORIGIN: residential
PROPERTY TYPE: alley
ADDRESS MARKERS: NONE
GUTTER/ALLEY: Yes
WATER PROXIMITY: No
CHRONIC SITE: No
VEHICLES: NONE
IDENTIFIERS: NONE
SEVERITY: 1
ORDINANCE: N/A
PRIORITY: LOW
SUMMARY: No illegal dumping detected in the alleyway; the area appears clean with no visible waste or debris."
20260602T140833Z,DT_12th_and_Madison_4_20260531T185000.jpg,,,dataset_20260531/DT_12th_and_Madison_4/DT_12th_and_Madison_4_20260531T185000.jpg,illegal_dumping,done,2026-06-02T14:21:52.984265+00:00,0.045,0.792,0.84,,nvidia/cosmos-reason2-8b,"DUMPING PRESENT: Yes
ORDINANCE VIOLATION: Yes
WASTE TYPE: mixed
WASTE VOLUME: small (pickup truck)
WASTE ORIGIN: residential
PROPERTY TYPE: alley
ADDRESS MARKERS: NONE
GUTTER/ALLEY: Yes
WATER PROXIMITY: No
CHRONIC SITE: No
VEHICLES: NONE
IDENTIFIERS: NONE
SEVERITY: 2
ORDINANCE: Sec-46-45
PRIORITY: MEDIUM
SUMMARY: Illegal dumping of mixed waste is present in the alley, violating Brownsville's property owner liability ordinance (Sec. 46-45).
"
20260602T140833Z,DT_12th_and_Madison_4_20260531T190000.jpg,,,dataset_20260531/DT_12th_and_Madison_4/DT_12th_and_Madison_4_20260531T190000.jpg,illegal_dumping,done,2026-06-02T14:21:53.393073+00:00,0.041,0.664,0.709,,nvidia/cosmos-reason2-8b,"DUMPING PRESENT: No
ORDINANCE VIOLATION: No
WASTE TYPE: mixed
WASTE VOLUME: small (pickup truck)
WASTE ORIGIN: residential
PROPERTY TYPE: alley
ADDRESS MARKERS: NONE
GUTTER/ALLEY: Yes
WATER PROXIMITY: No
CHRONIC SITE: No
VEHICLES: NONE
IDENTIFIERS: NONE
SEVERITY: 1
ORDINANCE: N/A
PRIORITY: LOW
SUMMARY: No illegal dumping observed in the alleyway; the area appears clean with no visible waste or debris."
20260602T140833Z,DT_12th_and_Madison_4_20260531T191000.jpg,,,dataset_20260531/DT_12th_and_Madison_4/DT_12th_and_Madison_4_20260531T191000.jpg,illegal_dumping,done,2026-06-02T14:21:53.436969+00:00,0.04,1.119,1.161,,nvidia/cosmos-reason2-8b,"DUMPING PRESENT: Yes
ORDINANCE VIOLATION: Yes
WASTE TYPE: mixed
WASTE VOLUME: small (pickup truck)
WASTE ORIGIN: residential
PROPERTY TYPE: alley
ADDRESS MARKERS: NONE
GUTTER/ALLEY: Yes
WATER PROXIMITY: No
CHRONIC SITE: No
VEHICLES: NONE
IDENTIFIERS: NONE
SEVERITY: 2
ORDINANCE: Sec-46-45
PRIORITY: MEDIUM
SUMMARY: Illegal dumping is observed in the alley, with mixed waste scattered along the dirt path, potentially violating property owner liability under Sec. 46-45.
"
20260602T140833Z,DT_12th_and_Madison_4_20260531T192000.jpg,,,dataset_20260531/DT_12th_and_Madison_4/DT_12th_and_Madison_4_20260531T192000.jpg,illegal_dumping,done,2026-06-02T14:21:53.564432+00:00,0.048,0.93,0.981,,nvidia/cosmos-reason2-8b,"DUMPING PRESENT: No
ORDINANCE VIOLATION: No
WASTE TYPE: mixed
WASTE VOLUME: small (pickup truck)
WASTE ORIGIN: residential
PROPERTY TYPE: alley
ADDRESS MARKERS: NONE
GUTTER/ALLEY: Yes
WATER PROXIMITY: No
CHRONIC SITE: No
VEHICLES: NONE
IDENTIFIERS: NONE
SEVERITY: 1
ORDINANCE: N/A
PRIORITY: LOW
SUMMARY: No illegal dumping detected in the alleyway; the area appears clean with no visible waste or debris."
20260602T140833Z,DT_12th_and_Madison_4_20260531T193000.jpg,,,dataset_20260531/DT_12th_and_Madison_4/DT_12th_and_Madison_4_20260531T193000.jpg,illegal_dumping,done,2026-06-02T14:21:53.827037+00:00,0.043,0.983,1.029,,nvidia/cosmos-reason2-8b,"DUMPING PRESENT: Yes
ORDINANCE VIOLATION: Yes
WASTE TYPE: mixed
WASTE VOLUME: small (pickup truck)
WASTE ORIGIN: residential
PROPERTY TYPE: alley
ADDRESS MARKERS: NONE
GUTTER/ALLEY: Yes
WATER PROXIMITY: No
CHRONIC SITE: No
VEHICLES: NONE
IDENTIFIERS: NONE
SEVERITY: 2
ORDINANCE: Sec-46-45
PRIORITY: MEDIUM
SUMMARY: Illegal dumping is observed in the alley, with mixed waste scattered along the dirt path, violating property owner liability under Sec-46-45.
"
20260602T140833Z,DT_12th_and_Madison_4_20260531T194000.jpg,,,dataset_20260531/DT_12th_and_Madison_4/DT_12th_and_Madison_4_20260531T194000.jpg,illegal_dumping,done,2026-06-02T14:21:54.104668+00:00,0.039,0.808,0.851,,nvidia/cosmos-reason2-8b,"DUMPING PRESENT: Yes
ORDINANCE VIOLATION: Yes
WASTE TYPE: mixed
WASTE VOLUME: small (pickup truck)
WASTE ORIGIN: residential
PROPERTY TYPE: alley
ADDRESS MARKERS: NONE
GUTTER/ALLEY: Yes
WATER PROXIMITY: No
CHRONIC SITE: No
VEHICLES: NONE
IDENTIFIERS: NONE
SEVERITY: 2
ORDINANCE: Sec-46-45
PRIORITY: MEDIUM
SUMMARY: Illegal dumping is present in the alley, violating Brownsville's ordinance, with waste scattered along the alleyway.
"
20260602T140833Z,DT_12th_and_Madison_4_20260531T195000.jpg,,,dataset_20260531/DT_12th_and_Madison_4/DT_12th_and_Madison_4_20260531T195000.jpg,illegal_dumping,done,2026-06-02T14:21:54.549235+00:00,0.049,0.811,0.864,,nvidia/cosmos-reason2-8b,"DUMPING PRESENT: Yes
ORDINANCE VIOLATION: Yes
WASTE TYPE: mixed
WASTE VOLUME: small (pickup truck)
WASTE ORIGIN: residential
PROPERTY TYPE: alley
ADDRESS MARKERS: NONE
GUTTER/ALLEY: Yes
WATER PROXIMITY: No
CHRONIC SITE: No
VEHICLES: NONE
IDENTIFIERS: NONE
SEVERITY: 1
ORDINANCE: Sec-46-45
PRIORITY: LOW
SUMMARY: A small pile of mixed waste is located in the alley, which is considered a minor violation under Sec-46-45 due to its size and residential origin."
20260602T140833Z,DT_12th_and_Madison_4_20260531T200000.jpg,,,dataset_20260531/DT_12th_and_Madison_4/DT_12th_and_Madison_4_20260531T200000.jpg,illegal_dumping,done,2026-06-02T14:21:54.601469+00:00,0.044,0.994,1.042,,nvidia/cosmos-reason2-8b,"DUMPING PRESENT: Yes
ORDINANCE VIOLATION: Yes
WASTE TYPE: mixed
WASTE VOLUME: small (pickup truck)
WASTE ORIGIN: residential
PROPERTY TYPE: alley
ADDRESS MARKERS: NONE
GUTTER/ALLEY: Yes
WATER PROXIMITY: No
CHRONIC SITE: No
VEHICLES: NONE
IDENTIFIERS: NONE
SEVERITY: 2
ORDINANCE: Sec-46-45
PRIORITY: MEDIUM
SUMMARY: Illegal dumping is present in the alley, violating Brownsville's property owner liability ordinance (Sec. 46-45).
"
20260602T140833Z,DT_12th_and_Madison_4_20260531T201000.jpg,,,dataset_20260531/DT_12th_and_Madison_4/DT_12th_and_Madison_4_20260531T201000.jpg,illegal_dumping,done,2026-06-02T14:21:54.859182+00:00,0.039,0.875,0.918,,nvidia/cosmos-reason2-8b,"DUMPING PRESENT: Yes
ORDINANCE VIOLATION: Yes
WASTE TYPE: mixed
WASTE VOLUME: small (pickup truck)
WASTE ORIGIN: residential
PROPERTY TYPE: alley
ADDRESS MARKERS: NONE
GUTTER/ALLEY: Yes
WATER PROXIMITY: No
CHRONIC SITE: No
VEHICLES: NONE
IDENTIFIERS: NONE
SEVERITY: 2
ORDINANCE: Sec-46-45
PRIORITY: MEDIUM
SUMMARY: A pile of mixed waste is illegally dumped in the alley, violating Brownsville's property owner liability ordinance (Sec. 46-45)."
20260602T140833Z,DT_12th_and_Madison_4_20260531T202000.jpg,,,dataset_20260531/DT_12th_and_Madison_4/DT_12th_and_Madison_4_20260531T202000.jpg,illegal_dumping,done,2026-06-02T14:21:54.957633+00:00,0.052,0.932,0.987,,nvidia/cosmos-reason2-8b,"DUMPING PRESENT: Yes
ORDINANCE VIOLATION: Yes
WASTE TYPE: mixed
WASTE VOLUME: small (pickup truck)
WASTE ORIGIN: residential
PROPERTY TYPE: alley
ADDRESS MARKERS: NONE
GUTTER/ALLEY: Yes
WATER PROXIMITY: No
CHRONIC SITE: No
VEHICLES: NONE
IDENTIFIERS: NONE
SEVERITY: 2
ORDINANCE: Sec-46-45
PRIORITY: MEDIUM
SUMMARY: Illegal dumping is observed in the alley, with waste scattered along the dirt path; the property owner is held liable under Sec. 46-45 for failing to prevent the disposal of mixed waste on their private property.
"
20260602T140833Z,DT_12th_and_Madison_4_20260531T203000.jpg,,,dataset_20260531/DT_12th_and_Madison_4/DT_12th_and_Madison_4_20260531T203000.jpg,illegal_dumping,done,2026-06-02T14:21:55.416806+00:00,0.038,0.827,0.869,,nvidia/cosmos-reason2-8b,"DUMPING PRESENT: Yes
ORDINANCE VIOLATION: Yes
WASTE TYPE: mixed
WASTE VOLUME: small (pickup truck)
WASTE ORIGIN: residential
PROPERTY TYPE: alley
ADDRESS MARKERS: NONE
GUTTER/ALLEY: Yes
WATER PROXIMITY: No
CHRONIC SITE: No
VEHICLES: NONE
IDENTIFIERS: NONE
SEVERITY: 3
ORDINANCE: Sec-46-45
PRIORITY: MEDIUM
SUMMARY: Illegal dumping is observed in the alley, with mixed waste scattered on the ground, violating Sec. 46-45 as the property owner is liable for such activity.
"
20260602T140833Z,DT_12th_and_Madison_4_20260531T204000.jpg,,,dataset_20260531/DT_12th_and_Madison_4/DT_12th_and_Madison_4_20260531T204000.jpg,illegal_dumping,done,2026-06-02T14:21:55.647146+00:00,0.036,0.75,0.789,,nvidia/cosmos-reason2-8b,"DUMPING PRESENT: Yes
ORDINANCE VIOLATION: Yes
WASTE TYPE: mixed
WASTE VOLUME: medium
WASTE ORIGIN: residential
PROPERTY TYPE: alley
ADDRESS MARKERS: NONE
GUTTER/ALLEY: Yes
WATER PROXIMITY: No
CHRONIC SITE: No
VEHICLES: NONE
IDENTIFIERS: NONE
SEVERITY: 2
ORDINANCE: Sec-46-45
PRIORITY: MEDIUM
SUMMARY: A pile of mixed waste is illegally dumped in the alley, violating Brownsville's property owner liability ordinance.
"
20260602T140833Z,DT_12th_and_Madison_4_20260531T205000.jpg,,,dataset_20260531/DT_12th_and_Madison_4/DT_12th_and_Madison_4_20260531T205000.jpg,illegal_dumping,done,2026-06-02T14:21:55.779063+00:00,0.038,0.906,0.955,,nvidia/cosmos-reason2-8b,"DUMPING PRESENT: Yes
ORDINANCE VIOLATION: Yes
WASTE TYPE: mixed
WASTE VOLUME: small (pickup truck)
WASTE ORIGIN: residential
PROPERTY TYPE: alley
ADDRESS MARKERS: NONE
GUTTER/ALLEY: Yes
WATER PROXIMITY: No
CHRONIC SITE: No
VEHICLES: NONE
IDENTIFIERS: NONE
SEVERITY: 2
ORDINANCE: Sec-46-45
PRIORITY: MEDIUM
SUMMARY: A small pile of mixed waste is illegally dumped in an alley, violating Brownsville's property owner liability ordinance (Sec. 46-45)."
20260602T140833Z,DT_12th_and_Madison_4_20260531T210000.jpg,,,dataset_20260531/DT_12th_and_Madison_4/DT_12th_and_Madison_4_20260531T210000.jpg,illegal_dumping,done,2026-06-02T14:21:55.947250+00:00,0.036,0.86,0.9,,nvidia/cosmos-reason2-8b,"DUMPING PRESENT: Yes
ORDINANCE VIOLATION: Yes
WASTE TYPE: mixed
WASTE VOLUME: small (pickup truck)
WASTE ORIGIN: residential
PROPERTY TYPE: alley
ADDRESS MARKERS: NONE
GUTTER/ALLEY: Yes
WATER PROXIMITY: No
CHRONIC SITE: No
VEHICLES: NONE
IDENTIFIERS: NONE
SEVERITY: 2
ORDINANCE: Sec-46-45
PRIORITY: MEDIUM
SUMMARY: A pile of mixed waste is illegally dumped in an alley, violating Brownsville's property owner liability ordinance."
20260602T140833Z,DT_12th_and_Madison_4_20260531T211000.jpg,,,dataset_20260531/DT_12th_and_Madison_4/DT_12th_and_Madison_4_20260531T211000.jpg,illegal_dumping,done,2026-06-02T14:21:56.288975+00:00,0.044,0.743,0.791,,nvidia/cosmos-reason2-8b,"DUMPING PRESENT: Yes
ORDINANCE VIOLATION: Yes
WASTE TYPE: household-bags
WASTE VOLUME: small (pickup truck)
WASTE ORIGIN: residential
PROPERTY TYPE: alley
ADDRESS MARKERS: NONE
GUTTER/ALLEY: Yes
WATER PROXIMITY: No
CHRONIC SITE: No
VEHICLES: NONE
IDENTIFIERS: NONE
SEVERITY: 3
ORDINANCE: Sec-46-45
PRIORITY: MEDIUM
SUMMARY: A pile of household waste bags is illegally dumped in an alleyway, violating Brownsville's property owner liability ordinance.
"
20260602T140833Z,DT_12th_and_Madison_4_20260531T212000.jpg,,,dataset_20260531/DT_12th_and_Madison_4/DT_12th_and_Madison_4_20260531T212000.jpg,illegal_dumping,done,2026-06-02T14:21:56.438236+00:00,0.045,0.815,0.864,,nvidia/cosmos-reason2-8b,"DUMPING PRESENT: Yes
ORDINANCE VIOLATION: Yes
WASTE TYPE: mixed
WASTE VOLUME: small (pickup truck)
WASTE ORIGIN: residential
PROPERTY TYPE: alley
ADDRESS MARKERS: NONE
GUTTER/ALLEY: Yes
WATER PROXIMITY: No
CHRONIC SITE: No
VEHICLES: NONE
IDENTIFIERS: NONE
SEVERITY: 2
ORDINANCE: Sec-46-45
PRIORITY: MEDIUM
SUMMARY: A pile of mixed waste is illegally dumped in an alley, violating Brownsville's property owner liability ordinance.
"
20260602T140833Z,DT_12th_and_Madison_4_20260531T213000.jpg,,,dataset_20260531/DT_12th_and_Madison_4/DT_12th_and_Madison_4_20260531T213000.jpg,illegal_dumping,done,2026-06-02T14:21:56.737401+00:00,0.044,0.76,0.807,,nvidia/cosmos-reason2-8b,"DUMPING PRESENT: Yes
ORDINANCE VIOLATION: Yes
WASTE TYPE: mixed
WASTE VOLUME: small (pickup truck)
WASTE ORIGIN: residential
PROPERTY TYPE: alley
ADDRESS MARKERS: NONE
GUTTER/ALLEY: Yes
WATER PROXIMITY: No
CHRONIC SITE: No
VEHICLES: NONE
IDENTIFIERS: NONE
SEVERITY: 1
ORDINANCE: Sec-46-45
PRIORITY: LOW
SUMMARY: A pile of mixed waste is present in the alley, which is considered a minor violation under property owner liability (Sec-46-45)."
20260602T140833Z,DT_12th_and_Madison_4_20260531T214000.jpg,,,dataset_20260531/DT_12th_and_Madison_4/DT_12th_and_Madison_4_20260531T214000.jpg,illegal_dumping,done,2026-06-02T14:21:56.849415+00:00,0.036,0.85,0.889,,nvidia/cosmos-reason2-8b,"DUMPING PRESENT: Yes
ORDINANCE VIOLATION: Yes
WASTE TYPE: household-bags
WASTE VOLUME: small (pickup truck)
WASTE ORIGIN: residential
PROPERTY TYPE: alley
ADDRESS MARKERS: NONE
GUTTER/ALLEY: Yes
WATER PROXIMITY: No
CHRONIC SITE: No
VEHICLES: NONE
IDENTIFIERS: NONE
SEVERITY: 2
ORDINANCE: Sec-46-45
PRIORITY: MEDIUM
SUMMARY: A pile of household bags is illegally dumped in an alley, violating Brownsville's ordinance on property owner liability for waste disposal.
"
20260602T140833Z,DT_12th_and_Madison_4_20260531T215000.jpg,,,dataset_20260531/DT_12th_and_Madison_4/DT_12th_and_Madison_4_20260531T215000.jpg,illegal_dumping,done,2026-06-02T14:21:57.082951+00:00,0.043,0.897,0.944,,nvidia/cosmos-reason2-8b,"DUMPING PRESENT: Yes
ORDINANCE VIOLATION: Yes
WASTE TYPE: mixed
WASTE VOLUME: small (pickup truck)
WASTE ORIGIN: residential
PROPERTY TYPE: alley
ADDRESS MARKERS: NONE
GUTTER/ALLEY: Yes
WATER PROXIMITY: No
CHRONIC SITE: No
VEHICLES: NONE
IDENTIFIERS: NONE
SEVERITY: 2
ORDINANCE: Sec-46-45
PRIORITY: MEDIUM
SUMMARY: A pile of mixed waste is illegally dumped in an alley, violating Brownsville's property owner liability ordinance.
"
20260602T140833Z,DT_12th_and_Madison_4_20260531T220000.jpg,,,dataset_20260531/DT_12th_and_Madison_4/DT_12th_and_Madison_4_20260531T220000.jpg,illegal_dumping,done,2026-06-02T14:21:57.304851+00:00,0.041,0.833,0.877,,nvidia/cosmos-reason2-8b,"DUMPING PRESENT: Yes
ORDINANCE VIOLATION: Yes
WASTE TYPE: mixed
WASTE VOLUME: small (pickup truck)
WASTE ORIGIN: residential
PROPERTY TYPE: alley
ADDRESS MARKERS: NONE
GUTTER/ALLEY: Yes
WATER PROXIMITY: No
CHRONIC SITE: No
VEHICLES: NONE
IDENTIFIERS: NONE
SEVERITY: 2
ORDINANCE: Sec-46-45
PRIORITY: MEDIUM
SUMMARY: A pile of mixed waste is illegally dumped in an alley, violating Brownsville's property owner liability ordinance (Sec. 46-45).
"
20260602T140833Z,DT_12th_and_Madison_4_20260531T221000.jpg,,,dataset_20260531/DT_12th_and_Madison_4/DT_12th_and_Madison_4_20260531T221000.jpg,illegal_dumping,done,2026-06-02T14:21:57.546858+00:00,0.043,0.823,0.869,,nvidia/cosmos-reason2-8b,"DUMPING PRESENT: Yes
ORDINANCE VIOLATION: Yes
WASTE TYPE: mixed
WASTE VOLUME: small (pickup truck)
WASTE ORIGIN: residential
PROPERTY TYPE: alley
ADDRESS MARKERS: NONE
GUTTER/ALLEY: Yes
WATER PROXIMITY: No
CHRONIC SITE: No
VEHICLES: NONE
IDENTIFIERS: NONE
SEVERITY: 2
ORDINANCE: Sec-46-45
PRIORITY: MEDIUM
SUMMARY: A pile of mixed waste is illegally dumped in an alley, violating Brownsville's property owner liability ordinance (Sec. 46-45)."
20260602T140833Z,DT_12th_and_Madison_4_20260531T222000.jpg,,,dataset_20260531/DT_12th_and_Madison_4/DT_12th_and_Madison_4_20260531T222000.jpg,illegal_dumping,done,2026-06-02T14:21:57.741035+00:00,0.037,0.726,0.767,,nvidia/cosmos-reason2-8b,"DUMPING PRESENT: Yes
ORDINANCE VIOLATION: Yes
WASTE TYPE: mixed
WASTE VOLUME: small (pickup truck)
WASTE ORIGIN: residential
PROPERTY TYPE: alley
ADDRESS MARKERS: NONE
GUTTER/ALLEY: Yes
WATER PROXIMITY: No
CHRONIC SITE: No
VEHICLES: NONE
IDENTIFIERS: NONE
SEVERITY: 2
ORDINANCE: Sec-46-45
PRIORITY: MEDIUM
SUMMARY: A person is illegally disposing of mixed waste in an alleyway, violating Brownsville's property owner liability ordinance.
"
20260602T140833Z,DT_12th_and_Madison_4_20260531T223000.jpg,,,dataset_20260531/DT_12th_and_Madison_4/DT_12th_and_Madison_4_20260531T223000.jpg,illegal_dumping,done,2026-06-02T14:21:58.029265+00:00,0.046,0.808,0.857,,nvidia/cosmos-reason2-8b,"DUMPING PRESENT: Yes
ORDINANCE VIOLATION: Yes
WASTE TYPE: mixed
WASTE VOLUME: small (pickup truck)
WASTE ORIGIN: residential
PROPERTY TYPE: alley
ADDRESS MARKERS: NONE
GUTTER/ALLEY: Yes
WATER PROXIMITY: No
CHRONIC SITE: No
VEHICLES: NONE
IDENTIFIERS: NONE
SEVERITY: 2
ORDINANCE: Sec-46-45
PRIORITY: MEDIUM
SUMMARY: A pile of mixed waste is illegally dumped in an alley, violating Brownsville's property owner liability ordinance (Sec. 46-45)."
20260602T140833Z,DT_12th_and_Madison_4_20260531T224000.jpg,,,dataset_20260531/DT_12th_and_Madison_4/DT_12th_and_Madison_4_20260531T224000.jpg,illegal_dumping,done,2026-06-02T14:21:58.184561+00:00,0.04,0.794,0.838,,nvidia/cosmos-reason2-8b,"DUMPING PRESENT: Yes
ORDINANCE VIOLATION: Yes
WASTE TYPE: mixed
WASTE VOLUME: small (pickup truck)
WASTE ORIGIN: residential
PROPERTY TYPE: alley
ADDRESS MARKERS: NONE
GUTTER/ALLEY: Yes
WATER PROXIMITY: No
CHRONIC SITE: No
VEHICLES: NONE
IDENTIFIERS: NONE
SEVERITY: 1
ORDINANCE: Sec-46-45
PRIORITY: LOW
SUMMARY: A pile of mixed waste is present in the alley, which is considered a minor violation under Sec-46-45."
20260602T140833Z,DT_12th_and_Madison_4_20260531T225000.jpg,,,dataset_20260531/DT_12th_and_Madison_4/DT_12th_and_Madison_4_20260531T225000.jpg,illegal_dumping,done,2026-06-02T14:21:58.417697+00:00,0.047,0.776,0.825,,nvidia/cosmos-reason2-8b,"DUMPING PRESENT: Yes
ORDINANCE VIOLATION: Yes
WASTE TYPE: mixed
WASTE VOLUME: small (pickup truck)
WASTE ORIGIN: residential
PROPERTY TYPE: alley
ADDRESS MARKERS: NONE
GUTTER/ALLEY: Yes
WATER PROXIMITY: No
CHRONIC SITE: No
VEHICLES: NONE
IDENTIFIERS: NONE
SEVERITY: 2
ORDINANCE: Sec-46-45
PRIORITY: MEDIUM
SUMMARY: A pile of mixed waste is present in an alley, violating Brownsville's illegal dumping ordinance, with the property owner potentially liable under Sec-46-45.
"
20260602T140833Z,DT_12th_and_Madison_4_20260531T230000.jpg,,,dataset_20260531/DT_12th_and_Madison_4/DT_12th_and_Madison_4_20260531T230000.jpg,illegal_dumping,done,2026-06-02T14:21:58.510281+00:00,0.038,0.83,0.871,,nvidia/cosmos-reason2-8b,"DUMPING PRESENT: Yes
ORDINANCE VIOLATION: Yes
WASTE TYPE: mixed
WASTE VOLUME: small (pickup truck)
WASTE ORIGIN: residential
PROPERTY TYPE: alley
ADDRESS MARKERS: NONE
GUTTER/ALLEY: Yes
WATER PROXIMITY: No
CHRONIC SITE: No
VEHICLES: NONE
IDENTIFIERS: NONE
SEVERITY: 2
ORDINANCE: Sec-46-45
PRIORITY: MEDIUM
SUMMARY: A person is illegally disposing of mixed waste in an alleyway, violating Brownsville's property owner liability ordinance.
"
20260602T140833Z,DT_12th_and_Madison_4_20260531T231000.jpg,,,dataset_20260531/DT_12th_and_Madison_4/DT_12th_and_Madison_4_20260531T231000.jpg,illegal_dumping,done,2026-06-02T14:21:58.890149+00:00,0.042,0.772,0.818,,nvidia/cosmos-reason2-8b,"DUMPING PRESENT: Yes
ORDINANCE VIOLATION: Yes
WASTE TYPE: mixed
WASTE VOLUME: small (pickup truck)
WASTE ORIGIN: residential
PROPERTY TYPE: alley
ADDRESS MARKERS: NONE
GUTTER/ALLEY: Yes
WATER PROXIMITY: No
CHRONIC SITE: No
VEHICLES: NONE
IDENTIFIERS: NONE
SEVERITY: 2
ORDINANCE: Sec-46-45
PRIORITY: MEDIUM
SUMMARY: A pile of mixed waste is present in the alley, which is an illegal dumping violation under Sec-46-45.
"
20260602T140833Z,DT_12th_and_Madison_4_20260531T232000.jpg,,,dataset_20260531/DT_12th_and_Madison_4/DT_12th_and_Madison_4_20260531T232000.jpg,illegal_dumping,done,2026-06-02T14:21:59.024870+00:00,0.041,0.824,0.869,,nvidia/cosmos-reason2-8b,"DUMPING PRESENT: Yes
ORDINANCE VIOLATION: Yes
WASTE TYPE: mixed
WASTE VOLUME: small (pickup truck)
WASTE ORIGIN: residential
PROPERTY TYPE: alley
ADDRESS MARKERS: NONE
GUTTER/ALLEY: Yes
WATER PROXIMITY: No
CHRONIC SITE: No
VEHICLES: NONE
IDENTIFIERS: NONE
SEVERITY: 2
ORDINANCE: Sec-46-45
PRIORITY: MEDIUM
SUMMARY: A pile of mixed waste is illegally dumped in an alley, violating Brownsville's property owner liability ordinance.
"
20260602T140833Z,DT_12th_and_Madison_4_20260531T233000.jpg,,,dataset_20260531/DT_12th_and_Madison_4/DT_12th_and_Madison_4_20260531T233000.jpg,illegal_dumping,done,2026-06-02T14:21:59.245363+00:00,0.043,0.787,0.833,,nvidia/cosmos-reason2-8b,"DUMPING PRESENT: Yes
ORDINANCE VIOLATION: Yes
WASTE TYPE: mixed
WASTE VOLUME: small (pickup truck)
WASTE ORIGIN: residential
PROPERTY TYPE: alley
ADDRESS MARKERS: NONE
GUTTER/ALLEY: Yes
WATER PROXIMITY: No
CHRONIC SITE: No
VEHICLES: NONE
IDENTIFIERS: NONE
SEVERITY: 2
ORDINANCE: Sec-46-45
PRIORITY: MEDIUM
SUMMARY: A pile of mixed waste is illegally dumped in an alley, violating Brownsville's property owner liability ordinance.
"
20260602T140833Z,DT_12th_and_Madison_4_20260531T234000.jpg,,,dataset_20260531/DT_12th_and_Madison_4/DT_12th_and_Madison_4_20260531T234000.jpg,illegal_dumping,done,2026-06-02T14:21:59.383476+00:00,0.036,0.813,0.852,,nvidia/cosmos-reason2-8b,"DUMPING PRESENT: Yes
ORDINANCE VIOLATION: Yes
WASTE TYPE: mixed
WASTE VOLUME: small (pickup truck)
WASTE ORIGIN: residential
PROPERTY TYPE: alley
ADDRESS MARKERS: NONE
GUTTER/ALLEY: Yes
WATER PROXIMITY: No
CHRONIC SITE: No
VEHICLES: NONE
IDENTIFIERS: NONE
SEVERITY: 2
ORDINANCE: Sec-46-45
PRIORITY: MEDIUM
SUMMARY: A pile of mixed waste is illegally dumped in an alley, violating Brownsville's property owner liability ordinance.
"
20260602T140833Z,DT_12th_and_Madison_4_20260531T235000.jpg,,,dataset_20260531/DT_12th_and_Madison_4/DT_12th_and_Madison_4_20260531T235000.jpg,illegal_dumping,done,2026-06-02T14:21:59.710613+00:00,0.038,0.775,0.816,,nvidia/cosmos-reason2-8b,"DUMPING PRESENT: Yes
ORDINANCE VIOLATION: Yes
WASTE TYPE: mixed
WASTE VOLUME: medium
WASTE ORIGIN: unknown
PROPERTY TYPE: alley
ADDRESS MARKERS: NONE
GUTTER/ALLEY: Yes
WATER PROXIMITY: No
CHRONIC SITE: No
VEHICLES: NONE
IDENTIFIERS: NONE
SEVERITY: 2
ORDINANCE: Sec-46-45
PRIORITY: MEDIUM
SUMMARY: A pile of mixed waste is present in the alley, violating Brownsville's illegal dumping ordinance, with the property owner potentially liable under Sec-46-45.
"
20260602T140833Z,DT_14th_and_Madison_New_1_20260531T000000.jpg,,,dataset_20260531/DT_14th_and_Madison_New_1/DT_14th_and_Madison_New_1_20260531T000000.jpg,illegal_dumping,done,2026-06-02T14:22:00.570638+00:00,0.164,0.764,0.952,,nvidia/cosmos-reason2-8b,"DUMPING PRESENT: No
ORDINANCE VIOLATION: No
WASTE TYPE: mixed
WASTE VOLUME: small (pickup truck)
WASTE ORIGIN: residential
PROPERTY TYPE: alley
ADDRESS MARKERS: NONE
GUTTER/ALLEY: Yes
WATER PROXIMITY: No
CHRONIC SITE: No
VEHICLES: NONE
IDENTIFIERS: NONE
SEVERITY: 1
ORDINANCE: N/A
PRIORITY: LOW
SUMMARY: No illegal dumping is observed in the alleyway."
20260602T140833Z,DT_14th_and_Madison_New_1_20260531T001000.jpg,,,dataset_20260531/DT_14th_and_Madison_New_1/DT_14th_and_Madison_New_1_20260531T001000.jpg,illegal_dumping,done,2026-06-02T14:22:00.571308+00:00,0.167,1.277,1.467,,nvidia/cosmos-reason2-8b,"DUMPING PRESENT: Yes
ORDINANCE VIOLATION: Yes
WASTE TYPE: mixed
WASTE VOLUME: small (pickup truck)
WASTE ORIGIN: residential
PROPERTY TYPE: vacant-lot
ADDRESS MARKERS: NONE
GUTTER/ALLEY: Yes
WATER PROXIMITY: No
CHRONIC SITE: No
VEHICLES: NONE
IDENTIFIERS: NONE
SEVERITY: 2
ORDINANCE: Sec-46-45
PRIORITY: MEDIUM
SUMMARY: Illegal dumping of mixed waste is present on a vacant lot, violating Brownsville's property owner liability ordinance."
20260602T140833Z,DT_14th_and_Madison_New_1_20260531T002000.jpg,,,dataset_20260531/DT_14th_and_Madison_New_1/DT_14th_and_Madison_New_1_20260531T002000.jpg,illegal_dumping,done,2026-06-02T14:22:00.571764+00:00,0.166,1.341,1.531,,nvidia/cosmos-reason2-8b,"DUMPING PRESENT: Yes
ORDINANCE VIOLATION: Yes
WASTE TYPE: mixed
WASTE VOLUME: small (pickup truck)
WASTE ORIGIN: residential
PROPERTY TYPE: alley
ADDRESS MARKERS: NONE
GUTTER/ALLEY: Yes
WATER PROXIMITY: No
CHRONIC SITE: No
VEHICLES: NONE
IDENTIFIERS: NONE
SEVERITY: 2
ORDINANCE: Sec-46-45
PRIORITY: MEDIUM
SUMMARY: Illegal dumping is present in the alley, violating Brownsville's property owner liability ordinance (Sec. 46-45)."
20260602T140833Z,DT_14th_and_Madison_New_1_20260531T003000.jpg,,,dataset_20260531/DT_14th_and_Madison_New_1/DT_14th_and_Madison_New_1_20260531T003000.jpg,illegal_dumping,done,2026-06-02T14:22:00.572783+00:00,0.167,1.011,1.2,,nvidia/cosmos-reason2-8b,"DUMPING PRESENT: Yes
ORDINANCE VIOLATION: Yes
WASTE TYPE: mixed
WASTE VOLUME: small (pickup truck)
WASTE ORIGIN: residential
PROPERTY TYPE: alley
ADDRESS MARKERS: NONE
GUTTER/ALLEY: Yes
WATER PROXIMITY: No
CHRONIC SITE: No
VEHICLES: NONE
IDENTIFIERS: NONE
SEVERITY: 1
ORDINANCE: Sec-46-45
PRIORITY: LOW
SUMMARY: Mixed waste is illegally dumped in the alley, violating property owner liability under Sec. 46-45.
"
20260602T140833Z,DT_14th_and_Madison_New_1_20260531T004000.jpg,,,dataset_20260531/DT_14th_and_Madison_New_1/DT_14th_and_Madison_New_1_20260531T004000.jpg,illegal_dumping,done,2026-06-02T14:22:01.526146+00:00,0.05,0.742,0.795,,nvidia/cosmos-reason2-8b,"DUMPING PRESENT: Yes
ORDINANCE VIOLATION: Yes
WASTE TYPE: mixed
WASTE VOLUME: small (pickup truck)
WASTE ORIGIN: residential
PROPERTY TYPE: alley
ADDRESS MARKERS: NONE
GUTTER/ALLEY: Yes
WATER PROXIMITY: No
CHRONIC SITE: No
VEHICLES: NONE
IDENTIFIERS: NONE
SEVERITY: 1
ORDINANCE: Sec-46-45
PRIORITY: LOW
SUMMARY: Mixed waste is illegally dumped in an alley, violating property owner liability under Sec. 46-45.
"
20260602T140833Z,DT_14th_and_Madison_New_1_20260531T005000.jpg,,,dataset_20260531/DT_14th_and_Madison_New_1/DT_14th_and_Madison_New_1_20260531T005000.jpg,illegal_dumping,done,2026-06-02T14:22:01.775873+00:00,0.039,0.687,0.73,,nvidia/cosmos-reason2-8b,"DUMPING PRESENT: No
ORDINANCE VIOLATION: No
WASTE TYPE: mixed
WASTE VOLUME: small (pickup truck)
WASTE ORIGIN: residential
PROPERTY TYPE: alley
ADDRESS MARKERS: NONE
GUTTER/ALLEY: Yes
WATER PROXIMITY: No
CHRONIC SITE: No
VEHICLES: NONE
IDENTIFIERS: NONE
SEVERITY: 1
ORDINANCE: N/A
PRIORITY: LOW
SUMMARY: No illegal dumping detected in the alleyway; the area appears clean with no visible waste or debris."
20260602T140833Z,DT_14th_and_Madison_New_1_20260531T010000.jpg,,,dataset_20260531/DT_14th_and_Madison_New_1/DT_14th_and_Madison_New_1_20260531T010000.jpg,illegal_dumping,done,2026-06-02T14:22:02.041517+00:00,0.047,0.87,0.921,,nvidia/cosmos-reason2-8b,"DUMPING PRESENT: Yes
ORDINANCE VIOLATION: Yes
WASTE TYPE: mixed
WASTE VOLUME: small (pickup truck)
WASTE ORIGIN: residential
PROPERTY TYPE: alley
ADDRESS MARKERS: NONE
GUTTER/ALLEY: Yes
WATER PROXIMITY: No
CHRONIC SITE: No
VEHICLES: NONE
IDENTIFIERS: NONE
SEVERITY: 2
ORDINANCE: Sec-46-45
PRIORITY: MEDIUM
SUMMARY: A small pile of mixed waste is present in the alley, violating Brownsville's illegal dumping ordinance, with the property owner potentially held liable under Sec-46-45."
20260602T140833Z,DT_14th_and_Madison_New_1_20260531T011000.jpg,,,dataset_20260531/DT_14th_and_Madison_New_1/DT_14th_and_Madison_New_1_20260531T011000.jpg,illegal_dumping,done,2026-06-02T14:22:02.104672+00:00,0.044,0.955,1.002,,nvidia/cosmos-reason2-8b,"DUMPING PRESENT: Yes
ORDINANCE VIOLATION: Yes
WASTE TYPE: mixed
WASTE VOLUME: small (pickup truck)
WASTE ORIGIN: residential
PROPERTY TYPE: alley
ADDRESS MARKERS: NONE
GUTTER/ALLEY: Yes
WATER PROXIMITY: No
CHRONIC SITE: No
VEHICLES: NONE
IDENTIFIERS: NONE
SEVERITY: 1
ORDINANCE: Sec-46-45
PRIORITY: LOW
SUMMARY: A small pile of mixed waste is located in an alley, which is considered a minor violation under Sec-46-45 due to its residential origin and placement on private property.
"
20260602T140833Z,DT_14th_and_Madison_New_1_20260531T012000.jpg,,,dataset_20260531/DT_14th_and_Madison_New_1/DT_14th_and_Madison_New_1_20260531T012000.jpg,illegal_dumping,done,2026-06-02T14:22:02.324390+00:00,0.042,0.877,0.922,,nvidia/cosmos-reason2-8b,"DUMPING PRESENT: Yes
ORDINANCE VIOLATION: Yes
WASTE TYPE: mixed
WASTE VOLUME: small (pickup truck)
WASTE ORIGIN: residential
PROPERTY TYPE: alley
ADDRESS MARKERS: NONE
GUTTER/ALLEY: Yes
WATER PROXIMITY: No
CHRONIC SITE: No
VEHICLES: NONE
IDENTIFIERS: NONE
SEVERITY: 2
ORDINANCE: Sec-46-45
PRIORITY: MEDIUM
SUMMARY: Illegal dumping is present in the alley, violating Brownsville's ordinance, with mixed waste scattered on the ground.
"
20260602T140833Z,DT_14th_and_Madison_New_1_20260531T013000.jpg,,,dataset_20260531/DT_14th_and_Madison_New_1/DT_14th_and_Madison_New_1_20260531T013000.jpg,illegal_dumping,done,2026-06-02T14:22:02.508366+00:00,0.044,0.817,0.864,,nvidia/cosmos-reason2-8b,"DUMPING PRESENT: No
ORDINANCE VIOLATION: No
WASTE TYPE: mixed
WASTE VOLUME: small (pickup truck)
WASTE ORIGIN: residential
PROPERTY TYPE: vacant-lot
ADDRESS MARKERS: NONE
GUTTER/ALLEY: No
WATER PROXIMITY: No
CHRONIC SITE: No
VEHICLES: NONE
IDENTIFIERS: NONE
SEVERITY: 1
ORDINANCE: N/A
PRIORITY: LOW
SUMMARY: No illegal dumping detected; the area appears clear with no visible waste or debris."
20260602T140833Z,DT_14th_and_Madison_New_1_20260531T014000.jpg,,,dataset_20260531/DT_14th_and_Madison_New_1/DT_14th_and_Madison_New_1_20260531T014000.jpg,illegal_dumping,done,2026-06-02T14:22:02.965279+00:00,0.046,0.732,0.782,,nvidia/cosmos-reason2-8b,"DUMPING PRESENT: Yes
ORDINANCE VIOLATION: Yes
WASTE TYPE: mixed
WASTE VOLUME: small (pickup truck)
WASTE ORIGIN: residential
PROPERTY TYPE: alley
ADDRESS MARKERS: NONE
GUTTER/ALLEY: Yes
WATER PROXIMITY: No
CHRONIC SITE: No
VEHICLES: NONE
IDENTIFIERS: NONE
SEVERITY: 2
ORDINANCE: Sec-46-45
PRIORITY: MEDIUM
SUMMARY: Mixed waste is illegally dumped in an alley, violating Brownsville's property owner liability ordinance.
"
20260602T140833Z,DT_14th_and_Madison_New_1_20260531T015000.jpg,,,dataset_20260531/DT_14th_and_Madison_New_1/DT_14th_and_Madison_New_1_20260531T015000.jpg,illegal_dumping,done,2026-06-02T14:22:03.108967+00:00,0.046,0.782,0.831,,nvidia/cosmos-reason2-8b,"DUMPING PRESENT: Yes
ORDINANCE VIOLATION: Yes
WASTE TYPE: mixed
WASTE VOLUME: small (pickup truck)
WASTE ORIGIN: residential
PROPERTY TYPE: vacant-lot
ADDRESS MARKERS: NONE
GUTTER/ALLEY: No
WATER PROXIMITY: No
CHRONIC SITE: No
VEHICLES: NONE
IDENTIFIERS: NONE
SEVERITY: 2
ORDINANCE: Sec-46-45
PRIORITY: MEDIUM
SUMMARY: Illegal dumping of mixed waste is observed on a vacant lot, violating property owner liability under Sec. 46-45.
"
20260602T140833Z,DT_14th_and_Madison_New_1_20260531T020000.jpg,,,dataset_20260531/DT_14th_and_Madison_New_1/DT_14th_and_Madison_New_1_20260531T020000.jpg,illegal_dumping,done,2026-06-02T14:22:03.249047+00:00,0.044,0.952,0.999,,nvidia/cosmos-reason2-8b,"DUMPING PRESENT: Yes
ORDINANCE VIOLATION: Yes
WASTE TYPE: mixed
WASTE VOLUME: small (pickup truck)
WASTE ORIGIN: residential
PROPERTY TYPE: vacant-lot
ADDRESS MARKERS: NONE
GUTTER/ALLEY: No
WATER PROXIMITY: No
CHRONIC SITE: No
VEHICLES: NONE
IDENTIFIERS: NONE
SEVERITY: 2
ORDINANCE: Sec-46-45
PRIORITY: MEDIUM
SUMMARY: Illegal dumping of mixed waste is observed on a vacant lot, violating Brownsville's property owner liability ordinance.
"
20260602T140833Z,DT_14th_and_Madison_New_1_20260531T021000.jpg,,,dataset_20260531/DT_14th_and_Madison_New_1/DT_14th_and_Madison_New_1_20260531T021000.jpg,illegal_dumping,done,2026-06-02T14:22:03.375338+00:00,0.039,0.875,0.918,,nvidia/cosmos-reason2-8b,"DUMPING PRESENT: Yes
ORDINANCE VIOLATION: Yes
WASTE TYPE: mixed
WASTE VOLUME: small (pickup truck)
WASTE ORIGIN: residential
PROPERTY TYPE: alley
ADDRESS MARKERS: NONE
GUTTER/ALLEY: Yes
WATER PROXIMITY: No
CHRONIC SITE: No
VEHICLES: NONE
IDENTIFIERS: NONE
SEVERITY: 2
ORDINANCE: Sec-46-45
PRIORITY: MEDIUM
SUMMARY: Illegal dumping of mixed waste is present in the alley, violating Brownsville's property owner liability ordinance.
"
20260602T140833Z,DT_14th_and_Madison_New_1_20260531T022000.jpg,,,dataset_20260531/DT_14th_and_Madison_New_1/DT_14th_and_Madison_New_1_20260531T022000.jpg,illegal_dumping,done,2026-06-02T14:22:03.750312+00:00,0.042,0.803,0.849,,nvidia/cosmos-reason2-8b,"DUMPING PRESENT: Yes
ORDINANCE VIOLATION: Yes
WASTE TYPE: mixed
WASTE VOLUME: small (pickup truck)
WASTE ORIGIN: residential
PROPERTY TYPE: alley
ADDRESS MARKERS: NONE
GUTTER/ALLEY: Yes
WATER PROXIMITY: No
CHRONIC SITE: No
VEHICLES: NONE
IDENTIFIERS: NONE
SEVERITY: 2
ORDINANCE: Sec-46-45
PRIORITY: MEDIUM
SUMMARY: Illegal dumping of mixed waste is observed in the alley, violating Brownsville's property owner liability ordinance."
20260602T140833Z,DT_14th_and_Madison_New_1_20260531T023000.jpg,,,dataset_20260531/DT_14th_and_Madison_New_1/DT_14th_and_Madison_New_1_20260531T023000.jpg,illegal_dumping,done,2026-06-02T14:22:03.942628+00:00,0.038,0.737,0.779,,nvidia/cosmos-reason2-8b,"DUMPING PRESENT: Yes
ORDINANCE VIOLATION: Yes
WASTE TYPE: mixed
WASTE VOLUME: small (pickup truck)
WASTE ORIGIN: residential
PROPERTY TYPE: alley
ADDRESS MARKERS: NONE
GUTTER/ALLEY: Yes
WATER PROXIMITY: No
CHRONIC SITE: No
VEHICLES: NONE
IDENTIFIERS: NONE
SEVERITY: 2
ORDINANCE: Sec-46-45
PRIORITY: MEDIUM
SUMMARY: Illegal dumping of mixed waste is observed in an alleyway, violating Brownsville's property owner liability ordinance.
"
20260602T140833Z,DT_14th_and_Madison_New_1_20260531T024000.jpg,,,dataset_20260531/DT_14th_and_Madison_New_1/DT_14th_and_Madison_New_1_20260531T024000.jpg,illegal_dumping,done,2026-06-02T14:22:04.250928+00:00,0.042,0.761,0.807,,nvidia/cosmos-reason2-8b,"DUMPING PRESENT: Yes
ORDINANCE VIOLATION: Yes
WASTE TYPE: mixed
WASTE VOLUME: small (pickup truck)
WASTE ORIGIN: residential
PROPERTY TYPE: alley
ADDRESS MARKERS: NONE
GUTTER/ALLEY: Yes
WATER PROXIMITY: No
CHRONIC SITE: No
VEHICLES: NONE
IDENTIFIERS: NONE
SEVERITY: 2
ORDINANCE: Sec-46-45
PRIORITY: MEDIUM
SUMMARY: Illegal dumping of mixed waste is observed in an alley, violating Brownsville's property owner liability ordinance.
"
20260602T140833Z,DT_14th_and_Madison_New_1_20260531T025000.jpg,,,dataset_20260531/DT_14th_and_Madison_New_1/DT_14th_and_Madison_New_1_20260531T025000.jpg,illegal_dumping,done,2026-06-02T14:22:04.296010+00:00,0.045,0.949,0.997,,nvidia/cosmos-reason2-8b,"DUMPING PRESENT: Yes
ORDINANCE VIOLATION: Yes
WASTE TYPE: mixed
WASTE VOLUME: small (pickup truck)
WASTE ORIGIN: residential
PROPERTY TYPE: alley
ADDRESS MARKERS: NONE
GUTTER/ALLEY: Yes
WATER PROXIMITY: No
CHRONIC SITE: No
VEHICLES: NONE
IDENTIFIERS: NONE
SEVERITY: 1
ORDINANCE: Sec-46-45
PRIORITY: LOW
SUMMARY: Mixed waste is illegally dumped in the alley, violating property owner liability under Sec. 46-45."
20260602T140833Z,DT_14th_and_Madison_New_1_20260531T030000.jpg,,,dataset_20260531/DT_14th_and_Madison_New_1/DT_14th_and_Madison_New_1_20260531T030000.jpg,illegal_dumping,done,2026-06-02T14:22:04.601992+00:00,0.04,0.793,0.837,,nvidia/cosmos-reason2-8b,"DUMPING PRESENT: Yes
ORDINANCE VIOLATION: Yes
WASTE TYPE: mixed
WASTE VOLUME: small (pickup truck)
WASTE ORIGIN: residential
PROPERTY TYPE: alley
ADDRESS MARKERS: NONE
GUTTER/ALLEY: Yes
WATER PROXIMITY: No
CHRONIC SITE: No
VEHICLES: NONE
IDENTIFIERS: NONE
SEVERITY: 2
ORDINANCE: Sec-46-45
PRIORITY: MEDIUM
SUMMARY: Mixed waste is illegally dumped in an alley, violating property owner liability under Sec. 46-45.
"
20260602T140833Z,DT_14th_and_Madison_New_1_20260531T031000.jpg,,,dataset_20260531/DT_14th_and_Madison_New_1/DT_14th_and_Madison_New_1_20260531T031000.jpg,illegal_dumping,done,2026-06-02T14:22:04.724350+00:00,0.041,1.088,1.132,,nvidia/cosmos-reason2-8b,"DUMPING PRESENT: Yes
ORDINANCE VIOLATION: Yes
WASTE TYPE: mixed
WASTE VOLUME: small (pickup truck)
WASTE ORIGIN: residential
PROPERTY TYPE: alley
ADDRESS MARKERS: NONE
GUTTER/ALLEY: Yes
WATER PROXIMITY: No
CHRONIC SITE: No
VEHICLES: NONE
IDENTIFIERS: NONE
SEVERITY: 1
ORDINANCE: Sec-46-45
PRIORITY: LOW
SUMMARY: Illegal dumping is observed in the alley, with mixed waste materials scattered on the ground, violating property owner liability under Sec-46-45.
"
20260602T140833Z,DT_14th_and_Madison_New_1_20260531T032000.jpg,,,dataset_20260531/DT_14th_and_Madison_New_1/DT_14th_and_Madison_New_1_20260531T032000.jpg,illegal_dumping,done,2026-06-02T14:22:05.060112+00:00,0.05,0.796,0.849,,nvidia/cosmos-reason2-8b,"DUMPING PRESENT: Yes
ORDINANCE VIOLATION: Yes
WASTE TYPE: mixed
WASTE VOLUME: small (pickup truck)
WASTE ORIGIN: residential
PROPERTY TYPE: alley
ADDRESS MARKERS: NONE
GUTTER/ALLEY: Yes
WATER PROXIMITY: No
CHRONIC SITE: No
VEHICLES: NONE
IDENTIFIERS: NONE
SEVERITY: 1
ORDINANCE: Sec-46-45
PRIORITY: LOW
SUMMARY: A small pile of mixed waste is located in an alley, which is considered a minor violation under Sec-46-45.
"
20260602T140833Z,DT_14th_and_Madison_New_1_20260531T033000.jpg,,,dataset_20260531/DT_14th_and_Madison_New_1/DT_14th_and_Madison_New_1_20260531T033000.jpg,illegal_dumping,done,2026-06-02T14:22:05.295837+00:00,0.036,0.917,0.956,,nvidia/cosmos-reason2-8b,"DUMPING PRESENT: Yes
ORDINANCE VIOLATION: Yes
WASTE TYPE: mixed
WASTE VOLUME: small (pickup truck)
WASTE ORIGIN: residential
PROPERTY TYPE: vacant-lot
ADDRESS MARKERS: NONE
GUTTER/ALLEY: Yes
WATER PROXIMITY: No
CHRONIC SITE: No
VEHICLES: NONE
IDENTIFIERS: NONE
SEVERITY: 3
ORDINANCE: Sec-46-45
PRIORITY: MEDIUM
SUMMARY: Illegal dumping of mixed waste is observed in a residential area, violating Brownsville's property owner liability ordinance.
"
20260602T140833Z,DT_14th_and_Madison_New_1_20260531T034000.jpg,,,dataset_20260531/DT_14th_and_Madison_New_1/DT_14th_and_Madison_New_1_20260531T034000.jpg,illegal_dumping,done,2026-06-02T14:22:05.441555+00:00,0.042,0.813,0.859,,nvidia/cosmos-reason2-8b,"DUMPING PRESENT: Yes
ORDINANCE VIOLATION: Yes
WASTE TYPE: mixed
WASTE VOLUME: small (pickup truck)
WASTE ORIGIN: residential
PROPERTY TYPE: alley
ADDRESS MARKERS: NONE
GUTTER/ALLEY: Yes
WATER PROXIMITY: No
CHRONIC SITE: No
VEHICLES: NONE
IDENTIFIERS: NONE
SEVERITY: 2
ORDINANCE: Sec-46-45
PRIORITY: MEDIUM
SUMMARY: Mixed waste is illegally dumped in an alley, violating property owner liability under Sec. 46-45.
"
20260602T140833Z,DT_14th_and_Madison_New_1_20260531T035000.jpg,,,dataset_20260531/DT_14th_and_Madison_New_1/DT_14th_and_Madison_New_1_20260531T035000.jpg,illegal_dumping,done,2026-06-02T14:22:05.858939+00:00,0.051,0.85,0.905,,nvidia/cosmos-reason2-8b,"DUMPING PRESENT: Yes
ORDINANCE VIOLATION: Yes
WASTE TYPE: mixed
WASTE VOLUME: small (pickup truck)
WASTE ORIGIN: residential
PROPERTY TYPE: alley
ADDRESS MARKERS: NONE
GUTTER/ALLEY: Yes
WATER PROXIMITY: No
CHRONIC SITE: No
VEHICLES: NONE
IDENTIFIERS: NONE
SEVERITY: 3
ORDINANCE: Sec-46-45
PRIORITY: MEDIUM
SUMMARY: A small pile of mixed waste is illegally dumped in the alley, violating Brownsville's property owner liability ordinance."
20260602T140833Z,DT_14th_and_Madison_New_1_20260531T040000.jpg,,,dataset_20260531/DT_14th_and_Madison_New_1/DT_14th_and_Madison_New_1_20260531T040000.jpg,illegal_dumping,done,2026-06-02T14:22:05.912408+00:00,0.047,0.972,1.023,,nvidia/cosmos-reason2-8b,"DUMPING PRESENT: Yes
ORDINANCE VIOLATION: Yes
WASTE TYPE: mixed
WASTE VOLUME: small (pickup truck)
WASTE ORIGIN: residential
PROPERTY TYPE: vacant-lot
ADDRESS MARKERS: NONE
GUTTER/ALLEY: Yes
WATER PROXIMITY: No
CHRONIC SITE: No
VEHICLES: NONE
IDENTIFIERS: NONE
SEVERITY: 2
ORDINANCE: Sec-46-45
PRIORITY: MEDIUM
SUMMARY: Illegal dumping is observed on a vacant lot, with mixed waste scattered across the area, violating property owner liability under Sec. 46-45.
"
20260602T140833Z,DT_14th_and_Madison_New_1_20260531T041000.jpg,,,dataset_20260531/DT_14th_and_Madison_New_1/DT_14th_and_Madison_New_1_20260531T041000.jpg,illegal_dumping,done,2026-06-02T14:22:06.254833+00:00,0.046,0.889,0.938,,nvidia/cosmos-reason2-8b,"DUMPING PRESENT: Yes
ORDINANCE VIOLATION: Yes
WASTE TYPE: mixed
WASTE VOLUME: small (pickup truck)
WASTE ORIGIN: residential
PROPERTY TYPE: vacant-lot
ADDRESS MARKERS: NONE
GUTTER/ALLEY: Yes
WATER PROXIMITY: No
CHRONIC SITE: No
VEHICLES: NONE
IDENTIFIERS: NONE
SEVERITY: 3
ORDINANCE: Sec-46-45
PRIORITY: MEDIUM
SUMMARY: Illegal dumping of mixed waste is observed on a vacant lot, violating Brownsville's property owner liability ordinance (Sec. 46-45)."
20260602T140833Z,DT_14th_and_Madison_New_1_20260531T042000.jpg,,,dataset_20260531/DT_14th_and_Madison_New_1/DT_14th_and_Madison_New_1_20260531T042000.jpg,illegal_dumping,done,2026-06-02T14:22:06.303344+00:00,0.038,0.894,0.936,,nvidia/cosmos-reason2-8b,"DUMPING PRESENT: Yes
ORDINANCE VIOLATION: Yes
WASTE TYPE: mixed
WASTE VOLUME: small (pickup truck)
WASTE ORIGIN: residential
PROPERTY TYPE: vacant-lot
ADDRESS MARKERS: NONE
GUTTER/ALLEY: Yes
WATER PROXIMITY: No
CHRONIC SITE: No
VEHICLES: NONE
IDENTIFIERS: NONE
SEVERITY: 2
ORDINANCE: Sec-46-45
PRIORITY: MEDIUM
SUMMARY: Illegal dumping of mixed waste is observed on a vacant lot, violating Brownsville's property owner liability ordinance.
"
20260602T140833Z,DT_14th_and_Madison_New_1_20260531T043000.jpg,,,dataset_20260531/DT_14th_and_Madison_New_1/DT_14th_and_Madison_New_1_20260531T043000.jpg,illegal_dumping,done,2026-06-02T14:22:06.766898+00:00,0.042,0.852,0.899,,nvidia/cosmos-reason2-8b,"DUMPING PRESENT: Yes
ORDINANCE VIOLATION: Yes
WASTE TYPE: mixed
WASTE VOLUME: small (pickup truck)
WASTE ORIGIN: residential
PROPERTY TYPE: alley
ADDRESS MARKERS: NONE
GUTTER/ALLEY: Yes
WATER PROXIMITY: No
CHRONIC SITE: No
VEHICLES: NONE
IDENTIFIERS: NONE
SEVERITY: 2
ORDINANCE: Sec-46-45
PRIORITY: MEDIUM
SUMMARY: Illegal dumping is occurring in an alleyway, with mixed waste visible on the ground, violating property owner liability under Sec-46-45.
"
20260602T140833Z,DT_14th_and_Madison_New_1_20260531T044000.jpg,,,dataset_20260531/DT_14th_and_Madison_New_1/DT_14th_and_Madison_New_1_20260531T044000.jpg,illegal_dumping,done,2026-06-02T14:22:06.937785+00:00,0.045,0.81,0.859,,nvidia/cosmos-reason2-8b,"DUMPING PRESENT: Yes
ORDINANCE VIOLATION: Yes
WASTE TYPE: mixed
WASTE VOLUME: small (pickup truck)
WASTE ORIGIN: residential
PROPERTY TYPE: alley
ADDRESS MARKERS: NONE
GUTTER/ALLEY: Yes
WATER PROXIMITY: No
CHRONIC SITE: No
VEHICLES: NONE
IDENTIFIERS: NONE
SEVERITY: 2
ORDINANCE: Sec-46-45
PRIORITY: MEDIUM
SUMMARY: Illegal dumping is present in the alley, with mixed waste scattered on the ground, violating Brownsville's ordinance on property owner liability for waste disposal.
"
20260602T140833Z,DT_14th_and_Madison_New_1_20260531T045000.jpg,,,dataset_20260531/DT_14th_and_Madison_New_1/DT_14th_and_Madison_New_1_20260531T045000.jpg,illegal_dumping,done,2026-06-02T14:22:07.195932+00:00,0.044,0.847,0.894,,nvidia/cosmos-reason2-8b,"DUMPING PRESENT: Yes
ORDINANCE VIOLATION: Yes
WASTE TYPE: mixed
WASTE VOLUME: small (pickup truck)
WASTE ORIGIN: residential
PROPERTY TYPE: vacant-lot
ADDRESS MARKERS: NONE
GUTTER/ALLEY: Yes
WATER PROXIMITY: No
CHRONIC SITE: No
VEHICLES: NONE
IDENTIFIERS: NONE
SEVERITY: 2
ORDINANCE: Sec-46-45
PRIORITY: MEDIUM
SUMMARY: Illegal dumping of mixed waste is present on a vacant lot, violating Brownsville's property owner liability ordinance (Sec. 46-45)."
20260602T140833Z,DT_14th_and_Madison_New_1_20260531T050000.jpg,,,dataset_20260531/DT_14th_and_Madison_New_1/DT_14th_and_Madison_New_1_20260531T050000.jpg,illegal_dumping,done,2026-06-02T14:22:07.242434+00:00,0.045,0.959,1.008,,nvidia/cosmos-reason2-8b,"DUMPING PRESENT: Yes
ORDINANCE VIOLATION: Yes
WASTE TYPE: mixed
WASTE VOLUME: small (pickup truck)
WASTE ORIGIN: residential
PROPERTY TYPE: alley
ADDRESS MARKERS: NONE
GUTTER/ALLEY: Yes
WATER PROXIMITY: No
CHRONIC SITE: No
VEHICLES: NONE
IDENTIFIERS: NONE
SEVERITY: 2
ORDINANCE: Sec-46-45
PRIORITY: MEDIUM
SUMMARY: Illegal dumping is observed in the alley, with mixed waste scattered on the ground, violating property owner liability under Sec-46-45.
"
20260602T140833Z,DT_14th_and_Madison_New_1_20260531T051000.jpg,,,dataset_20260531/DT_14th_and_Madison_New_1/DT_14th_and_Madison_New_1_20260531T051000.jpg,illegal_dumping,done,2026-06-02T14:22:07.669037+00:00,0.045,0.751,0.799,,nvidia/cosmos-reason2-8b,"DUMPING PRESENT: Yes
ORDINANCE VIOLATION: Yes
WASTE TYPE: mixed
WASTE VOLUME: small (pickup truck)
WASTE ORIGIN: residential
PROPERTY TYPE: vacant-lot
ADDRESS MARKERS: NONE
GUTTER/ALLEY: No
WATER PROXIMITY: No
CHRONIC SITE: No
VEHICLES: NONE
IDENTIFIERS: NONE
SEVERITY: 2
ORDINANCE: Sec-46-45
PRIORITY: MEDIUM
SUMMARY: Illegal dumping is observed on a vacant lot, with mixed waste present, violating Brownsville's property owner liability ordinance.
"
20260602T140833Z,DT_14th_and_Madison_New_1_20260531T052000.jpg,,,dataset_20260531/DT_14th_and_Madison_New_1/DT_14th_and_Madison_New_1_20260531T052000.jpg,illegal_dumping,done,2026-06-02T14:22:07.800532+00:00,0.043,0.845,0.892,,nvidia/cosmos-reason2-8b,"DUMPING PRESENT: Yes
ORDINANCE VIOLATION: Yes
WASTE TYPE: mixed
WASTE VOLUME: small (pickup truck)
WASTE ORIGIN: residential
PROPERTY TYPE: alley
ADDRESS MARKERS: NONE
GUTTER/ALLEY: Yes
WATER PROXIMITY: No
CHRONIC SITE: No
VEHICLES: NONE
IDENTIFIERS: NONE
SEVERITY: 2
ORDINANCE: Sec-46-45
PRIORITY: MEDIUM
SUMMARY: Illegal dumping of mixed waste is present in the alley, violating Brownsville's property owner liability ordinance.
"
20260602T140833Z,DT_14th_and_Madison_New_1_20260531T053000.jpg,,,dataset_20260531/DT_14th_and_Madison_New_1/DT_14th_and_Madison_New_1_20260531T053000.jpg,illegal_dumping,done,2026-06-02T14:22:08.092564+00:00,0.043,0.79,0.836,,nvidia/cosmos-reason2-8b,"DUMPING PRESENT: Yes
ORDINANCE VIOLATION: Yes
WASTE TYPE: mixed
WASTE VOLUME: small (pickup truck)
WASTE ORIGIN: residential
PROPERTY TYPE: alley
ADDRESS MARKERS: NONE
GUTTER/ALLEY: Yes
WATER PROXIMITY: No
CHRONIC SITE: No
VEHICLES: NONE
IDENTIFIERS: NONE
SEVERITY: 1
ORDINANCE: Sec-46-45
PRIORITY: LOW
SUMMARY: Mixed waste is illegally dumped in an alley, violating property owner liability under Sec-46-45."
20260602T140833Z,DT_14th_and_Madison_New_1_20260531T054000.jpg,,,dataset_20260531/DT_14th_and_Madison_New_1/DT_14th_and_Madison_New_1_20260531T054000.jpg,illegal_dumping,done,2026-06-02T14:22:08.252784+00:00,0.044,0.822,0.87,,nvidia/cosmos-reason2-8b,"DUMPING PRESENT: Yes
ORDINANCE VIOLATION: Yes
WASTE TYPE: mixed
WASTE VOLUME: small (pickup truck)
WASTE ORIGIN: residential
PROPERTY TYPE: alley
ADDRESS MARKERS: NONE
GUTTER/ALLEY: Yes
WATER PROXIMITY: No
CHRONIC SITE: No
VEHICLES: NONE
IDENTIFIERS: NONE
SEVERITY: 2
ORDINANCE: Sec-46-45
PRIORITY: MEDIUM
SUMMARY: Illegal dumping of mixed waste is observed in an alley, violating Brownsville's property owner liability ordinance (Sec. 46-45).
"
20260602T140833Z,DT_14th_and_Madison_New_1_20260531T055000.jpg,,,dataset_20260531/DT_14th_and_Madison_New_1/DT_14th_and_Madison_New_1_20260531T055000.jpg,illegal_dumping,done,2026-06-02T14:22:08.471557+00:00,0.04,0.784,0.827,,nvidia/cosmos-reason2-8b,"DUMPING PRESENT: Yes
ORDINANCE VIOLATION: Yes
WASTE TYPE: mixed
WASTE VOLUME: small (pickup truck)
WASTE ORIGIN: residential
PROPERTY TYPE: vacant-lot
ADDRESS MARKERS: NONE
GUTTER/ALLEY: No
WATER PROXIMITY: No
CHRONIC SITE: No
VEHICLES: NONE
IDENTIFIERS: NONE
SEVERITY: 2
ORDINANCE: Sec-46-45
PRIORITY: MEDIUM
SUMMARY: Illegal dumping is observed on a vacant lot, with waste scattered across the area, violating property owner liability under Sec. 46-45.
"
20260602T140833Z,DT_14th_and_Madison_New_1_20260531T060000.jpg,,,dataset_20260531/DT_14th_and_Madison_New_1/DT_14th_and_Madison_New_1_20260531T060000.jpg,illegal_dumping,done,2026-06-02T14:22:08.694974+00:00,0.042,0.747,0.793,,nvidia/cosmos-reason2-8b,"DUMPING PRESENT: No
ORDINANCE VIOLATION: No
WASTE TYPE: mixed
WASTE VOLUME: small (pickup truck)
WASTE ORIGIN: residential
PROPERTY TYPE: alley
ADDRESS MARKERS: NONE
GUTTER/ALLEY: Yes
WATER PROXIMITY: No
CHRONIC SITE: No
VEHICLES: NONE
IDENTIFIERS: NONE
SEVERITY: 1
ORDINANCE: N/A
PRIORITY: LOW
SUMMARY: No illegal dumping detected in the alleyway; the area appears clean with no visible waste or debris."
20260602T140833Z,DT_14th_and_Madison_New_1_20260531T061000.jpg,,,dataset_20260531/DT_14th_and_Madison_New_1/DT_14th_and_Madison_New_1_20260531T061000.jpg,illegal_dumping,done,2026-06-02T14:22:08.931308+00:00,0.041,0.795,0.84,,nvidia/cosmos-reason2-8b,"DUMPING PRESENT: Yes
ORDINANCE VIOLATION: Yes
WASTE TYPE: mixed
WASTE VOLUME: small (pickup truck)
WASTE ORIGIN: residential
PROPERTY TYPE: vacant-lot
ADDRESS MARKERS: NONE
GUTTER/ALLEY: Yes
WATER PROXIMITY: No
CHRONIC SITE: No
VEHICLES: NONE
IDENTIFIERS: NONE
SEVERITY: 3
ORDINANCE: Sec-46-45
PRIORITY: MEDIUM
SUMMARY: Illegal dumping of mixed waste is observed on a vacant lot, violating Brownsville's property owner liability ordinance (Sec. 46-45)."
20260602T140833Z,DT_14th_and_Madison_New_1_20260531T062000.jpg,,,dataset_20260531/DT_14th_and_Madison_New_1/DT_14th_and_Madison_New_1_20260531T062000.jpg,illegal_dumping,done,2026-06-02T14:22:09.125404+00:00,0.046,0.764,0.813,,nvidia/cosmos-reason2-8b,"DUMPING PRESENT: Yes
ORDINANCE VIOLATION: Yes
WASTE TYPE: mixed
WASTE VOLUME: small (pickup truck)
WASTE ORIGIN: residential
PROPERTY TYPE: vacant-lot
ADDRESS MARKERS: NONE
GUTTER/ALLEY: No
WATER PROXIMITY: No
CHRONIC SITE: No
VEHICLES: NONE
IDENTIFIERS: NONE
SEVERITY: 2
ORDINANCE: Sec-46-45
PRIORITY: MEDIUM
SUMMARY: Mixed waste is illegally dumped on a vacant lot, violating Brownsville's property owner liability ordinance (Sec. 46-45)."
20260602T140833Z,DT_14th_and_Madison_New_1_20260531T063000.jpg,,,dataset_20260531/DT_14th_and_Madison_New_1/DT_14th_and_Madison_New_1_20260531T063000.jpg,illegal_dumping,done,2026-06-02T14:22:09.300334+00:00,0.041,0.815,0.859,,nvidia/cosmos-reason2-8b,"DUMPING PRESENT: Yes
ORDINANCE VIOLATION: Yes
WASTE TYPE: mixed
WASTE VOLUME: small (pickup truck)
WASTE ORIGIN: residential
PROPERTY TYPE: vacant-lot
ADDRESS MARKERS: NONE
GUTTER/ALLEY: No
WATER PROXIMITY: No
CHRONIC SITE: No
VEHICLES: NONE
IDENTIFIERS: NONE
SEVERITY: 2
ORDINANCE: Sec-46-45
PRIORITY: MEDIUM
SUMMARY: Illegal dumping of mixed waste is observed on a vacant lot, violating Brownsville's property owner liability ordinance (Sec. 46-45)."
20260602T140833Z,DT_14th_and_Madison_New_1_20260531T064000.jpg,,,dataset_20260531/DT_14th_and_Madison_New_1/DT_14th_and_Madison_New_1_20260531T064000.jpg,illegal_dumping,done,2026-06-02T14:22:09.490437+00:00,0.038,0.802,0.843,,nvidia/cosmos-reason2-8b,"DUMPING PRESENT: Yes
ORDINANCE VIOLATION: Yes
WASTE TYPE: mixed
WASTE VOLUME: small (pickup truck)
WASTE ORIGIN: residential
PROPERTY TYPE: vacant-lot
ADDRESS MARKERS: NONE
GUTTER/ALLEY: No
WATER PROXIMITY: No
CHRONIC SITE: No
VEHICLES: NONE
IDENTIFIERS: NONE
SEVERITY: 2
ORDINANCE: Sec-46-45
PRIORITY: MEDIUM
SUMMARY: Illegal dumping of mixed waste is observed on a vacant lot, violating Brownsville's property owner liability ordinance.
"
20260602T140833Z,DT_14th_and_Madison_New_1_20260531T065000.jpg,,,dataset_20260531/DT_14th_and_Madison_New_1/DT_14th_and_Madison_New_1_20260531T065000.jpg,illegal_dumping,done,2026-06-02T14:22:09.773963+00:00,0.042,0.851,0.904,,nvidia/cosmos-reason2-8b,"DUMPING PRESENT: Yes
ORDINANCE VIOLATION: Yes
WASTE TYPE: mixed
WASTE VOLUME: small (pickup truck)
WASTE ORIGIN: residential
PROPERTY TYPE: vacant-lot
ADDRESS MARKERS: NONE
GUTTER/ALLEY: No
WATER PROXIMITY: No
CHRONIC SITE: No
VEHICLES: NONE
IDENTIFIERS: NONE
SEVERITY: 2
ORDINANCE: Sec-46-45
PRIORITY: MEDIUM
SUMMARY: Illegal dumping of mixed waste is present on a vacant lot, violating Brownsville's property owner liability ordinance.
"
20260602T140833Z,DT_14th_and_Madison_New_1_20260531T070000.jpg,,,dataset_20260531/DT_14th_and_Madison_New_1/DT_14th_and_Madison_New_1_20260531T070000.jpg,illegal_dumping,done,2026-06-02T14:22:09.941321+00:00,0.044,0.896,0.943,,nvidia/cosmos-reason2-8b,"DUMPING PRESENT: Yes
ORDINANCE VIOLATION: Yes
WASTE TYPE: mixed
WASTE VOLUME: small (pickup truck)
WASTE ORIGIN: residential
PROPERTY TYPE: alley
ADDRESS MARKERS: NONE
GUTTER/ALLEY: Yes
WATER PROXIMITY: No
CHRONIC SITE: No
VEHICLES: NONE
IDENTIFIERS: NONE
SEVERITY: 2
ORDINANCE: Sec-46-45
PRIORITY: MEDIUM
SUMMARY: Illegal dumping is present in the alley, with mixed waste scattered on the ground, violating property owner liability under Sec. 46-45.
"
20260602T140833Z,DT_14th_and_Madison_New_1_20260531T071000.jpg,,,dataset_20260531/DT_14th_and_Madison_New_1/DT_14th_and_Madison_New_1_20260531T071000.jpg,illegal_dumping,done,2026-06-02T14:22:10.162526+00:00,0.037,0.866,0.907,,nvidia/cosmos-reason2-8b,"DUMPING PRESENT: Yes
ORDINANCE VIOLATION: Yes
WASTE TYPE: mixed
WASTE VOLUME: small (pickup truck)
WASTE ORIGIN: residential
PROPERTY TYPE: vacant-lot
ADDRESS MARKERS: NONE
GUTTER/ALLEY: No
WATER PROXIMITY: No
CHRONIC SITE: No
VEHICLES: NONE
IDENTIFIERS: NONE
SEVERITY: 2
ORDINANCE: Sec-46-45
PRIORITY: MEDIUM
SUMMARY: Illegal dumping is present on a vacant lot, violating Brownsville's property owner liability ordinance (Sec. 46-45)."
20260602T140833Z,DT_14th_and_Madison_New_1_20260531T072000.jpg,,,dataset_20260531/DT_14th_and_Madison_New_1/DT_14th_and_Madison_New_1_20260531T072000.jpg,illegal_dumping,done,2026-06-02T14:22:10.336199+00:00,0.037,0.819,0.859,,nvidia/cosmos-reason2-8b,"DUMPING PRESENT: Yes
ORDINANCE VIOLATION: Yes
WASTE TYPE: mixed
WASTE VOLUME: small (pickup truck)
WASTE ORIGIN: residential
PROPERTY TYPE: alley
ADDRESS MARKERS: NONE
GUTTER/ALLEY: Yes
WATER PROXIMITY: No
CHRONIC SITE: No
VEHICLES: NONE
IDENTIFIERS: NONE
SEVERITY: 2
ORDINANCE: Sec-46-45
PRIORITY: MEDIUM
SUMMARY: Illegal dumping of mixed waste is present in the alley, violating Brownsville's property owner liability ordinance.
"
20260602T140833Z,DT_14th_and_Madison_New_1_20260531T073000.jpg,,,dataset_20260531/DT_14th_and_Madison_New_1/DT_14th_and_Madison_New_1_20260531T073000.jpg,illegal_dumping,done,2026-06-02T14:22:10.681914+00:00,0.042,0.794,0.84,,nvidia/cosmos-reason2-8b,"DUMPING PRESENT: Yes
ORDINANCE VIOLATION: Yes
WASTE TYPE: mixed
WASTE VOLUME: small (pickup truck)
WASTE ORIGIN: residential
PROPERTY TYPE: vacant-lot
ADDRESS MARKERS: NONE
GUTTER/ALLEY: No
WATER PROXIMITY: No
CHRONIC SITE: No
VEHICLES: NONE
IDENTIFIERS: NONE
SEVERITY: 2
ORDINANCE: Sec-46-45
PRIORITY: MEDIUM
SUMMARY: Illegal dumping of mixed waste is observed on a vacant lot, violating property owner liability under Sec. 46-45.
"
20260602T140833Z,DT_14th_and_Madison_New_1_20260531T074000.jpg,,,dataset_20260531/DT_14th_and_Madison_New_1/DT_14th_and_Madison_New_1_20260531T074000.jpg,illegal_dumping,done,2026-06-02T14:22:10.887763+00:00,0.038,0.792,0.833,,nvidia/cosmos-reason2-8b,"DUMPING PRESENT: Yes
ORDINANCE VIOLATION: Yes
WASTE TYPE: mixed
WASTE VOLUME: small (pickup truck)
WASTE ORIGIN: residential
PROPERTY TYPE: vacant-lot
ADDRESS MARKERS: NONE
GUTTER/ALLEY: No
WATER PROXIMITY: No
CHRONIC SITE: No
VEHICLES: NONE
IDENTIFIERS: NONE
SEVERITY: 2
ORDINANCE: Sec-46-45
PRIORITY: MEDIUM
SUMMARY: Illegal dumping of mixed waste is observed on a vacant lot, violating Brownsville's property owner liability ordinance (Sec. 46-45).
"
20260602T140833Z,DT_14th_and_Madison_New_1_20260531T075000.jpg,,,dataset_20260531/DT_14th_and_Madison_New_1/DT_14th_and_Madison_New_1_20260531T075000.jpg,illegal_dumping,done,2026-06-02T14:22:11.073028+00:00,0.044,0.828,0.876,,nvidia/cosmos-reason2-8b,"DUMPING PRESENT: Yes
ORDINANCE VIOLATION: Yes
WASTE TYPE: mixed
WASTE VOLUME: small (pickup truck)
WASTE ORIGIN: residential
PROPERTY TYPE: alley
ADDRESS MARKERS: NONE
GUTTER/ALLEY: Yes
WATER PROXIMITY: No
CHRONIC SITE: No
VEHICLES: NONE
IDENTIFIERS: NONE
SEVERITY: 2
ORDINANCE: Sec-46-45
PRIORITY: MEDIUM
SUMMARY: Illegal dumping is present in the alley, violating Brownsville's property owner liability ordinance (Sec. 46-45), with mixed waste scattered on the ground.
"
20260602T140833Z,DT_14th_and_Madison_New_1_20260531T080000.jpg,,,dataset_20260531/DT_14th_and_Madison_New_1/DT_14th_and_Madison_New_1_20260531T080000.jpg,illegal_dumping,done,2026-06-02T14:22:11.197654+00:00,0.039,0.868,0.911,,nvidia/cosmos-reason2-8b,"DUMPING PRESENT: Yes
ORDINANCE VIOLATION: Yes
WASTE TYPE: mixed
WASTE VOLUME: small (pickup truck)
WASTE ORIGIN: residential
PROPERTY TYPE: vacant-lot
ADDRESS MARKERS: NONE
GUTTER/ALLEY: No
WATER PROXIMITY: No
CHRONIC SITE: No
VEHICLES: NONE
IDENTIFIERS: NONE
SEVERITY: 2
ORDINANCE: Sec-46-45
PRIORITY: MEDIUM
SUMMARY: Illegal dumping of mixed waste is present on a vacant lot, violating Brownsville's property owner liability ordinance (Sec. 46-45)."
20260602T140833Z,DT_14th_and_Madison_New_1_20260531T081000.jpg,,,dataset_20260531/DT_14th_and_Madison_New_1/DT_14th_and_Madison_New_1_20260531T081000.jpg,illegal_dumping,done,2026-06-02T14:22:11.525092+00:00,0.041,0.802,0.847,,nvidia/cosmos-reason2-8b,"DUMPING PRESENT: Yes
ORDINANCE VIOLATION: Yes
WASTE TYPE: mixed
WASTE VOLUME: small (pickup truck)
WASTE ORIGIN: residential
PROPERTY TYPE: vacant-lot
ADDRESS MARKERS: NONE
GUTTER/ALLEY: No
WATER PROXIMITY: No
CHRONIC SITE: No
VEHICLES: NONE
IDENTIFIERS: NONE
SEVERITY: 2
ORDINANCE: Sec-46-45
PRIORITY: MEDIUM
SUMMARY: Illegal dumping is present on a vacant lot, violating Brownsville's property owner liability ordinance (Sec. 46-45)."
20260602T140833Z,DT_14th_and_Madison_New_1_20260531T082000.jpg,,,dataset_20260531/DT_14th_and_Madison_New_1/DT_14th_and_Madison_New_1_20260531T082000.jpg,illegal_dumping,done,2026-06-02T14:22:11.723641+00:00,0.039,0.781,0.824,,nvidia/cosmos-reason2-8b,"DUMPING PRESENT: Yes
ORDINANCE VIOLATION: Yes
WASTE TYPE: mixed
WASTE VOLUME: small (pickup truck)
WASTE ORIGIN: residential
PROPERTY TYPE: vacant-lot
ADDRESS MARKERS: NONE
GUTTER/ALLEY: Yes
WATER PROXIMITY: No
CHRONIC SITE: No
VEHICLES: NONE
IDENTIFIERS: NONE
SEVERITY: 2
ORDINANCE: Sec-46-45
PRIORITY: MEDIUM
SUMMARY: Illegal dumping of mixed waste is observed on a vacant lot, violating property owner liability under Sec. 46-45.
"
20260602T140833Z,DT_14th_and_Madison_New_1_20260531T083000.jpg,,,dataset_20260531/DT_14th_and_Madison_New_1/DT_14th_and_Madison_New_1_20260531T083000.jpg,illegal_dumping,done,2026-06-02T14:22:11.951562+00:00,0.038,0.874,0.917,,nvidia/cosmos-reason2-8b,"DUMPING PRESENT: Yes
ORDINANCE VIOLATION: Yes
WASTE TYPE: mixed
WASTE VOLUME: small (pickup truck)
WASTE ORIGIN: residential
PROPERTY TYPE: vacant-lot
ADDRESS MARKERS: NONE
GUTTER/ALLEY: No
WATER PROXIMITY: No
CHRONIC SITE: No
VEHICLES: NONE
IDENTIFIERS: NONE
SEVERITY: 2
ORDINANCE: Sec-46-45
PRIORITY: MEDIUM
SUMMARY: A small pile of mixed waste is illegally dumped on a vacant lot, violating property owner liability under Sec. 46-45.
"
20260602T140833Z,DT_14th_and_Madison_New_1_20260531T084000.jpg,,,dataset_20260531/DT_14th_and_Madison_New_1/DT_14th_and_Madison_New_1_20260531T084000.jpg,illegal_dumping,done,2026-06-02T14:22:12.111113+00:00,0.044,0.917,0.964,,nvidia/cosmos-reason2-8b,"DUMPING PRESENT: Yes
ORDINANCE VIOLATION: Yes
WASTE TYPE: mixed
WASTE VOLUME: small (pickup truck)
WASTE ORIGIN: residential
PROPERTY TYPE: vacant-lot
ADDRESS MARKERS: NONE
GUTTER/ALLEY: No
WATER PROXIMITY: No
CHRONIC SITE: No
VEHICLES: NONE
IDENTIFIERS: NONE
SEVERITY: 2
ORDINANCE: Sec-46-45
PRIORITY: MEDIUM
SUMMARY: Illegal dumping is present on a vacant lot, violating Brownsville's property owner liability ordinance (Sec. 46-45)."
20260602T140833Z,DT_14th_and_Madison_New_1_20260531T085000.jpg,,,dataset_20260531/DT_14th_and_Madison_New_1/DT_14th_and_Madison_New_1_20260531T085000.jpg,illegal_dumping,done,2026-06-02T14:22:12.375565+00:00,0.044,0.8,0.848,,nvidia/cosmos-reason2-8b,"DUMPING PRESENT: Yes
ORDINANCE VIOLATION: Yes
WASTE TYPE: mixed
WASTE VOLUME: small (pickup truck)
WASTE ORIGIN: residential
PROPERTY TYPE: vacant-lot
ADDRESS MARKERS: NONE
GUTTER/ALLEY: No
WATER PROXIMITY: No
CHRONIC SITE: No
VEHICLES: NONE
IDENTIFIERS: NONE
SEVERITY: 1
ORDINANCE: Sec-46-45
PRIORITY: LOW
SUMMARY: A small pile of mixed waste is present on a vacant lot, which violates Brownsville's property owner liability ordinance (Sec. 46-45)."
20260602T140833Z,DT_14th_and_Madison_New_1_20260531T090000.jpg,,,dataset_20260531/DT_14th_and_Madison_New_1/DT_14th_and_Madison_New_1_20260531T090000.jpg,illegal_dumping,done,2026-06-02T14:22:12.549550+00:00,0.042,0.801,0.847,,nvidia/cosmos-reason2-8b,"DUMPING PRESENT: Yes
ORDINANCE VIOLATION: Yes
WASTE TYPE: mixed
WASTE VOLUME: small (pickup truck)
WASTE ORIGIN: residential
PROPERTY TYPE: vacant-lot
ADDRESS MARKERS: NONE
GUTTER/ALLEY: No
WATER PROXIMITY: No
CHRONIC SITE: No
VEHICLES: NONE
IDENTIFIERS: NONE
SEVERITY: 3
ORDINANCE: Sec-46-45
PRIORITY: MEDIUM
SUMMARY: Illegal dumping of mixed waste is present on a vacant lot, violating Brownsville's property owner liability ordinance (Sec. 46-45).
"
20260602T140833Z,DT_14th_and_Madison_New_1_20260531T091000.jpg,,,dataset_20260531/DT_14th_and_Madison_New_1/DT_14th_and_Madison_New_1_20260531T091000.jpg,illegal_dumping,done,2026-06-02T14:22:12.871500+00:00,0.044,0.687,0.736,,nvidia/cosmos-reason2-8b,"DUMPING PRESENT: No
ORDINANCE VIOLATION: No
WASTE TYPE: mixed
WASTE VOLUME: small (pickup truck)
WASTE ORIGIN: residential
PROPERTY TYPE: occupied-private
ADDRESS MARKERS: <NONE>
GUTTER/ALLEY: No
WATER PROXIMITY: No
CHRONIC SITE: No
VEHICLES: <NONE>
IDENTIFIERS: <NONE>
SEVERITY: 1
ORDINANCE: N/A
PRIORITY: LOW
SUMMARY: No illegal dumping observed; the area appears clean with no visible waste or debris."
20260602T140833Z,DT_14th_and_Madison_New_1_20260531T092000.jpg,,,dataset_20260531/DT_14th_and_Madison_New_1/DT_14th_and_Madison_New_1_20260531T092000.jpg,illegal_dumping,done,2026-06-02T14:22:13.077832+00:00,0.046,0.74,0.79,,nvidia/cosmos-reason2-8b,"DUMPING PRESENT: Yes
ORDINANCE VIOLATION: Yes
WASTE TYPE: mixed
WASTE VOLUME: small (pickup truck)
WASTE ORIGIN: residential
PROPERTY TYPE: vacant-lot
ADDRESS MARKERS: NONE
GUTTER/ALLEY: No
WATER PROXIMITY: No
CHRONIC SITE: No
VEHICLES: NONE
IDENTIFIERS: NONE
SEVERITY: 2
ORDINANCE: Sec-46-45
PRIORITY: MEDIUM
SUMMARY: Illegal dumping of mixed waste is observed on a vacant lot, violating Brownsville's property owner liability ordinance.
"
20260602T140833Z,DT_14th_and_Madison_New_1_20260531T093000.jpg,,,dataset_20260531/DT_14th_and_Madison_New_1/DT_14th_and_Madison_New_1_20260531T093000.jpg,illegal_dumping,done,2026-06-02T14:22:13.226516+00:00,0.04,0.915,0.959,,nvidia/cosmos-reason2-8b,"DUMPING PRESENT: Yes
ORDINANCE VIOLATION: Yes
WASTE TYPE: mixed
WASTE VOLUME: small (pickup truck)
WASTE ORIGIN: residential
PROPERTY TYPE: vacant-lot
ADDRESS MARKERS: NONE
GUTTER/ALLEY: No
WATER PROXIMITY: No
CHRONIC SITE: No
VEHICLES: NONE
IDENTIFIERS: NONE
SEVERITY: 3
ORDINANCE: Sec-46-45
PRIORITY: MEDIUM
SUMMARY: Illegal dumping of mixed waste is observed on a vacant lot, violating Brownsville's property owner liability ordinance (Sec. 46-45)."
20260602T140833Z,DT_14th_and_Madison_New_1_20260531T094000.jpg,,,dataset_20260531/DT_14th_and_Madison_New_1/DT_14th_and_Madison_New_1_20260531T094000.jpg,illegal_dumping,done,2026-06-02T14:22:13.399005+00:00,0.04,0.83,0.88,,nvidia/cosmos-reason2-8b,"DUMPING PRESENT: Yes
ORDINANCE VIOLATION: Yes
WASTE TYPE: mixed
WASTE VOLUME: small (pickup truck)
WASTE ORIGIN: residential
PROPERTY TYPE: vacant-lot
ADDRESS MARKERS: NONE
GUTTER/ALLEY: No
WATER PROXIMITY: No
CHRONIC SITE: No
VEHICLES: NONE
IDENTIFIERS: NONE
SEVERITY: 2
ORDINANCE: Sec-46-45
PRIORITY: MEDIUM
SUMMARY: Illegal dumping is present on a vacant lot, violating Brownsville's property owner liability ordinance (Sec. 46-45)."
20260602T140833Z,DT_14th_and_Madison_New_1_20260531T095000.jpg,,,dataset_20260531/DT_14th_and_Madison_New_1/DT_14th_and_Madison_New_1_20260531T095000.jpg,illegal_dumping,done,2026-06-02T14:22:13.609995+00:00,0.043,0.822,0.869,,nvidia/cosmos-reason2-8b,"DUMPING PRESENT: Yes
ORDINANCE VIOLATION: Yes
WASTE TYPE: mixed
WASTE VOLUME: small (pickup truck)
WASTE ORIGIN: residential
PROPERTY TYPE: vacant-lot
ADDRESS MARKERS: NONE
GUTTER/ALLEY: No
WATER PROXIMITY: No
CHRONIC SITE: No
VEHICLES: NONE
IDENTIFIERS: NONE
SEVERITY: 3
ORDINANCE: Sec-46-45
PRIORITY: MEDIUM
SUMMARY: Illegal dumping of mixed waste is present on a vacant lot, violating Brownsville's property owner liability ordinance (Sec. 46-45)."
20260602T140833Z,DT_14th_and_Madison_New_1_20260531T100000.jpg,,,dataset_20260531/DT_14th_and_Madison_New_1/DT_14th_and_Madison_New_1_20260531T100000.jpg,illegal_dumping,done,2026-06-02T14:22:13.870913+00:00,0.04,0.842,0.886,,nvidia/cosmos-reason2-8b,"DUMPING PRESENT: Yes
ORDINANCE VIOLATION: Yes
WASTE TYPE: mixed
WASTE VOLUME: small (pickup truck)
WASTE ORIGIN: residential
PROPERTY TYPE: vacant-lot
ADDRESS MARKERS: NONE
GUTTER/ALLEY: No
WATER PROXIMITY: No
CHRONIC SITE: No
VEHICLES: NONE
IDENTIFIERS: NONE
SEVERITY: 2
ORDINANCE: Sec-46-45
PRIORITY: MEDIUM
SUMMARY: Illegal dumping is present on a vacant lot, violating Brownsville's property owner liability ordinance (Sec. 46-45)."
20260602T140833Z,DT_14th_and_Madison_New_1_20260531T101000.jpg,,,dataset_20260531/DT_14th_and_Madison_New_1/DT_14th_and_Madison_New_1_20260531T101000.jpg,illegal_dumping,done,2026-06-02T14:22:14.188600+00:00,0.04,0.873,0.918,,nvidia/cosmos-reason2-8b,"DUMPING PRESENT: Yes
ORDINANCE VIOLATION: Yes
WASTE TYPE: mixed
WASTE VOLUME: small (pickup truck)
WASTE ORIGIN: residential
PROPERTY TYPE: vacant-lot
ADDRESS MARKERS: NONE
GUTTER/ALLEY: No
WATER PROXIMITY: No
CHRONIC SITE: No
VEHICLES: NONE
IDENTIFIERS: NONE
SEVERITY: 2
ORDINANCE: Sec-46-45
PRIORITY: MEDIUM
SUMMARY: Illegal dumping is present on a vacant lot, violating Brownsville's property owner liability ordinance (Sec. 46-45)."
20260602T140833Z,DT_14th_and_Madison_New_1_20260531T102000.jpg,,,dataset_20260531/DT_14th_and_Madison_New_1/DT_14th_and_Madison_New_1_20260531T102000.jpg,illegal_dumping,done,2026-06-02T14:22:14.281664+00:00,0.039,0.908,0.951,,nvidia/cosmos-reason2-8b,"DUMPING PRESENT: Yes
ORDINANCE VIOLATION: Yes
WASTE TYPE: mixed
WASTE VOLUME: small (pickup truck)
WASTE ORIGIN: residential
PROPERTY TYPE: vacant-lot
ADDRESS MARKERS: NONE
GUTTER/ALLEY: No
WATER PROXIMITY: No
CHRONIC SITE: No
VEHICLES: NONE
IDENTIFIERS: NONE
SEVERITY: 2
ORDINANCE: Sec-46-45
PRIORITY: MEDIUM
SUMMARY: Illegal dumping is observed on a vacant lot, with waste scattered across the area, violating property owner liability under Sec. 46-45.
"
20260602T140833Z,DT_14th_and_Madison_New_1_20260531T103000.jpg,,,dataset_20260531/DT_14th_and_Madison_New_1/DT_14th_and_Madison_New_1_20260531T103000.jpg,illegal_dumping,done,2026-06-02T14:22:14.481817+00:00,0.038,0.855,0.896,,nvidia/cosmos-reason2-8b,"DUMPING PRESENT: Yes
ORDINANCE VIOLATION: Yes
WASTE TYPE: mixed
WASTE VOLUME: small (pickup truck)
WASTE ORIGIN: residential
PROPERTY TYPE: vacant-lot
ADDRESS MARKERS: NONE
GUTTER/ALLEY: No
WATER PROXIMITY: No
CHRONIC SITE: No
VEHICLES: NONE
IDENTIFIERS: NONE
SEVERITY: 2
ORDINANCE: Sec-46-45
PRIORITY: MEDIUM
SUMMARY: Illegal dumping is present on a vacant lot, violating Brownsville's property owner liability ordinance (Sec. 46-45)."
20260602T140833Z,DT_14th_and_Madison_New_1_20260531T104000.jpg,,,dataset_20260531/DT_14th_and_Madison_New_1/DT_14th_and_Madison_New_1_20260531T104000.jpg,illegal_dumping,done,2026-06-02T14:22:14.759306+00:00,0.049,0.741,0.794,,nvidia/cosmos-reason2-8b,"DUMPING PRESENT: Yes
ORDINANCE VIOLATION: Yes
WASTE TYPE: mixed
WASTE VOLUME: small (pickup truck)
WASTE ORIGIN: residential
PROPERTY TYPE: vacant-lot
ADDRESS MARKERS: NONE
GUTTER/ALLEY: No
WATER PROXIMITY: No
CHRONIC SITE: No
VEHICLES: NONE
IDENTIFIERS: NONE
SEVERITY: 2
ORDINANCE: Sec-46-45
PRIORITY: MEDIUM
SUMMARY: Illegal dumping of mixed waste is present on a vacant lot, violating Brownsville's property owner liability ordinance.
"
20260602T140833Z,DT_14th_and_Madison_New_1_20260531T105000.jpg,,,dataset_20260531/DT_14th_and_Madison_New_1/DT_14th_and_Madison_New_1_20260531T105000.jpg,illegal_dumping,done,2026-06-02T14:22:15.109039+00:00,0.041,0.752,0.798,,nvidia/cosmos-reason2-8b,"DUMPING PRESENT: Yes
ORDINANCE VIOLATION: Yes
WASTE TYPE: mixed
WASTE VOLUME: medium
WASTE ORIGIN: residential
PROPERTY TYPE: vacant-lot
ADDRESS MARKERS: NONE
GUTTER/ALLEY: No
WATER PROXIMITY: No
CHRONIC SITE: No
VEHICLES: NONE
IDENTIFIERS: NONE
SEVERITY: 2
ORDINANCE: Sec-46-45
PRIORITY: MEDIUM
SUMMARY: Illegal dumping of mixed waste is observed on a vacant lot, violating property owner liability under Sec. 46-45.
"
20260602T140833Z,DT_14th_and_Madison_New_1_20260531T110000.jpg,,,dataset_20260531/DT_14th_and_Madison_New_1/DT_14th_and_Madison_New_1_20260531T110000.jpg,illegal_dumping,done,2026-06-02T14:22:15.234891+00:00,0.048,0.894,0.945,,nvidia/cosmos-reason2-8b,"DUMPING PRESENT: Yes
ORDINANCE VIOLATION: Yes
WASTE TYPE: mixed
WASTE VOLUME: small (pickup truck)
WASTE ORIGIN: residential
PROPERTY TYPE: right-of-way
ADDRESS MARKERS: NONE
GUTTER/ALLEY: No
WATER PROXIMITY: No
CHRONIC SITE: No
VEHICLES: NONE
IDENTIFIERS: NONE
SEVERITY: 2
ORDINANCE: Sec-46-45
PRIORITY: MEDIUM
SUMMARY: Illegal dumping is present on a right-of-way, violating Brownsville's property owner liability ordinance (Sec. 46-45)."
20260602T140833Z,DT_14th_and_Madison_New_1_20260531T111000.jpg,,,dataset_20260531/DT_14th_and_Madison_New_1/DT_14th_and_Madison_New_1_20260531T111000.jpg,illegal_dumping,done,2026-06-02T14:22:15.381039+00:00,0.042,1.765,1.811,,nvidia/cosmos-reason2-8b,"DUMPING PRESENT: Yes
ORDINANCE VIOLATION: Yes
WASTE TYPE: mixed
WASTE VOLUME: small (pickup truck)
WASTE ORIGIN: residential
PROPERTY TYPE: vacant-lot
ADDRESS MARKERS: NONE
GUTTER/ALLEY: No
WATER PROXIMITY: No
CHRONIC SITE: No
VEHICLES: NONE
IDENTIFIERS: NONE
SEVERITY: 2
ORDINANCE: Sec-46-45
PRIORITY: MEDIUM
SUMMARY: A small amount of mixed waste is illegally dumped on a vacant lot, violating property owner liability under Sec. 46-45."
20260602T140833Z,DT_14th_and_Madison_New_1_20260531T112000.jpg,,,dataset_20260531/DT_14th_and_Madison_New_1/DT_14th_and_Madison_New_1_20260531T112000.jpg,illegal_dumping,done,2026-06-02T14:22:15.555871+00:00,0.043,1.922,1.968,,nvidia/cosmos-reason2-8b,"DUMPING PRESENT: Yes
ORDINANCE VIOLATION: Yes
WASTE TYPE: mixed
WASTE VOLUME: small (pickup truck)
WASTE ORIGIN: residential
PROPERTY TYPE: vacant-lot
ADDRESS MARKERS: NONE
GUTTER/ALLEY: No
WATER PROXIMITY: No
CHRONIC SITE: No
VEHICLES: NONE
IDENTIFIERS: NONE
SEVERITY: 2
ORDINANCE: Sec-46-45
PRIORITY: MEDIUM
SUMMARY: Illegal dumping is present on a vacant lot, violating Brownsville's property owner liability ordinance (Sec. 46-45)."
20260602T140833Z,DT_14th_and_Madison_New_1_20260531T113000.jpg,,,dataset_20260531/DT_14th_and_Madison_New_1/DT_14th_and_Madison_New_1_20260531T113000.jpg,illegal_dumping,done,2026-06-02T14:22:15.909962+00:00,0.038,1.518,1.56,,nvidia/cosmos-reason2-8b,"DUMPING PRESENT: Yes
ORDINANCE VIOLATION: Yes
WASTE TYPE: mixed
WASTE VOLUME: small (pickup truck)
WASTE ORIGIN: residential
PROPERTY TYPE: right-of-way
ADDRESS MARKERS: NONE
GUTTER/ALLEY: Yes
WATER PROXIMITY: No
CHRONIC SITE: No
VEHICLES: NONE
IDENTIFIERS: NONE
SEVERITY: 2
ORDINANCE: Sec-46-45
PRIORITY: MEDIUM
SUMMARY: Illegal dumping is present in the right-of-way, violating property owner liability under Sec. 46-45, with mixed waste scattered across the area.
"
20260602T140833Z,DT_14th_and_Madison_New_1_20260531T114000.jpg,,,dataset_20260531/DT_14th_and_Madison_New_1/DT_14th_and_Madison_New_1_20260531T114000.jpg,illegal_dumping,done,2026-06-02T14:22:16.182263+00:00,0.038,1.214,1.343,,nvidia/cosmos-reason2-8b,"DUMPING PRESENT: Yes
ORDINANCE VIOLATION: Yes
WASTE TYPE: mixed
WASTE VOLUME: small (pickup truck)
WASTE ORIGIN: residential
PROPERTY TYPE: vacant-lot
ADDRESS MARKERS: NONE
GUTTER/ALLEY: No
WATER PROXIMITY: No
CHRONIC SITE: No
VEHICLES: NONE
IDENTIFIERS: NONE
SEVERITY: 3
ORDINANCE: Sec-46-45
PRIORITY: MEDIUM
SUMMARY: Illegal dumping of mixed waste is present on a vacant lot, violating property owner liability under Sec. 46-45.
"
20260602T140833Z,DT_14th_and_Madison_New_1_20260531T115000.jpg,,,dataset_20260531/DT_14th_and_Madison_New_1/DT_14th_and_Madison_New_1_20260531T115000.jpg,illegal_dumping,done,2026-06-02T14:22:17.194732+00:00,0.053,0.787,0.845,,nvidia/cosmos-reason2-8b,"DUMPING PRESENT: Yes
ORDINANCE VIOLATION: Yes
WASTE TYPE: mixed
WASTE VOLUME: small (pickup truck)
WASTE ORIGIN: residential
PROPERTY TYPE: vacant-lot
ADDRESS MARKERS: NONE
GUTTER/ALLEY: No
WATER PROXIMITY: No
CHRONIC SITE: No
VEHICLES: NONE
IDENTIFIERS: NONE
SEVERITY: 2
ORDINANCE: Sec-46-45
PRIORITY: MEDIUM
SUMMARY: Illegal dumping of mixed waste is present on a vacant lot, violating Brownsville's property owner liability ordinance.
"
20260602T140833Z,DT_14th_and_Madison_New_1_20260531T120000.jpg,,,dataset_20260531/DT_14th_and_Madison_New_1/DT_14th_and_Madison_New_1_20260531T120000.jpg,illegal_dumping,done,2026-06-02T14:22:17.473367+00:00,0.052,0.674,0.731,,nvidia/cosmos-reason2-8b,"DUMPING PRESENT: No
ORDINANCE VIOLATION: No
WASTE TYPE: mixed
WASTE VOLUME: small (pickup truck)
WASTE ORIGIN: residential
PROPERTY TYPE: vacant-lot
ADDRESS MARKERS: NONE
GUTTER/ALLEY: No
WATER PROXIMITY: No
CHRONIC SITE: No
VEHICLES: NONE
IDENTIFIERS: NONE
SEVERITY: 1
ORDINANCE: N/A
PRIORITY: LOW
SUMMARY: No illegal dumping is observed in the scene."
20260602T140833Z,DT_14th_and_Madison_New_1_20260531T121000.jpg,,,dataset_20260531/DT_14th_and_Madison_New_1/DT_14th_and_Madison_New_1_20260531T121000.jpg,illegal_dumping,done,2026-06-02T14:22:17.528121+00:00,0.087,1.006,1.098,,nvidia/cosmos-reason2-8b,"DUMPING PRESENT: Yes
ORDINANCE VIOLATION: Yes
WASTE TYPE: mixed
WASTE VOLUME: small (pickup truck)
WASTE ORIGIN: residential
PROPERTY TYPE: vacant-lot
ADDRESS MARKERS: NONE
GUTTER/ALLEY: No
WATER PROXIMITY: No
CHRONIC SITE: No
VEHICLES: NONE
IDENTIFIERS: NONE
SEVERITY: 3
ORDINANCE: Sec-46-45
PRIORITY: MEDIUM
SUMMARY: Illegal dumping of mixed waste is present on a vacant lot, violating property owner liability under Sec. 46-45.
"
20260602T140833Z,DT_14th_and_Madison_New_1_20260531T122000.jpg,,,dataset_20260531/DT_14th_and_Madison_New_1/DT_14th_and_Madison_New_1_20260531T122000.jpg,illegal_dumping,done,2026-06-02T14:22:17.529096+00:00,0.086,1.111,1.202,,nvidia/cosmos-reason2-8b,"DUMPING PRESENT: Yes
ORDINANCE VIOLATION: Yes
WASTE TYPE: mixed
WASTE VOLUME: small (pickup truck)
WASTE ORIGIN: residential
PROPERTY TYPE: right-of-way
ADDRESS MARKERS: NONE
GUTTER/ALLEY: Yes
WATER PROXIMITY: No
CHRONIC SITE: No
VEHICLES: NONE
IDENTIFIERS: NONE
SEVERITY: 2
ORDINANCE: Sec-46-45
PRIORITY: MEDIUM
SUMMARY: Illegal dumping is present on the right-of-way, violating Brownsville's property owner liability ordinance (Sec. 46-45), with mixed waste scattered across the area.
"
20260602T140833Z,DT_14th_and_Madison_New_1_20260531T123000.jpg,,,dataset_20260531/DT_14th_and_Madison_New_1/DT_14th_and_Madison_New_1_20260531T123000.jpg,illegal_dumping,done,2026-06-02T14:22:18.043475+00:00,0.044,0.808,0.856,,nvidia/cosmos-reason2-8b,"DUMPING PRESENT: Yes
ORDINANCE VIOLATION: Yes
WASTE TYPE: mixed
WASTE VOLUME: small (pickup truck)
WASTE ORIGIN: residential
PROPERTY TYPE: vacant-lot
ADDRESS MARKERS: NONE
GUTTER/ALLEY: No
WATER PROXIMITY: No
CHRONIC SITE: No
VEHICLES: NONE
IDENTIFIERS: NONE
SEVERITY: 2
ORDINANCE: Sec-46-45
PRIORITY: MEDIUM
SUMMARY: Illegal dumping is present on a vacant lot, violating Brownsville's property owner liability ordinance (Sec. 46-45)."
20260602T140833Z,DT_14th_and_Madison_New_1_20260531T124000.jpg,,,dataset_20260531/DT_14th_and_Madison_New_1/DT_14th_and_Madison_New_1_20260531T124000.jpg,illegal_dumping,done,2026-06-02T14:22:18.206307+00:00,0.038,0.742,0.784,,nvidia/cosmos-reason2-8b,"DUMPING PRESENT: No
ORDINANCE VIOLATION: No
WASTE TYPE: mixed
WASTE VOLUME: medium
WASTE ORIGIN: residential
PROPERTY TYPE: vacant-lot
ADDRESS MARKERS: NONE
GUTTER/ALLEY: No
WATER PROXIMITY: No
CHRONIC SITE: No
VEHICLES: NONE
IDENTIFIERS: NONE
SEVERITY: 1
ORDINANCE: N/A
PRIORITY: LOW
SUMMARY: No illegal dumping detected in the analyzed footage."
20260602T140833Z,DT_14th_and_Madison_New_1_20260531T125000.jpg,,,dataset_20260531/DT_14th_and_Madison_New_1/DT_14th_and_Madison_New_1_20260531T125000.jpg,illegal_dumping,done,2026-06-02T14:22:18.628611+00:00,0.038,0.776,0.818,,nvidia/cosmos-reason2-8b,"DUMPING PRESENT: Yes
ORDINANCE VIOLATION: Yes
WASTE TYPE: mixed
WASTE VOLUME: small (pickup truck)
WASTE ORIGIN: residential
PROPERTY TYPE: vacant-lot
ADDRESS MARKERS: NONE
GUTTER/ALLEY: No
WATER PROXIMITY: No
CHRONIC SITE: No
VEHICLES: NONE
IDENTIFIERS: NONE
SEVERITY: 2
ORDINANCE: Sec-46-45
PRIORITY: MEDIUM
SUMMARY: Illegal dumping is present on a vacant lot, violating Brownsville's property owner liability ordinance (Sec. 46-45).
"
20260602T140833Z,DT_14th_and_Madison_New_1_20260531T130000.jpg,,,dataset_20260531/DT_14th_and_Madison_New_1/DT_14th_and_Madison_New_1_20260531T130000.jpg,illegal_dumping,done,2026-06-02T14:22:18.733531+00:00,0.046,0.881,0.931,,nvidia/cosmos-reason2-8b,"DUMPING PRESENT: Yes
ORDINANCE VIOLATION: Yes
WASTE TYPE: mixed
WASTE VOLUME: small (pickup truck)
WASTE ORIGIN: residential
PROPERTY TYPE: vacant-lot
ADDRESS MARKERS: NONE
GUTTER/ALLEY: No
WATER PROXIMITY: No
CHRONIC SITE: No
VEHICLES: NONE
IDENTIFIERS: NONE
SEVERITY: 2
ORDINANCE: Sec-46-45
PRIORITY: MEDIUM
SUMMARY: Illegal dumping of mixed waste is present on a vacant lot, violating Brownsville's property owner liability ordinance (Sec. 46-45).
"
20260602T140833Z,DT_14th_and_Madison_New_1_20260531T131000.jpg,,,dataset_20260531/DT_14th_and_Madison_New_1/DT_14th_and_Madison_New_1_20260531T131000.jpg,illegal_dumping,done,2026-06-02T14:22:18.902568+00:00,0.042,0.901,0.947,,nvidia/cosmos-reason2-8b,"DUMPING PRESENT: Yes
ORDINANCE VIOLATION: Yes
WASTE TYPE: mixed
WASTE VOLUME: small (pickup truck)
WASTE ORIGIN: residential
PROPERTY TYPE: vacant-lot
ADDRESS MARKERS: NONE
GUTTER/ALLEY: No
WATER PROXIMITY: No
CHRONIC SITE: No
VEHICLES: NONE
IDENTIFIERS: NONE
SEVERITY: 2
ORDINANCE: Sec-46-45
PRIORITY: MEDIUM
SUMMARY: Illegal dumping is observed on a vacant lot, with waste scattered across the area, violating property owner liability under Sec. 46-45.
"
20260602T140833Z,DT_14th_and_Madison_New_1_20260531T132000.jpg,,,dataset_20260531/DT_14th_and_Madison_New_1/DT_14th_and_Madison_New_1_20260531T132000.jpg,illegal_dumping,done,2026-06-02T14:22:18.992595+00:00,0.041,1.042,1.086,,nvidia/cosmos-reason2-8b,"DUMPING PRESENT: Yes
ORDINANCE VIOLATION: Yes
WASTE TYPE: mixed
WASTE VOLUME: small (pickup truck)
WASTE ORIGIN: residential
PROPERTY TYPE: vacant-lot
ADDRESS MARKERS: NONE
GUTTER/ALLEY: No
WATER PROXIMITY: No
CHRONIC SITE: No
VEHICLES: NONE
IDENTIFIERS: NONE
SEVERITY: 3
ORDINANCE: Sec-46-45
PRIORITY: MEDIUM
SUMMARY: Illegal dumping of mixed waste is observed on a vacant lot, violating Brownsville's property owner liability ordinance (Sec. 46-45)."
20260602T140833Z,DT_14th_and_Madison_New_1_20260531T133000.jpg,,,dataset_20260531/DT_14th_and_Madison_New_1/DT_14th_and_Madison_New_1_20260531T133000.jpg,illegal_dumping,done,2026-06-02T14:22:19.450098+00:00,0.044,0.758,0.806,,nvidia/cosmos-reason2-8b,"DUMPING PRESENT: Yes
ORDINANCE VIOLATION: Yes
WASTE TYPE: mixed
WASTE VOLUME: small (pickup truck)
WASTE ORIGIN: residential
PROPERTY TYPE: vacant-lot
ADDRESS MARKERS: NONE
GUTTER/ALLEY: No
WATER PROXIMITY: No
CHRONIC SITE: No
VEHICLES: NONE
IDENTIFIERS: NONE
SEVERITY: 3
ORDINANCE: Sec-46-45
PRIORITY: MEDIUM
SUMMARY: Illegal dumping of mixed waste is observed on a vacant lot, violating property owner liability under Sec. 46-45.
"
20260602T140833Z,DT_14th_and_Madison_New_1_20260531T134000.jpg,,,dataset_20260531/DT_14th_and_Madison_New_1/DT_14th_and_Madison_New_1_20260531T134000.jpg,illegal_dumping,done,2026-06-02T14:22:19.666362+00:00,0.036,0.806,0.846,,nvidia/cosmos-reason2-8b,"DUMPING PRESENT: Yes
ORDINANCE VIOLATION: Yes
WASTE TYPE: mixed
WASTE VOLUME: small (pickup truck)
WASTE ORIGIN: residential
PROPERTY TYPE: vacant-lot
ADDRESS MARKERS: NONE
GUTTER/ALLEY: No
WATER PROXIMITY: No
CHRONIC SITE: No
VEHICLES: NONE
IDENTIFIERS: NONE
SEVERITY: 2
ORDINANCE: Sec-46-45
PRIORITY: MEDIUM
SUMMARY: Illegal dumping is observed on a vacant lot, violating Brownsville's property owner liability ordinance (Sec. 46-45)."
20260602T140833Z,DT_14th_and_Madison_New_1_20260531T135000.jpg,,,dataset_20260531/DT_14th_and_Madison_New_1/DT_14th_and_Madison_New_1_20260531T135000.jpg,illegal_dumping,done,2026-06-02T14:22:19.852136+00:00,0.04,0.794,0.839,,nvidia/cosmos-reason2-8b,"DUMPING PRESENT: Yes
ORDINANCE VIOLATION: Yes
WASTE TYPE: mixed
WASTE VOLUME: small (pickup truck)
WASTE ORIGIN: residential
PROPERTY TYPE: vacant-lot
ADDRESS MARKERS: NONE
GUTTER/ALLEY: No
WATER PROXIMITY: No
CHRONIC SITE: No
VEHICLES: NONE
IDENTIFIERS: NONE
SEVERITY: 3
ORDINANCE: Sec-46-45
PRIORITY: MEDIUM
SUMMARY: Illegal dumping of mixed waste is observed on a vacant lot, violating Brownsville's property owner liability ordinance (Sec. 46-45)."
20260602T140833Z,DT_14th_and_Madison_New_1_20260531T140000.jpg,,,dataset_20260531/DT_14th_and_Madison_New_1/DT_14th_and_Madison_New_1_20260531T140000.jpg,illegal_dumping,done,2026-06-02T14:22:20.081938+00:00,0.039,0.827,0.871,,nvidia/cosmos-reason2-8b,"DUMPING PRESENT: Yes
ORDINANCE VIOLATION: Yes
WASTE TYPE: mixed
WASTE VOLUME: small (pickup truck)
WASTE ORIGIN: residential
PROPERTY TYPE: vacant-lot
ADDRESS MARKERS: NONE
GUTTER/ALLEY: No
WATER PROXIMITY: No
CHRONIC SITE: No
VEHICLES: NONE
IDENTIFIERS: NONE
SEVERITY: 2
ORDINANCE: Sec-46-45
PRIORITY: MEDIUM
SUMMARY: Illegal dumping of mixed waste is present on a vacant lot, violating property owner liability under Sec. 46-45."
20260602T140833Z,DT_14th_and_Madison_New_1_20260531T141000.jpg,,,dataset_20260531/DT_14th_and_Madison_New_1/DT_14th_and_Madison_New_1_20260531T141000.jpg,illegal_dumping,done,2026-06-02T14:22:20.258131+00:00,0.05,0.783,0.838,,nvidia/cosmos-reason2-8b,"DUMPING PRESENT: Yes
ORDINANCE VIOLATION: Yes
WASTE TYPE: mixed
WASTE VOLUME: small (pickup truck)
WASTE ORIGIN: residential
PROPERTY TYPE: vacant-lot
ADDRESS MARKERS: NONE
GUTTER/ALLEY: Yes
WATER PROXIMITY: No
CHRONIC SITE: No
VEHICLES: NONE
IDENTIFIERS: NONE
SEVERITY: 2
ORDINANCE: Sec-46-45
PRIORITY: MEDIUM
SUMMARY: Illegal dumping of mixed waste is observed in a vacant lot adjacent to a residential property, violating Brownsville's property owner liability ordinance."
20260602T140833Z,DT_14th_and_Madison_New_1_20260531T142000.jpg,,,dataset_20260531/DT_14th_and_Madison_New_1/DT_14th_and_Madison_New_1_20260531T142000.jpg,illegal_dumping,done,2026-06-02T14:22:20.515421+00:00,0.042,0.717,0.763,,nvidia/cosmos-reason2-8b,"DUMPING PRESENT: Yes
ORDINANCE VIOLATION: Yes
WASTE TYPE: mixed
WASTE VOLUME: small (pickup truck)
WASTE ORIGIN: residential
PROPERTY TYPE: alley
ADDRESS MARKERS: NONE
GUTTER/ALLEY: Yes
WATER PROXIMITY: No
CHRONIC SITE: No
VEHICLES: NONE
IDENTIFIERS: NONE
SEVERITY: 2
ORDINANCE: Sec-46-45
PRIORITY: MEDIUM
SUMMARY: Illegal dumping of mixed waste is present in the alley, violating Brownsville's property owner liability ordinance.
"
20260602T140833Z,DT_14th_and_Madison_New_1_20260531T143000.jpg,,,dataset_20260531/DT_14th_and_Madison_New_1/DT_14th_and_Madison_New_1_20260531T143000.jpg,illegal_dumping,done,2026-06-02T14:22:20.693803+00:00,0.042,0.822,0.868,,nvidia/cosmos-reason2-8b,"DUMPING PRESENT: Yes
ORDINANCE VIOLATION: Yes
WASTE TYPE: mixed
WASTE VOLUME: small (pickup truck)
WASTE ORIGIN: residential
PROPERTY TYPE: vacant-lot
ADDRESS MARKERS: NONE
GUTTER/ALLEY: Yes
WATER PROXIMITY: No
CHRONIC SITE: No
VEHICLES: NONE
IDENTIFIERS: NONE
SEVERITY: 2
ORDINANCE: Sec-46-45
PRIORITY: MEDIUM
SUMMARY: Illegal dumping is present on a vacant lot, violating Brownsville's property owner liability ordinance (Sec. 46-45)."
20260602T140833Z,DT_14th_and_Madison_New_1_20260531T144000.jpg,,,dataset_20260531/DT_14th_and_Madison_New_1/DT_14th_and_Madison_New_1_20260531T144000.jpg,illegal_dumping,done,2026-06-02T14:22:20.955203+00:00,0.047,0.831,0.882,,nvidia/cosmos-reason2-8b,"DUMPING PRESENT: Yes
ORDINANCE VIOLATION: Yes
WASTE TYPE: mixed
WASTE VOLUME: small (pickup truck)
WASTE ORIGIN: residential
PROPERTY TYPE: vacant-lot
ADDRESS MARKERS: NONE
GUTTER/ALLEY: No
WATER PROXIMITY: No
CHRONIC SITE: No
VEHICLES: NONE
IDENTIFIERS: NONE
SEVERITY: 2
ORDINANCE: Sec-46-45
PRIORITY: MEDIUM
SUMMARY: Illegal dumping of mixed waste is observed on a vacant lot, violating Brownsville's property owner liability ordinance.
"
20260602T140833Z,DT_14th_and_Madison_New_1_20260531T145000.jpg,,,dataset_20260531/DT_14th_and_Madison_New_1/DT_14th_and_Madison_New_1_20260531T145000.jpg,illegal_dumping,done,2026-06-02T14:22:21.098904+00:00,0.037,0.868,0.91,,nvidia/cosmos-reason2-8b,"DUMPING PRESENT: Yes
ORDINANCE VIOLATION: Yes
WASTE TYPE: mixed
WASTE VOLUME: small (pickup truck)
WASTE ORIGIN: residential
PROPERTY TYPE: vacant-lot
ADDRESS MARKERS: NONE
GUTTER/ALLEY: No
WATER PROXIMITY: No
CHRONIC SITE: No
VEHICLES: NONE
IDENTIFIERS: NONE
SEVERITY: 3
ORDINANCE: Sec-46-45
PRIORITY: MEDIUM
SUMMARY: Illegal dumping of mixed waste is present on a vacant lot, violating Brownsville's property owner liability ordinance.
"
20260602T140833Z,DT_14th_and_Madison_New_1_20260531T150000.jpg,,,dataset_20260531/DT_14th_and_Madison_New_1/DT_14th_and_Madison_New_1_20260531T150000.jpg,illegal_dumping,done,2026-06-02T14:22:21.280913+00:00,0.037,0.818,0.859,,nvidia/cosmos-reason2-8b,"DUMPING PRESENT: Yes
ORDINANCE VIOLATION: Yes
WASTE TYPE: mixed
WASTE VOLUME: small (pickup truck)
WASTE ORIGIN: residential
PROPERTY TYPE: vacant-lot
ADDRESS MARKERS: NONE
GUTTER/ALLEY: No
WATER PROXIMITY: No
CHRONIC SITE: No
VEHICLES: NONE
IDENTIFIERS: NONE
SEVERITY: 1
ORDINANCE: Sec-46-45
PRIORITY: LOW
SUMMARY: Illegal dumping of mixed waste is observed on a vacant lot, violating property owner liability under Sec. 46-45.
"
20260602T140833Z,DT_14th_and_Madison_New_1_20260531T151000.jpg,,,dataset_20260531/DT_14th_and_Madison_New_1/DT_14th_and_Madison_New_1_20260531T151000.jpg,illegal_dumping,done,2026-06-02T14:22:21.565064+00:00,0.047,0.874,0.926,,nvidia/cosmos-reason2-8b,"DUMPING PRESENT: Yes
ORDINANCE VIOLATION: Yes
WASTE TYPE: mixed
WASTE VOLUME: small (pickup truck)
WASTE ORIGIN: residential
PROPERTY TYPE: vacant-lot
ADDRESS MARKERS: NONE
GUTTER/ALLEY: No
WATER PROXIMITY: No
CHRONIC SITE: No
VEHICLES: NONE
IDENTIFIERS: NONE
SEVERITY: 2
ORDINANCE: Sec-46-45
PRIORITY: MEDIUM
SUMMARY: A small amount of mixed waste is illegally dumped on a vacant lot, violating Brownsville's property owner liability ordinance (Sec. 46-45)."
20260602T140833Z,DT_14th_and_Madison_New_1_20260531T152000.jpg,,,dataset_20260531/DT_14th_and_Madison_New_1/DT_14th_and_Madison_New_1_20260531T152000.jpg,illegal_dumping,done,2026-06-02T14:22:21.840185+00:00,0.045,0.812,0.862,,nvidia/cosmos-reason2-8b,"DUMPING PRESENT: Yes
ORDINANCE VIOLATION: Yes
WASTE TYPE: mixed
WASTE VOLUME: small (pickup truck)
WASTE ORIGIN: residential
PROPERTY TYPE: vacant-lot
ADDRESS MARKERS: NONE
GUTTER/ALLEY: Yes
WATER PROXIMITY: No
CHRONIC SITE: No
VEHICLES: NONE
IDENTIFIERS: NONE
SEVERITY: 2
ORDINANCE: Sec-46-45
PRIORITY: MEDIUM
SUMMARY: Illegal dumping of mixed waste is present on a vacant lot, violating Brownsville's property owner liability ordinance (Sec. 46-45)."
20260602T140833Z,DT_14th_and_Madison_New_1_20260531T153000.jpg,,,dataset_20260531/DT_14th_and_Madison_New_1/DT_14th_and_Madison_New_1_20260531T153000.jpg,illegal_dumping,done,2026-06-02T14:22:22.011291+00:00,0.039,0.878,0.92,,nvidia/cosmos-reason2-8b,"DUMPING PRESENT: Yes
ORDINANCE VIOLATION: Yes
WASTE TYPE: mixed
WASTE VOLUME: small (pickup truck)
WASTE ORIGIN: residential
PROPERTY TYPE: vacant-lot
ADDRESS MARKERS: NONE
GUTTER/ALLEY: No
WATER PROXIMITY: No
CHRONIC SITE: No
VEHICLES: NONE
IDENTIFIERS: NONE
SEVERITY: 2
ORDINANCE: Sec-46-45
PRIORITY: MEDIUM
SUMMARY: A small pile of mixed waste is present on a vacant lot, which violates Brownsville's property owner liability ordinance (Sec. 46-45)."
20260602T140833Z,DT_14th_and_Madison_New_1_20260531T154000.jpg,,,dataset_20260531/DT_14th_and_Madison_New_1/DT_14th_and_Madison_New_1_20260531T154000.jpg,illegal_dumping,done,2026-06-02T14:22:22.141847+00:00,0.043,0.865,0.912,,nvidia/cosmos-reason2-8b,"DUMPING PRESENT: Yes
ORDINANCE VIOLATION: Yes
WASTE TYPE: mixed
WASTE VOLUME: small (pickup truck)
WASTE ORIGIN: residential
PROPERTY TYPE: vacant-lot
ADDRESS MARKERS: NONE
GUTTER/ALLEY: No
WATER PROXIMITY: No
CHRONIC SITE: No
VEHICLES: NONE
IDENTIFIERS: NONE
SEVERITY: 2
ORDINANCE: Sec-46-45
PRIORITY: MEDIUM
SUMMARY: Illegal dumping of mixed waste is present on a vacant lot, violating Brownsville's property owner liability ordinance.
"
20260602T140833Z,DT_14th_and_Madison_New_1_20260531T155000.jpg,,,dataset_20260531/DT_14th_and_Madison_New_1/DT_14th_and_Madison_New_1_20260531T155000.jpg,illegal_dumping,done,2026-06-02T14:22:22.493497+00:00,0.037,0.826,0.867,,nvidia/cosmos-reason2-8b,"DUMPING PRESENT: Yes
ORDINANCE VIOLATION: Yes
WASTE TYPE: mixed
WASTE VOLUME: small (pickup truck)
WASTE ORIGIN: residential
PROPERTY TYPE: alley
ADDRESS MARKERS: NONE
GUTTER/ALLEY: Yes
WATER PROXIMITY: No
CHRONIC SITE: No
VEHICLES: NONE
IDENTIFIERS: NONE
SEVERITY: 2
ORDINANCE: Sec-46-45
PRIORITY: MEDIUM
SUMMARY: Illegal dumping of mixed waste is observed in an alley, violating property owner liability under Sec. 46-45.
"
20260602T140833Z,DT_14th_and_Madison_New_1_20260531T160000.jpg,,,dataset_20260531/DT_14th_and_Madison_New_1/DT_14th_and_Madison_New_1_20260531T160000.jpg,illegal_dumping,done,2026-06-02T14:22:22.704672+00:00,0.038,0.776,0.818,,nvidia/cosmos-reason2-8b,"DUMPING PRESENT: Yes
ORDINANCE VIOLATION: Yes
WASTE TYPE: mixed
WASTE VOLUME: small (pickup truck)
WASTE ORIGIN: residential
PROPERTY TYPE: vacant-lot
ADDRESS MARKERS: NONE
GUTTER/ALLEY: No
WATER PROXIMITY: No
CHRONIC SITE: No
VEHICLES: NONE
IDENTIFIERS: NONE
SEVERITY: 2
ORDINANCE: Sec-46-45
PRIORITY: MEDIUM
SUMMARY: Illegal dumping of mixed waste is present on a vacant lot, violating Brownsville's property owner liability ordinance (Sec. 46-45)."
20260602T140833Z,DT_14th_and_Madison_New_1_20260531T161000.jpg,,,dataset_20260531/DT_14th_and_Madison_New_1/DT_14th_and_Madison_New_1_20260531T161000.jpg,illegal_dumping,done,2026-06-02T14:22:22.934111+00:00,0.037,0.794,0.835,,nvidia/cosmos-reason2-8b,"DUMPING PRESENT: Yes
ORDINANCE VIOLATION: Yes
WASTE TYPE: mixed
WASTE VOLUME: small (pickup truck)
WASTE ORIGIN: residential
PROPERTY TYPE: vacant-lot
ADDRESS MARKERS: NONE
GUTTER/ALLEY: No
WATER PROXIMITY: No
CHRONIC SITE: No
VEHICLES: NONE
IDENTIFIERS: NONE
SEVERITY: 2
ORDINANCE: Sec-46-45
PRIORITY: MEDIUM
SUMMARY: Illegal dumping of mixed waste is observed on a vacant lot, violating Brownsville's property owner liability ordinance (Sec. 46-45)."
20260602T140833Z,DT_14th_and_Madison_New_1_20260531T162000.jpg,,,dataset_20260531/DT_14th_and_Madison_New_1/DT_14th_and_Madison_New_1_20260531T162000.jpg,illegal_dumping,done,2026-06-02T14:22:23.055913+00:00,0.048,0.82,0.871,,nvidia/cosmos-reason2-8b,"DUMPING PRESENT: Yes
ORDINANCE VIOLATION: Yes
WASTE TYPE: mixed
WASTE VOLUME: small (pickup truck)
WASTE ORIGIN: residential
PROPERTY TYPE: alley
ADDRESS MARKERS: NONE
GUTTER/ALLEY: Yes
WATER PROXIMITY: No
CHRONIC SITE: No
VEHICLES: NONE
IDENTIFIERS: NONE
SEVERITY: 2
ORDINANCE: Sec-46-45
PRIORITY: MEDIUM
SUMMARY: Illegal dumping is observed in the alley, with mixed waste scattered on the ground, violating property owner liability under Sec. 46-45.
"
20260602T140833Z,DT_14th_and_Madison_New_1_20260531T163000.jpg,,,dataset_20260531/DT_14th_and_Madison_New_1/DT_14th_and_Madison_New_1_20260531T163000.jpg,illegal_dumping,done,2026-06-02T14:22:23.363592+00:00,0.049,0.791,0.844,,nvidia/cosmos-reason2-8b,"DUMPING PRESENT: Yes
ORDINANCE VIOLATION: Yes
WASTE TYPE: mixed
WASTE VOLUME: small (pickup truck)
WASTE ORIGIN: residential
PROPERTY TYPE: vacant-lot
ADDRESS MARKERS: NONE
GUTTER/ALLEY: No
WATER PROXIMITY: No
CHRONIC SITE: No
VEHICLES: NONE
IDENTIFIERS: NONE
SEVERITY: 2
ORDINANCE: Sec-46-45
PRIORITY: MEDIUM
SUMMARY: Illegal dumping of mixed waste is observed on a vacant lot, violating Brownsville's property owner liability ordinance (Sec. 46-45).
"
20260602T140833Z,DT_14th_and_Madison_New_1_20260531T164000.jpg,,,dataset_20260531/DT_14th_and_Madison_New_1/DT_14th_and_Madison_New_1_20260531T164000.jpg,illegal_dumping,done,2026-06-02T14:22:23.525390+00:00,0.043,0.791,0.837,,nvidia/cosmos-reason2-8b,"DUMPING PRESENT: Yes
ORDINANCE VIOLATION: Yes
WASTE TYPE: mixed
WASTE VOLUME: small (pickup truck)
WASTE ORIGIN: residential
PROPERTY TYPE: right-of-way
ADDRESS MARKERS: NONE
GUTTER/ALLEY: Yes
WATER PROXIMITY: No
CHRONIC SITE: No
VEHICLES: NONE
IDENTIFIERS: NONE
SEVERITY: 2
ORDINANCE: Sec-46-45
PRIORITY: MEDIUM
SUMMARY: Illegal dumping is present in the right-of-way, violating Brownsville's ordinance, with mixed waste scattered on the ground.
"
20260602T140833Z,DT_14th_and_Madison_New_1_20260531T165000.jpg,,,dataset_20260531/DT_14th_and_Madison_New_1/DT_14th_and_Madison_New_1_20260531T165000.jpg,illegal_dumping,done,2026-06-02T14:22:23.771247+00:00,0.037,0.851,0.893,,nvidia/cosmos-reason2-8b,"DUMPING PRESENT: Yes
ORDINANCE VIOLATION: Yes
WASTE TYPE: mixed
WASTE VOLUME: small (pickup truck)
WASTE ORIGIN: residential
PROPERTY TYPE: alley
ADDRESS MARKERS: NONE
GUTTER/ALLEY: Yes
WATER PROXIMITY: No
CHRONIC SITE: No
VEHICLES: NONE
IDENTIFIERS: NONE
SEVERITY: 2
ORDINANCE: Sec-46-45
PRIORITY: MEDIUM
SUMMARY: Illegal dumping of mixed waste is observed in an alley, violating property owner liability under Sec. 46-45.
"
20260602T140833Z,DT_14th_and_Madison_New_1_20260531T170000.jpg,,,dataset_20260531/DT_14th_and_Madison_New_1/DT_14th_and_Madison_New_1_20260531T170000.jpg,illegal_dumping,done,2026-06-02T14:22:23.930382+00:00,0.049,0.789,0.844,,nvidia/cosmos-reason2-8b,"DUMPING PRESENT: Yes
ORDINANCE VIOLATION: Yes
WASTE TYPE: mixed
WASTE VOLUME: small (pickup truck)
WASTE ORIGIN: residential
PROPERTY TYPE: vacant-lot
ADDRESS MARKERS: NONE
GUTTER/ALLEY: No
WATER PROXIMITY: No
CHRONIC SITE: No
VEHICLES: NONE
IDENTIFIERS: NONE
SEVERITY: 2
ORDINANCE: Sec-46-45
PRIORITY: MEDIUM
SUMMARY: Mixed waste is illegally dumped on a vacant lot, violating property owner liability under Sec. 46-45.
"
20260602T140833Z,DT_14th_and_Madison_New_1_20260531T171000.jpg,,,dataset_20260531/DT_14th_and_Madison_New_1/DT_14th_and_Madison_New_1_20260531T171000.jpg,illegal_dumping,done,2026-06-02T14:22:24.210413+00:00,0.046,0.772,0.826,,nvidia/cosmos-reason2-8b,"DUMPING PRESENT: Yes
ORDINANCE VIOLATION: Yes
WASTE TYPE: mixed
WASTE VOLUME: small (pickup truck)
WASTE ORIGIN: residential
PROPERTY TYPE: vacant-lot
ADDRESS MARKERS: NONE
GUTTER/ALLEY: No
WATER PROXIMITY: No
CHRONIC SITE: No
VEHICLES: NONE
IDENTIFIERS: NONE
SEVERITY: 2
ORDINANCE: Sec-46-45
PRIORITY: MEDIUM
SUMMARY: Illegal dumping of mixed waste is observed on a vacant lot, violating property owner liability under Sec. 46-45.
"
20260602T140833Z,DT_14th_and_Madison_New_1_20260531T172000.jpg,,,dataset_20260531/DT_14th_and_Madison_New_1/DT_14th_and_Madison_New_1_20260531T172000.jpg,illegal_dumping,done,2026-06-02T14:22:24.365154+00:00,0.045,0.741,0.791,,nvidia/cosmos-reason2-8b,"DUMPING PRESENT: No
ORDINANCE VIOLATION: No
WASTE TYPE: mixed
WASTE VOLUME: small (pickup truck)
WASTE ORIGIN: residential
PROPERTY TYPE: vacant-lot
ADDRESS MARKERS: <NONE>
GUTTER/ALLEY: No
WATER PROXIMITY: No
CHRONIC SITE: No
VEHICLES: <NONE>
IDENTIFIERS: <NONE>
SEVERITY: 1
ORDINANCE: N/A
PRIORITY: LOW
SUMMARY: No illegal dumping detected in the video."
20260602T140833Z,DT_14th_and_Madison_New_1_20260531T173000.jpg,,,dataset_20260531/DT_14th_and_Madison_New_1/DT_14th_and_Madison_New_1_20260531T173000.jpg,illegal_dumping,done,2026-06-02T14:22:24.668161+00:00,0.045,0.675,0.724,,nvidia/cosmos-reason2-8b,"DUMPING PRESENT: No
ORDINANCE VIOLATION: No
WASTE TYPE: mixed
WASTE VOLUME: small (pickup truck)
WASTE ORIGIN: residential
PROPERTY TYPE: vacant-lot
ADDRESS MARKERS: NONE
GUTTER/ALLEY: No
WATER PROXIMITY: No
CHRONIC SITE: No
VEHICLES: NONE
IDENTIFIERS: NONE
SEVERITY: 1
ORDINANCE: N/A
PRIORITY: LOW
SUMMARY: No illegal dumping detected in the video."
20260602T140833Z,DT_14th_and_Madison_New_1_20260531T174000.jpg,,,dataset_20260531/DT_14th_and_Madison_New_1/DT_14th_and_Madison_New_1_20260531T174000.jpg,illegal_dumping,done,2026-06-02T14:22:24.777625+00:00,0.043,0.755,0.801,,nvidia/cosmos-reason2-8b,"DUMPING PRESENT: No
ORDINANCE VIOLATION: No
WASTE TYPE: mixed
WASTE VOLUME: small (pickup truck)
WASTE ORIGIN: residential
PROPERTY TYPE: vacant-lot
ADDRESS MARKERS: NONE
GUTTER/ALLEY: No
WATER PROXIMITY: No
CHRONIC SITE: No
VEHICLES: NONE
IDENTIFIERS: NONE
SEVERITY: 1
ORDINANCE: N/A
PRIORITY: LOW
SUMMARY: No illegal dumping detected in the video."
20260602T140833Z,DT_14th_and_Madison_New_1_20260531T175000.jpg,,,dataset_20260531/DT_14th_and_Madison_New_1/DT_14th_and_Madison_New_1_20260531T175000.jpg,illegal_dumping,done,2026-06-02T14:22:25.038911+00:00,0.047,0.767,0.818,,nvidia/cosmos-reason2-8b,"DUMPING PRESENT: No
ORDINANCE VIOLATION: No
WASTE TYPE: mixed
WASTE VOLUME: small (pickup truck)
WASTE ORIGIN: residential
PROPERTY TYPE: vacant-lot
ADDRESS MARKERS: NONE
GUTTER/ALLEY: No
WATER PROXIMITY: No
CHRONIC SITE: No
VEHICLES: NONE
IDENTIFIERS: NONE
SEVERITY: 1
ORDINANCE: N/A
PRIORITY: LOW
SUMMARY: No illegal dumping detected; the scene shows a green screen with no discernible waste or property details."
20260602T140833Z,DT_14th_and_Madison_New_1_20260531T180000.jpg,,,dataset_20260531/DT_14th_and_Madison_New_1/DT_14th_and_Madison_New_1_20260531T180000.jpg,illegal_dumping,done,2026-06-02T14:22:25.158038+00:00,0.047,0.888,0.939,,nvidia/cosmos-reason2-8b,"DUMPING PRESENT: Yes
ORDINANCE VIOLATION: Yes
WASTE TYPE: mixed
WASTE VOLUME: small (pickup truck)
WASTE ORIGIN: residential
PROPERTY TYPE: alley
ADDRESS MARKERS: NONE
GUTTER/ALLEY: Yes
WATER PROXIMITY: No
CHRONIC SITE: No
VEHICLES: NONE
IDENTIFIERS: NONE
SEVERITY: 2
ORDINANCE: Sec-46-45
PRIORITY: MEDIUM
SUMMARY: Illegal dumping of mixed waste is present in the alley, violating Brownsville's property owner liability ordinance (Sec. 46-45).
"
20260602T140833Z,DT_14th_and_Madison_New_1_20260531T181000.jpg,,,dataset_20260531/DT_14th_and_Madison_New_1/DT_14th_and_Madison_New_1_20260531T181000.jpg,illegal_dumping,done,2026-06-02T14:22:25.394913+00:00,0.044,1.029,1.078,,nvidia/cosmos-reason2-8b,"DUMPING PRESENT: Yes
ORDINANCE VIOLATION: Yes
WASTE TYPE: mixed
WASTE VOLUME: small (pickup truck)
WASTE ORIGIN: residential
PROPERTY TYPE: right-of-way
ADDRESS MARKERS: NONE
GUTTER/ALLEY: Yes
WATER PROXIMITY: No
CHRONIC SITE: No
VEHICLES: NONE
IDENTIFIERS: NONE
SEVERITY: 3
ORDINANCE: Sec-46-45
PRIORITY: MEDIUM
SUMMARY: Illegal dumping of mixed waste is present in the right-of-way, violating Brownsville's property owner liability ordinance.
"
20260602T140833Z,DT_14th_and_Madison_New_1_20260531T182000.jpg,,,dataset_20260531/DT_14th_and_Madison_New_1/DT_14th_and_Madison_New_1_20260531T182000.jpg,illegal_dumping,done,2026-06-02T14:22:25.581380+00:00,0.038,0.895,0.944,,nvidia/cosmos-reason2-8b,"```json
{
  ""DUMPING PRESENT"": ""No"",
  ""ORDINANCE VIOLATION"": ""No"",
  ""WASTE TYPE"": [],
  ""WASTE VOLUME"": ""small (pickup truck)"",
  ""WASTE ORIGIN"": ""residential"",
  ""PROPERTY TYPE"": ""occupied-private"",
  ""ADDRESS MARKERS"": ""NONE"",
  ""GUTTER/ALLEY"": ""No"",
  ""WATER PROXIMITY"": ""No"",
  ""CHRONIC SITE"": ""No"",
  ""VEHICLES"": ""NONE"",
  ""IDENTIFIERS"": ""NONE"",
  ""SEVERITY"": 1,
  ""ORDINANCE"": ""N/A"",
  ""PRIORITY"": ""LOW"",
  ""SUMMARY"": ""No illegal dumping detected; the scene shows a residential area with no visible waste or debris.""
}
```"
20260602T140833Z,DT_14th_and_Madison_New_1_20260531T183000.jpg,,,dataset_20260531/DT_14th_and_Madison_New_1/DT_14th_and_Madison_New_1_20260531T183000.jpg,illegal_dumping,done,2026-06-02T14:22:25.860027+00:00,0.045,0.774,0.824,,nvidia/cosmos-reason2-8b,"DUMPING PRESENT: Yes
ORDINANCE VIOLATION: Yes
WASTE TYPE: mixed
WASTE VOLUME: small (pickup truck)
WASTE ORIGIN: residential
PROPERTY TYPE: alley
ADDRESS MARKERS: NONE
GUTTER/ALLEY: Yes
WATER PROXIMITY: No
CHRONIC SITE: No
VEHICLES: NONE
IDENTIFIERS: NONE
SEVERITY: 2
ORDINANCE: Sec-46-45
PRIORITY: MEDIUM
SUMMARY: Mixed waste is illegally dumped in an alley, violating Brownsville's property owner liability ordinance.
"
20260602T140833Z,DT_14th_and_Madison_New_1_20260531T184000.jpg,,,dataset_20260531/DT_14th_and_Madison_New_1/DT_14th_and_Madison_New_1_20260531T184000.jpg,illegal_dumping,done,2026-06-02T14:22:26.100092+00:00,0.041,0.74,0.784,,nvidia/cosmos-reason2-8b,"DUMPING PRESENT: Yes
ORDINANCE VIOLATION: Yes
WASTE TYPE: mixed
WASTE VOLUME: small (pickup truck)
WASTE ORIGIN: residential
PROPERTY TYPE: vacant-lot
ADDRESS MARKERS: NONE
GUTTER/ALLEY: No
WATER PROXIMITY: No
CHRONIC SITE: No
VEHICLES: NONE
IDENTIFIERS: NONE
SEVERITY: 2
ORDINANCE: Sec-46-45
PRIORITY: MEDIUM
SUMMARY: Illegal dumping of mixed waste is present on a vacant lot, violating Brownsville's property owner liability ordinance.
"
20260602T140833Z,DT_14th_and_Madison_New_1_20260531T185000.jpg,,,dataset_20260531/DT_14th_and_Madison_New_1/DT_14th_and_Madison_New_1_20260531T185000.jpg,illegal_dumping,done,2026-06-02T14:22:26.475882+00:00,0.048,0.952,1.005,,nvidia/cosmos-reason2-8b,"```json
{
  ""DUMPING PRESENT"": ""Yes"",
  ""ORDINANCE VIOLATION"": ""Yes"",
  ""WASTE TYPE"": ""mixed"",
  ""WASTE VOLUME"": ""medium"",
  ""WASTE ORIGIN"": ""unknown"",
  ""PROPERTY TYPE"": ""right-of-way"",
  ""ADDRESS MARKERS"": ""NONE"",
  ""GUTTER/ALLEY"": ""No"",
  ""WATER PROXIMITY"": ""No"",
  ""CHRONIC SITE"": ""No"",
  ""VEHICLES"": ""NONE"",
  ""IDENTIFIERS"": ""NONE"",
  ""SEVERITY"": ""3"",
  ""ORDINANCE"": ""Sec-46-45"",
  ""PRIORITY"": ""MEDIUM"",
  ""SUMMARY"": ""Illegal dumping of mixed waste is present on a right-of-way, violating Brownsville\u2019s property owner liability ordinance.""
}
```"
20260602T140833Z,DT_14th_and_Madison_New_1_20260531T190000.jpg,,,dataset_20260531/DT_14th_and_Madison_New_1/DT_14th_and_Madison_New_1_20260531T190000.jpg,illegal_dumping,done,2026-06-02T14:22:26.527686+00:00,0.044,1.105,1.153,,nvidia/cosmos-reason2-8b,"DUMPING PRESENT: Yes
ORDINANCE VIOLATION: Yes
WASTE TYPE: mixed
WASTE VOLUME: small (pickup truck)
WASTE ORIGIN: residential
PROPERTY TYPE: vacant-lot
ADDRESS MARKERS: NONE
GUTTER/ALLEY: No
WATER PROXIMITY: No
CHRONIC SITE: No
VEHICLES: NONE
IDENTIFIERS: NONE
SEVERITY: 3
ORDINANCE: Sec-46-45
PRIORITY: MEDIUM
SUMMARY: Illegal dumping of mixed waste is observed on a vacant lot, violating property owner liability under Sec. 46-45.
"
20260602T140833Z,DT_14th_and_Madison_New_1_20260531T191000.jpg,,,dataset_20260531/DT_14th_and_Madison_New_1/DT_14th_and_Madison_New_1_20260531T191000.jpg,illegal_dumping,done,2026-06-02T14:22:26.686688+00:00,0.041,0.995,1.039,,nvidia/cosmos-reason2-8b,"DUMPING PRESENT: Yes
ORDINANCE VIOLATION: Yes
WASTE TYPE: mixed
WASTE VOLUME: small (pickup truck)
WASTE ORIGIN: residential
PROPERTY TYPE: vacant-lot
ADDRESS MARKERS: NONE
GUTTER/ALLEY: Yes
WATER PROXIMITY: No
CHRONIC SITE: No
VEHICLES: NONE
IDENTIFIERS: NONE
SEVERITY: 2
ORDINANCE: Sec-46-45
PRIORITY: MEDIUM
SUMMARY: Illegal dumping of mixed waste is observed on a vacant lot, violating Brownsville's property owner liability ordinance.
"
20260602T140833Z,DT_14th_and_Madison_New_1_20260531T192000.jpg,,,dataset_20260531/DT_14th_and_Madison_New_1/DT_14th_and_Madison_New_1_20260531T192000.jpg,illegal_dumping,done,2026-06-02T14:22:26.886972+00:00,0.039,1.03,1.073,,nvidia/cosmos-reason2-8b,"DUMPING PRESENT: Yes
ORDINANCE VIOLATION: Yes
WASTE TYPE: mixed
WASTE VOLUME: small (pickup truck)
WASTE ORIGIN: residential
PROPERTY TYPE: vacant-lot
ADDRESS MARKERS: NONE
GUTTER/ALLEY: No
WATER PROXIMITY: No
CHRONIC SITE: No
VEHICLES: NONE
IDENTIFIERS: NONE
SEVERITY: 2
ORDINANCE: Sec-46-45
PRIORITY: MEDIUM
SUMMARY: Illegal dumping is occurring on a vacant lot, with mixed waste scattered across the area, violating property owner liability under Sec-46-45.
"
20260602T140833Z,DT_14th_and_Madison_New_1_20260531T193000.jpg,,,dataset_20260531/DT_14th_and_Madison_New_1/DT_14th_and_Madison_New_1_20260531T193000.jpg,illegal_dumping,done,2026-06-02T14:22:27.484088+00:00,0.044,0.809,0.857,,nvidia/cosmos-reason2-8b,"DUMPING PRESENT: Yes
ORDINANCE VIOLATION: Yes
WASTE TYPE: mixed
WASTE VOLUME: small (pickup truck)
WASTE ORIGIN: residential
PROPERTY TYPE: vacant-lot
ADDRESS MARKERS: NONE
GUTTER/ALLEY: No
WATER PROXIMITY: No
CHRONIC SITE: No
VEHICLES: NONE
IDENTIFIERS: NONE
SEVERITY: 3
ORDINANCE: Sec-46-45
PRIORITY: MEDIUM
SUMMARY: Illegal dumping of mixed waste is observed on a vacant lot, violating Brownsville's property owner liability ordinance.
"
20260602T140833Z,DT_14th_and_Madison_New_1_20260531T194000.jpg,,,dataset_20260531/DT_14th_and_Madison_New_1/DT_14th_and_Madison_New_1_20260531T194000.jpg,illegal_dumping,done,2026-06-02T14:22:27.682903+00:00,0.043,0.859,0.907,,nvidia/cosmos-reason2-8b,"DUMPING PRESENT: Yes
ORDINANCE VIOLATION: Yes
WASTE TYPE: mixed
WASTE VOLUME: small (pickup truck)
WASTE ORIGIN: residential
PROPERTY TYPE: vacant-lot
ADDRESS MARKERS: NONE
GUTTER/ALLEY: No
WATER PROXIMITY: No
CHRONIC SITE: No
VEHICLES: NONE
IDENTIFIERS: NONE
SEVERITY: 1
ORDINANCE: Sec-46-45
PRIORITY: LOW
SUMMARY: Illegal dumping of mixed waste is observed on a vacant lot, violating Brownsville's property owner liability ordinance."
20260602T140833Z,DT_14th_and_Madison_New_1_20260531T195000.jpg,,,dataset_20260531/DT_14th_and_Madison_New_1/DT_14th_and_Madison_New_1_20260531T195000.jpg,illegal_dumping,done,2026-06-02T14:22:27.728956+00:00,0.044,0.935,0.989,,nvidia/cosmos-reason2-8b,"DUMPING PRESENT: Yes
ORDINANCE VIOLATION: Yes
WASTE TYPE: mixed
WASTE VOLUME: small (pickup truck)
WASTE ORIGIN: residential
PROPERTY TYPE: vacant-lot
ADDRESS MARKERS: NONE
GUTTER/ALLEY: Yes
WATER PROXIMITY: No
CHRONIC SITE: No
VEHICLES: NONE
IDENTIFIERS: NONE
SEVERITY: 2
ORDINANCE: Sec-46-45
PRIORITY: MEDIUM
SUMMARY: Illegal dumping of mixed waste is present on a vacant lot, violating Brownsville's property owner liability ordinance.
"
20260602T140833Z,DT_14th_and_Madison_New_1_20260531T200000.jpg,,,dataset_20260531/DT_14th_and_Madison_New_1/DT_14th_and_Madison_New_1_20260531T200000.jpg,illegal_dumping,done,2026-06-02T14:22:27.962790+00:00,0.053,0.94,0.999,,nvidia/cosmos-reason2-8b,"DUMPING PRESENT: Yes
ORDINANCE VIOLATION: Yes
WASTE TYPE: mixed
WASTE VOLUME: small (pickup truck)
WASTE ORIGIN: residential
PROPERTY TYPE: vacant-lot
ADDRESS MARKERS: NONE
GUTTER/ALLEY: No
WATER PROXIMITY: No
CHRONIC SITE: No
VEHICLES: NONE
IDENTIFIERS: NONE
SEVERITY: 2
ORDINANCE: Sec-46-45
PRIORITY: MEDIUM
SUMMARY: Illegal dumping of mixed waste is present on a vacant lot, violating Brownsville's property owner liability ordinance.
"
20260602T140833Z,DT_14th_and_Madison_New_1_20260531T201000.jpg,,,dataset_20260531/DT_14th_and_Madison_New_1/DT_14th_and_Madison_New_1_20260531T201000.jpg,illegal_dumping,done,2026-06-02T14:22:28.344864+00:00,0.046,0.73,0.78,,nvidia/cosmos-reason2-8b,"DUMPING PRESENT: No
ORDINANCE VIOLATION: No
WASTE TYPE: mixed
WASTE VOLUME: small (pickup truck)
WASTE ORIGIN: residential
PROPERTY TYPE: vacant-lot
ADDRESS MARKERS: NONE
GUTTER/ALLEY: No
WATER PROXIMITY: No
CHRONIC SITE: No
VEHICLES: NONE
IDENTIFIERS: NONE
SEVERITY: 1
ORDINANCE: N/A
PRIORITY: LOW
SUMMARY: No illegal dumping detected in the video."
20260602T140833Z,DT_14th_and_Madison_New_1_20260531T202000.jpg,,,dataset_20260531/DT_14th_and_Madison_New_1/DT_14th_and_Madison_New_1_20260531T202000.jpg,illegal_dumping,done,2026-06-02T14:22:28.592643+00:00,0.041,0.651,0.696,,nvidia/cosmos-reason2-8b,"DUMPING PRESENT: No
ORDINANCE VIOLATION: No
WASTE TYPE: mixed
WASTE VOLUME: small (pickup truck)
WASTE ORIGIN: residential
PROPERTY TYPE: vacant-lot
ADDRESS MARKERS: NONE
GUTTER/ALLEY: No
WATER PROXIMITY: No
CHRONIC SITE: No
VEHICLES: NONE
IDENTIFIERS: NONE
SEVERITY: 1
ORDINANCE: N/A
PRIORITY: LOW
SUMMARY: No illegal dumping detected in the video."
20260602T140833Z,DT_14th_and_Madison_New_1_20260531T203000.jpg,,,dataset_20260531/DT_14th_and_Madison_New_1/DT_14th_and_Madison_New_1_20260531T203000.jpg,illegal_dumping,done,2026-06-02T14:22:28.720864+00:00,0.039,0.811,0.855,,nvidia/cosmos-reason2-8b,"DUMPING PRESENT: No
ORDINANCE VIOLATION: No
WASTE TYPE: mixed
WASTE VOLUME: small (pickup truck)
WASTE ORIGIN: residential
PROPERTY TYPE: occupied-private
ADDRESS MARKERS: NONE
GUTTER/ALLEY: No
WATER PROXIMITY: No
CHRONIC SITE: No
VEHICLES: NONE
IDENTIFIERS: NONE
SEVERITY: 1
ORDINANCE: N/A
PRIORITY: LOW
SUMMARY: No illegal dumping detected; the scene shows a vibrant, abstract pattern with no discernible waste or violations."
20260602T140833Z,DT_14th_and_Madison_New_1_20260531T204000.jpg,,,dataset_20260531/DT_14th_and_Madison_New_1/DT_14th_and_Madison_New_1_20260531T204000.jpg,illegal_dumping,done,2026-06-02T14:22:28.965032+00:00,0.042,0.672,0.719,,nvidia/cosmos-reason2-8b,"DUMPING PRESENT: No
ORDINANCE VIOLATION: No
WASTE TYPE: mixed
WASTE VOLUME: small (pickup truck)
WASTE ORIGIN: residential
PROPERTY TYPE: vacant-lot
ADDRESS MARKERS: NONE
GUTTER/ALLEY: No
WATER PROXIMITY: No
CHRONIC SITE: No
VEHICLES: NONE
IDENTIFIERS: NONE
SEVERITY: 1
ORDINANCE: N/A
PRIORITY: LOW
SUMMARY: No illegal dumping detected in the video."
20260602T140833Z,DT_14th_and_Madison_New_1_20260531T205000.jpg,,,dataset_20260531/DT_14th_and_Madison_New_1/DT_14th_and_Madison_New_1_20260531T205000.jpg,illegal_dumping,done,2026-06-02T14:22:29.127402+00:00,0.043,0.678,0.724,,nvidia/cosmos-reason2-8b,"DUMPING PRESENT: No
ORDINANCE VIOLATION: No
WASTE TYPE: mixed
WASTE VOLUME: small (pickup truck)
WASTE ORIGIN: residential
PROPERTY TYPE: vacant-lot
ADDRESS MARKERS: NONE
GUTTER/ALLEY: No
WATER PROXIMITY: No
CHRONIC SITE: No
VEHICLES: NONE
IDENTIFIERS: NONE
SEVERITY: 1
ORDINANCE: N/A
PRIORITY: LOW
SUMMARY: No illegal dumping detected in the video."
20260602T140833Z,DT_14th_and_Madison_New_1_20260531T210000.jpg,,,dataset_20260531/DT_14th_and_Madison_New_1/DT_14th_and_Madison_New_1_20260531T210000.jpg,illegal_dumping,done,2026-06-02T14:22:29.291451+00:00,0.048,0.787,0.839,,nvidia/cosmos-reason2-8b,"DUMPING PRESENT: Yes
ORDINANCE VIOLATION: Yes
WASTE TYPE: mixed
WASTE VOLUME: small (pickup truck)
WASTE ORIGIN: residential
PROPERTY TYPE: alley
ADDRESS MARKERS: NONE
GUTTER/ALLEY: Yes
WATER PROXIMITY: No
CHRONIC SITE: No
VEHICLES: NONE
IDENTIFIERS: NONE
SEVERITY: 1
ORDINANCE: Sec-46-45
PRIORITY: LOW
SUMMARY: Mixed waste is illegally dumped in the alley, violating property owner liability under Sec-46-45."
20260602T140833Z,DT_14th_and_Madison_New_1_20260531T211000.jpg,,,dataset_20260531/DT_14th_and_Madison_New_1/DT_14th_and_Madison_New_1_20260531T211000.jpg,illegal_dumping,done,2026-06-02T14:22:29.579082+00:00,0.04,0.749,0.793,,nvidia/cosmos-reason2-8b,"DUMPING PRESENT: Yes
ORDINANCE VIOLATION: Yes
WASTE TYPE: mixed
WASTE VOLUME: small (pickup truck)
WASTE ORIGIN: residential
PROPERTY TYPE: alley
ADDRESS MARKERS: NONE
GUTTER/ALLEY: Yes
WATER PROXIMITY: No
CHRONIC SITE: No
VEHICLES: NONE
IDENTIFIERS: NONE
SEVERITY: 2
ORDINANCE: Sec-46-45
PRIORITY: MEDIUM
SUMMARY: Illegal dumping of mixed waste is observed in an alley, violating Brownsville's property owner liability ordinance.
"
20260602T140833Z,DT_14th_and_Madison_New_1_20260531T212000.jpg,,,dataset_20260531/DT_14th_and_Madison_New_1/DT_14th_and_Madison_New_1_20260531T212000.jpg,illegal_dumping,done,2026-06-02T14:22:29.686487+00:00,0.04,1.109,1.153,,nvidia/cosmos-reason2-8b,"DUMPING PRESENT: Yes
ORDINANCE VIOLATION: Yes
WASTE TYPE: mixed
WASTE VOLUME: small (pickup truck)
WASTE ORIGIN: residential
PROPERTY TYPE: alley
ADDRESS MARKERS: NONE
GUTTER/ALLEY: Yes
WATER PROXIMITY: No
CHRONIC SITE: No
VEHICLES: NONE
IDENTIFIERS: NONE
SEVERITY: 1
ORDINANCE: Sec-46-45
PRIORITY: LOW
SUMMARY: Illegal dumping of mixed waste is present in the alley, violating property owner liability under Sec. 46-45."
20260602T140833Z,DT_14th_and_Madison_New_1_20260531T213000.jpg,,,dataset_20260531/DT_14th_and_Madison_New_1/DT_14th_and_Madison_New_1_20260531T213000.jpg,illegal_dumping,done,2026-06-02T14:22:29.853670+00:00,0.043,0.714,0.76,,nvidia/cosmos-reason2-8b,"DUMPING PRESENT: No
ORDINANCE VIOLATION: No
WASTE TYPE: mixed
WASTE VOLUME: small (pickup truck)
WASTE ORIGIN: residential
PROPERTY TYPE: alley
ADDRESS MARKERS: NONE
GUTTER/ALLEY: Yes
WATER PROXIMITY: No
CHRONIC SITE: No
VEHICLES: NONE
IDENTIFIERS: NONE
SEVERITY: 1
ORDINANCE: N/A
PRIORITY: LOW
SUMMARY: No illegal dumping is observed in the alleyway."
20260602T140833Z,DT_14th_and_Madison_New_1_20260531T214000.jpg,,,dataset_20260531/DT_14th_and_Madison_New_1/DT_14th_and_Madison_New_1_20260531T214000.jpg,illegal_dumping,done,2026-06-02T14:22:30.133201+00:00,0.053,0.791,0.848,,nvidia/cosmos-reason2-8b,"DUMPING PRESENT: Yes
ORDINANCE VIOLATION: Yes
WASTE TYPE: mixed
WASTE VOLUME: small (pickup truck)
WASTE ORIGIN: residential
PROPERTY TYPE: alley
ADDRESS MARKERS: NONE
GUTTER/ALLEY: Yes
WATER PROXIMITY: No
CHRONIC SITE: No
VEHICLES: NONE
IDENTIFIERS: NONE
SEVERITY: 2
ORDINANCE: Sec-46-45
PRIORITY: MEDIUM
SUMMARY: Illegal dumping is present in the alley, violating Brownsville's property owner liability ordinance (Sec. 46-45)."
20260602T140833Z,DT_14th_and_Madison_New_1_20260531T215000.jpg,,,dataset_20260531/DT_14th_and_Madison_New_1/DT_14th_and_Madison_New_1_20260531T215000.jpg,illegal_dumping,done,2026-06-02T14:22:30.374547+00:00,0.041,0.689,0.734,,nvidia/cosmos-reason2-8b,"DUMPING PRESENT: No
ORDINANCE VIOLATION: No
WASTE TYPE: mixed
WASTE VOLUME: small (pickup truck)
WASTE ORIGIN: residential
PROPERTY TYPE: alley
ADDRESS MARKERS: NONE
GUTTER/ALLEY: Yes
WATER PROXIMITY: No
CHRONIC SITE: No
VEHICLES: NONE
IDENTIFIERS: NONE
SEVERITY: 1
ORDINANCE: N/A
PRIORITY: LOW
SUMMARY: No illegal dumping detected in the alleyway; the area appears clean with no visible waste or debris."
20260602T140833Z,DT_14th_and_Madison_New_1_20260531T220000.jpg,,,dataset_20260531/DT_14th_and_Madison_New_1/DT_14th_and_Madison_New_1_20260531T220000.jpg,illegal_dumping,done,2026-06-02T14:22:30.616536+00:00,0.04,0.74,0.783,,nvidia/cosmos-reason2-8b,"DUMPING PRESENT: Yes
ORDINANCE VIOLATION: Yes
WASTE TYPE: mixed
WASTE VOLUME: small (pickup truck)
WASTE ORIGIN: residential
PROPERTY TYPE: alley
ADDRESS MARKERS: NONE
GUTTER/ALLEY: Yes
WATER PROXIMITY: No
CHRONIC SITE: No
VEHICLES: NONE
IDENTIFIERS: NONE
SEVERITY: 2
ORDINANCE: Sec-46-45
PRIORITY: MEDIUM
SUMMARY: Illegal dumping is observed in the alley, violating Brownsville's property owner liability ordinance (Sec. 46-45)."
20260602T140833Z,DT_14th_and_Madison_New_1_20260531T221000.jpg,,,dataset_20260531/DT_14th_and_Madison_New_1/DT_14th_and_Madison_New_1_20260531T221000.jpg,illegal_dumping,done,2026-06-02T14:22:30.841836+00:00,0.039,0.775,0.818,,nvidia/cosmos-reason2-8b,"DUMPING PRESENT: Yes
ORDINANCE VIOLATION: Yes
WASTE TYPE: mixed
WASTE VOLUME: small (pickup truck)
WASTE ORIGIN: residential
PROPERTY TYPE: alley
ADDRESS MARKERS: NONE
GUTTER/ALLEY: Yes
WATER PROXIMITY: No
CHRONIC SITE: No
VEHICLES: NONE
IDENTIFIERS: NONE
SEVERITY: 2
ORDINANCE: Sec-46-45
PRIORITY: MEDIUM
SUMMARY: Illegal dumping is observed in the alley, violating Brownsville's property owner liability ordinance (Sec. 46-45)."
20260602T140833Z,DT_14th_and_Madison_New_1_20260531T222000.jpg,,,dataset_20260531/DT_14th_and_Madison_New_1/DT_14th_and_Madison_New_1_20260531T222000.jpg,illegal_dumping,done,2026-06-02T14:22:30.983587+00:00,0.045,0.825,0.873,,nvidia/cosmos-reason2-8b,"DUMPING PRESENT: Yes
ORDINANCE VIOLATION: Yes
WASTE TYPE: mixed
WASTE VOLUME: small (pickup truck)
WASTE ORIGIN: residential
PROPERTY TYPE: alley
ADDRESS MARKERS: NONE
GUTTER/ALLEY: Yes
WATER PROXIMITY: No
CHRONIC SITE: No
VEHICLES: NONE
IDENTIFIERS: NONE
SEVERITY: 2
ORDINANCE: Sec-46-45
PRIORITY: MEDIUM
SUMMARY: Illegal dumping of mixed waste is observed in an alleyway, violating Brownsville's property owner liability ordinance (Sec. 46-45)."
20260602T140833Z,DT_14th_and_Madison_New_1_20260531T223000.jpg,,,dataset_20260531/DT_14th_and_Madison_New_1/DT_14th_and_Madison_New_1_20260531T223000.jpg,illegal_dumping,done,2026-06-02T14:22:31.111256+00:00,0.041,0.896,0.941,,nvidia/cosmos-reason2-8b,"DUMPING PRESENT: Yes
ORDINANCE VIOLATION: Yes
WASTE TYPE: mixed
WASTE VOLUME: small (pickup truck)
WASTE ORIGIN: residential
PROPERTY TYPE: vacant-lot
ADDRESS MARKERS: NONE
GUTTER/ALLEY: Yes
WATER PROXIMITY: No
CHRONIC SITE: No
VEHICLES: NONE
IDENTIFIERS: NONE
SEVERITY: 3
ORDINANCE: Sec-46-45
PRIORITY: MEDIUM
SUMMARY: Illegal dumping of mixed waste is observed on a vacant lot adjacent to a residential property, violating Brownsville's ordinance on property owner liability for waste disposal.
"
20260602T140833Z,DT_14th_and_Madison_New_1_20260531T224000.jpg,,,dataset_20260531/DT_14th_and_Madison_New_1/DT_14th_and_Madison_New_1_20260531T224000.jpg,illegal_dumping,done,2026-06-02T14:22:31.402073+00:00,0.039,0.679,0.722,,nvidia/cosmos-reason2-8b,"DUMPING PRESENT: No
ORDINANCE VIOLATION: No
WASTE TYPE: mixed
WASTE VOLUME: small (pickup truck)
WASTE ORIGIN: residential
PROPERTY TYPE: alley
ADDRESS MARKERS: NONE
GUTTER/ALLEY: Yes
WATER PROXIMITY: No
CHRONIC SITE: No
VEHICLES: NONE
IDENTIFIERS: NONE
SEVERITY: 1
ORDINANCE: N/A
PRIORITY: LOW
SUMMARY: No illegal dumping detected in the alleyway; the area appears clean with no visible waste or debris."
20260602T140833Z,DT_14th_and_Madison_New_1_20260531T225000.jpg,,,dataset_20260531/DT_14th_and_Madison_New_1/DT_14th_and_Madison_New_1_20260531T225000.jpg,illegal_dumping,done,2026-06-02T14:22:31.662145+00:00,0.043,0.715,0.762,,nvidia/cosmos-reason2-8b,"DUMPING PRESENT: Yes
ORDINANCE VIOLATION: Yes
WASTE TYPE: mixed
WASTE VOLUME: small (pickup truck)
WASTE ORIGIN: residential
PROPERTY TYPE: alley
ADDRESS MARKERS: NONE
GUTTER/ALLEY: Yes
WATER PROXIMITY: No
CHRONIC SITE: No
VEHICLES: NONE
IDENTIFIERS: NONE
SEVERITY: 1
ORDINANCE: Sec-46-45
PRIORITY: LOW
SUMMARY: Mixed waste is illegally dumped in an alley, violating Brownsville's property owner liability ordinance."
20260602T140833Z,DT_14th_and_Madison_New_1_20260531T230000.jpg,,,dataset_20260531/DT_14th_and_Madison_New_1/DT_14th_and_Madison_New_1_20260531T230000.jpg,illegal_dumping,done,2026-06-02T14:22:31.859099+00:00,0.049,0.66,0.712,,nvidia/cosmos-reason2-8b,"DUMPING PRESENT: No
ORDINANCE VIOLATION: No
WASTE TYPE: mixed
WASTE VOLUME: small (pickup truck)
WASTE ORIGIN: residential
PROPERTY TYPE: alley
ADDRESS MARKERS: NONE
GUTTER/ALLEY: Yes
WATER PROXIMITY: No
CHRONIC SITE: No
VEHICLES: NONE
IDENTIFIERS: NONE
SEVERITY: 1
ORDINANCE: N/A
PRIORITY: LOW
SUMMARY: No illegal dumping is observed in the alleyway."
20260602T140833Z,DT_14th_and_Madison_New_1_20260531T231000.jpg,,,dataset_20260531/DT_14th_and_Madison_New_1/DT_14th_and_Madison_New_1_20260531T231000.jpg,illegal_dumping,done,2026-06-02T14:22:32.054431+00:00,0.037,0.844,0.885,,nvidia/cosmos-reason2-8b,"DUMPING PRESENT: Yes
ORDINANCE VIOLATION: Yes
WASTE TYPE: mixed
WASTE VOLUME: small (pickup truck)
WASTE ORIGIN: residential
PROPERTY TYPE: vacant-lot
ADDRESS MARKERS: NONE
GUTTER/ALLEY: Yes
WATER PROXIMITY: No
CHRONIC SITE: No
VEHICLES: NONE
IDENTIFIERS: NONE
SEVERITY: 2
ORDINANCE: Sec-46-45
PRIORITY: MEDIUM
SUMMARY: Illegal dumping is observed on a vacant lot, with mixed waste scattered across the area, violating property owner liability under Sec-46-45.
"
20260602T140833Z,DT_14th_and_Madison_New_1_20260531T232000.jpg,,,dataset_20260531/DT_14th_and_Madison_New_1/DT_14th_and_Madison_New_1_20260531T232000.jpg,illegal_dumping,done,2026-06-02T14:22:32.126216+00:00,0.034,0.91,0.947,,nvidia/cosmos-reason2-8b,"DUMPING PRESENT: Yes
ORDINANCE VIOLATION: Yes
WASTE TYPE: mixed
WASTE VOLUME: small (pickup truck)
WASTE ORIGIN: residential
PROPERTY TYPE: vacant-lot
ADDRESS MARKERS: NONE
GUTTER/ALLEY: No
WATER PROXIMITY: No
CHRONIC SITE: No
VEHICLES: NONE
IDENTIFIERS: NONE
SEVERITY: 2
ORDINANCE: Sec-46-45
PRIORITY: MEDIUM
SUMMARY: Illegal dumping is present on a vacant lot, violating Brownsville's property owner liability ordinance (Sec. 46-45)."
20260602T140833Z,DT_14th_and_Madison_New_1_20260531T233000.jpg,,,dataset_20260531/DT_14th_and_Madison_New_1/DT_14th_and_Madison_New_1_20260531T233000.jpg,illegal_dumping,done,2026-06-02T14:22:32.427149+00:00,0.048,0.83,0.881,,nvidia/cosmos-reason2-8b,"DUMPING PRESENT: Yes
ORDINANCE VIOLATION: Yes
WASTE TYPE: mixed
WASTE VOLUME: small (pickup truck)
WASTE ORIGIN: residential
PROPERTY TYPE: vacant-lot
ADDRESS MARKERS: NONE
GUTTER/ALLEY: No
WATER PROXIMITY: No
CHRONIC SITE: No
VEHICLES: NONE
IDENTIFIERS: NONE
SEVERITY: 2
ORDINANCE: Sec-46-45
PRIORITY: MEDIUM
SUMMARY: Illegal dumping of mixed waste is observed on a vacant lot, violating Brownsville's property owner liability ordinance.
"
20260602T140833Z,DT_14th_and_Madison_New_1_20260531T234000.jpg,,,dataset_20260531/DT_14th_and_Madison_New_1/DT_14th_and_Madison_New_1_20260531T234000.jpg,illegal_dumping,done,2026-06-02T14:22:32.574035+00:00,0.047,0.784,0.834,,nvidia/cosmos-reason2-8b,"DUMPING PRESENT: No
ORDINANCE VIOLATION: No
WASTE TYPE: mixed
WASTE VOLUME: small (pickup truck)
WASTE ORIGIN: residential
PROPERTY TYPE: alley
ADDRESS MARKERS: NONE
GUTTER/ALLEY: Yes
WATER PROXIMITY: No
CHRONIC SITE: No
VEHICLES: NONE
IDENTIFIERS: NONE
SEVERITY: 1
ORDINANCE: N/A
PRIORITY: LOW
SUMMARY: No illegal dumping observed in the alleyway."
20260602T140833Z,DT_14th_and_Madison_New_1_20260531T235000.jpg,,,dataset_20260531/DT_14th_and_Madison_New_1/DT_14th_and_Madison_New_1_20260531T235000.jpg,illegal_dumping,done,2026-06-02T14:22:32.941980+00:00,0.049,0.72,0.775,,nvidia/cosmos-reason2-8b,"DUMPING PRESENT: Yes
ORDINANCE VIOLATION: Yes
WASTE TYPE: mixed
WASTE VOLUME: small (pickup truck)
WASTE ORIGIN: residential
PROPERTY TYPE: vacant-lot
ADDRESS MARKERS: NONE
GUTTER/ALLEY: Yes
WATER PROXIMITY: No
CHRONIC SITE: No
VEHICLES: NONE
IDENTIFIERS: NONE
SEVERITY: 2
ORDINANCE: Sec-46-45
PRIORITY: MEDIUM
SUMMARY: Illegal dumping of mixed waste is observed in a vacant lot, violating Brownsville's property owner liability ordinance.
"
20260602T140833Z,DT_14th_and_Madison_New_4_20260531T000000.jpg,,,dataset_20260531/DT_14th_and_Madison_New_4/DT_14th_and_Madison_New_4_20260531T000000.jpg,illegal_dumping,done,2026-06-02T14:22:33.759042+00:00,0.169,1.504,1.697,,nvidia/cosmos-reason2-8b,"DUMPING PRESENT: Yes
ORDINANCE VIOLATION: Yes
WASTE TYPE: mixed
WASTE VOLUME: small (pickup truck)
WASTE ORIGIN: residential
PROPERTY TYPE: alley
ADDRESS MARKERS: NONE
GUTTER/ALLEY: Yes
WATER PROXIMITY: No
CHRONIC SITE: No
VEHICLES: NONE
IDENTIFIERS: NONE
SEVERITY: 2
ORDINANCE: Sec-46-45
PRIORITY: MEDIUM
SUMMARY: Illegal dumping is observed in the alley, with mixed waste scattered on the ground, violating Brownsville's property owner liability ordinance.
"
20260602T140833Z,DT_14th_and_Madison_New_4_20260531T001000.jpg,,,dataset_20260531/DT_14th_and_Madison_New_4/DT_14th_and_Madison_New_4_20260531T001000.jpg,illegal_dumping,done,2026-06-02T14:22:33.759990+00:00,0.17,1.112,1.305,,nvidia/cosmos-reason2-8b,"DUMPING PRESENT: Yes
ORDINANCE VIOLATION: Yes
WASTE TYPE: mixed
WASTE VOLUME: small (pickup truck)
WASTE ORIGIN: residential
PROPERTY TYPE: alley
ADDRESS MARKERS: NONE
GUTTER/ALLEY: Yes
WATER PROXIMITY: No
CHRONIC SITE: No
VEHICLES: NONE
IDENTIFIERS: NONE
SEVERITY: 2
ORDINANCE: Sec-46-45
PRIORITY: MEDIUM
SUMMARY: Illegal dumping is present in the alley, with mixed waste scattered on the ground, violating property owner liability under Sec-46-45.
"
20260602T140833Z,DT_14th_and_Madison_New_4_20260531T002000.jpg,,,dataset_20260531/DT_14th_and_Madison_New_4/DT_14th_and_Madison_New_4_20260531T002000.jpg,illegal_dumping,done,2026-06-02T14:22:33.760722+00:00,0.17,0.738,0.931,,nvidia/cosmos-reason2-8b,"DUMPING PRESENT: Yes
ORDINANCE VIOLATION: Yes
WASTE TYPE: mixed
WASTE VOLUME: small (pickup truck)
WASTE ORIGIN: residential
PROPERTY TYPE: alley
ADDRESS MARKERS: NONE
GUTTER/ALLEY: Yes
WATER PROXIMITY: No
CHRONIC SITE: No
VEHICLES: NONE
IDENTIFIERS: NONE
SEVERITY: 2
ORDINANCE: Sec-46-45
PRIORITY: MEDIUM
SUMMARY: Illegal dumping is observed in the alley, with mixed waste scattered across the ground, violating Brownsville's ordinance on property owner liability.
"
20260602T140833Z,DT_14th_and_Madison_New_4_20260531T003000.jpg,,,dataset_20260531/DT_14th_and_Madison_New_4/DT_14th_and_Madison_New_4_20260531T003000.jpg,illegal_dumping,done,2026-06-02T14:22:33.762056+00:00,0.169,1.331,1.522,,nvidia/cosmos-reason2-8b,"DUMPING PRESENT: Yes
ORDINANCE VIOLATION: Yes
WASTE TYPE: mixed
WASTE VOLUME: small (pickup truck)
WASTE ORIGIN: residential
PROPERTY TYPE: alley
ADDRESS MARKERS: NONE
GUTTER/ALLEY: Yes
WATER PROXIMITY: No
CHRONIC SITE: No
VEHICLES: NONE
IDENTIFIERS: NONE
SEVERITY: 2
ORDINANCE: Sec-46-45
PRIORITY: MEDIUM
SUMMARY: Illegal dumping is occurring in an alleyway, with mixed waste scattered on the ground, violating Brownsville's property owner liability ordinance.
"
20260602T140833Z,DT_14th_and_Madison_New_4_20260531T004000.jpg,,,dataset_20260531/DT_14th_and_Madison_New_4/DT_14th_and_Madison_New_4_20260531T004000.jpg,illegal_dumping,done,2026-06-02T14:22:34.694588+00:00,0.044,0.826,0.874,,nvidia/cosmos-reason2-8b,"DUMPING PRESENT: Yes
ORDINANCE VIOLATION: Yes
WASTE TYPE: mixed
WASTE VOLUME: small (pickup truck)
WASTE ORIGIN: residential
PROPERTY TYPE: alley
ADDRESS MARKERS: NONE
GUTTER/ALLEY: Yes
WATER PROXIMITY: No
CHRONIC SITE: No
VEHICLES: NONE
IDENTIFIERS: NONE
SEVERITY: 2
ORDINANCE: Sec-46-45
PRIORITY: MEDIUM
SUMMARY: Illegal dumping is occurring in an alleyway, with mixed waste scattered across the ground, violating property owner liability under Sec-46-45.
"
20260602T140833Z,DT_14th_and_Madison_New_4_20260531T005000.jpg,,,dataset_20260531/DT_14th_and_Madison_New_4/DT_14th_and_Madison_New_4_20260531T005000.jpg,illegal_dumping,done,2026-06-02T14:22:35.068035+00:00,0.05,0.787,0.84,,nvidia/cosmos-reason2-8b,"DUMPING PRESENT: Yes
ORDINANCE VIOLATION: Yes
WASTE TYPE: mixed
WASTE VOLUME: small (pickup truck)
WASTE ORIGIN: residential
PROPERTY TYPE: alley
ADDRESS MARKERS: NONE
GUTTER/ALLEY: Yes
WATER PROXIMITY: No
CHRONIC SITE: No
VEHICLES: NONE
IDENTIFIERS: NONE
SEVERITY: 2
ORDINANCE: Sec-46-45
PRIORITY: MEDIUM
SUMMARY: Illegal dumping of mixed waste is present in the alley, violating Brownsville's ordinance against improper disposal on private or public property.
"
20260602T140833Z,DT_14th_and_Madison_New_4_20260531T010000.jpg,,,dataset_20260531/DT_14th_and_Madison_New_4/DT_14th_and_Madison_New_4_20260531T010000.jpg,illegal_dumping,done,2026-06-02T14:22:35.286834+00:00,0.038,0.852,0.893,,nvidia/cosmos-reason2-8b,"DUMPING PRESENT: Yes
ORDINANCE VIOLATION: Yes
WASTE TYPE: mixed
WASTE VOLUME: small (pickup truck)
WASTE ORIGIN: residential
PROPERTY TYPE: right-of-way
ADDRESS MARKERS: NONE
GUTTER/ALLEY: Yes
WATER PROXIMITY: No
CHRONIC SITE: No
VEHICLES: NONE
IDENTIFIERS: NONE
SEVERITY: 2
ORDINANCE: Sec-46-45
PRIORITY: MEDIUM
SUMMARY: Illegal dumping of mixed waste is observed in the right-of-way, violating Brownsville's property owner liability ordinance (Sec. 46-45)."
20260602T140833Z,DT_14th_and_Madison_New_4_20260531T011000.jpg,,,dataset_20260531/DT_14th_and_Madison_New_4/DT_14th_and_Madison_New_4_20260531T011000.jpg,illegal_dumping,done,2026-06-02T14:22:35.458657+00:00,0.049,0.79,0.842,,nvidia/cosmos-reason2-8b,"DUMPING PRESENT: No
ORDINANCE VIOLATION: No
WASTE TYPE: mixed
WASTE VOLUME: small (pickup truck)
WASTE ORIGIN: residential
PROPERTY TYPE: vacant-lot
ADDRESS MARKERS: NONE
GUTTER/ALLEY: No
WATER PROXIMITY: No
CHRONIC SITE: No
VEHICLES: NONE
IDENTIFIERS: NONE
SEVERITY: 1
ORDINANCE: N/A
PRIORITY: LOW
SUMMARY: No illegal dumping detected; the image shows a colorful, abstract pattern with no identifiable waste or property details."
20260602T140833Z,DT_14th_and_Madison_New_4_20260531T012000.jpg,,,dataset_20260531/DT_14th_and_Madison_New_4/DT_14th_and_Madison_New_4_20260531T012000.jpg,illegal_dumping,done,2026-06-02T14:22:35.572129+00:00,0.046,0.897,0.948,,nvidia/cosmos-reason2-8b,"DUMPING PRESENT: Yes
ORDINANCE VIOLATION: Yes
WASTE TYPE: mixed
WASTE VOLUME: small (pickup truck)
WASTE ORIGIN: residential
PROPERTY TYPE: alley
ADDRESS MARKERS: NONE
GUTTER/ALLEY: Yes
WATER PROXIMITY: No
CHRONIC SITE: No
VEHICLES: NONE
IDENTIFIERS: NONE
SEVERITY: 1
ORDINANCE: Sec-46-45
PRIORITY: LOW
SUMMARY: Illegal dumping of mixed waste is observed in the alley, violating Brownsville's property owner liability ordinance (Sec. 46-45)."
20260602T140833Z,DT_14th_and_Madison_New_4_20260531T013000.jpg,,,dataset_20260531/DT_14th_and_Madison_New_4/DT_14th_and_Madison_New_4_20260531T013000.jpg,illegal_dumping,done,2026-06-02T14:22:35.911026+00:00,0.045,0.784,0.833,,nvidia/cosmos-reason2-8b,"DUMPING PRESENT: Yes
ORDINANCE VIOLATION: Yes
WASTE TYPE: mixed
WASTE VOLUME: small (pickup truck)
WASTE ORIGIN: residential
PROPERTY TYPE: right-of-way
ADDRESS MARKERS: NONE
GUTTER/ALLEY: Yes
WATER PROXIMITY: No
CHRONIC SITE: No
VEHICLES: NONE
IDENTIFIERS: NONE
SEVERITY: 2
ORDINANCE: Sec-46-45
PRIORITY: MEDIUM
SUMMARY: Illegal dumping of mixed waste is observed in the right-of-way, violating Brownsville's property owner liability ordinance.
"
20260602T140833Z,DT_14th_and_Madison_New_4_20260531T014000.jpg,,,dataset_20260531/DT_14th_and_Madison_New_4/DT_14th_and_Madison_New_4_20260531T014000.jpg,illegal_dumping,done,2026-06-02T14:22:36.182420+00:00,0.045,0.838,0.886,,nvidia/cosmos-reason2-8b,"DUMPING PRESENT: Yes
ORDINANCE VIOLATION: Yes
WASTE TYPE: mixed
WASTE VOLUME: small (pickup truck)
WASTE ORIGIN: residential
PROPERTY TYPE: alley
ADDRESS MARKERS: NONE
GUTTER/ALLEY: Yes
WATER PROXIMITY: No
CHRONIC SITE: No
VEHICLES: NONE
IDENTIFIERS: NONE
SEVERITY: 2
ORDINANCE: Sec-46-45
PRIORITY: MEDIUM
SUMMARY: Illegal dumping of mixed waste is observed in the alley, violating Brownsville's ordinance against waste disposal on private or public property.
"
20260602T140833Z,DT_14th_and_Madison_New_4_20260531T015000.jpg,,,dataset_20260531/DT_14th_and_Madison_New_4/DT_14th_and_Madison_New_4_20260531T015000.jpg,illegal_dumping,done,2026-06-02T14:22:36.302862+00:00,0.039,0.945,0.989,,nvidia/cosmos-reason2-8b,"DUMPING PRESENT: Yes
ORDINANCE VIOLATION: Yes
WASTE TYPE: mixed
WASTE VOLUME: small (pickup truck)
WASTE ORIGIN: residential
PROPERTY TYPE: alley
ADDRESS MARKERS: NONE
GUTTER/ALLEY: Yes
WATER PROXIMITY: No
CHRONIC SITE: No
VEHICLES: NONE
IDENTIFIERS: NONE
SEVERITY: 2
ORDINANCE: Sec-46-45
PRIORITY: MEDIUM
SUMMARY: Illegal dumping of mixed waste is observed in the alley, violating Brownsville's property owner liability ordinance (Sec. 46-45)."
20260602T140833Z,DT_14th_and_Madison_New_4_20260531T020000.jpg,,,dataset_20260531/DT_14th_and_Madison_New_4/DT_14th_and_Madison_New_4_20260531T020000.jpg,illegal_dumping,done,2026-06-02T14:22:36.522682+00:00,0.049,0.889,0.942,,nvidia/cosmos-reason2-8b,"DUMPING PRESENT: Yes
ORDINANCE VIOLATION: Yes
WASTE TYPE: mixed
WASTE VOLUME: small (pickup truck)
WASTE ORIGIN: residential
PROPERTY TYPE: alley
ADDRESS MARKERS: NONE
GUTTER/ALLEY: Yes
WATER PROXIMITY: No
CHRONIC SITE: No
VEHICLES: NONE
IDENTIFIERS: NONE
SEVERITY: 2
ORDINANCE: Sec-46-45
PRIORITY: MEDIUM
SUMMARY: Illegal dumping of mixed waste is observed in an alleyway, violating Brownsville's ordinance on property owner liability for waste disposal.
"
20260602T140833Z,DT_14th_and_Madison_New_4_20260531T021000.jpg,,,dataset_20260531/DT_14th_and_Madison_New_4/DT_14th_and_Madison_New_4_20260531T021000.jpg,illegal_dumping,done,2026-06-02T14:22:36.746528+00:00,0.046,0.811,0.861,,nvidia/cosmos-reason2-8b,"DUMPING PRESENT: Yes
ORDINANCE VIOLATION: Yes
WASTE TYPE: mixed
WASTE VOLUME: small (pickup truck)
WASTE ORIGIN: residential
PROPERTY TYPE: alley
ADDRESS MARKERS: NONE
GUTTER/ALLEY: Yes
WATER PROXIMITY: No
CHRONIC SITE: No
VEHICLES: NONE
IDENTIFIERS: NONE
SEVERITY: 2
ORDINANCE: Sec-46-45
PRIORITY: MEDIUM
SUMMARY: Illegal dumping of mixed waste is observed in an alley, violating Brownsville's property owner liability ordinance.
"
20260602T140833Z,DT_14th_and_Madison_New_4_20260531T022000.jpg,,,dataset_20260531/DT_14th_and_Madison_New_4/DT_14th_and_Madison_New_4_20260531T022000.jpg,illegal_dumping,done,2026-06-02T14:22:37.071372+00:00,0.042,0.803,0.848,,nvidia/cosmos-reason2-8b,"DUMPING PRESENT: Yes
ORDINANCE VIOLATION: Yes
WASTE TYPE: mixed
WASTE VOLUME: small (pickup truck)
WASTE ORIGIN: residential
PROPERTY TYPE: alley
ADDRESS MARKERS: NONE
GUTTER/ALLEY: Yes
WATER PROXIMITY: No
CHRONIC SITE: No
VEHICLES: NONE
IDENTIFIERS: NONE
SEVERITY: 2
ORDINANCE: Sec-46-45
PRIORITY: MEDIUM
SUMMARY: Illegal dumping is present in the alley, with mixed waste scattered on the ground, violating property owner liability under Sec. 46-45.
"
20260602T140833Z,DT_14th_and_Madison_New_4_20260531T023000.jpg,,,dataset_20260531/DT_14th_and_Madison_New_4/DT_14th_and_Madison_New_4_20260531T023000.jpg,illegal_dumping,done,2026-06-02T14:22:37.293935+00:00,0.039,0.711,0.754,,nvidia/cosmos-reason2-8b,"DUMPING PRESENT: Yes
ORDINANCE VIOLATION: Yes
WASTE TYPE: mixed
WASTE VOLUME: small (pickup truck)
WASTE ORIGIN: residential
PROPERTY TYPE: alley
ADDRESS MARKERS: NONE
GUTTER/ALLEY: Yes
WATER PROXIMITY: No
CHRONIC SITE: No
VEHICLES: NONE
IDENTIFIERS: NONE
SEVERITY: 2
ORDINANCE: Sec-46-45
PRIORITY: MEDIUM
SUMMARY: Illegal dumping of mixed waste is present in the alley, violating Brownsville's property owner liability ordinance.
"
20260602T140833Z,DT_14th_and_Madison_New_4_20260531T024000.jpg,,,dataset_20260531/DT_14th_and_Madison_New_4/DT_14th_and_Madison_New_4_20260531T024000.jpg,illegal_dumping,done,2026-06-02T14:22:37.467211+00:00,0.05,1.02,1.074,,nvidia/cosmos-reason2-8b,"```json
{
  ""DUMPING PRESENT"": ""Yes"",
  ""ORDINANCE VIOLATION"": ""Yes"",
  ""WASTE TYPE"": [
    ""mixed""
  ],
  ""WASTE VOLUME"": ""small"",
  ""WASTE ORIGIN"": ""unknown"",
  ""PROPERTY TYPE"": ""right-of-way"",
  ""ADDRESS MARKERS"": ""NONE"",
  ""GUTTER/ALLEY"": ""No"",
  ""WATER PROXIMITY"": ""No"",
  ""CHRONIC SITE"": ""No"",
  ""VEHICLES"": ""NONE"",
  ""IDENTIFIERS"": ""NONE"",
  ""SEVERITY"": ""2"",
  ""ORDINANCE"": ""Sec-46-45"",
  ""PRIORITY"": ""MEDIUM"",
  ""SUMMARY"": ""Illegal dumping of mixed waste is observed in a right-of-way area, violating Brownsville\u2019s property owner liability ordinance.""
}
```"
20260602T140833Z,DT_14th_and_Madison_New_4_20260531T025000.jpg,,,dataset_20260531/DT_14th_and_Madison_New_4/DT_14th_and_Madison_New_4_20260531T025000.jpg,illegal_dumping,done,2026-06-02T14:22:37.610672+00:00,0.044,0.838,0.886,,nvidia/cosmos-reason2-8b,"DUMPING PRESENT: Yes
ORDINANCE VIOLATION: Yes
WASTE TYPE: mixed
WASTE VOLUME: small (pickup truck)
WASTE ORIGIN: residential
PROPERTY TYPE: alley
ADDRESS MARKERS: NONE
GUTTER/ALLEY: Yes
WATER PROXIMITY: No
CHRONIC SITE: No
VEHICLES: NONE
IDENTIFIERS: NONE
SEVERITY: 2
ORDINANCE: Sec-46-45
PRIORITY: MEDIUM
SUMMARY: Illegal dumping of mixed waste is observed in an alley, violating Brownsville's property owner liability ordinance.
"
20260602T140833Z,DT_14th_and_Madison_New_4_20260531T030000.jpg,,,dataset_20260531/DT_14th_and_Madison_New_4/DT_14th_and_Madison_New_4_20260531T030000.jpg,illegal_dumping,done,2026-06-02T14:22:37.922567+00:00,0.045,0.858,0.906,,nvidia/cosmos-reason2-8b,"DUMPING PRESENT: Yes
ORDINANCE VIOLATION: Yes
WASTE TYPE: mixed
WASTE VOLUME: small (pickup truck)
WASTE ORIGIN: unknown
PROPERTY TYPE: alley
ADDRESS MARKERS: NONE
GUTTER/ALLEY: Yes
WATER PROXIMITY: No
CHRONIC SITE: No
VEHICLES: NONE
IDENTIFIERS: NONE
SEVERITY: 1
ORDINANCE: Sec-46-45
PRIORITY: LOW
SUMMARY: Illegal dumping is present in the alley, violating Brownsville's ordinance on property owner liability for waste disposal."
20260602T140833Z,DT_14th_and_Madison_New_4_20260531T031000.jpg,,,dataset_20260531/DT_14th_and_Madison_New_4/DT_14th_and_Madison_New_4_20260531T031000.jpg,illegal_dumping,done,2026-06-02T14:22:38.050135+00:00,0.045,0.873,0.923,,nvidia/cosmos-reason2-8b,"DUMPING PRESENT: Yes
ORDINANCE VIOLATION: Yes
WASTE TYPE: mixed
WASTE VOLUME: small (pickup truck)
WASTE ORIGIN: residential
PROPERTY TYPE: right-of-way
ADDRESS MARKERS: NONE
GUTTER/ALLEY: Yes
WATER PROXIMITY: No
CHRONIC SITE: No
VEHICLES: NONE
IDENTIFIERS: NONE
SEVERITY: 2
ORDINANCE: Sec-46-45
PRIORITY: MEDIUM
SUMMARY: Illegal dumping of mixed waste is present in the right-of-way, violating Brownsville's property owner liability ordinance.
"
20260602T140833Z,DT_14th_and_Madison_New_4_20260531T032000.jpg,,,dataset_20260531/DT_14th_and_Madison_New_4/DT_14th_and_Madison_New_4_20260531T032000.jpg,illegal_dumping,done,2026-06-02T14:22:38.499504+00:00,0.042,0.811,0.857,,nvidia/cosmos-reason2-8b,"DUMPING PRESENT: Yes
ORDINANCE VIOLATION: Yes
WASTE TYPE: mixed
WASTE VOLUME: small (pickup truck)
WASTE ORIGIN: residential
PROPERTY TYPE: vacant-lot
ADDRESS MARKERS: NONE
GUTTER/ALLEY: No
WATER PROXIMITY: No
CHRONIC SITE: No
VEHICLES: NONE
IDENTIFIERS: NONE
SEVERITY: 2
ORDINANCE: Sec-46-45
PRIORITY: MEDIUM
SUMMARY: Illegal dumping of mixed waste is observed on a vacant lot, violating Brownsville's property owner liability ordinance.
"
20260602T140833Z,DT_14th_and_Madison_New_4_20260531T033000.jpg,,,dataset_20260531/DT_14th_and_Madison_New_4/DT_14th_and_Madison_New_4_20260531T033000.jpg,illegal_dumping,done,2026-06-02T14:22:38.544099+00:00,0.051,0.904,0.959,,nvidia/cosmos-reason2-8b,"DUMPING PRESENT: Yes
ORDINANCE VIOLATION: Yes
WASTE TYPE: mixed
WASTE VOLUME: small (pickup truck)
WASTE ORIGIN: residential
PROPERTY TYPE: alley
ADDRESS MARKERS: NONE
GUTTER/ALLEY: Yes
WATER PROXIMITY: No
CHRONIC SITE: No
VEHICLES: NONE
IDENTIFIERS: NONE
SEVERITY: 2
ORDINANCE: Sec-46-45
PRIORITY: MEDIUM
SUMMARY: Illegal dumping is present in the alley, with mixed waste scattered on the ground, violating property owner liability under Sec-46-45.
"
20260602T140833Z,DT_14th_and_Madison_New_4_20260531T034000.jpg,,,dataset_20260531/DT_14th_and_Madison_New_4/DT_14th_and_Madison_New_4_20260531T034000.jpg,illegal_dumping,done,2026-06-02T14:22:38.831421+00:00,0.045,0.874,0.923,,nvidia/cosmos-reason2-8b,"DUMPING PRESENT: Yes
ORDINANCE VIOLATION: Yes
WASTE TYPE: mixed
WASTE VOLUME: small (pickup truck)
WASTE ORIGIN: residential
PROPERTY TYPE: alley
ADDRESS MARKERS: NONE
GUTTER/ALLEY: Yes
WATER PROXIMITY: No
CHRONIC SITE: No
VEHICLES: NONE
IDENTIFIERS: NONE
SEVERITY: 2
ORDINANCE: Sec-46-45
PRIORITY: MEDIUM
SUMMARY: Illegal dumping of mixed waste is observed in an alley, violating Brownsville's property owner liability ordinance (Sec. 46-45)."
20260602T140833Z,DT_14th_and_Madison_New_4_20260531T035000.jpg,,,dataset_20260531/DT_14th_and_Madison_New_4/DT_14th_and_Madison_New_4_20260531T035000.jpg,illegal_dumping,done,2026-06-02T14:22:38.976011+00:00,0.042,0.942,0.987,,nvidia/cosmos-reason2-8b,"DUMPING PRESENT: Yes
ORDINANCE VIOLATION: Yes
WASTE TYPE: mixed
WASTE VOLUME: small (pickup truck)
WASTE ORIGIN: residential
PROPERTY TYPE: alley
ADDRESS MARKERS: NONE
GUTTER/ALLEY: Yes
WATER PROXIMITY: No
CHRONIC SITE: No
VEHICLES: NONE
IDENTIFIERS: NONE
SEVERITY: 2
ORDINANCE: Sec-46-45
PRIORITY: MEDIUM
SUMMARY: Illegal dumping is occurring in an alleyway, with mixed waste scattered across the ground, violating property owner liability under Sec-46-45.
"
20260602T140833Z,DT_14th_and_Madison_New_4_20260531T040000.jpg,,,dataset_20260531/DT_14th_and_Madison_New_4/DT_14th_and_Madison_New_4_20260531T040000.jpg,illegal_dumping,done,2026-06-02T14:22:39.359218+00:00,0.051,0.749,0.804,,nvidia/cosmos-reason2-8b,"DUMPING PRESENT: Yes
ORDINANCE VIOLATION: Yes
WASTE TYPE: mixed
WASTE VOLUME: small (pickup truck)
WASTE ORIGIN: residential
PROPERTY TYPE: right-of-way
ADDRESS MARKERS: NONE
GUTTER/ALLEY: Yes
WATER PROXIMITY: No
CHRONIC SITE: No
VEHICLES: NONE
IDENTIFIERS: NONE
SEVERITY: 2
ORDINANCE: Sec-46-45
PRIORITY: MEDIUM
SUMMARY: Illegal dumping of mixed waste is observed in a right-of-way, violating Brownsville's property owner liability ordinance.
"
20260602T140833Z,DT_14th_and_Madison_New_4_20260531T041000.jpg,,,dataset_20260531/DT_14th_and_Madison_New_4/DT_14th_and_Madison_New_4_20260531T041000.jpg,illegal_dumping,done,2026-06-02T14:22:39.506281+00:00,0.042,0.825,0.871,,nvidia/cosmos-reason2-8b,"DUMPING PRESENT: Yes
ORDINANCE VIOLATION: Yes
WASTE TYPE: mixed
WASTE VOLUME: small (pickup truck)
WASTE ORIGIN: unknown
PROPERTY TYPE: right-of-way
ADDRESS MARKERS: NONE
GUTTER/ALLEY: Yes
WATER PROXIMITY: No
CHRONIC SITE: No
VEHICLES: NONE
IDENTIFIERS: NONE
SEVERITY: 2
ORDINANCE: Sec-46-45
PRIORITY: MEDIUM
SUMMARY: Illegal dumping is present in the right-of-way, violating Brownsville's property owner liability ordinance, with mixed waste scattered along the gutter.
"
20260602T140833Z,DT_14th_and_Madison_New_4_20260531T042000.jpg,,,dataset_20260531/DT_14th_and_Madison_New_4/DT_14th_and_Madison_New_4_20260531T042000.jpg,illegal_dumping,done,2026-06-02T14:22:39.757121+00:00,0.05,0.735,0.788,,nvidia/cosmos-reason2-8b,"DUMPING PRESENT: Yes
ORDINANCE VIOLATION: Yes
WASTE TYPE: mixed
WASTE VOLUME: small (pickup truck)
WASTE ORIGIN: residential
PROPERTY TYPE: vacant-lot
ADDRESS MARKERS: NONE
GUTTER/ALLEY: No
WATER PROXIMITY: No
CHRONIC SITE: No
VEHICLES: NONE
IDENTIFIERS: NONE
SEVERITY: 2
ORDINANCE: Sec-46-45
PRIORITY: MEDIUM
SUMMARY: Illegal dumping of mixed waste is observed on a vacant lot, violating Brownsville's property owner liability ordinance.
"
20260602T140833Z,DT_14th_and_Madison_New_4_20260531T043000.jpg,,,dataset_20260531/DT_14th_and_Madison_New_4/DT_14th_and_Madison_New_4_20260531T043000.jpg,illegal_dumping,done,2026-06-02T14:22:39.965599+00:00,0.048,0.862,0.914,,nvidia/cosmos-reason2-8b,"DUMPING PRESENT: Yes
ORDINANCE VIOLATION: Yes
WASTE TYPE: mixed
WASTE VOLUME: small (pickup truck)
WASTE ORIGIN: residential
PROPERTY TYPE: alley
ADDRESS MARKERS: NONE
GUTTER/ALLEY: Yes
WATER PROXIMITY: No
CHRONIC SITE: No
VEHICLES: NONE
IDENTIFIERS: NONE
SEVERITY: 2
ORDINANCE: Sec-46-45
PRIORITY: MEDIUM
SUMMARY: Illegal dumping of mixed waste is observed in an alleyway, violating Brownsville's property owner liability ordinance (Sec. 46-45).
"
20260602T140833Z,DT_14th_and_Madison_New_4_20260531T044000.jpg,,,dataset_20260531/DT_14th_and_Madison_New_4/DT_14th_and_Madison_New_4_20260531T044000.jpg,illegal_dumping,done,2026-06-02T14:22:40.165646+00:00,0.037,0.782,0.824,,nvidia/cosmos-reason2-8b,"DUMPING PRESENT: Yes
ORDINANCE VIOLATION: Yes
WASTE TYPE: mixed
WASTE VOLUME: small (pickup truck)
WASTE ORIGIN: unknown
PROPERTY TYPE: right-of-way
ADDRESS MARKERS: NONE
GUTTER/ALLEY: Yes
WATER PROXIMITY: No
CHRONIC SITE: No
VEHICLES: NONE
IDENTIFIERS: NONE
SEVERITY: 2
ORDINANCE: Sec-46-45
PRIORITY: MEDIUM
SUMMARY: Illegal dumping is observed in the right-of-way, with mixed waste scattered on the ground, violating property owner liability under Sec-46-45.
"
20260602T140833Z,DT_14th_and_Madison_New_4_20260531T045000.jpg,,,dataset_20260531/DT_14th_and_Madison_New_4/DT_14th_and_Madison_New_4_20260531T045000.jpg,illegal_dumping,done,2026-06-02T14:22:40.380890+00:00,0.046,0.755,0.805,,nvidia/cosmos-reason2-8b,"DUMPING PRESENT: Yes
ORDINANCE VIOLATION: Yes
WASTE TYPE: mixed
WASTE VOLUME: small (pickup truck)
WASTE ORIGIN: residential
PROPERTY TYPE: alley
ADDRESS MARKERS: NONE
GUTTER/ALLEY: Yes
WATER PROXIMITY: No
CHRONIC SITE: No
VEHICLES: NONE
IDENTIFIERS: NONE
SEVERITY: 2
ORDINANCE: Sec-46-45
PRIORITY: MEDIUM
SUMMARY: Illegal dumping is observed in the alley, with mixed waste scattered on the ground, violating Brownsville's property owner liability ordinance.
"
20260602T140833Z,DT_14th_and_Madison_New_4_20260531T050000.jpg,,,dataset_20260531/DT_14th_and_Madison_New_4/DT_14th_and_Madison_New_4_20260531T050000.jpg,illegal_dumping,done,2026-06-02T14:22:40.547783+00:00,0.043,0.885,0.932,,nvidia/cosmos-reason2-8b,"DUMPING PRESENT: Yes
ORDINANCE VIOLATION: Yes
WASTE TYPE: mixed
WASTE VOLUME: small (pickup truck)
WASTE ORIGIN: residential
PROPERTY TYPE: right-of-way
ADDRESS MARKERS: NONE
GUTTER/ALLEY: Yes
WATER PROXIMITY: No
CHRONIC SITE: No
VEHICLES: NONE
IDENTIFIERS: NONE
SEVERITY: 2
ORDINANCE: Sec-46-45
PRIORITY: MEDIUM
SUMMARY: Illegal dumping of mixed waste is occurring in a right-of-way, violating Brownsville's property owner liability ordinance (Sec. 46-45).
"
20260602T140833Z,DT_14th_and_Madison_New_4_20260531T051000.jpg,,,dataset_20260531/DT_14th_and_Madison_New_4/DT_14th_and_Madison_New_4_20260531T051000.jpg,illegal_dumping,done,2026-06-02T14:22:40.882023+00:00,0.04,0.827,0.872,,nvidia/cosmos-reason2-8b,"DUMPING PRESENT: Yes
ORDINANCE VIOLATION: Yes
WASTE TYPE: mixed
WASTE VOLUME: small (pickup truck)
WASTE ORIGIN: residential
PROPERTY TYPE: right-of-way
ADDRESS MARKERS: NONE
GUTTER/ALLEY: Yes
WATER PROXIMITY: No
CHRONIC SITE: No
VEHICLES: NONE
IDENTIFIERS: NONE
SEVERITY: 2
ORDINANCE: Sec-46-45
PRIORITY: MEDIUM
SUMMARY: Illegal dumping of mixed waste is observed in a right-of-way, violating Brownsville's property owner liability ordinance.
"
20260602T140833Z,DT_14th_and_Madison_New_4_20260531T060000.jpg,,,dataset_20260531/DT_14th_and_Madison_New_4/DT_14th_and_Madison_New_4_20260531T060000.jpg,illegal_dumping,done,2026-06-02T14:22:40.992080+00:00,0.039,0.915,0.957,,nvidia/cosmos-reason2-8b,"DUMPING PRESENT: Yes
ORDINANCE VIOLATION: Yes
WASTE TYPE: mixed
WASTE VOLUME: small (pickup truck)
WASTE ORIGIN: residential
PROPERTY TYPE: alley
ADDRESS MARKERS: NONE
GUTTER/ALLEY: Yes
WATER PROXIMITY: No
CHRONIC SITE: No
VEHICLES: NONE
IDENTIFIERS: NONE
SEVERITY: 2
ORDINANCE: Sec-46-45
PRIORITY: MEDIUM
SUMMARY: Illegal dumping of mixed waste is observed in an alley, violating Brownsville's property owner liability ordinance.
"
20260602T140833Z,DT_14th_and_Madison_New_4_20260531T061000.jpg,,,dataset_20260531/DT_14th_and_Madison_New_4/DT_14th_and_Madison_New_4_20260531T061000.jpg,illegal_dumping,done,2026-06-02T14:22:41.189445+00:00,0.041,0.787,0.831,,nvidia/cosmos-reason2-8b,"DUMPING PRESENT: Yes
ORDINANCE VIOLATION: Yes
WASTE TYPE: mixed
WASTE VOLUME: small (pickup truck)
WASTE ORIGIN: residential
PROPERTY TYPE: alley
ADDRESS MARKERS: NONE
GUTTER/ALLEY: Yes
WATER PROXIMITY: No
CHRONIC SITE: No
VEHICLES: NONE
IDENTIFIERS: NONE
SEVERITY: 2
ORDINANCE: Sec-46-45
PRIORITY: MEDIUM
SUMMARY: Illegal dumping of mixed waste is present in the alley, violating Brownsville's property owner liability ordinance.
"
20260602T140833Z,DT_14th_and_Madison_New_4_20260531T062000.jpg,,,dataset_20260531/DT_14th_and_Madison_New_4/DT_14th_and_Madison_New_4_20260531T062000.jpg,illegal_dumping,done,2026-06-02T14:22:41.482207+00:00,0.04,0.831,0.874,,nvidia/cosmos-reason2-8b,"DUMPING PRESENT: Yes
ORDINANCE VIOLATION: Yes
WASTE TYPE: mixed
WASTE VOLUME: small (pickup truck)
WASTE ORIGIN: residential
PROPERTY TYPE: alley
ADDRESS MARKERS: NONE
GUTTER/ALLEY: Yes
WATER PROXIMITY: No
CHRONIC SITE: No
VEHICLES: NONE
IDENTIFIERS: NONE
SEVERITY: 2
ORDINANCE: Sec-46-45
PRIORITY: MEDIUM
SUMMARY: Illegal dumping is present in the alley, violating Brownsville's property owner liability ordinance (Sec. 46-45)."
20260602T140833Z,DT_14th_and_Madison_New_4_20260531T063000.jpg,,,dataset_20260531/DT_14th_and_Madison_New_4/DT_14th_and_Madison_New_4_20260531T063000.jpg,illegal_dumping,done,2026-06-02T14:22:41.756718+00:00,0.048,0.744,0.803,,nvidia/cosmos-reason2-8b,"DUMPING PRESENT: Yes
ORDINANCE VIOLATION: Yes
WASTE TYPE: mixed
WASTE VOLUME: small (pickup truck)
WASTE ORIGIN: residential
PROPERTY TYPE: alley
ADDRESS MARKERS: NONE
GUTTER/ALLEY: Yes
WATER PROXIMITY: No
CHRONIC SITE: No
VEHICLES: NONE
IDENTIFIERS: NONE
SEVERITY: 2
ORDINANCE: Sec-46-45
PRIORITY: MEDIUM
SUMMARY: Illegal dumping of mixed waste is present in the alley, violating Brownsville's property owner liability ordinance.
"
20260602T140833Z,DT_14th_and_Madison_New_4_20260531T064000.jpg,,,dataset_20260531/DT_14th_and_Madison_New_4/DT_14th_and_Madison_New_4_20260531T064000.jpg,illegal_dumping,done,2026-06-02T14:22:41.951877+00:00,0.048,0.771,0.823,,nvidia/cosmos-reason2-8b,"DUMPING PRESENT: Yes
ORDINANCE VIOLATION: Yes
WASTE TYPE: mixed
WASTE VOLUME: small (pickup truck)
WASTE ORIGIN: residential
PROPERTY TYPE: alley
ADDRESS MARKERS: NONE
GUTTER/ALLEY: Yes
WATER PROXIMITY: No
CHRONIC SITE: No
VEHICLES: NONE
IDENTIFIERS: NONE
SEVERITY: 2
ORDINANCE: Sec-46-45
PRIORITY: MEDIUM
SUMMARY: Illegal dumping is observed in the alley, with mixed waste scattered on the ground, violating property owner liability under Sec-46-45.
"
20260602T140833Z,DT_14th_and_Madison_New_4_20260531T065000.jpg,,,dataset_20260531/DT_14th_and_Madison_New_4/DT_14th_and_Madison_New_4_20260531T065000.jpg,illegal_dumping,done,2026-06-02T14:22:42.022778+00:00,0.037,0.883,0.923,,nvidia/cosmos-reason2-8b,"DUMPING PRESENT: Yes
ORDINANCE VIOLATION: Yes
WASTE TYPE: mixed
WASTE VOLUME: small (pickup truck)
WASTE ORIGIN: residential
PROPERTY TYPE: alley
ADDRESS MARKERS: NONE
GUTTER/ALLEY: Yes
WATER PROXIMITY: No
CHRONIC SITE: No
VEHICLES: NONE
IDENTIFIERS: NONE
SEVERITY: 2
ORDINANCE: Sec-46-45
PRIORITY: MEDIUM
SUMMARY: Illegal dumping of mixed waste is observed in the alley, violating Brownsville's property owner liability ordinance.
"
20260602T140833Z,DT_14th_and_Madison_New_4_20260531T070000.jpg,,,dataset_20260531/DT_14th_and_Madison_New_4/DT_14th_and_Madison_New_4_20260531T070000.jpg,illegal_dumping,done,2026-06-02T14:22:42.359325+00:00,0.047,0.866,0.916,,nvidia/cosmos-reason2-8b,"DUMPING PRESENT: Yes
ORDINANCE VIOLATION: Yes
WASTE TYPE: mixed
WASTE VOLUME: small (pickup truck)
WASTE ORIGIN: residential
PROPERTY TYPE: alley
ADDRESS MARKERS: NONE
GUTTER/ALLEY: Yes
WATER PROXIMITY: No
CHRONIC SITE: No
VEHICLES: NONE
IDENTIFIERS: NONE
SEVERITY: 2
ORDINANCE: Sec-46-45
PRIORITY: MEDIUM
SUMMARY: Illegal dumping of mixed waste is present in the alley, violating Brownsville's ordinance, with debris scattered along the dirt path.
"
20260602T140833Z,DT_14th_and_Madison_New_4_20260531T071000.jpg,,,dataset_20260531/DT_14th_and_Madison_New_4/DT_14th_and_Madison_New_4_20260531T071000.jpg,illegal_dumping,done,2026-06-02T14:22:42.562882+00:00,0.045,0.761,0.81,,nvidia/cosmos-reason2-8b,"DUMPING PRESENT: Yes
ORDINANCE VIOLATION: Yes
WASTE TYPE: mixed
WASTE VOLUME: small (pickup truck)
WASTE ORIGIN: residential
PROPERTY TYPE: alley
ADDRESS MARKERS: NONE
GUTTER/ALLEY: Yes
WATER PROXIMITY: No
CHRONIC SITE: No
VEHICLES: NONE
IDENTIFIERS: NONE
SEVERITY: 2
ORDINANCE: Sec-46-45
PRIORITY: MEDIUM
SUMMARY: Illegal dumping of mixed waste is observed in the alley, violating Brownsville's property owner liability ordinance.
"
20260602T140833Z,DT_14th_and_Madison_New_4_20260531T072000.jpg,,,dataset_20260531/DT_14th_and_Madison_New_4/DT_14th_and_Madison_New_4_20260531T072000.jpg,illegal_dumping,done,2026-06-02T14:22:42.777535+00:00,0.044,0.62,0.668,,nvidia/cosmos-reason2-8b,"DUMPING PRESENT: No
ORDINANCE VIOLATION: No
WASTE TYPE: mixed
WASTE VOLUME: small (pickup truck)
WASTE ORIGIN: residential
PROPERTY TYPE: vacant-lot
ADDRESS MARKERS: <NONE>
GUTTER/ALLEY: No
WATER PROXIMITY: No
CHRONIC SITE: No
VEHICLES: <NONE>
IDENTIFIERS: <NONE>
SEVERITY: 1
ORDINANCE: N/A
PRIORITY: LOW
SUMMARY: No illegal dumping is observed in the video."
20260602T140833Z,DT_14th_and_Madison_New_4_20260531T073000.jpg,,,dataset_20260531/DT_14th_and_Madison_New_4/DT_14th_and_Madison_New_4_20260531T073000.jpg,illegal_dumping,done,2026-06-02T14:22:42.948748+00:00,0.046,0.798,0.847,,nvidia/cosmos-reason2-8b,"DUMPING PRESENT: Yes
ORDINANCE VIOLATION: Yes
WASTE TYPE: mixed
WASTE VOLUME: small (pickup truck)
WASTE ORIGIN: residential
PROPERTY TYPE: alley
ADDRESS MARKERS: NONE
GUTTER/ALLEY: Yes
WATER PROXIMITY: No
CHRONIC SITE: No
VEHICLES: NONE
IDENTIFIERS: NONE
SEVERITY: 2
ORDINANCE: Sec-46-45
PRIORITY: MEDIUM
SUMMARY: Illegal dumping of mixed waste is present in the alley, violating Brownsville's property owner liability ordinance.
"
20260602T140833Z,DT_14th_and_Madison_New_4_20260531T074000.jpg,,,dataset_20260531/DT_14th_and_Madison_New_4/DT_14th_and_Madison_New_4_20260531T074000.jpg,illegal_dumping,done,2026-06-02T14:22:43.278379+00:00,0.045,0.71,0.758,,nvidia/cosmos-reason2-8b,"DUMPING PRESENT: No
ORDINANCE VIOLATION: No
WASTE TYPE: N/A
WASTE VOLUME: N/A
WASTE ORIGIN: N/A
PROPERTY TYPE: N/A
ADDRESS MARKERS: NONE
GUTTER/ALLEY: No
WATER PROXIMITY: No
CHRONIC SITE: No
VEHICLES: NONE
IDENTIFIERS: NONE
SEVERITY: 1
ORDINANCE: N/A
PRIORITY: LOW
SUMMARY: No illegal dumping is observed in the video."
20260602T140833Z,DT_14th_and_Madison_New_4_20260531T075000.jpg,,,dataset_20260531/DT_14th_and_Madison_New_4/DT_14th_and_Madison_New_4_20260531T075000.jpg,illegal_dumping,done,2026-06-02T14:22:43.375596+00:00,0.047,0.965,1.016,,nvidia/cosmos-reason2-8b,"DUMPING PRESENT: Yes
ORDINANCE VIOLATION: Yes
WASTE TYPE: mixed
WASTE VOLUME: small (pickup truck)
WASTE ORIGIN: residential
PROPERTY TYPE: alley
ADDRESS MARKERS: NONE
GUTTER/ALLEY: Yes
WATER PROXIMITY: No
CHRONIC SITE: No
VEHICLES: NONE
IDENTIFIERS: NONE
SEVERITY: 2
ORDINANCE: Sec-46-45
PRIORITY: MEDIUM
SUMMARY: Illegal dumping is present in the alley, with mixed waste scattered on the ground, violating property owner liability under Sec. 46-45.
"
20260602T140833Z,DT_14th_and_Madison_New_4_20260531T080000.jpg,,,dataset_20260531/DT_14th_and_Madison_New_4/DT_14th_and_Madison_New_4_20260531T080000.jpg,illegal_dumping,done,2026-06-02T14:22:43.448350+00:00,0.035,1.066,1.104,,nvidia/cosmos-reason2-8b,"DUMPING PRESENT: Yes
ORDINANCE VIOLATION: Yes
WASTE TYPE: mixed
WASTE VOLUME: small (pickup truck)
WASTE ORIGIN: residential
PROPERTY TYPE: alley
ADDRESS MARKERS: NONE
GUTTER/ALLEY: Yes
WATER PROXIMITY: No
CHRONIC SITE: No
VEHICLES: NONE
IDENTIFIERS: NONE
SEVERITY: 2
ORDINANCE: Sec-46-45
PRIORITY: MEDIUM
SUMMARY: Illegal dumping of mixed waste is observed in the alley, violating Brownsville's property owner liability ordinance.
"
20260602T140833Z,DT_14th_and_Madison_New_4_20260531T081000.jpg,,,dataset_20260531/DT_14th_and_Madison_New_4/DT_14th_and_Madison_New_4_20260531T081000.jpg,illegal_dumping,done,2026-06-02T14:22:43.799359+00:00,0.044,0.867,0.916,,nvidia/cosmos-reason2-8b,"DUMPING PRESENT: Yes
ORDINANCE VIOLATION: Yes
WASTE TYPE: mixed
WASTE VOLUME: small (pickup truck)
WASTE ORIGIN: residential
PROPERTY TYPE: alley
ADDRESS MARKERS: NONE
GUTTER/ALLEY: Yes
WATER PROXIMITY: No
CHRONIC SITE: No
VEHICLES: NONE
IDENTIFIERS: NONE
SEVERITY: 1
ORDINANCE: Sec-46-45
PRIORITY: LOW
SUMMARY: Illegal dumping is present in the alley, violating Brownsville's ordinance (Sec. 46-45), with mixed waste scattered along the dirt path.
"
20260602T140833Z,DT_14th_and_Madison_New_4_20260531T082000.jpg,,,dataset_20260531/DT_14th_and_Madison_New_4/DT_14th_and_Madison_New_4_20260531T082000.jpg,illegal_dumping,done,2026-06-02T14:22:44.039106+00:00,0.046,0.823,0.873,,nvidia/cosmos-reason2-8b,"DUMPING PRESENT: Yes
ORDINANCE VIOLATION: Yes
WASTE TYPE: mixed
WASTE VOLUME: small (pickup truck)
WASTE ORIGIN: residential
PROPERTY TYPE: alley
ADDRESS MARKERS: NONE
GUTTER/ALLEY: Yes
WATER PROXIMITY: No
CHRONIC SITE: No
VEHICLES: NONE
IDENTIFIERS: NONE
SEVERITY: 2
ORDINANCE: Sec-46-45
PRIORITY: MEDIUM
SUMMARY: Illegal dumping is present in the alley, with mixed waste scattered on the ground, violating Brownsville's property owner liability ordinance.
"
20260602T140833Z,DT_14th_and_Madison_New_4_20260531T083000.jpg,,,dataset_20260531/DT_14th_and_Madison_New_4/DT_14th_and_Madison_New_4_20260531T083000.jpg,illegal_dumping,done,2026-06-02T14:22:44.393714+00:00,0.041,0.873,0.918,,nvidia/cosmos-reason2-8b,"DUMPING PRESENT: Yes
ORDINANCE VIOLATION: Yes
WASTE TYPE: mixed
WASTE VOLUME: medium (dump truck)
WASTE ORIGIN: unknown
PROPERTY TYPE: right-of-way
ADDRESS MARKERS: NONE
GUTTER/ALLEY: No
WATER PROXIMITY: No
CHRONIC SITE: No
VEHICLES: NONE
IDENTIFIERS: NONE
SEVERITY: 2
ORDINANCE: Sec-46-45
PRIORITY: MEDIUM
SUMMARY: Illegal dumping of mixed waste is observed in a right-of-way, violating Brownsville's property owner liability ordinance (Sec. 46-45)."
20260602T140833Z,DT_14th_and_Madison_New_4_20260531T084000.jpg,,,dataset_20260531/DT_14th_and_Madison_New_4/DT_14th_and_Madison_New_4_20260531T084000.jpg,illegal_dumping,done,2026-06-02T14:22:44.554599+00:00,0.032,0.869,0.911,,nvidia/cosmos-reason2-8b,"DUMPING PRESENT: Yes
ORDINANCE VIOLATION: Yes
WASTE TYPE: mixed
WASTE VOLUME: small (pickup truck)
WASTE ORIGIN: residential
PROPERTY TYPE: alley
ADDRESS MARKERS: NONE
GUTTER/ALLEY: Yes
WATER PROXIMITY: No
CHRONIC SITE: No
VEHICLES: NONE
IDENTIFIERS: NONE
SEVERITY: 1
ORDINANCE: Sec-46-45
PRIORITY: LOW
SUMMARY: Illegal dumping is present in the alley, with mixed waste scattered on the ground, violating property owner liability under Sec-46-45."
20260602T140833Z,DT_14th_and_Madison_New_4_20260531T085000.jpg,,,dataset_20260531/DT_14th_and_Madison_New_4/DT_14th_and_Madison_New_4_20260531T085000.jpg,illegal_dumping,done,2026-06-02T14:22:44.717592+00:00,0.042,0.895,0.941,,nvidia/cosmos-reason2-8b,"DUMPING PRESENT: No
ORDINANCE VIOLATION: No
WASTE TYPE: N/A
WASTE VOLUME: N/A
WASTE ORIGIN: N/A
PROPERTY TYPE: right-of-way
ADDRESS MARKERS: NONE
GUTTER/ALLEY: No
WATER PROXIMITY: No
CHRONIC SITE: No
VEHICLES: NONE
IDENTIFIERS: N/A
SEVERITY: 1
ORDINANCE: N/A
PRIORITY: LOW
SUMMARY: No illegal dumping detected in the video."
20260602T140833Z,DT_14th_and_Madison_New_4_20260531T090000.jpg,,,dataset_20260531/DT_14th_and_Madison_New_4/DT_14th_and_Madison_New_4_20260531T090000.jpg,illegal_dumping,done,2026-06-02T14:22:44.914487+00:00,0.044,0.908,0.955,,nvidia/cosmos-reason2-8b,"DUMPING PRESENT: Yes
ORDINANCE VIOLATION: Yes
WASTE TYPE: mixed
WASTE VOLUME: small (pickup truck)
WASTE ORIGIN: residential
PROPERTY TYPE: alley
ADDRESS MARKERS: NONE
GUTTER/ALLEY: Yes
WATER PROXIMITY: No
CHRONIC SITE: No
VEHICLES: NONE
IDENTIFIERS: NONE
SEVERITY: 1
ORDINANCE: Sec-46-45
PRIORITY: LOW
SUMMARY: Illegal dumping of mixed waste is present in the alley, violating Brownsville's property owner liability ordinance (Sec. 46-45)."
20260602T140833Z,DT_14th_and_Madison_New_4_20260531T091000.jpg,,,dataset_20260531/DT_14th_and_Madison_New_4/DT_14th_and_Madison_New_4_20260531T091000.jpg,illegal_dumping,done,2026-06-02T14:22:45.314479+00:00,0.048,0.813,0.864,,nvidia/cosmos-reason2-8b,"DUMPING PRESENT: Yes
ORDINANCE VIOLATION: Yes
WASTE TYPE: mixed
WASTE VOLUME: small (pickup truck)
WASTE ORIGIN: residential
PROPERTY TYPE: alley
ADDRESS MARKERS: NONE
GUTTER/ALLEY: Yes
WATER PROXIMITY: No
CHRONIC SITE: No
VEHICLES: NONE
IDENTIFIERS: NONE
SEVERITY: 2
ORDINANCE: Sec-46-45
PRIORITY: MEDIUM
SUMMARY: Illegal dumping of mixed waste is observed in the alley, violating Brownsville's ordinance against waste disposal on private or public property.
"
20260602T140833Z,DT_14th_and_Madison_New_4_20260531T092000.jpg,,,dataset_20260531/DT_14th_and_Madison_New_4/DT_14th_and_Madison_New_4_20260531T092000.jpg,illegal_dumping,done,2026-06-02T14:22:45.467703+00:00,0.047,0.868,0.919,,nvidia/cosmos-reason2-8b,"```json
{
  ""DUMPING PRESENT"": ""No"",
  ""ORDINANCE VIOLATION"": ""No"",
  ""WASTE TYPE"": [],
  ""WASTE VOLUME"": ""small (pickup truck)"",
  ""WASTE ORIGIN"": ""residential"",
  ""PROPERTY TYPE"": ""vacant-lot"",
  ""ADDRESS MARKERS"": ""NONE"",
  ""GUTTER/ALLEY"": ""Yes"",
  ""WATER PROXIMITY"": ""No"",
  ""CHRONIC SITE"": ""No"",
  ""VEHICLES"": ""NONE"",
  ""IDENTIFIERS"": ""NONE"",
  ""SEVERITY"": ""1"",
  ""ORDINANCE"": ""N/A"",
  ""PRIORITY"": ""LOW"",
  ""SUMMARY"": ""No illegal dumping detected; the scene shows a clean alleyway with no visible waste or debris.""
}
```"
20260602T140833Z,DT_14th_and_Madison_New_4_20260531T093000.jpg,,,dataset_20260531/DT_14th_and_Madison_New_4/DT_14th_and_Madison_New_4_20260531T093000.jpg,illegal_dumping,done,2026-06-02T14:22:45.660700+00:00,0.05,0.837,0.891,,nvidia/cosmos-reason2-8b,"DUMPING PRESENT: Yes
ORDINANCE VIOLATION: Yes
WASTE TYPE: mixed
WASTE VOLUME: small (pickup truck)
WASTE ORIGIN: residential
PROPERTY TYPE: alley
ADDRESS MARKERS: NONE
GUTTER/ALLEY: Yes
WATER PROXIMITY: No
CHRONIC SITE: No
VEHICLES: NONE
IDENTIFIERS: NONE
SEVERITY: 1
ORDINANCE: Sec-46-45
PRIORITY: LOW
SUMMARY: Mixed waste is illegally dumped in an alleyway, violating property owner liability under Sec. 46-45.
"
20260602T140833Z,DT_14th_and_Madison_New_4_20260531T094000.jpg,,,dataset_20260531/DT_14th_and_Madison_New_4/DT_14th_and_Madison_New_4_20260531T094000.jpg,illegal_dumping,done,2026-06-02T14:22:45.872458+00:00,0.045,0.745,0.794,,nvidia/cosmos-reason2-8b,"DUMPING PRESENT: No
ORDINANCE VIOLATION: No
WASTE TYPE: mixed
WASTE VOLUME: small (pickup truck)
WASTE ORIGIN: residential
PROPERTY TYPE: alley
ADDRESS MARKERS: NONE
GUTTER/ALLEY: Yes
WATER PROXIMITY: No
CHRONIC SITE: No
VEHICLES: NONE
IDENTIFIERS: NONE
SEVERITY: 1
ORDINANCE: N/A
PRIORITY: LOW
SUMMARY: No illegal dumping detected in the alley; no waste or debris visible."
20260602T140833Z,DT_14th_and_Madison_New_4_20260531T095000.jpg,,,dataset_20260531/DT_14th_and_Madison_New_4/DT_14th_and_Madison_New_4_20260531T095000.jpg,illegal_dumping,done,2026-06-02T14:22:46.181097+00:00,0.041,0.847,0.893,,nvidia/cosmos-reason2-8b,"DUMPING PRESENT: Yes
ORDINANCE VIOLATION: Yes
WASTE TYPE: mixed
WASTE VOLUME: medium
WASTE ORIGIN: residential
PROPERTY TYPE: alley
ADDRESS MARKERS: NONE
GUTTER/ALLEY: Yes
WATER PROXIMITY: No
CHRONIC SITE: No
VEHICLES: NONE
IDENTIFIERS: NONE
SEVERITY: 2
ORDINANCE: Sec-46-45
PRIORITY: MEDIUM
SUMMARY: Illegal dumping of mixed waste is observed in the alley, violating property owner liability under Sec. 46-45.
"
20260602T140833Z,DT_14th_and_Madison_New_4_20260531T100000.jpg,,,dataset_20260531/DT_14th_and_Madison_New_4/DT_14th_and_Madison_New_4_20260531T100000.jpg,illegal_dumping,done,2026-06-02T14:22:46.389233+00:00,0.043,0.802,0.85,,nvidia/cosmos-reason2-8b,"DUMPING PRESENT: Yes
ORDINANCE VIOLATION: Yes
WASTE TYPE: mixed
WASTE VOLUME: small (pickup truck)
WASTE ORIGIN: residential
PROPERTY TYPE: alley
ADDRESS MARKERS: NONE
GUTTER/ALLEY: Yes
WATER PROXIMITY: No
CHRONIC SITE: No
VEHICLES: NONE
IDENTIFIERS: NONE
SEVERITY: 2
ORDINANCE: Sec-46-45
PRIORITY: MEDIUM
SUMMARY: Illegal dumping of mixed waste is present in the alley, violating Brownsville's property owner liability ordinance.
"
20260602T140833Z,DT_14th_and_Madison_New_4_20260531T101000.jpg,,,dataset_20260531/DT_14th_and_Madison_New_4/DT_14th_and_Madison_New_4_20260531T101000.jpg,illegal_dumping,done,2026-06-02T14:22:46.553568+00:00,0.041,0.724,0.77,,nvidia/cosmos-reason2-8b,"DUMPING PRESENT: No
ORDINANCE VIOLATION: No
WASTE TYPE: mixed
WASTE VOLUME: small (pickup truck)
WASTE ORIGIN: residential
PROPERTY TYPE: vacant-lot
ADDRESS MARKERS: NONE
GUTTER/ALLEY: No
WATER PROXIMITY: No
CHRONIC SITE: No
VEHICLES: NONE
IDENTIFIERS: NONE
SEVERITY: 1
ORDINANCE: N/A
PRIORITY: LOW
SUMMARY: No illegal dumping detected in the video."
20260602T140833Z,DT_14th_and_Madison_New_4_20260531T102000.jpg,,,dataset_20260531/DT_14th_and_Madison_New_4/DT_14th_and_Madison_New_4_20260531T102000.jpg,illegal_dumping,done,2026-06-02T14:22:46.669050+00:00,0.048,0.928,0.981,,nvidia/cosmos-reason2-8b,"DUMPING PRESENT: Yes
ORDINANCE VIOLATION: Yes
WASTE TYPE: mixed
WASTE VOLUME: small (pickup truck)
WASTE ORIGIN: residential
PROPERTY TYPE: alley
ADDRESS MARKERS: NONE
GUTTER/ALLEY: Yes
WATER PROXIMITY: No
CHRONIC SITE: No
VEHICLES: NONE
IDENTIFIERS: NONE
SEVERITY: 1
ORDINANCE: Sec-46-45
PRIORITY: LOW
SUMMARY: A small amount of mixed waste is illegally dumped along the alley, violating property owner liability under Sec. 46-45.
"
20260602T140833Z,DT_14th_and_Madison_New_4_20260531T103000.jpg,,,dataset_20260531/DT_14th_and_Madison_New_4/DT_14th_and_Madison_New_4_20260531T103000.jpg,illegal_dumping,done,2026-06-02T14:22:47.077333+00:00,0.047,0.731,0.785,,nvidia/cosmos-reason2-8b,"DUMPING PRESENT: Yes
ORDINANCE VIOLATION: Yes
WASTE TYPE: mixed
WASTE VOLUME: small (pickup truck)
WASTE ORIGIN: residential
PROPERTY TYPE: alley
ADDRESS MARKERS: NONE
GUTTER/ALLEY: Yes
WATER PROXIMITY: No
CHRONIC SITE: No
VEHICLES: NONE
IDENTIFIERS: NONE
SEVERITY: 2
ORDINANCE: Sec-46-45
PRIORITY: MEDIUM
SUMMARY: Illegal dumping of mixed waste is present in the alley, violating Brownsville's property owner liability ordinance.
"
20260602T140833Z,DT_14th_and_Madison_New_4_20260531T104000.jpg,,,dataset_20260531/DT_14th_and_Madison_New_4/DT_14th_and_Madison_New_4_20260531T104000.jpg,illegal_dumping,done,2026-06-02T14:22:47.241862+00:00,0.046,0.986,1.037,,nvidia/cosmos-reason2-8b,"DUMPING PRESENT: Yes
ORDINANCE VIOLATION: Yes
WASTE TYPE: mixed
WASTE VOLUME: small (pickup truck)
WASTE ORIGIN: residential
PROPERTY TYPE: alley
ADDRESS MARKERS: NONE
GUTTER/ALLEY: Yes
WATER PROXIMITY: No
CHRONIC SITE: No
VEHICLES: NONE
IDENTIFIERS: NONE
SEVERITY: 1
ORDINANCE: Sec-46-45
PRIORITY: LOW
SUMMARY: Illegal dumping of mixed waste is present in the alley, violating property owner liability under Sec. 46-45.
"
20260602T140833Z,DT_14th_and_Madison_New_4_20260531T105000.jpg,,,dataset_20260531/DT_14th_and_Madison_New_4/DT_14th_and_Madison_New_4_20260531T105000.jpg,illegal_dumping,done,2026-06-02T14:22:47.325604+00:00,0.032,1.01,1.048,,nvidia/cosmos-reason2-8b,"DUMPING PRESENT: Yes
ORDINANCE VIOLATION: Yes
WASTE TYPE: mixed
WASTE VOLUME: small (pickup truck)
WASTE ORIGIN: residential
PROPERTY TYPE: alley
ADDRESS MARKERS: NONE
GUTTER/ALLEY: Yes
WATER PROXIMITY: No
CHRONIC SITE: No
VEHICLES: NONE
IDENTIFIERS: NONE
SEVERITY: 2
ORDINANCE: Sec-46-45
PRIORITY: MEDIUM
SUMMARY: Illegal dumping of mixed waste is present in the alley, violating property owner liability under Sec. 46-45.
"
20260602T140833Z,DT_14th_and_Madison_New_4_20260531T110000.jpg,,,dataset_20260531/DT_14th_and_Madison_New_4/DT_14th_and_Madison_New_4_20260531T110000.jpg,illegal_dumping,done,2026-06-02T14:22:47.653582+00:00,0.056,0.791,0.858,,nvidia/cosmos-reason2-8b,"DUMPING PRESENT: Yes
ORDINANCE VIOLATION: Yes
WASTE TYPE: mixed
WASTE VOLUME: small (pickup truck)
WASTE ORIGIN: residential
PROPERTY TYPE: alley
ADDRESS MARKERS: NONE
GUTTER/ALLEY: Yes
WATER PROXIMITY: No
CHRONIC SITE: No
VEHICLES: NONE
IDENTIFIERS: NONE
SEVERITY: 2
ORDINANCE: Sec-46-45
PRIORITY: MEDIUM
SUMMARY: Illegal dumping of mixed waste is observed in the alley, violating Brownsville's ordinance on property owner liability for waste disposal.
"
20260602T140833Z,DT_14th_and_Madison_New_4_20260531T111000.jpg,,,dataset_20260531/DT_14th_and_Madison_New_4/DT_14th_and_Madison_New_4_20260531T111000.jpg,illegal_dumping,done,2026-06-02T14:22:47.866158+00:00,0.047,0.648,0.699,,nvidia/cosmos-reason2-8b,"DUMPING PRESENT: No
ORDINANCE VIOLATION: No
WASTE TYPE: mixed
WASTE VOLUME: small (pickup truck)
WASTE ORIGIN: residential
PROPERTY TYPE: vacant-lot
ADDRESS MARKERS: NONE
GUTTER/ALLEY: No
WATER PROXIMITY: No
CHRONIC SITE: No
VEHICLES: NONE
IDENTIFIERS: NONE
SEVERITY: 1
ORDINANCE: N/A
PRIORITY: LOW
SUMMARY: No illegal dumping detected in the video."
20260602T140833Z,DT_14th_and_Madison_New_4_20260531T112000.jpg,,,dataset_20260531/DT_14th_and_Madison_New_4/DT_14th_and_Madison_New_4_20260531T112000.jpg,illegal_dumping,done,2026-06-02T14:22:48.282234+00:00,0.049,0.842,0.895,,nvidia/cosmos-reason2-8b,"DUMPING PRESENT: Yes
ORDINANCE VIOLATION: Yes
WASTE TYPE: mixed
WASTE VOLUME: small (pickup truck)
WASTE ORIGIN: residential
PROPERTY TYPE: right-of-way
ADDRESS MARKERS: NONE
GUTTER/ALLEY: Yes
WATER PROXIMITY: No
CHRONIC SITE: No
VEHICLES: NONE
IDENTIFIERS: NONE
SEVERITY: 2
ORDINANCE: Sec-46-45
PRIORITY: MEDIUM
SUMMARY: Illegal dumping is observed in the alley, with mixed waste scattered along the dirt path, violating property owner liability under Sec. 46-45.
"
20260602T140833Z,DT_14th_and_Madison_New_4_20260531T113000.jpg,,,dataset_20260531/DT_14th_and_Madison_New_4/DT_14th_and_Madison_New_4_20260531T113000.jpg,illegal_dumping,done,2026-06-02T14:22:48.376861+00:00,0.046,1.135,1.184,,nvidia/cosmos-reason2-8b,"DUMPING PRESENT: No
ORDINANCE VIOLATION: No
WASTE TYPE: mixed
WASTE VOLUME: small (pickup truck)
WASTE ORIGIN: residential
PROPERTY TYPE: vacant-lot
ADDRESS MARKERS: NONE
GUTTER/ALLEY: No
WATER PROXIMITY: No
CHRONIC SITE: No
VEHICLES: NONE
IDENTIFIERS: NONE
SEVERITY: 1
ORDINANCE: N/A
PRIORITY: LOW
SUMMARY: No illegal dumping detected in the video."
20260602T140833Z,DT_14th_and_Madison_New_4_20260531T114000.jpg,,,dataset_20260531/DT_14th_and_Madison_New_4/DT_14th_and_Madison_New_4_20260531T114000.jpg,illegal_dumping,done,2026-06-02T14:22:48.514304+00:00,0.042,1.078,1.123,,nvidia/cosmos-reason2-8b,"DUMPING PRESENT: No
ORDINANCE VIOLATION: No
WASTE TYPE: mixed
WASTE VOLUME: small (pickup truck)
WASTE ORIGIN: residential
PROPERTY TYPE: vacant-lot
ADDRESS MARKERS: NONE
GUTTER/ALLEY: No
WATER PROXIMITY: No
CHRONIC SITE: No
VEHICLES: NONE
IDENTIFIERS: NONE
SEVERITY: 1
ORDINANCE: N/A
PRIORITY: LOW
SUMMARY: No illegal dumping detected in the video."
20260602T140833Z,DT_14th_and_Madison_New_4_20260531T115000.jpg,,,dataset_20260531/DT_14th_and_Madison_New_4/DT_14th_and_Madison_New_4_20260531T115000.jpg,illegal_dumping,done,2026-06-02T14:22:48.567850+00:00,0.041,0.807,0.85,,nvidia/cosmos-reason2-8b,"DUMPING PRESENT: No
ORDINANCE VIOLATION: No
WASTE TYPE: mixed
WASTE VOLUME: small (pickup truck)
WASTE ORIGIN: residential
PROPERTY TYPE: occupied-private
ADDRESS MARKERS: NONE
GUTTER/ALLEY: No
WATER PROXIMITY: No
CHRONIC SITE: No
VEHICLES: NONE
IDENTIFIERS: NONE
SEVERITY: 1
ORDINANCE: N/A
PRIORITY: LOW
SUMMARY: No illegal dumping detected in the video."
20260602T140833Z,DT_14th_and_Madison_New_4_20260531T120000.jpg,,,dataset_20260531/DT_14th_and_Madison_New_4/DT_14th_and_Madison_New_4_20260531T120000.jpg,illegal_dumping,done,2026-06-02T14:22:49.180215+00:00,0.041,0.839,0.884,,nvidia/cosmos-reason2-8b,"DUMPING PRESENT: Yes
ORDINANCE VIOLATION: Yes
WASTE TYPE: mixed
WASTE VOLUME: small (pickup truck)
WASTE ORIGIN: residential
PROPERTY TYPE: alley
ADDRESS MARKERS: NONE
GUTTER/ALLEY: Yes
WATER PROXIMITY: No
CHRONIC SITE: No
VEHICLES: NONE
IDENTIFIERS: NONE
SEVERITY: 2
ORDINANCE: Sec-46-45
PRIORITY: MEDIUM
SUMMARY: Illegal dumping of mixed waste is present in the alley, violating Brownsville's ordinance, with debris scattered along the dirt path.
"
20260602T140833Z,DT_14th_and_Madison_New_4_20260531T121000.jpg,,,dataset_20260531/DT_14th_and_Madison_New_4/DT_14th_and_Madison_New_4_20260531T121000.jpg,illegal_dumping,done,2026-06-02T14:22:49.421078+00:00,0.041,0.677,0.722,,nvidia/cosmos-reason2-8b,"DUMPING PRESENT: No
ORDINANCE VIOLATION: No
WASTE TYPE: mixed
WASTE VOLUME: small (pickup truck)
WASTE ORIGIN: residential
PROPERTY TYPE: vacant-lot
ADDRESS MARKERS: NONE
GUTTER/ALLEY: No
WATER PROXIMITY: No
CHRONIC SITE: No
VEHICLES: NONE
IDENTIFIERS: NONE
SEVERITY: 1
ORDINANCE: N/A
PRIORITY: LOW
SUMMARY: No illegal dumping is observed in the scene."
20260602T140833Z,DT_14th_and_Madison_New_4_20260531T122000.jpg,,,dataset_20260531/DT_14th_and_Madison_New_4/DT_14th_and_Madison_New_4_20260531T122000.jpg,illegal_dumping,done,2026-06-02T14:22:49.563499+00:00,0.046,0.958,1.008,,nvidia/cosmos-reason2-8b,"DUMPING PRESENT: Yes
ORDINANCE VIOLATION: Yes
WASTE TYPE: mixed
WASTE VOLUME: small (pickup truck)
WASTE ORIGIN: residential
PROPERTY TYPE: alley
ADDRESS MARKERS: NONE
GUTTER/ALLEY: Yes
WATER PROXIMITY: No
CHRONIC SITE: No
VEHICLES: NONE
IDENTIFIERS: NONE
SEVERITY: 2
ORDINANCE: Sec-46-45
PRIORITY: MEDIUM
SUMMARY: Illegal dumping is occurring in the alley, with mixed waste scattered along the dirt path, violating property owner liability under Sec-46-45.
"
20260602T140833Z,DT_14th_and_Madison_New_4_20260531T123000.jpg,,,dataset_20260531/DT_14th_and_Madison_New_4/DT_14th_and_Madison_New_4_20260531T123000.jpg,illegal_dumping,done,2026-06-02T14:22:49.639457+00:00,0.037,0.983,1.024,,nvidia/cosmos-reason2-8b,"DUMPING PRESENT: Yes
ORDINANCE VIOLATION: Yes
WASTE TYPE: mixed
WASTE VOLUME: small (pickup truck)
WASTE ORIGIN: residential
PROPERTY TYPE: alley
ADDRESS MARKERS: NONE
GUTTER/ALLEY: Yes
WATER PROXIMITY: No
CHRONIC SITE: No
VEHICLES: NONE
IDENTIFIERS: NONE
SEVERITY: 2
ORDINANCE: Sec-46-45
PRIORITY: MEDIUM
SUMMARY: Illegal dumping is occurring in an alleyway, with mixed waste scattered along the dirt path, violating property owner liability under Sec. 46-45.
"
20260602T140833Z,DT_14th_and_Madison_New_4_20260531T124000.jpg,,,dataset_20260531/DT_14th_and_Madison_New_4/DT_14th_and_Madison_New_4_20260531T124000.jpg,illegal_dumping,done,2026-06-02T14:22:50.066703+00:00,0.044,0.834,0.882,,nvidia/cosmos-reason2-8b,"DUMPING PRESENT: No
ORDINANCE VIOLATION: No
WASTE TYPE: mixed
WASTE VOLUME: small (pickup truck)
WASTE ORIGIN: residential
PROPERTY TYPE: vacant-lot
ADDRESS MARKERS: NONE
GUTTER/ALLEY: No
WATER PROXIMITY: No
CHRONIC SITE: No
VEHICLES: NONE
IDENTIFIERS: NONE
SEVERITY: 1
ORDINANCE: N/A
PRIORITY: LOW
SUMMARY: No illegal dumping detected in the video."
20260602T140833Z,DT_14th_and_Madison_New_4_20260531T125000.jpg,,,dataset_20260531/DT_14th_and_Madison_New_4/DT_14th_and_Madison_New_4_20260531T125000.jpg,illegal_dumping,done,2026-06-02T14:22:50.145409+00:00,0.037,0.894,0.934,,nvidia/cosmos-reason2-8b,"DUMPING PRESENT: Yes
ORDINANCE VIOLATION: Yes
WASTE TYPE: mixed
WASTE VOLUME: small (pickup truck)
WASTE ORIGIN: residential
PROPERTY TYPE: alley
ADDRESS MARKERS: NONE
GUTTER/ALLEY: Yes
WATER PROXIMITY: No
CHRONIC SITE: No
VEHICLES: NONE
IDENTIFIERS: NONE
SEVERITY: 2
ORDINANCE: Sec-46-45
PRIORITY: MEDIUM
SUMMARY: Illegal dumping of mixed waste is present in the alley, violating Brownsville's property owner liability ordinance.
"
20260602T140833Z,DT_14th_and_Madison_New_4_20260531T130000.jpg,,,dataset_20260531/DT_14th_and_Madison_New_4/DT_14th_and_Madison_New_4_20260531T130000.jpg,illegal_dumping,done,2026-06-02T14:22:50.574793+00:00,0.044,0.802,0.859,,nvidia/cosmos-reason2-8b,"DUMPING PRESENT: Yes
ORDINANCE VIOLATION: Yes
WASTE TYPE: mixed
WASTE VOLUME: small (pickup truck)
WASTE ORIGIN: residential
PROPERTY TYPE: alley
ADDRESS MARKERS: NONE
GUTTER/ALLEY: Yes
WATER PROXIMITY: No
CHRONIC SITE: No
VEHICLES: NONE
IDENTIFIERS: NONE
SEVERITY: 2
ORDINANCE: Sec-46-45
PRIORITY: MEDIUM
SUMMARY: Illegal dumping of mixed waste is present in the alley, violating Brownsville's property owner liability ordinance.
"
20260602T140833Z,DT_14th_and_Madison_New_4_20260531T131000.jpg,,,dataset_20260531/DT_14th_and_Madison_New_4/DT_14th_and_Madison_New_4_20260531T131000.jpg,illegal_dumping,done,2026-06-02T14:22:50.665917+00:00,0.044,0.977,1.027,,nvidia/cosmos-reason2-8b,"DUMPING PRESENT: Yes
ORDINANCE VIOLATION: Yes
WASTE TYPE: mixed
WASTE VOLUME: small (pickup truck)
WASTE ORIGIN: residential
PROPERTY TYPE: alley
ADDRESS MARKERS: NONE
GUTTER/ALLEY: Yes
WATER PROXIMITY: No
CHRONIC SITE: No
VEHICLES: NONE
IDENTIFIERS: NONE
SEVERITY: 2
ORDINANCE: Sec-46-45
PRIORITY: MEDIUM
SUMMARY: Illegal dumping is present in the alley, with mixed waste scattered along the dirt path, violating property owner liability under Sec. 46-45.
"
20260602T140833Z,DT_14th_and_Madison_New_4_20260531T132000.jpg,,,dataset_20260531/DT_14th_and_Madison_New_4/DT_14th_and_Madison_New_4_20260531T132000.jpg,illegal_dumping,done,2026-06-02T14:22:50.950866+00:00,0.041,0.998,1.044,,nvidia/cosmos-reason2-8b,"DUMPING PRESENT: Yes
ORDINANCE VIOLATION: Yes
WASTE TYPE: mixed
WASTE VOLUME: small (pickup truck)
WASTE ORIGIN: residential
PROPERTY TYPE: alley
ADDRESS MARKERS: NONE
GUTTER/ALLEY: Yes
WATER PROXIMITY: No
CHRONIC SITE: No
VEHICLES: NONE
IDENTIFIERS: NONE
SEVERITY: 2
ORDINANCE: Sec-46-45
PRIORITY: MEDIUM
SUMMARY: Illegal dumping is present in the alley, with mixed waste scattered across the dirt path; the property owner is liable under Sec. 46-45 for failing to prevent the disposal of waste on their private property.
"
20260602T140833Z,DT_14th_and_Madison_New_4_20260531T133000.jpg,,,dataset_20260531/DT_14th_and_Madison_New_4/DT_14th_and_Madison_New_4_20260531T133000.jpg,illegal_dumping,done,2026-06-02T14:22:51.081923+00:00,0.04,0.867,0.921,,nvidia/cosmos-reason2-8b,"DUMPING PRESENT: Yes
ORDINANCE VIOLATION: Yes
WASTE TYPE: mixed
WASTE VOLUME: small (pickup truck)
WASTE ORIGIN: residential
PROPERTY TYPE: alley
ADDRESS MARKERS: NONE
GUTTER/ALLEY: Yes
WATER PROXIMITY: No
CHRONIC SITE: No
VEHICLES: NONE
IDENTIFIERS: NONE
SEVERITY: 2
ORDINANCE: Sec-46-45
PRIORITY: MEDIUM
SUMMARY: Illegal dumping is observed in the alley, with mixed waste scattered along the dirt path, violating property owner liability under Sec-46-45.
"
20260602T140833Z,DT_14th_and_Madison_New_4_20260531T134000.jpg,,,dataset_20260531/DT_14th_and_Madison_New_4/DT_14th_and_Madison_New_4_20260531T134000.jpg,illegal_dumping,done,2026-06-02T14:22:51.436337+00:00,0.05,0.781,0.837,,nvidia/cosmos-reason2-8b,"DUMPING PRESENT: Yes
ORDINANCE VIOLATION: Yes
WASTE TYPE: mixed
WASTE VOLUME: small (pickup truck)
WASTE ORIGIN: residential
PROPERTY TYPE: alley
ADDRESS MARKERS: NONE
GUTTER/ALLEY: Yes
WATER PROXIMITY: No
CHRONIC SITE: No
VEHICLES: NONE
IDENTIFIERS: NONE
SEVERITY: 2
ORDINANCE: Sec-46-45
PRIORITY: MEDIUM
SUMMARY: Illegal dumping is present in the alley, with mixed waste scattered along the dirt path, violating property owner liability under Sec-46-45."
20260602T140833Z,DT_14th_and_Madison_New_4_20260531T135000.jpg,,,dataset_20260531/DT_14th_and_Madison_New_4/DT_14th_and_Madison_New_4_20260531T135000.jpg,illegal_dumping,done,2026-06-02T14:22:51.695562+00:00,0.044,0.812,0.863,,nvidia/cosmos-reason2-8b,"DUMPING PRESENT: Yes
ORDINANCE VIOLATION: Yes
WASTE TYPE: mixed
WASTE VOLUME: medium
WASTE ORIGIN: residential
PROPERTY TYPE: alley
ADDRESS MARKERS: NONE
GUTTER/ALLEY: Yes
WATER PROXIMITY: No
CHRONIC SITE: Yes
VEHICLES: NONE
IDENTIFIERS: NONE
SEVERITY: 3
ORDINANCE: Sec-46-45
PRIORITY: MEDIUM
SUMMARY: Illegal dumping of mixed waste is present in the alley, violating Brownsville's ordinance, with evidence suggesting a chronic issue.
"
20260602T140833Z,DT_14th_and_Madison_New_4_20260531T140000.jpg,,,dataset_20260531/DT_14th_and_Madison_New_4/DT_14th_and_Madison_New_4_20260531T140000.jpg,illegal_dumping,done,2026-06-02T14:22:51.997678+00:00,0.044,1.073,1.121,,nvidia/cosmos-reason2-8b,"DUMPING PRESENT: Yes
ORDINANCE VIOLATION: Yes
WASTE TYPE: mixed
WASTE VOLUME: small (pickup truck)
WASTE ORIGIN: residential
PROPERTY TYPE: alley
ADDRESS MARKERS: NONE
GUTTER/ALLEY: Yes
WATER PROXIMITY: No
CHRONIC SITE: No
VEHICLES: NONE
IDENTIFIERS: NONE
SEVERITY: 3
ORDINANCE: Sec-46-45
PRIORITY: MEDIUM
SUMMARY: Illegal dumping is occurring in an alley, with various waste materials scattered across the ground, violating property owner liability under Sec. 46-45.
"
20260602T140833Z,DT_14th_and_Madison_New_4_20260531T141000.jpg,,,dataset_20260531/DT_14th_and_Madison_New_4/DT_14th_and_Madison_New_4_20260531T141000.jpg,illegal_dumping,done,2026-06-02T14:22:52.042401+00:00,0.041,0.873,0.917,,nvidia/cosmos-reason2-8b,"DUMPING PRESENT: No
ORDINANCE VIOLATION: No
WASTE TYPE: mixed
WASTE VOLUME: medium
WASTE ORIGIN: residential
PROPERTY TYPE: vacant-lot
ADDRESS MARKERS: NONE
GUTTER/ALLEY: No
WATER PROXIMITY: No
CHRONIC SITE: No
VEHICLES: NONE
IDENTIFIERS: NONE
SEVERITY: 1
ORDINANCE: N/A
PRIORITY: LOW
SUMMARY: No illegal dumping detected in the analyzed frames."
20260602T140833Z,DT_14th_and_Madison_New_4_20260531T142000.jpg,,,dataset_20260531/DT_14th_and_Madison_New_4/DT_14th_and_Madison_New_4_20260531T142000.jpg,illegal_dumping,done,2026-06-02T14:22:52.276846+00:00,0.043,0.977,1.023,,nvidia/cosmos-reason2-8b,"```json
{
  ""DUMPING PRESENT"": ""No"",
  ""ORDINANCE VIOLATION"": ""No"",
  ""WASTE TYPE"": [],
  ""WASTE VOLUME"": ""small (pickup truck)"",
  ""WASTE ORIGIN"": ""residential"",
  ""PROPERTY TYPE"": ""occupied-private"",
  ""ADDRESS MARKERS"": ""NONE"",
  ""GUTTER/ALLEY"": ""No"",
  ""WATER PROXIMITY"": ""No"",
  ""CHRONIC SITE"": ""No"",
  ""VEHICLES"": ""NONE"",
  ""IDENTIFIERS"": ""NONE"",
  ""SEVERITY"": 1,
  ""ORDINANCE"": ""N/A"",
  ""PRIORITY"": ""LOW"",
  ""SUMMARY"": ""No illegal dumping detected; the scene appears to be a normal urban environment without visible waste or debris.""
}
```"
20260602T140833Z,DT_14th_and_Madison_New_4_20260531T143000.jpg,,,dataset_20260531/DT_14th_and_Madison_New_4/DT_14th_and_Madison_New_4_20260531T143000.jpg,illegal_dumping,done,2026-06-02T14:22:52.561271+00:00,0.044,0.843,0.89,,nvidia/cosmos-reason2-8b,"DUMPING PRESENT: Yes
ORDINANCE VIOLATION: Yes
WASTE TYPE: mixed
WASTE VOLUME: small (pickup truck)
WASTE ORIGIN: residential
PROPERTY TYPE: alley
ADDRESS MARKERS: NONE
GUTTER/ALLEY: Yes
WATER PROXIMITY: No
CHRONIC SITE: No
VEHICLES: NONE
IDENTIFIERS: NONE
SEVERITY: 2
ORDINANCE: Sec-46-45
PRIORITY: MEDIUM
SUMMARY: Illegal dumping is observed in the alley, with mixed waste scattered on the ground, violating property owner liability under Sec. 46-45.
"
20260602T140833Z,DT_14th_and_Madison_New_4_20260531T144000.jpg,,,dataset_20260531/DT_14th_and_Madison_New_4/DT_14th_and_Madison_New_4_20260531T144000.jpg,illegal_dumping,done,2026-06-02T14:22:52.962017+00:00,0.041,0.893,0.937,,nvidia/cosmos-reason2-8b,"```json
{
  ""DUMPING PRESENT"": ""No"",
  ""ORDINANCE VIOLATION"": ""No"",
  ""WASTE TYPE"": [],
  ""WASTE VOLUME"": ""small (pickup truck)"",
  ""WASTE ORIGIN"": ""residential"",
  ""PROPERTY TYPE"": ""vacant-lot"",
  ""ADDRESS MARKERS"": ""NONE"",
  ""GUTTER/ALLEY"": ""No"",
  ""WATER PROXIMITY"": ""No"",
  ""CHRONIC SITE"": ""No"",
  ""VEHICLES"": ""NONE"",
  ""IDENTIFIERS"": ""NONE"",
  ""SEVERITY"": ""1"",
  ""ORDINANCE"": ""N/A"",
  ""PRIORITY"": ""LOW"",
  ""SUMMARY"": ""No illegal dumping detected; the scene shows a residential area with no visible waste or debris.""
}
```"
20260602T140833Z,DT_14th_and_Madison_New_4_20260531T145000.jpg,,,dataset_20260531/DT_14th_and_Madison_New_4/DT_14th_and_Madison_New_4_20260531T145000.jpg,illegal_dumping,done,2026-06-02T14:22:53.121038+00:00,0.036,0.803,0.842,,nvidia/cosmos-reason2-8b,"DUMPING PRESENT: Yes
ORDINANCE VIOLATION: Yes
WASTE TYPE: mixed
WASTE VOLUME: small (pickup truck)
WASTE ORIGIN: residential
PROPERTY TYPE: alley
ADDRESS MARKERS: NONE
GUTTER/ALLEY: Yes
WATER PROXIMITY: No
CHRONIC SITE: No
VEHICLES: NONE
IDENTIFIERS: NONE
SEVERITY: 2
ORDINANCE: Sec-46-45
PRIORITY: MEDIUM
SUMMARY: Illegal dumping is present in the alley, with mixed waste scattered along the dirt path, violating property owner liability under Sec-46-45.
"
20260602T140833Z,DT_14th_and_Madison_New_4_20260531T150000.jpg,,,dataset_20260531/DT_14th_and_Madison_New_4/DT_14th_and_Madison_New_4_20260531T150000.jpg,illegal_dumping,done,2026-06-02T14:22:53.302065+00:00,0.04,1.04,1.086,,nvidia/cosmos-reason2-8b,"```json
{
  ""DUMPING PRESENT"": ""Yes"",
  ""ORDINANCE VIOLATION"": ""Yes"",
  ""WASTE TYPE"": [
    ""mixed""
  ],
  ""WASTE VOLUME"": ""small (pickup truck)"",
  ""WASTE ORIGIN"": ""residential"",
  ""PROPERTY TYPE"": ""right-of-way"",
  ""ADDRESS MARKERS"": ""NONE"",
  ""GUTTER/ALLEY"": ""Yes"",
  ""WATER PROXIMITY"": ""No"",
  ""CHRONIC SITE"": ""No"",
  ""VEHICLES"": ""NONE"",
  ""IDENTIFIERS"": ""NONE"",
  ""SEVERITY"": ""2"",
  ""ORDINANCE"": ""Sec-46-45"",
  ""PRIORITY"": ""MEDIUM"",
  ""SUMMARY"": ""Illegal dumping of mixed waste is present in the right-of-way, violating Brownsville\u2019s property owner liability ordinance.""
}
```"
20260602T140833Z,DT_14th_and_Madison_New_4_20260531T151000.jpg,,,dataset_20260531/DT_14th_and_Madison_New_4/DT_14th_and_Madison_New_4_20260531T151000.jpg,illegal_dumping,done,2026-06-02T14:22:53.454340+00:00,0.039,0.936,0.98,,nvidia/cosmos-reason2-8b,"DUMPING PRESENT: Yes
ORDINANCE VIOLATION: Yes
WASTE TYPE: mixed
WASTE VOLUME: small (pickup truck)
WASTE ORIGIN: residential
PROPERTY TYPE: alley
ADDRESS MARKERS: NONE
GUTTER/ALLEY: Yes
WATER PROXIMITY: No
CHRONIC SITE: No
VEHICLES: NONE
IDENTIFIERS: NONE
SEVERITY: 2
ORDINANCE: Sec-46-45
PRIORITY: MEDIUM
SUMMARY: Illegal dumping is observed in the alley, with mixed waste scattered on the ground, violating property owner liability under Sec-46-45.
"
20260602T140833Z,DT_14th_and_Madison_New_4_20260531T152000.jpg,,,dataset_20260531/DT_14th_and_Madison_New_4/DT_14th_and_Madison_New_4_20260531T152000.jpg,illegal_dumping,done,2026-06-02T14:22:53.901831+00:00,0.045,0.782,0.835,,nvidia/cosmos-reason2-8b,"DUMPING PRESENT: Yes
ORDINANCE VIOLATION: Yes
WASTE TYPE: mixed
WASTE VOLUME: small (pickup truck)
WASTE ORIGIN: residential
PROPERTY TYPE: alley
ADDRESS MARKERS: NONE
GUTTER/ALLEY: Yes
WATER PROXIMITY: No
CHRONIC SITE: No
VEHICLES: NONE
IDENTIFIERS: NONE
SEVERITY: 2
ORDINANCE: Sec-46-45
PRIORITY: MEDIUM
SUMMARY: Illegal dumping is observed in the alley, violating Brownsville's property owner liability ordinance.
"
20260602T140833Z,DT_14th_and_Madison_New_4_20260531T153000.jpg,,,dataset_20260531/DT_14th_and_Madison_New_4/DT_14th_and_Madison_New_4_20260531T153000.jpg,illegal_dumping,done,2026-06-02T14:22:53.965846+00:00,0.05,0.976,1.031,,nvidia/cosmos-reason2-8b,"DUMPING PRESENT: Yes
ORDINANCE VIOLATION: Yes
WASTE TYPE: mixed
WASTE VOLUME: small (pickup truck)
WASTE ORIGIN: residential
PROPERTY TYPE: alley
ADDRESS MARKERS: NONE
GUTTER/ALLEY: Yes
WATER PROXIMITY: No
CHRONIC SITE: No
VEHICLES: NONE
IDENTIFIERS: NONE
SEVERITY: 2
ORDINANCE: Sec-46-45
PRIORITY: MEDIUM
SUMMARY: Illegal dumping is present in the alley, with mixed waste scattered along the dirt path, violating property owner liability under Sec. 46-45.
"
20260602T140833Z,DT_14th_and_Madison_New_4_20260531T154000.jpg,,,dataset_20260531/DT_14th_and_Madison_New_4/DT_14th_and_Madison_New_4_20260531T154000.jpg,illegal_dumping,done,2026-06-02T14:22:54.390943+00:00,0.044,0.698,0.745,,nvidia/cosmos-reason2-8b,"DUMPING PRESENT: No
ORDINANCE VIOLATION: No
WASTE TYPE: mixed
WASTE VOLUME: small (pickup truck)
WASTE ORIGIN: residential
PROPERTY TYPE: vacant-lot
ADDRESS MARKERS: NONE
GUTTER/ALLEY: No
WATER PROXIMITY: No
CHRONIC SITE: No
VEHICLES: NONE
IDENTIFIERS: NONE
SEVERITY: 1
ORDINANCE: N/A
PRIORITY: LOW
SUMMARY: No illegal dumping detected in the video."
20260602T140833Z,DT_14th_and_Madison_New_4_20260531T155000.jpg,,,dataset_20260531/DT_14th_and_Madison_New_4/DT_14th_and_Madison_New_4_20260531T155000.jpg,illegal_dumping,done,2026-06-02T14:22:54.437514+00:00,0.048,0.942,0.996,,nvidia/cosmos-reason2-8b,"DUMPING PRESENT: Yes
ORDINANCE VIOLATION: Yes
WASTE TYPE: mixed
WASTE VOLUME: small (pickup truck)
WASTE ORIGIN: residential
PROPERTY TYPE: alley
ADDRESS MARKERS: NONE
GUTTER/ALLEY: Yes
WATER PROXIMITY: No
CHRONIC SITE: No
VEHICLES: NONE
IDENTIFIERS: NONE
SEVERITY: 2
ORDINANCE: Sec-46-45
PRIORITY: MEDIUM
SUMMARY: Illegal dumping of mixed waste is observed in the alley, violating Brownsville's property owner liability ordinance.
"
20260602T140833Z,DT_14th_and_Madison_New_4_20260531T160000.jpg,,,dataset_20260531/DT_14th_and_Madison_New_4/DT_14th_and_Madison_New_4_20260531T160000.jpg,illegal_dumping,done,2026-06-02T14:22:54.739791+00:00,0.045,0.802,0.853,,nvidia/cosmos-reason2-8b,"DUMPING PRESENT: Yes
ORDINANCE VIOLATION: Yes
WASTE TYPE: mixed
WASTE VOLUME: small (pickup truck)
WASTE ORIGIN: residential
PROPERTY TYPE: alley
ADDRESS MARKERS: NONE
GUTTER/ALLEY: Yes
WATER PROXIMITY: No
CHRONIC SITE: No
VEHICLES: NONE
IDENTIFIERS: NONE
SEVERITY: 2
ORDINANCE: Sec-46-45
PRIORITY: MEDIUM
SUMMARY: Illegal dumping is occurring in an alley, with mixed waste scattered on the ground, violating property owner liability under Sec-46-45.
"
20260602T140833Z,DT_14th_and_Madison_New_4_20260531T161000.jpg,,,dataset_20260531/DT_14th_and_Madison_New_4/DT_14th_and_Madison_New_4_20260531T161000.jpg,illegal_dumping,done,2026-06-02T14:22:55.000516+00:00,0.046,0.723,0.781,,nvidia/cosmos-reason2-8b,"DUMPING PRESENT: Yes
ORDINANCE VIOLATION: Yes
WASTE TYPE: mixed
WASTE VOLUME: small (pickup truck)
WASTE ORIGIN: residential
PROPERTY TYPE: alley
ADDRESS MARKERS: NONE
GUTTER/ALLEY: Yes
WATER PROXIMITY: No
CHRONIC SITE: No
VEHICLES: NONE
IDENTIFIERS: NONE
SEVERITY: 2
ORDINANCE: Sec-46-45
PRIORITY: MEDIUM
SUMMARY: Illegal dumping is observed in the alley, violating Brownsville's property owner liability ordinance.
"
20260602T140833Z,DT_14th_and_Madison_New_4_20260531T162000.jpg,,,dataset_20260531/DT_14th_and_Madison_New_4/DT_14th_and_Madison_New_4_20260531T162000.jpg,illegal_dumping,done,2026-06-02T14:22:55.138441+00:00,0.045,0.842,0.892,,nvidia/cosmos-reason2-8b,"DUMPING PRESENT: Yes
ORDINANCE VIOLATION: Yes
WASTE TYPE: mixed
WASTE VOLUME: small (pickup truck)
WASTE ORIGIN: residential
PROPERTY TYPE: alley
ADDRESS MARKERS: NONE
GUTTER/ALLEY: Yes
WATER PROXIMITY: No
CHRONIC SITE: No
VEHICLES: NONE
IDENTIFIERS: NONE
SEVERITY: 2
ORDINANCE: Sec-46-45
PRIORITY: MEDIUM
SUMMARY: Illegal dumping is occurring in the alley, with mixed waste scattered along the ground, violating property owner liability under Sec-46-45.
"
20260602T140833Z,DT_14th_and_Madison_New_4_20260531T163000.jpg,,,dataset_20260531/DT_14th_and_Madison_New_4/DT_14th_and_Madison_New_4_20260531T163000.jpg,illegal_dumping,done,2026-06-02T14:22:55.436670+00:00,0.04,0.768,0.814,,nvidia/cosmos-reason2-8b,"DUMPING PRESENT: Yes
ORDINANCE VIOLATION: Yes
WASTE TYPE: mixed
WASTE VOLUME: small (pickup truck)
WASTE ORIGIN: residential
PROPERTY TYPE: alley
ADDRESS MARKERS: NONE
GUTTER/ALLEY: Yes
WATER PROXIMITY: No
CHRONIC SITE: No
VEHICLES: NONE
IDENTIFIERS: NONE
SEVERITY: 2
ORDINANCE: Sec-46-45
PRIORITY: MEDIUM
SUMMARY: Illegal dumping is present in the alley, with mixed waste scattered on the ground, violating property owner liability under Sec-46-45.
"
20260602T140833Z,DT_14th_and_Madison_New_4_20260531T164000.jpg,,,dataset_20260531/DT_14th_and_Madison_New_4/DT_14th_and_Madison_New_4_20260531T164000.jpg,illegal_dumping,done,2026-06-02T14:22:55.595661+00:00,0.038,0.763,0.804,,nvidia/cosmos-reason2-8b,"DUMPING PRESENT: No
ORDINANCE VIOLATION: No
WASTE TYPE: mixed
WASTE VOLUME: small (pickup truck)
WASTE ORIGIN: residential
PROPERTY TYPE: vacant-lot
ADDRESS MARKERS: <NONE>
GUTTER/ALLEY: No
WATER PROXIMITY: No
CHRONIC SITE: No
VEHICLES: <NONE>
IDENTIFIERS: <NONE>
SEVERITY: 1
ORDINANCE: N/A
PRIORITY: LOW
SUMMARY: No illegal dumping observed; the scene shows a green screen with no discernible waste or property details."
20260602T140833Z,DT_14th_and_Madison_New_4_20260531T165000.jpg,,,dataset_20260531/DT_14th_and_Madison_New_4/DT_14th_and_Madison_New_4_20260531T165000.jpg,illegal_dumping,done,2026-06-02T14:22:55.784190+00:00,0.041,0.713,0.758,,nvidia/cosmos-reason2-8b,"DUMPING PRESENT: No
ORDINANCE VIOLATION: No
WASTE TYPE: mixed
WASTE VOLUME: small (pickup truck)
WASTE ORIGIN: residential
PROPERTY TYPE: vacant-lot
ADDRESS MARKERS: NONE
GUTTER/ALLEY: No
WATER PROXIMITY: No
CHRONIC SITE: No
VEHICLES: NONE
IDENTIFIERS: NONE
SEVERITY: 1
ORDINANCE: N/A
PRIORITY: LOW
SUMMARY: No illegal dumping detected in the video."
20260602T140833Z,DT_14th_and_Madison_New_4_20260531T170000.jpg,,,dataset_20260531/DT_14th_and_Madison_New_4/DT_14th_and_Madison_New_4_20260531T170000.jpg,illegal_dumping,done,2026-06-02T14:22:56.033044+00:00,0.041,0.799,0.843,,nvidia/cosmos-reason2-8b,"DUMPING PRESENT: Yes
ORDINANCE VIOLATION: Yes
WASTE TYPE: mixed
WASTE VOLUME: small (pickup truck)
WASTE ORIGIN: residential
PROPERTY TYPE: alley
ADDRESS MARKERS: NONE
GUTTER/ALLEY: Yes
WATER PROXIMITY: No
CHRONIC SITE: No
VEHICLES: NONE
IDENTIFIERS: NONE
SEVERITY: 2
ORDINANCE: Sec-46-45
PRIORITY: MEDIUM
SUMMARY: Illegal dumping of mixed waste is present in an alleyway, violating Brownsville's property owner liability ordinance (Sec. 46-45)."
20260602T140833Z,DT_14th_and_Madison_New_4_20260531T171000.jpg,,,dataset_20260531/DT_14th_and_Madison_New_4/DT_14th_and_Madison_New_4_20260531T171000.jpg,illegal_dumping,done,2026-06-02T14:22:56.252952+00:00,0.048,0.626,0.678,,nvidia/cosmos-reason2-8b,"DUMPING PRESENT: No
ORDINANCE VIOLATION: No
WASTE TYPE: mixed
WASTE VOLUME: small (pickup truck)
WASTE ORIGIN: residential
PROPERTY TYPE: vacant-lot
ADDRESS MARKERS: NONE
GUTTER/ALLEY: No
WATER PROXIMITY: No
CHRONIC SITE: No
VEHICLES: NONE
IDENTIFIERS: NONE
SEVERITY: 1
ORDINANCE: N/A
PRIORITY: LOW
SUMMARY: No illegal dumping detected in the video."
20260602T140833Z,DT_14th_and_Madison_New_4_20260531T172000.jpg,,,dataset_20260531/DT_14th_and_Madison_New_4/DT_14th_and_Madison_New_4_20260531T172000.jpg,illegal_dumping,done,2026-06-02T14:22:56.402270+00:00,0.042,0.743,0.788,,nvidia/cosmos-reason2-8b,"DUMPING PRESENT: No
ORDINANCE VIOLATION: No
WASTE TYPE: mixed
WASTE VOLUME: small (pickup truck)
WASTE ORIGIN: residential
PROPERTY TYPE: right-of-way
ADDRESS MARKERS: <NONE>
GUTTER/ALLEY: Yes
WATER PROXIMITY: No
CHRONIC SITE: No
VEHICLES: <NONE>
IDENTIFIERS: <NONE>
SEVERITY: 1
ORDINANCE: N/A
PRIORITY: LOW
SUMMARY: No illegal dumping detected in the right-of-way area."
20260602T140833Z,DT_14th_and_Madison_New_4_20260531T173000.jpg,,,dataset_20260531/DT_14th_and_Madison_New_4/DT_14th_and_Madison_New_4_20260531T173000.jpg,illegal_dumping,done,2026-06-02T14:22:56.544541+00:00,0.04,0.936,0.98,,nvidia/cosmos-reason2-8b,"DUMPING PRESENT: Yes
ORDINANCE VIOLATION: Yes
WASTE TYPE: mixed
WASTE VOLUME: medium
WASTE ORIGIN: residential
PROPERTY TYPE: alley
ADDRESS MARKERS: NONE
GUTTER/ALLEY: Yes
WATER PROXIMITY: No
CHRONIC SITE: No
VEHICLES: NONE
IDENTIFIERS: NONE
SEVERITY: 2
ORDINANCE: Sec-46-45
PRIORITY: MEDIUM
SUMMARY: Illegal dumping is occurring in the alley, with mixed waste scattered on the ground, violating property owner liability under Sec-46-45.
"
20260602T140833Z,DT_14th_and_Madison_New_4_20260531T174000.jpg,,,dataset_20260531/DT_14th_and_Madison_New_4/DT_14th_and_Madison_New_4_20260531T174000.jpg,illegal_dumping,done,2026-06-02T14:22:56.879591+00:00,0.052,0.712,0.767,,nvidia/cosmos-reason2-8b,"DUMPING PRESENT: No
ORDINANCE VIOLATION: No
WASTE TYPE: mixed
WASTE VOLUME: small (pickup truck)
WASTE ORIGIN: residential
PROPERTY TYPE: vacant-lot
ADDRESS MARKERS: NONE
GUTTER/ALLEY: No
WATER PROXIMITY: No
CHRONIC SITE: No
VEHICLES: NONE
IDENTIFIERS: NONE
SEVERITY: 1
ORDINANCE: N/A
PRIORITY: LOW
SUMMARY: No illegal dumping detected in the video."
20260602T140833Z,DT_14th_and_Madison_New_4_20260531T175000.jpg,,,dataset_20260531/DT_14th_and_Madison_New_4/DT_14th_and_Madison_New_4_20260531T175000.jpg,illegal_dumping,done,2026-06-02T14:22:56.933698+00:00,0.044,0.851,0.899,,nvidia/cosmos-reason2-8b,"DUMPING PRESENT: No
ORDINANCE VIOLATION: No
WASTE TYPE: mixed
WASTE VOLUME: small (pickup truck)
WASTE ORIGIN: residential
PROPERTY TYPE: right-of-way
ADDRESS MARKERS: NONE
GUTTER/ALLEY: No
WATER PROXIMITY: No
CHRONIC SITE: No
VEHICLES: NONE
IDENTIFIERS: NONE
SEVERITY: 1
ORDINANCE: N/A
PRIORITY: LOW
SUMMARY: No illegal dumping is observed in the video."
20260602T140833Z,DT_14th_and_Madison_New_4_20260531T180000.jpg,,,dataset_20260531/DT_14th_and_Madison_New_4/DT_14th_and_Madison_New_4_20260531T180000.jpg,illegal_dumping,done,2026-06-02T14:22:57.192791+00:00,0.037,0.814,0.855,,nvidia/cosmos-reason2-8b,"DUMPING PRESENT: Yes
ORDINANCE VIOLATION: Yes
WASTE TYPE: mixed
WASTE VOLUME: small (pickup truck)
WASTE ORIGIN: residential
PROPERTY TYPE: alley
ADDRESS MARKERS: NONE
GUTTER/ALLEY: Yes
WATER PROXIMITY: No
CHRONIC SITE: No
VEHICLES: NONE
IDENTIFIERS: NONE
SEVERITY: 2
ORDINANCE: Sec-46-45
PRIORITY: MEDIUM
SUMMARY: Illegal dumping of mixed waste is present in the alley, violating Brownsville's property owner liability ordinance.
"
20260602T140833Z,DT_14th_and_Madison_New_4_20260531T181000.jpg,,,dataset_20260531/DT_14th_and_Madison_New_4/DT_14th_and_Madison_New_4_20260531T181000.jpg,illegal_dumping,done,2026-06-02T14:22:57.527404+00:00,0.041,0.842,0.888,,nvidia/cosmos-reason2-8b,"DUMPING PRESENT: Yes
ORDINANCE VIOLATION: Yes
WASTE TYPE: mixed
WASTE VOLUME: small (pickup truck)
WASTE ORIGIN: residential
PROPERTY TYPE: alley
ADDRESS MARKERS: NONE
GUTTER/ALLEY: Yes
WATER PROXIMITY: No
CHRONIC SITE: No
VEHICLES: NONE
IDENTIFIERS: NONE
SEVERITY: 2
ORDINANCE: Sec-46-45
PRIORITY: MEDIUM
SUMMARY: Illegal dumping of mixed waste is present in the alley, violating Brownsville's property owner liability ordinance.
"
20260602T140833Z,DT_14th_and_Madison_New_4_20260531T182000.jpg,,,dataset_20260531/DT_14th_and_Madison_New_4/DT_14th_and_Madison_New_4_20260531T182000.jpg,illegal_dumping,done,2026-06-02T14:22:57.649485+00:00,0.047,0.764,0.814,,nvidia/cosmos-reason2-8b,"DUMPING PRESENT: No
ORDINANCE VIOLATION: No
WASTE TYPE: mixed
WASTE VOLUME: small (pickup truck)
WASTE ORIGIN: residential
PROPERTY TYPE: vacant-lot
ADDRESS MARKERS: NONE
GUTTER/ALLEY: No
WATER PROXIMITY: No
CHRONIC SITE: No
VEHICLES: NONE
IDENTIFIERS: NONE
SEVERITY: 1
ORDINANCE: N/A
PRIORITY: LOW
SUMMARY: No illegal dumping detected in the analyzed footage."
20260602T140833Z,DT_14th_and_Madison_New_4_20260531T183000.jpg,,,dataset_20260531/DT_14th_and_Madison_New_4/DT_14th_and_Madison_New_4_20260531T183000.jpg,illegal_dumping,done,2026-06-02T14:22:57.835106+00:00,0.044,0.717,0.764,,nvidia/cosmos-reason2-8b,"DUMPING PRESENT: No
ORDINANCE VIOLATION: No
WASTE TYPE: mixed
WASTE VOLUME: small (pickup truck)
WASTE ORIGIN: residential
PROPERTY TYPE: right-of-way
ADDRESS MARKERS: NONE
GUTTER/ALLEY: No
WATER PROXIMITY: No
CHRONIC SITE: No
VEHICLES: NONE
IDENTIFIERS: NONE
SEVERITY: 1
ORDINANCE: N/A
PRIORITY: LOW
SUMMARY: No illegal dumping detected in the video."
20260602T140833Z,DT_14th_and_Madison_New_4_20260531T184000.jpg,,,dataset_20260531/DT_14th_and_Madison_New_4/DT_14th_and_Madison_New_4_20260531T184000.jpg,illegal_dumping,done,2026-06-02T14:22:58.050295+00:00,0.043,0.853,0.899,,nvidia/cosmos-reason2-8b,"DUMPING PRESENT: Yes
ORDINANCE VIOLATION: Yes
WASTE TYPE: mixed
WASTE VOLUME: medium (dump truck)
WASTE ORIGIN: residential
PROPERTY TYPE: alley
ADDRESS MARKERS: NONE
GUTTER/ALLEY: Yes
WATER PROXIMITY: No
CHRONIC SITE: No
VEHICLES: NONE
IDENTIFIERS: NONE
SEVERITY: 2
ORDINANCE: Sec-46-45
PRIORITY: MEDIUM
SUMMARY: Illegal dumping of mixed waste is observed in an alley, violating Brownsville's ordinance on property owner liability for waste disposal.
"
20260602T140833Z,DT_14th_and_Madison_New_4_20260531T185000.jpg,,,dataset_20260531/DT_14th_and_Madison_New_4/DT_14th_and_Madison_New_4_20260531T185000.jpg,illegal_dumping,done,2026-06-02T14:22:58.417835+00:00,0.042,0.817,0.863,,nvidia/cosmos-reason2-8b,"DUMPING PRESENT: No
ORDINANCE VIOLATION: No
WASTE TYPE: mixed
WASTE VOLUME: small (pickup truck)
WASTE ORIGIN: residential
PROPERTY TYPE: vacant-lot
ADDRESS MARKERS: NONE
GUTTER/ALLEY: No
WATER PROXIMITY: No
CHRONIC SITE: No
VEHICLES: NONE
IDENTIFIERS: NONE
SEVERITY: 1
ORDINANCE: N/A
PRIORITY: LOW
SUMMARY: No illegal dumping detected; the scene shows a mix of natural and urban elements without visible waste or violations."
20260602T140833Z,DT_14th_and_Madison_New_4_20260531T190000.jpg,,,dataset_20260531/DT_14th_and_Madison_New_4/DT_14th_and_Madison_New_4_20260531T190000.jpg,illegal_dumping,done,2026-06-02T14:22:58.468035+00:00,0.047,0.989,1.041,,nvidia/cosmos-reason2-8b,"DUMPING PRESENT: Yes
ORDINANCE VIOLATION: Yes
WASTE TYPE: mixed
WASTE VOLUME: small (pickup truck)
WASTE ORIGIN: residential
PROPERTY TYPE: alley
ADDRESS MARKERS: NONE
GUTTER/ALLEY: Yes
WATER PROXIMITY: No
CHRONIC SITE: No
VEHICLES: NONE
IDENTIFIERS: NONE
SEVERITY: 2
ORDINANCE: Sec-46-45
PRIORITY: MEDIUM
SUMMARY: Illegal dumping of mixed waste is present in the alley, violating Brownsville's property owner liability ordinance.
"
20260602T140833Z,DT_14th_and_Madison_New_4_20260531T191000.jpg,,,dataset_20260531/DT_14th_and_Madison_New_4/DT_14th_and_Madison_New_4_20260531T191000.jpg,illegal_dumping,done,2026-06-02T14:22:58.601238+00:00,0.04,0.959,1.003,,nvidia/cosmos-reason2-8b,"DUMPING PRESENT: Yes
ORDINANCE VIOLATION: Yes
WASTE TYPE: mixed
WASTE VOLUME: small (pickup truck)
WASTE ORIGIN: residential
PROPERTY TYPE: alley
ADDRESS MARKERS: NONE
GUTTER/ALLEY: Yes
WATER PROXIMITY: No
CHRONIC SITE: No
VEHICLES: NONE
IDENTIFIERS: NONE
SEVERITY: 2
ORDINANCE: Sec-46-45
PRIORITY: MEDIUM
SUMMARY: Illegal dumping of mixed waste is present in the alley, violating Brownsville's property owner liability ordinance.
"
20260602T140833Z,DT_14th_and_Madison_New_4_20260531T192000.jpg,,,dataset_20260531/DT_14th_and_Madison_New_4/DT_14th_and_Madison_New_4_20260531T192000.jpg,illegal_dumping,done,2026-06-02T14:22:58.952344+00:00,0.047,0.888,0.937,,nvidia/cosmos-reason2-8b,"DUMPING PRESENT: No
ORDINANCE VIOLATION: No
WASTE TYPE: mixed
WASTE VOLUME: medium
WASTE ORIGIN: residential
PROPERTY TYPE: vacant-lot
ADDRESS MARKERS: NONE
GUTTER/ALLEY: No
WATER PROXIMITY: No
CHRONIC SITE: No
VEHICLES: NONE
IDENTIFIERS: NONE
SEVERITY: 1
ORDINANCE: N/A
PRIORITY: LOW
SUMMARY: No illegal dumping detected; the scene shows a mix of objects without clear evidence of waste disposal violations."
20260602T140833Z,DT_14th_and_Madison_New_4_20260531T193000.jpg,,,dataset_20260531/DT_14th_and_Madison_New_4/DT_14th_and_Madison_New_4_20260531T193000.jpg,illegal_dumping,done,2026-06-02T14:22:59.283535+00:00,0.039,0.825,0.868,,nvidia/cosmos-reason2-8b,"DUMPING PRESENT: Yes
ORDINANCE VIOLATION: Yes
WASTE TYPE: mixed
WASTE VOLUME: small (pickup truck)
WASTE ORIGIN: residential
PROPERTY TYPE: alley
ADDRESS MARKERS: NONE
GUTTER/ALLEY: Yes
WATER PROXIMITY: No
CHRONIC SITE: No
VEHICLES: NONE
IDENTIFIERS: NONE
SEVERITY: 2
ORDINANCE: Sec-46-45
PRIORITY: MEDIUM
SUMMARY: Illegal dumping of mixed waste is present in the alley, violating Brownsville's property owner liability ordinance.
"
20260602T140833Z,DT_14th_and_Madison_New_4_20260531T194000.jpg,,,dataset_20260531/DT_14th_and_Madison_New_4/DT_14th_and_Madison_New_4_20260531T194000.jpg,illegal_dumping,done,2026-06-02T14:22:59.511210+00:00,0.04,0.828,0.871,,nvidia/cosmos-reason2-8b,"DUMPING PRESENT: Yes
ORDINANCE VIOLATION: Yes
WASTE TYPE: mixed
WASTE VOLUME: small (pickup truck)
WASTE ORIGIN: residential
PROPERTY TYPE: alley
ADDRESS MARKERS: NONE
GUTTER/ALLEY: Yes
WATER PROXIMITY: No
CHRONIC SITE: No
VEHICLES: NONE
IDENTIFIERS: NONE
SEVERITY: 2
ORDINANCE: Sec-46-45
PRIORITY: MEDIUM
SUMMARY: Illegal dumping of mixed waste is present in the alley, violating Brownsville's property owner liability ordinance.
"
20260602T140833Z,DT_14th_and_Madison_New_4_20260531T195000.jpg,,,dataset_20260531/DT_14th_and_Madison_New_4/DT_14th_and_Madison_New_4_20260531T195000.jpg,illegal_dumping,done,2026-06-02T14:22:59.606883+00:00,0.042,1.226,1.271,,nvidia/cosmos-reason2-8b,"DUMPING PRESENT: Yes
ORDINANCE VIOLATION: Yes
WASTE TYPE: mixed
WASTE VOLUME: medium
WASTE ORIGIN: residential
PROPERTY TYPE: alley
ADDRESS MARKERS: NONE
GUTTER/ALLEY: Yes
WATER PROXIMITY: No
CHRONIC SITE: No
VEHICLES: NONE
IDENTIFIERS: NONE
SEVERITY: 2
ORDINANCE: Sec-46-45
PRIORITY: MEDIUM
SUMMARY: Illegal dumping of mixed waste is present in the alley, violating Brownsville's ordinance, with debris scattered along the dirt path and near the fence.
"
20260602T140833Z,DT_14th_and_Madison_New_4_20260531T200000.jpg,,,dataset_20260531/DT_14th_and_Madison_New_4/DT_14th_and_Madison_New_4_20260531T200000.jpg,illegal_dumping,done,2026-06-02T14:22:59.892283+00:00,0.043,0.84,0.887,,nvidia/cosmos-reason2-8b,"DUMPING PRESENT: Yes
ORDINANCE VIOLATION: Yes
WASTE TYPE: mixed
WASTE VOLUME: small (pickup truck)
WASTE ORIGIN: residential
PROPERTY TYPE: alley
ADDRESS MARKERS: NONE
GUTTER/ALLEY: Yes
WATER PROXIMITY: No
CHRONIC SITE: No
VEHICLES: NONE
IDENTIFIERS: NONE
SEVERITY: 2
ORDINANCE: Sec-46-45
PRIORITY: MEDIUM
SUMMARY: Illegal dumping is present in the alley, with mixed waste scattered along the dirt path, violating property owner liability under Sec. 46-45.
"
20260602T140833Z,DT_14th_and_Madison_New_4_20260531T201000.jpg,,,dataset_20260531/DT_14th_and_Madison_New_4/DT_14th_and_Madison_New_4_20260531T201000.jpg,illegal_dumping,done,2026-06-02T14:23:00.154331+00:00,0.045,0.736,0.785,,nvidia/cosmos-reason2-8b,"DUMPING PRESENT: No
ORDINANCE VIOLATION: No
WASTE TYPE: mixed
WASTE VOLUME: small (pickup truck)
WASTE ORIGIN: residential
PROPERTY TYPE: occupied-private
ADDRESS MARKERS: <NONE>
GUTTER/ALLEY: No
WATER PROXIMITY: No
CHRONIC SITE: No
VEHICLES: <NONE>
IDENTIFIERS: <NONE>
SEVERITY: 1
ORDINANCE: N/A
PRIORITY: LOW
SUMMARY: No illegal dumping detected; the scene shows a residential area with no visible waste or debris."
20260602T140833Z,DT_14th_and_Madison_New_4_20260531T202000.jpg,,,dataset_20260531/DT_14th_and_Madison_New_4/DT_14th_and_Madison_New_4_20260531T202000.jpg,illegal_dumping,done,2026-06-02T14:23:00.385609+00:00,0.039,0.709,0.752,,nvidia/cosmos-reason2-8b,"DUMPING PRESENT: No
ORDINANCE VIOLATION: No
WASTE TYPE: mixed
WASTE VOLUME: small (pickup truck)
WASTE ORIGIN: residential
PROPERTY TYPE: vacant-lot
ADDRESS MARKERS: NONE
GUTTER/ALLEY: No
WATER PROXIMITY: No
CHRONIC SITE: No
VEHICLES: NONE
IDENTIFIERS: NONE
SEVERITY: 1
ORDINANCE: N/A
PRIORITY: LOW
SUMMARY: No illegal dumping detected in the video."
20260602T140833Z,DT_14th_and_Madison_New_4_20260531T203000.jpg,,,dataset_20260531/DT_14th_and_Madison_New_4/DT_14th_and_Madison_New_4_20260531T203000.jpg,illegal_dumping,done,2026-06-02T14:23:00.783000+00:00,0.044,0.664,0.711,,nvidia/cosmos-reason2-8b,"DUMPING PRESENT: No
ORDINANCE VIOLATION: No
WASTE TYPE: mixed
WASTE VOLUME: small (pickup truck)
WASTE ORIGIN: residential
PROPERTY TYPE: vacant-lot
ADDRESS MARKERS: NONE
GUTTER/ALLEY: No
WATER PROXIMITY: No
CHRONIC SITE: No
VEHICLES: NONE
IDENTIFIERS: NONE
SEVERITY: 1
ORDINANCE: N/A
PRIORITY: LOW
SUMMARY: No illegal dumping detected in the video."
20260602T140833Z,DT_14th_and_Madison_New_4_20260531T204000.jpg,,,dataset_20260531/DT_14th_and_Madison_New_4/DT_14th_and_Madison_New_4_20260531T204000.jpg,illegal_dumping,done,2026-06-02T14:23:00.880163+00:00,0.039,1.049,1.091,,nvidia/cosmos-reason2-8b,"DUMPING PRESENT: No
ORDINANCE VIOLATION: No
WASTE TYPE: mixed
WASTE VOLUME: small (pickup truck)
WASTE ORIGIN: residential
PROPERTY TYPE: vacant-lot
ADDRESS MARKERS: NONE
GUTTER/ALLEY: No
WATER PROXIMITY: No
CHRONIC SITE: No
VEHICLES: NONE
IDENTIFIERS: NONE
SEVERITY: 1
ORDINANCE: N/A
PRIORITY: LOW
SUMMARY: No illegal dumping detected in the video."
20260602T140833Z,DT_14th_and_Madison_New_4_20260531T205000.jpg,,,dataset_20260531/DT_14th_and_Madison_New_4/DT_14th_and_Madison_New_4_20260531T205000.jpg,illegal_dumping,done,2026-06-02T14:23:00.941432+00:00,0.042,1.101,1.147,,nvidia/cosmos-reason2-8b,"DUMPING PRESENT: Yes
ORDINANCE VIOLATION: Yes
WASTE TYPE: mixed
WASTE VOLUME: small (pickup truck)
WASTE ORIGIN: unknown
PROPERTY TYPE: right-of-way
ADDRESS MARKERS: NONE
GUTTER/ALLEY: Yes
WATER PROXIMITY: No
CHRONIC SITE: No
VEHICLES: NONE
IDENTIFIERS: NONE
SEVERITY: 2
ORDINANCE: Sec-46-45
PRIORITY: MEDIUM
SUMMARY: Illegal dumping of mixed waste is observed in a right-of-way, violating Brownsville's property owner liability ordinance (Sec. 46-45)."
20260602T140833Z,DT_14th_and_Madison_New_4_20260531T210000.jpg,,,dataset_20260531/DT_14th_and_Madison_New_4/DT_14th_and_Madison_New_4_20260531T210000.jpg,illegal_dumping,done,2026-06-02T14:23:01.139672+00:00,0.044,0.972,1.019,,nvidia/cosmos-reason2-8b,"DUMPING PRESENT: Yes
ORDINANCE VIOLATION: Yes
WASTE TYPE: mixed
WASTE VOLUME: small (pickup truck)
WASTE ORIGIN: unknown
PROPERTY TYPE: right-of-way
ADDRESS MARKERS: NONE
GUTTER/ALLEY: Yes
WATER PROXIMITY: No
CHRONIC SITE: No
VEHICLES: NONE
IDENTIFIERS: NONE
SEVERITY: 2
ORDINANCE: Sec-46-45
PRIORITY: MEDIUM
SUMMARY: Illegal dumping is present in the right-of-way, violating Brownsville's property owner liability ordinance.
"
20260602T140833Z,DT_14th_and_Madison_New_4_20260531T211000.jpg,,,dataset_20260531/DT_14th_and_Madison_New_4/DT_14th_and_Madison_New_4_20260531T211000.jpg,illegal_dumping,done,2026-06-02T14:23:01.497505+00:00,0.044,0.779,0.828,,nvidia/cosmos-reason2-8b,"DUMPING PRESENT: No
ORDINANCE VIOLATION: No
WASTE TYPE: mixed
WASTE VOLUME: small (pickup truck)
WASTE ORIGIN: residential
PROPERTY TYPE: vacant-lot
ADDRESS MARKERS: NONE
GUTTER/ALLEY: No
WATER PROXIMITY: No
CHRONIC SITE: No
VEHICLES: NONE
IDENTIFIERS: NONE
SEVERITY: 1
ORDINANCE: N/A
PRIORITY: LOW
SUMMARY: No illegal dumping detected in the video."
20260602T140833Z,DT_14th_and_Madison_New_4_20260531T212000.jpg,,,dataset_20260531/DT_14th_and_Madison_New_4/DT_14th_and_Madison_New_4_20260531T212000.jpg,illegal_dumping,done,2026-06-02T14:23:01.973525+00:00,0.034,0.651,0.688,,nvidia/cosmos-reason2-8b,"DUMPING PRESENT: No
ORDINANCE VIOLATION: No
WASTE TYPE: mixed
WASTE VOLUME: small
WASTE ORIGIN: unknown
PROPERTY TYPE: right-of-way
ADDRESS MARKERS: NONE
GUTTER/ALLEY: No
WATER PROXIMITY: No
CHRONIC SITE: No
VEHICLES: NONE
IDENTIFIERS: NONE
SEVERITY: 1
ORDINANCE: N/A
PRIORITY: LOW
SUMMARY: No illegal dumping detected in the video."
20260602T140833Z,DT_14th_and_Madison_New_4_20260531T213000.jpg,,,dataset_20260531/DT_14th_and_Madison_New_4/DT_14th_and_Madison_New_4_20260531T213000.jpg,illegal_dumping,done,2026-06-02T14:23:02.090782+00:00,0.04,0.829,0.873,,nvidia/cosmos-reason2-8b,"DUMPING PRESENT: No
ORDINANCE VIOLATION: No
WASTE TYPE: mixed
WASTE VOLUME: small (pickup truck)
WASTE ORIGIN: residential
PROPERTY TYPE: occupied-private
ADDRESS MARKERS: NONE
GUTTER/ALLEY: No
WATER PROXIMITY: No
CHRONIC SITE: No
VEHICLES: NONE
IDENTIFIERS: NONE
SEVERITY: 1
ORDINANCE: N/A
PRIORITY: LOW
SUMMARY: No illegal dumping detected in the video."
20260602T140833Z,DT_14th_and_Madison_New_4_20260531T214000.jpg,,,dataset_20260531/DT_14th_and_Madison_New_4/DT_14th_and_Madison_New_4_20260531T214000.jpg,illegal_dumping,done,2026-06-02T14:23:02.161488+00:00,0.043,0.827,0.874,,nvidia/cosmos-reason2-8b,"DUMPING PRESENT: No
ORDINANCE VIOLATION: No
WASTE TYPE: mixed
WASTE VOLUME: small (pickup truck)
WASTE ORIGIN: residential
PROPERTY TYPE: occupied-private
ADDRESS MARKERS: NONE
GUTTER/ALLEY: No
WATER PROXIMITY: No
CHRONIC SITE: No
VEHICLES: NONE
IDENTIFIERS: NONE
SEVERITY: 1
ORDINANCE: N/A
PRIORITY: LOW
SUMMARY: No illegal dumping detected in the video."
20260602T140833Z,DT_14th_and_Madison_New_4_20260531T215000.jpg,,,dataset_20260531/DT_14th_and_Madison_New_4/DT_14th_and_Madison_New_4_20260531T215000.jpg,illegal_dumping,done,2026-06-02T14:23:02.327542+00:00,0.041,0.966,1.01,,nvidia/cosmos-reason2-8b,"DUMPING PRESENT: No
ORDINANCE VIOLATION: No
WASTE TYPE: mixed
WASTE VOLUME: small (pickup truck)
WASTE ORIGIN: residential
PROPERTY TYPE: vacant-lot
ADDRESS MARKERS: NONE
GUTTER/ALLEY: No
WATER PROXIMITY: No
CHRONIC SITE: No
VEHICLES: <color, type, any text visible — or NONE>
IDENTIFIERS: <plates, signage, labels, individuals — or NONE>
SEVERITY: 1
ORDINANCE: N/A
PRIORITY: LOW
SUMMARY: No illegal dumping detected in the video."
20260602T140833Z,DT_14th_and_Madison_New_4_20260531T220000.jpg,,,dataset_20260531/DT_14th_and_Madison_New_4/DT_14th_and_Madison_New_4_20260531T220000.jpg,illegal_dumping,done,2026-06-02T14:23:02.664866+00:00,0.046,0.83,0.879,,nvidia/cosmos-reason2-8b,"DUMPING PRESENT: Yes
ORDINANCE VIOLATION: Yes
WASTE TYPE: mixed
WASTE VOLUME: small (pickup truck)
WASTE ORIGIN: residential
PROPERTY TYPE: alley
ADDRESS MARKERS: NONE
GUTTER/ALLEY: Yes
WATER PROXIMITY: No
CHRONIC SITE: No
VEHICLES: NONE
IDENTIFIERS: NONE
SEVERITY: 2
ORDINANCE: Sec-46-45
PRIORITY: MEDIUM
SUMMARY: Illegal dumping of mixed waste is observed in an alley, violating Brownsville's property owner liability ordinance.
"
20260602T140833Z,DT_14th_and_Madison_New_4_20260531T221000.jpg,,,dataset_20260531/DT_14th_and_Madison_New_4/DT_14th_and_Madison_New_4_20260531T221000.jpg,illegal_dumping,done,2026-06-02T14:23:02.966630+00:00,0.046,0.851,0.9,,nvidia/cosmos-reason2-8b,"DUMPING PRESENT: Yes
ORDINANCE VIOLATION: Yes
WASTE TYPE: mixed
WASTE VOLUME: small (pickup truck)
WASTE ORIGIN: unknown
PROPERTY TYPE: alley
ADDRESS MARKERS: NONE
GUTTER/ALLEY: Yes
WATER PROXIMITY: No
CHRONIC SITE: No
VEHICLES: NONE
IDENTIFIERS: NONE
SEVERITY: 3
ORDINANCE: Sec-46-45
PRIORITY: MEDIUM
SUMMARY: Illegal dumping is observed in the alley, with mixed waste scattered on the ground, violating Brownsville's ordinance on property owner liability for waste disposal.
"
20260602T140833Z,DT_14th_and_Madison_New_4_20260531T222000.jpg,,,dataset_20260531/DT_14th_and_Madison_New_4/DT_14th_and_Madison_New_4_20260531T222000.jpg,illegal_dumping,done,2026-06-02T14:23:03.037886+00:00,0.045,0.878,0.926,,nvidia/cosmos-reason2-8b,"DUMPING PRESENT: Yes
ORDINANCE VIOLATION: Yes
WASTE TYPE: mixed
WASTE VOLUME: small (pickup truck)
WASTE ORIGIN: unknown
PROPERTY TYPE: right-of-way
ADDRESS MARKERS: NONE
GUTTER/ALLEY: Yes
WATER PROXIMITY: No
CHRONIC SITE: No
VEHICLES: NONE
IDENTIFIERS: NONE
SEVERITY: 2
ORDINANCE: Sec-46-45
PRIORITY: MEDIUM
SUMMARY: Illegal dumping of mixed waste is present on a right-of-way, violating Brownsville's property owner liability ordinance.
"
20260602T140833Z,DT_14th_and_Madison_New_4_20260531T223000.jpg,,,dataset_20260531/DT_14th_and_Madison_New_4/DT_14th_and_Madison_New_4_20260531T223000.jpg,illegal_dumping,done,2026-06-02T14:23:03.340114+00:00,0.043,0.926,0.972,,nvidia/cosmos-reason2-8b,"```json
{
  ""DUMPING PRESENT"": ""Yes"",
  ""ORDINANCE VIOLATION"": ""Yes"",
  ""WASTE TYPE"": [
    ""mixed""
  ],
  ""WASTE VOLUME"": ""small (pickup truck)"",
  ""WASTE ORIGIN"": ""residential"",
  ""PROPERTY TYPE"": ""vacant-lot"",
  ""ADDRESS MARKERS"": ""NONE"",
  ""GUTTER/ALLEY"": ""No"",
  ""WATER PROXIMITY"": ""No"",
  ""CHRONIC SITE"": ""No"",
  ""VEHICLES"": ""NONE"",
  ""IDENTIFIERS"": ""NONE"",
  ""SEVERITY"": ""2"",
  ""ORDINANCE"": ""Sec-46-45"",
  ""PRIORITY"": ""MEDIUM"",
  ""SUMMARY"": ""Illegal dumping of mixed waste is observed on a vacant lot, violating Brownsville\u2019s property owner liability ordinance.""
}
```"
20260602T140833Z,DT_14th_and_Madison_New_4_20260531T224000.jpg,,,dataset_20260531/DT_14th_and_Madison_New_4/DT_14th_and_Madison_New_4_20260531T224000.jpg,illegal_dumping,done,2026-06-02T14:23:03.546170+00:00,0.046,0.819,0.868,,nvidia/cosmos-reason2-8b,"DUMPING PRESENT: Yes
ORDINANCE VIOLATION: Yes
WASTE TYPE: mixed
WASTE VOLUME: small (pickup truck)
WASTE ORIGIN: residential
PROPERTY TYPE: alley
ADDRESS MARKERS: NONE
GUTTER/ALLEY: Yes
WATER PROXIMITY: No
CHRONIC SITE: No
VEHICLES: NONE
IDENTIFIERS: NONE
SEVERITY: 2
ORDINANCE: Sec-46-45
PRIORITY: MEDIUM
SUMMARY: Illegal dumping of mixed waste is observed in an alleyway, violating Brownsville's property owner liability ordinance.
"
20260602T140833Z,DT_14th_and_Madison_New_4_20260531T225000.jpg,,,dataset_20260531/DT_14th_and_Madison_New_4/DT_14th_and_Madison_New_4_20260531T225000.jpg,illegal_dumping,done,2026-06-02T14:23:03.869196+00:00,0.04,0.876,0.92,,nvidia/cosmos-reason2-8b,"DUMPING PRESENT: Yes
ORDINANCE VIOLATION: Yes
WASTE TYPE: mixed
WASTE VOLUME: small (pickup truck)
WASTE ORIGIN: unknown
PROPERTY TYPE: right-of-way
ADDRESS MARKERS: NONE
GUTTER/ALLEY: Yes
WATER PROXIMITY: No
CHRONIC SITE: No
VEHICLES: NONE
IDENTIFIERS: NONE
SEVERITY: 2
ORDINANCE: Sec-46-45
PRIORITY: MEDIUM
SUMMARY: Illegal dumping is observed in the right-of-way, with mixed waste scattered on the ground, violating property owner liability under Sec. 46-45.
"
20260602T140833Z,DT_14th_and_Madison_New_4_20260531T230000.jpg,,,dataset_20260531/DT_14th_and_Madison_New_4/DT_14th_and_Madison_New_4_20260531T230000.jpg,illegal_dumping,done,2026-06-02T14:23:03.967179+00:00,0.047,0.815,0.866,,nvidia/cosmos-reason2-8b,"DUMPING PRESENT: Yes
ORDINANCE VIOLATION: Yes
WASTE TYPE: mixed
WASTE VOLUME: small (pickup truck)
WASTE ORIGIN: residential
PROPERTY TYPE: alley
ADDRESS MARKERS: NONE
GUTTER/ALLEY: Yes
WATER PROXIMITY: No
CHRONIC SITE: No
VEHICLES: NONE
IDENTIFIERS: NONE
SEVERITY: 2
ORDINANCE: Sec-46-45
PRIORITY: MEDIUM
SUMMARY: Illegal dumping of mixed waste is observed in an alley, violating Brownsville's property owner liability ordinance.
"
20260602T140833Z,DT_14th_and_Madison_New_4_20260531T231000.jpg,,,dataset_20260531/DT_14th_and_Madison_New_4/DT_14th_and_Madison_New_4_20260531T231000.jpg,illegal_dumping,done,2026-06-02T14:23:04.314638+00:00,0.043,0.801,0.848,,nvidia/cosmos-reason2-8b,"DUMPING PRESENT: Yes
ORDINANCE VIOLATION: Yes
WASTE TYPE: mixed
WASTE VOLUME: small (pickup truck)
WASTE ORIGIN: residential
PROPERTY TYPE: alley
ADDRESS MARKERS: NONE
GUTTER/ALLEY: Yes
WATER PROXIMITY: No
CHRONIC SITE: No
VEHICLES: NONE
IDENTIFIERS: NONE
SEVERITY: 1
ORDINANCE: Sec-46-45
PRIORITY: LOW
SUMMARY: Illegal dumping of mixed waste is observed in an alley, violating Brownsville's property owner liability ordinance (Sec. 46-45)."
20260602T140833Z,DT_14th_and_Madison_New_4_20260531T232000.jpg,,,dataset_20260531/DT_14th_and_Madison_New_4/DT_14th_and_Madison_New_4_20260531T232000.jpg,illegal_dumping,done,2026-06-02T14:23:04.417095+00:00,0.044,0.855,0.902,,nvidia/cosmos-reason2-8b,"DUMPING PRESENT: Yes
ORDINANCE VIOLATION: Yes
WASTE TYPE: mixed
WASTE VOLUME: small (pickup truck)
WASTE ORIGIN: residential
PROPERTY TYPE: alley
ADDRESS MARKERS: NONE
GUTTER/ALLEY: Yes
WATER PROXIMITY: No
CHRONIC SITE: No
VEHICLES: NONE
IDENTIFIERS: NONE
SEVERITY: 2
ORDINANCE: Sec-46-45
PRIORITY: MEDIUM
SUMMARY: Illegal dumping is occurring in an alleyway, with mixed waste scattered on the ground, violating property owner liability under Sec-46-45.
"
20260602T140833Z,DT_14th_and_Madison_New_4_20260531T233000.jpg,,,dataset_20260531/DT_14th_and_Madison_New_4/DT_14th_and_Madison_New_4_20260531T233000.jpg,illegal_dumping,done,2026-06-02T14:23:04.791467+00:00,0.039,0.785,0.827,,nvidia/cosmos-reason2-8b,"DUMPING PRESENT: Yes
ORDINANCE VIOLATION: Yes
WASTE TYPE: mixed
WASTE VOLUME: small (pickup truck)
WASTE ORIGIN: residential
PROPERTY TYPE: alley
ADDRESS MARKERS: NONE
GUTTER/ALLEY: Yes
WATER PROXIMITY: No
CHRONIC SITE: No
VEHICLES: NONE
IDENTIFIERS: NONE
SEVERITY: 2
ORDINANCE: Sec-46-45
PRIORITY: MEDIUM
SUMMARY: Illegal dumping of mixed waste is present in the alley, violating Brownsville's property owner liability ordinance.
"
20260602T140833Z,DT_14th_and_Madison_New_4_20260531T234000.jpg,,,dataset_20260531/DT_14th_and_Madison_New_4/DT_14th_and_Madison_New_4_20260531T234000.jpg,illegal_dumping,done,2026-06-02T14:23:04.837621+00:00,0.034,0.907,0.944,,nvidia/cosmos-reason2-8b,"DUMPING PRESENT: Yes
ORDINANCE VIOLATION: Yes
WASTE TYPE: mixed
WASTE VOLUME: small (pickup truck)
WASTE ORIGIN: residential
PROPERTY TYPE: alley
ADDRESS MARKERS: NONE
GUTTER/ALLEY: Yes
WATER PROXIMITY: No
CHRONIC SITE: No
VEHICLES: NONE
IDENTIFIERS: NONE
SEVERITY: 2
ORDINANCE: Sec-46-45
PRIORITY: MEDIUM
SUMMARY: Illegal dumping of mixed waste is observed in an alley, violating Brownsville's property owner liability ordinance.
"
20260602T140833Z,DT_14th_and_Madison_New_4_20260531T235000.jpg,,,dataset_20260531/DT_14th_and_Madison_New_4/DT_14th_and_Madison_New_4_20260531T235000.jpg,illegal_dumping,done,2026-06-02T14:23:05.165545+00:00,0.044,0.749,0.796,,nvidia/cosmos-reason2-8b,"DUMPING PRESENT: Yes
ORDINANCE VIOLATION: Yes
WASTE TYPE: mixed
WASTE VOLUME: small (pickup truck)
WASTE ORIGIN: residential
PROPERTY TYPE: alley
ADDRESS MARKERS: NONE
GUTTER/ALLEY: Yes
WATER PROXIMITY: No
CHRONIC SITE: No
VEHICLES: NONE
IDENTIFIERS: NONE
SEVERITY: 1
ORDINANCE: Sec-46-45
PRIORITY: LOW
SUMMARY: Illegal dumping of mixed waste is observed in an alley, violating Brownsville's property owner liability ordinance."
