run_id,file_name,source,local_path,minio_key,preset,status,started_at,upload_seconds,caption_seconds,total_seconds,total_tokens,model,full_caption
vlm_runs/2026-06-08,AP_Gate_7_Camera_4_20260608T000000.jpg,minio,,vlm_runs/2026-06-08/AP_Gate_7_Camera_4/AP_Gate_7_Camera_4_20260608T000000.jpg,vehicle_prompts,done,2026-06-09T13:28:40.187890+00:00,,1.293,1.293,0,nvidia/cosmos-reason2-8b,"<0.0> 

[GENERAL VEHICLE SAFETY]
1. Not visible
2. Not visible

[COLLISIONS & NEAR MISSES]
3. Not visible
4. Not visible

[PARKING & ACCESS VIOLATIONS]
5. Not visible
6. Not visible

[SUSPICIOUS VEHICLE BEHAVIOR]
7. Not visible
8. Not visible

[VEHICLE IDENTIFICATION]
9. Not visible
10. Not visible
11. Not visible

[PEDESTRIAN & CHILD SAFETY]
12. Not visible
13. Not visible
14. Not visible"
vlm_runs/2026-06-08,AP_Gate_7_Camera_4_20260608T003000.jpg,minio,,vlm_runs/2026-06-08/AP_Gate_7_Camera_4/AP_Gate_7_Camera_4_20260608T003000.jpg,vehicle_prompts,done,2026-06-09T13:28:40.187898+00:00,,0.835,0.835,0,nvidia/cosmos-reason2-8b,0.0
vlm_runs/2026-06-08,AP_Gate_7_Camera_4_20260608T001500.jpg,minio,,vlm_runs/2026-06-08/AP_Gate_7_Camera_4/AP_Gate_7_Camera_4_20260608T001500.jpg,vehicle_prompts,done,2026-06-09T13:28:40.187894+00:00,,2.158,2.158,0,nvidia/cosmos-reason2-8b,"<0.0> 
1. Not visible
2. Not visible
3. Not visible
4. Not visible
5. Not visible
6. Not visible
7. Not visible
8. Not visible
9. Not visible
10. Not visible
11. Not visible
12. Not visible
13. Not visible
14. Not visible"
vlm_runs/2026-06-08,AP_Gate_7_Camera_4_20260608T014500.jpg,minio,,vlm_runs/2026-06-08/AP_Gate_7_Camera_4/AP_Gate_7_Camera_4_20260608T014500.jpg,vehicle_prompts,done,2026-06-09T13:28:40.187918+00:00,,1.049,1.049,0,nvidia/cosmos-reason2-8b,"<0.0> 

[GENERAL VEHICLE SAFETY]
1. Not visible
2. Not visible

[COLLISIONS & NEAR MISSES]
3. Not visible
4. Not visible

[PARKING & ACCESS VIOLATIONS]
5. Not visible
6. Not visible

[SUSPICIOUS VEHICLE BEHAVIOR]
7. Not visible
8. Not visible

[VEHICLE IDENTIFICATION]
9. Not visible
10. Not visible
11. Not visible

[PEDESTRIAN & CHILD SAFETY]
12. Not visible
13. Not visible
14. Not visible"
vlm_runs/2026-06-08,AP_Gate_7_Camera_4_20260608T020000.jpg,minio,,vlm_runs/2026-06-08/AP_Gate_7_Camera_4/AP_Gate_7_Camera_4_20260608T020000.jpg,vehicle_prompts,done,2026-06-09T13:28:40.187921+00:00,,1.203,1.203,0,nvidia/cosmos-reason2-8b,"<0.0> 

[SUSPICIOUS VEHICLE BEHAVIOR] 7. Not visible"
vlm_runs/2026-06-08,AP_Gate_7_Camera_4_20260608T011500.jpg,minio,,vlm_runs/2026-06-08/AP_Gate_7_Camera_4/AP_Gate_7_Camera_4_20260608T011500.jpg,vehicle_prompts,done,2026-06-09T13:28:40.187908+00:00,,1.64,1.64,0,nvidia/cosmos-reason2-8b,"<0.0> 

[GENERAL VEHICLE SAFETY]
1. Not visible
2. Not visible

[COLLISIONS & NEAR MISSES]
3. Not visible
4. Not visible

[PARKING & ACCESS VIOLATIONS]
5. Not visible
6. Not visible

[SUSPICIOUS VEHICLE BEHAVIOR]
7. Not visible
8. Not visible

[VEHICLE IDENTIFICATION]
9. Not visible
10. Not visible
11. Not visible

[PEDESTRIAN & CHILD SAFETY]
12. Not visible
13. Not visible
14. Not visible"
vlm_runs/2026-06-08,AP_Gate_7_Camera_4_20260608T004500.jpg,minio,,vlm_runs/2026-06-08/AP_Gate_7_Camera_4/AP_Gate_7_Camera_4_20260608T004500.jpg,vehicle_prompts,done,2026-06-09T13:28:40.187901+00:00,,2.195,2.195,0,nvidia/cosmos-reason2-8b,"<0.0> 

[GENERAL VEHICLE SAFETY]
1. Not visible
2. Not visible

[COLLISIONS & NEAR MISSES]
3. Not visible
4. Not visible

[PARKING & ACCESS VIOLATIONS]
5. Not visible
6. Not visible

[SUSPICIOUS VEHICLE BEHAVIOR]
7. Not visible
8. Not visible

[VEHICLE IDENTIFICATION]
9. Not visible
10. Not visible
11. Not visible

[PEDESTRIAN & CHILD SAFETY]
12. Not visible
13. Not visible
14. Not visible"
vlm_runs/2026-06-08,AP_Gate_7_Camera_4_20260608T021500.jpg,minio,,vlm_runs/2026-06-08/AP_Gate_7_Camera_4/AP_Gate_7_Camera_4_20260608T021500.jpg,vehicle_prompts,done,2026-06-09T13:28:40.187925+00:00,,1.369,1.369,0,nvidia/cosmos-reason2-8b,"<0.0> 
1. Not visible
2. Not visible
3. Not visible
4. Not visible
5. Not visible
6. Not visible
7. Not visible
8. Not visible
9. Not visible
10. Not visible
11. Not visible
12. Not visible
13. Not visible
14. Not visible"
vlm_runs/2026-06-08,AP_Gate_7_Camera_4_20260608T033000.jpg,minio,,vlm_runs/2026-06-08/AP_Gate_7_Camera_4/AP_Gate_7_Camera_4_20260608T033000.jpg,vehicle_prompts,done,2026-06-09T13:28:40.187942+00:00,,1.327,1.327,0,nvidia/cosmos-reason2-8b,"<0.0> 

[GENERAL VEHICLE SAFETY]
1. Not visible
2. Not visible

[COLLISIONS & NEAR MISSES]
3. Not visible
4. Not visible

[PARKING & ACCESS VIOLATIONS]
5. Not visible
6. Not visible

[SUSPICIOUS VEHICLE BEHAVIOR]
7. Not visible
8. Not visible

[VEHICLE IDENTIFICATION]
9. Not visible
10. Not visible
11. Not visible

[PEDESTRIAN & CHILD SAFETY]
12. Not visible
13. Not visible
14. Not visible"
vlm_runs/2026-06-08,AP_Gate_7_Camera_4_20260608T031500.jpg,minio,,vlm_runs/2026-06-08/AP_Gate_7_Camera_4/AP_Gate_7_Camera_4_20260608T031500.jpg,vehicle_prompts,done,2026-06-09T13:28:40.187938+00:00,,1.595,1.595,0,nvidia/cosmos-reason2-8b,"<0.0> 
1. Not visible
2. Not visible
3. Not visible
4. Not visible
5. Not visible
6. Not visible
7. Not visible
8. Not visible
9. Not visible
10. Not visible
11. Not visible
12. Not visible
13. Not visible
14. Not visible"
vlm_runs/2026-06-08,AP_Gate_7_Camera_4_20260608T030000.jpg,minio,,vlm_runs/2026-06-08/AP_Gate_7_Camera_4/AP_Gate_7_Camera_4_20260608T030000.jpg,vehicle_prompts,done,2026-06-09T13:28:40.187935+00:00,,1.97,1.97,0,nvidia/cosmos-reason2-8b,"<0.0> 
1. Not visible
2. Not visible
3. Not visible
4. Not visible
5. Not visible
6. Not visible
7. Not visible
8. Not visible
9. Not visible
10. Not visible
11. Not visible
12. Not visible
13. Not visible
14. Not visible"
vlm_runs/2026-06-08,AP_Gate_7_Camera_4_20260608T013000.jpg,minio,,vlm_runs/2026-06-08/AP_Gate_7_Camera_4/AP_Gate_7_Camera_4_20260608T013000.jpg,vehicle_prompts,done,2026-06-09T13:28:40.187914+00:00,,3.42,3.42,0,nvidia/cosmos-reason2-8b,"<0.0> 

[GENERAL VEHICLE SAFETY]
1. Not visible
2. Not visible

[COLLISIONS & NEAR MISSES]
3. Not visible
4. Not visible

[PARKING & ACCESS VIOLATIONS]
5. Not visible
6. Not visible

[SUSPICIOUS VEHICLE BEHAVIOR]
7. Not visible
8. Not visible

[VEHICLE IDENTIFICATION]
9. Not visible
10. Not visible
11. Not visible

[PEDESTRIAN & CHILD SAFETY]
12. Not visible
13. Not visible
14. Not visible"
vlm_runs/2026-06-08,AP_Gate_7_Camera_4_20260608T010000.jpg,minio,,vlm_runs/2026-06-08/AP_Gate_7_Camera_4/AP_Gate_7_Camera_4_20260608T010000.jpg,vehicle_prompts,done,2026-06-09T13:28:40.187905+00:00,,3.706,3.706,0,nvidia/cosmos-reason2-8b,"<0.0> 

[SUSPICIOUS VEHICLE BEHAVIOR] 7. Not visible"
vlm_runs/2026-06-08,AP_Gate_7_Camera_4_20260608T023000.jpg,minio,,vlm_runs/2026-06-08/AP_Gate_7_Camera_4/AP_Gate_7_Camera_4_20260608T023000.jpg,vehicle_prompts,done,2026-06-09T13:28:40.187928+00:00,,2.433,2.433,0,nvidia/cosmos-reason2-8b,"<0.0> 

[GENERAL VEHICLE SAFETY]
1. Not visible
2. Not visible

[COLLISIONS & NEAR MISSES]
3. Not visible
4. Not visible

[PARKING & ACCESS VIOLATIONS]
5. Not visible
6. Not visible

[SUSPICIOUS VEHICLE BEHAVIOR]
7. Not visible
8. Not visible

[VEHICLE IDENTIFICATION]
9. Not visible
10. Not visible
11. Not visible

[PEDESTRIAN & CHILD SAFETY]
12. Not visible
13. Not visible
14. Not visible"
vlm_runs/2026-06-08,AP_Gate_7_Camera_4_20260608T024500.jpg,minio,,vlm_runs/2026-06-08/AP_Gate_7_Camera_4/AP_Gate_7_Camera_4_20260608T024500.jpg,vehicle_prompts,done,2026-06-09T13:28:40.187932+00:00,,2.566,2.566,0,nvidia/cosmos-reason2-8b,"<0.0> 

[GENERAL VEHICLE SAFETY]
1. Not visible
2. Not visible

[COLLISIONS & NEAR MISSES]
3. Not visible
4. Not visible

[PARKING & ACCESS VIOLATIONS]
5. Not visible
6. Not visible

[SUSPICIOUS VEHICLE BEHAVIOR]
7. Not visible
8. Not visible

[VEHICLE IDENTIFICATION]
9. Not visible
10. Not visible
11. Not visible

[PEDESTRIAN & CHILD SAFETY]
12. Not visible
13. Not visible
14. Not visible"
vlm_runs/2026-06-08,AP_Gate_7_Camera_4_20260608T040000.jpg,minio,,vlm_runs/2026-06-08/AP_Gate_7_Camera_4/AP_Gate_7_Camera_4_20260608T040000.jpg,vehicle_prompts,done,2026-06-09T13:28:40.187949+00:00,,1.191,1.191,0,nvidia/cosmos-reason2-8b,"<0.0> 

[GENERAL VEHICLE SAFETY]
1. Not visible
2. Not visible

[COLLISIONS & NEAR MISSES]
3. Not visible
4. Not visible

[PARKING & ACCESS VIOLATIONS]
5. Not visible
6. Not visible

[SUSPICIOUS VEHICLE BEHAVIOR]
7. Not visible
8. Not visible

[VEHICLE IDENTIFICATION]
9. Not visible
10. Not visible
11. Not visible

[PEDESTRIAN & CHILD SAFETY]
12. Not visible
13. Not visible
14. Not visible"
vlm_runs/2026-06-08,AP_Gate_7_Camera_4_20260608T044500.jpg,minio,,vlm_runs/2026-06-08/AP_Gate_7_Camera_4/AP_Gate_7_Camera_4_20260608T044500.jpg,vehicle_prompts,done,2026-06-09T13:28:40.187959+00:00,,0.965,0.965,0,nvidia/cosmos-reason2-8b,"<0.0> 

[GENERAL VEHICLE SAFETY]
1. Not visible
2. Not visible

[COLLISIONS & NEAR MISSES]
3. Not visible
4. Not visible

[PARKING & ACCESS VIOLATIONS]
5. Not visible
6. Not visible

[SUSPICIOUS VEHICLE BEHAVIOR]
7. Not visible
8. Not visible

[VEHICLE IDENTIFICATION]
9. Not visible
10. Not visible
11. Not visible

[PEDESTRIAN & CHILD SAFETY]
12. Not visible
13. Not visible
14. Not visible"
vlm_runs/2026-06-08,AP_Gate_7_Camera_4_20260608T053000.jpg,minio,,vlm_runs/2026-06-08/AP_Gate_7_Camera_4/AP_Gate_7_Camera_4_20260608T053000.jpg,vehicle_prompts,done,2026-06-09T13:28:40.187969+00:00,,0.959,0.959,0,nvidia/cosmos-reason2-8b,"<0.0> 

[GENERAL VEHICLE SAFETY]
1. Not visible
2. Not visible

[COLLISIONS & NEAR MISSES]
3. Not visible
4. Not visible

[PARKING & ACCESS VIOLATIONS]
5. Not visible
6. Not visible

[SUSPICIOUS VEHICLE BEHAVIOR]
7. Not visible
8. Not visible

[VEHICLE IDENTIFICATION]
9. Not visible
10. Not visible
11. Not visible

[PEDESTRIAN & CHILD SAFETY]
12. Not visible
13. Not visible
14. Not visible"
vlm_runs/2026-06-08,AP_Gate_7_Camera_4_20260608T034500.jpg,minio,,vlm_runs/2026-06-08/AP_Gate_7_Camera_4/AP_Gate_7_Camera_4_20260608T034500.jpg,vehicle_prompts,done,2026-06-09T13:28:40.187945+00:00,,2.913,2.913,0,nvidia/cosmos-reason2-8b,"<0.0> 

[GENERAL VEHICLE SAFETY]
1. Not visible
2. Not visible

[COLLISIONS & NEAR MISSES]
3. Not visible
4. Not visible

[PARKING & ACCESS VIOLATIONS]
5. Not visible
6. Not visible

[SUSPICIOUS VEHICLE BEHAVIOR]
7. Not visible
8. Not visible

[VEHICLE IDENTIFICATION]
9. Not visible
10. Not visible
11. Not visible

[PEDESTRIAN & CHILD SAFETY]
12. Not visible
13. Not visible
14. Not visible"
vlm_runs/2026-06-08,AP_Gate_7_Camera_4_20260608T041500.jpg,minio,,vlm_runs/2026-06-08/AP_Gate_7_Camera_4/AP_Gate_7_Camera_4_20260608T041500.jpg,vehicle_prompts,done,2026-06-09T13:28:40.187952+00:00,,1.856,1.856,0,nvidia/cosmos-reason2-8b,"<0.0> 

GENERAL VEHICLE SAFETY
1. Not visible
2. Not visible

COLLISIONS & NEAR MISSES
3. Not visible
4. Not visible

PARKING & ACCESS VIOLATIONS
5. Not visible
6. Not visible

SUSPICIOUS VEHICLE BEHAVIOR
7. Not visible
8. Not visible

VEHICLE IDENTIFICATION
9. Not visible
10. Not visible
11. Not visible

PEDESTRIAN & CHILD SAFETY
12. Not visible
13. Not visible
14. Not visible"
vlm_runs/2026-06-08,AP_Gate_7_Camera_4_20260608T043000.jpg,minio,,vlm_runs/2026-06-08/AP_Gate_7_Camera_4/AP_Gate_7_Camera_4_20260608T043000.jpg,vehicle_prompts,done,2026-06-09T13:28:40.187956+00:00,,1.787,1.787,0,nvidia/cosmos-reason2-8b,"<0.0> 

[GENERAL VEHICLE SAFETY]
1. Not visible
2. Not visible

[COLLISIONS & NEAR MISSES]
3. Not visible
4. Not visible

[PARKING & ACCESS VIOLATIONS]
5. Not visible
6. Not visible

[SUSPICIOUS VEHICLE BEHAVIOR]
7. Not visible
8. Not visible

[VEHICLE IDENTIFICATION]
9. Not visible
10. Not visible
11. Not visible

[PEDESTRIAN & CHILD SAFETY]
12. Not visible
13. Not visible
14. Not visible"
vlm_runs/2026-06-08,AP_Gate_7_Camera_4_20260608T050000.jpg,minio,,vlm_runs/2026-06-08/AP_Gate_7_Camera_4/AP_Gate_7_Camera_4_20260608T050000.jpg,vehicle_prompts,done,2026-06-09T13:28:40.187962+00:00,,1.819,1.819,0,nvidia/cosmos-reason2-8b,"<0.0> 

[GENERAL VEHICLE SAFETY]
1. Not visible
2. Not visible

[COLLISIONS & NEAR MISSES]
3. Not visible
4. Not visible

[PARKING & ACCESS VIOLATIONS]
5. Not visible
6. Not visible

[SUSPICIOUS VEHICLE BEHAVIOR]
7. Not visible
8. Not visible

[VEHICLE IDENTIFICATION]
9. Not visible
10. Not visible
11. Not visible

[PEDESTRIAN & CHILD SAFETY]
12. Not visible
13. Not visible
14. Not visible"
vlm_runs/2026-06-08,AP_Gate_7_Camera_4_20260608T061500.jpg,minio,,vlm_runs/2026-06-08/AP_Gate_7_Camera_4/AP_Gate_7_Camera_4_20260608T061500.jpg,vehicle_prompts,done,2026-06-09T13:28:40.187981+00:00,,0.939,0.939,0,nvidia/cosmos-reason2-8b,"<0.0> 

[GENERAL VEHICLE SAFETY]
1. Not visible
2. Not visible

[COLLISIONS & NEAR MISSES]
3. Not visible
4. Not visible

[PARKING & ACCESS VIOLATIONS]
5. Not visible
6. Not visible

[SUSPICIOUS VEHICLE BEHAVIOR]
7. Not visible
8. Not visible

[VEHICLE IDENTIFICATION]
9. Not visible
10. Not visible
11. Not visible

[PEDESTRIAN & CHILD SAFETY]
12. Not visible
13. Not visible
14. Not visible"
vlm_runs/2026-06-08,AP_Gate_7_Camera_4_20260608T054500.jpg,minio,,vlm_runs/2026-06-08/AP_Gate_7_Camera_4/AP_Gate_7_Camera_4_20260608T054500.jpg,vehicle_prompts,done,2026-06-09T13:28:40.187972+00:00,,1.529,1.529,0,nvidia/cosmos-reason2-8b,"<0.0> 

[GENERAL VEHICLE SAFETY]
1. Not visible
2. Not visible

[COLLISIONS & NEAR MISSES]
3. Not visible
4. Not visible

[PARKING & ACCESS VIOLATIONS]
5. Not visible
6. Not visible

[SUSPICIOUS VEHICLE BEHAVIOR]
7. Not visible
8. Not visible

[VEHICLE IDENTIFICATION]
9. Not visible
10. Not visible
11. Not visible

[PEDESTRIAN & CHILD SAFETY]
12. Not visible
13. Not visible
14. Not visible"
vlm_runs/2026-06-08,AP_Gate_7_Camera_4_20260608T070000.jpg,minio,,vlm_runs/2026-06-08/AP_Gate_7_Camera_4/AP_Gate_7_Camera_4_20260608T070000.jpg,vehicle_prompts,done,2026-06-09T13:28:40.187992+00:00,,0.885,0.885,0,nvidia/cosmos-reason2-8b,"<0.0> 

[GENERAL VEHICLE SAFETY]
1. Not visible
2. Not visible

[COLLISIONS & NEAR MISSES]
3. Not visible
4. Not visible

[PARKING & ACCESS VIOLATIONS]
5. Not visible
6. Not visible

[SUSPICIOUS VEHICLE BEHAVIOR]
7. Not visible
8. Not visible

[VEHICLE IDENTIFICATION]
9. Not visible
10. Not visible
11. Not visible

[PEDESTRIAN & CHILD SAFETY]
12. Not visible
13. Not visible
14. Not visible"
vlm_runs/2026-06-08,AP_Gate_7_Camera_4_20260608T071500.jpg,minio,,vlm_runs/2026-06-08/AP_Gate_7_Camera_4/AP_Gate_7_Camera_4_20260608T071500.jpg,vehicle_prompts,done,2026-06-09T13:28:40.187996+00:00,,0.702,0.702,0,nvidia/cosmos-reason2-8b,"<0.0> 
Not visible"
vlm_runs/2026-06-08,AP_Gate_7_Camera_4_20260608T064500.jpg,minio,,vlm_runs/2026-06-08/AP_Gate_7_Camera_4/AP_Gate_7_Camera_4_20260608T064500.jpg,vehicle_prompts,done,2026-06-09T13:28:40.187989+00:00,,1.268,1.268,0,nvidia/cosmos-reason2-8b,"<0.0> 
[GENERAL VEHICLE SAFETY]
1. Not visible
2. Not visible

[COLLISIONS & NEAR MISSES]
3. Not visible
4. Not visible

[PARKING & ACCESS VIOLATIONS]
5. Not visible
6. Not visible

[SUSPICIOUS VEHICLE BEHAVIOR]
7. Not visible
8. Not visible

[VEHICLE IDENTIFICATION]
9. Not visible
10. Not visible
11. Not visible

[PEDESTRIAN & CHILD SAFETY]
12. Not visible
13. Not visible
14. Not visible"
vlm_runs/2026-06-08,AP_Gate_7_Camera_4_20260608T060000.jpg,minio,,vlm_runs/2026-06-08/AP_Gate_7_Camera_4/AP_Gate_7_Camera_4_20260608T060000.jpg,vehicle_prompts,done,2026-06-09T13:28:40.187977+00:00,,2.118,2.118,0,nvidia/cosmos-reason2-8b,"<0.0> 
1. Not visible
2. Not visible
3. Not visible
4. Not visible
5. Not visible
6. Not visible
7. Not visible
8. Not visible
9. Not visible
10. Not visible
11. Not visible
12. Not visible
13. Not visible
14. Not visible"
vlm_runs/2026-06-08,AP_Gate_7_Camera_4_20260608T063000.jpg,minio,,vlm_runs/2026-06-08/AP_Gate_7_Camera_4/AP_Gate_7_Camera_4_20260608T063000.jpg,vehicle_prompts,done,2026-06-09T13:28:40.187985+00:00,,1.906,1.906,0,nvidia/cosmos-reason2-8b,"<0.0> 
1. Not visible
2. Not visible
3. Not visible
4. Not visible
5. Not visible
6. Not visible
7. Not visible
8. Not visible
9. Not visible
10. Not visible
11. Not visible
12. Not visible
13. Not visible
14. Not visible"
vlm_runs/2026-06-08,AP_Gate_7_Camera_4_20260608T051500.jpg,minio,,vlm_runs/2026-06-08/AP_Gate_7_Camera_4/AP_Gate_7_Camera_4_20260608T051500.jpg,vehicle_prompts,done,2026-06-09T13:28:40.187966+00:00,,3.384,3.384,0,nvidia/cosmos-reason2-8b,"<0.0> 

[GENERAL VEHICLE SAFETY]
1. Not visible
2. Not visible

[COLLISIONS & NEAR MISSES]
3. Not visible
4. Not visible

[PARKING & ACCESS VIOLATIONS]
5. Not visible
6. Not visible

[SUSPICIOUS VEHICLE BEHAVIOR]
7. Not visible
8. Not visible

[VEHICLE IDENTIFICATION]
9. Not visible
10. Not visible
11. Not visible

[PEDESTRIAN & CHILD SAFETY]
12. Not visible
13. Not visible
14. Not visible"
vlm_runs/2026-06-08,AP_Gate_7_Camera_4_20260608T083000.jpg,minio,,vlm_runs/2026-06-08/AP_Gate_7_Camera_4/AP_Gate_7_Camera_4_20260608T083000.jpg,vehicle_prompts,done,2026-06-09T13:28:40.188012+00:00,,0.671,0.671,0,nvidia/cosmos-reason2-8b,"<0.0> 
Not visible"
vlm_runs/2026-06-08,AP_Gate_7_Camera_4_20260608T073000.jpg,minio,,vlm_runs/2026-06-08/AP_Gate_7_Camera_4/AP_Gate_7_Camera_4_20260608T073000.jpg,vehicle_prompts,done,2026-06-09T13:28:40.187999+00:00,,1.319,1.319,0,nvidia/cosmos-reason2-8b,"<0.0> 

[GENERAL VEHICLE SAFETY]
1. Not visible
2. Not visible

[COLLISIONS & NEAR MISSES]
3. Not visible
4. Not visible

[PARKING & ACCESS VIOLATIONS]
5. Not visible
6. Not visible

[SUSPICIOUS VEHICLE BEHAVIOR]
7. Not visible
8. Not visible

[VEHICLE IDENTIFICATION]
9. Not visible
10. Not visible
11. Not visible

[PEDESTRIAN & CHILD SAFETY]
12. Not visible
13. Not visible
14. Not visible"
vlm_runs/2026-06-08,AP_Gate_7_Camera_4_20260608T080000.jpg,minio,,vlm_runs/2026-06-08/AP_Gate_7_Camera_4/AP_Gate_7_Camera_4_20260608T080000.jpg,vehicle_prompts,done,2026-06-09T13:28:40.188006+00:00,,1.125,1.125,0,nvidia/cosmos-reason2-8b,"<0.0> 
Not visible"
vlm_runs/2026-06-08,AP_Gate_7_Camera_4_20260608T084500.jpg,minio,,vlm_runs/2026-06-08/AP_Gate_7_Camera_4/AP_Gate_7_Camera_4_20260608T084500.jpg,vehicle_prompts,done,2026-06-09T13:28:40.188016+00:00,,0.86,0.86,0,nvidia/cosmos-reason2-8b,"<0.0> 
Not visible"
vlm_runs/2026-06-08,AP_Gate_7_Camera_4_20260608T074500.jpg,minio,,vlm_runs/2026-06-08/AP_Gate_7_Camera_4/AP_Gate_7_Camera_4_20260608T074500.jpg,vehicle_prompts,done,2026-06-09T13:28:40.188003+00:00,,1.882,1.882,0,nvidia/cosmos-reason2-8b,"<0.0> 
Not visible"
vlm_runs/2026-06-08,AP_Gate_7_Camera_4_20260608T101500.jpg,minio,,vlm_runs/2026-06-08/AP_Gate_7_Camera_4/AP_Gate_7_Camera_4_20260608T101500.jpg,vehicle_prompts,done,2026-06-09T13:28:40.188036+00:00,,0.854,0.854,0,nvidia/cosmos-reason2-8b,"<0.0> 
Not visible"
vlm_runs/2026-06-08,AP_Gate_7_Camera_4_20260608T091500.jpg,minio,,vlm_runs/2026-06-08/AP_Gate_7_Camera_4/AP_Gate_7_Camera_4_20260608T091500.jpg,vehicle_prompts,done,2026-06-09T13:28:40.188023+00:00,,1.434,1.434,0,nvidia/cosmos-reason2-8b,"<0.0> 

[GENERAL VEHICLE SAFETY]
1. Not visible
2. Not visible

[COLLISIONS & NEAR MISSES]
3. Not visible
4. Not visible

[PARKING & ACCESS VIOLATIONS]
5. Not visible
6. Not visible

[SUSPICIOUS VEHICLE BEHAVIOR]
7. Not visible
8. Not visible

[VEHICLE IDENTIFICATION]
9. Not visible
10. Not visible
11. Not visible

[PEDESTRIAN & CHILD SAFETY]
12. Not visible
13. Not visible
14. Not visible"
vlm_runs/2026-06-08,AP_Gate_7_Camera_4_20260608T093000.jpg,minio,,vlm_runs/2026-06-08/AP_Gate_7_Camera_4/AP_Gate_7_Camera_4_20260608T093000.jpg,vehicle_prompts,done,2026-06-09T13:28:40.188026+00:00,,1.542,1.542,0,nvidia/cosmos-reason2-8b,"<0.0> 
Not visible"
vlm_runs/2026-06-08,AP_Gate_7_Camera_4_20260608T094500.jpg,minio,,vlm_runs/2026-06-08/AP_Gate_7_Camera_4/AP_Gate_7_Camera_4_20260608T094500.jpg,vehicle_prompts,done,2026-06-09T13:28:40.188029+00:00,,1.719,1.719,0,nvidia/cosmos-reason2-8b,"<0.0> 
Not visible"
vlm_runs/2026-06-08,AP_Gate_7_Camera_4_20260608T090000.jpg,minio,,vlm_runs/2026-06-08/AP_Gate_7_Camera_4/AP_Gate_7_Camera_4_20260608T090000.jpg,vehicle_prompts,done,2026-06-09T13:28:40.188019+00:00,,2.335,2.335,0,nvidia/cosmos-reason2-8b,"<0.0> 

[GENERAL VEHICLE SAFETY]
1. Not visible
2. Not visible

[COLLISIONS & NEAR MISSES]
3. Not visible
4. Not visible

[PARKING & ACCESS VIOLATIONS]
5. Not visible
6. Not visible

[SUSPICIOUS VEHICLE BEHAVIOR]
7. Not visible
8. Not visible

[VEHICLE IDENTIFICATION]
9. Not visible
10. Not visible
11. Not visible

[PEDESTRIAN & CHILD SAFETY]
12. Not visible
13. Not visible
14. Not visible"
vlm_runs/2026-06-08,AP_Gate_7_Camera_4_20260608T100000.jpg,minio,,vlm_runs/2026-06-08/AP_Gate_7_Camera_4/AP_Gate_7_Camera_4_20260608T100000.jpg,vehicle_prompts,done,2026-06-09T13:28:40.188033+00:00,,1.91,1.91,0,nvidia/cosmos-reason2-8b,0.0
vlm_runs/2026-06-08,AP_Gate_7_Camera_4_20260608T103000.jpg,minio,,vlm_runs/2026-06-08/AP_Gate_7_Camera_4/AP_Gate_7_Camera_4_20260608T103000.jpg,vehicle_prompts,done,2026-06-09T13:28:40.188040+00:00,,1.555,1.555,0,nvidia/cosmos-reason2-8b,"<0.0> 
All questions are unanswerable because no vehicles are visible."
vlm_runs/2026-06-08,AP_Gate_7_Camera_4_20260608T104500.jpg,minio,,vlm_runs/2026-06-08/AP_Gate_7_Camera_4/AP_Gate_7_Camera_4_20260608T104500.jpg,vehicle_prompts,done,2026-06-09T13:28:40.188043+00:00,,1.269,1.269,0,nvidia/cosmos-reason2-8b,"<0.0> 

[GENERAL VEHICLE SAFETY]
1. Not visible
2. Not visible

[COLLISIONS & NEAR MISSES]
3. Not visible
4. Not visible

[PARKING & ACCESS VIOLATIONS]
5. Not visible
6. Not visible

[SUSPICIOUS VEHICLE BEHAVIOR]
7. Not visible
8. Not visible

[VEHICLE IDENTIFICATION]
9. Not visible
10. Not visible
11. Not visible

[PEDESTRIAN & CHILD SAFETY]
12. Not visible
13. Not visible
14. Not visible"
vlm_runs/2026-06-08,AP_Gate_7_Camera_4_20260608T111500.jpg,minio,,vlm_runs/2026-06-08/AP_Gate_7_Camera_4/AP_Gate_7_Camera_4_20260608T111500.jpg,vehicle_prompts,done,2026-06-09T13:28:40.188050+00:00,,1.284,1.284,0,nvidia/cosmos-reason2-8b,"<0.0> 
[GENERAL VEHICLE SAFETY]
1. Not visible
2. Not visible

[COLLISIONS & NEAR MISSES]
3. Not visible
4. Not visible

[PARKING & ACCESS VIOLATIONS]
5. Not visible
6. Not visible

[SUSPICIOUS VEHICLE BEHAVIOR]
7. Not visible
8. Not visible

[VEHICLE IDENTIFICATION]
9. Not visible
10. Not visible
11. Not visible

[PEDESTRIAN & CHILD SAFETY]
12. Not visible
13. Not visible
14. Not visible"
vlm_runs/2026-06-08,AP_Gate_7_Camera_4_20260608T110000.jpg,minio,,vlm_runs/2026-06-08/AP_Gate_7_Camera_4/AP_Gate_7_Camera_4_20260608T110000.jpg,vehicle_prompts,done,2026-06-09T13:28:40.188046+00:00,,1.68,1.68,0,nvidia/cosmos-reason2-8b,"<0.0> 
[GENERAL VEHICLE SAFETY]
1. Not visible
2. Not visible

[COLLISIONS & NEAR MISSES]
3. Not visible
4. Not visible

[PARKING & ACCESS VIOLATIONS]
5. Not visible
6. Not visible

[SUSPICIOUS VEHICLE BEHAVIOR]
7. Not visible
8. Not visible

[VEHICLE IDENTIFICATION]
9. Not visible
10. Not visible
11. Not visible

[PEDESTRIAN & CHILD SAFETY]
12. Not visible
13. Not visible
14. Not visible"
vlm_runs/2026-06-08,AP_Gate_7_Camera_4_20260608T113000.jpg,minio,,vlm_runs/2026-06-08/AP_Gate_7_Camera_4/AP_Gate_7_Camera_4_20260608T113000.jpg,vehicle_prompts,done,2026-06-09T13:28:40.188053+00:00,,1.456,1.456,0,nvidia/cosmos-reason2-8b,"<0.0> 
1. Not visible
2. Not visible
3. Not visible
4. Not visible
5. Not visible
6. Not visible
7. Not visible
8. Not visible
9. Not visible
10. Not visible
11. Not visible
12. Not visible
13. Not visible
14. Not visible"
vlm_runs/2026-06-08,AP_Gate_7_Camera_4_20260608T120000.jpg,minio,,vlm_runs/2026-06-08/AP_Gate_7_Camera_4/AP_Gate_7_Camera_4_20260608T120000.jpg,vehicle_prompts,done,2026-06-09T13:28:40.188060+00:00,,1.114,1.114,0,nvidia/cosmos-reason2-8b,"<0.0> 

[GENERAL VEHICLE SAFETY]
1. Not visible
2. Not visible

[COLLISIONS & NEAR MISSES]
3. Not visible
4. Not visible

[PARKING & ACCESS VIOLATIONS]
5. Not visible
6. Not visible

[SUSPICIOUS VEHICLE BEHAVIOR]
7. Not visible
8. Not visible

[VEHICLE IDENTIFICATION]
9. Not visible
10. Not visible
11. Not visible

[PEDESTRIAN & CHILD SAFETY]
12. Not visible
13. Not visible
14. Not visible"
vlm_runs/2026-06-08,AP_Gate_7_Camera_4_20260608T081500.jpg,minio,,vlm_runs/2026-06-08/AP_Gate_7_Camera_4/AP_Gate_7_Camera_4_20260608T081500.jpg,vehicle_prompts,done,2026-06-09T13:28:40.188009+00:00,,4.183,4.183,0,nvidia/cosmos-reason2-8b,"<0.0> 
1. Not visible
2. Not visible
3. Not visible
4. Not visible
5. Not visible
6. Not visible
7. Not visible
8. Not visible
9. Not visible
10. Not visible
11. Not visible
12. Not visible
13. Not visible
14. Not visible"
vlm_runs/2026-06-08,AP_Gate_7_Camera_4_20260608T123000.jpg,minio,,vlm_runs/2026-06-08/AP_Gate_7_Camera_4/AP_Gate_7_Camera_4_20260608T123000.jpg,vehicle_prompts,done,2026-06-09T13:28:40.188067+00:00,,0.915,0.915,0,nvidia/cosmos-reason2-8b,"<0.0> 
1. Not visible
2. Not visible
3. Not visible
4. Not visible
5. Not visible
6. Not visible
7. Not visible
8. Not visible
9. Not visible
10. Not visible
11. Not visible
12. Not visible
13. Not visible
14. Not visible"
vlm_runs/2026-06-08,AP_Gate_7_Camera_4_20260608T124500.jpg,minio,,vlm_runs/2026-06-08/AP_Gate_7_Camera_4/AP_Gate_7_Camera_4_20260608T124500.jpg,vehicle_prompts,done,2026-06-09T13:28:40.188071+00:00,,0.823,0.823,0,nvidia/cosmos-reason2-8b,"<0.0> 
1. Not visible
2. Not visible
3. Not visible
4. Not visible
5. Not visible
6. Not visible
7. Not visible
8. Not visible
9. Not visible
10. Not visible
11. Not visible
12. Not visible
13. Not visible
14. Not visible"
vlm_runs/2026-06-08,AP_Gate_7_Camera_4_20260608T133000.jpg,minio,,vlm_runs/2026-06-08/AP_Gate_7_Camera_4/AP_Gate_7_Camera_4_20260608T133000.jpg,vehicle_prompts,done,2026-06-09T13:28:40.188080+00:00,,0.67,0.67,0,nvidia/cosmos-reason2-8b,"<0.0> 
Not visible"
vlm_runs/2026-06-08,AP_Gate_7_Camera_4_20260608T121500.jpg,minio,,vlm_runs/2026-06-08/AP_Gate_7_Camera_4/AP_Gate_7_Camera_4_20260608T121500.jpg,vehicle_prompts,done,2026-06-09T13:28:40.188063+00:00,,1.733,1.733,0,nvidia/cosmos-reason2-8b,0.0
vlm_runs/2026-06-08,AP_Gate_7_Camera_4_20260608T114500.jpg,minio,,vlm_runs/2026-06-08/AP_Gate_7_Camera_4/AP_Gate_7_Camera_4_20260608T114500.jpg,vehicle_prompts,done,2026-06-09T13:28:40.188056+00:00,,2.505,2.505,0,nvidia/cosmos-reason2-8b,"<0.0> 

[GENERAL VEHICLE SAFETY]
1. Not visible
2. Not visible

[COLLISIONS & NEAR MISSES]
3. Not visible
4. Not visible

[PARKING & ACCESS VIOLATIONS]
5. Not visible
6. Not visible

[SUSPICIOUS VEHICLE BEHAVIOR]
7. Not visible
8. Not visible

[VEHICLE IDENTIFICATION]
9. Not visible
10. Not visible
11. Not visible

[PEDESTRIAN & CHILD SAFETY]
12. Not visible
13. Not visible
14. Not visible"
vlm_runs/2026-06-08,AP_Gate_7_Camera_4_20260608T134500.jpg,minio,,vlm_runs/2026-06-08/AP_Gate_7_Camera_4/AP_Gate_7_Camera_4_20260608T134500.jpg,vehicle_prompts,done,2026-06-09T13:28:40.188084+00:00,,1.274,1.274,0,nvidia/cosmos-reason2-8b,"<0.0> 
Not visible"
vlm_runs/2026-06-08,AP_Gate_7_Camera_4_20260608T140000.jpg,minio,,vlm_runs/2026-06-08/AP_Gate_7_Camera_4/AP_Gate_7_Camera_4_20260608T140000.jpg,vehicle_prompts,done,2026-06-09T13:28:40.188087+00:00,,1.416,1.416,0,nvidia/cosmos-reason2-8b,"<0.0> 
Not visible"
vlm_runs/2026-06-08,AP_Gate_7_Camera_4_20260608T130000.jpg,minio,,vlm_runs/2026-06-08/AP_Gate_7_Camera_4/AP_Gate_7_Camera_4_20260608T130000.jpg,vehicle_prompts,done,2026-06-09T13:28:40.188074+00:00,,2.033,2.033,0,nvidia/cosmos-reason2-8b,"<0.0> 
[GENERAL VEHICLE SAFETY]
1. Not visible
2. Not visible

[COLLISIONS & NEAR MISSES]
3. Not visible
4. Not visible

[PARKING & ACCESS VIOLATIONS]
5. Not visible
6. Not visible

[SUSPICIOUS VEHICLE BEHAVIOR]
7. Not visible
8. Not visible

[VEHICLE IDENTIFICATION]
9. Not visible
10. Not visible
11. Not visible

[PEDESTRIAN & CHILD SAFETY]
12. Not visible
13. Not visible
14. Not visible"
vlm_runs/2026-06-08,AP_Gate_7_Camera_4_20260608T131500.jpg,minio,,vlm_runs/2026-06-08/AP_Gate_7_Camera_4/AP_Gate_7_Camera_4_20260608T131500.jpg,vehicle_prompts,done,2026-06-09T13:28:40.188077+00:00,,1.902,1.902,0,nvidia/cosmos-reason2-8b,"<0.0> 

[GENERAL VEHICLE SAFETY]
1. Not visible
2. Not visible

[COLLISIONS & NEAR MISSES]
3. Not visible
4. Not visible

[PARKING & ACCESS VIOLATIONS]
5. Not visible
6. Not visible

[SUSPICIOUS VEHICLE BEHAVIOR]
7. Not visible
8. Not visible

[VEHICLE IDENTIFICATION]
9. Not visible
10. Not visible
11. Not visible

[PEDESTRIAN & CHILD SAFETY]
12. Not visible
13. Not visible
14. Not visible"
vlm_runs/2026-06-08,AP_Gate_7_Camera_4_20260608T144500.jpg,minio,,vlm_runs/2026-06-08/AP_Gate_7_Camera_4/AP_Gate_7_Camera_4_20260608T144500.jpg,vehicle_prompts,done,2026-06-09T13:28:40.188097+00:00,,1.108,1.108,0,nvidia/cosmos-reason2-8b,"<0.0> 
Not visible"
vlm_runs/2026-06-08,AP_Gate_7_Camera_4_20260608T141500.jpg,minio,,vlm_runs/2026-06-08/AP_Gate_7_Camera_4/AP_Gate_7_Camera_4_20260608T141500.jpg,vehicle_prompts,done,2026-06-09T13:28:40.188091+00:00,,1.52,1.52,0,nvidia/cosmos-reason2-8b,"<0.0> 
Not visible"
vlm_runs/2026-06-08,AP_Gate_7_Camera_4_20260608T154500.jpg,minio,,vlm_runs/2026-06-08/AP_Gate_7_Camera_4/AP_Gate_7_Camera_4_20260608T154500.jpg,vehicle_prompts,done,2026-06-09T13:28:40.188111+00:00,,0.574,0.574,0,nvidia/cosmos-reason2-8b,"<0.0> 
Not visible"
vlm_runs/2026-06-08,AP_Gate_7_Camera_4_20260608T151500.jpg,minio,,vlm_runs/2026-06-08/AP_Gate_7_Camera_4/AP_Gate_7_Camera_4_20260608T151500.jpg,vehicle_prompts,done,2026-06-09T13:28:40.188104+00:00,,1.218,1.218,0,nvidia/cosmos-reason2-8b,"<0.0> 

[GENERAL VEHICLE SAFETY]
1. Not visible
2. Not visible

[COLLISIONS & NEAR MISSES]
3. Not visible
4. Not visible

[PARKING & ACCESS VIOLATIONS]
5. Not visible
6. Not visible

[SUSPICIOUS VEHICLE BEHAVIOR]
7. Not visible
8. Not visible

[VEHICLE IDENTIFICATION]
9. Not visible
10. Not visible
11. Not visible

[PEDESTRIAN & CHILD SAFETY]
12. Not visible
13. Not visible
14. Not visible"
vlm_runs/2026-06-08,AP_Gate_7_Camera_4_20260608T143000.jpg,minio,,vlm_runs/2026-06-08/AP_Gate_7_Camera_4/AP_Gate_7_Camera_4_20260608T143000.jpg,vehicle_prompts,done,2026-06-09T13:28:40.188094+00:00,,2.031,2.031,0,nvidia/cosmos-reason2-8b,"<0.0> 
Not visible"
vlm_runs/2026-06-08,AP_Gate_7_Camera_4_20260608T161500.jpg,minio,,vlm_runs/2026-06-08/AP_Gate_7_Camera_4/AP_Gate_7_Camera_4_20260608T161500.jpg,vehicle_prompts,done,2026-06-09T13:28:40.188117+00:00,,1.086,1.086,0,nvidia/cosmos-reason2-8b,"<0.0> 
Not visible"
vlm_runs/2026-06-08,AP_Gate_7_Camera_4_20260608T164500.jpg,minio,,vlm_runs/2026-06-08/AP_Gate_7_Camera_4/AP_Gate_7_Camera_4_20260608T164500.jpg,vehicle_prompts,done,2026-06-09T13:28:40.188125+00:00,,0.929,0.929,0,nvidia/cosmos-reason2-8b,0.0
vlm_runs/2026-06-08,AP_Gate_7_Camera_4_20260608T173000.jpg,minio,,vlm_runs/2026-06-08/AP_Gate_7_Camera_4/AP_Gate_7_Camera_4_20260608T173000.jpg,vehicle_prompts,done,2026-06-09T13:28:40.188135+00:00,,0.534,0.534,0,nvidia/cosmos-reason2-8b,"<0.0> 
Not visible"
vlm_runs/2026-06-08,AP_Gate_7_Camera_4_20260608T153000.jpg,minio,,vlm_runs/2026-06-08/AP_Gate_7_Camera_4/AP_Gate_7_Camera_4_20260608T153000.jpg,vehicle_prompts,done,2026-06-09T13:28:40.188108+00:00,,1.99,1.99,0,nvidia/cosmos-reason2-8b,"<0.0> 

[GENERAL VEHICLE SAFETY]
1. Not visible
2. Not visible

[COLLISIONS & NEAR MISSES]
3. Not visible
4. Not visible

[PARKING & ACCESS VIOLATIONS]
5. Not visible
6. Not visible

[SUSPICIOUS VEHICLE BEHAVIOR]
7. Not visible
8. Not visible

[VEHICLE IDENTIFICATION]
9. Not visible
10. Not visible
11. Not visible

[PEDESTRIAN & CHILD SAFETY]
12. Not visible
13. Not visible
14. Not visible"
vlm_runs/2026-06-08,AP_Gate_7_Camera_4_20260608T150000.jpg,minio,,vlm_runs/2026-06-08/AP_Gate_7_Camera_4/AP_Gate_7_Camera_4_20260608T150000.jpg,vehicle_prompts,done,2026-06-09T13:28:40.188101+00:00,,2.703,2.703,0,nvidia/cosmos-reason2-8b,"<0.0> 
Not visible"
vlm_runs/2026-06-08,AP_Gate_7_Camera_4_20260608T171500.jpg,minio,,vlm_runs/2026-06-08/AP_Gate_7_Camera_4/AP_Gate_7_Camera_4_20260608T171500.jpg,vehicle_prompts,done,2026-06-09T13:28:40.188132+00:00,,1.144,1.144,0,nvidia/cosmos-reason2-8b,0.0
vlm_runs/2026-06-08,AP_Gate_7_Camera_4_20260608T163000.jpg,minio,,vlm_runs/2026-06-08/AP_Gate_7_Camera_4/AP_Gate_7_Camera_4_20260608T163000.jpg,vehicle_prompts,done,2026-06-09T13:28:40.188121+00:00,,2.143,2.143,0,nvidia/cosmos-reason2-8b,"<0.0> 

[GENERAL VEHICLE SAFETY]
1. Not visible
2. Not visible

[COLLISIONS & NEAR MISSES]
3. Not visible
4. Not visible

[PARKING & ACCESS VIOLATIONS]
5. Not visible
6. Not visible

[SUSPICIOUS VEHICLE BEHAVIOR]
7. Not visible
8. Not visible

[VEHICLE IDENTIFICATION]
9. Not visible
10. Not visible
11. Not visible

[PEDESTRIAN & CHILD SAFETY]
12. Not visible
13. Not visible
14. Not visible"
vlm_runs/2026-06-08,AP_Gate_7_Camera_4_20260608T174500.jpg,minio,,vlm_runs/2026-06-08/AP_Gate_7_Camera_4/AP_Gate_7_Camera_4_20260608T174500.jpg,vehicle_prompts,done,2026-06-09T13:28:40.188139+00:00,,0.869,0.869,0,nvidia/cosmos-reason2-8b,"<0.0> 
Not visible"
vlm_runs/2026-06-08,AP_Gate_7_Camera_4_20260608T170000.jpg,minio,,vlm_runs/2026-06-08/AP_Gate_7_Camera_4/AP_Gate_7_Camera_4_20260608T170000.jpg,vehicle_prompts,done,2026-06-09T13:28:40.188128+00:00,,2.23,2.23,0,nvidia/cosmos-reason2-8b,"<0.0> 
Not visible"
vlm_runs/2026-06-08,AP_Gate_7_Camera_4_20260608T183000.jpg,minio,,vlm_runs/2026-06-08/AP_Gate_7_Camera_4/AP_Gate_7_Camera_4_20260608T183000.jpg,vehicle_prompts,done,2026-06-09T13:28:40.188148+00:00,,0.884,0.884,0,nvidia/cosmos-reason2-8b,"<0.0> 
Not visible"
vlm_runs/2026-06-08,AP_Gate_7_Camera_4_20260608T160000.jpg,minio,,vlm_runs/2026-06-08/AP_Gate_7_Camera_4/AP_Gate_7_Camera_4_20260608T160000.jpg,vehicle_prompts,done,2026-06-09T13:28:40.188114+00:00,,3.245,3.245,0,nvidia/cosmos-reason2-8b,"<0.0> 
Not visible"
vlm_runs/2026-06-08,AP_Gate_7_Camera_4_20260608T184500.jpg,minio,,vlm_runs/2026-06-08/AP_Gate_7_Camera_4/AP_Gate_7_Camera_4_20260608T184500.jpg,vehicle_prompts,done,2026-06-09T13:28:40.188152+00:00,,1.268,1.268,0,nvidia/cosmos-reason2-8b,"<0.0> 
Not visible"
vlm_runs/2026-06-08,AP_Gate_7_Camera_4_20260608T190000.jpg,minio,,vlm_runs/2026-06-08/AP_Gate_7_Camera_4/AP_Gate_7_Camera_4_20260608T190000.jpg,vehicle_prompts,done,2026-06-09T13:28:40.188155+00:00,,1.368,1.368,0,nvidia/cosmos-reason2-8b,"<0.0> 
Not visible"
vlm_runs/2026-06-08,AP_Gate_7_Camera_4_20260608T181500.jpg,minio,,vlm_runs/2026-06-08/AP_Gate_7_Camera_4/AP_Gate_7_Camera_4_20260608T181500.jpg,vehicle_prompts,done,2026-06-09T13:28:40.188145+00:00,,1.946,1.946,0,nvidia/cosmos-reason2-8b,"<0.0> 
Not visible"
vlm_runs/2026-06-08,AP_Gate_7_Camera_4_20260608T191500.jpg,minio,,vlm_runs/2026-06-08/AP_Gate_7_Camera_4/AP_Gate_7_Camera_4_20260608T191500.jpg,vehicle_prompts,done,2026-06-09T13:28:40.188159+00:00,,1.463,1.463,0,nvidia/cosmos-reason2-8b,"<0.0> 

[GENERAL VEHICLE SAFETY]
1. Not visible
2. Not visible

[COLLISIONS & NEAR MISSES]
3. Not visible
4. Not visible

[PARKING & ACCESS VIOLATIONS]
5. Not visible
6. Not visible

[SUSPICIOUS VEHICLE BEHAVIOR]
7. Not visible
8. Not visible

[VEHICLE IDENTIFICATION]
9. Not visible
10. Not visible
11. Not visible

[PEDESTRIAN & CHILD SAFETY]
12. Not visible
13. Not visible
14. Not visible"
vlm_runs/2026-06-08,AP_Gate_7_Camera_4_20260608T180000.jpg,minio,,vlm_runs/2026-06-08/AP_Gate_7_Camera_4/AP_Gate_7_Camera_4_20260608T180000.jpg,vehicle_prompts,done,2026-06-09T13:28:40.188142+00:00,,2.213,2.213,0,nvidia/cosmos-reason2-8b,"<0.0> 
Not visible"
vlm_runs/2026-06-08,AP_Gate_7_Camera_4_20260608T193000.jpg,minio,,vlm_runs/2026-06-08/AP_Gate_7_Camera_4/AP_Gate_7_Camera_4_20260608T193000.jpg,vehicle_prompts,done,2026-06-09T13:28:40.188163+00:00,,1.38,1.38,0,nvidia/cosmos-reason2-8b,0.0
vlm_runs/2026-06-08,AP_Gate_7_Camera_4_20260608T203000.jpg,minio,,vlm_runs/2026-06-08/AP_Gate_7_Camera_4/AP_Gate_7_Camera_4_20260608T203000.jpg,vehicle_prompts,done,2026-06-09T13:28:40.188176+00:00,,0.871,0.871,0,nvidia/cosmos-reason2-8b,"<0.0> 

[GENERAL VEHICLE SAFETY]
1. Not visible
2. Not visible

[COLLISIONS & NEAR MISSES]
3. Not visible
4. Not visible

[PARKING & ACCESS VIOLATIONS]
5. Not visible
6. Not visible

[SUSPICIOUS VEHICLE BEHAVIOR]
7. Not visible
8. Not visible

[VEHICLE IDENTIFICATION]
9. Not visible
10. Not visible
11. Not visible

[PEDESTRIAN & CHILD SAFETY]
12. Not visible
13. Not visible
14. Not visible"
vlm_runs/2026-06-08,AP_Gate_7_Camera_4_20260608T194500.jpg,minio,,vlm_runs/2026-06-08/AP_Gate_7_Camera_4/AP_Gate_7_Camera_4_20260608T194500.jpg,vehicle_prompts,done,2026-06-09T13:28:40.188166+00:00,,1.919,1.919,0,nvidia/cosmos-reason2-8b,"<0.0> 

[GENERAL VEHICLE SAFETY]
1. Not visible
2. Not visible

[COLLISIONS & NEAR MISSES]
3. Not visible
4. Not visible

[PARKING & ACCESS VIOLATIONS]
5. Not visible
6. Not visible

[SUSPICIOUS VEHICLE BEHAVIOR]
7. Not visible
8. Not visible

[VEHICLE IDENTIFICATION]
9. Not visible
10. Not visible
11. Not visible

[PEDESTRIAN & CHILD SAFETY]
12. Not visible
13. Not visible
14. Not visible"
vlm_runs/2026-06-08,AP_Gate_7_Camera_4_20260608T213000.jpg,minio,,vlm_runs/2026-06-08/AP_Gate_7_Camera_4/AP_Gate_7_Camera_4_20260608T213000.jpg,vehicle_prompts,done,2026-06-09T13:28:40.188190+00:00,,0.677,0.677,0,nvidia/cosmos-reason2-8b,"<0.0> 

[SUSPICIOUS VEHICLE BEHAVIOR]
7. Vehicle making threatening maneuvers or pursuing pedestrian? Not visible"
vlm_runs/2026-06-08,AP_Gate_7_Camera_4_20260608T201500.jpg,minio,,vlm_runs/2026-06-08/AP_Gate_7_Camera_4/AP_Gate_7_Camera_4_20260608T201500.jpg,vehicle_prompts,done,2026-06-09T13:28:40.188173+00:00,,2.086,2.086,0,nvidia/cosmos-reason2-8b,"<0.0> 

[GENERAL VEHICLE SAFETY]
1. Not visible
2. Not visible

[COLLISIONS & NEAR MISSES]
3. Not visible
4. Not visible

[PARKING & ACCESS VIOLATIONS]
5. Not visible
6. Not visible

[SUSPICIOUS VEHICLE BEHAVIOR]
7. Not visible
8. Not visible

[VEHICLE IDENTIFICATION]
9. Not visible
10. Not visible
11. Not visible

[PEDESTRIAN & CHILD SAFETY]
12. Not visible
13. Not visible
14. Not visible"
vlm_runs/2026-06-08,AP_Gate_7_Camera_4_20260608T204500.jpg,minio,,vlm_runs/2026-06-08/AP_Gate_7_Camera_4/AP_Gate_7_Camera_4_20260608T204500.jpg,vehicle_prompts,done,2026-06-09T13:28:40.188179+00:00,,1.767,1.767,0,nvidia/cosmos-reason2-8b,"<0.0> 

[SUSPICIOUS VEHICLE BEHAVIOR]
7. Not visible"
vlm_runs/2026-06-08,AP_Gate_7_Camera_4_20260608T210000.jpg,minio,,vlm_runs/2026-06-08/AP_Gate_7_Camera_4/AP_Gate_7_Camera_4_20260608T210000.jpg,vehicle_prompts,done,2026-06-09T13:28:40.188183+00:00,,1.788,1.788,0,nvidia/cosmos-reason2-8b,"<0.0> 

1. Not visible
2. Not visible
3. Not visible
4. Not visible
5. Not visible
6. Not visible
7. Not visible
8. Not visible
9. Not visible
10. Not visible
11. Not visible
12. Not visible
13. Not visible
14. Not visible"
vlm_runs/2026-06-08,AP_Gate_7_Camera_4_20260608T223000.jpg,minio,,vlm_runs/2026-06-08/AP_Gate_7_Camera_4/AP_Gate_7_Camera_4_20260608T223000.jpg,vehicle_prompts,done,2026-06-09T13:28:40.188204+00:00,,0.626,0.626,0,nvidia/cosmos-reason2-8b,"<0.0> 
1. Not visible
2. Not visible
3. Not visible
4. Not visible
5. Not visible
6. Not visible
7. Not visible
8. Not visible
9. Not visible
10. Not visible
11. Not visible
12. Not visible
13. Not visible
14. Not visible"
vlm_runs/2026-06-08,AP_Gate_7_Camera_4_20260608T214500.jpg,minio,,vlm_runs/2026-06-08/AP_Gate_7_Camera_4/AP_Gate_7_Camera_4_20260608T214500.jpg,vehicle_prompts,done,2026-06-09T13:28:40.188193+00:00,,1.648,1.648,0,nvidia/cosmos-reason2-8b,"<0.0> 

[GENERAL VEHICLE SAFETY]
1. Not visible
2. Not visible

[COLLISIONS & NEAR MISSES]
3. Not visible
4. Not visible

[PARKING & ACCESS VIOLATIONS]
5. Not visible
6. Not visible

[SUSPICIOUS VEHICLE BEHAVIOR]
7. Not visible
8. Not visible

[VEHICLE IDENTIFICATION]
9. Not visible
10. Not visible
11. Not visible

[PEDESTRIAN & CHILD SAFETY]
12. Not visible
13. Not visible
14. Not visible"
vlm_runs/2026-06-08,AP_Gate_7_Camera_4_20260608T221500.jpg,minio,,vlm_runs/2026-06-08/AP_Gate_7_Camera_4/AP_Gate_7_Camera_4_20260608T221500.jpg,vehicle_prompts,done,2026-06-09T13:28:40.188200+00:00,,1.324,1.324,0,nvidia/cosmos-reason2-8b,"<0.0> 

[SUSPICIOUS VEHICLE BEHAVIOR]
7. Not visible"
vlm_runs/2026-06-08,AP_Gate_7_Camera_4_20260608T230000.jpg,minio,,vlm_runs/2026-06-08/AP_Gate_7_Camera_4/AP_Gate_7_Camera_4_20260608T230000.jpg,vehicle_prompts,done,2026-06-09T13:28:40.188211+00:00,,0.675,0.675,0,nvidia/cosmos-reason2-8b,0.0
vlm_runs/2026-06-08,AP_Gate_7_Camera_4_20260608T200000.jpg,minio,,vlm_runs/2026-06-08/AP_Gate_7_Camera_4/AP_Gate_7_Camera_4_20260608T200000.jpg,vehicle_prompts,done,2026-06-09T13:28:40.188170+00:00,,3.275,3.275,0,nvidia/cosmos-reason2-8b,"<0.0> 

[GENERAL VEHICLE SAFETY]
1. Not visible
2. Not visible

[COLLISIONS & NEAR MISSES]
3. Not visible
4. Not visible

[PARKING & ACCESS VIOLATIONS]
5. Not visible
6. Not visible

[SUSPICIOUS VEHICLE BEHAVIOR]
7. Not visible
8. Not visible

[VEHICLE IDENTIFICATION]
9. Not visible
10. Not visible
11. Not visible

[PEDESTRIAN & CHILD SAFETY]
12. Not visible
13. Not visible
14. Not visible"
vlm_runs/2026-06-08,AP_Gate_7_Camera_4_20260608T233000.jpg,minio,,vlm_runs/2026-06-08/AP_Gate_7_Camera_4/AP_Gate_7_Camera_4_20260608T233000.jpg,vehicle_prompts,done,2026-06-09T13:28:40.188218+00:00,,0.726,0.726,0,nvidia/cosmos-reason2-8b,"<0.0> 

[GENERAL VEHICLE SAFETY]
1. Not visible
2. Not visible

[COLLISIONS & NEAR MISSES]
3. Not visible
4. Not visible

[PARKING & ACCESS VIOLATIONS]
5. Not visible
6. Not visible

[SUSPICIOUS VEHICLE BEHAVIOR]
7. Not visible
8. Not visible

[VEHICLE IDENTIFICATION]
9. Not visible
10. Not visible
11. Not visible

[PEDESTRIAN & CHILD SAFETY]
12. Not visible
13. Not visible
14. Not visible"
vlm_runs/2026-06-08,AP_Gate_7_Camera_4_20260608T211500.jpg,minio,,vlm_runs/2026-06-08/AP_Gate_7_Camera_4/AP_Gate_7_Camera_4_20260608T211500.jpg,vehicle_prompts,done,2026-06-09T13:28:40.188187+00:00,,3.135,3.135,0,nvidia/cosmos-reason2-8b,"<0.0> 

[GENERAL VEHICLE SAFETY]
1. Not visible
2. Not visible

[COLLISIONS & NEAR MISSES]
3. Not visible
4. Not visible

[PARKING & ACCESS VIOLATIONS]
5. Not visible
6. Not visible

[SUSPICIOUS VEHICLE BEHAVIOR]
7. Not visible
8. Not visible

[VEHICLE IDENTIFICATION]
9. Not visible
10. Not visible
11. Not visible

[PEDESTRIAN & CHILD SAFETY]
12. Not visible
13. Not visible
14. Not visible"
vlm_runs/2026-06-08,AP_Gate_7_Camera_4_20260608T224500.jpg,minio,,vlm_runs/2026-06-08/AP_Gate_7_Camera_4/AP_Gate_7_Camera_4_20260608T224500.jpg,vehicle_prompts,done,2026-06-09T13:28:40.188208+00:00,,1.765,1.765,0,nvidia/cosmos-reason2-8b,"<0.0> 

[SUSPICIOUS VEHICLE BEHAVIOR]
7. Not visible"
vlm_runs/2026-06-08,AP_Gate_7_Camera_4_20260608T231500.jpg,minio,,vlm_runs/2026-06-08/AP_Gate_7_Camera_4/AP_Gate_7_Camera_4_20260608T231500.jpg,vehicle_prompts,done,2026-06-09T13:28:40.188215+00:00,,1.233,1.233,0,nvidia/cosmos-reason2-8b,"<0.0> 

[GENERAL VEHICLE SAFETY]
1. Not visible
2. Not visible

[COLLISIONS & NEAR MISSES]
3. Not visible
4. Not visible

[PARKING & ACCESS VIOLATIONS]
5. Not visible
6. Not visible

[SUSPICIOUS VEHICLE BEHAVIOR]
7. Not visible
8. Not visible

[VEHICLE IDENTIFICATION]
9. Not visible
10. Not visible
11. Not visible

[PEDESTRIAN & CHILD SAFETY]
12. Not visible
13. Not visible
14. Not visible"
vlm_runs/2026-06-08,AP_Gate_7_Camera_4_20260608T234500.jpg,minio,,vlm_runs/2026-06-08/AP_Gate_7_Camera_4/AP_Gate_7_Camera_4_20260608T234500.jpg,vehicle_prompts,done,2026-06-09T13:28:40.188222+00:00,,1.446,1.446,0,nvidia/cosmos-reason2-8b,"<0.0> 

[GENERAL VEHICLE SAFETY]
1. Not visible
2. Not visible

[COLLISIONS & NEAR MISSES]
3. Not visible
4. Not visible

[PARKING & ACCESS VIOLATIONS]
5. Not visible
6. Not visible

[SUSPICIOUS VEHICLE BEHAVIOR]
7. Not visible
8. Not visible

[VEHICLE IDENTIFICATION]
9. Not visible
10. Not visible
11. Not visible

[PEDESTRIAN & CHILD SAFETY]
12. Not visible
13. Not visible
14. Not visible"
vlm_runs/2026-06-08,AP_Gate_7_Camera_4_20260608T220000.jpg,minio,,vlm_runs/2026-06-08/AP_Gate_7_Camera_4/AP_Gate_7_Camera_4_20260608T220000.jpg,vehicle_prompts,done,2026-06-09T13:28:40.188197+00:00,,2.954,2.954,0,nvidia/cosmos-reason2-8b,"<0.0> 

[GENERAL VEHICLE SAFETY]
1. Not visible
2. Not visible

[COLLISIONS & NEAR MISSES]
3. Not visible
4. Not visible

[PARKING & ACCESS VIOLATIONS]
5. Not visible
6. Not visible

[SUSPICIOUS VEHICLE BEHAVIOR]
7. Not visible
8. Not visible

[VEHICLE IDENTIFICATION]
9. Not visible
10. Not visible
11. Not visible

[PEDESTRIAN & CHILD SAFETY]
12. Not visible
13. Not visible
14. Not visible"
vlm_runs/2026-06-08,AP_Gate_7_Camera_3_20260608T000000.jpg,minio,,vlm_runs/2026-06-08/AP_Gate_7_Camera_3/AP_Gate_7_Camera_3_20260608T000000.jpg,vehicle_prompts,done,2026-06-09T13:29:20.678834+00:00,,0.667,0.667,0,nvidia/cosmos-reason2-8b,"<0.0> 
1. Not visible
2. Not visible
3. Not visible
4. Not visible
5. Not visible
6. Not visible
7. Not visible
8. Not visible
9. Not visible
10. Not visible
11. Not visible
12. Not visible
13. Not visible
14. Not visible"
vlm_runs/2026-06-08,AP_Gate_7_Camera_3_20260608T004500.jpg,minio,,vlm_runs/2026-06-08/AP_Gate_7_Camera_3/AP_Gate_7_Camera_3_20260608T004500.jpg,vehicle_prompts,done,2026-06-09T13:29:20.678844+00:00,,0.625,0.625,0,nvidia/cosmos-reason2-8b,0.0] Not visible
vlm_runs/2026-06-08,AP_Gate_7_Camera_3_20260608T003000.jpg,minio,,vlm_runs/2026-06-08/AP_Gate_7_Camera_3/AP_Gate_7_Camera_3_20260608T003000.jpg,vehicle_prompts,done,2026-06-09T13:29:20.678841+00:00,,0.668,0.668,0,nvidia/cosmos-reason2-8b,"<0.0> 
1. Not visible
2. Not visible
3. Not visible
4. Not visible
5. Not visible
6. Not visible
7. Not visible
8. Not visible
9. Not visible
10. Not visible
11. Not visible
12. Not visible
13. Not visible
14. Not visible"
vlm_runs/2026-06-08,AP_Gate_7_Camera_3_20260608T001500.jpg,minio,,vlm_runs/2026-06-08/AP_Gate_7_Camera_3/AP_Gate_7_Camera_3_20260608T001500.jpg,vehicle_prompts,done,2026-06-09T13:29:20.678837+00:00,,1.597,1.597,0,nvidia/cosmos-reason2-8b,"<0.0> 

[GENERAL VEHICLE SAFETY]
1. Not visible
2. Not visible

[COLLISIONS & NEAR MISSES]
3. Not visible
4. Not visible

[PARKING & ACCESS VIOLATIONS]
5. Not visible
6. Not visible

[SUSPICIOUS VEHICLE BEHAVIOR]
7. Not visible
8. Not visible

[VEHICLE IDENTIFICATION]
9. Not visible
10. Not visible
11. Not visible

[PEDESTRIAN & CHILD SAFETY]
12. Not visible
13. Not visible
14. Not visible"
vlm_runs/2026-06-08,AP_Gate_7_Camera_3_20260608T014500.jpg,minio,,vlm_runs/2026-06-08/AP_Gate_7_Camera_3/AP_Gate_7_Camera_3_20260608T014500.jpg,vehicle_prompts,done,2026-06-09T13:29:20.678863+00:00,,0.904,0.904,0,nvidia/cosmos-reason2-8b,0.0
vlm_runs/2026-06-08,AP_Gate_7_Camera_3_20260608T013000.jpg,minio,,vlm_runs/2026-06-08/AP_Gate_7_Camera_3/AP_Gate_7_Camera_3_20260608T013000.jpg,vehicle_prompts,done,2026-06-09T13:29:20.678859+00:00,,0.97,0.97,0,nvidia/cosmos-reason2-8b,"<0.0> 

[GENERAL VEHICLE SAFETY]
1. Not visible
2. Not visible

[COLLISIONS & NEAR MISSES]
3. Not visible
4. Not visible

[PARKING & ACCESS VIOLATIONS]
5. Not visible
6. Not visible

[SUSPICIOUS VEHICLE BEHAVIOR]
7. Not visible
8. Not visible

[VEHICLE IDENTIFICATION]
9. Not visible
10. Not visible
11. Not visible

[PEDESTRIAN & CHILD SAFETY]
12. Not visible
13. Not visible
14. Not visible"
vlm_runs/2026-06-08,AP_Gate_7_Camera_3_20260608T011500.jpg,minio,,vlm_runs/2026-06-08/AP_Gate_7_Camera_3/AP_Gate_7_Camera_3_20260608T011500.jpg,vehicle_prompts,done,2026-06-09T13:29:20.678854+00:00,,1.22,1.22,0,nvidia/cosmos-reason2-8b,"0.0s

[GENERAL VEHICLE SAFETY]
1. Not visible
2. Not visible

[COLLISIONS & NEAR MISSES]
3. Not visible
4. Not visible

[PARKING & ACCESS VIOLATIONS]
5. Not visible
6. Not visible

[SUSPICIOUS VEHICLE BEHAVIOR]
7. Not visible
8. Not visible

[VEHICLE IDENTIFICATION]
9. Not visible
10. Not visible
11. Not visible

[PEDESTRIAN & CHILD SAFETY]
12. Not visible
13. Not visible
14. Not visible"
vlm_runs/2026-06-08,AP_Gate_7_Camera_3_20260608T023000.jpg,minio,,vlm_runs/2026-06-08/AP_Gate_7_Camera_3/AP_Gate_7_Camera_3_20260608T023000.jpg,vehicle_prompts,done,2026-06-09T13:29:20.678874+00:00,,0.854,0.854,0,nvidia/cosmos-reason2-8b,"<0.0> 
1. Not visible
2. Not visible
3. Not visible
4. Not visible
5. Not visible
6. Not visible
7. Not visible
8. Not visible
9. Not visible
10. Not visible
11. Not visible
12. Not visible
13. Not visible
14. Not visible"
vlm_runs/2026-06-08,AP_Gate_7_Camera_3_20260608T010000.jpg,minio,,vlm_runs/2026-06-08/AP_Gate_7_Camera_3/AP_Gate_7_Camera_3_20260608T010000.jpg,vehicle_prompts,done,2026-06-09T13:29:20.678849+00:00,,2.251,2.251,0,nvidia/cosmos-reason2-8b,"<0.0> 
1. Not visible
2. Not visible
3. Not visible
4. Not visible
5. Not visible
6. Not visible
7. Not visible
8. Not visible
9. Not visible
10. Not visible
11. Not visible
12. Not visible
13. Not visible
14. Not visible"
vlm_runs/2026-06-08,AP_Gate_7_Camera_3_20260608T020000.jpg,minio,,vlm_runs/2026-06-08/AP_Gate_7_Camera_3/AP_Gate_7_Camera_3_20260608T020000.jpg,vehicle_prompts,done,2026-06-09T13:29:20.678867+00:00,,1.867,1.867,0,nvidia/cosmos-reason2-8b,"<0.0> 
1. Not visible
2. Not visible
3. Not visible
4. Not visible
5. Not visible
6. Not visible
7. Not visible
8. Not visible
9. Not visible
10. Not visible
11. Not visible
12. Not visible
13. Not visible
14. Not visible"
vlm_runs/2026-06-08,AP_Gate_7_Camera_3_20260608T024500.jpg,minio,,vlm_runs/2026-06-08/AP_Gate_7_Camera_3/AP_Gate_7_Camera_3_20260608T024500.jpg,vehicle_prompts,done,2026-06-09T13:29:20.678877+00:00,,1.125,1.125,0,nvidia/cosmos-reason2-8b,0.0 1. Not visible 2. Not visible 3. Not visible 4. Not visible 5. Not visible 6. Not visible 7. Not visible 8. Not visible 9. Not visible 10. Not visible 11. Not visible 12. Not visible 13. Not visible 14. Not visible
vlm_runs/2026-06-08,AP_Gate_7_Camera_3_20260608T021500.jpg,minio,,vlm_runs/2026-06-08/AP_Gate_7_Camera_3/AP_Gate_7_Camera_3_20260608T021500.jpg,vehicle_prompts,done,2026-06-09T13:29:20.678870+00:00,,2.267,2.267,0,nvidia/cosmos-reason2-8b,"0.0s

[GENERAL VEHICLE SAFETY]
1. Not visible
2. Not visible

[COLLISIONS & NEAR MISSES]
3. Not visible
4. Not visible

[PARKING & ACCESS VIOLATIONS]
5. Not visible
6. Not visible

[SUSPICIOUS VEHICLE BEHAVIOR]
7. Not visible
8. Not visible

[VEHICLE IDENTIFICATION]
9. Not visible
10. Not visible
11. Not visible

[PEDESTRIAN & CHILD SAFETY]
12. Not visible
13. Not visible
14. Not visible"
vlm_runs/2026-06-08,AP_Gate_7_Camera_3_20260608T034500.jpg,minio,,vlm_runs/2026-06-08/AP_Gate_7_Camera_3/AP_Gate_7_Camera_3_20260608T034500.jpg,vehicle_prompts,done,2026-06-09T13:29:20.678891+00:00,,1.175,1.175,0,nvidia/cosmos-reason2-8b,"<0.0> 
1. Not visible
2. Not visible
3. Not visible
4. Not visible
5. Not visible
6. Not visible
7. Not visible
8. Not visible
9. Not visible
10. Not visible
11. Not visible
12. Not visible
13. Not visible
14. Not visible"
vlm_runs/2026-06-08,AP_Gate_7_Camera_3_20260608T031500.jpg,minio,,vlm_runs/2026-06-08/AP_Gate_7_Camera_3/AP_Gate_7_Camera_3_20260608T031500.jpg,vehicle_prompts,done,2026-06-09T13:29:20.678884+00:00,,1.644,1.644,0,nvidia/cosmos-reason2-8b,"<0.0> 
1. Not visible
2. Not visible
3. Not visible
4. Not visible
5. Not visible
6. Not visible
7. Not visible
8. Not visible
9. Not visible
10. Not visible
11. Not visible
12. Not visible
13. Not visible
14. Not visible"
vlm_runs/2026-06-08,AP_Gate_7_Camera_3_20260608T044500.jpg,minio,,vlm_runs/2026-06-08/AP_Gate_7_Camera_3/AP_Gate_7_Camera_3_20260608T044500.jpg,vehicle_prompts,done,2026-06-09T13:29:20.678906+00:00,,0.744,0.744,0,nvidia/cosmos-reason2-8b,"<0.0> 
All vehicles are at safe speed in designated areas; no vehicles are visible. No collisions or near misses are observed. No vehicles are present in fire lanes, emergency corridors, or no-stopping zones. No vehicles are in wrong-way or restricted areas. No suspicious vehicle behavior is observed. No vehicles with obscured or no plates are visible. No pedestrians or individuals are present for near-miss analysis. No children are present for risk assessment."
vlm_runs/2026-06-08,AP_Gate_7_Camera_3_20260608T040000.jpg,minio,,vlm_runs/2026-06-08/AP_Gate_7_Camera_3/AP_Gate_7_Camera_3_20260608T040000.jpg,vehicle_prompts,done,2026-06-09T13:29:20.678895+00:00,,1.267,1.267,0,nvidia/cosmos-reason2-8b,0.0
vlm_runs/2026-06-08,AP_Gate_7_Camera_3_20260608T043000.jpg,minio,,vlm_runs/2026-06-08/AP_Gate_7_Camera_3/AP_Gate_7_Camera_3_20260608T043000.jpg,vehicle_prompts,done,2026-06-09T13:29:20.678902+00:00,,1.358,1.358,0,nvidia/cosmos-reason2-8b,"<0.0> 
1. Not visible
2. Not visible
3. Not visible
4. Not visible
5. Not visible
6. Not visible
7. Not visible
8. Not visible
9. Not visible
10. Not visible
11. Not visible
12. Not visible
13. Not visible
14. Not visible"
vlm_runs/2026-06-08,AP_Gate_7_Camera_3_20260608T030000.jpg,minio,,vlm_runs/2026-06-08/AP_Gate_7_Camera_3/AP_Gate_7_Camera_3_20260608T030000.jpg,vehicle_prompts,done,2026-06-09T13:29:20.678881+00:00,,2.619,2.619,0,nvidia/cosmos-reason2-8b,"<0.0> 
1. Not visible
2. Not visible
3. Not visible
4. Not visible
5. Not visible
6. Not visible
7. Not visible
8. Not visible
9. Not visible
10. Not visible
11. Not visible
12. Not visible
13. Not visible
14. Not visible"
vlm_runs/2026-06-08,AP_Gate_7_Camera_3_20260608T053000.jpg,minio,,vlm_runs/2026-06-08/AP_Gate_7_Camera_3/AP_Gate_7_Camera_3_20260608T053000.jpg,vehicle_prompts,done,2026-06-09T13:29:20.678918+00:00,,0.754,0.754,0,nvidia/cosmos-reason2-8b,0.0
vlm_runs/2026-06-08,AP_Gate_7_Camera_3_20260608T051500.jpg,minio,,vlm_runs/2026-06-08/AP_Gate_7_Camera_3/AP_Gate_7_Camera_3_20260608T051500.jpg,vehicle_prompts,done,2026-06-09T13:29:20.678914+00:00,,1.293,1.293,0,nvidia/cosmos-reason2-8b,"<0.0> 

[GENERAL VEHICLE SAFETY]
1. Not visible
2. Not visible

[COLLISIONS & NEAR MISSES]
3. Not visible
4. Not visible

[PARKING & ACCESS VIOLATIONS]
5. Not visible
6. Not visible

[SUSPICIOUS VEHICLE BEHAVIOR]
7. Not visible
8. Not visible

[VEHICLE IDENTIFICATION]
9. Not visible
10. Not visible
11. Not visible

[PEDESTRIAN & CHILD SAFETY]
12. Not visible
13. Not visible
14. Not visible"
vlm_runs/2026-06-08,AP_Gate_7_Camera_3_20260608T050000.jpg,minio,,vlm_runs/2026-06-08/AP_Gate_7_Camera_3/AP_Gate_7_Camera_3_20260608T050000.jpg,vehicle_prompts,done,2026-06-09T13:29:20.678910+00:00,,1.877,1.877,0,nvidia/cosmos-reason2-8b,"<0.0> 

[GENERAL VEHICLE SAFETY]
1. Not visible
2. Not visible

[COLLISIONS & NEAR MISSES]
3. Not visible
4. Not visible

[PARKING & ACCESS VIOLATIONS]
5. Not visible
6. Not visible

[SUSPICIOUS VEHICLE BEHAVIOR]
7. Not visible
8. Not visible

[VEHICLE IDENTIFICATION]
9. Not visible
10. Not visible
11. Not visible

[PEDESTRIAN & CHILD SAFETY]
12. Not visible
13. Not visible
14. Not visible"
vlm_runs/2026-06-08,AP_Gate_7_Camera_3_20260608T041500.jpg,minio,,vlm_runs/2026-06-08/AP_Gate_7_Camera_3/AP_Gate_7_Camera_3_20260608T041500.jpg,vehicle_prompts,done,2026-06-09T13:29:20.678899+00:00,,2.488,2.488,0,nvidia/cosmos-reason2-8b,"<0.0> 
1. Not visible
2. Not visible
3. Not visible
4. Not visible
5. Not visible
6. Not visible
7. Not visible
8. Not visible
9. Not visible
10. Not visible
11. Not visible
12. Not visible
13. Not visible
14. Not visible"
vlm_runs/2026-06-08,AP_Gate_7_Camera_3_20260608T033000.jpg,minio,,vlm_runs/2026-06-08/AP_Gate_7_Camera_3/AP_Gate_7_Camera_3_20260608T033000.jpg,vehicle_prompts,done,2026-06-09T13:29:20.678888+00:00,,3.385,3.385,0,nvidia/cosmos-reason2-8b,"<0.0> 

[GENERAL VEHICLE SAFETY]
1. Not visible
2. Not visible

[COLLISIONS & NEAR MISSES]
3. Not visible
4. Not visible

[PARKING & ACCESS VIOLATIONS]
5. Not visible
6. Not visible

[SUSPICIOUS VEHICLE BEHAVIOR]
7. Not visible
8. Not visible

[VEHICLE IDENTIFICATION]
9. Not visible
10. Not visible
11. Not visible

[PEDESTRIAN & CHILD SAFETY]
12. Not visible
13. Not visible
14. Not visible"
vlm_runs/2026-06-08,AP_Gate_7_Camera_3_20260608T060000.jpg,minio,,vlm_runs/2026-06-08/AP_Gate_7_Camera_3/AP_Gate_7_Camera_3_20260608T060000.jpg,vehicle_prompts,done,2026-06-09T13:29:20.678925+00:00,,1.177,1.177,0,nvidia/cosmos-reason2-8b,"<0.0> 
1. Not visible
2. Not visible
3. Not visible
4. Not visible
5. Not visible
6. Not visible
7. Not visible
8. Not visible
9. Not visible
10. Not visible
11. Not visible
12. Not visible
13. Not visible
14. Not visible"
vlm_runs/2026-06-08,AP_Gate_7_Camera_3_20260608T063000.jpg,minio,,vlm_runs/2026-06-08/AP_Gate_7_Camera_3/AP_Gate_7_Camera_3_20260608T063000.jpg,vehicle_prompts,done,2026-06-09T13:29:20.678932+00:00,,1.03,1.03,0,nvidia/cosmos-reason2-8b,"<0.0> 
1. Not visible
2. Not visible
3. Not visible
4. Not visible
5. Not visible
6. Not visible
7. Not visible
8. Not visible
9. Not visible
10. Not visible
11. Not visible
12. Not visible
13. Not visible
14. Not visible"
vlm_runs/2026-06-08,AP_Gate_7_Camera_3_20260608T054500.jpg,minio,,vlm_runs/2026-06-08/AP_Gate_7_Camera_3/AP_Gate_7_Camera_3_20260608T054500.jpg,vehicle_prompts,done,2026-06-09T13:29:20.678921+00:00,,2.129,2.129,0,nvidia/cosmos-reason2-8b,"<0.0> 
[GENERAL VEHICLE SAFETY]
1. Not visible
2. Not visible

[COLLISIONS & NEAR MISSES]
3. Not visible
4. Not visible

[PARKING & ACCESS VIOLATIONS]
5. Not visible
6. Not visible

[SUSPICIOUS VEHICLE BEHAVIOR]
7. Not visible
8. Not visible

[VEHICLE IDENTIFICATION]
9. Not visible
10. Not visible
11. Not visible

[PEDESTRIAN & CHILD SAFETY]
12. Not visible
13. Not visible
14. Not visible"
vlm_runs/2026-06-08,AP_Gate_7_Camera_3_20260608T070000.jpg,minio,,vlm_runs/2026-06-08/AP_Gate_7_Camera_3/AP_Gate_7_Camera_3_20260608T070000.jpg,vehicle_prompts,done,2026-06-09T13:29:20.678939+00:00,,1.319,1.319,0,nvidia/cosmos-reason2-8b,"<0.0> 
1. Not visible
2. Not visible
3. Not visible
4. Not visible
5. Not visible
6. Not visible
7. Not visible
8. Not visible
9. Not visible
10. Not visible
11. Not visible
12. Not visible
13. Not visible
14. Not visible"
vlm_runs/2026-06-08,AP_Gate_7_Camera_3_20260608T074500.jpg,minio,,vlm_runs/2026-06-08/AP_Gate_7_Camera_3/AP_Gate_7_Camera_3_20260608T074500.jpg,vehicle_prompts,done,2026-06-09T13:29:20.678951+00:00,,1.182,1.182,0,nvidia/cosmos-reason2-8b,"<0.0> 

[GENERAL VEHICLE SAFETY]
1. Not visible
2. Not visible

[COLLISIONS & NEAR MISSES]
3. Not visible
4. Not visible

[PARKING & ACCESS VIOLATIONS]
5. Not visible
6. Not visible

[SUSPICIOUS VEHICLE BEHAVIOR]
7. Not visible
8. Not visible

[VEHICLE IDENTIFICATION]
9. Not visible
10. Not visible
11. Not visible

[PEDESTRIAN & CHILD SAFETY]
12. Not visible
13. Not visible
14. Not visible"
vlm_runs/2026-06-08,AP_Gate_7_Camera_3_20260608T080000.jpg,minio,,vlm_runs/2026-06-08/AP_Gate_7_Camera_3/AP_Gate_7_Camera_3_20260608T080000.jpg,vehicle_prompts,done,2026-06-09T13:29:20.678954+00:00,,0.93,0.93,0,nvidia/cosmos-reason2-8b,"<0.0> 
1. Not visible
2. Not visible
3. Not visible
4. Not visible
5. Not visible
6. Not visible
7. Not visible
8. Not visible
9. Not visible
10. Not visible
11. Not visible
12. Not visible
13. Not visible
14. Not visible"
vlm_runs/2026-06-08,AP_Gate_7_Camera_3_20260608T071500.jpg,minio,,vlm_runs/2026-06-08/AP_Gate_7_Camera_3/AP_Gate_7_Camera_3_20260608T071500.jpg,vehicle_prompts,done,2026-06-09T13:29:20.678943+00:00,,1.576,1.576,0,nvidia/cosmos-reason2-8b,0.0
vlm_runs/2026-06-08,AP_Gate_7_Camera_3_20260608T061500.jpg,minio,,vlm_runs/2026-06-08/AP_Gate_7_Camera_3/AP_Gate_7_Camera_3_20260608T061500.jpg,vehicle_prompts,done,2026-06-09T13:29:20.678928+00:00,,2.655,2.655,0,nvidia/cosmos-reason2-8b,"<0.0> 

[GENERAL VEHICLE SAFETY]
1. Not visible
2. Not visible

[COLLISIONS & NEAR MISSES]
3. Not visible
4. Not visible

[PARKING & ACCESS VIOLATIONS]
5. Not visible
6. Not visible

[SUSPICIOUS VEHICLE BEHAVIOR]
7. Not visible
8. Not visible

[VEHICLE IDENTIFICATION]
9. Not visible
10. Not visible
11. Not visible

[PEDESTRIAN & CHILD SAFETY]
12. Not visible
13. Not visible
14. Not visible"
vlm_runs/2026-06-08,AP_Gate_7_Camera_3_20260608T081500.jpg,minio,,vlm_runs/2026-06-08/AP_Gate_7_Camera_3/AP_Gate_7_Camera_3_20260608T081500.jpg,vehicle_prompts,done,2026-06-09T13:29:20.678958+00:00,,0.975,0.975,0,nvidia/cosmos-reason2-8b,"<0.0> 

[GENERAL VEHICLE SAFETY]
1. Not visible
2. Not visible

[COLLISIONS & NEAR MISSES]
3. Not visible
4. Not visible

[PARKING & ACCESS VIOLATIONS]
5. Not visible
6. Not visible

[SUSPICIOUS VEHICLE BEHAVIOR]
7. Not visible
8. Not visible

[VEHICLE IDENTIFICATION]
9. Not visible
10. Not visible
11. Not visible

[PEDESTRIAN & CHILD SAFETY]
12. Not visible
13. Not visible
14. Not visible"
vlm_runs/2026-06-08,AP_Gate_7_Camera_3_20260608T083000.jpg,minio,,vlm_runs/2026-06-08/AP_Gate_7_Camera_3/AP_Gate_7_Camera_3_20260608T083000.jpg,vehicle_prompts,done,2026-06-09T13:29:20.678961+00:00,,0.939,0.939,0,nvidia/cosmos-reason2-8b,"<0.0> 

[GENERAL VEHICLE SAFETY]
1. Not visible
2. Not visible

[COLLISIONS & NEAR MISSES]
3. Not visible
4. Not visible

[PARKING & ACCESS VIOLATIONS]
5. Not visible
6. Not visible

[SUSPICIOUS VEHICLE BEHAVIOR]
7. Not visible
8. Not visible

[VEHICLE IDENTIFICATION]
9. Not visible
10. Not visible
11. Not visible

[PEDESTRIAN & CHILD SAFETY]
12. Not visible
13. Not visible
14. Not visible"
vlm_runs/2026-06-08,AP_Gate_7_Camera_3_20260608T073000.jpg,minio,,vlm_runs/2026-06-08/AP_Gate_7_Camera_3/AP_Gate_7_Camera_3_20260608T073000.jpg,vehicle_prompts,done,2026-06-09T13:29:20.678947+00:00,,2.295,2.295,0,nvidia/cosmos-reason2-8b,"<0.0> 

[GENERAL VEHICLE SAFETY]
1. Not visible
2. Not visible

[COLLISIONS & NEAR MISSES]
3. Not visible
4. Not visible

[PARKING & ACCESS VIOLATIONS]
5. Not visible
6. Not visible

[SUSPICIOUS VEHICLE BEHAVIOR]
7. Not visible
8. Not visible

[VEHICLE IDENTIFICATION]
9. Not visible
10. Not visible
11. Not visible

[PEDESTRIAN & CHILD SAFETY]
12. Not visible
13. Not visible
14. Not visible"
vlm_runs/2026-06-08,AP_Gate_7_Camera_3_20260608T064500.jpg,minio,,vlm_runs/2026-06-08/AP_Gate_7_Camera_3/AP_Gate_7_Camera_3_20260608T064500.jpg,vehicle_prompts,done,2026-06-09T13:29:20.678936+00:00,,2.922,2.922,0,nvidia/cosmos-reason2-8b,"<0.0> 

[GENERAL VEHICLE SAFETY]
1. Not visible
2. Not visible

[COLLISIONS & NEAR MISSES]
3. Not visible
4. Not visible

[PARKING & ACCESS VIOLATIONS]
5. Not visible
6. Not visible

[SUSPICIOUS VEHICLE BEHAVIOR]
7. Not visible
8. Not visible

[VEHICLE IDENTIFICATION]
9. Not visible
10. Not visible
11. Not visible

[PEDESTRIAN & CHILD SAFETY]
12. Not visible
13. Not visible
14. Not visible"
vlm_runs/2026-06-08,AP_Gate_7_Camera_3_20260608T094500.jpg,minio,,vlm_runs/2026-06-08/AP_Gate_7_Camera_3/AP_Gate_7_Camera_3_20260608T094500.jpg,vehicle_prompts,done,2026-06-09T13:29:20.678983+00:00,,1.169,1.169,0,nvidia/cosmos-reason2-8b,"<0.0> 
All vehicles are at safe speed in designated areas.
No vehicles are at clearly unsafe speed.
No vehicle collisions or near-misses are observed.
No vehicles are in fire lanes, emergency corridors, or no-stopping zones.
No vehicles are in wrong-way or restricted areas.
No vehicles are making threatening maneuvers or pursuing pedestrians.
No suspicious contact with parked vehicles is observed.
No vehicles with obscured or no plates are present.
No individuals are struck or injured by vehicles.
No near misses of individuals are observed.
No children are struck or at risk."
vlm_runs/2026-06-08,AP_Gate_7_Camera_3_20260608T084500.jpg,minio,,vlm_runs/2026-06-08/AP_Gate_7_Camera_3/AP_Gate_7_Camera_3_20260608T084500.jpg,vehicle_prompts,done,2026-06-09T13:29:20.678965+00:00,,1.691,1.691,0,nvidia/cosmos-reason2-8b,"<0.0> 
[GENERAL VEHICLE SAFETY]
1. Not visible
2. Not visible

[COLLISIONS & NEAR MISSES]
3. Not visible
4. Not visible

[PARKING & ACCESS VIOLATIONS]
5. Not visible
6. Not visible

[SUSPICIOUS VEHICLE BEHAVIOR]
7. Not visible
8. Not visible

[VEHICLE IDENTIFICATION]
9. Not visible
10. Not visible
11. Not visible

[PEDESTRIAN & CHILD SAFETY]
12. Not visible
13. Not visible
14. Not visible"
vlm_runs/2026-06-08,AP_Gate_7_Camera_3_20260608T093000.jpg,minio,,vlm_runs/2026-06-08/AP_Gate_7_Camera_3/AP_Gate_7_Camera_3_20260608T093000.jpg,vehicle_prompts,done,2026-06-09T13:29:20.678980+00:00,,1.455,1.455,0,nvidia/cosmos-reason2-8b,"<0.0> 

[GENERAL VEHICLE SAFETY]
1. Not visible
2. Not visible

[COLLISIONS & NEAR MISSES]
3. Not visible
4. Not visible

[PARKING & ACCESS VIOLATIONS]
5. Not visible
6. Not visible

[SUSPICIOUS VEHICLE BEHAVIOR]
7. Not visible
8. Not visible

[VEHICLE IDENTIFICATION]
9. Not visible
10. Not visible
11. Not visible

[PEDESTRIAN & CHILD SAFETY]
12. Not visible
13. Not visible
14. Not visible"
vlm_runs/2026-06-08,AP_Gate_7_Camera_3_20260608T091500.jpg,minio,,vlm_runs/2026-06-08/AP_Gate_7_Camera_3/AP_Gate_7_Camera_3_20260608T091500.jpg,vehicle_prompts,done,2026-06-09T13:29:20.678972+00:00,,1.757,1.757,0,nvidia/cosmos-reason2-8b,"<0.0> 

[GENERAL VEHICLE SAFETY]
1. Not visible
2. Not visible

[COLLISIONS & NEAR MISSES]
3. Not visible
4. 0

[PARKING & ACCESS VIOLATIONS]
5. Not visible
6. Not visible

[SUSPICIOUS VEHICLE BEHAVIOR]
7. Not visible
8. Not visible

[VEHICLE IDENTIFICATION]
9. Not visible
10. Not visible
11. Not visible

[PEDESTRIAN & CHILD SAFETY]
12. 0
13. 0
14. 0"
vlm_runs/2026-06-08,AP_Gate_7_Camera_3_20260608T090000.jpg,minio,,vlm_runs/2026-06-08/AP_Gate_7_Camera_3/AP_Gate_7_Camera_3_20260608T090000.jpg,vehicle_prompts,done,2026-06-09T13:29:20.678968+00:00,,2.029,2.029,0,nvidia/cosmos-reason2-8b,0.0
vlm_runs/2026-06-08,AP_Gate_7_Camera_3_20260608T101500.jpg,minio,,vlm_runs/2026-06-08/AP_Gate_7_Camera_3/AP_Gate_7_Camera_3_20260608T101500.jpg,vehicle_prompts,done,2026-06-09T13:29:20.678991+00:00,,1.324,1.324,0,nvidia/cosmos-reason2-8b,"<0.0> 
[GENERAL VEHICLE SAFETY]
1. Not visible
2. Not visible

[COLLISIONS & NEAR MISSES]
3. Not visible
4. Not visible

[PARKING & ACCESS VIOLATIONS]
5. Not visible
6. Not visible

[SUSPICIOUS VEHICLE BEHAVIOR]
7. Not visible
8. Not visible

[VEHICLE IDENTIFICATION]
9. Not visible
10. Not visible
11. Not visible

[PEDESTRIAN & CHILD SAFETY]
12. Not visible
13. Not visible
14. Not visible"
vlm_runs/2026-06-08,AP_Gate_7_Camera_3_20260608T103000.jpg,minio,,vlm_runs/2026-06-08/AP_Gate_7_Camera_3/AP_Gate_7_Camera_3_20260608T103000.jpg,vehicle_prompts,done,2026-06-09T13:29:20.678994+00:00,,1.431,1.431,0,nvidia/cosmos-reason2-8b,"<0.0> 

[GENERAL VEHICLE SAFETY]
1. Not visible
2. Not visible

[COLLISIONS & NEAR MISSES]
3. Not visible
4. Not visible

[PARKING & ACCESS VIOLATIONS]
5. Not visible
6. Not visible

[SUSPICIOUS VEHICLE BEHAVIOR]
7. Not visible
8. Not visible

[VEHICLE IDENTIFICATION]
9. Not visible
10. Not visible
11. Not visible

[PEDESTRIAN & CHILD SAFETY]
12. Not visible
13. Not visible
14. Not visible"
vlm_runs/2026-06-08,AP_Gate_7_Camera_3_20260608T110000.jpg,minio,,vlm_runs/2026-06-08/AP_Gate_7_Camera_3/AP_Gate_7_Camera_3_20260608T110000.jpg,vehicle_prompts,done,2026-06-09T13:29:20.679001+00:00,,1.102,1.102,0,nvidia/cosmos-reason2-8b,"<0.0> 

[GENERAL VEHICLE SAFETY]
1. Not visible
2. Not visible

[COLLISIONS & NEAR MISSES]
3. Not visible
4. Not visible

[PARKING & ACCESS VIOLATIONS]
5. Not visible
6. Not visible

[SUSPICIOUS VEHICLE BEHAVIOR]
7. Not visible
8. Not visible

[VEHICLE IDENTIFICATION]
9. Not visible
10. Not visible
11. Not visible

[PEDESTRIAN & CHILD SAFETY]
12. Not visible
13. Not visible
14. Not visible"
vlm_runs/2026-06-08,AP_Gate_7_Camera_3_20260608T113000.jpg,minio,,vlm_runs/2026-06-08/AP_Gate_7_Camera_3/AP_Gate_7_Camera_3_20260608T113000.jpg,vehicle_prompts,done,2026-06-09T13:29:20.679008+00:00,,0.869,0.869,0,nvidia/cosmos-reason2-8b,"<0.0> 
1. Not visible
2. Not visible
3. Not visible
4. Not visible
5. Not visible
6. Not visible
7. Not visible
8. Not visible
9. Not visible
10. Not visible
11. Not visible
12. Not visible
13. Not visible
14. Not visible"
vlm_runs/2026-06-08,AP_Gate_7_Camera_3_20260608T104500.jpg,minio,,vlm_runs/2026-06-08/AP_Gate_7_Camera_3/AP_Gate_7_Camera_3_20260608T104500.jpg,vehicle_prompts,done,2026-06-09T13:29:20.678998+00:00,,1.343,1.343,0,nvidia/cosmos-reason2-8b,Not visible
vlm_runs/2026-06-08,AP_Gate_7_Camera_3_20260608T114500.jpg,minio,,vlm_runs/2026-06-08/AP_Gate_7_Camera_3/AP_Gate_7_Camera_3_20260608T114500.jpg,vehicle_prompts,done,2026-06-09T13:29:20.679011+00:00,,1.093,1.093,0,nvidia/cosmos-reason2-8b,"<0.0> 
All vehicles are at safe speed in designated areas.
No vehicle is at an unsafe speed.
No vehicle collisions are observed.
No near-misses are observed.
No vehicles are in fire lanes, emergency corridors, or no-stopping zones.
No vehicles are in wrong-way or restricted areas.
No vehicles are making threatening maneuvers or pursuing pedestrians.
No suspicious contact with parked vehicles is observed.
No vehicles with no or obscured plates are present.
No individuals are struck or injured by vehicles.
No near misses of individuals are observed.
No children are struck or at risk."
vlm_runs/2026-06-08,AP_Gate_7_Camera_3_20260608T100000.jpg,minio,,vlm_runs/2026-06-08/AP_Gate_7_Camera_3/AP_Gate_7_Camera_3_20260608T100000.jpg,vehicle_prompts,done,2026-06-09T13:29:20.678987+00:00,,2.525,2.525,0,nvidia/cosmos-reason2-8b,"<0.0> 
1. Not visible
2. Not visible
3. Not visible
4. Not visible
5. Not visible
6. Not visible
7. Not visible
8. Not visible
9. Not visible
10. Not visible
11. Not visible
12. Not visible
13. Not visible
14. Not visible"
vlm_runs/2026-06-08,AP_Gate_7_Camera_3_20260608T123000.jpg,minio,,vlm_runs/2026-06-08/AP_Gate_7_Camera_3/AP_Gate_7_Camera_3_20260608T123000.jpg,vehicle_prompts,done,2026-06-09T13:29:20.679022+00:00,,1.17,1.17,0,nvidia/cosmos-reason2-8b,"<0.0> 

[GENERAL VEHICLE SAFETY]
1. Not visible
2. Not visible

[COLLISIONS & NEAR MISSES]
3. Not visible
4. Not visible

[PARKING & ACCESS VIOLATIONS]
5. Not visible
6. Not visible

[SUSPICIOUS VEHICLE BEHAVIOR]
7. Not visible
8. Not visible

[VEHICLE IDENTIFICATION]
9. Not visible
10. Not visible
11. Not visible

[PEDESTRIAN & CHILD SAFETY]
12. Not visible
13. Not visible
14. Not visible"
vlm_runs/2026-06-08,AP_Gate_7_Camera_3_20260608T131500.jpg,minio,,vlm_runs/2026-06-08/AP_Gate_7_Camera_3/AP_Gate_7_Camera_3_20260608T131500.jpg,vehicle_prompts,done,2026-06-09T13:29:20.679032+00:00,,1.028,1.028,0,nvidia/cosmos-reason2-8b,"<0.0> 
1. Not visible
2. Not visible
3. Not visible
4. Not visible
5. Not visible
6. Not visible
7. Not visible
8. Not visible
9. Not visible
10. Not visible
11. Not visible
12. Not visible
13. Not visible
14. Not visible"
vlm_runs/2026-06-08,AP_Gate_7_Camera_3_20260608T130000.jpg,minio,,vlm_runs/2026-06-08/AP_Gate_7_Camera_3/AP_Gate_7_Camera_3_20260608T130000.jpg,vehicle_prompts,done,2026-06-09T13:29:20.679029+00:00,,1.34,1.34,0,nvidia/cosmos-reason2-8b,"<0.0> 
1. Not visible
2. Not visible
3. Not visible
4. Not visible
5. Not visible
6. Not visible
7. Not visible
8. Not visible
9. Not visible
10. Not visible
11. Not visible
12. Not visible
13. Not visible
14. Not visible"
vlm_runs/2026-06-08,AP_Gate_7_Camera_3_20260608T124500.jpg,minio,,vlm_runs/2026-06-08/AP_Gate_7_Camera_3/AP_Gate_7_Camera_3_20260608T124500.jpg,vehicle_prompts,done,2026-06-09T13:29:20.679025+00:00,,1.511,1.511,0,nvidia/cosmos-reason2-8b,"<0.0> 

[GENERAL VEHICLE SAFETY]
1. Not visible
2. Not visible

[COLLISIONS & NEAR MISSES]
3. Not visible
4. Not visible

[PARKING & ACCESS VIOLATIONS]
5. Not visible
6. Not visible

[SUSPICIOUS VEHICLE BEHAVIOR]
7. Not visible
8. Not visible

[VEHICLE IDENTIFICATION]
9. Not visible
10. Not visible
11. Not visible

[PEDESTRIAN & CHILD SAFETY]
12. Not visible
13. Not visible
14. Not visible"
vlm_runs/2026-06-08,AP_Gate_7_Camera_3_20260608T120000.jpg,minio,,vlm_runs/2026-06-08/AP_Gate_7_Camera_3/AP_Gate_7_Camera_3_20260608T120000.jpg,vehicle_prompts,done,2026-06-09T13:29:20.679015+00:00,,2.204,2.204,0,nvidia/cosmos-reason2-8b,"<0.0> 
1. Not visible
2. Not visible
3. Not visible
4. Not visible
5. Not visible
6. Not visible
7. Not visible
8. Not visible
9. Not visible
10. Not visible
11. Not visible
12. Not visible
13. Not visible
14. Not visible"
vlm_runs/2026-06-08,AP_Gate_7_Camera_3_20260608T121500.jpg,minio,,vlm_runs/2026-06-08/AP_Gate_7_Camera_3/AP_Gate_7_Camera_3_20260608T121500.jpg,vehicle_prompts,done,2026-06-09T13:29:20.679018+00:00,,2.198,2.198,0,nvidia/cosmos-reason2-8b,"<0.0> 
[GENERAL VEHICLE SAFETY]
1. Not visible
2. Not visible

[COLLISIONS & NEAR MISSES]
3. Not visible
4. Not visible

[PARKING & ACCESS VIOLATIONS]
5. Not visible
6. Not visible

[SUSPICIOUS VEHICLE BEHAVIOR]
7. Not visible
8. Not visible

[VEHICLE IDENTIFICATION]
9. Not visible
10. Not visible
11. Not visible

[PEDESTRIAN & CHILD SAFETY]
12. Not visible
13. Not visible
14. Not visible"
vlm_runs/2026-06-08,AP_Gate_7_Camera_3_20260608T111500.jpg,minio,,vlm_runs/2026-06-08/AP_Gate_7_Camera_3/AP_Gate_7_Camera_3_20260608T111500.jpg,vehicle_prompts,done,2026-06-09T13:29:20.679004+00:00,,3.042,3.042,0,nvidia/cosmos-reason2-8b,"<0.0> 

[GENERAL VEHICLE SAFETY]
1. Not visible
2. Not visible

[COLLISIONS & NEAR MISSES]
3. Not visible
4. Not visible

[PARKING & ACCESS VIOLATIONS]
5. Not visible
6. Not visible

[SUSPICIOUS VEHICLE BEHAVIOR]
7. Not visible
8. Not visible

[VEHICLE IDENTIFICATION]
9. Not visible
10. Not visible
11. Not visible

[PEDESTRIAN & CHILD SAFETY]
12. Not visible
13. Not visible
14. Not visible"
vlm_runs/2026-06-08,AP_Gate_7_Camera_3_20260608T133000.jpg,minio,,vlm_runs/2026-06-08/AP_Gate_7_Camera_3/AP_Gate_7_Camera_3_20260608T133000.jpg,vehicle_prompts,done,2026-06-09T13:29:20.679036+00:00,,1.489,1.489,0,nvidia/cosmos-reason2-8b,"<0.0> 
1. Not visible
2. Not visible
3. Not visible
4. Not visible
5. Not visible
6. Not visible
7. Not visible
8. Not visible
9. Not visible
10. Not visible
11. Not visible
12. Not visible
13. Not visible
14. Not visible"
vlm_runs/2026-06-08,AP_Gate_7_Camera_3_20260608T141500.jpg,minio,,vlm_runs/2026-06-08/AP_Gate_7_Camera_3/AP_Gate_7_Camera_3_20260608T141500.jpg,vehicle_prompts,done,2026-06-09T13:29:20.679046+00:00,,0.938,0.938,0,nvidia/cosmos-reason2-8b,"<0.0> 
[GENERAL VEHICLE SAFETY]
1. Not visible
2. Not visible

[COLLISIONS & NEAR MISSES]
3. Not visible
4. Not visible

[PARKING & ACCESS VIOLATIONS]
5. Not visible
6. Not visible

[SUSPICIOUS VEHICLE BEHAVIOR]
7. Not visible
8. Not visible

[VEHICLE IDENTIFICATION]
9. Not visible
10. Not visible
11. Not visible

[PEDESTRIAN & CHILD SAFETY]
12. Not visible
13. Not visible
14. Not visible"
vlm_runs/2026-06-08,AP_Gate_7_Camera_3_20260608T134500.jpg,minio,,vlm_runs/2026-06-08/AP_Gate_7_Camera_3/AP_Gate_7_Camera_3_20260608T134500.jpg,vehicle_prompts,done,2026-06-09T13:29:20.679039+00:00,,1.693,1.693,0,nvidia/cosmos-reason2-8b,"<0.0> 
[GENERAL VEHICLE SAFETY]
1. Not visible
2. Not visible

[COLLISIONS & NEAR MISSES]
3. Not visible
4. Not visible

[PARKING & ACCESS VIOLATIONS]
5. Not visible
6. Not visible

[SUSPICIOUS VEHICLE BEHAVIOR]
7. Not visible
8. Not visible

[VEHICLE IDENTIFICATION]
9. Not visible
10. Not visible
11. Not visible

[PEDESTRIAN & CHILD SAFETY]
12. Not visible
13. Not visible
14. Not visible"
vlm_runs/2026-06-08,AP_Gate_7_Camera_3_20260608T151500.jpg,minio,,vlm_runs/2026-06-08/AP_Gate_7_Camera_3/AP_Gate_7_Camera_3_20260608T151500.jpg,vehicle_prompts,done,2026-06-09T13:29:20.679060+00:00,,0.995,0.995,0,nvidia/cosmos-reason2-8b,"<0.0> 
[GENERAL VEHICLE SAFETY]
1. Not visible
2. Not visible

[COLLISIONS & NEAR MISSES]
3. Not visible
4. Not visible

[PARKING & ACCESS VIOLATIONS]
5. Not visible
6. Not visible

[SUSPICIOUS VEHICLE BEHAVIOR]
7. Not visible
8. Not visible

[VEHICLE IDENTIFICATION]
9. Not visible
10. Not visible
11. Not visible

[PEDESTRIAN & CHILD SAFETY]
12. Not visible
13. Not visible
14. Not visible"
vlm_runs/2026-06-08,AP_Gate_7_Camera_3_20260608T144500.jpg,minio,,vlm_runs/2026-06-08/AP_Gate_7_Camera_3/AP_Gate_7_Camera_3_20260608T144500.jpg,vehicle_prompts,done,2026-06-09T13:29:20.679054+00:00,,1.618,1.618,0,nvidia/cosmos-reason2-8b,"<0.0> 

[GENERAL VEHICLE SAFETY]
1. Not visible
2. Not visible

[COLLISIONS & NEAR MISSES]
3. Not visible
4. Not visible

[PARKING & ACCESS VIOLATIONS]
5. Not visible
6. Not visible

[SUSPICIOUS VEHICLE BEHAVIOR]
7. Not visible
8. Not visible

[VEHICLE IDENTIFICATION]
9. Not visible
10. Not visible
11. Not visible

[PEDESTRIAN & CHILD SAFETY]
12. Not visible
13. Not visible
14. Not visible"
vlm_runs/2026-06-08,AP_Gate_7_Camera_3_20260608T143000.jpg,minio,,vlm_runs/2026-06-08/AP_Gate_7_Camera_3/AP_Gate_7_Camera_3_20260608T143000.jpg,vehicle_prompts,done,2026-06-09T13:29:20.679049+00:00,,1.845,1.845,0,nvidia/cosmos-reason2-8b,"<0.0> 
[GENERAL VEHICLE SAFETY]
1. Not visible
2. Not visible

[COLLISIONS & NEAR MISSES]
3. Not visible
4. Not visible

[PARKING & ACCESS VIOLATIONS]
5. Not visible
6. Not visible

[SUSPICIOUS VEHICLE BEHAVIOR]
7. Not visible
8. Not visible

[VEHICLE IDENTIFICATION]
9. Not visible
10. Not visible
11. Not visible

[PEDESTRIAN & CHILD SAFETY]
12. Not visible
13. Not visible
14. Not visible"
vlm_runs/2026-06-08,AP_Gate_7_Camera_3_20260608T140000.jpg,minio,,vlm_runs/2026-06-08/AP_Gate_7_Camera_3/AP_Gate_7_Camera_3_20260608T140000.jpg,vehicle_prompts,done,2026-06-09T13:29:20.679042+00:00,,2.11,2.11,0,nvidia/cosmos-reason2-8b,"<0.0> 
1. Not visible
2. Not visible
3. Not visible
4. Not visible
5. Not visible
6. Not visible
7. Not visible
8. Not visible
9. Not visible
10. Not visible
11. Not visible
12. Not visible
13. Not visible
14. Not visible"
vlm_runs/2026-06-08,AP_Gate_7_Camera_3_20260608T150000.jpg,minio,,vlm_runs/2026-06-08/AP_Gate_7_Camera_3/AP_Gate_7_Camera_3_20260608T150000.jpg,vehicle_prompts,done,2026-06-09T13:29:20.679057+00:00,,1.689,1.689,0,nvidia/cosmos-reason2-8b,"<0.0> 

[GENERAL VEHICLE SAFETY]
1. Not visible
2. Not visible

[COLLISIONS & NEAR MISSES]
3. Not visible
4. Not visible

[PARKING & ACCESS VIOLATIONS]
5. Not visible
6. Not visible

[SUSPICIOUS VEHICLE BEHAVIOR]
7. Not visible
8. Not visible

[VEHICLE IDENTIFICATION]
9. Not visible
10. Not visible
11. Not visible

[PEDESTRIAN & CHILD SAFETY]
12. Not visible
13. Not visible
14. Not visible"
vlm_runs/2026-06-08,AP_Gate_7_Camera_3_20260608T153000.jpg,minio,,vlm_runs/2026-06-08/AP_Gate_7_Camera_3/AP_Gate_7_Camera_3_20260608T153000.jpg,vehicle_prompts,done,2026-06-09T13:29:20.679064+00:00,,1.502,1.502,0,nvidia/cosmos-reason2-8b,"<0.0> 
1. Not visible
2. Not visible
3. Not visible
4. Not visible
5. Not visible
6. Not visible
7. Not visible
8. Not visible
9. Not visible
10. Not visible
11. Not visible
12. Not visible
13. Not visible
14. Not visible"
vlm_runs/2026-06-08,AP_Gate_7_Camera_3_20260608T154500.jpg,minio,,vlm_runs/2026-06-08/AP_Gate_7_Camera_3/AP_Gate_7_Camera_3_20260608T154500.jpg,vehicle_prompts,done,2026-06-09T13:29:20.679068+00:00,,1.223,1.223,0,nvidia/cosmos-reason2-8b,"<0.0> 
1. Not visible
2. Not visible
3. Not visible
4. Not visible
5. Not visible
6. Not visible
7. Not visible
8. Not visible
9. Not visible
10. Not visible
11. Not visible
12. Not visible
13. Not visible
14. Not visible"
vlm_runs/2026-06-08,AP_Gate_7_Camera_3_20260608T161500.jpg,minio,,vlm_runs/2026-06-08/AP_Gate_7_Camera_3/AP_Gate_7_Camera_3_20260608T161500.jpg,vehicle_prompts,done,2026-06-09T13:29:20.679075+00:00,,1.111,1.111,0,nvidia/cosmos-reason2-8b,"<0.0> 
[GENERAL VEHICLE SAFETY]
1. Not visible
2. Not visible

[COLLISIONS & NEAR MISSES]
3. Not visible
4. Not visible

[PARKING & ACCESS VIOLATIONS]
5. Not visible
6. Not visible

[SUSPICIOUS VEHICLE BEHAVIOR]
7. Not visible
8. Not visible

[VEHICLE IDENTIFICATION]
9. Not visible
10. Not visible
11. Not visible

[PEDESTRIAN & CHILD SAFETY]
12. Not visible
13. Not visible
14. Not visible"
vlm_runs/2026-06-08,AP_Gate_7_Camera_3_20260608T171500.jpg,minio,,vlm_runs/2026-06-08/AP_Gate_7_Camera_3/AP_Gate_7_Camera_3_20260608T171500.jpg,vehicle_prompts,done,2026-06-09T13:29:20.679089+00:00,,0.771,0.771,0,nvidia/cosmos-reason2-8b,"<0.0> 
Not visible"
vlm_runs/2026-06-08,AP_Gate_7_Camera_3_20260608T173000.jpg,minio,,vlm_runs/2026-06-08/AP_Gate_7_Camera_3/AP_Gate_7_Camera_3_20260608T173000.jpg,vehicle_prompts,done,2026-06-09T13:29:20.679092+00:00,,0.849,0.849,0,nvidia/cosmos-reason2-8b,"<0.0> 
Not visible"
vlm_runs/2026-06-08,AP_Gate_7_Camera_3_20260608T160000.jpg,minio,,vlm_runs/2026-06-08/AP_Gate_7_Camera_3/AP_Gate_7_Camera_3_20260608T160000.jpg,vehicle_prompts,done,2026-06-09T13:29:20.679071+00:00,,1.858,1.858,0,nvidia/cosmos-reason2-8b,"<0.0> 
1. Not visible
2. Not visible
3. Not visible
4. Not visible
5. Not visible
6. Not visible
7. Not visible
8. Not visible
9. Not visible
10. Not visible
11. Not visible
12. Not visible
13. Not visible
14. Not visible"
vlm_runs/2026-06-08,AP_Gate_7_Camera_3_20260608T163000.jpg,minio,,vlm_runs/2026-06-08/AP_Gate_7_Camera_3/AP_Gate_7_Camera_3_20260608T163000.jpg,vehicle_prompts,done,2026-06-09T13:29:20.679078+00:00,,1.802,1.802,0,nvidia/cosmos-reason2-8b,"<0.0> 
[GENERAL VEHICLE SAFETY]
1. Not visible
2. Not visible

[COLLISIONS & NEAR MISSES]
3. Not visible
4. Not visible

[PARKING & ACCESS VIOLATIONS]
5. Not visible
6. Not visible

[SUSPICIOUS VEHICLE BEHAVIOR]
7. Not visible
8. Not visible

[VEHICLE IDENTIFICATION]
9. Not visible
10. Not visible
11. Not visible

[PEDESTRIAN & CHILD SAFETY]
12. Not visible
13. Not visible
14. Not visible"
vlm_runs/2026-06-08,AP_Gate_7_Camera_3_20260608T183000.jpg,minio,,vlm_runs/2026-06-08/AP_Gate_7_Camera_3/AP_Gate_7_Camera_3_20260608T183000.jpg,vehicle_prompts,done,2026-06-09T13:29:20.679106+00:00,,0.886,0.886,0,nvidia/cosmos-reason2-8b,"<0.0> 
[GENERAL VEHICLE SAFETY]
1. Not visible
2. Not visible

[COLLISIONS & NEAR MISSES]
3. Not visible
4. Not visible

[PARKING & ACCESS VIOLATIONS]
5. Not visible
6. Not visible

[SUSPICIOUS VEHICLE BEHAVIOR]
7. Not visible
8. Not visible

[VEHICLE IDENTIFICATION]
9. Not visible
10. Not visible
11. Not visible

[PEDESTRIAN & CHILD SAFETY]
12. Not visible
13. Not visible
14. Not visible"
vlm_runs/2026-06-08,AP_Gate_7_Camera_3_20260608T170000.jpg,minio,,vlm_runs/2026-06-08/AP_Gate_7_Camera_3/AP_Gate_7_Camera_3_20260608T170000.jpg,vehicle_prompts,done,2026-06-09T13:29:20.679085+00:00,,1.96,1.96,0,nvidia/cosmos-reason2-8b,"<0.0> 
[GENERAL VEHICLE SAFETY]
1. Not visible
2. Not visible

[COLLISIONS & NEAR MISSES]
3. Not visible
4. Not visible

[PARKING & ACCESS VIOLATIONS]
5. Not visible
6. Not visible

[SUSPICIOUS VEHICLE BEHAVIOR]
7. Not visible
8. Not visible

[VEHICLE IDENTIFICATION]
9. Not visible
10. Not visible
11. Not visible

[PEDESTRIAN & CHILD SAFETY]
12. Not visible
13. Not visible
14. Not visible"
vlm_runs/2026-06-08,AP_Gate_7_Camera_3_20260608T181500.jpg,minio,,vlm_runs/2026-06-08/AP_Gate_7_Camera_3/AP_Gate_7_Camera_3_20260608T181500.jpg,vehicle_prompts,done,2026-06-09T13:29:20.679102+00:00,,1.424,1.424,0,nvidia/cosmos-reason2-8b,"<0.0> 

[GENERAL VEHICLE SAFETY]
1. Not visible
2. Not visible

[COLLISIONS & NEAR MISSES]
3. Not visible
4. Not visible

[PARKING & ACCESS VIOLATIONS]
5. Not visible
6. Not visible

[SUSPICIOUS VEHICLE BEHAVIOR]
7. Not visible
8. Not visible

[VEHICLE IDENTIFICATION]
9. Not visible
10. Not visible
11. Not visible

[PEDESTRIAN & CHILD SAFETY]
12. Not visible
13. Not visible
14. Not visible"
vlm_runs/2026-06-08,AP_Gate_7_Camera_3_20260608T164500.jpg,minio,,vlm_runs/2026-06-08/AP_Gate_7_Camera_3/AP_Gate_7_Camera_3_20260608T164500.jpg,vehicle_prompts,done,2026-06-09T13:29:20.679082+00:00,,2.382,2.382,0,nvidia/cosmos-reason2-8b,"<0.0> 
1. Not visible
2. Not visible
3. Not visible
4. Not visible
5. Not visible
6. Not visible
7. Not visible
8. Not visible
9. Not visible
10. Not visible
11. Not visible
12. Not visible
13. Not visible
14. Not visible"
vlm_runs/2026-06-08,AP_Gate_7_Camera_3_20260608T191500.jpg,minio,,vlm_runs/2026-06-08/AP_Gate_7_Camera_3/AP_Gate_7_Camera_3_20260608T191500.jpg,vehicle_prompts,done,2026-06-09T13:29:20.679116+00:00,,0.623,0.623,0,nvidia/cosmos-reason2-8b,"<0.0> 
1. Not visible
2. Not visible
3. Not visible
4. Not visible
5. Not visible
6. Not visible
7. Not visible
8. Not visible
9. Not visible
10. Not visible
11. Not visible
12. Not visible
13. Not visible
14. Not visible"
vlm_runs/2026-06-08,AP_Gate_7_Camera_3_20260608T180000.jpg,minio,,vlm_runs/2026-06-08/AP_Gate_7_Camera_3/AP_Gate_7_Camera_3_20260608T180000.jpg,vehicle_prompts,done,2026-06-09T13:29:20.679099+00:00,,2.046,2.046,0,nvidia/cosmos-reason2-8b,"<0.0> 
1. Not visible
2. Not visible
3. Not visible
4. Not visible
5. Not visible
6. Not visible
7. Not visible
8. Not visible
9. Not visible
10. Not visible
11. Not visible
12. Not visible
13. Not visible
14. Not visible"
vlm_runs/2026-06-08,AP_Gate_7_Camera_3_20260608T174500.jpg,minio,,vlm_runs/2026-06-08/AP_Gate_7_Camera_3/AP_Gate_7_Camera_3_20260608T174500.jpg,vehicle_prompts,done,2026-06-09T13:29:20.679095+00:00,,2.703,2.703,0,nvidia/cosmos-reason2-8b,"<0.0> 

[GENERAL VEHICLE SAFETY]
1. Not visible
2. Not visible

[COLLISIONS & NEAR MISSES]
3. Not visible
4. Not visible

[PARKING & ACCESS VIOLATIONS]
5. Not visible
6. Not visible

[SUSPICIOUS VEHICLE BEHAVIOR]
7. Not visible
8. Not visible

[VEHICLE IDENTIFICATION]
9. Not visible
10. Not visible
11. Not visible

[PEDESTRIAN & CHILD SAFETY]
12. Not visible
13. Not visible
14. Not visible"
vlm_runs/2026-06-08,AP_Gate_7_Camera_3_20260608T184500.jpg,minio,,vlm_runs/2026-06-08/AP_Gate_7_Camera_3/AP_Gate_7_Camera_3_20260608T184500.jpg,vehicle_prompts,done,2026-06-09T13:29:20.679109+00:00,,1.932,1.932,0,nvidia/cosmos-reason2-8b,"<0.0> 

[GENERAL VEHICLE SAFETY]
1. Not visible
2. Not visible

[COLLISIONS & NEAR MISSES]
3. Not visible
4. Not visible

[PARKING & ACCESS VIOLATIONS]
5. Not visible
6. Not visible

[SUSPICIOUS VEHICLE BEHAVIOR]
7. Not visible
8. Not visible

[VEHICLE IDENTIFICATION]
9. Not visible
10. Not visible
11. Not visible

[PEDESTRIAN & CHILD SAFETY]
12. Not visible
13. Not visible
14. Not visible"
vlm_runs/2026-06-08,AP_Gate_7_Camera_3_20260608T200000.jpg,minio,,vlm_runs/2026-06-08/AP_Gate_7_Camera_3/AP_Gate_7_Camera_3_20260608T200000.jpg,vehicle_prompts,done,2026-06-09T13:29:20.679127+00:00,,0.978,0.978,0,nvidia/cosmos-reason2-8b,"<0.0> 
1. Not visible
2. Not visible
3. Not visible
4. Not visible
5. Not visible
6. Not visible
7. Not visible
8. Not visible
9. Not visible
10. Not visible
11. Not visible
12. Not visible
13. Not visible
14. Not visible"
vlm_runs/2026-06-08,AP_Gate_7_Camera_3_20260608T194500.jpg,minio,,vlm_runs/2026-06-08/AP_Gate_7_Camera_3/AP_Gate_7_Camera_3_20260608T194500.jpg,vehicle_prompts,done,2026-06-09T13:29:20.679123+00:00,,1.168,1.168,0,nvidia/cosmos-reason2-8b,"<0.0> 
1. Not visible
2. Not visible
3. Not visible
4. Not visible
5. Not visible
6. Not visible
7. Not visible
8. Not visible
9. Not visible
10. Not visible
11. Not visible
12. Not visible
13. Not visible
14. Not visible"
vlm_runs/2026-06-08,AP_Gate_7_Camera_3_20260608T190000.jpg,minio,,vlm_runs/2026-06-08/AP_Gate_7_Camera_3/AP_Gate_7_Camera_3_20260608T190000.jpg,vehicle_prompts,done,2026-06-09T13:29:20.679113+00:00,,2.105,2.105,0,nvidia/cosmos-reason2-8b,"<0.0> 

[GENERAL VEHICLE SAFETY]
1. Not visible
2. Not visible

[COLLISIONS & NEAR MISSES]
3. Not visible
4. Not visible

[PARKING & ACCESS VIOLATIONS]
5. Not visible
6. Not visible

[SUSPICIOUS VEHICLE BEHAVIOR]
7. Not visible
8. Not visible

[VEHICLE IDENTIFICATION]
9. Not visible
10. Not visible
11. Not visible

[PEDESTRIAN & CHILD SAFETY]
12. Not visible
13. Not visible
14. Not visible"
vlm_runs/2026-06-08,AP_Gate_7_Camera_3_20260608T203000.jpg,minio,,vlm_runs/2026-06-08/AP_Gate_7_Camera_3/AP_Gate_7_Camera_3_20260608T203000.jpg,vehicle_prompts,done,2026-06-09T13:29:20.679134+00:00,,1.094,1.094,0,nvidia/cosmos-reason2-8b,"<0.0> 

[GENERAL VEHICLE SAFETY]
1. Not visible
2. Not visible

[COLLISIONS & NEAR MISSES]
3. Not visible
4. Not visible

[PARKING & ACCESS VIOLATIONS]
5. Not visible
6. Not visible

[SUSPICIOUS VEHICLE BEHAVIOR]
7. Not visible
8. Not visible

[VEHICLE IDENTIFICATION]
9. Not visible
10. Not visible
11. Not visible

[PEDESTRIAN & CHILD SAFETY]
12. Not visible
13. Not visible
14. Not visible"
vlm_runs/2026-06-08,AP_Gate_7_Camera_3_20260608T193000.jpg,minio,,vlm_runs/2026-06-08/AP_Gate_7_Camera_3/AP_Gate_7_Camera_3_20260608T193000.jpg,vehicle_prompts,done,2026-06-09T13:29:20.679120+00:00,,2.109,2.109,0,nvidia/cosmos-reason2-8b,"<0.0> 

[GENERAL VEHICLE SAFETY]
1. Not visible
2. Not visible

[COLLISIONS & NEAR MISSES]
3. Not visible
4. Not visible

[PARKING & ACCESS VIOLATIONS]
5. Not visible
6. Not visible

[SUSPICIOUS VEHICLE BEHAVIOR]
7. Not visible
8. Not visible

[VEHICLE IDENTIFICATION]
9. Not visible
10. Not visible
11. Not visible

[PEDESTRIAN & CHILD SAFETY]
12. Not visible
13. Not visible
14. Not visible"
vlm_runs/2026-06-08,AP_Gate_7_Camera_3_20260608T204500.jpg,minio,,vlm_runs/2026-06-08/AP_Gate_7_Camera_3/AP_Gate_7_Camera_3_20260608T204500.jpg,vehicle_prompts,done,2026-06-09T13:29:20.679137+00:00,,1.231,1.231,0,nvidia/cosmos-reason2-8b,"<0.0> 
1. Not visible
2. Not visible
3. Not visible
4. Not visible
5. Not visible
6. Not visible
7. Not visible
8. Not visible
9. Not visible
10. Not visible
11. Not visible
12. Not visible
13. Not visible
14. Not visible"
vlm_runs/2026-06-08,AP_Gate_7_Camera_3_20260608T201500.jpg,minio,,vlm_runs/2026-06-08/AP_Gate_7_Camera_3/AP_Gate_7_Camera_3_20260608T201500.jpg,vehicle_prompts,done,2026-06-09T13:29:20.679130+00:00,,1.884,1.884,0,nvidia/cosmos-reason2-8b,"<0.0> 
1. Not visible
2. Not visible
3. Not visible
4. Not visible
5. Not visible
6. Not visible
7. Not visible
8. Not visible
9. Not visible
10. Not visible
11. Not visible
12. Not visible
13. Not visible
14. Not visible"
vlm_runs/2026-06-08,AP_Gate_7_Camera_3_20260608T213000.jpg,minio,,vlm_runs/2026-06-08/AP_Gate_7_Camera_3/AP_Gate_7_Camera_3_20260608T213000.jpg,vehicle_prompts,done,2026-06-09T13:29:20.679147+00:00,,1.478,1.478,0,nvidia/cosmos-reason2-8b,0.0
vlm_runs/2026-06-08,AP_Gate_7_Camera_3_20260608T211500.jpg,minio,,vlm_runs/2026-06-08/AP_Gate_7_Camera_3/AP_Gate_7_Camera_3_20260608T211500.jpg,vehicle_prompts,done,2026-06-09T13:29:20.679144+00:00,,1.911,1.911,0,nvidia/cosmos-reason2-8b,"<0.0> 

[GENERAL VEHICLE SAFETY]
1. Not visible
2. Not visible

[COLLISIONS & NEAR MISSES]
3. Not visible
4. Not visible

[PARKING & ACCESS VIOLATIONS]
5. Not visible
6. Not visible

[SUSPICIOUS VEHICLE BEHAVIOR]
7. Not visible
8. Not visible

[VEHICLE IDENTIFICATION]
9. Not visible
10. Not visible
11. Not visible

[PEDESTRIAN & CHILD SAFETY]
12. Not visible
13. Not visible
14. Not visible"
vlm_runs/2026-06-08,AP_Gate_7_Camera_3_20260608T214500.jpg,minio,,vlm_runs/2026-06-08/AP_Gate_7_Camera_3/AP_Gate_7_Camera_3_20260608T214500.jpg,vehicle_prompts,done,2026-06-09T13:29:20.679151+00:00,,1.491,1.491,0,nvidia/cosmos-reason2-8b,"<0.0> 
1. Not visible
2. Not visible
3. Not visible
4. Not visible
5. Not visible
6. Not visible
7. Not visible
8. Not visible
9. Not visible
10. Not visible
11. Not visible
12. Not visible
13. Not visible
14. Not visible"
vlm_runs/2026-06-08,AP_Gate_7_Camera_3_20260608T223000.jpg,minio,,vlm_runs/2026-06-08/AP_Gate_7_Camera_3/AP_Gate_7_Camera_3_20260608T223000.jpg,vehicle_prompts,done,2026-06-09T13:29:20.679161+00:00,,1.277,1.277,0,nvidia/cosmos-reason2-8b,"<0.0> 
1. Not visible
2. Not visible
3. Not visible
4. Not visible
5. Not visible
6. Not visible
7. Not visible
8. Not visible
9. Not visible
10. Not visible
11. Not visible
12. Not visible
13. Not visible
14. Not visible"
vlm_runs/2026-06-08,AP_Gate_7_Camera_3_20260608T224500.jpg,minio,,vlm_runs/2026-06-08/AP_Gate_7_Camera_3/AP_Gate_7_Camera_3_20260608T224500.jpg,vehicle_prompts,done,2026-06-09T13:29:20.679165+00:00,,1.292,1.292,0,nvidia/cosmos-reason2-8b,"<0.0> 
1. Not visible
2. Not visible
3. Not visible
4. Not visible
5. Not visible
6. Not visible
7. Not visible
8. Not visible
9. Not visible
10. Not visible
11. Not visible
12. Not visible
13. Not visible
14. Not visible"
vlm_runs/2026-06-08,AP_Gate_7_Camera_3_20260608T210000.jpg,minio,,vlm_runs/2026-06-08/AP_Gate_7_Camera_3/AP_Gate_7_Camera_3_20260608T210000.jpg,vehicle_prompts,done,2026-06-09T13:29:20.679141+00:00,,2.56,2.56,0,nvidia/cosmos-reason2-8b,"<0.0> 
[GENERAL VEHICLE SAFETY]
1. Not visible
2. Not visible

[COLLISIONS & NEAR MISSES]
3. Not visible
4. Not visible

[PARKING & ACCESS VIOLATIONS]
5. Not visible
6. Not visible

[SUSPICIOUS VEHICLE BEHAVIOR]
7. Not visible
8. Not visible

[VEHICLE IDENTIFICATION]
9. Not visible
10. Not visible
11. Not visible

[PEDESTRIAN & CHILD SAFETY]
12. Not visible
13. Not visible
14. Not visible"
vlm_runs/2026-06-08,AP_Gate_7_Camera_3_20260608T220000.jpg,minio,,vlm_runs/2026-06-08/AP_Gate_7_Camera_3/AP_Gate_7_Camera_3_20260608T220000.jpg,vehicle_prompts,done,2026-06-09T13:29:20.679154+00:00,,1.941,1.941,0,nvidia/cosmos-reason2-8b,"<0.0> 

[GENERAL VEHICLE SAFETY]
1. Not visible
2. Not visible

[COLLISIONS & NEAR MISSES]
3. Not visible
4. Not visible

[PARKING & ACCESS VIOLATIONS]
5. Not visible
6. Not visible

[SUSPICIOUS VEHICLE BEHAVIOR]
7. Not visible
8. Not visible

[VEHICLE IDENTIFICATION]
9. Not visible
10. Not visible
11. Not visible

[PEDESTRIAN & CHILD SAFETY]
12. Not visible
13. Not visible
14. Not visible"
vlm_runs/2026-06-08,AP_Gate_7_Camera_3_20260608T221500.jpg,minio,,vlm_runs/2026-06-08/AP_Gate_7_Camera_3/AP_Gate_7_Camera_3_20260608T221500.jpg,vehicle_prompts,done,2026-06-09T13:29:20.679158+00:00,,2.145,2.145,0,nvidia/cosmos-reason2-8b,0.0 Not visible
vlm_runs/2026-06-08,AP_Gate_7_Camera_3_20260608T233000.jpg,minio,,vlm_runs/2026-06-08/AP_Gate_7_Camera_3/AP_Gate_7_Camera_3_20260608T233000.jpg,vehicle_prompts,done,2026-06-09T13:29:20.679175+00:00,,1.131,1.131,0,nvidia/cosmos-reason2-8b,"<0.0> 
1. Not visible
2. Not visible
3. Not visible
4. Not visible
5. Not visible
6. Not visible
7. Not visible
8. Not visible
9. Not visible
10. Not visible
11. Not visible
12. Not visible
13. Not visible
14. Not visible"
vlm_runs/2026-06-08,AP_Gate_7_Camera_3_20260608T231500.jpg,minio,,vlm_runs/2026-06-08/AP_Gate_7_Camera_3/AP_Gate_7_Camera_3_20260608T231500.jpg,vehicle_prompts,done,2026-06-09T13:29:20.679172+00:00,,1.16,1.16,0,nvidia/cosmos-reason2-8b,"<0.0> 
All vehicles are at safe speed in designated areas.
No vehicles are at clearly unsafe speed.
No vehicle collisions with another vehicle, city asset, or pedestrian are observed.
No near-misses are observed.
No vehicles are in fire lanes, emergency corridors, or no-stopping zones.
No vehicles are in wrong-way or restricted areas.
No vehicles are making threatening maneuvers or pursuing pedestrians.
No suspicious contacts with parked vehicles are observed.
No vehicles with no or obscured plates are visible.
No plate numbers are visible.
No vehicle colors, makes, or models are visible.
No individuals struck or injured by vehicles are observed.
No near misses of individuals are observed.
No children struck or at risk are observed."
vlm_runs/2026-06-08,AP_Gate_7_Camera_3_20260608T234500.jpg,minio,,vlm_runs/2026-06-08/AP_Gate_7_Camera_3/AP_Gate_7_Camera_3_20260608T234500.jpg,vehicle_prompts,done,2026-06-09T13:29:20.679179+00:00,,0.998,0.998,0,nvidia/cosmos-reason2-8b,0.0 - Not visible
vlm_runs/2026-06-08,AP_Gate_7_Camera_3_20260608T230000.jpg,minio,,vlm_runs/2026-06-08/AP_Gate_7_Camera_3/AP_Gate_7_Camera_3_20260608T230000.jpg,vehicle_prompts,done,2026-06-09T13:29:20.679168+00:00,,1.609,1.609,0,nvidia/cosmos-reason2-8b,"<0.0> 
1. Not visible
2. Not visible
3. Not visible
4. Not visible
5. Not visible
6. Not visible
7. Not visible
8. Not visible
9. Not visible
10. Not visible
11. Not visible
12. Not visible
13. Not visible
14. Not visible"
vlm_runs/2026-06-08,LP_Farmers_Market_Restroom_2_20260608T003000.jpg,minio,,vlm_runs/2026-06-08/LP_Farmers_Market_Restroom_2/LP_Farmers_Market_Restroom_2_20260608T003000.jpg,vehicle_prompts,done,2026-06-09T14:30:40.169939+00:00,,1.029,1.029,0,nvidia/cosmos-reason2-8b,"<0.0> 
1. Not visible
2. Not visible
3. Not visible
4. Not visible
5. Not visible
6. Not visible
7. Not visible
8. Not visible
9. Not visible
10. Not visible
11. Not visible
12. Not visible
13. Not visible
14. Not visible"
vlm_runs/2026-06-08,LP_Farmers_Market_Restroom_2_20260608T000000.jpg,minio,,vlm_runs/2026-06-08/LP_Farmers_Market_Restroom_2/LP_Farmers_Market_Restroom_2_20260608T000000.jpg,vehicle_prompts,done,2026-06-09T14:30:40.169930+00:00,,1.461,1.461,0,nvidia/cosmos-reason2-8b,Visible timestamps: 0.0
vlm_runs/2026-06-08,LP_Farmers_Market_Restroom_2_20260608T011500.jpg,minio,,vlm_runs/2026-06-08/LP_Farmers_Market_Restroom_2/LP_Farmers_Market_Restroom_2_20260608T011500.jpg,vehicle_prompts,done,2026-06-09T14:30:40.169952+00:00,,0.945,0.945,0,nvidia/cosmos-reason2-8b,"<0.0> 
[GENERAL VEHICLE SAFETY]
1. Not visible
2. Not visible

[COLLISIONS & NEAR MISSES]
3. Not visible
4. Not visible

[PARKING & ACCESS VIOLATIONS]
5. Not visible
6. Not visible

[SUSPICIOUS VEHICLE BEHAVIOR]
7. Not visible
8. Not visible

[VEHICLE IDENTIFICATION]
9. Not visible
10. Not visible
11. Not visible

[PEDESTRIAN & CHILD SAFETY]
12. Not visible
13. Not visible
14. Not visible"
vlm_runs/2026-06-08,LP_Farmers_Market_Restroom_2_20260608T013000.jpg,minio,,vlm_runs/2026-06-08/LP_Farmers_Market_Restroom_2/LP_Farmers_Market_Restroom_2_20260608T013000.jpg,vehicle_prompts,done,2026-06-09T14:30:40.169957+00:00,,0.934,0.934,0,nvidia/cosmos-reason2-8b,Visible timestamps: 0.0
vlm_runs/2026-06-08,LP_Farmers_Market_Restroom_2_20260608T001500.jpg,minio,,vlm_runs/2026-06-08/LP_Farmers_Market_Restroom_2/LP_Farmers_Market_Restroom_2_20260608T001500.jpg,vehicle_prompts,done,2026-06-09T14:30:40.169935+00:00,,1.841,1.841,0,nvidia/cosmos-reason2-8b,"<0.0> 
[GENERAL VEHICLE SAFETY]
1. Not visible
2. Not visible

[COLLISIONS & NEAR MISSES]
3. Not visible
4. Not visible

[PARKING & ACCESS VIOLATIONS]
5. Not visible
6. Not visible

[SUSPICIOUS VEHICLE BEHAVIOR]
7. Not visible
8. Not visible

[VEHICLE IDENTIFICATION]
9. Not visible
10. Not visible
11. Not visible

[PEDESTRIAN & CHILD SAFETY]
12. Not visible
13. Not visible
14. Not visible"
vlm_runs/2026-06-08,LP_Farmers_Market_Restroom_2_20260608T010000.jpg,minio,,vlm_runs/2026-06-08/LP_Farmers_Market_Restroom_2/LP_Farmers_Market_Restroom_2_20260608T010000.jpg,vehicle_prompts,done,2026-06-09T14:30:40.169948+00:00,,1.289,1.289,0,nvidia/cosmos-reason2-8b,"<0.0> 
[GENERAL VEHICLE SAFETY]
1. Not visible
2. Not visible

[COLLISIONS & NEAR MISSES]
3. Not visible
4. Not visible

[PARKING & ACCESS VIOLATIONS]
5. Not visible
6. Not visible

[SUSPICIOUS VEHICLE BEHAVIOR]
7. Not visible
8. Not visible

[VEHICLE IDENTIFICATION]
9. Not visible
10. Not visible
11. Not visible

[PEDESTRIAN & CHILD SAFETY]
12. Not visible
13. Not visible
14. Not visible"
vlm_runs/2026-06-08,LP_Farmers_Market_Restroom_2_20260608T004500.jpg,minio,,vlm_runs/2026-06-08/LP_Farmers_Market_Restroom_2/LP_Farmers_Market_Restroom_2_20260608T004500.jpg,vehicle_prompts,done,2026-06-09T14:30:40.169943+00:00,,1.661,1.661,0,nvidia/cosmos-reason2-8b,"<0.0> 
1. Not visible
2. Not visible
3. Not visible
4. Not visible
5. Not visible
6. Not visible
7. Not visible
8. Not visible
9. Not visible
10. Not visible
11. Not visible
12. Not visible
13. Not visible
14. Not visible"
vlm_runs/2026-06-08,LP_Farmers_Market_Restroom_2_20260608T021500.jpg,minio,,vlm_runs/2026-06-08/LP_Farmers_Market_Restroom_2/LP_Farmers_Market_Restroom_2_20260608T021500.jpg,vehicle_prompts,done,2026-06-09T14:30:40.169971+00:00,,0.948,0.948,0,nvidia/cosmos-reason2-8b,"<0.0> 
[GENERAL VEHICLE SAFETY]
1. Not visible
2. Not visible

[COLLISIONS & NEAR MISSES]
3. Not visible
4. Not visible

[PARKING & ACCESS VIOLATIONS]
5. Not visible
6. Not visible

[SUSPICIOUS VEHICLE BEHAVIOR]
7. Not visible
8. Not visible

[VEHICLE IDENTIFICATION]
9. Not visible
10. Not visible
11. Not visible

[PEDESTRIAN & CHILD SAFETY]
12. Not visible
13. Not visible
14. Not visible"
vlm_runs/2026-06-08,LP_Farmers_Market_Restroom_2_20260608T020000.jpg,minio,,vlm_runs/2026-06-08/LP_Farmers_Market_Restroom_2/LP_Farmers_Market_Restroom_2_20260608T020000.jpg,vehicle_prompts,done,2026-06-09T14:30:40.169966+00:00,,1.214,1.214,0,nvidia/cosmos-reason2-8b,"Visible timestamps: <0.0> 

[GENERAL VEHICLE SAFETY]
1. Not visible
2. Not visible

[COLLISIONS & NEAR MISSES]
3. Not visible
4. Not visible

[PARKING & ACCESS VIOLATIONS]
5. Not visible
6. Not visible

[SUSPICIOUS VEHICLE BEHAVIOR]
7. Not visible
8. Not visible

[VEHICLE IDENTIFICATION]
9. Not visible
10. Not visible
11. Not visible

[PEDESTRIAN & CHILD SAFETY]
12. Not visible
13. Not visible
14. Not visible"
vlm_runs/2026-06-08,LP_Farmers_Market_Restroom_2_20260608T030000.jpg,minio,,vlm_runs/2026-06-08/LP_Farmers_Market_Restroom_2/LP_Farmers_Market_Restroom_2_20260608T030000.jpg,vehicle_prompts,done,2026-06-09T14:30:40.169983+00:00,,1.044,1.044,0,nvidia/cosmos-reason2-8b,"<0.0> 
[GENERAL VEHICLE SAFETY]
1. Not visible
2. Not visible

[COLLISIONS & NEAR MISSES]
3. Not visible
4. Not visible

[PARKING & ACCESS VIOLATIONS]
5. Not visible
6. Not visible

[SUSPICIOUS VEHICLE BEHAVIOR]
7. Not visible
8. Not visible

[VEHICLE IDENTIFICATION]
9. Not visible
10. Not visible
11. Not visible

[PEDESTRIAN & CHILD SAFETY]
12. Not visible
13. Not visible
14. Not visible"
vlm_runs/2026-06-08,LP_Farmers_Market_Restroom_2_20260608T031500.jpg,minio,,vlm_runs/2026-06-08/LP_Farmers_Market_Restroom_2/LP_Farmers_Market_Restroom_2_20260608T031500.jpg,vehicle_prompts,done,2026-06-09T14:30:40.169987+00:00,,0.945,0.945,0,nvidia/cosmos-reason2-8b,"<0.0> 
GENERAL VEHICLE SAFETY
1. Not visible
2. Not visible

COLLISIONS & NEAR MISSES
3. Not visible
4. Not visible

PARKING & ACCESS VIOLATIONS
5. Not visible
6. Not visible

SUSPICIOUS VEHICLE BEHAVIOR
7. Not visible
8. Not visible

VEHICLE IDENTIFICATION
9. Not visible
10. Not visible
11. Not visible

PEDESTRIAN & CHILD SAFETY
12. Not visible
13. Not visible
14. Not visible"
vlm_runs/2026-06-08,LP_Farmers_Market_Restroom_2_20260608T034500.jpg,minio,,vlm_runs/2026-06-08/LP_Farmers_Market_Restroom_2/LP_Farmers_Market_Restroom_2_20260608T034500.jpg,vehicle_prompts,done,2026-06-09T14:30:40.169996+00:00,,0.567,0.567,0,nvidia/cosmos-reason2-8b,"<0.0> 
1. Not visible
2. Not visible
3. Not visible
4. Not visible
5. Not visible
6. Not visible
7. Not visible
8. Not visible
9. Not visible
10. Not visible
11. Not visible
12. Not visible
13. Not visible
14. Not visible"
vlm_runs/2026-06-08,LP_Farmers_Market_Restroom_2_20260608T033000.jpg,minio,,vlm_runs/2026-06-08/LP_Farmers_Market_Restroom_2/LP_Farmers_Market_Restroom_2_20260608T033000.jpg,vehicle_prompts,done,2026-06-09T14:30:40.169992+00:00,,1.374,1.374,0,nvidia/cosmos-reason2-8b,"<0.0> 
[GENERAL VEHICLE SAFETY]
1. Not visible
2. Not visible

[COLLISIONS & NEAR MISSES]
3. Not visible
4. Not visible

[PARKING & ACCESS VIOLATIONS]
5. Not visible
6. Not visible

[SUSPICIOUS VEHICLE BEHAVIOR]
7. Not visible
8. Not visible

[VEHICLE IDENTIFICATION]
9. Not visible
10. Not visible
11. Not visible

[PEDESTRIAN & CHILD SAFETY]
12. Not visible
13. Not visible
14. Not visible"
vlm_runs/2026-06-08,LP_Farmers_Market_Restroom_2_20260608T014500.jpg,minio,,vlm_runs/2026-06-08/LP_Farmers_Market_Restroom_2/LP_Farmers_Market_Restroom_2_20260608T014500.jpg,vehicle_prompts,done,2026-06-09T14:30:40.169962+00:00,,2.48,2.48,0,nvidia/cosmos-reason2-8b,"<0.0> 
1. Not visible
2. Not visible
3. Not visible
4. Not visible
5. Not visible
6. Not visible
7. Not visible
8. Not visible
9. Not visible
10. Not visible
11. Not visible
12. Not visible
13. Not visible
14. Not visible"
vlm_runs/2026-06-08,LP_Farmers_Market_Restroom_2_20260608T023000.jpg,minio,,vlm_runs/2026-06-08/LP_Farmers_Market_Restroom_2/LP_Farmers_Market_Restroom_2_20260608T023000.jpg,vehicle_prompts,done,2026-06-09T14:30:40.169975+00:00,,2.126,2.126,0,nvidia/cosmos-reason2-8b,"<0.0> 

[GENERAL VEHICLE SAFETY]
1. Not visible
2. Not visible

[COLLISIONS & NEAR MISSES]
3. Not visible
4. Not visible

[PARKING & ACCESS VIOLATIONS]
5. Not visible
6. Not visible

[SUSPICIOUS VEHICLE BEHAVIOR]
7. Not visible
8. Not visible

[VEHICLE IDENTIFICATION]
9. Not visible
10. Not visible
11. Not visible

[PEDESTRIAN & CHILD SAFETY]
12. Not visible
13. Not visible
14. Not visible"
vlm_runs/2026-06-08,LP_Farmers_Market_Restroom_2_20260608T040000.jpg,minio,,vlm_runs/2026-06-08/LP_Farmers_Market_Restroom_2/LP_Farmers_Market_Restroom_2_20260608T040000.jpg,vehicle_prompts,done,2026-06-09T14:30:40.170001+00:00,,1.484,1.484,0,nvidia/cosmos-reason2-8b,"<0.0> 
[GENERAL VEHICLE SAFETY]
1. Not visible
2. Not visible

[COLLISIONS & NEAR MISSES]
3. Not visible
4. Not visible

[PARKING & ACCESS VIOLATIONS]
5. Not visible
6. Not visible

[SUSPICIOUS VEHICLE BEHAVIOR]
7. Not visible
8. Not visible

[VEHICLE IDENTIFICATION]
9. Not visible
10. Not visible
11. Not visible

[PEDESTRIAN & CHILD SAFETY]
12. Not visible
13. Not visible
14. Not visible"
vlm_runs/2026-06-08,LP_Farmers_Market_Restroom_2_20260608T041500.jpg,minio,,vlm_runs/2026-06-08/LP_Farmers_Market_Restroom_2/LP_Farmers_Market_Restroom_2_20260608T041500.jpg,vehicle_prompts,done,2026-06-09T14:30:40.170006+00:00,,1.727,1.727,0,nvidia/cosmos-reason2-8b,"Visible timestamps: <0.0>

Not visible"
vlm_runs/2026-06-08,LP_Farmers_Market_Restroom_2_20260608T024500.jpg,minio,,vlm_runs/2026-06-08/LP_Farmers_Market_Restroom_2/LP_Farmers_Market_Restroom_2_20260608T024500.jpg,vehicle_prompts,done,2026-06-09T14:30:40.169979+00:00,,3.423,3.423,0,nvidia/cosmos-reason2-8b,"<0.0> 

[GENERAL VEHICLE SAFETY]
1. Not visible
2. Not visible

[COLLISIONS & NEAR MISSES]
3. Not visible
4. Not visible

[PARKING & ACCESS VIOLATIONS]
5. Not visible
6. Not visible

[SUSPICIOUS VEHICLE BEHAVIOR]
7. Not visible
8. Not visible

[VEHICLE IDENTIFICATION]
9. Not visible
10. Not visible
11. Not visible

[PEDESTRIAN & CHILD SAFETY]
12. Not visible
13. Not visible
14. Not visible"
vlm_runs/2026-06-08,LP_Farmers_Market_Restroom_2_20260608T044500.jpg,minio,,vlm_runs/2026-06-08/LP_Farmers_Market_Restroom_2/LP_Farmers_Market_Restroom_2_20260608T044500.jpg,vehicle_prompts,done,2026-06-09T14:30:40.170015+00:00,,2.334,2.334,0,nvidia/cosmos-reason2-8b,"<0.0> 
1. Not visible
2. Not visible
3. Not visible
4. Not visible
5. Not visible
6. Not visible
7. Not visible
8. Not visible
9. Not visible
10. Not visible
11. Not visible
12. Not visible
13. Not visible
14. Not visible"
vlm_runs/2026-06-08,LP_Farmers_Market_Restroom_2_20260608T050000.jpg,minio,,vlm_runs/2026-06-08/LP_Farmers_Market_Restroom_2/LP_Farmers_Market_Restroom_2_20260608T050000.jpg,vehicle_prompts,done,2026-06-09T14:30:40.170019+00:00,,1.984,1.984,0,nvidia/cosmos-reason2-8b,"Visible timestamps: <0.0> 

[GENERAL VEHICLE SAFETY]
1. Not visible
2. Not visible

[COLLISIONS & NEAR MISSES]
3. Not visible
4. Not visible

[PARKING & ACCESS VIOLATIONS]
5. Not visible
6. Not visible

[SUSPICIOUS VEHICLE BEHAVIOR]
7. Not visible
8. Not visible

[VEHICLE IDENTIFICATION]
9. Not visible
10. Not visible
11. Not visible

[PEDESTRIAN & CHILD SAFETY]
12. Not visible
13. Not visible
14. Not visible"
vlm_runs/2026-06-08,LP_Farmers_Market_Restroom_2_20260608T053000.jpg,minio,,vlm_runs/2026-06-08/LP_Farmers_Market_Restroom_2/LP_Farmers_Market_Restroom_2_20260608T053000.jpg,vehicle_prompts,done,2026-06-09T14:30:40.170028+00:00,,1.691,1.691,0,nvidia/cosmos-reason2-8b,"<0.0> 
1. Not visible
2. Not visible
3. Not visible
4. Not visible
5. Not visible
6. Not visible
7. Not visible
8. Not visible
9. Not visible
10. Not visible
11. Not visible
12. Not visible
13. Not visible
14. Not visible"
vlm_runs/2026-06-08,LP_Farmers_Market_Restroom_2_20260608T043000.jpg,minio,,vlm_runs/2026-06-08/LP_Farmers_Market_Restroom_2/LP_Farmers_Market_Restroom_2_20260608T043000.jpg,vehicle_prompts,done,2026-06-09T14:30:40.170011+00:00,,2.646,2.646,0,nvidia/cosmos-reason2-8b,"Visible timestamps: <0.0> 

[GENERAL VEHICLE SAFETY]
1. Not visible
2. Not visible

[COLLISIONS & NEAR MISSES]
3. Not visible
4. Not visible

[PARKING & ACCESS VIOLATIONS]
5. Not visible
6. Not visible

[SUSPICIOUS VEHICLE BEHAVIOR]
7. Not visible
8. Not visible

[VEHICLE IDENTIFICATION]
9. Not visible
10. Not visible
11. Not visible

[PEDESTRIAN & CHILD SAFETY]
12. Not visible
13. Not visible
14. Not visible"
vlm_runs/2026-06-08,LP_Farmers_Market_Restroom_2_20260608T051500.jpg,minio,,vlm_runs/2026-06-08/LP_Farmers_Market_Restroom_2/LP_Farmers_Market_Restroom_2_20260608T051500.jpg,vehicle_prompts,done,2026-06-09T14:30:40.170024+00:00,,2.208,2.208,0,nvidia/cosmos-reason2-8b,"Timestamp: <0.0> 
1. Not visible
2. Not visible
3. Not visible
4. Not visible
5. Not visible
6. Not visible
7. Not visible
8. Not visible
9. Not visible
10. Not visible
11. Not visible
12. Not visible
13. Not visible
14. Not visible"
vlm_runs/2026-06-08,LP_Farmers_Market_Restroom_2_20260608T054500.jpg,minio,,vlm_runs/2026-06-08/LP_Farmers_Market_Restroom_2/LP_Farmers_Market_Restroom_2_20260608T054500.jpg,vehicle_prompts,done,2026-06-09T14:30:40.170032+00:00,,2.108,2.108,0,nvidia/cosmos-reason2-8b,"<0.0> 
[GENERAL VEHICLE SAFETY]
1. Not visible
2. Not visible

[COLLISIONS & NEAR MISSES]
3. Not visible
4. Not visible

[PARKING & ACCESS VIOLATIONS]
5. Not visible
6. Not visible

[SUSPICIOUS VEHICLE BEHAVIOR]
7. Not visible
8. Not visible

[VEHICLE IDENTIFICATION]
9. Not visible
10. Not visible
11. Not visible

[PEDESTRIAN & CHILD SAFETY]
12. Not visible
13. Not visible
14. Not visible"
vlm_runs/2026-06-08,LP_Farmers_Market_Restroom_2_20260608T063000.jpg,minio,,vlm_runs/2026-06-08/LP_Farmers_Market_Restroom_2/LP_Farmers_Market_Restroom_2_20260608T063000.jpg,vehicle_prompts,done,2026-06-09T14:30:40.170046+00:00,,0.975,0.975,0,nvidia/cosmos-reason2-8b,"<0.0> 
[GENERAL VEHICLE SAFETY]
1. Not visible
2. Not visible

[COLLISIONS & NEAR MISSES]
3. Not visible
4. Not visible

[PARKING & ACCESS VIOLATIONS]
5. Not visible
6. Not visible

[SUSPICIOUS VEHICLE BEHAVIOR]
7. Not visible
8. Not visible

[VEHICLE IDENTIFICATION]
9. Not visible
10. Not visible
11. Not visible

[PEDESTRIAN & CHILD SAFETY]
12. Not visible
13. Not visible
14. Not visible"
vlm_runs/2026-06-08,LP_Farmers_Market_Restroom_2_20260608T060000.jpg,minio,,vlm_runs/2026-06-08/LP_Farmers_Market_Restroom_2/LP_Farmers_Market_Restroom_2_20260608T060000.jpg,vehicle_prompts,done,2026-06-09T14:30:40.170037+00:00,,1.614,1.614,0,nvidia/cosmos-reason2-8b,"<0.0> 

[GENERAL VEHICLE SAFETY]
1. Not visible
2. Not visible

[COLLISIONS & NEAR MISSES]
3. Not visible
4. Not visible

[PARKING & ACCESS VIOLATIONS]
5. Not visible
6. Not visible

[SUSPICIOUS VEHICLE BEHAVIOR]
7. Not visible
8. Not visible

[VEHICLE IDENTIFICATION]
9. Not visible
10. Not visible
11. Not visible

[PEDESTRIAN & CHILD SAFETY]
12. Not visible
13. Not visible
14. Not visible"
vlm_runs/2026-06-08,LP_Farmers_Market_Restroom_2_20260608T071500.jpg,minio,,vlm_runs/2026-06-08/LP_Farmers_Market_Restroom_2/LP_Farmers_Market_Restroom_2_20260608T071500.jpg,vehicle_prompts,done,2026-06-09T14:30:40.170059+00:00,,0.978,0.978,0,nvidia/cosmos-reason2-8b,"<0.0> 

[GENERAL VEHICLE SAFETY]
1. Not visible
2. Not visible

[COLLISIONS & NEAR MISSES]
3. Not visible
4. Not visible

[PARKING & ACCESS VIOLATIONS]
5. Not visible
6. Not visible

[SUSPICIOUS VEHICLE BEHAVIOR]
7. Not visible
8. Not visible

[VEHICLE IDENTIFICATION]
9. Not visible
10. Not visible
11. Not visible

[PEDESTRIAN & CHILD SAFETY]
12. Not visible
13. Not visible
14. Not visible"
vlm_runs/2026-06-08,LP_Farmers_Market_Restroom_2_20260608T064500.jpg,minio,,vlm_runs/2026-06-08/LP_Farmers_Market_Restroom_2/LP_Farmers_Market_Restroom_2_20260608T064500.jpg,vehicle_prompts,done,2026-06-09T14:30:40.170050+00:00,,1.47,1.47,0,nvidia/cosmos-reason2-8b,"<0.0> 
[GENERAL VEHICLE SAFETY]
1. Not visible
2. Not visible

[COLLISIONS & NEAR MISSES]
3. Not visible
4. Not visible

[PARKING & ACCESS VIOLATIONS]
5. Not visible
6. Not visible

[SUSPICIOUS VEHICLE BEHAVIOR]
7. Not visible
8. Not visible

[VEHICLE IDENTIFICATION]
9. Not visible
10. Not visible
11. Not visible

[PEDESTRIAN & CHILD SAFETY]
12. Not visible
13. Not visible
14. Not visible"
vlm_runs/2026-06-08,LP_Farmers_Market_Restroom_2_20260608T074500.jpg,minio,,vlm_runs/2026-06-08/LP_Farmers_Market_Restroom_2/LP_Farmers_Market_Restroom_2_20260608T074500.jpg,vehicle_prompts,done,2026-06-09T14:30:40.170067+00:00,,0.995,0.995,0,nvidia/cosmos-reason2-8b,"<0.0> 

[GENERAL VEHICLE SAFETY]
1. Not visible
2. Not visible

[COLLISIONS & NEAR MISSES]
3. Not visible
4. Not visible

[PARKING & ACCESS VIOLATIONS]
5. Not visible
6. Not visible

[SUSPICIOUS VEHICLE BEHAVIOR]
7. Not visible
8. Not visible

[VEHICLE IDENTIFICATION]
9. Not visible
10. Not visible
11. Not visible

[PEDESTRIAN & CHILD SAFETY]
12. Not visible
13. Not visible
14. Not visible"
vlm_runs/2026-06-08,LP_Farmers_Market_Restroom_2_20260608T070000.jpg,minio,,vlm_runs/2026-06-08/LP_Farmers_Market_Restroom_2/LP_Farmers_Market_Restroom_2_20260608T070000.jpg,vehicle_prompts,done,2026-06-09T14:30:40.170055+00:00,,1.724,1.724,0,nvidia/cosmos-reason2-8b,"<0.0> 
[GENERAL VEHICLE SAFETY]
1. Not visible
2. Not visible

[COLLISIONS & NEAR MISSES]
3. Not visible
4. Not visible

[PARKING & ACCESS VIOLATIONS]
5. Not visible
6. Not visible

[SUSPICIOUS VEHICLE BEHAVIOR]
7. Not visible
8. Not visible

[VEHICLE IDENTIFICATION]
9. Not visible
10. Not visible
11. Not visible

[PEDESTRIAN & CHILD SAFETY]
12. Not visible
13. Not visible
14. Not visible"
vlm_runs/2026-06-08,LP_Farmers_Market_Restroom_2_20260608T080000.jpg,minio,,vlm_runs/2026-06-08/LP_Farmers_Market_Restroom_2/LP_Farmers_Market_Restroom_2_20260608T080000.jpg,vehicle_prompts,done,2026-06-09T14:30:40.170071+00:00,,1.102,1.102,0,nvidia/cosmos-reason2-8b,"<0.0> 
[GENERAL VEHICLE SAFETY]
1. Yes
2. No

[COLLISIONS & NEAR MISSES]
3. No
4. No

[PARKING & ACCESS VIOLATIONS]
5. No
6. No

[SUSPICIOUS VEHICLE BEHAVIOR]
7. No
8. No

[VEHICLE IDENTIFICATION]
9. No
10. Not visible
11. Not visible

[PEDESTRIAN & CHILD SAFETY]
12. No
13. No
14. No"
vlm_runs/2026-06-08,LP_Farmers_Market_Restroom_2_20260608T061500.jpg,minio,,vlm_runs/2026-06-08/LP_Farmers_Market_Restroom_2/LP_Farmers_Market_Restroom_2_20260608T061500.jpg,vehicle_prompts,done,2026-06-09T14:30:40.170042+00:00,,2.474,2.474,0,nvidia/cosmos-reason2-8b,"<0.0> 

[GENERAL VEHICLE SAFETY]
1. Not visible
2. Not visible

[COLLISIONS & NEAR MISSES]
3. Not visible
4. Not visible

[PARKING & ACCESS VIOLATIONS]
5. Not visible
6. Not visible

[SUSPICIOUS VEHICLE BEHAVIOR]
7. Not visible
8. Not visible

[VEHICLE IDENTIFICATION]
9. Not visible
10. Not visible
11. Not visible

[PEDESTRIAN & CHILD SAFETY]
12. Not visible
13. Not visible
14. Not visible"
vlm_runs/2026-06-08,LP_Farmers_Market_Restroom_2_20260608T073000.jpg,minio,,vlm_runs/2026-06-08/LP_Farmers_Market_Restroom_2/LP_Farmers_Market_Restroom_2_20260608T073000.jpg,vehicle_prompts,done,2026-06-09T14:30:40.170063+00:00,,2.113,2.113,0,nvidia/cosmos-reason2-8b,"<0.0> 
[GENERAL VEHICLE SAFETY]
1. Not visible
2. Not visible

[COLLISIONS & NEAR MISSES]
3. Not visible
4. Not visible

[PARKING & ACCESS VIOLATIONS]
5. Not visible
6. Not visible

[SUSPICIOUS VEHICLE BEHAVIOR]
7. Not visible
8. Not visible

[VEHICLE IDENTIFICATION]
9. Not visible
10. Not visible
11. Not visible

[PEDESTRIAN & CHILD SAFETY]
12. Not visible
13. Not visible
14. Not visible"
vlm_runs/2026-06-08,LP_Farmers_Market_Restroom_2_20260608T081500.jpg,minio,,vlm_runs/2026-06-08/LP_Farmers_Market_Restroom_2/LP_Farmers_Market_Restroom_2_20260608T081500.jpg,vehicle_prompts,done,2026-06-09T14:30:40.170076+00:00,,1.577,1.577,0,nvidia/cosmos-reason2-8b,"<0.0> 
[GENERAL VEHICLE SAFETY]
1. Not visible
2. Not visible

[COLLISIONS & NEAR MISSES]
3. Not visible
4. Not visible

[PARKING & ACCESS VIOLATIONS]
5. Not visible
6. Not visible

[SUSPICIOUS VEHICLE BEHAVIOR]
7. Not visible
8. Not visible

[VEHICLE IDENTIFICATION]
9. Not visible
10. Not visible
11. Not visible

[PEDESTRIAN & CHILD SAFETY]
12. Not visible
13. Not visible
14. Not visible"
vlm_runs/2026-06-08,LP_Farmers_Market_Restroom_2_20260608T083000.jpg,minio,,vlm_runs/2026-06-08/LP_Farmers_Market_Restroom_2/LP_Farmers_Market_Restroom_2_20260608T083000.jpg,vehicle_prompts,done,2026-06-09T14:30:40.170177+00:00,,1.385,1.385,0,nvidia/cosmos-reason2-8b,"<0.0> 
[GENERAL VEHICLE SAFETY]
1. Not visible
2. Not visible

[COLLISIONS & NEAR MISSES]
3. Not visible
4. Not visible

[PARKING & ACCESS VIOLATIONS]
5. Not visible
6. Not visible

[SUSPICIOUS VEHICLE BEHAVIOR]
7. Not visible
8. Not visible

[VEHICLE IDENTIFICATION]
9. Not visible
10. Not visible
11. Not visible

[PEDESTRIAN & CHILD SAFETY]
12. Not visible
13. Not visible
14. Not visible"
vlm_runs/2026-06-08,LP_Farmers_Market_Restroom_2_20260608T093000.jpg,minio,,vlm_runs/2026-06-08/LP_Farmers_Market_Restroom_2/LP_Farmers_Market_Restroom_2_20260608T093000.jpg,vehicle_prompts,done,2026-06-09T14:30:40.170194+00:00,,0.716,0.716,0,nvidia/cosmos-reason2-8b,"<0.0> 
[GENERAL VEHICLE SAFETY]
1. Not visible
2. Not visible

[COLLISIONS & NEAR MISSES]
3. Not visible
4. Not visible

[PARKING & ACCESS VIOLATIONS]
5. Not visible
6. Not visible

[SUSPICIOUS VEHICLE BEHAVIOR]
7. Not visible
8. Not visible

[VEHICLE IDENTIFICATION]
9. Not visible
10. Not visible
11. Not visible

[PEDESTRIAN & CHILD SAFETY]
12. Not visible
13. Not visible
14. Not visible"
vlm_runs/2026-06-08,LP_Farmers_Market_Restroom_2_20260608T084500.jpg,minio,,vlm_runs/2026-06-08/LP_Farmers_Market_Restroom_2/LP_Farmers_Market_Restroom_2_20260608T084500.jpg,vehicle_prompts,done,2026-06-09T14:30:40.170182+00:00,,1.656,1.656,0,nvidia/cosmos-reason2-8b,"<0.0> 
[GENERAL VEHICLE SAFETY]
1. Not visible
2. Not visible

[COLLISIONS & NEAR MISSES]
3. Not visible
4. Not visible

[PARKING & ACCESS VIOLATIONS]
5. Not visible
6. Not visible

[SUSPICIOUS VEHICLE BEHAVIOR]
7. Not visible
8. Not visible

[VEHICLE IDENTIFICATION]
9. Not visible
10. Not visible
11. Not visible

[PEDESTRIAN & CHILD SAFETY]
12. Not visible
13. Not visible
14. Not visible"
vlm_runs/2026-06-08,LP_Farmers_Market_Restroom_2_20260608T094500.jpg,minio,,vlm_runs/2026-06-08/LP_Farmers_Market_Restroom_2/LP_Farmers_Market_Restroom_2_20260608T094500.jpg,vehicle_prompts,done,2026-06-09T14:30:40.170198+00:00,,0.938,0.938,0,nvidia/cosmos-reason2-8b,"<0.0> 
[GENERAL VEHICLE SAFETY]
1. Not visible
2. Not visible

[COLLISIONS & NEAR MISSES]
3. Not visible
4. Not visible

[PARKING & ACCESS VIOLATIONS]
5. Not visible
6. Not visible

[SUSPICIOUS VEHICLE BEHAVIOR]
7. Not visible
8. Not visible

[VEHICLE IDENTIFICATION]
9. Not visible
10. Not visible
11. Not visible

[PEDESTRIAN & CHILD SAFETY]
12. Not visible
13. Not visible
14. Not visible"
vlm_runs/2026-06-08,LP_Farmers_Market_Restroom_2_20260608T091500.jpg,minio,,vlm_runs/2026-06-08/LP_Farmers_Market_Restroom_2/LP_Farmers_Market_Restroom_2_20260608T091500.jpg,vehicle_prompts,done,2026-06-09T14:30:40.170190+00:00,,1.57,1.57,0,nvidia/cosmos-reason2-8b,"<0.0> 
[GENERAL VEHICLE SAFETY]
1. Not visible
2. Not visible

[COLLISIONS & NEAR MISSES]
3. Not visible
4. Not visible

[PARKING & ACCESS VIOLATIONS]
5. Not visible
6. Not visible

[SUSPICIOUS VEHICLE BEHAVIOR]
7. Not visible
8. Not visible

[VEHICLE IDENTIFICATION]
9. Not visible
10. Not visible
11. Not visible

[PEDESTRIAN & CHILD SAFETY]
12. Not visible
13. Not visible
14. Not visible"
vlm_runs/2026-06-08,LP_Farmers_Market_Restroom_2_20260608T090000.jpg,minio,,vlm_runs/2026-06-08/LP_Farmers_Market_Restroom_2/LP_Farmers_Market_Restroom_2_20260608T090000.jpg,vehicle_prompts,done,2026-06-09T14:30:40.170186+00:00,,1.894,1.894,0,nvidia/cosmos-reason2-8b,"<0.0> 
[GENERAL VEHICLE SAFETY]
1. Not visible
2. Not visible

[COLLISIONS & NEAR MISSES]
3. Not visible
4. Not visible

[PARKING & ACCESS VIOLATIONS]
5. Not visible
6. Not visible

[SUSPICIOUS VEHICLE BEHAVIOR]
7. Not visible
8. Not visible

[VEHICLE IDENTIFICATION]
9. Not visible
10. Not visible
11. Not visible

[PEDESTRIAN & CHILD SAFETY]
12. Not visible
13. Not visible
14. Not visible"
vlm_runs/2026-06-08,LP_Farmers_Market_Restroom_2_20260608T104500.jpg,minio,,vlm_runs/2026-06-08/LP_Farmers_Market_Restroom_2/LP_Farmers_Market_Restroom_2_20260608T104500.jpg,vehicle_prompts,done,2026-06-09T14:30:40.170216+00:00,,1.043,1.043,0,nvidia/cosmos-reason2-8b,"<0.0> 

[GENERAL VEHICLE SAFETY]
1. Not visible
2. Not visible

[COLLISIONS & NEAR MISSES]
3. Not visible
4. Not visible

[PARKING & ACCESS VIOLATIONS]
5. Not visible
6. Not visible

[SUSPICIOUS VEHICLE BEHAVIOR]
7. Not visible
8. Not visible

[VEHICLE IDENTIFICATION]
9. Not visible
10. Not visible
11. Not visible

[PEDESTRIAN & CHILD SAFETY]
12. Not visible
13. Not visible
14. Not visible"
vlm_runs/2026-06-08,LP_Farmers_Market_Restroom_2_20260608T103000.jpg,minio,,vlm_runs/2026-06-08/LP_Farmers_Market_Restroom_2/LP_Farmers_Market_Restroom_2_20260608T103000.jpg,vehicle_prompts,done,2026-06-09T14:30:40.170211+00:00,,1.46,1.46,0,nvidia/cosmos-reason2-8b,"<0.0> 
[GENERAL VEHICLE SAFETY]
1. Not visible
2. Not visible

[COLLISIONS & NEAR MISSES]
3. Not visible
4. Not visible

[PARKING & ACCESS VIOLATIONS]
5. Not visible
6. Not visible

[SUSPICIOUS VEHICLE BEHAVIOR]
7. Not visible
8. Not visible

[VEHICLE IDENTIFICATION]
9. Not visible
10. Not visible
11. Not visible

[PEDESTRIAN & CHILD SAFETY]
12. Not visible
13. Not visible
14. Not visible"
vlm_runs/2026-06-08,LP_Farmers_Market_Restroom_2_20260608T113000.jpg,minio,,vlm_runs/2026-06-08/LP_Farmers_Market_Restroom_2/LP_Farmers_Market_Restroom_2_20260608T113000.jpg,vehicle_prompts,done,2026-06-09T14:30:40.170229+00:00,,0.941,0.941,0,nvidia/cosmos-reason2-8b,"<0.0> 
[GENERAL VEHICLE SAFETY]
1. Not visible
2. Not visible

[COLLISIONS & NEAR MISSES]
3. Not visible
4. Not visible

[PARKING & ACCESS VIOLATIONS]
5. Not visible
6. Not visible

[SUSPICIOUS VEHICLE BEHAVIOR]
7. Not visible
8. Not visible

[VEHICLE IDENTIFICATION]
9. Not visible
10. Not visible
11. Not visible

[PEDESTRIAN & CHILD SAFETY]
12. Not visible
13. Not visible
14. Not visible"
vlm_runs/2026-06-08,LP_Farmers_Market_Restroom_2_20260608T110000.jpg,minio,,vlm_runs/2026-06-08/LP_Farmers_Market_Restroom_2/LP_Farmers_Market_Restroom_2_20260608T110000.jpg,vehicle_prompts,done,2026-06-09T14:30:40.170220+00:00,,1.266,1.266,0,nvidia/cosmos-reason2-8b,"<0.0> 

[GENERAL VEHICLE SAFETY]
1. Not visible
2. Not visible

[COLLISIONS & NEAR MISSES]
3. Not visible
4. Not visible

[PARKING & ACCESS VIOLATIONS]
5. Not visible
6. Not visible

[SUSPICIOUS VEHICLE BEHAVIOR]
7. Not visible
8. Not visible

[VEHICLE IDENTIFICATION]
9. Not visible
10. Not visible
11. Not visible

[PEDESTRIAN & CHILD SAFETY]
12. Not visible
13. Not visible
14. Not visible"
vlm_runs/2026-06-08,LP_Farmers_Market_Restroom_2_20260608T111500.jpg,minio,,vlm_runs/2026-06-08/LP_Farmers_Market_Restroom_2/LP_Farmers_Market_Restroom_2_20260608T111500.jpg,vehicle_prompts,done,2026-06-09T14:30:40.170225+00:00,,1.149,1.149,0,nvidia/cosmos-reason2-8b,"<0.0> 
[GENERAL VEHICLE SAFETY]
1. Not visible
2. Not visible

[COLLISIONS & NEAR MISSES]
3. Not visible
4. Not visible

[PARKING & ACCESS VIOLATIONS]
5. Not visible
6. Not visible

[SUSPICIOUS VEHICLE BEHAVIOR]
7. Not visible
8. Not visible

[VEHICLE IDENTIFICATION]
9. Not visible
10. Not visible
11. Not visible

[PEDESTRIAN & CHILD SAFETY]
12. Not visible
13. Not visible
14. Not visible"
vlm_runs/2026-06-08,LP_Farmers_Market_Restroom_2_20260608T101500.jpg,minio,,vlm_runs/2026-06-08/LP_Farmers_Market_Restroom_2/LP_Farmers_Market_Restroom_2_20260608T101500.jpg,vehicle_prompts,done,2026-06-09T14:30:40.170206+00:00,,2.365,2.365,0,nvidia/cosmos-reason2-8b,"<0.0> 
[GENERAL VEHICLE SAFETY]
1. Not visible
2. Not visible

[COLLISIONS & NEAR MISSES]
3. Not visible
4. Not visible

[PARKING & ACCESS VIOLATIONS]
5. Not visible
6. Not visible

[SUSPICIOUS VEHICLE BEHAVIOR]
7. Not visible
8. Not visible

[VEHICLE IDENTIFICATION]
9. Not visible
10. Not visible
11. Not visible

[PEDESTRIAN & CHILD SAFETY]
12. Not visible
13. Not visible
14. Not visible"
vlm_runs/2026-06-08,LP_Farmers_Market_Restroom_2_20260608T100000.jpg,minio,,vlm_runs/2026-06-08/LP_Farmers_Market_Restroom_2/LP_Farmers_Market_Restroom_2_20260608T100000.jpg,vehicle_prompts,done,2026-06-09T14:30:40.170202+00:00,,2.7,2.7,0,nvidia/cosmos-reason2-8b,"<0.0> 
[GENERAL VEHICLE SAFETY]
1. Not visible
2. Not visible

[COLLISIONS & NEAR MISSES]
3. Not visible
4. Not visible

[PARKING & ACCESS VIOLATIONS]
5. Not visible
6. Not visible

[SUSPICIOUS VEHICLE BEHAVIOR]
7. Not visible
8. Not visible

[VEHICLE IDENTIFICATION]
9. Not visible
10. Not visible
11. Not visible

[PEDESTRIAN & CHILD SAFETY]
12. Not visible
13. Not visible
14. Not visible"
vlm_runs/2026-06-08,LP_Farmers_Market_Restroom_2_20260608T120000.jpg,minio,,vlm_runs/2026-06-08/LP_Farmers_Market_Restroom_2/LP_Farmers_Market_Restroom_2_20260608T120000.jpg,vehicle_prompts,done,2026-06-09T14:30:40.170238+00:00,,1.268,1.268,0,nvidia/cosmos-reason2-8b,"<0.0> 
[GENERAL VEHICLE SAFETY]
1. Not visible
2. Not visible

[COLLISIONS & NEAR MISSES]
3. Not visible
4. Not visible

[PARKING & ACCESS VIOLATIONS]
5. Not visible
6. Not visible

[SUSPICIOUS VEHICLE BEHAVIOR]
7. Not visible
8. Not visible

[VEHICLE IDENTIFICATION]
9. Not visible
10. Not visible
11. Not visible

[PEDESTRIAN & CHILD SAFETY]
12. Not visible
13. Not visible
14. Not visible"
vlm_runs/2026-06-08,LP_Farmers_Market_Restroom_2_20260608T114500.jpg,minio,,vlm_runs/2026-06-08/LP_Farmers_Market_Restroom_2/LP_Farmers_Market_Restroom_2_20260608T114500.jpg,vehicle_prompts,done,2026-06-09T14:30:40.170234+00:00,,1.606,1.606,0,nvidia/cosmos-reason2-8b,"<0.0> 
[GENERAL VEHICLE SAFETY]
1. Not visible
2. Not visible

[COLLISIONS & NEAR MISSES]
3. Not visible
4. Not visible

[PARKING & ACCESS VIOLATIONS]
5. Not visible
6. Not visible

[SUSPICIOUS VEHICLE BEHAVIOR]
7. Not visible
8. Not visible

[VEHICLE IDENTIFICATION]
9. Not visible
10. Not visible
11. Not visible

[PEDESTRIAN & CHILD SAFETY]
12. Not visible
13. Not visible
14. Not visible"
vlm_runs/2026-06-08,LP_Farmers_Market_Restroom_2_20260608T121500.jpg,minio,,vlm_runs/2026-06-08/LP_Farmers_Market_Restroom_2/LP_Farmers_Market_Restroom_2_20260608T121500.jpg,vehicle_prompts,done,2026-06-09T14:30:40.170242+00:00,,1.368,1.368,0,nvidia/cosmos-reason2-8b,"<0.0> 

[GENERAL VEHICLE SAFETY]
1. Not visible
2. Not visible

[COLLISIONS & NEAR MISSES]
3. Not visible
4. Not visible

[PARKING & ACCESS VIOLATIONS]
5. Not visible
6. Not visible

[SUSPICIOUS VEHICLE BEHAVIOR]
7. Not visible
8. Not visible

[VEHICLE IDENTIFICATION]
9. Not visible
10. Not visible
11. Not visible

[PEDESTRIAN & CHILD SAFETY]
12. Not visible
13. Not visible
14. Not visible"
vlm_runs/2026-06-08,LP_Farmers_Market_Restroom_2_20260608T124500.jpg,minio,,vlm_runs/2026-06-08/LP_Farmers_Market_Restroom_2/LP_Farmers_Market_Restroom_2_20260608T124500.jpg,vehicle_prompts,done,2026-06-09T14:30:40.170250+00:00,,1.257,1.257,0,nvidia/cosmos-reason2-8b,"<0.0> 

[GENERAL VEHICLE SAFETY]
1. Not visible
2. Not visible

[COLLISIONS & NEAR MISSES]
3. Not visible
4. Not visible

[PARKING & ACCESS VIOLATIONS]
5. Not visible
6. Not visible

[SUSPICIOUS VEHICLE BEHAVIOR]
7. Not visible
8. Not visible

[VEHICLE IDENTIFICATION]
9. Not visible
10. Not visible
11. Not visible

[PEDESTRIAN & CHILD SAFETY]
12. Not visible
13. Not visible
14. Not visible"
vlm_runs/2026-06-08,LP_Farmers_Market_Restroom_2_20260608T123000.jpg,minio,,vlm_runs/2026-06-08/LP_Farmers_Market_Restroom_2/LP_Farmers_Market_Restroom_2_20260608T123000.jpg,vehicle_prompts,done,2026-06-09T14:30:40.170246+00:00,,1.708,1.708,0,nvidia/cosmos-reason2-8b,"<0.0> 
[GENERAL VEHICLE SAFETY]
1. Not visible
2. Not visible

[COLLISIONS & NEAR MISSES]
3. Not visible
4. Not visible

[PARKING & ACCESS VIOLATIONS]
5. Not visible
6. Not visible

[SUSPICIOUS VEHICLE BEHAVIOR]
7. Not visible
8. Not visible

[VEHICLE IDENTIFICATION]
9. Not visible
10. Not visible
11. Not visible

[PEDESTRIAN & CHILD SAFETY]
12. Not visible
13. Not visible
14. Not visible"
vlm_runs/2026-06-08,LP_Farmers_Market_Restroom_2_20260608T130000.jpg,minio,,vlm_runs/2026-06-08/LP_Farmers_Market_Restroom_2/LP_Farmers_Market_Restroom_2_20260608T130000.jpg,vehicle_prompts,done,2026-06-09T14:30:40.170255+00:00,,1.754,1.754,0,nvidia/cosmos-reason2-8b,"<0.0> 

[GENERAL VEHICLE SAFETY]
1. Not visible
2. Not visible

[COLLISIONS & NEAR MISSES]
3. Not visible
4. Not visible

[PARKING & ACCESS VIOLATIONS]
5. Not visible
6. Not visible

[SUSPICIOUS VEHICLE BEHAVIOR]
7. Not visible
8. Not visible

[VEHICLE IDENTIFICATION]
9. Not visible
10. Not visible
11. Not visible

[PEDESTRIAN & CHILD SAFETY]
12. Not visible
13. Not visible
14. Not visible"
vlm_runs/2026-06-08,LP_Farmers_Market_Restroom_2_20260608T133000.jpg,minio,,vlm_runs/2026-06-08/LP_Farmers_Market_Restroom_2/LP_Farmers_Market_Restroom_2_20260608T133000.jpg,vehicle_prompts,done,2026-06-09T14:30:40.170263+00:00,,1.177,1.177,0,nvidia/cosmos-reason2-8b,"<0.0> 

[GENERAL VEHICLE SAFETY]
1. Not visible
2. Not visible

[COLLISIONS & NEAR MISSES]
3. Not visible
4. Not visible

[PARKING & ACCESS VIOLATIONS]
5. Not visible
6. Not visible

[SUSPICIOUS VEHICLE BEHAVIOR]
7. Not visible
8. Not visible

[VEHICLE IDENTIFICATION]
9. Not visible
10. Not visible
11. Not visible

[PEDESTRIAN & CHILD SAFETY]
12. Not visible
13. Not visible
14. Not visible"
vlm_runs/2026-06-08,LP_Farmers_Market_Restroom_2_20260608T134500.jpg,minio,,vlm_runs/2026-06-08/LP_Farmers_Market_Restroom_2/LP_Farmers_Market_Restroom_2_20260608T134500.jpg,vehicle_prompts,done,2026-06-09T14:30:40.170267+00:00,,1.403,1.403,0,nvidia/cosmos-reason2-8b,"<0.0> 

[GENERAL VEHICLE SAFETY]
1. Not visible
2. Not visible

[COLLISIONS & NEAR MISSES]
3. Not visible
4. Not visible

[PARKING & ACCESS VIOLATIONS]
5. Not visible
6. Not visible

[SUSPICIOUS VEHICLE BEHAVIOR]
7. Not visible
8. Not visible

[VEHICLE IDENTIFICATION]
9. Not visible
10. Not visible
11. Not visible

[PEDESTRIAN & CHILD SAFETY]
12. Not visible
13. Not visible
14. Not visible"
vlm_runs/2026-06-08,LP_Farmers_Market_Restroom_2_20260608T141500.jpg,minio,,vlm_runs/2026-06-08/LP_Farmers_Market_Restroom_2/LP_Farmers_Market_Restroom_2_20260608T141500.jpg,vehicle_prompts,done,2026-06-09T14:30:40.170275+00:00,,1.183,1.183,0,nvidia/cosmos-reason2-8b,"<0.0> 
[GENERAL VEHICLE SAFETY]
1. Not visible
2. Not visible

[COLLISIONS & NEAR MISSES]
3. Not visible
4. Not visible

[PARKING & ACCESS VIOLATIONS]
5. Not visible
6. Not visible

[SUSPICIOUS VEHICLE BEHAVIOR]
7. Not visible
8. Not visible

[VEHICLE IDENTIFICATION]
9. Not visible
10. Not visible
11. Not visible

[PEDESTRIAN & CHILD SAFETY]
12. Not visible
13. Not visible
14. Not visible"
vlm_runs/2026-06-08,LP_Farmers_Market_Restroom_2_20260608T131500.jpg,minio,,vlm_runs/2026-06-08/LP_Farmers_Market_Restroom_2/LP_Farmers_Market_Restroom_2_20260608T131500.jpg,vehicle_prompts,done,2026-06-09T14:30:40.170259+00:00,,2.02,2.02,0,nvidia/cosmos-reason2-8b,"<0.0> 

[GENERAL VEHICLE SAFETY]
1. Not visible
2. Not visible

[COLLISIONS & NEAR MISSES]
3. Not visible
4. Not visible

[PARKING & ACCESS VIOLATIONS]
5. Not visible
6. Not visible

[SUSPICIOUS VEHICLE BEHAVIOR]
7. Not visible
8. Not visible

[VEHICLE IDENTIFICATION]
9. Not visible
10. Not visible
11. Not visible

[PEDESTRIAN & CHILD SAFETY]
12. Not visible
13. Not visible
14. Not visible"
vlm_runs/2026-06-08,LP_Farmers_Market_Restroom_2_20260608T143000.jpg,minio,,vlm_runs/2026-06-08/LP_Farmers_Market_Restroom_2/LP_Farmers_Market_Restroom_2_20260608T143000.jpg,vehicle_prompts,done,2026-06-09T14:30:40.170279+00:00,,1.289,1.289,0,nvidia/cosmos-reason2-8b,"<0.0> 
[GENERAL VEHICLE SAFETY]
1. Not visible
2. Not visible

[COLLISIONS & NEAR MISSES]
3. Not visible
4. Not visible

[PARKING & ACCESS VIOLATIONS]
5. Not visible
6. Not visible

[SUSPICIOUS VEHICLE BEHAVIOR]
7. Not visible
8. Not visible

[VEHICLE IDENTIFICATION]
9. Not visible
10. Not visible
11. Not visible

[PEDESTRIAN & CHILD SAFETY]
12. Not visible
13. Not visible
14. Not visible"
vlm_runs/2026-06-08,LP_Farmers_Market_Restroom_2_20260608T140000.jpg,minio,,vlm_runs/2026-06-08/LP_Farmers_Market_Restroom_2/LP_Farmers_Market_Restroom_2_20260608T140000.jpg,vehicle_prompts,done,2026-06-09T14:30:40.170271+00:00,,1.686,1.686,0,nvidia/cosmos-reason2-8b,"<0.0> 

[GENERAL VEHICLE SAFETY]
1. Not visible
2. Not visible

[COLLISIONS & NEAR MISSES]
3. Not visible
4. Not visible

[PARKING & ACCESS VIOLATIONS]
5. Not visible
6. Not visible

[SUSPICIOUS VEHICLE BEHAVIOR]
7. Not visible
8. Not visible

[VEHICLE IDENTIFICATION]
9. Not visible
10. Not visible
11. Not visible

[PEDESTRIAN & CHILD SAFETY]
12. Not visible
13. Not visible
14. Not visible"
vlm_runs/2026-06-08,LP_Farmers_Market_Restroom_2_20260608T151500.jpg,minio,,vlm_runs/2026-06-08/LP_Farmers_Market_Restroom_2/LP_Farmers_Market_Restroom_2_20260608T151500.jpg,vehicle_prompts,done,2026-06-09T14:30:40.170292+00:00,,1.042,1.042,0,nvidia/cosmos-reason2-8b,"<0.0> 
[GENERAL VEHICLE SAFETY]
1. Not visible
2. Not visible

[COLLISIONS & NEAR MISSES]
3. Not visible
4. Not visible

[PARKING & ACCESS VIOLATIONS]
5. Not visible
6. Not visible

[SUSPICIOUS VEHICLE BEHAVIOR]
7. Not visible
8. Not visible

[VEHICLE IDENTIFICATION]
9. Not visible
10. Not visible
11. Not visible

[PEDESTRIAN & CHILD SAFETY]
12. Not visible
13. Not visible
14. Not visible"
vlm_runs/2026-06-08,LP_Farmers_Market_Restroom_2_20260608T144500.jpg,minio,,vlm_runs/2026-06-08/LP_Farmers_Market_Restroom_2/LP_Farmers_Market_Restroom_2_20260608T144500.jpg,vehicle_prompts,done,2026-06-09T14:30:40.170283+00:00,,1.458,1.458,0,nvidia/cosmos-reason2-8b,"<0.0> 
[GENERAL VEHICLE SAFETY]
1. Not visible
2. Not visible

[COLLISIONS & NEAR MISSES]
3. Not visible
4. Not visible

[PARKING & ACCESS VIOLATIONS]
5. Not visible
6. Not visible

[SUSPICIOUS VEHICLE BEHAVIOR]
7. Not visible
8. Not visible

[VEHICLE IDENTIFICATION]
9. Not visible
10. Not visible
11. Not visible

[PEDESTRIAN & CHILD SAFETY]
12. Not visible
13. Not visible
14. Not visible"
vlm_runs/2026-06-08,LP_Farmers_Market_Restroom_2_20260608T150000.jpg,minio,,vlm_runs/2026-06-08/LP_Farmers_Market_Restroom_2/LP_Farmers_Market_Restroom_2_20260608T150000.jpg,vehicle_prompts,done,2026-06-09T14:30:40.170287+00:00,,1.516,1.516,0,nvidia/cosmos-reason2-8b,"<0.0> 
[GENERAL VEHICLE SAFETY]
1. Not visible
2. Not visible

[COLLISIONS & NEAR MISSES]
3. Not visible
4. Not visible

[PARKING & ACCESS VIOLATIONS]
5. Not visible
6. Not visible

[SUSPICIOUS VEHICLE BEHAVIOR]
7. Not visible
8. Not visible

[VEHICLE IDENTIFICATION]
9. Not visible
10. Not visible
11. Not visible

[PEDESTRIAN & CHILD SAFETY]
12. Not visible
13. Not visible
14. Not visible"
vlm_runs/2026-06-08,LP_Farmers_Market_Restroom_2_20260608T153000.jpg,minio,,vlm_runs/2026-06-08/LP_Farmers_Market_Restroom_2/LP_Farmers_Market_Restroom_2_20260608T153000.jpg,vehicle_prompts,done,2026-06-09T14:30:40.170296+00:00,,1.389,1.389,0,nvidia/cosmos-reason2-8b,"<0.0> 

[GENERAL VEHICLE SAFETY]
1. Not visible
2. Not visible

[COLLISIONS & NEAR MISSES]
3. Not visible
4. Not visible

[PARKING & ACCESS VIOLATIONS]
5. Not visible
6. Not visible

[SUSPICIOUS VEHICLE BEHAVIOR]
7. Not visible
8. Not visible

[VEHICLE IDENTIFICATION]
9. Not visible
10. Not visible
11. Not visible

[PEDESTRIAN & CHILD SAFETY]
12. Not visible
13. Not visible
14. Not visible"
vlm_runs/2026-06-08,LP_Farmers_Market_Restroom_2_20260608T160000.jpg,minio,,vlm_runs/2026-06-08/LP_Farmers_Market_Restroom_2/LP_Farmers_Market_Restroom_2_20260608T160000.jpg,vehicle_prompts,done,2026-06-09T14:30:40.170304+00:00,,1.24,1.24,0,nvidia/cosmos-reason2-8b,"<0.0> 
[GENERAL VEHICLE SAFETY]
1. Not visible
2. Not visible

[COLLISIONS & NEAR MISSES]
3. Not visible
4. Not visible

[PARKING & ACCESS VIOLATIONS]
5. Not visible
6. Not visible

[SUSPICIOUS VEHICLE BEHAVIOR]
7. Not visible
8. Not visible

[VEHICLE IDENTIFICATION]
9. Not visible
10. Not visible
11. Not visible

[PEDESTRIAN & CHILD SAFETY]
12. Not visible
13. Not visible
14. Not visible"
vlm_runs/2026-06-08,LP_Farmers_Market_Restroom_2_20260608T154500.jpg,minio,,vlm_runs/2026-06-08/LP_Farmers_Market_Restroom_2/LP_Farmers_Market_Restroom_2_20260608T154500.jpg,vehicle_prompts,done,2026-06-09T14:30:40.170300+00:00,,1.549,1.549,0,nvidia/cosmos-reason2-8b,"<0.0> 
[GENERAL VEHICLE SAFETY]
1. Not visible
2. Not visible

[COLLISIONS & NEAR MISSES]
3. Not visible
4. Not visible

[PARKING & ACCESS VIOLATIONS]
5. Not visible
6. Not visible

[SUSPICIOUS VEHICLE BEHAVIOR]
7. Not visible
8. Not visible

[VEHICLE IDENTIFICATION]
9. Not visible
10. Not visible
11. Not visible

[PEDESTRIAN & CHILD SAFETY]
12. Not visible
13. Not visible
14. Not visible"
vlm_runs/2026-06-08,LP_Farmers_Market_Restroom_2_20260608T163000.jpg,minio,,vlm_runs/2026-06-08/LP_Farmers_Market_Restroom_2/LP_Farmers_Market_Restroom_2_20260608T163000.jpg,vehicle_prompts,done,2026-06-09T14:30:40.170313+00:00,,1.359,1.359,0,nvidia/cosmos-reason2-8b,"<0.0> 
[GENERAL VEHICLE SAFETY]
1. Not visible
2. Not visible

[COLLISIONS & NEAR MISSES]
3. Not visible
4. Not visible

[PARKING & ACCESS VIOLATIONS]
5. Not visible
6. Not visible

[SUSPICIOUS VEHICLE BEHAVIOR]
7. Not visible
8. Not visible

[VEHICLE IDENTIFICATION]
9. Not visible
10. Not visible
11. Not visible

[PEDESTRIAN & CHILD SAFETY]
12. Not visible
13. Not visible
14. Not visible"
vlm_runs/2026-06-08,LP_Farmers_Market_Restroom_2_20260608T173000.jpg,minio,,vlm_runs/2026-06-08/LP_Farmers_Market_Restroom_2/LP_Farmers_Market_Restroom_2_20260608T173000.jpg,vehicle_prompts,done,2026-06-09T14:30:40.170329+00:00,,0.743,0.743,0,nvidia/cosmos-reason2-8b,"<0.0> 
[GENERAL VEHICLE SAFETY]
1. Not visible
2. Not visible

[COLLISIONS & NEAR MISSES]
3. Not visible
4. Not visible

[PARKING & ACCESS VIOLATIONS]
5. Not visible
6. Not visible

[SUSPICIOUS VEHICLE BEHAVIOR]
7. Not visible
8. Not visible

[VEHICLE IDENTIFICATION]
9. Not visible
10. Not visible
11. Not visible

[PEDESTRIAN & CHILD SAFETY]
12. Not visible
13. Not visible
14. Not visible"
vlm_runs/2026-06-08,LP_Farmers_Market_Restroom_2_20260608T164500.jpg,minio,,vlm_runs/2026-06-08/LP_Farmers_Market_Restroom_2/LP_Farmers_Market_Restroom_2_20260608T164500.jpg,vehicle_prompts,done,2026-06-09T14:30:40.170317+00:00,,1.484,1.484,0,nvidia/cosmos-reason2-8b,"<0.0> 
[GENERAL VEHICLE SAFETY]
1. Not visible
2. Not visible

[COLLISIONS & NEAR MISSES]
3. Not visible
4. Not visible

[PARKING & ACCESS VIOLATIONS]
5. Not visible
6. Not visible

[SUSPICIOUS VEHICLE BEHAVIOR]
7. Not visible
8. Not visible

[VEHICLE IDENTIFICATION]
9. Not visible
10. Not visible
11. Not visible

[PEDESTRIAN & CHILD SAFETY]
12. Not visible
13. Not visible
14. Not visible"
vlm_runs/2026-06-08,LP_Farmers_Market_Restroom_2_20260608T161500.jpg,minio,,vlm_runs/2026-06-08/LP_Farmers_Market_Restroom_2/LP_Farmers_Market_Restroom_2_20260608T161500.jpg,vehicle_prompts,done,2026-06-09T14:30:40.170309+00:00,,2.012,2.012,0,nvidia/cosmos-reason2-8b,"<0.0> 
[GENERAL VEHICLE SAFETY]
1. Not visible
2. Not visible

[COLLISIONS & NEAR MISSES]
3. Not visible
4. Not visible

[PARKING & ACCESS VIOLATIONS]
5. Not visible
6. Not visible

[SUSPICIOUS VEHICLE BEHAVIOR]
7. Not visible
8. Not visible

[VEHICLE IDENTIFICATION]
9. Not visible
10. Not visible
11. Not visible

[PEDESTRIAN & CHILD SAFETY]
12. Not visible
13. Not visible
14. Not visible"
vlm_runs/2026-06-08,LP_Farmers_Market_Restroom_2_20260608T170000.jpg,minio,,vlm_runs/2026-06-08/LP_Farmers_Market_Restroom_2/LP_Farmers_Market_Restroom_2_20260608T170000.jpg,vehicle_prompts,done,2026-06-09T14:30:40.170321+00:00,,1.449,1.449,0,nvidia/cosmos-reason2-8b,"<0.0> 

[GENERAL VEHICLE SAFETY]
1. Not visible
2. Not visible

[COLLISIONS & NEAR MISSES]
3. Not visible
4. Not visible

[PARKING & ACCESS VIOLATIONS]
5. Not visible
6. Not visible

[SUSPICIOUS VEHICLE BEHAVIOR]
7. Not visible
8. Not visible

[VEHICLE IDENTIFICATION]
9. Not visible
10. Not visible
11. Not visible

[PEDESTRIAN & CHILD SAFETY]
12. Not visible
13. Not visible
14. Not visible"
vlm_runs/2026-06-08,LP_Farmers_Market_Restroom_2_20260608T180000.jpg,minio,,vlm_runs/2026-06-08/LP_Farmers_Market_Restroom_2/LP_Farmers_Market_Restroom_2_20260608T180000.jpg,vehicle_prompts,done,2026-06-09T14:30:40.170337+00:00,,1.309,1.309,0,nvidia/cosmos-reason2-8b,"<0.0> 
[GENERAL VEHICLE SAFETY]
1. Not visible
2. Not visible

[COLLISIONS & NEAR MISSES]
3. Not visible
4. Not visible

[PARKING & ACCESS VIOLATIONS]
5. Not visible
6. Not visible

[SUSPICIOUS VEHICLE BEHAVIOR]
7. Not visible
8. Not visible

[VEHICLE IDENTIFICATION]
9. Not visible
10. Not visible
11. Not visible

[PEDESTRIAN & CHILD SAFETY]
12. Not visible
13. Not visible
14. Not visible"
vlm_runs/2026-06-08,LP_Farmers_Market_Restroom_2_20260608T181500.jpg,minio,,vlm_runs/2026-06-08/LP_Farmers_Market_Restroom_2/LP_Farmers_Market_Restroom_2_20260608T181500.jpg,vehicle_prompts,done,2026-06-09T14:30:40.170342+00:00,,1.219,1.219,0,nvidia/cosmos-reason2-8b,"<0.0> 
[GENERAL VEHICLE SAFETY]
1. Not visible
2. Not visible

[COLLISIONS & NEAR MISSES]
3. Not visible
4. Not visible

[PARKING & ACCESS VIOLATIONS]
5. Not visible
6. Not visible

[SUSPICIOUS VEHICLE BEHAVIOR]
7. Not visible
8. Not visible

[VEHICLE IDENTIFICATION]
9. Not visible
10. Not visible
11. Not visible

[PEDESTRIAN & CHILD SAFETY]
12. Not visible
13. Not visible
14. Not visible"
vlm_runs/2026-06-08,LP_Farmers_Market_Restroom_2_20260608T174500.jpg,minio,,vlm_runs/2026-06-08/LP_Farmers_Market_Restroom_2/LP_Farmers_Market_Restroom_2_20260608T174500.jpg,vehicle_prompts,done,2026-06-09T14:30:40.170333+00:00,,1.651,1.651,0,nvidia/cosmos-reason2-8b,"<0.0> 
[GENERAL VEHICLE SAFETY]
1. Not visible
2. Not visible

[COLLISIONS & NEAR MISSES]
3. Not visible
4. Not visible

[PARKING & ACCESS VIOLATIONS]
5. Not visible
6. Not visible

[SUSPICIOUS VEHICLE BEHAVIOR]
7. Not visible
8. Not visible

[VEHICLE IDENTIFICATION]
9. Not visible
10. Not visible
11. Not visible

[PEDESTRIAN & CHILD SAFETY]
12. Not visible
13. Not visible
14. Not visible"
vlm_runs/2026-06-08,LP_Farmers_Market_Restroom_2_20260608T190000.jpg,minio,,vlm_runs/2026-06-08/LP_Farmers_Market_Restroom_2/LP_Farmers_Market_Restroom_2_20260608T190000.jpg,vehicle_prompts,done,2026-06-09T14:30:40.170354+00:00,,0.978,0.978,0,nvidia/cosmos-reason2-8b,"<0.0> 
[GENERAL VEHICLE SAFETY]
1. Not visible
2. Not visible

[COLLISIONS & NEAR MISSES]
3. Not visible
4. Not visible

[PARKING & ACCESS VIOLATIONS]
5. Not visible
6. Not visible

[SUSPICIOUS VEHICLE BEHAVIOR]
7. Not visible
8. Not visible

[VEHICLE IDENTIFICATION]
9. Not visible
10. Not visible
11. Not visible

[PEDESTRIAN & CHILD SAFETY]
12. Not visible
13. Not visible
14. Not visible"
vlm_runs/2026-06-08,LP_Farmers_Market_Restroom_2_20260608T184500.jpg,minio,,vlm_runs/2026-06-08/LP_Farmers_Market_Restroom_2/LP_Farmers_Market_Restroom_2_20260608T184500.jpg,vehicle_prompts,done,2026-06-09T14:30:40.170350+00:00,,1.282,1.282,0,nvidia/cosmos-reason2-8b,"<0.0> 
[GENERAL VEHICLE SAFETY]
1. Not visible
2. Not visible

[COLLISIONS & NEAR MISSES]
3. Not visible
4. Not visible

[PARKING & ACCESS VIOLATIONS]
5. Not visible
6. Not visible

[SUSPICIOUS VEHICLE BEHAVIOR]
7. Not visible
8. Not visible

[VEHICLE IDENTIFICATION]
9. Not visible
10. Not visible
11. Not visible

[PEDESTRIAN & CHILD SAFETY]
12. Not visible
13. Not visible
14. Not visible"
vlm_runs/2026-06-08,LP_Farmers_Market_Restroom_2_20260608T194500.jpg,minio,,vlm_runs/2026-06-08/LP_Farmers_Market_Restroom_2/LP_Farmers_Market_Restroom_2_20260608T194500.jpg,vehicle_prompts,done,2026-06-09T14:30:40.170366+00:00,,0.501,0.501,0,nvidia/cosmos-reason2-8b,"<0.0> 
1. Not visible
2. Not visible
3. Not visible
4. Not visible
5. Not visible
6. Not visible
7. Not visible
8. Not visible
9. Not visible
10. Not visible
11. Not visible
12. Not visible
13. Not visible
14. Not visible"
vlm_runs/2026-06-08,LP_Farmers_Market_Restroom_2_20260608T191500.jpg,minio,,vlm_runs/2026-06-08/LP_Farmers_Market_Restroom_2/LP_Farmers_Market_Restroom_2_20260608T191500.jpg,vehicle_prompts,done,2026-06-09T14:30:40.170359+00:00,,1.538,1.538,0,nvidia/cosmos-reason2-8b,"<0.0> 
[GENERAL VEHICLE SAFETY]
1. Not visible
2. Not visible

[COLLISIONS & NEAR MISSES]
3. Not visible
4. Not visible

[PARKING & ACCESS VIOLATIONS]
5. Not visible
6. Not visible

[SUSPICIOUS VEHICLE BEHAVIOR]
7. Not visible
8. Not visible

[VEHICLE IDENTIFICATION]
9. Not visible
10. Not visible
11. Not visible

[PEDESTRIAN & CHILD SAFETY]
12. Not visible
13. Not visible
14. Not visible"
vlm_runs/2026-06-08,LP_Farmers_Market_Restroom_2_20260608T171500.jpg,minio,,vlm_runs/2026-06-08/LP_Farmers_Market_Restroom_2/LP_Farmers_Market_Restroom_2_20260608T171500.jpg,vehicle_prompts,done,2026-06-09T14:30:40.170325+00:00,,2.955,2.955,0,nvidia/cosmos-reason2-8b,"<0.0> 
[GENERAL VEHICLE SAFETY]
1. Not visible
2. Not visible

[COLLISIONS & NEAR MISSES]
3. Not visible
4. Not visible

[PARKING & ACCESS VIOLATIONS]
5. Not visible
6. Not visible

[SUSPICIOUS VEHICLE BEHAVIOR]
7. Not visible
8. Not visible

[VEHICLE IDENTIFICATION]
9. Not visible
10. Not visible
11. Not visible

[PEDESTRIAN & CHILD SAFETY]
12. Not visible
13. Not visible
14. Not visible"
vlm_runs/2026-06-08,LP_Farmers_Market_Restroom_2_20260608T183000.jpg,minio,,vlm_runs/2026-06-08/LP_Farmers_Market_Restroom_2/LP_Farmers_Market_Restroom_2_20260608T183000.jpg,vehicle_prompts,done,2026-06-09T14:30:40.170346+00:00,,2.009,2.009,0,nvidia/cosmos-reason2-8b,"<0.0> 

[GENERAL VEHICLE SAFETY]
1. Not visible
2. Not visible

[COLLISIONS & NEAR MISSES]
3. Not visible
4. Not visible

[PARKING & ACCESS VIOLATIONS]
5. Not visible
6. Not visible

[SUSPICIOUS VEHICLE BEHAVIOR]
7. Not visible
8. Not visible

[VEHICLE IDENTIFICATION]
9. Not visible
10. Not visible
11. Not visible

[PEDESTRIAN & CHILD SAFETY]
12. Not visible
13. Not visible
14. Not visible"
vlm_runs/2026-06-08,LP_Farmers_Market_Restroom_2_20260608T201500.jpg,minio,,vlm_runs/2026-06-08/LP_Farmers_Market_Restroom_2/LP_Farmers_Market_Restroom_2_20260608T201500.jpg,vehicle_prompts,done,2026-06-09T14:30:40.170374+00:00,,0.921,0.921,0,nvidia/cosmos-reason2-8b,"<0.0> 
[GENERAL VEHICLE SAFETY]
1. Not visible
2. Not visible

[COLLISIONS & NEAR MISSES]
3. Not visible
4. Not visible

[PARKING & ACCESS VIOLATIONS]
5. Not visible
6. Not visible

[SUSPICIOUS VEHICLE BEHAVIOR]
7. Not visible
8. Not visible

[VEHICLE IDENTIFICATION]
9. Not visible
10. Not visible
11. Not visible

[PEDESTRIAN & CHILD SAFETY]
12. Not visible
13. Not visible
14. Not visible"
vlm_runs/2026-06-08,LP_Farmers_Market_Restroom_2_20260608T200000.jpg,minio,,vlm_runs/2026-06-08/LP_Farmers_Market_Restroom_2/LP_Farmers_Market_Restroom_2_20260608T200000.jpg,vehicle_prompts,done,2026-06-09T14:30:40.170370+00:00,,1.245,1.245,0,nvidia/cosmos-reason2-8b,Visible timestamps: 0.0
vlm_runs/2026-06-08,LP_Farmers_Market_Restroom_2_20260608T203000.jpg,minio,,vlm_runs/2026-06-08/LP_Farmers_Market_Restroom_2/LP_Farmers_Market_Restroom_2_20260608T203000.jpg,vehicle_prompts,done,2026-06-09T14:30:40.170379+00:00,,1.092,1.092,0,nvidia/cosmos-reason2-8b,"<0.0> 
[GENERAL VEHICLE SAFETY]
1. Not visible
2. Not visible

[COLLISIONS & NEAR MISSES]
3. Not visible
4. Not visible

[PARKING & ACCESS VIOLATIONS]
5. Not visible
6. Not visible

[SUSPICIOUS VEHICLE BEHAVIOR]
7. Not visible
8. Not visible

[VEHICLE IDENTIFICATION]
9. Not visible
10. Not visible
11. Not visible

[PEDESTRIAN & CHILD SAFETY]
12. Not visible
13. Not visible
14. Not visible"
vlm_runs/2026-06-08,LP_Farmers_Market_Restroom_2_20260608T204500.jpg,minio,,vlm_runs/2026-06-08/LP_Farmers_Market_Restroom_2/LP_Farmers_Market_Restroom_2_20260608T204500.jpg,vehicle_prompts,done,2026-06-09T14:30:40.170383+00:00,,1.144,1.144,0,nvidia/cosmos-reason2-8b,"Visible timestamps: 0.0s

Not visible"
vlm_runs/2026-06-08,LP_Farmers_Market_Restroom_2_20260608T193000.jpg,minio,,vlm_runs/2026-06-08/LP_Farmers_Market_Restroom_2/LP_Farmers_Market_Restroom_2_20260608T193000.jpg,vehicle_prompts,done,2026-06-09T14:30:40.170362+00:00,,1.766,1.766,0,nvidia/cosmos-reason2-8b,"<0.0> 
[GENERAL VEHICLE SAFETY]
1. Not visible
2. Not visible

[COLLISIONS & NEAR MISSES]
3. Not visible
4. Not visible

[PARKING & ACCESS VIOLATIONS]
5. Not visible
6. Not visible

[SUSPICIOUS VEHICLE BEHAVIOR]
7. Not visible
8. Not visible

[VEHICLE IDENTIFICATION]
9. Not visible
10. Not visible
11. Not visible

[PEDESTRIAN & CHILD SAFETY]
12. Not visible
13. Not visible
14. Not visible"
vlm_runs/2026-06-08,LP_Farmers_Market_Restroom_2_20260608T214500.jpg,minio,,vlm_runs/2026-06-08/LP_Farmers_Market_Restroom_2/LP_Farmers_Market_Restroom_2_20260608T214500.jpg,vehicle_prompts,done,2026-06-09T14:30:40.170398+00:00,,1.177,1.177,0,nvidia/cosmos-reason2-8b,"<0.0> 
[GENERAL VEHICLE SAFETY]
1. Not visible
2. Not visible

[COLLISIONS & NEAR MISSES]
3. Not visible
4. Not visible

[PARKING & ACCESS VIOLATIONS]
5. Not visible
6. Not visible

[SUSPICIOUS VEHICLE BEHAVIOR]
7. Not visible
8. Not visible

[VEHICLE IDENTIFICATION]
9. Not visible
10. Not visible
11. Not visible

[PEDESTRIAN & CHILD SAFETY]
12. Not visible
13. Not visible
14. Not visible"
vlm_runs/2026-06-08,LP_Farmers_Market_Restroom_2_20260608T220000.jpg,minio,,vlm_runs/2026-06-08/LP_Farmers_Market_Restroom_2/LP_Farmers_Market_Restroom_2_20260608T220000.jpg,vehicle_prompts,done,2026-06-09T14:30:40.170402+00:00,,1.221,1.221,0,nvidia/cosmos-reason2-8b,"Visible timestamps: 0.0

[GENERAL VEHICLE SAFETY]
1. Not visible
2. Not visible

[COLLISIONS & NEAR MISSES]
3. Not visible
4. Not visible

[PARKING & ACCESS VIOLATIONS]
5. Not visible
6. Not visible

[SUSPICIOUS VEHICLE BEHAVIOR]
7. Not visible
8. Not visible

[VEHICLE IDENTIFICATION]
9. Not visible
10. Not visible
11. Not visible

[PEDESTRIAN & CHILD SAFETY]
12. Not visible
13. Not visible
14. Not visible"
vlm_runs/2026-06-08,LP_Farmers_Market_Restroom_2_20260608T213000.jpg,minio,,vlm_runs/2026-06-08/LP_Farmers_Market_Restroom_2/LP_Farmers_Market_Restroom_2_20260608T213000.jpg,vehicle_prompts,done,2026-06-09T14:30:40.170394+00:00,,1.933,1.933,0,nvidia/cosmos-reason2-8b,"Timestamp: <0.0> 
All vehicles are not visible."
vlm_runs/2026-06-08,LP_Farmers_Market_Restroom_2_20260608T211500.jpg,minio,,vlm_runs/2026-06-08/LP_Farmers_Market_Restroom_2/LP_Farmers_Market_Restroom_2_20260608T211500.jpg,vehicle_prompts,done,2026-06-09T14:30:40.170390+00:00,,2.039,2.039,0,nvidia/cosmos-reason2-8b,"Visible timestamps: <0.0>

[GENERAL VEHICLE SAFETY]
1. Not visible
2. Not visible

[COLLISIONS & NEAR MISSES]
3. Not visible
4. Not visible

[PARKING & ACCESS VIOLATIONS]
5. Not visible
6. Not visible

[SUSPICIOUS VEHICLE BEHAVIOR]
7. Not visible
8. Not visible

[VEHICLE IDENTIFICATION]
9. Not visible
10. Not visible
11. Not visible

[PEDESTRIAN & CHILD SAFETY]
12. Not visible
13. Not visible
14. Not visible"
vlm_runs/2026-06-08,LP_Farmers_Market_Restroom_2_20260608T221500.jpg,minio,,vlm_runs/2026-06-08/LP_Farmers_Market_Restroom_2/LP_Farmers_Market_Restroom_2_20260608T221500.jpg,vehicle_prompts,done,2026-06-09T14:30:40.170406+00:00,,1.631,1.631,0,nvidia/cosmos-reason2-8b,"<0.0> 
[GENERAL VEHICLE SAFETY]
1. Not visible
2. Not visible

[COLLISIONS & NEAR MISSES]
3. Not visible
4. Not visible

[PARKING & ACCESS VIOLATIONS]
5. Not visible
6. Not visible

[SUSPICIOUS VEHICLE BEHAVIOR]
7. Not visible
8. Not visible

[VEHICLE IDENTIFICATION]
9. Not visible
10. Not visible
11. Not visible

[PEDESTRIAN & CHILD SAFETY]
12. Not visible
13. Not visible
14. Not visible"
vlm_runs/2026-06-08,LP_Farmers_Market_Restroom_2_20260608T210000.jpg,minio,,vlm_runs/2026-06-08/LP_Farmers_Market_Restroom_2/LP_Farmers_Market_Restroom_2_20260608T210000.jpg,vehicle_prompts,done,2026-06-09T14:30:40.170387+00:00,,2.269,2.269,0,nvidia/cosmos-reason2-8b,"<0.0> 
1. Not visible
2. Not visible
3. Not visible
4. Not visible
5. Not visible
6. Not visible
7. Not visible
8. Not visible
9. Not visible
10. Not visible
11. Not visible
12. Not visible
13. Not visible
14. Not visible"
vlm_runs/2026-06-08,LP_Farmers_Market_Restroom_2_20260608T224500.jpg,minio,,vlm_runs/2026-06-08/LP_Farmers_Market_Restroom_2/LP_Farmers_Market_Restroom_2_20260608T224500.jpg,vehicle_prompts,done,2026-06-09T14:30:40.170413+00:00,,1.568,1.568,0,nvidia/cosmos-reason2-8b,0.0 1. Not visible 2. Not visible 3. Not visible 4. Not visible 5. Not visible 6. Not visible 7. Not visible 8. Not visible 9. Not visible 10. Not visible 11. Not visible 12. Not visible 13. Not visible 14. Not visible
vlm_runs/2026-06-08,LP_Farmers_Market_Restroom_2_20260608T223000.jpg,minio,,vlm_runs/2026-06-08/LP_Farmers_Market_Restroom_2/LP_Farmers_Market_Restroom_2_20260608T223000.jpg,vehicle_prompts,done,2026-06-09T14:30:40.170410+00:00,,1.927,1.927,0,nvidia/cosmos-reason2-8b,"<0.0> 
GENERAL VEHICLE SAFETY
1. Not visible
2. Not visible

COLLISIONS & NEAR MISSES
3. Not visible
4. Not visible

PARKING & ACCESS VIOLATIONS
5. Not visible
6. Not visible

SUSPICIOUS VEHICLE BEHAVIOR
7. Not visible
8. Not visible

VEHICLE IDENTIFICATION
9. Not visible
10. Not visible
11. Not visible

PEDESTRIAN & CHILD SAFETY
12. Not visible
13. Not visible
14. Not visible"
vlm_runs/2026-06-08,LP_Farmers_Market_Restroom_2_20260608T230000.jpg,minio,,vlm_runs/2026-06-08/LP_Farmers_Market_Restroom_2/LP_Farmers_Market_Restroom_2_20260608T230000.jpg,vehicle_prompts,done,2026-06-09T14:30:40.170417+00:00,,1.236,1.236,0,nvidia/cosmos-reason2-8b,"<0.0> 
[GENERAL VEHICLE SAFETY]
1. Not visible
2. Not visible

[COLLISIONS & NEAR MISSES]
3. Not visible
4. Not visible

[PARKING & ACCESS VIOLATIONS]
5. Not visible
6. Not visible

[SUSPICIOUS VEHICLE BEHAVIOR]
7. Not visible
8. Not visible

[VEHICLE IDENTIFICATION]
9. Not visible
10. Not visible
11. Not visible

[PEDESTRIAN & CHILD SAFETY]
12. Not visible
13. Not visible
14. Not visible"
vlm_runs/2026-06-08,LP_Farmers_Market_Restroom_2_20260608T231500.jpg,minio,,vlm_runs/2026-06-08/LP_Farmers_Market_Restroom_2/LP_Farmers_Market_Restroom_2_20260608T231500.jpg,vehicle_prompts,done,2026-06-09T14:30:40.170421+00:00,,1.27,1.27,0,nvidia/cosmos-reason2-8b,"<0.0> 
1. Not visible
2. Not visible
3. Not visible
4. Not visible
5. Not visible
6. Not visible
7. Not visible
8. Not visible
9. Not visible
10. Not visible
11. Not visible
12. Not visible
13. Not visible
14. Not visible"
vlm_runs/2026-06-08,LP_Farmers_Market_Restroom_2_20260608T233000.jpg,minio,,vlm_runs/2026-06-08/LP_Farmers_Market_Restroom_2/LP_Farmers_Market_Restroom_2_20260608T233000.jpg,vehicle_prompts,done,2026-06-09T14:30:40.170425+00:00,,1.0,1.0,0,nvidia/cosmos-reason2-8b,"<0.0> 
GENERAL VEHICLE SAFETY
1. Not visible
2. Not visible

COLLISIONS & NEAR MISSES
3. Not visible
4. Not visible

PARKING & ACCESS VIOLATIONS
5. Not visible
6. Not visible

SUSPICIOUS VEHICLE BEHAVIOR
7. Not visible
8. Not visible

VEHICLE IDENTIFICATION
9. Not visible
10. Not visible
11. Not visible

PEDESTRIAN & CHILD SAFETY
12. Not visible
13. Not visible
14. Not visible"
vlm_runs/2026-06-08,LP_Farmers_Market_Restroom_2_20260608T234500.jpg,minio,,vlm_runs/2026-06-08/LP_Farmers_Market_Restroom_2/LP_Farmers_Market_Restroom_2_20260608T234500.jpg,vehicle_prompts,done,2026-06-09T14:30:40.170429+00:00,,1.009,1.009,0,nvidia/cosmos-reason2-8b,"<0.0> 

[GENERAL VEHICLE SAFETY]
1. Not visible
2. Not visible

[COLLISIONS & NEAR MISSES]
3. Not visible
4. Not visible

[PARKING & ACCESS VIOLATIONS]
5. Not visible
6. Not visible

[SUSPICIOUS VEHICLE BEHAVIOR]
7. Not visible
8. Not visible

[VEHICLE IDENTIFICATION]
9. Not visible
10. Not visible
11. Not visible

[PEDESTRIAN & CHILD SAFETY]
12. Not visible
13. Not visible
14. Not visible"
vlm_runs/2026-06-08,LP_Farmers_Market_Restroom_3_20260608T000000.jpg,minio,,vlm_runs/2026-06-08/LP_Farmers_Market_Restroom_3/LP_Farmers_Market_Restroom_3_20260608T000000.jpg,vehicle_prompts,done,2026-06-09T14:33:47.350080+00:00,,1.435,1.435,0,nvidia/cosmos-reason2-8b,"<0.0> 
1. Not visible
2. Not visible
3. Not visible
4. Not visible
5. Not visible
6. Not visible
7. Not visible
8. Not visible
9. Not visible
10. Not visible
11. Not visible
12. Not visible
13. Not visible
14. Not visible"
vlm_runs/2026-06-08,LP_Farmers_Market_Restroom_3_20260608T001500.jpg,minio,,vlm_runs/2026-06-08/LP_Farmers_Market_Restroom_3/LP_Farmers_Market_Restroom_3_20260608T001500.jpg,vehicle_prompts,done,2026-06-09T14:33:47.350084+00:00,,1.385,1.385,0,nvidia/cosmos-reason2-8b,"Timestamp: <0.0> 

All vehicles are parked and not moving, so no speed-related issues can be assessed. No collisions or near-misses are observed. No vehicles are in fire lanes, emergency corridors, or no-stopping zones. No vehicles are in restricted areas. No threatening maneuvers or pursuits are observed. No suspicious contact with parked vehicles is observed. No vehicles with obscured plates are visible. No pedestrians or children are present in the scene."
vlm_runs/2026-06-08,LP_Farmers_Market_Restroom_3_20260608T003000.jpg,minio,,vlm_runs/2026-06-08/LP_Farmers_Market_Restroom_3/LP_Farmers_Market_Restroom_3_20260608T003000.jpg,vehicle_prompts,done,2026-06-09T14:33:47.350087+00:00,,1.011,1.011,0,nvidia/cosmos-reason2-8b," timestamp: <0.0> 
1. Not visible
2. Not visible
3. Not visible
4. Not visible
5. Not visible
6. Not visible
7. Not visible
8. Not visible
9. Not visible
10. Not visible
11. Not visible
12. Not visible
13. Not visible
14. Not visible"
vlm_runs/2026-06-08,LP_Farmers_Market_Restroom_3_20260608T013000.jpg,minio,,vlm_runs/2026-06-08/LP_Farmers_Market_Restroom_3/LP_Farmers_Market_Restroom_3_20260608T013000.jpg,vehicle_prompts,done,2026-06-09T14:33:47.350102+00:00,,0.368,0.368,0,nvidia/cosmos-reason2-8b,0.0
vlm_runs/2026-06-08,LP_Farmers_Market_Restroom_3_20260608T011500.jpg,minio,,vlm_runs/2026-06-08/LP_Farmers_Market_Restroom_3/LP_Farmers_Market_Restroom_3_20260608T011500.jpg,vehicle_prompts,done,2026-06-09T14:33:47.350098+00:00,,0.981,0.981,0,nvidia/cosmos-reason2-8b," timestamp: <0.0> 
1. N/A
2. N/A
3. No
4. Not visible
5. Not visible
6. Not visible
7. Not visible
8. Not visible
9. Not visible
10. Not visible
11. Not visible
12. Not visible
13. Not visible
14. Not visible"
vlm_runs/2026-06-08,LP_Farmers_Market_Restroom_3_20260608T020000.jpg,minio,,vlm_runs/2026-06-08/LP_Farmers_Market_Restroom_3/LP_Farmers_Market_Restroom_3_20260608T020000.jpg,vehicle_prompts,done,2026-06-09T14:33:47.350108+00:00,,0.539,0.539,0,nvidia/cosmos-reason2-8b,0.0 0
vlm_runs/2026-06-08,LP_Farmers_Market_Restroom_3_20260608T014500.jpg,minio,,vlm_runs/2026-06-08/LP_Farmers_Market_Restroom_3/LP_Farmers_Market_Restroom_3_20260608T014500.jpg,vehicle_prompts,done,2026-06-09T14:33:47.350105+00:00,,1.316,1.316,0,nvidia/cosmos-reason2-8b,"<0.0> 
1. Not visible
2. Not visible
3. Not visible
4. Not visible
5. Not visible
6. Not visible
7. Not visible
8. Not visible
9. Not visible
10. Not visible
11. Not visible
12. Not visible
13. Not visible
14. Not visible"
vlm_runs/2026-06-08,LP_Farmers_Market_Restroom_3_20260608T010000.jpg,minio,,vlm_runs/2026-06-08/LP_Farmers_Market_Restroom_3/LP_Farmers_Market_Restroom_3_20260608T010000.jpg,vehicle_prompts,done,2026-06-09T14:33:47.350095+00:00,,1.906,1.906,0,nvidia/cosmos-reason2-8b,0.0
vlm_runs/2026-06-08,LP_Farmers_Market_Restroom_3_20260608T004500.jpg,minio,,vlm_runs/2026-06-08/LP_Farmers_Market_Restroom_3/LP_Farmers_Market_Restroom_3_20260608T004500.jpg,vehicle_prompts,done,2026-06-09T14:33:47.350091+00:00,,2.155,2.155,0,nvidia/cosmos-reason2-8b,"<0.0> 
[GENERAL VEHICLE SAFETY]
1. Not visible
2. Not visible

[COLLISIONS & NEAR MISSES]
3. Not visible
4. Not visible

[PARKING & ACCESS VIOLATIONS]
5. Not visible
6. Not visible

[SUSPICIOUS VEHICLE BEHAVIOR]
7. Not visible
8. Not visible

[VEHICLE IDENTIFICATION]
9. Not visible
10. Not visible
11. Not visible

[PEDESTRIAN & CHILD SAFETY]
12. Not visible
13. Not visible
14. Not visible"
vlm_runs/2026-06-08,LP_Farmers_Market_Restroom_3_20260608T024500.jpg,minio,,vlm_runs/2026-06-08/LP_Farmers_Market_Restroom_3/LP_Farmers_Market_Restroom_3_20260608T024500.jpg,vehicle_prompts,done,2026-06-09T14:33:47.350119+00:00,,1.286,1.286,0,nvidia/cosmos-reason2-8b,"<0.0> 
1. Not visible
2. Not visible
3. Not visible
4. Not visible
5. Not visible
6. Not visible
7. Not visible
8. Not visible
9. Not visible
10. Not visible
11. Not visible
12. Not visible
13. Not visible
14. Not visible"
vlm_runs/2026-06-08,LP_Farmers_Market_Restroom_3_20260608T030000.jpg,minio,,vlm_runs/2026-06-08/LP_Farmers_Market_Restroom_3/LP_Farmers_Market_Restroom_3_20260608T030000.jpg,vehicle_prompts,done,2026-06-09T14:33:47.350122+00:00,,1.175,1.175,0,nvidia/cosmos-reason2-8b,Visible Timestamp(s): 0.0 1. Not visible 2. Not visible 3. Not visible 4. Not visible 5. Not visible 6. Not visible 7. Not visible 8. Not visible 9. Not visible 10. Not visible 11. Not visible 12. Not visible 13. Not visible 14. Not visible
vlm_runs/2026-06-08,LP_Farmers_Market_Restroom_3_20260608T031500.jpg,minio,,vlm_runs/2026-06-08/LP_Farmers_Market_Restroom_3/LP_Farmers_Market_Restroom_3_20260608T031500.jpg,vehicle_prompts,done,2026-06-09T14:33:47.350127+00:00,,1.177,1.177,0,nvidia/cosmos-reason2-8b,"<0.0> 

[GENERAL VEHICLE SAFETY]
1. Not visible
2. Not visible

[COLLISIONS & NEAR MISSES]
3. Not visible
4. Not visible

[PARKING & ACCESS VIOLATIONS]
5. Not visible
6. Not visible

[SUSPICIOUS VEHICLE BEHAVIOR]
7. Not visible
8. Not visible

[VEHICLE IDENTIFICATION]
9. Not visible
10. Not visible
11. Not visible

[PEDESTRIAN & CHILD SAFETY]
12. Not visible
13. Not visible
14. Not visible"
vlm_runs/2026-06-08,LP_Farmers_Market_Restroom_3_20260608T023000.jpg,minio,,vlm_runs/2026-06-08/LP_Farmers_Market_Restroom_3/LP_Farmers_Market_Restroom_3_20260608T023000.jpg,vehicle_prompts,done,2026-06-09T14:33:47.350116+00:00,,1.717,1.717,0,nvidia/cosmos-reason2-8b,"Visible timestamps: <0.0>

Not visible"
vlm_runs/2026-06-08,LP_Farmers_Market_Restroom_3_20260608T034500.jpg,minio,,vlm_runs/2026-06-08/LP_Farmers_Market_Restroom_3/LP_Farmers_Market_Restroom_3_20260608T034500.jpg,vehicle_prompts,done,2026-06-09T14:33:47.350134+00:00,,0.785,0.785,0,nvidia/cosmos-reason2-8b,Not visible
vlm_runs/2026-06-08,LP_Farmers_Market_Restroom_3_20260608T021500.jpg,minio,,vlm_runs/2026-06-08/LP_Farmers_Market_Restroom_3/LP_Farmers_Market_Restroom_3_20260608T021500.jpg,vehicle_prompts,done,2026-06-09T14:33:47.350112+00:00,,2.236,2.236,0,nvidia/cosmos-reason2-8b,"Visible timestamps: <0.0> 

[GENERAL VEHICLE SAFETY]
1. Not visible
2. Not visible

[COLLISIONS & NEAR MISSES]
3. Not visible
4. Not visible

[PARKING & ACCESS VIOLATIONS]
5. Not visible
6. Not visible

[SUSPICIOUS VEHICLE BEHAVIOR]
7. Not visible
8. Not visible

[VEHICLE IDENTIFICATION]
9. Not visible
10. Not visible
11. Not visible

[PEDESTRIAN & CHILD SAFETY]
12. Not visible
13. Not visible
14. Not visible"
vlm_runs/2026-06-08,LP_Farmers_Market_Restroom_3_20260608T043000.jpg,minio,,vlm_runs/2026-06-08/LP_Farmers_Market_Restroom_3/LP_Farmers_Market_Restroom_3_20260608T043000.jpg,vehicle_prompts,done,2026-06-09T14:33:47.350145+00:00,,0.632,0.632,0,nvidia/cosmos-reason2-8b," timestamp: <0.0> 
1. Not visible
2. Not visible
3. Not visible
4. Not visible
5. Not visible
6. Not visible
7. Not visible
8. Not visible
9. Not visible
10. Not visible
11. Not visible
12. Not visible
13. Not visible
14. Not visible"
vlm_runs/2026-06-08,LP_Farmers_Market_Restroom_3_20260608T040000.jpg,minio,,vlm_runs/2026-06-08/LP_Farmers_Market_Restroom_3/LP_Farmers_Market_Restroom_3_20260608T040000.jpg,vehicle_prompts,done,2026-06-09T14:33:47.350138+00:00,,0.933,0.933,0,nvidia/cosmos-reason2-8b,Visible timestamps: 0.0
vlm_runs/2026-06-08,LP_Farmers_Market_Restroom_3_20260608T041500.jpg,minio,,vlm_runs/2026-06-08/LP_Farmers_Market_Restroom_3/LP_Farmers_Market_Restroom_3_20260608T041500.jpg,vehicle_prompts,done,2026-06-09T14:33:47.350141+00:00,,0.918,0.918,0,nvidia/cosmos-reason2-8b,0.0
vlm_runs/2026-06-08,LP_Farmers_Market_Restroom_3_20260608T044500.jpg,minio,,vlm_runs/2026-06-08/LP_Farmers_Market_Restroom_3/LP_Farmers_Market_Restroom_3_20260608T044500.jpg,vehicle_prompts,done,2026-06-09T14:33:47.350148+00:00,,1.293,1.293,0,nvidia/cosmos-reason2-8b," timestamp: <0.0> 
1. Not visible
2. Not visible
3. Not visible
4. Not visible
5. Not visible
6. Not visible
7. Not visible
8. Not visible
9. Not visible
10. Not visible
11. Not visible
12. Not visible
13. Not visible
14. Not visible"
vlm_runs/2026-06-08,LP_Farmers_Market_Restroom_3_20260608T033000.jpg,minio,,vlm_runs/2026-06-08/LP_Farmers_Market_Restroom_3/LP_Farmers_Market_Restroom_3_20260608T033000.jpg,vehicle_prompts,done,2026-06-09T14:33:47.350130+00:00,,2.225,2.225,0,nvidia/cosmos-reason2-8b,"Timestamp: <0.0> 

All vehicles are parked and not moving, so no speed-related issues are present. No collisions or near-misses are observed. No vehicles are in restricted areas or violating parking rules. No suspicious behavior or threatening maneuvers are detected. No pedestrians or children are present in the scene."
vlm_runs/2026-06-08,LP_Farmers_Market_Restroom_3_20260608T054500.jpg,minio,,vlm_runs/2026-06-08/LP_Farmers_Market_Restroom_3/LP_Farmers_Market_Restroom_3_20260608T054500.jpg,vehicle_prompts,done,2026-06-09T14:33:47.350163+00:00,,1.079,1.079,0,nvidia/cosmos-reason2-8b,"<0.0> 
[GENERAL VEHICLE SAFETY]
1. Not visible
2. Not visible

[COLLISIONS & NEAR MISSES]
3. Not visible
4. Not visible

[PARKING & ACCESS VIOLATIONS]
5. Not visible
6. Not visible

[SUSPICIOUS VEHICLE BEHAVIOR]
7. Not visible
8. Not visible

[VEHICLE IDENTIFICATION]
9. Not visible
10. Not visible
11. Not visible

[PEDESTRIAN & CHILD SAFETY]
12. Not visible
13. Not visible
14. Not visible"
vlm_runs/2026-06-08,LP_Farmers_Market_Restroom_3_20260608T053000.jpg,minio,,vlm_runs/2026-06-08/LP_Farmers_Market_Restroom_3/LP_Farmers_Market_Restroom_3_20260608T053000.jpg,vehicle_prompts,done,2026-06-09T14:33:47.350159+00:00,,1.241,1.241,0,nvidia/cosmos-reason2-8b," timestamp: <0.0> 
1. Not visible
2. Not visible
3. Not visible
4. Not visible
5. Not visible
6. Not visible
7. Not visible
8. Not visible
9. Not visible
10. Not visible
11. Not visible
12. Not visible
13. Not visible
14. Not visible"
vlm_runs/2026-06-08,LP_Farmers_Market_Restroom_3_20260608T050000.jpg,minio,,vlm_runs/2026-06-08/LP_Farmers_Market_Restroom_3/LP_Farmers_Market_Restroom_3_20260608T050000.jpg,vehicle_prompts,done,2026-06-09T14:33:47.350152+00:00,,2.126,2.126,0,nvidia/cosmos-reason2-8b,"<0.0> 
1. Not visible
2. Not visible
3. Not visible
4. Not visible
5. Not visible
6. Not visible
7. Not visible
8. Not visible
9. Not visible
10. Not visible
11. Not visible
12. Not visible
13. Not visible
14. Not visible"
vlm_runs/2026-06-08,LP_Farmers_Market_Restroom_3_20260608T060000.jpg,minio,,vlm_runs/2026-06-08/LP_Farmers_Market_Restroom_3/LP_Farmers_Market_Restroom_3_20260608T060000.jpg,vehicle_prompts,done,2026-06-09T14:33:47.350167+00:00,,1.669,1.669,0,nvidia/cosmos-reason2-8b,"<0.0> 
[GENERAL VEHICLE SAFETY]
1. Not visible
2. Not visible

[COLLISIONS & NEAR MISSES]
3. Not visible
4. Not visible

[PARKING & ACCESS VIOLATIONS]
5. Not visible
6. Not visible

[SUSPICIOUS VEHICLE BEHAVIOR]
7. Not visible
8. Not visible

[VEHICLE IDENTIFICATION]
9. Not visible
10. Not visible
11. Not visible

[PEDESTRIAN & CHILD SAFETY]
12. Not visible
13. Not visible
14. Not visible"
vlm_runs/2026-06-08,LP_Farmers_Market_Restroom_3_20260608T064500.jpg,minio,,vlm_runs/2026-06-08/LP_Farmers_Market_Restroom_3/LP_Farmers_Market_Restroom_3_20260608T064500.jpg,vehicle_prompts,done,2026-06-09T14:33:47.350178+00:00,,0.683,0.683,0,nvidia/cosmos-reason2-8b,0.0
vlm_runs/2026-06-08,LP_Farmers_Market_Restroom_3_20260608T061500.jpg,minio,,vlm_runs/2026-06-08/LP_Farmers_Market_Restroom_3/LP_Farmers_Market_Restroom_3_20260608T061500.jpg,vehicle_prompts,done,2026-06-09T14:33:47.350171+00:00,,1.617,1.617,0,nvidia/cosmos-reason2-8b,"<0.0> 
GENERAL VEHICLE SAFETY
1. Not visible
2. Not visible

COLLISIONS & NEAR MISSES
3. Not visible
4. Not visible

PARKING & ACCESS VIOLATIONS
5. Not visible
6. Not visible

SUSPICIOUS VEHICLE BEHAVIOR
7. Not visible
8. Not visible

VEHICLE IDENTIFICATION
9. Not visible
10. Not visible
11. Not visible

PEDESTRIAN & CHILD SAFETY
12. Not visible
13. Not visible
14. Not visible"
vlm_runs/2026-06-08,LP_Farmers_Market_Restroom_3_20260608T070000.jpg,minio,,vlm_runs/2026-06-08/LP_Farmers_Market_Restroom_3/LP_Farmers_Market_Restroom_3_20260608T070000.jpg,vehicle_prompts,done,2026-06-09T14:33:47.350181+00:00,,1.315,1.315,0,nvidia/cosmos-reason2-8b,"<0.0> 
[GENERAL VEHICLE SAFETY]
1. Not visible
2. Not visible

[COLLISIONS & NEAR MISSES]
3. Not visible
4. Not visible

[PARKING & ACCESS VIOLATIONS]
5. Not visible
6. Not visible

[SUSPICIOUS VEHICLE BEHAVIOR]
7. Not visible
8. Not visible

[VEHICLE IDENTIFICATION]
9. Not visible
10. Not visible
11. Not visible

[PEDESTRIAN & CHILD SAFETY]
12. Not visible
13. Not visible
14. Not visible"
vlm_runs/2026-06-08,LP_Farmers_Market_Restroom_3_20260608T071500.jpg,minio,,vlm_runs/2026-06-08/LP_Farmers_Market_Restroom_3/LP_Farmers_Market_Restroom_3_20260608T071500.jpg,vehicle_prompts,done,2026-06-09T14:33:47.350185+00:00,,1.573,1.573,0,nvidia/cosmos-reason2-8b,"<0.0> 
[GENERAL VEHICLE SAFETY]
1. Not visible
2. Not visible

[COLLISIONS & NEAR MISSES]
3. Not visible
4. Not visible

[PARKING & ACCESS VIOLATIONS]
5. Not visible
6. Not visible

[SUSPICIOUS VEHICLE BEHAVIOR]
7. Not visible
8. Not visible

[VEHICLE IDENTIFICATION]
9. Not visible
10. Not visible
11. Not visible

[PEDESTRIAN & CHILD SAFETY]
12. Not visible
13. Not visible
14. Not visible"
vlm_runs/2026-06-08,LP_Farmers_Market_Restroom_3_20260608T080000.jpg,minio,,vlm_runs/2026-06-08/LP_Farmers_Market_Restroom_3/LP_Farmers_Market_Restroom_3_20260608T080000.jpg,vehicle_prompts,done,2026-06-09T14:33:47.350196+00:00,,0.97,0.97,0,nvidia/cosmos-reason2-8b,"<0.0> 
[GENERAL VEHICLE SAFETY]
1. Not visible
2. Not visible

[COLLISIONS & NEAR MISSES]
3. Not visible
4. Not visible

[PARKING & ACCESS VIOLATIONS]
5. Not visible
6. Not visible

[SUSPICIOUS VEHICLE BEHAVIOR]
7. Not visible
8. Not visible

[VEHICLE IDENTIFICATION]
9. Not visible
10. Not visible
11. Not visible

[PEDESTRIAN & CHILD SAFETY]
12. Not visible
13. Not visible
14. Not visible"
vlm_runs/2026-06-08,LP_Farmers_Market_Restroom_3_20260608T063000.jpg,minio,,vlm_runs/2026-06-08/LP_Farmers_Market_Restroom_3/LP_Farmers_Market_Restroom_3_20260608T063000.jpg,vehicle_prompts,done,2026-06-09T14:33:47.350174+00:00,,2.153,2.153,0,nvidia/cosmos-reason2-8b,"<0.0> 
[GENERAL VEHICLE SAFETY]
1. Not visible
2. Not visible

[COLLISIONS & NEAR MISSES]
3. Not visible
4. Not visible

[PARKING & ACCESS VIOLATIONS]
5. Not visible
6. Not visible

[SUSPICIOUS VEHICLE BEHAVIOR]
7. Not visible
8. Not visible

[VEHICLE IDENTIFICATION]
9. Not visible
10. Not visible
11. Not visible

[PEDESTRIAN & CHILD SAFETY]
12. Not visible
13. Not visible
14. Not visible"
vlm_runs/2026-06-08,LP_Farmers_Market_Restroom_3_20260608T073000.jpg,minio,,vlm_runs/2026-06-08/LP_Farmers_Market_Restroom_3/LP_Farmers_Market_Restroom_3_20260608T073000.jpg,vehicle_prompts,done,2026-06-09T14:33:47.350188+00:00,,1.442,1.442,0,nvidia/cosmos-reason2-8b,"<0.0> 
[GENERAL VEHICLE SAFETY]
1. Not visible
2. Not visible

[COLLISIONS & NEAR MISSES]
3. Not visible
4. Not visible

[PARKING & ACCESS VIOLATIONS]
5. Not visible
6. Not visible

[SUSPICIOUS VEHICLE BEHAVIOR]
7. Not visible
8. Not visible

[VEHICLE IDENTIFICATION]
9. Not visible
10. Not visible
11. Not visible

[PEDESTRIAN & CHILD SAFETY]
12. Not visible
13. Not visible
14. Not visible"
vlm_runs/2026-06-08,LP_Farmers_Market_Restroom_3_20260608T083000.jpg,minio,,vlm_runs/2026-06-08/LP_Farmers_Market_Restroom_3/LP_Farmers_Market_Restroom_3_20260608T083000.jpg,vehicle_prompts,done,2026-06-09T14:33:47.350203+00:00,,0.821,0.821,0,nvidia/cosmos-reason2-8b,"<0.0> 
[GENERAL VEHICLE SAFETY]
1. Not visible
2. Not visible

[COLLISIONS & NEAR MISSES]
3. Not visible
4. Not visible

[PARKING & ACCESS VIOLATIONS]
5. Not visible
6. Not visible

[SUSPICIOUS VEHICLE BEHAVIOR]
7. Not visible
8. Not visible

[VEHICLE IDENTIFICATION]
9. Not visible
10. Not visible
11. Not visible

[PEDESTRIAN & CHILD SAFETY]
12. Not visible
13. Not visible
14. Not visible"
vlm_runs/2026-06-08,LP_Farmers_Market_Restroom_3_20260608T051500.jpg,minio,,vlm_runs/2026-06-08/LP_Farmers_Market_Restroom_3/LP_Farmers_Market_Restroom_3_20260608T051500.jpg,vehicle_prompts,done,2026-06-09T14:33:47.350156+00:00,,3.805,3.805,0,nvidia/cosmos-reason2-8b,"<0.0> 

[GENERAL VEHICLE SAFETY]
1. Not visible
2. Not visible

[COLLISIONS & NEAR MISSES]
3. Not visible
4. Not visible

[PARKING & ACCESS VIOLATIONS]
5. Not visible
6. Not visible

[SUSPICIOUS VEHICLE BEHAVIOR]
7. Not visible
8. Not visible

[VEHICLE IDENTIFICATION]
9. Not visible
10. Not visible
11. Not visible

[PEDESTRIAN & CHILD SAFETY]
12. Not visible
13. Not visible
14. Not visible"
vlm_runs/2026-06-08,LP_Farmers_Market_Restroom_3_20260608T081500.jpg,minio,,vlm_runs/2026-06-08/LP_Farmers_Market_Restroom_3/LP_Farmers_Market_Restroom_3_20260608T081500.jpg,vehicle_prompts,done,2026-06-09T14:33:47.350199+00:00,,1.61,1.61,0,nvidia/cosmos-reason2-8b,"<0.0> 
1. Not visible
2. Not visible
3. Not visible
4. Not visible
5. Not visible
6. Not visible
7. Not visible
8. Not visible
9. Not visible
10. Not visible
11. Not visible
12. Not visible
13. Not visible
14. Not visible"
vlm_runs/2026-06-08,LP_Farmers_Market_Restroom_3_20260608T091500.jpg,minio,,vlm_runs/2026-06-08/LP_Farmers_Market_Restroom_3/LP_Farmers_Market_Restroom_3_20260608T091500.jpg,vehicle_prompts,done,2026-06-09T14:33:47.350213+00:00,,0.965,0.965,0,nvidia/cosmos-reason2-8b,"<0.0> 
[GENERAL VEHICLE SAFETY]
1. Not visible
2. Not visible

[COLLISIONS & NEAR MISSES]
3. Not visible
4. Not visible

[PARKING & ACCESS VIOLATIONS]
5. Not visible
6. Not visible

[SUSPICIOUS VEHICLE BEHAVIOR]
7. Not visible
8. Not visible

[VEHICLE IDENTIFICATION]
9. Not visible
10. Not visible
11. Not visible

[PEDESTRIAN & CHILD SAFETY]
12. Not visible
13. Not visible
14. Not visible"
vlm_runs/2026-06-08,LP_Farmers_Market_Restroom_3_20260608T094500.jpg,minio,,vlm_runs/2026-06-08/LP_Farmers_Market_Restroom_3/LP_Farmers_Market_Restroom_3_20260608T094500.jpg,vehicle_prompts,done,2026-06-09T14:33:47.350220+00:00,,0.816,0.816,0,nvidia/cosmos-reason2-8b,"0.0 The image does not show any vehicles, so it is not possible to assess their speed or safety. Not visible"
vlm_runs/2026-06-08,LP_Farmers_Market_Restroom_3_20260608T074500.jpg,minio,,vlm_runs/2026-06-08/LP_Farmers_Market_Restroom_3/LP_Farmers_Market_Restroom_3_20260608T074500.jpg,vehicle_prompts,done,2026-06-09T14:33:47.350192+00:00,,2.442,2.442,0,nvidia/cosmos-reason2-8b,"<0.0> 
1. Not visible
2. Not visible
3. Not visible
4. Not visible
5. Not visible
6. Not visible
7. Not visible
8. Not visible
9. Not visible
10. Not visible
11. Not visible
12. Not visible
13. Not visible
14. Not visible"
vlm_runs/2026-06-08,LP_Farmers_Market_Restroom_3_20260608T090000.jpg,minio,,vlm_runs/2026-06-08/LP_Farmers_Market_Restroom_3/LP_Farmers_Market_Restroom_3_20260608T090000.jpg,vehicle_prompts,done,2026-06-09T14:33:47.350210+00:00,,1.452,1.452,0,nvidia/cosmos-reason2-8b,"<0.0> 
[GENERAL VEHICLE SAFETY]
1. Not visible
2. Not visible

[COLLISIONS & NEAR MISSES]
3. Not visible
4. Not visible

[PARKING & ACCESS VIOLATIONS]
5. Not visible
6. Not visible

[SUSPICIOUS VEHICLE BEHAVIOR]
7. Not visible
8. Not visible

[VEHICLE IDENTIFICATION]
9. Not visible
10. Not visible
11. Not visible

[PEDESTRIAN & CHILD SAFETY]
12. Not visible
13. Not visible
14. Not visible"
vlm_runs/2026-06-08,LP_Farmers_Market_Restroom_3_20260608T100000.jpg,minio,,vlm_runs/2026-06-08/LP_Farmers_Market_Restroom_3/LP_Farmers_Market_Restroom_3_20260608T100000.jpg,vehicle_prompts,done,2026-06-09T14:33:47.350224+00:00,,0.779,0.779,0,nvidia/cosmos-reason2-8b,0.0
vlm_runs/2026-06-08,LP_Farmers_Market_Restroom_3_20260608T084500.jpg,minio,,vlm_runs/2026-06-08/LP_Farmers_Market_Restroom_3/LP_Farmers_Market_Restroom_3_20260608T084500.jpg,vehicle_prompts,done,2026-06-09T14:33:47.350206+00:00,,1.531,1.531,0,nvidia/cosmos-reason2-8b,"<0.0> 
[GENERAL VEHICLE SAFETY]
1. Not visible
2. Not visible

[COLLISIONS & NEAR MISSES]
3. Not visible
4. Not visible

[PARKING & ACCESS VIOLATIONS]
5. Not visible
6. Not visible

[SUSPICIOUS VEHICLE BEHAVIOR]
7. Not visible
8. Not visible

[VEHICLE IDENTIFICATION]
9. Not visible
10. Not visible
11. Not visible

[PEDESTRIAN & CHILD SAFETY]
12. Not visible
13. Not visible
14. Not visible"
vlm_runs/2026-06-08,LP_Farmers_Market_Restroom_3_20260608T110000.jpg,minio,,vlm_runs/2026-06-08/LP_Farmers_Market_Restroom_3/LP_Farmers_Market_Restroom_3_20260608T110000.jpg,vehicle_prompts,done,2026-06-09T14:33:47.350239+00:00,,0.729,0.729,0,nvidia/cosmos-reason2-8b,"<0.0> 
[GENERAL VEHICLE SAFETY]
1. Not visible
2. Not visible

[COLLISIONS & NEAR MISSES]
3. Not visible
4. Not visible

[PARKING & ACCESS VIOLATIONS]
5. Not visible
6. Not visible

[SUSPICIOUS VEHICLE BEHAVIOR]
7. Not visible
8. Not visible

[VEHICLE IDENTIFICATION]
9. Not visible
10. Not visible
11. Not visible

[PEDESTRIAN & CHILD SAFETY]
12. Not visible
13. Not visible
14. Not visible"
vlm_runs/2026-06-08,LP_Farmers_Market_Restroom_3_20260608T103000.jpg,minio,,vlm_runs/2026-06-08/LP_Farmers_Market_Restroom_3/LP_Farmers_Market_Restroom_3_20260608T103000.jpg,vehicle_prompts,done,2026-06-09T14:33:47.350232+00:00,,1.35,1.35,0,nvidia/cosmos-reason2-8b,0.0
vlm_runs/2026-06-08,LP_Farmers_Market_Restroom_3_20260608T093000.jpg,minio,,vlm_runs/2026-06-08/LP_Farmers_Market_Restroom_3/LP_Farmers_Market_Restroom_3_20260608T093000.jpg,vehicle_prompts,done,2026-06-09T14:33:47.350217+00:00,,2.24,2.24,0,nvidia/cosmos-reason2-8b,"<0.0> 
[GENERAL VEHICLE SAFETY]
1. Not visible
2. Not visible

[COLLISIONS & NEAR MISSES]
3. Not visible
4. Not visible

[PARKING & ACCESS VIOLATIONS]
5. Not visible
6. Not visible

[SUSPICIOUS VEHICLE BEHAVIOR]
7. Not visible
8. Not visible

[VEHICLE IDENTIFICATION]
9. Not visible
10. Not visible
11. Not visible

[PEDESTRIAN & CHILD SAFETY]
12. Not visible
13. Not visible
14. Not visible"
vlm_runs/2026-06-08,LP_Farmers_Market_Restroom_3_20260608T111500.jpg,minio,,vlm_runs/2026-06-08/LP_Farmers_Market_Restroom_3/LP_Farmers_Market_Restroom_3_20260608T111500.jpg,vehicle_prompts,done,2026-06-09T14:33:47.350242+00:00,,1.173,1.173,0,nvidia/cosmos-reason2-8b,"<0.0> 
[GENERAL VEHICLE SAFETY]
1. Not visible
2. Not visible

[COLLISIONS & NEAR MISSES]
3. Not visible
4. Not visible

[PARKING & ACCESS VIOLATIONS]
5. Not visible
6. Not visible

[SUSPICIOUS VEHICLE BEHAVIOR]
7. Not visible
8. Not visible

[VEHICLE IDENTIFICATION]
9. Not visible
10. Not visible
11. Not visible

[PEDESTRIAN & CHILD SAFETY]
12. Not visible
13. Not visible
14. Not visible"
vlm_runs/2026-06-08,LP_Farmers_Market_Restroom_3_20260608T113000.jpg,minio,,vlm_runs/2026-06-08/LP_Farmers_Market_Restroom_3/LP_Farmers_Market_Restroom_3_20260608T113000.jpg,vehicle_prompts,done,2026-06-09T14:33:47.350246+00:00,,1.192,1.192,0,nvidia/cosmos-reason2-8b,0.0
vlm_runs/2026-06-08,LP_Farmers_Market_Restroom_3_20260608T104500.jpg,minio,,vlm_runs/2026-06-08/LP_Farmers_Market_Restroom_3/LP_Farmers_Market_Restroom_3_20260608T104500.jpg,vehicle_prompts,done,2026-06-09T14:33:47.350235+00:00,,1.45,1.45,0,nvidia/cosmos-reason2-8b,"<0.0> 
[GENERAL VEHICLE SAFETY]
1. Not visible
2. Not visible

[COLLISIONS & NEAR MISSES]
3. Not visible
4. Not visible

[PARKING & ACCESS VIOLATIONS]
5. Not visible
6. Not visible

[SUSPICIOUS VEHICLE BEHAVIOR]
7. Not visible
8. Not visible

[VEHICLE IDENTIFICATION]
9. Not visible
10. Not visible
11. Not visible

[PEDESTRIAN & CHILD SAFETY]
12. Not visible
13. Not visible
14. Not visible"
vlm_runs/2026-06-08,LP_Farmers_Market_Restroom_3_20260608T120000.jpg,minio,,vlm_runs/2026-06-08/LP_Farmers_Market_Restroom_3/LP_Farmers_Market_Restroom_3_20260608T120000.jpg,vehicle_prompts,done,2026-06-09T14:33:47.350253+00:00,,0.706,0.706,0,nvidia/cosmos-reason2-8b,0.0s
vlm_runs/2026-06-08,LP_Farmers_Market_Restroom_3_20260608T101500.jpg,minio,,vlm_runs/2026-06-08/LP_Farmers_Market_Restroom_3/LP_Farmers_Market_Restroom_3_20260608T101500.jpg,vehicle_prompts,done,2026-06-09T14:33:47.350228+00:00,,2.365,2.365,0,nvidia/cosmos-reason2-8b,"<0.0> 
[GENERAL VEHICLE SAFETY]
1. Not visible
2. Not visible

[COLLISIONS & NEAR MISSES]
3. Not visible
4. Not visible

[PARKING & ACCESS VIOLATIONS]
5. Not visible
6. Not visible

[SUSPICIOUS VEHICLE BEHAVIOR]
7. Not visible
8. Not visible

[VEHICLE IDENTIFICATION]
9. Not visible
10. Not visible
11. Not visible

[PEDESTRIAN & CHILD SAFETY]
12. Not visible
13. Not visible
14. Not visible"
vlm_runs/2026-06-08,LP_Farmers_Market_Restroom_3_20260608T121500.jpg,minio,,vlm_runs/2026-06-08/LP_Farmers_Market_Restroom_3/LP_Farmers_Market_Restroom_3_20260608T121500.jpg,vehicle_prompts,done,2026-06-09T14:33:47.350257+00:00,,0.934,0.934,0,nvidia/cosmos-reason2-8b,"<0.0> 
[GENERAL VEHICLE SAFETY]
1. Not visible
2. Not visible

[COLLISIONS & NEAR MISSES]
3. Not visible
4. Not visible

[PARKING & ACCESS VIOLATIONS]
5. Not visible
6. Not visible

[SUSPICIOUS VEHICLE BEHAVIOR]
7. Not visible
8. Not visible

[VEHICLE IDENTIFICATION]
9. Not visible
10. Not visible
11. Not visible

[PEDESTRIAN & CHILD SAFETY]
12. Not visible
13. Not visible
14. Not visible"
vlm_runs/2026-06-08,LP_Farmers_Market_Restroom_3_20260608T133000.jpg,minio,,vlm_runs/2026-06-08/LP_Farmers_Market_Restroom_3/LP_Farmers_Market_Restroom_3_20260608T133000.jpg,vehicle_prompts,done,2026-06-09T14:33:47.350274+00:00,,0.904,0.904,0,nvidia/cosmos-reason2-8b,"<0.0> 
[GENERAL VEHICLE SAFETY]
1. Not visible
2. Not visible

[COLLISIONS & NEAR MISSES]
3. Not visible
4. Not visible

[PARKING & ACCESS VIOLATIONS]
5. Not visible
6. Not visible

[SUSPICIOUS VEHICLE BEHAVIOR]
7. Not visible
8. Not visible

[VEHICLE IDENTIFICATION]
9. Not visible
10. Not visible
11. Not visible

[PEDESTRIAN & CHILD SAFETY]
12. Not visible
13. Not visible
14. Not visible"
vlm_runs/2026-06-08,LP_Farmers_Market_Restroom_3_20260608T124500.jpg,minio,,vlm_runs/2026-06-08/LP_Farmers_Market_Restroom_3/LP_Farmers_Market_Restroom_3_20260608T124500.jpg,vehicle_prompts,done,2026-06-09T14:33:47.350264+00:00,,1.198,1.198,0,nvidia/cosmos-reason2-8b,"<0.0> 
[GENERAL VEHICLE SAFETY]
1. Not visible
2. Not visible

[COLLISIONS & NEAR MISSES]
3. Not visible
4. Not visible

[PARKING & ACCESS VIOLATIONS]
5. Not visible
6. Not visible

[SUSPICIOUS VEHICLE BEHAVIOR]
7. Not visible
8. Not visible

[VEHICLE IDENTIFICATION]
9. Not visible
10. Not visible
11. Not visible

[PEDESTRIAN & CHILD SAFETY]
12. Not visible
13. Not visible
14. Not visible"
vlm_runs/2026-06-08,LP_Farmers_Market_Restroom_3_20260608T131500.jpg,minio,,vlm_runs/2026-06-08/LP_Farmers_Market_Restroom_3/LP_Farmers_Market_Restroom_3_20260608T131500.jpg,vehicle_prompts,done,2026-06-09T14:33:47.350271+00:00,,1.273,1.273,0,nvidia/cosmos-reason2-8b,Not visible
vlm_runs/2026-06-08,LP_Farmers_Market_Restroom_3_20260608T134500.jpg,minio,,vlm_runs/2026-06-08/LP_Farmers_Market_Restroom_3/LP_Farmers_Market_Restroom_3_20260608T134500.jpg,vehicle_prompts,done,2026-06-09T14:33:47.350278+00:00,,1.102,1.102,0,nvidia/cosmos-reason2-8b,"<0.0> 
[GENERAL VEHICLE SAFETY]
1. Not visible
2. Not visible

[COLLISIONS & NEAR MISSES]
3. Not visible
4. Not visible

[PARKING & ACCESS VIOLATIONS]
5. Not visible
6. Not visible

[SUSPICIOUS VEHICLE BEHAVIOR]
7. Not visible
8. Not visible

[VEHICLE IDENTIFICATION]
9. Not visible
10. Not visible
11. Not visible

[PEDESTRIAN & CHILD SAFETY]
12. Not visible
13. Not visible
14. Not visible"
vlm_runs/2026-06-08,LP_Farmers_Market_Restroom_3_20260608T140000.jpg,minio,,vlm_runs/2026-06-08/LP_Farmers_Market_Restroom_3/LP_Farmers_Market_Restroom_3_20260608T140000.jpg,vehicle_prompts,done,2026-06-09T14:33:47.350282+00:00,,1.183,1.183,0,nvidia/cosmos-reason2-8b,"<0.0> 
[GENERAL VEHICLE SAFETY]
1. Not visible
2. Not visible

[COLLISIONS & NEAR MISSES]
3. Not visible
4. Not visible

[PARKING & ACCESS VIOLATIONS]
5. Not visible
6. Not visible

[SUSPICIOUS VEHICLE BEHAVIOR]
7. Not visible
8. Not visible

[VEHICLE IDENTIFICATION]
9. Not visible
10. Not visible
11. Not visible

[PEDESTRIAN & CHILD SAFETY]
12. Not visible
13. Not visible
14. Not visible"
vlm_runs/2026-06-08,LP_Farmers_Market_Restroom_3_20260608T130000.jpg,minio,,vlm_runs/2026-06-08/LP_Farmers_Market_Restroom_3/LP_Farmers_Market_Restroom_3_20260608T130000.jpg,vehicle_prompts,done,2026-06-09T14:33:47.350268+00:00,,2.057,2.057,0,nvidia/cosmos-reason2-8b,"<0.0> 
[GENERAL VEHICLE SAFETY]
1. Not visible
2. Not visible

[COLLISIONS & NEAR MISSES]
3. Not visible
4. Not visible

[PARKING & ACCESS VIOLATIONS]
5. Not visible
6. Not visible

[SUSPICIOUS VEHICLE BEHAVIOR]
7. Not visible
8. Not visible

[VEHICLE IDENTIFICATION]
9. Not visible
10. Not visible
11. Not visible

[PEDESTRIAN & CHILD SAFETY]
12. Not visible
13. Not visible
14. Not visible"
vlm_runs/2026-06-08,LP_Farmers_Market_Restroom_3_20260608T114500.jpg,minio,,vlm_runs/2026-06-08/LP_Farmers_Market_Restroom_3/LP_Farmers_Market_Restroom_3_20260608T114500.jpg,vehicle_prompts,done,2026-06-09T14:33:47.350250+00:00,,3.254,3.254,0,nvidia/cosmos-reason2-8b,"<0.0> 
[GENERAL VEHICLE SAFETY]
1. Not visible
2. Not visible

[COLLISIONS & NEAR MISSES]
3. Not visible
4. Not visible

[PARKING & ACCESS VIOLATIONS]
5. Not visible
6. Not visible

[SUSPICIOUS VEHICLE BEHAVIOR]
7. Not visible
8. Not visible

[VEHICLE IDENTIFICATION]
9. Not visible
10. Not visible
11. Not visible

[PEDESTRIAN & CHILD SAFETY]
12. Not visible
13. Not visible
14. Not visible"
vlm_runs/2026-06-08,LP_Farmers_Market_Restroom_3_20260608T150000.jpg,minio,,vlm_runs/2026-06-08/LP_Farmers_Market_Restroom_3/LP_Farmers_Market_Restroom_3_20260608T150000.jpg,vehicle_prompts,done,2026-06-09T14:33:47.350296+00:00,,0.768,0.768,0,nvidia/cosmos-reason2-8b,Visible timestamps: 0.0
vlm_runs/2026-06-08,LP_Farmers_Market_Restroom_3_20260608T141500.jpg,minio,,vlm_runs/2026-06-08/LP_Farmers_Market_Restroom_3/LP_Farmers_Market_Restroom_3_20260608T141500.jpg,vehicle_prompts,done,2026-06-09T14:33:47.350285+00:00,,1.276,1.276,0,nvidia/cosmos-reason2-8b,"<0.0> 
[GENERAL VEHICLE SAFETY]
1. Not visible
2. Not visible

[COLLISIONS & NEAR MISSES]
3. Not visible
4. Not visible

[PARKING & ACCESS VIOLATIONS]
5. Not visible
6. Not visible

[SUSPICIOUS VEHICLE BEHAVIOR]
7. Not visible
8. Not visible

[VEHICLE IDENTIFICATION]
9. Not visible
10. Not visible
11. Not visible

[PEDESTRIAN & CHILD SAFETY]
12. Not visible
13. Not visible
14. Not visible"
vlm_runs/2026-06-08,LP_Farmers_Market_Restroom_3_20260608T123000.jpg,minio,,vlm_runs/2026-06-08/LP_Farmers_Market_Restroom_3/LP_Farmers_Market_Restroom_3_20260608T123000.jpg,vehicle_prompts,done,2026-06-09T14:33:47.350260+00:00,,2.648,2.648,0,nvidia/cosmos-reason2-8b,"<0.0> 
[GENERAL VEHICLE SAFETY]
1. Not visible
2. Not visible

[COLLISIONS & NEAR MISSES]
3. Not visible
4. Not visible

[PARKING & ACCESS VIOLATIONS]
5. Not visible
6. Not visible

[SUSPICIOUS VEHICLE BEHAVIOR]
7. Not visible
8. Not visible

[VEHICLE IDENTIFICATION]
9. Not visible
10. Not visible
11. Not visible

[PEDESTRIAN & CHILD SAFETY]
12. Not visible
13. Not visible
14. Not visible"
vlm_runs/2026-06-08,LP_Farmers_Market_Restroom_3_20260608T144500.jpg,minio,,vlm_runs/2026-06-08/LP_Farmers_Market_Restroom_3/LP_Farmers_Market_Restroom_3_20260608T144500.jpg,vehicle_prompts,done,2026-06-09T14:33:47.350292+00:00,,1.492,1.492,0,nvidia/cosmos-reason2-8b,"<0.0> 
[GENERAL VEHICLE SAFETY]
1. Not visible
2. Not visible

[COLLISIONS & NEAR MISSES]
3. Not visible
4. Not visible

[PARKING & ACCESS VIOLATIONS]
5. Not visible
6. Not visible

[SUSPICIOUS VEHICLE BEHAVIOR]
7. Not visible
8. Not visible

[VEHICLE IDENTIFICATION]
9. Not visible
10. Not visible
11. Not visible

[PEDESTRIAN & CHILD SAFETY]
12. Not visible
13. Not visible
14. Not visible"
vlm_runs/2026-06-08,LP_Farmers_Market_Restroom_3_20260608T143000.jpg,minio,,vlm_runs/2026-06-08/LP_Farmers_Market_Restroom_3/LP_Farmers_Market_Restroom_3_20260608T143000.jpg,vehicle_prompts,done,2026-06-09T14:33:47.350289+00:00,,2.027,2.027,0,nvidia/cosmos-reason2-8b,"<0.0> 
[GENERAL VEHICLE SAFETY]
1. Not visible
2. Not visible

[COLLISIONS & NEAR MISSES]
3. Not visible
4. Not visible

[PARKING & ACCESS VIOLATIONS]
5. Not visible
6. Not visible

[SUSPICIOUS VEHICLE BEHAVIOR]
7. Not visible
8. Not visible

[VEHICLE IDENTIFICATION]
9. Not visible
10. Not visible
11. Not visible

[PEDESTRIAN & CHILD SAFETY]
12. Not visible
13. Not visible
14. Not visible"
vlm_runs/2026-06-08,LP_Farmers_Market_Restroom_3_20260608T160000.jpg,minio,,vlm_runs/2026-06-08/LP_Farmers_Market_Restroom_3/LP_Farmers_Market_Restroom_3_20260608T160000.jpg,vehicle_prompts,done,2026-06-09T14:33:47.350311+00:00,,1.154,1.154,0,nvidia/cosmos-reason2-8b,"<0.0> 
[GENERAL VEHICLE SAFETY]
1. Not visible
2. Not visible

[COLLISIONS & NEAR MISSES]
3. Not visible
4. Not visible

[PARKING & ACCESS VIOLATIONS]
5. Not visible
6. Not visible

[SUSPICIOUS VEHICLE BEHAVIOR]
7. Not visible
8. Not visible

[VEHICLE IDENTIFICATION]
9. Not visible
10. Not visible
11. Not visible

[PEDESTRIAN & CHILD SAFETY]
12. Not visible
13. Not visible
14. Not visible"
vlm_runs/2026-06-08,LP_Farmers_Market_Restroom_3_20260608T161500.jpg,minio,,vlm_runs/2026-06-08/LP_Farmers_Market_Restroom_3/LP_Farmers_Market_Restroom_3_20260608T161500.jpg,vehicle_prompts,done,2026-06-09T14:33:47.350315+00:00,,1.121,1.121,0,nvidia/cosmos-reason2-8b,"<0.0> 
[GENERAL VEHICLE SAFETY]
1. Not visible
2. Not visible

[COLLISIONS & NEAR MISSES]
3. Not visible
4. Not visible

[PARKING & ACCESS VIOLATIONS]
5. Not visible
6. Not visible

[SUSPICIOUS VEHICLE BEHAVIOR]
7. Not visible
8. Not visible

[VEHICLE IDENTIFICATION]
9. Not visible
10. Not visible
11. Not visible

[PEDESTRIAN & CHILD SAFETY]
12. Not visible
13. Not visible
14. Not visible"
vlm_runs/2026-06-08,LP_Farmers_Market_Restroom_3_20260608T153000.jpg,minio,,vlm_runs/2026-06-08/LP_Farmers_Market_Restroom_3/LP_Farmers_Market_Restroom_3_20260608T153000.jpg,vehicle_prompts,done,2026-06-09T14:33:47.350303+00:00,,1.939,1.939,0,nvidia/cosmos-reason2-8b,"<0.0> 
[GENERAL VEHICLE SAFETY]
1. Not visible
2. Not visible

[COLLISIONS & NEAR MISSES]
3. Not visible
4. Not visible

[PARKING & ACCESS VIOLATIONS]
5. Not visible
6. Not visible

[SUSPICIOUS VEHICLE BEHAVIOR]
7. Not visible
8. Not visible

[VEHICLE IDENTIFICATION]
9. Not visible
10. Not visible
11. Not visible

[PEDESTRIAN & CHILD SAFETY]
12. Not visible
13. Not visible
14. Not visible"
vlm_runs/2026-06-08,LP_Farmers_Market_Restroom_3_20260608T151500.jpg,minio,,vlm_runs/2026-06-08/LP_Farmers_Market_Restroom_3/LP_Farmers_Market_Restroom_3_20260608T151500.jpg,vehicle_prompts,done,2026-06-09T14:33:47.350299+00:00,,2.171,2.171,0,nvidia/cosmos-reason2-8b,"<0.0> 
[GENERAL VEHICLE SAFETY]
1. Not visible
2. Not visible

[COLLISIONS & NEAR MISSES]
3. Not visible
4. Not visible

[PARKING & ACCESS VIOLATIONS]
5. Not visible
6. Not visible

[SUSPICIOUS VEHICLE BEHAVIOR]
7. Not visible
8. Not visible

[VEHICLE IDENTIFICATION]
9. Not visible
10. Not visible
11. Not visible

[PEDESTRIAN & CHILD SAFETY]
12. Not visible
13. Not visible
14. Not visible"
vlm_runs/2026-06-08,LP_Farmers_Market_Restroom_3_20260608T163000.jpg,minio,,vlm_runs/2026-06-08/LP_Farmers_Market_Restroom_3/LP_Farmers_Market_Restroom_3_20260608T163000.jpg,vehicle_prompts,done,2026-06-09T14:33:47.350319+00:00,,1.705,1.705,0,nvidia/cosmos-reason2-8b,"<0.0> 
[GENERAL VEHICLE SAFETY]
1. Not visible
2. Not visible

[COLLISIONS & NEAR MISSES]
3. Not visible
4. Not visible

[PARKING & ACCESS VIOLATIONS]
5. Not visible
6. Not visible

[SUSPICIOUS VEHICLE BEHAVIOR]
7. Not visible
8. Not visible

[VEHICLE IDENTIFICATION]
9. Not visible
10. Not visible
11. Not visible

[PEDESTRIAN & CHILD SAFETY]
12. Not visible
13. Not visible
14. Not visible"
vlm_runs/2026-06-08,LP_Farmers_Market_Restroom_3_20260608T154500.jpg,minio,,vlm_runs/2026-06-08/LP_Farmers_Market_Restroom_3/LP_Farmers_Market_Restroom_3_20260608T154500.jpg,vehicle_prompts,done,2026-06-09T14:33:47.350307+00:00,,2.265,2.265,0,nvidia/cosmos-reason2-8b,"<0.0> 
[GENERAL VEHICLE SAFETY]
1. Not visible
2. Not visible

[COLLISIONS & NEAR MISSES]
3. Not visible
4. Not visible

[PARKING & ACCESS VIOLATIONS]
5. Not visible
6. Not visible

[SUSPICIOUS VEHICLE BEHAVIOR]
7. Not visible
8. Not visible

[VEHICLE IDENTIFICATION]
9. Not visible
10. Not visible
11. Not visible

[PEDESTRIAN & CHILD SAFETY]
12. Not visible
13. Not visible
14. Not visible"
vlm_runs/2026-06-08,LP_Farmers_Market_Restroom_3_20260608T170000.jpg,minio,,vlm_runs/2026-06-08/LP_Farmers_Market_Restroom_3/LP_Farmers_Market_Restroom_3_20260608T170000.jpg,vehicle_prompts,done,2026-06-09T14:33:47.350326+00:00,,1.179,1.179,0,nvidia/cosmos-reason2-8b,"<0.0> 
GENERAL VEHICLE SAFETY
1. Not visible
2. Not visible

COLLISIONS & NEAR MISSES
3. Not visible
4. Not visible

PARKING & ACCESS VIOLATIONS
5. Not visible
6. Not visible

SUSPICIOUS VEHICLE BEHAVIOR
7. Not visible
8. Not visible

VEHICLE IDENTIFICATION
9. Not visible
10. Not visible
11. Not visible

PEDESTRIAN & CHILD SAFETY
12. Not visible
13. Not visible
14. Not visible"
vlm_runs/2026-06-08,LP_Farmers_Market_Restroom_3_20260608T164500.jpg,minio,,vlm_runs/2026-06-08/LP_Farmers_Market_Restroom_3/LP_Farmers_Market_Restroom_3_20260608T164500.jpg,vehicle_prompts,done,2026-06-09T14:33:47.350323+00:00,,1.856,1.856,0,nvidia/cosmos-reason2-8b,"<0.0> 
[GENERAL VEHICLE SAFETY]
1. Not visible
2. Not visible

[COLLISIONS & NEAR MISSES]
3. Not visible
4. Not visible

[PARKING & ACCESS VIOLATIONS]
5. Not visible
6. Not visible

[SUSPICIOUS VEHICLE BEHAVIOR]
7. Not visible
8. Not visible

[VEHICLE IDENTIFICATION]
9. Not visible
10. Not visible
11. Not visible

[PEDESTRIAN & CHILD SAFETY]
12. Not visible
13. Not visible
14. Not visible"
vlm_runs/2026-06-08,LP_Farmers_Market_Restroom_3_20260608T171500.jpg,minio,,vlm_runs/2026-06-08/LP_Farmers_Market_Restroom_3/LP_Farmers_Market_Restroom_3_20260608T171500.jpg,vehicle_prompts,done,2026-06-09T14:33:47.350331+00:00,,1.448,1.448,0,nvidia/cosmos-reason2-8b,"<0.0> 
[GENERAL VEHICLE SAFETY]
1. Not visible
2. Not visible

[COLLISIONS & NEAR MISSES]
3. Not visible
4. Not visible

[PARKING & ACCESS VIOLATIONS]
5. Not visible
6. Not visible

[SUSPICIOUS VEHICLE BEHAVIOR]
7. Not visible
8. Not visible

[VEHICLE IDENTIFICATION]
9. Not visible
10. Not visible
11. Not visible

[PEDESTRIAN & CHILD SAFETY]
12. Not visible
13. Not visible
14. Not visible"
vlm_runs/2026-06-08,LP_Farmers_Market_Restroom_3_20260608T180000.jpg,minio,,vlm_runs/2026-06-08/LP_Farmers_Market_Restroom_3/LP_Farmers_Market_Restroom_3_20260608T180000.jpg,vehicle_prompts,done,2026-06-09T14:33:47.350342+00:00,,0.861,0.861,0,nvidia/cosmos-reason2-8b,"<0.0> 
[GENERAL VEHICLE SAFETY]
1. Not visible
2. Not visible

[COLLISIONS & NEAR MISSES]
3. Not visible
4. Not visible

[PARKING & ACCESS VIOLATIONS]
5. Not visible
6. Not visible

[SUSPICIOUS VEHICLE BEHAVIOR]
7. Not visible
8. Not visible

[VEHICLE IDENTIFICATION]
9. Not visible
10. Not visible
11. Not visible

[PEDESTRIAN & CHILD SAFETY]
12. Not visible
13. Not visible
14. Not visible"
vlm_runs/2026-06-08,LP_Farmers_Market_Restroom_3_20260608T181500.jpg,minio,,vlm_runs/2026-06-08/LP_Farmers_Market_Restroom_3/LP_Farmers_Market_Restroom_3_20260608T181500.jpg,vehicle_prompts,done,2026-06-09T14:33:47.350345+00:00,,0.911,0.911,0,nvidia/cosmos-reason2-8b,"<0.0> 
[GENERAL VEHICLE SAFETY]
1. Not visible
2. Not visible

[COLLISIONS & NEAR MISSES]
3. Not visible
4. Not visible

[PARKING & ACCESS VIOLATIONS]
5. Not visible
6. Not visible

[SUSPICIOUS VEHICLE BEHAVIOR]
7. Not visible
8. Not visible

[VEHICLE IDENTIFICATION]
9. Not visible
10. Not visible
11. Not visible

[PEDESTRIAN & CHILD SAFETY]
12. Not visible
13. Not visible
14. Not visible"
vlm_runs/2026-06-08,LP_Farmers_Market_Restroom_3_20260608T174500.jpg,minio,,vlm_runs/2026-06-08/LP_Farmers_Market_Restroom_3/LP_Farmers_Market_Restroom_3_20260608T174500.jpg,vehicle_prompts,done,2026-06-09T14:33:47.350338+00:00,,1.252,1.252,0,nvidia/cosmos-reason2-8b,"<0.0> 
1. Not visible
2. Not visible
3. Not visible
4. Not visible
5. Not visible
6. Not visible
7. Not visible
8. Not visible
9. Not visible
10. Not visible
11. Not visible
12. Not visible
13. Not visible
14. Not visible"
vlm_runs/2026-06-08,LP_Farmers_Market_Restroom_3_20260608T184500.jpg,minio,,vlm_runs/2026-06-08/LP_Farmers_Market_Restroom_3/LP_Farmers_Market_Restroom_3_20260608T184500.jpg,vehicle_prompts,done,2026-06-09T14:33:47.350353+00:00,,0.939,0.939,0,nvidia/cosmos-reason2-8b,"<0.0> 
[GENERAL VEHICLE SAFETY]
1. Not visible
2. Not visible

[COLLISIONS & NEAR MISSES]
3. Not visible
4. Not visible

[PARKING & ACCESS VIOLATIONS]
5. Not visible
6. Not visible

[SUSPICIOUS VEHICLE BEHAVIOR]
7. Not visible
8. Not visible

[VEHICLE IDENTIFICATION]
9. Not visible
10. Not visible
11. Not visible

[PEDESTRIAN & CHILD SAFETY]
12. Not visible
13. Not visible
14. Not visible"
vlm_runs/2026-06-08,LP_Farmers_Market_Restroom_3_20260608T191500.jpg,minio,,vlm_runs/2026-06-08/LP_Farmers_Market_Restroom_3/LP_Farmers_Market_Restroom_3_20260608T191500.jpg,vehicle_prompts,done,2026-06-09T14:33:47.350360+00:00,,0.839,0.839,0,nvidia/cosmos-reason2-8b,"<0.0> 
GENERAL VEHICLE SAFETY
1. Not visible
2. Not visible

COLLISIONS & NEAR MISSES
3. Not visible
4. Not visible

PARKING & ACCESS VIOLATIONS
5. Not visible
6. Not visible

SUSPICIOUS VEHICLE BEHAVIOR
7. Not visible
8. Not visible

VEHICLE IDENTIFICATION
9. Not visible
10. Not visible
11. Not visible

PEDESTRIAN & CHILD SAFETY
12. Not visible
13. Not visible
14. Not visible"
vlm_runs/2026-06-08,LP_Farmers_Market_Restroom_3_20260608T173000.jpg,minio,,vlm_runs/2026-06-08/LP_Farmers_Market_Restroom_3/LP_Farmers_Market_Restroom_3_20260608T173000.jpg,vehicle_prompts,done,2026-06-09T14:33:47.350335+00:00,,2.322,2.322,0,nvidia/cosmos-reason2-8b,"<0.0> 
[GENERAL VEHICLE SAFETY]
1. Not visible
2. Not visible

[COLLISIONS & NEAR MISSES]
3. Not visible
4. Not visible

[PARKING & ACCESS VIOLATIONS]
5. Not visible
6. Not visible

[SUSPICIOUS VEHICLE BEHAVIOR]
7. Not visible
8. Not visible

[VEHICLE IDENTIFICATION]
9. Not visible
10. Not visible
11. Not visible

[PEDESTRIAN & CHILD SAFETY]
12. Not visible
13. Not visible
14. Not visible"
vlm_runs/2026-06-08,LP_Farmers_Market_Restroom_3_20260608T193000.jpg,minio,,vlm_runs/2026-06-08/LP_Farmers_Market_Restroom_3/LP_Farmers_Market_Restroom_3_20260608T193000.jpg,vehicle_prompts,done,2026-06-09T14:33:47.350364+00:00,,1.053,1.053,0,nvidia/cosmos-reason2-8b,"<0.0> 
[GENERAL VEHICLE SAFETY]
1. Not visible
2. Not visible

[COLLISIONS & NEAR MISSES]
3. Not visible
4. Not visible

[PARKING & ACCESS VIOLATIONS]
5. Not visible
6. Not visible

[SUSPICIOUS VEHICLE BEHAVIOR]
7. Not visible
8. Not visible

[VEHICLE IDENTIFICATION]
9. Not visible
10. Not visible
11. Not visible

[PEDESTRIAN & CHILD SAFETY]
12. Not visible
13. Not visible
14. Not visible"
vlm_runs/2026-06-08,LP_Farmers_Market_Restroom_3_20260608T183000.jpg,minio,,vlm_runs/2026-06-08/LP_Farmers_Market_Restroom_3/LP_Farmers_Market_Restroom_3_20260608T183000.jpg,vehicle_prompts,done,2026-06-09T14:33:47.350349+00:00,,1.759,1.759,0,nvidia/cosmos-reason2-8b,"<0.0> 
[GENERAL VEHICLE SAFETY]
1. Not visible
2. Not visible

[COLLISIONS & NEAR MISSES]
3. Not visible
4. Not visible

[PARKING & ACCESS VIOLATIONS]
5. Not visible
6. Not visible

[SUSPICIOUS VEHICLE BEHAVIOR]
7. Not visible
8. Not visible

[VEHICLE IDENTIFICATION]
9. Not visible
10. Not visible
11. Not visible

[PEDESTRIAN & CHILD SAFETY]
12. Not visible
13. Not visible
14. Not visible"
vlm_runs/2026-06-08,LP_Farmers_Market_Restroom_3_20260608T201500.jpg,minio,,vlm_runs/2026-06-08/LP_Farmers_Market_Restroom_3/LP_Farmers_Market_Restroom_3_20260608T201500.jpg,vehicle_prompts,done,2026-06-09T14:33:47.350375+00:00,,1.119,1.119,0,nvidia/cosmos-reason2-8b,"Visible timestamps: 0.0s

[GENERAL VEHICLE SAFETY]
1. Not visible
2. Not visible

[COLLISIONS & NEAR MISSES]
3. Not visible
4. Not visible

[PARKING & ACCESS VIOLATIONS]
5. Not visible
6. Not visible

[SUSPICIOUS VEHICLE BEHAVIOR]
7. Not visible
8. Not visible

[VEHICLE IDENTIFICATION]
9. Not visible
10. Not visible
11. Not visible

[PEDESTRIAN & CHILD SAFETY]
12. Not visible
13. Not visible
14. Not visible"
vlm_runs/2026-06-08,LP_Farmers_Market_Restroom_3_20260608T190000.jpg,minio,,vlm_runs/2026-06-08/LP_Farmers_Market_Restroom_3/LP_Farmers_Market_Restroom_3_20260608T190000.jpg,vehicle_prompts,done,2026-06-09T14:33:47.350356+00:00,,1.75,1.75,0,nvidia/cosmos-reason2-8b,"<0.0> 
[GENERAL VEHICLE SAFETY]
1. Not visible
2. Not visible

[COLLISIONS & NEAR MISSES]
3. Not visible
4. Not visible

[PARKING & ACCESS VIOLATIONS]
5. Not visible
6. Not visible

[SUSPICIOUS VEHICLE BEHAVIOR]
7. Not visible
8. Not visible

[VEHICLE IDENTIFICATION]
9. Not visible
10. Not visible
11. Not visible

[PEDESTRIAN & CHILD SAFETY]
12. Not visible
13. Not visible
14. Not visible"
vlm_runs/2026-06-08,LP_Farmers_Market_Restroom_3_20260608T194500.jpg,minio,,vlm_runs/2026-06-08/LP_Farmers_Market_Restroom_3/LP_Farmers_Market_Restroom_3_20260608T194500.jpg,vehicle_prompts,done,2026-06-09T14:33:47.350368+00:00,,1.469,1.469,0,nvidia/cosmos-reason2-8b,"Visible timestamps: <0.0>

Not visible"
vlm_runs/2026-06-08,LP_Farmers_Market_Restroom_3_20260608T203000.jpg,minio,,vlm_runs/2026-06-08/LP_Farmers_Market_Restroom_3/LP_Farmers_Market_Restroom_3_20260608T203000.jpg,vehicle_prompts,done,2026-06-09T14:33:47.350379+00:00,,1.165,1.165,0,nvidia/cosmos-reason2-8b,"Timestamp: <0.0> 
All vehicles are parked and not moving, so no unsafe speed can be assessed. No collisions or near-misses are observed. No vehicles are in fire lanes, emergency corridors, or no-stopping zones. No vehicles are in wrong-way or restricted areas. No threatening maneuvers or pursuits are observed. No suspicious contact with parked vehicles is observed. No vehicles have obscured or no plates. No individuals are struck or injured. No near misses of individuals are observed. No children are at risk."
vlm_runs/2026-06-08,LP_Farmers_Market_Restroom_3_20260608T210000.jpg,minio,,vlm_runs/2026-06-08/LP_Farmers_Market_Restroom_3/LP_Farmers_Market_Restroom_3_20260608T210000.jpg,vehicle_prompts,done,2026-06-09T14:33:47.350386+00:00,,1.047,1.047,0,nvidia/cosmos-reason2-8b,"<0.0> 
1. Not visible
2. Not visible
3. Not visible
4. Not visible
5. Not visible
6. Not visible
7. Not visible
8. Not visible
9. Not visible
10. Not visible
11. Not visible
12. Not visible
13. Not visible
14. Not visible"
vlm_runs/2026-06-08,LP_Farmers_Market_Restroom_3_20260608T204500.jpg,minio,,vlm_runs/2026-06-08/LP_Farmers_Market_Restroom_3/LP_Farmers_Market_Restroom_3_20260608T204500.jpg,vehicle_prompts,done,2026-06-09T14:33:47.350382+00:00,,1.314,1.314,0,nvidia/cosmos-reason2-8b,"<0.0> 
[GENERAL VEHICLE SAFETY]
1. Not visible
2. Not visible

[COLLISIONS & NEAR MISSES]
3. Not visible
4. Not visible

[PARKING & ACCESS VIOLATIONS]
5. Not visible
6. Not visible

[SUSPICIOUS VEHICLE BEHAVIOR]
7. Not visible
8. Not visible

[VEHICLE IDENTIFICATION]
9. Not visible
10. Not visible
11. Not visible

[PEDESTRIAN & CHILD SAFETY]
12. Not visible
13. Not visible
14. Not visible"
vlm_runs/2026-06-08,LP_Farmers_Market_Restroom_3_20260608T211500.jpg,minio,,vlm_runs/2026-06-08/LP_Farmers_Market_Restroom_3/LP_Farmers_Market_Restroom_3_20260608T211500.jpg,vehicle_prompts,done,2026-06-09T14:33:47.350389+00:00,,1.158,1.158,0,nvidia/cosmos-reason2-8b,0.0 1. Not visible 2. Not visible 3. Not visible 4. Not visible 5. Not visible 6. Not visible 7. Not visible 8. Not visible 9. Not visible 10. Not visible 11. Not visible 12. Not visible 13. Not visible 14. Not visible
vlm_runs/2026-06-08,LP_Farmers_Market_Restroom_3_20260608T214500.jpg,minio,,vlm_runs/2026-06-08/LP_Farmers_Market_Restroom_3/LP_Farmers_Market_Restroom_3_20260608T214500.jpg,vehicle_prompts,done,2026-06-09T14:33:47.350397+00:00,,0.832,0.832,0,nvidia/cosmos-reason2-8b,0.0s
vlm_runs/2026-06-08,LP_Farmers_Market_Restroom_3_20260608T213000.jpg,minio,,vlm_runs/2026-06-08/LP_Farmers_Market_Restroom_3/LP_Farmers_Market_Restroom_3_20260608T213000.jpg,vehicle_prompts,done,2026-06-09T14:33:47.350393+00:00,,1.157,1.157,0,nvidia/cosmos-reason2-8b,0.0 1. Not visible 2. Not visible 3. Not visible 4. Not visible 5. Not visible 6. Not visible 7. Not visible 8. Not visible 9. Not visible 10. Not visible 11. Not visible 12. Not visible 13. Not visible 14. Not visible
vlm_runs/2026-06-08,LP_Farmers_Market_Restroom_3_20260608T200000.jpg,minio,,vlm_runs/2026-06-08/LP_Farmers_Market_Restroom_3/LP_Farmers_Market_Restroom_3_20260608T200000.jpg,vehicle_prompts,done,2026-06-09T14:33:47.350371+00:00,,2.53,2.53,0,nvidia/cosmos-reason2-8b," timestamp: <0.0> 
1. Not visible
2. Not visible
3. Not visible
4. Not visible
5. Not visible
6. Not visible
7. Not visible
8. Not visible
9. Not visible
10. Not visible
11. Not visible
12. Not visible
13. Not visible
14. Not visible"
vlm_runs/2026-06-08,LP_Farmers_Market_Restroom_3_20260608T224500.jpg,minio,,vlm_runs/2026-06-08/LP_Farmers_Market_Restroom_3/LP_Farmers_Market_Restroom_3_20260608T224500.jpg,vehicle_prompts,done,2026-06-09T14:33:47.350411+00:00,,0.818,0.818,0,nvidia/cosmos-reason2-8b,0.0
vlm_runs/2026-06-08,LP_Farmers_Market_Restroom_3_20260608T220000.jpg,minio,,vlm_runs/2026-06-08/LP_Farmers_Market_Restroom_3/LP_Farmers_Market_Restroom_3_20260608T220000.jpg,vehicle_prompts,done,2026-06-09T14:33:47.350400+00:00,,2.013,2.013,0,nvidia/cosmos-reason2-8b,"0.0 s, 1. Not visible. 2. Not visible. 3. Not visible. 4. Not visible. 5. Not visible. 6. Not visible. 7. Not visible. 8. Not visible. 9. Not visible. 10. Not visible. 11. Not visible. 12. Not visible. 13. Not visible. 14. Not visible."
vlm_runs/2026-06-08,LP_Farmers_Market_Restroom_3_20260608T223000.jpg,minio,,vlm_runs/2026-06-08/LP_Farmers_Market_Restroom_3/LP_Farmers_Market_Restroom_3_20260608T223000.jpg,vehicle_prompts,done,2026-06-09T14:33:47.350407+00:00,,1.551,1.551,0,nvidia/cosmos-reason2-8b,"Timestamp: <0.0> 
1. Not visible
2. Not visible
3. Not visible
4. Not visible
5. Not visible
6. Not visible
7. Not visible
8. Not visible
9. Not visible
10. Not visible
11. Not visible
12. Not visible
13. Not visible
14. Not visible"
vlm_runs/2026-06-08,LP_Farmers_Market_Restroom_3_20260608T230000.jpg,minio,,vlm_runs/2026-06-08/LP_Farmers_Market_Restroom_3/LP_Farmers_Market_Restroom_3_20260608T230000.jpg,vehicle_prompts,done,2026-06-09T14:33:47.350414+00:00,,1.405,1.405,0,nvidia/cosmos-reason2-8b,0.0 1. Not visible 2. Not visible 3. Not visible 4. Not visible 5. Not visible 6. Not visible 7. Not visible 8. Not visible 9. Not visible 10. Not visible 11. Not visible 12. Not visible 13. Not visible 14. Not visible
vlm_runs/2026-06-08,LP_Farmers_Market_Restroom_3_20260608T231500.jpg,minio,,vlm_runs/2026-06-08/LP_Farmers_Market_Restroom_3/LP_Farmers_Market_Restroom_3_20260608T231500.jpg,vehicle_prompts,done,2026-06-09T14:33:47.350418+00:00,,1.467,1.467,0,nvidia/cosmos-reason2-8b,"Timestamp: <0.0> 

All vehicles are parked and stationary, with no visible movement or interaction. There are no collisions, near misses, or suspicious behavior observed. The vehicles are properly parked in designated areas, and there are no violations of parking rules or access restrictions. No individuals are present in the scene, so there are no pedestrian-related concerns."
vlm_runs/2026-06-08,LP_Farmers_Market_Restroom_3_20260608T221500.jpg,minio,,vlm_runs/2026-06-08/LP_Farmers_Market_Restroom_3/LP_Farmers_Market_Restroom_3_20260608T221500.jpg,vehicle_prompts,done,2026-06-09T14:33:47.350404+00:00,,1.939,1.939,0,nvidia/cosmos-reason2-8b,"Visible timestamps: 0.0s

Not visible"
vlm_runs/2026-06-08,LP_Farmers_Market_Restroom_3_20260608T234500.jpg,minio,,vlm_runs/2026-06-08/LP_Farmers_Market_Restroom_3/LP_Farmers_Market_Restroom_3_20260608T234500.jpg,vehicle_prompts,done,2026-06-09T14:33:47.350424+00:00,,1.094,1.094,0,nvidia/cosmos-reason2-8b,"Visible timestamps: <0.0>

1. Not visible
2. Not visible
3. Not visible
4. Not visible
5. Not visible
6. Not visible
7. Not visible
8. Not visible
9. Not visible
10. Not visible
11. Not visible
12. Not visible
13. Not visible
14. Not visible"
vlm_runs/2026-06-08,LP_Farmers_Market_Restroom_3_20260608T233000.jpg,minio,,vlm_runs/2026-06-08/LP_Farmers_Market_Restroom_3/LP_Farmers_Market_Restroom_3_20260608T233000.jpg,vehicle_prompts,done,2026-06-09T14:33:47.350421+00:00,,1.46,1.46,0,nvidia/cosmos-reason2-8b,"Timestamp: <0.0> 
1. Not visible
2. Not visible
3. Not visible
4. Not visible
5. Not visible
6. Not visible
7. Not visible
8. Not visible
9. Not visible
10. Not visible
11. Not visible
12. Not visible
13. Not visible
14. Not visible"
vlm_runs/2026-06-08,LP_Farmers_Market_Restroom_4_20260608T003000.jpg,minio,,vlm_runs/2026-06-08/LP_Farmers_Market_Restroom_4/LP_Farmers_Market_Restroom_4_20260608T003000.jpg,vehicle_prompts,done,2026-06-09T14:34:24.583373+00:00,,0.906,0.906,0,nvidia/cosmos-reason2-8b,"<0.0> 
[GENERAL VEHICLE SAFETY]
1. Not visible
2. Not visible

[COLLISIONS & NEAR MISSES]
3. Not visible
4. Not visible

[PARKING & ACCESS VIOLATIONS]
5. Not visible
6. Not visible

[SUSPICIOUS VEHICLE BEHAVIOR]
7. Not visible
8. Not visible

[VEHICLE IDENTIFICATION]
9. Not visible
10. Not visible
11. Not visible

[PEDESTRIAN & CHILD SAFETY]
12. Not visible
13. Not visible
14. Not visible"
vlm_runs/2026-06-08,LP_Farmers_Market_Restroom_4_20260608T001500.jpg,minio,,vlm_runs/2026-06-08/LP_Farmers_Market_Restroom_4/LP_Farmers_Market_Restroom_4_20260608T001500.jpg,vehicle_prompts,done,2026-06-09T14:34:24.583369+00:00,,1.012,1.012,0,nvidia/cosmos-reason2-8b,0.0
vlm_runs/2026-06-08,LP_Farmers_Market_Restroom_4_20260608T000000.jpg,minio,,vlm_runs/2026-06-08/LP_Farmers_Market_Restroom_4/LP_Farmers_Market_Restroom_4_20260608T000000.jpg,vehicle_prompts,done,2026-06-09T14:34:24.583365+00:00,,1.435,1.435,0,nvidia/cosmos-reason2-8b,0.0 1. Not visible 2. Not visible 3. Not visible 4. Not visible 5. Not visible 6. Not visible 7. Not visible 8. Not visible 9. Not visible 10. Not visible 11. Not visible 12. Not visible 13. Not visible 14. Not visible
vlm_runs/2026-06-08,LP_Farmers_Market_Restroom_4_20260608T004500.jpg,minio,,vlm_runs/2026-06-08/LP_Farmers_Market_Restroom_4/LP_Farmers_Market_Restroom_4_20260608T004500.jpg,vehicle_prompts,done,2026-06-09T14:34:24.583377+00:00,,1.317,1.317,0,nvidia/cosmos-reason2-8b,"<0.0> 
1. Not visible
2. Not visible
3. Not visible
4. Not visible
5. Not visible
6. Not visible
7. Not visible
8. Not visible
9. Not visible
10. Not visible
11. Not visible
12. Not visible
13. Not visible
14. Not visible"
vlm_runs/2026-06-08,LP_Farmers_Market_Restroom_4_20260608T011500.jpg,minio,,vlm_runs/2026-06-08/LP_Farmers_Market_Restroom_4/LP_Farmers_Market_Restroom_4_20260608T011500.jpg,vehicle_prompts,done,2026-06-09T14:34:24.583385+00:00,,0.982,0.982,0,nvidia/cosmos-reason2-8b," timestamp: <0.0> 
1. Not visible
2. Not visible
3. Not visible
4. Not visible
5. Not visible
6. Not visible
7. Not visible
8. Not visible
9. Not visible
10. Not visible
11. Not visible
12. Not visible
13. Not visible
14. Not visible"
vlm_runs/2026-06-08,LP_Farmers_Market_Restroom_4_20260608T010000.jpg,minio,,vlm_runs/2026-06-08/LP_Farmers_Market_Restroom_4/LP_Farmers_Market_Restroom_4_20260608T010000.jpg,vehicle_prompts,done,2026-06-09T14:34:24.583381+00:00,,1.102,1.102,0,nvidia/cosmos-reason2-8b,"<0.0> 
1. Not visible
2. Not visible
3. Not visible
4. Not visible
5. Not visible
6. Not visible
7. Not visible
8. Not visible
9. Not visible
10. Not visible
11. Not visible
12. Not visible
13. Not visible
14. Not visible"
vlm_runs/2026-06-08,LP_Farmers_Market_Restroom_4_20260608T013000.jpg,minio,,vlm_runs/2026-06-08/LP_Farmers_Market_Restroom_4/LP_Farmers_Market_Restroom_4_20260608T013000.jpg,vehicle_prompts,done,2026-06-09T14:34:24.583389+00:00,,1.35,1.35,0,nvidia/cosmos-reason2-8b,"<0.0> 
1. Not visible
2. Not visible
3. Not visible
4. Not visible
5. Not visible
6. Not visible
7. Not visible
8. Not visible
9. Not visible
10. Not visible
11. Not visible
12. Not visible
13. Not visible
14. Not visible"
vlm_runs/2026-06-08,LP_Farmers_Market_Restroom_4_20260608T021500.jpg,minio,,vlm_runs/2026-06-08/LP_Farmers_Market_Restroom_4/LP_Farmers_Market_Restroom_4_20260608T021500.jpg,vehicle_prompts,done,2026-06-09T14:34:24.583401+00:00,,0.96,0.96,0,nvidia/cosmos-reason2-8b,"<0.0> 

[GENERAL VEHICLE SAFETY]
1. Not visible
2. Not visible

[COLLISIONS & NEAR MISSES]
3. Not visible
4. Not visible

[PARKING & ACCESS VIOLATIONS]
5. Not visible
6. Not visible

[SUSPICIOUS VEHICLE BEHAVIOR]
7. Not visible
8. Not visible

[VEHICLE IDENTIFICATION]
9. Not visible
10. Not visible
11. Not visible

[PEDESTRIAN & CHILD SAFETY]
12. Not visible
13. Not visible
14. Not visible"
vlm_runs/2026-06-08,LP_Farmers_Market_Restroom_4_20260608T014500.jpg,minio,,vlm_runs/2026-06-08/LP_Farmers_Market_Restroom_4/LP_Farmers_Market_Restroom_4_20260608T014500.jpg,vehicle_prompts,done,2026-06-09T14:34:24.583393+00:00,,1.407,1.407,0,nvidia/cosmos-reason2-8b," Timestamps: <0.0> 
1. Not visible
2. Not visible
3. Not visible
4. Not visible
5. Not visible
6. Not visible
7. Not visible
8. Not visible
9. Not visible
10. Not visible
11. Not visible
12. Not visible
13. Not visible
14. Not visible"
vlm_runs/2026-06-08,LP_Farmers_Market_Restroom_4_20260608T020000.jpg,minio,,vlm_runs/2026-06-08/LP_Farmers_Market_Restroom_4/LP_Farmers_Market_Restroom_4_20260608T020000.jpg,vehicle_prompts,done,2026-06-09T14:34:24.583397+00:00,,1.449,1.449,0,nvidia/cosmos-reason2-8b," timestamp: <0.0> 
1. Not visible
2. Not visible
3. Not visible
4. Not visible
5. Not visible
6. Not visible
7. Not visible
8. Not visible
9. Not visible
10. Not visible
11. Not visible
12. Not visible
13. Not visible
14. Not visible"
vlm_runs/2026-06-08,LP_Farmers_Market_Restroom_4_20260608T030000.jpg,minio,,vlm_runs/2026-06-08/LP_Farmers_Market_Restroom_4/LP_Farmers_Market_Restroom_4_20260608T030000.jpg,vehicle_prompts,done,2026-06-09T14:34:24.583412+00:00,,0.888,0.888,0,nvidia/cosmos-reason2-8b,"<0.0> 
1. Not visible
2. Not visible
3. Not visible
4. Not visible
5. Not visible
6. Not visible
7. Not visible
8. Not visible
9. Not visible
10. Not visible
11. Not visible
12. Not visible
13. Not visible
14. Not visible"
vlm_runs/2026-06-08,LP_Farmers_Market_Restroom_4_20260608T024500.jpg,minio,,vlm_runs/2026-06-08/LP_Farmers_Market_Restroom_4/LP_Farmers_Market_Restroom_4_20260608T024500.jpg,vehicle_prompts,done,2026-06-09T14:34:24.583408+00:00,,1.667,1.667,0,nvidia/cosmos-reason2-8b,"<0.0> 
1. Not visible
2. Not visible
3. Not visible
4. Not visible
5. Not visible
6. Not visible
7. Not visible
8. Not visible
9. Not visible
10. Not visible
11. Not visible
12. Not visible
13. Not visible
14. Not visible"
vlm_runs/2026-06-08,LP_Farmers_Market_Restroom_4_20260608T023000.jpg,minio,,vlm_runs/2026-06-08/LP_Farmers_Market_Restroom_4/LP_Farmers_Market_Restroom_4_20260608T023000.jpg,vehicle_prompts,done,2026-06-09T14:34:24.583404+00:00,,1.883,1.883,0,nvidia/cosmos-reason2-8b," timestamp: <0.0> 
1. Not visible
2. Not visible
3. Not visible
4. Not visible
5. Not visible
6. Not visible
7. Not visible
8. Not visible
9. Not visible
10. Not visible
11. Not visible
12. Not visible
13. Not visible
14. Not visible"
vlm_runs/2026-06-08,LP_Farmers_Market_Restroom_4_20260608T034500.jpg,minio,,vlm_runs/2026-06-08/LP_Farmers_Market_Restroom_4/LP_Farmers_Market_Restroom_4_20260608T034500.jpg,vehicle_prompts,done,2026-06-09T14:34:24.583423+00:00,,0.986,0.986,0,nvidia/cosmos-reason2-8b,"0.0

[GENERAL VEHICLE SAFETY]
1. Not visible
2. Not visible

[COLLISIONS & NEAR MISSES]
3. Not visible
4. Not visible

[PARKING & ACCESS VIOLATIONS]
5. Not visible
6. Not visible

[SUSPICIOUS VEHICLE BEHAVIOR]
7. Not visible
8. Not visible

[VEHICLE IDENTIFICATION]
9. Not visible
10. Not visible
11. Not visible

[PEDESTRIAN & CHILD SAFETY]
12. Not visible
13. Not visible
14. Not visible"
vlm_runs/2026-06-08,LP_Farmers_Market_Restroom_4_20260608T031500.jpg,minio,,vlm_runs/2026-06-08/LP_Farmers_Market_Restroom_4/LP_Farmers_Market_Restroom_4_20260608T031500.jpg,vehicle_prompts,done,2026-06-09T14:34:24.583415+00:00,,1.837,1.837,0,nvidia/cosmos-reason2-8b,"<0.0> 
1. Not visible
2. Not visible
3. Not visible
4. Not visible
5. Not visible
6. Not visible
7. Not visible
8. Not visible
9. Not visible
10. Not visible
11. Not visible
12. Not visible
13. Not visible
14. Not visible"
vlm_runs/2026-06-08,LP_Farmers_Market_Restroom_4_20260608T043000.jpg,minio,,vlm_runs/2026-06-08/LP_Farmers_Market_Restroom_4/LP_Farmers_Market_Restroom_4_20260608T043000.jpg,vehicle_prompts,done,2026-06-09T14:34:24.583434+00:00,,1.124,1.124,0,nvidia/cosmos-reason2-8b,"<0.0> 
1. Not visible
2. Not visible
3. Not visible
4. Not visible
5. Not visible
6. Not visible
7. Not visible
8. Not visible
9. Not visible
10. Not visible
11. Not visible
12. Not visible
13. Not visible
14. Not visible"
vlm_runs/2026-06-08,LP_Farmers_Market_Restroom_4_20260608T040000.jpg,minio,,vlm_runs/2026-06-08/LP_Farmers_Market_Restroom_4/LP_Farmers_Market_Restroom_4_20260608T040000.jpg,vehicle_prompts,done,2026-06-09T14:34:24.583426+00:00,,1.439,1.439,0,nvidia/cosmos-reason2-8b,"<0.0> 
1. Not visible
2. Not visible
3. Not visible
4. Not visible
5. Not visible
6. Not visible
7. Not visible
8. Not visible
9. Not visible
10. Not visible
11. Not visible
12. Not visible
13. Not visible
14. Not visible"
vlm_runs/2026-06-08,LP_Farmers_Market_Restroom_4_20260608T033000.jpg,minio,,vlm_runs/2026-06-08/LP_Farmers_Market_Restroom_4/LP_Farmers_Market_Restroom_4_20260608T033000.jpg,vehicle_prompts,done,2026-06-09T14:34:24.583419+00:00,,1.899,1.899,0,nvidia/cosmos-reason2-8b,"<0.0> 
1. Not visible
2. Not visible
3. Not visible
4. Not visible
5. Not visible
6. Not visible
7. Not visible
8. Not visible
9. Not visible
10. Not visible
11. Not visible
12. Not visible
13. Not visible
14. Not visible"
vlm_runs/2026-06-08,LP_Farmers_Market_Restroom_4_20260608T041500.jpg,minio,,vlm_runs/2026-06-08/LP_Farmers_Market_Restroom_4/LP_Farmers_Market_Restroom_4_20260608T041500.jpg,vehicle_prompts,done,2026-06-09T14:34:24.583430+00:00,,1.727,1.727,0,nvidia/cosmos-reason2-8b,"<0.0> 
1. Not visible
2. Not visible
3. Not visible
4. Not visible
5. Not visible
6. Not visible
7. Not visible
8. Not visible
9. Not visible
10. Not visible
11. Not visible
12. Not visible
13. Not visible
14. Not visible"
vlm_runs/2026-06-08,LP_Farmers_Market_Restroom_4_20260608T044500.jpg,minio,,vlm_runs/2026-06-08/LP_Farmers_Market_Restroom_4/LP_Farmers_Market_Restroom_4_20260608T044500.jpg,vehicle_prompts,done,2026-06-09T14:34:24.583438+00:00,,1.326,1.326,0,nvidia/cosmos-reason2-8b,0.0
vlm_runs/2026-06-08,LP_Farmers_Market_Restroom_4_20260608T051500.jpg,minio,,vlm_runs/2026-06-08/LP_Farmers_Market_Restroom_4/LP_Farmers_Market_Restroom_4_20260608T051500.jpg,vehicle_prompts,done,2026-06-09T14:34:24.583446+00:00,,1.364,1.364,0,nvidia/cosmos-reason2-8b,"<0.0> 
1. Not visible
2. Not visible
3. Not visible
4. Not visible
5. Not visible
6. Not visible
7. Not visible
8. Not visible
9. Not visible
10. Not visible
11. Not visible
12. Not visible
13. Not visible
14. Not visible"
vlm_runs/2026-06-08,LP_Farmers_Market_Restroom_4_20260608T054500.jpg,minio,,vlm_runs/2026-06-08/LP_Farmers_Market_Restroom_4/LP_Farmers_Market_Restroom_4_20260608T054500.jpg,vehicle_prompts,done,2026-06-09T14:34:24.583454+00:00,,1.093,1.093,0,nvidia/cosmos-reason2-8b,"<0.0> 
[GENERAL VEHICLE SAFETY]
1. Not visible
2. Not visible

[COLLISIONS & NEAR MISSES]
3. Not visible
4. Not visible

[PARKING & ACCESS VIOLATIONS]
5. Not visible
6. Not visible

[SUSPICIOUS VEHICLE BEHAVIOR]
7. Not visible
8. Not visible

[VEHICLE IDENTIFICATION]
9. Not visible
10. Not visible
11. Not visible

[PEDESTRIAN & CHILD SAFETY]
12. Not visible
13. Not visible
14. Not visible"
vlm_runs/2026-06-08,LP_Farmers_Market_Restroom_4_20260608T060000.jpg,minio,,vlm_runs/2026-06-08/LP_Farmers_Market_Restroom_4/LP_Farmers_Market_Restroom_4_20260608T060000.jpg,vehicle_prompts,done,2026-06-09T14:34:24.583457+00:00,,1.159,1.159,0,nvidia/cosmos-reason2-8b,"<0.0> 
1. Not visible
2. Not visible
3. Not visible
4. Not visible
5. Not visible
6. Not visible
7. Not visible
8. Not visible
9. Not visible
10. Not visible
11. Not visible
12. Not visible
13. Not visible
14. Not visible"
vlm_runs/2026-06-08,LP_Farmers_Market_Restroom_4_20260608T053000.jpg,minio,,vlm_runs/2026-06-08/LP_Farmers_Market_Restroom_4/LP_Farmers_Market_Restroom_4_20260608T053000.jpg,vehicle_prompts,done,2026-06-09T14:34:24.583450+00:00,,1.438,1.438,0,nvidia/cosmos-reason2-8b,0.0
vlm_runs/2026-06-08,LP_Farmers_Market_Restroom_4_20260608T063000.jpg,minio,,vlm_runs/2026-06-08/LP_Farmers_Market_Restroom_4/LP_Farmers_Market_Restroom_4_20260608T063000.jpg,vehicle_prompts,done,2026-06-09T14:34:24.583465+00:00,,1.17,1.17,0,nvidia/cosmos-reason2-8b,"0.0 The scene does not show any vehicles, so there are no unsafe speeds or collisions to report."
vlm_runs/2026-06-08,LP_Farmers_Market_Restroom_4_20260608T070000.jpg,minio,,vlm_runs/2026-06-08/LP_Farmers_Market_Restroom_4/LP_Farmers_Market_Restroom_4_20260608T070000.jpg,vehicle_prompts,done,2026-06-09T14:34:24.583473+00:00,,1.222,1.222,0,nvidia/cosmos-reason2-8b,"<0.0> 
1. Not visible
2. Not visible
3. Not visible
4. Not visible
5. Not visible
6. Not visible
7. Not visible
8. Not visible
9. Not visible
10. Not visible
11. Not visible
12. Not visible
13. Not visible
14. Not visible"
vlm_runs/2026-06-08,LP_Farmers_Market_Restroom_4_20260608T061500.jpg,minio,,vlm_runs/2026-06-08/LP_Farmers_Market_Restroom_4/LP_Farmers_Market_Restroom_4_20260608T061500.jpg,vehicle_prompts,done,2026-06-09T14:34:24.583461+00:00,,1.809,1.809,0,nvidia/cosmos-reason2-8b,"<0.0> 
[GENERAL VEHICLE SAFETY]
1. Not visible
2. Not visible

[COLLISIONS & NEAR MISSES]
3. Not visible
4. Not visible

[PARKING & ACCESS VIOLATIONS]
5. Not visible
6. Not visible

[SUSPICIOUS VEHICLE BEHAVIOR]
7. Not visible
8. Not visible

[VEHICLE IDENTIFICATION]
9. Not visible
10. Not visible
11. Not visible

[PEDESTRIAN & CHILD SAFETY]
12. Not visible
13. Not visible
14. Not visible"
vlm_runs/2026-06-08,LP_Farmers_Market_Restroom_4_20260608T050000.jpg,minio,,vlm_runs/2026-06-08/LP_Farmers_Market_Restroom_4/LP_Farmers_Market_Restroom_4_20260608T050000.jpg,vehicle_prompts,done,2026-06-09T14:34:24.583442+00:00,,2.853,2.853,0,nvidia/cosmos-reason2-8b,"The image does not show any vehicles, so there is no information to assess for speed, collisions, parking violations, or other vehicle-related issues. No pedestrians or other relevant activity is visible to evaluate safety concerns."
vlm_runs/2026-06-08,LP_Farmers_Market_Restroom_4_20260608T080000.jpg,minio,,vlm_runs/2026-06-08/LP_Farmers_Market_Restroom_4/LP_Farmers_Market_Restroom_4_20260608T080000.jpg,vehicle_prompts,done,2026-06-09T14:34:24.583488+00:00,,0.773,0.773,0,nvidia/cosmos-reason2-8b,visible
vlm_runs/2026-06-08,LP_Farmers_Market_Restroom_4_20260608T064500.jpg,minio,,vlm_runs/2026-06-08/LP_Farmers_Market_Restroom_4/LP_Farmers_Market_Restroom_4_20260608T064500.jpg,vehicle_prompts,done,2026-06-09T14:34:24.583469+00:00,,2.015,2.015,0,nvidia/cosmos-reason2-8b,"<0.0> 
[GENERAL VEHICLE SAFETY]
1. Not visible
2. Not visible

[COLLISIONS & NEAR MISSES]
3. Not visible
4. Not visible

[PARKING & ACCESS VIOLATIONS]
5. Not visible
6. Not visible

[SUSPICIOUS VEHICLE BEHAVIOR]
7. Not visible
8. Not visible

[VEHICLE IDENTIFICATION]
9. Not visible
10. Not visible
11. Not visible

[PEDESTRIAN & CHILD SAFETY]
12. Not visible
13. Not visible
14. Not visible"
vlm_runs/2026-06-08,LP_Farmers_Market_Restroom_4_20260608T071500.jpg,minio,,vlm_runs/2026-06-08/LP_Farmers_Market_Restroom_4/LP_Farmers_Market_Restroom_4_20260608T071500.jpg,vehicle_prompts,done,2026-06-09T14:34:24.583477+00:00,,1.573,1.573,0,nvidia/cosmos-reason2-8b,"<0.0> 
[GENERAL VEHICLE SAFETY]
1. Not visible
2. Not visible

[COLLISIONS & NEAR MISSES]
3. Not visible
4. Not visible

[PARKING & ACCESS VIOLATIONS]
5. Not visible
6. Not visible

[SUSPICIOUS VEHICLE BEHAVIOR]
7. Not visible
8. Not visible

[VEHICLE IDENTIFICATION]
9. Not visible
10. Not visible
11. Not visible

[PEDESTRIAN & CHILD SAFETY]
12. Not visible
13. Not visible
14. Not visible"
vlm_runs/2026-06-08,LP_Farmers_Market_Restroom_4_20260608T073000.jpg,minio,,vlm_runs/2026-06-08/LP_Farmers_Market_Restroom_4/LP_Farmers_Market_Restroom_4_20260608T073000.jpg,vehicle_prompts,done,2026-06-09T14:34:24.583480+00:00,,1.807,1.807,0,nvidia/cosmos-reason2-8b,"<0.0> 
[GENERAL VEHICLE SAFETY]
1. Not visible
2. Not visible

[COLLISIONS & NEAR MISSES]
3. Not visible
4. Not visible

[PARKING & ACCESS VIOLATIONS]
5. Not visible
6. Not visible

[SUSPICIOUS VEHICLE BEHAVIOR]
7. Not visible
8. Not visible

[VEHICLE IDENTIFICATION]
9. Not visible
10. Not visible
11. Not visible

[PEDESTRIAN & CHILD SAFETY]
12. Not visible
13. Not visible
14. Not visible"
vlm_runs/2026-06-08,LP_Farmers_Market_Restroom_4_20260608T074500.jpg,minio,,vlm_runs/2026-06-08/LP_Farmers_Market_Restroom_4/LP_Farmers_Market_Restroom_4_20260608T074500.jpg,vehicle_prompts,done,2026-06-09T14:34:24.583484+00:00,,1.947,1.947,0,nvidia/cosmos-reason2-8b,"<0.0> 
[GENERAL VEHICLE SAFETY]
1. Not visible
2. Not visible

[COLLISIONS & NEAR MISSES]
3. Not visible
4. Not visible

[PARKING & ACCESS VIOLATIONS]
5. Not visible
6. Not visible

[SUSPICIOUS VEHICLE BEHAVIOR]
7. Not visible
8. Not visible

[VEHICLE IDENTIFICATION]
9. Not visible
10. Not visible
11. Not visible

[PEDESTRIAN & CHILD SAFETY]
12. Not visible
13. Not visible
14. Not visible"
vlm_runs/2026-06-08,LP_Farmers_Market_Restroom_4_20260608T090000.jpg,minio,,vlm_runs/2026-06-08/LP_Farmers_Market_Restroom_4/LP_Farmers_Market_Restroom_4_20260608T090000.jpg,vehicle_prompts,done,2026-06-09T14:34:24.583504+00:00,,0.834,0.834,0,nvidia/cosmos-reason2-8b,"<0.0> 
1. Not visible
2. Not visible
3. Not visible
4. Not visible
5. Not visible
6. Not visible
7. Not visible
8. Not visible
9. Not visible
10. Not visible
11. Not visible
12. Not visible
13. Not visible
14. Not visible"
vlm_runs/2026-06-08,LP_Farmers_Market_Restroom_4_20260608T091500.jpg,minio,,vlm_runs/2026-06-08/LP_Farmers_Market_Restroom_4/LP_Farmers_Market_Restroom_4_20260608T091500.jpg,vehicle_prompts,done,2026-06-09T14:34:24.583507+00:00,,0.994,0.994,0,nvidia/cosmos-reason2-8b,"<0.0> 
[GENERAL VEHICLE SAFETY]
1. Not visible
2. Not visible

[COLLISIONS & NEAR MISSES]
3. Not visible
4. Not visible

[PARKING & ACCESS VIOLATIONS]
5. Not visible
6. Not visible

[SUSPICIOUS VEHICLE BEHAVIOR]
7. Not visible
8. Not visible

[VEHICLE IDENTIFICATION]
9. Not visible
10. Not visible
11. Not visible

[PEDESTRIAN & CHILD SAFETY]
12. Not visible
13. Not visible
14. Not visible"
vlm_runs/2026-06-08,LP_Farmers_Market_Restroom_4_20260608T084500.jpg,minio,,vlm_runs/2026-06-08/LP_Farmers_Market_Restroom_4/LP_Farmers_Market_Restroom_4_20260608T084500.jpg,vehicle_prompts,done,2026-06-09T14:34:24.583499+00:00,,1.526,1.526,0,nvidia/cosmos-reason2-8b,"<0.0> 

[GENERAL VEHICLE SAFETY]
1. Not visible
2. Not visible

[COLLISIONS & NEAR MISSES]
3. Not visible
4. Not visible

[PARKING & ACCESS VIOLATIONS]
5. Not visible
6. Not visible

[SUSPICIOUS VEHICLE BEHAVIOR]
7. Not visible
8. Not visible

[VEHICLE IDENTIFICATION]
9. Not visible
10. Not visible
11. Not visible

[PEDESTRIAN & CHILD SAFETY]
12. Not visible
13. Not visible
14. Not visible"
vlm_runs/2026-06-08,LP_Farmers_Market_Restroom_4_20260608T081500.jpg,minio,,vlm_runs/2026-06-08/LP_Farmers_Market_Restroom_4/LP_Farmers_Market_Restroom_4_20260608T081500.jpg,vehicle_prompts,done,2026-06-09T14:34:24.583492+00:00,,1.785,1.785,0,nvidia/cosmos-reason2-8b,"<0.0> 
[GENERAL VEHICLE SAFETY]
1. Not visible
2. Not visible

[COLLISIONS & NEAR MISSES]
3. Not visible
4. Not visible

[PARKING & ACCESS VIOLATIONS]
5. Not visible
6. Not visible

[SUSPICIOUS VEHICLE BEHAVIOR]
7. Not visible
8. Not visible

[VEHICLE IDENTIFICATION]
9. Not visible
10. Not visible
11. Not visible

[PEDESTRIAN & CHILD SAFETY]
12. Not visible
13. Not visible
14. Not visible"
vlm_runs/2026-06-08,LP_Farmers_Market_Restroom_4_20260608T093000.jpg,minio,,vlm_runs/2026-06-08/LP_Farmers_Market_Restroom_4/LP_Farmers_Market_Restroom_4_20260608T093000.jpg,vehicle_prompts,done,2026-06-09T14:34:24.583511+00:00,,1.575,1.575,0,nvidia/cosmos-reason2-8b,"<0.0> 
1. Not visible
2. Not visible
3. Not visible
4. Not visible
5. Not visible
6. Not visible
7. Not visible
8. Not visible
9. Not visible
10. Not visible
11. Not visible
12. Not visible
13. Not visible
14. Not visible"
vlm_runs/2026-06-08,LP_Farmers_Market_Restroom_4_20260608T083000.jpg,minio,,vlm_runs/2026-06-08/LP_Farmers_Market_Restroom_4/LP_Farmers_Market_Restroom_4_20260608T083000.jpg,vehicle_prompts,done,2026-06-09T14:34:24.583496+00:00,,2.397,2.397,0,nvidia/cosmos-reason2-8b,"<0.0> 
[GENERAL VEHICLE SAFETY]
1. Not visible
2. Not visible

[COLLISIONS & NEAR MISSES]
3. Not visible
4. Not visible

[PARKING & ACCESS VIOLATIONS]
5. Not visible
6. Not visible

[SUSPICIOUS VEHICLE BEHAVIOR]
7. Not visible
8. Not visible

[VEHICLE IDENTIFICATION]
9. Not visible
10. Not visible
11. Not visible

[PEDESTRIAN & CHILD SAFETY]
12. Not visible
13. Not visible
14. Not visible"
vlm_runs/2026-06-08,LP_Farmers_Market_Restroom_4_20260608T110000.jpg,minio,,vlm_runs/2026-06-08/LP_Farmers_Market_Restroom_4/LP_Farmers_Market_Restroom_4_20260608T110000.jpg,vehicle_prompts,done,2026-06-09T14:34:24.583532+00:00,,0.832,0.832,0,nvidia/cosmos-reason2-8b,"0.0 The scene does not show any vehicles, so there are no unsafe speeds or collisions to report."
vlm_runs/2026-06-08,LP_Farmers_Market_Restroom_4_20260608T094500.jpg,minio,,vlm_runs/2026-06-08/LP_Farmers_Market_Restroom_4/LP_Farmers_Market_Restroom_4_20260608T094500.jpg,vehicle_prompts,done,2026-06-09T14:34:24.583514+00:00,,1.65,1.65,0,nvidia/cosmos-reason2-8b,"<0.0> 
[GENERAL VEHICLE SAFETY]
1. Not visible
2. Not visible

[COLLISIONS & NEAR MISSES]
3. Not visible
4. Not visible

[PARKING & ACCESS VIOLATIONS]
5. Not visible
6. Not visible

[SUSPICIOUS VEHICLE BEHAVIOR]
7. Not visible
8. Not visible

[VEHICLE IDENTIFICATION]
9. Not visible
10. Not visible
11. Not visible

[PEDESTRIAN & CHILD SAFETY]
12. Not visible
13. Not visible
14. Not visible"
vlm_runs/2026-06-08,LP_Farmers_Market_Restroom_4_20260608T103000.jpg,minio,,vlm_runs/2026-06-08/LP_Farmers_Market_Restroom_4/LP_Farmers_Market_Restroom_4_20260608T103000.jpg,vehicle_prompts,done,2026-06-09T14:34:24.583525+00:00,,1.384,1.384,0,nvidia/cosmos-reason2-8b,"<0.0> 
[GENERAL VEHICLE SAFETY]
1. Not visible
2. Not visible

[COLLISIONS & NEAR MISSES]
3. Not visible
4. Not visible

[PARKING & ACCESS VIOLATIONS]
5. Not visible
6. Not visible

[SUSPICIOUS VEHICLE BEHAVIOR]
7. Not visible
8. Not visible

[VEHICLE IDENTIFICATION]
9. Not visible
10. Not visible
11. Not visible

[PEDESTRIAN & CHILD SAFETY]
12. Not visible
13. Not visible
14. Not visible"
vlm_runs/2026-06-08,LP_Farmers_Market_Restroom_4_20260608T100000.jpg,minio,,vlm_runs/2026-06-08/LP_Farmers_Market_Restroom_4/LP_Farmers_Market_Restroom_4_20260608T100000.jpg,vehicle_prompts,done,2026-06-09T14:34:24.583518+00:00,,1.919,1.919,0,nvidia/cosmos-reason2-8b,"<0.0> 
[GENERAL VEHICLE SAFETY]
1. Not visible
2. Not visible

[COLLISIONS & NEAR MISSES]
3. Not visible
4. Not visible

[PARKING & ACCESS VIOLATIONS]
5. Not visible
6. Not visible

[SUSPICIOUS VEHICLE BEHAVIOR]
7. Not visible
8. Not visible

[VEHICLE IDENTIFICATION]
9. Not visible
10. Not visible
11. Not visible

[PEDESTRIAN & CHILD SAFETY]
12. Not visible
13. Not visible
14. Not visible"
vlm_runs/2026-06-08,LP_Farmers_Market_Restroom_4_20260608T101500.jpg,minio,,vlm_runs/2026-06-08/LP_Farmers_Market_Restroom_4/LP_Farmers_Market_Restroom_4_20260608T101500.jpg,vehicle_prompts,done,2026-06-09T14:34:24.583522+00:00,,1.889,1.889,0,nvidia/cosmos-reason2-8b,"<0.0> 
[GENERAL VEHICLE SAFETY]
1. Not visible
2. Not visible

[COLLISIONS & NEAR MISSES]
3. Not visible
4. Not visible

[PARKING & ACCESS VIOLATIONS]
5. Not visible
6. Not visible

[SUSPICIOUS VEHICLE BEHAVIOR]
7. Not visible
8. Not visible

[VEHICLE IDENTIFICATION]
9. Not visible
10. Not visible
11. Not visible

[PEDESTRIAN & CHILD SAFETY]
12. Not visible
13. Not visible
14. Not visible"
vlm_runs/2026-06-08,LP_Farmers_Market_Restroom_4_20260608T104500.jpg,minio,,vlm_runs/2026-06-08/LP_Farmers_Market_Restroom_4/LP_Farmers_Market_Restroom_4_20260608T104500.jpg,vehicle_prompts,done,2026-06-09T14:34:24.583529+00:00,,1.777,1.777,0,nvidia/cosmos-reason2-8b,"<0.0> 
[GENERAL VEHICLE SAFETY]
1. Not visible
2. Not visible

[COLLISIONS & NEAR MISSES]
3. Not visible
4. Not visible

[PARKING & ACCESS VIOLATIONS]
5. Not visible
6. Not visible

[SUSPICIOUS VEHICLE BEHAVIOR]
7. Not visible
8. Not visible

[VEHICLE IDENTIFICATION]
9. Not visible
10. Not visible
11. Not visible

[PEDESTRIAN & CHILD SAFETY]
12. Not visible
13. Not visible
14. Not visible"
vlm_runs/2026-06-08,LP_Farmers_Market_Restroom_4_20260608T114500.jpg,minio,,vlm_runs/2026-06-08/LP_Farmers_Market_Restroom_4/LP_Farmers_Market_Restroom_4_20260608T114500.jpg,vehicle_prompts,done,2026-06-09T14:34:24.583543+00:00,,1.014,1.014,0,nvidia/cosmos-reason2-8b,"Visible timestamps: 0.0s

[GENERAL VEHICLE SAFETY]
1. Not visible

[COLLISIONS & NEAR MISSES]
3. Not visible
4. Not visible

[PARKING & ACCESS VIOLATIONS]
5. Not visible
6. Not visible

[SUSPICIOUS VEHICLE BEHAVIOR]
7. Not visible
8. Not visible

[VEHICLE IDENTIFICATION]
9. Not visible
10. Not visible
11. Not visible

[PEDESTRIAN & CHILD SAFETY]
12. Not visible
13. Not visible
14. Not visible"
vlm_runs/2026-06-08,LP_Farmers_Market_Restroom_4_20260608T111500.jpg,minio,,vlm_runs/2026-06-08/LP_Farmers_Market_Restroom_4/LP_Farmers_Market_Restroom_4_20260608T111500.jpg,vehicle_prompts,done,2026-06-09T14:34:24.583536+00:00,,1.564,1.564,0,nvidia/cosmos-reason2-8b,"<0.0> 
[GENERAL VEHICLE SAFETY]
1. Not visible
2. Not visible

[COLLISIONS & NEAR MISSES]
3. Not visible
4. Not visible

[PARKING & ACCESS VIOLATIONS]
5. Not visible
6. Not visible

[SUSPICIOUS VEHICLE BEHAVIOR]
7. Not visible
8. Not visible

[VEHICLE IDENTIFICATION]
9. Not visible
10. Not visible
11. Not visible

[PEDESTRIAN & CHILD SAFETY]
12. Not visible
13. Not visible
14. Not visible"
vlm_runs/2026-06-08,LP_Farmers_Market_Restroom_4_20260608T121500.jpg,minio,,vlm_runs/2026-06-08/LP_Farmers_Market_Restroom_4/LP_Farmers_Market_Restroom_4_20260608T121500.jpg,vehicle_prompts,done,2026-06-09T14:34:24.583551+00:00,,1.071,1.071,0,nvidia/cosmos-reason2-8b,"<0.0> 
[GENERAL VEHICLE SAFETY]
1. Not visible
2. Not visible

[COLLISIONS & NEAR MISSES]
3. Not visible
4. Not visible

[PARKING & ACCESS VIOLATIONS]
5. Not visible
6. Not visible

[SUSPICIOUS VEHICLE BEHAVIOR]
7. Not visible
8. Not visible

[VEHICLE IDENTIFICATION]
9. Not visible
10. Not visible
11. Not visible

[PEDESTRIAN & CHILD SAFETY]
12. Not visible
13. Not visible
14. Not visible"
vlm_runs/2026-06-08,LP_Farmers_Market_Restroom_4_20260608T124500.jpg,minio,,vlm_runs/2026-06-08/LP_Farmers_Market_Restroom_4/LP_Farmers_Market_Restroom_4_20260608T124500.jpg,vehicle_prompts,done,2026-06-09T14:34:24.583558+00:00,,0.949,0.949,0,nvidia/cosmos-reason2-8b,"<0.0> 
[GENERAL VEHICLE SAFETY]
1. Not visible
2. Not visible

[COLLISIONS & NEAR MISSES]
3. Not visible
4. Not visible

[PARKING & ACCESS VIOLATIONS]
5. Not visible
6. Not visible

[SUSPICIOUS VEHICLE BEHAVIOR]
7. Not visible
8. Not visible

[VEHICLE IDENTIFICATION]
9. Not visible
10. Not visible
11. Not visible

[PEDESTRIAN & CHILD SAFETY]
12. Not visible
13. Not visible
14. Not visible"
vlm_runs/2026-06-08,LP_Farmers_Market_Restroom_4_20260608T120000.jpg,minio,,vlm_runs/2026-06-08/LP_Farmers_Market_Restroom_4/LP_Farmers_Market_Restroom_4_20260608T120000.jpg,vehicle_prompts,done,2026-06-09T14:34:24.583547+00:00,,1.454,1.454,0,nvidia/cosmos-reason2-8b,"<0.0> 
1. Not visible
2. Not visible
3. Not visible
4. Not visible
5. Not visible
6. Not visible
7. Not visible
8. Not visible
9. Not visible
10. Not visible
11. Not visible
12. Not visible
13. Not visible
14. Not visible"
vlm_runs/2026-06-08,LP_Farmers_Market_Restroom_4_20260608T130000.jpg,minio,,vlm_runs/2026-06-08/LP_Farmers_Market_Restroom_4/LP_Farmers_Market_Restroom_4_20260608T130000.jpg,vehicle_prompts,done,2026-06-09T14:34:24.583562+00:00,,0.88,0.88,0,nvidia/cosmos-reason2-8b,"<0.0> 
1. Not visible
2. Not visible
3. Not visible
4. Not visible
5. Not visible
6. Not visible
7. Not visible
8. Not visible
9. Not visible
10. Not visible
11. Not visible
12. Not visible
13. Not visible
14. Not visible"
vlm_runs/2026-06-08,LP_Farmers_Market_Restroom_4_20260608T123000.jpg,minio,,vlm_runs/2026-06-08/LP_Farmers_Market_Restroom_4/LP_Farmers_Market_Restroom_4_20260608T123000.jpg,vehicle_prompts,done,2026-06-09T14:34:24.583554+00:00,,1.576,1.576,0,nvidia/cosmos-reason2-8b,"<0.0> 
[GENERAL VEHICLE SAFETY]
1. Not visible
2. Not visible

[COLLISIONS & NEAR MISSES]
3. Not visible
4. Not visible

[PARKING & ACCESS VIOLATIONS]
5. Not visible
6. Not visible

[SUSPICIOUS VEHICLE BEHAVIOR]
7. Not visible
8. Not visible

[VEHICLE IDENTIFICATION]
9. Not visible
10. Not visible
11. Not visible

[PEDESTRIAN & CHILD SAFETY]
12. Not visible
13. Not visible
14. Not visible"
vlm_runs/2026-06-08,LP_Farmers_Market_Restroom_4_20260608T113000.jpg,minio,,vlm_runs/2026-06-08/LP_Farmers_Market_Restroom_4/LP_Farmers_Market_Restroom_4_20260608T113000.jpg,vehicle_prompts,done,2026-06-09T14:34:24.583540+00:00,,2.404,2.404,0,nvidia/cosmos-reason2-8b,0.0 Not visible
vlm_runs/2026-06-08,LP_Farmers_Market_Restroom_4_20260608T133000.jpg,minio,,vlm_runs/2026-06-08/LP_Farmers_Market_Restroom_4/LP_Farmers_Market_Restroom_4_20260608T133000.jpg,vehicle_prompts,done,2026-06-09T14:34:24.583569+00:00,,1.094,1.094,0,nvidia/cosmos-reason2-8b,0.0 Not visible
vlm_runs/2026-06-08,LP_Farmers_Market_Restroom_4_20260608T141500.jpg,minio,,vlm_runs/2026-06-08/LP_Farmers_Market_Restroom_4/LP_Farmers_Market_Restroom_4_20260608T141500.jpg,vehicle_prompts,done,2026-06-09T14:34:24.583693+00:00,,1.268,1.268,0,nvidia/cosmos-reason2-8b,"<0.0> 
1. Not visible
2. Not visible
3. Not visible
4. Not visible
5. Not visible
6. Not visible
7. Not visible
8. Not visible
9. Not visible
10. Not visible
11. Not visible
12. Not visible
13. Not visible
14. Not visible"
vlm_runs/2026-06-08,LP_Farmers_Market_Restroom_4_20260608T140000.jpg,minio,,vlm_runs/2026-06-08/LP_Farmers_Market_Restroom_4/LP_Farmers_Market_Restroom_4_20260608T140000.jpg,vehicle_prompts,done,2026-06-09T14:34:24.583689+00:00,,1.589,1.589,0,nvidia/cosmos-reason2-8b,"<0.0> 
[GENERAL VEHICLE SAFETY]
1. Not visible
2. Not visible

[COLLISIONS & NEAR MISSES]
3. Not visible
4. Not visible

[PARKING & ACCESS VIOLATIONS]
5. Not visible
6. Not visible

[SUSPICIOUS VEHICLE BEHAVIOR]
7. Not visible
8. Not visible

[VEHICLE IDENTIFICATION]
9. Not visible
10. Not visible
11. Not visible

[PEDESTRIAN & CHILD SAFETY]
12. Not visible
13. Not visible
14. Not visible"
vlm_runs/2026-06-08,LP_Farmers_Market_Restroom_4_20260608T134500.jpg,minio,,vlm_runs/2026-06-08/LP_Farmers_Market_Restroom_4/LP_Farmers_Market_Restroom_4_20260608T134500.jpg,vehicle_prompts,done,2026-06-09T14:34:24.583684+00:00,,1.707,1.707,0,nvidia/cosmos-reason2-8b,"<0.0> 
[GENERAL VEHICLE SAFETY]
1. Not visible
2. Not visible

[COLLISIONS & NEAR MISSES]
3. Not visible
4. Not visible

[PARKING & ACCESS VIOLATIONS]
5. Not visible
6. Not visible

[SUSPICIOUS VEHICLE BEHAVIOR]
7. Not visible
8. Not visible

[VEHICLE IDENTIFICATION]
9. Not visible
10. Not visible
11. Not visible

[PEDESTRIAN & CHILD SAFETY]
12. Not visible
13. Not visible
14. Not visible"
vlm_runs/2026-06-08,LP_Farmers_Market_Restroom_4_20260608T150000.jpg,minio,,vlm_runs/2026-06-08/LP_Farmers_Market_Restroom_4/LP_Farmers_Market_Restroom_4_20260608T150000.jpg,vehicle_prompts,done,2026-06-09T14:34:24.583704+00:00,,1.027,1.027,0,nvidia/cosmos-reason2-8b,"0.0 The scene does not show any vehicles, so there are no unsafe speeds or collisions to report."
vlm_runs/2026-06-08,LP_Farmers_Market_Restroom_4_20260608T143000.jpg,minio,,vlm_runs/2026-06-08/LP_Farmers_Market_Restroom_4/LP_Farmers_Market_Restroom_4_20260608T143000.jpg,vehicle_prompts,done,2026-06-09T14:34:24.583697+00:00,,1.52,1.52,0,nvidia/cosmos-reason2-8b,"<0.0> 
[GENERAL VEHICLE SAFETY]
1. Not visible
2. Not visible

[COLLISIONS & NEAR MISSES]
3. Not visible
4. Not visible

[PARKING & ACCESS VIOLATIONS]
5. Not visible
6. Not visible

[SUSPICIOUS VEHICLE BEHAVIOR]
7. Not visible
8. Not visible

[VEHICLE IDENTIFICATION]
9. Not visible
10. Not visible
11. Not visible

[PEDESTRIAN & CHILD SAFETY]
12. Not visible
13. Not visible
14. Not visible"
vlm_runs/2026-06-08,LP_Farmers_Market_Restroom_4_20260608T131500.jpg,minio,,vlm_runs/2026-06-08/LP_Farmers_Market_Restroom_4/LP_Farmers_Market_Restroom_4_20260608T131500.jpg,vehicle_prompts,done,2026-06-09T14:34:24.583565+00:00,,2.41,2.41,0,nvidia/cosmos-reason2-8b,"<0.0> 
1. Not visible
2. Not visible
3. Not visible
4. Not visible
5. Not visible
6. Not visible
7. Not visible
8. Not visible
9. Not visible
10. Not visible
11. Not visible
12. Not visible
13. Not visible
14. Not visible"
vlm_runs/2026-06-08,LP_Farmers_Market_Restroom_4_20260608T151500.jpg,minio,,vlm_runs/2026-06-08/LP_Farmers_Market_Restroom_4/LP_Farmers_Market_Restroom_4_20260608T151500.jpg,vehicle_prompts,done,2026-06-09T14:34:24.583708+00:00,,1.613,1.613,0,nvidia/cosmos-reason2-8b,"<0.0> 
[GENERAL VEHICLE SAFETY]
1. Not visible
2. Not visible

[COLLISIONS & NEAR MISSES]
3. Not visible
4. Not visible

[PARKING & ACCESS VIOLATIONS]
5. Not visible
6. Not visible

[SUSPICIOUS VEHICLE BEHAVIOR]
7. Not visible
8. Not visible

[VEHICLE IDENTIFICATION]
9. Not visible
10. Not visible
11. Not visible

[PEDESTRIAN & CHILD SAFETY]
12. Not visible
13. Not visible
14. Not visible"
vlm_runs/2026-06-08,LP_Farmers_Market_Restroom_4_20260608T160000.jpg,minio,,vlm_runs/2026-06-08/LP_Farmers_Market_Restroom_4/LP_Farmers_Market_Restroom_4_20260608T160000.jpg,vehicle_prompts,done,2026-06-09T14:34:24.583719+00:00,,0.874,0.874,0,nvidia/cosmos-reason2-8b,"<0.0> 
1. Not visible
2. Not visible
3. Not visible
4. Not visible
5. Not visible
6. Not visible
7. Not visible
8. Not visible
9. Not visible
10. Not visible
11. Not visible
12. Not visible
13. Not visible
14. Not visible"
vlm_runs/2026-06-08,LP_Farmers_Market_Restroom_4_20260608T144500.jpg,minio,,vlm_runs/2026-06-08/LP_Farmers_Market_Restroom_4/LP_Farmers_Market_Restroom_4_20260608T144500.jpg,vehicle_prompts,done,2026-06-09T14:34:24.583700+00:00,,1.998,1.998,0,nvidia/cosmos-reason2-8b,"<0.0> 
[GENERAL VEHICLE SAFETY]
1. Not visible
2. Not visible

[COLLISIONS & NEAR MISSES]
3. Not visible
4. Not visible

[PARKING & ACCESS VIOLATIONS]
5. Not visible
6. Not visible

[SUSPICIOUS VEHICLE BEHAVIOR]
7. Not visible
8. Not visible

[VEHICLE IDENTIFICATION]
9. Not visible
10. Not visible
11. Not visible

[PEDESTRIAN & CHILD SAFETY]
12. Not visible
13. Not visible
14. Not visible"
vlm_runs/2026-06-08,LP_Farmers_Market_Restroom_4_20260608T161500.jpg,minio,,vlm_runs/2026-06-08/LP_Farmers_Market_Restroom_4/LP_Farmers_Market_Restroom_4_20260608T161500.jpg,vehicle_prompts,done,2026-06-09T14:34:24.583723+00:00,,0.891,0.891,0,nvidia/cosmos-reason2-8b,visible
vlm_runs/2026-06-08,LP_Farmers_Market_Restroom_4_20260608T154500.jpg,minio,,vlm_runs/2026-06-08/LP_Farmers_Market_Restroom_4/LP_Farmers_Market_Restroom_4_20260608T154500.jpg,vehicle_prompts,done,2026-06-09T14:34:24.583715+00:00,,1.307,1.307,0,nvidia/cosmos-reason2-8b,"<0.0> 
[GENERAL VEHICLE SAFETY]
1. Not visible
2. Not visible

[COLLISIONS & NEAR MISSES]
3. Not visible
4. Not visible

[PARKING & ACCESS VIOLATIONS]
5. Not visible
6. Not visible

[SUSPICIOUS VEHICLE BEHAVIOR]
7. Not visible
8. Not visible

[VEHICLE IDENTIFICATION]
9. Not visible
10. Not visible
11. Not visible

[PEDESTRIAN & CHILD SAFETY]
12. Not visible
13. Not visible
14. Not visible"
vlm_runs/2026-06-08,LP_Farmers_Market_Restroom_4_20260608T153000.jpg,minio,,vlm_runs/2026-06-08/LP_Farmers_Market_Restroom_4/LP_Farmers_Market_Restroom_4_20260608T153000.jpg,vehicle_prompts,done,2026-06-09T14:34:24.583711+00:00,,1.795,1.795,0,nvidia/cosmos-reason2-8b,"<0.0> 

[GENERAL VEHICLE SAFETY]
1. Not visible
2. Not visible

[COLLISIONS & NEAR MISSES]
3. Not visible
4. Not visible

[PARKING & ACCESS VIOLATIONS]
5. Not visible
6. Not visible

[SUSPICIOUS VEHICLE BEHAVIOR]
7. Not visible
8. Not visible

[VEHICLE IDENTIFICATION]
9. Not visible
10. Not visible
11. Not visible

[PEDESTRIAN & CHILD SAFETY]
12. Not visible
13. Not visible
14. Not visible"
vlm_runs/2026-06-08,LP_Farmers_Market_Restroom_4_20260608T173000.jpg,minio,,vlm_runs/2026-06-08/LP_Farmers_Market_Restroom_4/LP_Farmers_Market_Restroom_4_20260608T173000.jpg,vehicle_prompts,done,2026-06-09T14:34:24.583740+00:00,,1.09,1.09,0,nvidia/cosmos-reason2-8b,"<0.0> 
[GENERAL VEHICLE SAFETY]
1. Not visible
2. Not visible

[COLLISIONS & NEAR MISSES]
3. Not visible
4. Not visible

[PARKING & ACCESS VIOLATIONS]
5. Not visible
6. Not visible

[SUSPICIOUS VEHICLE BEHAVIOR]
7. Not visible
8. Not visible

[VEHICLE IDENTIFICATION]
9. Not visible
10. Not visible
11. Not visible

[PEDESTRIAN & CHILD SAFETY]
12. Not visible
13. Not visible
14. Not visible"
vlm_runs/2026-06-08,LP_Farmers_Market_Restroom_4_20260608T163000.jpg,minio,,vlm_runs/2026-06-08/LP_Farmers_Market_Restroom_4/LP_Farmers_Market_Restroom_4_20260608T163000.jpg,vehicle_prompts,done,2026-06-09T14:34:24.583726+00:00,,1.899,1.899,0,nvidia/cosmos-reason2-8b,"<0.0> 
1. Not visible
2. Not visible
3. Not visible
4. Not visible
5. Not visible
6. Not visible
7. Not visible
8. Not visible
9. Not visible
10. Not visible
11. Not visible
12. Not visible
13. Not visible
14. Not visible"
vlm_runs/2026-06-08,LP_Farmers_Market_Restroom_4_20260608T170000.jpg,minio,,vlm_runs/2026-06-08/LP_Farmers_Market_Restroom_4/LP_Farmers_Market_Restroom_4_20260608T170000.jpg,vehicle_prompts,done,2026-06-09T14:34:24.583733+00:00,,1.303,1.303,0,nvidia/cosmos-reason2-8b,"Visible timestamps: 0.0

[GENERAL VEHICLE SAFETY]
1. Not visible

[COLLISIONS & NEAR MISSES]
3. Not visible
4. Not visible

[PARKING & ACCESS VIOLATIONS]
5. Not visible
6. Not visible

[SUSPICIOUS VEHICLE BEHAVIOR]
7. Not visible
8. Not visible

[VEHICLE IDENTIFICATION]
9. Not visible
10. Not visible
11. Not visible

[PEDESTRIAN & CHILD SAFETY]
12. Not visible
13. Not visible
14. Not visible"
vlm_runs/2026-06-08,LP_Farmers_Market_Restroom_4_20260608T181500.jpg,minio,,vlm_runs/2026-06-08/LP_Farmers_Market_Restroom_4/LP_Farmers_Market_Restroom_4_20260608T181500.jpg,vehicle_prompts,done,2026-06-09T14:34:24.583751+00:00,,0.595,0.595,0,nvidia/cosmos-reason2-8b,visible
vlm_runs/2026-06-08,LP_Farmers_Market_Restroom_4_20260608T164500.jpg,minio,,vlm_runs/2026-06-08/LP_Farmers_Market_Restroom_4/LP_Farmers_Market_Restroom_4_20260608T164500.jpg,vehicle_prompts,done,2026-06-09T14:34:24.583730+00:00,,2.284,2.284,0,nvidia/cosmos-reason2-8b,"<0.0> 
[GENERAL VEHICLE SAFETY]
1. Not visible
2. Not visible

[COLLISIONS & NEAR MISSES]
3. Not visible
4. Not visible

[PARKING & ACCESS VIOLATIONS]
5. Not visible
6. Not visible

[SUSPICIOUS VEHICLE BEHAVIOR]
7. Not visible
8. Not visible

[VEHICLE IDENTIFICATION]
9. Not visible
10. Not visible
11. Not visible

[PEDESTRIAN & CHILD SAFETY]
12. Not visible
13. Not visible
14. Not visible"
vlm_runs/2026-06-08,LP_Farmers_Market_Restroom_4_20260608T171500.jpg,minio,,vlm_runs/2026-06-08/LP_Farmers_Market_Restroom_4/LP_Farmers_Market_Restroom_4_20260608T171500.jpg,vehicle_prompts,done,2026-06-09T14:34:24.583736+00:00,,1.723,1.723,0,nvidia/cosmos-reason2-8b,"<0.0> 
[GENERAL VEHICLE SAFETY]
1. Not visible
2. Not visible

[COLLISIONS & NEAR MISSES]
3. Not visible
4. Not visible

[PARKING & ACCESS VIOLATIONS]
5. Not visible
6. Not visible

[SUSPICIOUS VEHICLE BEHAVIOR]
7. Not visible
8. Not visible

[VEHICLE IDENTIFICATION]
9. Not visible
10. Not visible
11. Not visible

[PEDESTRIAN & CHILD SAFETY]
12. Not visible
13. Not visible
14. Not visible"
vlm_runs/2026-06-08,LP_Farmers_Market_Restroom_4_20260608T174500.jpg,minio,,vlm_runs/2026-06-08/LP_Farmers_Market_Restroom_4/LP_Farmers_Market_Restroom_4_20260608T174500.jpg,vehicle_prompts,done,2026-06-09T14:34:24.583743+00:00,,1.688,1.688,0,nvidia/cosmos-reason2-8b,"<0.0> 
[GENERAL VEHICLE SAFETY]
1. Not visible
2. Not visible

[COLLISIONS & NEAR MISSES]
3. Not visible
4. Not visible

[PARKING & ACCESS VIOLATIONS]
5. Not visible
6. Not visible

[SUSPICIOUS VEHICLE BEHAVIOR]
7. Not visible
8. Not visible

[VEHICLE IDENTIFICATION]
9. Not visible
10. Not visible
11. Not visible

[PEDESTRIAN & CHILD SAFETY]
12. Not visible
13. Not visible
14. Not visible"
vlm_runs/2026-06-08,LP_Farmers_Market_Restroom_4_20260608T191500.jpg,minio,,vlm_runs/2026-06-08/LP_Farmers_Market_Restroom_4/LP_Farmers_Market_Restroom_4_20260608T191500.jpg,vehicle_prompts,done,2026-06-09T14:34:24.583764+00:00,,0.664,0.664,0,nvidia/cosmos-reason2-8b,0.0 0.0 0.0 0.0 0.0 0.0 0.0 0.0 0.0 0.0 0.0 0.0 0.0 0.0 0.0
vlm_runs/2026-06-08,LP_Farmers_Market_Restroom_4_20260608T190000.jpg,minio,,vlm_runs/2026-06-08/LP_Farmers_Market_Restroom_4/LP_Farmers_Market_Restroom_4_20260608T190000.jpg,vehicle_prompts,done,2026-06-09T14:34:24.583761+00:00,,1.138,1.138,0,nvidia/cosmos-reason2-8b,"<0.0> 
[GENERAL VEHICLE SAFETY]
1. Not visible
2. Not visible

[COLLISIONS & NEAR MISSES]
3. Not visible
4. Not visible

[PARKING & ACCESS VIOLATIONS]
5. Not visible
6. Not visible

[SUSPICIOUS VEHICLE BEHAVIOR]
7. Not visible
8. Not visible

[VEHICLE IDENTIFICATION]
9. Not visible
10. Not visible
11. Not visible

[PEDESTRIAN & CHILD SAFETY]
12. Not visible
13. Not visible
14. Not visible"
vlm_runs/2026-06-08,LP_Farmers_Market_Restroom_4_20260608T184500.jpg,minio,,vlm_runs/2026-06-08/LP_Farmers_Market_Restroom_4/LP_Farmers_Market_Restroom_4_20260608T184500.jpg,vehicle_prompts,done,2026-06-09T14:34:24.583757+00:00,,1.687,1.687,0,nvidia/cosmos-reason2-8b,"<0.0> 
[GENERAL VEHICLE SAFETY]
1. Not visible
2. Not visible

[COLLISIONS & NEAR MISSES]
3. Not visible
4. Not visible

[PARKING & ACCESS VIOLATIONS]
5. Not visible
6. Not visible

[SUSPICIOUS VEHICLE BEHAVIOR]
7. Not visible
8. Not visible

[VEHICLE IDENTIFICATION]
9. Not visible
10. Not visible
11. Not visible

[PEDESTRIAN & CHILD SAFETY]
12. Not visible
13. Not visible
14. Not visible"
vlm_runs/2026-06-08,LP_Farmers_Market_Restroom_4_20260608T200000.jpg,minio,,vlm_runs/2026-06-08/LP_Farmers_Market_Restroom_4/LP_Farmers_Market_Restroom_4_20260608T200000.jpg,vehicle_prompts,done,2026-06-09T14:34:24.583775+00:00,,1.077,1.077,0,nvidia/cosmos-reason2-8b,"<0.0> 
1. Not visible
2. Not visible
3. Not visible
4. Not visible
5. Not visible
6. Not visible
7. Not visible
8. Not visible
9. Not visible
10. Not visible
11. Not visible
12. Not visible
13. Not visible
14. Not visible"
vlm_runs/2026-06-08,LP_Farmers_Market_Restroom_4_20260608T194500.jpg,minio,,vlm_runs/2026-06-08/LP_Farmers_Market_Restroom_4/LP_Farmers_Market_Restroom_4_20260608T194500.jpg,vehicle_prompts,done,2026-06-09T14:34:24.583772+00:00,,1.235,1.235,0,nvidia/cosmos-reason2-8b," timestamp: <0.0> 
1. Not visible
2. Not visible
3. Not visible
4. Not visible
5. Not visible
6. Not visible
7. Not visible
8. Not visible
9. Not visible
10. Not visible
11. Not visible
12. Not visible
13. Not visible
14. Not visible"
vlm_runs/2026-06-08,LP_Farmers_Market_Restroom_4_20260608T183000.jpg,minio,,vlm_runs/2026-06-08/LP_Farmers_Market_Restroom_4/LP_Farmers_Market_Restroom_4_20260608T183000.jpg,vehicle_prompts,done,2026-06-09T14:34:24.583754+00:00,,1.869,1.869,0,nvidia/cosmos-reason2-8b,"<0.0> 
[GENERAL VEHICLE SAFETY]
1. Not visible
2. Not visible

[COLLISIONS & NEAR MISSES]
3. Not visible
4. Not visible

[PARKING & ACCESS VIOLATIONS]
5. Not visible
6. Not visible

[SUSPICIOUS VEHICLE BEHAVIOR]
7. Not visible
8. Not visible

[VEHICLE IDENTIFICATION]
9. Not visible
10. Not visible
11. Not visible

[PEDESTRIAN & CHILD SAFETY]
12. Not visible
13. Not visible
14. Not visible"
vlm_runs/2026-06-08,LP_Farmers_Market_Restroom_4_20260608T180000.jpg,minio,,vlm_runs/2026-06-08/LP_Farmers_Market_Restroom_4/LP_Farmers_Market_Restroom_4_20260608T180000.jpg,vehicle_prompts,done,2026-06-09T14:34:24.583747+00:00,,2.973,2.973,0,nvidia/cosmos-reason2-8b,"<0.0> 
1. Not visible
2. Not visible
3. Not visible
4. Not visible
5. Not visible
6. Not visible
7. Not visible
8. Not visible
9. Not visible
10. Not visible
11. Not visible
12. Not visible
13. Not visible
14. Not visible"
vlm_runs/2026-06-08,LP_Farmers_Market_Restroom_4_20260608T193000.jpg,minio,,vlm_runs/2026-06-08/LP_Farmers_Market_Restroom_4/LP_Farmers_Market_Restroom_4_20260608T193000.jpg,vehicle_prompts,done,2026-06-09T14:34:24.583768+00:00,,1.724,1.724,0,nvidia/cosmos-reason2-8b,"<0.0> 
[GENERAL VEHICLE SAFETY]
1. Not visible
2. Not visible

[COLLISIONS & NEAR MISSES]
3. Not visible
4. Not visible

[PARKING & ACCESS VIOLATIONS]
5. Not visible
6. Not visible

[SUSPICIOUS VEHICLE BEHAVIOR]
7. Not visible
8. Not visible

[VEHICLE IDENTIFICATION]
9. Not visible
10. Not visible
11. Not visible

[PEDESTRIAN & CHILD SAFETY]
12. Not visible
13. Not visible
14. Not visible"
vlm_runs/2026-06-08,LP_Farmers_Market_Restroom_4_20260608T203000.jpg,minio,,vlm_runs/2026-06-08/LP_Farmers_Market_Restroom_4/LP_Farmers_Market_Restroom_4_20260608T203000.jpg,vehicle_prompts,done,2026-06-09T14:34:24.583783+00:00,,1.113,1.113,0,nvidia/cosmos-reason2-8b," timestamp: <0.0> 
1. Not visible
2. Not visible
3. Not visible
4. Not visible
5. Not visible
6. Not visible
7. Not visible
8. Not visible
9. Not visible
10. Not visible
11. Not visible
12. Not visible
13. Not visible
14. Not visible"
vlm_runs/2026-06-08,LP_Farmers_Market_Restroom_4_20260608T201500.jpg,minio,,vlm_runs/2026-06-08/LP_Farmers_Market_Restroom_4/LP_Farmers_Market_Restroom_4_20260608T201500.jpg,vehicle_prompts,done,2026-06-09T14:34:24.583779+00:00,,2.101,2.101,0,nvidia/cosmos-reason2-8b," timestamp: <0.0> 
1. Not visible
2. Not visible
3. Not visible
4. Not visible
5. Not visible
6. Not visible
7. Not visible
8. Not visible
9. Not visible
10. Not visible
11. Not visible
12. Not visible
13. Not visible
14. Not visible"
vlm_runs/2026-06-08,LP_Farmers_Market_Restroom_4_20260608T204500.jpg,minio,,vlm_runs/2026-06-08/LP_Farmers_Market_Restroom_4/LP_Farmers_Market_Restroom_4_20260608T204500.jpg,vehicle_prompts,done,2026-06-09T14:34:24.583787+00:00,,1.187,1.187,0,nvidia/cosmos-reason2-8b,"<0.0> 
1. Not visible
2. Not visible
3. Not visible
4. Not visible
5. Not visible
6. Not visible
7. Not visible
8. Not visible
9. Not visible
10. Not visible
11. Not visible
12. Not visible
13. Not visible
14. Not visible"
vlm_runs/2026-06-08,LP_Farmers_Market_Restroom_4_20260608T214500.jpg,minio,,vlm_runs/2026-06-08/LP_Farmers_Market_Restroom_4/LP_Farmers_Market_Restroom_4_20260608T214500.jpg,vehicle_prompts,done,2026-06-09T14:34:24.583802+00:00,,0.822,0.822,0,nvidia/cosmos-reason2-8b," timestamp: <0.0> 
1. Not visible
2. Not visible
3. Not visible
4. Not visible
5. Not visible
6. Not visible
7. Not visible
8. Not visible
9. Not visible
10. Not visible
11. Not visible
12. Not visible
13. Not visible
14. Not visible"
vlm_runs/2026-06-08,LP_Farmers_Market_Restroom_4_20260608T210000.jpg,minio,,vlm_runs/2026-06-08/LP_Farmers_Market_Restroom_4/LP_Farmers_Market_Restroom_4_20260608T210000.jpg,vehicle_prompts,done,2026-06-09T14:34:24.583791+00:00,,1.332,1.332,0,nvidia/cosmos-reason2-8b,"<0.0> 
1. Not visible
2. Not visible
3. Not visible
4. Not visible
5. Not visible
6. Not visible
7. Not visible
8. Not visible
9. Not visible
10. Not visible
11. Not visible
12. Not visible
13. Not visible
14. Not visible"
vlm_runs/2026-06-08,LP_Farmers_Market_Restroom_4_20260608T221500.jpg,minio,,vlm_runs/2026-06-08/LP_Farmers_Market_Restroom_4/LP_Farmers_Market_Restroom_4_20260608T221500.jpg,vehicle_prompts,done,2026-06-09T14:34:24.583809+00:00,,1.098,1.098,0,nvidia/cosmos-reason2-8b," timestamp: <0.0> 
1. Not visible
2. Not visible
3. Not visible
4. Not visible
5. Not visible
6. Not visible
7. Not visible
8. Not visible
9. Not visible
10. Not visible
11. Not visible
12. Not visible
13. Not visible
14. Not visible"
vlm_runs/2026-06-08,LP_Farmers_Market_Restroom_4_20260608T213000.jpg,minio,,vlm_runs/2026-06-08/LP_Farmers_Market_Restroom_4/LP_Farmers_Market_Restroom_4_20260608T213000.jpg,vehicle_prompts,done,2026-06-09T14:34:24.583798+00:00,,1.667,1.667,0,nvidia/cosmos-reason2-8b,"The image does not show any vehicles, so it is not possible to assess speed, collisions, parking violations, or other vehicle-related issues. There are no pedestrians or other individuals visible in the scene, so pedestrian safety cannot be evaluated. No vehicles or people are present to identify or observe suspicious behavior."
vlm_runs/2026-06-08,LP_Farmers_Market_Restroom_4_20260608T220000.jpg,minio,,vlm_runs/2026-06-08/LP_Farmers_Market_Restroom_4/LP_Farmers_Market_Restroom_4_20260608T220000.jpg,vehicle_prompts,done,2026-06-09T14:34:24.583805+00:00,,1.53,1.53,0,nvidia/cosmos-reason2-8b,"0.0 

[GENERAL VEHICLE SAFETY]
1. Not visible
2. Not visible

[COLLISIONS & NEAR MISSES]
3. Not visible
4. Not visible

[PARKING & ACCESS VIOLATIONS]
5. Not visible
6. Not visible

[SUSPICIOUS VEHICLE BEHAVIOR]
7. Not visible
8. Not visible

[VEHICLE IDENTIFICATION]
9. Not visible
10. Not visible
11. Not visible

[PEDESTRIAN & CHILD SAFETY]
12. Not visible
13. Not visible
14. Not visible"
vlm_runs/2026-06-08,LP_Farmers_Market_Restroom_4_20260608T224500.jpg,minio,,vlm_runs/2026-06-08/LP_Farmers_Market_Restroom_4/LP_Farmers_Market_Restroom_4_20260608T224500.jpg,vehicle_prompts,done,2026-06-09T14:34:24.583816+00:00,,0.899,0.899,0,nvidia/cosmos-reason2-8b,0.0 1. Not visible 2. Not visible 3. Not visible 4. Not visible 5. Not visible 6. Not visible 7. Not visible 8. Not visible 9. Not visible 10. Not visible 11. Not visible 12. Not visible 13. Not visible 14. Not visible
vlm_runs/2026-06-08,LP_Farmers_Market_Restroom_4_20260608T211500.jpg,minio,,vlm_runs/2026-06-08/LP_Farmers_Market_Restroom_4/LP_Farmers_Market_Restroom_4_20260608T211500.jpg,vehicle_prompts,done,2026-06-09T14:34:24.583794+00:00,,2.145,2.145,0,nvidia/cosmos-reason2-8b,"<0.0> 
1. Not visible
2. Not visible
3. Not visible
4. Not visible
5. Not visible
6. Not visible
7. Not visible
8. Not visible
9. Not visible
10. Not visible
11. Not visible
12. Not visible
13. Not visible
14. Not visible"
vlm_runs/2026-06-08,LP_Farmers_Market_Restroom_4_20260608T233000.jpg,minio,,vlm_runs/2026-06-08/LP_Farmers_Market_Restroom_4/LP_Farmers_Market_Restroom_4_20260608T233000.jpg,vehicle_prompts,done,2026-06-09T14:34:24.583829+00:00,,0.833,0.833,0,nvidia/cosmos-reason2-8b,"<0.0> 
1. Not visible
2. Not visible
3. Not visible
4. Not visible
5. Not visible
6. Not visible
7. Not visible
8. Not visible
9. Not visible
10. Not visible
11. Not visible
12. Not visible
13. Not visible
14. Not visible"
vlm_runs/2026-06-08,LP_Farmers_Market_Restroom_4_20260608T231500.jpg,minio,,vlm_runs/2026-06-08/LP_Farmers_Market_Restroom_4/LP_Farmers_Market_Restroom_4_20260608T231500.jpg,vehicle_prompts,done,2026-06-09T14:34:24.583826+00:00,,1.271,1.271,0,nvidia/cosmos-reason2-8b,"<0.0> 
1. Not visible
2. Not visible
3. Not visible
4. Not visible
5. Not visible
6. Not visible
7. Not visible
8. Not visible
9. Not visible
10. Not visible
11. Not visible
12. Not visible
13. Not visible
14. Not visible"
vlm_runs/2026-06-08,LP_Farmers_Market_Restroom_4_20260608T230000.jpg,minio,,vlm_runs/2026-06-08/LP_Farmers_Market_Restroom_4/LP_Farmers_Market_Restroom_4_20260608T230000.jpg,vehicle_prompts,done,2026-06-09T14:34:24.583822+00:00,,1.414,1.414,0,nvidia/cosmos-reason2-8b,"<0.0> 
1. Not visible
2. Not visible
3. Not visible
4. Not visible
5. Not visible
6. Not visible
7. Not visible
8. Not visible
9. Not visible
10. Not visible
11. Not visible
12. Not visible
13. Not visible
14. Not visible"
vlm_runs/2026-06-08,LP_Farmers_Market_Restroom_4_20260608T223000.jpg,minio,,vlm_runs/2026-06-08/LP_Farmers_Market_Restroom_4/LP_Farmers_Market_Restroom_4_20260608T223000.jpg,vehicle_prompts,done,2026-06-09T14:34:24.583812+00:00,,1.679,1.679,0,nvidia/cosmos-reason2-8b,0.0
vlm_runs/2026-06-08,LP_Farmers_Market_Restroom_4_20260608T234500.jpg,minio,,vlm_runs/2026-06-08/LP_Farmers_Market_Restroom_4/LP_Farmers_Market_Restroom_4_20260608T234500.jpg,vehicle_prompts,done,2026-06-09T14:34:24.583833+00:00,,1.025,1.025,0,nvidia/cosmos-reason2-8b,0.0
vlm_runs/2026-06-08,LP_Farmers_Market_Restroom_1_20260608T000000.jpg,minio,,vlm_runs/2026-06-08/LP_Farmers_Market_Restroom_1/LP_Farmers_Market_Restroom_1_20260608T000000.jpg,vehicle_prompts,done,2026-06-09T14:37:17.071336+00:00,,0.757,0.757,0,nvidia/cosmos-reason2-8b,"<0.0> 
1. Not visible
2. Not visible
3. Not visible
4. Not visible
5. Not visible
6. Not visible
7. Not visible
8. Not visible
9. Not visible
10. Not visible
11. Not visible
12. Not visible
13. Not visible
14. Not visible"
vlm_runs/2026-06-08,LP_Farmers_Market_Restroom_1_20260608T011500.jpg,minio,,vlm_runs/2026-06-08/LP_Farmers_Market_Restroom_1/LP_Farmers_Market_Restroom_1_20260608T011500.jpg,vehicle_prompts,done,2026-06-09T14:37:17.071357+00:00,,0.365,0.365,0,nvidia/cosmos-reason2-8b,0.0 0.0
vlm_runs/2026-06-08,LP_Farmers_Market_Restroom_1_20260608T003000.jpg,minio,,vlm_runs/2026-06-08/LP_Farmers_Market_Restroom_1/LP_Farmers_Market_Restroom_1_20260608T003000.jpg,vehicle_prompts,done,2026-06-09T14:37:17.071345+00:00,,1.31,1.31,0,nvidia/cosmos-reason2-8b,0.0
vlm_runs/2026-06-08,LP_Farmers_Market_Restroom_1_20260608T001500.jpg,minio,,vlm_runs/2026-06-08/LP_Farmers_Market_Restroom_1/LP_Farmers_Market_Restroom_1_20260608T001500.jpg,vehicle_prompts,done,2026-06-09T14:37:17.071340+00:00,,1.627,1.627,0,nvidia/cosmos-reason2-8b,"<0.0> 
[GENERAL VEHICLE SAFETY]
1. Not visible
2. Not visible

[COLLISIONS & NEAR MISSES]
3. Not visible
4. Not visible

[PARKING & ACCESS VIOLATIONS]
5. Not visible
6. Not visible

[SUSPICIOUS VEHICLE BEHAVIOR]
7. Not visible
8. Not visible

[VEHICLE IDENTIFICATION]
9. Not visible
10. Not visible
11. Not visible

[PEDESTRIAN & CHILD SAFETY]
12. Not visible
13. Not visible
14. Not visible"
vlm_runs/2026-06-08,LP_Farmers_Market_Restroom_1_20260608T021500.jpg,minio,,vlm_runs/2026-06-08/LP_Farmers_Market_Restroom_1/LP_Farmers_Market_Restroom_1_20260608T021500.jpg,vehicle_prompts,done,2026-06-09T14:37:17.071372+00:00,,0.554,0.554,0,nvidia/cosmos-reason2-8b,0.0
vlm_runs/2026-06-08,LP_Farmers_Market_Restroom_1_20260608T010000.jpg,minio,,vlm_runs/2026-06-08/LP_Farmers_Market_Restroom_1/LP_Farmers_Market_Restroom_1_20260608T010000.jpg,vehicle_prompts,done,2026-06-09T14:37:17.071353+00:00,,1.459,1.459,0,nvidia/cosmos-reason2-8b,"<0.0> 
1. Not visible
2. Not visible
3. Not visible
4. Not visible
5. Not visible
6. Not visible
7. Not visible
8. Not visible
9. Not visible
10. Not visible
11. Not visible
12. Not visible
13. Not visible
14. Not visible"
vlm_runs/2026-06-08,LP_Farmers_Market_Restroom_1_20260608T024500.jpg,minio,,vlm_runs/2026-06-08/LP_Farmers_Market_Restroom_1/LP_Farmers_Market_Restroom_1_20260608T024500.jpg,vehicle_prompts,done,2026-06-09T14:37:17.071379+00:00,,0.621,0.621,0,nvidia/cosmos-reason2-8b,0.0
vlm_runs/2026-06-08,LP_Farmers_Market_Restroom_1_20260608T004500.jpg,minio,,vlm_runs/2026-06-08/LP_Farmers_Market_Restroom_1/LP_Farmers_Market_Restroom_1_20260608T004500.jpg,vehicle_prompts,done,2026-06-09T14:37:17.071349+00:00,,2.053,2.053,0,nvidia/cosmos-reason2-8b,"<0.0> 
1. Not visible
2. Not visible
3. Not visible
4. Not visible
5. Not visible
6. Not visible
7. Not visible
8. Not visible
9. Not visible
10. Not visible
11. Not visible
12. Not visible
13. Not visible
14. Not visible"
vlm_runs/2026-06-08,LP_Farmers_Market_Restroom_1_20260608T014500.jpg,minio,,vlm_runs/2026-06-08/LP_Farmers_Market_Restroom_1/LP_Farmers_Market_Restroom_1_20260608T014500.jpg,vehicle_prompts,done,2026-06-09T14:37:17.071365+00:00,,1.628,1.628,0,nvidia/cosmos-reason2-8b,0.0
vlm_runs/2026-06-08,LP_Farmers_Market_Restroom_1_20260608T020000.jpg,minio,,vlm_runs/2026-06-08/LP_Farmers_Market_Restroom_1/LP_Farmers_Market_Restroom_1_20260608T020000.jpg,vehicle_prompts,done,2026-06-09T14:37:17.071368+00:00,,1.628,1.628,0,nvidia/cosmos-reason2-8b,"<0.0> 
1. Not visible
2. Not visible
3. Not visible
4. Not visible
5. Not visible
6. Not visible
7. Not visible
8. Not visible
9. Not visible
10. Not visible
11. Not visible
12. Not visible
13. Not visible
14. Not visible"
vlm_runs/2026-06-08,LP_Farmers_Market_Restroom_1_20260608T013000.jpg,minio,,vlm_runs/2026-06-08/LP_Farmers_Market_Restroom_1/LP_Farmers_Market_Restroom_1_20260608T013000.jpg,vehicle_prompts,done,2026-06-09T14:37:17.071361+00:00,,2.077,2.077,0,nvidia/cosmos-reason2-8b,"<0.0> 
[GENERAL VEHICLE SAFETY]
1. Not visible
2. Not visible

[COLLISIONS & NEAR MISSES]
3. Not visible
4. Not visible

[PARKING & ACCESS VIOLATIONS]
5. Not visible
6. Not visible

[SUSPICIOUS VEHICLE BEHAVIOR]
7. Not visible
8. Not visible

[VEHICLE IDENTIFICATION]
9. Not visible
10. Not visible
11. Not visible

[PEDESTRIAN & CHILD SAFETY]
12. Not visible
13. Not visible
14. Not visible"
vlm_runs/2026-06-08,LP_Farmers_Market_Restroom_1_20260608T023000.jpg,minio,,vlm_runs/2026-06-08/LP_Farmers_Market_Restroom_1/LP_Farmers_Market_Restroom_1_20260608T023000.jpg,vehicle_prompts,done,2026-06-09T14:37:17.071375+00:00,,1.601,1.601,0,nvidia/cosmos-reason2-8b,"<0.0> 
1. Not visible
2. Not visible
3. Not visible
4. Not visible
5. Not visible
6. Not visible
7. Not visible
8. Not visible
9. Not visible
10. Not visible
11. Not visible
12. Not visible
13. Not visible
14. Not visible"
vlm_runs/2026-06-08,LP_Farmers_Market_Restroom_1_20260608T030000.jpg,minio,,vlm_runs/2026-06-08/LP_Farmers_Market_Restroom_1/LP_Farmers_Market_Restroom_1_20260608T030000.jpg,vehicle_prompts,done,2026-06-09T14:37:17.071383+00:00,,1.24,1.24,0,nvidia/cosmos-reason2-8b,"<0.0> 
Not visible"
vlm_runs/2026-06-08,LP_Farmers_Market_Restroom_1_20260608T031500.jpg,minio,,vlm_runs/2026-06-08/LP_Farmers_Market_Restroom_1/LP_Farmers_Market_Restroom_1_20260608T031500.jpg,vehicle_prompts,done,2026-06-09T14:37:17.071387+00:00,,1.359,1.359,0,nvidia/cosmos-reason2-8b,0.0
vlm_runs/2026-06-08,LP_Farmers_Market_Restroom_1_20260608T040000.jpg,minio,,vlm_runs/2026-06-08/LP_Farmers_Market_Restroom_1/LP_Farmers_Market_Restroom_1_20260608T040000.jpg,vehicle_prompts,done,2026-06-09T14:37:17.071398+00:00,,0.823,0.823,0,nvidia/cosmos-reason2-8b,"<0.0> 
1. Not visible
2. Not visible
3. Not visible
4. Not visible
5. Not visible
6. Not visible
7. Not visible
8. Not visible
9. Not visible
10. Not visible
11. Not visible
12. Not visible
13. Not visible
14. Not visible"
vlm_runs/2026-06-08,LP_Farmers_Market_Restroom_1_20260608T034500.jpg,minio,,vlm_runs/2026-06-08/LP_Farmers_Market_Restroom_1/LP_Farmers_Market_Restroom_1_20260608T034500.jpg,vehicle_prompts,done,2026-06-09T14:37:17.071395+00:00,,1.559,1.559,0,nvidia/cosmos-reason2-8b,"<0.0> 
[GENERAL VEHICLE SAFETY]
1. Not visible
2. Not visible

[COLLISIONS & NEAR MISSES]
3. Not visible
4. Not visible

[PARKING & ACCESS VIOLATIONS]
5. Not visible
6. Not visible

[SUSPICIOUS VEHICLE BEHAVIOR]
7. Not visible
8. Not visible

[VEHICLE IDENTIFICATION]
9. Not visible
10. Not visible
11. Not visible

[PEDESTRIAN & CHILD SAFETY]
12. Not visible
13. Not visible
14. Not visible"
vlm_runs/2026-06-08,LP_Farmers_Market_Restroom_1_20260608T044500.jpg,minio,,vlm_runs/2026-06-08/LP_Farmers_Market_Restroom_1/LP_Farmers_Market_Restroom_1_20260608T044500.jpg,vehicle_prompts,done,2026-06-09T14:37:17.071410+00:00,,1.319,1.319,0,nvidia/cosmos-reason2-8b,"<0.0> 
[GENERAL VEHICLE SAFETY]
1. Not visible
2. Not visible

[COLLISIONS & NEAR MISSES]
3. Not visible
4. Not visible

[PARKING & ACCESS VIOLATIONS]
5. Not visible
6. Not visible

[SUSPICIOUS VEHICLE BEHAVIOR]
7. Not visible
8. Not visible

[VEHICLE IDENTIFICATION]
9. Not visible
10. Not visible
11. Not visible

[PEDESTRIAN & CHILD SAFETY]
12. Not visible
13. Not visible
14. Not visible"
vlm_runs/2026-06-08,LP_Farmers_Market_Restroom_1_20260608T054500.jpg,minio,,vlm_runs/2026-06-08/LP_Farmers_Market_Restroom_1/LP_Farmers_Market_Restroom_1_20260608T054500.jpg,vehicle_prompts,done,2026-06-09T14:37:17.071422+00:00,,1.017,1.017,0,nvidia/cosmos-reason2-8b,"<0.0> 
[GENERAL VEHICLE SAFETY]
1. Not visible
2. Not visible

[COLLISIONS & NEAR MISSES]
3. Not visible
4. Not visible

[PARKING & ACCESS VIOLATIONS]
5. Not visible
6. Not visible

[SUSPICIOUS VEHICLE BEHAVIOR]
7. Not visible
8. Not visible

[VEHICLE IDENTIFICATION]
9. Not visible
10. Not visible
11. Not visible

[PEDESTRIAN & CHILD SAFETY]
12. Not visible
13. Not visible
14. Not visible"
vlm_runs/2026-06-08,LP_Farmers_Market_Restroom_1_20260608T041500.jpg,minio,,vlm_runs/2026-06-08/LP_Farmers_Market_Restroom_1/LP_Farmers_Market_Restroom_1_20260608T041500.jpg,vehicle_prompts,done,2026-06-09T14:37:17.071402+00:00,,1.959,1.959,0,nvidia/cosmos-reason2-8b,"<0.0> 
1. Not visible
2. Not visible
3. Not visible
4. Not visible
5. Not visible
6. Not visible
7. Not visible
8. Not visible
9. Not visible
10. Not visible
11. Not visible
12. Not visible
13. Not visible
14. Not visible"
vlm_runs/2026-06-08,LP_Farmers_Market_Restroom_1_20260608T050000.jpg,minio,,vlm_runs/2026-06-08/LP_Farmers_Market_Restroom_1/LP_Farmers_Market_Restroom_1_20260608T050000.jpg,vehicle_prompts,done,2026-06-09T14:37:17.071414+00:00,,1.413,1.413,0,nvidia/cosmos-reason2-8b,0.0
vlm_runs/2026-06-08,LP_Farmers_Market_Restroom_1_20260608T033000.jpg,minio,,vlm_runs/2026-06-08/LP_Farmers_Market_Restroom_1/LP_Farmers_Market_Restroom_1_20260608T033000.jpg,vehicle_prompts,done,2026-06-09T14:37:17.071391+00:00,,2.536,2.536,0,nvidia/cosmos-reason2-8b,"<0.0> 
[GENERAL VEHICLE SAFETY]
1. Not visible
2. Not visible

[COLLISIONS & NEAR MISSES]
3. Not visible
4. Not visible

[PARKING & ACCESS VIOLATIONS]
5. Not visible
6. Not visible

[SUSPICIOUS VEHICLE BEHAVIOR]
7. Not visible
8. Not visible

[VEHICLE IDENTIFICATION]
9. Not visible
10. Not visible
11. Not visible

[PEDESTRIAN & CHILD SAFETY]
12. Not visible
13. Not visible
14. Not visible"
vlm_runs/2026-06-08,LP_Farmers_Market_Restroom_1_20260608T063000.jpg,minio,,vlm_runs/2026-06-08/LP_Farmers_Market_Restroom_1/LP_Farmers_Market_Restroom_1_20260608T063000.jpg,vehicle_prompts,done,2026-06-09T14:37:17.071434+00:00,,0.916,0.916,0,nvidia/cosmos-reason2-8b,"<0.0> 
[GENERAL VEHICLE SAFETY]
1. Not visible
2. Not visible

[COLLISIONS & NEAR MISSES]
3. Not visible
4. Not visible

[PARKING & ACCESS VIOLATIONS]
5. Not visible
6. Not visible

[SUSPICIOUS VEHICLE BEHAVIOR]
7. Not visible
8. Not visible

[VEHICLE IDENTIFICATION]
9. Not visible
10. Not visible
11. Not visible

[PEDESTRIAN & CHILD SAFETY]
12. Not visible
13. Not visible
14. Not visible"
vlm_runs/2026-06-08,LP_Farmers_Market_Restroom_1_20260608T061500.jpg,minio,,vlm_runs/2026-06-08/LP_Farmers_Market_Restroom_1/LP_Farmers_Market_Restroom_1_20260608T061500.jpg,vehicle_prompts,done,2026-06-09T14:37:17.071430+00:00,,1.239,1.239,0,nvidia/cosmos-reason2-8b,"<0.0> [GENERAL VEHICLE SAFETY]
1. Not visible
2. Not visible

[COLLISIONS & NEAR MISSES]
3. Not visible
4. Not visible

[PARKING & ACCESS VIOLATIONS]
5. Not visible
6. Not visible

[SUSPICIOUS VEHICLE BEHAVIOR]
7. Not visible
8. Not visible

[VEHICLE IDENTIFICATION]
9. Not visible
10. Not visible
11. Not visible

[PEDESTRIAN & CHILD SAFETY]
12. Not visible
13. Not visible
14. Not visible"
vlm_runs/2026-06-08,LP_Farmers_Market_Restroom_1_20260608T053000.jpg,minio,,vlm_runs/2026-06-08/LP_Farmers_Market_Restroom_1/LP_Farmers_Market_Restroom_1_20260608T053000.jpg,vehicle_prompts,done,2026-06-09T14:37:17.071418+00:00,,2.363,2.363,0,nvidia/cosmos-reason2-8b,"<0.0> 
1. Not visible
2. Not visible
3. Not visible
4. Not visible
5. Not visible
6. Not visible
7. Not visible
8. Not visible
9. Not visible
10. Not visible
11. Not visible
12. Not visible
13. Not visible
14. Not visible"
vlm_runs/2026-06-08,LP_Farmers_Market_Restroom_1_20260608T070000.jpg,minio,,vlm_runs/2026-06-08/LP_Farmers_Market_Restroom_1/LP_Farmers_Market_Restroom_1_20260608T070000.jpg,vehicle_prompts,done,2026-06-09T14:37:17.071441+00:00,,1.107,1.107,0,nvidia/cosmos-reason2-8b,"<0.0> 
[GENERAL VEHICLE SAFETY]
1. No vehicles are visible.
2. Not applicable.

[COLLISIONS & NEAR MISSES]
3. Not applicable.
4. Not applicable.

[PARKING & ACCESS VIOLATIONS]
5. Not applicable.
6. Not applicable.

[SUSPICIOUS VEHICLE BEHAVIOR]
7. Not applicable.
8. Not applicable.

[VEHICLE IDENTIFICATION]
9. Not applicable.
10. Not applicable.
11. Not applicable.

[PEDESTRIAN & CHILD SAFETY]
12. Not applicable.
13. Not applicable.
14. Not applicable."
vlm_runs/2026-06-08,LP_Farmers_Market_Restroom_1_20260608T060000.jpg,minio,,vlm_runs/2026-06-08/LP_Farmers_Market_Restroom_1/LP_Farmers_Market_Restroom_1_20260608T060000.jpg,vehicle_prompts,done,2026-06-09T14:37:17.071426+00:00,,1.824,1.824,0,nvidia/cosmos-reason2-8b,"<0.0> 

[GENERAL VEHICLE SAFETY]
1. Not visible
2. Not visible

[COLLISIONS & NEAR MISSES]
3. Not visible
4. Not visible

[PARKING & ACCESS VIOLATIONS]
5. Not visible
6. Not visible

[SUSPICIOUS VEHICLE BEHAVIOR]
7. Not visible
8. Not visible

[VEHICLE IDENTIFICATION]
9. Not visible
10. Not visible
11. Not visible

[PEDESTRIAN & CHILD SAFETY]
12. Not visible
13. Not visible
14. Not visible"
vlm_runs/2026-06-08,LP_Farmers_Market_Restroom_1_20260608T064500.jpg,minio,,vlm_runs/2026-06-08/LP_Farmers_Market_Restroom_1/LP_Farmers_Market_Restroom_1_20260608T064500.jpg,vehicle_prompts,done,2026-06-09T14:37:17.071437+00:00,,1.354,1.354,0,nvidia/cosmos-reason2-8b,"<0.0> 

[GENERAL VEHICLE SAFETY]
1. Not visible
2. Not visible

[COLLISIONS & NEAR MISSES]
3. Not visible
4. Not visible

[PARKING & ACCESS VIOLATIONS]
5. Not visible
6. Not visible

[SUSPICIOUS VEHICLE BEHAVIOR]
7. Not visible
8. Not visible

[VEHICLE IDENTIFICATION]
9. Not visible
10. Not visible
11. Not visible

[PEDESTRIAN & CHILD SAFETY]
12. Not visible
13. Not visible
14. Not visible"
vlm_runs/2026-06-08,LP_Farmers_Market_Restroom_1_20260608T043000.jpg,minio,,vlm_runs/2026-06-08/LP_Farmers_Market_Restroom_1/LP_Farmers_Market_Restroom_1_20260608T043000.jpg,vehicle_prompts,done,2026-06-09T14:37:17.071406+00:00,,3.415,3.415,0,nvidia/cosmos-reason2-8b,"<0.0> 
[GENERAL VEHICLE SAFETY]
1. Not visible
2. Not visible

[COLLISIONS & NEAR MISSES]
3. Not visible
4. Not visible

[PARKING & ACCESS VIOLATIONS]
5. Not visible
6. Not visible

[SUSPICIOUS VEHICLE BEHAVIOR]
7. Not visible
8. Not visible

[VEHICLE IDENTIFICATION]
9. Not visible
10. Not visible
11. Not visible

[PEDESTRIAN & CHILD SAFETY]
12. Not visible
13. Not visible
14. Not visible"
vlm_runs/2026-06-08,LP_Farmers_Market_Restroom_1_20260608T073000.jpg,minio,,vlm_runs/2026-06-08/LP_Farmers_Market_Restroom_1/LP_Farmers_Market_Restroom_1_20260608T073000.jpg,vehicle_prompts,done,2026-06-09T14:37:17.071449+00:00,,1.037,1.037,0,nvidia/cosmos-reason2-8b,"<0.0> 
[GENERAL VEHICLE SAFETY]
1. Not visible
2. Not visible

[COLLISIONS & NEAR MISSES]
3. Not visible
4. Not visible

[PARKING & ACCESS VIOLATIONS]
5. Not visible
6. Not visible

[SUSPICIOUS VEHICLE BEHAVIOR]
7. Not visible
8. Not visible

[VEHICLE IDENTIFICATION]
9. Not visible
10. Not visible
11. Not visible

[PEDESTRIAN & CHILD SAFETY]
12. Not visible
13. Not visible
14. Not visible"
vlm_runs/2026-06-08,LP_Farmers_Market_Restroom_1_20260608T080000.jpg,minio,,vlm_runs/2026-06-08/LP_Farmers_Market_Restroom_1/LP_Farmers_Market_Restroom_1_20260608T080000.jpg,vehicle_prompts,done,2026-06-09T14:37:17.071453+00:00,,1.265,1.265,0,nvidia/cosmos-reason2-8b,"<0.0> 

[GENERAL VEHICLE SAFETY]
1. Not visible
2. Not visible

[COLLISIONS & NEAR MISSES]
3. Not visible
4. Not visible

[PARKING & ACCESS VIOLATIONS]
5. Not visible
6. Not visible

[SUSPICIOUS VEHICLE BEHAVIOR]
7. Not visible
8. Not visible

[VEHICLE IDENTIFICATION]
9. Not visible
10. Not visible
11. Not visible

[PEDESTRIAN & CHILD SAFETY]
12. Not visible
13. Not visible
14. Not visible"
vlm_runs/2026-06-08,LP_Farmers_Market_Restroom_1_20260608T081500.jpg,minio,,vlm_runs/2026-06-08/LP_Farmers_Market_Restroom_1/LP_Farmers_Market_Restroom_1_20260608T081500.jpg,vehicle_prompts,done,2026-06-09T14:37:17.071457+00:00,,1.267,1.267,0,nvidia/cosmos-reason2-8b,"<0.0> 
[GENERAL VEHICLE SAFETY] No vehicles are visible, so no speed-related issues can be assessed.
[COLLISIONS & NEAR MISSES] No collisions or near misses are observed.
[PARKING & ACCESS VIOLATIONS] No vehicles are present to assess parking or access violations.
[SUSPICIOUS VEHICLE BEHAVIOR] No vehicles are present to assess suspicious behavior.
[VEHICLE IDENTIFICATION] No vehicles are present for identification.
[PEDESTRIAN & CHILD SAFETY] No pedestrians or children are visible, so no safety concerns are noted."
vlm_runs/2026-06-08,LP_Farmers_Market_Restroom_1_20260608T084500.jpg,minio,,vlm_runs/2026-06-08/LP_Farmers_Market_Restroom_1/LP_Farmers_Market_Restroom_1_20260608T084500.jpg,vehicle_prompts,done,2026-06-09T14:37:17.071464+00:00,,1.184,1.184,0,nvidia/cosmos-reason2-8b,"<0.0> 
[GENERAL VEHICLE SAFETY]
1. Not visible
2. Not visible

[COLLISIONS & NEAR MISSES]
3. Not visible
4. Not visible

[PARKING & ACCESS VIOLATIONS]
5. Not visible
6. Not visible

[SUSPICIOUS VEHICLE BEHAVIOR]
7. Not visible
8. Not visible

[VEHICLE IDENTIFICATION]
9. Not visible
10. Not visible
11. Not visible

[PEDESTRIAN & CHILD SAFETY]
12. Not visible
13. Not visible
14. Not visible"
vlm_runs/2026-06-08,LP_Farmers_Market_Restroom_1_20260608T071500.jpg,minio,,vlm_runs/2026-06-08/LP_Farmers_Market_Restroom_1/LP_Farmers_Market_Restroom_1_20260608T071500.jpg,vehicle_prompts,done,2026-06-09T14:37:17.071444+00:00,,2.544,2.544,0,nvidia/cosmos-reason2-8b,"<0.0> 
[GENERAL VEHICLE SAFETY]
1. Not visible
2. Not visible

[COLLISIONS & NEAR MISSES]
3. Not visible
4. Not visible

[PARKING & ACCESS VIOLATIONS]
5. Not visible
6. Not visible

[SUSPICIOUS VEHICLE BEHAVIOR]
7. Not visible
8. Not visible

[VEHICLE IDENTIFICATION]
9. Not visible
10. Not visible
11. Not visible

[PEDESTRIAN & CHILD SAFETY]
12. Not visible
13. Not visible
14. Not visible"
vlm_runs/2026-06-08,LP_Farmers_Market_Restroom_1_20260608T083000.jpg,minio,,vlm_runs/2026-06-08/LP_Farmers_Market_Restroom_1/LP_Farmers_Market_Restroom_1_20260608T083000.jpg,vehicle_prompts,done,2026-06-09T14:37:17.071461+00:00,,1.74,1.74,0,nvidia/cosmos-reason2-8b,"<0.0> 

[GENERAL VEHICLE SAFETY]
1. Not visible
2. Not visible

[COLLISIONS & NEAR MISSES]
3. Not visible
4. Not visible

[PARKING & ACCESS VIOLATIONS]
5. Not visible
6. Not visible

[SUSPICIOUS VEHICLE BEHAVIOR]
7. Not visible
8. Not visible

[VEHICLE IDENTIFICATION]
9. Not visible
10. Not visible
11. Not visible

[PEDESTRIAN & CHILD SAFETY]
12. Not visible
13. Not visible
14. Not visible"
vlm_runs/2026-06-08,LP_Farmers_Market_Restroom_1_20260608T093000.jpg,minio,,vlm_runs/2026-06-08/LP_Farmers_Market_Restroom_1/LP_Farmers_Market_Restroom_1_20260608T093000.jpg,vehicle_prompts,done,2026-06-09T14:37:17.071476+00:00,,1.067,1.067,0,nvidia/cosmos-reason2-8b,"<0.0> 
[GENERAL VEHICLE SAFETY]
1. Not visible
2. Not visible

[COLLISIONS & NEAR MISSES]
3. Not visible
4. Not visible

[PARKING & ACCESS VIOLATIONS]
5. Not visible
6. Not visible

[SUSPICIOUS VEHICLE BEHAVIOR]
7. Not visible
8. Not visible

[VEHICLE IDENTIFICATION]
9. Not visible
10. Not visible
11. Not visible

[PEDESTRIAN & CHILD SAFETY]
12. Not visible
13. Not visible
14. Not visible"
vlm_runs/2026-06-08,LP_Farmers_Market_Restroom_1_20260608T091500.jpg,minio,,vlm_runs/2026-06-08/LP_Farmers_Market_Restroom_1/LP_Farmers_Market_Restroom_1_20260608T091500.jpg,vehicle_prompts,done,2026-06-09T14:37:17.071472+00:00,,1.464,1.464,0,nvidia/cosmos-reason2-8b,"<0.0> 
[GENERAL VEHICLE SAFETY]
1. Not visible
2. Not visible

[COLLISIONS & NEAR MISSES]
3. Not visible
4. Not visible

[PARKING & ACCESS VIOLATIONS]
5. Not visible
6. Not visible

[SUSPICIOUS VEHICLE BEHAVIOR]
7. Not visible
8. Not visible

[VEHICLE IDENTIFICATION]
9. Not visible
10. Not visible
11. Not visible

[PEDESTRIAN & CHILD SAFETY]
12. Not visible
13. Not visible
14. Not visible"
vlm_runs/2026-06-08,LP_Farmers_Market_Restroom_1_20260608T094500.jpg,minio,,vlm_runs/2026-06-08/LP_Farmers_Market_Restroom_1/LP_Farmers_Market_Restroom_1_20260608T094500.jpg,vehicle_prompts,done,2026-06-09T14:37:17.071479+00:00,,1.109,1.109,0,nvidia/cosmos-reason2-8b,"<0.0> 

[GENERAL VEHICLE SAFETY]
1. Not visible
2. Not visible

[COLLISIONS & NEAR MISSES]
3. Not visible
4. Not visible

[PARKING & ACCESS VIOLATIONS]
5. Not visible
6. Not visible

[SUSPICIOUS VEHICLE BEHAVIOR]
7. Not visible
8. Not visible

[VEHICLE IDENTIFICATION]
9. Not visible
10. Not visible
11. Not visible

[PEDESTRIAN & CHILD SAFETY]
12. Not visible
13. Not visible
14. Not visible"
vlm_runs/2026-06-08,LP_Farmers_Market_Restroom_1_20260608T103000.jpg,minio,,vlm_runs/2026-06-08/LP_Farmers_Market_Restroom_1/LP_Farmers_Market_Restroom_1_20260608T103000.jpg,vehicle_prompts,done,2026-06-09T14:37:17.071491+00:00,,0.988,0.988,0,nvidia/cosmos-reason2-8b,"<0.0> 
[GENERAL VEHICLE SAFETY]
1. Not visible
2. Not visible

[COLLISIONS & NEAR MISSES]
3. Not visible
4. Not visible

[PARKING & ACCESS VIOLATIONS]
5. Not visible
6. Not visible

[SUSPICIOUS VEHICLE BEHAVIOR]
7. Not visible
8. Not visible

[VEHICLE IDENTIFICATION]
9. Not visible
10. Not visible
11. Not visible

[PEDESTRIAN & CHILD SAFETY]
12. Not visible
13. Not visible
14. Not visible"
vlm_runs/2026-06-08,LP_Farmers_Market_Restroom_1_20260608T100000.jpg,minio,,vlm_runs/2026-06-08/LP_Farmers_Market_Restroom_1/LP_Farmers_Market_Restroom_1_20260608T100000.jpg,vehicle_prompts,done,2026-06-09T14:37:17.071483+00:00,,1.428,1.428,0,nvidia/cosmos-reason2-8b,"<0.0> 
[GENERAL VEHICLE SAFETY]
1. Not visible
2. Not visible

[COLLISIONS & NEAR MISSES]
3. Not visible
4. Not visible

[PARKING & ACCESS VIOLATIONS]
5. Not visible
6. Not visible

[SUSPICIOUS VEHICLE BEHAVIOR]
7. Not visible
8. Not visible

[VEHICLE IDENTIFICATION]
9. Not visible
10. Not visible
11. Not visible

[PEDESTRIAN & CHILD SAFETY]
12. Not visible
13. Not visible
14. Not visible"
vlm_runs/2026-06-08,LP_Farmers_Market_Restroom_1_20260608T111500.jpg,minio,,vlm_runs/2026-06-08/LP_Farmers_Market_Restroom_1/LP_Farmers_Market_Restroom_1_20260608T111500.jpg,vehicle_prompts,done,2026-06-09T14:37:17.071502+00:00,,0.865,0.865,0,nvidia/cosmos-reason2-8b,"<0.0> 
[GENERAL VEHICLE SAFETY]
1. Not visible
2. Not visible

[COLLISIONS & NEAR MISSES]
3. Not visible
4. Not visible

[PARKING & ACCESS VIOLATIONS]
5. Not visible
6. Not visible

[SUSPICIOUS VEHICLE BEHAVIOR]
7. Not visible
8. Not visible

[VEHICLE IDENTIFICATION]
9. Not visible
10. Not visible
11. Not visible

[PEDESTRIAN & CHILD SAFETY]
12. Not visible
13. Not visible
14. Not visible"
vlm_runs/2026-06-08,LP_Farmers_Market_Restroom_1_20260608T090000.jpg,minio,,vlm_runs/2026-06-08/LP_Farmers_Market_Restroom_1/LP_Farmers_Market_Restroom_1_20260608T090000.jpg,vehicle_prompts,done,2026-06-09T14:37:17.071468+00:00,,2.875,2.875,0,nvidia/cosmos-reason2-8b,"<0.0> 
[GENERAL VEHICLE SAFETY]
1. Not visible
2. Not visible

[COLLISIONS & NEAR MISSES]
3. Not visible
4. Not visible

[PARKING & ACCESS VIOLATIONS]
5. Not visible
6. Not visible

[SUSPICIOUS VEHICLE BEHAVIOR]
7. Not visible
8. Not visible

[VEHICLE IDENTIFICATION]
9. Not visible
10. Not visible
11. Not visible

[PEDESTRIAN & CHILD SAFETY]
12. Not visible
13. Not visible
14. Not visible"
vlm_runs/2026-06-08,LP_Farmers_Market_Restroom_1_20260608T110000.jpg,minio,,vlm_runs/2026-06-08/LP_Farmers_Market_Restroom_1/LP_Farmers_Market_Restroom_1_20260608T110000.jpg,vehicle_prompts,done,2026-06-09T14:37:17.071498+00:00,,1.337,1.337,0,nvidia/cosmos-reason2-8b,"<0.0> 
[GENERAL VEHICLE SAFETY]
1. No vehicles are visible.
2. Not applicable.

[COLLISIONS & NEAR MISSES]
3. Not applicable.
4. Not applicable.

[PARKING & ACCESS VIOLATIONS]
5. Not applicable.
6. Not applicable.

[SUSPICIOUS VEHICLE BEHAVIOR]
7. Not applicable.
8. Not applicable.

[VEHICLE IDENTIFICATION]
9. Not applicable.
10. Not applicable.
11. Not applicable.

[PEDESTRIAN & CHILD SAFETY]
12. Not applicable.
13. Not applicable.
14. Not applicable."
vlm_runs/2026-06-08,LP_Farmers_Market_Restroom_1_20260608T114500.jpg,minio,,vlm_runs/2026-06-08/LP_Farmers_Market_Restroom_1/LP_Farmers_Market_Restroom_1_20260608T114500.jpg,vehicle_prompts,done,2026-06-09T14:37:17.071510+00:00,,0.8,0.8,0,nvidia/cosmos-reason2-8b,"<0.0> 

[GENERAL VEHICLE SAFETY]
1. Not visible
2. Not visible

[COLLISIONS & NEAR MISSES]
3. Not visible
4. Not visible

[PARKING & ACCESS VIOLATIONS]
5. Not visible
6. Not visible

[SUSPICIOUS VEHICLE BEHAVIOR]
7. Not visible
8. Not visible

[VEHICLE IDENTIFICATION]
9. Not visible
10. Not visible
11. Not visible

[PEDESTRIAN & CHILD SAFETY]
12. Not visible
13. Not visible
14. Not visible"
vlm_runs/2026-06-08,LP_Farmers_Market_Restroom_1_20260608T104500.jpg,minio,,vlm_runs/2026-06-08/LP_Farmers_Market_Restroom_1/LP_Farmers_Market_Restroom_1_20260608T104500.jpg,vehicle_prompts,done,2026-06-09T14:37:17.071495+00:00,,1.566,1.566,0,nvidia/cosmos-reason2-8b,"<0.0> 
1. Not visible
2. Not visible
3. Not visible
4. Not visible
5. Not visible
6. Not visible
7. Not visible
8. Not visible
9. Not visible
10. Not visible
11. Not visible
12. Not visible
13. Not visible
14. Not visible"
vlm_runs/2026-06-08,LP_Farmers_Market_Restroom_1_20260608T101500.jpg,minio,,vlm_runs/2026-06-08/LP_Farmers_Market_Restroom_1/LP_Farmers_Market_Restroom_1_20260608T101500.jpg,vehicle_prompts,done,2026-06-09T14:37:17.071487+00:00,,2.155,2.155,0,nvidia/cosmos-reason2-8b,"<0.0> 
[GENERAL VEHICLE SAFETY]
1. Not visible
2. Not visible

[COLLISIONS & NEAR MISSES]
3. Not visible
4. Not visible

[PARKING & ACCESS VIOLATIONS]
5. Not visible
6. Not visible

[SUSPICIOUS VEHICLE BEHAVIOR]
7. Not visible
8. Not visible

[VEHICLE IDENTIFICATION]
9. Not visible
10. Not visible
11. Not visible

[PEDESTRIAN & CHILD SAFETY]
12. Not visible
13. Not visible
14. Not visible"
vlm_runs/2026-06-08,LP_Farmers_Market_Restroom_1_20260608T121500.jpg,minio,,vlm_runs/2026-06-08/LP_Farmers_Market_Restroom_1/LP_Farmers_Market_Restroom_1_20260608T121500.jpg,vehicle_prompts,done,2026-06-09T14:37:17.071518+00:00,,1.048,1.048,0,nvidia/cosmos-reason2-8b,"<0.0> 

[GENERAL VEHICLE SAFETY]
1. Not visible
2. Not visible

[COLLISIONS & NEAR MISSES]
3. Not visible
4. Not visible

[PARKING & ACCESS VIOLATIONS]
5. Not visible
6. Not visible

[SUSPICIOUS VEHICLE BEHAVIOR]
7. Not visible
8. Not visible

[VEHICLE IDENTIFICATION]
9. Not visible
10. Not visible
11. Not visible

[PEDESTRIAN & CHILD SAFETY]
12. Not visible
13. Not visible
14. Not visible"
vlm_runs/2026-06-08,LP_Farmers_Market_Restroom_1_20260608T124500.jpg,minio,,vlm_runs/2026-06-08/LP_Farmers_Market_Restroom_1/LP_Farmers_Market_Restroom_1_20260608T124500.jpg,vehicle_prompts,done,2026-06-09T14:37:17.071526+00:00,,0.904,0.904,0,nvidia/cosmos-reason2-8b,"<0.0> 
[GENERAL VEHICLE SAFETY]
1. Not visible
2. Not visible

[COLLISIONS & NEAR MISSES]
3. Not visible
4. Not visible

[PARKING & ACCESS VIOLATIONS]
5. Not visible
6. Not visible

[SUSPICIOUS VEHICLE BEHAVIOR]
7. Not visible
8. Not visible

[VEHICLE IDENTIFICATION]
9. Not visible
10. Not visible
11. Not visible

[PEDESTRIAN & CHILD SAFETY]
12. Not visible
13. Not visible
14. Not visible"
vlm_runs/2026-06-08,LP_Farmers_Market_Restroom_1_20260608T131500.jpg,minio,,vlm_runs/2026-06-08/LP_Farmers_Market_Restroom_1/LP_Farmers_Market_Restroom_1_20260608T131500.jpg,vehicle_prompts,done,2026-06-09T14:37:17.071533+00:00,,0.989,0.989,0,nvidia/cosmos-reason2-8b,"<0.0> 
[GENERAL VEHICLE SAFETY]
1. Not visible
2. Not visible

[COLLISIONS & NEAR MISSES]
3. Not visible
4. Not visible

[PARKING & ACCESS VIOLATIONS]
5. Not visible
6. Not visible

[SUSPICIOUS VEHICLE BEHAVIOR]
7. Not visible
8. Not visible

[VEHICLE IDENTIFICATION]
9. Not visible
10. Not visible
11. Not visible

[PEDESTRIAN & CHILD SAFETY]
12. Not visible
13. Not visible
14. Not visible"
vlm_runs/2026-06-08,LP_Farmers_Market_Restroom_1_20260608T130000.jpg,minio,,vlm_runs/2026-06-08/LP_Farmers_Market_Restroom_1/LP_Farmers_Market_Restroom_1_20260608T130000.jpg,vehicle_prompts,done,2026-06-09T14:37:17.071529+00:00,,1.409,1.409,0,nvidia/cosmos-reason2-8b,"<0.0> 
[GENERAL VEHICLE SAFETY]
1. Not visible
2. Not visible

[COLLISIONS & NEAR MISSES]
3. Not visible
4. Not visible

[PARKING & ACCESS VIOLATIONS]
5. Not visible
6. Not visible

[SUSPICIOUS VEHICLE BEHAVIOR]
7. Not visible
8. Not visible

[VEHICLE IDENTIFICATION]
9. Not visible
10. Not visible
11. Not visible

[PEDESTRIAN & CHILD SAFETY]
12. Not visible
13. Not visible
14. Not visible"
vlm_runs/2026-06-08,LP_Farmers_Market_Restroom_1_20260608T120000.jpg,minio,,vlm_runs/2026-06-08/LP_Farmers_Market_Restroom_1/LP_Farmers_Market_Restroom_1_20260608T120000.jpg,vehicle_prompts,done,2026-06-09T14:37:17.071514+00:00,,2.087,2.087,0,nvidia/cosmos-reason2-8b,"<0.0> 
[GENERAL VEHICLE SAFETY]
1. Not visible
2. Not visible

[COLLISIONS & NEAR MISSES]
3. Not visible
4. Not visible

[PARKING & ACCESS VIOLATIONS]
5. Not visible
6. Not visible

[SUSPICIOUS VEHICLE BEHAVIOR]
7. Not visible
8. Not visible

[VEHICLE IDENTIFICATION]
9. Not visible
10. Not visible
11. Not visible

[PEDESTRIAN & CHILD SAFETY]
12. Not visible
13. Not visible
14. Not visible"
vlm_runs/2026-06-08,LP_Farmers_Market_Restroom_1_20260608T133000.jpg,minio,,vlm_runs/2026-06-08/LP_Farmers_Market_Restroom_1/LP_Farmers_Market_Restroom_1_20260608T133000.jpg,vehicle_prompts,done,2026-06-09T14:37:17.071537+00:00,,1.32,1.32,0,nvidia/cosmos-reason2-8b,"<0.0> 
[GENERAL VEHICLE SAFETY]
1. Not visible
2. Not visible

[COLLISIONS & NEAR MISSES]
3. Not visible
4. Not visible

[PARKING & ACCESS VIOLATIONS]
5. Not visible
6. Not visible

[SUSPICIOUS VEHICLE BEHAVIOR]
7. Not visible
8. Not visible

[VEHICLE IDENTIFICATION]
9. Not visible
10. Not visible
11. Not visible

[PEDESTRIAN & CHILD SAFETY]
12. Not visible
13. Not visible
14. Not visible"
vlm_runs/2026-06-08,LP_Farmers_Market_Restroom_1_20260608T123000.jpg,minio,,vlm_runs/2026-06-08/LP_Farmers_Market_Restroom_1/LP_Farmers_Market_Restroom_1_20260608T123000.jpg,vehicle_prompts,done,2026-06-09T14:37:17.071522+00:00,,1.962,1.962,0,nvidia/cosmos-reason2-8b,"<0.0> 
[GENERAL VEHICLE SAFETY]
1. Not visible
2. Not visible

[COLLISIONS & NEAR MISSES]
3. Not visible
4. Not visible

[PARKING & ACCESS VIOLATIONS]
5. Not visible
6. Not visible

[SUSPICIOUS VEHICLE BEHAVIOR]
7. Not visible
8. Not visible

[VEHICLE IDENTIFICATION]
9. Not visible
10. Not visible
11. Not visible

[PEDESTRIAN & CHILD SAFETY]
12. Not visible
13. Not visible
14. Not visible"
vlm_runs/2026-06-08,LP_Farmers_Market_Restroom_1_20260608T113000.jpg,minio,,vlm_runs/2026-06-08/LP_Farmers_Market_Restroom_1/LP_Farmers_Market_Restroom_1_20260608T113000.jpg,vehicle_prompts,done,2026-06-09T14:37:17.071506+00:00,,2.993,2.993,0,nvidia/cosmos-reason2-8b,"<0.0> 
[GENERAL VEHICLE SAFETY] 1. Not visible 2. Not visible
[COLLISIONS & NEAR MISSES] 3. Not visible 4. Not visible
[PARKING & ACCESS VIOLATIONS] 5. Not visible 6. Not visible
[SUSPICIOUS VEHICLE BEHAVIOR] 7. Not visible 8. Not visible
[VEHICLE IDENTIFICATION] 9. Not visible 10. Not visible 11. Not visible
[PEDESTRIAN & CHILD SAFETY] 12. Not visible 13. Not visible 14. Not visible"
vlm_runs/2026-06-08,LP_Farmers_Market_Restroom_1_20260608T140000.jpg,minio,,vlm_runs/2026-06-08/LP_Farmers_Market_Restroom_1/LP_Farmers_Market_Restroom_1_20260608T140000.jpg,vehicle_prompts,done,2026-06-09T14:37:17.071545+00:00,,1.24,1.24,0,nvidia/cosmos-reason2-8b,"<0.0> 
[GENERAL VEHICLE SAFETY]
1. No vehicles are visible.
2. Not applicable.

[COLLISIONS & NEAR MISSES]
3. Not applicable.
4. Not applicable.

[PARKING & ACCESS VIOLATIONS]
5. Not applicable.
6. Not applicable.

[SUSPICIOUS VEHICLE BEHAVIOR]
7. Not applicable.
8. Not applicable.

[VEHICLE IDENTIFICATION]
9. Not applicable.
10. Not applicable.
11. Not applicable.

[PEDESTRIAN & CHILD SAFETY]
12. Not applicable.
13. Not applicable.
14. Not applicable."
vlm_runs/2026-06-08,LP_Farmers_Market_Restroom_1_20260608T141500.jpg,minio,,vlm_runs/2026-06-08/LP_Farmers_Market_Restroom_1/LP_Farmers_Market_Restroom_1_20260608T141500.jpg,vehicle_prompts,done,2026-06-09T14:37:17.071548+00:00,,1.049,1.049,0,nvidia/cosmos-reason2-8b,"<0.0> 
[GENERAL VEHICLE SAFETY]
1. No vehicles are visible.
2. Not applicable.

[COLLISIONS & NEAR MISSES]
3. Not applicable.
4. Not applicable.

[PARKING & ACCESS VIOLATIONS]
5. Not applicable.
6. Not applicable.

[SUSPICIOUS VEHICLE BEHAVIOR]
7. Not applicable.
8. Not applicable.

[VEHICLE IDENTIFICATION]
9. Not applicable.
10. Not applicable.
11. Not applicable.

[PEDESTRIAN & CHILD SAFETY]
12. Not applicable.
13. Not applicable.
14. Not applicable."
vlm_runs/2026-06-08,LP_Farmers_Market_Restroom_1_20260608T134500.jpg,minio,,vlm_runs/2026-06-08/LP_Farmers_Market_Restroom_1/LP_Farmers_Market_Restroom_1_20260608T134500.jpg,vehicle_prompts,done,2026-06-09T14:37:17.071541+00:00,,1.695,1.695,0,nvidia/cosmos-reason2-8b,"<0.0> 
[GENERAL VEHICLE SAFETY]
1. No vehicles are visible.
2. Not applicable.

[COLLISIONS & NEAR MISSES]
3. Not applicable.
4. Not applicable.

[PARKING & ACCESS VIOLATIONS]
5. Not applicable.
6. Not applicable.

[SUSPICIOUS VEHICLE BEHAVIOR]
7. Not applicable.
8. Not applicable.

[VEHICLE IDENTIFICATION]
9. Not applicable.
10. Not applicable.
11. Not applicable.

[PEDESTRIAN & CHILD SAFETY]
12. Not applicable.
13. Not applicable.
14. Not applicable."
vlm_runs/2026-06-08,LP_Farmers_Market_Restroom_1_20260608T151500.jpg,minio,,vlm_runs/2026-06-08/LP_Farmers_Market_Restroom_1/LP_Farmers_Market_Restroom_1_20260608T151500.jpg,vehicle_prompts,done,2026-06-09T14:37:17.071564+00:00,,0.68,0.68,0,nvidia/cosmos-reason2-8b,"<0.0> 
[GENERAL VEHICLE SAFETY]
1. Not visible
2. Not visible

[COLLISIONS & NEAR MISSES]
3. Not visible
4. Not visible

[PARKING & ACCESS VIOLATIONS]
5. Not visible
6. Not visible

[SUSPICIOUS VEHICLE BEHAVIOR]
7. Not visible
8. Not visible

[VEHICLE IDENTIFICATION]
9. Not visible
10. Not visible
11. Not visible

[PEDESTRIAN & CHILD SAFETY]
12. Not visible
13. Not visible
14. Not visible"
vlm_runs/2026-06-08,LP_Farmers_Market_Restroom_1_20260608T153000.jpg,minio,,vlm_runs/2026-06-08/LP_Farmers_Market_Restroom_1/LP_Farmers_Market_Restroom_1_20260608T153000.jpg,vehicle_prompts,done,2026-06-09T14:37:17.071568+00:00,,0.962,0.962,0,nvidia/cosmos-reason2-8b,"<0.0> 
[GENERAL VEHICLE SAFETY]
1. Not visible
2. Not visible

[COLLISIONS & NEAR MISSES]
3. Not visible
4. Not visible

[PARKING & ACCESS VIOLATIONS]
5. Not visible
6. Not visible

[SUSPICIOUS VEHICLE BEHAVIOR]
7. Not visible
8. Not visible

[VEHICLE IDENTIFICATION]
9. Not visible
10. Not visible
11. Not visible

[PEDESTRIAN & CHILD SAFETY]
12. Not visible
13. Not visible
14. Not visible"
vlm_runs/2026-06-08,LP_Farmers_Market_Restroom_1_20260608T150000.jpg,minio,,vlm_runs/2026-06-08/LP_Farmers_Market_Restroom_1/LP_Farmers_Market_Restroom_1_20260608T150000.jpg,vehicle_prompts,done,2026-06-09T14:37:17.071560+00:00,,1.497,1.497,0,nvidia/cosmos-reason2-8b,"<0.0> 
[GENERAL VEHICLE SAFETY]
1. Not visible
2. Not visible

[COLLISIONS & NEAR MISSES]
3. Not visible
4. Not visible

[PARKING & ACCESS VIOLATIONS]
5. Not visible
6. Not visible

[SUSPICIOUS VEHICLE BEHAVIOR]
7. Not visible
8. Not visible

[VEHICLE IDENTIFICATION]
9. Not visible
10. Not visible
11. Not visible

[PEDESTRIAN & CHILD SAFETY]
12. Not visible
13. Not visible
14. Not visible"
vlm_runs/2026-06-08,LP_Farmers_Market_Restroom_1_20260608T143000.jpg,minio,,vlm_runs/2026-06-08/LP_Farmers_Market_Restroom_1/LP_Farmers_Market_Restroom_1_20260608T143000.jpg,vehicle_prompts,done,2026-06-09T14:37:17.071552+00:00,,1.831,1.831,0,nvidia/cosmos-reason2-8b,"<0.0> 
[GENERAL VEHICLE SAFETY]
1. Not visible
2. Not visible

[COLLISIONS & NEAR MISSES]
3. Not visible
4. Not visible

[PARKING & ACCESS VIOLATIONS]
5. Not visible
6. Not visible

[SUSPICIOUS VEHICLE BEHAVIOR]
7. Not visible
8. Not visible

[VEHICLE IDENTIFICATION]
9. Not visible
10. Not visible
11. Not visible

[PEDESTRIAN & CHILD SAFETY]
12. Not visible
13. Not visible
14. Not visible"
vlm_runs/2026-06-08,LP_Farmers_Market_Restroom_1_20260608T144500.jpg,minio,,vlm_runs/2026-06-08/LP_Farmers_Market_Restroom_1/LP_Farmers_Market_Restroom_1_20260608T144500.jpg,vehicle_prompts,done,2026-06-09T14:37:17.071557+00:00,,1.96,1.96,0,nvidia/cosmos-reason2-8b,"<0.0> 
[GENERAL VEHICLE SAFETY]
1. Not visible
2. Not visible

[COLLISIONS & NEAR MISSES]
3. Not visible
4. Not visible

[PARKING & ACCESS VIOLATIONS]
5. Not visible
6. Not visible

[SUSPICIOUS VEHICLE BEHAVIOR]
7. Not visible
8. Not visible

[VEHICLE IDENTIFICATION]
9. Not visible
10. Not visible
11. Not visible

[PEDESTRIAN & CHILD SAFETY]
12. Not visible
13. Not visible
14. Not visible"
vlm_runs/2026-06-08,LP_Farmers_Market_Restroom_1_20260608T161500.jpg,minio,,vlm_runs/2026-06-08/LP_Farmers_Market_Restroom_1/LP_Farmers_Market_Restroom_1_20260608T161500.jpg,vehicle_prompts,done,2026-06-09T14:37:17.071580+00:00,,1.248,1.248,0,nvidia/cosmos-reason2-8b,"<0.0> 
[GENERAL VEHICLE SAFETY]
1. Not visible
2. Not visible

[COLLISIONS & NEAR MISSES]
3. Not visible
4. Not visible

[PARKING & ACCESS VIOLATIONS]
5. Not visible
6. Not visible

[SUSPICIOUS VEHICLE BEHAVIOR]
7. Not visible
8. Not visible

[VEHICLE IDENTIFICATION]
9. Not visible
10. Not visible
11. Not visible

[PEDESTRIAN & CHILD SAFETY]
12. Not visible
13. Not visible
14. Not visible"
vlm_runs/2026-06-08,LP_Farmers_Market_Restroom_1_20260608T160000.jpg,minio,,vlm_runs/2026-06-08/LP_Farmers_Market_Restroom_1/LP_Farmers_Market_Restroom_1_20260608T160000.jpg,vehicle_prompts,done,2026-06-09T14:37:17.071576+00:00,,1.449,1.449,0,nvidia/cosmos-reason2-8b,"<0.0> 
[GENERAL VEHICLE SAFETY]
1. Not visible
2. Not visible

[COLLISIONS & NEAR MISSES]
3. Not visible
4. Not visible

[PARKING & ACCESS VIOLATIONS]
5. Not visible
6. Not visible

[SUSPICIOUS VEHICLE BEHAVIOR]
7. Not visible
8. Not visible

[VEHICLE IDENTIFICATION]
9. Not visible
10. Not visible
11. Not visible

[PEDESTRIAN & CHILD SAFETY]
12. Not visible
13. Not visible
14. Not visible"
vlm_runs/2026-06-08,LP_Farmers_Market_Restroom_1_20260608T154500.jpg,minio,,vlm_runs/2026-06-08/LP_Farmers_Market_Restroom_1/LP_Farmers_Market_Restroom_1_20260608T154500.jpg,vehicle_prompts,done,2026-06-09T14:37:17.071572+00:00,,1.643,1.643,0,nvidia/cosmos-reason2-8b,"<0.0> 

[GENERAL VEHICLE SAFETY]
1. Not visible
2. Not visible

[COLLISIONS & NEAR MISSES]
3. Not visible
4. Not visible

[PARKING & ACCESS VIOLATIONS]
5. Not visible
6. Not visible

[SUSPICIOUS VEHICLE BEHAVIOR]
7. Not visible
8. Not visible

[VEHICLE IDENTIFICATION]
9. Not visible
10. Not visible
11. Not visible

[PEDESTRIAN & CHILD SAFETY]
12. Not visible
13. Not visible
14. Not visible"
vlm_runs/2026-06-08,LP_Farmers_Market_Restroom_1_20260608T171500.jpg,minio,,vlm_runs/2026-06-08/LP_Farmers_Market_Restroom_1/LP_Farmers_Market_Restroom_1_20260608T171500.jpg,vehicle_prompts,done,2026-06-09T14:37:17.071595+00:00,,1.01,1.01,0,nvidia/cosmos-reason2-8b,"<0.0> 

[GENERAL VEHICLE SAFETY]
1. Not visible
2. Not visible

[COLLISIONS & NEAR MISSES]
3. Not visible
4. Not visible

[PARKING & ACCESS VIOLATIONS]
5. Not visible
6. Not visible

[SUSPICIOUS VEHICLE BEHAVIOR]
7. Not visible
8. Not visible

[VEHICLE IDENTIFICATION]
9. Not visible
10. Not visible
11. Not visible

[PEDESTRIAN & CHILD SAFETY]
12. Not visible
13. Not visible
14. Not visible"
vlm_runs/2026-06-08,LP_Farmers_Market_Restroom_1_20260608T173000.jpg,minio,,vlm_runs/2026-06-08/LP_Farmers_Market_Restroom_1/LP_Farmers_Market_Restroom_1_20260608T173000.jpg,vehicle_prompts,done,2026-06-09T14:37:17.071599+00:00,,0.958,0.958,0,nvidia/cosmos-reason2-8b,"<0.0> 
[GENERAL VEHICLE SAFETY]
1. Not visible
2. Not visible

[COLLISIONS & NEAR MISSES]
3. Not visible
4. Not visible

[PARKING & ACCESS VIOLATIONS]
5. Not visible
6. Not visible

[SUSPICIOUS VEHICLE BEHAVIOR]
7. Not visible
8. Not visible

[VEHICLE IDENTIFICATION]
9. Not visible
10. Not visible
11. Not visible

[PEDESTRIAN & CHILD SAFETY]
12. Not visible
13. Not visible
14. Not visible"
vlm_runs/2026-06-08,LP_Farmers_Market_Restroom_1_20260608T170000.jpg,minio,,vlm_runs/2026-06-08/LP_Farmers_Market_Restroom_1/LP_Farmers_Market_Restroom_1_20260608T170000.jpg,vehicle_prompts,done,2026-06-09T14:37:17.071591+00:00,,1.493,1.493,0,nvidia/cosmos-reason2-8b,"<0.0> 
[GENERAL VEHICLE SAFETY]
1. Not visible
2. Not visible

[COLLISIONS & NEAR MISSES]
3. Not visible
4. Not visible

[PARKING & ACCESS VIOLATIONS]
5. Not visible
6. Not visible

[SUSPICIOUS VEHICLE BEHAVIOR]
7. Not visible
8. Not visible

[VEHICLE IDENTIFICATION]
9. Not visible
10. Not visible
11. Not visible

[PEDESTRIAN & CHILD SAFETY]
12. Not visible
13. Not visible
14. Not visible"
vlm_runs/2026-06-08,LP_Farmers_Market_Restroom_1_20260608T163000.jpg,minio,,vlm_runs/2026-06-08/LP_Farmers_Market_Restroom_1/LP_Farmers_Market_Restroom_1_20260608T163000.jpg,vehicle_prompts,done,2026-06-09T14:37:17.071583+00:00,,2.127,2.127,0,nvidia/cosmos-reason2-8b,"<0.0> 
[GENERAL VEHICLE SAFETY]
1. Not visible
2. Not visible

[COLLISIONS & NEAR MISSES]
3. Not visible
4. Not visible

[PARKING & ACCESS VIOLATIONS]
5. Not visible
6. Not visible

[SUSPICIOUS VEHICLE BEHAVIOR]
7. Not visible
8. Not visible

[VEHICLE IDENTIFICATION]
9. Not visible
10. Not visible
11. Not visible

[PEDESTRIAN & CHILD SAFETY]
12. Not visible
13. Not visible
14. Not visible"
vlm_runs/2026-06-08,LP_Farmers_Market_Restroom_1_20260608T174500.jpg,minio,,vlm_runs/2026-06-08/LP_Farmers_Market_Restroom_1/LP_Farmers_Market_Restroom_1_20260608T174500.jpg,vehicle_prompts,done,2026-06-09T14:37:17.071603+00:00,,1.239,1.239,0,nvidia/cosmos-reason2-8b,"<0.0> 
[GENERAL VEHICLE SAFETY]
1. Not visible
2. Not visible

[COLLISIONS & NEAR MISSES]
3. Not visible
4. Not visible

[PARKING & ACCESS VIOLATIONS]
5. Not visible
6. Not visible

[SUSPICIOUS VEHICLE BEHAVIOR]
7. Not visible
8. Not visible

[VEHICLE IDENTIFICATION]
9. Not visible
10. Not visible
11. Not visible

[PEDESTRIAN & CHILD SAFETY]
12. Not visible
13. Not visible
14. Not visible"
vlm_runs/2026-06-08,LP_Farmers_Market_Restroom_1_20260608T180000.jpg,minio,,vlm_runs/2026-06-08/LP_Farmers_Market_Restroom_1/LP_Farmers_Market_Restroom_1_20260608T180000.jpg,vehicle_prompts,done,2026-06-09T14:37:17.071607+00:00,,1.313,1.313,0,nvidia/cosmos-reason2-8b,"<0.0> 
[GENERAL VEHICLE SAFETY]
1. Not visible
2. Not visible

[COLLISIONS & NEAR MISSES]
3. Not visible
4. Not visible

[PARKING & ACCESS VIOLATIONS]
5. Not visible
6. Not visible

[SUSPICIOUS VEHICLE BEHAVIOR]
7. Not visible
8. Not visible

[VEHICLE IDENTIFICATION]
9. Not visible
10. Not visible
11. Not visible

[PEDESTRIAN & CHILD SAFETY]
12. Not visible
13. Not visible
14. Not visible"
vlm_runs/2026-06-08,LP_Farmers_Market_Restroom_1_20260608T190000.jpg,minio,,vlm_runs/2026-06-08/LP_Farmers_Market_Restroom_1/LP_Farmers_Market_Restroom_1_20260608T190000.jpg,vehicle_prompts,done,2026-06-09T14:37:17.071709+00:00,,0.494,0.494,0,nvidia/cosmos-reason2-8b,0.0
vlm_runs/2026-06-08,LP_Farmers_Market_Restroom_1_20260608T184500.jpg,minio,,vlm_runs/2026-06-08/LP_Farmers_Market_Restroom_1/LP_Farmers_Market_Restroom_1_20260608T184500.jpg,vehicle_prompts,done,2026-06-09T14:37:17.071705+00:00,,0.72,0.72,0,nvidia/cosmos-reason2-8b,"<0.0> 
[GENERAL VEHICLE SAFETY]
1. Not visible
2. Not visible

[COLLISIONS & NEAR MISSES]
3. Not visible
4. Not visible

[PARKING & ACCESS VIOLATIONS]
5. Not visible
6. Not visible

[SUSPICIOUS VEHICLE BEHAVIOR]
7. Not visible
8. Not visible

[VEHICLE IDENTIFICATION]
9. Not visible
10. Not visible
11. Not visible

[PEDESTRIAN & CHILD SAFETY]
12. Not visible
13. Not visible
14. Not visible"
vlm_runs/2026-06-08,LP_Farmers_Market_Restroom_1_20260608T191500.jpg,minio,,vlm_runs/2026-06-08/LP_Farmers_Market_Restroom_1/LP_Farmers_Market_Restroom_1_20260608T191500.jpg,vehicle_prompts,done,2026-06-09T14:37:17.071713+00:00,,1.188,1.188,0,nvidia/cosmos-reason2-8b,"<0.0> 
[GENERAL VEHICLE SAFETY]
1. Not visible
2. Not visible

[COLLISIONS & NEAR MISSES]
3. Not visible
4. Not visible

[PARKING & ACCESS VIOLATIONS]
5. Not visible
6. Not visible

[SUSPICIOUS VEHICLE BEHAVIOR]
7. Not visible
8. Not visible

[VEHICLE IDENTIFICATION]
9. Not visible
10. Not visible
11. Not visible

[PEDESTRIAN & CHILD SAFETY]
12. Not visible
13. Not visible
14. Not visible"
vlm_runs/2026-06-08,LP_Farmers_Market_Restroom_1_20260608T183000.jpg,minio,,vlm_runs/2026-06-08/LP_Farmers_Market_Restroom_1/LP_Farmers_Market_Restroom_1_20260608T183000.jpg,vehicle_prompts,done,2026-06-09T14:37:17.071700+00:00,,1.591,1.591,0,nvidia/cosmos-reason2-8b,"<0.0> 
[GENERAL VEHICLE SAFETY]
1. No vehicles are visible, so no assessment can be made.
2. No vehicles are visible, so no assessment can be made.

[COLLISIONS & NEAR MISSES]
3. Not visible.
4. Not visible.

[PARKING & ACCESS VIOLATIONS]
5. Not visible.
6. Not visible.

[SUSPICIOUS VEHICLE BEHAVIOR]
7. Not visible.
8. Not visible.

[VEHICLE IDENTIFICATION]
9. Not visible.
10. Not visible.
11. Not visible.

[PEDESTRIAN & CHILD SAFETY]
12. Not visible.
13. Not visible.
14. Not visible."
vlm_runs/2026-06-08,LP_Farmers_Market_Restroom_1_20260608T193000.jpg,minio,,vlm_runs/2026-06-08/LP_Farmers_Market_Restroom_1/LP_Farmers_Market_Restroom_1_20260608T193000.jpg,vehicle_prompts,done,2026-06-09T14:37:17.071717+00:00,,1.268,1.268,0,nvidia/cosmos-reason2-8b,"<0.0> 

[GENERAL VEHICLE SAFETY]
1. Not visible
2. Not visible

[COLLISIONS & NEAR MISSES]
3. Not visible
4. Not visible

[PARKING & ACCESS VIOLATIONS]
5. Not visible
6. Not visible

[SUSPICIOUS VEHICLE BEHAVIOR]
7. Not visible
8. Not visible

[VEHICLE IDENTIFICATION]
9. Not visible
10. Not visible
11. Not visible

[PEDESTRIAN & CHILD SAFETY]
12. Not visible
13. Not visible
14. Not visible"
vlm_runs/2026-06-08,LP_Farmers_Market_Restroom_1_20260608T164500.jpg,minio,,vlm_runs/2026-06-08/LP_Farmers_Market_Restroom_1/LP_Farmers_Market_Restroom_1_20260608T164500.jpg,vehicle_prompts,done,2026-06-09T14:37:17.071587+00:00,,3.182,3.182,0,nvidia/cosmos-reason2-8b,"<0.0> 

[GENERAL VEHICLE SAFETY]
1. Not visible
2. Not visible

[COLLISIONS & NEAR MISSES]
3. Not visible
4. Not visible

[PARKING & ACCESS VIOLATIONS]
5. Not visible
6. Not visible

[SUSPICIOUS VEHICLE BEHAVIOR]
7. Not visible
8. Not visible

[VEHICLE IDENTIFICATION]
9. Not visible
10. Not visible
11. Not visible

[PEDESTRIAN & CHILD SAFETY]
12. Not visible
13. Not visible
14. Not visible"
vlm_runs/2026-06-08,LP_Farmers_Market_Restroom_1_20260608T181500.jpg,minio,,vlm_runs/2026-06-08/LP_Farmers_Market_Restroom_1/LP_Farmers_Market_Restroom_1_20260608T181500.jpg,vehicle_prompts,done,2026-06-09T14:37:17.071611+00:00,,2.67,2.67,0,nvidia/cosmos-reason2-8b,"<0.0> 
[GENERAL VEHICLE SAFETY]
1. Not visible
2. Not visible

[COLLISIONS & NEAR MISSES]
3. Not visible
4. Not visible

[PARKING & ACCESS VIOLATIONS]
5. Not visible
6. Not visible

[SUSPICIOUS VEHICLE BEHAVIOR]
7. Not visible
8. Not visible

[VEHICLE IDENTIFICATION]
9. Not visible
10. Not visible
11. Not visible

[PEDESTRIAN & CHILD SAFETY]
12. Not visible
13. Not visible
14. Not visible"
vlm_runs/2026-06-08,LP_Farmers_Market_Restroom_1_20260608T201500.jpg,minio,,vlm_runs/2026-06-08/LP_Farmers_Market_Restroom_1/LP_Farmers_Market_Restroom_1_20260608T201500.jpg,vehicle_prompts,done,2026-06-09T14:37:17.071728+00:00,,1.355,1.355,0,nvidia/cosmos-reason2-8b,0.0
vlm_runs/2026-06-08,LP_Farmers_Market_Restroom_1_20260608T194500.jpg,minio,,vlm_runs/2026-06-08/LP_Farmers_Market_Restroom_1/LP_Farmers_Market_Restroom_1_20260608T194500.jpg,vehicle_prompts,done,2026-06-09T14:37:17.071721+00:00,,1.618,1.618,0,nvidia/cosmos-reason2-8b,"<0.0> 
1. Not visible
2. Not visible
3. Not visible
4. Not visible
5. Not visible
6. Not visible
7. Not visible
8. Not visible
9. Not visible
10. Not visible
11. Not visible
12. Not visible
13. Not visible
14. Not visible"
vlm_runs/2026-06-08,LP_Farmers_Market_Restroom_1_20260608T203000.jpg,minio,,vlm_runs/2026-06-08/LP_Farmers_Market_Restroom_1/LP_Farmers_Market_Restroom_1_20260608T203000.jpg,vehicle_prompts,done,2026-06-09T14:37:17.071732+00:00,,0.787,0.787,0,nvidia/cosmos-reason2-8b,"<0.0> 
[GENERAL VEHICLE SAFETY]
1. Not visible
2. Not visible

[COLLISIONS & NEAR MISSES]
3. Not visible
4. Not visible

[PARKING & ACCESS VIOLATIONS]
5. Not visible
6. Not visible

[SUSPICIOUS VEHICLE BEHAVIOR]
7. Not visible
8. Not visible

[VEHICLE IDENTIFICATION]
9. Not visible
10. Not visible
11. Not visible

[PEDESTRIAN & CHILD SAFETY]
12. Not visible
13. Not visible
14. Not visible"
vlm_runs/2026-06-08,LP_Farmers_Market_Restroom_1_20260608T200000.jpg,minio,,vlm_runs/2026-06-08/LP_Farmers_Market_Restroom_1/LP_Farmers_Market_Restroom_1_20260608T200000.jpg,vehicle_prompts,done,2026-06-09T14:37:17.071725+00:00,,1.68,1.68,0,nvidia/cosmos-reason2-8b,"<0.0> 
[GENERAL VEHICLE SAFETY]
1. Not visible
2. Not visible

[COLLISIONS & NEAR MISSES]
3. Not visible
4. Not visible

[PARKING & ACCESS VIOLATIONS]
5. Not visible
6. Not visible

[SUSPICIOUS VEHICLE BEHAVIOR]
7. Not visible
8. Not visible

[VEHICLE IDENTIFICATION]
9. Not visible
10. Not visible
11. Not visible

[PEDESTRIAN & CHILD SAFETY]
12. Not visible
13. Not visible
14. Not visible"
vlm_runs/2026-06-08,LP_Farmers_Market_Restroom_1_20260608T204500.jpg,minio,,vlm_runs/2026-06-08/LP_Farmers_Market_Restroom_1/LP_Farmers_Market_Restroom_1_20260608T204500.jpg,vehicle_prompts,done,2026-06-09T14:37:17.071735+00:00,,0.767,0.767,0,nvidia/cosmos-reason2-8b,"<0.0> 
1. Not visible
2. Not visible
3. Not visible
4. Not visible
5. Not visible
6. Not visible
7. Not visible
8. Not visible
9. Not visible
10. Not visible
11. Not visible
12. Not visible
13. Not visible
14. Not visible"
vlm_runs/2026-06-08,LP_Farmers_Market_Restroom_1_20260608T210000.jpg,minio,,vlm_runs/2026-06-08/LP_Farmers_Market_Restroom_1/LP_Farmers_Market_Restroom_1_20260608T210000.jpg,vehicle_prompts,done,2026-06-09T14:37:17.071739+00:00,,0.765,0.765,0,nvidia/cosmos-reason2-8b,0.0
vlm_runs/2026-06-08,LP_Farmers_Market_Restroom_1_20260608T213000.jpg,minio,,vlm_runs/2026-06-08/LP_Farmers_Market_Restroom_1/LP_Farmers_Market_Restroom_1_20260608T213000.jpg,vehicle_prompts,done,2026-06-09T14:37:17.071746+00:00,,0.847,0.847,0,nvidia/cosmos-reason2-8b,0.0
vlm_runs/2026-06-08,LP_Farmers_Market_Restroom_1_20260608T211500.jpg,minio,,vlm_runs/2026-06-08/LP_Farmers_Market_Restroom_1/LP_Farmers_Market_Restroom_1_20260608T211500.jpg,vehicle_prompts,done,2026-06-09T14:37:17.071743+00:00,,1.285,1.285,0,nvidia/cosmos-reason2-8b,0.0
vlm_runs/2026-06-08,LP_Farmers_Market_Restroom_1_20260608T220000.jpg,minio,,vlm_runs/2026-06-08/LP_Farmers_Market_Restroom_1/LP_Farmers_Market_Restroom_1_20260608T220000.jpg,vehicle_prompts,done,2026-06-09T14:37:17.071754+00:00,,0.881,0.881,0,nvidia/cosmos-reason2-8b,"<0.0> 
1. Not visible
2. Not visible
3. Not visible
4. Not visible
5. Not visible
6. Not visible
7. Not visible
8. Not visible
9. Not visible
10. Not visible
11. Not visible
12. Not visible
13. Not visible
14. Not visible"
vlm_runs/2026-06-08,LP_Farmers_Market_Restroom_1_20260608T214500.jpg,minio,,vlm_runs/2026-06-08/LP_Farmers_Market_Restroom_1/LP_Farmers_Market_Restroom_1_20260608T214500.jpg,vehicle_prompts,done,2026-06-09T14:37:17.071751+00:00,,1.735,1.735,0,nvidia/cosmos-reason2-8b,"<0.0> 
[GENERAL VEHICLE SAFETY]
1. Not visible
2. Not visible

[COLLISIONS & NEAR MISSES]
3. Not visible
4. Not visible

[PARKING & ACCESS VIOLATIONS]
5. Not visible
6. Not visible

[SUSPICIOUS VEHICLE BEHAVIOR]
7. Not visible
8. Not visible

[VEHICLE IDENTIFICATION]
9. Not visible
10. Not visible
11. Not visible

[PEDESTRIAN & CHILD SAFETY]
12. Not visible
13. Not visible
14. Not visible"
vlm_runs/2026-06-08,LP_Farmers_Market_Restroom_1_20260608T230000.jpg,minio,,vlm_runs/2026-06-08/LP_Farmers_Market_Restroom_1/LP_Farmers_Market_Restroom_1_20260608T230000.jpg,vehicle_prompts,done,2026-06-09T14:37:17.071769+00:00,,1.4,1.4,0,nvidia/cosmos-reason2-8b,0.0
vlm_runs/2026-06-08,LP_Farmers_Market_Restroom_1_20260608T234500.jpg,minio,,vlm_runs/2026-06-08/LP_Farmers_Market_Restroom_1/LP_Farmers_Market_Restroom_1_20260608T234500.jpg,vehicle_prompts,done,2026-06-09T14:37:17.071780+00:00,,0.881,0.881,0,nvidia/cosmos-reason2-8b,"<0.0> 
[GENERAL VEHICLE SAFETY]
1. Not visible
2. Not visible

[COLLISIONS & NEAR MISSES]
3. Not visible
4. Not visible

[PARKING & ACCESS VIOLATIONS]
5. Not visible
6. Not visible

[SUSPICIOUS VEHICLE BEHAVIOR]
7. Not visible
8. Not visible

[VEHICLE IDENTIFICATION]
9. Not visible
10. Not visible
11. Not visible

[PEDESTRIAN & CHILD SAFETY]
12. Not visible
13. Not visible
14. Not visible"
vlm_runs/2026-06-08,LP_Farmers_Market_Restroom_1_20260608T224500.jpg,minio,,vlm_runs/2026-06-08/LP_Farmers_Market_Restroom_1/LP_Farmers_Market_Restroom_1_20260608T224500.jpg,vehicle_prompts,done,2026-06-09T14:37:17.071766+00:00,,1.564,1.564,0,nvidia/cosmos-reason2-8b,0.0
vlm_runs/2026-06-08,LP_Farmers_Market_Restroom_1_20260608T231500.jpg,minio,,vlm_runs/2026-06-08/LP_Farmers_Market_Restroom_1/LP_Farmers_Market_Restroom_1_20260608T231500.jpg,vehicle_prompts,done,2026-06-09T14:37:17.071773+00:00,,1.117,1.117,0,nvidia/cosmos-reason2-8b,"<0.0> 
1. Not visible
2. Not visible
3. Not visible
4. Not visible
5. Not visible
6. Not visible
7. Not visible
8. Not visible
9. Not visible
10. Not visible
11. Not visible
12. Not visible
13. Not visible
14. Not visible"
vlm_runs/2026-06-08,LP_Farmers_Market_Restroom_1_20260608T233000.jpg,minio,,vlm_runs/2026-06-08/LP_Farmers_Market_Restroom_1/LP_Farmers_Market_Restroom_1_20260608T233000.jpg,vehicle_prompts,done,2026-06-09T14:37:17.071777+00:00,,1.22,1.22,0,nvidia/cosmos-reason2-8b,"<0.0> 
1. Not visible
2. Not visible
3. Not visible
4. Not visible
5. Not visible
6. Not visible
7. Not visible
8. Not visible
9. Not visible
10. Not visible
11. Not visible
12. Not visible
13. Not visible
14. Not visible"
vlm_runs/2026-06-08,LP_Farmers_Market_Restroom_1_20260608T223000.jpg,minio,,vlm_runs/2026-06-08/LP_Farmers_Market_Restroom_1/LP_Farmers_Market_Restroom_1_20260608T223000.jpg,vehicle_prompts,done,2026-06-09T14:37:17.071762+00:00,,2.277,2.277,0,nvidia/cosmos-reason2-8b,"<0.0> 
[GENERAL VEHICLE SAFETY]
1. Not visible
2. Not visible

[COLLISIONS & NEAR MISSES]
3. Not visible
4. Not visible

[PARKING & ACCESS VIOLATIONS]
5. Not visible
6. Not visible

[SUSPICIOUS VEHICLE BEHAVIOR]
7. Not visible
8. Not visible

[VEHICLE IDENTIFICATION]
9. Not visible
10. Not visible
11. Not visible

[PEDESTRIAN & CHILD SAFETY]
12. Not visible
13. Not visible
14. Not visible"
vlm_runs/2026-06-08,LP_Farmers_Market_Restroom_1_20260608T221500.jpg,minio,,vlm_runs/2026-06-08/LP_Farmers_Market_Restroom_1/LP_Farmers_Market_Restroom_1_20260608T221500.jpg,vehicle_prompts,done,2026-06-09T14:37:17.071758+00:00,,2.567,2.567,0,nvidia/cosmos-reason2-8b,"<0.0> 

[GENERAL VEHICLE SAFETY]
1. Not visible
2. Not visible

[COLLISIONS & NEAR MISSES]
3. Not visible
4. Not visible

[PARKING & ACCESS VIOLATIONS]
5. Not visible
6. Not visible

[SUSPICIOUS VEHICLE BEHAVIOR]
7. Not visible
8. Not visible

[VEHICLE IDENTIFICATION]
9. Not visible
10. Not visible
11. Not visible

[PEDESTRIAN & CHILD SAFETY]
12. Not visible
13. Not visible
14. Not visible"
vlm_runs/2026-06-08,LP_Parking_and_Restroom_Loitering_3_20260608T011500.jpg,minio,,vlm_runs/2026-06-08/LP_Parking_and_Restroom_Loitering_3/LP_Parking_and_Restroom_Loitering_3_20260608T011500.jpg,vehicle_prompts,done,2026-06-09T14:41:43.508523+00:00,,0.699,0.699,0,nvidia/cosmos-reason2-8b,"<0.0> 
1. Not visible
2. Not visible
3. Not visible
4. Not visible
5. Not visible
6. Not visible
7. Not visible
8. Not visible
9. Not visible
10. Not visible
11. Not visible
12. Not visible
13. Not visible
14. Not visible"
vlm_runs/2026-06-08,LP_Parking_and_Restroom_Loitering_3_20260608T013000.jpg,minio,,vlm_runs/2026-06-08/LP_Parking_and_Restroom_Loitering_3/LP_Parking_and_Restroom_Loitering_3_20260608T013000.jpg,vehicle_prompts,done,2026-06-09T14:41:43.508718+00:00,,0.839,0.839,0,nvidia/cosmos-reason2-8b,"0.0 The image does not show any vehicles, so there is no information to assess regarding speed, collisions, or parking violations."
vlm_runs/2026-06-08,LP_Parking_and_Restroom_Loitering_3_20260608T003000.jpg,minio,,vlm_runs/2026-06-08/LP_Parking_and_Restroom_Loitering_3/LP_Parking_and_Restroom_Loitering_3_20260608T003000.jpg,vehicle_prompts,done,2026-06-09T14:41:43.506639+00:00,,1.173,1.173,0,nvidia/cosmos-reason2-8b,Visible timestamps: 0.0
vlm_runs/2026-06-08,LP_Parking_and_Restroom_Loitering_3_20260608T004500.jpg,minio,,vlm_runs/2026-06-08/LP_Parking_and_Restroom_Loitering_3/LP_Parking_and_Restroom_Loitering_3_20260608T004500.jpg,vehicle_prompts,done,2026-06-09T14:41:43.506932+00:00,,1.353,1.353,0,nvidia/cosmos-reason2-8b,0.0
vlm_runs/2026-06-08,LP_Parking_and_Restroom_Loitering_3_20260608T000000.jpg,minio,,vlm_runs/2026-06-08/LP_Parking_and_Restroom_Loitering_3/LP_Parking_and_Restroom_Loitering_3_20260608T000000.jpg,vehicle_prompts,done,2026-06-09T14:41:43.506430+00:00,,1.497,1.497,0,nvidia/cosmos-reason2-8b,0.0 1-6. Not visible
vlm_runs/2026-06-08,LP_Parking_and_Restroom_Loitering_3_20260608T010000.jpg,minio,,vlm_runs/2026-06-08/LP_Parking_and_Restroom_Loitering_3/LP_Parking_and_Restroom_Loitering_3_20260608T010000.jpg,vehicle_prompts,done,2026-06-09T14:41:43.508194+00:00,,1.57,1.57,0,nvidia/cosmos-reason2-8b,"<0.0> 
1. Not visible
2. Not visible
3. Not visible
4. Not visible
5. Not visible
6. Not visible
7. Not visible
8. Not visible
9. Not visible
10. Not visible
11. Not visible
12. Not visible
13. Not visible
14. Not visible"
vlm_runs/2026-06-08,LP_Parking_and_Restroom_Loitering_3_20260608T021500.jpg,minio,,vlm_runs/2026-06-08/LP_Parking_and_Restroom_Loitering_3/LP_Parking_and_Restroom_Loitering_3_20260608T021500.jpg,vehicle_prompts,done,2026-06-09T14:41:43.514001+00:00,,1.091,1.091,0,nvidia/cosmos-reason2-8b,0.0 Not visible
vlm_runs/2026-06-08,LP_Parking_and_Restroom_Loitering_3_20260608T001500.jpg,minio,,vlm_runs/2026-06-08/LP_Parking_and_Restroom_Loitering_3/LP_Parking_and_Restroom_Loitering_3_20260608T001500.jpg,vehicle_prompts,done,2026-06-09T14:41:43.506548+00:00,,2.094,2.094,0,nvidia/cosmos-reason2-8b,0.0 [GENERAL VEHICLE SAFETY] 1. Not visible 2. Not visible [COLLISIONS & NEAR MISSES] 3. Not visible 4. Not visible [PARKING & ACCESS VIOLATIONS] 5. Not visible 6. Not visible [SUSPICIOUS VEHICLE BEHAVIOR] 7. Not visible 8. Not visible [VEHICLE IDENTIFICATION] 9. Not visible 10. Not visible 11. Not visible [PEDESTRIAN & CHILD SAFETY] 12. Not visible 13. Not visible 14. Not visible
vlm_runs/2026-06-08,LP_Parking_and_Restroom_Loitering_3_20260608T031500.jpg,minio,,vlm_runs/2026-06-08/LP_Parking_and_Restroom_Loitering_3/LP_Parking_and_Restroom_Loitering_3_20260608T031500.jpg,vehicle_prompts,done,2026-06-09T14:41:43.514022+00:00,,0.588,0.588,0,nvidia/cosmos-reason2-8b,0.0 1-6. Not visible
vlm_runs/2026-06-08,LP_Parking_and_Restroom_Loitering_3_20260608T020000.jpg,minio,,vlm_runs/2026-06-08/LP_Parking_and_Restroom_Loitering_3/LP_Parking_and_Restroom_Loitering_3_20260608T020000.jpg,vehicle_prompts,done,2026-06-09T14:41:43.513985+00:00,,1.851,1.851,0,nvidia/cosmos-reason2-8b,"<0.0> 
1. Not visible
2. Not visible
3. Not visible
4. Not visible
5. Not visible
6. Not visible
7. Not visible
8. Not visible
9. Not visible
10. Not visible
11. Not visible
12. Not visible
13. Not visible
14. Not visible"
vlm_runs/2026-06-08,LP_Parking_and_Restroom_Loitering_3_20260608T014500.jpg,minio,,vlm_runs/2026-06-08/LP_Parking_and_Restroom_Loitering_3/LP_Parking_and_Restroom_Loitering_3_20260608T014500.jpg,vehicle_prompts,done,2026-06-09T14:41:43.510135+00:00,,2.66,2.66,0,nvidia/cosmos-reason2-8b,"<0.0> 
1. Not visible
2. Not visible
3. Not visible
4. Not visible
5. Not visible
6. Not visible
7. Not visible
8. Not visible
9. Not visible
10. Not visible
11. Not visible
12. Not visible
13. Not visible
14. Not visible"
vlm_runs/2026-06-08,LP_Parking_and_Restroom_Loitering_3_20260608T030000.jpg,minio,,vlm_runs/2026-06-08/LP_Parking_and_Restroom_Loitering_3/LP_Parking_and_Restroom_Loitering_3_20260608T030000.jpg,vehicle_prompts,done,2026-06-09T14:41:43.514017+00:00,,1.248,1.248,0,nvidia/cosmos-reason2-8b,"<0.0> 
1. Not visible
2. Not visible
3. Not visible
4. Not visible
5. Not visible
6. Not visible
7. Not visible
8. Not visible
9. Not visible
10. Not visible
11. Not visible
12. Not visible
13. Not visible
14. Not visible"
vlm_runs/2026-06-08,LP_Parking_and_Restroom_Loitering_3_20260608T024500.jpg,minio,,vlm_runs/2026-06-08/LP_Parking_and_Restroom_Loitering_3/LP_Parking_and_Restroom_Loitering_3_20260608T024500.jpg,vehicle_prompts,done,2026-06-09T14:41:43.514012+00:00,,1.598,1.598,0,nvidia/cosmos-reason2-8b,"<0.0> 
1. Not visible
2. Not visible
3. Not visible
4. Not visible
5. Not visible
6. Not visible
7. Not visible
8. Not visible
9. Not visible
10. Not visible
11. Not visible
12. Not visible
13. Not visible
14. Not visible"
vlm_runs/2026-06-08,LP_Parking_and_Restroom_Loitering_3_20260608T034500.jpg,minio,,vlm_runs/2026-06-08/LP_Parking_and_Restroom_Loitering_3/LP_Parking_and_Restroom_Loitering_3_20260608T034500.jpg,vehicle_prompts,done,2026-06-09T14:41:43.514032+00:00,,1.099,1.099,0,nvidia/cosmos-reason2-8b,"0.0 The image does not show any vehicles, so there is no information to assess regarding speed, collisions, or parking violations."
vlm_runs/2026-06-08,LP_Parking_and_Restroom_Loitering_3_20260608T040000.jpg,minio,,vlm_runs/2026-06-08/LP_Parking_and_Restroom_Loitering_3/LP_Parking_and_Restroom_Loitering_3_20260608T040000.jpg,vehicle_prompts,done,2026-06-09T14:41:43.514037+00:00,,1.237,1.237,0,nvidia/cosmos-reason2-8b,"<0.0> 
1. Not visible
2. Not visible
3. Not visible
4. Not visible
5. Not visible
6. Not visible
7. Not visible
8. Not visible
9. Not visible
10. Not visible
11. Not visible
12. Not visible
13. Not visible
14. Not visible"
vlm_runs/2026-06-08,LP_Parking_and_Restroom_Loitering_3_20260608T043000.jpg,minio,,vlm_runs/2026-06-08/LP_Parking_and_Restroom_Loitering_3/LP_Parking_and_Restroom_Loitering_3_20260608T043000.jpg,vehicle_prompts,done,2026-06-09T14:41:43.514046+00:00,,0.974,0.974,0,nvidia/cosmos-reason2-8b,"<0.0> 
[GENERAL VEHICLE SAFETY]
1. Not visible
2. Not visible

[COLLISIONS & NEAR MISSES]
3. Not visible
4. Not visible

[PARKING & ACCESS VIOLATIONS]
5. Not visible
6. Not visible

[SUSPICIOUS VEHICLE BEHAVIOR]
7. Not visible
8. Not visible

[VEHICLE IDENTIFICATION]
9. Not visible
10. Not visible
11. Not visible

[PEDESTRIAN & CHILD SAFETY]
12. Not visible
13. Not visible
14. Not visible"
vlm_runs/2026-06-08,LP_Parking_and_Restroom_Loitering_3_20260608T033000.jpg,minio,,vlm_runs/2026-06-08/LP_Parking_and_Restroom_Loitering_3/LP_Parking_and_Restroom_Loitering_3_20260608T033000.jpg,vehicle_prompts,done,2026-06-09T14:41:43.514027+00:00,,1.84,1.84,0,nvidia/cosmos-reason2-8b,"<0.0> 
1. Not visible
2. Not visible
3. Not visible
4. Not visible
5. Not visible
6. Not visible
7. Not visible
8. Not visible
9. Not visible
10. Not visible
11. Not visible
12. Not visible
13. Not visible
14. Not visible"
vlm_runs/2026-06-08,LP_Parking_and_Restroom_Loitering_3_20260608T023000.jpg,minio,,vlm_runs/2026-06-08/LP_Parking_and_Restroom_Loitering_3/LP_Parking_and_Restroom_Loitering_3_20260608T023000.jpg,vehicle_prompts,done,2026-06-09T14:41:43.514007+00:00,,2.748,2.748,0,nvidia/cosmos-reason2-8b,"<0.0> 
[GENERAL VEHICLE SAFETY]
1. Not visible
2. Not visible

[COLLISIONS & NEAR MISSES]
3. Not visible
4. Not visible

[PARKING & ACCESS VIOLATIONS]
5. Not visible
6. Not visible

[SUSPICIOUS VEHICLE BEHAVIOR]
7. Not visible
8. Not visible

[VEHICLE IDENTIFICATION]
9. Not visible
10. Not visible
11. Not visible

[PEDESTRIAN & CHILD SAFETY]
12. Not visible
13. Not visible
14. Not visible"
vlm_runs/2026-06-08,LP_Parking_and_Restroom_Loitering_3_20260608T050000.jpg,minio,,vlm_runs/2026-06-08/LP_Parking_and_Restroom_Loitering_3/LP_Parking_and_Restroom_Loitering_3_20260608T050000.jpg,vehicle_prompts,done,2026-06-09T14:41:43.514055+00:00,,1.092,1.092,0,nvidia/cosmos-reason2-8b,0.0 1. Not visible 2. Not visible 3. Not visible 4. Not visible 5. Not visible 6. Not visible 7. Not visible 8. Not visible 9. Not visible 10. Not visible 11. Not visible 12. Not visible 13. Not visible 14. Not visible
vlm_runs/2026-06-08,LP_Parking_and_Restroom_Loitering_3_20260608T053000.jpg,minio,,vlm_runs/2026-06-08/LP_Parking_and_Restroom_Loitering_3/LP_Parking_and_Restroom_Loitering_3_20260608T053000.jpg,vehicle_prompts,done,2026-06-09T14:41:43.514065+00:00,,1.015,1.015,0,nvidia/cosmos-reason2-8b,"0.0 The image does not show any vehicles, so there is no information to assess regarding vehicle speed or safety. Not visible"
vlm_runs/2026-06-08,LP_Parking_and_Restroom_Loitering_3_20260608T051500.jpg,minio,,vlm_runs/2026-06-08/LP_Parking_and_Restroom_Loitering_3/LP_Parking_and_Restroom_Loitering_3_20260608T051500.jpg,vehicle_prompts,done,2026-06-09T14:41:43.514060+00:00,,1.468,1.468,0,nvidia/cosmos-reason2-8b,"<0.0> 
1. Not visible
2. Not visible
3. Not visible
4. Not visible
5. Not visible
6. Not visible
7. Not visible
8. Not visible
9. Not visible
10. Not visible
11. Not visible
12. Not visible
13. Not visible
14. Not visible"
vlm_runs/2026-06-08,LP_Parking_and_Restroom_Loitering_3_20260608T041500.jpg,minio,,vlm_runs/2026-06-08/LP_Parking_and_Restroom_Loitering_3/LP_Parking_and_Restroom_Loitering_3_20260608T041500.jpg,vehicle_prompts,done,2026-06-09T14:41:43.514042+00:00,,2.141,2.141,0,nvidia/cosmos-reason2-8b,"<0.0> 
1. Not visible
2. Not visible
3. Not visible
4. Not visible
5. Not visible
6. Not visible
7. Not visible
8. Not visible
9. Not visible
10. Not visible
11. Not visible
12. Not visible
13. Not visible
14. Not visible"
vlm_runs/2026-06-08,LP_Parking_and_Restroom_Loitering_3_20260608T054500.jpg,minio,,vlm_runs/2026-06-08/LP_Parking_and_Restroom_Loitering_3/LP_Parking_and_Restroom_Loitering_3_20260608T054500.jpg,vehicle_prompts,done,2026-06-09T14:41:43.514069+00:00,,1.198,1.198,0,nvidia/cosmos-reason2-8b,"<0.0> 
1. Not visible
2. Not visible
3. Not visible
4. Not visible
5. Not visible
6. Not visible
7. Not visible
8. Not visible
9. Not visible
10. Not visible
11. Not visible
12. Not visible
13. Not visible
14. Not visible"
vlm_runs/2026-06-08,LP_Parking_and_Restroom_Loitering_3_20260608T044500.jpg,minio,,vlm_runs/2026-06-08/LP_Parking_and_Restroom_Loitering_3/LP_Parking_and_Restroom_Loitering_3_20260608T044500.jpg,vehicle_prompts,done,2026-06-09T14:41:43.514051+00:00,,2.297,2.297,0,nvidia/cosmos-reason2-8b,"The image does not show any vehicles, so no analysis can be performed for the listed criteria."
vlm_runs/2026-06-08,LP_Parking_and_Restroom_Loitering_3_20260608T063000.jpg,minio,,vlm_runs/2026-06-08/LP_Parking_and_Restroom_Loitering_3/LP_Parking_and_Restroom_Loitering_3_20260608T063000.jpg,vehicle_prompts,done,2026-06-09T14:41:43.514082+00:00,,1.164,1.164,0,nvidia/cosmos-reason2-8b,"<0.0> 
[GENERAL VEHICLE SAFETY]
1. Not visible
2. Not visible

[COLLISIONS & NEAR MISSES]
3. Not visible
4. Not visible

[PARKING & ACCESS VIOLATIONS]
5. Not visible
6. Not visible

[SUSPICIOUS VEHICLE BEHAVIOR]
7. Not visible
8. Not visible

[VEHICLE IDENTIFICATION]
9. Not visible
10. Not visible
11. Not visible

[PEDESTRIAN & CHILD SAFETY]
12. Not visible
13. Not visible
14. Not visible"
vlm_runs/2026-06-08,LP_Parking_and_Restroom_Loitering_3_20260608T064500.jpg,minio,,vlm_runs/2026-06-08/LP_Parking_and_Restroom_Loitering_3/LP_Parking_and_Restroom_Loitering_3_20260608T064500.jpg,vehicle_prompts,done,2026-06-09T14:41:43.514086+00:00,,0.941,0.941,0,nvidia/cosmos-reason2-8b,"0.0 The image does not show any vehicles, so there is no information to assess regarding speed, collisions, or parking violations."
vlm_runs/2026-06-08,LP_Parking_and_Restroom_Loitering_3_20260608T061500.jpg,minio,,vlm_runs/2026-06-08/LP_Parking_and_Restroom_Loitering_3/LP_Parking_and_Restroom_Loitering_3_20260608T061500.jpg,vehicle_prompts,done,2026-06-09T14:41:43.514077+00:00,,1.571,1.571,0,nvidia/cosmos-reason2-8b,"<0.0> 
[GENERAL VEHICLE SAFETY]
1. Not visible
2. Not visible

[COLLISIONS & NEAR MISSES]
3. Not visible
4. Not visible

[PARKING & ACCESS VIOLATIONS]
5. Not visible
6. Not visible

[SUSPICIOUS VEHICLE BEHAVIOR]
7. Not visible
8. Not visible

[VEHICLE IDENTIFICATION]
9. Not visible
10. Not visible
11. Not visible

[PEDESTRIAN & CHILD SAFETY]
12. Not visible
13. Not visible
14. Not visible"
vlm_runs/2026-06-08,LP_Parking_and_Restroom_Loitering_3_20260608T073000.jpg,minio,,vlm_runs/2026-06-08/LP_Parking_and_Restroom_Loitering_3/LP_Parking_and_Restroom_Loitering_3_20260608T073000.jpg,vehicle_prompts,done,2026-06-09T14:41:43.514098+00:00,,1.11,1.11,0,nvidia/cosmos-reason2-8b,0.0 - 0.0
vlm_runs/2026-06-08,LP_Parking_and_Restroom_Loitering_3_20260608T074500.jpg,minio,,vlm_runs/2026-06-08/LP_Parking_and_Restroom_Loitering_3/LP_Parking_and_Restroom_Loitering_3_20260608T074500.jpg,vehicle_prompts,done,2026-06-09T14:41:43.514102+00:00,,0.953,0.953,0,nvidia/cosmos-reason2-8b,"0.0 The vehicle is parked in a designated parking space and appears stationary, indicating compliance with parking regulations. The vehicle is positioned correctly within the marked area, and there are no signs of obstruction or improper placement."
vlm_runs/2026-06-08,LP_Parking_and_Restroom_Loitering_3_20260608T070000.jpg,minio,,vlm_runs/2026-06-08/LP_Parking_and_Restroom_Loitering_3/LP_Parking_and_Restroom_Loitering_3_20260608T070000.jpg,vehicle_prompts,done,2026-06-09T14:41:43.514090+00:00,,1.382,1.382,0,nvidia/cosmos-reason2-8b,visible
vlm_runs/2026-06-08,LP_Parking_and_Restroom_Loitering_3_20260608T060000.jpg,minio,,vlm_runs/2026-06-08/LP_Parking_and_Restroom_Loitering_3/LP_Parking_and_Restroom_Loitering_3_20260608T060000.jpg,vehicle_prompts,done,2026-06-09T14:41:43.514073+00:00,,2.298,2.298,0,nvidia/cosmos-reason2-8b,"<0.0> 
1. Not visible
2. Not visible
3. Not visible
4. Not visible
5. Not visible
6. Not visible
7. Not visible
8. Not visible
9. Not visible
10. Not visible
11. Not visible
12. Not visible
13. Not visible
14. Not visible"
vlm_runs/2026-06-08,LP_Parking_and_Restroom_Loitering_3_20260608T071500.jpg,minio,,vlm_runs/2026-06-08/LP_Parking_and_Restroom_Loitering_3/LP_Parking_and_Restroom_Loitering_3_20260608T071500.jpg,vehicle_prompts,done,2026-06-09T14:41:43.514094+00:00,,1.828,1.828,0,nvidia/cosmos-reason2-8b,"<0.0> 

[GENERAL VEHICLE SAFETY]
1. Not visible
2. Not visible

[COLLISIONS & NEAR MISSES]
3. Not visible
4. Not visible

[PARKING & ACCESS VIOLATIONS]
5. Not visible
6. Not visible

[SUSPICIOUS VEHICLE BEHAVIOR]
7. Not visible
8. Not visible

[VEHICLE IDENTIFICATION]
9. Not visible
10. Not visible
11. Not visible

[PEDESTRIAN & CHILD SAFETY]
12. Not visible
13. Not visible
14. Not visible"
vlm_runs/2026-06-08,LP_Parking_and_Restroom_Loitering_3_20260608T081500.jpg,minio,,vlm_runs/2026-06-08/LP_Parking_and_Restroom_Loitering_3/LP_Parking_and_Restroom_Loitering_3_20260608T081500.jpg,vehicle_prompts,done,2026-06-09T14:41:43.514110+00:00,,1.682,1.682,0,nvidia/cosmos-reason2-8b,"<0.0> 
1. Not visible
2. Not visible
3. Not visible
4. Not visible
5. Not visible
6. Not visible
7. Not visible
8. Not visible
9. Not visible
10. Not visible
11. Brown pickup truck
12. Not visible
13. Not visible
14. Not visible"
vlm_runs/2026-06-08,LP_Parking_and_Restroom_Loitering_3_20260608T093000.jpg,minio,,vlm_runs/2026-06-08/LP_Parking_and_Restroom_Loitering_3/LP_Parking_and_Restroom_Loitering_3_20260608T093000.jpg,vehicle_prompts,done,2026-06-09T14:41:43.514131+00:00,,1.045,1.045,0,nvidia/cosmos-reason2-8b,0.0
vlm_runs/2026-06-08,LP_Parking_and_Restroom_Loitering_3_20260608T090000.jpg,minio,,vlm_runs/2026-06-08/LP_Parking_and_Restroom_Loitering_3/LP_Parking_and_Restroom_Loitering_3_20260608T090000.jpg,vehicle_prompts,done,2026-06-09T14:41:43.514122+00:00,,1.204,1.204,0,nvidia/cosmos-reason2-8b,"<0.0>

[GENERAL VEHICLE SAFETY]
1. Not visible
2. Not visible

[COLLISIONS & NEAR MISSES]
3. Not visible
4. Not visible

[PARKING & ACCESS VIOLATIONS]
5. Not visible
6. Not visible

[SUSPICIOUS VEHICLE BEHAVIOR]
7. Not visible
8. Not visible

[VEHICLE IDENTIFICATION]
9. Not visible
10. 5436
11. Light brown, pickup truck, with a black bed cover

[PEDESTRIAN & CHILD SAFETY]
12. Not visible
13. Not visible
14. Not visible"
vlm_runs/2026-06-08,LP_Parking_and_Restroom_Loitering_3_20260608T083000.jpg,minio,,vlm_runs/2026-06-08/LP_Parking_and_Restroom_Loitering_3/LP_Parking_and_Restroom_Loitering_3_20260608T083000.jpg,vehicle_prompts,done,2026-06-09T14:41:43.514114+00:00,,1.789,1.789,0,nvidia/cosmos-reason2-8b,"<0.0>

[GENERAL VEHICLE SAFETY]
1. Not visible
2. Not visible

[COLLISIONS & NEAR MISSES]
3. Not visible
4. Not visible

[PARKING & ACCESS VIOLATIONS]
5. Not visible
6. Not visible

[SUSPICIOUS VEHICLE BEHAVIOR]
7. Not visible
8. Not visible

[VEHICLE IDENTIFICATION]
9. Not visible
10. Not visible
11. Light brown pickup truck with a black tonneau cover
12. Not visible

[PEDESTRIAN & CHILD SAFETY]
13. Not visible
14. Not visible"
vlm_runs/2026-06-08,LP_Parking_and_Restroom_Loitering_3_20260608T080000.jpg,minio,,vlm_runs/2026-06-08/LP_Parking_and_Restroom_Loitering_3/LP_Parking_and_Restroom_Loitering_3_20260608T080000.jpg,vehicle_prompts,done,2026-06-09T14:41:43.514106+00:00,,2.109,2.109,0,nvidia/cosmos-reason2-8b,"0.0 1. Not visible 2. Not visible 3. Not visible 4. Not visible 5. Not visible 6. Not visible 7. Not visible 8. Not visible 9. Not visible 10. Not visible 11. Light brown, pickup truck 12. Not visible 13. Not visible 14. Not visible"
vlm_runs/2026-06-08,LP_Parking_and_Restroom_Loitering_3_20260608T091500.jpg,minio,,vlm_runs/2026-06-08/LP_Parking_and_Restroom_Loitering_3/LP_Parking_and_Restroom_Loitering_3_20260608T091500.jpg,vehicle_prompts,done,2026-06-09T14:41:43.514126+00:00,,1.422,1.422,0,nvidia/cosmos-reason2-8b,0.0
vlm_runs/2026-06-08,LP_Parking_and_Restroom_Loitering_3_20260608T084500.jpg,minio,,vlm_runs/2026-06-08/LP_Parking_and_Restroom_Loitering_3/LP_Parking_and_Restroom_Loitering_3_20260608T084500.jpg,vehicle_prompts,done,2026-06-09T14:41:43.514118+00:00,,1.496,1.496,0,nvidia/cosmos-reason2-8b,"<0.0>

[GENERAL VEHICLE SAFETY]
1. Not visible
2. Not visible

[COLLISIONS & NEAR MISSES]
3. Not visible
4. Not visible

[PARKING & ACCESS VIOLATIONS]
5. Not visible
6. Not visible

[SUSPICIOUS VEHICLE BEHAVIOR]
7. Not visible
8. Not visible

[VEHICLE IDENTIFICATION]
9. Not visible
10. 5H2
11. Brown, pickup truck, with a black bed cover

[PEDESTRIAN & CHILD SAFETY]
12. Not visible
13. Not visible
14. Not visible"
vlm_runs/2026-06-08,LP_Parking_and_Restroom_Loitering_3_20260608T101500.jpg,minio,,vlm_runs/2026-06-08/LP_Parking_and_Restroom_Loitering_3/LP_Parking_and_Restroom_Loitering_3_20260608T101500.jpg,vehicle_prompts,done,2026-06-09T14:41:43.514143+00:00,,0.856,0.856,0,nvidia/cosmos-reason2-8b,"0.0 The vehicle is parked in a designated parking space, not obstructing any lanes or emergency areas. The vehicle is stationary and positioned correctly within the parking lot. Not visible"
vlm_runs/2026-06-08,LP_Parking_and_Restroom_Loitering_3_20260608T100000.jpg,minio,,vlm_runs/2026-06-08/LP_Parking_and_Restroom_Loitering_3/LP_Parking_and_Restroom_Loitering_3_20260608T100000.jpg,vehicle_prompts,done,2026-06-09T14:41:43.514139+00:00,,1.092,1.092,0,nvidia/cosmos-reason2-8b,"<0.0> 
[GENERAL VEHICLE SAFETY]
1. Not visible
2. Not visible

[COLLISIONS & NEAR MISSES]
3. Not visible
4. Not visible

[PARKING & ACCESS VIOLATIONS]
5. Not visible
6. Not visible

[SUSPICIOUS VEHICLE BEHAVIOR]
7. Not visible
8. Not visible

[VEHICLE IDENTIFICATION]
9. Not visible
10. 5679
11. Brown, pickup truck, with a black bed cover

[PEDESTRIAN & CHILD SAFETY]
12. Not visible
13. Not visible
14. Not visible"
vlm_runs/2026-06-08,LP_Parking_and_Restroom_Loitering_3_20260608T103000.jpg,minio,,vlm_runs/2026-06-08/LP_Parking_and_Restroom_Loitering_3/LP_Parking_and_Restroom_Loitering_3_20260608T103000.jpg,vehicle_prompts,done,2026-06-09T14:41:43.514147+00:00,,1.132,1.132,0,nvidia/cosmos-reason2-8b,"<0.0>

[GENERAL VEHICLE SAFETY]
1. Not visible
2. Not visible

[COLLISIONS & NEAR MISSES]
3. Not visible
4. Not visible

[PARKING & ACCESS VIOLATIONS]
5. Not visible
6. Not visible

[SUSPICIOUS VEHICLE BEHAVIOR]
7. Not visible
8. Not visible

[VEHICLE IDENTIFICATION]
9. Not visible
10. Not visible
11. Light brown pickup truck with a black bed cover
12. Not visible

[PEDESTRIAN & CHILD SAFETY]
13. Not visible
14. Not visible"
vlm_runs/2026-06-08,LP_Parking_and_Restroom_Loitering_3_20260608T113000.jpg,minio,,vlm_runs/2026-06-08/LP_Parking_and_Restroom_Loitering_3/LP_Parking_and_Restroom_Loitering_3_20260608T113000.jpg,vehicle_prompts,done,2026-06-09T14:41:43.514164+00:00,,1.01,1.01,0,nvidia/cosmos-reason2-8b,0.0
vlm_runs/2026-06-08,LP_Parking_and_Restroom_Loitering_3_20260608T094500.jpg,minio,,vlm_runs/2026-06-08/LP_Parking_and_Restroom_Loitering_3/LP_Parking_and_Restroom_Loitering_3_20260608T094500.jpg,vehicle_prompts,done,2026-06-09T14:41:43.514135+00:00,,2.15,2.15,0,nvidia/cosmos-reason2-8b,"<0.0>

[GENERAL VEHICLE SAFETY]
1. Not visible
2. Not visible

[COLLISIONS & NEAR MISSES]
3. Not visible
4. Not visible

[PARKING & ACCESS VIOLATIONS]
5. Not visible
6. Not visible

[SUSPICIOUS VEHICLE BEHAVIOR]
7. Not visible
8. Not visible

[VEHICLE IDENTIFICATION]
9. Not visible
10. Not visible
11. Tan, pickup truck, with a black bed cover
12. Not visible
13. Not visible
14. Not visible"
vlm_runs/2026-06-08,LP_Parking_and_Restroom_Loitering_3_20260608T111500.jpg,minio,,vlm_runs/2026-06-08/LP_Parking_and_Restroom_Loitering_3/LP_Parking_and_Restroom_Loitering_3_20260608T111500.jpg,vehicle_prompts,done,2026-06-09T14:41:43.514160+00:00,,1.73,1.73,0,nvidia/cosmos-reason2-8b,"<0.0>

[SUSPICIOUS VEHICLE BEHAVIOR]
7. Not visible"
vlm_runs/2026-06-08,LP_Parking_and_Restroom_Loitering_3_20260608T121500.jpg,minio,,vlm_runs/2026-06-08/LP_Parking_and_Restroom_Loitering_3/LP_Parking_and_Restroom_Loitering_3_20260608T121500.jpg,vehicle_prompts,done,2026-06-09T14:41:43.514175+00:00,,0.877,0.877,0,nvidia/cosmos-reason2-8b,"<0.0> 
[GENERAL VEHICLE SAFETY]
1. Not visible
2. Not visible

[COLLISIONS & NEAR MISSES]
3. Not visible
4. Not visible

[PARKING & ACCESS VIOLATIONS]
5. Not visible
6. Not visible

[SUSPICIOUS VEHICLE BEHAVIOR]
7. Not visible
8. Not visible

[VEHICLE IDENTIFICATION]
9. Not visible
10. 425
11. Tan, Ford, pickup truck
12. Not visible
13. Not visible
14. Not visible"
vlm_runs/2026-06-08,LP_Parking_and_Restroom_Loitering_3_20260608T110000.jpg,minio,,vlm_runs/2026-06-08/LP_Parking_and_Restroom_Loitering_3/LP_Parking_and_Restroom_Loitering_3_20260608T110000.jpg,vehicle_prompts,done,2026-06-09T14:41:43.514156+00:00,,1.97,1.97,0,nvidia/cosmos-reason2-8b,"<0.0>

[GENERAL VEHICLE SAFETY]
1. Not visible
2. Not visible

[COLLISIONS & NEAR MISSES]
3. Not visible
4. Not visible

[PARKING & ACCESS VIOLATIONS]
5. Not visible
6. Not visible

[SUSPICIOUS VEHICLE BEHAVIOR]
7. Not visible
8. Not visible

[VEHICLE IDENTIFICATION]
9. Not visible
10. 432
11. Gray, Ford, pickup truck

[PEDESTRIAN & CHILD SAFETY]
12. Not visible
13. Not visible
14. Not visible"
vlm_runs/2026-06-08,LP_Parking_and_Restroom_Loitering_3_20260608T120000.jpg,minio,,vlm_runs/2026-06-08/LP_Parking_and_Restroom_Loitering_3/LP_Parking_and_Restroom_Loitering_3_20260608T120000.jpg,vehicle_prompts,done,2026-06-09T14:41:43.514171+00:00,,1.363,1.363,0,nvidia/cosmos-reason2-8b,"<0.0>

[GENERAL VEHICLE SAFETY]
1. Not visible
2. Not visible

[COLLISIONS & NEAR MISSES]
3. Not visible
4. Not visible

[PARKING & ACCESS VIOLATIONS]
5. Not visible
6. Not visible

[SUSPICIOUS VEHICLE BEHAVIOR]
7. Not visible
8. Not visible

[VEHICLE IDENTIFICATION]
9. Not visible
10. Not visible
11. Light brown pickup truck with a black bed cover

[PEDESTRIAN & CHILD SAFETY]
12. Not visible
13. Not visible
14. Not visible"
vlm_runs/2026-06-08,LP_Parking_and_Restroom_Loitering_3_20260608T131500.jpg,minio,,vlm_runs/2026-06-08/LP_Parking_and_Restroom_Loitering_3/LP_Parking_and_Restroom_Loitering_3_20260608T131500.jpg,vehicle_prompts,done,2026-06-09T14:41:43.514192+00:00,,0.882,0.882,0,nvidia/cosmos-reason2-8b,"0.0 The vehicles are parked in designated parking spaces, and there are no visible signs of unsafe speed or collisions. The vehicles are stationary and positioned correctly within their respective lanes, with no indication of fire lanes or restricted areas being violated. No suspicious behavior or threatening maneuvers are observed. The vehicles are clearly identifiable by their colors and models, and there are no individuals present in the scene."
vlm_runs/2026-06-08,LP_Parking_and_Restroom_Loitering_3_20260608T124500.jpg,minio,,vlm_runs/2026-06-08/LP_Parking_and_Restroom_Loitering_3/LP_Parking_and_Restroom_Loitering_3_20260608T124500.jpg,vehicle_prompts,done,2026-06-09T14:41:43.514183+00:00,,1.685,1.685,0,nvidia/cosmos-reason2-8b,"<0.0> 
[GENERAL VEHICLE SAFETY]
1. Yes
2. No

[COLLISIONS & NEAR MISSES]
3. No
4. Not visible

[PARKING & ACCESS VIOLATIONS]
5. No
6. No

[SUSPICIOUS VEHICLE BEHAVIOR]
7. No
8. Not visible

[VEHICLE IDENTIFICATION]
9. Not visible
10. 537
11. Light brown, pickup truck; black, sedan
12. Not visible
13. Not visible
14. Not visible"
vlm_runs/2026-06-08,LP_Parking_and_Restroom_Loitering_3_20260608T130000.jpg,minio,,vlm_runs/2026-06-08/LP_Parking_and_Restroom_Loitering_3/LP_Parking_and_Restroom_Loitering_3_20260608T130000.jpg,vehicle_prompts,done,2026-06-09T14:41:43.514187+00:00,,1.274,1.274,0,nvidia/cosmos-reason2-8b,"0.0

[GENERAL VEHICLE SAFETY]
1. Not visible
2. Not visible

[COLLISIONS & NEAR MISSES]
3. Not visible
4. Not visible

[PARKING & ACCESS VIOLATIONS]
5. Not visible
6. Not visible

[SUSPICIOUS VEHICLE BEHAVIOR]
7. Not visible
8. Not visible

[VEHICLE IDENTIFICATION]
9. Not visible
10. Not visible
11. Not visible
12. Not visible
13. Not visible
14. Not visible"
vlm_runs/2026-06-08,LP_Parking_and_Restroom_Loitering_3_20260608T114500.jpg,minio,,vlm_runs/2026-06-08/LP_Parking_and_Restroom_Loitering_3/LP_Parking_and_Restroom_Loitering_3_20260608T114500.jpg,vehicle_prompts,done,2026-06-09T14:41:43.514167+00:00,,2.513,2.513,0,nvidia/cosmos-reason2-8b,"<0.0>

[GENERAL VEHICLE SAFETY]
1. Not visible
2. Not visible

[COLLISIONS & NEAR MISSES]
3. Not visible
4. Not visible

[PARKING & ACCESS VIOLATIONS]
5. Not visible
6. Not visible

[SUSPICIOUS VEHICLE BEHAVIOR]
7. Not visible
8. Not visible

[VEHICLE IDENTIFICATION]
9. Not visible
10. 5YH
11. Brown, pickup truck, with a black bed cover

[PEDESTRIAN & CHILD SAFETY]
12. Not visible
13. Not visible
14. Not visible"
vlm_runs/2026-06-08,LP_Parking_and_Restroom_Loitering_3_20260608T123000.jpg,minio,,vlm_runs/2026-06-08/LP_Parking_and_Restroom_Loitering_3/LP_Parking_and_Restroom_Loitering_3_20260608T123000.jpg,vehicle_prompts,done,2026-06-09T14:41:43.514179+00:00,,2.046,2.046,0,nvidia/cosmos-reason2-8b,"<0.0> 
[GENERAL VEHICLE SAFETY]
1. Not visible
2. Not visible

[COLLISIONS & NEAR MISSES]
3. Not visible
4. Not visible

[PARKING & ACCESS VIOLATIONS]
5. Not visible
6. Not visible

[SUSPICIOUS VEHICLE BEHAVIOR]
7. Not visible
8. Not visible

[VEHICLE IDENTIFICATION]
9. Not visible
10. Not visible
11. Not visible
12. Not visible
13. Not visible
14. Not visible"
vlm_runs/2026-06-08,LP_Parking_and_Restroom_Loitering_3_20260608T134500.jpg,minio,,vlm_runs/2026-06-08/LP_Parking_and_Restroom_Loitering_3/LP_Parking_and_Restroom_Loitering_3_20260608T134500.jpg,vehicle_prompts,done,2026-06-09T14:41:43.514201+00:00,,1.054,1.054,0,nvidia/cosmos-reason2-8b,"<0.0>

GENERAL VEHICLE SAFETY
1. Yes
2. No

COLLISIONS & NEAR MISSES
3. No
4. No

PARKING & ACCESS VIOLATIONS
5. No
6. No

SUSPICIOUS VEHICLE BEHAVIOR
7. No
8. No

VEHICLE IDENTIFICATION
9. No
10. 4VH
11. Red, beige, and black vehicles
12. No
13. No
14. No"
vlm_runs/2026-06-08,LP_Parking_and_Restroom_Loitering_3_20260608T104500.jpg,minio,,vlm_runs/2026-06-08/LP_Parking_and_Restroom_Loitering_3/LP_Parking_and_Restroom_Loitering_3_20260608T104500.jpg,vehicle_prompts,done,2026-06-09T14:41:43.514152+00:00,,3.669,3.669,0,nvidia/cosmos-reason2-8b,"<0.0>

[GENERAL VEHICLE SAFETY]
1. Not visible
2. Not visible

[COLLISIONS & NEAR MISSES]
3. Not visible
4. Not visible

[PARKING & ACCESS VIOLATIONS]
5. Not visible
6. Not visible

[SUSPICIOUS VEHICLE BEHAVIOR]
7. Not visible
8. Not visible

[VEHICLE IDENTIFICATION]
9. Not visible
10. 5679
11. Brown, truck, pickup

[PEDESTRIAN & CHILD SAFETY]
12. Not visible
13. Not visible
14. Not visible"
vlm_runs/2026-06-08,LP_Parking_and_Restroom_Loitering_3_20260608T133000.jpg,minio,,vlm_runs/2026-06-08/LP_Parking_and_Restroom_Loitering_3/LP_Parking_and_Restroom_Loitering_3_20260608T133000.jpg,vehicle_prompts,done,2026-06-09T14:41:43.514196+00:00,,1.903,1.903,0,nvidia/cosmos-reason2-8b,"<0.0> 
[GENERAL VEHICLE SAFETY]
1. Yes
2. No

[COLLISIONS & NEAR MISSES]
3. No
4. 0

[PARKING & ACCESS VIOLATIONS]
5. No
6. No

[SUSPICIOUS VEHICLE BEHAVIOR]
7. No
8. No

[VEHICLE IDENTIFICATION]
9. No
10. 4321
11. Red, beige, black
12. No
13. 0
14. 0"
vlm_runs/2026-06-08,LP_Parking_and_Restroom_Loitering_3_20260608T141500.jpg,minio,,vlm_runs/2026-06-08/LP_Parking_and_Restroom_Loitering_3/LP_Parking_and_Restroom_Loitering_3_20260608T141500.jpg,vehicle_prompts,done,2026-06-09T14:41:43.514209+00:00,,1.053,1.053,0,nvidia/cosmos-reason2-8b,"0.0s

[GENERAL VEHICLE SAFETY]
1. Not visible
2. Not visible

[COLLISIONS & NEAR MISSES]
3. Not visible
4. Not visible

[PARKING & ACCESS VIOLATIONS]
5. Not visible
6. Not visible

[SUSPICIOUS VEHICLE BEHAVIOR]
7. Not visible
8. Not visible

[VEHICLE IDENTIFICATION]
9. Not visible
10. Not visible
11. Red pickup truck, beige pickup truck, black sedan
12. Not visible
13. Not visible
14. Not visible"
vlm_runs/2026-06-08,LP_Parking_and_Restroom_Loitering_3_20260608T144500.jpg,minio,,vlm_runs/2026-06-08/LP_Parking_and_Restroom_Loitering_3/LP_Parking_and_Restroom_Loitering_3_20260608T144500.jpg,vehicle_prompts,done,2026-06-09T14:41:43.514217+00:00,,0.982,0.982,0,nvidia/cosmos-reason2-8b,"0.0 The red pickup truck is parked in a designated parking space, and the beige pickup truck is also parked in its designated space. There are no visible collisions or near-misses between vehicles. No vehicles are parked in fire lanes, emergency corridors, or no-stopping zones. All vehicles are parked in their respective parking spaces, and there are no wrong-way vehicles or vehicles in restricted areas. There is no suspicious behavior or threatening maneuvers observed. The red pickup truck has a visible license plate, but the beige pickup truck's license plate is obscured. The red pickup truck is red, and the beige pickup truck is beige. There are no pedestrians or children visible in the image."
vlm_runs/2026-06-08,LP_Parking_and_Restroom_Loitering_3_20260608T140000.jpg,minio,,vlm_runs/2026-06-08/LP_Parking_and_Restroom_Loitering_3/LP_Parking_and_Restroom_Loitering_3_20260608T140000.jpg,vehicle_prompts,done,2026-06-09T14:41:43.514205+00:00,,1.317,1.317,0,nvidia/cosmos-reason2-8b,"0.0s

[GENERAL VEHICLE SAFETY]
1. Not visible
2. Not visible

[COLLISIONS & NEAR MISSES]
3. Not visible
4. Not visible

[PARKING & ACCESS VIOLATIONS]
5. Not visible
6. Not visible

[SUSPICIOUS VEHICLE BEHAVIOR]
7. Not visible
8. Not visible

[VEHICLE IDENTIFICATION]
9. Not visible
10. Not visible
11. Red pickup truck, beige pickup truck, black sedan
12. Not visible
13. Not visible
14. Not visible"
vlm_runs/2026-06-08,LP_Parking_and_Restroom_Loitering_3_20260608T143000.jpg,minio,,vlm_runs/2026-06-08/LP_Parking_and_Restroom_Loitering_3/LP_Parking_and_Restroom_Loitering_3_20260608T143000.jpg,vehicle_prompts,done,2026-06-09T14:41:43.514213+00:00,,1.248,1.248,0,nvidia/cosmos-reason2-8b,"<0.0> 
[GENERAL VEHICLE SAFETY]
1. Yes
2. No

[COLLISIONS & NEAR MISSES]
3. No
4. No

[PARKING & ACCESS VIOLATIONS]
5. No
6. No

[SUSPICIOUS VEHICLE BEHAVIOR]
7. No
8. No

[VEHICLE IDENTIFICATION]
9. No
10. 356
11. Red, beige, and black
12. No
13. No
14. No"
vlm_runs/2026-06-08,LP_Parking_and_Restroom_Loitering_3_20260608T153000.jpg,minio,,vlm_runs/2026-06-08/LP_Parking_and_Restroom_Loitering_3/LP_Parking_and_Restroom_Loitering_3_20260608T153000.jpg,vehicle_prompts,done,2026-06-09T14:41:43.514230+00:00,,1.065,1.065,0,nvidia/cosmos-reason2-8b,"<0.0>

[GENERAL VEHICLE SAFETY]
1. Not visible
2. Not visible

[COLLISIONS & NEAR MISSES]
3. Not visible
4. Not visible

[PARKING & ACCESS VIOLATIONS]
5. Not visible
6. Not visible

[SUSPICIOUS VEHICLE BEHAVIOR]
7. Not visible
8. Not visible

[VEHICLE IDENTIFICATION]
9. Not visible
10. 5FVH
11. Red, beige, and silver pickup trucks and SUVs
12. Not visible
13. Not visible
14. Not visible"
vlm_runs/2026-06-08,LP_Parking_and_Restroom_Loitering_3_20260608T151500.jpg,minio,,vlm_runs/2026-06-08/LP_Parking_and_Restroom_Loitering_3/LP_Parking_and_Restroom_Loitering_3_20260608T151500.jpg,vehicle_prompts,done,2026-06-09T14:41:43.514226+00:00,,1.433,1.433,0,nvidia/cosmos-reason2-8b,"<0.0> 
[GENERAL VEHICLE SAFETY]
1. Yes
2. No

[COLLISIONS & NEAR MISSES]
3. No
4. 0

[PARKING & ACCESS VIOLATIONS]
5. No
6. No

[SUSPICIOUS VEHICLE BEHAVIOR]
7. No
8. No

[VEHICLE IDENTIFICATION]
9. 0
10. Not visible
11. Red pickup truck, beige pickup truck, silver SUV
12. 0
13. 0
14. 0"
vlm_runs/2026-06-08,LP_Parking_and_Restroom_Loitering_3_20260608T154500.jpg,minio,,vlm_runs/2026-06-08/LP_Parking_and_Restroom_Loitering_3/LP_Parking_and_Restroom_Loitering_3_20260608T154500.jpg,vehicle_prompts,done,2026-06-09T14:41:43.514234+00:00,,0.951,0.951,0,nvidia/cosmos-reason2-8b,"<0.0> 
[GENERAL VEHICLE SAFETY]
1. Yes
2. No

[COLLISIONS & NEAR MISSES]
3. No
4. No

[PARKING & ACCESS VIOLATIONS]
5. No
6. No

[SUSPICIOUS VEHICLE BEHAVIOR]
7. No
8. No

[VEHICLE IDENTIFICATION]
9. No
10. Not visible
11. Red pickup truck, beige pickup truck, silver SUV
12. No
13. No
14. No"
vlm_runs/2026-06-08,LP_Parking_and_Restroom_Loitering_3_20260608T164500.jpg,minio,,vlm_runs/2026-06-08/LP_Parking_and_Restroom_Loitering_3/LP_Parking_and_Restroom_Loitering_3_20260608T164500.jpg,vehicle_prompts,done,2026-06-09T14:41:43.514250+00:00,,0.855,0.855,0,nvidia/cosmos-reason2-8b,0.0 1. Not visible 2. Not visible 3. Not visible 4. Not visible 5. Not visible 6. Not visible 7. Not visible 8. Not visible 9. Not visible 10. Not visible 11. Light beige pickup truck with a black bed liner and a visible license plate; blue SUV with a visible license plate 12. Not visible 13. Not visible 14. Not visible
vlm_runs/2026-06-08,LP_Parking_and_Restroom_Loitering_3_20260608T160000.jpg,minio,,vlm_runs/2026-06-08/LP_Parking_and_Restroom_Loitering_3/LP_Parking_and_Restroom_Loitering_3_20260608T160000.jpg,vehicle_prompts,done,2026-06-09T14:41:43.514238+00:00,,1.396,1.396,0,nvidia/cosmos-reason2-8b,"<0.0>

[GENERAL VEHICLE SAFETY]
1. Yes
2. No

[COLLISIONS & NEAR MISSES]
3. No
4. No

[PARKING & ACCESS VIOLATIONS]
5. No
6. No

[SUSPICIOUS VEHICLE BEHAVIOR]
7. No
8. No

[VEHICLE IDENTIFICATION]
9. No
10. 1
11. Red, pickup truck; beige, pickup truck; silver, SUV
12. No
13. No
14. No"
vlm_runs/2026-06-08,LP_Parking_and_Restroom_Loitering_3_20260608T150000.jpg,minio,,vlm_runs/2026-06-08/LP_Parking_and_Restroom_Loitering_3/LP_Parking_and_Restroom_Loitering_3_20260608T150000.jpg,vehicle_prompts,done,2026-06-09T14:41:43.514221+00:00,,2.388,2.388,0,nvidia/cosmos-reason2-8b,"0.0s

[GENERAL VEHICLE SAFETY]
1. Not visible
2. Not visible

[COLLISIONS & NEAR MISSES]
3. Not visible
4. Not visible

[PARKING & ACCESS VIOLATIONS]
5. Not visible
6. Not visible

[SUSPICIOUS VEHICLE BEHAVIOR]
7. Not visible
8. Not visible

[VEHICLE IDENTIFICATION]
9. Not visible
10. Not visible
11. Red pickup truck, beige pickup truck, black car
12. Not visible
13. Not visible
14. Not visible"
vlm_runs/2026-06-08,LP_Parking_and_Restroom_Loitering_3_20260608T161500.jpg,minio,,vlm_runs/2026-06-08/LP_Parking_and_Restroom_Loitering_3/LP_Parking_and_Restroom_Loitering_3_20260608T161500.jpg,vehicle_prompts,done,2026-06-09T14:41:43.514242+00:00,,1.453,1.453,0,nvidia/cosmos-reason2-8b,"<0.0>

[GENERAL VEHICLE SAFETY]
1. Yes
2. No

[COLLISIONS & NEAR MISSES]
3. No
4. No

[PARKING & ACCESS VIOLATIONS]
5. No
6. No

[SUSPICIOUS VEHICLE BEHAVIOR]
7. No
8. No

[VEHICLE IDENTIFICATION]
9. No
10. 4321
11. Red, beige, blue
12. No
13. No
14. No"
vlm_runs/2026-06-08,LP_Parking_and_Restroom_Loitering_3_20260608T173000.jpg,minio,,vlm_runs/2026-06-08/LP_Parking_and_Restroom_Loitering_3/LP_Parking_and_Restroom_Loitering_3_20260608T173000.jpg,vehicle_prompts,done,2026-06-09T14:41:43.514262+00:00,,0.794,0.794,0,nvidia/cosmos-reason2-8b,0.0
vlm_runs/2026-06-08,LP_Parking_and_Restroom_Loitering_3_20260608T163000.jpg,minio,,vlm_runs/2026-06-08/LP_Parking_and_Restroom_Loitering_3/LP_Parking_and_Restroom_Loitering_3_20260608T163000.jpg,vehicle_prompts,done,2026-06-09T14:41:43.514246+00:00,,1.952,1.952,0,nvidia/cosmos-reason2-8b,"0.0 [GENERAL VEHICLE SAFETY] 1. Yes, all vehicles are parked within designated parking spaces. 2. Not visible [COLLISIONS & NEAR MISSES] 3. Not visible 4. Not visible [PARKING & ACCESS VIOLATIONS] 5. Not visible 6. Not visible [SUSPICIOUS VEHICLE BEHAVIOR] 7. Not visible 8. Not visible [VEHICLE IDENTIFICATION] 9. Not visible 10. Plate number for visible vehicle: Not visible 11. Vehicle 1: tan pickup truck, Vehicle 2: blue SUV [PEDESTRIAN & CHILD SAFETY] 12. Not visible 13. Not visible 14. Not visible"
vlm_runs/2026-06-08,LP_Parking_and_Restroom_Loitering_3_20260608T170000.jpg,minio,,vlm_runs/2026-06-08/LP_Parking_and_Restroom_Loitering_3/LP_Parking_and_Restroom_Loitering_3_20260608T170000.jpg,vehicle_prompts,done,2026-06-09T14:41:43.514254+00:00,,1.527,1.527,0,nvidia/cosmos-reason2-8b,"<0.0> 
[GENERAL VEHICLE SAFETY]
1. Not visible
2. Not visible

[COLLISIONS & NEAR MISSES]
3. Not visible
4. Not visible

[PARKING & ACCESS VIOLATIONS]
5. Not visible
6. Not visible

[SUSPICIOUS VEHICLE BEHAVIOR]
7. Not visible
8. Not visible

[VEHICLE IDENTIFICATION]
9. Not visible
10. Not visible
11. Not visible

[PEDESTRIAN & CHILD SAFETY]
12. Not visible
13. Not visible
14. Not visible"
vlm_runs/2026-06-08,LP_Parking_and_Restroom_Loitering_3_20260608T174500.jpg,minio,,vlm_runs/2026-06-08/LP_Parking_and_Restroom_Loitering_3/LP_Parking_and_Restroom_Loitering_3_20260608T174500.jpg,vehicle_prompts,done,2026-06-09T14:41:43.514265+00:00,,1.004,1.004,0,nvidia/cosmos-reason2-8b,"<0.0>

GENERAL VEHICLE SAFETY
1. Yes
2. No

COLLISIONS & NEAR MISSES
3. No
4. No

PARKING & ACCESS VIOLATIONS
5. No
6. No

SUSPICIOUS VEHICLE BEHAVIOR
7. No
8. No

VEHICLE IDENTIFICATION
9. No vehicles with obscured or missing plates
10. Not visible
11. Black SUV, blue SUV, silver sedan, white SUV
12. No
13. No
14. No"
vlm_runs/2026-06-08,LP_Parking_and_Restroom_Loitering_3_20260608T171500.jpg,minio,,vlm_runs/2026-06-08/LP_Parking_and_Restroom_Loitering_3/LP_Parking_and_Restroom_Loitering_3_20260608T171500.jpg,vehicle_prompts,done,2026-06-09T14:41:43.514258+00:00,,1.731,1.731,0,nvidia/cosmos-reason2-8b,"<0.0> 
[GENERAL VEHICLE SAFETY]
1. Not visible
2. Not visible

[COLLISIONS & NEAR MISSES]
3. Not visible
4. Not visible

[PARKING & ACCESS VIOLATIONS]
5. Not visible
6. Not visible

[SUSPICIOUS VEHICLE BEHAVIOR]
7. Not visible
8. Not visible

[VEHICLE IDENTIFICATION]
9. Not visible
10. Not visible
11. Silver SUV; Black SUV; Blue SUV; Black sedan
12. Not visible
13. Not visible
14. Not visible"
vlm_runs/2026-06-08,LP_Parking_and_Restroom_Loitering_3_20260608T184500.jpg,minio,,vlm_runs/2026-06-08/LP_Parking_and_Restroom_Loitering_3/LP_Parking_and_Restroom_Loitering_3_20260608T184500.jpg,vehicle_prompts,done,2026-06-09T14:41:43.514282+00:00,,1.033,1.033,0,nvidia/cosmos-reason2-8b,"<0.0> 
[GENERAL VEHICLE SAFETY]
1. Not visible
2. Not visible

[COLLISIONS & NEAR MISSES]
3. Not visible
4. Not visible

[PARKING & ACCESS VIOLATIONS]
5. Not visible
6. Not visible

[SUSPICIOUS VEHICLE BEHAVIOR]
7. Not visible
8. Not visible

[VEHICLE IDENTIFICATION]
9. Not visible
10. Not visible
11. Black SUV

[PEDESTRIAN & CHILD SAFETY]
12. Not visible
13. Not visible
14. Not visible"
vlm_runs/2026-06-08,LP_Parking_and_Restroom_Loitering_3_20260608T183000.jpg,minio,,vlm_runs/2026-06-08/LP_Parking_and_Restroom_Loitering_3/LP_Parking_and_Restroom_Loitering_3_20260608T183000.jpg,vehicle_prompts,done,2026-06-09T14:41:43.514277+00:00,,1.476,1.476,0,nvidia/cosmos-reason2-8b,"<0.0> 
[GENERAL VEHICLE SAFETY]
1. Yes
2. No

[COLLISIONS & NEAR MISSES]
3. No
4. Not visible

[PARKING & ACCESS VIOLATIONS]
5. Not visible
6. Not visible

[SUSPICIOUS VEHICLE BEHAVIOR]
7. No
8. Not visible

[VEHICLE IDENTIFICATION]
9. Not visible
10. Not visible
11. Silver SUV; Black SUV

[PEDESTRIAN & CHILD SAFETY]
12. Not visible
13. Not visible
14. Not visible"
vlm_runs/2026-06-08,LP_Parking_and_Restroom_Loitering_3_20260608T180000.jpg,minio,,vlm_runs/2026-06-08/LP_Parking_and_Restroom_Loitering_3/LP_Parking_and_Restroom_Loitering_3_20260608T180000.jpg,vehicle_prompts,done,2026-06-09T14:41:43.514269+00:00,,1.828,1.828,0,nvidia/cosmos-reason2-8b,"<0.0>

GENERAL VEHICLE SAFETY
1. Yes
2. No

COLLISIONS & NEAR MISSES
3. No
4. No

PARKING & ACCESS VIOLATIONS
5. No
6. No

SUSPICIOUS VEHICLE BEHAVIOR
7. No
8. No

VEHICLE IDENTIFICATION
9. No vehicles with obscured plates
10. Not visible
11. Not visible
12. No
13. No
14. No"
vlm_runs/2026-06-08,LP_Parking_and_Restroom_Loitering_3_20260608T194500.jpg,minio,,vlm_runs/2026-06-08/LP_Parking_and_Restroom_Loitering_3/LP_Parking_and_Restroom_Loitering_3_20260608T194500.jpg,vehicle_prompts,done,2026-06-09T14:41:43.514296+00:00,,0.862,0.862,0,nvidia/cosmos-reason2-8b,Visible Timestamp(s): 0.0 1. Not visible 2. Not visible 3. Not visible 4. Not visible 5. Not visible 6. Not visible 7. Not visible 8. Not visible 9. Not visible 10. Not visible 11. Not visible 12. Not visible 13. Not visible 14. Not visible
vlm_runs/2026-06-08,LP_Parking_and_Restroom_Loitering_3_20260608T191500.jpg,minio,,vlm_runs/2026-06-08/LP_Parking_and_Restroom_Loitering_3/LP_Parking_and_Restroom_Loitering_3_20260608T191500.jpg,vehicle_prompts,done,2026-06-09T14:41:43.514289+00:00,,1.267,1.267,0,nvidia/cosmos-reason2-8b,"<0.0> 
1. Not visible
2. Not visible
3. Not visible
4. Not visible
5. Not visible
6. Not visible
7. Not visible
8. Not visible
9. Not visible
10. Not visible
11. Not visible
12. Not visible
13. Not visible
14. Not visible"
vlm_runs/2026-06-08,LP_Parking_and_Restroom_Loitering_3_20260608T200000.jpg,minio,,vlm_runs/2026-06-08/LP_Parking_and_Restroom_Loitering_3/LP_Parking_and_Restroom_Loitering_3_20260608T200000.jpg,vehicle_prompts,done,2026-06-09T14:41:43.514300+00:00,,0.901,0.901,0,nvidia/cosmos-reason2-8b,Visible Timestamp(s): 0.0 1. Not visible 2. Not visible 3. Not visible 4. Not visible 5. Not visible 6. Not visible 7. Not visible 8. Not visible 9. Not visible 10. Not visible 11. Not visible 12. Not visible 13. Not visible 14. Not visible
vlm_runs/2026-06-08,LP_Parking_and_Restroom_Loitering_3_20260608T181500.jpg,minio,,vlm_runs/2026-06-08/LP_Parking_and_Restroom_Loitering_3/LP_Parking_and_Restroom_Loitering_3_20260608T181500.jpg,vehicle_prompts,done,2026-06-09T14:41:43.514273+00:00,,2.628,2.628,0,nvidia/cosmos-reason2-8b,"<0.0>

[GENERAL VEHICLE SAFETY]
1. Yes
2. No

[COLLISIONS & NEAR MISSES]
3. No
4. Not visible

[PARKING & ACCESS VIOLATIONS]
5. No
6. No

[SUSPICIOUS VEHICLE BEHAVIOR]
7. No
8. Not visible

[VEHICLE IDENTIFICATION]
9. Not visible
10. Not visible
11. Blue SUV, black sedan, silver hatchback
12. Not visible

[PEDESTRIAN & CHILD SAFETY]
13. Not visible
14. Not visible"
vlm_runs/2026-06-08,LP_Parking_and_Restroom_Loitering_3_20260608T201500.jpg,minio,,vlm_runs/2026-06-08/LP_Parking_and_Restroom_Loitering_3/LP_Parking_and_Restroom_Loitering_3_20260608T201500.jpg,vehicle_prompts,done,2026-06-09T14:41:43.514303+00:00,,1.21,1.21,0,nvidia/cosmos-reason2-8b,Visible Timestamps: 0.0 <answer> Not visible </answer>
vlm_runs/2026-06-08,LP_Parking_and_Restroom_Loitering_3_20260608T190000.jpg,minio,,vlm_runs/2026-06-08/LP_Parking_and_Restroom_Loitering_3/LP_Parking_and_Restroom_Loitering_3_20260608T190000.jpg,vehicle_prompts,done,2026-06-09T14:41:43.514285+00:00,,2.343,2.343,0,nvidia/cosmos-reason2-8b,"0.0

[GENERAL VEHICLE SAFETY]
1. Not visible
2. Not visible

[COLLISIONS & NEAR MISSES]
3. Not visible
4. Not visible

[PARKING & ACCESS VIOLATIONS]
5. Not visible
6. Not visible

[SUSPICIOUS VEHICLE BEHAVIOR]
7. Not visible
8. Not visible

[VEHICLE IDENTIFICATION]
9. Not visible
10. Not visible
11. Black pickup truck

[PEDESTRIAN & CHILD SAFETY]
12. Not visible
13. Not visible
14. Not visible"
vlm_runs/2026-06-08,LP_Parking_and_Restroom_Loitering_3_20260608T203000.jpg,minio,,vlm_runs/2026-06-08/LP_Parking_and_Restroom_Loitering_3/LP_Parking_and_Restroom_Loitering_3_20260608T203000.jpg,vehicle_prompts,done,2026-06-09T14:41:43.514307+00:00,,1.129,1.129,0,nvidia/cosmos-reason2-8b,"<0.0> 
1. Not visible
2. Not visible
3. Not visible
4. Not visible
5. Not visible
6. Not visible
7. Not visible
8. Not visible
9. Not visible
10. Not visible
11. Not visible
12. Not visible
13. Not visible
14. Not visible"
vlm_runs/2026-06-08,LP_Parking_and_Restroom_Loitering_3_20260608T193000.jpg,minio,,vlm_runs/2026-06-08/LP_Parking_and_Restroom_Loitering_3/LP_Parking_and_Restroom_Loitering_3_20260608T193000.jpg,vehicle_prompts,done,2026-06-09T14:41:43.514293+00:00,,2.238,2.238,0,nvidia/cosmos-reason2-8b,"<0.0> 
All vehicles are at safe speed in designated areas.
No vehicle is at an unsafe speed.
No collisions or near misses are observed.
No vehicles are in fire lanes, emergency corridors, or no-stopping zones.
No vehicles are in wrong-way or restricted areas.
No vehicles are making threatening maneuvers or pursuing pedestrians.
No suspicious contact with parked vehicles is observed.
No vehicles with obscured plates are present.
No individuals are struck or injured by vehicles.
No near misses involving individuals are observed.
No children are struck or at risk."
vlm_runs/2026-06-08,LP_Parking_and_Restroom_Loitering_3_20260608T210000.jpg,minio,,vlm_runs/2026-06-08/LP_Parking_and_Restroom_Loitering_3/LP_Parking_and_Restroom_Loitering_3_20260608T210000.jpg,vehicle_prompts,done,2026-06-09T14:41:43.514315+00:00,,1.156,1.156,0,nvidia/cosmos-reason2-8b,0.0 1-6. Not visible
vlm_runs/2026-06-08,LP_Parking_and_Restroom_Loitering_3_20260608T204500.jpg,minio,,vlm_runs/2026-06-08/LP_Parking_and_Restroom_Loitering_3/LP_Parking_and_Restroom_Loitering_3_20260608T204500.jpg,vehicle_prompts,done,2026-06-09T14:41:43.514311+00:00,,1.236,1.236,0,nvidia/cosmos-reason2-8b,"<0.0> 
1. Not visible
2. Not visible
3. Not visible
4. Not visible
5. Not visible
6. Not visible
7. Not visible
8. Not visible
9. Not visible
10. Not visible
11. Not visible
12. Not visible
13. Not visible
14. Not visible"
vlm_runs/2026-06-08,LP_Parking_and_Restroom_Loitering_3_20260608T211500.jpg,minio,,vlm_runs/2026-06-08/LP_Parking_and_Restroom_Loitering_3/LP_Parking_and_Restroom_Loitering_3_20260608T211500.jpg,vehicle_prompts,done,2026-06-09T14:41:43.514319+00:00,,1.199,1.199,0,nvidia/cosmos-reason2-8b,0.0 1-2
vlm_runs/2026-06-08,LP_Parking_and_Restroom_Loitering_3_20260608T213000.jpg,minio,,vlm_runs/2026-06-08/LP_Parking_and_Restroom_Loitering_3/LP_Parking_and_Restroom_Loitering_3_20260608T213000.jpg,vehicle_prompts,done,2026-06-09T14:41:43.514323+00:00,,0.742,0.742,0,nvidia/cosmos-reason2-8b,"Visible Timestamp(s): 0.0 <br />
Not visible"
vlm_runs/2026-06-08,LP_Parking_and_Restroom_Loitering_3_20260608T221500.jpg,minio,,vlm_runs/2026-06-08/LP_Parking_and_Restroom_Loitering_3/LP_Parking_and_Restroom_Loitering_3_20260608T221500.jpg,vehicle_prompts,done,2026-06-09T14:41:43.514461+00:00,,0.695,0.695,0,nvidia/cosmos-reason2-8b,"<0.0> 
1. Not visible
2. Not visible
3. Not visible
4. Not visible
5. Not visible
6. Not visible
7. Not visible
8. Not visible
9. Not visible
10. Not visible
11. Not visible
12. Not visible
13. Not visible
14. Not visible"
vlm_runs/2026-06-08,LP_Parking_and_Restroom_Loitering_3_20260608T220000.jpg,minio,,vlm_runs/2026-06-08/LP_Parking_and_Restroom_Loitering_3/LP_Parking_and_Restroom_Loitering_3_20260608T220000.jpg,vehicle_prompts,done,2026-06-09T14:41:43.514331+00:00,,0.974,0.974,0,nvidia/cosmos-reason2-8b,"<0.0> 
1. Not visible
2. Not visible
3. Not visible
4. Not visible
5. Not visible
6. Not visible
7. Not visible
8. Not visible
9. Not visible
10. Not visible
11. Not visible
12. Not visible
13. Not visible
14. Not visible"
vlm_runs/2026-06-08,LP_Parking_and_Restroom_Loitering_3_20260608T224500.jpg,minio,,vlm_runs/2026-06-08/LP_Parking_and_Restroom_Loitering_3/LP_Parking_and_Restroom_Loitering_3_20260608T224500.jpg,vehicle_prompts,done,2026-06-09T14:41:43.514470+00:00,,1.163,1.163,0,nvidia/cosmos-reason2-8b,"The image does not show any vehicles, so no analysis can be performed for the listed criteria."
vlm_runs/2026-06-08,LP_Parking_and_Restroom_Loitering_3_20260608T214500.jpg,minio,,vlm_runs/2026-06-08/LP_Parking_and_Restroom_Loitering_3/LP_Parking_and_Restroom_Loitering_3_20260608T214500.jpg,vehicle_prompts,done,2026-06-09T14:41:43.514327+00:00,,1.657,1.657,0,nvidia/cosmos-reason2-8b,"<0.0> 
1. Not visible
2. Not visible
3. Not visible
4. Not visible
5. Not visible
6. Not visible
7. Not visible
8. Not visible
9. Not visible
10. Not visible
11. Not visible
12. Not visible
13. Not visible
14. Not visible"
vlm_runs/2026-06-08,LP_Parking_and_Restroom_Loitering_3_20260608T231500.jpg,minio,,vlm_runs/2026-06-08/LP_Parking_and_Restroom_Loitering_3/LP_Parking_and_Restroom_Loitering_3_20260608T231500.jpg,vehicle_prompts,done,2026-06-09T14:41:43.514478+00:00,,1.376,1.376,0,nvidia/cosmos-reason2-8b,0.0 1. Not visible 2. Not visible 3. Not visible 4. Not visible 5. Not visible 6. Not visible 7. Not visible 8. Not visible 9. Not visible 10. Not visible 11. Not visible 12. Not visible 13. Not visible 14. Not visible
vlm_runs/2026-06-08,LP_Parking_and_Restroom_Loitering_3_20260608T230000.jpg,minio,,vlm_runs/2026-06-08/LP_Parking_and_Restroom_Loitering_3/LP_Parking_and_Restroom_Loitering_3_20260608T230000.jpg,vehicle_prompts,done,2026-06-09T14:41:43.514474+00:00,,1.679,1.679,0,nvidia/cosmos-reason2-8b,Visible Timestamp(s): 0.0 1. Not visible 2. Not visible 3. Not visible 4. Not visible 5. Not visible 6. Not visible 7. Not visible 8. Not visible 9. Not visible 10. Not visible 11. Not visible 12. Not visible 13. Not visible 14. Not visible
vlm_runs/2026-06-08,LP_Parking_and_Restroom_Loitering_3_20260608T234500.jpg,minio,,vlm_runs/2026-06-08/LP_Parking_and_Restroom_Loitering_3/LP_Parking_and_Restroom_Loitering_3_20260608T234500.jpg,vehicle_prompts,done,2026-06-09T14:41:43.514486+00:00,,3.411,3.411,0,nvidia/cosmos-reason2-8b,"<0.0> 
1. Not visible
2. Not visible
3. Not visible
4. Not visible
5. Not visible
6. Not visible
7. Not visible
8. Not visible
9. Not visible
10. Not visible
11. Not visible
12. Not visible
13. Not visible
14. Not visible"
vlm_runs/2026-06-08,LP_Parking_and_Restroom_Loitering_3_20260608T233000.jpg,minio,,vlm_runs/2026-06-08/LP_Parking_and_Restroom_Loitering_3/LP_Parking_and_Restroom_Loitering_3_20260608T233000.jpg,vehicle_prompts,done,2026-06-09T14:41:43.514482+00:00,,3.946,3.946,0,nvidia/cosmos-reason2-8b,"<0.0> 
[GENERAL VEHICLE SAFETY]
1. Not visible
2. Not visible

[COLLISIONS & NEAR MISSES]
3. Not visible
4. Not visible

[PARKING & ACCESS VIOLATIONS]
5. Not visible
6. Not visible

[SUSPICIOUS VEHICLE BEHAVIOR]
7. Not visible
8. Not visible

[VEHICLE IDENTIFICATION]
9. Not visible
10. Not visible
11. Not visible

[PEDESTRIAN & CHILD SAFETY]
12. Not visible
13. Not visible
14. Not visible"
vlm_runs/2026-06-08,LP_Parking_and_Restroom_Loitering_3_20260608T223000.jpg,minio,,vlm_runs/2026-06-08/LP_Parking_and_Restroom_Loitering_3/LP_Parking_and_Restroom_Loitering_3_20260608T223000.jpg,vehicle_prompts,done,2026-06-09T14:41:43.514466+00:00,,4.8,4.8,0,nvidia/cosmos-reason2-8b,"Visible Timestamps: 0.0

[GENERAL VEHICLE SAFETY]
1. Not visible
2. Not visible

[COLLISIONS & NEAR MISSES]
3. Not visible
4. Not visible

[PARKING & ACCESS VIOLATIONS]
5. Not visible
6. Not visible

[SUSPICIOUS VEHICLE BEHAVIOR]
7. Not visible
8. Not visible

[VEHICLE IDENTIFICATION]
9. Not visible
10. Not visible
11. Not visible

[PEDESTRIAN & CHILD SAFETY]
12. Not visible
13. Not visible
14. Not visible"
vlm_runs/2026-06-08,LP_Parking_and_Restroom_Loitering_1_20260608T004500.jpg,minio,,vlm_runs/2026-06-08/LP_Parking_and_Restroom_Loitering_1/LP_Parking_and_Restroom_Loitering_1_20260608T004500.jpg,vehicle_prompts,done,2026-06-09T14:42:48.662790+00:00,,2.81,2.81,0,nvidia/cosmos-reason2-8b,0.0
vlm_runs/2026-06-08,LP_Parking_and_Restroom_Loitering_1_20260608T000000.jpg,minio,,vlm_runs/2026-06-08/LP_Parking_and_Restroom_Loitering_1/LP_Parking_and_Restroom_Loitering_1_20260608T000000.jpg,vehicle_prompts,done,2026-06-09T14:42:48.661666+00:00,,2.914,2.914,0,nvidia/cosmos-reason2-8b,0.0
vlm_runs/2026-06-08,LP_Parking_and_Restroom_Loitering_1_20260608T013000.jpg,minio,,vlm_runs/2026-06-08/LP_Parking_and_Restroom_Loitering_1/LP_Parking_and_Restroom_Loitering_1_20260608T013000.jpg,vehicle_prompts,done,2026-06-09T14:42:48.663855+00:00,,2.971,2.971,0,nvidia/cosmos-reason2-8b,"<0.0> 
1. Not visible
2. Not visible
3. Not visible
4. Not visible
5. Not visible
6. Not visible
7. Not visible
8. Not visible
9. Not visible
10. Not visible
11. Not visible
12. Not visible
13. Not visible
14. Not visible"
vlm_runs/2026-06-08,LP_Parking_and_Restroom_Loitering_1_20260608T010000.jpg,minio,,vlm_runs/2026-06-08/LP_Parking_and_Restroom_Loitering_1/LP_Parking_and_Restroom_Loitering_1_20260608T010000.jpg,vehicle_prompts,done,2026-06-09T14:42:48.662921+00:00,,3.007,3.007,0,nvidia/cosmos-reason2-8b,"<0.0> 
1. Not visible
2. Not visible
3. Not visible
4. Not visible
5. Not visible
6. Not visible
7. Not visible
8. Not visible
9. Not visible
10. Not visible
11. Not visible
12. Not visible
13. Not visible
14. Not visible"
vlm_runs/2026-06-08,LP_Parking_and_Restroom_Loitering_1_20260608T011500.jpg,minio,,vlm_runs/2026-06-08/LP_Parking_and_Restroom_Loitering_1/LP_Parking_and_Restroom_Loitering_1_20260608T011500.jpg,vehicle_prompts,done,2026-06-09T14:42:48.663364+00:00,,3.041,3.041,0,nvidia/cosmos-reason2-8b,0.0 s
vlm_runs/2026-06-08,LP_Parking_and_Restroom_Loitering_1_20260608T001500.jpg,minio,,vlm_runs/2026-06-08/LP_Parking_and_Restroom_Loitering_1/LP_Parking_and_Restroom_Loitering_1_20260608T001500.jpg,vehicle_prompts,done,2026-06-09T14:42:48.661784+00:00,,3.127,3.127,0,nvidia/cosmos-reason2-8b,0.0 Not visible
vlm_runs/2026-06-08,LP_Parking_and_Restroom_Loitering_1_20260608T014500.jpg,minio,,vlm_runs/2026-06-08/LP_Parking_and_Restroom_Loitering_1/LP_Parking_and_Restroom_Loitering_1_20260608T014500.jpg,vehicle_prompts,done,2026-06-09T14:42:48.665110+00:00,,3.163,3.163,0,nvidia/cosmos-reason2-8b,"<0.0> 
1. Not visible
2. Not visible
3. Not visible
4. Not visible
5. Not visible
6. Not visible
7. Not visible
8. Not visible
9. Not visible
10. Not visible
11. Not visible
12. Not visible
13. Not visible
14. Not visible"
vlm_runs/2026-06-08,LP_Parking_and_Restroom_Loitering_1_20260608T003000.jpg,minio,,vlm_runs/2026-06-08/LP_Parking_and_Restroom_Loitering_1/LP_Parking_and_Restroom_Loitering_1_20260608T003000.jpg,vehicle_prompts,done,2026-06-09T14:42:48.661928+00:00,,3.203,3.203,0,nvidia/cosmos-reason2-8b,"<0.0> 
1. Not visible
2. Not visible
3. Not visible
4. Not visible
5. Not visible
6. Not visible
7. Not visible
8. Not visible
9. Not visible
10. Not visible
11. Not visible
12. Not visible
13. Not visible
14. Not visible"
vlm_runs/2026-06-08,LP_Parking_and_Restroom_Loitering_1_20260608T034500.jpg,minio,,vlm_runs/2026-06-08/LP_Parking_and_Restroom_Loitering_1/LP_Parking_and_Restroom_Loitering_1_20260608T034500.jpg,vehicle_prompts,done,2026-06-09T14:42:48.665752+00:00,,1.601,1.601,0,nvidia/cosmos-reason2-8b,Visible timestamps: 0.0
vlm_runs/2026-06-08,LP_Parking_and_Restroom_Loitering_1_20260608T031500.jpg,minio,,vlm_runs/2026-06-08/LP_Parking_and_Restroom_Loitering_1/LP_Parking_and_Restroom_Loitering_1_20260608T031500.jpg,vehicle_prompts,done,2026-06-09T14:42:48.665744+00:00,,1.723,1.723,0,nvidia/cosmos-reason2-8b,0.0 Not visible
vlm_runs/2026-06-08,LP_Parking_and_Restroom_Loitering_1_20260608T020000.jpg,minio,,vlm_runs/2026-06-08/LP_Parking_and_Restroom_Loitering_1/LP_Parking_and_Restroom_Loitering_1_20260608T020000.jpg,vehicle_prompts,done,2026-06-09T14:42:48.665714+00:00,,2.036,2.036,0,nvidia/cosmos-reason2-8b,0.0
vlm_runs/2026-06-08,LP_Parking_and_Restroom_Loitering_1_20260608T021500.jpg,minio,,vlm_runs/2026-06-08/LP_Parking_and_Restroom_Loitering_1/LP_Parking_and_Restroom_Loitering_1_20260608T021500.jpg,vehicle_prompts,done,2026-06-09T14:42:48.665722+00:00,,2.063,2.063,0,nvidia/cosmos-reason2-8b,0.0 Not visible
vlm_runs/2026-06-08,LP_Parking_and_Restroom_Loitering_1_20260608T030000.jpg,minio,,vlm_runs/2026-06-08/LP_Parking_and_Restroom_Loitering_1/LP_Parking_and_Restroom_Loitering_1_20260608T030000.jpg,vehicle_prompts,done,2026-06-09T14:42:48.665739+00:00,,1.938,1.938,0,nvidia/cosmos-reason2-8b,"<0.0> 
1. Not visible
2. Not visible
3. Not visible
4. Not visible
5. Not visible
6. Not visible
7. Not visible
8. Not visible
9. Not visible
10. Not visible
11. Not visible
12. Not visible
13. Not visible
14. Not visible"
vlm_runs/2026-06-08,LP_Parking_and_Restroom_Loitering_1_20260608T024500.jpg,minio,,vlm_runs/2026-06-08/LP_Parking_and_Restroom_Loitering_1/LP_Parking_and_Restroom_Loitering_1_20260608T024500.jpg,vehicle_prompts,done,2026-06-09T14:42:48.665734+00:00,,2.007,2.007,0,nvidia/cosmos-reason2-8b,"<0.0> 
1. Not visible
2. Not visible
3. Not visible
4. Not visible
5. Not visible
6. Not visible
7. Not visible
8. Not visible
9. Not visible
10. Not visible
11. Not visible
12. Not visible
13. Not visible
14. Not visible"
vlm_runs/2026-06-08,LP_Parking_and_Restroom_Loitering_1_20260608T033000.jpg,minio,,vlm_runs/2026-06-08/LP_Parking_and_Restroom_Loitering_1/LP_Parking_and_Restroom_Loitering_1_20260608T033000.jpg,vehicle_prompts,done,2026-06-09T14:42:48.665748+00:00,,1.965,1.965,0,nvidia/cosmos-reason2-8b,"<0.0> 
1. Not visible
2. Not visible
3. Not visible
4. Not visible
5. Not visible
6. Not visible
7. Not visible
8. Not visible
9. Not visible
10. Not visible
11. Not visible
12. Not visible
13. Not visible
14. Not visible"
vlm_runs/2026-06-08,LP_Parking_and_Restroom_Loitering_1_20260608T023000.jpg,minio,,vlm_runs/2026-06-08/LP_Parking_and_Restroom_Loitering_1/LP_Parking_and_Restroom_Loitering_1_20260608T023000.jpg,vehicle_prompts,done,2026-06-09T14:42:48.665728+00:00,,2.2,2.2,0,nvidia/cosmos-reason2-8b,"<0.0> 
[GENERAL VEHICLE SAFETY]
1. Not visible
2. Not visible

[COLLISIONS & NEAR MISSES]
3. Not visible
4. Not visible

[PARKING & ACCESS VIOLATIONS]
5. Not visible
6. Not visible

[SUSPICIOUS VEHICLE BEHAVIOR]
7. Not visible
8. Not visible

[VEHICLE IDENTIFICATION]
9. Not visible
10. Not visible
11. Not visible

[PEDESTRIAN & CHILD SAFETY]
12. Not visible
13. Not visible
14. Not visible"
vlm_runs/2026-06-08,LP_Parking_and_Restroom_Loitering_1_20260608T041500.jpg,minio,,vlm_runs/2026-06-08/LP_Parking_and_Restroom_Loitering_1/LP_Parking_and_Restroom_Loitering_1_20260608T041500.jpg,vehicle_prompts,done,2026-06-09T14:42:48.665760+00:00,,0.54,0.54,0,nvidia/cosmos-reason2-8b," timestamp: <0.0> 
1. Not visible
2. Not visible
3. Not visible
4. Not visible
5. Not visible
6. Not visible
7. Not visible
8. Not visible
9. Not visible
10. Not visible
11. Not visible
12. Not visible
13. Not visible
14. Not visible"
vlm_runs/2026-06-08,LP_Parking_and_Restroom_Loitering_1_20260608T051500.jpg,minio,,vlm_runs/2026-06-08/LP_Parking_and_Restroom_Loitering_1/LP_Parking_and_Restroom_Loitering_1_20260608T051500.jpg,vehicle_prompts,done,2026-06-09T14:42:48.665778+00:00,,0.477,0.477,0,nvidia/cosmos-reason2-8b,0.0
vlm_runs/2026-06-08,LP_Parking_and_Restroom_Loitering_1_20260608T060000.jpg,minio,,vlm_runs/2026-06-08/LP_Parking_and_Restroom_Loitering_1/LP_Parking_and_Restroom_Loitering_1_20260608T060000.jpg,vehicle_prompts,done,2026-06-09T14:42:48.665791+00:00,,0.732,0.732,0,nvidia/cosmos-reason2-8b,"<0.0> 
[GENERAL VEHICLE SAFETY]
1. Not visible
2. Not visible

[COLLISIONS & NEAR MISSES]
3. Not visible
4. Not visible

[PARKING & ACCESS VIOLATIONS]
5. Not visible
6. Not visible

[SUSPICIOUS VEHICLE BEHAVIOR]
7. Not visible
8. Not visible

[VEHICLE IDENTIFICATION]
9. Not visible
10. Not visible
11. Not visible

[PEDESTRIAN & CHILD SAFETY]
12. Not visible
13. Not visible
14. Not visible"
vlm_runs/2026-06-08,LP_Parking_and_Restroom_Loitering_1_20260608T044500.jpg,minio,,vlm_runs/2026-06-08/LP_Parking_and_Restroom_Loitering_1/LP_Parking_and_Restroom_Loitering_1_20260608T044500.jpg,vehicle_prompts,done,2026-06-09T14:42:48.665769+00:00,,1.268,1.268,0,nvidia/cosmos-reason2-8b,0.0
vlm_runs/2026-06-08,LP_Parking_and_Restroom_Loitering_1_20260608T043000.jpg,minio,,vlm_runs/2026-06-08/LP_Parking_and_Restroom_Loitering_1/LP_Parking_and_Restroom_Loitering_1_20260608T043000.jpg,vehicle_prompts,done,2026-06-09T14:42:48.665764+00:00,,1.557,1.557,0,nvidia/cosmos-reason2-8b,"Visible timestamps: 0.0

[GENERAL VEHICLE SAFETY]
1. Not visible
2. Not visible

[COLLISIONS & NEAR MISSES]
3. Not visible
4. Not visible

[PARKING & ACCESS VIOLATIONS]
5. Not visible
6. Not visible

[SUSPICIOUS VEHICLE BEHAVIOR]
7. Not visible
8. Not visible

[VEHICLE IDENTIFICATION]
9. Not visible
10. Not visible
11. Not visible

[PEDESTRIAN & CHILD SAFETY]
12. Not visible
13. Not visible
14. Not visible"
vlm_runs/2026-06-08,LP_Parking_and_Restroom_Loitering_1_20260608T054500.jpg,minio,,vlm_runs/2026-06-08/LP_Parking_and_Restroom_Loitering_1/LP_Parking_and_Restroom_Loitering_1_20260608T054500.jpg,vehicle_prompts,done,2026-06-09T14:42:48.665787+00:00,,1.332,1.332,0,nvidia/cosmos-reason2-8b,"<0.0> 
1. Not visible
2. Not visible
3. Not visible
4. Not visible
5. Not visible
6. Not visible
7. Not visible
8. Not visible
9. Not visible
10. Not visible
11. Not visible
12. Not visible
13. Not visible
14. Not visible"
vlm_runs/2026-06-08,LP_Parking_and_Restroom_Loitering_1_20260608T040000.jpg,minio,,vlm_runs/2026-06-08/LP_Parking_and_Restroom_Loitering_1/LP_Parking_and_Restroom_Loitering_1_20260608T040000.jpg,vehicle_prompts,done,2026-06-09T14:42:48.665756+00:00,,2.056,2.056,0,nvidia/cosmos-reason2-8b," timestamp: <0.0> 
[GENERAL VEHICLE SAFETY]
1. Not visible
2. Not visible
[COLLISIONS & NEAR MISSES]
3. Not visible
4. Not visible
[PARKING & ACCESS VIOLATIONS]
5. Not visible
6. Not visible
[SUSPICIOUS VEHICLE BEHAVIOR]
7. Not visible
8. Not visible
[VEHICLE IDENTIFICATION]
9. Not visible
10. Not visible
11. Not visible
[PEDESTRIAN & CHILD SAFETY]
12. Not visible
13. Not visible
14. Not visible"
vlm_runs/2026-06-08,LP_Parking_and_Restroom_Loitering_1_20260608T050000.jpg,minio,,vlm_runs/2026-06-08/LP_Parking_and_Restroom_Loitering_1/LP_Parking_and_Restroom_Loitering_1_20260608T050000.jpg,vehicle_prompts,done,2026-06-09T14:42:48.665773+00:00,,2.176,2.176,0,nvidia/cosmos-reason2-8b,"<0.0> 
1. Not visible
2. Not visible
3. Not visible
4. Not visible
5. Not visible
6. Not visible
7. Not visible
8. Not visible
9. Not visible
10. Not visible
11. Not visible
12. Not visible
13. Not visible
14. Not visible"
vlm_runs/2026-06-08,LP_Parking_and_Restroom_Loitering_1_20260608T061500.jpg,minio,,vlm_runs/2026-06-08/LP_Parking_and_Restroom_Loitering_1/LP_Parking_and_Restroom_Loitering_1_20260608T061500.jpg,vehicle_prompts,done,2026-06-09T14:42:48.665796+00:00,,1.7,1.7,0,nvidia/cosmos-reason2-8b,"<0.0> 
[GENERAL VEHICLE SAFETY]
1. Not visible
2. Not visible

[COLLISIONS & NEAR MISSES]
3. Not visible
4. Not visible

[PARKING & ACCESS VIOLATIONS]
5. Not visible
6. Not visible

[SUSPICIOUS VEHICLE BEHAVIOR]
7. Not visible
8. Not visible

[VEHICLE IDENTIFICATION]
9. Not visible
10. Not visible
11. Not visible

[PEDESTRIAN & CHILD SAFETY]
12. Not visible
13. Not visible
14. Not visible"
vlm_runs/2026-06-08,LP_Parking_and_Restroom_Loitering_1_20260608T071500.jpg,minio,,vlm_runs/2026-06-08/LP_Parking_and_Restroom_Loitering_1/LP_Parking_and_Restroom_Loitering_1_20260608T071500.jpg,vehicle_prompts,done,2026-06-09T14:42:48.665812+00:00,,1.039,1.039,0,nvidia/cosmos-reason2-8b,0.0 1. Not visible 2. Not visible 3. Not visible 4. Not visible 5. Not visible 6. Not visible 7. Not visible 8. Not visible 9. Not visible 10. Not visible 11. Not visible 12. Not visible 13. Not visible 14. Not visible
vlm_runs/2026-06-08,LP_Parking_and_Restroom_Loitering_1_20260608T063000.jpg,minio,,vlm_runs/2026-06-08/LP_Parking_and_Restroom_Loitering_1/LP_Parking_and_Restroom_Loitering_1_20260608T063000.jpg,vehicle_prompts,done,2026-06-09T14:42:48.665800+00:00,,1.463,1.463,0,nvidia/cosmos-reason2-8b,"<0.0> 
[GENERAL VEHICLE SAFETY]
1. Not visible
2. Not visible

[COLLISIONS & NEAR MISSES]
3. Not visible
4. Not visible

[PARKING & ACCESS VIOLATIONS]
5. Not visible
6. Not visible

[SUSPICIOUS VEHICLE BEHAVIOR]
7. Not visible
8. Not visible

[VEHICLE IDENTIFICATION]
9. Not visible
10. Not visible
11. Not visible

[PEDESTRIAN & CHILD SAFETY]
12. Not visible
13. Not visible
14. Not visible"
vlm_runs/2026-06-08,LP_Parking_and_Restroom_Loitering_1_20260608T064500.jpg,minio,,vlm_runs/2026-06-08/LP_Parking_and_Restroom_Loitering_1/LP_Parking_and_Restroom_Loitering_1_20260608T064500.jpg,vehicle_prompts,done,2026-06-09T14:42:48.665804+00:00,,1.458,1.458,0,nvidia/cosmos-reason2-8b,"<0.0> 
1. Not visible
2. Not visible
3. Not visible
4. Not visible
5. Not visible
6. Not visible
7. Not visible
8. Not visible
9. Not visible
10. Not visible
11. Not visible
12. Not visible
13. Not visible
14. Not visible"
vlm_runs/2026-06-08,LP_Parking_and_Restroom_Loitering_1_20260608T074500.jpg,minio,,vlm_runs/2026-06-08/LP_Parking_and_Restroom_Loitering_1/LP_Parking_and_Restroom_Loitering_1_20260608T074500.jpg,vehicle_prompts,done,2026-06-09T14:42:48.665826+00:00,,0.49,0.49,0,nvidia/cosmos-reason2-8b,"The image does not show any vehicles, so no analysis can be performed for the listed criteria."
vlm_runs/2026-06-08,LP_Parking_and_Restroom_Loitering_1_20260608T070000.jpg,minio,,vlm_runs/2026-06-08/LP_Parking_and_Restroom_Loitering_1/LP_Parking_and_Restroom_Loitering_1_20260608T070000.jpg,vehicle_prompts,done,2026-06-09T14:42:48.665808+00:00,,1.364,1.364,0,nvidia/cosmos-reason2-8b,Visible in the image.
vlm_runs/2026-06-08,LP_Parking_and_Restroom_Loitering_1_20260608T053000.jpg,minio,,vlm_runs/2026-06-08/LP_Parking_and_Restroom_Loitering_1/LP_Parking_and_Restroom_Loitering_1_20260608T053000.jpg,vehicle_prompts,done,2026-06-09T14:42:48.665782+00:00,,2.991,2.991,0,nvidia/cosmos-reason2-8b,"<0.0> 
1. Not visible
2. Not visible
3. Not visible
4. Not visible
5. Not visible
6. Not visible
7. Not visible
8. Not visible
9. Not visible
10. Not visible
11. Not visible
12. Not visible
13. Not visible
14. Not visible"
vlm_runs/2026-06-08,LP_Parking_and_Restroom_Loitering_1_20260608T073000.jpg,minio,,vlm_runs/2026-06-08/LP_Parking_and_Restroom_Loitering_1/LP_Parking_and_Restroom_Loitering_1_20260608T073000.jpg,vehicle_prompts,done,2026-06-09T14:42:48.665816+00:00,,1.612,1.612,0,nvidia/cosmos-reason2-8b,0.0 1. Not visible 2. Not visible 3. Not visible 4. Not visible 5. Not visible 6. Not visible 7. Not visible 8. Not visible 9. Not visible 10. Not visible 11. Not visible 12. Not visible 13. Not visible 14. Not visible
vlm_runs/2026-06-08,LP_Parking_and_Restroom_Loitering_1_20260608T080000.jpg,minio,,vlm_runs/2026-06-08/LP_Parking_and_Restroom_Loitering_1/LP_Parking_and_Restroom_Loitering_1_20260608T080000.jpg,vehicle_prompts,done,2026-06-09T14:42:48.665830+00:00,,1.255,1.255,0,nvidia/cosmos-reason2-8b,0.0
vlm_runs/2026-06-08,LP_Parking_and_Restroom_Loitering_1_20260608T084500.jpg,minio,,vlm_runs/2026-06-08/LP_Parking_and_Restroom_Loitering_1/LP_Parking_and_Restroom_Loitering_1_20260608T084500.jpg,vehicle_prompts,done,2026-06-09T14:42:48.665842+00:00,,0.918,0.918,0,nvidia/cosmos-reason2-8b,"Timestamp: <0.0> 
1. No
2. Not visible
3. No
4. Not visible
5. Not visible
6. Not visible
7. Not visible
8. Not visible
9. Not visible
10. Not visible
11. Not visible
12. Not visible
13. Not visible
14. Not visible"
vlm_runs/2026-06-08,LP_Parking_and_Restroom_Loitering_1_20260608T090000.jpg,minio,,vlm_runs/2026-06-08/LP_Parking_and_Restroom_Loitering_1/LP_Parking_and_Restroom_Loitering_1_20260608T090000.jpg,vehicle_prompts,done,2026-06-09T14:42:48.665845+00:00,,1.298,1.298,0,nvidia/cosmos-reason2-8b,"0.0

[GENERAL VEHICLE SAFETY]
1. Not visible
2. Not visible

[COLLISIONS & NEAR MISSES]
3. Not visible
4. Not visible

[PARKING & ACCESS VIOLATIONS]
5. Not visible
6. Not visible

[SUSPICIOUS VEHICLE BEHAVIOR]
7. Not visible
8. Not visible

[VEHICLE IDENTIFICATION]
9. Not visible
10. Not visible
11. Color: Dark gray, Make: Chevrolet, Model: Silverado

[PEDESTRIAN & CHILD SAFETY]
12. Not visible
13. Not visible
14. Not visible"
vlm_runs/2026-06-08,LP_Parking_and_Restroom_Loitering_1_20260608T100000.jpg,minio,,vlm_runs/2026-06-08/LP_Parking_and_Restroom_Loitering_1/LP_Parking_and_Restroom_Loitering_1_20260608T100000.jpg,vehicle_prompts,done,2026-06-09T14:42:48.665862+00:00,,0.674,0.674,0,nvidia/cosmos-reason2-8b,0.0 Not visible
vlm_runs/2026-06-08,LP_Parking_and_Restroom_Loitering_1_20260608T083000.jpg,minio,,vlm_runs/2026-06-08/LP_Parking_and_Restroom_Loitering_1/LP_Parking_and_Restroom_Loitering_1_20260608T083000.jpg,vehicle_prompts,done,2026-06-09T14:42:48.665837+00:00,,1.62,1.62,0,nvidia/cosmos-reason2-8b,"<0.0> 
[GENERAL VEHICLE SAFETY]
1. Not visible
2. Not visible

[COLLISIONS & NEAR MISSES]
3. Not visible
4. Not visible

[PARKING & ACCESS VIOLATIONS]
5. Not visible
6. Not visible

[SUSPICIOUS VEHICLE BEHAVIOR]
7. Not visible
8. Not visible

[VEHICLE IDENTIFICATION]
9. Not visible
10. Not visible
11. Not visible

[PEDESTRIAN & CHILD SAFETY]
12. Not visible
13. Not visible
14. Not visible"
vlm_runs/2026-06-08,LP_Parking_and_Restroom_Loitering_1_20260608T093000.jpg,minio,,vlm_runs/2026-06-08/LP_Parking_and_Restroom_Loitering_1/LP_Parking_and_Restroom_Loitering_1_20260608T093000.jpg,vehicle_prompts,done,2026-06-09T14:42:48.665853+00:00,,1.381,1.381,0,nvidia/cosmos-reason2-8b,0.0
vlm_runs/2026-06-08,LP_Parking_and_Restroom_Loitering_1_20260608T091500.jpg,minio,,vlm_runs/2026-06-08/LP_Parking_and_Restroom_Loitering_1/LP_Parking_and_Restroom_Loitering_1_20260608T091500.jpg,vehicle_prompts,done,2026-06-09T14:42:48.665849+00:00,,1.827,1.827,0,nvidia/cosmos-reason2-8b,0.0 Not visible
vlm_runs/2026-06-08,LP_Parking_and_Restroom_Loitering_1_20260608T101500.jpg,minio,,vlm_runs/2026-06-08/LP_Parking_and_Restroom_Loitering_1/LP_Parking_and_Restroom_Loitering_1_20260608T101500.jpg,vehicle_prompts,done,2026-06-09T14:42:48.665866+00:00,,1.051,1.051,0,nvidia/cosmos-reason2-8b,0.0 Not visible
vlm_runs/2026-06-08,LP_Parking_and_Restroom_Loitering_1_20260608T081500.jpg,minio,,vlm_runs/2026-06-08/LP_Parking_and_Restroom_Loitering_1/LP_Parking_and_Restroom_Loitering_1_20260608T081500.jpg,vehicle_prompts,done,2026-06-09T14:42:48.665833+00:00,,2.624,2.624,0,nvidia/cosmos-reason2-8b,"<0.0> 
1. Not visible
2. Not visible
3. Not visible
4. Not visible
5. Not visible
6. Not visible
7. Not visible
8. Not visible
9. Not visible
10. Not visible
11. Not visible
12. Not visible
13. Not visible
14. Not visible"
vlm_runs/2026-06-08,LP_Parking_and_Restroom_Loitering_1_20260608T110000.jpg,minio,,vlm_runs/2026-06-08/LP_Parking_and_Restroom_Loitering_1/LP_Parking_and_Restroom_Loitering_1_20260608T110000.jpg,vehicle_prompts,done,2026-06-09T14:42:48.665879+00:00,,0.991,0.991,0,nvidia/cosmos-reason2-8b,"0.0

[GENERAL VEHICLE SAFETY]
1. Not visible
2. Not visible

[COLLISIONS & NEAR MISSES]
3. Not visible
4. Not visible

[PARKING & ACCESS VIOLATIONS]
5. Not visible
6. Not visible

[SUSPICIOUS VEHICLE BEHAVIOR]
7. Not visible
8. Not visible

[VEHICLE IDENTIFICATION]
9. Not visible
10. Not visible
11. Dark gray, Chevrolet, Silverado 1500

[PEDESTRIAN & CHILD SAFETY]
12. Not visible
13. Not visible
14. Not visible"
vlm_runs/2026-06-08,LP_Parking_and_Restroom_Loitering_1_20260608T113000.jpg,minio,,vlm_runs/2026-06-08/LP_Parking_and_Restroom_Loitering_1/LP_Parking_and_Restroom_Loitering_1_20260608T113000.jpg,vehicle_prompts,done,2026-06-09T14:42:48.665886+00:00,,1.111,1.111,0,nvidia/cosmos-reason2-8b,0.0
vlm_runs/2026-06-08,LP_Parking_and_Restroom_Loitering_1_20260608T104500.jpg,minio,,vlm_runs/2026-06-08/LP_Parking_and_Restroom_Loitering_1/LP_Parking_and_Restroom_Loitering_1_20260608T104500.jpg,vehicle_prompts,done,2026-06-09T14:42:48.665874+00:00,,1.591,1.591,0,nvidia/cosmos-reason2-8b,"<0.0> 
[GENERAL VEHICLE SAFETY]
1. Not visible
2. Not visible

[COLLISIONS & NEAR MISSES]
3. Not visible
4. Not visible

[PARKING & ACCESS VIOLATIONS]
5. Not visible
6. Not visible

[SUSPICIOUS VEHICLE BEHAVIOR]
7. Not visible
8. Not visible

[VEHICLE IDENTIFICATION]
9. Not visible
10. Not visible
11. Dark gray, Chevrolet Silverado 1500
12. Not visible
13. Not visible
14. Not visible"
vlm_runs/2026-06-08,LP_Parking_and_Restroom_Loitering_1_20260608T111500.jpg,minio,,vlm_runs/2026-06-08/LP_Parking_and_Restroom_Loitering_1/LP_Parking_and_Restroom_Loitering_1_20260608T111500.jpg,vehicle_prompts,done,2026-06-09T14:42:48.665883+00:00,,1.406,1.406,0,nvidia/cosmos-reason2-8b,"<0.0> 
Not visible"
vlm_runs/2026-06-08,LP_Parking_and_Restroom_Loitering_1_20260608T094500.jpg,minio,,vlm_runs/2026-06-08/LP_Parking_and_Restroom_Loitering_1/LP_Parking_and_Restroom_Loitering_1_20260608T094500.jpg,vehicle_prompts,done,2026-06-09T14:42:48.665858+00:00,,2.453,2.453,0,nvidia/cosmos-reason2-8b,"0.0

[GENERAL VEHICLE SAFETY]
1. Not visible
2. Not visible

[COLLISIONS & NEAR MISSES]
3. Not visible
4. Not visible

[PARKING & ACCESS VIOLATIONS]
5. Not visible
6. Not visible

[SUSPICIOUS VEHICLE BEHAVIOR]
7. Not visible
8. Not visible

[VEHICLE IDENTIFICATION]
9. Not visible
10. Not visible
11. Gray, Chevrolet, Silverado

[PEDESTRIAN & CHILD SAFETY]
12. Not visible
13. Not visible
14. Not visible"
vlm_runs/2026-06-08,LP_Parking_and_Restroom_Loitering_1_20260608T120000.jpg,minio,,vlm_runs/2026-06-08/LP_Parking_and_Restroom_Loitering_1/LP_Parking_and_Restroom_Loitering_1_20260608T120000.jpg,vehicle_prompts,done,2026-06-09T14:42:48.665894+00:00,,1.052,1.052,0,nvidia/cosmos-reason2-8b,0.0
vlm_runs/2026-06-08,LP_Parking_and_Restroom_Loitering_1_20260608T103000.jpg,minio,,vlm_runs/2026-06-08/LP_Parking_and_Restroom_Loitering_1/LP_Parking_and_Restroom_Loitering_1_20260608T103000.jpg,vehicle_prompts,done,2026-06-09T14:42:48.665871+00:00,,2.295,2.295,0,nvidia/cosmos-reason2-8b,"0.0 The vehicle is parked within a designated parking space, maintaining a safe distance from other vehicles and city assets. No collisions or near misses are observed. There are no vehicles in fire lanes, emergency corridors, or no-stopping zones. The vehicle is not in a wrong-way or restricted area. No suspicious behavior or threatening maneuvers are detected. The vehicle's license plate is visible but the number is not readable. The vehicle is a black pickup truck. No pedestrians are present in the scene.
"
vlm_runs/2026-06-08,LP_Parking_and_Restroom_Loitering_1_20260608T121500.jpg,minio,,vlm_runs/2026-06-08/LP_Parking_and_Restroom_Loitering_1/LP_Parking_and_Restroom_Loitering_1_20260608T121500.jpg,vehicle_prompts,done,2026-06-09T14:42:48.665898+00:00,,1.047,1.047,0,nvidia/cosmos-reason2-8b,"0.0 The vehicle is parked within a designated parking space, maintaining a safe distance from other vehicles and obstacles. No collisions or near-misses are observed. The vehicle is not in a fire lane, emergency corridor, or no-stopping zone. There are no visible signs of suspicious behavior or interactions with pedestrians. The vehicle appears to be a dark-colored pickup truck with a visible license plate."
vlm_runs/2026-06-08,LP_Parking_and_Restroom_Loitering_1_20260608T131500.jpg,minio,,vlm_runs/2026-06-08/LP_Parking_and_Restroom_Loitering_1/LP_Parking_and_Restroom_Loitering_1_20260608T131500.jpg,vehicle_prompts,done,2026-06-09T14:42:48.665914+00:00,,0.986,0.986,0,nvidia/cosmos-reason2-8b,"0.0

[GENERAL VEHICLE SAFETY]
1. Not visible
2. Not visible

[COLLISIONS & NEAR MISSES]
3. Not visible
4. Not visible

[PARKING & ACCESS VIOLATIONS]
5. Not visible
6. Not visible

[SUSPICIOUS VEHICLE BEHAVIOR]
7. Not visible
8. Not visible

[VEHICLE IDENTIFICATION]
9. Not visible
10. Not visible
11. Make: Chevrolet; Model: Silverado; Color: Dark Green
12. Not visible
13. Not visible
14. Not visible"
vlm_runs/2026-06-08,LP_Parking_and_Restroom_Loitering_1_20260608T133000.jpg,minio,,vlm_runs/2026-06-08/LP_Parking_and_Restroom_Loitering_1/LP_Parking_and_Restroom_Loitering_1_20260608T133000.jpg,vehicle_prompts,done,2026-06-09T14:42:48.665918+00:00,,0.97,0.97,0,nvidia/cosmos-reason2-8b,0.0 1. Not visible 2. Not visible 3. Not visible 4. Not visible 5. Not visible 6. Not visible 7. Not visible 8. Not visible 9. Not visible 10. Not visible 11. Black pickup truck 12. Not visible 13. Not visible 14. Not visible
vlm_runs/2026-06-08,LP_Parking_and_Restroom_Loitering_1_20260608T124500.jpg,minio,,vlm_runs/2026-06-08/LP_Parking_and_Restroom_Loitering_1/LP_Parking_and_Restroom_Loitering_1_20260608T124500.jpg,vehicle_prompts,done,2026-06-09T14:42:48.665906+00:00,,1.509,1.509,0,nvidia/cosmos-reason2-8b,"0.0 The vehicle is parked in a designated parking space, not obstructing any lanes or emergency areas. The vehicle is stationary and there are no signs of unsafe behavior or collisions."
vlm_runs/2026-06-08,LP_Parking_and_Restroom_Loitering_1_20260608T134500.jpg,minio,,vlm_runs/2026-06-08/LP_Parking_and_Restroom_Loitering_1/LP_Parking_and_Restroom_Loitering_1_20260608T134500.jpg,vehicle_prompts,done,2026-06-09T14:42:48.665922+00:00,,1.211,1.211,0,nvidia/cosmos-reason2-8b,0.0
vlm_runs/2026-06-08,LP_Parking_and_Restroom_Loitering_1_20260608T140000.jpg,minio,,vlm_runs/2026-06-08/LP_Parking_and_Restroom_Loitering_1/LP_Parking_and_Restroom_Loitering_1_20260608T140000.jpg,vehicle_prompts,done,2026-06-09T14:42:48.665926+00:00,,1.301,1.301,0,nvidia/cosmos-reason2-8b,Not visible
vlm_runs/2026-06-08,LP_Parking_and_Restroom_Loitering_1_20260608T130000.jpg,minio,,vlm_runs/2026-06-08/LP_Parking_and_Restroom_Loitering_1/LP_Parking_and_Restroom_Loitering_1_20260608T130000.jpg,vehicle_prompts,done,2026-06-09T14:42:48.665910+00:00,,1.917,1.917,0,nvidia/cosmos-reason2-8b,"0.0

[GENERAL VEHICLE SAFETY]
1. Not visible
2. Not visible

[COLLISIONS & NEAR MISSES]
3. Not visible
4. Not visible

[PARKING & ACCESS VIOLATIONS]
5. Not visible
6. Not visible

[SUSPICIOUS VEHICLE BEHAVIOR]
7. Not visible
8. Not visible

[VEHICLE IDENTIFICATION]
9. Not visible
10. Not visible
11. Gray, Chevrolet, Silverado

[PEDESTRIAN & CHILD SAFETY]
12. Not visible
13. Not visible
14. Not visible"
vlm_runs/2026-06-08,LP_Parking_and_Restroom_Loitering_1_20260608T123000.jpg,minio,,vlm_runs/2026-06-08/LP_Parking_and_Restroom_Loitering_1/LP_Parking_and_Restroom_Loitering_1_20260608T123000.jpg,vehicle_prompts,done,2026-06-09T14:42:48.665902+00:00,,2.258,2.258,0,nvidia/cosmos-reason2-8b,"0.0

[GENERAL VEHICLE SAFETY]
1. Not visible
2. Not visible

[COLLISIONS & NEAR MISSES]
3. Not visible
4. Not visible

[PARKING & ACCESS VIOLATIONS]
5. Not visible
6. Not visible

[SUSPICIOUS VEHICLE BEHAVIOR]
7. Not visible
8. Not visible

[VEHICLE IDENTIFICATION]
9. Not visible
10. Not visible
11. Black pickup truck, likely a Chevrolet Silverado, with a visible rear license plate.
12. Not visible
13. Not visible
14. Not visible"
vlm_runs/2026-06-08,LP_Parking_and_Restroom_Loitering_1_20260608T143000.jpg,minio,,vlm_runs/2026-06-08/LP_Parking_and_Restroom_Loitering_1/LP_Parking_and_Restroom_Loitering_1_20260608T143000.jpg,vehicle_prompts,done,2026-06-09T14:42:48.665934+00:00,,0.818,0.818,0,nvidia/cosmos-reason2-8b,Visible timestamps: 0.0
vlm_runs/2026-06-08,LP_Parking_and_Restroom_Loitering_1_20260608T114500.jpg,minio,,vlm_runs/2026-06-08/LP_Parking_and_Restroom_Loitering_1/LP_Parking_and_Restroom_Loitering_1_20260608T114500.jpg,vehicle_prompts,done,2026-06-09T14:42:48.665890+00:00,,3.379,3.379,0,nvidia/cosmos-reason2-8b,0.0
vlm_runs/2026-06-08,LP_Parking_and_Restroom_Loitering_1_20260608T144500.jpg,minio,,vlm_runs/2026-06-08/LP_Parking_and_Restroom_Loitering_1/LP_Parking_and_Restroom_Loitering_1_20260608T144500.jpg,vehicle_prompts,done,2026-06-09T14:42:48.665938+00:00,,1.088,1.088,0,nvidia/cosmos-reason2-8b,"<0.0> 
[GENERAL VEHICLE SAFETY]
1. Not visible
2. Not visible

[COLLISIONS & NEAR MISSES]
3. Not visible
4. Not visible

[PARKING & ACCESS VIOLATIONS]
5. Not visible
6. Not visible

[SUSPICIOUS VEHICLE BEHAVIOR]
7. Not visible
8. Not visible

[VEHICLE IDENTIFICATION]
9. Not visible
10. Not visible
11. Not visible

[PEDESTRIAN & CHILD SAFETY]
12. Not visible
13. Not visible
14. Not visible"
vlm_runs/2026-06-08,LP_Parking_and_Restroom_Loitering_1_20260608T141500.jpg,minio,,vlm_runs/2026-06-08/LP_Parking_and_Restroom_Loitering_1/LP_Parking_and_Restroom_Loitering_1_20260608T141500.jpg,vehicle_prompts,done,2026-06-09T14:42:48.665931+00:00,,1.856,1.856,0,nvidia/cosmos-reason2-8b,"<0.0> 
[GENERAL VEHICLE SAFETY]
1. Not visible
2. Not visible

[COLLISIONS & NEAR MISSES]
3. Not visible
4. Not visible

[PARKING & ACCESS VIOLATIONS]
5. Not visible
6. Not visible

[SUSPICIOUS VEHICLE BEHAVIOR]
7. Not visible
8. Not visible

[VEHICLE IDENTIFICATION]
9. Not visible
10. Not visible
11. Not visible

[PEDESTRIAN & CHILD SAFETY]
12. Not visible
13. Not visible
14. Not visible"
vlm_runs/2026-06-08,LP_Parking_and_Restroom_Loitering_1_20260608T154500.jpg,minio,,vlm_runs/2026-06-08/LP_Parking_and_Restroom_Loitering_1/LP_Parking_and_Restroom_Loitering_1_20260608T154500.jpg,vehicle_prompts,done,2026-06-09T14:42:48.665950+00:00,,1.239,1.239,0,nvidia/cosmos-reason2-8b,"<0.0> 
[GENERAL VEHICLE SAFETY]
1. Not visible
2. Not visible

[COLLISIONS & NEAR MISSES]
3. Not visible
4. Not visible

[PARKING & ACCESS VIOLATIONS]
5. Not visible
6. Not visible

[SUSPICIOUS VEHICLE BEHAVIOR]
7. Not visible
8. Not visible

[VEHICLE IDENTIFICATION]
9. Not visible
10. Not visible
11. Not visible

[PEDESTRIAN & CHILD SAFETY]
12. Not visible
13. Not visible
14. Not visible"
vlm_runs/2026-06-08,LP_Parking_and_Restroom_Loitering_1_20260608T160000.jpg,minio,,vlm_runs/2026-06-08/LP_Parking_and_Restroom_Loitering_1/LP_Parking_and_Restroom_Loitering_1_20260608T160000.jpg,vehicle_prompts,done,2026-06-09T14:42:48.665954+00:00,,1.103,1.103,0,nvidia/cosmos-reason2-8b,"<0.0> 
1. Not visible
2. Not visible
3. Not visible
4. Not visible
5. Not visible
6. Not visible
7. Not visible
8. Not visible
9. Not visible
10. Not visible
11. Not visible
12. Not visible
13. Not visible
14. Not visible"
vlm_runs/2026-06-08,LP_Parking_and_Restroom_Loitering_1_20260608T163000.jpg,minio,,vlm_runs/2026-06-08/LP_Parking_and_Restroom_Loitering_1/LP_Parking_and_Restroom_Loitering_1_20260608T163000.jpg,vehicle_prompts,done,2026-06-09T14:42:48.665962+00:00,,1.144,1.144,0,nvidia/cosmos-reason2-8b,0.0 Not visible
vlm_runs/2026-06-08,LP_Parking_and_Restroom_Loitering_1_20260608T150000.jpg,minio,,vlm_runs/2026-06-08/LP_Parking_and_Restroom_Loitering_1/LP_Parking_and_Restroom_Loitering_1_20260608T150000.jpg,vehicle_prompts,done,2026-06-09T14:42:48.665942+00:00,,1.955,1.955,0,nvidia/cosmos-reason2-8b,0.0 Not visible
vlm_runs/2026-06-08,LP_Parking_and_Restroom_Loitering_1_20260608T161500.jpg,minio,,vlm_runs/2026-06-08/LP_Parking_and_Restroom_Loitering_1/LP_Parking_and_Restroom_Loitering_1_20260608T161500.jpg,vehicle_prompts,done,2026-06-09T14:42:48.665958+00:00,,1.506,1.506,0,nvidia/cosmos-reason2-8b,0.0
vlm_runs/2026-06-08,LP_Parking_and_Restroom_Loitering_1_20260608T153000.jpg,minio,,vlm_runs/2026-06-08/LP_Parking_and_Restroom_Loitering_1/LP_Parking_and_Restroom_Loitering_1_20260608T153000.jpg,vehicle_prompts,done,2026-06-09T14:42:48.665946+00:00,,1.881,1.881,0,nvidia/cosmos-reason2-8b,"Visible timestamps: 0.0s

[GENERAL VEHICLE SAFETY]
1. Not visible
2. Not visible

[COLLISIONS & NEAR MISSES]
3. Not visible
4. Not visible

[PARKING & ACCESS VIOLATIONS]
5. Not visible
6. Not visible

[SUSPICIOUS VEHICLE BEHAVIOR]
7. Not visible
8. Not visible

[VEHICLE IDENTIFICATION]
9. Not visible
10. Not visible
11. Not visible

[PEDESTRIAN & CHILD SAFETY]
12. Not visible
13. Not visible
14. Not visible"
vlm_runs/2026-06-08,LP_Parking_and_Restroom_Loitering_1_20260608T164500.jpg,minio,,vlm_runs/2026-06-08/LP_Parking_and_Restroom_Loitering_1/LP_Parking_and_Restroom_Loitering_1_20260608T164500.jpg,vehicle_prompts,done,2026-06-09T14:42:48.665966+00:00,,1.515,1.515,0,nvidia/cosmos-reason2-8b,0.0
vlm_runs/2026-06-08,LP_Parking_and_Restroom_Loitering_1_20260608T170000.jpg,minio,,vlm_runs/2026-06-08/LP_Parking_and_Restroom_Loitering_1/LP_Parking_and_Restroom_Loitering_1_20260608T170000.jpg,vehicle_prompts,done,2026-06-09T14:42:48.665970+00:00,,1.28,1.28,0,nvidia/cosmos-reason2-8b,"<0.0> 
[GENERAL VEHICLE SAFETY]
1. Not visible
2. Not visible

[COLLISIONS & NEAR MISSES]
3. Not visible
4. Not visible

[PARKING & ACCESS VIOLATIONS]
5. Not visible
6. Not visible

[SUSPICIOUS VEHICLE BEHAVIOR]
7. Not visible
8. Not visible

[VEHICLE IDENTIFICATION]
9. Not visible
10. Not visible
11. Not visible
12. Not visible
13. Not visible
14. Not visible"
vlm_runs/2026-06-08,LP_Parking_and_Restroom_Loitering_1_20260608T171500.jpg,minio,,vlm_runs/2026-06-08/LP_Parking_and_Restroom_Loitering_1/LP_Parking_and_Restroom_Loitering_1_20260608T171500.jpg,vehicle_prompts,done,2026-06-09T14:42:48.665974+00:00,,1.319,1.319,0,nvidia/cosmos-reason2-8b,"0.0

[GENERAL VEHICLE SAFETY]
1. Not visible
2. Not visible

[COLLISIONS & NEAR MISSES]
3. Not visible
4. Not visible

[PARKING & ACCESS VIOLATIONS]
5. Not visible
6. Not visible

[SUSPICIOUS VEHICLE BEHAVIOR]
7. Not visible
8. Not visible

[VEHICLE IDENTIFICATION]
9. Not visible
10. Not visible
11. Not visible
12. Not visible
13. Not visible
14. Not visible"
vlm_runs/2026-06-08,LP_Parking_and_Restroom_Loitering_1_20260608T180000.jpg,minio,,vlm_runs/2026-06-08/LP_Parking_and_Restroom_Loitering_1/LP_Parking_and_Restroom_Loitering_1_20260608T180000.jpg,vehicle_prompts,done,2026-06-09T14:42:48.665985+00:00,,1.094,1.094,0,nvidia/cosmos-reason2-8b,"<0.0>

[GENERAL VEHICLE SAFETY]
1. Not visible
2. Not visible

[COLLISIONS & NEAR MISSES]
3. Not visible
4. Not visible

[PARKING & ACCESS VIOLATIONS]
5. Not visible
6. Not visible

[SUSPICIOUS VEHICLE BEHAVIOR]
7. Not visible
8. Not visible

[VEHICLE IDENTIFICATION]
9. Not visible
10. Not visible
11. Not visible
12. Not visible
13. Not visible
14. Not visible"
vlm_runs/2026-06-08,LP_Parking_and_Restroom_Loitering_1_20260608T190000.jpg,minio,,vlm_runs/2026-06-08/LP_Parking_and_Restroom_Loitering_1/LP_Parking_and_Restroom_Loitering_1_20260608T190000.jpg,vehicle_prompts,done,2026-06-09T14:42:48.666001+00:00,,0.911,0.911,0,nvidia/cosmos-reason2-8b,"<0.0> 
[GENERAL VEHICLE SAFETY]
1. Yes
2. No

[COLLISIONS & NEAR MISSES]
3. No
4. No

[PARKING & ACCESS VIOLATIONS]
5. No
6. No

[SUSPICIOUS VEHICLE BEHAVIOR]
7. No
8. No

[VEHICLE IDENTIFICATION]
9. No
10. Not visible
11. White, compact SUV

[PEDESTRIAN & CHILD SAFETY]
12. No
13. No
14. No"
vlm_runs/2026-06-08,LP_Parking_and_Restroom_Loitering_1_20260608T174500.jpg,minio,,vlm_runs/2026-06-08/LP_Parking_and_Restroom_Loitering_1/LP_Parking_and_Restroom_Loitering_1_20260608T174500.jpg,vehicle_prompts,done,2026-06-09T14:42:48.665982+00:00,,1.832,1.832,0,nvidia/cosmos-reason2-8b,"<0.0>

[GENERAL VEHICLE SAFETY]
1. Not visible
2. Not visible

[COLLISIONS & NEAR MISSES]
3. Not visible
4. Not visible

[PARKING & ACCESS VIOLATIONS]
5. Not visible
6. Not visible

[SUSPICIOUS VEHICLE BEHAVIOR]
7. Not visible
8. Not visible

[VEHICLE IDENTIFICATION]
9. Not visible
10. Not visible
11. Not visible
12. Not visible
13. Not visible
14. Not visible"
vlm_runs/2026-06-08,LP_Parking_and_Restroom_Loitering_1_20260608T191500.jpg,minio,,vlm_runs/2026-06-08/LP_Parking_and_Restroom_Loitering_1/LP_Parking_and_Restroom_Loitering_1_20260608T191500.jpg,vehicle_prompts,done,2026-06-09T14:42:48.666005+00:00,,0.818,0.818,0,nvidia/cosmos-reason2-8b,"0.0 The white car is parked in a designated parking space, and there are no visible signs of unsafe speed, collisions, or parking violations."
vlm_runs/2026-06-08,LP_Parking_and_Restroom_Loitering_1_20260608T183000.jpg,minio,,vlm_runs/2026-06-08/LP_Parking_and_Restroom_Loitering_1/LP_Parking_and_Restroom_Loitering_1_20260608T183000.jpg,vehicle_prompts,done,2026-06-09T14:42:48.665993+00:00,,2.086,2.086,0,nvidia/cosmos-reason2-8b,"0.0s

[GENERAL VEHICLE SAFETY]
1. Not visible
2. Not visible

[COLLISIONS & NEAR MISSES]
3. Not visible
4. Not visible

[PARKING & ACCESS VIOLATIONS]
5. Not visible
6. Not visible

[SUSPICIOUS VEHICLE BEHAVIOR]
7. Not visible
8. Not visible

[VEHICLE IDENTIFICATION]
9. Not visible
10. Not visible
11. White sedan with black trim, compact size, and modern design; white SUV with black trim, larger size, and boxy shape
12. Not visible

[PEDESTRIAN & CHILD SAFETY]
13. Not visible
14. Not visible"
vlm_runs/2026-06-08,LP_Parking_and_Restroom_Loitering_1_20260608T184500.jpg,minio,,vlm_runs/2026-06-08/LP_Parking_and_Restroom_Loitering_1/LP_Parking_and_Restroom_Loitering_1_20260608T184500.jpg,vehicle_prompts,done,2026-06-09T14:42:48.665997+00:00,,1.821,1.821,0,nvidia/cosmos-reason2-8b,"0.0

[GENERAL VEHICLE SAFETY]
1. Not visible
2. Not visible

[COLLISIONS & NEAR MISSES]
3. Not visible
4. Not visible

[PARKING & ACCESS VIOLATIONS]
5. Not visible
6. Not visible

[SUSPICIOUS VEHICLE BEHAVIOR]
7. Not visible
8. Not visible

[VEHICLE IDENTIFICATION]
9. Not visible
10. Not visible
11. White, compact SUV with a sleek design and black wheels.
12. Not visible

[PEDESTRIAN & CHILD SAFETY]
13. Not visible
14. Not visible"
vlm_runs/2026-06-08,LP_Parking_and_Restroom_Loitering_1_20260608T193000.jpg,minio,,vlm_runs/2026-06-08/LP_Parking_and_Restroom_Loitering_1/LP_Parking_and_Restroom_Loitering_1_20260608T193000.jpg,vehicle_prompts,done,2026-06-09T14:42:48.666009+00:00,,1.176,1.176,0,nvidia/cosmos-reason2-8b,"0.0

[GENERAL VEHICLE SAFETY]
1. Not visible
2. Not visible

[COLLISIONS & NEAR MISSES]
3. Not visible
4. Not visible

[PARKING & ACCESS VIOLATIONS]
5. Not visible
6. Not visible

[SUSPICIOUS VEHICLE BEHAVIOR]
7. Not visible
8. Not visible

[VEHICLE IDENTIFICATION]
9. Not visible
10. Not visible
11. White, compact SUV
12. Not visible
13. Not visible
14. Not visible"
vlm_runs/2026-06-08,LP_Parking_and_Restroom_Loitering_1_20260608T181500.jpg,minio,,vlm_runs/2026-06-08/LP_Parking_and_Restroom_Loitering_1/LP_Parking_and_Restroom_Loitering_1_20260608T181500.jpg,vehicle_prompts,done,2026-06-09T14:42:48.665989+00:00,,2.29,2.29,0,nvidia/cosmos-reason2-8b,"0.0 1. Not visible 2. Not visible 3. Not visible 4. Not visible 5. Not visible 6. Not visible 7. Not visible 8. Not visible 9. Not visible 10. Not visible 11. White, compact hatchback with black trim and silver wheels 12. Not visible 13. Not visible 14. Not visible"
vlm_runs/2026-06-08,LP_Parking_and_Restroom_Loitering_1_20260608T201500.jpg,minio,,vlm_runs/2026-06-08/LP_Parking_and_Restroom_Loitering_1/LP_Parking_and_Restroom_Loitering_1_20260608T201500.jpg,vehicle_prompts,done,2026-06-09T14:42:48.666022+00:00,,0.752,0.752,0,nvidia/cosmos-reason2-8b,0.0
vlm_runs/2026-06-08,LP_Parking_and_Restroom_Loitering_1_20260608T200000.jpg,minio,,vlm_runs/2026-06-08/LP_Parking_and_Restroom_Loitering_1/LP_Parking_and_Restroom_Loitering_1_20260608T200000.jpg,vehicle_prompts,done,2026-06-09T14:42:48.666016+00:00,,0.939,0.939,0,nvidia/cosmos-reason2-8b,"<answer>  
1. Not visible  
2. Not visible  
3. Not visible  
4. Not visible  
5. Not visible  
6. Not visible  
7. Not visible  
8. Not visible  
9. Not visible  
10. Not visible  
11. Not visible  
12. Not visible  
13. Not visible  
14. Not visible  
</answer>"
vlm_runs/2026-06-08,LP_Parking_and_Restroom_Loitering_1_20260608T173000.jpg,minio,,vlm_runs/2026-06-08/LP_Parking_and_Restroom_Loitering_1/LP_Parking_and_Restroom_Loitering_1_20260608T173000.jpg,vehicle_prompts,done,2026-06-09T14:42:48.665978+00:00,,3.081,3.081,0,nvidia/cosmos-reason2-8b,"0.0

[GENERAL VEHICLE SAFETY]
1. Not visible
2. Not visible

[COLLISIONS & NEAR MISSES]
3. Not visible
4. Not visible

[PARKING & ACCESS VIOLATIONS]
5. Not visible
6. Not visible

[SUSPICIOUS VEHICLE BEHAVIOR]
7. Not visible
8. Not visible

[VEHICLE IDENTIFICATION]
9. Not visible
10. Not visible
11. Not visible
12. Not visible
13. Not visible
14. Not visible"
vlm_runs/2026-06-08,LP_Parking_and_Restroom_Loitering_1_20260608T203000.jpg,minio,,vlm_runs/2026-06-08/LP_Parking_and_Restroom_Loitering_1/LP_Parking_and_Restroom_Loitering_1_20260608T203000.jpg,vehicle_prompts,done,2026-06-09T14:42:48.666026+00:00,,0.753,0.753,0,nvidia/cosmos-reason2-8b,"Visible Timestamp: 0.0

1. Not visible
2. Not visible
3. Not visible
4. Not visible
5. Not visible
6. Not visible
7. Not visible
8. Not visible
9. Not visible
10. Not visible
11. Not visible
12. Not visible
13. Not visible
14. Not visible"
vlm_runs/2026-06-08,LP_Parking_and_Restroom_Loitering_1_20260608T194500.jpg,minio,,vlm_runs/2026-06-08/LP_Parking_and_Restroom_Loitering_1/LP_Parking_and_Restroom_Loitering_1_20260608T194500.jpg,vehicle_prompts,done,2026-06-09T14:42:48.666013+00:00,,1.819,1.819,0,nvidia/cosmos-reason2-8b,"<0.0> 
1. Not visible
2. Not visible
3. Not visible
4. Not visible
5. Not visible
6. Not visible
7. Not visible
8. Not visible
9. Not visible
10. Not visible
11. Not visible
12. Not visible
13. Not visible
14. Not visible"
vlm_runs/2026-06-08,LP_Parking_and_Restroom_Loitering_1_20260608T214500.jpg,minio,,vlm_runs/2026-06-08/LP_Parking_and_Restroom_Loitering_1/LP_Parking_and_Restroom_Loitering_1_20260608T214500.jpg,vehicle_prompts,done,2026-06-09T14:42:48.666045+00:00,,0.857,0.857,0,nvidia/cosmos-reason2-8b,"<0.0> 
1. Not visible
2. Not visible
3. Not visible
4. Not visible
5. Not visible
6. Not visible
7. Not visible
8. Not visible
9. Not visible
10. Not visible
11. Not visible
12. Not visible
13. Not visible
14. Not visible"
vlm_runs/2026-06-08,LP_Parking_and_Restroom_Loitering_1_20260608T221500.jpg,minio,,vlm_runs/2026-06-08/LP_Parking_and_Restroom_Loitering_1/LP_Parking_and_Restroom_Loitering_1_20260608T221500.jpg,vehicle_prompts,done,2026-06-09T14:42:48.666053+00:00,,0.713,0.713,0,nvidia/cosmos-reason2-8b,Visible timestamps: 0.0
vlm_runs/2026-06-08,LP_Parking_and_Restroom_Loitering_1_20260608T204500.jpg,minio,,vlm_runs/2026-06-08/LP_Parking_and_Restroom_Loitering_1/LP_Parking_and_Restroom_Loitering_1_20260608T204500.jpg,vehicle_prompts,done,2026-06-09T14:42:48.666029+00:00,,1.76,1.76,0,nvidia/cosmos-reason2-8b,"<0.0> 
GENERAL VEHICLE SAFETY
1. Not visible
2. Not visible

COLLISIONS & NEAR MISSES
3. Not visible
4. 0

PARKING & ACCESS VIOLATIONS
5. Not visible
6. Not visible

SUSPICIOUS VEHICLE BEHAVIOR
7. Not visible
8. Not visible

VEHICLE IDENTIFICATION
9. Not visible
10. Not visible
11. Not visible

PEDESTRIAN & CHILD SAFETY
12. 0
13. 0
14. 0"
vlm_runs/2026-06-08,LP_Parking_and_Restroom_Loitering_1_20260608T210000.jpg,minio,,vlm_runs/2026-06-08/LP_Parking_and_Restroom_Loitering_1/LP_Parking_and_Restroom_Loitering_1_20260608T210000.jpg,vehicle_prompts,done,2026-06-09T14:42:48.666033+00:00,,1.747,1.747,0,nvidia/cosmos-reason2-8b,"<0.0> 
1. Not visible
2. Not visible
3. Not visible
4. Not visible
5. Not visible
6. Not visible
7. Not visible
8. Not visible
9. Not visible
10. Not visible
11. Not visible
12. Not visible
13. Not visible
14. Not visible"
vlm_runs/2026-06-08,LP_Parking_and_Restroom_Loitering_1_20260608T230000.jpg,minio,,vlm_runs/2026-06-08/LP_Parking_and_Restroom_Loitering_1/LP_Parking_and_Restroom_Loitering_1_20260608T230000.jpg,vehicle_prompts,done,2026-06-09T14:42:48.666065+00:00,,0.701,0.701,0,nvidia/cosmos-reason2-8b,Visible timestamps: 0.0
vlm_runs/2026-06-08,LP_Parking_and_Restroom_Loitering_1_20260608T233000.jpg,minio,,vlm_runs/2026-06-08/LP_Parking_and_Restroom_Loitering_1/LP_Parking_and_Restroom_Loitering_1_20260608T233000.jpg,vehicle_prompts,done,2026-06-09T14:42:48.666073+00:00,,0.577,0.577,0,nvidia/cosmos-reason2-8b,0.0
vlm_runs/2026-06-08,LP_Parking_and_Restroom_Loitering_1_20260608T220000.jpg,minio,,vlm_runs/2026-06-08/LP_Parking_and_Restroom_Loitering_1/LP_Parking_and_Restroom_Loitering_1_20260608T220000.jpg,vehicle_prompts,done,2026-06-09T14:42:48.666049+00:00,,2.03,2.03,0,nvidia/cosmos-reason2-8b,"<0.0> 
1. Not visible
2. Not visible
3. Not visible
4. Not visible
5. Not visible
6. Not visible
7. Not visible
8. Not visible
9. Not visible
10. Not visible
11. Not visible
12. Not visible
13. Not visible
14. Not visible"
vlm_runs/2026-06-08,LP_Parking_and_Restroom_Loitering_1_20260608T213000.jpg,minio,,vlm_runs/2026-06-08/LP_Parking_and_Restroom_Loitering_1/LP_Parking_and_Restroom_Loitering_1_20260608T213000.jpg,vehicle_prompts,done,2026-06-09T14:42:48.666042+00:00,,2.274,2.274,0,nvidia/cosmos-reason2-8b," timestamp: <0.0> 
[GENERAL VEHICLE SAFETY]
1. Not visible
2. Not visible

[COLLISIONS & NEAR MISSES]
3. Not visible
4. Not visible

[PARKING & ACCESS VIOLATIONS]
5. Not visible
6. Not visible

[SUSPICIOUS VEHICLE BEHAVIOR]
7. Not visible
8. Not visible

[VEHICLE IDENTIFICATION]
9. Not visible
10. Not visible
11. Not visible

[PEDESTRIAN & CHILD SAFETY]
12. Not visible
13. Not visible
14. Not visible"
vlm_runs/2026-06-08,LP_Parking_and_Restroom_Loitering_1_20260608T223000.jpg,minio,,vlm_runs/2026-06-08/LP_Parking_and_Restroom_Loitering_1/LP_Parking_and_Restroom_Loitering_1_20260608T223000.jpg,vehicle_prompts,done,2026-06-09T14:42:48.666057+00:00,,1.723,1.723,0,nvidia/cosmos-reason2-8b,0.0
vlm_runs/2026-06-08,LP_Parking_and_Restroom_Loitering_1_20260608T234500.jpg,minio,,vlm_runs/2026-06-08/LP_Parking_and_Restroom_Loitering_1/LP_Parking_and_Restroom_Loitering_1_20260608T234500.jpg,vehicle_prompts,done,2026-06-09T14:42:48.666077+00:00,,0.725,0.725,0,nvidia/cosmos-reason2-8b,0.0
vlm_runs/2026-06-08,LP_Parking_and_Restroom_Loitering_1_20260608T224500.jpg,minio,,vlm_runs/2026-06-08/LP_Parking_and_Restroom_Loitering_1/LP_Parking_and_Restroom_Loitering_1_20260608T224500.jpg,vehicle_prompts,done,2026-06-09T14:42:48.666061+00:00,,1.856,1.856,0,nvidia/cosmos-reason2-8b,"<0.0> 
[GENERAL VEHICLE SAFETY]
1. Not visible
2. Not visible

[COLLISIONS & NEAR MISSES]
3. Not visible
4. Not visible

[PARKING & ACCESS VIOLATIONS]
5. Not visible
6. Not visible

[SUSPICIOUS VEHICLE BEHAVIOR]
7. Not visible
8. Not visible

[VEHICLE IDENTIFICATION]
9. Not visible
10. Not visible
11. Not visible

[PEDESTRIAN & CHILD SAFETY]
12. Not visible
13. Not visible
14. Not visible"
vlm_runs/2026-06-08,LP_Parking_and_Restroom_Loitering_1_20260608T211500.jpg,minio,,vlm_runs/2026-06-08/LP_Parking_and_Restroom_Loitering_1/LP_Parking_and_Restroom_Loitering_1_20260608T211500.jpg,vehicle_prompts,done,2026-06-09T14:42:48.666038+00:00,,3.26,3.26,0,nvidia/cosmos-reason2-8b,"<0.0> 
1. Not visible
2. Not visible
3. Not visible
4. Not visible
5. Not visible
6. Not visible
7. Not visible
8. Not visible
9. Not visible
10. Not visible
11. Not visible
12. Not visible
13. Not visible
14. Not visible"
vlm_runs/2026-06-08,LP_Parking_and_Restroom_Loitering_1_20260608T231500.jpg,minio,,vlm_runs/2026-06-08/LP_Parking_and_Restroom_Loitering_1/LP_Parking_and_Restroom_Loitering_1_20260608T231500.jpg,vehicle_prompts,done,2026-06-09T14:42:48.666069+00:00,,1.97,1.97,0,nvidia/cosmos-reason2-8b,"<0.0> 
1. Not visible
2. Not visible
3. Not visible
4. Not visible
5. Not visible
6. Not visible
7. Not visible
8. Not visible
9. Not visible
10. Not visible
11. Not visible
12. Not visible
13. Not visible
14. Not visible"
vlm_runs/2026-06-08,LP_Parking_and_Restroom_Loitering_2_20260608T003000.jpg,minio,,vlm_runs/2026-06-08/LP_Parking_and_Restroom_Loitering_2/LP_Parking_and_Restroom_Loitering_2_20260608T003000.jpg,vehicle_prompts,done,2026-06-09T14:43:58.854090+00:00,,2.836,2.836,0,nvidia/cosmos-reason2-8b,0.0
vlm_runs/2026-06-08,LP_Parking_and_Restroom_Loitering_2_20260608T004500.jpg,minio,,vlm_runs/2026-06-08/LP_Parking_and_Restroom_Loitering_2/LP_Parking_and_Restroom_Loitering_2_20260608T004500.jpg,vehicle_prompts,done,2026-06-09T14:43:58.854292+00:00,,2.992,2.992,0,nvidia/cosmos-reason2-8b,"The image does not show any vehicles, so no analysis can be performed for the listed categories."
vlm_runs/2026-06-08,LP_Parking_and_Restroom_Loitering_2_20260608T014500.jpg,minio,,vlm_runs/2026-06-08/LP_Parking_and_Restroom_Loitering_2/LP_Parking_and_Restroom_Loitering_2_20260608T014500.jpg,vehicle_prompts,done,2026-06-09T14:43:58.859034+00:00,,3.058,3.058,0,nvidia/cosmos-reason2-8b,"<0.0> 
1. Not visible
2. Not visible
3. Not visible
4. Not visible
5. Not visible
6. Not visible
7. Not visible
8. Not visible
9. Not visible
10. Not visible
11. Not visible
12. Not visible
13. Not visible
14. Not visible"
vlm_runs/2026-06-08,LP_Parking_and_Restroom_Loitering_2_20260608T013000.jpg,minio,,vlm_runs/2026-06-08/LP_Parking_and_Restroom_Loitering_2/LP_Parking_and_Restroom_Loitering_2_20260608T013000.jpg,vehicle_prompts,done,2026-06-09T14:43:58.856556+00:00,,3.087,3.087,0,nvidia/cosmos-reason2-8b,"The image does not show any vehicles, so no analysis can be performed for the listed categories."
vlm_runs/2026-06-08,LP_Parking_and_Restroom_Loitering_2_20260608T000000.jpg,minio,,vlm_runs/2026-06-08/LP_Parking_and_Restroom_Loitering_2/LP_Parking_and_Restroom_Loitering_2_20260608T000000.jpg,vehicle_prompts,done,2026-06-09T14:43:58.853344+00:00,,3.088,3.088,0,nvidia/cosmos-reason2-8b,"<0.0> 
1. Not visible
2. Not visible
3. Not visible
4. Not visible
5. Not visible
6. Not visible
7. Not visible
8. Not visible
9. Not visible
10. Not visible
11. Not visible
12. Not visible
13. Not visible
14. Not visible"
vlm_runs/2026-06-08,LP_Parking_and_Restroom_Loitering_2_20260608T011500.jpg,minio,,vlm_runs/2026-06-08/LP_Parking_and_Restroom_Loitering_2/LP_Parking_and_Restroom_Loitering_2_20260608T011500.jpg,vehicle_prompts,done,2026-06-09T14:43:58.856352+00:00,,3.246,3.246,0,nvidia/cosmos-reason2-8b," timestamp: <0.0> 
1. Not visible
2. Not visible
3. Not visible
4. Not visible
5. Not visible
6. Not visible
7. Not visible
8. Not visible
9. Not visible
10. Not visible
11. Not visible
12. Not visible
13. Not visible
14. Not visible"
vlm_runs/2026-06-08,LP_Parking_and_Restroom_Loitering_2_20260608T001500.jpg,minio,,vlm_runs/2026-06-08/LP_Parking_and_Restroom_Loitering_2/LP_Parking_and_Restroom_Loitering_2_20260608T001500.jpg,vehicle_prompts,done,2026-06-09T14:43:58.853461+00:00,,3.322,3.322,0,nvidia/cosmos-reason2-8b,"<0.0> 
[GENERAL VEHICLE SAFETY]
1. Not visible
2. Not visible

[COLLISIONS & NEAR MISSES]
3. Not visible
4. Not visible

[PARKING & ACCESS VIOLATIONS]
5. Not visible
6. Not visible

[SUSPICIOUS VEHICLE BEHAVIOR]
7. Not visible
8. Not visible

[VEHICLE IDENTIFICATION]
9. Not visible
10. Not visible
11. Not visible

[PEDESTRIAN & CHILD SAFETY]
12. Not visible
13. Not visible
14. Not visible"
vlm_runs/2026-06-08,LP_Parking_and_Restroom_Loitering_2_20260608T010000.jpg,minio,,vlm_runs/2026-06-08/LP_Parking_and_Restroom_Loitering_2/LP_Parking_and_Restroom_Loitering_2_20260608T010000.jpg,vehicle_prompts,done,2026-06-09T14:43:58.855542+00:00,,3.325,3.325,0,nvidia/cosmos-reason2-8b,"Visible timestamps: 0.0s

[GENERAL VEHICLE SAFETY]
1. Not visible

[COLLISIONS & NEAR MISSES]
3. Not visible

[PARKING & ACCESS VIOLATIONS]
5. Not visible

[SUSPICIOUS VEHICLE BEHAVIOR]
7. Not visible

[VEHICLE IDENTIFICATION]
9. Not visible

[PEDESTRIAN & CHILD SAFETY]
12. Not visible"
vlm_runs/2026-06-08,LP_Parking_and_Restroom_Loitering_2_20260608T020000.jpg,minio,,vlm_runs/2026-06-08/LP_Parking_and_Restroom_Loitering_2/LP_Parking_and_Restroom_Loitering_2_20260608T020000.jpg,vehicle_prompts,done,2026-06-09T14:43:58.859352+00:00,,0.528,0.528,0,nvidia/cosmos-reason2-8b,"<0.0> 
1. Not visible
2. Not visible
3. Not visible
4. Not visible
5. Not visible
6. Not visible
7. Not visible
8. Not visible
9. Not visible
10. Not visible
11. Not visible
12. Not visible
13. Not visible
14. Not visible"
vlm_runs/2026-06-08,LP_Parking_and_Restroom_Loitering_2_20260608T023000.jpg,minio,,vlm_runs/2026-06-08/LP_Parking_and_Restroom_Loitering_2/LP_Parking_and_Restroom_Loitering_2_20260608T023000.jpg,vehicle_prompts,done,2026-06-09T14:43:58.859366+00:00,,0.81,0.81,0,nvidia/cosmos-reason2-8b,"<0.0> 
[GENERAL VEHICLE SAFETY]
1. Not visible
2. Not visible

[COLLISIONS & NEAR MISSES]
3. Not visible
4. Not visible

[PARKING & ACCESS VIOLATIONS]
5. Not visible
6. Not visible

[SUSPICIOUS VEHICLE BEHAVIOR]
7. Not visible
8. Not visible

[VEHICLE IDENTIFICATION]
9. Not visible
10. Not visible
11. Not visible

[PEDESTRIAN & CHILD SAFETY]
12. Not visible
13. Not visible
14. Not visible"
vlm_runs/2026-06-08,LP_Parking_and_Restroom_Loitering_2_20260608T030000.jpg,minio,,vlm_runs/2026-06-08/LP_Parking_and_Restroom_Loitering_2/LP_Parking_and_Restroom_Loitering_2_20260608T030000.jpg,vehicle_prompts,done,2026-06-09T14:43:58.859376+00:00,,0.943,0.943,0,nvidia/cosmos-reason2-8b,"Visible timestamps: 0.0s

[GENERAL VEHICLE SAFETY]
1. Not visible
2. Not visible

[COLLISIONS & NEAR MISSES]
3. Not visible
4. Not visible

[PARKING & ACCESS VIOLATIONS]
5. Not visible
6. Not visible

[SUSPICIOUS VEHICLE BEHAVIOR]
7. Not visible
8. Not visible

[VEHICLE IDENTIFICATION]
9. Not visible
10. Not visible
11. Not visible

[PEDESTRIAN & CHILD SAFETY]
12. Not visible
13. Not visible
14. Not visible"
vlm_runs/2026-06-08,LP_Parking_and_Restroom_Loitering_2_20260608T034500.jpg,minio,,vlm_runs/2026-06-08/LP_Parking_and_Restroom_Loitering_2/LP_Parking_and_Restroom_Loitering_2_20260608T034500.jpg,vehicle_prompts,done,2026-06-09T14:43:58.859390+00:00,,1.132,1.132,0,nvidia/cosmos-reason2-8b,"<0.0> 
1. Not visible
2. Not visible
3. Not visible
4. Not visible
5. Not visible
6. Not visible
7. Not visible
8. Not visible
9. Not visible
10. Not visible
11. Not visible
12. Not visible
13. Not visible
14. Not visible"
vlm_runs/2026-06-08,LP_Parking_and_Restroom_Loitering_2_20260608T040000.jpg,minio,,vlm_runs/2026-06-08/LP_Parking_and_Restroom_Loitering_2/LP_Parking_and_Restroom_Loitering_2_20260608T040000.jpg,vehicle_prompts,done,2026-06-09T14:43:58.859395+00:00,,1.105,1.105,0,nvidia/cosmos-reason2-8b,"0.0 The image does not show any vehicles, so there is no information to assess regarding speed, collisions, or parking violations."
vlm_runs/2026-06-08,LP_Parking_and_Restroom_Loitering_2_20260608T041500.jpg,minio,,vlm_runs/2026-06-08/LP_Parking_and_Restroom_Loitering_2/LP_Parking_and_Restroom_Loitering_2_20260608T041500.jpg,vehicle_prompts,done,2026-06-09T14:43:58.859400+00:00,,0.847,0.847,0,nvidia/cosmos-reason2-8b,0.0 1. Not visible 2. Not visible 3. Not visible 4. Not visible 5. Not visible 6. Not visible 7. Not visible 8. Not visible 9. Not visible 10. Not visible 11. Not visible 12. Not visible 13. Not visible 14. Not visible
vlm_runs/2026-06-08,LP_Parking_and_Restroom_Loitering_2_20260608T033000.jpg,minio,,vlm_runs/2026-06-08/LP_Parking_and_Restroom_Loitering_2/LP_Parking_and_Restroom_Loitering_2_20260608T033000.jpg,vehicle_prompts,done,2026-06-09T14:43:58.859385+00:00,,1.482,1.482,0,nvidia/cosmos-reason2-8b,"<0.0>

[GENERAL VEHICLE SAFETY]
1. Not visible
2. Not visible

[COLLISIONS & NEAR MISSES]
3. Not visible
4. Not visible

[PARKING & ACCESS VIOLATIONS]
5. Not visible
6. Not visible

[SUSPICIOUS VEHICLE BEHAVIOR]
7. Not visible
8. Not visible

[VEHICLE IDENTIFICATION]
9. Not visible
10. Not visible
11. Not visible

[PEDESTRIAN & CHILD SAFETY]
12. Not visible
13. Not visible
14. Not visible"
vlm_runs/2026-06-08,LP_Parking_and_Restroom_Loitering_2_20260608T031500.jpg,minio,,vlm_runs/2026-06-08/LP_Parking_and_Restroom_Loitering_2/LP_Parking_and_Restroom_Loitering_2_20260608T031500.jpg,vehicle_prompts,done,2026-06-09T14:43:58.859380+00:00,,1.598,1.598,0,nvidia/cosmos-reason2-8b,"<0.0> 
1. Not visible
2. Not visible
3. Not visible
4. Not visible
5. Not visible
6. Not visible
7. Not visible
8. Not visible
9. Not visible
10. Not visible
11. Not visible
12. Not visible
13. Not visible
14. Not visible"
vlm_runs/2026-06-08,LP_Parking_and_Restroom_Loitering_2_20260608T021500.jpg,minio,,vlm_runs/2026-06-08/LP_Parking_and_Restroom_Loitering_2/LP_Parking_and_Restroom_Loitering_2_20260608T021500.jpg,vehicle_prompts,done,2026-06-09T14:43:58.859361+00:00,,1.878,1.878,0,nvidia/cosmos-reason2-8b,0.0 Not visible
vlm_runs/2026-06-08,LP_Parking_and_Restroom_Loitering_2_20260608T024500.jpg,minio,,vlm_runs/2026-06-08/LP_Parking_and_Restroom_Loitering_2/LP_Parking_and_Restroom_Loitering_2_20260608T024500.jpg,vehicle_prompts,done,2026-06-09T14:43:58.859371+00:00,,2.116,2.116,0,nvidia/cosmos-reason2-8b,"<0.0> 
1. Not visible
2. Not visible
3. Not visible
4. Not visible
5. Not visible
6. Not visible
7. Not visible
8. Not visible
9. Not visible
10. Not visible
11. Not visible
12. Not visible
13. Not visible
14. Not visible"
vlm_runs/2026-06-08,LP_Parking_and_Restroom_Loitering_2_20260608T050000.jpg,minio,,vlm_runs/2026-06-08/LP_Parking_and_Restroom_Loitering_2/LP_Parking_and_Restroom_Loitering_2_20260608T050000.jpg,vehicle_prompts,done,2026-06-09T14:43:58.859413+00:00,,0.945,0.945,0,nvidia/cosmos-reason2-8b,"<0.0> 
[GENERAL VEHICLE SAFETY]
1. Not visible
2. Not visible

[COLLISIONS & NEAR MISSES]
3. Not visible
4. Not visible

[PARKING & ACCESS VIOLATIONS]
5. Not visible
6. Not visible

[SUSPICIOUS VEHICLE BEHAVIOR]
7. Not visible
8. Not visible

[VEHICLE IDENTIFICATION]
9. Not visible
10. Not visible
11. Not visible

[PEDESTRIAN & CHILD SAFETY]
12. Not visible
13. Not visible
14. Not visible"
vlm_runs/2026-06-08,LP_Parking_and_Restroom_Loitering_2_20260608T060000.jpg,minio,,vlm_runs/2026-06-08/LP_Parking_and_Restroom_Loitering_2/LP_Parking_and_Restroom_Loitering_2_20260608T060000.jpg,vehicle_prompts,done,2026-06-09T14:43:58.859429+00:00,,0.807,0.807,0,nvidia/cosmos-reason2-8b,0.0 0.0 0.0 0.0 0.0 0.0 0.0 0.0 0.0 0.0 0.0 0.0 0.0 0.0 0.0
vlm_runs/2026-06-08,LP_Parking_and_Restroom_Loitering_2_20260608T044500.jpg,minio,,vlm_runs/2026-06-08/LP_Parking_and_Restroom_Loitering_2/LP_Parking_and_Restroom_Loitering_2_20260608T044500.jpg,vehicle_prompts,done,2026-06-09T14:43:58.859409+00:00,,1.359,1.359,0,nvidia/cosmos-reason2-8b,"0.0 The image does not show any vehicles, so there is no information to assess regarding speed, collisions, or parking violations."
vlm_runs/2026-06-08,LP_Parking_and_Restroom_Loitering_2_20260608T054500.jpg,minio,,vlm_runs/2026-06-08/LP_Parking_and_Restroom_Loitering_2/LP_Parking_and_Restroom_Loitering_2_20260608T054500.jpg,vehicle_prompts,done,2026-06-09T14:43:58.859425+00:00,,1.395,1.395,0,nvidia/cosmos-reason2-8b,0.0 1. Not visible 2. Not visible 3. Not visible 4. Not visible 5. Not visible 6. Not visible 7. Not visible 8. Not visible 9. Not visible 10. Not visible 11. Not visible 12. Not visible 13. Not visible 14. Not visible
vlm_runs/2026-06-08,LP_Parking_and_Restroom_Loitering_2_20260608T043000.jpg,minio,,vlm_runs/2026-06-08/LP_Parking_and_Restroom_Loitering_2/LP_Parking_and_Restroom_Loitering_2_20260608T043000.jpg,vehicle_prompts,done,2026-06-09T14:43:58.859404+00:00,,2.282,2.282,0,nvidia/cosmos-reason2-8b,"0.0 The image shows an empty parking lot with no vehicles present, so there are no visible issues related to vehicle speed, collisions, or parking violations."
vlm_runs/2026-06-08,LP_Parking_and_Restroom_Loitering_2_20260608T053000.jpg,minio,,vlm_runs/2026-06-08/LP_Parking_and_Restroom_Loitering_2/LP_Parking_and_Restroom_Loitering_2_20260608T053000.jpg,vehicle_prompts,done,2026-06-09T14:43:58.859421+00:00,,1.572,1.572,0,nvidia/cosmos-reason2-8b,"0.0 The image does not show any vehicles, so it is not possible to assess their speed or safety. Not visible.
0.0 No collisions or near-misses are observed in the image. Not visible.
0.0 There are no vehicles present in the image to evaluate parking or access violations. Not visible.
0.0 No vehicles are visible in the image, so there are no instances of wrong-way driving or restricted area entry. Not visible.
0.0 No vehicles are present in the image, so there are no suspicious maneuvers or pursuits. Not visible.
0.0 No vehicles are visible in the image, so there are no instances of suspicious contact with parked vehicles. Not visible.
0.0 No vehicles are present in the image, so there are no vehicles with obscured or missing license plates. Not visible.
0.0 No vehicles are visible in the image, so no license plate numbers can be provided. Not visible.
0.0 No vehicles are present in the image, so no vehicle identification details can be provided. Not visible.
0.0 No individuals are visible in the image, so there are no instances of pedestrians being struck or near misses involving pedestrians. Not visible.
0.0 No individuals are visible in the image, so there are no instances of children being struck or at risk. Not visible."
vlm_runs/2026-06-08,LP_Parking_and_Restroom_Loitering_2_20260608T051500.jpg,minio,,vlm_runs/2026-06-08/LP_Parking_and_Restroom_Loitering_2/LP_Parking_and_Restroom_Loitering_2_20260608T051500.jpg,vehicle_prompts,done,2026-06-09T14:43:58.859418+00:00,,1.921,1.921,0,nvidia/cosmos-reason2-8b,"<0.0> 
[GENERAL VEHICLE SAFETY]
1. Not visible
2. Not visible

[COLLISIONS & NEAR MISSES]
3. Not visible
4. Not visible

[PARKING & ACCESS VIOLATIONS]
5. Not visible
6. Not visible

[SUSPICIOUS VEHICLE BEHAVIOR]
7. Not visible
8. Not visible

[VEHICLE IDENTIFICATION]
9. Not visible
10. Not visible
11. Not visible

[PEDESTRIAN & CHILD SAFETY]
12. Not visible
13. Not visible
14. Not visible"
vlm_runs/2026-06-08,LP_Parking_and_Restroom_Loitering_2_20260608T070000.jpg,minio,,vlm_runs/2026-06-08/LP_Parking_and_Restroom_Loitering_2/LP_Parking_and_Restroom_Loitering_2_20260608T070000.jpg,vehicle_prompts,done,2026-06-09T14:43:58.859444+00:00,,0.887,0.887,0,nvidia/cosmos-reason2-8b,0.0
vlm_runs/2026-06-08,LP_Parking_and_Restroom_Loitering_2_20260608T063000.jpg,minio,,vlm_runs/2026-06-08/LP_Parking_and_Restroom_Loitering_2/LP_Parking_and_Restroom_Loitering_2_20260608T063000.jpg,vehicle_prompts,done,2026-06-09T14:43:58.859437+00:00,,1.281,1.281,0,nvidia/cosmos-reason2-8b,"0.0 The image does not show any vehicles, so it is not possible to assess their speed or safety. Not visible"
vlm_runs/2026-06-08,LP_Parking_and_Restroom_Loitering_2_20260608T074500.jpg,minio,,vlm_runs/2026-06-08/LP_Parking_and_Restroom_Loitering_2/LP_Parking_and_Restroom_Loitering_2_20260608T074500.jpg,vehicle_prompts,done,2026-06-09T14:43:58.859456+00:00,,0.609,0.609,0,nvidia/cosmos-reason2-8b,"0.0 The image does not show any vehicles, so it is not possible to assess their speed or safety. Not visible"
vlm_runs/2026-06-08,LP_Parking_and_Restroom_Loitering_2_20260608T071500.jpg,minio,,vlm_runs/2026-06-08/LP_Parking_and_Restroom_Loitering_2/LP_Parking_and_Restroom_Loitering_2_20260608T071500.jpg,vehicle_prompts,done,2026-06-09T14:43:58.859448+00:00,,1.078,1.078,0,nvidia/cosmos-reason2-8b,"0.0 The image does not show any vehicles, so there are no visible speed-related issues or collisions."
vlm_runs/2026-06-08,LP_Parking_and_Restroom_Loitering_2_20260608T061500.jpg,minio,,vlm_runs/2026-06-08/LP_Parking_and_Restroom_Loitering_2/LP_Parking_and_Restroom_Loitering_2_20260608T061500.jpg,vehicle_prompts,done,2026-06-09T14:43:58.859433+00:00,,2.501,2.501,0,nvidia/cosmos-reason2-8b,0.0
vlm_runs/2026-06-08,LP_Parking_and_Restroom_Loitering_2_20260608T084500.jpg,minio,,vlm_runs/2026-06-08/LP_Parking_and_Restroom_Loitering_2/LP_Parking_and_Restroom_Loitering_2_20260608T084500.jpg,vehicle_prompts,done,2026-06-09T14:43:58.859474+00:00,,0.922,0.922,0,nvidia/cosmos-reason2-8b,"<0.0>

[GENERAL VEHICLE SAFETY]
1. Not visible
2. Not visible

[COLLISIONS & NEAR MISSES]
3. Not visible
4. Not visible

[PARKING & ACCESS VIOLATIONS]
5. Not visible
6. Not visible

[SUSPICIOUS VEHICLE BEHAVIOR]
7. Not visible
8. Not visible

[VEHICLE IDENTIFICATION]
9. Not visible
10. Not visible
11. Not visible
12. Not visible
13. Not visible
14. Not visible"
vlm_runs/2026-06-08,LP_Parking_and_Restroom_Loitering_2_20260608T064500.jpg,minio,,vlm_runs/2026-06-08/LP_Parking_and_Restroom_Loitering_2/LP_Parking_and_Restroom_Loitering_2_20260608T064500.jpg,vehicle_prompts,done,2026-06-09T14:43:58.859441+00:00,,2.63,2.63,0,nvidia/cosmos-reason2-8b,"0.0

[GENERAL VEHICLE SAFETY]
1. Not visible
2. Not visible

[COLLISIONS & NEAR MISSES]
3. Not visible
4. Not visible

[PARKING & ACCESS VIOLATIONS]
5. Not visible
6. Not visible

[SUSPICIOUS VEHICLE BEHAVIOR]
7. Not visible
8. Not visible

[VEHICLE IDENTIFICATION]
9. Not visible
10. Not visible
11. Not visible

[PEDESTRIAN & CHILD SAFETY]
12. Not visible
13. Not visible
14. Not visible"
vlm_runs/2026-06-08,LP_Parking_and_Restroom_Loitering_2_20260608T073000.jpg,minio,,vlm_runs/2026-06-08/LP_Parking_and_Restroom_Loitering_2/LP_Parking_and_Restroom_Loitering_2_20260608T073000.jpg,vehicle_prompts,done,2026-06-09T14:43:58.859452+00:00,,2.054,2.054,0,nvidia/cosmos-reason2-8b,"<0.0> 
1. Not visible
2. Not visible
3. Not visible
4. Not visible
5. Not visible
6. Not visible
7. Not visible
8. Not visible
9. Not visible
10. Not visible
11. Not visible
12. Not visible
13. Not visible
14. Not visible"
vlm_runs/2026-06-08,LP_Parking_and_Restroom_Loitering_2_20260608T083000.jpg,minio,,vlm_runs/2026-06-08/LP_Parking_and_Restroom_Loitering_2/LP_Parking_and_Restroom_Loitering_2_20260608T083000.jpg,vehicle_prompts,done,2026-06-09T14:43:58.859469+00:00,,1.645,1.645,0,nvidia/cosmos-reason2-8b,"0.0s

[GENERAL VEHICLE SAFETY]
1. Not visible
2. Not visible

[COLLISIONS & NEAR MISSES]
3. Not visible
4. Not visible

[PARKING & ACCESS VIOLATIONS]
5. Not visible
6. Not visible

[SUSPICIOUS VEHICLE BEHAVIOR]
7. Not visible
8. Not visible

[VEHICLE IDENTIFICATION]
9. Not visible
10. Not visible
11. White sedan

[PEDESTRIAN & CHILD SAFETY]
12. Not visible
13. Not visible
14. Not visible"
vlm_runs/2026-06-08,LP_Parking_and_Restroom_Loitering_2_20260608T081500.jpg,minio,,vlm_runs/2026-06-08/LP_Parking_and_Restroom_Loitering_2/LP_Parking_and_Restroom_Loitering_2_20260608T081500.jpg,vehicle_prompts,done,2026-06-09T14:43:58.859465+00:00,,1.834,1.834,0,nvidia/cosmos-reason2-8b,"<0.0>

[GENERAL VEHICLE SAFETY]
1. Not visible
2. Not visible

[COLLISIONS & NEAR MISSES]
3. Not visible
4. Not visible

[PARKING & ACCESS VIOLATIONS]
5. Not visible
6. Not visible

[SUSPICIOUS VEHICLE BEHAVIOR]
7. Not visible
8. Not visible

[VEHICLE IDENTIFICATION]
9. Not visible
10. Not visible
11. Not visible

[PEDESTRIAN & CHILD SAFETY]
12. Not visible
13. Not visible
14. Not visible"
vlm_runs/2026-06-08,LP_Parking_and_Restroom_Loitering_2_20260608T090000.jpg,minio,,vlm_runs/2026-06-08/LP_Parking_and_Restroom_Loitering_2/LP_Parking_and_Restroom_Loitering_2_20260608T090000.jpg,vehicle_prompts,done,2026-06-09T14:43:58.859478+00:00,,1.275,1.275,0,nvidia/cosmos-reason2-8b,"0.0 The white sedan is parked in a designated parking space, and no vehicles are visible in motion or in unsafe positions. There are no collisions, near misses, or suspicious behaviors observed in the scene."
vlm_runs/2026-06-08,LP_Parking_and_Restroom_Loitering_2_20260608T091500.jpg,minio,,vlm_runs/2026-06-08/LP_Parking_and_Restroom_Loitering_2/LP_Parking_and_Restroom_Loitering_2_20260608T091500.jpg,vehicle_prompts,done,2026-06-09T14:43:58.859481+00:00,,1.09,1.09,0,nvidia/cosmos-reason2-8b,"0.0 The white car is parked in a designated parking space, and there are no visible signs of unsafe speed or collisions. Not visible"
vlm_runs/2026-06-08,LP_Parking_and_Restroom_Loitering_2_20260608T080000.jpg,minio,,vlm_runs/2026-06-08/LP_Parking_and_Restroom_Loitering_2/LP_Parking_and_Restroom_Loitering_2_20260608T080000.jpg,vehicle_prompts,done,2026-06-09T14:43:58.859461+00:00,,2.381,2.381,0,nvidia/cosmos-reason2-8b,0.0 1. Not visible 2. Not visible 3. Not visible 4. Not visible 5. Not visible 6. Not visible 7. Not visible 8. Not visible 9. Not visible 10. Not visible 11. Not visible 12. Not visible 13. Not visible 14. Not visible
vlm_runs/2026-06-08,LP_Parking_and_Restroom_Loitering_2_20260608T100000.jpg,minio,,vlm_runs/2026-06-08/LP_Parking_and_Restroom_Loitering_2/LP_Parking_and_Restroom_Loitering_2_20260608T100000.jpg,vehicle_prompts,done,2026-06-09T14:43:58.859493+00:00,,0.755,0.755,0,nvidia/cosmos-reason2-8b,"0.0 The white car is parked in a designated parking space, and no other vehicles or pedestrians are present in the scene. There are no visible collisions, near misses, or unsafe behaviors. No vehicles are in restricted areas or making threatening maneuvers. The vehicle's license plate is not visible."
vlm_runs/2026-06-08,LP_Parking_and_Restroom_Loitering_2_20260608T094500.jpg,minio,,vlm_runs/2026-06-08/LP_Parking_and_Restroom_Loitering_2/LP_Parking_and_Restroom_Loitering_2_20260608T094500.jpg,vehicle_prompts,done,2026-06-09T14:43:58.859490+00:00,,1.363,1.363,0,nvidia/cosmos-reason2-8b,"<0.0>

[GENERAL VEHICLE SAFETY]
1. Not visible
2. Not visible

[COLLISIONS & NEAR MISSES]
3. Not visible
4. Not visible

[PARKING & ACCESS VIOLATIONS]
5. Not visible
6. Not visible

[SUSPICIOUS VEHICLE BEHAVIOR]
7. Not visible
8. Not visible

[VEHICLE IDENTIFICATION]
9. Not visible
10. Not visible
11. White sedan

[PEDESTRIAN & CHILD SAFETY]
12. Not visible
13. Not visible
14. Not visible"
vlm_runs/2026-06-08,LP_Parking_and_Restroom_Loitering_2_20260608T101500.jpg,minio,,vlm_runs/2026-06-08/LP_Parking_and_Restroom_Loitering_2/LP_Parking_and_Restroom_Loitering_2_20260608T101500.jpg,vehicle_prompts,done,2026-06-09T14:43:58.859498+00:00,,1.3,1.3,0,nvidia/cosmos-reason2-8b,0.0 1. Not visible 2. Not visible 3. Not visible 4. Not visible 5. Not visible 6. Not visible 7. Not visible 8. Not visible 9. Not visible 10. Not visible 11. Not visible 12. Not visible 13. Not visible 14. Not visible
vlm_runs/2026-06-08,LP_Parking_and_Restroom_Loitering_2_20260608T110000.jpg,minio,,vlm_runs/2026-06-08/LP_Parking_and_Restroom_Loitering_2/LP_Parking_and_Restroom_Loitering_2_20260608T110000.jpg,vehicle_prompts,done,2026-06-09T14:43:58.859510+00:00,,1.014,1.014,0,nvidia/cosmos-reason2-8b,"<0.0> 
1. Not visible
2. Not visible
3. Not visible
4. Not visible
5. Not visible
6. Not visible
7. Not visible
8. Not visible
9. Not visible
10. Not visible
11. Not visible
12. Not visible
13. Not visible
14. Not visible"
vlm_runs/2026-06-08,LP_Parking_and_Restroom_Loitering_2_20260608T104500.jpg,minio,,vlm_runs/2026-06-08/LP_Parking_and_Restroom_Loitering_2/LP_Parking_and_Restroom_Loitering_2_20260608T104500.jpg,vehicle_prompts,done,2026-06-09T14:43:58.859506+00:00,,1.475,1.475,0,nvidia/cosmos-reason2-8b,0.0
vlm_runs/2026-06-08,LP_Parking_and_Restroom_Loitering_2_20260608T103000.jpg,minio,,vlm_runs/2026-06-08/LP_Parking_and_Restroom_Loitering_2/LP_Parking_and_Restroom_Loitering_2_20260608T103000.jpg,vehicle_prompts,done,2026-06-09T14:43:58.859502+00:00,,1.68,1.68,0,nvidia/cosmos-reason2-8b,"0.0

[GENERAL VEHICLE SAFETY]
1. Not visible

[COLLISIONS & NEAR MISSES]
3. Not visible

[PARKING & ACCESS VIOLATIONS]
5. Not visible

[SUSPICIOUS VEHICLE BEHAVIOR]
7. Not visible

[VEHICLE IDENTIFICATION]
10. Not visible
11. White sedan

[PEDESTRIAN & CHILD SAFETY]
12. Not visible"
vlm_runs/2026-06-08,LP_Parking_and_Restroom_Loitering_2_20260608T093000.jpg,minio,,vlm_runs/2026-06-08/LP_Parking_and_Restroom_Loitering_2/LP_Parking_and_Restroom_Loitering_2_20260608T093000.jpg,vehicle_prompts,done,2026-06-09T14:43:58.859485+00:00,,2.611,2.611,0,nvidia/cosmos-reason2-8b,"0.0

[GENERAL VEHICLE SAFETY]
1. Not visible
2. Not visible

[COLLISIONS & NEAR MISSES]
3. Not visible
4. Not visible

[PARKING & ACCESS VIOLATIONS]
5. Not visible
6. Not visible

[SUSPICIOUS VEHICLE BEHAVIOR]
7. Not visible
8. Not visible

[VEHICLE IDENTIFICATION]
9. Not visible
10. Not visible
11. White sedan

[PEDESTRIAN & CHILD SAFETY]
12. Not visible
13. Not visible
14. Not visible"
vlm_runs/2026-06-08,LP_Parking_and_Restroom_Loitering_2_20260608T113000.jpg,minio,,vlm_runs/2026-06-08/LP_Parking_and_Restroom_Loitering_2/LP_Parking_and_Restroom_Loitering_2_20260608T113000.jpg,vehicle_prompts,done,2026-06-09T14:43:58.859518+00:00,,1.643,1.643,0,nvidia/cosmos-reason2-8b,"0.0 The white car is parked in a designated parking space, and there are no visible signs of unsafe speed or collisions. Not visible"
vlm_runs/2026-06-08,LP_Parking_and_Restroom_Loitering_2_20260608T121500.jpg,minio,,vlm_runs/2026-06-08/LP_Parking_and_Restroom_Loitering_2/LP_Parking_and_Restroom_Loitering_2_20260608T121500.jpg,vehicle_prompts,done,2026-06-09T14:43:58.859530+00:00,,1.073,1.073,0,nvidia/cosmos-reason2-8b,0.0 1. Not visible 2. Not visible 3. Not visible 4. Not visible 5. Not visible 6. Not visible 7. Not visible 8. Not visible 9. Not visible 10. Not visible 11. Not visible 12. Not visible 13. Not visible 14. Not visible
vlm_runs/2026-06-08,LP_Parking_and_Restroom_Loitering_2_20260608T111500.jpg,minio,,vlm_runs/2026-06-08/LP_Parking_and_Restroom_Loitering_2/LP_Parking_and_Restroom_Loitering_2_20260608T111500.jpg,vehicle_prompts,done,2026-06-09T14:43:58.859514+00:00,,1.932,1.932,0,nvidia/cosmos-reason2-8b,"<0.0>

[GENERAL VEHICLE SAFETY]
1. Yes
2. No

[COLLISIONS & NEAR MISSES]
3. No
4. No

[PARKING & ACCESS VIOLATIONS]
5. No
6. No

[SUSPICIOUS VEHICLE BEHAVIOR]
7. No
8. No

[VEHICLE IDENTIFICATION]
9. No
10. Not visible
11. Not visible

[PEDESTRIAN & CHILD SAFETY]
12. No
13. No
14. No"
vlm_runs/2026-06-08,LP_Parking_and_Restroom_Loitering_2_20260608T114500.jpg,minio,,vlm_runs/2026-06-08/LP_Parking_and_Restroom_Loitering_2/LP_Parking_and_Restroom_Loitering_2_20260608T114500.jpg,vehicle_prompts,done,2026-06-09T14:43:58.859522+00:00,,1.417,1.417,0,nvidia/cosmos-reason2-8b,0.0 1. Not visible 2. Not visible 3. Not visible 4. Not visible 5. Not visible 6. Not visible 7. Not visible 8. Not visible 9. Not visible 10. Not visible 11. Not visible 12. Not visible 13. Not visible 14. Not visible
vlm_runs/2026-06-08,LP_Parking_and_Restroom_Loitering_2_20260608T130000.jpg,minio,,vlm_runs/2026-06-08/LP_Parking_and_Restroom_Loitering_2/LP_Parking_and_Restroom_Loitering_2_20260608T130000.jpg,vehicle_prompts,done,2026-06-09T14:43:58.859542+00:00,,0.97,0.97,0,nvidia/cosmos-reason2-8b,"0.0 The vehicle is parked in a designated parking space, and there are no visible signs of unsafe speed or behavior. Not visible"
vlm_runs/2026-06-08,LP_Parking_and_Restroom_Loitering_2_20260608T131500.jpg,minio,,vlm_runs/2026-06-08/LP_Parking_and_Restroom_Loitering_2/LP_Parking_and_Restroom_Loitering_2_20260608T131500.jpg,vehicle_prompts,done,2026-06-09T14:43:58.859547+00:00,,0.967,0.967,0,nvidia/cosmos-reason2-8b,"<0.0>

GENERAL VEHICLE SAFETY
1. Yes
2. No

COLLISIONS & NEAR MISSES
3. No
4. No

PARKING & ACCESS VIOLATIONS
5. No
6. No

SUSPICIOUS VEHICLE BEHAVIOR
7. No
8. No

VEHICLE IDENTIFICATION
9. No
10. Not visible
11. Red pickup truck

PEDESTRIAN & CHILD SAFETY
12. No
13. No
14. No"
vlm_runs/2026-06-08,LP_Parking_and_Restroom_Loitering_2_20260608T123000.jpg,minio,,vlm_runs/2026-06-08/LP_Parking_and_Restroom_Loitering_2/LP_Parking_and_Restroom_Loitering_2_20260608T123000.jpg,vehicle_prompts,done,2026-06-09T14:43:58.859534+00:00,,1.813,1.813,0,nvidia/cosmos-reason2-8b,"0.0

[GENERAL VEHICLE SAFETY]
1. Not visible
2. Not visible

[COLLISIONS & NEAR MISSES]
3. Not visible
4. Not visible

[PARKING & ACCESS VIOLATIONS]
5. Not visible
6. Not visible

[SUSPICIOUS VEHICLE BEHAVIOR]
7. Not visible
8. Not visible

[VEHICLE IDENTIFICATION]
9. Not visible
10. Not visible
11. Not visible

[PEDESTRIAN & CHILD SAFETY]
12. Not visible
13. Not visible
14. Not visible"
vlm_runs/2026-06-08,LP_Parking_and_Restroom_Loitering_2_20260608T133000.jpg,minio,,vlm_runs/2026-06-08/LP_Parking_and_Restroom_Loitering_2/LP_Parking_and_Restroom_Loitering_2_20260608T133000.jpg,vehicle_prompts,done,2026-06-09T14:43:58.859551+00:00,,1.092,1.092,0,nvidia/cosmos-reason2-8b,0.0
vlm_runs/2026-06-08,LP_Parking_and_Restroom_Loitering_2_20260608T140000.jpg,minio,,vlm_runs/2026-06-08/LP_Parking_and_Restroom_Loitering_2/LP_Parking_and_Restroom_Loitering_2_20260608T140000.jpg,vehicle_prompts,done,2026-06-09T14:43:58.859559+00:00,,1.065,1.065,0,nvidia/cosmos-reason2-8b,"<0.0>

[GENERAL VEHICLE SAFETY]
1. Not visible
2. Not visible

[COLLISIONS & NEAR MISSES]
3. Not visible
4. Not visible

[PARKING & ACCESS VIOLATIONS]
5. Not visible
6. Not visible

[SUSPICIOUS VEHICLE BEHAVIOR]
7. Not visible
8. Not visible

[VEHICLE IDENTIFICATION]
9. Not visible
10. Not visible
11. Red pickup truck; black SUV
12. Not visible
13. Not visible
14. Not visible"
vlm_runs/2026-06-08,LP_Parking_and_Restroom_Loitering_2_20260608T120000.jpg,minio,,vlm_runs/2026-06-08/LP_Parking_and_Restroom_Loitering_2/LP_Parking_and_Restroom_Loitering_2_20260608T120000.jpg,vehicle_prompts,done,2026-06-09T14:43:58.859526+00:00,,2.715,2.715,0,nvidia/cosmos-reason2-8b,"0.0s

[GENERAL VEHICLE SAFETY]
1. Not visible
2. Not visible

[COLLISIONS & NEAR MISSES]
3. Not visible
4. Not visible

[PARKING & ACCESS VIOLATIONS]
5. Not visible
6. Not visible

[SUSPICIOUS VEHICLE BEHAVIOR]
7. Not visible
8. Not visible

[VEHICLE IDENTIFICATION]
9. Not visible
10. Not visible
11. Not visible

[PEDESTRIAN & CHILD SAFETY]
12. Not visible
13. Not visible
14. Not visible"
vlm_runs/2026-06-08,LP_Parking_and_Restroom_Loitering_2_20260608T134500.jpg,minio,,vlm_runs/2026-06-08/LP_Parking_and_Restroom_Loitering_2/LP_Parking_and_Restroom_Loitering_2_20260608T134500.jpg,vehicle_prompts,done,2026-06-09T14:43:58.859555+00:00,,1.565,1.565,0,nvidia/cosmos-reason2-8b,"0.0 The red pickup truck is parked in a designated parking space, and no other vehicles or pedestrians are present in the scene. There are no visible collisions, near misses, or suspicious behavior. The vehicle appears to be stationary and properly positioned within the parking area."
vlm_runs/2026-06-08,LP_Parking_and_Restroom_Loitering_2_20260608T124500.jpg,minio,,vlm_runs/2026-06-08/LP_Parking_and_Restroom_Loitering_2/LP_Parking_and_Restroom_Loitering_2_20260608T124500.jpg,vehicle_prompts,done,2026-06-09T14:43:58.859538+00:00,,2.396,2.396,0,nvidia/cosmos-reason2-8b,0.0 Not visible
vlm_runs/2026-06-08,LP_Parking_and_Restroom_Loitering_2_20260608T143000.jpg,minio,,vlm_runs/2026-06-08/LP_Parking_and_Restroom_Loitering_2/LP_Parking_and_Restroom_Loitering_2_20260608T143000.jpg,vehicle_prompts,done,2026-06-09T14:43:58.859567+00:00,,1.187,1.187,0,nvidia/cosmos-reason2-8b,"0.0

[GENERAL VEHICLE SAFETY]
1. Not visible

[COLLISIONS & NEAR MISSES]
3. Not visible

[PARKING & ACCESS VIOLATIONS]
5. Not visible

[SUSPICIOUS VEHICLE BEHAVIOR]
7. Not visible

[VEHICLE IDENTIFICATION]
9. Not visible

[PEDESTRIAN & CHILD SAFETY]
12. Not visible"
vlm_runs/2026-06-08,LP_Parking_and_Restroom_Loitering_2_20260608T141500.jpg,minio,,vlm_runs/2026-06-08/LP_Parking_and_Restroom_Loitering_2/LP_Parking_and_Restroom_Loitering_2_20260608T141500.jpg,vehicle_prompts,done,2026-06-09T14:43:58.859563+00:00,,1.745,1.745,0,nvidia/cosmos-reason2-8b,"<0.0>

GENERAL VEHICLE SAFETY
1. Yes
2. No

COLLISIONS & NEAR MISSES
3. No
4. No

PARKING & ACCESS VIOLATIONS
5. No
6. No

SUSPICIOUS VEHICLE BEHAVIOR
7. No
8. No

VEHICLE IDENTIFICATION
9. No
10. Not visible
11. Black SUV; Red pickup truck
12. No
13. No
14. No"
vlm_runs/2026-06-08,LP_Parking_and_Restroom_Loitering_2_20260608T151500.jpg,minio,,vlm_runs/2026-06-08/LP_Parking_and_Restroom_Loitering_2/LP_Parking_and_Restroom_Loitering_2_20260608T151500.jpg,vehicle_prompts,done,2026-06-09T14:43:58.859578+00:00,,1.33,1.33,0,nvidia/cosmos-reason2-8b,"0.0

[GENERAL VEHICLE SAFETY]
1. Not visible
2. Not visible

[COLLISIONS & NEAR MISSES]
3. Not visible
4. Not visible

[PARKING & ACCESS VIOLATIONS]
5. Not visible
6. Not visible

[SUSPICIOUS VEHICLE BEHAVIOR]
7. Not visible
8. Not visible

[VEHICLE IDENTIFICATION]
9. Not visible
10. Not visible
11. Red pickup truck with a black bed liner
12. Not visible

[PEDESTRIAN & CHILD SAFETY]
13. Not visible
14. Not visible"
vlm_runs/2026-06-08,LP_Parking_and_Restroom_Loitering_2_20260608T161500.jpg,minio,,vlm_runs/2026-06-08/LP_Parking_and_Restroom_Loitering_2/LP_Parking_and_Restroom_Loitering_2_20260608T161500.jpg,vehicle_prompts,done,2026-06-09T14:43:58.859594+00:00,,1.031,1.031,0,nvidia/cosmos-reason2-8b,"0.0 The red pickup truck is parked in a designated parking space, and the red SUV is also parked in its own space. There are no visible signs of unsafe speed, collisions, or near-misses. No vehicles are in fire lanes, emergency corridors, or no-stopping zones, and there are no wrong-way vehicles or restricted area violations. There are no suspicious vehicle behaviors or pedestrian interactions. The red pickup truck has a visible license plate, while the red SUV's plate is obscured."
vlm_runs/2026-06-08,LP_Parking_and_Restroom_Loitering_2_20260608T144500.jpg,minio,,vlm_runs/2026-06-08/LP_Parking_and_Restroom_Loitering_2/LP_Parking_and_Restroom_Loitering_2_20260608T144500.jpg,vehicle_prompts,done,2026-06-09T14:43:58.859570+00:00,,2.249,2.249,0,nvidia/cosmos-reason2-8b,"0.0s

[GENERAL VEHICLE SAFETY]
1. Not visible
2. Not visible

[COLLISIONS & NEAR MISSES]
3. Not visible
4. Not visible

[PARKING & ACCESS VIOLATIONS]
5. Not visible
6. Not visible

[SUSPICIOUS VEHICLE BEHAVIOR]
7. Not visible
8. Not visible

[VEHICLE IDENTIFICATION]
9. Not visible
10. Not visible
11. Black SUV, red pickup truck
12. Not visible
13. Not visible
14. Not visible"
vlm_runs/2026-06-08,LP_Parking_and_Restroom_Loitering_2_20260608T154500.jpg,minio,,vlm_runs/2026-06-08/LP_Parking_and_Restroom_Loitering_2/LP_Parking_and_Restroom_Loitering_2_20260608T154500.jpg,vehicle_prompts,done,2026-06-09T14:43:58.859586+00:00,,1.877,1.877,0,nvidia/cosmos-reason2-8b,"0.0

[GENERAL VEHICLE SAFETY]
1. Not visible
2. Not visible

[COLLISIONS & NEAR MISSES]
3. Not visible
4. Not visible

[PARKING & ACCESS VIOLATIONS]
5. Not visible
6. Not visible

[SUSPICIOUS VEHICLE BEHAVIOR]
7. Not visible
8. Not visible

[VEHICLE IDENTIFICATION]
9. Not visible
10. Not visible
11. Red pickup truck with a black bed liner

[PEDESTRIAN & CHILD SAFETY]
12. Not visible
13. Not visible
14. Not visible"
vlm_runs/2026-06-08,LP_Parking_and_Restroom_Loitering_2_20260608T160000.jpg,minio,,vlm_runs/2026-06-08/LP_Parking_and_Restroom_Loitering_2/LP_Parking_and_Restroom_Loitering_2_20260608T160000.jpg,vehicle_prompts,done,2026-06-09T14:43:58.859590+00:00,,1.773,1.773,0,nvidia/cosmos-reason2-8b,"<0.0> 
[GENERAL VEHICLE SAFETY]
1. Yes
2. No

[COLLISIONS & NEAR MISSES]
3. No
4. No

[PARKING & ACCESS VIOLATIONS]
5. No
6. No

[SUSPICIOUS VEHICLE BEHAVIOR]
7. No
8. No

[VEHICLE IDENTIFICATION]
9. No
10. Not visible
11. Red pickup truck with a black bed liner; dark-colored SUV
12. No
13. No
14. No"
vlm_runs/2026-06-08,LP_Parking_and_Restroom_Loitering_2_20260608T164500.jpg,minio,,vlm_runs/2026-06-08/LP_Parking_and_Restroom_Loitering_2/LP_Parking_and_Restroom_Loitering_2_20260608T164500.jpg,vehicle_prompts,done,2026-06-09T14:43:58.859602+00:00,,0.881,0.881,0,nvidia/cosmos-reason2-8b,"0.0 The vehicle is parked in a designated parking space, and there are no visible signs of unsafe speed or behavior. Not visible"
vlm_runs/2026-06-08,LP_Parking_and_Restroom_Loitering_2_20260608T153000.jpg,minio,,vlm_runs/2026-06-08/LP_Parking_and_Restroom_Loitering_2/LP_Parking_and_Restroom_Loitering_2_20260608T153000.jpg,vehicle_prompts,done,2026-06-09T14:43:58.859582+00:00,,2.111,2.111,0,nvidia/cosmos-reason2-8b,"<0.0>

[GENERAL VEHICLE SAFETY]
1. Not visible
2. Not visible

[COLLISIONS & NEAR MISSES]
3. Not visible
4. Not visible

[PARKING & ACCESS VIOLATIONS]
5. Not visible
6. Not visible

[SUSPICIOUS VEHICLE BEHAVIOR]
7. Not visible
8. Not visible

[VEHICLE IDENTIFICATION]
9. Not visible
10. Not visible
11. Red pickup truck with a black bed liner and a visible license plate.
12. Not visible

[PEDESTRIAN & CHILD SAFETY]
13. Not visible
14. Not visible"
vlm_runs/2026-06-08,LP_Parking_and_Restroom_Loitering_2_20260608T163000.jpg,minio,,vlm_runs/2026-06-08/LP_Parking_and_Restroom_Loitering_2/LP_Parking_and_Restroom_Loitering_2_20260608T163000.jpg,vehicle_prompts,done,2026-06-09T14:43:58.859598+00:00,,1.277,1.277,0,nvidia/cosmos-reason2-8b,"0.0 The red SUV is parked in a designated parking space, and no other vehicles are present in the scene. There are no visible collisions, near misses, or suspicious behaviors involving vehicles. The vehicle is not in a fire lane, emergency corridor, or no-stopping zone, and it is not in a wrong-way or restricted area. The vehicle's license plate is not visible."
vlm_runs/2026-06-08,LP_Parking_and_Restroom_Loitering_2_20260608T150000.jpg,minio,,vlm_runs/2026-06-08/LP_Parking_and_Restroom_Loitering_2/LP_Parking_and_Restroom_Loitering_2_20260608T150000.jpg,vehicle_prompts,done,2026-06-09T14:43:58.859574+00:00,,2.984,2.984,0,nvidia/cosmos-reason2-8b,"0.0 The red pickup truck is parked in a designated parking space, and no other vehicles or pedestrians are present in the scene. There are no visible collisions, near misses, or suspicious behavior. The vehicle appears stationary and properly positioned within the parking area.

0.0 The red pickup truck is parked in a designated parking space, and no other vehicles or pedestrians are present in the scene. There are no visible collisions, near misses, or suspicious behavior. The vehicle appears stationary and properly positioned within the parking area.

0.0 The red pickup truck is parked in a designated parking space, and no other vehicles or pedestrians are present in the scene. There are no visible collisions, near misses, or suspicious behavior. The vehicle appears stationary and properly positioned within the parking area.

0.0 The red pickup truck is parked in a designated parking space, and no other vehicles or pedestrians are present in the scene. There are no visible collisions, near misses, or suspicious behavior. The vehicle appears stationary and properly positioned within the parking area.

0.0 The red pickup truck is parked in a designated parking space, and no other vehicles or pedestrians are present in the scene. There are no visible collisions, near misses, or suspicious behavior. The vehicle appears stationary and properly positioned within the parking area.

0.0 The red pickup truck is parked in a designated parking space, and no other vehicles or pedestrians are present in the scene. There are no visible collisions, near misses, or suspicious behavior. The vehicle appears stationary and properly positioned within the parking area.

0.0 The red pickup truck is parked in a designated parking space, and no other vehicles or pedestrians are present in the scene. There are no visible collisions, near misses, or suspicious behavior. The vehicle appears stationary and properly positioned within the parking area.

0.0 The red pickup truck is parked in a designated parking space, and no other vehicles or pedestrians are present in the scene. There are no visible collisions, near misses, or suspicious behavior. The vehicle appears stationary and properly positioned within the parking area.

0.0 The red pickup truck is parked in a designated parking space, and no other vehicles or pedestrians are present in the scene. There are no visible collisions, near misses, or suspicious behavior. The vehicle appears stationary and properly positioned within the parking area.

0.0 The red pickup truck is parked in a designated parking space, and no other vehicles or pedestrians are present in the scene. There are no visible collisions, near misses, or suspicious behavior. The vehicle appears stationary and properly positioned within the parking area.

0.0 The red pickup truck is parked in a designated parking space, and no other vehicles or pedestrians are present in the scene. There are no visible collisions, near misses, or suspicious behavior. The vehicle appears stationary and properly positioned within the parking area.

0.0 The red pickup truck is parked in a designated parking space, and no other vehicles or pedestrians are present in the scene. There are no visible collisions, near misses, or suspicious behavior. The vehicle appears stationary and properly positioned within the parking area.

0.0 The red pickup truck is parked in a designated parking space, and no other vehicles or pedestrians are present in the scene. There are no visible collisions, near misses, or suspicious behavior. The vehicle appears stationary and properly positioned within the parking area.

0.0 The red pickup truck is parked in a designated parking space, and no other vehicles or pedestrians are present in the scene. There are no visible collisions, near misses, or suspicious behavior. The vehicle appears stationary and properly positioned within the parking area.

0.0 The red pickup truck is parked in a designated parking space, and no other vehicles or pedestrians are present in the scene. There are no visible collisions, near misses, or suspicious behavior. The vehicle appears stationary and properly positioned within the parking area.

0.0 The red pickup truck is parked in a designated parking space, and no other vehicles or pedestrians are present in the scene. There are no visible collisions, near misses, or suspicious behavior. The vehicle appears stationary and properly positioned within the parking area.

0.0 The red pickup truck is parked in a designated parking space, and no other vehicles or pedestrians are present in the scene. There are no visible collisions, near misses, or suspicious behavior. The vehicle appears stationary and properly positioned within the parking area.

0.0 The red pickup truck is parked in a designated parking space, and no other vehicles or pedestrians are present in the scene. There are no visible collisions, near misses, or suspicious behavior. The vehicle appears stationary and properly positioned within the parking area.

0.0 The red pickup truck is parked in a designated parking space, and no other vehicles or pedestrians are present in the scene. There are no visible collisions, near misses, or suspicious behavior. The vehicle appears stationary and properly positioned within the parking area.

0.0 The red pickup truck is parked in a designated parking space, and no other vehicles or pedestrians are present in the scene. There are no visible collisions, near misses,"
vlm_runs/2026-06-08,LP_Parking_and_Restroom_Loitering_2_20260608T170000.jpg,minio,,vlm_runs/2026-06-08/LP_Parking_and_Restroom_Loitering_2/LP_Parking_and_Restroom_Loitering_2_20260608T170000.jpg,vehicle_prompts,done,2026-06-09T14:43:58.859606+00:00,,0.981,0.981,0,nvidia/cosmos-reason2-8b,"0.0s

[GENERAL VEHICLE SAFETY]
1. Not visible
2. Not visible

[COLLISIONS & NEAR MISSES]
3. Not visible
4. Not visible

[PARKING & ACCESS VIOLATIONS]
5. Not visible
6. Not visible

[SUSPICIOUS VEHICLE BEHAVIOR]
7. Not visible
8. Not visible

[VEHICLE IDENTIFICATION]
9. Not visible
10. Not visible
11. Not visible
12. Not visible
13. Not visible
14. Not visible"
vlm_runs/2026-06-08,LP_Parking_and_Restroom_Loitering_2_20260608T181500.jpg,minio,,vlm_runs/2026-06-08/LP_Parking_and_Restroom_Loitering_2/LP_Parking_and_Restroom_Loitering_2_20260608T181500.jpg,vehicle_prompts,done,2026-06-09T14:43:58.859626+00:00,,0.861,0.861,0,nvidia/cosmos-reason2-8b,"0.0

[GENERAL VEHICLE SAFETY]
1. Not visible

[COLLISIONS & NEAR MISSES]
3. Not visible

[PARKING & ACCESS VIOLATIONS]
5. Not visible

[SUSPICIOUS VEHICLE BEHAVIOR]
7. Not visible

[VEHICLE IDENTIFICATION]
9. Not visible

[PEDESTRIAN & CHILD SAFETY]
12. Not visible"
vlm_runs/2026-06-08,LP_Parking_and_Restroom_Loitering_2_20260608T174500.jpg,minio,,vlm_runs/2026-06-08/LP_Parking_and_Restroom_Loitering_2/LP_Parking_and_Restroom_Loitering_2_20260608T174500.jpg,vehicle_prompts,done,2026-06-09T14:43:58.859618+00:00,,1.132,1.132,0,nvidia/cosmos-reason2-8b,"0.0s

[GENERAL VEHICLE SAFETY]
1. Not visible
2. Not visible

[COLLISIONS & NEAR MISSES]
3. Not visible
4. Not visible

[PARKING & ACCESS VIOLATIONS]
5. Not visible
6. Not visible

[SUSPICIOUS VEHICLE BEHAVIOR]
7. Not visible
8. Not visible

[VEHICLE IDENTIFICATION]
9. Not visible
10. Not visible
11. Not visible
12. Not visible
13. Not visible
14. Not visible"
vlm_runs/2026-06-08,LP_Parking_and_Restroom_Loitering_2_20260608T173000.jpg,minio,,vlm_runs/2026-06-08/LP_Parking_and_Restroom_Loitering_2/LP_Parking_and_Restroom_Loitering_2_20260608T173000.jpg,vehicle_prompts,done,2026-06-09T14:43:58.859614+00:00,,1.907,1.907,0,nvidia/cosmos-reason2-8b,"<0.0> 
[GENERAL VEHICLE SAFETY]
1. Not visible
2. Not visible

[COLLISIONS & NEAR MISSES]
3. Not visible
4. Not visible

[PARKING & ACCESS VIOLATIONS]
5. Not visible
6. Not visible

[SUSPICIOUS VEHICLE BEHAVIOR]
7. Not visible
8. Not visible

[VEHICLE IDENTIFICATION]
9. Not visible
10. Not visible
11. Not visible
12. Not visible
13. Not visible
14. Not visible"
vlm_runs/2026-06-08,LP_Parking_and_Restroom_Loitering_2_20260608T180000.jpg,minio,,vlm_runs/2026-06-08/LP_Parking_and_Restroom_Loitering_2/LP_Parking_and_Restroom_Loitering_2_20260608T180000.jpg,vehicle_prompts,done,2026-06-09T14:43:58.859622+00:00,,2.107,2.107,0,nvidia/cosmos-reason2-8b,"0.0s

[GENERAL VEHICLE SAFETY]
1. Not visible
2. Not visible

[COLLISIONS & NEAR MISSES]
3. Not visible
4. Not visible

[PARKING & ACCESS VIOLATIONS]
5. Not visible
6. Not visible

[SUSPICIOUS VEHICLE BEHAVIOR]
7. Not visible
8. Not visible

[VEHICLE IDENTIFICATION]
9. Not visible
10. Not visible
11. Not visible
12. Not visible
13. Not visible
14. Not visible"
vlm_runs/2026-06-08,LP_Parking_and_Restroom_Loitering_2_20260608T171500.jpg,minio,,vlm_runs/2026-06-08/LP_Parking_and_Restroom_Loitering_2/LP_Parking_and_Restroom_Loitering_2_20260608T171500.jpg,vehicle_prompts,done,2026-06-09T14:43:58.859610+00:00,,2.661,2.661,0,nvidia/cosmos-reason2-8b,"<0.0> 

**[GENERAL VEHICLE SAFETY]** 
1. Yes.
2. No.

**[COLLISIONS & NEAR MISSES]** 
3. No.
4. No.

**[PARKING & ACCESS VIOLATIONS]** 
5. No.
6. No.

**[SUSPICIOUS VEHICLE BEHAVIOR]** 
7. No.
8. No.

**[VEHICLE IDENTIFICATION]** 
9. No vehicles with obscured or missing plates.
10. Not visible.
11. Not visible.
12. Not visible.
13. Not visible.
14. Not visible.

**[PEDESTRIAN & CHILD SAFETY]** 
1. No.
2. No.
3. No."
vlm_runs/2026-06-08,LP_Parking_and_Restroom_Loitering_2_20260608T183000.jpg,minio,,vlm_runs/2026-06-08/LP_Parking_and_Restroom_Loitering_2/LP_Parking_and_Restroom_Loitering_2_20260608T183000.jpg,vehicle_prompts,done,2026-06-09T14:43:58.859629+00:00,,2.306,2.306,0,nvidia/cosmos-reason2-8b,"<0.0>

[GENERAL VEHICLE SAFETY]
1. Not visible
2. Not visible

[COLLISIONS & NEAR MISSES]
3. Not visible
4. Not visible

[PARKING & ACCESS VIOLATIONS]
5. Not visible
6. Not visible

[SUSPICIOUS VEHICLE BEHAVIOR]
7. Not visible
8. Not visible

[VEHICLE IDENTIFICATION]
9. Not visible
10. Not visible
11. A silver hatchback is parked in a designated parking space.
12. Not visible

[PEDESTRIAN & CHILD SAFETY]
13. Not visible
14. Not visible"
vlm_runs/2026-06-08,LP_Parking_and_Restroom_Loitering_2_20260608T184500.jpg,minio,,vlm_runs/2026-06-08/LP_Parking_and_Restroom_Loitering_2/LP_Parking_and_Restroom_Loitering_2_20260608T184500.jpg,vehicle_prompts,done,2026-06-09T14:43:58.859633+00:00,,1.97,1.97,0,nvidia/cosmos-reason2-8b,"<0.0> 
1. Not visible
2. Not visible
3. Not visible
4. Not visible
5. Not visible
6. Not visible
7. Not visible
8. Not visible
9. Not visible
10. Not visible
11. Not visible
12. Not visible
13. Not visible
14. Not visible"
vlm_runs/2026-06-08,LP_Parking_and_Restroom_Loitering_2_20260608T194500.jpg,minio,,vlm_runs/2026-06-08/LP_Parking_and_Restroom_Loitering_2/LP_Parking_and_Restroom_Loitering_2_20260608T194500.jpg,vehicle_prompts,done,2026-06-09T14:43:58.859650+00:00,,0.769,0.769,0,nvidia/cosmos-reason2-8b,"<0.0> 
1. Not visible
2. Not visible
3. Not visible
4. Not visible
5. Not visible
6. Not visible
7. Not visible
8. Not visible
9. Not visible
10. Not visible
11. Not visible
12. Not visible
13. Not visible
14. Not visible"
vlm_runs/2026-06-08,LP_Parking_and_Restroom_Loitering_2_20260608T190000.jpg,minio,,vlm_runs/2026-06-08/LP_Parking_and_Restroom_Loitering_2/LP_Parking_and_Restroom_Loitering_2_20260608T190000.jpg,vehicle_prompts,done,2026-06-09T14:43:58.859637+00:00,,2.239,2.239,0,nvidia/cosmos-reason2-8b,"<0.0> 
1. Not visible
2. Not visible
3. Not visible
4. Not visible
5. Not visible
6. Not visible
7. Not visible
8. Not visible
9. Not visible
10. Not visible
11. Not visible
12. Not visible
13. Not visible
14. Not visible"
vlm_runs/2026-06-08,LP_Parking_and_Restroom_Loitering_2_20260608T193000.jpg,minio,,vlm_runs/2026-06-08/LP_Parking_and_Restroom_Loitering_2/LP_Parking_and_Restroom_Loitering_2_20260608T193000.jpg,vehicle_prompts,done,2026-06-09T14:43:58.859646+00:00,,2.051,2.051,0,nvidia/cosmos-reason2-8b,0.0
vlm_runs/2026-06-08,LP_Parking_and_Restroom_Loitering_2_20260608T200000.jpg,minio,,vlm_runs/2026-06-08/LP_Parking_and_Restroom_Loitering_2/LP_Parking_and_Restroom_Loitering_2_20260608T200000.jpg,vehicle_prompts,done,2026-06-09T14:43:58.859654+00:00,,1.39,1.39,0,nvidia/cosmos-reason2-8b,"<0.0> 
1. Not visible
2. Not visible
3. Not visible
4. Not visible
5. Not visible
6. Not visible
7. Not visible
8. Not visible
9. Not visible
10. Not visible
11. Not visible
12. Not visible
13. Not visible
14. Not visible"
vlm_runs/2026-06-08,LP_Parking_and_Restroom_Loitering_2_20260608T191500.jpg,minio,,vlm_runs/2026-06-08/LP_Parking_and_Restroom_Loitering_2/LP_Parking_and_Restroom_Loitering_2_20260608T191500.jpg,vehicle_prompts,done,2026-06-09T14:43:58.859641+00:00,,2.652,2.652,0,nvidia/cosmos-reason2-8b,"0.0 The image does not show any vehicles, so it is not possible to assess their speed or safety. Not visible"
vlm_runs/2026-06-08,LP_Parking_and_Restroom_Loitering_2_20260608T204500.jpg,minio,,vlm_runs/2026-06-08/LP_Parking_and_Restroom_Loitering_2/LP_Parking_and_Restroom_Loitering_2_20260608T204500.jpg,vehicle_prompts,done,2026-06-09T14:43:58.859665+00:00,,1.177,1.177,0,nvidia/cosmos-reason2-8b,0.0 Not visible
vlm_runs/2026-06-08,LP_Parking_and_Restroom_Loitering_2_20260608T203000.jpg,minio,,vlm_runs/2026-06-08/LP_Parking_and_Restroom_Loitering_2/LP_Parking_and_Restroom_Loitering_2_20260608T203000.jpg,vehicle_prompts,done,2026-06-09T14:43:58.859661+00:00,,1.382,1.382,0,nvidia/cosmos-reason2-8b,0.0 1. Not visible 2. Not visible 3. Not visible 4. Not visible 5. Not visible 6. Not visible 7. Not visible 8. Not visible 9. Not visible 10. Not visible 11. Not visible 12. Not visible 13. Not visible 14. Not visible
vlm_runs/2026-06-08,LP_Parking_and_Restroom_Loitering_2_20260608T201500.jpg,minio,,vlm_runs/2026-06-08/LP_Parking_and_Restroom_Loitering_2/LP_Parking_and_Restroom_Loitering_2_20260608T201500.jpg,vehicle_prompts,done,2026-06-09T14:43:58.859657+00:00,,1.842,1.842,0,nvidia/cosmos-reason2-8b,"0.0 The red car is traveling at a safe speed and is in a designated area. There are no collisions or near misses. The red car is not in a fire lane, emergency corridor, or no-stopping zone. The red car is not in a wrong-way or restricted area. There are no vehicles making threatening maneuvers or pursuing pedestrians. There are no individuals struck or injured by vehicles. There are no near misses of individuals. There are no children struck or at risk."
vlm_runs/2026-06-08,LP_Parking_and_Restroom_Loitering_2_20260608T211500.jpg,minio,,vlm_runs/2026-06-08/LP_Parking_and_Restroom_Loitering_2/LP_Parking_and_Restroom_Loitering_2_20260608T211500.jpg,vehicle_prompts,done,2026-06-09T14:43:58.859673+00:00,,1.394,1.394,0,nvidia/cosmos-reason2-8b,"<0.0> 
1. Not visible
2. Not visible
3. Not visible
4. Not visible
5. Not visible
6. Not visible
7. Not visible
8. Not visible
9. Not visible
10. Not visible
11. Not visible
12. Not visible
13. Not visible
14. Not visible"
vlm_runs/2026-06-08,LP_Parking_and_Restroom_Loitering_2_20260608T223000.jpg,minio,,vlm_runs/2026-06-08/LP_Parking_and_Restroom_Loitering_2/LP_Parking_and_Restroom_Loitering_2_20260608T223000.jpg,vehicle_prompts,done,2026-06-09T14:43:58.859691+00:00,,1.018,1.018,0,nvidia/cosmos-reason2-8b,"<0.0> 
1. Not visible
2. Not visible
3. Not visible
4. Not visible
5. Not visible
6. Not visible
7. Not visible
8. Not visible
9. Not visible
10. Not visible
11. Not visible
12. Not visible
13. Not visible
14. Not visible"
vlm_runs/2026-06-08,LP_Parking_and_Restroom_Loitering_2_20260608T213000.jpg,minio,,vlm_runs/2026-06-08/LP_Parking_and_Restroom_Loitering_2/LP_Parking_and_Restroom_Loitering_2_20260608T213000.jpg,vehicle_prompts,done,2026-06-09T14:43:58.859676+00:00,,1.8,1.8,0,nvidia/cosmos-reason2-8b,"<0.0> 
[GENERAL VEHICLE SAFETY]
1. Not visible
2. Not visible

[COLLISIONS & NEAR MISSES]
3. Not visible
4. Not visible

[PARKING & ACCESS VIOLATIONS]
5. Not visible
6. Not visible

[SUSPICIOUS VEHICLE BEHAVIOR]
7. Not visible
8. Not visible

[VEHICLE IDENTIFICATION]
9. Not visible
10. Not visible
11. Not visible

[PEDESTRIAN & CHILD SAFETY]
12. Not visible
13. Not visible
14. Not visible"
vlm_runs/2026-06-08,LP_Parking_and_Restroom_Loitering_2_20260608T221500.jpg,minio,,vlm_runs/2026-06-08/LP_Parking_and_Restroom_Loitering_2/LP_Parking_and_Restroom_Loitering_2_20260608T221500.jpg,vehicle_prompts,done,2026-06-09T14:43:58.859687+00:00,,1.301,1.301,0,nvidia/cosmos-reason2-8b,"<0.0> 
1. Not visible
2. Not visible
3. Not visible
4. Not visible
5. Not visible
6. Not visible
7. Not visible
8. Not visible
9. Not visible
10. Not visible
11. Not visible
12. Not visible
13. Not visible
14. Not visible"
vlm_runs/2026-06-08,LP_Parking_and_Restroom_Loitering_2_20260608T210000.jpg,minio,,vlm_runs/2026-06-08/LP_Parking_and_Restroom_Loitering_2/LP_Parking_and_Restroom_Loitering_2_20260608T210000.jpg,vehicle_prompts,done,2026-06-09T14:43:58.859669+00:00,,2.456,2.456,0,nvidia/cosmos-reason2-8b,"<0.0> 
1. Not visible
2. Not visible
3. Not visible
4. Not visible
5. Not visible
6. Not visible
7. Not visible
8. Not visible
9. Not visible
10. Not visible
11. Not visible
12. Not visible
13. Not visible
14. Not visible"
vlm_runs/2026-06-08,LP_Parking_and_Restroom_Loitering_2_20260608T214500.jpg,minio,,vlm_runs/2026-06-08/LP_Parking_and_Restroom_Loitering_2/LP_Parking_and_Restroom_Loitering_2_20260608T214500.jpg,vehicle_prompts,done,2026-06-09T14:43:58.859680+00:00,,1.708,1.708,0,nvidia/cosmos-reason2-8b,0.0 1. Not visible 2. Not visible 3. Not visible 4. Not visible 5. Not visible 6. Not visible 7. Not visible 8. Not visible 9. Not visible 10. Not visible 11. Not visible 12. Not visible 13. Not visible 14. Not visible
vlm_runs/2026-06-08,LP_Parking_and_Restroom_Loitering_2_20260608T220000.jpg,minio,,vlm_runs/2026-06-08/LP_Parking_and_Restroom_Loitering_2/LP_Parking_and_Restroom_Loitering_2_20260608T220000.jpg,vehicle_prompts,done,2026-06-09T14:43:58.859683+00:00,,1.851,1.851,0,nvidia/cosmos-reason2-8b,"<0.0> 
1. Not visible
2. Not visible
3. Not visible
4. Not visible
5. Not visible
6. Not visible
7. Not visible
8. Not visible
9. Not visible
10. Not visible
11. Not visible
12. Not visible
13. Not visible
14. Not visible"
vlm_runs/2026-06-08,LP_Parking_and_Restroom_Loitering_2_20260608T233000.jpg,minio,,vlm_runs/2026-06-08/LP_Parking_and_Restroom_Loitering_2/LP_Parking_and_Restroom_Loitering_2_20260608T233000.jpg,vehicle_prompts,done,2026-06-09T14:43:58.859706+00:00,,2.352,2.352,0,nvidia/cosmos-reason2-8b,"<0.0> 
1. Not visible
2. Not visible
3. Not visible
4. Not visible
5. Not visible
6. Not visible
7. Not visible
8. Not visible
9. Not visible
10. Not visible
11. Not visible
12. Not visible
13. Not visible
14. Not visible"
vlm_runs/2026-06-08,LP_Parking_and_Restroom_Loitering_2_20260608T224500.jpg,minio,,vlm_runs/2026-06-08/LP_Parking_and_Restroom_Loitering_2/LP_Parking_and_Restroom_Loitering_2_20260608T224500.jpg,vehicle_prompts,done,2026-06-09T14:43:58.859695+00:00,,3.401,3.401,0,nvidia/cosmos-reason2-8b,Visible Timestamps: 0.0 Additional Visible Timestamps: 0.0
vlm_runs/2026-06-08,LP_Parking_and_Restroom_Loitering_2_20260608T230000.jpg,minio,,vlm_runs/2026-06-08/LP_Parking_and_Restroom_Loitering_2/LP_Parking_and_Restroom_Loitering_2_20260608T230000.jpg,vehicle_prompts,done,2026-06-09T14:43:58.859698+00:00,,3.525,3.525,0,nvidia/cosmos-reason2-8b,"<0.0> 
1. Not visible
2. Not visible
3. Not visible
4. Not visible
5. Not visible
6. Not visible
7. Not visible
8. Not visible
9. Not visible
10. Not visible
11. Not visible
12. Not visible
13. Not visible
14. Not visible"
vlm_runs/2026-06-08,LP_Parking_and_Restroom_Loitering_2_20260608T234500.jpg,minio,,vlm_runs/2026-06-08/LP_Parking_and_Restroom_Loitering_2/LP_Parking_and_Restroom_Loitering_2_20260608T234500.jpg,vehicle_prompts,done,2026-06-09T14:43:58.859710+00:00,,2.788,2.788,0,nvidia/cosmos-reason2-8b,"<0.0> 
1. Not visible
2. Not visible
3. Not visible
4. Not visible
5. Not visible
6. Not visible
7. Not visible
8. Not visible
9. Not visible
10. Not visible
11. Not visible
12. Not visible
13. Not visible
14. Not visible"
vlm_runs/2026-06-08,LP_Parking_and_Restroom_Loitering_2_20260608T231500.jpg,minio,,vlm_runs/2026-06-08/LP_Parking_and_Restroom_Loitering_2/LP_Parking_and_Restroom_Loitering_2_20260608T231500.jpg,vehicle_prompts,done,2026-06-09T14:43:58.859702+00:00,,3.19,3.19,0,nvidia/cosmos-reason2-8b,0.0 [GENERAL VEHICLE SAFETY] 1. Not visible. 2. Not visible. [COLLISIONS & NEAR MISSES] 3. Not visible. 4. Not visible. [PARKING & ACCESS VIOLATIONS] 5. Not visible. 6. Not visible. [SUSPICIOUS VEHICLE BEHAVIOR] 7. Not visible. 8. Not visible. [VEHICLE IDENTIFICATION] 9. Not visible. 10. Not visible. 11. Not visible. [PEDESTRIAN & CHILD SAFETY] 12. Not visible. 13. Not visible. 14. Not visible.
vlm_runs/2026-06-08,LP_Parking_and_Restroom_Loitering_4_20260608T001500.jpg,minio,,vlm_runs/2026-06-08/LP_Parking_and_Restroom_Loitering_4/LP_Parking_and_Restroom_Loitering_4_20260608T001500.jpg,vehicle_prompts,done,2026-06-09T14:45:56.093809+00:00,,2.848,2.848,0,nvidia/cosmos-reason2-8b,0.0
vlm_runs/2026-06-08,LP_Parking_and_Restroom_Loitering_4_20260608T013000.jpg,minio,,vlm_runs/2026-06-08/LP_Parking_and_Restroom_Loitering_4/LP_Parking_and_Restroom_Loitering_4_20260608T013000.jpg,vehicle_prompts,done,2026-06-09T14:45:56.095748+00:00,,2.946,2.946,0,nvidia/cosmos-reason2-8b,0.0
vlm_runs/2026-06-08,LP_Parking_and_Restroom_Loitering_4_20260608T011500.jpg,minio,,vlm_runs/2026-06-08/LP_Parking_and_Restroom_Loitering_4/LP_Parking_and_Restroom_Loitering_4_20260608T011500.jpg,vehicle_prompts,done,2026-06-09T14:45:56.095092+00:00,,2.97,2.97,0,nvidia/cosmos-reason2-8b,0.0
vlm_runs/2026-06-08,LP_Parking_and_Restroom_Loitering_4_20260608T010000.jpg,minio,,vlm_runs/2026-06-08/LP_Parking_and_Restroom_Loitering_4/LP_Parking_and_Restroom_Loitering_4_20260608T010000.jpg,vehicle_prompts,done,2026-06-09T14:45:56.094346+00:00,,3.062,3.062,0,nvidia/cosmos-reason2-8b,0.0
vlm_runs/2026-06-08,LP_Parking_and_Restroom_Loitering_4_20260608T020000.jpg,minio,,vlm_runs/2026-06-08/LP_Parking_and_Restroom_Loitering_4/LP_Parking_and_Restroom_Loitering_4_20260608T020000.jpg,vehicle_prompts,done,2026-06-09T14:45:56.097322+00:00,,0.317,0.317,0,nvidia/cosmos-reason2-8b,0.0 Not visible
vlm_runs/2026-06-08,LP_Parking_and_Restroom_Loitering_4_20260608T000000.jpg,minio,,vlm_runs/2026-06-08/LP_Parking_and_Restroom_Loitering_4/LP_Parking_and_Restroom_Loitering_4_20260608T000000.jpg,vehicle_prompts,done,2026-06-09T14:45:56.093691+00:00,,3.224,3.224,0,nvidia/cosmos-reason2-8b,"<0.0> 
1. Not visible
2. Not visible
3. Not visible
4. Not visible
5. Not visible
6. Not visible
7. Not visible
8. Not visible
9. Not visible
10. Not visible
11. Not visible
12. Not visible
13. Not visible
14. Not visible"
vlm_runs/2026-06-08,LP_Parking_and_Restroom_Loitering_4_20260608T014500.jpg,minio,,vlm_runs/2026-06-08/LP_Parking_and_Restroom_Loitering_4/LP_Parking_and_Restroom_Loitering_4_20260608T014500.jpg,vehicle_prompts,done,2026-06-09T14:45:56.097223+00:00,,3.266,3.266,0,nvidia/cosmos-reason2-8b,0.0 [GENERAL VEHICLE SAFETY] 1. Not visible 2. Not visible [COLLISIONS & NEAR MISSES] 3. Not visible 4. Not visible [PARKING & ACCESS VIOLATIONS] 5. Not visible 6. Not visible [SUSPICIOUS VEHICLE BEHAVIOR] 7. Not visible 8. Not visible [VEHICLE IDENTIFICATION] 9. Not visible 10. Not visible 11. Not visible [PEDESTRIAN & CHILD SAFETY] 12. Not visible 13. Not visible 14. Not visible
vlm_runs/2026-06-08,LP_Parking_and_Restroom_Loitering_4_20260608T004500.jpg,minio,,vlm_runs/2026-06-08/LP_Parking_and_Restroom_Loitering_4/LP_Parking_and_Restroom_Loitering_4_20260608T004500.jpg,vehicle_prompts,done,2026-06-09T14:45:56.094211+00:00,,3.322,3.322,0,nvidia/cosmos-reason2-8b,"<0.0> 
[GENERAL VEHICLE SAFETY]
1. Not visible
2. Not visible

[COLLISIONS & NEAR MISSES]
3. Not visible
4. Not visible

[PARKING & ACCESS VIOLATIONS]
5. Not visible
6. Not visible

[SUSPICIOUS VEHICLE BEHAVIOR]
7. Not visible
8. Not visible

[VEHICLE IDENTIFICATION]
9. Not visible
10. Not visible
11. Not visible

[PEDESTRIAN & CHILD SAFETY]
12. Not visible
13. Not visible
14. Not visible"
vlm_runs/2026-06-08,LP_Parking_and_Restroom_Loitering_4_20260608T024500.jpg,minio,,vlm_runs/2026-06-08/LP_Parking_and_Restroom_Loitering_4/LP_Parking_and_Restroom_Loitering_4_20260608T024500.jpg,vehicle_prompts,done,2026-06-09T14:45:56.097339+00:00,,0.388,0.388,0,nvidia/cosmos-reason2-8b,0.0
vlm_runs/2026-06-08,LP_Parking_and_Restroom_Loitering_4_20260608T003000.jpg,minio,,vlm_runs/2026-06-08/LP_Parking_and_Restroom_Loitering_4/LP_Parking_and_Restroom_Loitering_4_20260608T003000.jpg,vehicle_prompts,done,2026-06-09T14:45:56.094147+00:00,,3.561,3.561,0,nvidia/cosmos-reason2-8b,"Visible timestamps: 0.0s

[GENERAL VEHICLE SAFETY]
1. Not visible
2. Not visible

[COLLISIONS & NEAR MISSES]
3. Not visible
4. Not visible

[PARKING & ACCESS VIOLATIONS]
5. Not visible
6. Not visible

[SUSPICIOUS VEHICLE BEHAVIOR]
7. Not visible
8. Not visible

[VEHICLE IDENTIFICATION]
9. Not visible
10. Not visible
11. Not visible

[PEDESTRIAN & CHILD SAFETY]
12. Not visible
13. Not visible
14. Not visible"
vlm_runs/2026-06-08,LP_Parking_and_Restroom_Loitering_4_20260608T034500.jpg,minio,,vlm_runs/2026-06-08/LP_Parking_and_Restroom_Loitering_4/LP_Parking_and_Restroom_Loitering_4_20260608T034500.jpg,vehicle_prompts,done,2026-06-09T14:45:56.097356+00:00,,0.527,0.527,0,nvidia/cosmos-reason2-8b,0.0 Not visible
vlm_runs/2026-06-08,LP_Parking_and_Restroom_Loitering_4_20260608T041500.jpg,minio,,vlm_runs/2026-06-08/LP_Parking_and_Restroom_Loitering_4/LP_Parking_and_Restroom_Loitering_4_20260608T041500.jpg,vehicle_prompts,done,2026-06-09T14:45:56.097364+00:00,,0.838,0.838,0,nvidia/cosmos-reason2-8b,"Visible timestamps: 0.0s

[GENERAL VEHICLE SAFETY]
1. Not visible
2. Not visible

[COLLISIONS & NEAR MISSES]
3. Not visible
4. Not visible

[PARKING & ACCESS VIOLATIONS]
5. Not visible
6. Not visible

[SUSPICIOUS VEHICLE BEHAVIOR]
7. Not visible
8. Not visible

[VEHICLE IDENTIFICATION]
9. Not visible
10. Not visible
11. Not visible

[PEDESTRIAN & CHILD SAFETY]
12. Not visible
13. Not visible
14. Not visible"
vlm_runs/2026-06-08,LP_Parking_and_Restroom_Loitering_4_20260608T031500.jpg,minio,,vlm_runs/2026-06-08/LP_Parking_and_Restroom_Loitering_4/LP_Parking_and_Restroom_Loitering_4_20260608T031500.jpg,vehicle_prompts,done,2026-06-09T14:45:56.097348+00:00,,1.384,1.384,0,nvidia/cosmos-reason2-8b,0.0
vlm_runs/2026-06-08,LP_Parking_and_Restroom_Loitering_4_20260608T021500.jpg,minio,,vlm_runs/2026-06-08/LP_Parking_and_Restroom_Loitering_4/LP_Parking_and_Restroom_Loitering_4_20260608T021500.jpg,vehicle_prompts,done,2026-06-09T14:45:56.097330+00:00,,1.818,1.818,0,nvidia/cosmos-reason2-8b,0.0 Not visible
vlm_runs/2026-06-08,LP_Parking_and_Restroom_Loitering_4_20260608T023000.jpg,minio,,vlm_runs/2026-06-08/LP_Parking_and_Restroom_Loitering_4/LP_Parking_and_Restroom_Loitering_4_20260608T023000.jpg,vehicle_prompts,done,2026-06-09T14:45:56.097335+00:00,,1.804,1.804,0,nvidia/cosmos-reason2-8b," timestamp: <0.0> 
[GENERAL VEHICLE SAFETY]
1. Not visible
2. Not visible
[COLLISIONS & NEAR MISSES]
3. Not visible
4. Not visible
[PARKING & ACCESS VIOLATIONS]
5. Not visible
6. Not visible
[SUSPICIOUS VEHICLE BEHAVIOR]
7. Not visible
8. Not visible
[VEHICLE IDENTIFICATION]
9. Not visible
10. Not visible
11. Not visible
[PEDESTRIAN & CHILD SAFETY]
12. Not visible
13. Not visible
14. Not visible"
vlm_runs/2026-06-08,LP_Parking_and_Restroom_Loitering_4_20260608T033000.jpg,minio,,vlm_runs/2026-06-08/LP_Parking_and_Restroom_Loitering_4/LP_Parking_and_Restroom_Loitering_4_20260608T033000.jpg,vehicle_prompts,done,2026-06-09T14:45:56.097352+00:00,,1.982,1.982,0,nvidia/cosmos-reason2-8b,0.0 Vehicles are not visible.
vlm_runs/2026-06-08,LP_Parking_and_Restroom_Loitering_4_20260608T051500.jpg,minio,,vlm_runs/2026-06-08/LP_Parking_and_Restroom_Loitering_4/LP_Parking_and_Restroom_Loitering_4_20260608T051500.jpg,vehicle_prompts,done,2026-06-09T14:45:56.097382+00:00,,0.551,0.551,0,nvidia/cosmos-reason2-8b,"<0.0> 
1. Not visible
2. Not visible
3. Not visible
4. Not visible
5. Not visible
6. Not visible
7. Not visible
8. Not visible
9. Not visible
10. Not visible
11. Not visible
12. Not visible
13. Not visible
14. Not visible"
vlm_runs/2026-06-08,LP_Parking_and_Restroom_Loitering_4_20260608T044500.jpg,minio,,vlm_runs/2026-06-08/LP_Parking_and_Restroom_Loitering_4/LP_Parking_and_Restroom_Loitering_4_20260608T044500.jpg,vehicle_prompts,done,2026-06-09T14:45:56.097373+00:00,,1.025,1.025,0,nvidia/cosmos-reason2-8b,"<0.0> 
1. Not visible
2. Not visible
3. Not visible
4. Not visible
5. Not visible
6. Not visible
7. Not visible
8. Not visible
9. Not visible
10. Not visible
11. Not visible
12. Not visible
13. Not visible
14. Not visible"
vlm_runs/2026-06-08,LP_Parking_and_Restroom_Loitering_4_20260608T030000.jpg,minio,,vlm_runs/2026-06-08/LP_Parking_and_Restroom_Loitering_4/LP_Parking_and_Restroom_Loitering_4_20260608T030000.jpg,vehicle_prompts,done,2026-06-09T14:45:56.097343+00:00,,2.401,2.401,0,nvidia/cosmos-reason2-8b," timestamp: <0.0> 
1. Not visible
2. Not visible
3. Not visible
4. Not visible
5. Not visible
6. Not visible
7. Not visible
8. Not visible
9. Not visible
10. Not visible
11. Not visible
12. Not visible
13. Not visible
14. Not visible"
vlm_runs/2026-06-08,LP_Parking_and_Restroom_Loitering_4_20260608T040000.jpg,minio,,vlm_runs/2026-06-08/LP_Parking_and_Restroom_Loitering_4/LP_Parking_and_Restroom_Loitering_4_20260608T040000.jpg,vehicle_prompts,done,2026-06-09T14:45:56.097360+00:00,,2.246,2.246,0,nvidia/cosmos-reason2-8b,"<0.0> 
1. Not visible
2. Not visible
3. Not visible
4. Not visible
5. Not visible
6. Not visible
7. Not visible
8. Not visible
9. Not visible
10. Not visible
11. Not visible
12. Not visible
13. Not visible
14. Not visible"
vlm_runs/2026-06-08,LP_Parking_and_Restroom_Loitering_4_20260608T043000.jpg,minio,,vlm_runs/2026-06-08/LP_Parking_and_Restroom_Loitering_4/LP_Parking_and_Restroom_Loitering_4_20260608T043000.jpg,vehicle_prompts,done,2026-06-09T14:45:56.097369+00:00,,1.868,1.868,0,nvidia/cosmos-reason2-8b,0.0
vlm_runs/2026-06-08,LP_Parking_and_Restroom_Loitering_4_20260608T050000.jpg,minio,,vlm_runs/2026-06-08/LP_Parking_and_Restroom_Loitering_4/LP_Parking_and_Restroom_Loitering_4_20260608T050000.jpg,vehicle_prompts,done,2026-06-09T14:45:56.097378+00:00,,1.408,1.408,0,nvidia/cosmos-reason2-8b,0.0
vlm_runs/2026-06-08,LP_Parking_and_Restroom_Loitering_4_20260608T053000.jpg,minio,,vlm_runs/2026-06-08/LP_Parking_and_Restroom_Loitering_4/LP_Parking_and_Restroom_Loitering_4_20260608T053000.jpg,vehicle_prompts,done,2026-06-09T14:45:56.097386+00:00,,1.634,1.634,0,nvidia/cosmos-reason2-8b,"<0.0> 
1. Not visible
2. Not visible
3. Not visible
4. Not visible
5. Not visible
6. Not visible
7. Not visible
8. Not visible
9. Not visible
10. Not visible
11. Not visible
12. Not visible
13. Not visible
14. Not visible"
vlm_runs/2026-06-08,LP_Parking_and_Restroom_Loitering_4_20260608T061500.jpg,minio,,vlm_runs/2026-06-08/LP_Parking_and_Restroom_Loitering_4/LP_Parking_and_Restroom_Loitering_4_20260608T061500.jpg,vehicle_prompts,done,2026-06-09T14:45:56.097398+00:00,,1.107,1.107,0,nvidia/cosmos-reason2-8b,"<0.0> 
[GENERAL VEHICLE SAFETY]
1. Not visible
2. Not visible

[COLLISIONS & NEAR MISSES]
3. Not visible
4. Not visible

[PARKING & ACCESS VIOLATIONS]
5. Not visible
6. Not visible

[SUSPICIOUS VEHICLE BEHAVIOR]
7. Not visible
8. Not visible

[VEHICLE IDENTIFICATION]
9. Not visible
10. Not visible
11. Not visible

[PEDESTRIAN & CHILD SAFETY]
12. Not visible
13. Not visible
14. Not visible"
vlm_runs/2026-06-08,LP_Parking_and_Restroom_Loitering_4_20260608T064500.jpg,minio,,vlm_runs/2026-06-08/LP_Parking_and_Restroom_Loitering_4/LP_Parking_and_Restroom_Loitering_4_20260608T064500.jpg,vehicle_prompts,done,2026-06-09T14:45:56.097406+00:00,,0.884,0.884,0,nvidia/cosmos-reason2-8b,"<0.0> 
1. Not visible
2. Not visible
3. Not visible
4. Not visible
5. Not visible
6. Not visible
7. Not visible
8. Not visible
9. Not visible
10. Not visible
11. Not visible
12. Not visible
13. Not visible
14. Not visible"
vlm_runs/2026-06-08,LP_Parking_and_Restroom_Loitering_4_20260608T071500.jpg,minio,,vlm_runs/2026-06-08/LP_Parking_and_Restroom_Loitering_4/LP_Parking_and_Restroom_Loitering_4_20260608T071500.jpg,vehicle_prompts,done,2026-06-09T14:45:56.097414+00:00,,1.023,1.023,0,nvidia/cosmos-reason2-8b,"<0.0> 
[GENERAL VEHICLE SAFETY]
1. Yes
2. No

[COLLISIONS & NEAR MISSES]
3. No
4. No

[PARKING & ACCESS VIOLATIONS]
5. No
6. No

[SUSPICIOUS VEHICLE BEHAVIOR]
7. No
8. No

[VEHICLE IDENTIFICATION]
9. No
10. Not visible
11. Not visible

[PEDESTRIAN & CHILD SAFETY]
12. No
13. No
14. No"
vlm_runs/2026-06-08,LP_Parking_and_Restroom_Loitering_4_20260608T063000.jpg,minio,,vlm_runs/2026-06-08/LP_Parking_and_Restroom_Loitering_4/LP_Parking_and_Restroom_Loitering_4_20260608T063000.jpg,vehicle_prompts,done,2026-06-09T14:45:56.097402+00:00,,1.659,1.659,0,nvidia/cosmos-reason2-8b,"<0.0> 
[GENERAL VEHICLE SAFETY]
1. Not visible
2. Not visible

[COLLISIONS & NEAR MISSES]
3. Not visible
4. Not visible

[PARKING & ACCESS VIOLATIONS]
5. Not visible
6. Not visible

[SUSPICIOUS VEHICLE BEHAVIOR]
7. Not visible
8. Not visible

[VEHICLE IDENTIFICATION]
9. Not visible
10. Not visible
11. Not visible
12. Not visible
13. Not visible
14. Not visible"
vlm_runs/2026-06-08,LP_Parking_and_Restroom_Loitering_4_20260608T060000.jpg,minio,,vlm_runs/2026-06-08/LP_Parking_and_Restroom_Loitering_4/LP_Parking_and_Restroom_Loitering_4_20260608T060000.jpg,vehicle_prompts,done,2026-06-09T14:45:56.097394+00:00,,2.388,2.388,0,nvidia/cosmos-reason2-8b,"<0.0> 
1. Not visible
2. Not visible
3. Not visible
4. Not visible
5. Not visible
6. Not visible
7. Not visible
8. Not visible
9. Not visible
10. Not visible
11. Not visible
12. Not visible
13. Not visible
14. Not visible"
vlm_runs/2026-06-08,LP_Parking_and_Restroom_Loitering_4_20260608T070000.jpg,minio,,vlm_runs/2026-06-08/LP_Parking_and_Restroom_Loitering_4/LP_Parking_and_Restroom_Loitering_4_20260608T070000.jpg,vehicle_prompts,done,2026-06-09T14:45:56.097410+00:00,,2.008,2.008,0,nvidia/cosmos-reason2-8b,"<0.0> 
[GENERAL VEHICLE SAFETY]
1. Yes
2. No

[COLLISIONS & NEAR MISSES]
3. No
4. Not visible

[PARKING & ACCESS VIOLATIONS]
5. Not visible
6. Not visible

[SUSPICIOUS VEHICLE BEHAVIOR]
7. Not visible
8. Not visible

[VEHICLE IDENTIFICATION]
9. Not visible
10. Not visible
11. Not visible

[PEDESTRIAN & CHILD SAFETY]
12. Not visible
13. Not visible
14. Not visible"
vlm_runs/2026-06-08,LP_Parking_and_Restroom_Loitering_4_20260608T080000.jpg,minio,,vlm_runs/2026-06-08/LP_Parking_and_Restroom_Loitering_4/LP_Parking_and_Restroom_Loitering_4_20260608T080000.jpg,vehicle_prompts,done,2026-06-09T14:45:56.097427+00:00,,1.129,1.129,0,nvidia/cosmos-reason2-8b,"0.0 The image shows vehicles parked in a parking lot with no visible movement or interaction, indicating a general lack of activity. All vehicles appear stationary and properly parked within designated spaces, with no signs of unsafe speed or collisions. There are no vehicles in fire lanes, emergency corridors, or no-stopping zones, nor are there any vehicles in the wrong-way or restricted areas. No suspicious vehicle behavior or threatening maneuvers are observed, and there is no visible contact between pedestrians and parked vehicles. The vehicles have visible license plates, but their numbers cannot be read due to distance or angle. The scene does not show any individuals being struck or injured by vehicles, nor any near misses involving pedestrians. No children are visible in the scene."
vlm_runs/2026-06-08,LP_Parking_and_Restroom_Loitering_4_20260608T074500.jpg,minio,,vlm_runs/2026-06-08/LP_Parking_and_Restroom_Loitering_4/LP_Parking_and_Restroom_Loitering_4_20260608T074500.jpg,vehicle_prompts,done,2026-06-09T14:45:56.097422+00:00,,1.435,1.435,0,nvidia/cosmos-reason2-8b,"Visible Timestamp: 0.0 <br>
Vehicles: 12 <br>
Pedestrians: 0 <br>
Other Moving Objects: 0"
vlm_runs/2026-06-08,LP_Parking_and_Restroom_Loitering_4_20260608T054500.jpg,minio,,vlm_runs/2026-06-08/LP_Parking_and_Restroom_Loitering_4/LP_Parking_and_Restroom_Loitering_4_20260608T054500.jpg,vehicle_prompts,done,2026-06-09T14:45:56.097390+00:00,,2.829,2.829,0,nvidia/cosmos-reason2-8b,"<0.0> 
1. Not visible
2. Not visible
3. Not visible
4. Not visible
5. Not visible
6. Not visible
7. Not visible
8. Not visible
9. Not visible
10. Not visible
11. Not visible
12. Not visible
13. Not visible
14. Not visible"
vlm_runs/2026-06-08,LP_Parking_and_Restroom_Loitering_4_20260608T073000.jpg,minio,,vlm_runs/2026-06-08/LP_Parking_and_Restroom_Loitering_4/LP_Parking_and_Restroom_Loitering_4_20260608T073000.jpg,vehicle_prompts,done,2026-06-09T14:45:56.097418+00:00,,2.179,2.179,0,nvidia/cosmos-reason2-8b,"<0.0> 
[GENERAL VEHICLE SAFETY]
1. Not visible
2. Not visible
3. Not visible
4. Not visible
5. Not visible
6. Not visible
7. Not visible
8. Not visible
9. Not visible
10. Not visible
11. Not visible
12. Not visible
13. Not visible
14. Not visible"
vlm_runs/2026-06-08,LP_Parking_and_Restroom_Loitering_4_20260608T090000.jpg,minio,,vlm_runs/2026-06-08/LP_Parking_and_Restroom_Loitering_4/LP_Parking_and_Restroom_Loitering_4_20260608T090000.jpg,vehicle_prompts,done,2026-06-09T14:45:56.097443+00:00,,0.969,0.969,0,nvidia/cosmos-reason2-8b,0.0
vlm_runs/2026-06-08,LP_Parking_and_Restroom_Loitering_4_20260608T081500.jpg,minio,,vlm_runs/2026-06-08/LP_Parking_and_Restroom_Loitering_4/LP_Parking_and_Restroom_Loitering_4_20260608T081500.jpg,vehicle_prompts,done,2026-06-09T14:45:56.097431+00:00,,1.733,1.733,0,nvidia/cosmos-reason2-8b,"Visible timestamp: 0.0s

[GENERAL VEHICLE SAFETY]
1. Not visible
2. Not visible

[COLLISIONS & NEAR MISSES]
3. Not visible
4. Not visible

[PARKING & ACCESS VIOLATIONS]
5. Not visible
6. Not visible

[SUSPICIOUS VEHICLE BEHAVIOR]
7. Not visible
8. Not visible

[VEHICLE IDENTIFICATION]
9. Not visible
10. Not visible
11. Not visible
12. Not visible
13. Not visible
14. Not visible"
vlm_runs/2026-06-08,LP_Parking_and_Restroom_Loitering_4_20260608T083000.jpg,minio,,vlm_runs/2026-06-08/LP_Parking_and_Restroom_Loitering_4/LP_Parking_and_Restroom_Loitering_4_20260608T083000.jpg,vehicle_prompts,done,2026-06-09T14:45:56.097435+00:00,,1.557,1.557,0,nvidia/cosmos-reason2-8b," GENERAL VEHICLE SAFETY
1. Yes, all vehicles are parked at safe speeds in designated areas.
2. No, there are no vehicles traveling at unsafe speeds.

COLLISIONS & NEAR MISSES
3. No, there are no collisions or near misses involving vehicles, city assets, or pedestrians.
4. No, there are no near misses.

PARKING & ACCESS VIOLATIONS
5. No, there are no vehicles in fire lanes, emergency corridors, or no-stopping zones.
6. No, there are no vehicles in wrong-way or restricted areas.

SUSPICIOUS VEHICLE BEHAVIOR
7. No, there are no vehicles making threatening maneuvers or pursuing pedestrians.
8. No, there are no individuals making suspicious contact with parked vehicles.

VEHICLE IDENTIFICATION
9. No vehicles have obscured or no plates.
10. Not visible.
11. Not visible.
12. No, there are no individuals struck or injured by vehicles.
13. No, there are no near misses involving individuals.
14. No, there are no children struck or at risk."
vlm_runs/2026-06-08,LP_Parking_and_Restroom_Loitering_4_20260608T093000.jpg,minio,,vlm_runs/2026-06-08/LP_Parking_and_Restroom_Loitering_4/LP_Parking_and_Restroom_Loitering_4_20260608T093000.jpg,vehicle_prompts,done,2026-06-09T14:45:56.097450+00:00,,1.18,1.18,0,nvidia/cosmos-reason2-8b,"0.0 The image shows vehicles parked in designated parking spaces, with no indication of unsafe speed, collisions, or violations of parking rules. There are no visible pedestrians or suspicious activities involving vehicles."
vlm_runs/2026-06-08,LP_Parking_and_Restroom_Loitering_4_20260608T084500.jpg,minio,,vlm_runs/2026-06-08/LP_Parking_and_Restroom_Loitering_4/LP_Parking_and_Restroom_Loitering_4_20260608T084500.jpg,vehicle_prompts,done,2026-06-09T14:45:56.097439+00:00,,1.674,1.674,0,nvidia/cosmos-reason2-8b,"<0.0>

GENERAL VEHICLE SAFETY
1. Yes
2. No

COLLISIONS & NEAR MISSES
3. No
4. No

PARKING & ACCESS VIOLATIONS
5. No
6. No

SUSPICIOUS VEHICLE BEHAVIOR
7. No
8. No

VEHICLE IDENTIFICATION
9. No
10. Not visible
11. Not visible
12. No
13. No
14. No"
vlm_runs/2026-06-08,LP_Parking_and_Restroom_Loitering_4_20260608T101500.jpg,minio,,vlm_runs/2026-06-08/LP_Parking_and_Restroom_Loitering_4/LP_Parking_and_Restroom_Loitering_4_20260608T101500.jpg,vehicle_prompts,done,2026-06-09T14:45:56.097462+00:00,,1.256,1.256,0,nvidia/cosmos-reason2-8b,"<0.0>

[GENERAL VEHICLE SAFETY]
1. Not visible
2. Not visible

[COLLISIONS & NEAR MISSES]
3. Not visible
4. Not visible

[PARKING & ACCESS VIOLATIONS]
5. Not visible
6. Not visible

[SUSPICIOUS VEHICLE BEHAVIOR]
7. Not visible
8. Not visible

[VEHICLE IDENTIFICATION]
9. Not visible
10. Not visible
11. Not visible
12. Not visible
13. Not visible
14. Not visible"
vlm_runs/2026-06-08,LP_Parking_and_Restroom_Loitering_4_20260608T100000.jpg,minio,,vlm_runs/2026-06-08/LP_Parking_and_Restroom_Loitering_4/LP_Parking_and_Restroom_Loitering_4_20260608T100000.jpg,vehicle_prompts,done,2026-06-09T14:45:56.097458+00:00,,1.532,1.532,0,nvidia/cosmos-reason2-8b,"<0.0>

[SUSPICIOUS VEHICLE BEHAVIOR]
7. No
8. No

[VEHICLE IDENTIFICATION]
9. Not visible
10. Not visible
11. Not visible

[PARKING & ACCESS VIOLATIONS]
5. Not visible
6. Not visible"
vlm_runs/2026-06-08,LP_Parking_and_Restroom_Loitering_4_20260608T094500.jpg,minio,,vlm_runs/2026-06-08/LP_Parking_and_Restroom_Loitering_4/LP_Parking_and_Restroom_Loitering_4_20260608T094500.jpg,vehicle_prompts,done,2026-06-09T14:45:56.097454+00:00,,2.175,2.175,0,nvidia/cosmos-reason2-8b,"0.0

[GENERAL VEHICLE SAFETY]
1. Not visible
2. Not visible

[COLLISIONS & NEAR MISSES]
3. Not visible
4. Not visible

[PARKING & ACCESS VIOLATIONS]
5. Not visible
6. Not visible

[SUSPICIOUS VEHICLE BEHAVIOR]
7. Not visible
8. Not visible

[VEHICLE IDENTIFICATION]
9. Not visible
10. Not visible
11. Not visible
12. Not visible
13. Not visible
14. Not visible"
vlm_runs/2026-06-08,LP_Parking_and_Restroom_Loitering_4_20260608T104500.jpg,minio,,vlm_runs/2026-06-08/LP_Parking_and_Restroom_Loitering_4/LP_Parking_and_Restroom_Loitering_4_20260608T104500.jpg,vehicle_prompts,done,2026-06-09T14:45:56.097470+00:00,,1.526,1.526,0,nvidia/cosmos-reason2-8b,"0.0s

[GENERAL VEHICLE SAFETY]
1. Yes
2. No

[COLLISIONS & NEAR MISSES]
3. No
4. Not visible

[PARKING & ACCESS VIOLATIONS]
5. Not visible
6. Not visible

[SUSPICIOUS VEHICLE BEHAVIOR]
7. Not visible
8. Not visible

[VEHICLE IDENTIFICATION]
9. Not visible
10. Not visible
11. Not visible
12. Not visible
13. Not visible
14. Not visible"
vlm_runs/2026-06-08,LP_Parking_and_Restroom_Loitering_4_20260608T110000.jpg,minio,,vlm_runs/2026-06-08/LP_Parking_and_Restroom_Loitering_4/LP_Parking_and_Restroom_Loitering_4_20260608T110000.jpg,vehicle_prompts,done,2026-06-09T14:45:56.097474+00:00,,1.282,1.282,0,nvidia/cosmos-reason2-8b,"0.0

[GENERAL VEHICLE SAFETY]
1. Not visible
2. Not visible

[COLLISIONS & NEAR MISSES]
3. Not visible
4. Not visible

[PARKING & ACCESS VIOLATIONS]
5. Not visible
6. Not visible

[SUSPICIOUS VEHICLE BEHAVIOR]
7. Not visible
8. Not visible

[VEHICLE IDENTIFICATION]
9. Not visible
10. Not visible
11. Not visible
12. Not visible
13. Not visible
14. Not visible"
vlm_runs/2026-06-08,LP_Parking_and_Restroom_Loitering_4_20260608T103000.jpg,minio,,vlm_runs/2026-06-08/LP_Parking_and_Restroom_Loitering_4/LP_Parking_and_Restroom_Loitering_4_20260608T103000.jpg,vehicle_prompts,done,2026-06-09T14:45:56.097466+00:00,,1.886,1.886,0,nvidia/cosmos-reason2-8b,"<0.0>

[GENERAL VEHICLE SAFETY]
1. Not visible
2. Not visible

[COLLISIONS & NEAR MISSES]
3. Not visible
4. Not visible

[PARKING & ACCESS VIOLATIONS]
5. Not visible
6. Not visible

[SUSPICIOUS VEHICLE BEHAVIOR]
7. Not visible
8. Not visible

[VEHICLE IDENTIFICATION]
9. Not visible
10. Not visible
11. Not visible
12. Not visible
13. Not visible
14. Not visible"
vlm_runs/2026-06-08,LP_Parking_and_Restroom_Loitering_4_20260608T113000.jpg,minio,,vlm_runs/2026-06-08/LP_Parking_and_Restroom_Loitering_4/LP_Parking_and_Restroom_Loitering_4_20260608T113000.jpg,vehicle_prompts,done,2026-06-09T14:45:56.097483+00:00,,0.706,0.706,0,nvidia/cosmos-reason2-8b,"<0.0> 
[GENERAL VEHICLE SAFETY]
1. Not visible
2. Not visible

[COLLISIONS & NEAR MISSES]
3. Not visible
4. Not visible

[PARKING & ACCESS VIOLATIONS]
5. Not visible
6. Not visible

[SUSPICIOUS VEHICLE BEHAVIOR]
7. Not visible
8. Not visible

[VEHICLE IDENTIFICATION]
9. Not visible
10. Not visible
11. Not visible
12. Not visible
13. Not visible
14. Not visible"
vlm_runs/2026-06-08,LP_Parking_and_Restroom_Loitering_4_20260608T114500.jpg,minio,,vlm_runs/2026-06-08/LP_Parking_and_Restroom_Loitering_4/LP_Parking_and_Restroom_Loitering_4_20260608T114500.jpg,vehicle_prompts,done,2026-06-09T14:45:56.097487+00:00,,0.849,0.849,0,nvidia/cosmos-reason2-8b,"<0.0> 
[GENERAL VEHICLE SAFETY]
1. Not visible
2. Not visible

[COLLISIONS & NEAR MISSES]
3. Not visible
4. Not visible

[PARKING & ACCESS VIOLATIONS]
5. Not visible
6. Not visible

[SUSPICIOUS VEHICLE BEHAVIOR]
7. Not visible
8. Not visible

[VEHICLE IDENTIFICATION]
9. Not visible
10. Not visible
11. Not visible
12. Not visible
13. Not visible
14. Not visible"
vlm_runs/2026-06-08,LP_Parking_and_Restroom_Loitering_4_20260608T120000.jpg,minio,,vlm_runs/2026-06-08/LP_Parking_and_Restroom_Loitering_4/LP_Parking_and_Restroom_Loitering_4_20260608T120000.jpg,vehicle_prompts,done,2026-06-09T14:45:56.097490+00:00,,0.977,0.977,0,nvidia/cosmos-reason2-8b,"Visible timestamp: 0.0

[GENERAL VEHICLE SAFETY]
1. Not visible

[COLLISIONS & NEAR MISSES]
3. Not visible

[PARKING & ACCESS VIOLATIONS]
5. Not visible

[SUSPICIOUS VEHICLE BEHAVIOR]
7. Not visible

[VEHICLE IDENTIFICATION]
9. Not visible

[PEDESTRIAN & CHILD SAFETY]
12. Not visible"
vlm_runs/2026-06-08,LP_Parking_and_Restroom_Loitering_4_20260608T124500.jpg,minio,,vlm_runs/2026-06-08/LP_Parking_and_Restroom_Loitering_4/LP_Parking_and_Restroom_Loitering_4_20260608T124500.jpg,vehicle_prompts,done,2026-06-09T14:45:56.097503+00:00,,0.696,0.696,0,nvidia/cosmos-reason2-8b,Not visible
vlm_runs/2026-06-08,LP_Parking_and_Restroom_Loitering_4_20260608T111500.jpg,minio,,vlm_runs/2026-06-08/LP_Parking_and_Restroom_Loitering_4/LP_Parking_and_Restroom_Loitering_4_20260608T111500.jpg,vehicle_prompts,done,2026-06-09T14:45:56.097479+00:00,,2.131,2.131,0,nvidia/cosmos-reason2-8b,"<0.0> 
[GENERAL VEHICLE SAFETY]
1. Yes
2. No

[COLLISIONS & NEAR MISSES]
3. No
4. No

[PARKING & ACCESS VIOLATIONS]
5. No
6. No

[SUSPICIOUS VEHICLE BEHAVIOR]
7. No
8. No

[VEHICLE IDENTIFICATION]
9. No
10. Not visible
11. Not visible
12. No
13. No
14. No"
vlm_runs/2026-06-08,LP_Parking_and_Restroom_Loitering_4_20260608T123000.jpg,minio,,vlm_runs/2026-06-08/LP_Parking_and_Restroom_Loitering_4/LP_Parking_and_Restroom_Loitering_4_20260608T123000.jpg,vehicle_prompts,done,2026-06-09T14:45:56.097498+00:00,,1.185,1.185,0,nvidia/cosmos-reason2-8b,0.0 1. Not visible 2. Not visible 3. Not visible 4. Not visible 5. Not visible 6. Not visible 7. Not visible 8. Not visible 9. Not visible 10. Not visible 11. Not visible 12. Not visible 13. Not visible 14. Not visible
vlm_runs/2026-06-08,LP_Parking_and_Restroom_Loitering_4_20260608T091500.jpg,minio,,vlm_runs/2026-06-08/LP_Parking_and_Restroom_Loitering_4/LP_Parking_and_Restroom_Loitering_4_20260608T091500.jpg,vehicle_prompts,done,2026-06-09T14:45:56.097447+00:00,,4.021,4.021,0,nvidia/cosmos-reason2-8b,"0.0 The image shows vehicles parked in a parking lot with no visible movement or interaction, indicating a safe environment. All vehicles are stationary and parked in designated spaces, with no signs of unsafe speed or collisions. There are no pedestrians or individuals in the scene, so no near misses or injuries are observed. No vehicles are in fire lanes or restricted areas, and there are no suspicious behaviors or obscured license plates. The vehicles present include a black car in the foreground, a white SUV, and several other cars in the background.

0.0 The image shows vehicles parked in a parking lot with no visible movement or interaction, indicating a safe environment. All vehicles are stationary and parked in designated spaces, with no signs of unsafe speed or collisions. There are no pedestrians or individuals in the scene, so no near misses or injuries are observed. No vehicles are in fire lanes or restricted areas, and there are no suspicious behaviors or obscured license plates. The vehicles present include a black car in the foreground, a white SUV, and several other cars in the background.

0.0 The image shows vehicles parked in a parking lot with no visible movement or interaction, indicating a safe environment. All vehicles are stationary and parked in designated spaces, with no signs of unsafe speed or collisions. There are no pedestrians or individuals in the scene, so no near misses or injuries are observed. No vehicles are in fire lanes or restricted areas, and there are no suspicious behaviors or obscured license plates. The vehicles present include a black car in the foreground, a white SUV, and several other cars in the background.

0.0 The image shows vehicles parked in a parking lot with no visible movement or interaction, indicating a safe environment. All vehicles are stationary and parked in designated spaces, with no signs of unsafe speed or collisions. There are no pedestrians or individuals in the scene, so no near misses or injuries are observed. No vehicles are in fire lanes or restricted areas, and there are no suspicious behaviors or obscured license plates. The vehicles present include a black car in the foreground, a white SUV, and several other cars in the background.

0.0 The image shows vehicles parked in a parking lot with no visible movement or interaction, indicating a safe environment. All vehicles are stationary and parked in designated spaces, with no signs of unsafe speed or collisions. There are no pedestrians or individuals in the scene, so no near misses or injuries are observed. No vehicles are in fire lanes or restricted areas, and there are no suspicious behaviors or obscured license plates. The vehicles present include a black car in the foreground, a white SUV, and several other cars in the background.

0.0 The image shows vehicles parked in a parking lot with no visible movement or interaction, indicating a safe environment. All vehicles are stationary and parked in designated spaces, with no signs of unsafe speed or collisions. There are no pedestrians or individuals in the scene, so no near misses or injuries are observed. No vehicles are in fire lanes or restricted areas, and there are no suspicious behaviors or obscured license plates. The vehicles present include a black car in the foreground, a white SUV, and several other cars in the background.

0.0 The image shows vehicles parked in a parking lot with no visible movement or interaction, indicating a safe environment. All vehicles are stationary and parked in designated spaces, with no signs of unsafe speed or collisions. There are no pedestrians or individuals in the scene, so no near misses or injuries are observed. No vehicles are in fire lanes or restricted areas, and there are no suspicious behaviors or obscured license plates. The vehicles present include a black car in the foreground, a white SUV, and several other cars in the background.

0.0 The image shows vehicles parked in a parking lot with no visible movement or interaction, indicating a safe environment. All vehicles are stationary and parked in designated spaces, with no signs of unsafe speed or collisions. There are no pedestrians or individuals in the scene, so no near misses or injuries are observed. No vehicles are in fire lanes or restricted areas, and there are no suspicious behaviors or obscured license plates. The vehicles present include a black car in the foreground, a white SUV, and several other cars in the background.

0.0 The image shows vehicles parked in a parking lot with no visible movement or interaction, indicating a safe environment. All vehicles are stationary and parked in designated spaces, with no signs of unsafe speed or collisions. There are no pedestrians or individuals in the scene, so no near misses or injuries are observed. No vehicles are in fire lanes or restricted areas, and there are no suspicious behaviors or obscured license plates. The vehicles present include a black car in the foreground, a white SUV, and several other cars in the background.

0.0 The image shows vehicles parked in a parking lot with no visible movement or interaction, indicating a safe environment. All vehicles are stationary and parked in designated spaces, with no signs of unsafe speed or collisions. There are no pedestrians or individuals in the scene, so no near misses or injuries are observed. No vehicles are in fire lanes or restricted"
vlm_runs/2026-06-08,LP_Parking_and_Restroom_Loitering_4_20260608T134500.jpg,minio,,vlm_runs/2026-06-08/LP_Parking_and_Restroom_Loitering_4/LP_Parking_and_Restroom_Loitering_4_20260608T134500.jpg,vehicle_prompts,done,2026-06-09T14:45:56.097519+00:00,,0.807,0.807,0,nvidia/cosmos-reason2-8b,"<0.0> 
[GENERAL VEHICLE SAFETY]
1. Not visible
2. Not visible

[COLLISIONS & NEAR MISSES]
3. Not visible
4. Not visible

[PARKING & ACCESS VIOLATIONS]
5. Not visible
6. Not visible

[SUSPICIOUS VEHICLE BEHAVIOR]
7. Not visible
8. Not visible

[VEHICLE IDENTIFICATION]
9. Not visible
10. Not visible
11. Not visible
12. Not visible
13. Not visible
14. Not visible"
vlm_runs/2026-06-08,LP_Parking_and_Restroom_Loitering_4_20260608T130000.jpg,minio,,vlm_runs/2026-06-08/LP_Parking_and_Restroom_Loitering_4/LP_Parking_and_Restroom_Loitering_4_20260608T130000.jpg,vehicle_prompts,done,2026-06-09T14:45:56.097506+00:00,,1.55,1.55,0,nvidia/cosmos-reason2-8b,"<0.0>

[GENERAL VEHICLE SAFETY]
1. Not visible
2. Not visible

[COLLISIONS & NEAR MISSES]
3. Not visible
4. Not visible

[PARKING & ACCESS VIOLATIONS]
5. Not visible
6. Not visible

[SUSPICIOUS VEHICLE BEHAVIOR]
7. Not visible
8. Not visible

[VEHICLE IDENTIFICATION]
9. Not visible
10. Not visible
11. Not visible
12. Not visible
13. Not visible
14. Not visible"
vlm_runs/2026-06-08,LP_Parking_and_Restroom_Loitering_4_20260608T131500.jpg,minio,,vlm_runs/2026-06-08/LP_Parking_and_Restroom_Loitering_4/LP_Parking_and_Restroom_Loitering_4_20260608T131500.jpg,vehicle_prompts,done,2026-06-09T14:45:56.097511+00:00,,1.778,1.778,0,nvidia/cosmos-reason2-8b,"<0.0>

[GENERAL VEHICLE SAFETY]
1. Not visible
2. Not visible

[COLLISIONS & NEAR MISSES]
3. Not visible
4. Not visible

[PARKING & ACCESS VIOLATIONS]
5. Not visible
6. Not visible

[SUSPICIOUS VEHICLE BEHAVIOR]
7. Not visible
8. Not visible

[VEHICLE IDENTIFICATION]
9. Not visible
10. Not visible
11. Not visible
12. Not visible
13. Not visible
14. Not visible"
vlm_runs/2026-06-08,LP_Parking_and_Restroom_Loitering_4_20260608T133000.jpg,minio,,vlm_runs/2026-06-08/LP_Parking_and_Restroom_Loitering_4/LP_Parking_and_Restroom_Loitering_4_20260608T133000.jpg,vehicle_prompts,done,2026-06-09T14:45:56.097515+00:00,,1.651,1.651,0,nvidia/cosmos-reason2-8b,"<0.0> 
[GENERAL VEHICLE SAFETY]
1. Not visible
2. Not visible

[COLLISIONS & NEAR MISSES]
3. Not visible
4. Not visible

[PARKING & ACCESS VIOLATIONS]
5. Not visible
6. Not visible

[SUSPICIOUS VEHICLE BEHAVIOR]
7. Not visible
8. Not visible

[VEHICLE IDENTIFICATION]
9. Not visible
10. Not visible
11. Not visible
12. Not visible
13. Not visible
14. Not visible"
vlm_runs/2026-06-08,LP_Parking_and_Restroom_Loitering_4_20260608T143000.jpg,minio,,vlm_runs/2026-06-08/LP_Parking_and_Restroom_Loitering_4/LP_Parking_and_Restroom_Loitering_4_20260608T143000.jpg,vehicle_prompts,done,2026-06-09T14:45:56.097531+00:00,,1.578,1.578,0,nvidia/cosmos-reason2-8b,"<0.0> 
[GENERAL VEHICLE SAFETY]
1. Yes
2. No

[COLLISIONS & NEAR MISSES]
3. No
4. 0

[PARKING & ACCESS VIOLATIONS]
5. No
6. No

[SUSPICIOUS VEHICLE BEHAVIOR]
7. No
8. No

[VEHICLE IDENTIFICATION]
9. 0
10. Not visible
11. Not visible
12. 0
13. 0
14. 0"
vlm_runs/2026-06-08,LP_Parking_and_Restroom_Loitering_4_20260608T141500.jpg,minio,,vlm_runs/2026-06-08/LP_Parking_and_Restroom_Loitering_4/LP_Parking_and_Restroom_Loitering_4_20260608T141500.jpg,vehicle_prompts,done,2026-06-09T14:45:56.097527+00:00,,1.662,1.662,0,nvidia/cosmos-reason2-8b,"<0.0> 
[GENERAL VEHICLE SAFETY]
1. Not visible
2. Not visible

[COLLISIONS & NEAR MISSES]
3. Not visible
4. Not visible

[PARKING & ACCESS VIOLATIONS]
5. Not visible
6. Not visible

[SUSPICIOUS VEHICLE BEHAVIOR]
7. Not visible
8. Not visible

[VEHICLE IDENTIFICATION]
9. Not visible
10. Not visible
11. Not visible
[PEDESTRIAN & CHILD SAFETY]
12. Not visible
13. Not visible
14. Not visible"
vlm_runs/2026-06-08,LP_Parking_and_Restroom_Loitering_4_20260608T153000.jpg,minio,,vlm_runs/2026-06-08/LP_Parking_and_Restroom_Loitering_4/LP_Parking_and_Restroom_Loitering_4_20260608T153000.jpg,vehicle_prompts,done,2026-06-09T14:45:56.097546+00:00,,0.722,0.722,0,nvidia/cosmos-reason2-8b,"<0.0> 
1. Not visible
2. Not visible
3. Not visible
4. Not visible
5. Not visible
6. Not visible
7. Not visible
8. Not visible
9. Not visible
10. Not visible
11. Not visible
12. Not visible
13. Not visible
14. Not visible"
vlm_runs/2026-06-08,LP_Parking_and_Restroom_Loitering_4_20260608T150000.jpg,minio,,vlm_runs/2026-06-08/LP_Parking_and_Restroom_Loitering_4/LP_Parking_and_Restroom_Loitering_4_20260608T150000.jpg,vehicle_prompts,done,2026-06-09T14:45:56.097538+00:00,,1.355,1.355,0,nvidia/cosmos-reason2-8b,Not visible
vlm_runs/2026-06-08,LP_Parking_and_Restroom_Loitering_4_20260608T140000.jpg,minio,,vlm_runs/2026-06-08/LP_Parking_and_Restroom_Loitering_4/LP_Parking_and_Restroom_Loitering_4_20260608T140000.jpg,vehicle_prompts,done,2026-06-09T14:45:56.097523+00:00,,2.257,2.257,0,nvidia/cosmos-reason2-8b,"<0.0>

GENERAL VEHICLE SAFETY
1. All vehicles are parked within designated parking spaces, indicating they are at a safe speed.
2. Not visible

COLLISIONS & NEAR MISSES
3. Not visible
4. Not visible

PARKING & ACCESS VIOLATIONS
5. Not visible
6. Not visible

SUSPICIOUS VEHICLE BEHAVIOR
7. Not visible
8. Not visible

VEHICLE IDENTIFICATION
9. Not visible
10. Not visible
11. Not visible
12. Not visible
13. Not visible
14. Not visible"
vlm_runs/2026-06-08,LP_Parking_and_Restroom_Loitering_4_20260608T121500.jpg,minio,,vlm_runs/2026-06-08/LP_Parking_and_Restroom_Loitering_4/LP_Parking_and_Restroom_Loitering_4_20260608T121500.jpg,vehicle_prompts,done,2026-06-09T14:45:56.097495+00:00,,3.464,3.464,0,nvidia/cosmos-reason2-8b,"<0.0> 
[GENERAL VEHICLE SAFETY]
1. Not visible
2. Not visible

[COLLISIONS & NEAR MISSES]
3. Not visible
4. Not visible

[PARKING & ACCESS VIOLATIONS]
5. Not visible
6. Not visible

[SUSPICIOUS VEHICLE BEHAVIOR]
7. Not visible
8. Not visible

[VEHICLE IDENTIFICATION]
9. Not visible
10. Not visible
11. Not visible
12. Not visible
13. Not visible
14. Not visible"
vlm_runs/2026-06-08,LP_Parking_and_Restroom_Loitering_4_20260608T160000.jpg,minio,,vlm_runs/2026-06-08/LP_Parking_and_Restroom_Loitering_4/LP_Parking_and_Restroom_Loitering_4_20260608T160000.jpg,vehicle_prompts,done,2026-06-09T14:45:56.097554+00:00,,0.832,0.832,0,nvidia/cosmos-reason2-8b,"<0.0> 
[GENERAL VEHICLE SAFETY]
1. Yes
2. No

[COLLISIONS & NEAR MISSES]
3. No
4. 0

[PARKING & ACCESS VIOLATIONS]
5. No
6. No

[SUSPICIOUS VEHICLE BEHAVIOR]
7. No
8. No

[VEHICLE IDENTIFICATION]
9. 0
10. Not visible
11. Not visible
12. 0
13. 0
14. 0"
vlm_runs/2026-06-08,LP_Parking_and_Restroom_Loitering_4_20260608T151500.jpg,minio,,vlm_runs/2026-06-08/LP_Parking_and_Restroom_Loitering_4/LP_Parking_and_Restroom_Loitering_4_20260608T151500.jpg,vehicle_prompts,done,2026-06-09T14:45:56.097542+00:00,,1.455,1.455,0,nvidia/cosmos-reason2-8b,"<0.0> 
[GENERAL VEHICLE SAFETY]
1. Yes
2. No

[COLLISIONS & NEAR MISSES]
3. No
4. 0

[PARKING & ACCESS VIOLATIONS]
5. No
6. No

[SUSPICIOUS VEHICLE BEHAVIOR]
7. No
8. No

[VEHICLE IDENTIFICATION]
9. 0
10. Not visible
11. Not visible
12. 0
13. 0
14. 0"
vlm_runs/2026-06-08,LP_Parking_and_Restroom_Loitering_4_20260608T154500.jpg,minio,,vlm_runs/2026-06-08/LP_Parking_and_Restroom_Loitering_4/LP_Parking_and_Restroom_Loitering_4_20260608T154500.jpg,vehicle_prompts,done,2026-06-09T14:45:56.097550+00:00,,1.118,1.118,0,nvidia/cosmos-reason2-8b,"<0.0> 
[GENERAL VEHICLE SAFETY]
1. Not visible
2. Not visible

[COLLISIONS & NEAR MISSES]
3. Not visible
4. Not visible

[PARKING & ACCESS VIOLATIONS]
5. Not visible
6. Not visible

[SUSPICIOUS VEHICLE BEHAVIOR]
7. Not visible
8. Not visible

[VEHICLE IDENTIFICATION]
9. Not visible
10. Not visible
11. Not visible
12. Not visible
13. Not visible
14. Not visible"
vlm_runs/2026-06-08,LP_Parking_and_Restroom_Loitering_4_20260608T170000.jpg,minio,,vlm_runs/2026-06-08/LP_Parking_and_Restroom_Loitering_4/LP_Parking_and_Restroom_Loitering_4_20260608T170000.jpg,vehicle_prompts,done,2026-06-09T14:45:56.097570+00:00,,0.816,0.816,0,nvidia/cosmos-reason2-8b,"<0.0>

[SUSPICIOUS VEHICLE BEHAVIOR]
7. Not visible"
vlm_runs/2026-06-08,LP_Parking_and_Restroom_Loitering_4_20260608T161500.jpg,minio,,vlm_runs/2026-06-08/LP_Parking_and_Restroom_Loitering_4/LP_Parking_and_Restroom_Loitering_4_20260608T161500.jpg,vehicle_prompts,done,2026-06-09T14:45:56.097558+00:00,,1.051,1.051,0,nvidia/cosmos-reason2-8b,"<0.0> 
[GENERAL VEHICLE SAFETY]
1. Not visible
2. Not visible

[COLLISIONS & NEAR MISSES]
3. Not visible
4. Not visible

[PARKING & ACCESS VIOLATIONS]
5. Not visible
6. Not visible

[SUSPICIOUS VEHICLE BEHAVIOR]
7. Not visible
8. Not visible

[VEHICLE IDENTIFICATION]
9. Not visible
10. Not visible
11. Not visible
12. Not visible
13. Not visible
14. Not visible"
vlm_runs/2026-06-08,LP_Parking_and_Restroom_Loitering_4_20260608T144500.jpg,minio,,vlm_runs/2026-06-08/LP_Parking_and_Restroom_Loitering_4/LP_Parking_and_Restroom_Loitering_4_20260608T144500.jpg,vehicle_prompts,done,2026-06-09T14:45:56.097535+00:00,,2.879,2.879,0,nvidia/cosmos-reason2-8b,"<answer>0.0</answer>
1. Not visible
2. Not visible
3. Not visible
4. Not visible
5. Not visible
6. Not visible
7. Not visible
8. Not visible
9. Not visible
10. Not visible
11. Not visible
12. Not visible
13. Not visible
14. Not visible"
vlm_runs/2026-06-08,LP_Parking_and_Restroom_Loitering_4_20260608T163000.jpg,minio,,vlm_runs/2026-06-08/LP_Parking_and_Restroom_Loitering_4/LP_Parking_and_Restroom_Loitering_4_20260608T163000.jpg,vehicle_prompts,done,2026-06-09T14:45:56.097562+00:00,,1.441,1.441,0,nvidia/cosmos-reason2-8b,"<0.0> 
[GENERAL VEHICLE SAFETY]
1. Not visible
2. Not visible

[COLLISIONS & NEAR MISSES]
3. Not visible
4. Not visible

[PARKING & ACCESS VIOLATIONS]
5. Not visible
6. Not visible

[SUSPICIOUS VEHICLE BEHAVIOR]
7. Not visible
8. Not visible

[VEHICLE IDENTIFICATION]
9. Not visible
10. Not visible
11. Not visible

[PEDESTRIAN & CHILD SAFETY]
12. Not visible
13. Not visible
14. Not visible"
vlm_runs/2026-06-08,LP_Parking_and_Restroom_Loitering_4_20260608T171500.jpg,minio,,vlm_runs/2026-06-08/LP_Parking_and_Restroom_Loitering_4/LP_Parking_and_Restroom_Loitering_4_20260608T171500.jpg,vehicle_prompts,done,2026-06-09T14:45:56.097573+00:00,,1.23,1.23,0,nvidia/cosmos-reason2-8b,"<0.0> 
[GENERAL VEHICLE SAFETY]
1. Not visible
2. Not visible

[COLLISIONS & NEAR MISSES]
3. Not visible
4. Not visible

[PARKING & ACCESS VIOLATIONS]
5. Not visible
6. Not visible

[SUSPICIOUS VEHICLE BEHAVIOR]
7. Not visible
8. Not visible

[VEHICLE IDENTIFICATION]
9. Not visible
10. Not visible
11. Not visible
12. Not visible
13. Not visible
14. Not visible"
vlm_runs/2026-06-08,LP_Parking_and_Restroom_Loitering_4_20260608T173000.jpg,minio,,vlm_runs/2026-06-08/LP_Parking_and_Restroom_Loitering_4/LP_Parking_and_Restroom_Loitering_4_20260608T173000.jpg,vehicle_prompts,done,2026-06-09T14:45:56.097577+00:00,,1.352,1.352,0,nvidia/cosmos-reason2-8b,"<0.0>

[GENERAL VEHICLE SAFETY]
1. Not visible
2. Not visible

[COLLISIONS & NEAR MISSES]
3. Not visible
4. Not visible

[PARKING & ACCESS VIOLATIONS]
5. Not visible
6. Not visible

[SUSPICIOUS VEHICLE BEHAVIOR]
7. Not visible
8. Not visible

[VEHICLE IDENTIFICATION]
9. Not visible
10. Not visible
11. Not visible
12. Not visible
13. Not visible
14. Not visible"
vlm_runs/2026-06-08,LP_Parking_and_Restroom_Loitering_4_20260608T180000.jpg,minio,,vlm_runs/2026-06-08/LP_Parking_and_Restroom_Loitering_4/LP_Parking_and_Restroom_Loitering_4_20260608T180000.jpg,vehicle_prompts,done,2026-06-09T14:45:56.097585+00:00,,1.307,1.307,0,nvidia/cosmos-reason2-8b,"<0.0> 
[GENERAL VEHICLE SAFETY]
1. Not visible
2. Not visible

[COLLISIONS & NEAR MISSES]
3. Not visible
4. Not visible

[PARKING & ACCESS VIOLATIONS]
5. Not visible
6. Not visible

[SUSPICIOUS VEHICLE BEHAVIOR]
7. Not visible
8. Not visible

[VEHICLE IDENTIFICATION]
9. Not visible
10. Not visible
11. Not visible
12. Not visible
13. Not visible
14. Not visible"
vlm_runs/2026-06-08,LP_Parking_and_Restroom_Loitering_4_20260608T181500.jpg,minio,,vlm_runs/2026-06-08/LP_Parking_and_Restroom_Loitering_4/LP_Parking_and_Restroom_Loitering_4_20260608T181500.jpg,vehicle_prompts,done,2026-06-09T14:45:56.097589+00:00,,1.596,1.596,0,nvidia/cosmos-reason2-8b,"<0.0> 
[GENERAL VEHICLE SAFETY]
1. Not visible
2. Not visible

[COLLISIONS & NEAR MISSES]
3. Not visible
4. Not visible

[PARKING & ACCESS VIOLATIONS]
5. Not visible
6. Not visible

[SUSPICIOUS VEHICLE BEHAVIOR]
7. Not visible
8. Not visible

[VEHICLE IDENTIFICATION]
9. Not visible
10. Not visible
11. Not visible
[PEDESTRIAN & CHILD SAFETY]
12. Not visible
13. Not visible
14. Not visible"
vlm_runs/2026-06-08,LP_Parking_and_Restroom_Loitering_4_20260608T164500.jpg,minio,,vlm_runs/2026-06-08/LP_Parking_and_Restroom_Loitering_4/LP_Parking_and_Restroom_Loitering_4_20260608T164500.jpg,vehicle_prompts,done,2026-06-09T14:45:56.097566+00:00,,2.851,2.851,0,nvidia/cosmos-reason2-8b,"<0.0> 
[GENERAL VEHICLE SAFETY]
1. Not visible
2. Not visible

[COLLISIONS & NEAR MISSES]
3. Not visible
4. Not visible

[PARKING & ACCESS VIOLATIONS]
5. Not visible
6. Not visible

[SUSPICIOUS VEHICLE BEHAVIOR]
7. Not visible
8. Not visible

[VEHICLE IDENTIFICATION]
9. Not visible
10. Not visible
11. Not visible

[PEDESTRIAN & CHILD SAFETY]
12. Not visible
13. Not visible
14. Not visible"
vlm_runs/2026-06-08,LP_Parking_and_Restroom_Loitering_4_20260608T184500.jpg,minio,,vlm_runs/2026-06-08/LP_Parking_and_Restroom_Loitering_4/LP_Parking_and_Restroom_Loitering_4_20260608T184500.jpg,vehicle_prompts,done,2026-06-09T14:45:56.097596+00:00,,1.482,1.482,0,nvidia/cosmos-reason2-8b,"<0.0> 
[GENERAL VEHICLE SAFETY]
1. Not visible
2. Not visible

[COLLISIONS & NEAR MISSES]
3. Not visible
4. Not visible

[PARKING & ACCESS VIOLATIONS]
5. Not visible
6. Not visible

[SUSPICIOUS VEHICLE BEHAVIOR]
7. Not visible
8. Not visible

[VEHICLE IDENTIFICATION]
9. Not visible
10. Not visible
11. Not visible
[PEDESTRIAN & CHILD SAFETY]
12. Not visible
13. Not visible
14. Not visible"
vlm_runs/2026-06-08,LP_Parking_and_Restroom_Loitering_4_20260608T174500.jpg,minio,,vlm_runs/2026-06-08/LP_Parking_and_Restroom_Loitering_4/LP_Parking_and_Restroom_Loitering_4_20260608T174500.jpg,vehicle_prompts,done,2026-06-09T14:45:56.097581+00:00,,2.191,2.191,0,nvidia/cosmos-reason2-8b,"<0.0> 
[GENERAL VEHICLE SAFETY]
1. Not visible
2. Not visible

[COLLISIONS & NEAR MISSES]
3. Not visible
4. Not visible

[PARKING & ACCESS VIOLATIONS]
5. Not visible
6. Not visible

[SUSPICIOUS VEHICLE BEHAVIOR]
7. Not visible
8. Not visible

[VEHICLE IDENTIFICATION]
9. Not visible
10. Not visible
11. Not visible
12. Not visible
13. Not visible
14. Not visible"
vlm_runs/2026-06-08,LP_Parking_and_Restroom_Loitering_4_20260608T183000.jpg,minio,,vlm_runs/2026-06-08/LP_Parking_and_Restroom_Loitering_4/LP_Parking_and_Restroom_Loitering_4_20260608T183000.jpg,vehicle_prompts,done,2026-06-09T14:45:56.097593+00:00,,1.675,1.675,0,nvidia/cosmos-reason2-8b,"<0.0> 
[GENERAL VEHICLE SAFETY]
1. Not visible
2. Not visible

[COLLISIONS & NEAR MISSES]
3. Not visible
4. Not visible

[PARKING & ACCESS VIOLATIONS]
5. Not visible
6. Not visible

[SUSPICIOUS VEHICLE BEHAVIOR]
7. Not visible
8. Not visible

[VEHICLE IDENTIFICATION]
9. Not visible
10. Not visible
11. Not visible
12. Not visible
13. Not visible
14. Not visible"
vlm_runs/2026-06-08,LP_Parking_and_Restroom_Loitering_4_20260608T191500.jpg,minio,,vlm_runs/2026-06-08/LP_Parking_and_Restroom_Loitering_4/LP_Parking_and_Restroom_Loitering_4_20260608T191500.jpg,vehicle_prompts,done,2026-06-09T14:45:56.097604+00:00,,1.204,1.204,0,nvidia/cosmos-reason2-8b,"<0.0>

[GENERAL VEHICLE SAFETY]
1. Not visible
2. Not visible

[COLLISIONS & NEAR MISSES]
3. Not visible
4. Not visible

[PARKING & ACCESS VIOLATIONS]
5. Not visible
6. Not visible

[SUSPICIOUS VEHICLE BEHAVIOR]
7. Not visible
8. Not visible

[VEHICLE IDENTIFICATION]
9. Not visible
10. Not visible
11. Not visible
12. Not visible
13. Not visible
14. Not visible"
vlm_runs/2026-06-08,LP_Parking_and_Restroom_Loitering_4_20260608T194500.jpg,minio,,vlm_runs/2026-06-08/LP_Parking_and_Restroom_Loitering_4/LP_Parking_and_Restroom_Loitering_4_20260608T194500.jpg,vehicle_prompts,done,2026-06-09T14:45:56.097612+00:00,,0.918,0.918,0,nvidia/cosmos-reason2-8b,"<0.0> 
1. Not visible
2. Not visible
3. Not visible
4. Not visible
5. Not visible
6. Not visible
7. Not visible
8. Not visible
9. Not visible
10. Not visible
11. Not visible
12. Not visible
13. Not visible
14. Not visible"
vlm_runs/2026-06-08,LP_Parking_and_Restroom_Loitering_4_20260608T204500.jpg,minio,,vlm_runs/2026-06-08/LP_Parking_and_Restroom_Loitering_4/LP_Parking_and_Restroom_Loitering_4_20260608T204500.jpg,vehicle_prompts,done,2026-06-09T14:45:56.097627+00:00,,0.777,0.777,0,nvidia/cosmos-reason2-8b,0.0
vlm_runs/2026-06-08,LP_Parking_and_Restroom_Loitering_4_20260608T200000.jpg,minio,,vlm_runs/2026-06-08/LP_Parking_and_Restroom_Loitering_4/LP_Parking_and_Restroom_Loitering_4_20260608T200000.jpg,vehicle_prompts,done,2026-06-09T14:45:56.097616+00:00,,1.08,1.08,0,nvidia/cosmos-reason2-8b,"<0.0> 
1. Not visible
2. Not visible
3. Not visible
4. Not visible
5. Not visible
6. Not visible
7. Not visible
8. Not visible
9. Not visible
10. Not visible
11. Not visible
12. Not visible
13. Not visible
14. Not visible"
vlm_runs/2026-06-08,LP_Parking_and_Restroom_Loitering_4_20260608T190000.jpg,minio,,vlm_runs/2026-06-08/LP_Parking_and_Restroom_Loitering_4/LP_Parking_and_Restroom_Loitering_4_20260608T190000.jpg,vehicle_prompts,done,2026-06-09T14:45:56.097600+00:00,,2.545,2.545,0,nvidia/cosmos-reason2-8b,"<0.0> 
[GENERAL VEHICLE SAFETY]
1. Not visible
2. Not visible

[COLLISIONS & NEAR MISSES]
3. Not visible
4. Not visible

[PARKING & ACCESS VIOLATIONS]
5. Not visible
6. Not visible

[SUSPICIOUS VEHICLE BEHAVIOR]
7. Not visible
8. Not visible

[VEHICLE IDENTIFICATION]
9. Not visible
10. Not visible
11. Not visible
12. Not visible
13. Not visible
14. Not visible"
vlm_runs/2026-06-08,LP_Parking_and_Restroom_Loitering_4_20260608T193000.jpg,minio,,vlm_runs/2026-06-08/LP_Parking_and_Restroom_Loitering_4/LP_Parking_and_Restroom_Loitering_4_20260608T193000.jpg,vehicle_prompts,done,2026-06-09T14:45:56.097608+00:00,,2.161,2.161,0,nvidia/cosmos-reason2-8b,"<0.0> 
1. Not visible
2. Not visible
3. Not visible
4. Not visible
5. Not visible
6. Not visible
7. Not visible
8. Not visible
9. Not visible
10. Not visible
11. Not visible
12. Not visible
13. Not visible
14. Not visible"
vlm_runs/2026-06-08,LP_Parking_and_Restroom_Loitering_4_20260608T211500.jpg,minio,,vlm_runs/2026-06-08/LP_Parking_and_Restroom_Loitering_4/LP_Parking_and_Restroom_Loitering_4_20260608T211500.jpg,vehicle_prompts,done,2026-06-09T14:45:56.097635+00:00,,0.968,0.968,0,nvidia/cosmos-reason2-8b," timestamp: <0.0> 
[GENERAL VEHICLE SAFETY]
1. Not visible
2. Not visible
[COLLISIONS & NEAR MISSES]
3. Not visible
4. Not visible
[PARKING & ACCESS VIOLATIONS]
5. Not visible
6. Not visible
[SUSPICIOUS VEHICLE BEHAVIOR]
7. Not visible
8. Not visible
[VEHICLE IDENTIFICATION]
9. Not visible
10. Not visible
11. Not visible
[PEDESTRIAN & CHILD SAFETY]
12. Not visible
13. Not visible
14. Not visible"
vlm_runs/2026-06-08,LP_Parking_and_Restroom_Loitering_4_20260608T203000.jpg,minio,,vlm_runs/2026-06-08/LP_Parking_and_Restroom_Loitering_4/LP_Parking_and_Restroom_Loitering_4_20260608T203000.jpg,vehicle_prompts,done,2026-06-09T14:45:56.097623+00:00,,1.614,1.614,0,nvidia/cosmos-reason2-8b,0.0
vlm_runs/2026-06-08,LP_Parking_and_Restroom_Loitering_4_20260608T201500.jpg,minio,,vlm_runs/2026-06-08/LP_Parking_and_Restroom_Loitering_4/LP_Parking_and_Restroom_Loitering_4_20260608T201500.jpg,vehicle_prompts,done,2026-06-09T14:45:56.097619+00:00,,1.689,1.689,0,nvidia/cosmos-reason2-8b,"0.0s

1. Not visible
2. Not visible
3. Not visible
4. Not visible
5. Not visible
6. Not visible
7. Not visible
8. Not visible
9. Not visible
10. Not visible
11. Not visible
12. Not visible
13. Not visible
14. Not visible"
vlm_runs/2026-06-08,LP_Parking_and_Restroom_Loitering_4_20260608T213000.jpg,minio,,vlm_runs/2026-06-08/LP_Parking_and_Restroom_Loitering_4/LP_Parking_and_Restroom_Loitering_4_20260608T213000.jpg,vehicle_prompts,done,2026-06-09T14:45:56.097639+00:00,,0.772,0.772,0,nvidia/cosmos-reason2-8b,"<0.0> 
1. Not visible
2. Not visible
3. Not visible
4. Not visible
5. Not visible
6. Not visible
7. Not visible
8. Not visible
9. Not visible
10. Not visible
11. Not visible
12. Not visible
13. Not visible
14. Not visible"
vlm_runs/2026-06-08,LP_Parking_and_Restroom_Loitering_4_20260608T210000.jpg,minio,,vlm_runs/2026-06-08/LP_Parking_and_Restroom_Loitering_4/LP_Parking_and_Restroom_Loitering_4_20260608T210000.jpg,vehicle_prompts,done,2026-06-09T14:45:56.097631+00:00,,1.988,1.988,0,nvidia/cosmos-reason2-8b,"Visible timestamps: 0.0

[GENERAL VEHICLE SAFETY]
1. Not visible
2. Not visible

[COLLISIONS & NEAR MISSES]
3. Not visible
4. Not visible

[PARKING & ACCESS VIOLATIONS]
5. Not visible
6. Not visible

[SUSPICIOUS VEHICLE BEHAVIOR]
7. Not visible
8. Not visible

[VEHICLE IDENTIFICATION]
9. Not visible
10. Not visible
11. Not visible

[PEDESTRIAN & CHILD SAFETY]
12. Not visible
13. Not visible
14. Not visible"
vlm_runs/2026-06-08,LP_Parking_and_Restroom_Loitering_4_20260608T214500.jpg,minio,,vlm_runs/2026-06-08/LP_Parking_and_Restroom_Loitering_4/LP_Parking_and_Restroom_Loitering_4_20260608T214500.jpg,vehicle_prompts,done,2026-06-09T14:45:56.097642+00:00,,1.475,1.475,0,nvidia/cosmos-reason2-8b,"<0.0> 
1. Not visible
2. Not visible
3. Not visible
4. Not visible
5. Not visible
6. Not visible
7. Not visible
8. Not visible
9. Not visible
10. Not visible
11. Not visible
12. Not visible
13. Not visible
14. Not visible"
vlm_runs/2026-06-08,LP_Parking_and_Restroom_Loitering_4_20260608T220000.jpg,minio,,vlm_runs/2026-06-08/LP_Parking_and_Restroom_Loitering_4/LP_Parking_and_Restroom_Loitering_4_20260608T220000.jpg,vehicle_prompts,done,2026-06-09T14:45:56.097646+00:00,,1.526,1.526,0,nvidia/cosmos-reason2-8b,"<0.0> 
1. Not visible
2. Not visible
3. Not visible
4. Not visible
5. Not visible
6. Not visible
7. Not visible
8. Not visible
9. Not visible
10. Not visible
11. Not visible
12. Not visible
13. Not visible
14. Not visible"
vlm_runs/2026-06-08,LP_Parking_and_Restroom_Loitering_4_20260608T231500.jpg,minio,,vlm_runs/2026-06-08/LP_Parking_and_Restroom_Loitering_4/LP_Parking_and_Restroom_Loitering_4_20260608T231500.jpg,vehicle_prompts,done,2026-06-09T14:45:56.097664+00:00,,1.291,1.291,0,nvidia/cosmos-reason2-8b,0.0 Not visible
vlm_runs/2026-06-08,LP_Parking_and_Restroom_Loitering_4_20260608T230000.jpg,minio,,vlm_runs/2026-06-08/LP_Parking_and_Restroom_Loitering_4/LP_Parking_and_Restroom_Loitering_4_20260608T230000.jpg,vehicle_prompts,done,2026-06-09T14:45:56.097660+00:00,,1.338,1.338,0,nvidia/cosmos-reason2-8b,"Visible timestamps: 0.0s

Not visible"
vlm_runs/2026-06-08,LP_Parking_and_Restroom_Loitering_4_20260608T223000.jpg,minio,,vlm_runs/2026-06-08/LP_Parking_and_Restroom_Loitering_4/LP_Parking_and_Restroom_Loitering_4_20260608T223000.jpg,vehicle_prompts,done,2026-06-09T14:45:56.097653+00:00,,2.373,2.373,0,nvidia/cosmos-reason2-8b,"<0.0> 
1. Not visible
2. Not visible
3. Not visible
4. Not visible
5. Not visible
6. Not visible
7. Not visible
8. Not visible
9. Not visible
10. Not visible
11. Not visible
12. Not visible
13. Not visible
14. Not visible"
vlm_runs/2026-06-08,LP_Parking_and_Restroom_Loitering_4_20260608T221500.jpg,minio,,vlm_runs/2026-06-08/LP_Parking_and_Restroom_Loitering_4/LP_Parking_and_Restroom_Loitering_4_20260608T221500.jpg,vehicle_prompts,done,2026-06-09T14:45:56.097649+00:00,,3.485,3.485,0,nvidia/cosmos-reason2-8b,"Visible timestamps: 0.0s

[GENERAL VEHICLE SAFETY]
1. Not visible
2. Not visible

[COLLISIONS & NEAR MISSES]
3. Not visible
4. Not visible

[PARKING & ACCESS VIOLATIONS]
5. Not visible
6. Not visible

[SUSPICIOUS VEHICLE BEHAVIOR]
7. Not visible
8. Not visible

[VEHICLE IDENTIFICATION]
9. Not visible
10. Not visible
11. Not visible

[PEDESTRIAN & CHILD SAFETY]
12. Not visible
13. Not visible
14. Not visible"
vlm_runs/2026-06-08,LP_Parking_and_Restroom_Loitering_4_20260608T224500.jpg,minio,,vlm_runs/2026-06-08/LP_Parking_and_Restroom_Loitering_4/LP_Parking_and_Restroom_Loitering_4_20260608T224500.jpg,vehicle_prompts,done,2026-06-09T14:45:56.097656+00:00,,3.44,3.44,0,nvidia/cosmos-reason2-8b,"<0.0> 
[GENERAL VEHICLE SAFETY]
1. Not visible
2. Not visible

[COLLISIONS & NEAR MISSES]
3. Not visible
4. Not visible

[PARKING & ACCESS VIOLATIONS]
5. Not visible
6. Not visible

[SUSPICIOUS VEHICLE BEHAVIOR]
7. Not visible
8. Not visible

[VEHICLE IDENTIFICATION]
9. Not visible
10. Not visible
11. Not visible

[PEDESTRIAN & CHILD SAFETY]
12. Not visible
13. Not visible
14. Not visible"
vlm_runs/2026-06-08,LP_Parking_and_Restroom_Loitering_4_20260608T234500.jpg,minio,,vlm_runs/2026-06-08/LP_Parking_and_Restroom_Loitering_4/LP_Parking_and_Restroom_Loitering_4_20260608T234500.jpg,vehicle_prompts,done,2026-06-09T14:45:56.097672+00:00,,3.065,3.065,0,nvidia/cosmos-reason2-8b,0.0 Not visible
vlm_runs/2026-06-08,LP_Parking_and_Restroom_Loitering_4_20260608T233000.jpg,minio,,vlm_runs/2026-06-08/LP_Parking_and_Restroom_Loitering_4/LP_Parking_and_Restroom_Loitering_4_20260608T233000.jpg,vehicle_prompts,done,2026-06-09T14:45:56.097668+00:00,,3.771,3.771,0,nvidia/cosmos-reason2-8b,"<0.0> 
[GENERAL VEHICLE SAFETY]
1. Not visible
2. Not visible

[COLLISIONS & NEAR MISSES]
3. Not visible
4. Not visible

[PARKING & ACCESS VIOLATIONS]
5. Not visible
6. Not visible

[SUSPICIOUS VEHICLE BEHAVIOR]
7. Not visible
8. Not visible

[VEHICLE IDENTIFICATION]
9. Not visible
10. Not visible
11. Not visible

[PEDESTRIAN & CHILD SAFETY]
12. Not visible
13. Not visible
14. Not visible"
