run_id,file_name,source,local_path,minio_key,preset,status,started_at,upload_seconds,caption_seconds,total_seconds,total_tokens,model,full_caption
20260602T105528Z,DT_10th_and_2nd_St_1_20260528T000000.jpg,,,dataset_20260528/DT_10th_and_2nd_St_1/DT_10th_and_2nd_St_1_20260528T000000.jpg,illegal_dumping,done,2026-06-02T11:07:56.794589+00:00,0.135,1.721,1.878,,nvidia/cosmos-reason2-8b,"DUMPING PRESENT: No
ORDINANCE VIOLATION: No
WASTE TYPE: mixed
WASTE VOLUME: small (pickup truck)
WASTE ORIGIN: residential
PROPERTY TYPE: vacant-lot
ADDRESS MARKERS: NONE
GUTTER/ALLEY: No
WATER PROXIMITY: No
CHRONIC SITE: No
VEHICLES: NONE
IDENTIFIERS: NONE
SEVERITY: 1
ORDINANCE: N/A
PRIORITY: LOW
SUMMARY: No illegal dumping detected in the video."
20260602T105528Z,DT_10th_and_2nd_St_1_20260528T001000.jpg,,,dataset_20260528/DT_10th_and_2nd_St_1/DT_10th_and_2nd_St_1_20260528T001000.jpg,illegal_dumping,done,2026-06-02T11:07:56.795228+00:00,0.135,1.654,1.811,,nvidia/cosmos-reason2-8b,"DUMPING PRESENT: No
ORDINANCE VIOLATION: No
WASTE TYPE: mixed
WASTE VOLUME: small
WASTE ORIGIN: residential
PROPERTY TYPE: right-of-way
ADDRESS MARKERS: NONE
GUTTER/ALLEY: No
WATER PROXIMITY: No
CHRONIC SITE: No
VEHICLES: NONE
IDENTIFIERS: NONE
SEVERITY: 1
ORDINANCE: N/A
PRIORITY: LOW
SUMMARY: No illegal dumping is observed in the video."
20260602T105528Z,DT_10th_and_2nd_St_1_20260528T002000.jpg,,,dataset_20260528/DT_10th_and_2nd_St_1/DT_10th_and_2nd_St_1_20260528T002000.jpg,illegal_dumping,done,2026-06-02T11:07:56.796187+00:00,0.133,1.217,1.372,,nvidia/cosmos-reason2-8b,"DUMPING PRESENT: No
ORDINANCE VIOLATION: No
WASTE TYPE: mixed
WASTE VOLUME: small
WASTE ORIGIN: residential
PROPERTY TYPE: vacant-lot
ADDRESS MARKERS: NONE
GUTTER/ALLEY: No
WATER PROXIMITY: No
CHRONIC SITE: No
VEHICLES: NONE
IDENTIFIERS: NONE
SEVERITY: 1
ORDINANCE: N/A
PRIORITY: LOW
SUMMARY: No illegal dumping detected in the video."
20260602T105528Z,DT_10th_and_2nd_St_1_20260528T003000.jpg,,,dataset_20260528/DT_10th_and_2nd_St_1/DT_10th_and_2nd_St_1_20260528T003000.jpg,illegal_dumping,done,2026-06-02T11:07:56.797880+00:00,0.134,1.255,1.408,,nvidia/cosmos-reason2-8b,"DUMPING PRESENT: No
ORDINANCE VIOLATION: No
WASTE TYPE: mixed
WASTE VOLUME: small (pickup truck)
WASTE ORIGIN: residential
PROPERTY TYPE: vacant-lot
ADDRESS MARKERS: NONE
GUTTER/ALLEY: No
WATER PROXIMITY: No
CHRONIC SITE: No
VEHICLES: NONE
IDENTIFIERS: NONE
SEVERITY: 1
ORDINANCE: N/A
PRIORITY: LOW
SUMMARY: No illegal dumping detected in the video."
20260602T105528Z,DT_10th_and_2nd_St_1_20260528T004000.jpg,,,dataset_20260528/DT_10th_and_2nd_St_1/DT_10th_and_2nd_St_1_20260528T004000.jpg,illegal_dumping,done,2026-06-02T11:07:58.170804+00:00,0.036,0.726,0.766,,nvidia/cosmos-reason2-8b,"DUMPING PRESENT: No
ORDINANCE VIOLATION: No
WASTE TYPE: mixed
WASTE VOLUME: small (pickup truck)
WASTE ORIGIN: residential
PROPERTY TYPE: vacant-lot
ADDRESS MARKERS: NONE
GUTTER/ALLEY: No
WATER PROXIMITY: No
CHRONIC SITE: No
VEHICLES: NONE
IDENTIFIERS: NONE
SEVERITY: 1
ORDINANCE: N/A
PRIORITY: LOW
SUMMARY: No illegal dumping is observed in the video."
20260602T105528Z,DT_10th_and_2nd_St_1_20260528T005000.jpg,,,dataset_20260528/DT_10th_and_2nd_St_1/DT_10th_and_2nd_St_1_20260528T005000.jpg,illegal_dumping,done,2026-06-02T11:07:58.209384+00:00,0.035,0.791,0.829,,nvidia/cosmos-reason2-8b,"DUMPING PRESENT: No
ORDINANCE VIOLATION: No
WASTE TYPE: mixed
WASTE VOLUME: small (pickup truck)
WASTE ORIGIN: residential
PROPERTY TYPE: vacant-lot
ADDRESS MARKERS: NONE
GUTTER/ALLEY: No
WATER PROXIMITY: No
CHRONIC SITE: No
VEHICLES: NONE
IDENTIFIERS: NONE
SEVERITY: 1
ORDINANCE: N/A
PRIORITY: LOW
SUMMARY: No illegal dumping detected in the video."
20260602T105528Z,DT_10th_and_2nd_St_1_20260528T010000.jpg,,,dataset_20260528/DT_10th_and_2nd_St_1/DT_10th_and_2nd_St_1_20260528T010000.jpg,illegal_dumping,done,2026-06-02T11:07:58.608684+00:00,0.035,0.668,0.706,,nvidia/cosmos-reason2-8b,"DUMPING PRESENT: No
ORDINANCE VIOLATION: No
WASTE TYPE: mixed
WASTE VOLUME: small (pickup truck)
WASTE ORIGIN: residential
PROPERTY TYPE: vacant-lot
ADDRESS MARKERS: NONE
GUTTER/ALLEY: No
WATER PROXIMITY: No
CHRONIC SITE: No
VEHICLES: NONE
IDENTIFIERS: NONE
SEVERITY: 1
ORDINANCE: N/A
PRIORITY: LOW
SUMMARY: No illegal dumping is observed in the video."
20260602T105528Z,DT_10th_and_2nd_St_1_20260528T011000.jpg,,,dataset_20260528/DT_10th_and_2nd_St_1/DT_10th_and_2nd_St_1_20260528T011000.jpg,illegal_dumping,done,2026-06-02T11:07:58.675049+00:00,0.032,0.735,0.769,,nvidia/cosmos-reason2-8b,"DUMPING PRESENT: No
ORDINANCE VIOLATION: No
WASTE TYPE: mixed
WASTE VOLUME: small (pickup truck)
WASTE ORIGIN: residential
PROPERTY TYPE: vacant-lot
ADDRESS MARKERS: NONE
GUTTER/ALLEY: No
WATER PROXIMITY: No
CHRONIC SITE: No
VEHICLES: NONE
IDENTIFIERS: NONE
SEVERITY: 1
ORDINANCE: N/A
PRIORITY: LOW
SUMMARY: No illegal dumping is observed in the video."
20260602T105528Z,DT_10th_and_2nd_St_1_20260528T012000.jpg,,,dataset_20260528/DT_10th_and_2nd_St_1/DT_10th_and_2nd_St_1_20260528T012000.jpg,illegal_dumping,done,2026-06-02T11:07:58.939856+00:00,0.036,0.742,0.78,,nvidia/cosmos-reason2-8b,"DUMPING PRESENT: No
ORDINANCE VIOLATION: No
WASTE TYPE: mixed
WASTE VOLUME: small (pickup truck)
WASTE ORIGIN: residential
PROPERTY TYPE: vacant-lot
ADDRESS MARKERS: NONE
GUTTER/ALLEY: No
WATER PROXIMITY: No
CHRONIC SITE: No
VEHICLES: NONE
IDENTIFIERS: NONE
SEVERITY: 1
ORDINANCE: N/A
PRIORITY: LOW
SUMMARY: No illegal dumping is observed in the video."
20260602T105528Z,DT_10th_and_2nd_St_1_20260528T013000.jpg,,,dataset_20260528/DT_10th_and_2nd_St_1/DT_10th_and_2nd_St_1_20260528T013000.jpg,illegal_dumping,done,2026-06-02T11:07:59.040730+00:00,0.038,0.758,0.798,,nvidia/cosmos-reason2-8b,"DUMPING PRESENT: No
ORDINANCE VIOLATION: No
WASTE TYPE: mixed
WASTE VOLUME: small (pickup truck)
WASTE ORIGIN: residential
PROPERTY TYPE: vacant-lot
ADDRESS MARKERS: NONE
GUTTER/ALLEY: No
WATER PROXIMITY: No
CHRONIC SITE: No
VEHICLES: NONE
IDENTIFIERS: NONE
SEVERITY: 1
ORDINANCE: N/A
PRIORITY: LOW
SUMMARY: No illegal dumping detected in the video."
20260602T105528Z,DT_10th_and_2nd_St_1_20260528T014000.jpg,,,dataset_20260528/DT_10th_and_2nd_St_1/DT_10th_and_2nd_St_1_20260528T014000.jpg,illegal_dumping,done,2026-06-02T11:07:59.316874+00:00,0.033,0.738,0.773,,nvidia/cosmos-reason2-8b,"DUMPING PRESENT: No
ORDINANCE VIOLATION: No
WASTE TYPE: mixed
WASTE VOLUME: small (pickup truck)
WASTE ORIGIN: residential
PROPERTY TYPE: vacant-lot
ADDRESS MARKERS: NONE
GUTTER/ALLEY: No
WATER PROXIMITY: No
CHRONIC SITE: No
VEHICLES: NONE
IDENTIFIERS: NONE
SEVERITY: 1
ORDINANCE: N/A
PRIORITY: LOW
SUMMARY: No illegal dumping is observed in the video; the scene appears to be a blurred outdoor area without clear evidence of waste disposal violations."
20260602T105528Z,DT_10th_and_2nd_St_1_20260528T015000.jpg,,,dataset_20260528/DT_10th_and_2nd_St_1/DT_10th_and_2nd_St_1_20260528T015000.jpg,illegal_dumping,done,2026-06-02T11:07:59.446251+00:00,0.034,0.715,0.751,,nvidia/cosmos-reason2-8b,"DUMPING PRESENT: No
ORDINANCE VIOLATION: No
WASTE TYPE: mixed
WASTE VOLUME: small
WASTE ORIGIN: unknown
PROPERTY TYPE: right-of-way
ADDRESS MARKERS: NONE
GUTTER/ALLEY: No
WATER PROXIMITY: No
CHRONIC SITE: No
VEHICLES: NONE
IDENTIFIERS: NONE
SEVERITY: 1
ORDINANCE: N/A
PRIORITY: LOW
SUMMARY: No illegal dumping is observed in the video."
20260602T105528Z,DT_10th_and_2nd_St_1_20260528T020000.jpg,,,dataset_20260528/DT_10th_and_2nd_St_1/DT_10th_and_2nd_St_1_20260528T020000.jpg,illegal_dumping,done,2026-06-02T11:07:59.722810+00:00,0.034,0.674,0.711,,nvidia/cosmos-reason2-8b,"DUMPING PRESENT: No
ORDINANCE VIOLATION: No
WASTE TYPE: mixed
WASTE VOLUME: small (pickup truck)
WASTE ORIGIN: residential
PROPERTY TYPE: vacant-lot
ADDRESS MARKERS: NONE
GUTTER/ALLEY: No
WATER PROXIMITY: No
CHRONIC SITE: No
VEHICLES: NONE
IDENTIFIERS: NONE
SEVERITY: 1
ORDINANCE: N/A
PRIORITY: LOW
SUMMARY: No illegal dumping detected in the video."
20260602T105528Z,DT_10th_and_2nd_St_1_20260528T021000.jpg,,,dataset_20260528/DT_10th_and_2nd_St_1/DT_10th_and_2nd_St_1_20260528T021000.jpg,illegal_dumping,done,2026-06-02T11:07:59.840775+00:00,0.03,0.698,0.73,,nvidia/cosmos-reason2-8b,"DUMPING PRESENT: No
ORDINANCE VIOLATION: No
WASTE TYPE: mixed
WASTE VOLUME: small (pickup truck)
WASTE ORIGIN: residential
PROPERTY TYPE: vacant-lot
ADDRESS MARKERS: NONE
GUTTER/ALLEY: No
WATER PROXIMITY: No
CHRONIC SITE: No
VEHICLES: NONE
IDENTIFIERS: NONE
SEVERITY: 1
ORDINANCE: N/A
PRIORITY: LOW
SUMMARY: No illegal dumping detected in the video."
20260602T105528Z,DT_10th_and_2nd_St_1_20260528T022000.jpg,,,dataset_20260528/DT_10th_and_2nd_St_1/DT_10th_and_2nd_St_1_20260528T022000.jpg,illegal_dumping,done,2026-06-02T11:08:00.093146+00:00,0.034,0.676,0.713,,nvidia/cosmos-reason2-8b,"DUMPING PRESENT: No
ORDINANCE VIOLATION: No
WASTE TYPE: mixed
WASTE VOLUME: small
WASTE ORIGIN: unknown
PROPERTY TYPE: right-of-way
ADDRESS MARKERS: NONE
GUTTER/ALLEY: No
WATER PROXIMITY: No
CHRONIC SITE: No
VEHICLES: NONE
IDENTIFIERS: NONE
SEVERITY: 1
ORDINANCE: N/A
PRIORITY: LOW
SUMMARY: No illegal dumping detected in the video."
20260602T105528Z,DT_10th_and_2nd_St_1_20260528T023000.jpg,,,dataset_20260528/DT_10th_and_2nd_St_1/DT_10th_and_2nd_St_1_20260528T023000.jpg,illegal_dumping,done,2026-06-02T11:08:00.200022+00:00,0.03,0.895,0.927,,nvidia/cosmos-reason2-8b,"DUMPING PRESENT: No
ORDINANCE VIOLATION: No
WASTE TYPE: mixed
WASTE VOLUME: small (pickup truck)
WASTE ORIGIN: residential
PROPERTY TYPE: vacant-lot
ADDRESS MARKERS: NONE
GUTTER/ALLEY: No
WATER PROXIMITY: No
CHRONIC SITE: No
VEHICLES: NONE
IDENTIFIERS: NONE
SEVERITY: 1
ORDINANCE: N/A
PRIORITY: LOW
SUMMARY: No illegal dumping is observed in the video."
20260602T105528Z,DT_10th_and_2nd_St_1_20260528T024000.jpg,,,dataset_20260528/DT_10th_and_2nd_St_1/DT_10th_and_2nd_St_1_20260528T024000.jpg,illegal_dumping,done,2026-06-02T11:08:00.436031+00:00,0.036,0.729,0.768,,nvidia/cosmos-reason2-8b,"DUMPING PRESENT: No
ORDINANCE VIOLATION: No
WASTE TYPE: mixed
WASTE VOLUME: small
WASTE ORIGIN: unknown
PROPERTY TYPE: right-of-way
ADDRESS MARKERS: NONE
GUTTER/ALLEY: No
WATER PROXIMITY: No
CHRONIC SITE: No
VEHICLES: NONE
IDENTIFIERS: NONE
SEVERITY: 1
ORDINANCE: N/A
PRIORITY: LOW
SUMMARY: No illegal dumping detected in the video."
20260602T105528Z,DT_10th_and_2nd_St_1_20260528T025000.jpg,,,dataset_20260528/DT_10th_and_2nd_St_1/DT_10th_and_2nd_St_1_20260528T025000.jpg,illegal_dumping,done,2026-06-02T11:08:00.573546+00:00,0.035,0.713,0.751,,nvidia/cosmos-reason2-8b,"DUMPING PRESENT: No
ORDINANCE VIOLATION: No
WASTE TYPE: mixed
WASTE VOLUME: small (pickup truck)
WASTE ORIGIN: residential
PROPERTY TYPE: vacant-lot
ADDRESS MARKERS: NONE
GUTTER/ALLEY: No
WATER PROXIMITY: No
CHRONIC SITE: No
VEHICLES: NONE
IDENTIFIERS: NONE
SEVERITY: 1
ORDINANCE: N/A
PRIORITY: LOW
SUMMARY: No illegal dumping detected in the video."
20260602T105528Z,DT_10th_and_2nd_St_1_20260528T030000.jpg,,,dataset_20260528/DT_10th_and_2nd_St_1/DT_10th_and_2nd_St_1_20260528T030000.jpg,illegal_dumping,done,2026-06-02T11:08:00.809074+00:00,0.036,0.695,0.733,,nvidia/cosmos-reason2-8b,"DUMPING PRESENT: No
ORDINANCE VIOLATION: No
WASTE TYPE: mixed
WASTE VOLUME: small (pickup truck)
WASTE ORIGIN: residential
PROPERTY TYPE: vacant-lot
ADDRESS MARKERS: NONE
GUTTER/ALLEY: No
WATER PROXIMITY: No
CHRONIC SITE: No
VEHICLES: NONE
IDENTIFIERS: NONE
SEVERITY: 1
ORDINANCE: N/A
PRIORITY: LOW
SUMMARY: No illegal dumping detected in the video."
20260602T105528Z,DT_10th_and_2nd_St_1_20260528T031000.jpg,,,dataset_20260528/DT_10th_and_2nd_St_1/DT_10th_and_2nd_St_1_20260528T031000.jpg,illegal_dumping,done,2026-06-02T11:08:01.129828+00:00,0.034,0.636,0.673,,nvidia/cosmos-reason2-8b,"DUMPING PRESENT: No
ORDINANCE VIOLATION: No
WASTE TYPE: mixed
WASTE VOLUME: small (pickup truck)
WASTE ORIGIN: residential
PROPERTY TYPE: vacant-lot
ADDRESS MARKERS: NONE
GUTTER/ALLEY: No
WATER PROXIMITY: No
CHRONIC SITE: No
VEHICLES: NONE
IDENTIFIERS: NONE
SEVERITY: 1
ORDINANCE: N/A
PRIORITY: LOW
SUMMARY: No illegal dumping is observed in the video."
20260602T105528Z,DT_10th_and_2nd_St_1_20260528T032000.jpg,,,dataset_20260528/DT_10th_and_2nd_St_1/DT_10th_and_2nd_St_1_20260528T032000.jpg,illegal_dumping,done,2026-06-02T11:08:01.206109+00:00,0.03,0.945,0.978,,nvidia/cosmos-reason2-8b,"DUMPING PRESENT: No
ORDINANCE VIOLATION: No
WASTE TYPE: mixed
WASTE VOLUME: small
WASTE ORIGIN: unknown
PROPERTY TYPE: vacant-lot
ADDRESS MARKERS: NONE
GUTTER/ALLEY: No
WATER PROXIMITY: No
CHRONIC SITE: No
VEHICLES: NONE
IDENTIFIERS: NONE
SEVERITY: 1
ORDINANCE: N/A
PRIORITY: LOW
SUMMARY: No illegal dumping is observed in the image."
20260602T105528Z,DT_10th_and_2nd_St_1_20260528T033000.jpg,,,dataset_20260528/DT_10th_and_2nd_St_1/DT_10th_and_2nd_St_1_20260528T033000.jpg,illegal_dumping,done,2026-06-02T11:08:01.326594+00:00,0.03,0.786,0.818,,nvidia/cosmos-reason2-8b,"DUMPING PRESENT: No
ORDINANCE VIOLATION: No
WASTE TYPE: mixed
WASTE VOLUME: small (pickup truck)
WASTE ORIGIN: residential
PROPERTY TYPE: vacant-lot
ADDRESS MARKERS: NONE
GUTTER/ALLEY: No
WATER PROXIMITY: No
CHRONIC SITE: No
VEHICLES: NONE
IDENTIFIERS: NONE
SEVERITY: 1
ORDINANCE: N/A
PRIORITY: LOW
SUMMARY: No illegal dumping detected in the video."
20260602T105528Z,DT_10th_and_2nd_St_1_20260528T034000.jpg,,,dataset_20260528/DT_10th_and_2nd_St_1/DT_10th_and_2nd_St_1_20260528T034000.jpg,illegal_dumping,done,2026-06-02T11:08:01.545393+00:00,0.035,0.782,0.819,,nvidia/cosmos-reason2-8b,"DUMPING PRESENT: No
ORDINANCE VIOLATION: No
WASTE TYPE: mixed
WASTE VOLUME: small (pickup truck)
WASTE ORIGIN: residential
PROPERTY TYPE: vacant-lot
ADDRESS MARKERS: NONE
GUTTER/ALLEY: No
WATER PROXIMITY: No
CHRONIC SITE: No
VEHICLES: NONE
IDENTIFIERS: NONE
SEVERITY: 1
ORDINANCE: N/A
PRIORITY: LOW
SUMMARY: No illegal dumping detected in the video."
20260602T105528Z,DT_10th_and_2nd_St_1_20260528T035000.jpg,,,dataset_20260528/DT_10th_and_2nd_St_1/DT_10th_and_2nd_St_1_20260528T035000.jpg,illegal_dumping,done,2026-06-02T11:08:01.805282+00:00,0.037,0.701,0.74,,nvidia/cosmos-reason2-8b,"DUMPING PRESENT: No
ORDINANCE VIOLATION: No
WASTE TYPE: mixed
WASTE VOLUME: small (pickup truck)
WASTE ORIGIN: residential
PROPERTY TYPE: vacant-lot
ADDRESS MARKERS: NONE
GUTTER/ALLEY: No
WATER PROXIMITY: No
CHRONIC SITE: No
VEHICLES: NONE
IDENTIFIERS: NONE
SEVERITY: 1
ORDINANCE: N/A
PRIORITY: LOW
SUMMARY: No illegal dumping detected in the video."
20260602T105528Z,DT_10th_and_2nd_St_1_20260528T040000.jpg,,,dataset_20260528/DT_10th_and_2nd_St_1/DT_10th_and_2nd_St_1_20260528T040000.jpg,illegal_dumping,done,2026-06-02T11:08:02.147305+00:00,0.036,0.846,0.885,,nvidia/cosmos-reason2-8b,"DUMPING PRESENT: No
ORDINANCE VIOLATION: No
WASTE TYPE: mixed
WASTE VOLUME: small (pickup truck)
WASTE ORIGIN: residential
PROPERTY TYPE: vacant-lot
ADDRESS MARKERS: NONE
GUTTER/ALLEY: No
WATER PROXIMITY: No
CHRONIC SITE: No
VEHICLES: NONE
IDENTIFIERS: NONE
SEVERITY: 1
ORDINANCE: N/A
PRIORITY: LOW
SUMMARY: No illegal dumping is observed in the video."
20260602T105528Z,DT_10th_and_2nd_St_1_20260528T041000.jpg,,,dataset_20260528/DT_10th_and_2nd_St_1/DT_10th_and_2nd_St_1_20260528T041000.jpg,illegal_dumping,done,2026-06-02T11:08:02.187036+00:00,0.03,0.746,0.778,,nvidia/cosmos-reason2-8b,"DUMPING PRESENT: No
ORDINANCE VIOLATION: No
WASTE TYPE: mixed
WASTE VOLUME: small (pickup truck)
WASTE ORIGIN: residential
PROPERTY TYPE: vacant-lot
ADDRESS MARKERS: NONE
GUTTER/ALLEY: No
WATER PROXIMITY: No
CHRONIC SITE: No
VEHICLES: NONE
IDENTIFIERS: NONE
SEVERITY: 1
ORDINANCE: N/A
PRIORITY: LOW
SUMMARY: No illegal dumping is observed in the video."
20260602T105528Z,DT_10th_and_2nd_St_1_20260528T042000.jpg,,,dataset_20260528/DT_10th_and_2nd_St_1/DT_10th_and_2nd_St_1_20260528T042000.jpg,illegal_dumping,done,2026-06-02T11:08:02.367031+00:00,0.03,1.042,1.075,,nvidia/cosmos-reason2-8b,"DUMPING PRESENT: No
ORDINANCE VIOLATION: No
WASTE TYPE: mixed
WASTE VOLUME: small (pickup truck)
WASTE ORIGIN: residential
PROPERTY TYPE: vacant-lot
ADDRESS MARKERS: NONE
GUTTER/ALLEY: No
WATER PROXIMITY: No
CHRONIC SITE: No
VEHICLES: NONE
IDENTIFIERS: NONE
SEVERITY: 1
ORDINANCE: N/A
PRIORITY: LOW
SUMMARY: No illegal dumping detected in the video."
20260602T105528Z,DT_10th_and_2nd_St_1_20260528T043000.jpg,,,dataset_20260528/DT_10th_and_2nd_St_1/DT_10th_and_2nd_St_1_20260528T043000.jpg,illegal_dumping,done,2026-06-02T11:08:02.547702+00:00,0.029,0.753,0.784,,nvidia/cosmos-reason2-8b,"DUMPING PRESENT: No
ORDINANCE VIOLATION: No
WASTE TYPE: mixed
WASTE VOLUME: small (pickup truck)
WASTE ORIGIN: residential
PROPERTY TYPE: vacant-lot
ADDRESS MARKERS: NONE
GUTTER/ALLEY: No
WATER PROXIMITY: No
CHRONIC SITE: No
VEHICLES: NONE
IDENTIFIERS: NONE
SEVERITY: 1
ORDINANCE: N/A
PRIORITY: LOW
SUMMARY: No illegal dumping detected in the video."
20260602T105528Z,DT_10th_and_2nd_St_1_20260528T044000.jpg,,,dataset_20260528/DT_10th_and_2nd_St_1/DT_10th_and_2nd_St_1_20260528T044000.jpg,illegal_dumping,done,2026-06-02T11:08:02.967328+00:00,0.036,0.762,0.8,,nvidia/cosmos-reason2-8b,"DUMPING PRESENT: No
ORDINANCE VIOLATION: No
WASTE TYPE: mixed
WASTE VOLUME: small (pickup truck)
WASTE ORIGIN: residential
PROPERTY TYPE: vacant-lot
ADDRESS MARKERS: NONE
GUTTER/ALLEY: No
WATER PROXIMITY: No
CHRONIC SITE: No
VEHICLES: NONE
IDENTIFIERS: NONE
SEVERITY: 1
ORDINANCE: N/A
PRIORITY: LOW
SUMMARY: No illegal dumping detected in the video."
20260602T105528Z,DT_10th_and_2nd_St_1_20260528T045000.jpg,,,dataset_20260528/DT_10th_and_2nd_St_1/DT_10th_and_2nd_St_1_20260528T045000.jpg,illegal_dumping,done,2026-06-02T11:08:03.033993+00:00,0.03,0.764,0.796,,nvidia/cosmos-reason2-8b,"DUMPING PRESENT: No
ORDINANCE VIOLATION: No
WASTE TYPE: mixed
WASTE VOLUME: small (pickup truck)
WASTE ORIGIN: residential
PROPERTY TYPE: vacant-lot
ADDRESS MARKERS: NONE
GUTTER/ALLEY: No
WATER PROXIMITY: No
CHRONIC SITE: No
VEHICLES: NONE
IDENTIFIERS: NONE
SEVERITY: 1
ORDINANCE: N/A
PRIORITY: LOW
SUMMARY: No illegal dumping is observed in the video."
20260602T105528Z,DT_10th_and_2nd_St_1_20260528T050000.jpg,,,dataset_20260528/DT_10th_and_2nd_St_1/DT_10th_and_2nd_St_1_20260528T050000.jpg,illegal_dumping,done,2026-06-02T11:08:03.334811+00:00,0.033,0.698,0.733,,nvidia/cosmos-reason2-8b,"DUMPING PRESENT: No
ORDINANCE VIOLATION: No
WASTE TYPE: mixed
WASTE VOLUME: small (pickup truck)
WASTE ORIGIN: residential
PROPERTY TYPE: vacant-lot
ADDRESS MARKERS: NONE
GUTTER/ALLEY: No
WATER PROXIMITY: No
CHRONIC SITE: No
VEHICLES: NONE
IDENTIFIERS: NONE
SEVERITY: 1
ORDINANCE: N/A
PRIORITY: LOW
SUMMARY: No illegal dumping detected in the video."
20260602T105528Z,DT_10th_and_2nd_St_1_20260528T051000.jpg,,,dataset_20260528/DT_10th_and_2nd_St_1/DT_10th_and_2nd_St_1_20260528T051000.jpg,illegal_dumping,done,2026-06-02T11:08:03.443592+00:00,0.033,0.744,0.779,,nvidia/cosmos-reason2-8b,"DUMPING PRESENT: No
ORDINANCE VIOLATION: No
WASTE TYPE: mixed
WASTE VOLUME: small (pickup truck)
WASTE ORIGIN: residential
PROPERTY TYPE: vacant-lot
ADDRESS MARKERS: NONE
GUTTER/ALLEY: No
WATER PROXIMITY: No
CHRONIC SITE: No
VEHICLES: NONE
IDENTIFIERS: NONE
SEVERITY: 1
ORDINANCE: N/A
PRIORITY: LOW
SUMMARY: No illegal dumping detected in the video."
20260602T105528Z,DT_10th_and_2nd_St_1_20260528T052000.jpg,,,dataset_20260528/DT_10th_and_2nd_St_1/DT_10th_and_2nd_St_1_20260528T052000.jpg,illegal_dumping,done,2026-06-02T11:08:03.770296+00:00,0.038,0.873,0.913,,nvidia/cosmos-reason2-8b,"DUMPING PRESENT: No
ORDINANCE VIOLATION: No
WASTE TYPE: mixed
WASTE VOLUME: small (pickup truck)
WASTE ORIGIN: residential
PROPERTY TYPE: vacant-lot
ADDRESS MARKERS: NONE
GUTTER/ALLEY: No
WATER PROXIMITY: No
CHRONIC SITE: No
VEHICLES: NONE
IDENTIFIERS: NONE
SEVERITY: 1
ORDINANCE: N/A
PRIORITY: LOW
SUMMARY: No illegal dumping is observed in the video; the scene appears to be a blurred outdoor area without clear evidence of waste disposal violations."
20260602T105528Z,DT_10th_and_2nd_St_1_20260528T053000.jpg,,,dataset_20260528/DT_10th_and_2nd_St_1/DT_10th_and_2nd_St_1_20260528T053000.jpg,illegal_dumping,done,2026-06-02T11:08:03.832728+00:00,0.034,0.811,0.847,,nvidia/cosmos-reason2-8b,"DUMPING PRESENT: No
ORDINANCE VIOLATION: No
WASTE TYPE: mixed
WASTE VOLUME: small (pickup truck)
WASTE ORIGIN: residential
PROPERTY TYPE: vacant-lot
ADDRESS MARKERS: NONE
GUTTER/ALLEY: No
WATER PROXIMITY: No
CHRONIC SITE: No
VEHICLES: NONE
IDENTIFIERS: NONE
SEVERITY: 1
ORDINANCE: N/A
PRIORITY: LOW
SUMMARY: No illegal dumping is observed in the video."
20260602T105528Z,DT_10th_and_2nd_St_1_20260528T054000.jpg,,,dataset_20260528/DT_10th_and_2nd_St_1/DT_10th_and_2nd_St_1_20260528T054000.jpg,illegal_dumping,done,2026-06-02T11:08:04.070226+00:00,0.033,0.723,0.758,,nvidia/cosmos-reason2-8b,"DUMPING PRESENT: No
ORDINANCE VIOLATION: No
WASTE TYPE: mixed
WASTE VOLUME: small
WASTE ORIGIN: unknown
PROPERTY TYPE: right-of-way
ADDRESS MARKERS: NONE
GUTTER/ALLEY: No
WATER PROXIMITY: No
CHRONIC SITE: No
VEHICLES: NONE
IDENTIFIERS: NONE
SEVERITY: 1
ORDINANCE: N/A
PRIORITY: LOW
SUMMARY: No illegal dumping is observed in the video."
20260602T105528Z,DT_10th_and_2nd_St_1_20260528T055000.jpg,,,dataset_20260528/DT_10th_and_2nd_St_1/DT_10th_and_2nd_St_1_20260528T055000.jpg,illegal_dumping,done,2026-06-02T11:08:04.225214+00:00,0.032,0.845,0.879,,nvidia/cosmos-reason2-8b,"DUMPING PRESENT: No
ORDINANCE VIOLATION: No
WASTE TYPE: mixed
WASTE VOLUME: small (pickup truck)
WASTE ORIGIN: residential
PROPERTY TYPE: vacant-lot
ADDRESS MARKERS: NONE
GUTTER/ALLEY: No
WATER PROXIMITY: No
CHRONIC SITE: No
VEHICLES: NONE
IDENTIFIERS: NONE
SEVERITY: 1
ORDINANCE: N/A
PRIORITY: LOW
SUMMARY: No illegal dumping is observed in the video; the scene appears to be a blurred, indistinct area without clear evidence of waste or violations."
20260602T105528Z,DT_10th_and_2nd_St_1_20260528T060000.jpg,,,dataset_20260528/DT_10th_and_2nd_St_1/DT_10th_and_2nd_St_1_20260528T060000.jpg,illegal_dumping,done,2026-06-02T11:08:04.682310+00:00,0.039,0.834,0.876,,nvidia/cosmos-reason2-8b,"DUMPING PRESENT: No
ORDINANCE VIOLATION: No
WASTE TYPE: mixed
WASTE VOLUME: small (pickup truck)
WASTE ORIGIN: residential
PROPERTY TYPE: vacant-lot
ADDRESS MARKERS: NONE
GUTTER/ALLEY: No
WATER PROXIMITY: No
CHRONIC SITE: No
VEHICLES: NONE
IDENTIFIERS: NONE
SEVERITY: 1
ORDINANCE: N/A
PRIORITY: LOW
SUMMARY: No illegal dumping detected in the video."
20260602T105528Z,DT_10th_and_2nd_St_1_20260528T061000.jpg,,,dataset_20260528/DT_10th_and_2nd_St_1/DT_10th_and_2nd_St_1_20260528T061000.jpg,illegal_dumping,done,2026-06-02T11:08:04.685894+00:00,0.037,0.976,1.014,,nvidia/cosmos-reason2-8b,"DUMPING PRESENT: No
ORDINANCE VIOLATION: No
WASTE TYPE: mixed
WASTE VOLUME: small
WASTE ORIGIN: unknown
PROPERTY TYPE: right-of-way
ADDRESS MARKERS: NONE
GUTTER/ALLEY: No
WATER PROXIMITY: No
CHRONIC SITE: No
VEHICLES: NONE
IDENTIFIERS: NONE
SEVERITY: 1
ORDINANCE: N/A
PRIORITY: LOW
SUMMARY: No illegal dumping is observed in the video."
20260602T105528Z,DT_10th_and_2nd_St_1_20260528T062000.jpg,,,dataset_20260528/DT_10th_and_2nd_St_1/DT_10th_and_2nd_St_1_20260528T062000.jpg,illegal_dumping,done,2026-06-02T11:08:04.830676+00:00,0.036,0.937,0.975,,nvidia/cosmos-reason2-8b,"DUMPING PRESENT: No
ORDINANCE VIOLATION: No
WASTE TYPE: mixed
WASTE VOLUME: small (pickup truck)
WASTE ORIGIN: residential
PROPERTY TYPE: vacant-lot
ADDRESS MARKERS: NONE
GUTTER/ALLEY: No
WATER PROXIMITY: No
CHRONIC SITE: No
VEHICLES: NONE
IDENTIFIERS: NONE
SEVERITY: 1
ORDINANCE: N/A
PRIORITY: LOW
SUMMARY: No illegal dumping is observed in the video; the scene appears to be a blurred outdoor area without clear evidence of waste disposal violations."
20260602T105528Z,DT_10th_and_2nd_St_1_20260528T063000.jpg,,,dataset_20260528/DT_10th_and_2nd_St_1/DT_10th_and_2nd_St_1_20260528T063000.jpg,illegal_dumping,done,2026-06-02T11:08:05.106964+00:00,0.034,0.773,0.81,,nvidia/cosmos-reason2-8b,"DUMPING PRESENT: No
ORDINANCE VIOLATION: No
WASTE TYPE: mixed
WASTE VOLUME: small (pickup truck)
WASTE ORIGIN: residential
PROPERTY TYPE: vacant-lot
ADDRESS MARKERS: NONE
GUTTER/ALLEY: No
WATER PROXIMITY: No
CHRONIC SITE: No
VEHICLES: NONE
IDENTIFIERS: NONE
SEVERITY: 1
ORDINANCE: N/A
PRIORITY: LOW
SUMMARY: No illegal dumping detected in the video."
20260602T105528Z,DT_10th_and_2nd_St_1_20260528T064000.jpg,,,dataset_20260528/DT_10th_and_2nd_St_1/DT_10th_and_2nd_St_1_20260528T064000.jpg,illegal_dumping,done,2026-06-02T11:08:05.561695+00:00,0.044,0.695,0.741,,nvidia/cosmos-reason2-8b,"DUMPING PRESENT: No
ORDINANCE VIOLATION: No
WASTE TYPE: mixed
WASTE VOLUME: small (pickup truck)
WASTE ORIGIN: residential
PROPERTY TYPE: vacant-lot
ADDRESS MARKERS: NONE
GUTTER/ALLEY: No
WATER PROXIMITY: No
CHRONIC SITE: No
VEHICLES: NONE
IDENTIFIERS: NONE
SEVERITY: 1
ORDINANCE: N/A
PRIORITY: LOW
SUMMARY: No illegal dumping is observed in the video."
20260602T105528Z,DT_10th_and_2nd_St_1_20260528T065000.jpg,,,dataset_20260528/DT_10th_and_2nd_St_1/DT_10th_and_2nd_St_1_20260528T065000.jpg,illegal_dumping,done,2026-06-02T11:08:05.702744+00:00,0.031,0.849,0.883,,nvidia/cosmos-reason2-8b,"DUMPING PRESENT: No
ORDINANCE VIOLATION: No
WASTE TYPE: mixed
WASTE VOLUME: small (pickup truck)
WASTE ORIGIN: residential
PROPERTY TYPE: vacant-lot
ADDRESS MARKERS: NONE
GUTTER/ALLEY: No
WATER PROXIMITY: No
CHRONIC SITE: No
VEHICLES: NONE
IDENTIFIERS: NONE
SEVERITY: 1
ORDINANCE: N/A
PRIORITY: LOW
SUMMARY: No illegal dumping is observed in the video."
20260602T105528Z,DT_10th_and_2nd_St_1_20260528T070000.jpg,,,dataset_20260528/DT_10th_and_2nd_St_1/DT_10th_and_2nd_St_1_20260528T070000.jpg,illegal_dumping,done,2026-06-02T11:08:05.807733+00:00,0.029,0.817,0.848,,nvidia/cosmos-reason2-8b,"DUMPING PRESENT: No
ORDINANCE VIOLATION: No
WASTE TYPE: mixed
WASTE VOLUME: small (pickup truck)
WASTE ORIGIN: residential
PROPERTY TYPE: vacant-lot
ADDRESS MARKERS: NONE
GUTTER/ALLEY: No
WATER PROXIMITY: No
CHRONIC SITE: No
VEHICLES: NONE
IDENTIFIERS: NONE
SEVERITY: 1
ORDINANCE: N/A
PRIORITY: LOW
SUMMARY: No illegal dumping is observed in the video."
20260602T105528Z,DT_10th_and_2nd_St_1_20260528T071000.jpg,,,dataset_20260528/DT_10th_and_2nd_St_1/DT_10th_and_2nd_St_1_20260528T071000.jpg,illegal_dumping,done,2026-06-02T11:08:05.918740+00:00,0.036,0.859,0.898,,nvidia/cosmos-reason2-8b,"DUMPING PRESENT: No
ORDINANCE VIOLATION: No
WASTE TYPE: mixed
WASTE VOLUME: small (pickup truck)
WASTE ORIGIN: residential
PROPERTY TYPE: vacant-lot
ADDRESS MARKERS: NONE
GUTTER/ALLEY: No
WATER PROXIMITY: No
CHRONIC SITE: No
VEHICLES: NONE
IDENTIFIERS: NONE
SEVERITY: 1
ORDINANCE: N/A
PRIORITY: LOW
SUMMARY: No illegal dumping detected in the video."
20260602T105528Z,DT_10th_and_2nd_St_1_20260528T072000.jpg,,,dataset_20260528/DT_10th_and_2nd_St_1/DT_10th_and_2nd_St_1_20260528T072000.jpg,illegal_dumping,done,2026-06-02T11:08:06.304834+00:00,0.036,0.709,0.747,,nvidia/cosmos-reason2-8b,"DUMPING PRESENT: No
ORDINANCE VIOLATION: No
WASTE TYPE: mixed
WASTE VOLUME: small (pickup truck)
WASTE ORIGIN: residential
PROPERTY TYPE: vacant-lot
ADDRESS MARKERS: NONE
GUTTER/ALLEY: No
WATER PROXIMITY: No
CHRONIC SITE: No
VEHICLES: NONE
IDENTIFIERS: NONE
SEVERITY: 1
ORDINANCE: N/A
PRIORITY: LOW
SUMMARY: No illegal dumping observed; the scene shows a natural landscape with no visible waste or violations."
20260602T105528Z,DT_10th_and_2nd_St_1_20260528T073000.jpg,,,dataset_20260528/DT_10th_and_2nd_St_1/DT_10th_and_2nd_St_1_20260528T073000.jpg,illegal_dumping,done,2026-06-02T11:08:06.588197+00:00,0.034,1.098,1.134,,nvidia/cosmos-reason2-8b,"DUMPING PRESENT: No
ORDINANCE VIOLATION: No
WASTE TYPE: mixed
WASTE VOLUME: small (pickup truck)
WASTE ORIGIN: residential
PROPERTY TYPE: vacant-lot
ADDRESS MARKERS: NONE
GUTTER/ALLEY: No
WATER PROXIMITY: No
CHRONIC SITE: No
VEHICLES: NONE
IDENTIFIERS: NONE
SEVERITY: 1
ORDINANCE: N/A
PRIORITY: LOW
SUMMARY: No illegal dumping detected; the area appears to be a natural, undisturbed environment with no visible waste or debris."
20260602T105528Z,DT_10th_and_2nd_St_1_20260528T074000.jpg,,,dataset_20260528/DT_10th_and_2nd_St_1/DT_10th_and_2nd_St_1_20260528T074000.jpg,illegal_dumping,done,2026-06-02T11:08:06.658724+00:00,0.03,0.866,0.899,,nvidia/cosmos-reason2-8b,"DUMPING PRESENT: No
ORDINANCE VIOLATION: No
WASTE TYPE: mixed
WASTE VOLUME: small (pickup truck)
WASTE ORIGIN: residential
PROPERTY TYPE: vacant-lot
ADDRESS MARKERS: NONE
GUTTER/ALLEY: No
WATER PROXIMITY: Yes
CHRONIC SITE: No
VEHICLES: NONE
IDENTIFIERS: NONE
SEVERITY: 1
ORDINANCE: N/A
PRIORITY: LOW
SUMMARY: No illegal dumping observed; the area appears to be a natural, undisturbed environment with no visible waste or debris."
20260602T105528Z,DT_10th_and_2nd_St_1_20260528T075000.jpg,,,dataset_20260528/DT_10th_and_2nd_St_1/DT_10th_and_2nd_St_1_20260528T075000.jpg,illegal_dumping,done,2026-06-02T11:08:06.819355+00:00,0.03,0.871,0.904,,nvidia/cosmos-reason2-8b,"DUMPING PRESENT: No
ORDINANCE VIOLATION: No
WASTE TYPE: mixed
WASTE VOLUME: small (pickup truck)
WASTE ORIGIN: residential
PROPERTY TYPE: vacant-lot
ADDRESS MARKERS: NONE
GUTTER/ALLEY: No
WATER PROXIMITY: Yes
CHRONIC SITE: No
VEHICLES: NONE
IDENTIFIERS: NONE
SEVERITY: 1
ORDINANCE: N/A
PRIORITY: LOW
SUMMARY: No illegal dumping detected; the area appears to be a natural, undisturbed environment with no visible waste or debris."
20260602T105528Z,DT_10th_and_2nd_St_1_20260528T080000.jpg,,,dataset_20260528/DT_10th_and_2nd_St_1/DT_10th_and_2nd_St_1_20260528T080000.jpg,illegal_dumping,done,2026-06-02T11:08:07.054381+00:00,0.033,0.786,0.822,,nvidia/cosmos-reason2-8b,"DUMPING PRESENT: No
ORDINANCE VIOLATION: No
WASTE TYPE: mixed
WASTE VOLUME: small (pickup truck)
WASTE ORIGIN: residential
PROPERTY TYPE: vacant-lot
ADDRESS MARKERS: NONE
GUTTER/ALLEY: No
WATER PROXIMITY: Yes
CHRONIC SITE: No
VEHICLES: NONE
IDENTIFIERS: NONE
SEVERITY: 1
ORDINANCE: N/A
PRIORITY: LOW
SUMMARY: No illegal dumping observed; the area appears to be a natural, undisturbed environment with no visible waste or debris."
20260602T105528Z,DT_10th_and_2nd_St_1_20260528T081000.jpg,,,dataset_20260528/DT_10th_and_2nd_St_1/DT_10th_and_2nd_St_1_20260528T081000.jpg,illegal_dumping,done,2026-06-02T11:08:07.560406+00:00,0.035,0.765,0.803,,nvidia/cosmos-reason2-8b,"DUMPING PRESENT: No
ORDINANCE VIOLATION: No
WASTE TYPE: mixed
WASTE VOLUME: small (pickup truck)
WASTE ORIGIN: residential
PROPERTY TYPE: vacant-lot
ADDRESS MARKERS: NONE
GUTTER/ALLEY: No
WATER PROXIMITY: Yes
CHRONIC SITE: No
VEHICLES: NONE
IDENTIFIERS: NONE
SEVERITY: 1
ORDINANCE: N/A
PRIORITY: LOW
SUMMARY: No illegal dumping detected; the area appears to be a natural, undisturbed environment with no visible waste or debris."
20260602T105528Z,DT_10th_and_2nd_St_1_20260528T082000.jpg,,,dataset_20260528/DT_10th_and_2nd_St_1/DT_10th_and_2nd_St_1_20260528T082000.jpg,illegal_dumping,done,2026-06-02T11:08:07.725121+00:00,0.058,0.743,0.804,,nvidia/cosmos-reason2-8b,"DUMPING PRESENT: No
ORDINANCE VIOLATION: No
WASTE TYPE: mixed
WASTE VOLUME: small (pickup truck)
WASTE ORIGIN: residential
PROPERTY TYPE: vacant-lot
ADDRESS MARKERS: NONE
GUTTER/ALLEY: No
WATER PROXIMITY: Yes
CHRONIC SITE: No
VEHICLES: NONE
IDENTIFIERS: NONE
SEVERITY: 1
ORDINANCE: N/A
PRIORITY: LOW
SUMMARY: No illegal dumping observed; the scene shows a natural environment with no visible waste or violations."
20260602T105528Z,DT_10th_and_2nd_St_1_20260528T083000.jpg,,,dataset_20260528/DT_10th_and_2nd_St_1/DT_10th_and_2nd_St_1_20260528T083000.jpg,illegal_dumping,done,2026-06-02T11:08:07.726593+00:00,0.058,0.916,0.977,,nvidia/cosmos-reason2-8b,"DUMPING PRESENT: No
ORDINANCE VIOLATION: No
WASTE TYPE: mixed
WASTE VOLUME: small (pickup truck)
WASTE ORIGIN: residential
PROPERTY TYPE: vacant-lot
ADDRESS MARKERS: NONE
GUTTER/ALLEY: No
WATER PROXIMITY: Yes
CHRONIC SITE: No
VEHICLES: NONE
IDENTIFIERS: NONE
SEVERITY: 1
ORDINANCE: N/A
PRIORITY: LOW
SUMMARY: No illegal dumping observed; the area appears to be a natural, undisturbed environment with no visible waste or human activity."
20260602T105528Z,DT_10th_and_2nd_St_1_20260528T084000.jpg,,,dataset_20260528/DT_10th_and_2nd_St_1/DT_10th_and_2nd_St_1_20260528T084000.jpg,illegal_dumping,done,2026-06-02T11:08:07.877977+00:00,0.033,0.935,0.97,,nvidia/cosmos-reason2-8b,"DUMPING PRESENT: No
ORDINANCE VIOLATION: No
WASTE TYPE: mixed
WASTE VOLUME: small (pickup truck)
WASTE ORIGIN: residential
PROPERTY TYPE: vacant-lot
ADDRESS MARKERS: NONE
GUTTER/ALLEY: No
WATER PROXIMITY: No
CHRONIC SITE: No
VEHICLES: NONE
IDENTIFIERS: NONE
SEVERITY: 1
ORDINANCE: N/A
PRIORITY: LOW
SUMMARY: No illegal dumping is observed in the video."
20260602T105528Z,DT_10th_and_2nd_St_1_20260528T085000.jpg,,,dataset_20260528/DT_10th_and_2nd_St_1/DT_10th_and_2nd_St_1_20260528T085000.jpg,illegal_dumping,done,2026-06-02T11:08:08.366387+00:00,0.039,0.735,0.776,,nvidia/cosmos-reason2-8b,"DUMPING PRESENT: No
ORDINANCE VIOLATION: No
WASTE TYPE: mixed
WASTE VOLUME: small (pickup truck)
WASTE ORIGIN: residential
PROPERTY TYPE: vacant-lot
ADDRESS MARKERS: NONE
GUTTER/ALLEY: No
WATER PROXIMITY: Yes
CHRONIC SITE: No
VEHICLES: NONE
IDENTIFIERS: NONE
SEVERITY: 1
ORDINANCE: N/A
PRIORITY: LOW
SUMMARY: No illegal dumping detected; the area appears to be a natural environment with no visible waste or debris."
20260602T105528Z,DT_10th_and_2nd_St_1_20260528T090000.jpg,,,dataset_20260528/DT_10th_and_2nd_St_1/DT_10th_and_2nd_St_1_20260528T090000.jpg,illegal_dumping,done,2026-06-02T11:08:08.532305+00:00,0.033,0.712,0.747,,nvidia/cosmos-reason2-8b,"DUMPING PRESENT: No
ORDINANCE VIOLATION: No
WASTE TYPE: mixed
WASTE VOLUME: small (pickup truck)
WASTE ORIGIN: residential
PROPERTY TYPE: vacant-lot
ADDRESS MARKERS: NONE
GUTTER/ALLEY: No
WATER PROXIMITY: Yes
CHRONIC SITE: No
VEHICLES: NONE
IDENTIFIERS: NONE
SEVERITY: 1
ORDINANCE: N/A
PRIORITY: LOW
SUMMARY: No illegal dumping observed; the scene shows a natural environment with no visible waste or violations."
20260602T105528Z,DT_10th_and_2nd_St_1_20260528T091000.jpg,,,dataset_20260528/DT_10th_and_2nd_St_1/DT_10th_and_2nd_St_1_20260528T091000.jpg,illegal_dumping,done,2026-06-02T11:08:08.705800+00:00,0.035,0.734,0.771,,nvidia/cosmos-reason2-8b,"DUMPING PRESENT: No
ORDINANCE VIOLATION: No
WASTE TYPE: mixed
WASTE VOLUME: small (pickup truck)
WASTE ORIGIN: residential
PROPERTY TYPE: vacant-lot
ADDRESS MARKERS: NONE
GUTTER/ALLEY: No
WATER PROXIMITY: Yes
CHRONIC SITE: No
VEHICLES: NONE
IDENTIFIERS: NONE
SEVERITY: 1
ORDINANCE: N/A
PRIORITY: LOW
SUMMARY: No illegal dumping detected; the area appears to be a natural environment with no visible waste or debris."
20260602T105528Z,DT_10th_and_2nd_St_1_20260528T092000.jpg,,,dataset_20260528/DT_10th_and_2nd_St_1/DT_10th_and_2nd_St_1_20260528T092000.jpg,illegal_dumping,done,2026-06-02T11:08:08.850601+00:00,0.035,0.798,0.836,,nvidia/cosmos-reason2-8b,"DUMPING PRESENT: No
ORDINANCE VIOLATION: No
WASTE TYPE: mixed
WASTE VOLUME: small (pickup truck)
WASTE ORIGIN: residential
PROPERTY TYPE: vacant-lot
ADDRESS MARKERS: NONE
GUTTER/ALLEY: No
WATER PROXIMITY: No
CHRONIC SITE: No
VEHICLES: NONE
IDENTIFIERS: NONE
SEVERITY: 1
ORDINANCE: N/A
PRIORITY: LOW
SUMMARY: No illegal dumping is observed in the video."
20260602T105528Z,DT_10th_and_2nd_St_1_20260528T093000.jpg,,,dataset_20260528/DT_10th_and_2nd_St_1/DT_10th_and_2nd_St_1_20260528T093000.jpg,illegal_dumping,done,2026-06-02T11:08:09.145313+00:00,0.036,0.69,0.728,,nvidia/cosmos-reason2-8b,"DUMPING PRESENT: No
ORDINANCE VIOLATION: No
WASTE TYPE: mixed
WASTE VOLUME: small (pickup truck)
WASTE ORIGIN: residential
PROPERTY TYPE: vacant-lot
ADDRESS MARKERS: NONE
GUTTER/ALLEY: No
WATER PROXIMITY: No
CHRONIC SITE: No
VEHICLES: NONE
IDENTIFIERS: NONE
SEVERITY: 1
ORDINANCE: N/A
PRIORITY: LOW
SUMMARY: No illegal dumping observed; the area appears to be a natural landscape with no visible waste or debris."
20260602T105528Z,DT_10th_and_2nd_St_1_20260528T094000.jpg,,,dataset_20260528/DT_10th_and_2nd_St_1/DT_10th_and_2nd_St_1_20260528T094000.jpg,illegal_dumping,done,2026-06-02T11:08:09.282225+00:00,0.032,0.75,0.784,,nvidia/cosmos-reason2-8b,"DUMPING PRESENT: No
ORDINANCE VIOLATION: No
WASTE TYPE: mixed
WASTE VOLUME: small (pickup truck)
WASTE ORIGIN: residential
PROPERTY TYPE: vacant-lot
ADDRESS MARKERS: NONE
GUTTER/ALLEY: No
WATER PROXIMITY: No
CHRONIC SITE: No
VEHICLES: NONE
IDENTIFIERS: NONE
SEVERITY: 1
ORDINANCE: N/A
PRIORITY: LOW
SUMMARY: No illegal dumping observed; the area appears to be a natural, undisturbed vacant lot with no visible waste or debris."
20260602T105528Z,DT_10th_and_2nd_St_1_20260528T095000.jpg,,,dataset_20260528/DT_10th_and_2nd_St_1/DT_10th_and_2nd_St_1_20260528T095000.jpg,illegal_dumping,done,2026-06-02T11:08:09.479363+00:00,0.037,0.695,0.734,,nvidia/cosmos-reason2-8b,"DUMPING PRESENT: No
ORDINANCE VIOLATION: No
WASTE TYPE: mixed
WASTE VOLUME: small (pickup truck)
WASTE ORIGIN: residential
PROPERTY TYPE: vacant-lot
ADDRESS MARKERS: NONE
GUTTER/ALLEY: No
WATER PROXIMITY: No
CHRONIC SITE: No
VEHICLES: NONE
IDENTIFIERS: NONE
SEVERITY: 1
ORDINANCE: N/A
PRIORITY: LOW
SUMMARY: No illegal dumping is observed in the scene."
20260602T105528Z,DT_10th_and_2nd_St_1_20260528T100000.jpg,,,dataset_20260528/DT_10th_and_2nd_St_1/DT_10th_and_2nd_St_1_20260528T100000.jpg,illegal_dumping,done,2026-06-02T11:08:09.689152+00:00,0.032,0.724,0.758,,nvidia/cosmos-reason2-8b,"DUMPING PRESENT: No
ORDINANCE VIOLATION: No
WASTE TYPE: mixed
WASTE VOLUME: small (pickup truck)
WASTE ORIGIN: residential
PROPERTY TYPE: vacant-lot
ADDRESS MARKERS: NONE
GUTTER/ALLEY: No
WATER PROXIMITY: No
CHRONIC SITE: No
VEHICLES: NONE
IDENTIFIERS: NONE
SEVERITY: 1
ORDINANCE: N/A
PRIORITY: LOW
SUMMARY: No illegal dumping observed; the area appears to be a natural, undisturbed landscape with no visible waste or debris."
20260602T105528Z,DT_10th_and_2nd_St_1_20260528T101000.jpg,,,dataset_20260528/DT_10th_and_2nd_St_1/DT_10th_and_2nd_St_1_20260528T101000.jpg,illegal_dumping,done,2026-06-02T11:08:09.877221+00:00,0.034,0.666,0.703,,nvidia/cosmos-reason2-8b,"DUMPING PRESENT: No
ORDINANCE VIOLATION: No
WASTE TYPE: mixed
WASTE VOLUME: small (pickup truck)
WASTE ORIGIN: residential
PROPERTY TYPE: vacant-lot
ADDRESS MARKERS: NONE
GUTTER/ALLEY: No
WATER PROXIMITY: No
CHRONIC SITE: No
VEHICLES: NONE
IDENTIFIERS: NONE
SEVERITY: 1
ORDINANCE: N/A
PRIORITY: LOW
SUMMARY: No illegal dumping is observed in the image."
20260602T105528Z,DT_10th_and_2nd_St_1_20260528T102000.jpg,,,dataset_20260528/DT_10th_and_2nd_St_1/DT_10th_and_2nd_St_1_20260528T102000.jpg,illegal_dumping,done,2026-06-02T11:08:10.068968+00:00,0.036,0.734,0.772,,nvidia/cosmos-reason2-8b,"DUMPING PRESENT: No
ORDINANCE VIOLATION: No
WASTE TYPE: mixed
WASTE VOLUME: small (pickup truck)
WASTE ORIGIN: residential
PROPERTY TYPE: vacant-lot
ADDRESS MARKERS: NONE
GUTTER/ALLEY: No
WATER PROXIMITY: No
CHRONIC SITE: No
VEHICLES: NONE
IDENTIFIERS: NONE
SEVERITY: 1
ORDINANCE: N/A
PRIORITY: LOW
SUMMARY: No illegal dumping detected; the area appears to be a natural, overgrown vacant lot with no visible waste or debris."
20260602T105528Z,DT_10th_and_2nd_St_1_20260528T103000.jpg,,,dataset_20260528/DT_10th_and_2nd_St_1/DT_10th_and_2nd_St_1_20260528T103000.jpg,illegal_dumping,done,2026-06-02T11:08:10.215779+00:00,0.032,0.756,0.789,,nvidia/cosmos-reason2-8b,"DUMPING PRESENT: No
ORDINANCE VIOLATION: No
WASTE TYPE: mixed
WASTE VOLUME: small (pickup truck)
WASTE ORIGIN: residential
PROPERTY TYPE: vacant-lot
ADDRESS MARKERS: NONE
GUTTER/ALLEY: No
WATER PROXIMITY: No
CHRONIC SITE: No
VEHICLES: NONE
IDENTIFIERS: NONE
SEVERITY: 1
ORDINANCE: N/A
PRIORITY: LOW
SUMMARY: No illegal dumping observed; the area appears to be a natural, undisturbed landscape with no visible waste or debris."
20260602T105528Z,DT_10th_and_2nd_St_1_20260528T104000.jpg,,,dataset_20260528/DT_10th_and_2nd_St_1/DT_10th_and_2nd_St_1_20260528T104000.jpg,illegal_dumping,done,2026-06-02T11:08:10.450146+00:00,0.032,0.707,0.742,,nvidia/cosmos-reason2-8b,"DUMPING PRESENT: No
ORDINANCE VIOLATION: No
WASTE TYPE: mixed
WASTE VOLUME: small (pickup truck)
WASTE ORIGIN: residential
PROPERTY TYPE: vacant-lot
ADDRESS MARKERS: NONE
GUTTER/ALLEY: No
WATER PROXIMITY: No
CHRONIC SITE: No
VEHICLES: NONE
IDENTIFIERS: NONE
SEVERITY: 1
ORDINANCE: N/A
PRIORITY: LOW
SUMMARY: No illegal dumping detected; the area appears to be a natural, undisturbed landscape with no visible waste or debris."
20260602T105528Z,DT_10th_and_2nd_St_1_20260528T105000.jpg,,,dataset_20260528/DT_10th_and_2nd_St_1/DT_10th_and_2nd_St_1_20260528T105000.jpg,illegal_dumping,done,2026-06-02T11:08:10.582213+00:00,0.034,0.837,0.873,,nvidia/cosmos-reason2-8b,"DUMPING PRESENT: No
ORDINANCE VIOLATION: No
WASTE TYPE: mixed
WASTE VOLUME: small (pickup truck)
WASTE ORIGIN: residential
PROPERTY TYPE: vacant-lot
ADDRESS MARKERS: NONE
GUTTER/ALLEY: No
WATER PROXIMITY: No
CHRONIC SITE: No
VEHICLES: NONE
IDENTIFIERS: NONE
SEVERITY: 1
ORDINANCE: N/A
PRIORITY: LOW
SUMMARY: No illegal dumping detected in the video. The area appears to be a natural, undisturbed environment with no visible waste or debris."
20260602T105528Z,DT_10th_and_2nd_St_1_20260528T110000.jpg,,,dataset_20260528/DT_10th_and_2nd_St_1/DT_10th_and_2nd_St_1_20260528T110000.jpg,illegal_dumping,done,2026-06-02T11:08:10.844200+00:00,0.038,0.636,0.677,,nvidia/cosmos-reason2-8b,"DUMPING PRESENT: No
ORDINANCE VIOLATION: No
WASTE TYPE: mixed
WASTE VOLUME: small (pickup truck)
WASTE ORIGIN: residential
PROPERTY TYPE: vacant-lot
ADDRESS MARKERS: NONE
GUTTER/ALLEY: No
WATER PROXIMITY: No
CHRONIC SITE: No
VEHICLES: NONE
IDENTIFIERS: NONE
SEVERITY: 1
ORDINANCE: N/A
PRIORITY: LOW
SUMMARY: No illegal dumping is observed in the scene."
20260602T105528Z,DT_10th_and_2nd_St_1_20260528T111000.jpg,,,dataset_20260528/DT_10th_and_2nd_St_1/DT_10th_and_2nd_St_1_20260528T111000.jpg,illegal_dumping,done,2026-06-02T11:08:11.007558+00:00,0.034,0.667,0.704,,nvidia/cosmos-reason2-8b,"DUMPING PRESENT: No
ORDINANCE VIOLATION: No
WASTE TYPE: mixed
WASTE VOLUME: small (pickup truck)
WASTE ORIGIN: residential
PROPERTY TYPE: vacant-lot
ADDRESS MARKERS: NONE
GUTTER/ALLEY: No
WATER PROXIMITY: No
CHRONIC SITE: No
VEHICLES: NONE
IDENTIFIERS: NONE
SEVERITY: 1
ORDINANCE: N/A
PRIORITY: LOW
SUMMARY: No illegal dumping detected in the video."
20260602T105528Z,DT_10th_and_2nd_St_1_20260528T112000.jpg,,,dataset_20260528/DT_10th_and_2nd_St_1/DT_10th_and_2nd_St_1_20260528T112000.jpg,illegal_dumping,done,2026-06-02T11:08:11.194258+00:00,0.032,0.691,0.725,,nvidia/cosmos-reason2-8b,"DUMPING PRESENT: No
ORDINANCE VIOLATION: No
WASTE TYPE: mixed
WASTE VOLUME: small (pickup truck)
WASTE ORIGIN: residential
PROPERTY TYPE: vacant-lot
ADDRESS MARKERS: NONE
GUTTER/ALLEY: No
WATER PROXIMITY: No
CHRONIC SITE: No
VEHICLES: NONE
IDENTIFIERS: NONE
SEVERITY: 1
ORDINANCE: N/A
PRIORITY: LOW
SUMMARY: No illegal dumping is observed in the image."
20260602T105528Z,DT_10th_and_2nd_St_1_20260528T113000.jpg,,,dataset_20260528/DT_10th_and_2nd_St_1/DT_10th_and_2nd_St_1_20260528T113000.jpg,illegal_dumping,done,2026-06-02T11:08:11.457423+00:00,0.04,0.633,0.676,,nvidia/cosmos-reason2-8b,"DUMPING PRESENT: No
ORDINANCE VIOLATION: No
WASTE TYPE: mixed
WASTE VOLUME: small (pickup truck)
WASTE ORIGIN: residential
PROPERTY TYPE: vacant-lot
ADDRESS MARKERS: NONE
GUTTER/ALLEY: No
WATER PROXIMITY: No
CHRONIC SITE: No
VEHICLES: NONE
IDENTIFIERS: NONE
SEVERITY: 1
ORDINANCE: N/A
PRIORITY: LOW
SUMMARY: No illegal dumping is observed in the image."
20260602T105528Z,DT_10th_and_2nd_St_1_20260528T114000.jpg,,,dataset_20260528/DT_10th_and_2nd_St_1/DT_10th_and_2nd_St_1_20260528T114000.jpg,illegal_dumping,done,2026-06-02T11:08:11.522888+00:00,0.031,0.842,0.875,,nvidia/cosmos-reason2-8b,"DUMPING PRESENT: No
ORDINANCE VIOLATION: No
WASTE TYPE: mixed
WASTE VOLUME: small (pickup truck)
WASTE ORIGIN: residential
PROPERTY TYPE: vacant-lot
ADDRESS MARKERS: NONE
GUTTER/ALLEY: No
WATER PROXIMITY: No
CHRONIC SITE: No
VEHICLES: NONE
IDENTIFIERS: NONE
SEVERITY: 1
ORDINANCE: N/A
PRIORITY: LOW
SUMMARY: No illegal dumping is observed in the image."
20260602T105528Z,DT_10th_and_2nd_St_1_20260528T115000.jpg,,,dataset_20260528/DT_10th_and_2nd_St_1/DT_10th_and_2nd_St_1_20260528T115000.jpg,illegal_dumping,done,2026-06-02T11:08:11.713430+00:00,0.036,0.795,0.832,,nvidia/cosmos-reason2-8b,"DUMPING PRESENT: No
ORDINANCE VIOLATION: No
WASTE TYPE: mixed
WASTE VOLUME: small (pickup truck)
WASTE ORIGIN: residential
PROPERTY TYPE: vacant-lot
ADDRESS MARKERS: NONE
GUTTER/ALLEY: No
WATER PROXIMITY: No
CHRONIC SITE: No
VEHICLES: NONE
IDENTIFIERS: NONE
SEVERITY: 1
ORDINANCE: N/A
PRIORITY: LOW
SUMMARY: No illegal dumping is observed in the scene."
20260602T105528Z,DT_10th_and_2nd_St_1_20260528T120000.jpg,,,dataset_20260528/DT_10th_and_2nd_St_1/DT_10th_and_2nd_St_1_20260528T120000.jpg,illegal_dumping,done,2026-06-02T11:08:11.921958+00:00,0.035,0.834,0.871,,nvidia/cosmos-reason2-8b,"DUMPING PRESENT: No
ORDINANCE VIOLATION: No
WASTE TYPE: mixed
WASTE VOLUME: small (pickup truck)
WASTE ORIGIN: residential
PROPERTY TYPE: vacant-lot
ADDRESS MARKERS: NONE
GUTTER/ALLEY: No
WATER PROXIMITY: No
CHRONIC SITE: No
VEHICLES: NONE
IDENTIFIERS: NONE
SEVERITY: 1
ORDINANCE: N/A
PRIORITY: LOW
SUMMARY: No illegal dumping detected; the area appears to be a natural, undisturbed landscape with no visible waste or debris."
20260602T105528Z,DT_10th_and_2nd_St_1_20260528T121000.jpg,,,dataset_20260528/DT_10th_and_2nd_St_1/DT_10th_and_2nd_St_1_20260528T121000.jpg,illegal_dumping,done,2026-06-02T11:08:12.136313+00:00,0.041,0.819,0.863,,nvidia/cosmos-reason2-8b,"DUMPING PRESENT: No
ORDINANCE VIOLATION: No
WASTE TYPE: mixed
WASTE VOLUME: small (pickup truck)
WASTE ORIGIN: residential
PROPERTY TYPE: vacant-lot
ADDRESS MARKERS: NONE
GUTTER/ALLEY: No
WATER PROXIMITY: No
CHRONIC SITE: No
VEHICLES: NONE
IDENTIFIERS: NONE
SEVERITY: 1
ORDINANCE: N/A
PRIORITY: LOW
SUMMARY: No illegal dumping detected; the area appears to be a natural, undisturbed landscape with no visible waste or debris."
20260602T105528Z,DT_10th_and_2nd_St_1_20260528T122000.jpg,,,dataset_20260528/DT_10th_and_2nd_St_1/DT_10th_and_2nd_St_1_20260528T122000.jpg,illegal_dumping,done,2026-06-02T11:08:12.400051+00:00,0.032,0.709,0.744,,nvidia/cosmos-reason2-8b,"DUMPING PRESENT: No
ORDINANCE VIOLATION: No
WASTE TYPE: mixed
WASTE VOLUME: small (pickup truck)
WASTE ORIGIN: residential
PROPERTY TYPE: vacant-lot
ADDRESS MARKERS: NONE
GUTTER/ALLEY: No
WATER PROXIMITY: No
CHRONIC SITE: No
VEHICLES: NONE
IDENTIFIERS: NONE
SEVERITY: 1
ORDINANCE: N/A
PRIORITY: LOW
SUMMARY: No illegal dumping observed; the area appears to be a natural, undisturbed landscape with no visible waste or debris."
20260602T105528Z,DT_10th_and_2nd_St_1_20260528T123000.jpg,,,dataset_20260528/DT_10th_and_2nd_St_1/DT_10th_and_2nd_St_1_20260528T123000.jpg,illegal_dumping,done,2026-06-02T11:08:12.548803+00:00,0.035,0.73,0.768,,nvidia/cosmos-reason2-8b,"DUMPING PRESENT: No
ORDINANCE VIOLATION: No
WASTE TYPE: mixed
WASTE VOLUME: small (pickup truck)
WASTE ORIGIN: residential
PROPERTY TYPE: vacant-lot
ADDRESS MARKERS: NONE
GUTTER/ALLEY: No
WATER PROXIMITY: No
CHRONIC SITE: No
VEHICLES: NONE
IDENTIFIERS: NONE
SEVERITY: 1
ORDINANCE: N/A
PRIORITY: LOW
SUMMARY: No illegal dumping observed; the area appears to be a natural, overgrown vacant lot with no visible waste or debris."
20260602T105528Z,DT_10th_and_2nd_St_1_20260528T124000.jpg,,,dataset_20260528/DT_10th_and_2nd_St_1/DT_10th_and_2nd_St_1_20260528T124000.jpg,illegal_dumping,done,2026-06-02T11:08:12.795492+00:00,0.035,0.685,0.723,,nvidia/cosmos-reason2-8b,"DUMPING PRESENT: No
ORDINANCE VIOLATION: No
WASTE TYPE: mixed
WASTE VOLUME: small (pickup truck)
WASTE ORIGIN: residential
PROPERTY TYPE: vacant-lot
ADDRESS MARKERS: NONE
GUTTER/ALLEY: No
WATER PROXIMITY: No
CHRONIC SITE: No
VEHICLES: NONE
IDENTIFIERS: NONE
SEVERITY: 1
ORDINANCE: N/A
PRIORITY: LOW
SUMMARY: No illegal dumping detected; the area appears to be a natural, undisturbed vacant lot with no visible waste or debris."
20260602T105528Z,DT_10th_and_2nd_St_1_20260528T125000.jpg,,,dataset_20260528/DT_10th_and_2nd_St_1/DT_10th_and_2nd_St_1_20260528T125000.jpg,illegal_dumping,done,2026-06-02T11:08:13.001358+00:00,0.032,0.683,0.717,,nvidia/cosmos-reason2-8b,"DUMPING PRESENT: No
ORDINANCE VIOLATION: No
WASTE TYPE: mixed
WASTE VOLUME: small (pickup truck)
WASTE ORIGIN: residential
PROPERTY TYPE: vacant-lot
ADDRESS MARKERS: NONE
GUTTER/ALLEY: No
WATER PROXIMITY: No
CHRONIC SITE: No
VEHICLES: NONE
IDENTIFIERS: NONE
SEVERITY: 1
ORDINANCE: N/A
PRIORITY: LOW
SUMMARY: No illegal dumping detected; the area appears to be a natural, undisturbed landscape with no visible waste or debris."
20260602T105528Z,DT_10th_and_2nd_St_1_20260528T130000.jpg,,,dataset_20260528/DT_10th_and_2nd_St_1/DT_10th_and_2nd_St_1_20260528T130000.jpg,illegal_dumping,done,2026-06-02T11:08:13.147222+00:00,0.038,0.728,0.768,,nvidia/cosmos-reason2-8b,"DUMPING PRESENT: No
ORDINANCE VIOLATION: No
WASTE TYPE: mixed
WASTE VOLUME: small (pickup truck)
WASTE ORIGIN: residential
PROPERTY TYPE: vacant-lot
ADDRESS MARKERS: NONE
GUTTER/ALLEY: No
WATER PROXIMITY: No
CHRONIC SITE: No
VEHICLES: NONE
IDENTIFIERS: NONE
SEVERITY: 1
ORDINANCE: N/A
PRIORITY: LOW
SUMMARY: No illegal dumping detected; the area appears to be a natural, undisturbed vacant lot with no visible waste or debris."
20260602T105528Z,DT_10th_and_2nd_St_1_20260528T131000.jpg,,,dataset_20260528/DT_10th_and_2nd_St_1/DT_10th_and_2nd_St_1_20260528T131000.jpg,illegal_dumping,done,2026-06-02T11:08:13.319004+00:00,0.031,1.61,1.644,,nvidia/cosmos-reason2-8b,"```json
{
  ""DUMPING PRESENT"": ""No"",
  ""ORDINANCE VIOLATION"": ""No"",
  ""WASTE TYPE"": [],
  ""WASTE VOLUME"": ""small (pickup truck)"",
  ""WASTE ORIGIN"": ""unknown"",
  ""PROPERTY TYPE"": ""vacant-lot"",
  ""ADDRESS MARKERS"": ""NONE"",
  ""GUTTER/ALLEY"": ""No"",
  ""WATER PROXIMITY"": ""No"",
  ""CHRONIC SITE"": ""No"",
  ""VEHICLES"": ""NONE"",
  ""IDENTIFIERS"": ""NONE"",
  ""SEVERITY"": ""1"",
  ""ORDINANCE"": ""N/A"",
  ""PRIORITY"": ""LOW"",
  ""SUMMARY"": ""No illegal dumping detected; the area appears to be a natural, undisturbed vacant lot with no visible waste or debris.""
}
```"
20260602T105528Z,DT_10th_and_2nd_St_1_20260528T132000.jpg,,,dataset_20260528/DT_10th_and_2nd_St_1/DT_10th_and_2nd_St_1_20260528T132000.jpg,illegal_dumping,done,2026-06-02T11:08:13.520752+00:00,0.035,1.936,1.973,,nvidia/cosmos-reason2-8b,"DUMPING PRESENT: No
ORDINANCE VIOLATION: No
WASTE TYPE: mixed
WASTE VOLUME: small (pickup truck)
WASTE ORIGIN: residential
PROPERTY TYPE: vacant-lot
ADDRESS MARKERS: NONE
GUTTER/ALLEY: No
WATER PROXIMITY: No
CHRONIC SITE: No
VEHICLES: NONE
IDENTIFIERS: NONE
SEVERITY: 1
ORDINANCE: N/A
PRIORITY: LOW
SUMMARY: No illegal dumping detected; the area appears to be a natural, undisturbed landscape with no visible waste or debris."
20260602T105528Z,DT_10th_and_2nd_St_1_20260528T133000.jpg,,,dataset_20260528/DT_10th_and_2nd_St_1/DT_10th_and_2nd_St_1_20260528T133000.jpg,illegal_dumping,done,2026-06-02T11:08:13.720621+00:00,0.03,1.683,1.715,,nvidia/cosmos-reason2-8b,"DUMPING PRESENT: No
ORDINANCE VIOLATION: No
WASTE TYPE: mixed
WASTE VOLUME: small (pickup truck)
WASTE ORIGIN: residential
PROPERTY TYPE: vacant-lot
ADDRESS MARKERS: NONE
GUTTER/ALLEY: No
WATER PROXIMITY: No
CHRONIC SITE: No
VEHICLES: NONE
IDENTIFIERS: NONE
SEVERITY: 1
ORDINANCE: N/A
PRIORITY: LOW
SUMMARY: No illegal dumping is observed in the image."
20260602T105528Z,DT_10th_and_2nd_St_1_20260528T134000.jpg,,,dataset_20260528/DT_10th_and_2nd_St_1/DT_10th_and_2nd_St_1_20260528T134000.jpg,illegal_dumping,done,2026-06-02T11:08:13.917657+00:00,0.035,1.248,1.285,,nvidia/cosmos-reason2-8b,"DUMPING PRESENT: No
ORDINANCE VIOLATION: No
WASTE TYPE: mixed
WASTE VOLUME: small (pickup truck)
WASTE ORIGIN: residential
PROPERTY TYPE: vacant-lot
ADDRESS MARKERS: NONE
GUTTER/ALLEY: No
WATER PROXIMITY: No
CHRONIC SITE: No
VEHICLES: NONE
IDENTIFIERS: NONE
SEVERITY: 1
ORDINANCE: N/A
PRIORITY: LOW
SUMMARY: No illegal dumping observed; the area appears to be a natural, undisturbed vacant lot with no visible waste or debris."
20260602T105528Z,DT_10th_and_2nd_St_1_20260528T135000.jpg,,,dataset_20260528/DT_10th_and_2nd_St_1/DT_10th_and_2nd_St_1_20260528T135000.jpg,illegal_dumping,done,2026-06-02T11:08:14.966717+00:00,0.038,0.671,0.712,,nvidia/cosmos-reason2-8b,"DUMPING PRESENT: No
ORDINANCE VIOLATION: No
WASTE TYPE: mixed
WASTE VOLUME: small (pickup truck)
WASTE ORIGIN: residential
PROPERTY TYPE: vacant-lot
ADDRESS MARKERS: NONE
GUTTER/ALLEY: No
WATER PROXIMITY: No
CHRONIC SITE: No
VEHICLES: NONE
IDENTIFIERS: NONE
SEVERITY: 1
ORDINANCE: N/A
PRIORITY: LOW
SUMMARY: No illegal dumping is observed in the image."
20260602T105528Z,DT_10th_and_2nd_St_1_20260528T140000.jpg,,,dataset_20260528/DT_10th_and_2nd_St_1/DT_10th_and_2nd_St_1_20260528T140000.jpg,illegal_dumping,done,2026-06-02T11:08:15.205295+00:00,0.034,0.635,0.672,,nvidia/cosmos-reason2-8b,"DUMPING PRESENT: No
ORDINANCE VIOLATION: No
WASTE TYPE: mixed
WASTE VOLUME: small (pickup truck)
WASTE ORIGIN: residential
PROPERTY TYPE: vacant-lot
ADDRESS MARKERS: NONE
GUTTER/ALLEY: No
WATER PROXIMITY: No
CHRONIC SITE: No
VEHICLES: NONE
IDENTIFIERS: NONE
SEVERITY: 1
ORDINANCE: N/A
PRIORITY: LOW
SUMMARY: No illegal dumping is observed in the scene."
20260602T105528Z,DT_10th_and_2nd_St_1_20260528T141000.jpg,,,dataset_20260528/DT_10th_and_2nd_St_1/DT_10th_and_2nd_St_1_20260528T141000.jpg,illegal_dumping,done,2026-06-02T11:08:15.438361+00:00,0.04,0.73,0.772,,nvidia/cosmos-reason2-8b,"DUMPING PRESENT: No
ORDINANCE VIOLATION: No
WASTE TYPE: mixed
WASTE VOLUME: small (pickup truck)
WASTE ORIGIN: residential
PROPERTY TYPE: vacant-lot
ADDRESS MARKERS: NONE
GUTTER/ALLEY: No
WATER PROXIMITY: No
CHRONIC SITE: No
VEHICLES: NONE
IDENTIFIERS: NONE
SEVERITY: 1
ORDINANCE: N/A
PRIORITY: LOW
SUMMARY: No illegal dumping is observed in the image."
20260602T105528Z,DT_10th_and_2nd_St_1_20260528T142000.jpg,,,dataset_20260528/DT_10th_and_2nd_St_1/DT_10th_and_2nd_St_1_20260528T142000.jpg,illegal_dumping,done,2026-06-02T11:08:15.496139+00:00,0.035,0.848,0.885,,nvidia/cosmos-reason2-8b,"DUMPING PRESENT: No
ORDINANCE VIOLATION: No
WASTE TYPE: mixed
WASTE VOLUME: small (pickup truck)
WASTE ORIGIN: residential
PROPERTY TYPE: vacant-lot
ADDRESS MARKERS: NONE
GUTTER/ALLEY: No
WATER PROXIMITY: No
CHRONIC SITE: No
VEHICLES: NONE
IDENTIFIERS: NONE
SEVERITY: 1
ORDINANCE: N/A
PRIORITY: LOW
SUMMARY: No illegal dumping detected; the area appears to be a natural, undisturbed landscape with no visible waste or debris."
20260602T105528Z,DT_10th_and_2nd_St_1_20260528T143000.jpg,,,dataset_20260528/DT_10th_and_2nd_St_1/DT_10th_and_2nd_St_1_20260528T143000.jpg,illegal_dumping,done,2026-06-02T11:08:15.681833+00:00,0.038,0.858,0.899,,nvidia/cosmos-reason2-8b,"DUMPING PRESENT: No
ORDINANCE VIOLATION: No
WASTE TYPE: mixed
WASTE VOLUME: small (pickup truck)
WASTE ORIGIN: residential
PROPERTY TYPE: vacant-lot
ADDRESS MARKERS: NONE
GUTTER/ALLEY: No
WATER PROXIMITY: No
CHRONIC SITE: No
VEHICLES: NONE
IDENTIFIERS: NONE
SEVERITY: 1
ORDINANCE: N/A
PRIORITY: LOW
SUMMARY: No illegal dumping observed; the area appears to be a natural, undisturbed landscape with no visible waste or debris."
20260602T105528Z,DT_10th_and_2nd_St_1_20260528T144000.jpg,,,dataset_20260528/DT_10th_and_2nd_St_1/DT_10th_and_2nd_St_1_20260528T144000.jpg,illegal_dumping,done,2026-06-02T11:08:15.879578+00:00,0.035,0.766,0.804,,nvidia/cosmos-reason2-8b,"DUMPING PRESENT: No
ORDINANCE VIOLATION: No
WASTE TYPE: mixed
WASTE VOLUME: small (pickup truck)
WASTE ORIGIN: residential
PROPERTY TYPE: vacant-lot
ADDRESS MARKERS: NONE
GUTTER/ALLEY: No
WATER PROXIMITY: No
CHRONIC SITE: No
VEHICLES: NONE
IDENTIFIERS: NONE
SEVERITY: 1
ORDINANCE: N/A
PRIORITY: LOW
SUMMARY: No illegal dumping detected in the scene."
20260602T105528Z,DT_10th_and_2nd_St_1_20260528T145000.jpg,,,dataset_20260528/DT_10th_and_2nd_St_1/DT_10th_and_2nd_St_1_20260528T145000.jpg,illegal_dumping,done,2026-06-02T11:08:16.213337+00:00,0.035,0.697,0.735,,nvidia/cosmos-reason2-8b,"DUMPING PRESENT: No
ORDINANCE VIOLATION: No
WASTE TYPE: mixed
WASTE VOLUME: small (pickup truck)
WASTE ORIGIN: residential
PROPERTY TYPE: vacant-lot
ADDRESS MARKERS: NONE
GUTTER/ALLEY: No
WATER PROXIMITY: No
CHRONIC SITE: No
VEHICLES: NONE
IDENTIFIERS: NONE
SEVERITY: 1
ORDINANCE: N/A
PRIORITY: LOW
SUMMARY: No illegal dumping detected; the area appears to be a natural, undisturbed landscape with no visible waste or debris."
20260602T105528Z,DT_10th_and_2nd_St_1_20260528T150000.jpg,,,dataset_20260528/DT_10th_and_2nd_St_1/DT_10th_and_2nd_St_1_20260528T150000.jpg,illegal_dumping,done,2026-06-02T11:08:16.384094+00:00,0.035,0.771,0.808,,nvidia/cosmos-reason2-8b,"DUMPING PRESENT: No
ORDINANCE VIOLATION: No
WASTE TYPE: mixed
WASTE VOLUME: small (pickup truck)
WASTE ORIGIN: residential
PROPERTY TYPE: vacant-lot
ADDRESS MARKERS: NONE
GUTTER/ALLEY: No
WATER PROXIMITY: No
CHRONIC SITE: No
VEHICLES: NONE
IDENTIFIERS: NONE
SEVERITY: 1
ORDINANCE: N/A
PRIORITY: LOW
SUMMARY: No illegal dumping detected in the video. The area appears to be a natural, undisturbed landscape with no visible waste or debris."
20260602T105528Z,DT_10th_and_2nd_St_1_20260528T151000.jpg,,,dataset_20260528/DT_10th_and_2nd_St_1/DT_10th_and_2nd_St_1_20260528T151000.jpg,illegal_dumping,done,2026-06-02T11:08:16.583248+00:00,0.032,0.808,0.842,,nvidia/cosmos-reason2-8b,"DUMPING PRESENT: No
ORDINANCE VIOLATION: No
WASTE TYPE: mixed
WASTE VOLUME: small (pickup truck)
WASTE ORIGIN: residential
PROPERTY TYPE: vacant-lot
ADDRESS MARKERS: NONE
GUTTER/ALLEY: No
WATER PROXIMITY: No
CHRONIC SITE: No
VEHICLES: NONE
IDENTIFIERS: NONE
SEVERITY: 1
ORDINANCE: N/A
PRIORITY: LOW
SUMMARY: No illegal dumping detected; the area appears to be a natural, undisturbed landscape with no visible waste or debris."
20260602T105528Z,DT_10th_and_2nd_St_1_20260528T152000.jpg,,,dataset_20260528/DT_10th_and_2nd_St_1/DT_10th_and_2nd_St_1_20260528T152000.jpg,illegal_dumping,done,2026-06-02T11:08:16.685525+00:00,0.03,0.8,0.832,,nvidia/cosmos-reason2-8b,"DUMPING PRESENT: No
ORDINANCE VIOLATION: No
WASTE TYPE: mixed
WASTE VOLUME: small (pickup truck)
WASTE ORIGIN: residential
PROPERTY TYPE: vacant-lot
ADDRESS MARKERS: NONE
GUTTER/ALLEY: No
WATER PROXIMITY: No
CHRONIC SITE: No
VEHICLES: NONE
IDENTIFIERS: NONE
SEVERITY: 1
ORDINANCE: N/A
PRIORITY: LOW
SUMMARY: No illegal dumping detected; the area appears to be a natural, overgrown vacant lot without visible waste or debris."
20260602T105528Z,DT_10th_and_2nd_St_1_20260528T153000.jpg,,,dataset_20260528/DT_10th_and_2nd_St_1/DT_10th_and_2nd_St_1_20260528T153000.jpg,illegal_dumping,done,2026-06-02T11:08:16.950874+00:00,0.034,0.643,0.69,,nvidia/cosmos-reason2-8b,"DUMPING PRESENT: No
ORDINANCE VIOLATION: No
WASTE TYPE: mixed
WASTE VOLUME: small (pickup truck)
WASTE ORIGIN: residential
PROPERTY TYPE: vacant-lot
ADDRESS MARKERS: NONE
GUTTER/ALLEY: No
WATER PROXIMITY: No
CHRONIC SITE: No
VEHICLES: NONE
IDENTIFIERS: NONE
SEVERITY: 1
ORDINANCE: N/A
PRIORITY: LOW
SUMMARY: No illegal dumping detected in the scene."
20260602T105528Z,DT_10th_and_2nd_St_1_20260528T154000.jpg,,,dataset_20260528/DT_10th_and_2nd_St_1/DT_10th_and_2nd_St_1_20260528T154000.jpg,illegal_dumping,done,2026-06-02T11:08:17.195491+00:00,0.035,0.725,0.762,,nvidia/cosmos-reason2-8b,"DUMPING PRESENT: No
ORDINANCE VIOLATION: No
WASTE TYPE: mixed
WASTE VOLUME: small (pickup truck)
WASTE ORIGIN: residential
PROPERTY TYPE: vacant-lot
ADDRESS MARKERS: NONE
GUTTER/ALLEY: No
WATER PROXIMITY: No
CHRONIC SITE: No
VEHICLES: NONE
IDENTIFIERS: NONE
SEVERITY: 1
ORDINANCE: N/A
PRIORITY: LOW
SUMMARY: No illegal dumping detected; the area appears to be a natural, undisturbed landscape with no visible waste or debris."
20260602T105528Z,DT_10th_and_2nd_St_1_20260528T155000.jpg,,,dataset_20260528/DT_10th_and_2nd_St_1/DT_10th_and_2nd_St_1_20260528T155000.jpg,illegal_dumping,done,2026-06-02T11:08:17.427805+00:00,0.037,0.691,0.73,,nvidia/cosmos-reason2-8b,"DUMPING PRESENT: No
ORDINANCE VIOLATION: No
WASTE TYPE: mixed
WASTE VOLUME: small (pickup truck)
WASTE ORIGIN: residential
PROPERTY TYPE: vacant-lot
ADDRESS MARKERS: NONE
GUTTER/ALLEY: No
WATER PROXIMITY: No
CHRONIC SITE: No
VEHICLES: NONE
IDENTIFIERS: NONE
SEVERITY: 1
ORDINANCE: N/A
PRIORITY: LOW
SUMMARY: No illegal dumping detected; the area appears to be a natural, overgrown vacant lot with no visible waste or debris."
20260602T105528Z,DT_10th_and_2nd_St_1_20260528T160000.jpg,,,dataset_20260528/DT_10th_and_2nd_St_1/DT_10th_and_2nd_St_1_20260528T160000.jpg,illegal_dumping,done,2026-06-02T11:08:17.519674+00:00,0.04,0.805,0.847,,nvidia/cosmos-reason2-8b,"DUMPING PRESENT: No
ORDINANCE VIOLATION: No
WASTE TYPE: mixed
WASTE VOLUME: small (pickup truck)
WASTE ORIGIN: residential
PROPERTY TYPE: vacant-lot
ADDRESS MARKERS: NONE
GUTTER/ALLEY: No
WATER PROXIMITY: No
CHRONIC SITE: No
VEHICLES: NONE
IDENTIFIERS: NONE
SEVERITY: 1
ORDINANCE: N/A
PRIORITY: LOW
SUMMARY: No illegal dumping detected; the area appears to be a natural, overgrown vacant lot with no visible waste or debris."
20260602T105528Z,DT_10th_and_2nd_St_1_20260528T161000.jpg,,,dataset_20260528/DT_10th_and_2nd_St_1/DT_10th_and_2nd_St_1_20260528T161000.jpg,illegal_dumping,done,2026-06-02T11:08:17.643818+00:00,0.037,0.85,0.89,,nvidia/cosmos-reason2-8b,"DUMPING PRESENT: No
ORDINANCE VIOLATION: No
WASTE TYPE: mixed
WASTE VOLUME: small (pickup truck)
WASTE ORIGIN: residential
PROPERTY TYPE: vacant-lot
ADDRESS MARKERS: NONE
GUTTER/ALLEY: No
WATER PROXIMITY: No
CHRONIC SITE: No
VEHICLES: NONE
IDENTIFIERS: NONE
SEVERITY: 1
ORDINANCE: N/A
PRIORITY: LOW
SUMMARY: No illegal dumping detected; the area appears to be a natural, undisturbed vacant lot with no visible waste or debris."
20260602T105528Z,DT_10th_and_2nd_St_1_20260528T162000.jpg,,,dataset_20260528/DT_10th_and_2nd_St_1/DT_10th_and_2nd_St_1_20260528T162000.jpg,illegal_dumping,done,2026-06-02T11:08:17.960087+00:00,0.032,0.912,0.946,,nvidia/cosmos-reason2-8b,"```json
{
  ""DUMPING PRESENT"": ""No"",
  ""ORDINANCE VIOLATION"": ""No"",
  ""WASTE TYPE"": [],
  ""WASTE VOLUME"": ""small (pickup truck)"",
  ""WASTE ORIGIN"": ""unknown"",
  ""PROPERTY TYPE"": ""vacant-lot"",
  ""ADDRESS MARKERS"": ""NONE"",
  ""GUTTER/ALLEY"": ""No"",
  ""WATER PROXIMITY"": ""No"",
  ""CHRONIC SITE"": ""No"",
  ""VEHICLES"": ""NONE"",
  ""IDENTIFIERS"": ""NONE"",
  ""SEVERITY"": ""1"",
  ""ORDINANCE"": ""N/A"",
  ""PRIORITY"": ""LOW"",
  ""SUMMARY"": ""No illegal dumping detected; the area appears to be a natural, overgrown vacant lot with no visible waste or debris.""
}
```"
20260602T105528Z,DT_10th_and_2nd_St_1_20260528T163000.jpg,,,dataset_20260528/DT_10th_and_2nd_St_1/DT_10th_and_2nd_St_1_20260528T163000.jpg,illegal_dumping,done,2026-06-02T11:08:18.161061+00:00,0.037,0.765,0.804,,nvidia/cosmos-reason2-8b,"DUMPING PRESENT: No
ORDINANCE VIOLATION: No
WASTE TYPE: mixed
WASTE VOLUME: small (pickup truck)
WASTE ORIGIN: residential
PROPERTY TYPE: vacant-lot
ADDRESS MARKERS: NONE
GUTTER/ALLEY: No
WATER PROXIMITY: No
CHRONIC SITE: No
VEHICLES: NONE
IDENTIFIERS: NONE
SEVERITY: 1
ORDINANCE: N/A
PRIORITY: LOW
SUMMARY: No illegal dumping observed; the area appears to be a natural, undisturbed landscape with no visible waste or debris."
20260602T105528Z,DT_10th_and_2nd_St_1_20260528T164000.jpg,,,dataset_20260528/DT_10th_and_2nd_St_1/DT_10th_and_2nd_St_1_20260528T164000.jpg,illegal_dumping,done,2026-06-02T11:08:18.369290+00:00,0.038,0.645,0.685,,nvidia/cosmos-reason2-8b,"DUMPING PRESENT: No
ORDINANCE VIOLATION: No
WASTE TYPE: mixed
WASTE VOLUME: small (pickup truck)
WASTE ORIGIN: residential
PROPERTY TYPE: vacant-lot
ADDRESS MARKERS: NONE
GUTTER/ALLEY: No
WATER PROXIMITY: No
CHRONIC SITE: No
VEHICLES: NONE
IDENTIFIERS: NONE
SEVERITY: 1
ORDINANCE: N/A
PRIORITY: LOW
SUMMARY: No illegal dumping detected in the scene."
20260602T105528Z,DT_10th_and_2nd_St_1_20260528T165000.jpg,,,dataset_20260528/DT_10th_and_2nd_St_1/DT_10th_and_2nd_St_1_20260528T165000.jpg,illegal_dumping,done,2026-06-02T11:08:18.536514+00:00,0.034,0.73,0.766,,nvidia/cosmos-reason2-8b,"DUMPING PRESENT: No
ORDINANCE VIOLATION: No
WASTE TYPE: mixed
WASTE VOLUME: small (pickup truck)
WASTE ORIGIN: residential
PROPERTY TYPE: vacant-lot
ADDRESS MARKERS: NONE
GUTTER/ALLEY: No
WATER PROXIMITY: No
CHRONIC SITE: No
VEHICLES: NONE
IDENTIFIERS: NONE
SEVERITY: 1
ORDINANCE: N/A
PRIORITY: LOW
SUMMARY: No illegal dumping is observed in the image."
20260602T105528Z,DT_10th_and_2nd_St_1_20260528T170000.jpg,,,dataset_20260528/DT_10th_and_2nd_St_1/DT_10th_and_2nd_St_1_20260528T170000.jpg,illegal_dumping,done,2026-06-02T11:08:18.908351+00:00,0.035,0.788,0.826,,nvidia/cosmos-reason2-8b,"DUMPING PRESENT: No
ORDINANCE VIOLATION: No
WASTE TYPE: mixed
WASTE VOLUME: small (pickup truck)
WASTE ORIGIN: residential
PROPERTY TYPE: vacant-lot
ADDRESS MARKERS: NONE
GUTTER/ALLEY: No
WATER PROXIMITY: No
CHRONIC SITE: No
VEHICLES: NONE
IDENTIFIERS: NONE
SEVERITY: 1
ORDINANCE: N/A
PRIORITY: LOW
SUMMARY: No illegal dumping detected; the area appears to be a natural, overgrown vacant lot without visible waste or debris."
20260602T105528Z,DT_10th_and_2nd_St_1_20260528T171000.jpg,,,dataset_20260528/DT_10th_and_2nd_St_1/DT_10th_and_2nd_St_1_20260528T171000.jpg,illegal_dumping,done,2026-06-02T11:08:18.967568+00:00,0.031,1.171,1.204,,nvidia/cosmos-reason2-8b,"DUMPING PRESENT: No
ORDINANCE VIOLATION: No
WASTE TYPE: mixed
WASTE VOLUME: small (pickup truck)
WASTE ORIGIN: residential
PROPERTY TYPE: vacant-lot
ADDRESS MARKERS: NONE
GUTTER/ALLEY: No
WATER PROXIMITY: No
CHRONIC SITE: No
VEHICLES: NONE
IDENTIFIERS: NONE
SEVERITY: 1
ORDINANCE: N/A
PRIORITY: LOW
SUMMARY: No illegal dumping is observed in the video; the area appears to be a natural landscape with no visible waste or debris."
20260602T105528Z,DT_10th_and_2nd_St_1_20260528T172000.jpg,,,dataset_20260528/DT_10th_and_2nd_St_1/DT_10th_and_2nd_St_1_20260528T172000.jpg,illegal_dumping,done,2026-06-02T11:08:19.056193+00:00,0.038,0.886,0.926,,nvidia/cosmos-reason2-8b,"DUMPING PRESENT: No
ORDINANCE VIOLATION: No
WASTE TYPE: mixed
WASTE VOLUME: small (pickup truck)
WASTE ORIGIN: residential
PROPERTY TYPE: vacant-lot
ADDRESS MARKERS: NONE
GUTTER/ALLEY: No
WATER PROXIMITY: No
CHRONIC SITE: No
VEHICLES: NONE
IDENTIFIERS: NONE
SEVERITY: 1
ORDINANCE: N/A
PRIORITY: LOW
SUMMARY: No illegal dumping detected; the area appears to be a natural, undisturbed landscape with no visible waste or debris."
20260602T105528Z,DT_10th_and_2nd_St_1_20260528T173000.jpg,,,dataset_20260528/DT_10th_and_2nd_St_1/DT_10th_and_2nd_St_1_20260528T173000.jpg,illegal_dumping,done,2026-06-02T11:08:19.305303+00:00,0.037,0.872,0.912,,nvidia/cosmos-reason2-8b,"DUMPING PRESENT: No
ORDINANCE VIOLATION: No
WASTE TYPE: mixed
WASTE VOLUME: small (pickup truck)
WASTE ORIGIN: residential
PROPERTY TYPE: vacant-lot
ADDRESS MARKERS: NONE
GUTTER/ALLEY: No
WATER PROXIMITY: No
CHRONIC SITE: No
VEHICLES: NONE
IDENTIFIERS: NONE
SEVERITY: 1
ORDINANCE: N/A
PRIORITY: LOW
SUMMARY: No illegal dumping detected; the area appears to be a natural, undisturbed landscape with no visible waste or human activity."
20260602T105528Z,DT_10th_and_2nd_St_1_20260528T174000.jpg,,,dataset_20260528/DT_10th_and_2nd_St_1/DT_10th_and_2nd_St_1_20260528T174000.jpg,illegal_dumping,done,2026-06-02T11:08:19.737147+00:00,0.033,0.741,0.777,,nvidia/cosmos-reason2-8b,"DUMPING PRESENT: No
ORDINANCE VIOLATION: No
WASTE TYPE: mixed
WASTE VOLUME: small (pickup truck)
WASTE ORIGIN: residential
PROPERTY TYPE: vacant-lot
ADDRESS MARKERS: NONE
GUTTER/ALLEY: No
WATER PROXIMITY: No
CHRONIC SITE: No
VEHICLES: NONE
IDENTIFIERS: NONE
SEVERITY: 1
ORDINANCE: N/A
PRIORITY: LOW
SUMMARY: No illegal dumping detected; the area appears to be a natural, undisturbed vacant lot with no visible waste or debris."
20260602T105528Z,DT_10th_and_2nd_St_1_20260528T175000.jpg,,,dataset_20260528/DT_10th_and_2nd_St_1/DT_10th_and_2nd_St_1_20260528T175000.jpg,illegal_dumping,done,2026-06-02T11:08:19.984400+00:00,0.035,0.674,0.712,,nvidia/cosmos-reason2-8b,"DUMPING PRESENT: No
ORDINANCE VIOLATION: No
WASTE TYPE: mixed
WASTE VOLUME: small (pickup truck)
WASTE ORIGIN: residential
PROPERTY TYPE: vacant-lot
ADDRESS MARKERS: NONE
GUTTER/ALLEY: No
WATER PROXIMITY: No
CHRONIC SITE: No
VEHICLES: NONE
IDENTIFIERS: NONE
SEVERITY: 1
ORDINANCE: N/A
PRIORITY: LOW
SUMMARY: No illegal dumping observed; the area appears to be a natural, overgrown vacant lot with no visible waste or debris."
20260602T105528Z,DT_10th_and_2nd_St_1_20260528T180000.jpg,,,dataset_20260528/DT_10th_and_2nd_St_1/DT_10th_and_2nd_St_1_20260528T180000.jpg,illegal_dumping,done,2026-06-02T11:08:20.173692+00:00,0.035,0.693,0.73,,nvidia/cosmos-reason2-8b,"DUMPING PRESENT: No
ORDINANCE VIOLATION: No
WASTE TYPE: mixed
WASTE VOLUME: small (pickup truck)
WASTE ORIGIN: residential
PROPERTY TYPE: vacant-lot
ADDRESS MARKERS: NONE
GUTTER/ALLEY: No
WATER PROXIMITY: No
CHRONIC SITE: No
VEHICLES: NONE
IDENTIFIERS: NONE
SEVERITY: 1
ORDINANCE: N/A
PRIORITY: LOW
SUMMARY: No illegal dumping detected in the video."
20260602T105528Z,DT_10th_and_2nd_St_1_20260528T181000.jpg,,,dataset_20260528/DT_10th_and_2nd_St_1/DT_10th_and_2nd_St_1_20260528T181000.jpg,illegal_dumping,done,2026-06-02T11:08:20.219072+00:00,0.036,0.896,0.936,,nvidia/cosmos-reason2-8b,"DUMPING PRESENT: No
ORDINANCE VIOLATION: No
WASTE TYPE: mixed
WASTE VOLUME: small (pickup truck)
WASTE ORIGIN: residential
PROPERTY TYPE: vacant-lot
ADDRESS MARKERS: NONE
GUTTER/ALLEY: No
WATER PROXIMITY: No
CHRONIC SITE: No
VEHICLES: NONE
IDENTIFIERS: NONE
SEVERITY: 1
ORDINANCE: N/A
PRIORITY: LOW
SUMMARY: No illegal dumping detected; the area appears to be a natural, undisturbed landscape with no visible waste or debris."
20260602T105528Z,DT_10th_and_2nd_St_1_20260528T182000.jpg,,,dataset_20260528/DT_10th_and_2nd_St_1/DT_10th_and_2nd_St_1_20260528T182000.jpg,illegal_dumping,done,2026-06-02T11:08:20.517085+00:00,0.038,0.668,0.709,,nvidia/cosmos-reason2-8b,"DUMPING PRESENT: No
ORDINANCE VIOLATION: No
WASTE TYPE: mixed
WASTE VOLUME: small (pickup truck)
WASTE ORIGIN: residential
PROPERTY TYPE: vacant-lot
ADDRESS MARKERS: NONE
GUTTER/ALLEY: No
WATER PROXIMITY: No
CHRONIC SITE: No
VEHICLES: NONE
IDENTIFIERS: NONE
SEVERITY: 1
ORDINANCE: N/A
PRIORITY: LOW
SUMMARY: No illegal dumping is observed in the scene."
20260602T105528Z,DT_10th_and_2nd_St_1_20260528T183000.jpg,,,dataset_20260528/DT_10th_and_2nd_St_1/DT_10th_and_2nd_St_1_20260528T183000.jpg,illegal_dumping,done,2026-06-02T11:08:20.698902+00:00,0.038,0.741,0.781,,nvidia/cosmos-reason2-8b,"DUMPING PRESENT: No
ORDINANCE VIOLATION: No
WASTE TYPE: mixed
WASTE VOLUME: small (pickup truck)
WASTE ORIGIN: residential
PROPERTY TYPE: vacant-lot
ADDRESS MARKERS: NONE
GUTTER/ALLEY: No
WATER PROXIMITY: No
CHRONIC SITE: No
VEHICLES: NONE
IDENTIFIERS: NONE
SEVERITY: 1
ORDINANCE: N/A
PRIORITY: LOW
SUMMARY: No illegal dumping detected; the area appears to be a natural, undisturbed landscape with no visible waste or debris."
20260602T105528Z,DT_10th_and_2nd_St_1_20260528T184000.jpg,,,dataset_20260528/DT_10th_and_2nd_St_1/DT_10th_and_2nd_St_1_20260528T184000.jpg,illegal_dumping,done,2026-06-02T11:08:20.906636+00:00,0.035,0.708,0.746,,nvidia/cosmos-reason2-8b,"DUMPING PRESENT: No
ORDINANCE VIOLATION: No
WASTE TYPE: mixed
WASTE VOLUME: small (pickup truck)
WASTE ORIGIN: residential
PROPERTY TYPE: vacant-lot
ADDRESS MARKERS: NONE
GUTTER/ALLEY: No
WATER PROXIMITY: No
CHRONIC SITE: No
VEHICLES: NONE
IDENTIFIERS: NONE
SEVERITY: 1
ORDINANCE: N/A
PRIORITY: LOW
SUMMARY: No illegal dumping observed; the area appears to be a natural, undisturbed vacant lot with no visible waste or debris."
20260602T105528Z,DT_10th_and_2nd_St_1_20260528T185000.jpg,,,dataset_20260528/DT_10th_and_2nd_St_1/DT_10th_and_2nd_St_1_20260528T185000.jpg,illegal_dumping,done,2026-06-02T11:08:21.158019+00:00,0.04,0.72,0.762,,nvidia/cosmos-reason2-8b,"DUMPING PRESENT: No
ORDINANCE VIOLATION: No
WASTE TYPE: mixed
WASTE VOLUME: small (pickup truck)
WASTE ORIGIN: residential
PROPERTY TYPE: vacant-lot
ADDRESS MARKERS: NONE
GUTTER/ALLEY: No
WATER PROXIMITY: No
CHRONIC SITE: No
VEHICLES: NONE
IDENTIFIERS: NONE
SEVERITY: 1
ORDINANCE: N/A
PRIORITY: LOW
SUMMARY: No illegal dumping detected; the area appears to be a natural, undisturbed landscape with no visible waste or debris."
20260602T105528Z,DT_10th_and_2nd_St_1_20260528T190000.jpg,,,dataset_20260528/DT_10th_and_2nd_St_1/DT_10th_and_2nd_St_1_20260528T190000.jpg,illegal_dumping,done,2026-06-02T11:08:21.228363+00:00,0.031,0.777,0.81,,nvidia/cosmos-reason2-8b,"DUMPING PRESENT: No
ORDINANCE VIOLATION: No
WASTE TYPE: mixed
WASTE VOLUME: small (pickup truck)
WASTE ORIGIN: residential
PROPERTY TYPE: vacant-lot
ADDRESS MARKERS: NONE
GUTTER/ALLEY: No
WATER PROXIMITY: No
CHRONIC SITE: No
VEHICLES: NONE
IDENTIFIERS: NONE
SEVERITY: 1
ORDINANCE: N/A
PRIORITY: LOW
SUMMARY: No illegal dumping detected; the area appears to be a natural landscape with no visible waste or debris."
20260602T105528Z,DT_10th_and_2nd_St_1_20260528T191000.jpg,,,dataset_20260528/DT_10th_and_2nd_St_1/DT_10th_and_2nd_St_1_20260528T191000.jpg,illegal_dumping,done,2026-06-02T11:08:21.482686+00:00,0.036,0.707,0.746,,nvidia/cosmos-reason2-8b,"DUMPING PRESENT: No
ORDINANCE VIOLATION: No
WASTE TYPE: mixed
WASTE VOLUME: small (pickup truck)
WASTE ORIGIN: residential
PROPERTY TYPE: vacant-lot
ADDRESS MARKERS: NONE
GUTTER/ALLEY: No
WATER PROXIMITY: No
CHRONIC SITE: No
VEHICLES: NONE
IDENTIFIERS: NONE
SEVERITY: 1
ORDINANCE: N/A
PRIORITY: LOW
SUMMARY: No illegal dumping detected; the area appears to be a natural landscape with no visible waste or debris."
20260602T105528Z,DT_10th_and_2nd_St_1_20260528T192000.jpg,,,dataset_20260528/DT_10th_and_2nd_St_1/DT_10th_and_2nd_St_1_20260528T192000.jpg,illegal_dumping,done,2026-06-02T11:08:21.654961+00:00,0.034,0.823,0.859,,nvidia/cosmos-reason2-8b,"DUMPING PRESENT: No
ORDINANCE VIOLATION: No
WASTE TYPE: mixed
WASTE VOLUME: small (pickup truck)
WASTE ORIGIN: residential
PROPERTY TYPE: vacant-lot
ADDRESS MARKERS: NONE
GUTTER/ALLEY: No
WATER PROXIMITY: No
CHRONIC SITE: No
VEHICLES: NONE
IDENTIFIERS: NONE
SEVERITY: 1
ORDINANCE: N/A
PRIORITY: LOW
SUMMARY: No illegal dumping detected; the area appears to be a natural, overgrown vacant lot with no visible waste or debris."
20260602T105528Z,DT_10th_and_2nd_St_1_20260528T193000.jpg,,,dataset_20260528/DT_10th_and_2nd_St_1/DT_10th_and_2nd_St_1_20260528T193000.jpg,illegal_dumping,done,2026-06-02T11:08:21.923298+00:00,0.033,0.848,0.883,,nvidia/cosmos-reason2-8b,"```json
{
  ""DUMPING PRESENT"": ""No"",
  ""ORDINANCE VIOLATION"": ""No"",
  ""WASTE TYPE"": [],
  ""WASTE VOLUME"": ""small (pickup truck)"",
  ""WASTE ORIGIN"": ""unknown"",
  ""PROPERTY TYPE"": ""vacant-lot"",
  ""ADDRESS MARKERS"": ""NONE"",
  ""GUTTER/ALLEY"": ""No"",
  ""WATER PROXIMITY"": ""No"",
  ""CHRONIC SITE"": ""No"",
  ""VEHICLES"": ""NONE"",
  ""IDENTIFIERS"": ""NONE"",
  ""SEVERITY"": ""1"",
  ""ORDINANCE"": ""N/A"",
  ""PRIORITY"": ""LOW"",
  ""SUMMARY"": ""No illegal dumping detected; the area appears to be a vacant lot with natural vegetation and no visible waste or debris.""
}
```"
20260602T105528Z,DT_10th_and_2nd_St_1_20260528T194000.jpg,,,dataset_20260528/DT_10th_and_2nd_St_1/DT_10th_and_2nd_St_1_20260528T194000.jpg,illegal_dumping,done,2026-06-02T11:08:22.041067+00:00,0.036,0.767,0.805,,nvidia/cosmos-reason2-8b,"DUMPING PRESENT: No
ORDINANCE VIOLATION: No
WASTE TYPE: mixed
WASTE VOLUME: small (pickup truck)
WASTE ORIGIN: residential
PROPERTY TYPE: vacant-lot
ADDRESS MARKERS: NONE
GUTTER/ALLEY: No
WATER PROXIMITY: No
CHRONIC SITE: No
VEHICLES: NONE
IDENTIFIERS: NONE
SEVERITY: 1
ORDINANCE: N/A
PRIORITY: LOW
SUMMARY: No illegal dumping observed; the area appears to be a natural, undisturbed landscape with no visible waste or debris."
20260602T105528Z,DT_10th_and_2nd_St_1_20260528T195000.jpg,,,dataset_20260528/DT_10th_and_2nd_St_1/DT_10th_and_2nd_St_1_20260528T195000.jpg,illegal_dumping,done,2026-06-02T11:08:22.230962+00:00,0.031,0.695,0.729,,nvidia/cosmos-reason2-8b,"DUMPING PRESENT: No
ORDINANCE VIOLATION: No
WASTE TYPE: mixed
WASTE VOLUME: small (pickup truck)
WASTE ORIGIN: residential
PROPERTY TYPE: vacant-lot
ADDRESS MARKERS: NONE
GUTTER/ALLEY: No
WATER PROXIMITY: No
CHRONIC SITE: No
VEHICLES: NONE
IDENTIFIERS: NONE
SEVERITY: 1
ORDINANCE: N/A
PRIORITY: LOW
SUMMARY: No illegal dumping is observed in the scene."
20260602T105528Z,DT_10th_and_2nd_St_1_20260528T200000.jpg,,,dataset_20260528/DT_10th_and_2nd_St_1/DT_10th_and_2nd_St_1_20260528T200000.jpg,illegal_dumping,done,2026-06-02T11:08:22.517133+00:00,0.035,0.635,0.673,,nvidia/cosmos-reason2-8b,"DUMPING PRESENT: No
ORDINANCE VIOLATION: No
WASTE TYPE: mixed
WASTE VOLUME: small (pickup truck)
WASTE ORIGIN: residential
PROPERTY TYPE: vacant-lot
ADDRESS MARKERS: NONE
GUTTER/ALLEY: No
WATER PROXIMITY: No
CHRONIC SITE: No
VEHICLES: NONE
IDENTIFIERS: NONE
SEVERITY: 1
ORDINANCE: N/A
PRIORITY: LOW
SUMMARY: No illegal dumping is observed in the scene."
20260602T105528Z,DT_10th_and_2nd_St_1_20260528T201000.jpg,,,dataset_20260528/DT_10th_and_2nd_St_1/DT_10th_and_2nd_St_1_20260528T201000.jpg,illegal_dumping,done,2026-06-02T11:08:22.809627+00:00,0.036,0.768,0.807,,nvidia/cosmos-reason2-8b,"DUMPING PRESENT: No
ORDINANCE VIOLATION: No
WASTE TYPE: mixed
WASTE VOLUME: small (pickup truck)
WASTE ORIGIN: residential
PROPERTY TYPE: vacant-lot
ADDRESS MARKERS: NONE
GUTTER/ALLEY: No
WATER PROXIMITY: No
CHRONIC SITE: No
VEHICLES: NONE
IDENTIFIERS: NONE
SEVERITY: 1
ORDINANCE: N/A
PRIORITY: LOW
SUMMARY: No illegal dumping detected; the area appears to be a natural, undisturbed landscape with no visible waste or human activity."
20260602T105528Z,DT_10th_and_2nd_St_1_20260528T202000.jpg,,,dataset_20260528/DT_10th_and_2nd_St_1/DT_10th_and_2nd_St_1_20260528T202000.jpg,illegal_dumping,done,2026-06-02T11:08:22.849420+00:00,0.031,1.196,1.228,,nvidia/cosmos-reason2-8b,"DUMPING PRESENT: No
ORDINANCE VIOLATION: No
WASTE TYPE: mixed
WASTE VOLUME: small (pickup truck)
WASTE ORIGIN: residential
PROPERTY TYPE: vacant-lot
ADDRESS MARKERS: NONE
GUTTER/ALLEY: No
WATER PROXIMITY: No
CHRONIC SITE: No
VEHICLES: NONE
IDENTIFIERS: NONE
SEVERITY: 1
ORDINANCE: N/A
PRIORITY: LOW
SUMMARY: No illegal dumping detected in the video."
20260602T105528Z,DT_10th_and_2nd_St_1_20260528T210000.jpg,,,dataset_20260528/DT_10th_and_2nd_St_1/DT_10th_and_2nd_St_1_20260528T210000.jpg,illegal_dumping,done,2026-06-02T11:08:22.963100+00:00,0.04,0.687,0.729,,nvidia/cosmos-reason2-8b,"DUMPING PRESENT: No
ORDINANCE VIOLATION: No
WASTE TYPE: mixed
WASTE VOLUME: small
WASTE ORIGIN: unknown
PROPERTY TYPE: right-of-way
ADDRESS MARKERS: NONE
GUTTER/ALLEY: No
WATER PROXIMITY: No
CHRONIC SITE: No
VEHICLES: NONE
IDENTIFIERS: NONE
SEVERITY: 1
ORDINANCE: N/A
PRIORITY: LOW
SUMMARY: No illegal dumping is observed in the video."
20260602T105528Z,DT_10th_and_2nd_St_1_20260528T211000.jpg,,,dataset_20260528/DT_10th_and_2nd_St_1/DT_10th_and_2nd_St_1_20260528T211000.jpg,illegal_dumping,done,2026-06-02T11:08:23.192932+00:00,0.031,0.887,0.921,,nvidia/cosmos-reason2-8b,"DUMPING PRESENT: No
ORDINANCE VIOLATION: No
WASTE TYPE: mixed
WASTE VOLUME: small (pickup truck)
WASTE ORIGIN: residential
PROPERTY TYPE: vacant-lot
ADDRESS MARKERS: NONE
GUTTER/ALLEY: No
WATER PROXIMITY: No
CHRONIC SITE: No
VEHICLES: NONE
IDENTIFIERS: NONE
SEVERITY: 1
ORDINANCE: N/A
PRIORITY: LOW
SUMMARY: No illegal dumping is observed in the video."
20260602T105528Z,DT_10th_and_2nd_St_1_20260528T212000.jpg,,,dataset_20260528/DT_10th_and_2nd_St_1/DT_10th_and_2nd_St_1_20260528T212000.jpg,illegal_dumping,done,2026-06-02T11:08:23.619148+00:00,0.035,0.737,0.775,,nvidia/cosmos-reason2-8b,"DUMPING PRESENT: No
ORDINANCE VIOLATION: No
WASTE TYPE: mixed
WASTE VOLUME: small (pickup truck)
WASTE ORIGIN: residential
PROPERTY TYPE: vacant-lot
ADDRESS MARKERS: NONE
GUTTER/ALLEY: No
WATER PROXIMITY: No
CHRONIC SITE: No
VEHICLES: NONE
IDENTIFIERS: NONE
SEVERITY: 1
ORDINANCE: N/A
PRIORITY: LOW
SUMMARY: No illegal dumping detected in the video."
20260602T105528Z,DT_10th_and_2nd_St_1_20260528T213000.jpg,,,dataset_20260528/DT_10th_and_2nd_St_1/DT_10th_and_2nd_St_1_20260528T213000.jpg,illegal_dumping,done,2026-06-02T11:08:23.694725+00:00,0.036,0.743,0.78,,nvidia/cosmos-reason2-8b,"DUMPING PRESENT: No
ORDINANCE VIOLATION: No
WASTE TYPE: mixed
WASTE VOLUME: small (pickup truck)
WASTE ORIGIN: residential
PROPERTY TYPE: vacant-lot
ADDRESS MARKERS: NONE
GUTTER/ALLEY: No
WATER PROXIMITY: No
CHRONIC SITE: No
VEHICLES: NONE
IDENTIFIERS: NONE
SEVERITY: 1
ORDINANCE: N/A
PRIORITY: LOW
SUMMARY: No illegal dumping detected in the video."
20260602T105528Z,DT_10th_and_2nd_St_1_20260528T214000.jpg,,,dataset_20260528/DT_10th_and_2nd_St_1/DT_10th_and_2nd_St_1_20260528T214000.jpg,illegal_dumping,done,2026-06-02T11:08:24.080270+00:00,0.034,0.667,0.703,,nvidia/cosmos-reason2-8b,"DUMPING PRESENT: No
ORDINANCE VIOLATION: No
WASTE TYPE: mixed
WASTE VOLUME: small (pickup truck)
WASTE ORIGIN: residential
PROPERTY TYPE: vacant-lot
ADDRESS MARKERS: NONE
GUTTER/ALLEY: No
WATER PROXIMITY: No
CHRONIC SITE: No
VEHICLES: NONE
IDENTIFIERS: NONE
SEVERITY: 1
ORDINANCE: N/A
PRIORITY: LOW
SUMMARY: No illegal dumping detected in the analyzed footage."
20260602T105528Z,DT_10th_and_2nd_St_1_20260528T215000.jpg,,,dataset_20260528/DT_10th_and_2nd_St_1/DT_10th_and_2nd_St_1_20260528T215000.jpg,illegal_dumping,done,2026-06-02T11:08:24.116109+00:00,0.037,0.796,0.835,,nvidia/cosmos-reason2-8b,"DUMPING PRESENT: No
ORDINANCE VIOLATION: No
WASTE TYPE: mixed
WASTE VOLUME: small (pickup truck)
WASTE ORIGIN: residential
PROPERTY TYPE: vacant-lot
ADDRESS MARKERS: NONE
GUTTER/ALLEY: No
WATER PROXIMITY: No
CHRONIC SITE: No
VEHICLES: NONE
IDENTIFIERS: NONE
SEVERITY: 1
ORDINANCE: N/A
PRIORITY: LOW
SUMMARY: No illegal dumping detected in the video."
20260602T105528Z,DT_10th_and_2nd_St_1_20260528T220000.jpg,,,dataset_20260528/DT_10th_and_2nd_St_1/DT_10th_and_2nd_St_1_20260528T220000.jpg,illegal_dumping,done,2026-06-02T11:08:24.396377+00:00,0.033,0.872,0.907,,nvidia/cosmos-reason2-8b,"DUMPING PRESENT: No
ORDINANCE VIOLATION: No
WASTE TYPE: mixed
WASTE VOLUME: small (pickup truck)
WASTE ORIGIN: residential
PROPERTY TYPE: vacant-lot
ADDRESS MARKERS: NONE
GUTTER/ALLEY: No
WATER PROXIMITY: No
CHRONIC SITE: No
VEHICLES: NONE
IDENTIFIERS: NONE
SEVERITY: 1
ORDINANCE: N/A
PRIORITY: LOW
SUMMARY: No illegal dumping is observed in the video."
20260602T105528Z,DT_10th_and_2nd_St_1_20260528T221000.jpg,,,dataset_20260528/DT_10th_and_2nd_St_1/DT_10th_and_2nd_St_1_20260528T221000.jpg,illegal_dumping,done,2026-06-02T11:08:24.477519+00:00,0.031,0.744,0.777,,nvidia/cosmos-reason2-8b,"DUMPING PRESENT: No
ORDINANCE VIOLATION: No
WASTE TYPE: mixed
WASTE VOLUME: small (pickup truck)
WASTE ORIGIN: residential
PROPERTY TYPE: occupied-private
ADDRESS MARKERS: NONE
GUTTER/ALLEY: No
WATER PROXIMITY: No
CHRONIC SITE: No
VEHICLES: NONE
IDENTIFIERS: NONE
SEVERITY: 1
ORDINANCE: N/A
PRIORITY: LOW
SUMMARY: No illegal dumping detected in the video."
20260602T105528Z,DT_10th_and_2nd_St_1_20260528T222000.jpg,,,dataset_20260528/DT_10th_and_2nd_St_1/DT_10th_and_2nd_St_1_20260528T222000.jpg,illegal_dumping,done,2026-06-02T11:08:24.785992+00:00,0.034,0.751,0.788,,nvidia/cosmos-reason2-8b,"DUMPING PRESENT: No
ORDINANCE VIOLATION: No
WASTE TYPE: mixed
WASTE VOLUME: small (pickup truck)
WASTE ORIGIN: residential
PROPERTY TYPE: vacant-lot
ADDRESS MARKERS: NONE
GUTTER/ALLEY: No
WATER PROXIMITY: No
CHRONIC SITE: No
VEHICLES: NONE
IDENTIFIERS: NONE
SEVERITY: 1
ORDINANCE: N/A
PRIORITY: LOW
SUMMARY: No illegal dumping detected in the video."
20260602T105528Z,DT_10th_and_2nd_St_1_20260528T223000.jpg,,,dataset_20260528/DT_10th_and_2nd_St_1/DT_10th_and_2nd_St_1_20260528T223000.jpg,illegal_dumping,done,2026-06-02T11:08:24.953784+00:00,0.033,0.689,0.724,,nvidia/cosmos-reason2-8b,"DUMPING PRESENT: No
ORDINANCE VIOLATION: No
WASTE TYPE: mixed
WASTE VOLUME: small
WASTE ORIGIN: unknown
PROPERTY TYPE: right-of-way
ADDRESS MARKERS: NONE
GUTTER/ALLEY: No
WATER PROXIMITY: No
CHRONIC SITE: No
VEHICLES: NONE
IDENTIFIERS: NONE
SEVERITY: 1
ORDINANCE: N/A
PRIORITY: LOW
SUMMARY: No illegal dumping is observed in the video."
20260602T105528Z,DT_10th_and_2nd_St_1_20260528T224000.jpg,,,dataset_20260528/DT_10th_and_2nd_St_1/DT_10th_and_2nd_St_1_20260528T224000.jpg,illegal_dumping,done,2026-06-02T11:08:25.257443+00:00,0.041,0.631,0.675,,nvidia/cosmos-reason2-8b,"DUMPING PRESENT: No
ORDINANCE VIOLATION: No
WASTE TYPE: N/A
WASTE VOLUME: N/A
WASTE ORIGIN: N/A
PROPERTY TYPE: N/A
ADDRESS MARKERS: NONE
GUTTER/ALLEY: No
WATER PROXIMITY: No
CHRONIC SITE: No
VEHICLES: NONE
IDENTIFIERS: NONE
SEVERITY: 1
ORDINANCE: N/A
PRIORITY: LOW
SUMMARY: No illegal dumping detected in the video."
20260602T105528Z,DT_10th_and_2nd_St_1_20260528T225000.jpg,,,dataset_20260528/DT_10th_and_2nd_St_1/DT_10th_and_2nd_St_1_20260528T225000.jpg,illegal_dumping,done,2026-06-02T11:08:25.307216+00:00,0.023,0.823,0.848,,nvidia/cosmos-reason2-8b,"DUMPING PRESENT: No
ORDINANCE VIOLATION: No
WASTE TYPE: mixed
WASTE VOLUME: small (pickup truck)
WASTE ORIGIN: residential
PROPERTY TYPE: vacant-lot
ADDRESS MARKERS: NONE
GUTTER/ALLEY: No
WATER PROXIMITY: No
CHRONIC SITE: No
VEHICLES: NONE
IDENTIFIERS: NONE
SEVERITY: 1
ORDINANCE: N/A
PRIORITY: LOW
SUMMARY: No illegal dumping is observed in the video."
20260602T105528Z,DT_10th_and_2nd_St_1_20260528T230000.jpg,,,dataset_20260528/DT_10th_and_2nd_St_1/DT_10th_and_2nd_St_1_20260528T230000.jpg,illegal_dumping,done,2026-06-02T11:08:25.576448+00:00,0.034,0.703,0.74,,nvidia/cosmos-reason2-8b,"DUMPING PRESENT: No
ORDINANCE VIOLATION: No
WASTE TYPE: mixed
WASTE VOLUME: small (pickup truck)
WASTE ORIGIN: residential
PROPERTY TYPE: vacant-lot
ADDRESS MARKERS: NONE
GUTTER/ALLEY: No
WATER PROXIMITY: No
CHRONIC SITE: No
VEHICLES: NONE
IDENTIFIERS: NONE
SEVERITY: 1
ORDINANCE: N/A
PRIORITY: LOW
SUMMARY: No illegal dumping is observed in the video."
20260602T105528Z,DT_10th_and_2nd_St_1_20260528T231000.jpg,,,dataset_20260528/DT_10th_and_2nd_St_1/DT_10th_and_2nd_St_1_20260528T231000.jpg,illegal_dumping,done,2026-06-02T11:08:25.680314+00:00,0.035,0.736,0.773,,nvidia/cosmos-reason2-8b,"DUMPING PRESENT: No
ORDINANCE VIOLATION: No
WASTE TYPE: mixed
WASTE VOLUME: small
WASTE ORIGIN: residential
PROPERTY TYPE: vacant-lot
ADDRESS MARKERS: NONE
GUTTER/ALLEY: No
WATER PROXIMITY: No
CHRONIC SITE: No
VEHICLES: NONE
IDENTIFIERS: NONE
SEVERITY: 1
ORDINANCE: N/A
PRIORITY: LOW
SUMMARY: No illegal dumping is observed in the video."
20260602T105528Z,DT_10th_and_2nd_St_1_20260528T232000.jpg,,,dataset_20260528/DT_10th_and_2nd_St_1/DT_10th_and_2nd_St_1_20260528T232000.jpg,illegal_dumping,done,2026-06-02T11:08:25.934860+00:00,0.038,0.722,0.762,,nvidia/cosmos-reason2-8b,"DUMPING PRESENT: No
ORDINANCE VIOLATION: No
WASTE TYPE: mixed
WASTE VOLUME: small (pickup truck)
WASTE ORIGIN: residential
PROPERTY TYPE: vacant-lot
ADDRESS MARKERS: NONE
GUTTER/ALLEY: No
WATER PROXIMITY: No
CHRONIC SITE: No
VEHICLES: NONE
IDENTIFIERS: NONE
SEVERITY: 1
ORDINANCE: N/A
PRIORITY: LOW
SUMMARY: No illegal dumping detected in the video."
20260602T105528Z,DT_10th_and_2nd_St_1_20260528T233000.jpg,,,dataset_20260528/DT_10th_and_2nd_St_1/DT_10th_and_2nd_St_1_20260528T233000.jpg,illegal_dumping,done,2026-06-02T11:08:26.157701+00:00,0.038,0.631,0.671,,nvidia/cosmos-reason2-8b,"DUMPING PRESENT: No
ORDINANCE VIOLATION: No
WASTE TYPE: mixed
WASTE VOLUME: small (pickup truck)
WASTE ORIGIN: residential
PROPERTY TYPE: vacant-lot
ADDRESS MARKERS: NONE
GUTTER/ALLEY: No
WATER PROXIMITY: No
CHRONIC SITE: No
VEHICLES: NONE
IDENTIFIERS: NONE
SEVERITY: 1
ORDINANCE: N/A
PRIORITY: LOW
SUMMARY: No illegal dumping is observed in the video."
20260602T105528Z,DT_10th_and_2nd_St_1_20260528T234000.jpg,,,dataset_20260528/DT_10th_and_2nd_St_1/DT_10th_and_2nd_St_1_20260528T234000.jpg,illegal_dumping,done,2026-06-02T11:08:26.318538+00:00,0.033,0.65,0.685,,nvidia/cosmos-reason2-8b,"DUMPING PRESENT: No
ORDINANCE VIOLATION: No
WASTE TYPE: mixed
WASTE VOLUME: small (pickup truck)
WASTE ORIGIN: residential
PROPERTY TYPE: vacant-lot
ADDRESS MARKERS: NONE
GUTTER/ALLEY: No
WATER PROXIMITY: No
CHRONIC SITE: No
VEHICLES: NONE
IDENTIFIERS: NONE
SEVERITY: 1
ORDINANCE: N/A
PRIORITY: LOW
SUMMARY: No illegal dumping is observed in the video."
20260602T105528Z,DT_10th_and_2nd_St_1_20260528T235000.jpg,,,dataset_20260528/DT_10th_and_2nd_St_1/DT_10th_and_2nd_St_1_20260528T235000.jpg,illegal_dumping,done,2026-06-02T11:08:26.455562+00:00,0.035,0.783,0.82,,nvidia/cosmos-reason2-8b,"DUMPING PRESENT: No
ORDINANCE VIOLATION: No
WASTE TYPE: mixed
WASTE VOLUME: small (pickup truck)
WASTE ORIGIN: residential
PROPERTY TYPE: vacant-lot
ADDRESS MARKERS: NONE
GUTTER/ALLEY: No
WATER PROXIMITY: No
CHRONIC SITE: No
VEHICLES: NONE
IDENTIFIERS: NONE
SEVERITY: 1
ORDINANCE: N/A
PRIORITY: LOW
SUMMARY: No illegal dumping is observed in the video."
20260602T105528Z,DT_10th_and_2nd_St_4_20260528T000000.jpg,,,dataset_20260528/DT_10th_and_2nd_St_4/DT_10th_and_2nd_St_4_20260528T000000.jpg,illegal_dumping,done,2026-06-02T11:08:27.287220+00:00,0.13,1.041,1.193,,nvidia/cosmos-reason2-8b,"DUMPING PRESENT: No
ORDINANCE VIOLATION: No
WASTE TYPE: mixed
WASTE VOLUME: small (pickup truck)
WASTE ORIGIN: residential
PROPERTY TYPE: alley
ADDRESS MARKERS: NONE
GUTTER/ALLEY: Yes
WATER PROXIMITY: No
CHRONIC SITE: No
VEHICLES: NONE
IDENTIFIERS: NONE
SEVERITY: 1
ORDINANCE: N/A
PRIORITY: LOW
SUMMARY: No illegal dumping observed in the alleyway."
20260602T105528Z,DT_10th_and_2nd_St_4_20260528T001000.jpg,,,dataset_20260528/DT_10th_and_2nd_St_4/DT_10th_and_2nd_St_4_20260528T001000.jpg,illegal_dumping,done,2026-06-02T11:08:27.287906+00:00,0.132,1.089,1.242,,nvidia/cosmos-reason2-8b,"DUMPING PRESENT: No
ORDINANCE VIOLATION: No
WASTE TYPE: mixed
WASTE VOLUME: small (pickup truck)
WASTE ORIGIN: residential
PROPERTY TYPE: alley
ADDRESS MARKERS: NONE
GUTTER/ALLEY: Yes
WATER PROXIMITY: No
CHRONIC SITE: No
VEHICLES: NONE
IDENTIFIERS: NONE
SEVERITY: 1
ORDINANCE: N/A
PRIORITY: LOW
SUMMARY: No illegal dumping observed in the alleyway; the area appears clean with no visible waste or debris."
20260602T105528Z,DT_10th_and_2nd_St_4_20260528T002000.jpg,,,dataset_20260528/DT_10th_and_2nd_St_4/DT_10th_and_2nd_St_4_20260528T002000.jpg,illegal_dumping,done,2026-06-02T11:08:27.288408+00:00,0.13,0.999,1.15,,nvidia/cosmos-reason2-8b,"DUMPING PRESENT: No
ORDINANCE VIOLATION: No
WASTE TYPE: mixed
WASTE VOLUME: small (pickup truck)
WASTE ORIGIN: residential
PROPERTY TYPE: alley
ADDRESS MARKERS: NONE
GUTTER/ALLEY: Yes
WATER PROXIMITY: No
CHRONIC SITE: No
VEHICLES: NONE
IDENTIFIERS: NONE
SEVERITY: 1
ORDINANCE: N/A
PRIORITY: LOW
SUMMARY: No illegal dumping detected in the alleyway; the scene appears clean with no visible waste or debris."
20260602T105528Z,DT_10th_and_2nd_St_4_20260528T003000.jpg,,,dataset_20260528/DT_10th_and_2nd_St_4/DT_10th_and_2nd_St_4_20260528T003000.jpg,illegal_dumping,done,2026-06-02T11:08:27.289989+00:00,0.131,1.198,1.348,,nvidia/cosmos-reason2-8b,"DUMPING PRESENT: No
ORDINANCE VIOLATION: No
WASTE TYPE: mixed
WASTE VOLUME: small (pickup truck)
WASTE ORIGIN: residential
PROPERTY TYPE: alley
ADDRESS MARKERS: NONE
GUTTER/ALLEY: Yes
WATER PROXIMITY: No
CHRONIC SITE: No
VEHICLES: NONE
IDENTIFIERS: NONE
SEVERITY: 1
ORDINANCE: N/A
PRIORITY: LOW
SUMMARY: No illegal dumping observed in the alleyway."
20260602T105528Z,DT_10th_and_2nd_St_4_20260528T004000.jpg,,,dataset_20260528/DT_10th_and_2nd_St_4/DT_10th_and_2nd_St_4_20260528T004000.jpg,illegal_dumping,done,2026-06-02T11:08:28.442073+00:00,0.039,0.796,0.838,,nvidia/cosmos-reason2-8b,"DUMPING PRESENT: No
ORDINANCE VIOLATION: No
WASTE TYPE: mixed
WASTE VOLUME: small (pickup truck)
WASTE ORIGIN: residential
PROPERTY TYPE: alley
ADDRESS MARKERS: NONE
GUTTER/ALLEY: Yes
WATER PROXIMITY: No
CHRONIC SITE: No
VEHICLES: NONE
IDENTIFIERS: NONE
SEVERITY: 1
ORDINANCE: N/A
PRIORITY: LOW
SUMMARY: No illegal dumping observed; the alley appears clean with no visible waste or debris."
20260602T105528Z,DT_10th_and_2nd_St_4_20260528T005000.jpg,,,dataset_20260528/DT_10th_and_2nd_St_4/DT_10th_and_2nd_St_4_20260528T005000.jpg,illegal_dumping,done,2026-06-02T11:08:28.482882+00:00,0.038,1.543,1.584,,nvidia/cosmos-reason2-8b,"DUMPING PRESENT: No
ORDINANCE VIOLATION: No
WASTE TYPE: mixed
WASTE VOLUME: small (pickup truck)
WASTE ORIGIN: residential
PROPERTY TYPE: alley
ADDRESS MARKERS: NONE
GUTTER/ALLEY: Yes
WATER PROXIMITY: No
CHRONIC SITE: No
VEHICLES: NONE
IDENTIFIERS: NONE
SEVERITY: 1
ORDINANCE: N/A
PRIORITY: LOW
SUMMARY: No illegal dumping detected in the alleyway; the scene appears to be a natural grassy area with no visible waste or debris."
20260602T105528Z,DT_10th_and_2nd_St_4_20260528T010000.jpg,,,dataset_20260528/DT_10th_and_2nd_St_4/DT_10th_and_2nd_St_4_20260528T010000.jpg,illegal_dumping,done,2026-06-02T11:08:28.531410+00:00,0.034,0.984,1.021,,nvidia/cosmos-reason2-8b,"DUMPING PRESENT: No
ORDINANCE VIOLATION: No
WASTE TYPE: mixed
WASTE VOLUME: small (pickup truck)
WASTE ORIGIN: residential
PROPERTY TYPE: alley
ADDRESS MARKERS: NONE
GUTTER/ALLEY: Yes
WATER PROXIMITY: No
CHRONIC SITE: No
VEHICLES: NONE
IDENTIFIERS: NONE
SEVERITY: 1
ORDINANCE: N/A
PRIORITY: LOW
SUMMARY: No illegal dumping observed in the alleyway."
20260602T105528Z,DT_10th_and_2nd_St_4_20260528T011000.jpg,,,dataset_20260528/DT_10th_and_2nd_St_4/DT_10th_and_2nd_St_4_20260528T011000.jpg,illegal_dumping,done,2026-06-02T11:08:28.640361+00:00,0.036,1.351,1.39,,nvidia/cosmos-reason2-8b,"DUMPING PRESENT: No
ORDINANCE VIOLATION: No
WASTE TYPE: mixed
WASTE VOLUME: small (pickup truck)
WASTE ORIGIN: residential
PROPERTY TYPE: alley
ADDRESS MARKERS: NONE
GUTTER/ALLEY: Yes
WATER PROXIMITY: No
CHRONIC SITE: No
VEHICLES: NONE
IDENTIFIERS: NONE
SEVERITY: 1
ORDINANCE: N/A
PRIORITY: LOW
SUMMARY: No illegal dumping is observed in the alleyway; the scene appears clean with no visible waste or debris."
20260602T105528Z,DT_10th_and_2nd_St_4_20260528T012000.jpg,,,dataset_20260528/DT_10th_and_2nd_St_4/DT_10th_and_2nd_St_4_20260528T012000.jpg,illegal_dumping,done,2026-06-02T11:08:29.282992+00:00,0.036,0.703,0.742,,nvidia/cosmos-reason2-8b,"DUMPING PRESENT: No
ORDINANCE VIOLATION: No
WASTE TYPE: mixed
WASTE VOLUME: small (pickup truck)
WASTE ORIGIN: residential
PROPERTY TYPE: alley
ADDRESS MARKERS: NONE
GUTTER/ALLEY: Yes
WATER PROXIMITY: No
CHRONIC SITE: No
VEHICLES: NONE
IDENTIFIERS: NONE
SEVERITY: 1
ORDINANCE: N/A
PRIORITY: LOW
SUMMARY: No illegal dumping observed in the alleyway."
20260602T105528Z,DT_10th_and_2nd_St_4_20260528T013000.jpg,,,dataset_20260528/DT_10th_and_2nd_St_4/DT_10th_and_2nd_St_4_20260528T013000.jpg,illegal_dumping,done,2026-06-02T11:08:29.554707+00:00,0.034,0.695,0.731,,nvidia/cosmos-reason2-8b,"DUMPING PRESENT: No
ORDINANCE VIOLATION: No
WASTE TYPE: mixed
WASTE VOLUME: small (pickup truck)
WASTE ORIGIN: residential
PROPERTY TYPE: alley
ADDRESS MARKERS: NONE
GUTTER/ALLEY: Yes
WATER PROXIMITY: No
CHRONIC SITE: No
VEHICLES: NONE
IDENTIFIERS: NONE
SEVERITY: 1
ORDINANCE: N/A
PRIORITY: LOW
SUMMARY: No illegal dumping detected in the alleyway; the scene appears clean with no visible waste or debris."
20260602T105528Z,DT_10th_and_2nd_St_4_20260528T014000.jpg,,,dataset_20260528/DT_10th_and_2nd_St_4/DT_10th_and_2nd_St_4_20260528T014000.jpg,illegal_dumping,done,2026-06-02T11:08:30.027791+00:00,0.041,1.248,1.291,,nvidia/cosmos-reason2-8b,"DUMPING PRESENT: No
ORDINANCE VIOLATION: No
WASTE TYPE: mixed
WASTE VOLUME: small (pickup truck)
WASTE ORIGIN: residential
PROPERTY TYPE: alley
ADDRESS MARKERS: NONE
GUTTER/ALLEY: Yes
WATER PROXIMITY: No
CHRONIC SITE: No
VEHICLES: NONE
IDENTIFIERS: NONE
SEVERITY: 1
ORDINANCE: N/A
PRIORITY: LOW
SUMMARY: No illegal dumping detected in the alleyway."
20260602T105528Z,DT_10th_and_2nd_St_4_20260528T015000.jpg,,,dataset_20260528/DT_10th_and_2nd_St_4/DT_10th_and_2nd_St_4_20260528T015000.jpg,illegal_dumping,done,2026-06-02T11:08:30.032362+00:00,0.037,1.11,1.15,,nvidia/cosmos-reason2-8b,"DUMPING PRESENT: No
ORDINANCE VIOLATION: No
WASTE TYPE: mixed
WASTE VOLUME: small (pickup truck)
WASTE ORIGIN: residential
PROPERTY TYPE: alley
ADDRESS MARKERS: NONE
GUTTER/ALLEY: Yes
WATER PROXIMITY: No
CHRONIC SITE: No
VEHICLES: NONE
IDENTIFIERS: NONE
SEVERITY: 1
ORDINANCE: N/A
PRIORITY: LOW
SUMMARY: No illegal dumping detected in the alleyway; the scene appears to be a natural grassy area with no visible waste or debris."
20260602T105528Z,DT_10th_and_2nd_St_4_20260528T020000.jpg,,,dataset_20260528/DT_10th_and_2nd_St_4/DT_10th_and_2nd_St_4_20260528T020000.jpg,illegal_dumping,done,2026-06-02T11:08:30.069829+00:00,0.035,0.966,1.004,,nvidia/cosmos-reason2-8b,"DUMPING PRESENT: No
ORDINANCE VIOLATION: No
WASTE TYPE: mixed
WASTE VOLUME: small (pickup truck)
WASTE ORIGIN: residential
PROPERTY TYPE: alley
ADDRESS MARKERS: NONE
GUTTER/ALLEY: Yes
WATER PROXIMITY: No
CHRONIC SITE: No
VEHICLES: NONE
IDENTIFIERS: NONE
SEVERITY: 1
ORDINANCE: N/A
PRIORITY: LOW
SUMMARY: No illegal dumping observed in the alleyway."
20260602T105528Z,DT_10th_and_2nd_St_4_20260528T021000.jpg,,,dataset_20260528/DT_10th_and_2nd_St_4/DT_10th_and_2nd_St_4_20260528T021000.jpg,illegal_dumping,done,2026-06-02T11:08:30.288208+00:00,0.035,0.956,0.994,,nvidia/cosmos-reason2-8b,"DUMPING PRESENT: No
ORDINANCE VIOLATION: No
WASTE TYPE: mixed
WASTE VOLUME: small (pickup truck)
WASTE ORIGIN: residential
PROPERTY TYPE: occupied-private
ADDRESS MARKERS: NONE
GUTTER/ALLEY: No
WATER PROXIMITY: No
CHRONIC SITE: No
VEHICLES: NONE
IDENTIFIERS: NONE
SEVERITY: 1
ORDINANCE: N/A
PRIORITY: LOW
SUMMARY: No illegal dumping detected; no ordinance violations observed."
20260602T105528Z,DT_10th_and_2nd_St_4_20260528T022000.jpg,,,dataset_20260528/DT_10th_and_2nd_St_4/DT_10th_and_2nd_St_4_20260528T022000.jpg,illegal_dumping,done,2026-06-02T11:08:31.076457+00:00,0.038,0.78,0.822,,nvidia/cosmos-reason2-8b,"DUMPING PRESENT: No
ORDINANCE VIOLATION: No
WASTE TYPE: mixed
WASTE VOLUME: small (pickup truck)
WASTE ORIGIN: residential
PROPERTY TYPE: occupied-private
ADDRESS MARKERS: <NONE>
GUTTER/ALLEY: No
WATER PROXIMITY: No
CHRONIC SITE: No
VEHICLES: <NONE>
IDENTIFIERS: <NONE>
SEVERITY: 1
ORDINANCE: N/A
PRIORITY: LOW
SUMMARY: No illegal dumping detected; scene shows a residential area with no visible waste or debris."
20260602T105528Z,DT_10th_and_2nd_St_4_20260528T023000.jpg,,,dataset_20260528/DT_10th_and_2nd_St_4/DT_10th_and_2nd_St_4_20260528T023000.jpg,illegal_dumping,done,2026-06-02T11:08:31.183988+00:00,0.036,0.914,0.952,,nvidia/cosmos-reason2-8b,"DUMPING PRESENT: No
ORDINANCE VIOLATION: No
WASTE TYPE: mixed
WASTE VOLUME: small (pickup truck)
WASTE ORIGIN: residential
PROPERTY TYPE: vacant-lot
ADDRESS MARKERS: NONE
GUTTER/ALLEY: No
WATER PROXIMITY: No
CHRONIC SITE: No
VEHICLES: NONE
IDENTIFIERS: NONE
SEVERITY: 1
ORDINANCE: N/A
PRIORITY: LOW
SUMMARY: No illegal dumping detected in the video."
20260602T105528Z,DT_10th_and_2nd_St_4_20260528T024000.jpg,,,dataset_20260528/DT_10th_and_2nd_St_4/DT_10th_and_2nd_St_4_20260528T024000.jpg,illegal_dumping,done,2026-06-02T11:08:31.284926+00:00,0.034,1.08,1.117,,nvidia/cosmos-reason2-8b,"DUMPING PRESENT: No
ORDINANCE VIOLATION: No
WASTE TYPE: mixed
WASTE VOLUME: small (pickup truck)
WASTE ORIGIN: residential
PROPERTY TYPE: vacant-lot
ADDRESS MARKERS: NONE
GUTTER/ALLEY: No
WATER PROXIMITY: No
CHRONIC SITE: No
VEHICLES: NONE
IDENTIFIERS: NONE
SEVERITY: 1
ORDINANCE: N/A
PRIORITY: LOW
SUMMARY: No illegal dumping detected in the video."
20260602T105528Z,DT_10th_and_2nd_St_4_20260528T025000.jpg,,,dataset_20260528/DT_10th_and_2nd_St_4/DT_10th_and_2nd_St_4_20260528T025000.jpg,illegal_dumping,done,2026-06-02T11:08:31.322543+00:00,0.035,1.12,1.158,,nvidia/cosmos-reason2-8b,"DUMPING PRESENT: No
ORDINANCE VIOLATION: No
WASTE TYPE: mixed
WASTE VOLUME: small (pickup truck)
WASTE ORIGIN: residential
PROPERTY TYPE: alley
ADDRESS MARKERS: NONE
GUTTER/ALLEY: Yes
WATER PROXIMITY: No
CHRONIC SITE: No
VEHICLES: NONE
IDENTIFIERS: NONE
SEVERITY: 1
ORDINANCE: N/A
PRIORITY: LOW
SUMMARY: No illegal dumping detected in the alleyway; the scene appears clean with no visible waste or debris."
20260602T105528Z,DT_10th_and_2nd_St_4_20260528T030000.jpg,,,dataset_20260528/DT_10th_and_2nd_St_4/DT_10th_and_2nd_St_4_20260528T030000.jpg,illegal_dumping,done,2026-06-02T11:08:31.901892+00:00,0.036,0.673,0.711,,nvidia/cosmos-reason2-8b,"DUMPING PRESENT: No
ORDINANCE VIOLATION: No
WASTE TYPE: mixed
WASTE VOLUME: small (pickup truck)
WASTE ORIGIN: residential
PROPERTY TYPE: alley
ADDRESS MARKERS: NONE
GUTTER/ALLEY: Yes
WATER PROXIMITY: No
CHRONIC SITE: No
VEHICLES: NONE
IDENTIFIERS: NONE
SEVERITY: 1
ORDINANCE: N/A
PRIORITY: LOW
SUMMARY: No illegal dumping observed in the alleyway."
20260602T105528Z,DT_10th_and_2nd_St_4_20260528T031000.jpg,,,dataset_20260528/DT_10th_and_2nd_St_4/DT_10th_and_2nd_St_4_20260528T031000.jpg,illegal_dumping,done,2026-06-02T11:08:32.138702+00:00,0.04,0.68,0.733,,nvidia/cosmos-reason2-8b,"DUMPING PRESENT: No
ORDINANCE VIOLATION: No
WASTE TYPE: mixed
WASTE VOLUME: small (pickup truck)
WASTE ORIGIN: residential
PROPERTY TYPE: alley
ADDRESS MARKERS: NONE
GUTTER/ALLEY: Yes
WATER PROXIMITY: No
CHRONIC SITE: No
VEHICLES: NONE
IDENTIFIERS: NONE
SEVERITY: 1
ORDINANCE: N/A
PRIORITY: LOW
SUMMARY: No illegal dumping detected in the alleyway; the scene appears to be a natural outdoor area with grass and dirt."
20260602T105528Z,DT_10th_and_2nd_St_4_20260528T032000.jpg,,,dataset_20260528/DT_10th_and_2nd_St_4/DT_10th_and_2nd_St_4_20260528T032000.jpg,illegal_dumping,done,2026-06-02T11:08:32.404353+00:00,0.034,0.746,0.783,,nvidia/cosmos-reason2-8b,"DUMPING PRESENT: No
ORDINANCE VIOLATION: No
WASTE TYPE: mixed
WASTE VOLUME: small (pickup truck)
WASTE ORIGIN: residential
PROPERTY TYPE: alley
ADDRESS MARKERS: NONE
GUTTER/ALLEY: Yes
WATER PROXIMITY: No
CHRONIC SITE: No
VEHICLES: NONE
IDENTIFIERS: NONE
SEVERITY: 1
ORDINANCE: N/A
PRIORITY: LOW
SUMMARY: No illegal dumping observed; the scene shows a grassy area with no visible waste or debris."
20260602T105528Z,DT_10th_and_2nd_St_4_20260528T033000.jpg,,,dataset_20260528/DT_10th_and_2nd_St_4/DT_10th_and_2nd_St_4_20260528T033000.jpg,illegal_dumping,done,2026-06-02T11:08:32.483031+00:00,0.032,0.855,0.889,,nvidia/cosmos-reason2-8b,"DUMPING PRESENT: No
ORDINANCE VIOLATION: No
WASTE TYPE: mixed
WASTE VOLUME: small (pickup truck)
WASTE ORIGIN: residential
PROPERTY TYPE: alley
ADDRESS MARKERS: NONE
GUTTER/ALLEY: Yes
WATER PROXIMITY: No
CHRONIC SITE: No
VEHICLES: NONE
IDENTIFIERS: NONE
SEVERITY: 1
ORDINANCE: N/A
PRIORITY: LOW
SUMMARY: No illegal dumping is observed in the alleyway; the scene appears to be a natural accumulation of debris without clear evidence of improper disposal."
20260602T105528Z,DT_10th_and_2nd_St_4_20260528T034000.jpg,,,dataset_20260528/DT_10th_and_2nd_St_4/DT_10th_and_2nd_St_4_20260528T034000.jpg,illegal_dumping,done,2026-06-02T11:08:32.615290+00:00,0.035,0.848,0.886,,nvidia/cosmos-reason2-8b,"DUMPING PRESENT: No
ORDINANCE VIOLATION: No
WASTE TYPE: mixed
WASTE VOLUME: small (pickup truck)
WASTE ORIGIN: residential
PROPERTY TYPE: alley
ADDRESS MARKERS: NONE
GUTTER/ALLEY: Yes
WATER PROXIMITY: No
CHRONIC SITE: No
VEHICLES: NONE
IDENTIFIERS: NONE
SEVERITY: 1
ORDINANCE: N/A
PRIORITY: LOW
SUMMARY: No illegal dumping detected in the alleyway."
20260602T105528Z,DT_10th_and_2nd_St_4_20260528T035000.jpg,,,dataset_20260528/DT_10th_and_2nd_St_4/DT_10th_and_2nd_St_4_20260528T035000.jpg,illegal_dumping,done,2026-06-02T11:08:32.875257+00:00,0.036,0.762,0.801,,nvidia/cosmos-reason2-8b,"DUMPING PRESENT: No
ORDINANCE VIOLATION: No
WASTE TYPE: mixed
WASTE VOLUME: small (pickup truck)
WASTE ORIGIN: residential
PROPERTY TYPE: alley
ADDRESS MARKERS: NONE
GUTTER/ALLEY: Yes
WATER PROXIMITY: No
CHRONIC SITE: No
VEHICLES: NONE
IDENTIFIERS: NONE
SEVERITY: 1
ORDINANCE: N/A
PRIORITY: LOW
SUMMARY: No illegal dumping observed in the alleyway."
20260602T105528Z,DT_10th_and_2nd_St_4_20260528T040000.jpg,,,dataset_20260528/DT_10th_and_2nd_St_4/DT_10th_and_2nd_St_4_20260528T040000.jpg,illegal_dumping,done,2026-06-02T11:08:33.190300+00:00,0.034,0.717,0.754,,nvidia/cosmos-reason2-8b,"DUMPING PRESENT: No
ORDINANCE VIOLATION: No
WASTE TYPE: mixed
WASTE VOLUME: small (pickup truck)
WASTE ORIGIN: residential
PROPERTY TYPE: alley
ADDRESS MARKERS: NONE
GUTTER/ALLEY: Yes
WATER PROXIMITY: No
CHRONIC SITE: No
VEHICLES: NONE
IDENTIFIERS: NONE
SEVERITY: 1
ORDINANCE: N/A
PRIORITY: LOW
SUMMARY: No illegal dumping observed; the alley appears clean with no visible waste or debris."
20260602T105528Z,DT_10th_and_2nd_St_4_20260528T041000.jpg,,,dataset_20260528/DT_10th_and_2nd_St_4/DT_10th_and_2nd_St_4_20260528T041000.jpg,illegal_dumping,done,2026-06-02T11:08:33.375298+00:00,0.036,0.688,0.727,,nvidia/cosmos-reason2-8b,"DUMPING PRESENT: No
ORDINANCE VIOLATION: No
WASTE TYPE: mixed
WASTE VOLUME: small (pickup truck)
WASTE ORIGIN: residential
PROPERTY TYPE: alley
ADDRESS MARKERS: NONE
GUTTER/ALLEY: Yes
WATER PROXIMITY: No
CHRONIC SITE: No
VEHICLES: NONE
IDENTIFIERS: NONE
SEVERITY: 1
ORDINANCE: N/A
PRIORITY: LOW
SUMMARY: No illegal dumping detected in the alleyway; the scene appears to be a natural grassy area with no visible waste or debris."
20260602T105528Z,DT_10th_and_2nd_St_4_20260528T042000.jpg,,,dataset_20260528/DT_10th_and_2nd_St_4/DT_10th_and_2nd_St_4_20260528T042000.jpg,illegal_dumping,done,2026-06-02T11:08:33.503695+00:00,0.035,0.791,0.828,,nvidia/cosmos-reason2-8b,"DUMPING PRESENT: No
ORDINANCE VIOLATION: No
WASTE TYPE: mixed
WASTE VOLUME: small (pickup truck)
WASTE ORIGIN: residential
PROPERTY TYPE: alley
ADDRESS MARKERS: NONE
GUTTER/ALLEY: Yes
WATER PROXIMITY: No
CHRONIC SITE: No
VEHICLES: NONE
IDENTIFIERS: NONE
SEVERITY: 1
ORDINANCE: N/A
PRIORITY: LOW
SUMMARY: No illegal dumping observed; the scene shows a grassy area with tire tracks and a wall, but no waste or debris indicating a violation."
20260602T105528Z,DT_10th_and_2nd_St_4_20260528T043000.jpg,,,dataset_20260528/DT_10th_and_2nd_St_4/DT_10th_and_2nd_St_4_20260528T043000.jpg,illegal_dumping,done,2026-06-02T11:08:33.678392+00:00,0.038,0.75,0.791,,nvidia/cosmos-reason2-8b,"DUMPING PRESENT: No
ORDINANCE VIOLATION: No
WASTE TYPE: mixed
WASTE VOLUME: small (pickup truck)
WASTE ORIGIN: residential
PROPERTY TYPE: alley
ADDRESS MARKERS: NONE
GUTTER/ALLEY: Yes
WATER PROXIMITY: No
CHRONIC SITE: No
VEHICLES: NONE
IDENTIFIERS: NONE
SEVERITY: 1
ORDINANCE: N/A
PRIORITY: LOW
SUMMARY: No illegal dumping observed in the alleyway; the area appears clean with no visible waste or debris."
20260602T105528Z,DT_10th_and_2nd_St_4_20260528T044000.jpg,,,dataset_20260528/DT_10th_and_2nd_St_4/DT_10th_and_2nd_St_4_20260528T044000.jpg,illegal_dumping,done,2026-06-02T11:08:33.947043+00:00,0.039,0.652,0.694,,nvidia/cosmos-reason2-8b,"DUMPING PRESENT: No
ORDINANCE VIOLATION: No
WASTE TYPE: mixed
WASTE VOLUME: small (pickup truck)
WASTE ORIGIN: residential
PROPERTY TYPE: alley
ADDRESS MARKERS: NONE
GUTTER/ALLEY: Yes
WATER PROXIMITY: No
CHRONIC SITE: No
VEHICLES: NONE
IDENTIFIERS: NONE
SEVERITY: 1
ORDINANCE: N/A
PRIORITY: LOW
SUMMARY: No illegal dumping observed; the scene shows a grassy area with no visible waste or debris."
20260602T105528Z,DT_10th_and_2nd_St_4_20260528T045000.jpg,,,dataset_20260528/DT_10th_and_2nd_St_4/DT_10th_and_2nd_St_4_20260528T045000.jpg,illegal_dumping,done,2026-06-02T11:08:34.105071+00:00,0.033,0.678,0.713,,nvidia/cosmos-reason2-8b,"DUMPING PRESENT: No
ORDINANCE VIOLATION: No
WASTE TYPE: mixed
WASTE VOLUME: small (pickup truck)
WASTE ORIGIN: residential
PROPERTY TYPE: alley
ADDRESS MARKERS: NONE
GUTTER/ALLEY: Yes
WATER PROXIMITY: No
CHRONIC SITE: No
VEHICLES: NONE
IDENTIFIERS: NONE
SEVERITY: 1
ORDINANCE: N/A
PRIORITY: LOW
SUMMARY: No illegal dumping observed in the alleyway."
20260602T105528Z,DT_10th_and_2nd_St_4_20260528T050000.jpg,,,dataset_20260528/DT_10th_and_2nd_St_4/DT_10th_and_2nd_St_4_20260528T050000.jpg,illegal_dumping,done,2026-06-02T11:08:34.334405+00:00,0.041,0.631,0.675,,nvidia/cosmos-reason2-8b,"DUMPING PRESENT: No
ORDINANCE VIOLATION: No
WASTE TYPE: mixed
WASTE VOLUME: small (pickup truck)
WASTE ORIGIN: residential
PROPERTY TYPE: alley
ADDRESS MARKERS: NONE
GUTTER/ALLEY: Yes
WATER PROXIMITY: No
CHRONIC SITE: No
VEHICLES: NONE
IDENTIFIERS: NONE
SEVERITY: 1
ORDINANCE: N/A
PRIORITY: LOW
SUMMARY: No illegal dumping observed in the alleyway."
20260602T105528Z,DT_10th_and_2nd_St_4_20260528T051000.jpg,,,dataset_20260528/DT_10th_and_2nd_St_4/DT_10th_and_2nd_St_4_20260528T051000.jpg,illegal_dumping,done,2026-06-02T11:08:34.472810+00:00,0.037,0.736,0.776,,nvidia/cosmos-reason2-8b,"DUMPING PRESENT: No
ORDINANCE VIOLATION: No
WASTE TYPE: mixed
WASTE VOLUME: small (pickup truck)
WASTE ORIGIN: residential
PROPERTY TYPE: alley
ADDRESS MARKERS: NONE
GUTTER/ALLEY: Yes
WATER PROXIMITY: No
CHRONIC SITE: No
VEHICLES: NONE
IDENTIFIERS: NONE
SEVERITY: 1
ORDINANCE: N/A
PRIORITY: LOW
SUMMARY: No illegal dumping observed in the alleyway."
20260602T105528Z,DT_10th_and_2nd_St_4_20260528T052000.jpg,,,dataset_20260528/DT_10th_and_2nd_St_4/DT_10th_and_2nd_St_4_20260528T052000.jpg,illegal_dumping,done,2026-06-02T11:08:34.644400+00:00,0.037,0.759,0.798,,nvidia/cosmos-reason2-8b,"DUMPING PRESENT: No
ORDINANCE VIOLATION: No
WASTE TYPE: mixed
WASTE VOLUME: small (pickup truck)
WASTE ORIGIN: residential
PROPERTY TYPE: alley
ADDRESS MARKERS: NONE
GUTTER/ALLEY: Yes
WATER PROXIMITY: No
CHRONIC SITE: No
VEHICLES: NONE
IDENTIFIERS: NONE
SEVERITY: 1
ORDINANCE: N/A
PRIORITY: LOW
SUMMARY: No illegal dumping is observed in the alleyway; the scene appears clean with no visible waste or debris."
20260602T105528Z,DT_10th_and_2nd_St_4_20260528T053000.jpg,,,dataset_20260528/DT_10th_and_2nd_St_4/DT_10th_and_2nd_St_4_20260528T053000.jpg,illegal_dumping,done,2026-06-02T11:08:34.820857+00:00,0.037,0.794,0.834,,nvidia/cosmos-reason2-8b,"DUMPING PRESENT: No
ORDINANCE VIOLATION: No
WASTE TYPE: mixed
WASTE VOLUME: small (pickup truck)
WASTE ORIGIN: residential
PROPERTY TYPE: alley
ADDRESS MARKERS: NONE
GUTTER/ALLEY: Yes
WATER PROXIMITY: No
CHRONIC SITE: No
VEHICLES: NONE
IDENTIFIERS: NONE
SEVERITY: 1
ORDINANCE: N/A
PRIORITY: LOW
SUMMARY: No illegal dumping observed in the alleyway."
20260602T105528Z,DT_10th_and_2nd_St_4_20260528T054000.jpg,,,dataset_20260528/DT_10th_and_2nd_St_4/DT_10th_and_2nd_St_4_20260528T054000.jpg,illegal_dumping,done,2026-06-02T11:08:35.012424+00:00,0.037,0.739,0.779,,nvidia/cosmos-reason2-8b,"DUMPING PRESENT: No
ORDINANCE VIOLATION: No
WASTE TYPE: mixed
WASTE VOLUME: small (pickup truck)
WASTE ORIGIN: residential
PROPERTY TYPE: alley
ADDRESS MARKERS: NONE
GUTTER/ALLEY: Yes
WATER PROXIMITY: No
CHRONIC SITE: No
VEHICLES: NONE
IDENTIFIERS: NONE
SEVERITY: 1
ORDINANCE: N/A
PRIORITY: LOW
SUMMARY: No illegal dumping detected in the alleyway; the scene appears clean with no visible waste or debris."
20260602T105528Z,DT_10th_and_2nd_St_4_20260528T055000.jpg,,,dataset_20260528/DT_10th_and_2nd_St_4/DT_10th_and_2nd_St_4_20260528T055000.jpg,illegal_dumping,done,2026-06-02T11:08:35.251227+00:00,0.034,0.667,0.704,,nvidia/cosmos-reason2-8b,"DUMPING PRESENT: No
ORDINANCE VIOLATION: No
WASTE TYPE: mixed
WASTE VOLUME: small (pickup truck)
WASTE ORIGIN: residential
PROPERTY TYPE: alley
ADDRESS MARKERS: NONE
GUTTER/ALLEY: Yes
WATER PROXIMITY: No
CHRONIC SITE: No
VEHICLES: NONE
IDENTIFIERS: NONE
SEVERITY: 1
ORDINANCE: N/A
PRIORITY: LOW
SUMMARY: No illegal dumping detected in the alleyway."
20260602T105528Z,DT_10th_and_2nd_St_4_20260528T060000.jpg,,,dataset_20260528/DT_10th_and_2nd_St_4/DT_10th_and_2nd_St_4_20260528T060000.jpg,illegal_dumping,done,2026-06-02T11:08:35.445273+00:00,0.034,0.65,0.687,,nvidia/cosmos-reason2-8b,"DUMPING PRESENT: No
ORDINANCE VIOLATION: No
WASTE TYPE: mixed
WASTE VOLUME: small (pickup truck)
WASTE ORIGIN: residential
PROPERTY TYPE: alley
ADDRESS MARKERS: NONE
GUTTER/ALLEY: Yes
WATER PROXIMITY: No
CHRONIC SITE: No
VEHICLES: NONE
IDENTIFIERS: NONE
SEVERITY: 1
ORDINANCE: N/A
PRIORITY: LOW
SUMMARY: No illegal dumping detected in the alleyway."
20260602T105528Z,DT_10th_and_2nd_St_4_20260528T061000.jpg,,,dataset_20260528/DT_10th_and_2nd_St_4/DT_10th_and_2nd_St_4_20260528T061000.jpg,illegal_dumping,done,2026-06-02T11:08:35.657290+00:00,0.034,0.674,0.711,,nvidia/cosmos-reason2-8b,"DUMPING PRESENT: No
ORDINANCE VIOLATION: No
WASTE TYPE: mixed
WASTE VOLUME: small (pickup truck)
WASTE ORIGIN: residential
PROPERTY TYPE: alley
ADDRESS MARKERS: NONE
GUTTER/ALLEY: Yes
WATER PROXIMITY: No
CHRONIC SITE: No
VEHICLES: NONE
IDENTIFIERS: NONE
SEVERITY: 1
ORDINANCE: N/A
PRIORITY: LOW
SUMMARY: No illegal dumping detected in the alleyway; the scene appears clean with no visible waste or debris."
20260602T105528Z,DT_10th_and_2nd_St_4_20260528T062000.jpg,,,dataset_20260528/DT_10th_and_2nd_St_4/DT_10th_and_2nd_St_4_20260528T062000.jpg,illegal_dumping,done,2026-06-02T11:08:35.793128+00:00,0.033,0.762,0.798,,nvidia/cosmos-reason2-8b,"DUMPING PRESENT: No
ORDINANCE VIOLATION: No
WASTE TYPE: mixed
WASTE VOLUME: small (pickup truck)
WASTE ORIGIN: residential
PROPERTY TYPE: alley
ADDRESS MARKERS: NONE
GUTTER/ALLEY: Yes
WATER PROXIMITY: No
CHRONIC SITE: No
VEHICLES: NONE
IDENTIFIERS: NONE
SEVERITY: 1
ORDINANCE: N/A
PRIORITY: LOW
SUMMARY: No illegal dumping is observed in the alleyway; the scene appears clean with no visible waste or debris."
20260602T105528Z,DT_10th_and_2nd_St_4_20260528T063000.jpg,,,dataset_20260528/DT_10th_and_2nd_St_4/DT_10th_and_2nd_St_4_20260528T063000.jpg,illegal_dumping,done,2026-06-02T11:08:35.957328+00:00,0.033,0.726,0.762,,nvidia/cosmos-reason2-8b,"DUMPING PRESENT: No
ORDINANCE VIOLATION: No
WASTE TYPE: mixed
WASTE VOLUME: small (pickup truck)
WASTE ORIGIN: residential
PROPERTY TYPE: alley
ADDRESS MARKERS: NONE
GUTTER/ALLEY: Yes
WATER PROXIMITY: No
CHRONIC SITE: No
VEHICLES: NONE
IDENTIFIERS: NONE
SEVERITY: 1
ORDINANCE: N/A
PRIORITY: LOW
SUMMARY: No illegal dumping observed in the alleyway."
20260602T105528Z,DT_10th_and_2nd_St_4_20260528T064000.jpg,,,dataset_20260528/DT_10th_and_2nd_St_4/DT_10th_and_2nd_St_4_20260528T064000.jpg,illegal_dumping,done,2026-06-02T11:08:36.134754+00:00,0.033,0.813,0.848,,nvidia/cosmos-reason2-8b,"DUMPING PRESENT: Yes
ORDINANCE VIOLATION: Yes
WASTE TYPE: mixed
WASTE VOLUME: small (pickup truck)
WASTE ORIGIN: residential
PROPERTY TYPE: alley
ADDRESS MARKERS: NONE
GUTTER/ALLEY: Yes
WATER PROXIMITY: No
CHRONIC SITE: No
VEHICLES: NONE
IDENTIFIERS: NONE
SEVERITY: 2
ORDINANCE: Sec-46-45
PRIORITY: MEDIUM
SUMMARY: A small amount of mixed waste is illegally dumped in an alley, violating Brownsville's property owner liability ordinance."
20260602T105528Z,DT_10th_and_2nd_St_4_20260528T065000.jpg,,,dataset_20260528/DT_10th_and_2nd_St_4/DT_10th_and_2nd_St_4_20260528T065000.jpg,illegal_dumping,done,2026-06-02T11:08:36.370981+00:00,0.036,0.775,0.813,,nvidia/cosmos-reason2-8b,"DUMPING PRESENT: Yes
ORDINANCE VIOLATION: Yes
WASTE TYPE: mixed
WASTE VOLUME: small (pickup truck)
WASTE ORIGIN: residential
PROPERTY TYPE: vacant-lot
ADDRESS MARKERS: NONE
GUTTER/ALLEY: No
WATER PROXIMITY: No
CHRONIC SITE: No
VEHICLES: NONE
IDENTIFIERS: NONE
SEVERITY: 2
ORDINANCE: Sec-46-45
PRIORITY: MEDIUM
SUMMARY: A small pile of mixed waste is illegally dumped on a vacant lot, violating property owner liability under Sec. 46-45."
20260602T105528Z,DT_10th_and_2nd_St_4_20260528T070000.jpg,,,dataset_20260528/DT_10th_and_2nd_St_4/DT_10th_and_2nd_St_4_20260528T070000.jpg,illegal_dumping,done,2026-06-02T11:08:36.593357+00:00,0.039,0.695,0.748,,nvidia/cosmos-reason2-8b,"DUMPING PRESENT: No
ORDINANCE VIOLATION: No
WASTE TYPE: mixed
WASTE VOLUME: small (pickup truck)
WASTE ORIGIN: residential
PROPERTY TYPE: alley
ADDRESS MARKERS: NONE
GUTTER/ALLEY: Yes
WATER PROXIMITY: No
CHRONIC SITE: No
VEHICLES: NONE
IDENTIFIERS: NONE
SEVERITY: 1
ORDINANCE: N/A
PRIORITY: LOW
SUMMARY: No illegal dumping detected in the alleyway."
20260602T105528Z,DT_10th_and_2nd_St_4_20260528T071000.jpg,,,dataset_20260528/DT_10th_and_2nd_St_4/DT_10th_and_2nd_St_4_20260528T071000.jpg,illegal_dumping,done,2026-06-02T11:08:36.721663+00:00,0.035,0.782,0.82,,nvidia/cosmos-reason2-8b,"DUMPING PRESENT: No
ORDINANCE VIOLATION: No
WASTE TYPE: mixed
WASTE VOLUME: small (pickup truck)
WASTE ORIGIN: residential
PROPERTY TYPE: alley
ADDRESS MARKERS: NONE
GUTTER/ALLEY: Yes
WATER PROXIMITY: No
CHRONIC SITE: No
VEHICLES: NONE
IDENTIFIERS: NONE
SEVERITY: 1
ORDINANCE: N/A
PRIORITY: LOW
SUMMARY: No illegal dumping detected in the alleyway; the area appears to be a natural overgrowth with no visible waste or debris."
20260602T105528Z,DT_10th_and_2nd_St_4_20260528T072000.jpg,,,dataset_20260528/DT_10th_and_2nd_St_4/DT_10th_and_2nd_St_4_20260528T072000.jpg,illegal_dumping,done,2026-06-02T11:08:36.985930+00:00,0.036,0.769,0.808,,nvidia/cosmos-reason2-8b,"DUMPING PRESENT: Yes
ORDINANCE VIOLATION: Yes
WASTE TYPE: mixed
WASTE VOLUME: small (pickup truck)
WASTE ORIGIN: residential
PROPERTY TYPE: alley
ADDRESS MARKERS: NONE
GUTTER/ALLEY: Yes
WATER PROXIMITY: No
CHRONIC SITE: No
VEHICLES: NONE
IDENTIFIERS: NONE
SEVERITY: 2
ORDINANCE: Sec-46-45
PRIORITY: MEDIUM
SUMMARY: A small pile of mixed waste is illegally dumped in an alley, violating Brownsville's property owner liability ordinance (Sec. 46-45)."
20260602T105528Z,DT_10th_and_2nd_St_4_20260528T073000.jpg,,,dataset_20260528/DT_10th_and_2nd_St_4/DT_10th_and_2nd_St_4_20260528T073000.jpg,illegal_dumping,done,2026-06-02T11:08:37.187118+00:00,0.034,0.671,0.708,,nvidia/cosmos-reason2-8b,"DUMPING PRESENT: No
ORDINANCE VIOLATION: No
WASTE TYPE: mixed
WASTE VOLUME: small (pickup truck)
WASTE ORIGIN: residential
PROPERTY TYPE: alley
ADDRESS MARKERS: NONE
GUTTER/ALLEY: Yes
WATER PROXIMITY: No
CHRONIC SITE: No
VEHICLES: NONE
IDENTIFIERS: NONE
SEVERITY: 1
ORDINANCE: N/A
PRIORITY: LOW
SUMMARY: No illegal dumping detected in the alleyway; the area appears clean with no visible waste or debris."
20260602T105528Z,DT_10th_and_2nd_St_4_20260528T074000.jpg,,,dataset_20260528/DT_10th_and_2nd_St_4/DT_10th_and_2nd_St_4_20260528T074000.jpg,illegal_dumping,done,2026-06-02T11:08:37.344070+00:00,0.038,0.757,0.797,,nvidia/cosmos-reason2-8b,"DUMPING PRESENT: No
ORDINANCE VIOLATION: No
WASTE TYPE: mixed
WASTE VOLUME: small (pickup truck)
WASTE ORIGIN: residential
PROPERTY TYPE: alley
ADDRESS MARKERS: NONE
GUTTER/ALLEY: Yes
WATER PROXIMITY: No
CHRONIC SITE: No
VEHICLES: NONE
IDENTIFIERS: NONE
SEVERITY: 1
ORDINANCE: N/A
PRIORITY: LOW
SUMMARY: No illegal dumping detected in the alleyway; the area appears clean with no visible waste or debris."
20260602T105528Z,DT_10th_and_2nd_St_4_20260528T075000.jpg,,,dataset_20260528/DT_10th_and_2nd_St_4/DT_10th_and_2nd_St_4_20260528T075000.jpg,illegal_dumping,done,2026-06-02T11:08:37.543734+00:00,0.035,0.837,0.874,,nvidia/cosmos-reason2-8b,"```json
{
  ""DUMPING PRESENT"": ""No"",
  ""ORDINANCE VIOLATION"": ""No"",
  ""WASTE TYPE"": [],
  ""WASTE VOLUME"": ""small (pickup truck)"",
  ""WASTE ORIGIN"": ""unknown"",
  ""PROPERTY TYPE"": ""right-of-way"",
  ""ADDRESS MARKERS"": ""NONE"",
  ""GUTTER/ALLEY"": ""Yes"",
  ""WATER PROXIMITY"": ""No"",
  ""CHRONIC SITE"": ""No"",
  ""VEHICLES"": ""NONE"",
  ""IDENTIFIERS"": ""NONE"",
  ""SEVERITY"": ""1"",
  ""ORDINANCE"": ""N/A"",
  ""PRIORITY"": ""LOW"",
  ""SUMMARY"": ""No illegal dumping detected; the area appears to be a natural right-of-way with no visible waste or debris.""
}
```"
20260602T105528Z,DT_10th_and_2nd_St_4_20260528T080000.jpg,,,dataset_20260528/DT_10th_and_2nd_St_4/DT_10th_and_2nd_St_4_20260528T080000.jpg,illegal_dumping,done,2026-06-02T11:08:37.796586+00:00,0.036,0.787,0.826,,nvidia/cosmos-reason2-8b,"DUMPING PRESENT: No
ORDINANCE VIOLATION: No
WASTE TYPE: mixed
WASTE VOLUME: small (pickup truck)
WASTE ORIGIN: residential
PROPERTY TYPE: alley
ADDRESS MARKERS: NONE
GUTTER/ALLEY: Yes
WATER PROXIMITY: No
CHRONIC SITE: No
VEHICLES: NONE
IDENTIFIERS: NONE
SEVERITY: 1
ORDINANCE: N/A
PRIORITY: LOW
SUMMARY: No illegal dumping detected in the alleyway; the area appears clean with no visible waste or debris."
20260602T105528Z,DT_10th_and_2nd_St_4_20260528T081000.jpg,,,dataset_20260528/DT_10th_and_2nd_St_4/DT_10th_and_2nd_St_4_20260528T081000.jpg,illegal_dumping,done,2026-06-02T11:08:37.897529+00:00,0.032,0.759,0.794,,nvidia/cosmos-reason2-8b,"DUMPING PRESENT: No
ORDINANCE VIOLATION: No
WASTE TYPE: mixed
WASTE VOLUME: small (pickup truck)
WASTE ORIGIN: residential
PROPERTY TYPE: alley
ADDRESS MARKERS: NONE
GUTTER/ALLEY: Yes
WATER PROXIMITY: No
CHRONIC SITE: No
VEHICLES: NONE
IDENTIFIERS: NONE
SEVERITY: 1
ORDINANCE: N/A
PRIORITY: LOW
SUMMARY: No illegal dumping observed in the alleyway; the area appears clean with no visible waste or debris."
20260602T105528Z,DT_10th_and_2nd_St_4_20260528T082000.jpg,,,dataset_20260528/DT_10th_and_2nd_St_4/DT_10th_and_2nd_St_4_20260528T082000.jpg,illegal_dumping,done,2026-06-02T11:08:38.143905+00:00,0.039,0.809,0.85,,nvidia/cosmos-reason2-8b,"DUMPING PRESENT: Yes
ORDINANCE VIOLATION: Yes
WASTE TYPE: mixed
WASTE VOLUME: small (pickup truck)
WASTE ORIGIN: residential
PROPERTY TYPE: alley
ADDRESS MARKERS: NONE
GUTTER/ALLEY: Yes
WATER PROXIMITY: No
CHRONIC SITE: No
VEHICLES: NONE
IDENTIFIERS: NONE
SEVERITY: 2
ORDINANCE: Sec-46-45
PRIORITY: MEDIUM
SUMMARY: A small pile of mixed waste is illegally dumped in an alley, violating Brownsville's property owner liability ordinance (Sec. 46-45)."
20260602T105528Z,DT_10th_and_2nd_St_4_20260528T083000.jpg,,,dataset_20260528/DT_10th_and_2nd_St_4/DT_10th_and_2nd_St_4_20260528T083000.jpg,illegal_dumping,done,2026-06-02T11:08:38.420518+00:00,0.034,0.627,0.663,,nvidia/cosmos-reason2-8b,"DUMPING PRESENT: No
ORDINANCE VIOLATION: No
WASTE TYPE: mixed
WASTE VOLUME: small (pickup truck)
WASTE ORIGIN: residential
PROPERTY TYPE: vacant-lot
ADDRESS MARKERS: NONE
GUTTER/ALLEY: No
WATER PROXIMITY: No
CHRONIC SITE: No
VEHICLES: NONE
IDENTIFIERS: NONE
SEVERITY: 1
ORDINANCE: N/A
PRIORITY: LOW
SUMMARY: No illegal dumping detected in the video."
20260602T105528Z,DT_10th_and_2nd_St_4_20260528T084000.jpg,,,dataset_20260528/DT_10th_and_2nd_St_4/DT_10th_and_2nd_St_4_20260528T084000.jpg,illegal_dumping,done,2026-06-02T11:08:38.625141+00:00,0.039,0.727,0.769,,nvidia/cosmos-reason2-8b,"DUMPING PRESENT: No
ORDINANCE VIOLATION: No
WASTE TYPE: mixed
WASTE VOLUME: small (pickup truck)
WASTE ORIGIN: residential
PROPERTY TYPE: vacant-lot
ADDRESS MARKERS: NONE
GUTTER/ALLEY: No
WATER PROXIMITY: No
CHRONIC SITE: No
VEHICLES: NONE
IDENTIFIERS: NONE
SEVERITY: 1
ORDINANCE: N/A
PRIORITY: LOW
SUMMARY: No illegal dumping detected in the video. The area appears to be a vacant lot with natural vegetation and no visible waste materials."
20260602T105528Z,DT_10th_and_2nd_St_4_20260528T085000.jpg,,,dataset_20260528/DT_10th_and_2nd_St_4/DT_10th_and_2nd_St_4_20260528T085000.jpg,illegal_dumping,done,2026-06-02T11:08:38.694144+00:00,0.033,0.77,0.806,,nvidia/cosmos-reason2-8b,"DUMPING PRESENT: No
ORDINANCE VIOLATION: No
WASTE TYPE: mixed
WASTE VOLUME: small (pickup truck)
WASTE ORIGIN: residential
PROPERTY TYPE: vacant-lot
ADDRESS MARKERS: NONE
GUTTER/ALLEY: No
WATER PROXIMITY: No
CHRONIC SITE: No
VEHICLES: NONE
IDENTIFIERS: NONE
SEVERITY: 1
ORDINANCE: N/A
PRIORITY: LOW
SUMMARY: No illegal dumping detected in the scene."
20260602T105528Z,DT_10th_and_2nd_St_4_20260528T090000.jpg,,,dataset_20260528/DT_10th_and_2nd_St_4/DT_10th_and_2nd_St_4_20260528T090000.jpg,illegal_dumping,done,2026-06-02T11:08:38.997289+00:00,0.036,0.741,0.78,,nvidia/cosmos-reason2-8b,"DUMPING PRESENT: No
ORDINANCE VIOLATION: No
WASTE TYPE: mixed
WASTE VOLUME: small (pickup truck)
WASTE ORIGIN: residential
PROPERTY TYPE: vacant-lot
ADDRESS MARKERS: NONE
GUTTER/ALLEY: No
WATER PROXIMITY: No
CHRONIC SITE: No
VEHICLES: NONE
IDENTIFIERS: NONE
SEVERITY: 1
ORDINANCE: N/A
PRIORITY: LOW
SUMMARY: No illegal dumping detected; the area appears to be a natural, overgrown vacant lot with no visible waste or debris."
20260602T105528Z,DT_10th_and_2nd_St_4_20260528T091000.jpg,,,dataset_20260528/DT_10th_and_2nd_St_4/DT_10th_and_2nd_St_4_20260528T091000.jpg,illegal_dumping,done,2026-06-02T11:08:39.086161+00:00,0.035,0.829,0.866,,nvidia/cosmos-reason2-8b,"DUMPING PRESENT: No
ORDINANCE VIOLATION: No
WASTE TYPE: mixed
WASTE VOLUME: small (pickup truck)
WASTE ORIGIN: residential
PROPERTY TYPE: vacant-lot
ADDRESS MARKERS: NONE
GUTTER/ALLEY: No
WATER PROXIMITY: No
CHRONIC SITE: No
VEHICLES: NONE
IDENTIFIERS: NONE
SEVERITY: 1
ORDINANCE: N/A
PRIORITY: LOW
SUMMARY: No illegal dumping detected in the scene."
20260602T105528Z,DT_10th_and_2nd_St_4_20260528T092000.jpg,,,dataset_20260528/DT_10th_and_2nd_St_4/DT_10th_and_2nd_St_4_20260528T092000.jpg,illegal_dumping,done,2026-06-02T11:08:39.396512+00:00,0.035,0.721,0.759,,nvidia/cosmos-reason2-8b,"DUMPING PRESENT: No
ORDINANCE VIOLATION: No
WASTE TYPE: mixed
WASTE VOLUME: small (pickup truck)
WASTE ORIGIN: residential
PROPERTY TYPE: alley
ADDRESS MARKERS: NONE
GUTTER/ALLEY: Yes
WATER PROXIMITY: No
CHRONIC SITE: No
VEHICLES: NONE
IDENTIFIERS: NONE
SEVERITY: 1
ORDINANCE: N/A
PRIORITY: LOW
SUMMARY: No illegal dumping detected in the alleyway; the area appears to be a natural, overgrown path with no visible waste or debris."
20260602T105528Z,DT_10th_and_2nd_St_4_20260528T093000.jpg,,,dataset_20260528/DT_10th_and_2nd_St_4/DT_10th_and_2nd_St_4_20260528T093000.jpg,illegal_dumping,done,2026-06-02T11:08:39.502304+00:00,0.033,0.781,0.817,,nvidia/cosmos-reason2-8b,"DUMPING PRESENT: No
ORDINANCE VIOLATION: No
WASTE TYPE: mixed
WASTE VOLUME: small (pickup truck)
WASTE ORIGIN: residential
PROPERTY TYPE: alley
ADDRESS MARKERS: NONE
GUTTER/ALLEY: Yes
WATER PROXIMITY: No
CHRONIC SITE: No
VEHICLES: NONE
IDENTIFIERS: NONE
SEVERITY: 1
ORDINANCE: N/A
PRIORITY: LOW
SUMMARY: No illegal dumping observed in the alleyway; the area appears clean with no visible waste or debris."
20260602T105528Z,DT_10th_and_2nd_St_4_20260528T094000.jpg,,,dataset_20260528/DT_10th_and_2nd_St_4/DT_10th_and_2nd_St_4_20260528T094000.jpg,illegal_dumping,done,2026-06-02T11:08:39.780234+00:00,0.036,0.629,0.668,,nvidia/cosmos-reason2-8b,"DUMPING PRESENT: No
ORDINANCE VIOLATION: No
WASTE TYPE: mixed
WASTE VOLUME: small (pickup truck)
WASTE ORIGIN: residential
PROPERTY TYPE: vacant-lot
ADDRESS MARKERS: NONE
GUTTER/ALLEY: No
WATER PROXIMITY: No
CHRONIC SITE: No
VEHICLES: NONE
IDENTIFIERS: NONE
SEVERITY: 1
ORDINANCE: N/A
PRIORITY: LOW
SUMMARY: No illegal dumping is observed in the video."
20260602T105528Z,DT_10th_and_2nd_St_4_20260528T095000.jpg,,,dataset_20260528/DT_10th_and_2nd_St_4/DT_10th_and_2nd_St_4_20260528T095000.jpg,illegal_dumping,done,2026-06-02T11:08:39.954527+00:00,0.038,0.732,0.772,,nvidia/cosmos-reason2-8b,"DUMPING PRESENT: Yes
ORDINANCE VIOLATION: Yes
WASTE TYPE: mixed
WASTE VOLUME: small (pickup truck)
WASTE ORIGIN: residential
PROPERTY TYPE: vacant-lot
ADDRESS MARKERS: NONE
GUTTER/ALLEY: No
WATER PROXIMITY: No
CHRONIC SITE: No
VEHICLES: NONE
IDENTIFIERS: NONE
SEVERITY: 2
ORDINANCE: Sec-46-45
PRIORITY: MEDIUM
SUMMARY: A small pile of mixed waste is illegally dumped on a vacant lot, violating Brownsville's property owner liability ordinance."
20260602T105528Z,DT_10th_and_2nd_St_4_20260528T100000.jpg,,,dataset_20260528/DT_10th_and_2nd_St_4/DT_10th_and_2nd_St_4_20260528T100000.jpg,illegal_dumping,done,2026-06-02T11:08:40.157587+00:00,0.04,0.781,0.824,,nvidia/cosmos-reason2-8b,"DUMPING PRESENT: Yes
ORDINANCE VIOLATION: Yes
WASTE TYPE: mixed
WASTE VOLUME: small (pickup truck)
WASTE ORIGIN: residential
PROPERTY TYPE: right-of-way
ADDRESS MARKERS: NONE
GUTTER/ALLEY: Yes
WATER PROXIMITY: No
CHRONIC SITE: No
VEHICLES: NONE
IDENTIFIERS: NONE
SEVERITY: 1
ORDINANCE: Sec-46-45
PRIORITY: LOW
SUMMARY: A small amount of mixed waste is illegally dumped in a right-of-way, violating property owner liability under Sec-46-45."
20260602T105528Z,DT_10th_and_2nd_St_4_20260528T101000.jpg,,,dataset_20260528/DT_10th_and_2nd_St_4/DT_10th_and_2nd_St_4_20260528T101000.jpg,illegal_dumping,done,2026-06-02T11:08:40.321418+00:00,0.033,0.763,0.798,,nvidia/cosmos-reason2-8b,"DUMPING PRESENT: No
ORDINANCE VIOLATION: No
WASTE TYPE: mixed
WASTE VOLUME: small (pickup truck)
WASTE ORIGIN: residential
PROPERTY TYPE: right-of-way
ADDRESS MARKERS: NONE
GUTTER/ALLEY: Yes
WATER PROXIMITY: No
CHRONIC SITE: No
VEHICLES: NONE
IDENTIFIERS: NONE
SEVERITY: 1
ORDINANCE: N/A
PRIORITY: LOW
SUMMARY: No illegal dumping observed; the area appears clean with no visible waste or debris."
20260602T105528Z,DT_10th_and_2nd_St_4_20260528T102000.jpg,,,dataset_20260528/DT_10th_and_2nd_St_4/DT_10th_and_2nd_St_4_20260528T102000.jpg,illegal_dumping,done,2026-06-02T11:08:40.450227+00:00,0.032,0.773,0.808,,nvidia/cosmos-reason2-8b,"DUMPING PRESENT: No
ORDINANCE VIOLATION: No
WASTE TYPE: mixed
WASTE VOLUME: small (pickup truck)
WASTE ORIGIN: residential
PROPERTY TYPE: alley
ADDRESS MARKERS: NONE
GUTTER/ALLEY: Yes
WATER PROXIMITY: No
CHRONIC SITE: No
VEHICLES: NONE
IDENTIFIERS: NONE
SEVERITY: 1
ORDINANCE: N/A
PRIORITY: LOW
SUMMARY: No illegal dumping observed in the alleyway; the area appears clean with no visible waste or debris."
20260602T105528Z,DT_10th_and_2nd_St_4_20260528T103000.jpg,,,dataset_20260528/DT_10th_and_2nd_St_4/DT_10th_and_2nd_St_4_20260528T103000.jpg,illegal_dumping,done,2026-06-02T11:08:40.729555+00:00,0.038,0.641,0.682,,nvidia/cosmos-reason2-8b,"DUMPING PRESENT: No
ORDINANCE VIOLATION: No
WASTE TYPE: mixed
WASTE VOLUME: small (pickup truck)
WASTE ORIGIN: residential
PROPERTY TYPE: right-of-way
ADDRESS MARKERS: NONE
GUTTER/ALLEY: No
WATER PROXIMITY: No
CHRONIC SITE: No
VEHICLES: NONE
IDENTIFIERS: NONE
SEVERITY: 1
ORDINANCE: N/A
PRIORITY: LOW
SUMMARY: No illegal dumping is observed in the video."
20260602T105528Z,DT_10th_and_2nd_St_4_20260528T104000.jpg,,,dataset_20260528/DT_10th_and_2nd_St_4/DT_10th_and_2nd_St_4_20260528T104000.jpg,illegal_dumping,done,2026-06-02T11:08:40.984974+00:00,0.038,0.745,0.785,,nvidia/cosmos-reason2-8b,"DUMPING PRESENT: Yes
ORDINANCE VIOLATION: Yes
WASTE TYPE: mixed
WASTE VOLUME: small (pickup truck)
WASTE ORIGIN: residential
PROPERTY TYPE: alley
ADDRESS MARKERS: NONE
GUTTER/ALLEY: Yes
WATER PROXIMITY: No
CHRONIC SITE: No
VEHICLES: NONE
IDENTIFIERS: NONE
SEVERITY: 1
ORDINANCE: Sec-46-45
PRIORITY: LOW
SUMMARY: A small amount of mixed waste is illegally dumped in an alley, violating property owner liability under Sec-46-45."
20260602T105528Z,DT_10th_and_2nd_St_4_20260528T105000.jpg,,,dataset_20260528/DT_10th_and_2nd_St_4/DT_10th_and_2nd_St_4_20260528T105000.jpg,illegal_dumping,done,2026-06-02T11:08:41.122300+00:00,0.036,0.83,0.868,,nvidia/cosmos-reason2-8b,"DUMPING PRESENT: No
ORDINANCE VIOLATION: No
WASTE TYPE: mixed
WASTE VOLUME: small (pickup truck)
WASTE ORIGIN: residential
PROPERTY TYPE: alley
ADDRESS MARKERS: NONE
GUTTER/ALLEY: Yes
WATER PROXIMITY: No
CHRONIC SITE: No
VEHICLES: NONE
IDENTIFIERS: NONE
SEVERITY: 1
ORDINANCE: N/A
PRIORITY: LOW
SUMMARY: No illegal dumping detected in the alleyway; the area appears clean with no visible waste or debris."
20260602T105528Z,DT_10th_and_2nd_St_4_20260528T110000.jpg,,,dataset_20260528/DT_10th_and_2nd_St_4/DT_10th_and_2nd_St_4_20260528T110000.jpg,illegal_dumping,done,2026-06-02T11:08:41.260167+00:00,0.038,0.986,1.027,,nvidia/cosmos-reason2-8b,"DUMPING PRESENT: Yes
ORDINANCE VIOLATION: Yes
WASTE TYPE: mixed
WASTE VOLUME: small (pickup truck)
WASTE ORIGIN: residential
PROPERTY TYPE: right-of-way
ADDRESS MARKERS: NONE
GUTTER/ALLEY: Yes
WATER PROXIMITY: No
CHRONIC SITE: No
VEHICLES: NONE
IDENTIFIERS: NONE
SEVERITY: 2
ORDINANCE: Sec-46-45
PRIORITY: MEDIUM
SUMMARY: A small pile of mixed waste is illegally dumped in the right-of-way, violating Brownsville's property owner liability ordinance (Sec. 46-45)."
20260602T105528Z,DT_10th_and_2nd_St_4_20260528T111000.jpg,,,dataset_20260528/DT_10th_and_2nd_St_4/DT_10th_and_2nd_St_4_20260528T111000.jpg,illegal_dumping,done,2026-06-02T11:08:41.414221+00:00,0.034,0.872,0.909,,nvidia/cosmos-reason2-8b,"DUMPING PRESENT: Yes
ORDINANCE VIOLATION: Yes
WASTE TYPE: mixed
WASTE VOLUME: small (pickup truck)
WASTE ORIGIN: unknown
PROPERTY TYPE: vacant-lot
ADDRESS MARKERS: NONE
GUTTER/ALLEY: No
WATER PROXIMITY: No
CHRONIC SITE: No
VEHICLES: NONE
IDENTIFIERS: NONE
SEVERITY: 2
ORDINANCE: Sec-46-45
PRIORITY: MEDIUM
SUMMARY: A small amount of mixed waste is illegally dumped on a vacant lot, violating Brownsville's property owner liability ordinance."
20260602T105528Z,DT_10th_and_2nd_St_4_20260528T112000.jpg,,,dataset_20260528/DT_10th_and_2nd_St_4/DT_10th_and_2nd_St_4_20260528T112000.jpg,illegal_dumping,done,2026-06-02T11:08:41.772669+00:00,0.039,0.711,0.752,,nvidia/cosmos-reason2-8b,"DUMPING PRESENT: No
ORDINANCE VIOLATION: No
WASTE TYPE: mixed
WASTE VOLUME: small (pickup truck)
WASTE ORIGIN: residential
PROPERTY TYPE: occupied-private
ADDRESS MARKERS: NONE
GUTTER/ALLEY: No
WATER PROXIMITY: No
CHRONIC SITE: No
VEHICLES: NONE
IDENTIFIERS: NONE
SEVERITY: 1
ORDINANCE: N/A
PRIORITY: LOW
SUMMARY: No illegal dumping detected; the scene shows a mix of household and construction debris on a residential property without any visible violations."
20260602T105528Z,DT_10th_and_2nd_St_4_20260528T113000.jpg,,,dataset_20260528/DT_10th_and_2nd_St_4/DT_10th_and_2nd_St_4_20260528T113000.jpg,illegal_dumping,done,2026-06-02T11:08:41.993332+00:00,0.033,0.697,0.733,,nvidia/cosmos-reason2-8b,"DUMPING PRESENT: No
ORDINANCE VIOLATION: No
WASTE TYPE: mixed
WASTE VOLUME: small (pickup truck)
WASTE ORIGIN: residential
PROPERTY TYPE: right-of-way
ADDRESS MARKERS: NONE
GUTTER/ALLEY: No
WATER PROXIMITY: No
CHRONIC SITE: No
VEHICLES: NONE
IDENTIFIERS: NONE
SEVERITY: 1
ORDINANCE: N/A
PRIORITY: LOW
SUMMARY: No illegal dumping is observed in the video; the area appears clean with no visible waste or debris."
20260602T105528Z,DT_10th_and_2nd_St_4_20260528T114000.jpg,,,dataset_20260528/DT_10th_and_2nd_St_4/DT_10th_and_2nd_St_4_20260528T114000.jpg,illegal_dumping,done,2026-06-02T11:08:42.289281+00:00,0.035,1.351,1.389,,nvidia/cosmos-reason2-8b,"DUMPING PRESENT: Yes
ORDINANCE VIOLATION: Yes
WASTE TYPE: mixed
WASTE VOLUME: small (pickup truck)
WASTE ORIGIN: unknown
PROPERTY TYPE: right-of-way
ADDRESS MARKERS: NONE
GUTTER/ALLEY: Yes
WATER PROXIMITY: No
CHRONIC SITE: No
VEHICLES: NONE
IDENTIFIERS: NONE
SEVERITY: 2
ORDINANCE: Sec-46-45
PRIORITY: MEDIUM
SUMMARY: A small pile of mixed waste is illegally dumped in the alley, violating property owner liability under Sec. 46-45.
"
20260602T105528Z,DT_10th_and_2nd_St_4_20260528T115000.jpg,,,dataset_20260528/DT_10th_and_2nd_St_4/DT_10th_and_2nd_St_4_20260528T115000.jpg,illegal_dumping,done,2026-06-02T11:08:42.326113+00:00,0.037,0.871,0.91,,nvidia/cosmos-reason2-8b,"DUMPING PRESENT: No
ORDINANCE VIOLATION: No
WASTE TYPE: mixed
WASTE VOLUME: small (pickup truck)
WASTE ORIGIN: residential
PROPERTY TYPE: alley
ADDRESS MARKERS: NONE
GUTTER/ALLEY: Yes
WATER PROXIMITY: No
CHRONIC SITE: No
VEHICLES: NONE
IDENTIFIERS: NONE
SEVERITY: 1
ORDINANCE: N/A
PRIORITY: LOW
SUMMARY: No illegal dumping detected in the alleyway; the area appears clean with no visible waste or debris."
20260602T105528Z,DT_10th_and_2nd_St_4_20260528T120000.jpg,,,dataset_20260528/DT_10th_and_2nd_St_4/DT_10th_and_2nd_St_4_20260528T120000.jpg,illegal_dumping,done,2026-06-02T11:08:42.527836+00:00,0.033,1.071,1.107,,nvidia/cosmos-reason2-8b,"DUMPING PRESENT: Yes
ORDINANCE VIOLATION: Yes
WASTE TYPE: mixed
WASTE VOLUME: small (pickup truck)
WASTE ORIGIN: unknown
PROPERTY TYPE: right-of-way
ADDRESS MARKERS: NONE
GUTTER/ALLEY: Yes
WATER PROXIMITY: No
CHRONIC SITE: No
VEHICLES: NONE
IDENTIFIERS: NONE
SEVERITY: 2
ORDINANCE: Sec-46-45
PRIORITY: MEDIUM
SUMMARY: A small pile of mixed waste is illegally dumped in the alley, violating property owner liability under Sec. 46-45.
"
20260602T105528Z,DT_10th_and_2nd_St_4_20260528T121000.jpg,,,dataset_20260528/DT_10th_and_2nd_St_4/DT_10th_and_2nd_St_4_20260528T121000.jpg,illegal_dumping,done,2026-06-02T11:08:42.728971+00:00,0.041,0.905,0.95,,nvidia/cosmos-reason2-8b,"DUMPING PRESENT: No
ORDINANCE VIOLATION: No
WASTE TYPE: mixed
WASTE VOLUME: small (pickup truck)
WASTE ORIGIN: residential
PROPERTY TYPE: alley
ADDRESS MARKERS: NONE
GUTTER/ALLEY: Yes
WATER PROXIMITY: No
CHRONIC SITE: No
VEHICLES: NONE
IDENTIFIERS: NONE
SEVERITY: 1
ORDINANCE: N/A
PRIORITY: LOW
SUMMARY: No illegal dumping detected in the alleyway; the area appears clean with no visible waste or debris."
20260602T105528Z,DT_10th_and_2nd_St_4_20260528T122000.jpg,,,dataset_20260528/DT_10th_and_2nd_St_4/DT_10th_and_2nd_St_4_20260528T122000.jpg,illegal_dumping,done,2026-06-02T11:08:43.239977+00:00,0.042,0.826,0.871,,nvidia/cosmos-reason2-8b,"DUMPING PRESENT: Yes
ORDINANCE VIOLATION: Yes
WASTE TYPE: mixed
WASTE VOLUME: small (pickup truck)
WASTE ORIGIN: residential
PROPERTY TYPE: alley
ADDRESS MARKERS: NONE
GUTTER/ALLEY: Yes
WATER PROXIMITY: No
CHRONIC SITE: No
VEHICLES: NONE
IDENTIFIERS: NONE
SEVERITY: 2
ORDINANCE: Sec-46-45
PRIORITY: MEDIUM
SUMMARY: A red object is present in the alley, indicating potential illegal dumping that violates Brownsville's ordinance, with the property owner held liable under Sec-46-45."
20260602T105528Z,DT_10th_and_2nd_St_4_20260528T123000.jpg,,,dataset_20260528/DT_10th_and_2nd_St_4/DT_10th_and_2nd_St_4_20260528T123000.jpg,illegal_dumping,done,2026-06-02T11:08:43.637207+00:00,0.042,0.679,0.724,,nvidia/cosmos-reason2-8b,"DUMPING PRESENT: No
ORDINANCE VIOLATION: No
WASTE TYPE: mixed
WASTE VOLUME: small (pickup truck)
WASTE ORIGIN: residential
PROPERTY TYPE: alley
ADDRESS MARKERS: NONE
GUTTER/ALLEY: Yes
WATER PROXIMITY: No
CHRONIC SITE: No
VEHICLES: NONE
IDENTIFIERS: NONE
SEVERITY: 1
ORDINANCE: N/A
PRIORITY: LOW
SUMMARY: No illegal dumping detected in the alleyway; the area appears clean with no visible waste or debris."
20260602T105528Z,DT_10th_and_2nd_St_4_20260528T124000.jpg,,,dataset_20260528/DT_10th_and_2nd_St_4/DT_10th_and_2nd_St_4_20260528T124000.jpg,illegal_dumping,done,2026-06-02T11:08:43.683039+00:00,0.064,1.133,1.201,,nvidia/cosmos-reason2-8b,"```json
{
  ""DUMPING PRESENT"": ""No"",
  ""ORDINANCE VIOLATION"": ""No"",
  ""WASTE TYPE"": [],
  ""WASTE VOLUME"": ""small (pickup truck)"",
  ""WASTE ORIGIN"": ""unknown"",
  ""PROPERTY TYPE"": ""right-of-way"",
  ""ADDRESS MARKERS"": ""NONE"",
  ""GUTTER/ALLEY"": ""Yes"",
  ""WATER PROXIMITY"": ""No"",
  ""CHRONIC SITE"": ""No"",
  ""VEHICLES"": ""NONE"",
  ""IDENTIFIERS"": ""NONE"",
  ""SEVERITY"": ""1"",
  ""ORDINANCE"": ""N/A"",
  ""PRIORITY"": ""LOW"",
  ""SUMMARY"": ""No illegal dumping detected; the scene shows a right-of-way with no visible waste or debris.""
}
```"
20260602T105528Z,DT_10th_and_2nd_St_4_20260528T125000.jpg,,,dataset_20260528/DT_10th_and_2nd_St_4/DT_10th_and_2nd_St_4_20260528T125000.jpg,illegal_dumping,done,2026-06-02T11:08:43.684882+00:00,0.064,0.993,1.059,,nvidia/cosmos-reason2-8b,"DUMPING PRESENT: No
ORDINANCE VIOLATION: No
WASTE TYPE: mixed
WASTE VOLUME: small (pickup truck)
WASTE ORIGIN: residential
PROPERTY TYPE: alley
ADDRESS MARKERS: NONE
GUTTER/ALLEY: Yes
WATER PROXIMITY: No
CHRONIC SITE: No
VEHICLES: NONE
IDENTIFIERS: NONE
SEVERITY: 1
ORDINANCE: N/A
PRIORITY: LOW
SUMMARY: No illegal dumping observed in the alleyway; the area appears clean with no visible waste or debris."
20260602T105528Z,DT_10th_and_2nd_St_4_20260528T130000.jpg,,,dataset_20260528/DT_10th_and_2nd_St_4/DT_10th_and_2nd_St_4_20260528T130000.jpg,illegal_dumping,done,2026-06-02T11:08:44.113189+00:00,0.052,0.932,1.0,,nvidia/cosmos-reason2-8b,"DUMPING PRESENT: Yes
ORDINANCE VIOLATION: Yes
WASTE TYPE: mixed
WASTE VOLUME: small (pickup truck)
WASTE ORIGIN: residential
PROPERTY TYPE: right-of-way
ADDRESS MARKERS: NONE
GUTTER/ALLEY: No
WATER PROXIMITY: No
CHRONIC SITE: No
VEHICLES: NONE
IDENTIFIERS: NONE
SEVERITY: 1
ORDINANCE: Sec-46-45
PRIORITY: LOW
SUMMARY: A small pile of mixed waste is located on the right-of-way, which is considered illegal dumping under Sec-46-45 because it is not on private property."
20260602T105528Z,DT_10th_and_2nd_St_4_20260528T131000.jpg,,,dataset_20260528/DT_10th_and_2nd_St_4/DT_10th_and_2nd_St_4_20260528T131000.jpg,illegal_dumping,done,2026-06-02T11:08:44.364336+00:00,0.04,0.667,0.71,,nvidia/cosmos-reason2-8b,"DUMPING PRESENT: No
ORDINANCE VIOLATION: No
WASTE TYPE: mixed
WASTE VOLUME: small (pickup truck)
WASTE ORIGIN: residential
PROPERTY TYPE: occupied-private
ADDRESS MARKERS: NONE
GUTTER/ALLEY: No
WATER PROXIMITY: No
CHRONIC SITE: No
VEHICLES: NONE
IDENTIFIERS: NONE
SEVERITY: 1
ORDINANCE: N/A
PRIORITY: LOW
SUMMARY: No illegal dumping detected in the analyzed frame."
20260602T105528Z,DT_10th_and_2nd_St_4_20260528T132000.jpg,,,dataset_20260528/DT_10th_and_2nd_St_4/DT_10th_and_2nd_St_4_20260528T132000.jpg,illegal_dumping,done,2026-06-02T11:08:44.746759+00:00,0.037,0.692,0.732,,nvidia/cosmos-reason2-8b,"DUMPING PRESENT: No
ORDINANCE VIOLATION: No
WASTE TYPE: mixed
WASTE VOLUME: small (pickup truck)
WASTE ORIGIN: residential
PROPERTY TYPE: vacant-lot
ADDRESS MARKERS: NONE
GUTTER/ALLEY: No
WATER PROXIMITY: No
CHRONIC SITE: No
VEHICLES: NONE
IDENTIFIERS: NONE
SEVERITY: 1
ORDINANCE: N/A
PRIORITY: LOW
SUMMARY: No illegal dumping detected in the video."
20260602T105528Z,DT_10th_and_2nd_St_4_20260528T133000.jpg,,,dataset_20260528/DT_10th_and_2nd_St_4/DT_10th_and_2nd_St_4_20260528T133000.jpg,illegal_dumping,done,2026-06-02T11:08:44.887081+00:00,0.036,0.792,0.831,,nvidia/cosmos-reason2-8b,"DUMPING PRESENT: No
ORDINANCE VIOLATION: No
WASTE TYPE: mixed
WASTE VOLUME: small
WASTE ORIGIN: unknown
PROPERTY TYPE: right-of-way
ADDRESS MARKERS: NONE
GUTTER/ALLEY: No
WATER PROXIMITY: No
CHRONIC SITE: No
VEHICLES: NONE
IDENTIFIERS: NONE
SEVERITY: 1
ORDINANCE: N/A
PRIORITY: LOW
SUMMARY: No illegal dumping detected in the video; the scene appears to be a green screen with no discernible waste or property details."
20260602T105528Z,DT_10th_and_2nd_St_4_20260528T134000.jpg,,,dataset_20260528/DT_10th_and_2nd_St_4/DT_10th_and_2nd_St_4_20260528T134000.jpg,illegal_dumping,done,2026-06-02T11:08:45.077223+00:00,0.037,0.87,0.91,,nvidia/cosmos-reason2-8b,"DUMPING PRESENT: No
ORDINANCE VIOLATION: No
WASTE TYPE: mixed
WASTE VOLUME: small (pickup truck)
WASTE ORIGIN: residential
PROPERTY TYPE: vacant-lot
ADDRESS MARKERS: NONE
GUTTER/ALLEY: No
WATER PROXIMITY: No
CHRONIC SITE: No
VEHICLES: NONE
IDENTIFIERS: NONE
SEVERITY: 1
ORDINANCE: N/A
PRIORITY: LOW
SUMMARY: No illegal dumping detected in the video."
20260602T105528Z,DT_10th_and_2nd_St_4_20260528T135000.jpg,,,dataset_20260528/DT_10th_and_2nd_St_4/DT_10th_and_2nd_St_4_20260528T135000.jpg,illegal_dumping,done,2026-06-02T11:08:45.115922+00:00,0.037,0.73,0.77,,nvidia/cosmos-reason2-8b,"DUMPING PRESENT: No
ORDINANCE VIOLATION: No
WASTE TYPE: mixed
WASTE VOLUME: small (pickup truck)
WASTE ORIGIN: residential
PROPERTY TYPE: occupied-private
ADDRESS MARKERS: NONE
GUTTER/ALLEY: No
WATER PROXIMITY: No
CHRONIC SITE: No
VEHICLES: NONE
IDENTIFIERS: NONE
SEVERITY: 1
ORDINANCE: N/A
PRIORITY: LOW
SUMMARY: No illegal dumping detected; the scene shows a green screen with no discernible waste or property details."
20260602T105528Z,DT_10th_and_2nd_St_4_20260528T140000.jpg,,,dataset_20260528/DT_10th_and_2nd_St_4/DT_10th_and_2nd_St_4_20260528T140000.jpg,illegal_dumping,done,2026-06-02T11:08:45.481255+00:00,0.04,0.951,0.994,,nvidia/cosmos-reason2-8b,"DUMPING PRESENT: Yes
ORDINANCE VIOLATION: Yes
WASTE TYPE: mixed
WASTE VOLUME: small (pickup truck)
WASTE ORIGIN: residential
PROPERTY TYPE: vacant-lot
ADDRESS MARKERS: NONE
GUTTER/ALLEY: No
WATER PROXIMITY: No
CHRONIC SITE: No
VEHICLES: NONE
IDENTIFIERS: NONE
SEVERITY: 2
ORDINANCE: Sec-46-45
PRIORITY: MEDIUM
SUMMARY: A small pile of mixed waste is illegally dumped on a vacant lot, violating Brownsville's property owner liability ordinance (Sec. 46-45)."
20260602T105528Z,DT_10th_and_2nd_St_4_20260528T141000.jpg,,,dataset_20260528/DT_10th_and_2nd_St_4/DT_10th_and_2nd_St_4_20260528T141000.jpg,illegal_dumping,done,2026-06-02T11:08:45.720630+00:00,0.04,0.656,0.699,,nvidia/cosmos-reason2-8b,"DUMPING PRESENT: No
ORDINANCE VIOLATION: No
WASTE TYPE: mixed
WASTE VOLUME: small (pickup truck)
WASTE ORIGIN: residential
PROPERTY TYPE: right-of-way
ADDRESS MARKERS: NONE
GUTTER/ALLEY: Yes
WATER PROXIMITY: No
CHRONIC SITE: No
VEHICLES: NONE
IDENTIFIERS: NONE
SEVERITY: 1
ORDINANCE: N/A
PRIORITY: LOW
SUMMARY: No illegal dumping observed in the right-of-way area."
20260602T105528Z,DT_10th_and_2nd_St_4_20260528T142000.jpg,,,dataset_20260528/DT_10th_and_2nd_St_4/DT_10th_and_2nd_St_4_20260528T142000.jpg,illegal_dumping,done,2026-06-02T11:08:45.889021+00:00,0.034,0.825,0.862,,nvidia/cosmos-reason2-8b,"DUMPING PRESENT: Yes
ORDINANCE VIOLATION: Yes
WASTE TYPE: mixed
WASTE VOLUME: small (pickup truck)
WASTE ORIGIN: residential
PROPERTY TYPE: vacant-lot
ADDRESS MARKERS: NONE
GUTTER/ALLEY: Yes
WATER PROXIMITY: No
CHRONIC SITE: No
VEHICLES: NONE
IDENTIFIERS: NONE
SEVERITY: 1
ORDINANCE: Sec-46-45
PRIORITY: LOW
SUMMARY: A small pile of mixed waste is present on a vacant lot, violating property owner liability under Sec-46-45.
"
20260602T105528Z,DT_10th_and_2nd_St_4_20260528T143000.jpg,,,dataset_20260528/DT_10th_and_2nd_St_4/DT_10th_and_2nd_St_4_20260528T143000.jpg,illegal_dumping,done,2026-06-02T11:08:45.989808+00:00,0.035,0.899,0.937,,nvidia/cosmos-reason2-8b,"DUMPING PRESENT: No
ORDINANCE VIOLATION: No
WASTE TYPE: mixed
WASTE VOLUME: small (pickup truck)
WASTE ORIGIN: residential
PROPERTY TYPE: alley
ADDRESS MARKERS: NONE
GUTTER/ALLEY: Yes
WATER PROXIMITY: No
CHRONIC SITE: No
VEHICLES: NONE
IDENTIFIERS: NONE
SEVERITY: 1
ORDINANCE: N/A
PRIORITY: LOW
SUMMARY: No illegal dumping observed in the alleyway; the area appears clean with no visible waste or debris."
20260602T105528Z,DT_10th_and_2nd_St_4_20260528T144000.jpg,,,dataset_20260528/DT_10th_and_2nd_St_4/DT_10th_and_2nd_St_4_20260528T144000.jpg,illegal_dumping,done,2026-06-02T11:08:46.422455+00:00,0.041,0.832,0.876,,nvidia/cosmos-reason2-8b,"DUMPING PRESENT: Yes
ORDINANCE VIOLATION: Yes
WASTE TYPE: mixed
WASTE VOLUME: small (pickup truck)
WASTE ORIGIN: residential
PROPERTY TYPE: right-of-way
ADDRESS MARKERS: NONE
GUTTER/ALLEY: Yes
WATER PROXIMITY: No
CHRONIC SITE: No
VEHICLES: NONE
IDENTIFIERS: NONE
SEVERITY: 1
ORDINANCE: Sec-46-45
PRIORITY: LOW
SUMMARY: A small amount of mixed waste is illegally dumped in a right-of-way, violating Brownsville's property owner liability ordinance (Sec. 46-45)."
20260602T105528Z,DT_10th_and_2nd_St_4_20260528T145000.jpg,,,dataset_20260528/DT_10th_and_2nd_St_4/DT_10th_and_2nd_St_4_20260528T145000.jpg,illegal_dumping,done,2026-06-02T11:08:46.477495+00:00,0.037,0.846,0.885,,nvidia/cosmos-reason2-8b,"DUMPING PRESENT: No
ORDINANCE VIOLATION: No
WASTE TYPE: mixed
WASTE VOLUME: small (pickup truck)
WASTE ORIGIN: residential
PROPERTY TYPE: vacant-lot
ADDRESS MARKERS: NONE
GUTTER/ALLEY: No
WATER PROXIMITY: No
CHRONIC SITE: No
VEHICLES: NONE
IDENTIFIERS: NONE
SEVERITY: 1
ORDINANCE: N/A
PRIORITY: LOW
SUMMARY: No illegal dumping detected in the analyzed frames."
20260602T105528Z,DT_10th_and_2nd_St_4_20260528T150000.jpg,,,dataset_20260528/DT_10th_and_2nd_St_4/DT_10th_and_2nd_St_4_20260528T150000.jpg,illegal_dumping,done,2026-06-02T11:08:46.753662+00:00,0.04,0.85,0.894,,nvidia/cosmos-reason2-8b,"DUMPING PRESENT: Yes
ORDINANCE VIOLATION: Yes
WASTE TYPE: mixed
WASTE VOLUME: small (pickup truck)
WASTE ORIGIN: unknown
PROPERTY TYPE: vacant-lot
ADDRESS MARKERS: NONE
GUTTER/ALLEY: No
WATER PROXIMITY: No
CHRONIC SITE: No
VEHICLES: NONE
IDENTIFIERS: NONE
SEVERITY: 2
ORDINANCE: Sec-46-45
PRIORITY: MEDIUM
SUMMARY: A small pile of mixed waste is illegally dumped on a vacant lot, violating Brownsville's property owner liability ordinance (Sec. 46-45)."
20260602T105528Z,DT_10th_and_2nd_St_4_20260528T151000.jpg,,,dataset_20260528/DT_10th_and_2nd_St_4/DT_10th_and_2nd_St_4_20260528T151000.jpg,illegal_dumping,done,2026-06-02T11:08:46.929988+00:00,0.036,0.842,0.88,,nvidia/cosmos-reason2-8b,"DUMPING PRESENT: Yes
ORDINANCE VIOLATION: Yes
WASTE TYPE: mixed
WASTE VOLUME: small (pickup truck)
WASTE ORIGIN: unknown
PROPERTY TYPE: right-of-way
ADDRESS MARKERS: NONE
GUTTER/ALLEY: Yes
WATER PROXIMITY: No
CHRONIC SITE: No
VEHICLES: NONE
IDENTIFIERS: NONE
SEVERITY: 1
ORDINANCE: Sec-46-45
PRIORITY: LOW
SUMMARY: A small amount of mixed waste is illegally dumped in a right-of-way, violating property owner liability under Sec. 46-45."
20260602T105528Z,DT_10th_and_2nd_St_4_20260528T152000.jpg,,,dataset_20260528/DT_10th_and_2nd_St_4/DT_10th_and_2nd_St_4_20260528T152000.jpg,illegal_dumping,done,2026-06-02T11:08:47.300701+00:00,0.039,0.701,0.744,,nvidia/cosmos-reason2-8b,"DUMPING PRESENT: No
ORDINANCE VIOLATION: No
WASTE TYPE: mixed
WASTE VOLUME: small (pickup truck)
WASTE ORIGIN: residential
PROPERTY TYPE: alley
ADDRESS MARKERS: NONE
GUTTER/ALLEY: Yes
WATER PROXIMITY: No
CHRONIC SITE: No
VEHICLES: NONE
IDENTIFIERS: NONE
SEVERITY: 1
ORDINANCE: N/A
PRIORITY: LOW
SUMMARY: No illegal dumping detected in the alleyway; the area appears clean with no visible waste or debris."
20260602T105528Z,DT_10th_and_2nd_St_4_20260528T153000.jpg,,,dataset_20260528/DT_10th_and_2nd_St_4/DT_10th_and_2nd_St_4_20260528T153000.jpg,illegal_dumping,done,2026-06-02T11:08:47.365073+00:00,0.035,0.811,0.849,,nvidia/cosmos-reason2-8b,"DUMPING PRESENT: No
ORDINANCE VIOLATION: No
WASTE TYPE: mixed
WASTE VOLUME: small (pickup truck)
WASTE ORIGIN: residential
PROPERTY TYPE: alley
ADDRESS MARKERS: NONE
GUTTER/ALLEY: Yes
WATER PROXIMITY: No
CHRONIC SITE: No
VEHICLES: NONE
IDENTIFIERS: NONE
SEVERITY: 1
ORDINANCE: N/A
PRIORITY: LOW
SUMMARY: No illegal dumping detected in the alleyway; the area appears clean with no visible waste or debris."
20260602T105528Z,DT_10th_and_2nd_St_4_20260528T154000.jpg,,,dataset_20260528/DT_10th_and_2nd_St_4/DT_10th_and_2nd_St_4_20260528T154000.jpg,illegal_dumping,done,2026-06-02T11:08:47.650940+00:00,0.036,0.767,0.806,,nvidia/cosmos-reason2-8b,"DUMPING PRESENT: No
ORDINANCE VIOLATION: No
WASTE TYPE: mixed
WASTE VOLUME: small (pickup truck)
WASTE ORIGIN: residential
PROPERTY TYPE: vacant-lot
ADDRESS MARKERS: NONE
GUTTER/ALLEY: No
WATER PROXIMITY: No
CHRONIC SITE: No
VEHICLES: NONE
IDENTIFIERS: NONE
SEVERITY: 1
ORDINANCE: N/A
PRIORITY: LOW
SUMMARY: No illegal dumping detected; the image shows a green pole on a vacant lot with no visible waste or debris."
20260602T105528Z,DT_10th_and_2nd_St_4_20260528T155000.jpg,,,dataset_20260528/DT_10th_and_2nd_St_4/DT_10th_and_2nd_St_4_20260528T155000.jpg,illegal_dumping,done,2026-06-02T11:08:47.812942+00:00,0.036,0.794,0.833,,nvidia/cosmos-reason2-8b,"DUMPING PRESENT: Yes
ORDINANCE VIOLATION: Yes
WASTE TYPE: mixed
WASTE VOLUME: small (pickup truck)
WASTE ORIGIN: residential
PROPERTY TYPE: alley
ADDRESS MARKERS: NONE
GUTTER/ALLEY: Yes
WATER PROXIMITY: No
CHRONIC SITE: No
VEHICLES: NONE
IDENTIFIERS: NONE
SEVERITY: 1
ORDINANCE: Sec-46-45
PRIORITY: LOW
SUMMARY: A small pile of mixed waste is located in an alley, which is considered illegal dumping on private property according to Sec. 46-45.
"
20260602T105528Z,DT_10th_and_2nd_St_4_20260528T160000.jpg,,,dataset_20260528/DT_10th_and_2nd_St_4/DT_10th_and_2nd_St_4_20260528T160000.jpg,illegal_dumping,done,2026-06-02T11:08:48.047414+00:00,0.037,0.652,0.693,,nvidia/cosmos-reason2-8b,"DUMPING PRESENT: No
ORDINANCE VIOLATION: No
WASTE TYPE: mixed
WASTE VOLUME: small (pickup truck)
WASTE ORIGIN: residential
PROPERTY TYPE: alley
ADDRESS MARKERS: NONE
GUTTER/ALLEY: Yes
WATER PROXIMITY: No
CHRONIC SITE: No
VEHICLES: NONE
IDENTIFIERS: NONE
SEVERITY: 1
ORDINANCE: N/A
PRIORITY: LOW
SUMMARY: No illegal dumping observed in the alleyway."
20260602T105528Z,DT_10th_and_2nd_St_4_20260528T161000.jpg,,,dataset_20260528/DT_10th_and_2nd_St_4/DT_10th_and_2nd_St_4_20260528T161000.jpg,illegal_dumping,done,2026-06-02T11:08:48.216052+00:00,0.033,0.676,0.711,,nvidia/cosmos-reason2-8b,"DUMPING PRESENT: No
ORDINANCE VIOLATION: No
WASTE TYPE: mixed
WASTE VOLUME: small (pickup truck)
WASTE ORIGIN: residential
PROPERTY TYPE: vacant-lot
ADDRESS MARKERS: NONE
GUTTER/ALLEY: Yes
WATER PROXIMITY: No
CHRONIC SITE: No
VEHICLES: NONE
IDENTIFIERS: NONE
SEVERITY: 1
ORDINANCE: N/A
PRIORITY: LOW
SUMMARY: No illegal dumping detected in the scene."
20260602T105528Z,DT_10th_and_2nd_St_4_20260528T162000.jpg,,,dataset_20260528/DT_10th_and_2nd_St_4/DT_10th_and_2nd_St_4_20260528T162000.jpg,illegal_dumping,done,2026-06-02T11:08:48.459229+00:00,0.034,0.687,0.724,,nvidia/cosmos-reason2-8b,"DUMPING PRESENT: No
ORDINANCE VIOLATION: No
WASTE TYPE: mixed
WASTE VOLUME: small (pickup truck)
WASTE ORIGIN: residential
PROPERTY TYPE: alley
ADDRESS MARKERS: NONE
GUTTER/ALLEY: Yes
WATER PROXIMITY: No
CHRONIC SITE: No
VEHICLES: NONE
IDENTIFIERS: NONE
SEVERITY: 1
ORDINANCE: N/A
PRIORITY: LOW
SUMMARY: No illegal dumping detected in the alleyway; the area appears clean with no visible waste or debris."
20260602T105528Z,DT_10th_and_2nd_St_4_20260528T163000.jpg,,,dataset_20260528/DT_10th_and_2nd_St_4/DT_10th_and_2nd_St_4_20260528T163000.jpg,illegal_dumping,done,2026-06-02T11:08:48.648465+00:00,0.034,0.72,0.756,,nvidia/cosmos-reason2-8b,"DUMPING PRESENT: No
ORDINANCE VIOLATION: No
WASTE TYPE: mixed
WASTE VOLUME: small (pickup truck)
WASTE ORIGIN: residential
PROPERTY TYPE: alley
ADDRESS MARKERS: NONE
GUTTER/ALLEY: Yes
WATER PROXIMITY: No
CHRONIC SITE: No
VEHICLES: NONE
IDENTIFIERS: NONE
SEVERITY: 1
ORDINANCE: N/A
PRIORITY: LOW
SUMMARY: No illegal dumping detected in the alleyway; the area appears clean with no visible waste or debris."
20260602T105528Z,DT_10th_and_2nd_St_4_20260528T164000.jpg,,,dataset_20260528/DT_10th_and_2nd_St_4/DT_10th_and_2nd_St_4_20260528T164000.jpg,illegal_dumping,done,2026-06-02T11:08:48.742886+00:00,0.038,0.737,0.778,,nvidia/cosmos-reason2-8b,"DUMPING PRESENT: No
ORDINANCE VIOLATION: No
WASTE TYPE: mixed
WASTE VOLUME: small (pickup truck)
WASTE ORIGIN: residential
PROPERTY TYPE: vacant-lot
ADDRESS MARKERS: NONE
GUTTER/ALLEY: No
WATER PROXIMITY: No
CHRONIC SITE: No
VEHICLES: NONE
IDENTIFIERS: NONE
SEVERITY: 1
ORDINANCE: N/A
PRIORITY: LOW
SUMMARY: No illegal dumping detected in the scene."
20260602T105528Z,DT_10th_and_2nd_St_4_20260528T165000.jpg,,,dataset_20260528/DT_10th_and_2nd_St_4/DT_10th_and_2nd_St_4_20260528T165000.jpg,illegal_dumping,done,2026-06-02T11:08:48.929598+00:00,0.035,0.836,0.873,,nvidia/cosmos-reason2-8b,"DUMPING PRESENT: No
ORDINANCE VIOLATION: No
WASTE TYPE: mixed
WASTE VOLUME: small (pickup truck)
WASTE ORIGIN: residential
PROPERTY TYPE: alley
ADDRESS MARKERS: NONE
GUTTER/ALLEY: Yes
WATER PROXIMITY: No
CHRONIC SITE: No
VEHICLES: NONE
IDENTIFIERS: NONE
SEVERITY: 1
ORDINANCE: N/A
PRIORITY: LOW
SUMMARY: No illegal dumping detected in the alleyway; the area appears clean with no visible waste or debris."
20260602T105528Z,DT_10th_and_2nd_St_4_20260528T170000.jpg,,,dataset_20260528/DT_10th_and_2nd_St_4/DT_10th_and_2nd_St_4_20260528T170000.jpg,illegal_dumping,done,2026-06-02T11:08:49.185499+00:00,0.036,0.748,0.787,,nvidia/cosmos-reason2-8b,"DUMPING PRESENT: No
ORDINANCE VIOLATION: No
WASTE TYPE: mixed
WASTE VOLUME: small (pickup truck)
WASTE ORIGIN: residential
PROPERTY TYPE: alley
ADDRESS MARKERS: NONE
GUTTER/ALLEY: Yes
WATER PROXIMITY: No
CHRONIC SITE: No
VEHICLES: NONE
IDENTIFIERS: NONE
SEVERITY: 1
ORDINANCE: N/A
PRIORITY: LOW
SUMMARY: No illegal dumping detected in the alleyway; the area appears clean with no visible waste or debris."
20260602T105528Z,DT_10th_and_2nd_St_4_20260528T171000.jpg,,,dataset_20260528/DT_10th_and_2nd_St_4/DT_10th_and_2nd_St_4_20260528T171000.jpg,illegal_dumping,done,2026-06-02T11:08:49.407272+00:00,0.034,0.674,0.709,,nvidia/cosmos-reason2-8b,"DUMPING PRESENT: No
ORDINANCE VIOLATION: No
WASTE TYPE:
WASTE VOLUME:
WASTE ORIGIN:
PROPERTY TYPE: vacant-lot
ADDRESS MARKERS: NONE
GUTTER/ALLEY: No
WATER PROXIMITY: No
CHRONIC SITE: No
VEHICLES: NONE
IDENTIFIERS: NONE
SEVERITY: 1
ORDINANCE: N/A
PRIORITY: LOW
SUMMARY: No illegal dumping detected in the scene."
20260602T105528Z,DT_10th_and_2nd_St_4_20260528T172000.jpg,,,dataset_20260528/DT_10th_and_2nd_St_4/DT_10th_and_2nd_St_4_20260528T172000.jpg,illegal_dumping,done,2026-06-02T11:08:49.523016+00:00,0.034,0.705,0.741,,nvidia/cosmos-reason2-8b,"DUMPING PRESENT: No
ORDINANCE VIOLATION: No
WASTE TYPE: mixed
WASTE VOLUME: small (pickup truck)
WASTE ORIGIN: residential
PROPERTY TYPE: vacant-lot
ADDRESS MARKERS: NONE
GUTTER/ALLEY: No
WATER PROXIMITY: No
CHRONIC SITE: No
VEHICLES: NONE
IDENTIFIERS: NONE
SEVERITY: 1
ORDINANCE: N/A
PRIORITY: LOW
SUMMARY: No illegal dumping is observed in the video."
20260602T105528Z,DT_10th_and_2nd_St_4_20260528T180000.jpg,,,dataset_20260528/DT_10th_and_2nd_St_4/DT_10th_and_2nd_St_4_20260528T180000.jpg,illegal_dumping,done,2026-06-02T11:08:49.805753+00:00,0.035,0.66,0.697,,nvidia/cosmos-reason2-8b,"DUMPING PRESENT: No
ORDINANCE VIOLATION: No
WASTE TYPE: mixed
WASTE VOLUME: small (pickup truck)
WASTE ORIGIN: residential
PROPERTY TYPE: alley
ADDRESS MARKERS: NONE
GUTTER/ALLEY: Yes
WATER PROXIMITY: No
CHRONIC SITE: No
VEHICLES: NONE
IDENTIFIERS: NONE
SEVERITY: 1
ORDINANCE: N/A
PRIORITY: LOW
SUMMARY: No illegal dumping detected in the alleyway; the area appears clean with no visible waste or debris."
20260602T105528Z,DT_10th_and_2nd_St_4_20260528T181000.jpg,,,dataset_20260528/DT_10th_and_2nd_St_4/DT_10th_and_2nd_St_4_20260528T181000.jpg,illegal_dumping,done,2026-06-02T11:08:49.974866+00:00,0.032,0.69,0.724,,nvidia/cosmos-reason2-8b,"DUMPING PRESENT: No
ORDINANCE VIOLATION: No
WASTE TYPE: mixed
WASTE VOLUME: small (pickup truck)
WASTE ORIGIN: residential
PROPERTY TYPE: alley
ADDRESS MARKERS: NONE
GUTTER/ALLEY: Yes
WATER PROXIMITY: No
CHRONIC SITE: No
VEHICLES: NONE
IDENTIFIERS: NONE
SEVERITY: 1
ORDINANCE: N/A
PRIORITY: LOW
SUMMARY: No illegal dumping detected in the alleyway; the area appears clean with no visible waste or debris."
20260602T105528Z,DT_10th_and_2nd_St_4_20260528T182000.jpg,,,dataset_20260528/DT_10th_and_2nd_St_4/DT_10th_and_2nd_St_4_20260528T182000.jpg,illegal_dumping,done,2026-06-02T11:08:50.119098+00:00,0.031,0.737,0.77,,nvidia/cosmos-reason2-8b,"DUMPING PRESENT: No
ORDINANCE VIOLATION: No
WASTE TYPE: mixed
WASTE VOLUME: small (pickup truck)
WASTE ORIGIN: residential
PROPERTY TYPE: alley
ADDRESS MARKERS: NONE
GUTTER/ALLEY: Yes
WATER PROXIMITY: No
CHRONIC SITE: No
VEHICLES: NONE
IDENTIFIERS: NONE
SEVERITY: 1
ORDINANCE: N/A
PRIORITY: LOW
SUMMARY: No illegal dumping detected in the alleyway; the area appears clean with no visible waste or debris."
20260602T105528Z,DT_10th_and_2nd_St_4_20260528T183000.jpg,,,dataset_20260528/DT_10th_and_2nd_St_4/DT_10th_and_2nd_St_4_20260528T183000.jpg,illegal_dumping,done,2026-06-02T11:08:50.267319+00:00,0.041,0.751,0.795,,nvidia/cosmos-reason2-8b,"DUMPING PRESENT: No
ORDINANCE VIOLATION: No
WASTE TYPE: mixed
WASTE VOLUME: small (pickup truck)
WASTE ORIGIN: residential
PROPERTY TYPE: alley
ADDRESS MARKERS: NONE
GUTTER/ALLEY: Yes
WATER PROXIMITY: No
CHRONIC SITE: No
VEHICLES: NONE
IDENTIFIERS: NONE
SEVERITY: 1
ORDINANCE: N/A
PRIORITY: LOW
SUMMARY: No illegal dumping detected in the alleyway."
20260602T105528Z,DT_10th_and_2nd_St_4_20260528T184000.jpg,,,dataset_20260528/DT_10th_and_2nd_St_4/DT_10th_and_2nd_St_4_20260528T184000.jpg,illegal_dumping,done,2026-06-02T11:08:50.504972+00:00,0.034,0.773,0.809,,nvidia/cosmos-reason2-8b,"DUMPING PRESENT: No
ORDINANCE VIOLATION: No
WASTE TYPE: <none detected>
WASTE VOLUME: <not applicable>
WASTE ORIGIN: <unknown>
PROPERTY TYPE: vacant-lot
ADDRESS MARKERS: NONE
GUTTER/ALLEY: Yes
WATER PROXIMITY: No
CHRONIC SITE: No
VEHICLES: NONE
IDENTIFIERS: <none>
SEVERITY: 1
ORDINANCE: N/A
PRIORITY: LOW
SUMMARY: No illegal dumping observed; the area appears to be a vacant lot with natural vegetation and a wall on one side."
20260602T105528Z,DT_10th_and_2nd_St_4_20260528T185000.jpg,,,dataset_20260528/DT_10th_and_2nd_St_4/DT_10th_and_2nd_St_4_20260528T185000.jpg,illegal_dumping,done,2026-06-02T11:08:50.700937+00:00,0.034,0.759,0.796,,nvidia/cosmos-reason2-8b,"DUMPING PRESENT: Yes
ORDINANCE VIOLATION: Yes
WASTE TYPE: mixed
WASTE VOLUME: small (pickup truck)
WASTE ORIGIN: residential
PROPERTY TYPE: vacant-lot
ADDRESS MARKERS: NONE
GUTTER/ALLEY: Yes
WATER PROXIMITY: No
CHRONIC SITE: No
VEHICLES: NONE
IDENTIFIERS: NONE
SEVERITY: 2
ORDINANCE: Sec-46-45
PRIORITY: MEDIUM
SUMMARY: Illegal dumping of mixed waste is observed in a vacant lot, violating property owner liability under Sec-46-45."
20260602T105528Z,DT_10th_and_2nd_St_4_20260528T190000.jpg,,,dataset_20260528/DT_10th_and_2nd_St_4/DT_10th_and_2nd_St_4_20260528T190000.jpg,illegal_dumping,done,2026-06-02T11:08:50.891982+00:00,0.034,0.776,0.814,,nvidia/cosmos-reason2-8b,"DUMPING PRESENT: No
ORDINANCE VIOLATION: No
WASTE TYPE: mixed
WASTE VOLUME: small (pickup truck)
WASTE ORIGIN: residential
PROPERTY TYPE: vacant-lot
ADDRESS MARKERS: NONE
GUTTER/ALLEY: No
WATER PROXIMITY: No
CHRONIC SITE: No
VEHICLES: NONE
IDENTIFIERS: NONE
SEVERITY: 1
ORDINANCE: N/A
PRIORITY: LOW
SUMMARY: No illegal dumping observed; the area appears to be a natural, undisturbed vacant lot with no visible waste or debris."
20260602T105528Z,DT_10th_and_2nd_St_4_20260528T191000.jpg,,,dataset_20260528/DT_10th_and_2nd_St_4/DT_10th_and_2nd_St_4_20260528T191000.jpg,illegal_dumping,done,2026-06-02T11:08:51.065086+00:00,0.036,0.723,0.762,,nvidia/cosmos-reason2-8b,"DUMPING PRESENT: No
ORDINANCE VIOLATION: No
WASTE TYPE: mixed
WASTE VOLUME: small (pickup truck)
WASTE ORIGIN: residential
PROPERTY TYPE: vacant-lot
ADDRESS MARKERS: NONE
GUTTER/ALLEY: No
WATER PROXIMITY: No
CHRONIC SITE: No
VEHICLES: NONE
IDENTIFIERS: NONE
SEVERITY: 1
ORDINANCE: N/A
PRIORITY: LOW
SUMMARY: No illegal dumping detected; the area appears to be a natural, undisturbed landscape with no visible waste or debris."
20260602T105528Z,DT_10th_and_2nd_St_4_20260528T192000.jpg,,,dataset_20260528/DT_10th_and_2nd_St_4/DT_10th_and_2nd_St_4_20260528T192000.jpg,illegal_dumping,done,2026-06-02T11:08:51.317186+00:00,0.033,0.715,0.751,,nvidia/cosmos-reason2-8b,"DUMPING PRESENT: No
ORDINANCE VIOLATION: No
WASTE TYPE: mixed
WASTE VOLUME: small (pickup truck)
WASTE ORIGIN: residential
PROPERTY TYPE: vacant-lot
ADDRESS MARKERS: NONE
GUTTER/ALLEY: No
WATER PROXIMITY: No
CHRONIC SITE: No
VEHICLES: NONE
IDENTIFIERS: NONE
SEVERITY: 1
ORDINANCE: N/A
PRIORITY: LOW
SUMMARY: No illegal dumping detected; the area appears to be a vacant lot with natural vegetation and no visible waste or debris."
20260602T105528Z,DT_10th_and_2nd_St_4_20260528T193000.jpg,,,dataset_20260528/DT_10th_and_2nd_St_4/DT_10th_and_2nd_St_4_20260528T193000.jpg,illegal_dumping,done,2026-06-02T11:08:51.499313+00:00,0.035,0.759,0.797,,nvidia/cosmos-reason2-8b,"DUMPING PRESENT: Yes
ORDINANCE VIOLATION: Yes
WASTE TYPE: mixed
WASTE VOLUME: small (pickup truck)
WASTE ORIGIN: unknown
PROPERTY TYPE: vacant-lot
ADDRESS MARKERS: NONE
GUTTER/ALLEY: Yes
WATER PROXIMITY: No
CHRONIC SITE: No
VEHICLES: NONE
IDENTIFIERS: NONE
SEVERITY: 2
ORDINANCE: Sec-46-45
PRIORITY: MEDIUM
SUMMARY: A small pile of mixed waste is illegally dumped on a dirt path in a vacant lot, violating property owner liability under Sec-46-45.
"
20260602T105528Z,DT_10th_and_2nd_St_4_20260528T194000.jpg,,,dataset_20260528/DT_10th_and_2nd_St_4/DT_10th_and_2nd_St_4_20260528T194000.jpg,illegal_dumping,done,2026-06-02T11:08:51.708180+00:00,0.035,0.763,0.8,,nvidia/cosmos-reason2-8b,"DUMPING PRESENT: Yes
ORDINANCE VIOLATION: Yes
WASTE TYPE: mixed
WASTE VOLUME: small (pickup truck)
WASTE ORIGIN: residential
PROPERTY TYPE: alley
ADDRESS MARKERS: NONE
GUTTER/ALLEY: Yes
WATER PROXIMITY: No
CHRONIC SITE: No
VEHICLES: NONE
IDENTIFIERS: NONE
SEVERITY: 1
ORDINANCE: Sec-46-45
PRIORITY: LOW
SUMMARY: A small amount of mixed waste is illegally dumped in an alley, violating Brownsville's property owner liability ordinance."
20260602T105528Z,DT_10th_and_2nd_St_4_20260528T195000.jpg,,,dataset_20260528/DT_10th_and_2nd_St_4/DT_10th_and_2nd_St_4_20260528T195000.jpg,illegal_dumping,done,2026-06-02T11:08:51.829165+00:00,0.035,0.743,0.781,,nvidia/cosmos-reason2-8b,"DUMPING PRESENT: No
ORDINANCE VIOLATION: No
WASTE TYPE: mixed
WASTE VOLUME: small (pickup truck)
WASTE ORIGIN: residential
PROPERTY TYPE: alley
ADDRESS MARKERS: NONE
GUTTER/ALLEY: Yes
WATER PROXIMITY: No
CHRONIC SITE: No
VEHICLES: NONE
IDENTIFIERS: NONE
SEVERITY: 1
ORDINANCE: N/A
PRIORITY: LOW
SUMMARY: No illegal dumping detected in the alleyway; the area appears clean with no visible waste or debris."
20260602T105528Z,DT_10th_and_2nd_St_4_20260528T200000.jpg,,,dataset_20260528/DT_10th_and_2nd_St_4/DT_10th_and_2nd_St_4_20260528T200000.jpg,illegal_dumping,done,2026-06-02T11:08:52.070573+00:00,0.043,0.681,0.726,,nvidia/cosmos-reason2-8b,"DUMPING PRESENT: No
ORDINANCE VIOLATION: No
WASTE TYPE: mixed
WASTE VOLUME: small (pickup truck)
WASTE ORIGIN: residential
PROPERTY TYPE: alley
ADDRESS MARKERS: NONE
GUTTER/ALLEY: Yes
WATER PROXIMITY: No
CHRONIC SITE: No
VEHICLES: NONE
IDENTIFIERS: NONE
SEVERITY: 1
ORDINANCE: N/A
PRIORITY: LOW
SUMMARY: No illegal dumping detected in the alleyway; the area appears clean with no visible waste or debris."
20260602T105528Z,DT_10th_and_2nd_St_4_20260528T201000.jpg,,,dataset_20260528/DT_10th_and_2nd_St_4/DT_10th_and_2nd_St_4_20260528T201000.jpg,illegal_dumping,done,2026-06-02T11:08:52.298858+00:00,0.033,0.727,0.762,,nvidia/cosmos-reason2-8b,"DUMPING PRESENT: No
ORDINANCE VIOLATION: No
WASTE TYPE: <none detected>
WASTE VOLUME: <not applicable>
WASTE ORIGIN: <unknown>
PROPERTY TYPE: right-of-way
ADDRESS MARKERS: NONE
GUTTER/ALLEY: Yes
WATER PROXIMITY: No
CHRONIC SITE: No
VEHICLES: NONE
IDENTIFIERS: NONE
SEVERITY: 1
ORDINANCE: N/A
PRIORITY: LOW
SUMMARY: No illegal dumping observed; the area appears clean with no visible waste or debris."
20260602T105528Z,DT_10th_and_2nd_St_4_20260528T202000.jpg,,,dataset_20260528/DT_10th_and_2nd_St_4/DT_10th_and_2nd_St_4_20260528T202000.jpg,illegal_dumping,done,2026-06-02T11:08:52.510904+00:00,0.035,0.793,0.83,,nvidia/cosmos-reason2-8b,"DUMPING PRESENT: No
ORDINANCE VIOLATION: No
WASTE TYPE: mixed
WASTE VOLUME: small (pickup truck)
WASTE ORIGIN: residential
PROPERTY TYPE: alley
ADDRESS MARKERS: NONE
GUTTER/ALLEY: Yes
WATER PROXIMITY: No
CHRONIC SITE: No
VEHICLES: NONE
IDENTIFIERS: NONE
SEVERITY: 1
ORDINANCE: N/A
PRIORITY: LOW
SUMMARY: No illegal dumping detected in the alleyway; the area appears clean with no visible waste or debris."
20260602T105528Z,DT_10th_and_2nd_St_4_20260528T203000.jpg,,,dataset_20260528/DT_10th_and_2nd_St_4/DT_10th_and_2nd_St_4_20260528T203000.jpg,illegal_dumping,done,2026-06-02T11:08:52.612570+00:00,0.038,0.829,0.869,,nvidia/cosmos-reason2-8b,"DUMPING PRESENT: No
ORDINANCE VIOLATION: No
WASTE TYPE: mixed
WASTE VOLUME: small
WASTE ORIGIN: residential
PROPERTY TYPE: alley
ADDRESS MARKERS: NONE
GUTTER/ALLEY: Yes
WATER PROXIMITY: No
CHRONIC SITE: No
VEHICLES: NONE
IDENTIFIERS: NONE
SEVERITY: 1
ORDINANCE: N/A
PRIORITY: LOW
SUMMARY: No illegal dumping observed; the area appears to be a narrow alley with vegetation and a wall, no waste or debris visible."
20260602T105528Z,DT_10th_and_2nd_St_4_20260528T204000.jpg,,,dataset_20260528/DT_10th_and_2nd_St_4/DT_10th_and_2nd_St_4_20260528T204000.jpg,illegal_dumping,done,2026-06-02T11:08:52.799463+00:00,0.035,0.77,0.808,,nvidia/cosmos-reason2-8b,"DUMPING PRESENT: No
ORDINANCE VIOLATION: No
WASTE TYPE: mixed
WASTE VOLUME: small (pickup truck)
WASTE ORIGIN: residential
PROPERTY TYPE: alley
ADDRESS MARKERS: NONE
GUTTER/ALLEY: Yes
WATER PROXIMITY: No
CHRONIC SITE: No
VEHICLES: NONE
IDENTIFIERS: NONE
SEVERITY: 1
ORDINANCE: N/A
PRIORITY: LOW
SUMMARY: No illegal dumping observed in the alleyway."
20260602T105528Z,DT_10th_and_2nd_St_4_20260528T205000.jpg,,,dataset_20260528/DT_10th_and_2nd_St_4/DT_10th_and_2nd_St_4_20260528T205000.jpg,illegal_dumping,done,2026-06-02T11:08:53.063520+00:00,0.036,0.678,0.717,,nvidia/cosmos-reason2-8b,"DUMPING PRESENT: No
ORDINANCE VIOLATION: No
WASTE TYPE: mixed
WASTE VOLUME: small (pickup truck)
WASTE ORIGIN: residential
PROPERTY TYPE: alley
ADDRESS MARKERS: NONE
GUTTER/ALLEY: Yes
WATER PROXIMITY: No
CHRONIC SITE: No
VEHICLES: NONE
IDENTIFIERS: NONE
SEVERITY: 1
ORDINANCE: N/A
PRIORITY: LOW
SUMMARY: No illegal dumping detected in the alleyway."
20260602T105528Z,DT_10th_and_2nd_St_4_20260528T210000.jpg,,,dataset_20260528/DT_10th_and_2nd_St_4/DT_10th_and_2nd_St_4_20260528T210000.jpg,illegal_dumping,done,2026-06-02T11:08:53.344005+00:00,0.039,0.731,0.773,,nvidia/cosmos-reason2-8b,"DUMPING PRESENT: No
ORDINANCE VIOLATION: No
WASTE TYPE: mixed
WASTE VOLUME: small (pickup truck)
WASTE ORIGIN: residential
PROPERTY TYPE: alley
ADDRESS MARKERS: NONE
GUTTER/ALLEY: Yes
WATER PROXIMITY: No
CHRONIC SITE: No
VEHICLES: NONE
IDENTIFIERS: NONE
SEVERITY: 1
ORDINANCE: N/A
PRIORITY: LOW
SUMMARY: No illegal dumping observed in the alleyway."
20260602T105528Z,DT_10th_and_2nd_St_4_20260528T211000.jpg,,,dataset_20260528/DT_10th_and_2nd_St_4/DT_10th_and_2nd_St_4_20260528T211000.jpg,illegal_dumping,done,2026-06-02T11:08:53.484130+00:00,0.034,0.722,0.758,,nvidia/cosmos-reason2-8b,"DUMPING PRESENT: No
ORDINANCE VIOLATION: No
WASTE TYPE: mixed
WASTE VOLUME: small (pickup truck)
WASTE ORIGIN: residential
PROPERTY TYPE: alley
ADDRESS MARKERS: NONE
GUTTER/ALLEY: Yes
WATER PROXIMITY: No
CHRONIC SITE: No
VEHICLES: NONE
IDENTIFIERS: NONE
SEVERITY: 1
ORDINANCE: N/A
PRIORITY: LOW
SUMMARY: No illegal dumping detected in the alleyway."
20260602T105528Z,DT_10th_and_2nd_St_4_20260528T212000.jpg,,,dataset_20260528/DT_10th_and_2nd_St_4/DT_10th_and_2nd_St_4_20260528T212000.jpg,illegal_dumping,done,2026-06-02T11:08:53.609443+00:00,0.025,0.823,0.85,,nvidia/cosmos-reason2-8b,"DUMPING PRESENT: No
ORDINANCE VIOLATION: No
WASTE TYPE: mixed
WASTE VOLUME: small (pickup truck)
WASTE ORIGIN: residential
PROPERTY TYPE: alley
ADDRESS MARKERS: NONE
GUTTER/ALLEY: Yes
WATER PROXIMITY: No
CHRONIC SITE: No
VEHICLES: NONE
IDENTIFIERS: NONE
SEVERITY: 1
ORDINANCE: N/A
PRIORITY: LOW
SUMMARY: No illegal dumping detected in the alleyway; the scene appears clear with no visible waste or debris."
20260602T105528Z,DT_10th_and_2nd_St_4_20260528T213000.jpg,,,dataset_20260528/DT_10th_and_2nd_St_4/DT_10th_and_2nd_St_4_20260528T213000.jpg,illegal_dumping,done,2026-06-02T11:08:53.782787+00:00,0.035,0.831,0.869,,nvidia/cosmos-reason2-8b,"DUMPING PRESENT: No
ORDINANCE VIOLATION: No
WASTE TYPE: mixed
WASTE VOLUME: small (pickup truck)
WASTE ORIGIN: residential
PROPERTY TYPE: alley
ADDRESS MARKERS: NONE
GUTTER/ALLEY: Yes
WATER PROXIMITY: No
CHRONIC SITE: No
VEHICLES: NONE
IDENTIFIERS: NONE
SEVERITY: 1
ORDINANCE: N/A
PRIORITY: LOW
SUMMARY: No illegal dumping detected in the alleyway; the scene appears clean with no visible waste or debris."
20260602T105528Z,DT_10th_and_2nd_St_4_20260528T214000.jpg,,,dataset_20260528/DT_10th_and_2nd_St_4/DT_10th_and_2nd_St_4_20260528T214000.jpg,illegal_dumping,done,2026-06-02T11:08:54.119875+00:00,0.035,0.708,0.746,,nvidia/cosmos-reason2-8b,"DUMPING PRESENT: No
ORDINANCE VIOLATION: No
WASTE TYPE: mixed
WASTE VOLUME: small (pickup truck)
WASTE ORIGIN: residential
PROPERTY TYPE: alley
ADDRESS MARKERS: NONE
GUTTER/ALLEY: Yes
WATER PROXIMITY: No
CHRONIC SITE: No
VEHICLES: NONE
IDENTIFIERS: NONE
SEVERITY: 1
ORDINANCE: N/A
PRIORITY: LOW
SUMMARY: No illegal dumping detected in the alleyway; the scene appears to be a natural outdoor area with no visible waste or debris."
20260602T105528Z,DT_10th_and_2nd_St_4_20260528T215000.jpg,,,dataset_20260528/DT_10th_and_2nd_St_4/DT_10th_and_2nd_St_4_20260528T215000.jpg,illegal_dumping,done,2026-06-02T11:08:54.244957+00:00,0.033,0.708,0.744,,nvidia/cosmos-reason2-8b,"DUMPING PRESENT: No
ORDINANCE VIOLATION: No
WASTE TYPE: mixed
WASTE VOLUME: small (pickup truck)
WASTE ORIGIN: residential
PROPERTY TYPE: alley
ADDRESS MARKERS: NONE
GUTTER/ALLEY: Yes
WATER PROXIMITY: No
CHRONIC SITE: No
VEHICLES: NONE
IDENTIFIERS: NONE
SEVERITY: 1
ORDINANCE: N/A
PRIORITY: LOW
SUMMARY: No illegal dumping observed in the alleyway; the area appears clear with no visible waste or debris."
20260602T105528Z,DT_10th_and_2nd_St_4_20260528T220000.jpg,,,dataset_20260528/DT_10th_and_2nd_St_4/DT_10th_and_2nd_St_4_20260528T220000.jpg,illegal_dumping,done,2026-06-02T11:08:54.463009+00:00,0.037,0.718,0.757,,nvidia/cosmos-reason2-8b,"DUMPING PRESENT: No
ORDINANCE VIOLATION: No
WASTE TYPE: mixed
WASTE VOLUME: small (pickup truck)
WASTE ORIGIN: residential
PROPERTY TYPE: alley
ADDRESS MARKERS: NONE
GUTTER/ALLEY: Yes
WATER PROXIMITY: No
CHRONIC SITE: No
VEHICLES: NONE
IDENTIFIERS: NONE
SEVERITY: 1
ORDINANCE: N/A
PRIORITY: LOW
SUMMARY: No illegal dumping detected in the alley; the scene appears to be a natural outdoor environment with no visible waste or debris."
20260602T105528Z,DT_10th_and_2nd_St_4_20260528T221000.jpg,,,dataset_20260528/DT_10th_and_2nd_St_4/DT_10th_and_2nd_St_4_20260528T221000.jpg,illegal_dumping,done,2026-06-02T11:08:54.654232+00:00,0.035,0.644,0.68,,nvidia/cosmos-reason2-8b,"DUMPING PRESENT: No
ORDINANCE VIOLATION: No
WASTE TYPE: mixed
WASTE VOLUME: small (pickup truck)
WASTE ORIGIN: residential
PROPERTY TYPE: alley
ADDRESS MARKERS: NONE
GUTTER/ALLEY: Yes
WATER PROXIMITY: No
CHRONIC SITE: No
VEHICLES: NONE
IDENTIFIERS: NONE
SEVERITY: 1
ORDINANCE: N/A
PRIORITY: LOW
SUMMARY: No illegal dumping is observed in the alleyway."
20260602T105528Z,DT_10th_and_2nd_St_4_20260528T222000.jpg,,,dataset_20260528/DT_10th_and_2nd_St_4/DT_10th_and_2nd_St_4_20260528T222000.jpg,illegal_dumping,done,2026-06-02T11:08:54.867754+00:00,0.035,0.74,0.778,,nvidia/cosmos-reason2-8b,"DUMPING PRESENT: No
ORDINANCE VIOLATION: No
WASTE TYPE: mixed
WASTE VOLUME: small (pickup truck)
WASTE ORIGIN: residential
PROPERTY TYPE: alley
ADDRESS MARKERS: NONE
GUTTER/ALLEY: Yes
WATER PROXIMITY: No
CHRONIC SITE: No
VEHICLES: NONE
IDENTIFIERS: NONE
SEVERITY: 1
ORDINANCE: N/A
PRIORITY: LOW
SUMMARY: No illegal dumping is observed in the alleyway; the scene appears to be a natural outdoor area with no visible waste or debris."
20260602T105528Z,DT_10th_and_2nd_St_4_20260528T223000.jpg,,,dataset_20260528/DT_10th_and_2nd_St_4/DT_10th_and_2nd_St_4_20260528T223000.jpg,illegal_dumping,done,2026-06-02T11:08:54.991141+00:00,0.032,0.733,0.778,,nvidia/cosmos-reason2-8b,"DUMPING PRESENT: No
ORDINANCE VIOLATION: No
WASTE TYPE: mixed
WASTE VOLUME: small (pickup truck)
WASTE ORIGIN: residential
PROPERTY TYPE: alley
ADDRESS MARKERS: NONE
GUTTER/ALLEY: Yes
WATER PROXIMITY: No
CHRONIC SITE: No
VEHICLES: NONE
IDENTIFIERS: NONE
SEVERITY: 1
ORDINANCE: N/A
PRIORITY: LOW
SUMMARY: No illegal dumping is observed in the alleyway."
20260602T105528Z,DT_10th_and_2nd_St_4_20260528T224000.jpg,,,dataset_20260528/DT_10th_and_2nd_St_4/DT_10th_and_2nd_St_4_20260528T224000.jpg,illegal_dumping,done,2026-06-02T11:08:55.222591+00:00,0.031,0.66,0.693,,nvidia/cosmos-reason2-8b,"DUMPING PRESENT: No
ORDINANCE VIOLATION: No
WASTE TYPE: mixed
WASTE VOLUME: small (pickup truck)
WASTE ORIGIN: residential
PROPERTY TYPE: alley
ADDRESS MARKERS: NONE
GUTTER/ALLEY: Yes
WATER PROXIMITY: No
CHRONIC SITE: No
VEHICLES: NONE
IDENTIFIERS: NONE
SEVERITY: 1
ORDINANCE: N/A
PRIORITY: LOW
SUMMARY: No illegal dumping observed in the alleyway."
20260602T105528Z,DT_10th_and_2nd_St_4_20260528T225000.jpg,,,dataset_20260528/DT_10th_and_2nd_St_4/DT_10th_and_2nd_St_4_20260528T225000.jpg,illegal_dumping,done,2026-06-02T11:08:55.336577+00:00,0.031,0.756,0.79,,nvidia/cosmos-reason2-8b,"DUMPING PRESENT: No
ORDINANCE VIOLATION: No
WASTE TYPE: mixed
WASTE VOLUME: small
WASTE ORIGIN: residential
PROPERTY TYPE: alley
ADDRESS MARKERS: NONE
GUTTER/ALLEY: Yes
WATER PROXIMITY: No
CHRONIC SITE: No
VEHICLES: NONE
IDENTIFIERS: NONE
SEVERITY: 1
ORDINANCE: N/A
PRIORITY: LOW
SUMMARY: No illegal dumping observed in the alleyway; the area appears clear with no visible waste or debris."
20260602T105528Z,DT_10th_and_2nd_St_4_20260528T230000.jpg,,,dataset_20260528/DT_10th_and_2nd_St_4/DT_10th_and_2nd_St_4_20260528T230000.jpg,illegal_dumping,done,2026-06-02T11:08:55.648957+00:00,0.034,0.759,0.796,,nvidia/cosmos-reason2-8b,"DUMPING PRESENT: No
ORDINANCE VIOLATION: No
WASTE TYPE: mixed
WASTE VOLUME: small (pickup truck)
WASTE ORIGIN: residential
PROPERTY TYPE: alley
ADDRESS MARKERS: NONE
GUTTER/ALLEY: Yes
WATER PROXIMITY: No
CHRONIC SITE: No
VEHICLES: NONE
IDENTIFIERS: NONE
SEVERITY: 1
ORDINANCE: N/A
PRIORITY: LOW
SUMMARY: No illegal dumping detected in the alleyway; the scene appears to be a natural outdoor environment with no visible waste or debris."
20260602T105528Z,DT_10th_and_2nd_St_4_20260528T231000.jpg,,,dataset_20260528/DT_10th_and_2nd_St_4/DT_10th_and_2nd_St_4_20260528T231000.jpg,illegal_dumping,done,2026-06-02T11:08:55.771438+00:00,0.032,0.73,0.765,,nvidia/cosmos-reason2-8b,"DUMPING PRESENT: No
ORDINANCE VIOLATION: No
WASTE TYPE: mixed
WASTE VOLUME: small
WASTE ORIGIN: residential
PROPERTY TYPE: alley
ADDRESS MARKERS: NONE
GUTTER/ALLEY: Yes
WATER PROXIMITY: No
CHRONIC SITE: No
VEHICLES: NONE
IDENTIFIERS: NONE
SEVERITY: 1
ORDINANCE: N/A
PRIORITY: LOW
SUMMARY: No illegal dumping observed in the alleyway."
20260602T105528Z,DT_10th_and_2nd_St_4_20260528T232000.jpg,,,dataset_20260528/DT_10th_and_2nd_St_4/DT_10th_and_2nd_St_4_20260528T232000.jpg,illegal_dumping,done,2026-06-02T11:08:55.917570+00:00,0.032,0.787,0.822,,nvidia/cosmos-reason2-8b,"DUMPING PRESENT: No
ORDINANCE VIOLATION: No
WASTE TYPE: mixed
WASTE VOLUME: small (pickup truck)
WASTE ORIGIN: residential
PROPERTY TYPE: alley
ADDRESS MARKERS: NONE
GUTTER/ALLEY: Yes
WATER PROXIMITY: No
CHRONIC SITE: No
VEHICLES: NONE
IDENTIFIERS: NONE
SEVERITY: 1
ORDINANCE: N/A
PRIORITY: LOW
SUMMARY: No illegal dumping is observed in the alleyway."
20260602T105528Z,DT_10th_and_2nd_St_4_20260528T233000.jpg,,,dataset_20260528/DT_10th_and_2nd_St_4/DT_10th_and_2nd_St_4_20260528T233000.jpg,illegal_dumping,done,2026-06-02T11:08:56.129036+00:00,0.034,0.745,0.783,,nvidia/cosmos-reason2-8b,"DUMPING PRESENT: No
ORDINANCE VIOLATION: No
WASTE TYPE: mixed
WASTE VOLUME: small (pickup truck)
WASTE ORIGIN: residential
PROPERTY TYPE: alley
ADDRESS MARKERS: NONE
GUTTER/ALLEY: Yes
WATER PROXIMITY: No
CHRONIC SITE: No
VEHICLES: NONE
IDENTIFIERS: NONE
SEVERITY: 1
ORDINANCE: N/A
PRIORITY: LOW
SUMMARY: No illegal dumping detected in the alleyway; the scene appears clean with no visible waste or debris."
20260602T105528Z,DT_10th_and_2nd_St_4_20260528T234000.jpg,,,dataset_20260528/DT_10th_and_2nd_St_4/DT_10th_and_2nd_St_4_20260528T234000.jpg,illegal_dumping,done,2026-06-02T11:08:56.447672+00:00,0.033,0.729,0.764,,nvidia/cosmos-reason2-8b,"DUMPING PRESENT: No
ORDINANCE VIOLATION: No
WASTE TYPE: mixed
WASTE VOLUME: small (pickup truck)
WASTE ORIGIN: residential
PROPERTY TYPE: alley
ADDRESS MARKERS: NONE
GUTTER/ALLEY: Yes
WATER PROXIMITY: No
CHRONIC SITE: No
VEHICLES: NONE
IDENTIFIERS: NONE
SEVERITY: 1
ORDINANCE: N/A
PRIORITY: LOW
SUMMARY: No illegal dumping observed in the alleyway; the scene appears clear with no visible waste or debris."
20260602T105528Z,DT_10th_and_2nd_St_4_20260528T235000.jpg,,,dataset_20260528/DT_10th_and_2nd_St_4/DT_10th_and_2nd_St_4_20260528T235000.jpg,illegal_dumping,done,2026-06-02T11:08:56.538299+00:00,0.034,0.748,0.785,,nvidia/cosmos-reason2-8b,"DUMPING PRESENT: No
ORDINANCE VIOLATION: No
WASTE TYPE: mixed
WASTE VOLUME: small (pickup truck)
WASTE ORIGIN: residential
PROPERTY TYPE: alley
ADDRESS MARKERS: NONE
GUTTER/ALLEY: Yes
WATER PROXIMITY: No
CHRONIC SITE: No
VEHICLES: NONE
IDENTIFIERS: NONE
SEVERITY: 1
ORDINANCE: N/A
PRIORITY: LOW
SUMMARY: No illegal dumping observed; the alley appears clean with no visible waste or debris."
20260602T105528Z,DT_10th_and_Madison_Jefferson_1_20260528T000000.jpg,,,dataset_20260528/DT_10th_and_Madison_Jefferson_1/DT_10th_and_Madison_Jefferson_1_20260528T000000.jpg,illegal_dumping,done,2026-06-02T11:08:57.332932+00:00,0.131,1.329,1.485,,nvidia/cosmos-reason2-8b,"DUMPING PRESENT: Yes
ORDINANCE VIOLATION: Yes
WASTE TYPE: mixed
WASTE VOLUME: small (pickup truck)
WASTE ORIGIN: residential
PROPERTY TYPE: alley
ADDRESS MARKERS: NONE
GUTTER/ALLEY: Yes
WATER PROXIMITY: No
CHRONIC SITE: No
VEHICLES: NONE
IDENTIFIERS: NONE
SEVERITY: 2
ORDINANCE: Sec-46-45
PRIORITY: MEDIUM
SUMMARY: Illegal dumping is observed in the alley, with waste scattered across the area, violating property owner liability under Sec-46-45."
20260602T105528Z,DT_10th_and_Madison_Jefferson_1_20260528T001000.jpg,,,dataset_20260528/DT_10th_and_Madison_Jefferson_1/DT_10th_and_Madison_Jefferson_1_20260528T001000.jpg,illegal_dumping,done,2026-06-02T11:08:57.333901+00:00,0.132,1.369,1.526,,nvidia/cosmos-reason2-8b,"DUMPING PRESENT: Yes
ORDINANCE VIOLATION: Yes
WASTE TYPE: mixed
WASTE VOLUME: small (pickup truck)
WASTE ORIGIN: residential
PROPERTY TYPE: alley
ADDRESS MARKERS: NONE
GUTTER/ALLEY: Yes
WATER PROXIMITY: No
CHRONIC SITE: No
VEHICLES: NONE
IDENTIFIERS: NONE
SEVERITY: 2
ORDINANCE: Sec-46-45
PRIORITY: MEDIUM
SUMMARY: Illegal dumping is observed in the alley, with waste scattered across the area, potentially violating property owner liability under Sec-46-45.
"
20260602T105528Z,DT_10th_and_Madison_Jefferson_1_20260528T002000.jpg,,,dataset_20260528/DT_10th_and_Madison_Jefferson_1/DT_10th_and_Madison_Jefferson_1_20260528T002000.jpg,illegal_dumping,done,2026-06-02T11:08:57.334281+00:00,0.131,1.114,1.27,,nvidia/cosmos-reason2-8b,"```json
DUMPING PRESENT: Yes
ORDINANCE VIOLATION: Yes
WASTE TYPE: mixed
WASTE VOLUME: small (pickup truck)
WASTE ORIGIN: residential
PROPERTY TYPE: alley
ADDRESS MARKERS: NONE
GUTTER/ALLEY: Yes
WATER PROXIMITY: No
CHRONIC SITE: No
VEHICLES: NONE
IDENTIFIERS: NONE
SEVERITY: 2
ORDINANCE: Sec-46-45
PRIORITY: MEDIUM
SUMMARY: Illegal dumping is occurring in an alleyway, with waste materials visible on the ground; the property owner may be held liable under Sec-46-45 for failing to prevent the disposal of waste on their property.
```"
20260602T105528Z,DT_10th_and_Madison_Jefferson_1_20260528T003000.jpg,,,dataset_20260528/DT_10th_and_Madison_Jefferson_1/DT_10th_and_Madison_Jefferson_1_20260528T003000.jpg,illegal_dumping,done,2026-06-02T11:08:57.336797+00:00,0.131,1.369,1.522,,nvidia/cosmos-reason2-8b,"```json
{
  ""DUMPING PRESENT"": ""Yes"",
  ""ORDINANCE VIOLATION"": ""Yes"",
  ""WASTE TYPE"": [
    ""mixed""
  ],
  ""WASTE VOLUME"": ""small (pickup truck)"",
  ""WASTE ORIGIN"": ""residential"",
  ""PROPERTY TYPE"": ""vacant-lot"",
  ""ADDRESS MARKERS"": ""NONE"",
  ""GUTTER/ALLEY"": ""Yes"",
  ""WATER PROXIMITY"": ""No"",
  ""CHRONIC SITE"": ""No"",
  ""VEHICLES"": ""NONE"",
  ""IDENTIFIERS"": ""NONE"",
  ""SEVERITY"": 2,
  ""ORDINANCE"": ""Sec-46-45"",
  ""PRIORITY"": ""MEDIUM"",
  ""SUMMARY"": ""Illegal dumping of mixed waste is observed in a vacant lot, violating property owner liability under Sec. 46-45.""
}
```"
20260602T105528Z,DT_10th_and_Madison_Jefferson_1_20260528T004000.jpg,,,dataset_20260528/DT_10th_and_Madison_Jefferson_1/DT_10th_and_Madison_Jefferson_1_20260528T004000.jpg,illegal_dumping,done,2026-06-02T11:08:58.607910+00:00,0.037,0.733,0.772,,nvidia/cosmos-reason2-8b,"DUMPING PRESENT: Yes
ORDINANCE VIOLATION: Yes
WASTE TYPE: mixed
WASTE VOLUME: small (pickup truck)
WASTE ORIGIN: residential
PROPERTY TYPE: alley
ADDRESS MARKERS: NONE
GUTTER/ALLEY: Yes
WATER PROXIMITY: No
CHRONIC SITE: No
VEHICLES: NONE
IDENTIFIERS: NONE
SEVERITY: 1
ORDINANCE: Sec-46-45
PRIORITY: LOW
SUMMARY: A small amount of mixed waste is illegally dumped in an alley, violating Brownsville's property owner liability ordinance."
20260602T105528Z,DT_10th_and_Madison_Jefferson_1_20260528T005000.jpg,,,dataset_20260528/DT_10th_and_Madison_Jefferson_1/DT_10th_and_Madison_Jefferson_1_20260528T005000.jpg,illegal_dumping,done,2026-06-02T11:08:58.820406+00:00,0.041,0.826,0.87,,nvidia/cosmos-reason2-8b,"DUMPING PRESENT: Yes
ORDINANCE VIOLATION: Yes
WASTE TYPE: mixed
WASTE VOLUME: small (pickup truck)
WASTE ORIGIN: residential
PROPERTY TYPE: alley
ADDRESS MARKERS: NONE
GUTTER/ALLEY: Yes
WATER PROXIMITY: No
CHRONIC SITE: No
VEHICLES: NONE
IDENTIFIERS: NONE
SEVERITY: 2
ORDINANCE: Sec-46-45
PRIORITY: MEDIUM
SUMMARY: Illegal dumping is occurring in an alley, with waste scattered across the area, violating property owner liability under Sec-46-45.
"
20260602T105528Z,DT_10th_and_Madison_Jefferson_1_20260528T010000.jpg,,,dataset_20260528/DT_10th_and_Madison_Jefferson_1/DT_10th_and_Madison_Jefferson_1_20260528T010000.jpg,illegal_dumping,done,2026-06-02T11:08:58.862410+00:00,0.045,1.151,1.199,,nvidia/cosmos-reason2-8b,"DUMPING PRESENT: Yes
ORDINANCE VIOLATION: Yes
WASTE TYPE: mixed
WASTE VOLUME: small (pickup truck)
WASTE ORIGIN: residential
PROPERTY TYPE: alley
ADDRESS MARKERS: NONE
GUTTER/ALLEY: Yes
WATER PROXIMITY: No
CHRONIC SITE: No
VEHICLES: NONE
IDENTIFIERS: NONE
SEVERITY: 2
ORDINANCE: Sec-46-45
PRIORITY: MEDIUM
SUMMARY: Illegal dumping is occurring in the alley, with waste scattered on the ground, violating property owner liability under Sec-46-45.
"
20260602T105528Z,DT_10th_and_Madison_Jefferson_1_20260528T011000.jpg,,,dataset_20260528/DT_10th_and_Madison_Jefferson_1/DT_10th_and_Madison_Jefferson_1_20260528T011000.jpg,illegal_dumping,done,2026-06-02T11:08:58.863696+00:00,0.042,1.08,1.126,,nvidia/cosmos-reason2-8b,"DUMPING PRESENT: Yes
ORDINANCE VIOLATION: Yes
WASTE TYPE: mixed
WASTE VOLUME: small (pickup truck)
WASTE ORIGIN: residential
PROPERTY TYPE: alley
ADDRESS MARKERS: NONE
GUTTER/ALLEY: Yes
WATER PROXIMITY: No
CHRONIC SITE: No
VEHICLES: NONE
IDENTIFIERS: NONE
SEVERITY: 3
ORDINANCE: Sec-46-45
PRIORITY: MEDIUM
SUMMARY: Illegal dumping of mixed waste is occurring in an alley, violating Brownsville's property owner liability ordinance (Sec. 46-45)."
20260602T105528Z,DT_10th_and_Madison_Jefferson_1_20260528T012000.jpg,,,dataset_20260528/DT_10th_and_Madison_Jefferson_1/DT_10th_and_Madison_Jefferson_1_20260528T012000.jpg,illegal_dumping,done,2026-06-02T11:08:59.383633+00:00,0.039,0.794,0.836,,nvidia/cosmos-reason2-8b,"DUMPING PRESENT: Yes
ORDINANCE VIOLATION: Yes
WASTE TYPE: mixed
WASTE VOLUME: small (pickup truck)
WASTE ORIGIN: residential
PROPERTY TYPE: alley
ADDRESS MARKERS: NONE
GUTTER/ALLEY: Yes
WATER PROXIMITY: No
CHRONIC SITE: No
VEHICLES: NONE
IDENTIFIERS: NONE
SEVERITY: 3
ORDINANCE: Sec-46-45
PRIORITY: MEDIUM
SUMMARY: Illegal dumping is observed in the alley, with waste scattered across the area, violating Brownsville's property owner liability ordinance.
"
20260602T105528Z,DT_10th_and_Madison_Jefferson_1_20260528T013000.jpg,,,dataset_20260528/DT_10th_and_Madison_Jefferson_1/DT_10th_and_Madison_Jefferson_1_20260528T013000.jpg,illegal_dumping,done,2026-06-02T11:08:59.693004+00:00,0.037,0.734,0.773,,nvidia/cosmos-reason2-8b,"DUMPING PRESENT: Yes
ORDINANCE VIOLATION: Yes
WASTE TYPE: mixed
WASTE VOLUME: small (pickup truck)
WASTE ORIGIN: residential
PROPERTY TYPE: alley
ADDRESS MARKERS: NONE
GUTTER/ALLEY: Yes
WATER PROXIMITY: No
CHRONIC SITE: No
VEHICLES: NONE
IDENTIFIERS: NONE
SEVERITY: 2
ORDINANCE: Sec-46-45
PRIORITY: MEDIUM
SUMMARY: Illegal dumping is observed in the alley, with waste scattered on the ground, violating property owner liability under Sec-46-45.
"
20260602T105528Z,DT_10th_and_Madison_Jefferson_1_20260528T014000.jpg,,,dataset_20260528/DT_10th_and_Madison_Jefferson_1/DT_10th_and_Madison_Jefferson_1_20260528T014000.jpg,illegal_dumping,done,2026-06-02T11:08:59.992427+00:00,0.035,0.752,0.79,,nvidia/cosmos-reason2-8b,"DUMPING PRESENT: Yes
ORDINANCE VIOLATION: Yes
WASTE TYPE: mixed
WASTE VOLUME: small (pickup truck)
WASTE ORIGIN: residential
PROPERTY TYPE: alley
ADDRESS MARKERS: NONE
GUTTER/ALLEY: Yes
WATER PROXIMITY: No
CHRONIC SITE: No
VEHICLES: NONE
IDENTIFIERS: NONE
SEVERITY: 3
ORDINANCE: Sec-46-45
PRIORITY: MEDIUM
SUMMARY: Illegal dumping of mixed waste is observed in the alley, violating Brownsville's ordinance against improper disposal on private or public property.
"
20260602T105528Z,DT_10th_and_Madison_Jefferson_1_20260528T015000.jpg,,,dataset_20260528/DT_10th_and_Madison_Jefferson_1/DT_10th_and_Madison_Jefferson_1_20260528T015000.jpg,illegal_dumping,done,2026-06-02T11:09:00.064368+00:00,0.035,0.951,0.989,,nvidia/cosmos-reason2-8b,"DUMPING PRESENT: Yes
ORDINANCE VIOLATION: Yes
WASTE TYPE: mixed
WASTE VOLUME: small (pickup truck)
WASTE ORIGIN: residential
PROPERTY TYPE: alley
ADDRESS MARKERS: NONE
GUTTER/ALLEY: Yes
WATER PROXIMITY: No
CHRONIC SITE: No
VEHICLES: NONE
IDENTIFIERS: NONE
SEVERITY: 3
ORDINANCE: Sec-46-45
PRIORITY: MEDIUM
SUMMARY: A small pile of mixed waste is illegally dumped in the alley, violating Brownsville's property owner liability ordinance (Sec. 46-45)."
20260602T105528Z,DT_10th_and_Madison_Jefferson_1_20260528T020000.jpg,,,dataset_20260528/DT_10th_and_Madison_Jefferson_1/DT_10th_and_Madison_Jefferson_1_20260528T020000.jpg,illegal_dumping,done,2026-06-02T11:09:00.221847+00:00,0.034,0.923,0.961,,nvidia/cosmos-reason2-8b,"DUMPING PRESENT: Yes
ORDINANCE VIOLATION: Yes
WASTE TYPE: mixed
WASTE VOLUME: small (pickup truck)
WASTE ORIGIN: residential
PROPERTY TYPE: alley
ADDRESS MARKERS: NONE
GUTTER/ALLEY: Yes
WATER PROXIMITY: No
CHRONIC SITE: No
VEHICLES: NONE
IDENTIFIERS: NONE
SEVERITY: 2
ORDINANCE: Sec-46-45
PRIORITY: MEDIUM
SUMMARY: Illegal dumping is occurring in the alley, with mixed waste visible on the ground, violating property owner liability under Sec-46-45.
"
20260602T105528Z,DT_10th_and_Madison_Jefferson_1_20260528T021000.jpg,,,dataset_20260528/DT_10th_and_Madison_Jefferson_1/DT_10th_and_Madison_Jefferson_1_20260528T021000.jpg,illegal_dumping,done,2026-06-02T11:09:00.468959+00:00,0.034,0.829,0.866,,nvidia/cosmos-reason2-8b,"DUMPING PRESENT: Yes
ORDINANCE VIOLATION: Yes
WASTE TYPE: mixed
WASTE VOLUME: small (pickup truck)
WASTE ORIGIN: residential
PROPERTY TYPE: alley
ADDRESS MARKERS: NONE
GUTTER/ALLEY: Yes
WATER PROXIMITY: No
CHRONIC SITE: No
VEHICLES: NONE
IDENTIFIERS: NONE
SEVERITY: 3
ORDINANCE: Sec-46-45
PRIORITY: MEDIUM
SUMMARY: Illegal dumping is observed in the alley, with waste scattered across the ground, violating property owner liability under Sec-46-45.
"
20260602T105528Z,DT_10th_and_Madison_Jefferson_1_20260528T022000.jpg,,,dataset_20260528/DT_10th_and_Madison_Jefferson_1/DT_10th_and_Madison_Jefferson_1_20260528T022000.jpg,illegal_dumping,done,2026-06-02T11:09:00.784557+00:00,0.039,0.75,0.791,,nvidia/cosmos-reason2-8b,"DUMPING PRESENT: Yes
ORDINANCE VIOLATION: Yes
WASTE TYPE: mixed
WASTE VOLUME: small (pickup truck)
WASTE ORIGIN: residential
PROPERTY TYPE: alley
ADDRESS MARKERS: NONE
GUTTER/ALLEY: Yes
WATER PROXIMITY: No
CHRONIC SITE: No
VEHICLES: NONE
IDENTIFIERS: NONE
SEVERITY: 2
ORDINANCE: Sec-46-45
PRIORITY: MEDIUM
SUMMARY: Illegal dumping is present in the alley, violating Brownsville's property owner liability ordinance (Sec. 46-45)."
20260602T105528Z,DT_10th_and_Madison_Jefferson_1_20260528T023000.jpg,,,dataset_20260528/DT_10th_and_Madison_Jefferson_1/DT_10th_and_Madison_Jefferson_1_20260528T023000.jpg,illegal_dumping,done,2026-06-02T11:09:01.056053+00:00,0.031,0.903,0.937,,nvidia/cosmos-reason2-8b,"```json
{
  ""DUMPING PRESENT"": ""Yes"",
  ""ORDINANCE VIOLATION"": ""Yes"",
  ""WASTE TYPE"": [
    ""mixed""
  ],
  ""WASTE VOLUME"": ""small (pickup truck)"",
  ""WASTE ORIGIN"": ""residential"",
  ""PROPERTY TYPE"": ""vacant-lot"",
  ""ADDRESS MARKERS"": ""NONE"",
  ""GUTTER/ALLEY"": ""Yes"",
  ""WATER PROXIMITY"": ""No"",
  ""CHRONIC SITE"": ""No"",
  ""VEHICLES"": ""NONE"",
  ""IDENTIFIERS"": ""NONE"",
  ""SEVERITY"": 2,
  ""ORDINANCE"": ""Sec-46-45"",
  ""PRIORITY"": ""MEDIUM"",
  ""SUMMARY"": ""Illegal dumping of mixed waste is observed in a vacant lot, violating Brownsville\u2019s property owner liability ordinance.""
}
```"
20260602T105528Z,DT_10th_and_Madison_Jefferson_1_20260528T024000.jpg,,,dataset_20260528/DT_10th_and_Madison_Jefferson_1/DT_10th_and_Madison_Jefferson_1_20260528T024000.jpg,illegal_dumping,done,2026-06-02T11:09:01.184414+00:00,0.034,0.848,0.886,,nvidia/cosmos-reason2-8b,"DUMPING PRESENT: Yes
ORDINANCE VIOLATION: Yes
WASTE TYPE: mixed
WASTE VOLUME: small (pickup truck)
WASTE ORIGIN: residential
PROPERTY TYPE: alley
ADDRESS MARKERS: NONE
GUTTER/ALLEY: Yes
WATER PROXIMITY: No
CHRONIC SITE: No
VEHICLES: NONE
IDENTIFIERS: NONE
SEVERITY: 3
ORDINANCE: Sec-46-45
PRIORITY: MEDIUM
SUMMARY: Illegal dumping of mixed waste is observed in the alley, violating Brownsville's property owner liability ordinance.
"
20260602T105528Z,DT_10th_and_Madison_Jefferson_1_20260528T025000.jpg,,,dataset_20260528/DT_10th_and_Madison_Jefferson_1/DT_10th_and_Madison_Jefferson_1_20260528T025000.jpg,illegal_dumping,done,2026-06-02T11:09:01.336989+00:00,0.031,0.892,0.927,,nvidia/cosmos-reason2-8b,"DUMPING PRESENT: Yes
ORDINANCE VIOLATION: Yes
WASTE TYPE: mixed
WASTE VOLUME: small (pickup truck)
WASTE ORIGIN: residential
PROPERTY TYPE: alley
ADDRESS MARKERS: NONE
GUTTER/ALLEY: Yes
WATER PROXIMITY: No
CHRONIC SITE: No
VEHICLES: NONE
IDENTIFIERS: NONE
SEVERITY: 3
ORDINANCE: Sec-46-45
PRIORITY: MEDIUM
SUMMARY: A small amount of mixed waste is illegally dumped in an alley, violating Brownsville's property owner liability ordinance.
"
20260602T105528Z,DT_10th_and_Madison_Jefferson_1_20260528T030000.jpg,,,dataset_20260528/DT_10th_and_Madison_Jefferson_1/DT_10th_and_Madison_Jefferson_1_20260528T030000.jpg,illegal_dumping,done,2026-06-02T11:09:01.578485+00:00,0.036,0.779,0.818,,nvidia/cosmos-reason2-8b,"DUMPING PRESENT: Yes
ORDINANCE VIOLATION: Yes
WASTE TYPE: mixed
WASTE VOLUME: small (pickup truck)
WASTE ORIGIN: residential
PROPERTY TYPE: alley
ADDRESS MARKERS: NONE
GUTTER/ALLEY: Yes
WATER PROXIMITY: No
CHRONIC SITE: No
VEHICLES: NONE
IDENTIFIERS: NONE
SEVERITY: 2
ORDINANCE: Sec-46-45
PRIORITY: MEDIUM
SUMMARY: Illegal dumping is occurring in an alleyway, with waste scattered across the area, violating property owner liability under Sec-46-45.
"
20260602T105528Z,DT_10th_and_Madison_Jefferson_1_20260528T031000.jpg,,,dataset_20260528/DT_10th_and_Madison_Jefferson_1/DT_10th_and_Madison_Jefferson_1_20260528T031000.jpg,illegal_dumping,done,2026-06-02T11:09:01.995842+00:00,0.037,0.836,0.876,,nvidia/cosmos-reason2-8b,"DUMPING PRESENT: Yes
ORDINANCE VIOLATION: Yes
WASTE TYPE: mixed
WASTE VOLUME: small (pickup truck)
WASTE ORIGIN: residential
PROPERTY TYPE: alley
ADDRESS MARKERS: NONE
GUTTER/ALLEY: Yes
WATER PROXIMITY: No
CHRONIC SITE: No
VEHICLES: NONE
IDENTIFIERS: NONE
SEVERITY: 2
ORDINANCE: Sec-46-45
PRIORITY: MEDIUM
SUMMARY: Illegal dumping is occurring in an alleyway, with waste scattered across the area, violating property owner liability under Sec-46-45.
"
20260602T105528Z,DT_10th_and_Madison_Jefferson_1_20260528T032000.jpg,,,dataset_20260528/DT_10th_and_Madison_Jefferson_1/DT_10th_and_Madison_Jefferson_1_20260528T032000.jpg,illegal_dumping,done,2026-06-02T11:09:02.072678+00:00,0.033,0.89,0.926,,nvidia/cosmos-reason2-8b,"DUMPING PRESENT: Yes
ORDINANCE VIOLATION: Yes
WASTE TYPE: mixed
WASTE VOLUME: small (pickup truck)
WASTE ORIGIN: residential
PROPERTY TYPE: alley
ADDRESS MARKERS: NONE
GUTTER/ALLEY: Yes
WATER PROXIMITY: No
CHRONIC SITE: No
VEHICLES: NONE
IDENTIFIERS: NONE
SEVERITY: 2
ORDINANCE: Sec-46-45
PRIORITY: MEDIUM
SUMMARY: Illegal dumping of mixed waste is observed in an alley, violating Brownsville's property owner liability ordinance.
"
20260602T105528Z,DT_10th_and_Madison_Jefferson_1_20260528T033000.jpg,,,dataset_20260528/DT_10th_and_Madison_Jefferson_1/DT_10th_and_Madison_Jefferson_1_20260528T033000.jpg,illegal_dumping,done,2026-06-02T11:09:02.266416+00:00,0.03,1.063,1.095,,nvidia/cosmos-reason2-8b,"```json
{
  ""DUMPING PRESENT"": ""Yes"",
  ""ORDINANCE VIOLATION"": ""Yes"",
  ""WASTE TYPE"": [
    ""mixed""
  ],
  ""WASTE VOLUME"": ""small"",
  ""WASTE ORIGIN"": ""residential"",
  ""PROPERTY TYPE"": ""vacant-lot"",
  ""ADDRESS MARKERS"": ""NONE"",
  ""GUTTER/ALLEY"": ""Yes"",
  ""WATER PROXIMITY"": ""No"",
  ""CHRONIC SITE"": ""No"",
  ""VEHICLES"": ""NONE"",
  ""IDENTIFIERS"": ""NONE"",
  ""SEVERITY"": 3,
  ""ORDINANCE"": ""Sec-46-45"",
  ""PRIORITY"": ""MEDIUM"",
  ""SUMMARY"": ""Illegal dumping of mixed waste is observed in a vacant lot, violating Brownsville\u2019s property owner liability ordinance.""
}
```"
20260602T105528Z,DT_10th_and_Madison_Jefferson_1_20260528T034000.jpg,,,dataset_20260528/DT_10th_and_Madison_Jefferson_1/DT_10th_and_Madison_Jefferson_1_20260528T034000.jpg,illegal_dumping,done,2026-06-02T11:09:02.399507+00:00,0.031,0.971,1.005,,nvidia/cosmos-reason2-8b,"DUMPING PRESENT: Yes
ORDINANCE VIOLATION: Yes
WASTE TYPE: mixed
WASTE VOLUME: small (pickup truck)
WASTE ORIGIN: residential
PROPERTY TYPE: alley
ADDRESS MARKERS: NONE
GUTTER/ALLEY: Yes
WATER PROXIMITY: No
CHRONIC SITE: No
VEHICLES: NONE
IDENTIFIERS: NONE
SEVERITY: 2
ORDINANCE: Sec-46-45
PRIORITY: MEDIUM
SUMMARY: Illegal dumping of mixed waste is observed in an alley, violating Brownsville's property owner liability ordinance (Sec. 46-45)."
20260602T105528Z,DT_10th_and_Madison_Jefferson_1_20260528T035000.jpg,,,dataset_20260528/DT_10th_and_Madison_Jefferson_1/DT_10th_and_Madison_Jefferson_1_20260528T035000.jpg,illegal_dumping,done,2026-06-02T11:09:02.874552+00:00,0.041,0.86,0.903,,nvidia/cosmos-reason2-8b,"DUMPING PRESENT: Yes
ORDINANCE VIOLATION: Yes
WASTE TYPE: mixed
WASTE VOLUME: small (pickup truck)
WASTE ORIGIN: residential
PROPERTY TYPE: alley
ADDRESS MARKERS: NONE
GUTTER/ALLEY: Yes
WATER PROXIMITY: No
CHRONIC SITE: No
VEHICLES: NONE
IDENTIFIERS: NONE
SEVERITY: 3
ORDINANCE: Sec-46-45
PRIORITY: MEDIUM
SUMMARY: Illegal dumping is occurring in an alley, with waste scattered across the area, violating property owner liability under Sec-46-45.
"
20260602T105528Z,DT_10th_and_Madison_Jefferson_1_20260528T040000.jpg,,,dataset_20260528/DT_10th_and_Madison_Jefferson_1/DT_10th_and_Madison_Jefferson_1_20260528T040000.jpg,illegal_dumping,done,2026-06-02T11:09:03.000673+00:00,0.032,0.797,0.832,,nvidia/cosmos-reason2-8b,"DUMPING PRESENT: Yes
ORDINANCE VIOLATION: Yes
WASTE TYPE: mixed
WASTE VOLUME: small (pickup truck)
WASTE ORIGIN: residential
PROPERTY TYPE: alley
ADDRESS MARKERS: NONE
GUTTER/ALLEY: Yes
WATER PROXIMITY: No
CHRONIC SITE: No
VEHICLES: NONE
IDENTIFIERS: NONE
SEVERITY: 2
ORDINANCE: Sec-46-45
PRIORITY: MEDIUM
SUMMARY: Illegal dumping is present in the alley, violating Brownsville's property owner liability ordinance."
20260602T105528Z,DT_10th_and_Madison_Jefferson_1_20260528T041000.jpg,,,dataset_20260528/DT_10th_and_Madison_Jefferson_1/DT_10th_and_Madison_Jefferson_1_20260528T041000.jpg,illegal_dumping,done,2026-06-02T11:09:03.364143+00:00,0.04,0.9,0.945,,nvidia/cosmos-reason2-8b,"DUMPING PRESENT: Yes
ORDINANCE VIOLATION: Yes
WASTE TYPE: mixed
WASTE VOLUME: small (pickup truck)
WASTE ORIGIN: residential
PROPERTY TYPE: alley
ADDRESS MARKERS: NONE
GUTTER/ALLEY: Yes
WATER PROXIMITY: No
CHRONIC SITE: No
VEHICLES: NONE
IDENTIFIERS: NONE
SEVERITY: 3
ORDINANCE: Sec-46-45
PRIORITY: MEDIUM
SUMMARY: Illegal dumping of mixed waste is observed in an alleyway, violating Brownsville's property owner liability ordinance.
"
20260602T105528Z,DT_10th_and_Madison_Jefferson_1_20260528T042000.jpg,,,dataset_20260528/DT_10th_and_Madison_Jefferson_1/DT_10th_and_Madison_Jefferson_1_20260528T042000.jpg,illegal_dumping,done,2026-06-02T11:09:03.407227+00:00,0.036,0.865,0.904,,nvidia/cosmos-reason2-8b,"DUMPING PRESENT: Yes
ORDINANCE VIOLATION: Yes
WASTE TYPE: mixed
WASTE VOLUME: small (pickup truck)
WASTE ORIGIN: residential
PROPERTY TYPE: alley
ADDRESS MARKERS: NONE
GUTTER/ALLEY: Yes
WATER PROXIMITY: No
CHRONIC SITE: No
VEHICLES: NONE
IDENTIFIERS: NONE
SEVERITY: 2
ORDINANCE: Sec-46-45
PRIORITY: MEDIUM
SUMMARY: Illegal dumping is occurring in the alley, with waste scattered on the ground, violating property owner liability under Sec-46-45.
"
20260602T105528Z,DT_10th_and_Madison_Jefferson_1_20260528T043000.jpg,,,dataset_20260528/DT_10th_and_Madison_Jefferson_1/DT_10th_and_Madison_Jefferson_1_20260528T043000.jpg,illegal_dumping,done,2026-06-02T11:09:03.780387+00:00,0.034,0.765,0.802,,nvidia/cosmos-reason2-8b,"DUMPING PRESENT: Yes
ORDINANCE VIOLATION: Yes
WASTE TYPE: mixed
WASTE VOLUME: small (pickup truck)
WASTE ORIGIN: residential
PROPERTY TYPE: alley
ADDRESS MARKERS: NONE
GUTTER/ALLEY: Yes
WATER PROXIMITY: No
CHRONIC SITE: No
VEHICLES: NONE
IDENTIFIERS: NONE
SEVERITY: 2
ORDINANCE: Sec-46-45
PRIORITY: MEDIUM
SUMMARY: Illegal dumping of mixed waste is observed in an alley, violating Brownsville's property owner liability ordinance (Sec. 46-45)."
20260602T105528Z,DT_10th_and_Madison_Jefferson_1_20260528T044000.jpg,,,dataset_20260528/DT_10th_and_Madison_Jefferson_1/DT_10th_and_Madison_Jefferson_1_20260528T044000.jpg,illegal_dumping,done,2026-06-02T11:09:03.835356+00:00,0.043,0.87,0.916,,nvidia/cosmos-reason2-8b,"DUMPING PRESENT: Yes
ORDINANCE VIOLATION: Yes
WASTE TYPE: mixed
WASTE VOLUME: small (pickup truck)
WASTE ORIGIN: residential
PROPERTY TYPE: alley
ADDRESS MARKERS: NONE
GUTTER/ALLEY: Yes
WATER PROXIMITY: No
CHRONIC SITE: No
VEHICLES: NONE
IDENTIFIERS: NONE
SEVERITY: 3
ORDINANCE: Sec-46-45
PRIORITY: MEDIUM
SUMMARY: Illegal dumping is observed in the alley, with waste scattered across the ground, violating property owner liability under Sec-46-45.
"
20260602T105528Z,DT_10th_and_Madison_Jefferson_1_20260528T045000.jpg,,,dataset_20260528/DT_10th_and_Madison_Jefferson_1/DT_10th_and_Madison_Jefferson_1_20260528T045000.jpg,illegal_dumping,done,2026-06-02T11:09:04.312360+00:00,0.028,0.909,0.95,,nvidia/cosmos-reason2-8b,"DUMPING PRESENT: Yes
ORDINANCE VIOLATION: Yes
WASTE TYPE: mixed
WASTE VOLUME: small (pickup truck)
WASTE ORIGIN: residential
PROPERTY TYPE: alley
ADDRESS MARKERS: NONE
GUTTER/ALLEY: Yes
WATER PROXIMITY: No
CHRONIC SITE: No
VEHICLES: NONE
IDENTIFIERS: NONE
SEVERITY: 3
ORDINANCE: Sec-46-45
PRIORITY: MEDIUM
SUMMARY: Illegal dumping of mixed waste is observed in an alley, violating Brownsville's property owner liability ordinance.
"
20260602T105528Z,DT_10th_and_Madison_Jefferson_1_20260528T050000.jpg,,,dataset_20260528/DT_10th_and_Madison_Jefferson_1/DT_10th_and_Madison_Jefferson_1_20260528T050000.jpg,illegal_dumping,done,2026-06-02T11:09:04.314316+00:00,0.038,0.957,0.997,,nvidia/cosmos-reason2-8b,"DUMPING PRESENT: Yes
ORDINANCE VIOLATION: Yes
WASTE TYPE: mixed
WASTE VOLUME: small (pickup truck)
WASTE ORIGIN: residential
PROPERTY TYPE: alley
ADDRESS MARKERS: NONE
GUTTER/ALLEY: Yes
WATER PROXIMITY: No
CHRONIC SITE: No
VEHICLES: NONE
IDENTIFIERS: NONE
SEVERITY: 2
ORDINANCE: Sec-46-45
PRIORITY: MEDIUM
SUMMARY: Illegal dumping is occurring in an alleyway, with waste scattered across the area, violating property owner liability under Sec-46-45.
"
20260602T105528Z,DT_10th_and_Madison_Jefferson_1_20260528T051000.jpg,,,dataset_20260528/DT_10th_and_Madison_Jefferson_1/DT_10th_and_Madison_Jefferson_1_20260528T051000.jpg,illegal_dumping,done,2026-06-02T11:09:04.584981+00:00,0.037,0.999,1.039,,nvidia/cosmos-reason2-8b,"DUMPING PRESENT: Yes
ORDINANCE VIOLATION: Yes
WASTE TYPE: mixed
WASTE VOLUME: small (pickup truck)
WASTE ORIGIN: residential
PROPERTY TYPE: alley
ADDRESS MARKERS: NONE
GUTTER/ALLEY: Yes
WATER PROXIMITY: No
CHRONIC SITE: No
VEHICLES: NONE
IDENTIFIERS: NONE
SEVERITY: 3
ORDINANCE: Sec-46-45
PRIORITY: MEDIUM
SUMMARY: Illegal dumping is observed in the alley, with waste scattered across the ground, violating property owner liability under Sec-46-45.
"
20260602T105528Z,DT_10th_and_Madison_Jefferson_1_20260528T052000.jpg,,,dataset_20260528/DT_10th_and_Madison_Jefferson_1/DT_10th_and_Madison_Jefferson_1_20260528T052000.jpg,illegal_dumping,done,2026-06-02T11:09:04.753939+00:00,0.034,0.918,0.955,,nvidia/cosmos-reason2-8b,"DUMPING PRESENT: Yes
ORDINANCE VIOLATION: Yes
WASTE TYPE: mixed
WASTE VOLUME: small (pickup truck)
WASTE ORIGIN: residential
PROPERTY TYPE: alley
ADDRESS MARKERS: NONE
GUTTER/ALLEY: Yes
WATER PROXIMITY: No
CHRONIC SITE: No
VEHICLES: NONE
IDENTIFIERS: NONE
SEVERITY: 2
ORDINANCE: Sec-46-45
PRIORITY: MEDIUM
SUMMARY: Illegal dumping is observed in the alley, violating Brownsville's ordinance against waste disposal on private or public property.
"
20260602T105528Z,DT_10th_and_Madison_Jefferson_1_20260528T053000.jpg,,,dataset_20260528/DT_10th_and_Madison_Jefferson_1/DT_10th_and_Madison_Jefferson_1_20260528T053000.jpg,illegal_dumping,done,2026-06-02T11:09:05.265320+00:00,0.037,0.968,1.007,,nvidia/cosmos-reason2-8b,"```json
{
  ""DUMPING PRESENT"": ""Yes"",
  ""ORDINANCE VIOLATION"": ""Yes"",
  ""WASTE TYPE"": [
    ""mixed""
  ],
  ""WASTE VOLUME"": ""small (pickup truck)"",
  ""WASTE ORIGIN"": ""residential"",
  ""PROPERTY TYPE"": ""vacant-lot"",
  ""ADDRESS MARKERS"": ""NONE"",
  ""GUTTER/ALLEY"": ""Yes"",
  ""WATER PROXIMITY"": ""No"",
  ""CHRONIC SITE"": ""No"",
  ""VEHICLES"": ""NONE"",
  ""IDENTIFIERS"": ""NONE"",
  ""SEVERITY"": ""2"",
  ""ORDINANCE"": ""Sec-46-45"",
  ""PRIORITY"": ""MEDIUM"",
  ""SUMMARY"": ""Illegal dumping of mixed waste is occurring in a vacant lot, violating Brownsville\u2019s property owner liability ordinance.""
}
```"
20260602T105528Z,DT_10th_and_Madison_Jefferson_1_20260528T054000.jpg,,,dataset_20260528/DT_10th_and_Madison_Jefferson_1/DT_10th_and_Madison_Jefferson_1_20260528T054000.jpg,illegal_dumping,done,2026-06-02T11:09:05.313804+00:00,0.03,0.916,0.95,,nvidia/cosmos-reason2-8b,"DUMPING PRESENT: Yes
ORDINANCE VIOLATION: Yes
WASTE TYPE: mixed
WASTE VOLUME: small (pickup truck)
WASTE ORIGIN: residential
PROPERTY TYPE: alley
ADDRESS MARKERS: NONE
GUTTER/ALLEY: Yes
WATER PROXIMITY: No
CHRONIC SITE: No
VEHICLES: NONE
IDENTIFIERS: NONE
SEVERITY: 2
ORDINANCE: Sec-46-45
PRIORITY: MEDIUM
SUMMARY: A small pile of mixed waste is illegally dumped in the alley, violating Brownsville's property owner liability ordinance (Sec. 46-45)."
20260602T105528Z,DT_10th_and_Madison_Jefferson_1_20260528T055000.jpg,,,dataset_20260528/DT_10th_and_Madison_Jefferson_1/DT_10th_and_Madison_Jefferson_1_20260528T055000.jpg,illegal_dumping,done,2026-06-02T11:09:05.626881+00:00,0.034,0.818,0.855,,nvidia/cosmos-reason2-8b,"DUMPING PRESENT: Yes
ORDINANCE VIOLATION: Yes
WASTE TYPE: mixed
WASTE VOLUME: small (pickup truck)
WASTE ORIGIN: residential
PROPERTY TYPE: alley
ADDRESS MARKERS: NONE
GUTTER/ALLEY: Yes
WATER PROXIMITY: No
CHRONIC SITE: No
VEHICLES: NONE
IDENTIFIERS: NONE
SEVERITY: 3
ORDINANCE: Sec-46-45
PRIORITY: MEDIUM
SUMMARY: Illegal dumping is occurring in an alley, with waste scattered across the area, violating property owner liability under Sec-46-45.
"
20260602T105528Z,DT_10th_and_Madison_Jefferson_1_20260528T060000.jpg,,,dataset_20260528/DT_10th_and_Madison_Jefferson_1/DT_10th_and_Madison_Jefferson_1_20260528T060000.jpg,illegal_dumping,done,2026-06-02T11:09:05.711498+00:00,0.033,0.87,0.907,,nvidia/cosmos-reason2-8b,"DUMPING PRESENT: Yes
ORDINANCE VIOLATION: Yes
WASTE TYPE: mixed
WASTE VOLUME: small (pickup truck)
WASTE ORIGIN: residential
PROPERTY TYPE: alley
ADDRESS MARKERS: NONE
GUTTER/ALLEY: Yes
WATER PROXIMITY: No
CHRONIC SITE: No
VEHICLES: NONE
IDENTIFIERS: NONE
SEVERITY: 3
ORDINANCE: Sec-46-45
PRIORITY: MEDIUM
SUMMARY: Illegal dumping is occurring in an alley, with multiple waste items scattered across the area, violating property owner liability under Sec-46-45.
"
20260602T105528Z,DT_10th_and_Madison_Jefferson_1_20260528T061000.jpg,,,dataset_20260528/DT_10th_and_Madison_Jefferson_1/DT_10th_and_Madison_Jefferson_1_20260528T061000.jpg,illegal_dumping,done,2026-06-02T11:09:06.266893+00:00,0.035,0.76,0.798,,nvidia/cosmos-reason2-8b,"DUMPING PRESENT: No
ORDINANCE VIOLATION: No
WASTE TYPE: mixed
WASTE VOLUME: small (pickup truck)
WASTE ORIGIN: residential
PROPERTY TYPE: vacant-lot
ADDRESS MARKERS: NONE
GUTTER/ALLEY: No
WATER PROXIMITY: No
CHRONIC SITE: No
VEHICLES: NONE
IDENTIFIERS: NONE
SEVERITY: 1
ORDINANCE: N/A
PRIORITY: LOW
SUMMARY: No illegal dumping detected in the video."
20260602T105528Z,DT_10th_and_Madison_Jefferson_1_20260528T062000.jpg,,,dataset_20260528/DT_10th_and_Madison_Jefferson_1/DT_10th_and_Madison_Jefferson_1_20260528T062000.jpg,illegal_dumping,done,2026-06-02T11:09:06.302873+00:00,0.034,0.859,0.895,,nvidia/cosmos-reason2-8b,"DUMPING PRESENT: No
ORDINANCE VIOLATION: No
WASTE TYPE: mixed
WASTE VOLUME: small (pickup truck)
WASTE ORIGIN: residential
PROPERTY TYPE: vacant-lot
ADDRESS MARKERS: NONE
GUTTER/ALLEY: No
WATER PROXIMITY: No
CHRONIC SITE: No
VEHICLES: NONE
IDENTIFIERS: NONE
SEVERITY: 1
ORDINANCE: N/A
PRIORITY: LOW
SUMMARY: No illegal dumping detected in the video."
20260602T105528Z,DT_10th_and_Madison_Jefferson_1_20260528T063000.jpg,,,dataset_20260528/DT_10th_and_Madison_Jefferson_1/DT_10th_and_Madison_Jefferson_1_20260528T063000.jpg,illegal_dumping,done,2026-06-02T11:09:06.484158+00:00,0.039,0.855,0.896,,nvidia/cosmos-reason2-8b,"DUMPING PRESENT: No
ORDINANCE VIOLATION: No
WASTE TYPE: mixed
WASTE VOLUME: small (pickup truck)
WASTE ORIGIN: residential
PROPERTY TYPE: occupied-private
ADDRESS MARKERS: NONE
GUTTER/ALLEY: No
WATER PROXIMITY: No
CHRONIC SITE: No
VEHICLES: NONE
IDENTIFIERS: NONE
SEVERITY: 1
ORDINANCE: N/A
PRIORITY: LOW
SUMMARY: No illegal dumping detected; the scene shows a residential area with no visible waste or debris on the property."
20260602T105528Z,DT_10th_and_Madison_Jefferson_1_20260528T064000.jpg,,,dataset_20260528/DT_10th_and_Madison_Jefferson_1/DT_10th_and_Madison_Jefferson_1_20260528T064000.jpg,illegal_dumping,done,2026-06-02T11:09:06.620795+00:00,0.039,1.095,1.138,,nvidia/cosmos-reason2-8b,"```json
{
  ""DUMPING PRESENT"": ""No"",
  ""ORDINANCE VIOLATION"": ""No"",
  ""WASTE TYPE"": [],
  ""WASTE VOLUME"": ""small (pickup truck)"",
  ""WASTE ORIGIN"": ""residential"",
  ""PROPERTY TYPE"": ""vacant-lot"",
  ""ADDRESS MARKERS"": ""NONE"",
  ""GUTTER/ALLEY"": ""Yes"",
  ""WATER PROXIMITY"": ""No"",
  ""CHRONIC SITE"": ""No"",
  ""VEHICLES"": ""Silver pickup truck"",
  ""IDENTIFIERS"": ""No"",
  ""SEVERITY"": ""1"",
  ""ORDINANCE"": ""N/A"",
  ""PRIORITY"": ""LOW"",
  ""SUMMARY"": ""No illegal dumping detected in the alley; the silver pickup truck is parked without obstruction.""
}
```"
20260602T105528Z,DT_10th_and_Madison_Jefferson_1_20260528T065000.jpg,,,dataset_20260528/DT_10th_and_Madison_Jefferson_1/DT_10th_and_Madison_Jefferson_1_20260528T065000.jpg,illegal_dumping,done,2026-06-02T11:09:07.067985+00:00,0.038,0.642,0.683,,nvidia/cosmos-reason2-8b,"DUMPING PRESENT: No
ORDINANCE VIOLATION: No
WASTE TYPE: mixed
WASTE VOLUME: small (pickup truck)
WASTE ORIGIN: residential
PROPERTY TYPE: vacant-lot
ADDRESS MARKERS: NONE
GUTTER/ALLEY: No
WATER PROXIMITY: No
CHRONIC SITE: No
VEHICLES: NONE
IDENTIFIERS: NONE
SEVERITY: 1
ORDINANCE: N/A
PRIORITY: LOW
SUMMARY: No illegal dumping detected in the video."
20260602T105528Z,DT_10th_and_Madison_Jefferson_1_20260528T070000.jpg,,,dataset_20260528/DT_10th_and_Madison_Jefferson_1/DT_10th_and_Madison_Jefferson_1_20260528T070000.jpg,illegal_dumping,done,2026-06-02T11:09:07.200437+00:00,0.032,0.716,0.75,,nvidia/cosmos-reason2-8b,"DUMPING PRESENT: No
ORDINANCE VIOLATION: No
WASTE TYPE: mixed
WASTE VOLUME: small (pickup truck)
WASTE ORIGIN: residential
PROPERTY TYPE: occupied-private
ADDRESS MARKERS: NONE
GUTTER/ALLEY: No
WATER PROXIMITY: No
CHRONIC SITE: No
VEHICLES: NONE
IDENTIFIERS: NONE
SEVERITY: 1
ORDINANCE: N/A
PRIORITY: LOW
SUMMARY: No illegal dumping is observed in the video."
20260602T105528Z,DT_10th_and_Madison_Jefferson_1_20260528T071000.jpg,,,dataset_20260528/DT_10th_and_Madison_Jefferson_1/DT_10th_and_Madison_Jefferson_1_20260528T071000.jpg,illegal_dumping,done,2026-06-02T11:09:07.382672+00:00,0.033,0.864,0.9,,nvidia/cosmos-reason2-8b,"DUMPING PRESENT: Yes
ORDINANCE VIOLATION: Yes
WASTE TYPE: mixed
WASTE VOLUME: small (pickup truck)
WASTE ORIGIN: residential
PROPERTY TYPE: alley
ADDRESS MARKERS: NONE
GUTTER/ALLEY: Yes
WATER PROXIMITY: No
CHRONIC SITE: No
VEHICLES: NONE
IDENTIFIERS: NONE
SEVERITY: 2
ORDINANCE: Sec-46-45
PRIORITY: MEDIUM
SUMMARY: A small amount of mixed waste is illegally dumped in the alley, violating Brownsville's property owner liability ordinance (Sec. 46-45)."
20260602T105528Z,DT_10th_and_Madison_Jefferson_1_20260528T072000.jpg,,,dataset_20260528/DT_10th_and_Madison_Jefferson_1/DT_10th_and_Madison_Jefferson_1_20260528T072000.jpg,illegal_dumping,done,2026-06-02T11:09:07.753573+00:00,0.037,1.118,1.158,,nvidia/cosmos-reason2-8b,"DUMPING PRESENT: No
ORDINANCE VIOLATION: No
WASTE TYPE: mixed
WASTE VOLUME: small (pickup truck)
WASTE ORIGIN: residential
PROPERTY TYPE: right-of-way
ADDRESS MARKERS: NONE
GUTTER/ALLEY: Yes
WATER PROXIMITY: No
CHRONIC SITE: No
VEHICLES: <color, type, any text visible — or NONE>
IDENTIFIERS: <plates, signage, labels, individuals — or NONE>
SEVERITY: 1
ORDINANCE: N/A
PRIORITY: LOW
SUMMARY: No illegal dumping detected in the right-of-way area."
20260602T105528Z,DT_10th_and_Madison_Jefferson_1_20260528T073000.jpg,,,dataset_20260528/DT_10th_and_Madison_Jefferson_1/DT_10th_and_Madison_Jefferson_1_20260528T073000.jpg,illegal_dumping,done,2026-06-02T11:09:07.792309+00:00,0.034,0.938,0.975,,nvidia/cosmos-reason2-8b,"DUMPING PRESENT: No
ORDINANCE VIOLATION: No
WASTE TYPE: N/A
WASTE VOLUME: N/A
WASTE ORIGIN: N/A
PROPERTY TYPE: alley
ADDRESS MARKERS: NONE
GUTTER/ALLEY: Yes
WATER PROXIMITY: No
CHRONIC SITE: No
VEHICLES: None
IDENTIFIERS: N/A
SEVERITY: 1
ORDINANCE: N/A
PRIORITY: LOW
SUMMARY: No illegal dumping is observed in the alleyway."
20260602T105528Z,DT_10th_and_Madison_Jefferson_1_20260528T074000.jpg,,,dataset_20260528/DT_10th_and_Madison_Jefferson_1/DT_10th_and_Madison_Jefferson_1_20260528T074000.jpg,illegal_dumping,done,2026-06-02T11:09:07.952852+00:00,0.032,0.863,0.897,,nvidia/cosmos-reason2-8b,"DUMPING PRESENT: No
ORDINANCE VIOLATION: No
WASTE TYPE: N/A
WASTE VOLUME: N/A
WASTE ORIGIN: N/A
PROPERTY TYPE: alley
ADDRESS MARKERS: NONE
GUTTER/ALLEY: Yes
WATER PROXIMITY: No
CHRONIC SITE: No
VEHICLES: <color, type, any text visible — or NONE>
IDENTIFIERS: <plates, signage, labels, individuals — or NONE>
SEVERITY: 1
ORDINANCE: N/A
PRIORITY: LOW
SUMMARY: No illegal dumping observed in the alleyway; the area appears clean with no visible waste or debris."
20260602T105528Z,DT_10th_and_Madison_Jefferson_1_20260528T075000.jpg,,,dataset_20260528/DT_10th_and_Madison_Jefferson_1/DT_10th_and_Madison_Jefferson_1_20260528T075000.jpg,illegal_dumping,done,2026-06-02T11:09:08.285209+00:00,0.039,0.79,0.832,,nvidia/cosmos-reason2-8b,"DUMPING PRESENT: No
ORDINANCE VIOLATION: No
WASTE TYPE: mixed
WASTE VOLUME: small (pickup truck)
WASTE ORIGIN: residential
PROPERTY TYPE: alley
ADDRESS MARKERS: NONE
GUTTER/ALLEY: Yes
WATER PROXIMITY: No
CHRONIC SITE: No
VEHICLES: <color, type, any text visible — or NONE>
IDENTIFIERS: <plates, signage, labels, individuals — or NONE>
SEVERITY: 1
ORDINANCE: N/A
PRIORITY: LOW
SUMMARY: No illegal dumping observed in the alleyway; no waste or debris present."
20260602T105528Z,DT_10th_and_Madison_Jefferson_1_20260528T080000.jpg,,,dataset_20260528/DT_10th_and_Madison_Jefferson_1/DT_10th_and_Madison_Jefferson_1_20260528T080000.jpg,illegal_dumping,done,2026-06-02T11:09:08.770055+00:00,0.037,0.943,0.983,,nvidia/cosmos-reason2-8b,"DUMPING PRESENT: No
ORDINANCE VIOLATION: No
WASTE TYPE: mixed
WASTE VOLUME: small (pickup truck)
WASTE ORIGIN: residential
PROPERTY TYPE: alley
ADDRESS MARKERS: NONE
GUTTER/ALLEY: Yes
WATER PROXIMITY: No
CHRONIC SITE: No
VEHICLES: <color, type, any text visible — or NONE>
IDENTIFIERS: <plates, signage, labels, individuals — or NONE>
SEVERITY: 1
ORDINANCE: N/A
PRIORITY: LOW
SUMMARY: No illegal dumping observed in the alleyway."
20260602T105528Z,DT_10th_and_Madison_Jefferson_1_20260528T081000.jpg,,,dataset_20260528/DT_10th_and_Madison_Jefferson_1/DT_10th_and_Madison_Jefferson_1_20260528T081000.jpg,illegal_dumping,done,2026-06-02T11:09:08.852505+00:00,0.039,0.907,0.948,,nvidia/cosmos-reason2-8b,"DUMPING PRESENT: No
ORDINANCE VIOLATION: No
WASTE TYPE: N/A
WASTE VOLUME: N/A
WASTE ORIGIN: N/A
PROPERTY TYPE: alley
ADDRESS MARKERS: NONE
GUTTER/ALLEY: Yes
WATER PROXIMITY: No
CHRONIC SITE: No
VEHICLES: <color, type, any text visible — or NONE>
IDENTIFIERS: N/A
SEVERITY: 1
ORDINANCE: N/A
PRIORITY: LOW
SUMMARY: No illegal dumping observed in the alleyway; the scene appears clean with no visible waste or debris."
20260602T105528Z,DT_10th_and_Madison_Jefferson_1_20260528T082000.jpg,,,dataset_20260528/DT_10th_and_Madison_Jefferson_1/DT_10th_and_Madison_Jefferson_1_20260528T082000.jpg,illegal_dumping,done,2026-06-02T11:09:08.914030+00:00,0.034,1.095,1.13,,nvidia/cosmos-reason2-8b,"DUMPING PRESENT: No
ORDINANCE VIOLATION: No
WASTE TYPE: mixed
WASTE VOLUME: small (pickup truck)
WASTE ORIGIN: residential
PROPERTY TYPE: vacant-lot
ADDRESS MARKERS: NONE
GUTTER/ALLEY: No
WATER PROXIMITY: No
CHRONIC SITE: No
VEHICLES: NONE
IDENTIFIERS: NONE
SEVERITY: 1
ORDINANCE: N/A
PRIORITY: LOW
SUMMARY: No illegal dumping is observed in the video."
20260602T105528Z,DT_10th_and_Madison_Jefferson_1_20260528T083000.jpg,,,dataset_20260528/DT_10th_and_Madison_Jefferson_1/DT_10th_and_Madison_Jefferson_1_20260528T083000.jpg,illegal_dumping,done,2026-06-02T11:09:09.120531+00:00,0.035,0.85,0.888,,nvidia/cosmos-reason2-8b,"DUMPING PRESENT: No
ORDINANCE VIOLATION: No
WASTE TYPE: mixed
WASTE VOLUME: small (pickup truck)
WASTE ORIGIN: residential
PROPERTY TYPE: alley
ADDRESS MARKERS: NONE
GUTTER/ALLEY: Yes
WATER PROXIMITY: No
CHRONIC SITE: No
VEHICLES: None
IDENTIFIERS: None
SEVERITY: 1
ORDINANCE: N/A
PRIORITY: LOW
SUMMARY: No illegal dumping is observed in the alleyway."
20260602T105528Z,DT_10th_and_Madison_Jefferson_1_20260528T084000.jpg,,,dataset_20260528/DT_10th_and_Madison_Jefferson_1/DT_10th_and_Madison_Jefferson_1_20260528T084000.jpg,illegal_dumping,done,2026-06-02T11:09:09.755664+00:00,0.046,0.861,0.909,,nvidia/cosmos-reason2-8b,"DUMPING PRESENT: Yes
ORDINANCE VIOLATION: Yes
WASTE TYPE: mixed
WASTE VOLUME: small (pickup truck)
WASTE ORIGIN: residential
PROPERTY TYPE: alley
ADDRESS MARKERS: NONE
GUTTER/ALLEY: Yes
WATER PROXIMITY: No
CHRONIC SITE: No
VEHICLES: <NONE>
IDENTIFIERS: <NONE>
SEVERITY: 3
ORDINANCE: Sec-46-45
PRIORITY: MEDIUM
SUMMARY: Illegal dumping of mixed waste is observed in the alley, violating Brownsville's property owner liability ordinance.
"
20260602T105528Z,DT_10th_and_Madison_Jefferson_1_20260528T085000.jpg,,,dataset_20260528/DT_10th_and_Madison_Jefferson_1/DT_10th_and_Madison_Jefferson_1_20260528T085000.jpg,illegal_dumping,done,2026-06-02T11:09:09.803032+00:00,0.038,0.989,1.029,,nvidia/cosmos-reason2-8b,"DUMPING PRESENT: Yes
ORDINANCE VIOLATION: Yes
WASTE TYPE: mixed
WASTE VOLUME: small (pickup truck)
WASTE ORIGIN: residential
PROPERTY TYPE: alley
ADDRESS MARKERS: NONE
GUTTER/ALLEY: Yes
WATER PROXIMITY: No
CHRONIC SITE: No
VEHICLES: NONE
IDENTIFIERS: NONE
SEVERITY: 3
ORDINANCE: Sec-46-45
PRIORITY: MEDIUM
SUMMARY: A pile of mixed waste is illegally dumped in the alley, violating Brownsville's property owner liability ordinance.
"
20260602T105528Z,DT_10th_and_Madison_Jefferson_1_20260528T090000.jpg,,,dataset_20260528/DT_10th_and_Madison_Jefferson_1/DT_10th_and_Madison_Jefferson_1_20260528T090000.jpg,illegal_dumping,done,2026-06-02T11:09:10.010785+00:00,0.034,1.122,1.159,,nvidia/cosmos-reason2-8b,"DUMPING PRESENT: Yes
ORDINANCE VIOLATION: Yes
WASTE TYPE: mixed
WASTE VOLUME: small (pickup truck)
WASTE ORIGIN: residential
PROPERTY TYPE: alley
ADDRESS MARKERS: NONE
GUTTER/ALLEY: Yes
WATER PROXIMITY: No
CHRONIC SITE: No
VEHICLES: NONE
IDENTIFIERS: NONE
SEVERITY: 2
ORDINANCE: Sec-46-45
PRIORITY: MEDIUM
SUMMARY: A pile of mixed waste is located in the alley, which is considered illegal dumping on private property according to Sec. 46-45.
"
20260602T105528Z,DT_10th_and_Madison_Jefferson_1_20260528T091000.jpg,,,dataset_20260528/DT_10th_and_Madison_Jefferson_1/DT_10th_and_Madison_Jefferson_1_20260528T091000.jpg,illegal_dumping,done,2026-06-02T11:09:10.046539+00:00,0.038,1.018,1.058,,nvidia/cosmos-reason2-8b,"DUMPING PRESENT: No
ORDINANCE VIOLATION: No
WASTE TYPE: N/A
WASTE VOLUME: N/A
WASTE ORIGIN: N/A
PROPERTY TYPE: right-of-way
ADDRESS MARKERS: NONE
GUTTER/ALLEY: Yes
WATER PROXIMITY: No
CHRONIC SITE: No
VEHICLES: <color, type, any text visible — or NONE>
IDENTIFIERS: <plates, signage, labels, individuals — or NONE>
SEVERITY: 1
ORDINANCE: N/A
PRIORITY: LOW
SUMMARY: No dumping observed; scene shows a residential area with parked vehicles and greenery."
20260602T105528Z,DT_10th_and_Madison_Jefferson_1_20260528T092000.jpg,,,dataset_20260528/DT_10th_and_Madison_Jefferson_1/DT_10th_and_Madison_Jefferson_1_20260528T092000.jpg,illegal_dumping,done,2026-06-02T11:09:10.667598+00:00,0.036,0.7,0.739,,nvidia/cosmos-reason2-8b,"DUMPING PRESENT: No
ORDINANCE VIOLATION: No
WASTE TYPE: mixed
WASTE VOLUME: small (pickup truck)
WASTE ORIGIN: residential
PROPERTY TYPE: vacant-lot
ADDRESS MARKERS: NONE
GUTTER/ALLEY: No
WATER PROXIMITY: No
CHRONIC SITE: No
VEHICLES: NONE
IDENTIFIERS: NONE
SEVERITY: 1
ORDINANCE: N/A
PRIORITY: LOW
SUMMARY: No illegal dumping detected in the analyzed footage."
20260602T105528Z,DT_10th_and_Madison_Jefferson_1_20260528T093000.jpg,,,dataset_20260528/DT_10th_and_Madison_Jefferson_1/DT_10th_and_Madison_Jefferson_1_20260528T093000.jpg,illegal_dumping,done,2026-06-02T11:09:10.834239+00:00,0.038,0.69,0.73,,nvidia/cosmos-reason2-8b,"DUMPING PRESENT: No
ORDINANCE VIOLATION: No
WASTE TYPE: mixed
WASTE VOLUME: small (pickup truck)
WASTE ORIGIN: residential
PROPERTY TYPE: alley
ADDRESS MARKERS: NONE
GUTTER/ALLEY: Yes
WATER PROXIMITY: No
CHRONIC SITE: No
VEHICLES: NONE
IDENTIFIERS: NONE
SEVERITY: 1
ORDINANCE: N/A
PRIORITY: LOW
SUMMARY: No illegal dumping is observed in the alleyway."
20260602T105528Z,DT_10th_and_Madison_Jefferson_1_20260528T094000.jpg,,,dataset_20260528/DT_10th_and_Madison_Jefferson_1/DT_10th_and_Madison_Jefferson_1_20260528T094000.jpg,illegal_dumping,done,2026-06-02T11:09:11.107626+00:00,0.035,0.813,0.851,,nvidia/cosmos-reason2-8b,"DUMPING PRESENT: Yes
ORDINANCE VIOLATION: Yes
WASTE TYPE: mixed
WASTE VOLUME: small (pickup truck)
WASTE ORIGIN: residential
PROPERTY TYPE: alley
ADDRESS MARKERS: NONE
GUTTER/ALLEY: Yes
WATER PROXIMITY: No
CHRONIC SITE: No
VEHICLES: NONE
IDENTIFIERS: NONE
SEVERITY: 1
ORDINANCE: Sec-46-45
PRIORITY: LOW
SUMMARY: A pile of mixed waste is located in the alley, which is considered a minor violation under Sec-46-45 due to its small volume and residential origin.
"
20260602T105528Z,DT_10th_and_Madison_Jefferson_1_20260528T095000.jpg,,,dataset_20260528/DT_10th_and_Madison_Jefferson_1/DT_10th_and_Madison_Jefferson_1_20260528T095000.jpg,illegal_dumping,done,2026-06-02T11:09:11.171633+00:00,0.034,0.954,0.99,,nvidia/cosmos-reason2-8b,"DUMPING PRESENT: No
ORDINANCE VIOLATION: No
WASTE TYPE: mixed
WASTE VOLUME: small (pickup truck)
WASTE ORIGIN: residential
PROPERTY TYPE: alley
ADDRESS MARKERS: NONE
GUTTER/ALLEY: Yes
WATER PROXIMITY: No
CHRONIC SITE: No
VEHICLES: White SUV, Dark-colored SUV
IDENTIFIERS: NONE
SEVERITY: 1
ORDINANCE: N/A
PRIORITY: LOW
SUMMARY: No illegal dumping observed in the alleyway; vehicles parked along the side of the road."
20260602T105528Z,DT_10th_and_Madison_Jefferson_1_20260528T100000.jpg,,,dataset_20260528/DT_10th_and_Madison_Jefferson_1/DT_10th_and_Madison_Jefferson_1_20260528T100000.jpg,illegal_dumping,done,2026-06-02T11:09:11.409644+00:00,0.041,0.807,0.851,,nvidia/cosmos-reason2-8b,"DUMPING PRESENT: No
ORDINANCE VIOLATION: No
WASTE TYPE: <none detected>
WASTE VOLUME: <not applicable>
WASTE ORIGIN: <not applicable>
PROPERTY TYPE: right-of-way
ADDRESS MARKERS: NONE
GUTTER/ALLEY: No
WATER PROXIMITY: No
CHRONIC SITE: No
VEHICLES: None
IDENTIFIERS: <none>
SEVERITY: 1
ORDINANCE: N/A
PRIORITY: LOW
SUMMARY: No illegal dumping observed; the area appears clean with no visible waste or debris."
20260602T105528Z,DT_10th_and_Madison_Jefferson_1_20260528T101000.jpg,,,dataset_20260528/DT_10th_and_Madison_Jefferson_1/DT_10th_and_Madison_Jefferson_1_20260528T101000.jpg,illegal_dumping,done,2026-06-02T11:09:11.566497+00:00,0.036,0.827,0.866,,nvidia/cosmos-reason2-8b,"DUMPING PRESENT: No
ORDINANCE VIOLATION: No
WASTE TYPE: mixed
WASTE VOLUME: small (pickup truck)
WASTE ORIGIN: residential
PROPERTY TYPE: alley
ADDRESS MARKERS: NONE
GUTTER/ALLEY: Yes
WATER PROXIMITY: No
CHRONIC SITE: No
VEHICLES: <color, type, any text visible — or NONE>
IDENTIFIERS: <plates, signage, labels, individuals — or NONE>
SEVERITY: 1
ORDINANCE: N/A
PRIORITY: LOW
SUMMARY: No illegal dumping observed in the alleyway."
20260602T105528Z,DT_10th_and_Madison_Jefferson_1_20260528T102000.jpg,,,dataset_20260528/DT_10th_and_Madison_Jefferson_1/DT_10th_and_Madison_Jefferson_1_20260528T102000.jpg,illegal_dumping,done,2026-06-02T11:09:11.963321+00:00,0.039,0.648,0.69,,nvidia/cosmos-reason2-8b,"DUMPING PRESENT: No
ORDINANCE VIOLATION: No
WASTE TYPE: mixed
WASTE VOLUME: medium
WASTE ORIGIN: residential
PROPERTY TYPE: vacant-lot
ADDRESS MARKERS: NONE
GUTTER/ALLEY: No
WATER PROXIMITY: No
CHRONIC SITE: No
VEHICLES: NONE
IDENTIFIERS: NONE
SEVERITY: 1
ORDINANCE: N/A
PRIORITY: LOW
SUMMARY: No illegal dumping detected in the video."
20260602T105528Z,DT_10th_and_Madison_Jefferson_1_20260528T103000.jpg,,,dataset_20260528/DT_10th_and_Madison_Jefferson_1/DT_10th_and_Madison_Jefferson_1_20260528T103000.jpg,illegal_dumping,done,2026-06-02T11:09:12.164972+00:00,0.035,0.735,0.773,,nvidia/cosmos-reason2-8b,"DUMPING PRESENT: No
ORDINANCE VIOLATION: No
WASTE TYPE: mixed
WASTE VOLUME: small (pickup truck)
WASTE ORIGIN: residential
PROPERTY TYPE: vacant-lot
ADDRESS MARKERS: NONE
GUTTER/ALLEY: No
WATER PROXIMITY: No
CHRONIC SITE: No
VEHICLES: NONE
IDENTIFIERS: NONE
SEVERITY: 1
ORDINANCE: N/A
PRIORITY: LOW
SUMMARY: No illegal dumping detected in the video."
20260602T105528Z,DT_10th_and_Madison_Jefferson_1_20260528T104000.jpg,,,dataset_20260528/DT_10th_and_Madison_Jefferson_1/DT_10th_and_Madison_Jefferson_1_20260528T104000.jpg,illegal_dumping,done,2026-06-02T11:09:12.263719+00:00,0.031,0.774,0.808,,nvidia/cosmos-reason2-8b,"DUMPING PRESENT: No
ORDINANCE VIOLATION: No
WASTE TYPE: mixed
WASTE VOLUME: small (pickup truck)
WASTE ORIGIN: residential
PROPERTY TYPE: occupied-private
ADDRESS MARKERS: NONE
GUTTER/ALLEY: No
WATER PROXIMITY: No
CHRONIC SITE: No
VEHICLES: NONE
IDENTIFIERS: NONE
SEVERITY: 1
ORDINANCE: N/A
PRIORITY: LOW
SUMMARY: No illegal dumping detected in the video."
20260602T105528Z,DT_10th_and_Madison_Jefferson_1_20260528T105000.jpg,,,dataset_20260528/DT_10th_and_Madison_Jefferson_1/DT_10th_and_Madison_Jefferson_1_20260528T105000.jpg,illegal_dumping,done,2026-06-02T11:09:12.435152+00:00,0.037,0.823,0.863,,nvidia/cosmos-reason2-8b,"DUMPING PRESENT: No
ORDINANCE VIOLATION: No
WASTE TYPE: mixed
WASTE VOLUME: small (pickup truck)
WASTE ORIGIN: residential
PROPERTY TYPE: vacant-lot
ADDRESS MARKERS: NONE
GUTTER/ALLEY: No
WATER PROXIMITY: No
CHRONIC SITE: No
VEHICLES: NONE
IDENTIFIERS: NONE
SEVERITY: 1
ORDINANCE: N/A
PRIORITY: LOW
SUMMARY: No illegal dumping detected in the video."
20260602T105528Z,DT_10th_and_Madison_Jefferson_1_20260528T110000.jpg,,,dataset_20260528/DT_10th_and_Madison_Jefferson_1/DT_10th_and_Madison_Jefferson_1_20260528T110000.jpg,illegal_dumping,done,2026-06-02T11:09:12.656108+00:00,0.035,0.938,0.975,,nvidia/cosmos-reason2-8b,"DUMPING PRESENT: Yes
ORDINANCE VIOLATION: Yes
WASTE TYPE: mixed
WASTE VOLUME: small (pickup truck)
WASTE ORIGIN: residential
PROPERTY TYPE: alley
ADDRESS MARKERS: NONE
GUTTER/ALLEY: Yes
WATER PROXIMITY: No
CHRONIC SITE: No
VEHICLES: <color, type, any text visible — or NONE>
IDENTIFIERS: <plates, signage, labels, individuals — or NONE>
SEVERITY: 2
ORDINANCE: Sec-46-45
PRIORITY: MEDIUM
SUMMARY: A small pile of mixed waste is illegally dumped in the alley, violating Brownsville's ordinance against improper disposal on private or public property.
"
20260602T105528Z,DT_10th_and_Madison_Jefferson_1_20260528T111000.jpg,,,dataset_20260528/DT_10th_and_Madison_Jefferson_1/DT_10th_and_Madison_Jefferson_1_20260528T111000.jpg,illegal_dumping,done,2026-06-02T11:09:12.940452+00:00,0.038,0.858,0.899,,nvidia/cosmos-reason2-8b,"DUMPING PRESENT: Yes
ORDINANCE VIOLATION: Yes
WASTE TYPE: mixed
WASTE VOLUME: small (pickup truck)
WASTE ORIGIN: residential
PROPERTY TYPE: alley
ADDRESS MARKERS: NONE
GUTTER/ALLEY: Yes
WATER PROXIMITY: No
CHRONIC SITE: No
VEHICLES: <color, type, any text visible — or NONE>
IDENTIFIERS: <plates, signage, labels, individuals — or NONE>
SEVERITY: 2
ORDINANCE: Sec-46-45
PRIORITY: MEDIUM
SUMMARY: A small pile of mixed waste is illegally dumped in the alley, violating Brownsville's ordinance against illegal dumping on private or public property.
"
20260602T105528Z,DT_10th_and_Madison_Jefferson_1_20260528T112000.jpg,,,dataset_20260528/DT_10th_and_Madison_Jefferson_1/DT_10th_and_Madison_Jefferson_1_20260528T112000.jpg,illegal_dumping,done,2026-06-02T11:09:13.073959+00:00,0.031,0.796,0.83,,nvidia/cosmos-reason2-8b,"DUMPING PRESENT: No
ORDINANCE VIOLATION: No
WASTE TYPE: mixed
WASTE VOLUME: small (pickup truck)
WASTE ORIGIN: residential
PROPERTY TYPE: vacant-lot
ADDRESS MARKERS: NONE
GUTTER/ALLEY: No
WATER PROXIMITY: No
CHRONIC SITE: No
VEHICLES: NONE
IDENTIFIERS: NONE
SEVERITY: 1
ORDINANCE: N/A
PRIORITY: LOW
SUMMARY: No illegal dumping detected in the analyzed footage."
20260602T105528Z,DT_10th_and_Madison_Jefferson_1_20260528T113000.jpg,,,dataset_20260528/DT_10th_and_Madison_Jefferson_1/DT_10th_and_Madison_Jefferson_1_20260528T113000.jpg,illegal_dumping,done,2026-06-02T11:09:13.300507+00:00,0.029,0.861,0.893,,nvidia/cosmos-reason2-8b,"DUMPING PRESENT: Yes
ORDINANCE VIOLATION: Yes
WASTE TYPE: mixed
WASTE VOLUME: small (pickup truck)
WASTE ORIGIN: residential
PROPERTY TYPE: alley
ADDRESS MARKERS: NONE
GUTTER/ALLEY: Yes
WATER PROXIMITY: No
CHRONIC SITE: No
VEHICLES: <color, type, any text visible — or NONE>
IDENTIFIERS: <plates, signage, labels, individuals — or NONE>
SEVERITY: 2
ORDINANCE: Sec-46-45
PRIORITY: MEDIUM
SUMMARY: A pile of mixed waste is illegally dumped in the alley, violating Brownsville's property owner liability ordinance (Sec. 46-45)."
20260602T105528Z,DT_10th_and_Madison_Jefferson_1_20260528T114000.jpg,,,dataset_20260528/DT_10th_and_Madison_Jefferson_1/DT_10th_and_Madison_Jefferson_1_20260528T114000.jpg,illegal_dumping,done,2026-06-02T11:09:13.634024+00:00,0.035,0.757,0.794,,nvidia/cosmos-reason2-8b,"DUMPING PRESENT: Yes
ORDINANCE VIOLATION: Yes
WASTE TYPE: mixed
WASTE VOLUME: small (pickup truck)
WASTE ORIGIN: residential
PROPERTY TYPE: alley
ADDRESS MARKERS: NONE
GUTTER/ALLEY: Yes
WATER PROXIMITY: No
CHRONIC SITE: No
VEHICLES: NONE
IDENTIFIERS: NONE
SEVERITY: 2
ORDINANCE: Sec-46-45
PRIORITY: MEDIUM
SUMMARY: Illegal dumping is observed in the alley, violating Brownsville's property owner liability ordinance (Sec. 46-45)."
20260602T105528Z,DT_10th_and_Madison_Jefferson_1_20260528T115000.jpg,,,dataset_20260528/DT_10th_and_Madison_Jefferson_1/DT_10th_and_Madison_Jefferson_1_20260528T115000.jpg,illegal_dumping,done,2026-06-02T11:09:13.843156+00:00,0.033,0.729,0.765,,nvidia/cosmos-reason2-8b,"DUMPING PRESENT: No
ORDINANCE VIOLATION: No
WASTE TYPE: mixed
WASTE VOLUME: small (pickup truck)
WASTE ORIGIN: residential
PROPERTY TYPE: alley
ADDRESS MARKERS: NONE
GUTTER/ALLEY: Yes
WATER PROXIMITY: No
CHRONIC SITE: No
VEHICLES: None
IDENTIFIERS: None
SEVERITY: 1
ORDINANCE: N/A
PRIORITY: LOW
SUMMARY: No illegal dumping detected in the alleyway; the scene appears clean with no visible waste or debris."
20260602T105528Z,DT_10th_and_Madison_Jefferson_1_20260528T120000.jpg,,,dataset_20260528/DT_10th_and_Madison_Jefferson_1/DT_10th_and_Madison_Jefferson_1_20260528T120000.jpg,illegal_dumping,done,2026-06-02T11:09:13.905655+00:00,0.032,0.915,0.95,,nvidia/cosmos-reason2-8b,"DUMPING PRESENT: Yes
ORDINANCE VIOLATION: Yes
WASTE TYPE: mixed
WASTE VOLUME: small (pickup truck)
WASTE ORIGIN: residential
PROPERTY TYPE: alley
ADDRESS MARKERS: NONE
GUTTER/ALLEY: Yes
WATER PROXIMITY: No
CHRONIC SITE: No
VEHICLES: NONE
IDENTIFIERS: NONE
SEVERITY: 2
ORDINANCE: Sec-46-45
PRIORITY: MEDIUM
SUMMARY: A small pile of mixed waste is illegally dumped in the alley, violating Brownsville's property owner liability ordinance (Sec. 46-45)."
20260602T105528Z,DT_10th_and_Madison_Jefferson_1_20260528T121000.jpg,,,dataset_20260528/DT_10th_and_Madison_Jefferson_1/DT_10th_and_Madison_Jefferson_1_20260528T121000.jpg,illegal_dumping,done,2026-06-02T11:09:14.196154+00:00,0.038,1.355,1.395,,nvidia/cosmos-reason2-8b,"DUMPING PRESENT: No
ORDINANCE VIOLATION: No
WASTE TYPE: mixed
WASTE VOLUME: small (pickup truck)
WASTE ORIGIN: residential
PROPERTY TYPE: vacant-lot
ADDRESS MARKERS: NONE
GUTTER/ALLEY: No
WATER PROXIMITY: No
CHRONIC SITE: No
VEHICLES: NONE
IDENTIFIERS: NONE
SEVERITY: 1
ORDINANCE: N/A
PRIORITY: LOW
SUMMARY: No illegal dumping detected in the video."
20260602T105528Z,DT_10th_and_Madison_Jefferson_1_20260528T122000.jpg,,,dataset_20260528/DT_10th_and_Madison_Jefferson_1/DT_10th_and_Madison_Jefferson_1_20260528T122000.jpg,illegal_dumping,done,2026-06-02T11:09:14.430942+00:00,0.034,1.799,1.836,,nvidia/cosmos-reason2-8b,"DUMPING PRESENT: No
ORDINANCE VIOLATION: No
WASTE TYPE: mixed
WASTE VOLUME: small (pickup truck)
WASTE ORIGIN: residential
PROPERTY TYPE: vacant-lot
ADDRESS MARKERS: <NONE>
GUTTER/ALLEY: No
WATER PROXIMITY: No
CHRONIC SITE: No
VEHICLES: <NONE>
IDENTIFIERS: <NONE>
SEVERITY: 1
ORDINANCE: N/A
PRIORITY: LOW
SUMMARY: No illegal dumping detected; the scene shows a dirt path with greenery and a wooden fence, but no waste or debris is visible."
20260602T105528Z,DT_10th_and_Madison_Jefferson_1_20260528T123000.jpg,,,dataset_20260528/DT_10th_and_Madison_Jefferson_1/DT_10th_and_Madison_Jefferson_1_20260528T123000.jpg,illegal_dumping,done,2026-06-02T11:09:14.610280+00:00,0.035,1.408,1.445,,nvidia/cosmos-reason2-8b,"DUMPING PRESENT: No
ORDINANCE VIOLATION: No
WASTE TYPE: mixed
WASTE VOLUME: small (pickup truck)
WASTE ORIGIN: residential
PROPERTY TYPE: alley
ADDRESS MARKERS: NONE
GUTTER/ALLEY: Yes
WATER PROXIMITY: No
CHRONIC SITE: No
VEHICLES: None
IDENTIFIERS: None
SEVERITY: 1
ORDINANCE: N/A
PRIORITY: LOW
SUMMARY: No illegal dumping detected in the alleyway; the scene shows a clean environment with no visible waste or debris."
20260602T105528Z,DT_10th_and_Madison_Jefferson_1_20260528T124000.jpg,,,dataset_20260528/DT_10th_and_Madison_Jefferson_1/DT_10th_and_Madison_Jefferson_1_20260528T124000.jpg,illegal_dumping,done,2026-06-02T11:09:14.858080+00:00,0.035,1.046,1.083,,nvidia/cosmos-reason2-8b,"```json
DUMPING PRESENT: No
ORDINANCE VIOLATION: No
WASTE TYPE: mixed
WASTE VOLUME: small (pickup truck)
WASTE ORIGIN: residential
PROPERTY TYPE: alley
ADDRESS MARKERS: NONE
GUTTER/ALLEY: Yes
WATER PROXIMITY: No
CHRONIC SITE: No
VEHICLES: None
IDENTIFIERS: None
SEVERITY: 1
ORDINANCE: N/A
PRIORITY: LOW
SUMMARY: No illegal dumping detected; the scene shows a residential alley with parked vehicles and greenery.
```"
20260602T105528Z,DT_10th_and_Madison_Jefferson_1_20260528T125000.jpg,,,dataset_20260528/DT_10th_and_Madison_Jefferson_1/DT_10th_and_Madison_Jefferson_1_20260528T125000.jpg,illegal_dumping,done,2026-06-02T11:09:15.594267+00:00,0.036,0.776,0.815,,nvidia/cosmos-reason2-8b,"DUMPING PRESENT: No
ORDINANCE VIOLATION: No
WASTE TYPE: N/A
WASTE VOLUME: N/A
WASTE ORIGIN: N/A
PROPERTY TYPE: right-of-way
ADDRESS MARKERS: NONE
GUTTER/ALLEY: Yes
WATER PROXIMITY: No
CHRONIC SITE: No
VEHICLES: <color, type, any text visible — or NONE>
IDENTIFIERS: <plates, signage, labels, individuals — or NONE>
SEVERITY: 1
ORDINANCE: N/A
PRIORITY: LOW
SUMMARY: No dumping observed in the alleyway; no ordinance violations detected."
20260602T105528Z,DT_10th_and_Madison_Jefferson_1_20260528T130000.jpg,,,dataset_20260528/DT_10th_and_Madison_Jefferson_1/DT_10th_and_Madison_Jefferson_1_20260528T130000.jpg,illegal_dumping,done,2026-06-02T11:09:15.944198+00:00,0.033,0.685,0.721,,nvidia/cosmos-reason2-8b,"DUMPING PRESENT: No
ORDINANCE VIOLATION: No
WASTE TYPE: mixed
WASTE VOLUME: small (pickup truck)
WASTE ORIGIN: residential
PROPERTY TYPE: alley
ADDRESS MARKERS: NONE
GUTTER/ALLEY: Yes
WATER PROXIMITY: No
CHRONIC SITE: No
VEHICLES: None
IDENTIFIERS: None
SEVERITY: 1
ORDINANCE: N/A
PRIORITY: LOW
SUMMARY: No illegal dumping detected in the alleyway."
20260602T105528Z,DT_10th_and_Madison_Jefferson_1_20260528T131000.jpg,,,dataset_20260528/DT_10th_and_Madison_Jefferson_1/DT_10th_and_Madison_Jefferson_1_20260528T131000.jpg,illegal_dumping,done,2026-06-02T11:09:16.058068+00:00,0.031,0.842,0.875,,nvidia/cosmos-reason2-8b,"DUMPING PRESENT: No
ORDINANCE VIOLATION: No
WASTE TYPE: mixed
WASTE VOLUME: small (pickup truck)
WASTE ORIGIN: residential
PROPERTY TYPE: alley
ADDRESS MARKERS: NONE
GUTTER/ALLEY: Yes
WATER PROXIMITY: No
CHRONIC SITE: No
VEHICLES: <color, type, any text visible — or NONE>
IDENTIFIERS: <plates, signage, labels, individuals — or NONE>
SEVERITY: 1
ORDINANCE: N/A
PRIORITY: LOW
SUMMARY: No illegal dumping detected in the alleyway; no waste or debris visible on the ground or near the parked vehicles."
20260602T105528Z,DT_10th_and_Madison_Jefferson_1_20260528T132000.jpg,,,dataset_20260528/DT_10th_and_Madison_Jefferson_1/DT_10th_and_Madison_Jefferson_1_20260528T132000.jpg,illegal_dumping,done,2026-06-02T11:09:16.269930+00:00,0.037,0.794,0.834,,nvidia/cosmos-reason2-8b,"DUMPING PRESENT: No
ORDINANCE VIOLATION: No
WASTE TYPE: mixed
WASTE VOLUME: small (pickup truck)
WASTE ORIGIN: residential
PROPERTY TYPE: alley
ADDRESS MARKERS: NONE
GUTTER/ALLEY: Yes
WATER PROXIMITY: No
CHRONIC SITE: No
VEHICLES: None
IDENTIFIERS: None
SEVERITY: 1
ORDINANCE: N/A
PRIORITY: LOW
SUMMARY: No illegal dumping detected in the alleyway; no waste or debris visible on the ground or in the immediate vicinity of the vehicles."
20260602T105528Z,DT_10th_and_Madison_Jefferson_1_20260528T133000.jpg,,,dataset_20260528/DT_10th_and_Madison_Jefferson_1/DT_10th_and_Madison_Jefferson_1_20260528T133000.jpg,illegal_dumping,done,2026-06-02T11:09:16.412003+00:00,0.035,0.81,0.847,,nvidia/cosmos-reason2-8b,"DUMPING PRESENT: No
ORDINANCE VIOLATION: No
WASTE TYPE: mixed
WASTE VOLUME: small (pickup truck)
WASTE ORIGIN: residential
PROPERTY TYPE: alley
ADDRESS MARKERS: NONE
GUTTER/ALLEY: Yes
WATER PROXIMITY: No
CHRONIC SITE: No
VEHICLES: NONE
IDENTIFIERS: NONE
SEVERITY: 1
ORDINANCE: N/A
PRIORITY: LOW
SUMMARY: No illegal dumping detected in the alleyway; the scene shows parked vehicles and greenery without visible waste or debris."
20260602T105528Z,DT_10th_and_Madison_Jefferson_1_20260528T134000.jpg,,,dataset_20260528/DT_10th_and_Madison_Jefferson_1/DT_10th_and_Madison_Jefferson_1_20260528T134000.jpg,illegal_dumping,done,2026-06-02T11:09:16.668176+00:00,0.039,0.879,0.921,,nvidia/cosmos-reason2-8b,"DUMPING PRESENT: Yes
ORDINANCE VIOLATION: Yes
WASTE TYPE: mixed
WASTE VOLUME: small (pickup truck)
WASTE ORIGIN: residential
PROPERTY TYPE: alley
ADDRESS MARKERS: NONE
GUTTER/ALLEY: Yes
WATER PROXIMITY: No
CHRONIC SITE: No
VEHICLES: <color, type, any text visible — or NONE>
IDENTIFIERS: <plates, signage, labels, individuals — or NONE>
SEVERITY: 2
ORDINANCE: Sec-46-45
PRIORITY: MEDIUM
SUMMARY: A pickup truck is parked along the alley, and there is evidence of illegal dumping in the area.
"
20260602T105528Z,DT_10th_and_Madison_Jefferson_1_20260528T135000.jpg,,,dataset_20260528/DT_10th_and_Madison_Jefferson_1/DT_10th_and_Madison_Jefferson_1_20260528T135000.jpg,illegal_dumping,done,2026-06-02T11:09:16.935955+00:00,0.042,0.761,0.806,,nvidia/cosmos-reason2-8b,"DUMPING PRESENT: Yes
ORDINANCE VIOLATION: Yes
WASTE TYPE: mixed
WASTE VOLUME: small (pickup truck)
WASTE ORIGIN: residential
PROPERTY TYPE: alley
ADDRESS MARKERS: NONE
GUTTER/ALLEY: Yes
WATER PROXIMITY: No
CHRONIC SITE: No
VEHICLES: NONE
IDENTIFIERS: NONE
SEVERITY: 2
ORDINANCE: Sec-46-45
PRIORITY: MEDIUM
SUMMARY: A small pile of mixed waste is illegally dumped in the alley, violating Brownsville's property owner liability ordinance.
"
20260602T105528Z,DT_10th_and_Madison_Jefferson_1_20260528T140000.jpg,,,dataset_20260528/DT_10th_and_Madison_Jefferson_1/DT_10th_and_Madison_Jefferson_1_20260528T140000.jpg,illegal_dumping,done,2026-06-02T11:09:17.106360+00:00,0.035,0.736,0.773,,nvidia/cosmos-reason2-8b,"DUMPING PRESENT: No
ORDINANCE VIOLATION: No
WASTE TYPE: mixed
WASTE VOLUME: small (pickup truck)
WASTE ORIGIN: residential
PROPERTY TYPE: alley
ADDRESS MARKERS: NONE
GUTTER/ALLEY: Yes
WATER PROXIMITY: No
CHRONIC SITE: No
VEHICLES: NONE
IDENTIFIERS: NONE
SEVERITY: 1
ORDINANCE: N/A
PRIORITY: LOW
SUMMARY: No illegal dumping detected in the alleyway; the scene appears clean with no visible waste or debris."
20260602T105528Z,DT_10th_and_Madison_Jefferson_1_20260528T141000.jpg,,,dataset_20260528/DT_10th_and_Madison_Jefferson_1/DT_10th_and_Madison_Jefferson_1_20260528T141000.jpg,illegal_dumping,done,2026-06-02T11:09:17.262554+00:00,0.037,0.829,0.868,,nvidia/cosmos-reason2-8b,"DUMPING PRESENT: Yes
ORDINANCE VIOLATION: Yes
WASTE TYPE: mixed
WASTE VOLUME: small (pickup truck)
WASTE ORIGIN: residential
PROPERTY TYPE: right-of-way
ADDRESS MARKERS: NONE
GUTTER/ALLEY: Yes
WATER PROXIMITY: No
CHRONIC SITE: No
VEHICLES: NONE
IDENTIFIERS: NONE
SEVERITY: 2
ORDINANCE: Sec-46-45
PRIORITY: MEDIUM
SUMMARY: Illegal dumping is present on the right-of-way, violating Brownsville's property owner liability ordinance (Sec. 46-45)."
20260602T105528Z,DT_10th_and_Madison_Jefferson_1_20260528T142000.jpg,,,dataset_20260528/DT_10th_and_Madison_Jefferson_1/DT_10th_and_Madison_Jefferson_1_20260528T142000.jpg,illegal_dumping,done,2026-06-02T11:09:17.592218+00:00,0.034,0.785,0.822,,nvidia/cosmos-reason2-8b,"DUMPING PRESENT: Yes
ORDINANCE VIOLATION: Yes
WASTE TYPE: mixed
WASTE VOLUME: small (pickup truck)
WASTE ORIGIN: residential
PROPERTY TYPE: vacant-lot
ADDRESS MARKERS: NONE
GUTTER/ALLEY: No
WATER PROXIMITY: No
CHRONIC SITE: No
VEHICLES: NONE
IDENTIFIERS: NONE
SEVERITY: 3
ORDINANCE: Sec-46-45
PRIORITY: MEDIUM
SUMMARY: A vehicle is parked on a private lot with visible illegal dumping, violating Brownsville, Texas Sec. 46-45.
"
20260602T105528Z,DT_10th_and_Madison_Jefferson_1_20260528T143000.jpg,,,dataset_20260528/DT_10th_and_Madison_Jefferson_1/DT_10th_and_Madison_Jefferson_1_20260528T143000.jpg,illegal_dumping,done,2026-06-02T11:09:17.745233+00:00,0.034,0.713,0.748,,nvidia/cosmos-reason2-8b,"DUMPING PRESENT: No
ORDINANCE VIOLATION: No
WASTE TYPE: mixed
WASTE VOLUME: small (pickup truck)
WASTE ORIGIN: residential
PROPERTY TYPE: alley
ADDRESS MARKERS: NONE
GUTTER/ALLEY: Yes
WATER PROXIMITY: No
CHRONIC SITE: No
VEHICLES: None
IDENTIFIERS: None
SEVERITY: 1
ORDINANCE: N/A
PRIORITY: LOW
SUMMARY: No illegal dumping is observed in the alleyway."
20260602T105528Z,DT_10th_and_Madison_Jefferson_1_20260528T144000.jpg,,,dataset_20260528/DT_10th_and_Madison_Jefferson_1/DT_10th_and_Madison_Jefferson_1_20260528T144000.jpg,illegal_dumping,done,2026-06-02T11:09:17.882164+00:00,0.038,0.882,0.923,,nvidia/cosmos-reason2-8b,"DUMPING PRESENT: No
ORDINANCE VIOLATION: No
WASTE TYPE: mixed
WASTE VOLUME: small (pickup truck)
WASTE ORIGIN: residential
PROPERTY TYPE: alley
ADDRESS MARKERS: NONE
GUTTER/ALLEY: Yes
WATER PROXIMITY: No
CHRONIC SITE: No
VEHICLES: NONE
IDENTIFIERS: NONE
SEVERITY: 1
ORDINANCE: N/A
PRIORITY: LOW
SUMMARY: No illegal dumping detected in the alleyway; the scene appears clean with no visible waste or debris."
20260602T105528Z,DT_10th_and_Madison_Jefferson_1_20260528T145000.jpg,,,dataset_20260528/DT_10th_and_Madison_Jefferson_1/DT_10th_and_Madison_Jefferson_1_20260528T145000.jpg,illegal_dumping,done,2026-06-02T11:09:18.133381+00:00,0.036,0.747,0.786,,nvidia/cosmos-reason2-8b,"DUMPING PRESENT: No
ORDINANCE VIOLATION: No
WASTE TYPE: mixed
WASTE VOLUME: small (pickup truck)
WASTE ORIGIN: residential
PROPERTY TYPE: right-of-way
ADDRESS MARKERS: NONE
GUTTER/ALLEY: Yes
WATER PROXIMITY: No
CHRONIC SITE: No
VEHICLES: <color, type, any text visible — or NONE>
IDENTIFIERS: <plates, signage, labels, individuals — or NONE>
SEVERITY: 1
ORDINANCE: N/A
PRIORITY: LOW
SUMMARY: No illegal dumping detected in the right-of-way area."
20260602T105528Z,DT_10th_and_Madison_Jefferson_1_20260528T150000.jpg,,,dataset_20260528/DT_10th_and_Madison_Jefferson_1/DT_10th_and_Madison_Jefferson_1_20260528T150000.jpg,illegal_dumping,done,2026-06-02T11:09:18.417032+00:00,0.03,0.76,0.793,,nvidia/cosmos-reason2-8b,"DUMPING PRESENT: No
ORDINANCE VIOLATION: No
WASTE TYPE: mixed
WASTE VOLUME: small (pickup truck)
WASTE ORIGIN: residential
PROPERTY TYPE: alley
ADDRESS MARKERS: NONE
GUTTER/ALLEY: Yes
WATER PROXIMITY: No
CHRONIC SITE: No
VEHICLES: <color, type, any text visible — or NONE>
IDENTIFIERS: <plates, signage, labels, individuals — or NONE>
SEVERITY: 1
ORDINANCE: N/A
PRIORITY: LOW
SUMMARY: No illegal dumping detected in the alleyway; the area appears clean with no visible waste or debris."
20260602T105528Z,DT_10th_and_Madison_Jefferson_1_20260528T151000.jpg,,,dataset_20260528/DT_10th_and_Madison_Jefferson_1/DT_10th_and_Madison_Jefferson_1_20260528T151000.jpg,illegal_dumping,done,2026-06-02T11:09:18.496185+00:00,0.035,0.794,0.832,,nvidia/cosmos-reason2-8b,"DUMPING PRESENT: No
ORDINANCE VIOLATION: No
WASTE TYPE: mixed
WASTE VOLUME: small (pickup truck)
WASTE ORIGIN: residential
PROPERTY TYPE: alley
ADDRESS MARKERS: NONE
GUTTER/ALLEY: Yes
WATER PROXIMITY: No
CHRONIC SITE: No
VEHICLES: <color, type, any text visible — or NONE>
IDENTIFIERS: <plates, signage, labels, individuals — or NONE>
SEVERITY: 1
ORDINANCE: N/A
PRIORITY: LOW
SUMMARY: No illegal dumping is observed in the alleyway."
20260602T105528Z,DT_10th_and_Madison_Jefferson_1_20260528T152000.jpg,,,dataset_20260528/DT_10th_and_Madison_Jefferson_1/DT_10th_and_Madison_Jefferson_1_20260528T152000.jpg,illegal_dumping,done,2026-06-02T11:09:18.807161+00:00,0.035,0.691,0.729,,nvidia/cosmos-reason2-8b,"DUMPING PRESENT: No
ORDINANCE VIOLATION: No
WASTE TYPE: mixed
WASTE VOLUME: small (pickup truck)
WASTE ORIGIN: residential
PROPERTY TYPE: alley
ADDRESS MARKERS: NONE
GUTTER/ALLEY: Yes
WATER PROXIMITY: No
CHRONIC SITE: No
VEHICLES: NONE
IDENTIFIERS: NONE
SEVERITY: 1
ORDINANCE: N/A
PRIORITY: LOW
SUMMARY: No illegal dumping detected in the alleyway; the scene appears clean with no visible waste or debris."
20260602T105528Z,DT_10th_and_Madison_Jefferson_1_20260528T153000.jpg,,,dataset_20260528/DT_10th_and_Madison_Jefferson_1/DT_10th_and_Madison_Jefferson_1_20260528T153000.jpg,illegal_dumping,done,2026-06-02T11:09:18.921751+00:00,0.03,0.906,0.939,,nvidia/cosmos-reason2-8b,"DUMPING PRESENT: No
ORDINANCE VIOLATION: No
WASTE TYPE: N/A
WASTE VOLUME: N/A
WASTE ORIGIN: N/A
PROPERTY TYPE: roadside
ADDRESS MARKERS: NONE
GUTTER/ALLEY: No
WATER PROXIMITY: No
CHRONIC SITE: No
VEHICLES: <color, type, any text visible — or NONE>
IDENTIFIERS: <plates, signage, labels, individuals — or NONE>
SEVERITY: 1
ORDINANCE: N/A
PRIORITY: LOW
SUMMARY: No illegal dumping detected; the scene shows a residential area with parked vehicles and greenery along the roadside."
20260602T105528Z,DT_10th_and_Madison_Jefferson_1_20260528T154000.jpg,,,dataset_20260528/DT_10th_and_Madison_Jefferson_1/DT_10th_and_Madison_Jefferson_1_20260528T154000.jpg,illegal_dumping,done,2026-06-02T11:09:19.212715+00:00,0.032,0.824,0.859,,nvidia/cosmos-reason2-8b,"DUMPING PRESENT: Yes
ORDINANCE VIOLATION: Yes
WASTE TYPE: mixed
WASTE VOLUME: small (pickup truck)
WASTE ORIGIN: residential
PROPERTY TYPE: right-of-way
ADDRESS MARKERS: NONE
GUTTER/ALLEY: Yes
WATER PROXIMITY: No
CHRONIC SITE: No
VEHICLES: NONE
IDENTIFIERS: NONE
SEVERITY: 2
ORDINANCE: Sec-46-45
PRIORITY: MEDIUM
SUMMARY: A pile of mixed waste is illegally dumped in the right-of-way, violating Brownsville's property owner liability ordinance.
"
20260602T105528Z,DT_10th_and_Madison_Jefferson_1_20260528T160000.jpg,,,dataset_20260528/DT_10th_and_Madison_Jefferson_1/DT_10th_and_Madison_Jefferson_1_20260528T160000.jpg,illegal_dumping,done,2026-06-02T11:09:19.330648+00:00,0.03,0.871,0.903,,nvidia/cosmos-reason2-8b,"DUMPING PRESENT: No
ORDINANCE VIOLATION: No
WASTE TYPE: mixed
WASTE VOLUME: small (pickup truck)
WASTE ORIGIN: residential
PROPERTY TYPE: alley
ADDRESS MARKERS: NONE
GUTTER/ALLEY: Yes
WATER PROXIMITY: No
CHRONIC SITE: No
VEHICLES: NONE
IDENTIFIERS: NONE
SEVERITY: 1
ORDINANCE: N/A
PRIORITY: LOW
SUMMARY: No illegal dumping observed in the alleyway; no waste or debris present."
20260602T105528Z,DT_10th_and_Madison_Jefferson_1_20260528T161000.jpg,,,dataset_20260528/DT_10th_and_Madison_Jefferson_1/DT_10th_and_Madison_Jefferson_1_20260528T161000.jpg,illegal_dumping,done,2026-06-02T11:09:19.538980+00:00,0.037,0.872,0.912,,nvidia/cosmos-reason2-8b,"DUMPING PRESENT: No
ORDINANCE VIOLATION: No
WASTE TYPE: N/A
WASTE VOLUME: N/A
WASTE ORIGIN: N/A
PROPERTY TYPE: right-of-way
ADDRESS MARKERS: NONE
GUTTER/ALLEY: Yes
WATER PROXIMITY: No
CHRONIC SITE: No
VEHICLES: <NONE>
IDENTIFIERS: <NONE>
SEVERITY: 1
ORDINANCE: N/A
PRIORITY: LOW
SUMMARY: No illegal dumping detected in the right-of-way area."
20260602T105528Z,DT_10th_and_Madison_Jefferson_1_20260528T162000.jpg,,,dataset_20260528/DT_10th_and_Madison_Jefferson_1/DT_10th_and_Madison_Jefferson_1_20260528T162000.jpg,illegal_dumping,done,2026-06-02T11:09:19.863021+00:00,0.039,0.613,0.655,,nvidia/cosmos-reason2-8b,"DUMPING PRESENT: No
ORDINANCE VIOLATION: No
WASTE TYPE: mixed
WASTE VOLUME: small (pickup truck)
WASTE ORIGIN: residential
PROPERTY TYPE: occupied-private
ADDRESS MARKERS: NONE
GUTTER/ALLEY: No
WATER PROXIMITY: No
CHRONIC SITE: No
VEHICLES: NONE
IDENTIFIERS: NONE
SEVERITY: 1
ORDINANCE: N/A
PRIORITY: LOW
SUMMARY: No illegal dumping is observed in the video."
20260602T105528Z,DT_10th_and_Madison_Jefferson_1_20260528T163000.jpg,,,dataset_20260528/DT_10th_and_Madison_Jefferson_1/DT_10th_and_Madison_Jefferson_1_20260528T163000.jpg,illegal_dumping,done,2026-06-02T11:09:20.074370+00:00,0.034,0.926,0.962,,nvidia/cosmos-reason2-8b,"DUMPING PRESENT: No
ORDINANCE VIOLATION: No
WASTE TYPE: mixed
WASTE VOLUME: small (pickup truck)
WASTE ORIGIN: residential
PROPERTY TYPE: alley
ADDRESS MARKERS: NONE
GUTTER/ALLEY: Yes
WATER PROXIMITY: No
CHRONIC SITE: No
VEHICLES: <color, type, any text visible — or NONE>
IDENTIFIERS: <plates, signage, labels, individuals — or NONE>
SEVERITY: 1
ORDINANCE: N/A
PRIORITY: LOW
SUMMARY: No illegal dumping observed in the alleyway."
20260602T105528Z,DT_10th_and_Madison_Jefferson_1_20260528T164000.jpg,,,dataset_20260528/DT_10th_and_Madison_Jefferson_1/DT_10th_and_Madison_Jefferson_1_20260528T164000.jpg,illegal_dumping,done,2026-06-02T11:09:20.236200+00:00,0.039,0.805,0.847,,nvidia/cosmos-reason2-8b,"DUMPING PRESENT: Yes
ORDINANCE VIOLATION: Yes
WASTE TYPE: mixed
WASTE VOLUME: small (pickup truck)
WASTE ORIGIN: residential
PROPERTY TYPE: right-of-way
ADDRESS MARKERS: NONE
GUTTER/ALLEY: Yes
WATER PROXIMITY: No
CHRONIC SITE: No
VEHICLES: NONE
IDENTIFIERS: NONE
SEVERITY: 2
ORDINANCE: Sec-46-45
PRIORITY: MEDIUM
SUMMARY: Illegal dumping of mixed waste is present in the right-of-way, violating Brownsville's property owner liability ordinance.
"
20260602T105528Z,DT_10th_and_Madison_Jefferson_1_20260528T165000.jpg,,,dataset_20260528/DT_10th_and_Madison_Jefferson_1/DT_10th_and_Madison_Jefferson_1_20260528T165000.jpg,illegal_dumping,done,2026-06-02T11:09:20.453506+00:00,0.037,0.778,0.817,,nvidia/cosmos-reason2-8b,"DUMPING PRESENT: No
ORDINANCE VIOLATION: No
WASTE TYPE: mixed
WASTE VOLUME: small (pickup truck)
WASTE ORIGIN: residential
PROPERTY TYPE: right-of-way
ADDRESS MARKERS: NONE
GUTTER/ALLEY: Yes
WATER PROXIMITY: No
CHRONIC SITE: No
VEHICLES: <color, type, any text visible — or NONE>
IDENTIFIERS: <plates, signage, labels, individuals — or NONE>
SEVERITY: 1
ORDINANCE: N/A
PRIORITY: LOW
SUMMARY: No illegal dumping observed in the right-of-way area."
20260602T105528Z,DT_10th_and_Madison_Jefferson_1_20260528T170000.jpg,,,dataset_20260528/DT_10th_and_Madison_Jefferson_1/DT_10th_and_Madison_Jefferson_1_20260528T170000.jpg,illegal_dumping,done,2026-06-02T11:09:20.519706+00:00,0.031,0.845,0.878,,nvidia/cosmos-reason2-8b,"DUMPING PRESENT: No
ORDINANCE VIOLATION: No
WASTE TYPE: mixed
WASTE VOLUME: small (pickup truck)
WASTE ORIGIN: residential
PROPERTY TYPE: alley
ADDRESS MARKERS: NONE
GUTTER/ALLEY: Yes
WATER PROXIMITY: No
CHRONIC SITE: No
VEHICLES: <color, type, any text visible — or NONE>
IDENTIFIERS: <plates, signage, labels, individuals — or NONE>
SEVERITY: 1
ORDINANCE: N/A
PRIORITY: LOW
SUMMARY: No illegal dumping observed in the alleyway."
20260602T105528Z,DT_10th_and_Madison_Jefferson_1_20260528T171000.jpg,,,dataset_20260528/DT_10th_and_Madison_Jefferson_1/DT_10th_and_Madison_Jefferson_1_20260528T171000.jpg,illegal_dumping,done,2026-06-02T11:09:21.039442+00:00,0.032,0.834,0.88,,nvidia/cosmos-reason2-8b,"DUMPING PRESENT: Yes
ORDINANCE VIOLATION: Yes
WASTE TYPE: mixed
WASTE VOLUME: small (pickup truck)
WASTE ORIGIN: residential
PROPERTY TYPE: right-of-way
ADDRESS MARKERS: NONE
GUTTER/ALLEY: Yes
WATER PROXIMITY: No
CHRONIC SITE: No
VEHICLES: <NONE>
IDENTIFIERS: <NONE>
SEVERITY: 3
ORDINANCE: Sec-46-45
PRIORITY: MEDIUM
SUMMARY: Illegal dumping of mixed waste is present on a right-of-way, violating Brownsville's property owner liability ordinance (Sec. 46-45).
"
20260602T105528Z,DT_10th_and_Madison_Jefferson_1_20260528T172000.jpg,,,dataset_20260528/DT_10th_and_Madison_Jefferson_1/DT_10th_and_Madison_Jefferson_1_20260528T172000.jpg,illegal_dumping,done,2026-06-02T11:09:21.085978+00:00,0.042,0.93,0.975,,nvidia/cosmos-reason2-8b,"DUMPING PRESENT: No
ORDINANCE VIOLATION: No
WASTE TYPE: mixed
WASTE VOLUME: small (pickup truck)
WASTE ORIGIN: residential
PROPERTY TYPE: alley
ADDRESS MARKERS: NONE
GUTTER/ALLEY: Yes
WATER PROXIMITY: No
CHRONIC SITE: No
VEHICLES: <color, type, any text visible — or NONE>
IDENTIFIERS: <plates, signage, labels, individuals — or NONE>
SEVERITY: 1
ORDINANCE: N/A
PRIORITY: LOW
SUMMARY: No illegal dumping observed in the alleyway; no waste or debris present on the ground or near the parked vehicles."
20260602T105528Z,DT_10th_and_Madison_Jefferson_1_20260528T173000.jpg,,,dataset_20260528/DT_10th_and_Madison_Jefferson_1/DT_10th_and_Madison_Jefferson_1_20260528T173000.jpg,illegal_dumping,done,2026-06-02T11:09:21.274101+00:00,0.034,1.187,1.224,,nvidia/cosmos-reason2-8b,"DUMPING PRESENT: No
ORDINANCE VIOLATION: No
WASTE TYPE: mixed
WASTE VOLUME: small (pickup truck)
WASTE ORIGIN: residential
PROPERTY TYPE: alley
ADDRESS MARKERS: NONE
GUTTER/ALLEY: Yes
WATER PROXIMITY: No
CHRONIC SITE: No
VEHICLES: <color, type, any text visible — or NONE>
IDENTIFIERS: <plates, signage, labels, individuals — or NONE>
SEVERITY: 1
ORDINANCE: N/A
PRIORITY: LOW
SUMMARY: No illegal dumping is observed in the alleyway; the scene appears clean with no visible waste or debris."
20260602T105528Z,DT_10th_and_Madison_Jefferson_1_20260528T174000.jpg,,,dataset_20260528/DT_10th_and_Madison_Jefferson_1/DT_10th_and_Madison_Jefferson_1_20260528T174000.jpg,illegal_dumping,done,2026-06-02T11:09:21.399765+00:00,0.032,1.142,1.177,,nvidia/cosmos-reason2-8b,"DUMPING PRESENT: Yes
ORDINANCE VIOLATION: Yes
WASTE TYPE: mixed
WASTE VOLUME: small (pickup truck)
WASTE ORIGIN: residential
PROPERTY TYPE: vacant-lot
ADDRESS MARKERS: NONE
GUTTER/ALLEY: Yes
WATER PROXIMITY: No
CHRONIC SITE: No
VEHICLES: <color, type, any text visible — or NONE>
IDENTIFIERS: <plates, signage, labels, individuals — or NONE>
SEVERITY: 2
ORDINANCE: Sec-46-45
PRIORITY: MEDIUM
SUMMARY: A pickup truck is parked on a dirt road with its bed filled with mixed waste, indicating illegal dumping on a vacant lot.
"
20260602T105528Z,DT_10th_and_Madison_Jefferson_1_20260528T175000.jpg,,,dataset_20260528/DT_10th_and_Madison_Jefferson_1/DT_10th_and_Madison_Jefferson_1_20260528T175000.jpg,illegal_dumping,done,2026-06-02T11:09:21.922631+00:00,0.039,0.76,0.801,,nvidia/cosmos-reason2-8b,"DUMPING PRESENT: No
ORDINANCE VIOLATION: No
WASTE TYPE: N/A
WASTE VOLUME: N/A
WASTE ORIGIN: N/A
PROPERTY TYPE: alley
ADDRESS MARKERS: NONE
GUTTER/ALLEY: Yes
WATER PROXIMITY: No
CHRONIC SITE: No
VEHICLES: <color, type, any text visible — or NONE>
IDENTIFIERS: <plates, signage, labels, individuals — or NONE>
SEVERITY: 1
ORDINANCE: N/A
PRIORITY: LOW
SUMMARY: No dumping observed in the alleyway."
20260602T105528Z,DT_10th_and_Madison_Jefferson_1_20260528T180000.jpg,,,dataset_20260528/DT_10th_and_Madison_Jefferson_1/DT_10th_and_Madison_Jefferson_1_20260528T180000.jpg,illegal_dumping,done,2026-06-02T11:09:22.064028+00:00,0.037,0.796,0.835,,nvidia/cosmos-reason2-8b,"DUMPING PRESENT: Yes
ORDINANCE VIOLATION: Yes
WASTE TYPE: mixed
WASTE VOLUME: small (pickup truck)
WASTE ORIGIN: residential
PROPERTY TYPE: right-of-way
ADDRESS MARKERS: NONE
GUTTER/ALLEY: No
WATER PROXIMITY: No
CHRONIC SITE: No
VEHICLES: <NONE>
IDENTIFIERS: <NONE>
SEVERITY: 3
ORDINANCE: Sec-46-45
PRIORITY: MEDIUM
SUMMARY: A small pile of mixed waste is illegally dumped on the right-of-way, violating Brownsville's property owner liability ordinance.
"
20260602T105528Z,DT_10th_and_Madison_Jefferson_1_20260528T181000.jpg,,,dataset_20260528/DT_10th_and_Madison_Jefferson_1/DT_10th_and_Madison_Jefferson_1_20260528T181000.jpg,illegal_dumping,done,2026-06-02T11:09:22.501138+00:00,0.036,0.866,0.905,,nvidia/cosmos-reason2-8b,"DUMPING PRESENT: Yes
ORDINANCE VIOLATION: Yes
WASTE TYPE: mixed
WASTE VOLUME: small (pickup truck)
WASTE ORIGIN: residential
PROPERTY TYPE: right-of-way
ADDRESS MARKERS: NONE
GUTTER/ALLEY: No
WATER PROXIMITY: No
CHRONIC SITE: No
VEHICLES: NONE
IDENTIFIERS: NONE
SEVERITY: 2
ORDINANCE: Sec-46-45
PRIORITY: MEDIUM
SUMMARY: A pickup truck is parked on the right-of-way with its bed filled with mixed waste, violating Brownsville's illegal dumping ordinance.
"
20260602T105528Z,DT_10th_and_Madison_Jefferson_1_20260528T182000.jpg,,,dataset_20260528/DT_10th_and_Madison_Jefferson_1/DT_10th_and_Madison_Jefferson_1_20260528T182000.jpg,illegal_dumping,done,2026-06-02T11:09:22.578715+00:00,0.04,0.972,1.014,,nvidia/cosmos-reason2-8b,"DUMPING PRESENT: Yes
ORDINANCE VIOLATION: Yes
WASTE TYPE: mixed
WASTE VOLUME: small (pickup truck)
WASTE ORIGIN: residential
PROPERTY TYPE: right-of-way
ADDRESS MARKERS: NONE
GUTTER/ALLEY: Yes
WATER PROXIMITY: No
CHRONIC SITE: No
VEHICLES: <color, type, any text visible — or NONE>
IDENTIFIERS: <plates, signage, labels, individuals — or NONE>
SEVERITY: 2
ORDINANCE: Sec-46-45
PRIORITY: MEDIUM
SUMMARY: A pickup truck is parked on the right-of-way with its bed filled with mixed waste, violating Brownsville's illegal dumping ordinance.
"
20260602T105528Z,DT_10th_and_Madison_Jefferson_1_20260528T183000.jpg,,,dataset_20260528/DT_10th_and_Madison_Jefferson_1/DT_10th_and_Madison_Jefferson_1_20260528T183000.jpg,illegal_dumping,done,2026-06-02T11:09:22.726066+00:00,0.038,1.133,1.174,,nvidia/cosmos-reason2-8b,"DUMPING PRESENT: Yes
ORDINANCE VIOLATION: Yes
WASTE TYPE: mixed
WASTE VOLUME: small (pickup truck)
WASTE ORIGIN: residential
PROPERTY TYPE: right-of-way
ADDRESS MARKERS: NONE
GUTTER/ALLEY: No
WATER PROXIMITY: No
CHRONIC SITE: No
VEHICLES: <color, type, any text visible — or NONE>
IDENTIFIERS: <plates, signage, labels, individuals — or NONE>
SEVERITY: 2
ORDINANCE: Sec-46-45
PRIORITY: MEDIUM
SUMMARY: A vehicle is parked on the right-of-way with visible debris, indicating illegal dumping that violates property owner liability under Sec. 46-45.
"
20260602T105528Z,DT_10th_and_Madison_Jefferson_1_20260528T184000.jpg,,,dataset_20260528/DT_10th_and_Madison_Jefferson_1/DT_10th_and_Madison_Jefferson_1_20260528T184000.jpg,illegal_dumping,done,2026-06-02T11:09:22.901282+00:00,0.035,1.076,1.113,,nvidia/cosmos-reason2-8b,"DUMPING PRESENT: Yes
ORDINANCE VIOLATION: Yes
WASTE TYPE: mixed
WASTE VOLUME: small (pickup truck)
WASTE ORIGIN: residential
PROPERTY TYPE: alley
ADDRESS MARKERS: NONE
GUTTER/ALLEY: Yes
WATER PROXIMITY: No
CHRONIC SITE: No
VEHICLES: <color, type, any text visible — or NONE>
IDENTIFIERS: <plates, signage, labels, individuals — or NONE>
SEVERITY: 2
ORDINANCE: Sec-46-45
PRIORITY: MEDIUM
SUMMARY: A small pile of mixed waste is illegally dumped in the alley, violating Brownsville's ordinance against improper disposal on private or public property.
"
20260602T105528Z,DT_10th_and_Madison_Jefferson_1_20260528T185000.jpg,,,dataset_20260528/DT_10th_and_Madison_Jefferson_1/DT_10th_and_Madison_Jefferson_1_20260528T185000.jpg,illegal_dumping,done,2026-06-02T11:09:23.408705+00:00,0.036,0.702,0.74,,nvidia/cosmos-reason2-8b,"DUMPING PRESENT: No
ORDINANCE VIOLATION: No
WASTE TYPE: mixed
WASTE VOLUME: small (pickup truck)
WASTE ORIGIN: residential
PROPERTY TYPE: alley
ADDRESS MARKERS: NONE
GUTTER/ALLEY: Yes
WATER PROXIMITY: No
CHRONIC SITE: No
VEHICLES: <color, type, any text visible — or NONE>
IDENTIFIERS: <plates, signage, labels, individuals — or NONE>
SEVERITY: 1
ORDINANCE: N/A
PRIORITY: LOW
SUMMARY: No illegal dumping observed in the alleyway."
20260602T105528Z,DT_10th_and_Madison_Jefferson_1_20260528T190000.jpg,,,dataset_20260528/DT_10th_and_Madison_Jefferson_1/DT_10th_and_Madison_Jefferson_1_20260528T190000.jpg,illegal_dumping,done,2026-06-02T11:09:23.595456+00:00,0.031,0.797,0.831,,nvidia/cosmos-reason2-8b,"DUMPING PRESENT: Yes
ORDINANCE VIOLATION: Yes
WASTE TYPE: mixed
WASTE VOLUME: small (pickup truck)
WASTE ORIGIN: residential
PROPERTY TYPE: alley
ADDRESS MARKERS: NONE
GUTTER/ALLEY: Yes
WATER PROXIMITY: No
CHRONIC SITE: No
VEHICLES: <NONE>
IDENTIFIERS: <NONE>
SEVERITY: 3
ORDINANCE: Sec-46-45
PRIORITY: MEDIUM
SUMMARY: A vehicle is parked in the alley with its trunk open, revealing improperly disposed waste inside, which violates Brownsville's illegal dumping ordinance.
"
20260602T105528Z,DT_10th_and_Madison_Jefferson_1_20260528T191000.jpg,,,dataset_20260528/DT_10th_and_Madison_Jefferson_1/DT_10th_and_Madison_Jefferson_1_20260528T191000.jpg,illegal_dumping,done,2026-06-02T11:09:23.902139+00:00,0.03,0.734,0.766,,nvidia/cosmos-reason2-8b,"DUMPING PRESENT: No
ORDINANCE VIOLATION: No
WASTE TYPE: mixed
WASTE VOLUME: small (pickup truck)
WASTE ORIGIN: residential
PROPERTY TYPE: right-of-way
ADDRESS MARKERS: NONE
GUTTER/ALLEY: No
WATER PROXIMITY: No
CHRONIC SITE: No
VEHICLES: <color, type, any text visible — or NONE>
IDENTIFIERS: <plates, signage, labels, individuals — or NONE>
SEVERITY: 1
ORDINANCE: N/A
PRIORITY: LOW
SUMMARY: No illegal dumping is observed in the scene."
20260602T105528Z,DT_10th_and_Madison_Jefferson_1_20260528T192000.jpg,,,dataset_20260528/DT_10th_and_Madison_Jefferson_1/DT_10th_and_Madison_Jefferson_1_20260528T192000.jpg,illegal_dumping,done,2026-06-02T11:09:24.016453+00:00,0.033,0.914,0.95,,nvidia/cosmos-reason2-8b,"DUMPING PRESENT: Yes
ORDINANCE VIOLATION: Yes
WASTE TYPE: mixed
WASTE VOLUME: small (pickup truck)
WASTE ORIGIN: residential
PROPERTY TYPE: vacant-lot
ADDRESS MARKERS: NONE
GUTTER/ALLEY: Yes
WATER PROXIMITY: No
CHRONIC SITE: No
VEHICLES: <color, type, any text visible — or NONE>
IDENTIFIERS: <plates, signage, labels, individuals — or NONE>
SEVERITY: 2
ORDINANCE: Sec-46-45
PRIORITY: MEDIUM
SUMMARY: A pickup truck is parked on a dirt road next to a fence, with some greenery and a white car visible in the background.
"
20260602T105528Z,DT_10th_and_Madison_Jefferson_1_20260528T193000.jpg,,,dataset_20260528/DT_10th_and_Madison_Jefferson_1/DT_10th_and_Madison_Jefferson_1_20260528T193000.jpg,illegal_dumping,done,2026-06-02T11:09:24.151537+00:00,0.032,0.87,0.905,,nvidia/cosmos-reason2-8b,"DUMPING PRESENT: Yes
ORDINANCE VIOLATION: Yes
WASTE TYPE: mixed
WASTE VOLUME: small (pickup truck)
WASTE ORIGIN: residential
PROPERTY TYPE: right-of-way
ADDRESS MARKERS: NONE
GUTTER/ALLEY: Yes
WATER PROXIMITY: No
CHRONIC SITE: No
VEHICLES: NONE
IDENTIFIERS: NONE
SEVERITY: 3
ORDINANCE: Sec-46-45
PRIORITY: MEDIUM
SUMMARY: Illegal dumping of mixed waste is observed in the right-of-way, violating Brownsville's property owner liability ordinance.
"
20260602T105528Z,DT_10th_and_Madison_Jefferson_1_20260528T194000.jpg,,,dataset_20260528/DT_10th_and_Madison_Jefferson_1/DT_10th_and_Madison_Jefferson_1_20260528T194000.jpg,illegal_dumping,done,2026-06-02T11:09:24.428642+00:00,0.037,0.882,0.921,,nvidia/cosmos-reason2-8b,"DUMPING PRESENT: No
ORDINANCE VIOLATION: No
WASTE TYPE: mixed
WASTE VOLUME: small (pickup truck)
WASTE ORIGIN: residential
PROPERTY TYPE: alley
ADDRESS MARKERS: NONE
GUTTER/ALLEY: Yes
WATER PROXIMITY: No
CHRONIC SITE: No
VEHICLES: <color, type, any text visible — or NONE>
IDENTIFIERS: <plates, signage, labels, individuals — or NONE>
SEVERITY: 1
ORDINANCE: N/A
PRIORITY: LOW
SUMMARY: No illegal dumping detected in the alleyway; no waste or debris present on the ground or in the immediate vicinity of the vehicles."
20260602T105528Z,DT_10th_and_Madison_Jefferson_1_20260528T195000.jpg,,,dataset_20260528/DT_10th_and_Madison_Jefferson_1/DT_10th_and_Madison_Jefferson_1_20260528T195000.jpg,illegal_dumping,done,2026-06-02T11:09:24.670684+00:00,0.034,0.691,0.728,,nvidia/cosmos-reason2-8b,"DUMPING PRESENT: No
ORDINANCE VIOLATION: No
WASTE TYPE: mixed
WASTE VOLUME: small (pickup truck)
WASTE ORIGIN: residential
PROPERTY TYPE: alley
ADDRESS MARKERS: NONE
GUTTER/ALLEY: Yes
WATER PROXIMITY: No
CHRONIC SITE: No
VEHICLES: <NONE>
IDENTIFIERS: <NONE>
SEVERITY: 1
ORDINANCE: N/A
PRIORITY: LOW
SUMMARY: No illegal dumping is observed in the alleyway; the area appears clean with no visible waste or debris."
20260602T105528Z,DT_10th_and_Madison_Jefferson_1_20260528T200000.jpg,,,dataset_20260528/DT_10th_and_Madison_Jefferson_1/DT_10th_and_Madison_Jefferson_1_20260528T200000.jpg,illegal_dumping,done,2026-06-02T11:09:24.969038+00:00,0.036,0.883,0.922,,nvidia/cosmos-reason2-8b,"DUMPING PRESENT: No
ORDINANCE VIOLATION: No
WASTE TYPE: mixed
WASTE VOLUME: small (pickup truck)
WASTE ORIGIN: residential
PROPERTY TYPE: alley
ADDRESS MARKERS: NONE
GUTTER/ALLEY: Yes
WATER PROXIMITY: No
CHRONIC SITE: No
VEHICLES: <NONE>
IDENTIFIERS: <NONE>
SEVERITY: 1
ORDINANCE: N/A
PRIORITY: LOW
SUMMARY: No illegal dumping is observed in the alleyway; the scene shows a parked vehicle with its hood open and a person standing nearby, but no waste or debris is present on the ground or in the surrounding area."
20260602T105528Z,DT_10th_and_Madison_Jefferson_1_20260528T201000.jpg,,,dataset_20260528/DT_10th_and_Madison_Jefferson_1/DT_10th_and_Madison_Jefferson_1_20260528T201000.jpg,illegal_dumping,done,2026-06-02T11:09:25.058698+00:00,0.04,0.795,0.837,,nvidia/cosmos-reason2-8b,"DUMPING PRESENT: No
ORDINANCE VIOLATION: No
WASTE TYPE: mixed
WASTE VOLUME: small (pickup truck)
WASTE ORIGIN: residential
PROPERTY TYPE: occupied-private
ADDRESS MARKERS: NONE
GUTTER/ALLEY: No
WATER PROXIMITY: No
CHRONIC SITE: No
VEHICLES: NONE
IDENTIFIERS: NONE
SEVERITY: 1
ORDINANCE: N/A
PRIORITY: LOW
SUMMARY: No illegal dumping detected in the video."
20260602T105528Z,DT_10th_and_Madison_Jefferson_1_20260528T202000.jpg,,,dataset_20260528/DT_10th_and_Madison_Jefferson_1/DT_10th_and_Madison_Jefferson_1_20260528T202000.jpg,illegal_dumping,done,2026-06-02T11:09:25.352539+00:00,0.036,0.687,0.737,,nvidia/cosmos-reason2-8b,"DUMPING PRESENT: No
ORDINANCE VIOLATION: No
WASTE TYPE: mixed
WASTE VOLUME: small (pickup truck)
WASTE ORIGIN: residential
PROPERTY TYPE: vacant-lot
ADDRESS MARKERS: NONE
GUTTER/ALLEY: No
WATER PROXIMITY: No
CHRONIC SITE: No
VEHICLES: NONE
IDENTIFIERS: NONE
SEVERITY: 1
ORDINANCE: N/A
PRIORITY: LOW
SUMMARY: No illegal dumping detected in the video."
20260602T105528Z,DT_10th_and_Madison_Jefferson_1_20260528T203000.jpg,,,dataset_20260528/DT_10th_and_Madison_Jefferson_1/DT_10th_and_Madison_Jefferson_1_20260528T203000.jpg,illegal_dumping,done,2026-06-02T11:09:25.401923+00:00,0.035,0.815,0.853,,nvidia/cosmos-reason2-8b,"DUMPING PRESENT: No
ORDINANCE VIOLATION: No
WASTE TYPE: mixed
WASTE VOLUME: small (pickup truck)
WASTE ORIGIN: residential
PROPERTY TYPE: vacant-lot
ADDRESS MARKERS: NONE
GUTTER/ALLEY: No
WATER PROXIMITY: No
CHRONIC SITE: No
VEHICLES: NONE
IDENTIFIERS: NONE
SEVERITY: 1
ORDINANCE: N/A
PRIORITY: LOW
SUMMARY: No illegal dumping detected in the video."
20260602T105528Z,DT_10th_and_Madison_Jefferson_1_20260528T204000.jpg,,,dataset_20260528/DT_10th_and_Madison_Jefferson_1/DT_10th_and_Madison_Jefferson_1_20260528T204000.jpg,illegal_dumping,done,2026-06-02T11:09:25.895257+00:00,0.034,0.684,0.723,,nvidia/cosmos-reason2-8b,"DUMPING PRESENT: No
ORDINANCE VIOLATION: No
WASTE TYPE: mixed
WASTE VOLUME: small (pickup truck)
WASTE ORIGIN: residential
PROPERTY TYPE: vacant-lot
ADDRESS MARKERS: NONE
GUTTER/ALLEY: No
WATER PROXIMITY: No
CHRONIC SITE: No
VEHICLES: NONE
IDENTIFIERS: NONE
SEVERITY: 1
ORDINANCE: N/A
PRIORITY: LOW
SUMMARY: No illegal dumping detected in the video."
20260602T105528Z,DT_10th_and_Madison_Jefferson_1_20260528T205000.jpg,,,dataset_20260528/DT_10th_and_Madison_Jefferson_1/DT_10th_and_Madison_Jefferson_1_20260528T205000.jpg,illegal_dumping,done,2026-06-02T11:09:25.898386+00:00,0.033,0.993,1.029,,nvidia/cosmos-reason2-8b,"DUMPING PRESENT: Yes
ORDINANCE VIOLATION: Yes
WASTE TYPE: mixed
WASTE VOLUME: small (pickup truck)
WASTE ORIGIN: residential
PROPERTY TYPE: alley
ADDRESS MARKERS: NONE
GUTTER/ALLEY: Yes
WATER PROXIMITY: No
CHRONIC SITE: No
VEHICLES: NONE
IDENTIFIERS: NONE
SEVERITY: 2
ORDINANCE: Sec-46-45
PRIORITY: MEDIUM
SUMMARY: A person is seen disposing of waste in an alley, which violates Brownsville's property owner liability ordinance (Sec. 46-45) for illegal dumping on private or public property.
"
20260602T105528Z,DT_10th_and_Madison_Jefferson_1_20260528T210000.jpg,,,dataset_20260528/DT_10th_and_Madison_Jefferson_1/DT_10th_and_Madison_Jefferson_1_20260528T210000.jpg,illegal_dumping,done,2026-06-02T11:09:26.092108+00:00,0.034,1.006,1.042,,nvidia/cosmos-reason2-8b,"DUMPING PRESENT: No
ORDINANCE VIOLATION: No
WASTE TYPE: mixed
WASTE VOLUME: small (pickup truck)
WASTE ORIGIN: residential
PROPERTY TYPE: alley
ADDRESS MARKERS: NONE
GUTTER/ALLEY: Yes
WATER PROXIMITY: No
CHRONIC SITE: No
VEHICLES: NONE
IDENTIFIERS: <plates, signage, labels, individuals — or NONE>
SEVERITY: 1
ORDINANCE: N/A
PRIORITY: LOW
SUMMARY: No illegal dumping observed; scene shows a person walking with a dog in an alleyway."
20260602T105528Z,DT_10th_and_Madison_Jefferson_1_20260528T211000.jpg,,,dataset_20260528/DT_10th_and_Madison_Jefferson_1/DT_10th_and_Madison_Jefferson_1_20260528T211000.jpg,illegal_dumping,done,2026-06-02T11:09:26.257064+00:00,0.033,0.921,0.957,,nvidia/cosmos-reason2-8b,"DUMPING PRESENT: No
ORDINANCE VIOLATION: No
WASTE TYPE: mixed
WASTE VOLUME: small (pickup truck)
WASTE ORIGIN: residential
PROPERTY TYPE: alley
ADDRESS MARKERS: NONE
GUTTER/ALLEY: Yes
WATER PROXIMITY: No
CHRONIC SITE: No
VEHICLES: <color, type, any text visible — or NONE>
IDENTIFIERS: <plates, signage, labels, individuals — or NONE>
SEVERITY: 1
ORDINANCE: N/A
PRIORITY: LOW
SUMMARY: No illegal dumping observed in the alleyway."
20260602T105528Z,DT_10th_and_Madison_Jefferson_1_20260528T212000.jpg,,,dataset_20260528/DT_10th_and_Madison_Jefferson_1/DT_10th_and_Madison_Jefferson_1_20260528T212000.jpg,illegal_dumping,done,2026-06-02T11:09:26.620603+00:00,0.045,0.704,0.75,,nvidia/cosmos-reason2-8b,"DUMPING PRESENT: No
ORDINANCE VIOLATION: No
WASTE TYPE: mixed
WASTE VOLUME: small (pickup truck)
WASTE ORIGIN: residential
PROPERTY TYPE: alley
ADDRESS MARKERS: NONE
GUTTER/ALLEY: Yes
WATER PROXIMITY: No
CHRONIC SITE: No
VEHICLES: NONE
IDENTIFIERS: NONE
SEVERITY: 1
ORDINANCE: N/A
PRIORITY: LOW
SUMMARY: No illegal dumping is observed in the alleyway."
20260602T105528Z,DT_10th_and_Madison_Jefferson_1_20260528T213000.jpg,,,dataset_20260528/DT_10th_and_Madison_Jefferson_1/DT_10th_and_Madison_Jefferson_1_20260528T213000.jpg,illegal_dumping,done,2026-06-02T11:09:26.929741+00:00,0.038,0.689,0.729,,nvidia/cosmos-reason2-8b,"DUMPING PRESENT: No
ORDINANCE VIOLATION: No
WASTE TYPE: mixed
WASTE VOLUME: small (pickup truck)
WASTE ORIGIN: residential
PROPERTY TYPE: alley
ADDRESS MARKERS: NONE
GUTTER/ALLEY: Yes
WATER PROXIMITY: No
CHRONIC SITE: No
VEHICLES: <color, type, any text visible — or NONE>
IDENTIFIERS: <plates, signage, labels, individuals — or NONE>
SEVERITY: 1
ORDINANCE: N/A
PRIORITY: LOW
SUMMARY: No illegal dumping observed in the alleyway."
20260602T105528Z,DT_10th_and_Madison_Jefferson_1_20260528T214000.jpg,,,dataset_20260528/DT_10th_and_Madison_Jefferson_1/DT_10th_and_Madison_Jefferson_1_20260528T214000.jpg,illegal_dumping,done,2026-06-02T11:09:27.136459+00:00,0.037,0.791,0.83,,nvidia/cosmos-reason2-8b,"DUMPING PRESENT: No
ORDINANCE VIOLATION: No
WASTE TYPE: mixed
WASTE VOLUME: small (pickup truck)
WASTE ORIGIN: residential
PROPERTY TYPE: alley
ADDRESS MARKERS: NONE
GUTTER/ALLEY: Yes
WATER PROXIMITY: No
CHRONIC SITE: No
VEHICLES: <color, type, any text visible — or NONE>
IDENTIFIERS: <plates, signage, labels, individuals — or NONE>
SEVERITY: 1
ORDINANCE: N/A
PRIORITY: LOW
SUMMARY: No illegal dumping detected in the alleyway; the scene appears clear with no visible waste or debris."
20260602T105528Z,DT_10th_and_Madison_Jefferson_1_20260528T215000.jpg,,,dataset_20260528/DT_10th_and_Madison_Jefferson_1/DT_10th_and_Madison_Jefferson_1_20260528T215000.jpg,illegal_dumping,done,2026-06-02T11:09:27.216364+00:00,0.036,0.985,1.023,,nvidia/cosmos-reason2-8b,"DUMPING PRESENT: No
ORDINANCE VIOLATION: No
WASTE TYPE: mixed
WASTE VOLUME: small (pickup truck)
WASTE ORIGIN: residential
PROPERTY TYPE: alley
ADDRESS MARKERS: NONE
GUTTER/ALLEY: Yes
WATER PROXIMITY: No
CHRONIC SITE: No
VEHICLES: <color, type, any text visible — or NONE>
IDENTIFIERS: <plates, signage, labels, individuals — or NONE>
SEVERITY: 1
ORDINANCE: N/A
PRIORITY: LOW
SUMMARY: No illegal dumping observed in the alleyway; environment appears clean with no visible waste or debris."
20260602T105528Z,DT_10th_and_Madison_Jefferson_1_20260528T220000.jpg,,,dataset_20260528/DT_10th_and_Madison_Jefferson_1/DT_10th_and_Madison_Jefferson_1_20260528T220000.jpg,illegal_dumping,done,2026-06-02T11:09:27.372938+00:00,0.038,0.91,0.95,,nvidia/cosmos-reason2-8b,"DUMPING PRESENT: No
ORDINANCE VIOLATION: No
WASTE TYPE: mixed
WASTE VOLUME: small (pickup truck)
WASTE ORIGIN: residential
PROPERTY TYPE: alley
ADDRESS MARKERS: NONE
GUTTER/ALLEY: Yes
WATER PROXIMITY: No
CHRONIC SITE: No
VEHICLES: <color, type, any text visible — or NONE>
IDENTIFIERS: <plates, signage, labels, individuals — or NONE>
SEVERITY: 1
ORDINANCE: N/A
PRIORITY: LOW
SUMMARY: No illegal dumping observed in the alleyway; no waste or debris present on the ground or around the parked vehicles."
20260602T105528Z,DT_10th_and_Madison_Jefferson_1_20260528T221000.jpg,,,dataset_20260528/DT_10th_and_Madison_Jefferson_1/DT_10th_and_Madison_Jefferson_1_20260528T221000.jpg,illegal_dumping,done,2026-06-02T11:09:27.661733+00:00,0.035,0.823,0.86,,nvidia/cosmos-reason2-8b,"DUMPING PRESENT: No
ORDINANCE VIOLATION: No
WASTE TYPE: mixed
WASTE VOLUME: small (pickup truck)
WASTE ORIGIN: residential
PROPERTY TYPE: alley
ADDRESS MARKERS: NONE
GUTTER/ALLEY: Yes
WATER PROXIMITY: No
CHRONIC SITE: No
VEHICLES: <color, type, any text visible — or NONE>
IDENTIFIERS: <plates, signage, labels, individuals — or NONE>
SEVERITY: 1
ORDINANCE: N/A
PRIORITY: LOW
SUMMARY: No illegal dumping observed in the alleyway; environment appears clean with no visible waste or debris."
20260602T105528Z,DT_10th_and_Madison_Jefferson_1_20260528T222000.jpg,,,dataset_20260528/DT_10th_and_Madison_Jefferson_1/DT_10th_and_Madison_Jefferson_1_20260528T222000.jpg,illegal_dumping,done,2026-06-02T11:09:27.969303+00:00,0.036,0.642,0.681,,nvidia/cosmos-reason2-8b,"DUMPING PRESENT: No
ORDINANCE VIOLATION: No
WASTE TYPE: mixed
WASTE VOLUME: small (pickup truck)
WASTE ORIGIN: residential
PROPERTY TYPE: alley
ADDRESS MARKERS: NONE
GUTTER/ALLEY: Yes
WATER PROXIMITY: No
CHRONIC SITE: No
VEHICLES: NONE
IDENTIFIERS: NONE
SEVERITY: 1
ORDINANCE: N/A
PRIORITY: LOW
SUMMARY: No illegal dumping detected in the alleyway."
20260602T105528Z,DT_10th_and_Madison_Jefferson_1_20260528T223000.jpg,,,dataset_20260528/DT_10th_and_Madison_Jefferson_1/DT_10th_and_Madison_Jefferson_1_20260528T223000.jpg,illegal_dumping,done,2026-06-02T11:09:28.241955+00:00,0.034,0.677,0.713,,nvidia/cosmos-reason2-8b,"DUMPING PRESENT: No
ORDINANCE VIOLATION: No
WASTE TYPE: mixed
WASTE VOLUME: small (pickup truck)
WASTE ORIGIN: residential
PROPERTY TYPE: vacant-lot
ADDRESS MARKERS: NONE
GUTTER/ALLEY: No
WATER PROXIMITY: No
CHRONIC SITE: No
VEHICLES: NONE
IDENTIFIERS: NONE
SEVERITY: 1
ORDINANCE: N/A
PRIORITY: LOW
SUMMARY: No illegal dumping detected; the scene shows a mix of urban and natural elements without visible waste or violations."
20260602T105528Z,DT_10th_and_Madison_Jefferson_1_20260528T224000.jpg,,,dataset_20260528/DT_10th_and_Madison_Jefferson_1/DT_10th_and_Madison_Jefferson_1_20260528T224000.jpg,illegal_dumping,done,2026-06-02T11:09:28.324992+00:00,0.037,0.794,0.833,,nvidia/cosmos-reason2-8b,"DUMPING PRESENT: No
ORDINANCE VIOLATION: No
WASTE TYPE: mixed
WASTE VOLUME: small (pickup truck)
WASTE ORIGIN: residential
PROPERTY TYPE: alley
ADDRESS MARKERS: NONE
GUTTER/ALLEY: Yes
WATER PROXIMITY: No
CHRONIC SITE: No
VEHICLES: <color, type, any text visible — or NONE>
IDENTIFIERS: <plates, signage, labels, individuals — or NONE>
SEVERITY: 1
ORDINANCE: N/A
PRIORITY: LOW
SUMMARY: No illegal dumping observed in the alleyway."
20260602T105528Z,DT_10th_and_Madison_Jefferson_1_20260528T225000.jpg,,,dataset_20260528/DT_10th_and_Madison_Jefferson_1/DT_10th_and_Madison_Jefferson_1_20260528T225000.jpg,illegal_dumping,done,2026-06-02T11:09:28.524509+00:00,0.04,0.818,0.86,,nvidia/cosmos-reason2-8b,"DUMPING PRESENT: No
ORDINANCE VIOLATION: No
WASTE TYPE: mixed
WASTE VOLUME: small (pickup truck)
WASTE ORIGIN: residential
PROPERTY TYPE: alley
ADDRESS MARKERS: NONE
GUTTER/ALLEY: Yes
WATER PROXIMITY: No
CHRONIC SITE: No
VEHICLES: <color, type, any text visible — or NONE>
IDENTIFIERS: <plates, signage, labels, individuals — or NONE>
SEVERITY: 1
ORDINANCE: N/A
PRIORITY: LOW
SUMMARY: No illegal dumping observed in the alleyway."
20260602T105528Z,DT_10th_and_Madison_Jefferson_1_20260528T230000.jpg,,,dataset_20260528/DT_10th_and_Madison_Jefferson_1/DT_10th_and_Madison_Jefferson_1_20260528T230000.jpg,illegal_dumping,done,2026-06-02T11:09:28.652262+00:00,0.038,0.768,0.809,,nvidia/cosmos-reason2-8b,"DUMPING PRESENT: No
ORDINANCE VIOLATION: No
WASTE TYPE: mixed
WASTE VOLUME: small (pickup truck)
WASTE ORIGIN: residential
PROPERTY TYPE: vacant-lot
ADDRESS MARKERS: NONE
GUTTER/ALLEY: No
WATER PROXIMITY: No
CHRONIC SITE: No
VEHICLES: NONE
IDENTIFIERS: NONE
SEVERITY: 1
ORDINANCE: N/A
PRIORITY: LOW
SUMMARY: No illegal dumping is observed in the video."
20260602T105528Z,DT_10th_and_Madison_Jefferson_1_20260528T231000.jpg,,,dataset_20260528/DT_10th_and_Madison_Jefferson_1/DT_10th_and_Madison_Jefferson_1_20260528T231000.jpg,illegal_dumping,done,2026-06-02T11:09:28.957959+00:00,0.039,0.669,0.71,,nvidia/cosmos-reason2-8b,"DUMPING PRESENT: No
ORDINANCE VIOLATION: No
WASTE TYPE: mixed
WASTE VOLUME: small (pickup truck)
WASTE ORIGIN: residential
PROPERTY TYPE: vacant-lot
ADDRESS MARKERS: NONE
GUTTER/ALLEY: No
WATER PROXIMITY: No
CHRONIC SITE: No
VEHICLES: NONE
IDENTIFIERS: NONE
SEVERITY: 1
ORDINANCE: N/A
PRIORITY: LOW
SUMMARY: No illegal dumping detected in the analyzed area."
20260602T105528Z,DT_10th_and_Madison_Jefferson_1_20260528T232000.jpg,,,dataset_20260528/DT_10th_and_Madison_Jefferson_1/DT_10th_and_Madison_Jefferson_1_20260528T232000.jpg,illegal_dumping,done,2026-06-02T11:09:29.160749+00:00,0.042,0.684,0.729,,nvidia/cosmos-reason2-8b,"DUMPING PRESENT: No
ORDINANCE VIOLATION: No
WASTE TYPE: N/A
WASTE VOLUME: N/A
WASTE ORIGIN: N/A
PROPERTY TYPE: N/A
ADDRESS MARKERS: NONE
GUTTER/ALLEY: No
WATER PROXIMITY: No
CHRONIC SITE: No
VEHICLES: NONE
IDENTIFIERS: N/A
SEVERITY: 1
ORDINANCE: N/A
PRIORITY: LOW
SUMMARY: No dumping observed; image appears to be a solid green color with no discernible features or objects."
20260602T105528Z,DT_10th_and_Madison_Jefferson_1_20260528T233000.jpg,,,dataset_20260528/DT_10th_and_Madison_Jefferson_1/DT_10th_and_Madison_Jefferson_1_20260528T233000.jpg,illegal_dumping,done,2026-06-02T11:09:29.386678+00:00,0.032,0.733,0.767,,nvidia/cosmos-reason2-8b,"DUMPING PRESENT: No
ORDINANCE VIOLATION: No
WASTE TYPE: mixed
WASTE VOLUME: small (pickup truck)
WASTE ORIGIN: residential
PROPERTY TYPE: occupied-private
ADDRESS MARKERS: NONE
GUTTER/ALLEY: No
WATER PROXIMITY: No
CHRONIC SITE: No
VEHICLES: NONE
IDENTIFIERS: NONE
SEVERITY: 1
ORDINANCE: N/A
PRIORITY: LOW
SUMMARY: No illegal dumping detected in the video."
20260602T105528Z,DT_10th_and_Madison_Jefferson_1_20260528T234000.jpg,,,dataset_20260528/DT_10th_and_Madison_Jefferson_1/DT_10th_and_Madison_Jefferson_1_20260528T234000.jpg,illegal_dumping,done,2026-06-02T11:09:29.463856+00:00,0.036,0.805,0.843,,nvidia/cosmos-reason2-8b,"DUMPING PRESENT: No
ORDINANCE VIOLATION: No
WASTE TYPE: mixed
WASTE VOLUME: small (pickup truck)
WASTE ORIGIN: residential
PROPERTY TYPE: occupied-private
ADDRESS MARKERS: <NONE>
GUTTER/ALLEY: No
WATER PROXIMITY: No
CHRONIC SITE: No
VEHICLES: <NONE>
IDENTIFIERS: <NONE>
SEVERITY: 1
ORDINANCE: N/A
PRIORITY: LOW
SUMMARY: No illegal dumping detected in the video."
20260602T105528Z,DT_10th_and_Madison_Jefferson_1_20260528T235000.jpg,,,dataset_20260528/DT_10th_and_Madison_Jefferson_1/DT_10th_and_Madison_Jefferson_1_20260528T235000.jpg,illegal_dumping,done,2026-06-02T11:09:29.670911+00:00,0.041,0.794,0.837,,nvidia/cosmos-reason2-8b,"DUMPING PRESENT: No
ORDINANCE VIOLATION: No
WASTE TYPE: mixed
WASTE VOLUME: small (pickup truck)
WASTE ORIGIN: residential
PROPERTY TYPE: occupied-private
ADDRESS MARKERS: <NONE>
GUTTER/ALLEY: No
WATER PROXIMITY: No
CHRONIC SITE: No
VEHICLES: <NONE>
IDENTIFIERS: <NONE>
SEVERITY: 1
ORDINANCE: N/A
PRIORITY: LOW
SUMMARY: No illegal dumping detected in the video."
20260602T105528Z,DT_10th_and_Madison_Jefferson_4_20260528T000000.jpg,,,dataset_20260528/DT_10th_and_Madison_Jefferson_4/DT_10th_and_Madison_Jefferson_4_20260528T000000.jpg,illegal_dumping,done,2026-06-02T11:09:30.517865+00:00,0.133,1.211,1.368,,nvidia/cosmos-reason2-8b,"DUMPING PRESENT: No
ORDINANCE VIOLATION: No
WASTE TYPE: mixed
WASTE VOLUME: small (pickup truck)
WASTE ORIGIN: residential
PROPERTY TYPE: alley
ADDRESS MARKERS: NONE
GUTTER/ALLEY: Yes
WATER PROXIMITY: No
CHRONIC SITE: No
VEHICLES: NONE
IDENTIFIERS: NONE
SEVERITY: 1
ORDINANCE: N/A
PRIORITY: LOW
SUMMARY: No illegal dumping detected in the alleyway."
20260602T105528Z,DT_10th_and_Madison_Jefferson_4_20260528T001000.jpg,,,dataset_20260528/DT_10th_and_Madison_Jefferson_4/DT_10th_and_Madison_Jefferson_4_20260528T001000.jpg,illegal_dumping,done,2026-06-02T11:09:30.518485+00:00,0.132,0.853,1.008,,nvidia/cosmos-reason2-8b,"```json
{
  ""DUMPING PRESENT"": ""No"",
  ""ORDINANCE VIOLATION"": ""No"",
  ""WASTE TYPE"": [],
  ""WASTE VOLUME"": ""small (pickup truck)"",
  ""WASTE ORIGIN"": ""unknown"",
  ""PROPERTY TYPE"": ""right-of-way"",
  ""ADDRESS MARKERS"": ""NONE"",
  ""GUTTER/ALLEY"": ""Yes"",
  ""WATER PROXIMITY"": ""No"",
  ""CHRONIC SITE"": ""No"",
  ""VEHICLES"": ""NONE"",
  ""IDENTIFIERS"": ""NONE"",
  ""SEVERITY"": ""1"",
  ""ORDINANCE"": ""N/A"",
  ""PRIORITY"": ""LOW"",
  ""SUMMARY"": ""No illegal dumping detected; the scene shows a dark, foggy environment with no visible waste or vehicles.""
}
```"
20260602T105528Z,DT_10th_and_Madison_Jefferson_4_20260528T002000.jpg,,,dataset_20260528/DT_10th_and_Madison_Jefferson_4/DT_10th_and_Madison_Jefferson_4_20260528T002000.jpg,illegal_dumping,done,2026-06-02T11:09:30.519103+00:00,0.133,1.25,1.406,,nvidia/cosmos-reason2-8b,"```json
{
  ""DUMPING PRESENT"": ""No"",
  ""ORDINANCE VIOLATION"": ""No"",
  ""WASTE TYPE"": [],
  ""WASTE VOLUME"": ""small (pickup truck)"",
  ""WASTE ORIGIN"": ""unknown"",
  ""PROPERTY TYPE"": ""vacant-lot"",
  ""ADDRESS MARKERS"": ""NONE"",
  ""GUTTER/ALLEY"": ""No"",
  ""WATER PROXIMITY"": ""No"",
  ""CHRONIC SITE"": ""No"",
  ""VEHICLES"": ""NONE"",
  ""IDENTIFIERS"": ""NONE"",
  ""SEVERITY"": ""1"",
  ""ORDINANCE"": ""N/A"",
  ""PRIORITY"": ""LOW"",
  ""SUMMARY"": ""No illegal dumping detected; the scene shows a dark, indistinct area with no visible waste or vehicles.""
}
```"
20260602T105528Z,DT_10th_and_Madison_Jefferson_4_20260528T003000.jpg,,,dataset_20260528/DT_10th_and_Madison_Jefferson_4/DT_10th_and_Madison_Jefferson_4_20260528T003000.jpg,illegal_dumping,done,2026-06-02T11:09:30.520015+00:00,0.134,1.324,1.48,,nvidia/cosmos-reason2-8b,"DUMPING PRESENT: No
ORDINANCE VIOLATION: No
WASTE TYPE: mixed
WASTE VOLUME: small (pickup truck)
WASTE ORIGIN: residential
PROPERTY TYPE: alley
ADDRESS MARKERS: NONE
GUTTER/ALLEY: Yes
WATER PROXIMITY: No
CHRONIC SITE: No
VEHICLES: <color, type, any text visible — or NONE>
IDENTIFIERS: <plates, signage, labels, individuals — or NONE>
SEVERITY: 1
ORDINANCE: N/A
PRIORITY: LOW
SUMMARY: No illegal dumping observed in the alleyway; no waste materials or vehicles indicating improper disposal are present."
20260602T105528Z,DT_10th_and_Madison_Jefferson_4_20260528T004000.jpg,,,dataset_20260528/DT_10th_and_Madison_Jefferson_4/DT_10th_and_Madison_Jefferson_4_20260528T004000.jpg,illegal_dumping,done,2026-06-02T11:09:31.529481+00:00,0.042,0.68,0.725,,nvidia/cosmos-reason2-8b,"DUMPING PRESENT: No
ORDINANCE VIOLATION: No
WASTE TYPE: N/A
WASTE VOLUME: N/A
WASTE ORIGIN: N/A
PROPERTY TYPE: right-of-way
ADDRESS MARKERS: NONE
GUTTER/ALLEY: No
WATER PROXIMITY: No
CHRONIC SITE: No
VEHICLES: NONE
IDENTIFIERS: N/A
SEVERITY: 1
ORDINANCE: N/A
PRIORITY: LOW
SUMMARY: No illegal dumping is observed in the video."
20260602T105528Z,DT_10th_and_Madison_Jefferson_4_20260528T005000.jpg,,,dataset_20260528/DT_10th_and_Madison_Jefferson_4/DT_10th_and_Madison_Jefferson_4_20260528T005000.jpg,illegal_dumping,done,2026-06-02T11:09:31.888179+00:00,0.037,0.801,0.842,,nvidia/cosmos-reason2-8b,"DUMPING PRESENT: No
ORDINANCE VIOLATION: No
WASTE TYPE: mixed
WASTE VOLUME: small (pickup truck)
WASTE ORIGIN: residential
PROPERTY TYPE: right-of-way
ADDRESS MARKERS: NONE
GUTTER/ALLEY: Yes
WATER PROXIMITY: No
CHRONIC SITE: No
VEHICLES: <color, type, any text visible — or NONE>
IDENTIFIERS: <plates, signage, labels, individuals — or NONE>
SEVERITY: 1
ORDINANCE: N/A
PRIORITY: LOW
SUMMARY: No illegal dumping observed; scene shows a dark, foggy environment with no visible waste or vehicles."
20260602T105528Z,DT_10th_and_Madison_Jefferson_4_20260528T010000.jpg,,,dataset_20260528/DT_10th_and_Madison_Jefferson_4/DT_10th_and_Madison_Jefferson_4_20260528T010000.jpg,illegal_dumping,done,2026-06-02T11:09:31.927690+00:00,0.037,1.058,1.098,,nvidia/cosmos-reason2-8b,"DUMPING PRESENT: No
ORDINANCE VIOLATION: No
WASTE TYPE: mixed
WASTE VOLUME: small (pickup truck)
WASTE ORIGIN: residential
PROPERTY TYPE: vacant-lot
ADDRESS MARKERS: NONE
GUTTER/ALLEY: No
WATER PROXIMITY: No
CHRONIC SITE: No
VEHICLES: NONE
IDENTIFIERS: NONE
SEVERITY: 1
ORDINANCE: N/A
PRIORITY: LOW
SUMMARY: No illegal dumping is observed in the video."
20260602T105528Z,DT_10th_and_Madison_Jefferson_4_20260528T011000.jpg,,,dataset_20260528/DT_10th_and_Madison_Jefferson_4/DT_10th_and_Madison_Jefferson_4_20260528T011000.jpg,illegal_dumping,done,2026-06-02T11:09:32.001786+00:00,0.029,0.825,0.857,,nvidia/cosmos-reason2-8b,"DUMPING PRESENT: No
ORDINANCE VIOLATION: No
WASTE TYPE: mixed
WASTE VOLUME: small (pickup truck)
WASTE ORIGIN: residential
PROPERTY TYPE: vacant-lot
ADDRESS MARKERS: NONE
GUTTER/ALLEY: No
WATER PROXIMITY: No
CHRONIC SITE: No
VEHICLES: NONE
IDENTIFIERS: NONE
SEVERITY: 1
ORDINANCE: N/A
PRIORITY: LOW
SUMMARY: No illegal dumping is observed in the video."
20260602T105528Z,DT_10th_and_Madison_Jefferson_4_20260528T012000.jpg,,,dataset_20260528/DT_10th_and_Madison_Jefferson_4/DT_10th_and_Madison_Jefferson_4_20260528T012000.jpg,illegal_dumping,done,2026-06-02T11:09:32.257139+00:00,0.034,1.091,1.128,,nvidia/cosmos-reason2-8b,"DUMPING PRESENT: No
ORDINANCE VIOLATION: No
WASTE TYPE: mixed
WASTE VOLUME: small (pickup truck)
WASTE ORIGIN: residential
PROPERTY TYPE: right-of-way
ADDRESS MARKERS: NONE
GUTTER/ALLEY: No
WATER PROXIMITY: No
CHRONIC SITE: No
VEHICLES: NONE
IDENTIFIERS: NONE
SEVERITY: 1
ORDINANCE: N/A
PRIORITY: LOW
SUMMARY: No illegal dumping observed; the scene shows a dark, foggy outdoor area with no visible waste or vehicles."
20260602T105528Z,DT_10th_and_Madison_Jefferson_4_20260528T013000.jpg,,,dataset_20260528/DT_10th_and_Madison_Jefferson_4/DT_10th_and_Madison_Jefferson_4_20260528T013000.jpg,illegal_dumping,done,2026-06-02T11:09:32.732627+00:00,0.035,0.716,0.754,,nvidia/cosmos-reason2-8b,"DUMPING PRESENT: No
ORDINANCE VIOLATION: No
WASTE TYPE: mixed
WASTE VOLUME: small (pickup truck)
WASTE ORIGIN: residential
PROPERTY TYPE: vacant-lot
ADDRESS MARKERS: NONE
GUTTER/ALLEY: No
WATER PROXIMITY: No
CHRONIC SITE: No
VEHICLES: NONE
IDENTIFIERS: NONE
SEVERITY: 1
ORDINANCE: N/A
PRIORITY: LOW
SUMMARY: No illegal dumping is observed in the video."
20260602T105528Z,DT_10th_and_Madison_Jefferson_4_20260528T014000.jpg,,,dataset_20260528/DT_10th_and_Madison_Jefferson_4/DT_10th_and_Madison_Jefferson_4_20260528T014000.jpg,illegal_dumping,done,2026-06-02T11:09:32.860688+00:00,0.043,0.745,0.791,,nvidia/cosmos-reason2-8b,"DUMPING PRESENT: No
ORDINANCE VIOLATION: No
WASTE TYPE: mixed
WASTE VOLUME: small (pickup truck)
WASTE ORIGIN: residential
PROPERTY TYPE: vacant-lot
ADDRESS MARKERS: NONE
GUTTER/ALLEY: No
WATER PROXIMITY: No
CHRONIC SITE: No
VEHICLES: NONE
IDENTIFIERS: NONE
SEVERITY: 1
ORDINANCE: N/A
PRIORITY: LOW
SUMMARY: No illegal dumping detected in the scene."
20260602T105528Z,DT_10th_and_Madison_Jefferson_4_20260528T015000.jpg,,,dataset_20260528/DT_10th_and_Madison_Jefferson_4/DT_10th_and_Madison_Jefferson_4_20260528T015000.jpg,illegal_dumping,done,2026-06-02T11:09:33.027691+00:00,0.035,0.757,0.794,,nvidia/cosmos-reason2-8b,"DUMPING PRESENT: No
ORDINANCE VIOLATION: No
WASTE TYPE: mixed
WASTE VOLUME: small (pickup truck)
WASTE ORIGIN: residential
PROPERTY TYPE: alley
ADDRESS MARKERS: NONE
GUTTER/ALLEY: Yes
WATER PROXIMITY: No
CHRONIC SITE: No
VEHICLES: NONE
IDENTIFIERS: NONE
SEVERITY: 1
ORDINANCE: N/A
PRIORITY: LOW
SUMMARY: No illegal dumping is observed in the video."
20260602T105528Z,DT_10th_and_Madison_Jefferson_4_20260528T020000.jpg,,,dataset_20260528/DT_10th_and_Madison_Jefferson_4/DT_10th_and_Madison_Jefferson_4_20260528T020000.jpg,illegal_dumping,done,2026-06-02T11:09:33.387955+00:00,0.037,0.678,0.718,,nvidia/cosmos-reason2-8b,"DUMPING PRESENT: No
ORDINANCE VIOLATION: No
WASTE TYPE: mixed
WASTE VOLUME: small (pickup truck)
WASTE ORIGIN: residential
PROPERTY TYPE: vacant-lot
ADDRESS MARKERS: NONE
GUTTER/ALLEY: No
WATER PROXIMITY: No
CHRONIC SITE: No
VEHICLES: NONE
IDENTIFIERS: NONE
SEVERITY: 1
ORDINANCE: N/A
PRIORITY: LOW
SUMMARY: No illegal dumping is observed in the provided frames."
20260602T105528Z,DT_10th_and_Madison_Jefferson_4_20260528T021000.jpg,,,dataset_20260528/DT_10th_and_Madison_Jefferson_4/DT_10th_and_Madison_Jefferson_4_20260528T021000.jpg,illegal_dumping,done,2026-06-02T11:09:33.489553+00:00,0.035,0.828,0.866,,nvidia/cosmos-reason2-8b,"DUMPING PRESENT: No
ORDINANCE VIOLATION: No
WASTE TYPE: mixed
WASTE VOLUME: small (pickup truck)
WASTE ORIGIN: residential
PROPERTY TYPE: right-of-way
ADDRESS MARKERS: NONE
GUTTER/ALLEY: Yes
WATER PROXIMITY: No
CHRONIC SITE: No
VEHICLES: NONE
IDENTIFIERS: NONE
SEVERITY: 1
ORDINANCE: N/A
PRIORITY: LOW
SUMMARY: No illegal dumping detected in the footage."
20260602T105528Z,DT_10th_and_Madison_Jefferson_4_20260528T022000.jpg,,,dataset_20260528/DT_10th_and_Madison_Jefferson_4/DT_10th_and_Madison_Jefferson_4_20260528T022000.jpg,illegal_dumping,done,2026-06-02T11:09:33.654525+00:00,0.041,0.85,0.893,,nvidia/cosmos-reason2-8b,"DUMPING PRESENT: No
ORDINANCE VIOLATION: No
WASTE TYPE: mixed
WASTE VOLUME: small (pickup truck)
WASTE ORIGIN: residential
PROPERTY TYPE: vacant-lot
ADDRESS MARKERS: NONE
GUTTER/ALLEY: No
WATER PROXIMITY: No
CHRONIC SITE: No
VEHICLES: NONE
IDENTIFIERS: NONE
SEVERITY: 1
ORDINANCE: N/A
PRIORITY: LOW
SUMMARY: No illegal dumping is observed in the video."
20260602T105528Z,DT_10th_and_Madison_Jefferson_4_20260528T023000.jpg,,,dataset_20260528/DT_10th_and_Madison_Jefferson_4/DT_10th_and_Madison_Jefferson_4_20260528T023000.jpg,illegal_dumping,done,2026-06-02T11:09:33.824740+00:00,0.03,0.851,0.883,,nvidia/cosmos-reason2-8b,"DUMPING PRESENT: No
ORDINANCE VIOLATION: No
WASTE TYPE: mixed
WASTE VOLUME: small (pickup truck)
WASTE ORIGIN: residential
PROPERTY TYPE: right-of-way
ADDRESS MARKERS: NONE
GUTTER/ALLEY: Yes
WATER PROXIMITY: No
CHRONIC SITE: No
VEHICLES: NONE
IDENTIFIERS: NONE
SEVERITY: 1
ORDINANCE: N/A
PRIORITY: LOW
SUMMARY: No illegal dumping detected in the video."
20260602T105528Z,DT_10th_and_Madison_Jefferson_4_20260528T024000.jpg,,,dataset_20260528/DT_10th_and_Madison_Jefferson_4/DT_10th_and_Madison_Jefferson_4_20260528T024000.jpg,illegal_dumping,done,2026-06-02T11:09:34.108546+00:00,0.035,0.746,0.785,,nvidia/cosmos-reason2-8b,"DUMPING PRESENT: No
ORDINANCE VIOLATION: No
WASTE TYPE: mixed
WASTE VOLUME: small (pickup truck)
WASTE ORIGIN: residential
PROPERTY TYPE: vacant-lot
ADDRESS MARKERS: NONE
GUTTER/ALLEY: No
WATER PROXIMITY: No
CHRONIC SITE: No
VEHICLES: <color, type, any text visible — or NONE>
IDENTIFIERS: <plates, signage, labels, individuals — or NONE>
SEVERITY: 1
ORDINANCE: N/A
PRIORITY: LOW
SUMMARY: No illegal dumping observed in the video."
20260602T105528Z,DT_10th_and_Madison_Jefferson_4_20260528T025000.jpg,,,dataset_20260528/DT_10th_and_Madison_Jefferson_4/DT_10th_and_Madison_Jefferson_4_20260528T025000.jpg,illegal_dumping,done,2026-06-02T11:09:34.358263+00:00,0.046,0.714,0.763,,nvidia/cosmos-reason2-8b,"DUMPING PRESENT: No
ORDINANCE VIOLATION: No
WASTE TYPE: mixed
WASTE VOLUME: small (pickup truck)
WASTE ORIGIN: residential
PROPERTY TYPE: right-of-way
ADDRESS MARKERS: NONE
GUTTER/ALLEY: No
WATER PROXIMITY: No
CHRONIC SITE: No
VEHICLES: <color, type, any text visible — or NONE>
IDENTIFIERS: <plates, signage, labels, individuals — or NONE>
SEVERITY: 1
ORDINANCE: N/A
PRIORITY: LOW
SUMMARY: No illegal dumping is observed in the video."
20260602T105528Z,DT_10th_and_Madison_Jefferson_4_20260528T030000.jpg,,,dataset_20260528/DT_10th_and_Madison_Jefferson_4/DT_10th_and_Madison_Jefferson_4_20260528T030000.jpg,illegal_dumping,done,2026-06-02T11:09:34.550628+00:00,0.033,0.701,0.736,,nvidia/cosmos-reason2-8b,"DUMPING PRESENT: No
ORDINANCE VIOLATION: No
WASTE TYPE: N/A
WASTE VOLUME: N/A
WASTE ORIGIN: N/A
PROPERTY TYPE: right-of-way
ADDRESS MARKERS: NONE
GUTTER/ALLEY: No
WATER PROXIMITY: No
CHRONIC SITE: No
VEHICLES: NONE
IDENTIFIERS: N/A
SEVERITY: 1
ORDINANCE: N/A
PRIORITY: LOW
SUMMARY: No illegal dumping detected in the video."
20260602T105528Z,DT_10th_and_Madison_Jefferson_4_20260528T031000.jpg,,,dataset_20260528/DT_10th_and_Madison_Jefferson_4/DT_10th_and_Madison_Jefferson_4_20260528T031000.jpg,illegal_dumping,done,2026-06-02T11:09:34.710679+00:00,0.039,0.695,0.737,,nvidia/cosmos-reason2-8b,"DUMPING PRESENT: No
ORDINANCE VIOLATION: No
WASTE TYPE: mixed
WASTE VOLUME: small (pickup truck)
WASTE ORIGIN: residential
PROPERTY TYPE: alley
ADDRESS MARKERS: NONE
GUTTER/ALLEY: Yes
WATER PROXIMITY: No
CHRONIC SITE: No
VEHICLES: NONE
IDENTIFIERS: NONE
SEVERITY: 1
ORDINANCE: N/A
PRIORITY: LOW
SUMMARY: No illegal dumping is observed in the alleyway."
20260602T105528Z,DT_10th_and_Madison_Jefferson_4_20260528T032000.jpg,,,dataset_20260528/DT_10th_and_Madison_Jefferson_4/DT_10th_and_Madison_Jefferson_4_20260528T032000.jpg,illegal_dumping,done,2026-06-02T11:09:34.895567+00:00,0.032,0.957,0.992,,nvidia/cosmos-reason2-8b,"```json
{
  ""DUMPING PRESENT"": ""No"",
  ""ORDINANCE VIOLATION"": ""No"",
  ""WASTE TYPE"": [],
  ""WASTE VOLUME"": ""small (pickup truck)"",
  ""WASTE ORIGIN"": ""unknown"",
  ""PROPERTY TYPE"": ""right-of-way"",
  ""ADDRESS MARKERS"": ""NONE"",
  ""GUTTER/ALLEY"": ""Yes"",
  ""WATER PROXIMITY"": ""No"",
  ""CHRONIC SITE"": ""No"",
  ""VEHICLES"": ""NONE"",
  ""IDENTIFIERS"": ""NONE"",
  ""SEVERITY"": ""1"",
  ""ORDINANCE"": ""N/A"",
  ""PRIORITY"": ""LOW"",
  ""SUMMARY"": ""No illegal dumping detected in the video; the scene shows a dark, foggy alleyway with no visible waste or vehicles.""
}
```"
20260602T105528Z,DT_10th_and_Madison_Jefferson_4_20260528T033000.jpg,,,dataset_20260528/DT_10th_and_Madison_Jefferson_4/DT_10th_and_Madison_Jefferson_4_20260528T033000.jpg,illegal_dumping,done,2026-06-02T11:09:35.123598+00:00,0.037,0.681,0.721,,nvidia/cosmos-reason2-8b,"DUMPING PRESENT: No
ORDINANCE VIOLATION: No
WASTE TYPE: mixed
WASTE VOLUME: small (pickup truck)
WASTE ORIGIN: residential
PROPERTY TYPE: vacant-lot
ADDRESS MARKERS: NONE
GUTTER/ALLEY: No
WATER PROXIMITY: No
CHRONIC SITE: No
VEHICLES: NONE
IDENTIFIERS: NONE
SEVERITY: 1
ORDINANCE: N/A
PRIORITY: LOW
SUMMARY: No illegal dumping is observed in the video."
20260602T105528Z,DT_10th_and_Madison_Jefferson_4_20260528T034000.jpg,,,dataset_20260528/DT_10th_and_Madison_Jefferson_4/DT_10th_and_Madison_Jefferson_4_20260528T034000.jpg,illegal_dumping,done,2026-06-02T11:09:35.289491+00:00,0.034,0.716,0.753,,nvidia/cosmos-reason2-8b,"DUMPING PRESENT: No
ORDINANCE VIOLATION: No
WASTE TYPE: mixed
WASTE VOLUME: small (pickup truck)
WASTE ORIGIN: residential
PROPERTY TYPE: vacant-lot
ADDRESS MARKERS: NONE
GUTTER/ALLEY: No
WATER PROXIMITY: No
CHRONIC SITE: No
VEHICLES: NONE
IDENTIFIERS: NONE
SEVERITY: 1
ORDINANCE: N/A
PRIORITY: LOW
SUMMARY: No illegal dumping is observed in the scene."
20260602T105528Z,DT_10th_and_Madison_Jefferson_4_20260528T035000.jpg,,,dataset_20260528/DT_10th_and_Madison_Jefferson_4/DT_10th_and_Madison_Jefferson_4_20260528T035000.jpg,illegal_dumping,done,2026-06-02T11:09:35.450511+00:00,0.033,0.766,0.801,,nvidia/cosmos-reason2-8b,"DUMPING PRESENT: No
ORDINANCE VIOLATION: No
WASTE TYPE: mixed
WASTE VOLUME: small (pickup truck)
WASTE ORIGIN: residential
PROPERTY TYPE: alley
ADDRESS MARKERS: NONE
GUTTER/ALLEY: Yes
WATER PROXIMITY: No
CHRONIC SITE: No
VEHICLES: NONE
IDENTIFIERS: NONE
SEVERITY: 1
ORDINANCE: N/A
PRIORITY: LOW
SUMMARY: No illegal dumping observed in the alleyway."
20260602T105528Z,DT_10th_and_Madison_Jefferson_4_20260528T040000.jpg,,,dataset_20260528/DT_10th_and_Madison_Jefferson_4/DT_10th_and_Madison_Jefferson_4_20260528T040000.jpg,illegal_dumping,done,2026-06-02T11:09:35.848113+00:00,0.041,0.697,0.74,,nvidia/cosmos-reason2-8b,"DUMPING PRESENT: No
ORDINANCE VIOLATION: No
WASTE TYPE: mixed
WASTE VOLUME: small (pickup truck)
WASTE ORIGIN: residential
PROPERTY TYPE: alley
ADDRESS MARKERS: NONE
GUTTER/ALLEY: Yes
WATER PROXIMITY: No
CHRONIC SITE: No
VEHICLES: NONE
IDENTIFIERS: NONE
SEVERITY: 1
ORDINANCE: N/A
PRIORITY: LOW
SUMMARY: No illegal dumping is observed in the video."
20260602T105528Z,DT_10th_and_Madison_Jefferson_4_20260528T041000.jpg,,,dataset_20260528/DT_10th_and_Madison_Jefferson_4/DT_10th_and_Madison_Jefferson_4_20260528T041000.jpg,illegal_dumping,done,2026-06-02T11:09:35.890377+00:00,0.036,0.93,0.968,,nvidia/cosmos-reason2-8b,"DUMPING PRESENT: No
ORDINANCE VIOLATION: No
WASTE TYPE: mixed
WASTE VOLUME: small (pickup truck)
WASTE ORIGIN: residential
PROPERTY TYPE: vacant-lot
ADDRESS MARKERS: NONE
GUTTER/ALLEY: No
WATER PROXIMITY: No
CHRONIC SITE: No
VEHICLES: NONE
IDENTIFIERS: NONE
SEVERITY: 1
ORDINANCE: N/A
PRIORITY: LOW
SUMMARY: No illegal dumping observed; the scene appears to be a natural outdoor area with no visible waste or debris."
20260602T105528Z,DT_10th_and_Madison_Jefferson_4_20260528T042000.jpg,,,dataset_20260528/DT_10th_and_Madison_Jefferson_4/DT_10th_and_Madison_Jefferson_4_20260528T042000.jpg,illegal_dumping,done,2026-06-02T11:09:36.044798+00:00,0.035,1.021,1.058,,nvidia/cosmos-reason2-8b,"```json
DUMPING PRESENT: No
ORDINANCE VIOLATION: No
WASTE TYPE: mixed
WASTE VOLUME: small (pickup truck)
WASTE ORIGIN: residential
PROPERTY TYPE: vacant-lot
ADDRESS MARKERS: NONE
GUTTER/ALLEY: No
WATER PROXIMITY: No
CHRONIC SITE: No
VEHICLES: <color, type, any text visible — or NONE>
IDENTIFIERS: <plates, signage, labels, individuals — or NONE>
SEVERITY: 1
ORDINANCE: N/A
PRIORITY: LOW
SUMMARY: No illegal dumping detected; the scene shows a dark, indistinct area with no visible waste or vehicles.
```"
20260602T105528Z,DT_10th_and_Madison_Jefferson_4_20260528T043000.jpg,,,dataset_20260528/DT_10th_and_Madison_Jefferson_4/DT_10th_and_Madison_Jefferson_4_20260528T043000.jpg,illegal_dumping,done,2026-06-02T11:09:36.254291+00:00,0.033,0.894,0.93,,nvidia/cosmos-reason2-8b,"```json
DUMPING PRESENT: No
ORDINANCE VIOLATION: No
WASTE TYPE: mixed
WASTE VOLUME: small (pickup truck)
WASTE ORIGIN: residential
PROPERTY TYPE: alley
ADDRESS MARKERS: NONE
GUTTER/ALLEY: Yes
WATER PROXIMITY: No
CHRONIC SITE: No
VEHICLES: NONE
IDENTIFIERS: NONE
SEVERITY: 1
ORDINANCE: N/A
PRIORITY: LOW
SUMMARY: No illegal dumping is observed in the alleyway; the scene appears clear with no visible waste or debris.
```"
20260602T105528Z,DT_10th_and_Madison_Jefferson_4_20260528T044000.jpg,,,dataset_20260528/DT_10th_and_Madison_Jefferson_4/DT_10th_and_Madison_Jefferson_4_20260528T044000.jpg,illegal_dumping,done,2026-06-02T11:09:36.592048+00:00,0.033,0.681,0.716,,nvidia/cosmos-reason2-8b,"DUMPING PRESENT: No
ORDINANCE VIOLATION: No
WASTE TYPE: mixed
WASTE VOLUME: small (pickup truck)
WASTE ORIGIN: residential
PROPERTY TYPE: vacant-lot
ADDRESS MARKERS: < NONE >
GUTTER/ALLEY: No
WATER PROXIMITY: No
CHRONIC SITE: No
VEHICLES: < NONE >
IDENTIFIERS: < NONE >
SEVERITY: 1
ORDINANCE: N/A
PRIORITY: LOW
SUMMARY: No illegal dumping is observed in the video."
20260602T105528Z,DT_10th_and_Madison_Jefferson_4_20260528T045000.jpg,,,dataset_20260528/DT_10th_and_Madison_Jefferson_4/DT_10th_and_Madison_Jefferson_4_20260528T045000.jpg,illegal_dumping,done,2026-06-02T11:09:36.862094+00:00,0.042,0.625,0.67,,nvidia/cosmos-reason2-8b,"DUMPING PRESENT: No
ORDINANCE VIOLATION: No
WASTE TYPE: mixed
WASTE VOLUME: small (pickup truck)
WASTE ORIGIN: residential
PROPERTY TYPE: vacant-lot
ADDRESS MARKERS: NONE
GUTTER/ALLEY: No
WATER PROXIMITY: No
CHRONIC SITE: No
VEHICLES: NONE
IDENTIFIERS: NONE
SEVERITY: 1
ORDINANCE: N/A
PRIORITY: LOW
SUMMARY: No illegal dumping is observed in the video."
20260602T105528Z,DT_10th_and_Madison_Jefferson_4_20260528T050000.jpg,,,dataset_20260528/DT_10th_and_Madison_Jefferson_4/DT_10th_and_Madison_Jefferson_4_20260528T050000.jpg,illegal_dumping,done,2026-06-02T11:09:37.105511+00:00,0.036,0.774,0.812,,nvidia/cosmos-reason2-8b,"DUMPING PRESENT: No
ORDINANCE VIOLATION: No
WASTE TYPE: mixed
WASTE VOLUME: small (pickup truck)
WASTE ORIGIN: residential
PROPERTY TYPE: right-of-way
ADDRESS MARKERS: NONE
GUTTER/ALLEY: Yes
WATER PROXIMITY: No
CHRONIC SITE: No
VEHICLES: <color, type, any text visible — or NONE>
IDENTIFIERS: <plates, signage, labels, individuals — or NONE>
SEVERITY: 1
ORDINANCE: N/A
PRIORITY: LOW
SUMMARY: No illegal dumping observed; the scene shows a dark, foggy environment with a vehicle on a right-of-way, no waste or debris visible."
20260602T105528Z,DT_10th_and_Madison_Jefferson_4_20260528T051000.jpg,,,dataset_20260528/DT_10th_and_Madison_Jefferson_4/DT_10th_and_Madison_Jefferson_4_20260528T051000.jpg,illegal_dumping,done,2026-06-02T11:09:37.187042+00:00,0.035,0.825,0.863,,nvidia/cosmos-reason2-8b,"DUMPING PRESENT: No
ORDINANCE VIOLATION: No
WASTE TYPE: mixed
WASTE VOLUME: small (pickup truck)
WASTE ORIGIN: residential
PROPERTY TYPE: alley
ADDRESS MARKERS: NONE
GUTTER/ALLEY: Yes
WATER PROXIMITY: No
CHRONIC SITE: No
VEHICLES: <color, type, any text visible — or NONE>
IDENTIFIERS: <plates, signage, labels, individuals — or NONE>
SEVERITY: 1
ORDINANCE: N/A
PRIORITY: LOW
SUMMARY: No illegal dumping observed in the alleyway."
20260602T105528Z,DT_10th_and_Madison_Jefferson_4_20260528T052000.jpg,,,dataset_20260528/DT_10th_and_Madison_Jefferson_4/DT_10th_and_Madison_Jefferson_4_20260528T052000.jpg,illegal_dumping,done,2026-06-02T11:09:37.311141+00:00,0.031,0.981,1.014,,nvidia/cosmos-reason2-8b,"DUMPING PRESENT: No
ORDINANCE VIOLATION: No
WASTE TYPE: mixed
WASTE VOLUME: small (pickup truck)
WASTE ORIGIN: residential
PROPERTY TYPE: vacant-lot
ADDRESS MARKERS: NONE
GUTTER/ALLEY: No
WATER PROXIMITY: No
CHRONIC SITE: No
VEHICLES: NONE
IDENTIFIERS: NONE
SEVERITY: 1
ORDINANCE: N/A
PRIORITY: LOW
SUMMARY: No illegal dumping is observed in the video."
20260602T105528Z,DT_10th_and_Madison_Jefferson_4_20260528T053000.jpg,,,dataset_20260528/DT_10th_and_Madison_Jefferson_4/DT_10th_and_Madison_Jefferson_4_20260528T053000.jpg,illegal_dumping,done,2026-06-02T11:09:37.534442+00:00,0.035,0.906,0.955,,nvidia/cosmos-reason2-8b,"DUMPING PRESENT: No
ORDINANCE VIOLATION: No
WASTE TYPE: mixed
WASTE VOLUME: small (pickup truck)
WASTE ORIGIN: residential
PROPERTY TYPE: right-of-way
ADDRESS MARKERS: NONE
GUTTER/ALLEY: Yes
WATER PROXIMITY: No
CHRONIC SITE: No
VEHICLES: <color, type, any text visible — or NONE>
IDENTIFIERS: <plates, signage, labels, individuals — or NONE>
SEVERITY: 1
ORDINANCE: N/A
PRIORITY: LOW
SUMMARY: No illegal dumping observed; the scene shows a dark vehicle parked on a right-of-way with no visible waste or debris."
20260602T105528Z,DT_10th_and_Madison_Jefferson_4_20260528T054000.jpg,,,dataset_20260528/DT_10th_and_Madison_Jefferson_4/DT_10th_and_Madison_Jefferson_4_20260528T054000.jpg,illegal_dumping,done,2026-06-02T11:09:37.919802+00:00,0.033,0.802,0.838,,nvidia/cosmos-reason2-8b,"```json
{
  ""DUMPING PRESENT"": ""No"",
  ""ORDINANCE VIOLATION"": ""No"",
  ""WASTE TYPE"": [],
  ""WASTE VOLUME"": ""small (pickup truck)"",
  ""WASTE ORIGIN"": ""unknown"",
  ""PROPERTY TYPE"": ""right-of-way"",
  ""ADDRESS MARKERS"": ""NONE"",
  ""GUTTER/ALLEY"": ""Yes"",
  ""WATER PROXIMITY"": ""No"",
  ""CHRONIC SITE"": ""No"",
  ""VEHICLES"": ""NONE"",
  ""IDENTIFIERS"": ""NONE"",
  ""SEVERITY"": ""1"",
  ""ORDINANCE"": ""N/A"",
  ""PRIORITY"": ""LOW"",
  ""SUMMARY"": ""No illegal dumping detected; the scene shows a dark, indistinct area with no visible waste or vehicles.""
}
```"
20260602T105528Z,DT_10th_and_Madison_Jefferson_4_20260528T055000.jpg,,,dataset_20260528/DT_10th_and_Madison_Jefferson_4/DT_10th_and_Madison_Jefferson_4_20260528T055000.jpg,illegal_dumping,done,2026-06-02T11:09:38.052036+00:00,0.032,0.917,0.951,,nvidia/cosmos-reason2-8b,"```json
{
  ""DUMPING PRESENT"": ""No"",
  ""ORDINANCE VIOLATION"": ""No"",
  ""WASTE TYPE"": [],
  ""WASTE VOLUME"": ""small (pickup truck)"",
  ""WASTE ORIGIN"": ""unknown"",
  ""PROPERTY TYPE"": ""right-of-way"",
  ""ADDRESS MARKERS"": ""NONE"",
  ""GUTTER/ALLEY"": ""Yes"",
  ""WATER PROXIMITY"": ""No"",
  ""CHRONIC SITE"": ""No"",
  ""VEHICLES"": ""NONE"",
  ""IDENTIFIERS"": ""NONE"",
  ""SEVERITY"": 1,
  ""ORDINANCE"": ""N/A"",
  ""PRIORITY"": ""LOW"",
  ""SUMMARY"": ""No illegal dumping detected; the scene shows a dark, textured surface with no visible waste or vehicles.""
}
```"
20260602T105528Z,DT_10th_and_Madison_Jefferson_4_20260528T060000.jpg,,,dataset_20260528/DT_10th_and_Madison_Jefferson_4/DT_10th_and_Madison_Jefferson_4_20260528T060000.jpg,illegal_dumping,done,2026-06-02T11:09:38.327852+00:00,0.032,0.701,0.735,,nvidia/cosmos-reason2-8b,"DUMPING PRESENT: No
ORDINANCE VIOLATION: No
WASTE TYPE: <none detected>
WASTE VOLUME: <not applicable>
WASTE ORIGIN: <not applicable>
PROPERTY TYPE: right-of-way
ADDRESS MARKERS: NONE
GUTTER/ALLEY: No
WATER PROXIMITY: No
CHRONIC SITE: No
VEHICLES: NONE
IDENTIFIERS: <none>
SEVERITY: 1
ORDINANCE: N/A
PRIORITY: LOW
SUMMARY: No dumping observed; scene appears clear with no visible waste or violations."
20260602T105528Z,DT_10th_and_Madison_Jefferson_4_20260528T061000.jpg,,,dataset_20260528/DT_10th_and_Madison_Jefferson_4/DT_10th_and_Madison_Jefferson_4_20260528T061000.jpg,illegal_dumping,done,2026-06-02T11:09:38.491864+00:00,0.034,0.74,0.776,,nvidia/cosmos-reason2-8b,"DUMPING PRESENT: No
ORDINANCE VIOLATION: No
WASTE TYPE: mixed
WASTE VOLUME: small (pickup truck)
WASTE ORIGIN: residential
PROPERTY TYPE: alley
ADDRESS MARKERS: NONE
GUTTER/ALLEY: Yes
WATER PROXIMITY: No
CHRONIC SITE: No
VEHICLES: <color, type, any text visible — or NONE>
IDENTIFIERS: <plates, signage, labels, individuals — or NONE>
SEVERITY: 1
ORDINANCE: N/A
PRIORITY: LOW
SUMMARY: No illegal dumping is observed in the alleyway; the scene appears clear with no visible waste or debris."
20260602T105528Z,DT_10th_and_Madison_Jefferson_4_20260528T062000.jpg,,,dataset_20260528/DT_10th_and_Madison_Jefferson_4/DT_10th_and_Madison_Jefferson_4_20260528T062000.jpg,illegal_dumping,done,2026-06-02T11:09:38.760387+00:00,0.04,0.746,0.788,,nvidia/cosmos-reason2-8b,"DUMPING PRESENT: Yes
ORDINANCE VIOLATION: Yes
WASTE TYPE: mixed
WASTE VOLUME: small (pickup truck)
WASTE ORIGIN: residential
PROPERTY TYPE: right-of-way
ADDRESS MARKERS: NONE
GUTTER/ALLEY: Yes
WATER PROXIMITY: No
CHRONIC SITE: No
VEHICLES: NONE
IDENTIFIERS: NONE
SEVERITY: 1
ORDINANCE: Sec-46-45
PRIORITY: LOW
SUMMARY: A small amount of mixed waste is present in the right-of-way, which is considered a minor violation under Sec-46-45."
20260602T105528Z,DT_10th_and_Madison_Jefferson_4_20260528T063000.jpg,,,dataset_20260528/DT_10th_and_Madison_Jefferson_4/DT_10th_and_Madison_Jefferson_4_20260528T063000.jpg,illegal_dumping,done,2026-06-02T11:09:39.006007+00:00,0.035,0.888,0.925,,nvidia/cosmos-reason2-8b,"```json
{
  ""DUMPING PRESENT"": ""No"",
  ""ORDINANCE VIOLATION"": ""No"",
  ""WASTE TYPE"": [],
  ""WASTE VOLUME"": ""small (pickup truck)"",
  ""WASTE ORIGIN"": ""unknown"",
  ""PROPERTY TYPE"": ""right-of-way"",
  ""ADDRESS MARKERS"": ""NONE"",
  ""GUTTER/ALLEY"": ""Yes"",
  ""WATER PROXIMITY"": ""No"",
  ""CHRONIC SITE"": ""No"",
  ""VEHICLES"": ""NONE"",
  ""IDENTIFIERS"": ""NONE"",
  ""SEVERITY"": ""1"",
  ""ORDINANCE"": ""N/A"",
  ""PRIORITY"": ""LOW"",
  ""SUMMARY"": ""No illegal dumping detected; the scene shows a narrow pathway bordered by dense vegetation with no visible waste or debris.""
}
```"
20260602T105528Z,DT_10th_and_Madison_Jefferson_4_20260528T064000.jpg,,,dataset_20260528/DT_10th_and_Madison_Jefferson_4/DT_10th_and_Madison_Jefferson_4_20260528T064000.jpg,illegal_dumping,done,2026-06-02T11:09:39.065557+00:00,0.038,0.863,0.903,,nvidia/cosmos-reason2-8b,"DUMPING PRESENT: No
ORDINANCE VIOLATION: No
WASTE TYPE: mixed
WASTE VOLUME: small (pickup truck)
WASTE ORIGIN: residential
PROPERTY TYPE: occupied-private
ADDRESS MARKERS: NONE
GUTTER/ALLEY: No
WATER PROXIMITY: No
CHRONIC SITE: No
VEHICLES: NONE
IDENTIFIERS: NONE
SEVERITY: 1
ORDINANCE: N/A
PRIORITY: LOW
SUMMARY: No illegal dumping detected; the scene shows a residential area with no visible waste or debris."
20260602T105528Z,DT_10th_and_Madison_Jefferson_4_20260528T065000.jpg,,,dataset_20260528/DT_10th_and_Madison_Jefferson_4/DT_10th_and_Madison_Jefferson_4_20260528T065000.jpg,illegal_dumping,done,2026-06-02T11:09:39.271696+00:00,0.037,0.984,1.024,,nvidia/cosmos-reason2-8b,"DUMPING PRESENT: Yes
ORDINANCE VIOLATION: Yes
WASTE TYPE: mixed
WASTE VOLUME: medium (dump truck)
WASTE ORIGIN: commercial-contractor
PROPERTY TYPE: right-of-way
ADDRESS MARKERS: NONE
GUTTER/ALLEY: Yes
WATER PROXIMITY: No
CHRONIC SITE: No
VEHICLES: NONE
IDENTIFIERS: NONE
SEVERITY: 2
ORDINANCE: Sec-46-45
PRIORITY: MEDIUM
SUMMARY: Mixed waste is illegally dumped in the right-of-way, violating Sec. 46-45, and the property owner may be held liable for improper disposal on private or vacant land.
"
20260602T105528Z,DT_10th_and_Madison_Jefferson_4_20260528T070000.jpg,,,dataset_20260528/DT_10th_and_Madison_Jefferson_4/DT_10th_and_Madison_Jefferson_4_20260528T070000.jpg,illegal_dumping,done,2026-06-02T11:09:39.551337+00:00,0.038,0.752,0.793,,nvidia/cosmos-reason2-8b,"DUMPING PRESENT: Yes
ORDINANCE VIOLATION: Yes
WASTE TYPE: mixed
WASTE VOLUME: small (pickup truck)
WASTE ORIGIN: residential
PROPERTY TYPE: alley
ADDRESS MARKERS: NONE
GUTTER/ALLEY: Yes
WATER PROXIMITY: No
CHRONIC SITE: No
VEHICLES: NONE
IDENTIFIERS: NONE
SEVERITY: 2
ORDINANCE: Sec-46-45
PRIORITY: MEDIUM
SUMMARY: A pile of mixed waste is present in an alley, violating Brownsville's property owner liability ordinance."
20260602T105528Z,DT_10th_and_Madison_Jefferson_4_20260528T071000.jpg,,,dataset_20260528/DT_10th_and_Madison_Jefferson_4/DT_10th_and_Madison_Jefferson_4_20260528T071000.jpg,illegal_dumping,done,2026-06-02T11:09:39.933341+00:00,0.036,0.791,0.83,,nvidia/cosmos-reason2-8b,"DUMPING PRESENT: Yes
ORDINANCE VIOLATION: Yes
WASTE TYPE: mixed
WASTE VOLUME: small (pickup truck)
WASTE ORIGIN: residential
PROPERTY TYPE: right-of-way
ADDRESS MARKERS: NONE
GUTTER/ALLEY: Yes
WATER PROXIMITY: No
CHRONIC SITE: No
VEHICLES: NONE
IDENTIFIERS: NONE
SEVERITY: 3
ORDINANCE: Sec-46-45
PRIORITY: MEDIUM
SUMMARY: A black trash bin is improperly placed in the right-of-way, violating Brownsville's property owner liability ordinance.
"
20260602T105528Z,DT_10th_and_Madison_Jefferson_4_20260528T072000.jpg,,,dataset_20260528/DT_10th_and_Madison_Jefferson_4/DT_10th_and_Madison_Jefferson_4_20260528T072000.jpg,illegal_dumping,done,2026-06-02T11:09:39.970912+00:00,0.038,0.893,0.934,,nvidia/cosmos-reason2-8b,"DUMPING PRESENT: Yes
ORDINANCE VIOLATION: Yes
WASTE TYPE: mixed
WASTE VOLUME: medium
WASTE ORIGIN: residential
PROPERTY TYPE: alley
ADDRESS MARKERS: NONE
GUTTER/ALLEY: Yes
WATER PROXIMITY: No
CHRONIC SITE: No
VEHICLES: NONE
IDENTIFIERS: NONE
SEVERITY: 2
ORDINANCE: Sec-46-45
PRIORITY: MEDIUM
SUMMARY: A black trash bin is improperly placed on the alleyway, violating Brownsville's property owner liability ordinance."
20260602T105528Z,DT_10th_and_Madison_Jefferson_4_20260528T073000.jpg,,,dataset_20260528/DT_10th_and_Madison_Jefferson_4/DT_10th_and_Madison_Jefferson_4_20260528T073000.jpg,illegal_dumping,done,2026-06-02T11:09:40.298394+00:00,0.034,0.953,0.989,,nvidia/cosmos-reason2-8b,"DUMPING PRESENT: Yes
ORDINANCE VIOLATION: Yes
WASTE TYPE: mixed
WASTE VOLUME: medium (dump truck)
WASTE ORIGIN: residential
PROPERTY TYPE: right-of-way
ADDRESS MARKERS: NONE
GUTTER/ALLEY: Yes
WATER PROXIMITY: No
CHRONIC SITE: No
VEHICLES: NONE
IDENTIFIERS: NONE
SEVERITY: 2
ORDINANCE: Sec-46-45
PRIORITY: MEDIUM
SUMMARY: A medium-sized dump truck is parked on the right-of-way, indicating illegal dumping activity that violates Brownsville's property owner liability ordinance.
"
20260602T105528Z,DT_10th_and_Madison_Jefferson_4_20260528T074000.jpg,,,dataset_20260528/DT_10th_and_Madison_Jefferson_4/DT_10th_and_Madison_Jefferson_4_20260528T074000.jpg,illegal_dumping,done,2026-06-02T11:09:40.346716+00:00,0.034,0.973,1.009,,nvidia/cosmos-reason2-8b,"DUMPING PRESENT: Yes
ORDINANCE VIOLATION: Yes
WASTE TYPE: mixed
WASTE VOLUME: medium
WASTE ORIGIN: residential
PROPERTY TYPE: alley
ADDRESS MARKERS: NONE
GUTTER/ALLEY: Yes
WATER PROXIMITY: No
CHRONIC SITE: No
VEHICLES: NONE
IDENTIFIERS: NONE
SEVERITY: 2
ORDINANCE: Sec-46-45
PRIORITY: MEDIUM
SUMMARY: Mixed waste is illegally dumped in the alley, violating property owner liability under Sec. 46-45.
"
20260602T105528Z,DT_10th_and_Madison_Jefferson_4_20260528T075000.jpg,,,dataset_20260528/DT_10th_and_Madison_Jefferson_4/DT_10th_and_Madison_Jefferson_4_20260528T075000.jpg,illegal_dumping,done,2026-06-02T11:09:40.766436+00:00,0.043,0.774,0.82,,nvidia/cosmos-reason2-8b,"DUMPING PRESENT: Yes
ORDINANCE VIOLATION: Yes
WASTE TYPE: mixed
WASTE VOLUME: medium
WASTE ORIGIN: residential
PROPERTY TYPE: right-of-way
ADDRESS MARKERS: NONE
GUTTER/ALLEY: Yes
WATER PROXIMITY: No
CHRONIC SITE: No
VEHICLES: NONE
IDENTIFIERS: NONE
SEVERITY: 2
ORDINANCE: Sec-46-45
PRIORITY: MEDIUM
SUMMARY: Mixed waste is illegally dumped in the right-of-way, violating Brownsville's property owner liability ordinance (Sec. 46-45).
"
20260602T105528Z,DT_10th_and_Madison_Jefferson_4_20260528T080000.jpg,,,dataset_20260528/DT_10th_and_Madison_Jefferson_4/DT_10th_and_Madison_Jefferson_4_20260528T080000.jpg,illegal_dumping,done,2026-06-02T11:09:40.906860+00:00,0.037,0.824,0.863,,nvidia/cosmos-reason2-8b,"DUMPING PRESENT: Yes
ORDINANCE VIOLATION: Yes
WASTE TYPE: mixed
WASTE VOLUME: small (pickup truck)
WASTE ORIGIN: residential
PROPERTY TYPE: alley
ADDRESS MARKERS: NONE
GUTTER/ALLEY: Yes
WATER PROXIMITY: No
CHRONIC SITE: No
VEHICLES: NONE
IDENTIFIERS: NONE
SEVERITY: 3
ORDINANCE: Sec-46-45
PRIORITY: MEDIUM
SUMMARY: A pile of mixed waste is present in the alley, which is considered illegal dumping on private property according to Sec. 46-45.
"
20260602T105528Z,DT_10th_and_Madison_Jefferson_4_20260528T081000.jpg,,,dataset_20260528/DT_10th_and_Madison_Jefferson_4/DT_10th_and_Madison_Jefferson_4_20260528T081000.jpg,illegal_dumping,done,2026-06-02T11:09:41.290544+00:00,0.037,0.766,0.806,,nvidia/cosmos-reason2-8b,"DUMPING PRESENT: Yes
ORDINANCE VIOLATION: Yes
WASTE TYPE: mixed
WASTE VOLUME: medium
WASTE ORIGIN: residential
PROPERTY TYPE: alley
ADDRESS MARKERS: NONE
GUTTER/ALLEY: Yes
WATER PROXIMITY: No
CHRONIC SITE: No
VEHICLES: NONE
IDENTIFIERS: NONE
SEVERITY: 2
ORDINANCE: Sec-46-45
PRIORITY: MEDIUM
SUMMARY: Mixed waste is illegally dumped in an alley, violating property owner liability under Sec. 46-45.
"
20260602T105528Z,DT_10th_and_Madison_Jefferson_4_20260528T082000.jpg,,,dataset_20260528/DT_10th_and_Madison_Jefferson_4/DT_10th_and_Madison_Jefferson_4_20260528T082000.jpg,illegal_dumping,done,2026-06-02T11:09:41.357595+00:00,0.037,0.936,0.976,,nvidia/cosmos-reason2-8b,"DUMPING PRESENT: Yes
ORDINANCE VIOLATION: Yes
WASTE TYPE: mixed
WASTE VOLUME: medium (dump truck)
WASTE ORIGIN: residential
PROPERTY TYPE: right-of-way
ADDRESS MARKERS: NONE
GUTTER/ALLEY: Yes
WATER PROXIMITY: No
CHRONIC SITE: No
VEHICLES: NONE
IDENTIFIERS: NONE
SEVERITY: 3
ORDINANCE: Sec-46-45
PRIORITY: MEDIUM
SUMMARY: Mixed waste is illegally dumped in a right-of-way, violating Sec. 46-45, as it obstructs the area and poses a safety hazard.
"
20260602T105528Z,DT_10th_and_Madison_Jefferson_4_20260528T083000.jpg,,,dataset_20260528/DT_10th_and_Madison_Jefferson_4/DT_10th_and_Madison_Jefferson_4_20260528T083000.jpg,illegal_dumping,done,2026-06-02T11:09:41.588727+00:00,0.033,0.931,0.978,,nvidia/cosmos-reason2-8b,"DUMPING PRESENT: Yes
ORDINANCE VIOLATION: Yes
WASTE TYPE: mixed
WASTE VOLUME: medium (dump truck)
WASTE ORIGIN: residential
PROPERTY TYPE: right-of-way
ADDRESS MARKERS: NONE
GUTTER/ALLEY: Yes
WATER PROXIMITY: No
CHRONIC SITE: No
VEHICLES: NONE
IDENTIFIERS: NONE
SEVERITY: 3
ORDINANCE: Sec-46-45
PRIORITY: MEDIUM
SUMMARY: A pile of mixed waste is illegally dumped in the right-of-way, violating Brownsville's property owner liability ordinance (Sec. 46-45)."
20260602T105528Z,DT_10th_and_Madison_Jefferson_4_20260528T084000.jpg,,,dataset_20260528/DT_10th_and_Madison_Jefferson_4/DT_10th_and_Madison_Jefferson_4_20260528T084000.jpg,illegal_dumping,done,2026-06-02T11:09:41.773175+00:00,0.037,0.816,0.856,,nvidia/cosmos-reason2-8b,"DUMPING PRESENT: Yes
ORDINANCE VIOLATION: Yes
WASTE TYPE: mixed
WASTE VOLUME: medium
WASTE ORIGIN: residential
PROPERTY TYPE: alley
ADDRESS MARKERS: NONE
GUTTER/ALLEY: Yes
WATER PROXIMITY: No
CHRONIC SITE: No
VEHICLES: NONE
IDENTIFIERS: NONE
SEVERITY: 2
ORDINANCE: Sec-46-45
PRIORITY: MEDIUM
SUMMARY: A medium-sized pile of mixed waste is illegally dumped in the alley, violating Brownsville's property owner liability ordinance.
"
20260602T105528Z,DT_10th_and_Madison_Jefferson_4_20260528T085000.jpg,,,dataset_20260528/DT_10th_and_Madison_Jefferson_4/DT_10th_and_Madison_Jefferson_4_20260528T085000.jpg,illegal_dumping,done,2026-06-02T11:09:42.099170+00:00,0.037,0.725,0.765,,nvidia/cosmos-reason2-8b,"DUMPING PRESENT: Yes
ORDINANCE VIOLATION: Yes
WASTE TYPE: mixed
WASTE VOLUME: medium
WASTE ORIGIN: residential
PROPERTY TYPE: alley
ADDRESS MARKERS: NONE
GUTTER/ALLEY: Yes
WATER PROXIMITY: No
CHRONIC SITE: No
VEHICLES: NONE
IDENTIFIERS: NONE
SEVERITY: 2
ORDINANCE: Sec-46-45
PRIORITY: MEDIUM
SUMMARY: Mixed waste is illegally dumped in an alley, violating property owner liability under Sec. 46-45.
"
20260602T105528Z,DT_10th_and_Madison_Jefferson_4_20260528T090000.jpg,,,dataset_20260528/DT_10th_and_Madison_Jefferson_4/DT_10th_and_Madison_Jefferson_4_20260528T090000.jpg,illegal_dumping,done,2026-06-02T11:09:42.336075+00:00,0.034,0.756,0.792,,nvidia/cosmos-reason2-8b,"DUMPING PRESENT: Yes
ORDINANCE VIOLATION: Yes
WASTE TYPE: mixed
WASTE VOLUME: small (pickup truck)
WASTE ORIGIN: residential
PROPERTY TYPE: right-of-way
ADDRESS MARKERS: NONE
GUTTER/ALLEY: Yes
WATER PROXIMITY: No
CHRONIC SITE: No
VEHICLES: NONE
IDENTIFIERS: NONE
SEVERITY: 2
ORDINANCE: Sec-46-45
PRIORITY: MEDIUM
SUMMARY: A small pile of mixed waste is illegally dumped in the right-of-way, violating Brownsville's property owner liability ordinance.
"
20260602T105528Z,DT_10th_and_Madison_Jefferson_4_20260528T091000.jpg,,,dataset_20260528/DT_10th_and_Madison_Jefferson_4/DT_10th_and_Madison_Jefferson_4_20260528T091000.jpg,illegal_dumping,done,2026-06-02T11:09:42.569781+00:00,0.036,0.787,0.826,,nvidia/cosmos-reason2-8b,"DUMPING PRESENT: Yes
ORDINANCE VIOLATION: Yes
WASTE TYPE: mixed
WASTE VOLUME: medium
WASTE ORIGIN: residential
PROPERTY TYPE: alley
ADDRESS MARKERS: NONE
GUTTER/ALLEY: Yes
WATER PROXIMITY: No
CHRONIC SITE: No
VEHICLES: NONE
IDENTIFIERS: NONE
SEVERITY: 2
ORDINANCE: Sec-46-45
PRIORITY: MEDIUM
SUMMARY: A medium-sized mixed waste pile is present in an alley, violating property owner liability under Sec-46-45.
"
20260602T105528Z,DT_10th_and_Madison_Jefferson_4_20260528T092000.jpg,,,dataset_20260528/DT_10th_and_Madison_Jefferson_4/DT_10th_and_Madison_Jefferson_4_20260528T092000.jpg,illegal_dumping,done,2026-06-02T11:09:42.630781+00:00,0.033,0.933,0.969,,nvidia/cosmos-reason2-8b,"DUMPING PRESENT: Yes
ORDINANCE VIOLATION: Yes
WASTE TYPE: mixed
WASTE VOLUME: small (pickup truck)
WASTE ORIGIN: residential
PROPERTY TYPE: right-of-way
ADDRESS MARKERS: NONE
GUTTER/ALLEY: Yes
WATER PROXIMITY: No
CHRONIC SITE: No
VEHICLES: NONE
IDENTIFIERS: NONE
SEVERITY: 2
ORDINANCE: Sec-46-45
PRIORITY: MEDIUM
SUMMARY: A small pile of mixed waste is illegally dumped on the right-of-way, violating property owner liability under Sec. 46-45.
"
20260602T105528Z,DT_10th_and_Madison_Jefferson_4_20260528T093000.jpg,,,dataset_20260528/DT_10th_and_Madison_Jefferson_4/DT_10th_and_Madison_Jefferson_4_20260528T093000.jpg,illegal_dumping,done,2026-06-02T11:09:42.867222+00:00,0.033,0.854,0.89,,nvidia/cosmos-reason2-8b,"DUMPING PRESENT: Yes
ORDINANCE VIOLATION: Yes
WASTE TYPE: mixed
WASTE VOLUME: medium
WASTE ORIGIN: residential
PROPERTY TYPE: alley
ADDRESS MARKERS: NONE
GUTTER/ALLEY: Yes
WATER PROXIMITY: No
CHRONIC SITE: No
VEHICLES: NONE
IDENTIFIERS: NONE
SEVERITY: 2
ORDINANCE: Sec-46-45
PRIORITY: MEDIUM
SUMMARY: Mixed waste is illegally dumped in an alley, violating property owner liability under Sec. 46-45.
"
20260602T105528Z,DT_10th_and_Madison_Jefferson_4_20260528T094000.jpg,,,dataset_20260528/DT_10th_and_Madison_Jefferson_4/DT_10th_and_Madison_Jefferson_4_20260528T094000.jpg,illegal_dumping,done,2026-06-02T11:09:43.130484+00:00,0.031,0.752,0.786,,nvidia/cosmos-reason2-8b,"DUMPING PRESENT: Yes
ORDINANCE VIOLATION: Yes
WASTE TYPE: mixed
WASTE VOLUME: medium
WASTE ORIGIN: residential
PROPERTY TYPE: alley
ADDRESS MARKERS: NONE
GUTTER/ALLEY: Yes
WATER PROXIMITY: No
CHRONIC SITE: No
VEHICLES: NONE
IDENTIFIERS: NONE
SEVERITY: 2
ORDINANCE: Sec-46-45
PRIORITY: MEDIUM
SUMMARY: A pile of mixed waste is illegally dumped in the alley, violating Brownsville's property owner liability ordinance.
"
20260602T105528Z,DT_10th_and_Madison_Jefferson_4_20260528T095000.jpg,,,dataset_20260528/DT_10th_and_Madison_Jefferson_4/DT_10th_and_Madison_Jefferson_4_20260528T095000.jpg,illegal_dumping,done,2026-06-02T11:09:43.398400+00:00,0.038,0.742,0.782,,nvidia/cosmos-reason2-8b,"DUMPING PRESENT: Yes
ORDINANCE VIOLATION: Yes
WASTE TYPE: mixed
WASTE VOLUME: medium
WASTE ORIGIN: residential
PROPERTY TYPE: alley
ADDRESS MARKERS: NONE
GUTTER/ALLEY: Yes
WATER PROXIMITY: No
CHRONIC SITE: No
VEHICLES: NONE
IDENTIFIERS: NONE
SEVERITY: 2
ORDINANCE: Sec-46-45
PRIORITY: MEDIUM
SUMMARY: Mixed waste is illegally dumped in the alley, violating property owner liability under Sec. 46-45.
"
20260602T105528Z,DT_10th_and_Madison_Jefferson_4_20260528T100000.jpg,,,dataset_20260528/DT_10th_and_Madison_Jefferson_4/DT_10th_and_Madison_Jefferson_4_20260528T100000.jpg,illegal_dumping,done,2026-06-02T11:09:43.602850+00:00,0.035,0.745,0.782,,nvidia/cosmos-reason2-8b,"DUMPING PRESENT: Yes
ORDINANCE VIOLATION: Yes
WASTE TYPE: mixed
WASTE VOLUME: small (pickup truck)
WASTE ORIGIN: residential
PROPERTY TYPE: right-of-way
ADDRESS MARKERS: NONE
GUTTER/ALLEY: Yes
WATER PROXIMITY: No
CHRONIC SITE: No
VEHICLES: NONE
IDENTIFIERS: NONE
SEVERITY: 2
ORDINANCE: Sec-46-45
PRIORITY: MEDIUM
SUMMARY: Mixed waste is illegally dumped in the right-of-way, violating Brownsville's property owner liability ordinance.
"
20260602T105528Z,DT_10th_and_Madison_Jefferson_4_20260528T101000.jpg,,,dataset_20260528/DT_10th_and_Madison_Jefferson_4/DT_10th_and_Madison_Jefferson_4_20260528T101000.jpg,illegal_dumping,done,2026-06-02T11:09:43.759940+00:00,0.04,0.815,0.857,,nvidia/cosmos-reason2-8b,"DUMPING PRESENT: Yes
ORDINANCE VIOLATION: Yes
WASTE TYPE: mixed
WASTE VOLUME: medium
WASTE ORIGIN: residential
PROPERTY TYPE: vacant-lot
ADDRESS MARKERS: NONE
GUTTER/ALLEY: No
WATER PROXIMITY: No
CHRONIC SITE: No
VEHICLES: NONE
IDENTIFIERS: NONE
SEVERITY: 3
ORDINANCE: Sec-46-45
PRIORITY: MEDIUM
SUMMARY: A pile of mixed waste is illegally dumped on a private lot, violating Brownsville's property owner liability ordinance.
"
20260602T105528Z,DT_10th_and_Madison_Jefferson_4_20260528T102000.jpg,,,dataset_20260528/DT_10th_and_Madison_Jefferson_4/DT_10th_and_Madison_Jefferson_4_20260528T102000.jpg,illegal_dumping,done,2026-06-02T11:09:43.918417+00:00,0.034,0.859,0.895,,nvidia/cosmos-reason2-8b,"DUMPING PRESENT: Yes
ORDINANCE VIOLATION: Yes
WASTE TYPE: mixed
WASTE VOLUME: medium
WASTE ORIGIN: residential
PROPERTY TYPE: vacant-lot
ADDRESS MARKERS: NONE
GUTTER/ALLEY: No
WATER PROXIMITY: No
CHRONIC SITE: No
VEHICLES: NONE
IDENTIFIERS: NONE
SEVERITY: 2
ORDINANCE: Sec-46-45
PRIORITY: MEDIUM
SUMMARY: Mixed waste is illegally dumped on a vacant lot, violating property owner liability under Sec. 46-45.
"
20260602T105528Z,DT_10th_and_Madison_Jefferson_4_20260528T103000.jpg,,,dataset_20260528/DT_10th_and_Madison_Jefferson_4/DT_10th_and_Madison_Jefferson_4_20260528T103000.jpg,illegal_dumping,done,2026-06-02T11:09:44.183524+00:00,0.036,0.738,0.776,,nvidia/cosmos-reason2-8b,"DUMPING PRESENT: Yes
ORDINANCE VIOLATION: Yes
WASTE TYPE: mixed
WASTE VOLUME: medium
WASTE ORIGIN: residential
PROPERTY TYPE: right-of-way
ADDRESS MARKERS: NONE
GUTTER/ALLEY: Yes
WATER PROXIMITY: No
CHRONIC SITE: No
VEHICLES: NONE
IDENTIFIERS: NONE
SEVERITY: 2
ORDINANCE: Sec-46-45
PRIORITY: MEDIUM
SUMMARY: Mixed waste is illegally dumped in a right-of-way, violating Brownsville's property owner liability ordinance.
"
20260602T105528Z,DT_10th_and_Madison_Jefferson_4_20260528T104000.jpg,,,dataset_20260528/DT_10th_and_Madison_Jefferson_4/DT_10th_and_Madison_Jefferson_4_20260528T104000.jpg,illegal_dumping,done,2026-06-02T11:09:44.387704+00:00,0.035,0.706,0.743,,nvidia/cosmos-reason2-8b,"DUMPING PRESENT: Yes
ORDINANCE VIOLATION: Yes
WASTE TYPE: mixed
WASTE VOLUME: medium
WASTE ORIGIN: residential
PROPERTY TYPE: alley
ADDRESS MARKERS: NONE
GUTTER/ALLEY: Yes
WATER PROXIMITY: No
CHRONIC SITE: No
VEHICLES: NONE
IDENTIFIERS: NONE
SEVERITY: 2
ORDINANCE: Sec-46-45
PRIORITY: MEDIUM
SUMMARY: Mixed waste is illegally dumped in an alley, violating property owner liability under Sec. 46-45."
20260602T105528Z,DT_10th_and_Madison_Jefferson_4_20260528T105000.jpg,,,dataset_20260528/DT_10th_and_Madison_Jefferson_4/DT_10th_and_Madison_Jefferson_4_20260528T105000.jpg,illegal_dumping,done,2026-06-02T11:09:44.619585+00:00,0.036,0.807,0.845,,nvidia/cosmos-reason2-8b,"DUMPING PRESENT: Yes
ORDINANCE VIOLATION: Yes
WASTE TYPE: mixed
WASTE VOLUME: medium
WASTE ORIGIN: residential
PROPERTY TYPE: alley
ADDRESS MARKERS: NONE
GUTTER/ALLEY: Yes
WATER PROXIMITY: No
CHRONIC SITE: No
VEHICLES: NONE
IDENTIFIERS: NONE
SEVERITY: 2
ORDINANCE: Sec-46-45
PRIORITY: MEDIUM
SUMMARY: Mixed waste is illegally dumped in the alley, violating property owner liability under Sec. 46-45.
"
20260602T105528Z,DT_10th_and_Madison_Jefferson_4_20260528T110000.jpg,,,dataset_20260528/DT_10th_and_Madison_Jefferson_4/DT_10th_and_Madison_Jefferson_4_20260528T110000.jpg,illegal_dumping,done,2026-06-02T11:09:44.815921+00:00,0.037,0.788,0.827,,nvidia/cosmos-reason2-8b,"DUMPING PRESENT: Yes
ORDINANCE VIOLATION: Yes
WASTE TYPE: mixed
WASTE VOLUME: small (pickup truck)
WASTE ORIGIN: residential
PROPERTY TYPE: vacant-lot
ADDRESS MARKERS: NONE
GUTTER/ALLEY: No
WATER PROXIMITY: No
CHRONIC SITE: No
VEHICLES: NONE
IDENTIFIERS: NONE
SEVERITY: 3
ORDINANCE: Sec-46-45
PRIORITY: MEDIUM
SUMMARY: A pile of mixed waste is illegally dumped on a private lot, violating Brownsville's property owner liability ordinance.
"
20260602T105528Z,DT_10th_and_Madison_Jefferson_4_20260528T111000.jpg,,,dataset_20260528/DT_10th_and_Madison_Jefferson_4/DT_10th_and_Madison_Jefferson_4_20260528T111000.jpg,illegal_dumping,done,2026-06-02T11:09:44.962551+00:00,0.037,0.856,0.896,,nvidia/cosmos-reason2-8b,"DUMPING PRESENT: Yes
ORDINANCE VIOLATION: Yes
WASTE TYPE: mixed
WASTE VOLUME: small (pickup truck)
WASTE ORIGIN: residential
PROPERTY TYPE: right-of-way
ADDRESS MARKERS: NONE
GUTTER/ALLEY: Yes
WATER PROXIMITY: No
CHRONIC SITE: No
VEHICLES: NONE
IDENTIFIERS: NONE
SEVERITY: 3
ORDINANCE: Sec-46-45
PRIORITY: MEDIUM
SUMMARY: Mixed waste is illegally dumped in the right-of-way, violating Brownsville's property owner liability ordinance.
"
20260602T105528Z,DT_10th_and_Madison_Jefferson_4_20260528T112000.jpg,,,dataset_20260528/DT_10th_and_Madison_Jefferson_4/DT_10th_and_Madison_Jefferson_4_20260528T112000.jpg,illegal_dumping,done,2026-06-02T11:09:45.133022+00:00,0.033,0.85,0.885,,nvidia/cosmos-reason2-8b,"DUMPING PRESENT: Yes
ORDINANCE VIOLATION: Yes
WASTE TYPE: mixed
WASTE VOLUME: small (pickup truck)
WASTE ORIGIN: residential
PROPERTY TYPE: right-of-way
ADDRESS MARKERS: NONE
GUTTER/ALLEY: Yes
WATER PROXIMITY: No
CHRONIC SITE: No
VEHICLES: NONE
IDENTIFIERS: NONE
SEVERITY: 2
ORDINANCE: Sec-46-45
PRIORITY: MEDIUM
SUMMARY: Mixed waste is illegally dumped on a right-of-way, violating property owner liability under Sec. 46-45.
"
20260602T105528Z,DT_10th_and_Madison_Jefferson_4_20260528T113000.jpg,,,dataset_20260528/DT_10th_and_Madison_Jefferson_4/DT_10th_and_Madison_Jefferson_4_20260528T113000.jpg,illegal_dumping,done,2026-06-02T11:09:45.467702+00:00,0.037,0.777,0.817,,nvidia/cosmos-reason2-8b,"DUMPING PRESENT: Yes
ORDINANCE VIOLATION: Yes
WASTE TYPE: mixed
WASTE VOLUME: medium
WASTE ORIGIN: residential
PROPERTY TYPE: right-of-way
ADDRESS MARKERS: NONE
GUTTER/ALLEY: Yes
WATER PROXIMITY: No
CHRONIC SITE: No
VEHICLES: NONE
IDENTIFIERS: NONE
SEVERITY: 2
ORDINANCE: Sec-46-45
PRIORITY: MEDIUM
SUMMARY: Mixed waste is illegally dumped in the right-of-way, violating property owner liability under Sec-46-45.
"
20260602T105528Z,DT_10th_and_Madison_Jefferson_4_20260528T114000.jpg,,,dataset_20260528/DT_10th_and_Madison_Jefferson_4/DT_10th_and_Madison_Jefferson_4_20260528T114000.jpg,illegal_dumping,done,2026-06-02T11:09:45.646195+00:00,0.035,0.741,0.779,,nvidia/cosmos-reason2-8b,"DUMPING PRESENT: No
ORDINANCE VIOLATION: No
WASTE TYPE: mixed
WASTE VOLUME: small (pickup truck)
WASTE ORIGIN: residential
PROPERTY TYPE: vacant-lot
ADDRESS MARKERS: NONE
GUTTER/ALLEY: No
WATER PROXIMITY: No
CHRONIC SITE: No
VEHICLES: NONE
IDENTIFIERS: NONE
SEVERITY: 1
ORDINANCE: N/A
PRIORITY: LOW
SUMMARY: No illegal dumping detected in the video; the scene shows a green area with trees and a white structure, but no waste or debris is visible."
20260602T105528Z,DT_10th_and_Madison_Jefferson_4_20260528T115000.jpg,,,dataset_20260528/DT_10th_and_Madison_Jefferson_4/DT_10th_and_Madison_Jefferson_4_20260528T115000.jpg,illegal_dumping,done,2026-06-02T11:09:45.861628+00:00,0.041,0.789,0.832,,nvidia/cosmos-reason2-8b,"DUMPING PRESENT: Yes
ORDINANCE VIOLATION: Yes
WASTE TYPE: mixed
WASTE VOLUME: medium
WASTE ORIGIN: residential
PROPERTY TYPE: right-of-way
ADDRESS MARKERS: NONE
GUTTER/ALLEY: Yes
WATER PROXIMITY: No
CHRONIC SITE: No
VEHICLES: NONE
IDENTIFIERS: NONE
SEVERITY: 2
ORDINANCE: Sec-46-45
PRIORITY: MEDIUM
SUMMARY: Mixed waste is illegally dumped in the right-of-way, violating Brownsville's property owner liability ordinance.
"
20260602T105528Z,DT_10th_and_Madison_Jefferson_4_20260528T120000.jpg,,,dataset_20260528/DT_10th_and_Madison_Jefferson_4/DT_10th_and_Madison_Jefferson_4_20260528T120000.jpg,illegal_dumping,done,2026-06-02T11:09:46.020200+00:00,0.035,0.763,0.8,,nvidia/cosmos-reason2-8b,"DUMPING PRESENT: Yes
ORDINANCE VIOLATION: Yes
WASTE TYPE: mixed
WASTE VOLUME: medium
WASTE ORIGIN: residential
PROPERTY TYPE: right-of-way
ADDRESS MARKERS: NONE
GUTTER/ALLEY: No
WATER PROXIMITY: No
CHRONIC SITE: No
VEHICLES: NONE
IDENTIFIERS: NONE
SEVERITY: 2
ORDINANCE: Sec-46-45
PRIORITY: MEDIUM
SUMMARY: Mixed waste is illegally dumped in the right-of-way, violating Brownsville's property owner liability ordinance.
"
20260602T105528Z,DT_10th_and_Madison_Jefferson_4_20260528T121000.jpg,,,dataset_20260528/DT_10th_and_Madison_Jefferson_4/DT_10th_and_Madison_Jefferson_4_20260528T121000.jpg,illegal_dumping,done,2026-06-02T11:09:46.287004+00:00,0.033,0.833,0.868,,nvidia/cosmos-reason2-8b,"DUMPING PRESENT: Yes
ORDINANCE VIOLATION: Yes
WASTE TYPE: mixed
WASTE VOLUME: medium
WASTE ORIGIN: residential
PROPERTY TYPE: right-of-way
ADDRESS MARKERS: NONE
GUTTER/ALLEY: Yes
WATER PROXIMITY: No
CHRONIC SITE: No
VEHICLES: NONE
IDENTIFIERS: NONE
SEVERITY: 2
ORDINANCE: Sec-46-45
PRIORITY: MEDIUM
SUMMARY: Mixed waste is illegally dumped in the right-of-way, violating property owner liability under Sec. 46-45.
"
20260602T105528Z,DT_10th_and_Madison_Jefferson_4_20260528T122000.jpg,,,dataset_20260528/DT_10th_and_Madison_Jefferson_4/DT_10th_and_Madison_Jefferson_4_20260528T122000.jpg,illegal_dumping,done,2026-06-02T11:09:46.427352+00:00,0.033,0.849,0.884,,nvidia/cosmos-reason2-8b,"DUMPING PRESENT: Yes
ORDINANCE VIOLATION: Yes
WASTE TYPE: mixed
WASTE VOLUME: medium
WASTE ORIGIN: residential
PROPERTY TYPE: alley
ADDRESS MARKERS: NONE
GUTTER/ALLEY: Yes
WATER PROXIMITY: No
CHRONIC SITE: No
VEHICLES: NONE
IDENTIFIERS: NONE
SEVERITY: 2
ORDINANCE: Sec-46-45
PRIORITY: MEDIUM
SUMMARY: Mixed waste is illegally dumped in the alley, violating property owner liability under Sec. 46-45.
"
20260602T105528Z,DT_10th_and_Madison_Jefferson_4_20260528T123000.jpg,,,dataset_20260528/DT_10th_and_Madison_Jefferson_4/DT_10th_and_Madison_Jefferson_4_20260528T123000.jpg,illegal_dumping,done,2026-06-02T11:09:46.696381+00:00,0.032,0.709,0.743,,nvidia/cosmos-reason2-8b,"DUMPING PRESENT: Yes
ORDINANCE VIOLATION: Yes
WASTE TYPE: mixed
WASTE VOLUME: medium
WASTE ORIGIN: residential
PROPERTY TYPE: alley
ADDRESS MARKERS: NONE
GUTTER/ALLEY: Yes
WATER PROXIMITY: No
CHRONIC SITE: No
VEHICLES: NONE
IDENTIFIERS: NONE
SEVERITY: 2
ORDINANCE: Sec-46-45
PRIORITY: MEDIUM
SUMMARY: A pile of mixed waste is illegally dumped in the alley, violating Brownsville's property owner liability ordinance.
"
20260602T105528Z,DT_10th_and_Madison_Jefferson_4_20260528T124000.jpg,,,dataset_20260528/DT_10th_and_Madison_Jefferson_4/DT_10th_and_Madison_Jefferson_4_20260528T124000.jpg,illegal_dumping,done,2026-06-02T11:09:46.822841+00:00,0.036,0.804,0.843,,nvidia/cosmos-reason2-8b,"DUMPING PRESENT: Yes
ORDINANCE VIOLATION: Yes
WASTE TYPE: mixed
WASTE VOLUME: medium
WASTE ORIGIN: residential
PROPERTY TYPE: vacant-lot
ADDRESS MARKERS: NONE
GUTTER/ALLEY: No
WATER PROXIMITY: No
CHRONIC SITE: No
VEHICLES: NONE
IDENTIFIERS: NONE
SEVERITY: 2
ORDINANCE: Sec-46-45
PRIORITY: MEDIUM
SUMMARY: Mixed waste is illegally dumped on a vacant lot, violating property owner liability under Sec. 46-45.
"
20260602T105528Z,DT_10th_and_Madison_Jefferson_4_20260528T125000.jpg,,,dataset_20260528/DT_10th_and_Madison_Jefferson_4/DT_10th_and_Madison_Jefferson_4_20260528T125000.jpg,illegal_dumping,done,2026-06-02T11:09:47.157335+00:00,0.044,0.777,0.824,,nvidia/cosmos-reason2-8b,"```json
{
  ""DUMPING PRESENT"": ""No"",
  ""ORDINANCE VIOLATION"": ""No"",
  ""WASTE TYPE"": [],
  ""WASTE VOLUME"": ""small (pickup truck)"",
  ""WASTE ORIGIN"": ""residential"",
  ""PROPERTY TYPE"": ""vacant-lot"",
  ""ADDRESS MARKERS"": ""NONE"",
  ""GUTTER/ALLEY"": ""No"",
  ""WATER PROXIMITY"": ""No"",
  ""CHRONIC SITE"": ""No"",
  ""VEHICLES"": ""NONE"",
  ""IDENTIFIERS"": ""NONE"",
  ""SEVERITY"": ""1"",
  ""ORDINANCE"": ""N/A"",
  ""PRIORITY"": ""LOW"",
  ""SUMMARY"": ""No illegal dumping detected; no waste materials or violations observed.""
}
```"
20260602T105528Z,DT_10th_and_Madison_Jefferson_4_20260528T130000.jpg,,,dataset_20260528/DT_10th_and_Madison_Jefferson_4/DT_10th_and_Madison_Jefferson_4_20260528T130000.jpg,illegal_dumping,done,2026-06-02T11:09:47.313957+00:00,0.032,0.796,0.83,,nvidia/cosmos-reason2-8b,"DUMPING PRESENT: Yes
ORDINANCE VIOLATION: Yes
WASTE TYPE: mixed
WASTE VOLUME: small (pickup truck)
WASTE ORIGIN: residential
PROPERTY TYPE: right-of-way
ADDRESS MARKERS: NONE
GUTTER/ALLEY: Yes
WATER PROXIMITY: No
CHRONIC SITE: No
VEHICLES: NONE
IDENTIFIERS: NONE
SEVERITY: 1
ORDINANCE: Sec-46-45
PRIORITY: LOW
SUMMARY: A pile of mixed waste is located on the right-of-way, violating Brownsville's property owner liability ordinance.
"
20260602T105528Z,DT_10th_and_Madison_Jefferson_4_20260528T131000.jpg,,,dataset_20260528/DT_10th_and_Madison_Jefferson_4/DT_10th_and_Madison_Jefferson_4_20260528T131000.jpg,illegal_dumping,done,2026-06-02T11:09:47.441908+00:00,0.03,0.86,0.892,,nvidia/cosmos-reason2-8b,"DUMPING PRESENT: Yes
ORDINANCE VIOLATION: Yes
WASTE TYPE: mixed
WASTE VOLUME: small (pickup truck)
WASTE ORIGIN: residential
PROPERTY TYPE: right-of-way
ADDRESS MARKERS: NONE
GUTTER/ALLEY: Yes
WATER PROXIMITY: No
CHRONIC SITE: No
VEHICLES: NONE
IDENTIFIERS: NONE
SEVERITY: 2
ORDINANCE: Sec-46-45
PRIORITY: MEDIUM
SUMMARY: A pile of mixed waste is illegally dumped on the right-of-way, violating Brownsville's property owner liability ordinance.
"
20260602T105528Z,DT_10th_and_Madison_Jefferson_4_20260528T132000.jpg,,,dataset_20260528/DT_10th_and_Madison_Jefferson_4/DT_10th_and_Madison_Jefferson_4_20260528T132000.jpg,illegal_dumping,done,2026-06-02T11:09:47.667777+00:00,0.036,0.893,0.931,,nvidia/cosmos-reason2-8b,"```json
{
  ""DUMPING PRESENT"": ""No"",
  ""ORDINANCE VIOLATION"": ""No"",
  ""WASTE TYPE"": [],
  ""WASTE VOLUME"": ""small (pickup truck)"",
  ""WASTE ORIGIN"": ""residential"",
  ""PROPERTY TYPE"": ""vacant-lot"",
  ""ADDRESS MARKERS"": ""NONE"",
  ""GUTTER/ALLEY"": ""No"",
  ""WATER PROXIMITY"": ""No"",
  ""CHRONIC SITE"": ""No"",
  ""VEHICLES"": ""NONE"",
  ""IDENTIFIERS"": ""NONE"",
  ""SEVERITY"": ""1"",
  ""ORDINANCE"": ""N/A"",
  ""PRIORITY"": ""LOW"",
  ""SUMMARY"": ""No illegal dumping detected; the area appears clear with no visible waste or debris.""
}
```"
20260602T105528Z,DT_10th_and_Madison_Jefferson_4_20260528T133000.jpg,,,dataset_20260528/DT_10th_and_Madison_Jefferson_4/DT_10th_and_Madison_Jefferson_4_20260528T133000.jpg,illegal_dumping,done,2026-06-02T11:09:47.984314+00:00,0.036,0.792,0.83,,nvidia/cosmos-reason2-8b,"```json
{
  ""DUMPING PRESENT"": ""No"",
  ""ORDINANCE VIOLATION"": ""No"",
  ""WASTE TYPE"": [],
  ""WASTE VOLUME"": ""small (pickup truck)"",
  ""WASTE ORIGIN"": ""residential"",
  ""PROPERTY TYPE"": ""occupied-private"",
  ""ADDRESS MARKERS"": ""NONE"",
  ""GUTTER/ALLEY"": ""No"",
  ""WATER PROXIMITY"": ""No"",
  ""CHRONIC SITE"": ""No"",
  ""VEHICLES"": ""NONE"",
  ""IDENTIFIERS"": ""NONE"",
  ""SEVERITY"": ""1"",
  ""ORDINANCE"": ""N/A"",
  ""PRIORITY"": ""LOW"",
  ""SUMMARY"": ""No illegal dumping detected; the scene shows a normal urban environment with no visible waste or violations.""
}
```"
20260602T105528Z,DT_10th_and_Madison_Jefferson_4_20260528T134000.jpg,,,dataset_20260528/DT_10th_and_Madison_Jefferson_4/DT_10th_and_Madison_Jefferson_4_20260528T134000.jpg,illegal_dumping,done,2026-06-02T11:09:48.147184+00:00,0.032,0.756,0.79,,nvidia/cosmos-reason2-8b,"DUMPING PRESENT: Yes
ORDINANCE VIOLATION: Yes
WASTE TYPE: mixed
WASTE VOLUME: medium
WASTE ORIGIN: residential
PROPERTY TYPE: alley
ADDRESS MARKERS: NONE
GUTTER/ALLEY: Yes
WATER PROXIMITY: No
CHRONIC SITE: No
VEHICLES: NONE
IDENTIFIERS: NONE
SEVERITY: 2
ORDINANCE: Sec-46-45
PRIORITY: MEDIUM
SUMMARY: Mixed waste is illegally dumped in an alley, violating property owner liability under Sec. 46-45.
"
20260602T105528Z,DT_10th_and_Madison_Jefferson_4_20260528T135000.jpg,,,dataset_20260528/DT_10th_and_Madison_Jefferson_4/DT_10th_and_Madison_Jefferson_4_20260528T135000.jpg,illegal_dumping,done,2026-06-02T11:09:48.336493+00:00,0.037,0.771,0.811,,nvidia/cosmos-reason2-8b,"DUMPING PRESENT: Yes
ORDINANCE VIOLATION: Yes
WASTE TYPE: mixed
WASTE VOLUME: medium
WASTE ORIGIN: residential
PROPERTY TYPE: vacant-lot
ADDRESS MARKERS: NONE
GUTTER/ALLEY: No
WATER PROXIMITY: No
CHRONIC SITE: No
VEHICLES: NONE
IDENTIFIERS: NONE
SEVERITY: 2
ORDINANCE: Sec-46-45
PRIORITY: MEDIUM
SUMMARY: Mixed waste is illegally dumped on a vacant lot, violating property owner liability under Sec. 46-45.
"
20260602T105528Z,DT_10th_and_Madison_Jefferson_4_20260528T140000.jpg,,,dataset_20260528/DT_10th_and_Madison_Jefferson_4/DT_10th_and_Madison_Jefferson_4_20260528T140000.jpg,illegal_dumping,done,2026-06-02T11:09:48.601278+00:00,0.037,0.773,0.813,,nvidia/cosmos-reason2-8b,"DUMPING PRESENT: Yes
ORDINANCE VIOLATION: Yes
WASTE TYPE: household-bags
WASTE VOLUME: small (pickup truck)
WASTE ORIGIN: residential
PROPERTY TYPE: vacant-lot
ADDRESS MARKERS: NONE
GUTTER/ALLEY: No
WATER PROXIMITY: No
CHRONIC SITE: No
VEHICLES: NONE
IDENTIFIERS: NONE
SEVERITY: 1
ORDINANCE: Sec-46-45
PRIORITY: LOW
SUMMARY: A small pile of household waste bags is illegally dumped on a vacant lot, violating property owner liability under Sec. 46-45."
20260602T105528Z,DT_10th_and_Madison_Jefferson_4_20260528T141000.jpg,,,dataset_20260528/DT_10th_and_Madison_Jefferson_4/DT_10th_and_Madison_Jefferson_4_20260528T141000.jpg,illegal_dumping,done,2026-06-02T11:09:48.816986+00:00,0.037,0.752,0.792,,nvidia/cosmos-reason2-8b,"DUMPING PRESENT: Yes
ORDINANCE VIOLATION: Yes
WASTE TYPE: mixed
WASTE VOLUME: small (pickup truck)
WASTE ORIGIN: unknown
PROPERTY TYPE: vacant-lot
ADDRESS MARKERS: NONE
GUTTER/ALLEY: No
WATER PROXIMITY: No
CHRONIC SITE: No
VEHICLES: NONE
IDENTIFIERS: NONE
SEVERITY: 1
ORDINANCE: Sec-46-45
PRIORITY: LOW
SUMMARY: A small amount of mixed waste is illegally dumped on a vacant lot, violating Brownsville's property owner liability ordinance."
20260602T105528Z,DT_10th_and_Madison_Jefferson_4_20260528T142000.jpg,,,dataset_20260528/DT_10th_and_Madison_Jefferson_4/DT_10th_and_Madison_Jefferson_4_20260528T142000.jpg,illegal_dumping,done,2026-06-02T11:09:48.940142+00:00,0.034,0.741,0.789,,nvidia/cosmos-reason2-8b,"DUMPING PRESENT: No
ORDINANCE VIOLATION: No
WASTE TYPE: mixed
WASTE VOLUME: small (pickup truck)
WASTE ORIGIN: residential
PROPERTY TYPE: vacant-lot
ADDRESS MARKERS: NONE
GUTTER/ALLEY: No
WATER PROXIMITY: No
CHRONIC SITE: No
VEHICLES: NONE
IDENTIFIERS: NONE
SEVERITY: 1
ORDINANCE: N/A
PRIORITY: LOW
SUMMARY: No illegal dumping detected in the video."
20260602T105528Z,DT_10th_and_Madison_Jefferson_4_20260528T150000.jpg,,,dataset_20260528/DT_10th_and_Madison_Jefferson_4/DT_10th_and_Madison_Jefferson_4_20260528T150000.jpg,illegal_dumping,done,2026-06-02T11:09:49.149815+00:00,0.039,0.841,0.883,,nvidia/cosmos-reason2-8b,"DUMPING PRESENT: Yes
ORDINANCE VIOLATION: Yes
WASTE TYPE: mixed
WASTE VOLUME: small (pickup truck)
WASTE ORIGIN: residential
PROPERTY TYPE: right-of-way
ADDRESS MARKERS: NONE
GUTTER/ALLEY: Yes
WATER PROXIMITY: No
CHRONIC SITE: No
VEHICLES: NONE
IDENTIFIERS: NONE
SEVERITY: 2
ORDINANCE: Sec-46-45
PRIORITY: MEDIUM
SUMMARY: Mixed waste is illegally dumped in the right-of-way, violating property owner liability under Sec. 46-45.
"
20260602T105528Z,DT_10th_and_Madison_Jefferson_4_20260528T151000.jpg,,,dataset_20260528/DT_10th_and_Madison_Jefferson_4/DT_10th_and_Madison_Jefferson_4_20260528T151000.jpg,illegal_dumping,done,2026-06-02T11:09:49.416482+00:00,0.035,0.686,0.724,,nvidia/cosmos-reason2-8b,"DUMPING PRESENT: No
ORDINANCE VIOLATION: No
WASTE TYPE: mixed
WASTE VOLUME: small (pickup truck)
WASTE ORIGIN: residential
PROPERTY TYPE: occupied-private
ADDRESS MARKERS: <NONE>
GUTTER/ALLEY: No
WATER PROXIMITY: No
CHRONIC SITE: No
VEHICLES: <NONE>
IDENTIFIERS: <NONE>
SEVERITY: 1
ORDINANCE: N/A
PRIORITY: LOW
SUMMARY: No illegal dumping detected in the video."
20260602T105528Z,DT_10th_and_Madison_Jefferson_4_20260528T152000.jpg,,,dataset_20260528/DT_10th_and_Madison_Jefferson_4/DT_10th_and_Madison_Jefferson_4_20260528T152000.jpg,illegal_dumping,done,2026-06-02T11:09:49.612000+00:00,0.034,0.795,0.831,,nvidia/cosmos-reason2-8b,"DUMPING PRESENT: No
ORDINANCE VIOLATION: No
WASTE TYPE: mixed
WASTE VOLUME: small (pickup truck)
WASTE ORIGIN: residential
PROPERTY TYPE: vacant-lot
ADDRESS MARKERS: NONE
GUTTER/ALLEY: No
WATER PROXIMITY: No
CHRONIC SITE: No
VEHICLES: NONE
IDENTIFIERS: NONE
SEVERITY: 1
ORDINANCE: N/A
PRIORITY: LOW
SUMMARY: No illegal dumping detected in the video."
20260602T105528Z,DT_10th_and_Madison_Jefferson_4_20260528T153000.jpg,,,dataset_20260528/DT_10th_and_Madison_Jefferson_4/DT_10th_and_Madison_Jefferson_4_20260528T153000.jpg,illegal_dumping,done,2026-06-02T11:09:49.731099+00:00,0.031,0.801,0.835,,nvidia/cosmos-reason2-8b,"DUMPING PRESENT: No
ORDINANCE VIOLATION: No
WASTE TYPE: mixed
WASTE VOLUME: small (pickup truck)
WASTE ORIGIN: residential
PROPERTY TYPE: occupied-private
ADDRESS MARKERS: NONE
GUTTER/ALLEY: No
WATER PROXIMITY: No
CHRONIC SITE: No
VEHICLES: NONE
IDENTIFIERS: NONE
SEVERITY: 1
ORDINANCE: N/A
PRIORITY: LOW
SUMMARY: No illegal dumping detected; the scene shows a vibrant abstract pattern with no discernible waste or violations."
20260602T105528Z,DT_10th_and_Madison_Jefferson_4_20260528T154000.jpg,,,dataset_20260528/DT_10th_and_Madison_Jefferson_4/DT_10th_and_Madison_Jefferson_4_20260528T154000.jpg,illegal_dumping,done,2026-06-02T11:09:50.035566+00:00,0.038,0.704,0.745,,nvidia/cosmos-reason2-8b,"DUMPING PRESENT: No
ORDINANCE VIOLATION: No
WASTE TYPE: mixed
WASTE VOLUME: small (pickup truck)
WASTE ORIGIN: residential
PROPERTY TYPE: vacant-lot
ADDRESS MARKERS: NONE
GUTTER/ALLEY: No
WATER PROXIMITY: No
CHRONIC SITE: No
VEHICLES: NONE
IDENTIFIERS: NONE
SEVERITY: 1
ORDINANCE: N/A
PRIORITY: LOW
SUMMARY: No illegal dumping detected in the video."
20260602T105528Z,DT_10th_and_Madison_Jefferson_4_20260528T155000.jpg,,,dataset_20260528/DT_10th_and_Madison_Jefferson_4/DT_10th_and_Madison_Jefferson_4_20260528T155000.jpg,illegal_dumping,done,2026-06-02T11:09:50.143265+00:00,0.032,0.748,0.783,,nvidia/cosmos-reason2-8b,"DUMPING PRESENT: No
ORDINANCE VIOLATION: No
WASTE TYPE: mixed
WASTE VOLUME: small (pickup truck)
WASTE ORIGIN: residential
PROPERTY TYPE: occupied-private
ADDRESS MARKERS: NONE
GUTTER/ALLEY: No
WATER PROXIMITY: No
CHRONIC SITE: No
VEHICLES: NONE
IDENTIFIERS: NONE
SEVERITY: 1
ORDINANCE: N/A
PRIORITY: LOW
SUMMARY: No illegal dumping detected in the video."
20260602T105528Z,DT_10th_and_Madison_Jefferson_4_20260528T160000.jpg,,,dataset_20260528/DT_10th_and_Madison_Jefferson_4/DT_10th_and_Madison_Jefferson_4_20260528T160000.jpg,illegal_dumping,done,2026-06-02T11:09:50.445877+00:00,0.031,0.795,0.829,,nvidia/cosmos-reason2-8b,"DUMPING PRESENT: Yes
ORDINANCE VIOLATION: Yes
WASTE TYPE: mixed
WASTE VOLUME: medium (dump truck)
WASTE ORIGIN: residential
PROPERTY TYPE: right-of-way
ADDRESS MARKERS: NONE
GUTTER/ALLEY: Yes
WATER PROXIMITY: No
CHRONIC SITE: No
VEHICLES: NONE
IDENTIFIERS: NONE
SEVERITY: 3
ORDINANCE: Sec-46-45
PRIORITY: MEDIUM
SUMMARY: Mixed waste is illegally dumped in the right-of-way, violating Brownsville's property owner liability ordinance.
"
20260602T105528Z,DT_10th_and_Madison_Jefferson_4_20260528T161000.jpg,,,dataset_20260528/DT_10th_and_Madison_Jefferson_4/DT_10th_and_Madison_Jefferson_4_20260528T161000.jpg,illegal_dumping,done,2026-06-02T11:09:50.568124+00:00,0.034,0.829,0.865,,nvidia/cosmos-reason2-8b,"DUMPING PRESENT: Yes
ORDINANCE VIOLATION: Yes
WASTE TYPE: mixed
WASTE VOLUME: small (pickup truck)
WASTE ORIGIN: residential
PROPERTY TYPE: right-of-way
ADDRESS MARKERS: NONE
GUTTER/ALLEY: Yes
WATER PROXIMITY: No
CHRONIC SITE: No
VEHICLES: NONE
IDENTIFIERS: NONE
SEVERITY: 3
ORDINANCE: Sec-46-45
PRIORITY: MEDIUM
SUMMARY: A pile of mixed waste is illegally dumped on the right-of-way, violating Brownsville's property owner liability ordinance.
"
20260602T105528Z,DT_10th_and_Madison_Jefferson_4_20260528T162000.jpg,,,dataset_20260528/DT_10th_and_Madison_Jefferson_4/DT_10th_and_Madison_Jefferson_4_20260528T162000.jpg,illegal_dumping,done,2026-06-02T11:09:50.784011+00:00,0.038,0.768,0.809,,nvidia/cosmos-reason2-8b,"DUMPING PRESENT: No
ORDINANCE VIOLATION: No
WASTE TYPE: mixed
WASTE VOLUME: small (pickup truck)
WASTE ORIGIN: residential
PROPERTY TYPE: occupied-private
ADDRESS MARKERS: NONE
GUTTER/ALLEY: No
WATER PROXIMITY: No
CHRONIC SITE: No
VEHICLES: NONE
IDENTIFIERS: NONE
SEVERITY: 1
ORDINANCE: N/A
PRIORITY: LOW
SUMMARY: No illegal dumping detected; the scene shows a colorful, abstract pattern with no identifiable waste or property issues."
20260602T105528Z,DT_10th_and_Madison_Jefferson_4_20260528T163000.jpg,,,dataset_20260528/DT_10th_and_Madison_Jefferson_4/DT_10th_and_Madison_Jefferson_4_20260528T163000.jpg,illegal_dumping,done,2026-06-02T11:09:50.928230+00:00,0.036,0.838,0.876,,nvidia/cosmos-reason2-8b,"DUMPING PRESENT: Yes
ORDINANCE VIOLATION: Yes
WASTE TYPE: mixed
WASTE VOLUME: medium
WASTE ORIGIN: residential
PROPERTY TYPE: alley
ADDRESS MARKERS: NONE
GUTTER/ALLEY: Yes
WATER PROXIMITY: No
CHRONIC SITE: No
VEHICLES: NONE
IDENTIFIERS: NONE
SEVERITY: 2
ORDINANCE: Sec-46-45
PRIORITY: MEDIUM
SUMMARY: Mixed waste is illegally dumped in an alley, violating property owner liability under Sec-46-45.
"
20260602T105528Z,DT_10th_and_Madison_Jefferson_4_20260528T164000.jpg,,,dataset_20260528/DT_10th_and_Madison_Jefferson_4/DT_10th_and_Madison_Jefferson_4_20260528T164000.jpg,illegal_dumping,done,2026-06-02T11:09:51.277393+00:00,0.037,0.796,0.836,,nvidia/cosmos-reason2-8b,"DUMPING PRESENT: Yes
ORDINANCE VIOLATION: Yes
WASTE TYPE: mixed
WASTE VOLUME: medium
WASTE ORIGIN: residential
PROPERTY TYPE: alley
ADDRESS MARKERS: NONE
GUTTER/ALLEY: Yes
WATER PROXIMITY: No
CHRONIC SITE: No
VEHICLES: NONE
IDENTIFIERS: NONE
SEVERITY: 2
ORDINANCE: Sec-46-45
PRIORITY: MEDIUM
SUMMARY: Mixed waste is illegally dumped in an alleyway, violating property owner liability under Sec. 46-45.
"
20260602T105528Z,DT_10th_and_Madison_Jefferson_4_20260528T165000.jpg,,,dataset_20260528/DT_10th_and_Madison_Jefferson_4/DT_10th_and_Madison_Jefferson_4_20260528T165000.jpg,illegal_dumping,done,2026-06-02T11:09:51.435807+00:00,0.034,0.891,0.927,,nvidia/cosmos-reason2-8b,"```json
{
  ""DUMPING PRESENT"": ""No"",
  ""ORDINANCE VIOLATION"": ""No"",
  ""WASTE TYPE"": [],
  ""WASTE VOLUME"": ""small (pickup truck)"",
  ""WASTE ORIGIN"": ""residential"",
  ""PROPERTY TYPE"": ""occupied-private"",
  ""ADDRESS MARKERS"": ""NONE"",
  ""GUTTER/ALLEY"": ""No"",
  ""WATER PROXIMITY"": ""No"",
  ""CHRONIC SITE"": ""No"",
  ""VEHICLES"": ""NONE"",
  ""IDENTIFIERS"": ""NONE"",
  ""SEVERITY"": ""1"",
  ""ORDINANCE"": ""N/A"",
  ""PRIORITY"": ""LOW"",
  ""SUMMARY"": ""No illegal dumping detected; the scene appears to be a normal residential area without visible waste or debris.""
}
```"
20260602T105528Z,DT_10th_and_Madison_Jefferson_4_20260528T170000.jpg,,,dataset_20260528/DT_10th_and_Madison_Jefferson_4/DT_10th_and_Madison_Jefferson_4_20260528T170000.jpg,illegal_dumping,done,2026-06-02T11:09:51.594976+00:00,0.033,0.94,0.975,,nvidia/cosmos-reason2-8b,"DUMPING PRESENT: Yes
ORDINANCE VIOLATION: Yes
WASTE TYPE: mixed
WASTE VOLUME: medium (dump truck)
WASTE ORIGIN: residential
PROPERTY TYPE: right-of-way
ADDRESS MARKERS: NONE
GUTTER/ALLEY: Yes
WATER PROXIMITY: No
CHRONIC SITE: No
VEHICLES: NONE
IDENTIFIERS: NONE
SEVERITY: 2
ORDINANCE: Sec-46-45
PRIORITY: MEDIUM
SUMMARY: Mixed waste is illegally dumped in the right-of-way, violating property owner liability under Sec. 46-45.
"
20260602T105528Z,DT_10th_and_Madison_Jefferson_4_20260528T171000.jpg,,,dataset_20260528/DT_10th_and_Madison_Jefferson_4/DT_10th_and_Madison_Jefferson_4_20260528T171000.jpg,illegal_dumping,done,2026-06-02T11:09:51.807507+00:00,0.035,0.82,0.858,,nvidia/cosmos-reason2-8b,"DUMPING PRESENT: Yes
ORDINANCE VIOLATION: Yes
WASTE TYPE: mixed
WASTE VOLUME: medium
WASTE ORIGIN: residential
PROPERTY TYPE: alley
ADDRESS MARKERS: NONE
GUTTER/ALLEY: Yes
WATER PROXIMITY: No
CHRONIC SITE: No
VEHICLES: NONE
IDENTIFIERS: NONE
SEVERITY: 2
ORDINANCE: Sec-46-45
PRIORITY: MEDIUM
SUMMARY: A pile of mixed waste is illegally dumped in an alley, violating Brownsville's property owner liability ordinance.
"
20260602T105528Z,DT_10th_and_Madison_Jefferson_4_20260528T172000.jpg,,,dataset_20260528/DT_10th_and_Madison_Jefferson_4/DT_10th_and_Madison_Jefferson_4_20260528T172000.jpg,illegal_dumping,done,2026-06-02T11:09:52.116329+00:00,0.038,0.788,0.829,,nvidia/cosmos-reason2-8b,"DUMPING PRESENT: Yes
ORDINANCE VIOLATION: Yes
WASTE TYPE: mixed
WASTE VOLUME: small (pickup truck)
WASTE ORIGIN: residential
PROPERTY TYPE: right-of-way
ADDRESS MARKERS: NONE
GUTTER/ALLEY: Yes
WATER PROXIMITY: No
CHRONIC SITE: No
VEHICLES: NONE
IDENTIFIERS: NONE
SEVERITY: 2
ORDINANCE: Sec-46-45
PRIORITY: MEDIUM
SUMMARY: Mixed waste is illegally dumped in the right-of-way, violating property owner liability under Sec. 46-45.
"
20260602T105528Z,DT_10th_and_Madison_Jefferson_4_20260528T173000.jpg,,,dataset_20260528/DT_10th_and_Madison_Jefferson_4/DT_10th_and_Madison_Jefferson_4_20260528T173000.jpg,illegal_dumping,done,2026-06-02T11:09:52.364788+00:00,0.034,0.754,0.79,,nvidia/cosmos-reason2-8b,"DUMPING PRESENT: Yes
ORDINANCE VIOLATION: Yes
WASTE TYPE: mixed
WASTE VOLUME: medium
WASTE ORIGIN: residential
PROPERTY TYPE: vacant-lot
ADDRESS MARKERS: NONE
GUTTER/ALLEY: No
WATER PROXIMITY: No
CHRONIC SITE: No
VEHICLES: NONE
IDENTIFIERS: NONE
SEVERITY: 2
ORDINANCE: Sec-46-45
PRIORITY: MEDIUM
SUMMARY: A pile of mixed waste is located on a vacant lot, violating Brownsville's illegal dumping ordinance.
"
20260602T105528Z,DT_10th_and_Madison_Jefferson_4_20260528T174000.jpg,,,dataset_20260528/DT_10th_and_Madison_Jefferson_4/DT_10th_and_Madison_Jefferson_4_20260528T174000.jpg,illegal_dumping,done,2026-06-02T11:09:52.573715+00:00,0.035,0.714,0.751,,nvidia/cosmos-reason2-8b,"DUMPING PRESENT: Yes
ORDINANCE VIOLATION: Yes
WASTE TYPE: mixed
WASTE VOLUME: medium
WASTE ORIGIN: residential
PROPERTY TYPE: alley
ADDRESS MARKERS: NONE
GUTTER/ALLEY: Yes
WATER PROXIMITY: No
CHRONIC SITE: No
VEHICLES: NONE
IDENTIFIERS: NONE
SEVERITY: 2
ORDINANCE: Sec-46-45
PRIORITY: MEDIUM
SUMMARY: A medium-sized mixed waste pile is illegally dumped in an alley, violating Brownsville's property owner liability ordinance.
"
20260602T105528Z,DT_10th_and_Madison_Jefferson_4_20260528T175000.jpg,,,dataset_20260528/DT_10th_and_Madison_Jefferson_4/DT_10th_and_Madison_Jefferson_4_20260528T175000.jpg,illegal_dumping,done,2026-06-02T11:09:52.667795+00:00,0.037,0.845,0.884,,nvidia/cosmos-reason2-8b,"DUMPING PRESENT: Yes
ORDINANCE VIOLATION: Yes
WASTE TYPE: mixed
WASTE VOLUME: medium
WASTE ORIGIN: residential
PROPERTY TYPE: alley
ADDRESS MARKERS: NONE
GUTTER/ALLEY: Yes
WATER PROXIMITY: No
CHRONIC SITE: No
VEHICLES: NONE
IDENTIFIERS: NONE
SEVERITY: 2
ORDINANCE: Sec-46-45
PRIORITY: MEDIUM
SUMMARY: A pile of mixed waste is illegally dumped in the alley, violating property owner liability under Sec. 46-45.
"
20260602T105528Z,DT_10th_and_Madison_Jefferson_4_20260528T180000.jpg,,,dataset_20260528/DT_10th_and_Madison_Jefferson_4/DT_10th_and_Madison_Jefferson_4_20260528T180000.jpg,illegal_dumping,done,2026-06-02T11:09:52.948009+00:00,0.033,0.747,0.782,,nvidia/cosmos-reason2-8b,"DUMPING PRESENT: Yes
ORDINANCE VIOLATION: Yes
WASTE TYPE: mixed
WASTE VOLUME: small (pickup truck)
WASTE ORIGIN: residential
PROPERTY TYPE: right-of-way
ADDRESS MARKERS: NONE
GUTTER/ALLEY: Yes
WATER PROXIMITY: No
CHRONIC SITE: No
VEHICLES: NONE
IDENTIFIERS: NONE
SEVERITY: 2
ORDINANCE: Sec-46-45
PRIORITY: MEDIUM
SUMMARY: A pile of mixed waste is illegally dumped in the right-of-way, violating Brownsville's property owner liability ordinance.
"
20260602T105528Z,DT_10th_and_Madison_Jefferson_4_20260528T181000.jpg,,,dataset_20260528/DT_10th_and_Madison_Jefferson_4/DT_10th_and_Madison_Jefferson_4_20260528T181000.jpg,illegal_dumping,done,2026-06-02T11:09:53.157674+00:00,0.033,0.775,0.81,,nvidia/cosmos-reason2-8b,"DUMPING PRESENT: Yes
ORDINANCE VIOLATION: Yes
WASTE TYPE: mixed
WASTE VOLUME: medium (dump truck)
WASTE ORIGIN: residential
PROPERTY TYPE: right-of-way
ADDRESS MARKERS: NONE
GUTTER/ALLEY: No
WATER PROXIMITY: No
CHRONIC SITE: No
VEHICLES: NONE
IDENTIFIERS: NONE
SEVERITY: 2
ORDINANCE: Sec-46-45
PRIORITY: MEDIUM
SUMMARY: Mixed waste is illegally dumped on a right-of-way, violating Brownsville's property owner liability ordinance (Sec. 46-45).
"
20260602T105528Z,DT_10th_and_Madison_Jefferson_4_20260528T182000.jpg,,,dataset_20260528/DT_10th_and_Madison_Jefferson_4/DT_10th_and_Madison_Jefferson_4_20260528T182000.jpg,illegal_dumping,done,2026-06-02T11:09:53.327543+00:00,0.031,0.652,0.685,,nvidia/cosmos-reason2-8b,"DUMPING PRESENT: No
ORDINANCE VIOLATION: No
WASTE TYPE: mixed
WASTE VOLUME: small (pickup truck)
WASTE ORIGIN: residential
PROPERTY TYPE: vacant-lot
ADDRESS MARKERS: NONE
GUTTER/ALLEY: No
WATER PROXIMITY: No
CHRONIC SITE: No
VEHICLES: NONE
IDENTIFIERS: NONE
SEVERITY: 1
ORDINANCE: N/A
PRIORITY: LOW
SUMMARY: No illegal dumping is observed in the video."
20260602T105528Z,DT_10th_and_Madison_Jefferson_4_20260528T183000.jpg,,,dataset_20260528/DT_10th_and_Madison_Jefferson_4/DT_10th_and_Madison_Jefferson_4_20260528T183000.jpg,illegal_dumping,done,2026-06-02T11:09:53.554234+00:00,0.039,0.715,0.768,,nvidia/cosmos-reason2-8b,"DUMPING PRESENT: Yes
ORDINANCE VIOLATION: Yes
WASTE TYPE: mixed
WASTE VOLUME: small (pickup truck)
WASTE ORIGIN: residential
PROPERTY TYPE: alley
ADDRESS MARKERS: NONE
GUTTER/ALLEY: Yes
WATER PROXIMITY: No
CHRONIC SITE: No
VEHICLES: NONE
IDENTIFIERS: NONE
SEVERITY: 1
ORDINANCE: Sec-46-45
PRIORITY: LOW
SUMMARY: A green dumpster is present on the property, indicating potential illegal dumping activity.
"
20260602T105528Z,DT_10th_and_Madison_Jefferson_4_20260528T184000.jpg,,,dataset_20260528/DT_10th_and_Madison_Jefferson_4/DT_10th_and_Madison_Jefferson_4_20260528T184000.jpg,illegal_dumping,done,2026-06-02T11:09:53.732674+00:00,0.037,0.757,0.796,,nvidia/cosmos-reason2-8b,"DUMPING PRESENT: Yes
ORDINANCE VIOLATION: Yes
WASTE TYPE: mixed
WASTE VOLUME: medium
WASTE ORIGIN: residential
PROPERTY TYPE: right-of-way
ADDRESS MARKERS: NONE
GUTTER/ALLEY: Yes
WATER PROXIMITY: No
CHRONIC SITE: No
VEHICLES: NONE
IDENTIFIERS: NONE
SEVERITY: 2
ORDINANCE: Sec-46-45
PRIORITY: MEDIUM
SUMMARY: Mixed waste is illegally dumped in the right-of-way, violating Brownsville's property owner liability ordinance.
"
20260602T105528Z,DT_10th_and_Madison_Jefferson_4_20260528T185000.jpg,,,dataset_20260528/DT_10th_and_Madison_Jefferson_4/DT_10th_and_Madison_Jefferson_4_20260528T185000.jpg,illegal_dumping,done,2026-06-02T11:09:53.970512+00:00,0.041,0.772,0.816,,nvidia/cosmos-reason2-8b,"DUMPING PRESENT: Yes
ORDINANCE VIOLATION: Yes
WASTE TYPE: mixed
WASTE VOLUME: medium (dump truck)
WASTE ORIGIN: residential
PROPERTY TYPE: vacant-lot
ADDRESS MARKERS: NONE
GUTTER/ALLEY: No
WATER PROXIMITY: No
CHRONIC SITE: No
VEHICLES: NONE
IDENTIFIERS: NONE
SEVERITY: 3
ORDINANCE: Sec-46-45
PRIORITY: MEDIUM
SUMMARY: A medium-sized pile of mixed waste is illegally dumped on a vacant lot, violating Brownsville's property owner liability ordinance (Sec. 46-45)."
20260602T105528Z,DT_10th_and_Madison_Jefferson_4_20260528T190000.jpg,,,dataset_20260528/DT_10th_and_Madison_Jefferson_4/DT_10th_and_Madison_Jefferson_4_20260528T190000.jpg,illegal_dumping,done,2026-06-02T11:09:54.015003+00:00,0.03,0.896,0.929,,nvidia/cosmos-reason2-8b,"DUMPING PRESENT: Yes
ORDINANCE VIOLATION: Yes
WASTE TYPE: mixed
WASTE VOLUME: small (pickup truck)
WASTE ORIGIN: residential
PROPERTY TYPE: alley
ADDRESS MARKERS: NONE
GUTTER/ALLEY: Yes
WATER PROXIMITY: No
CHRONIC SITE: No
VEHICLES: NONE
IDENTIFIERS: NONE
SEVERITY: 2
ORDINANCE: Sec-46-45
PRIORITY: MEDIUM
SUMMARY: A green dumpster is present on the right side of the alley, indicating potential illegal dumping activity.
"
20260602T105528Z,DT_10th_and_Madison_Jefferson_4_20260528T191000.jpg,,,dataset_20260528/DT_10th_and_Madison_Jefferson_4/DT_10th_and_Madison_Jefferson_4_20260528T191000.jpg,illegal_dumping,done,2026-06-02T11:09:54.325419+00:00,0.035,0.857,0.894,,nvidia/cosmos-reason2-8b,"DUMPING PRESENT: Yes
ORDINANCE VIOLATION: Yes
WASTE TYPE: mixed
WASTE VOLUME: small (pickup truck)
WASTE ORIGIN: residential
PROPERTY TYPE: alley
ADDRESS MARKERS: NONE
GUTTER/ALLEY: Yes
WATER PROXIMITY: No
CHRONIC SITE: No
VEHICLES: NONE
IDENTIFIERS: NONE
SEVERITY: 2
ORDINANCE: Sec-46-45
PRIORITY: MEDIUM
SUMMARY: A pickup truck is parked in the alley with its bed filled with mixed waste, indicating illegal dumping on private property that violates Sec. 46-45.
"
20260602T105528Z,DT_10th_and_Madison_Jefferson_4_20260528T192000.jpg,,,dataset_20260528/DT_10th_and_Madison_Jefferson_4/DT_10th_and_Madison_Jefferson_4_20260528T192000.jpg,illegal_dumping,done,2026-06-02T11:09:54.531081+00:00,0.042,0.754,0.799,,nvidia/cosmos-reason2-8b,"DUMPING PRESENT: Yes
ORDINANCE VIOLATION: Yes
WASTE TYPE: mixed
WASTE VOLUME: medium
WASTE ORIGIN: residential
PROPERTY TYPE: alley
ADDRESS MARKERS: NONE
GUTTER/ALLEY: Yes
WATER PROXIMITY: No
CHRONIC SITE: No
VEHICLES: NONE
IDENTIFIERS: NONE
SEVERITY: 2
ORDINANCE: Sec-46-45
PRIORITY: MEDIUM
SUMMARY: Mixed waste is illegally dumped in an alleyway, violating property owner liability under Sec. 46-45.
"
20260602T105528Z,DT_10th_and_Madison_Jefferson_4_20260528T193000.jpg,,,dataset_20260528/DT_10th_and_Madison_Jefferson_4/DT_10th_and_Madison_Jefferson_4_20260528T193000.jpg,illegal_dumping,done,2026-06-02T11:09:54.788899+00:00,0.033,0.752,0.788,,nvidia/cosmos-reason2-8b,"DUMPING PRESENT: Yes
ORDINANCE VIOLATION: Yes
WASTE TYPE: mixed
WASTE VOLUME: small (pickup truck)
WASTE ORIGIN: residential
PROPERTY TYPE: alley
ADDRESS MARKERS: NONE
GUTTER/ALLEY: Yes
WATER PROXIMITY: No
CHRONIC SITE: No
VEHICLES: NONE
IDENTIFIERS: NONE
SEVERITY: 2
ORDINANCE: Sec-46-45
PRIORITY: MEDIUM
SUMMARY: A pile of mixed waste is illegally dumped in the alley, violating Brownsville's property owner liability ordinance.
"
20260602T105528Z,DT_10th_and_Madison_Jefferson_4_20260528T194000.jpg,,,dataset_20260528/DT_10th_and_Madison_Jefferson_4/DT_10th_and_Madison_Jefferson_4_20260528T194000.jpg,illegal_dumping,done,2026-06-02T11:09:54.946038+00:00,0.041,0.855,0.897,,nvidia/cosmos-reason2-8b,"DUMPING PRESENT: Yes
ORDINANCE VIOLATION: Yes
WASTE TYPE: mixed
WASTE VOLUME: small (pickup truck)
WASTE ORIGIN: residential
PROPERTY TYPE: right-of-way
ADDRESS MARKERS: NONE
GUTTER/ALLEY: Yes
WATER PROXIMITY: No
CHRONIC SITE: No
VEHICLES: NONE
IDENTIFIERS: NONE
SEVERITY: 2
ORDINANCE: Sec-46-45
PRIORITY: MEDIUM
SUMMARY: Mixed waste is illegally dumped in the right-of-way, violating property owner liability under Sec-46-45.
"
20260602T105528Z,DT_10th_and_Madison_Jefferson_4_20260528T195000.jpg,,,dataset_20260528/DT_10th_and_Madison_Jefferson_4/DT_10th_and_Madison_Jefferson_4_20260528T195000.jpg,illegal_dumping,done,2026-06-02T11:09:55.222317+00:00,0.034,0.78,0.816,,nvidia/cosmos-reason2-8b,"DUMPING PRESENT: Yes
ORDINANCE VIOLATION: Yes
WASTE TYPE: mixed
WASTE VOLUME: small (pickup truck)
WASTE ORIGIN: residential
PROPERTY TYPE: right-of-way
ADDRESS MARKERS: NONE
GUTTER/ALLEY: Yes
WATER PROXIMITY: No
CHRONIC SITE: No
VEHICLES: NONE
IDENTIFIERS: NONE
SEVERITY: 2
ORDINANCE: Sec-46-45
PRIORITY: MEDIUM
SUMMARY: A pile of mixed waste is illegally dumped in the right-of-way, violating Brownsville's property owner liability ordinance.
"
20260602T105528Z,DT_10th_and_Madison_Jefferson_4_20260528T200000.jpg,,,dataset_20260528/DT_10th_and_Madison_Jefferson_4/DT_10th_and_Madison_Jefferson_4_20260528T200000.jpg,illegal_dumping,done,2026-06-02T11:09:55.332336+00:00,0.035,0.81,0.848,,nvidia/cosmos-reason2-8b,"DUMPING PRESENT: Yes
ORDINANCE VIOLATION: Yes
WASTE TYPE: mixed
WASTE VOLUME: small (pickup truck)
WASTE ORIGIN: residential
PROPERTY TYPE: right-of-way
ADDRESS MARKERS: NONE
GUTTER/ALLEY: Yes
WATER PROXIMITY: No
CHRONIC SITE: No
VEHICLES: NONE
IDENTIFIERS: NONE
SEVERITY: 2
ORDINANCE: Sec-46-45
PRIORITY: MEDIUM
SUMMARY: Mixed waste is illegally dumped in the right-of-way, violating Sec. 46-45 and requiring enforcement action.
"
20260602T105528Z,DT_10th_and_Madison_Jefferson_4_20260528T201000.jpg,,,dataset_20260528/DT_10th_and_Madison_Jefferson_4/DT_10th_and_Madison_Jefferson_4_20260528T201000.jpg,illegal_dumping,done,2026-06-02T11:09:55.579228+00:00,0.034,0.762,0.799,,nvidia/cosmos-reason2-8b,"DUMPING PRESENT: Yes
ORDINANCE VIOLATION: Yes
WASTE TYPE: mixed
WASTE VOLUME: small (pickup truck)
WASTE ORIGIN: residential
PROPERTY TYPE: right-of-way
ADDRESS MARKERS: NONE
GUTTER/ALLEY: No
WATER PROXIMITY: No
CHRONIC SITE: No
VEHICLES: NONE
IDENTIFIERS: NONE
SEVERITY: 2
ORDINANCE: Sec-46-45
PRIORITY: MEDIUM
SUMMARY: A pile of mixed waste is illegally dumped on the right-of-way, violating Brownsville's property owner liability ordinance.
"
20260602T105528Z,DT_10th_and_Madison_Jefferson_4_20260528T202000.jpg,,,dataset_20260528/DT_10th_and_Madison_Jefferson_4/DT_10th_and_Madison_Jefferson_4_20260528T202000.jpg,illegal_dumping,done,2026-06-02T11:09:55.846549+00:00,0.037,0.772,0.812,,nvidia/cosmos-reason2-8b,"DUMPING PRESENT: Yes
ORDINANCE VIOLATION: Yes
WASTE TYPE: mixed
WASTE VOLUME: small (pickup truck)
WASTE ORIGIN: residential
PROPERTY TYPE: right-of-way
ADDRESS MARKERS: NONE
GUTTER/ALLEY: Yes
WATER PROXIMITY: No
CHRONIC SITE: No
VEHICLES: NONE
IDENTIFIERS: NONE
SEVERITY: 3
ORDINANCE: Sec-46-45
PRIORITY: MEDIUM
SUMMARY: A black pickup truck is parked on the right-of-way, and there is a pile of mixed waste on the left side of the road, which is considered illegal dumping under Sec-46-45.
"
20260602T105528Z,DT_10th_and_Madison_Jefferson_4_20260528T203000.jpg,,,dataset_20260528/DT_10th_and_Madison_Jefferson_4/DT_10th_and_Madison_Jefferson_4_20260528T203000.jpg,illegal_dumping,done,2026-06-02T11:09:56.041409+00:00,0.035,0.85,0.887,,nvidia/cosmos-reason2-8b,"DUMPING PRESENT: Yes
ORDINANCE VIOLATION: Yes
WASTE TYPE: mixed
WASTE VOLUME: small (pickup truck)
WASTE ORIGIN: unknown
PROPERTY TYPE: alley
ADDRESS MARKERS: NONE
GUTTER/ALLEY: Yes
WATER PROXIMITY: No
CHRONIC SITE: No
VEHICLES: <color, type, any text visible — or NONE>
IDENTIFIERS: <plates, signage, labels, individuals — or NONE>
SEVERITY: 3
ORDINANCE: Sec-46-45
PRIORITY: MEDIUM
SUMMARY: A pickup truck is parked in an alley with debris on the ground, indicating illegal dumping on private or vacant property, which violates Sec. 46-45.
"
20260602T105528Z,DT_10th_and_Madison_Jefferson_4_20260528T204000.jpg,,,dataset_20260528/DT_10th_and_Madison_Jefferson_4/DT_10th_and_Madison_Jefferson_4_20260528T204000.jpg,illegal_dumping,done,2026-06-02T11:09:56.182613+00:00,0.034,0.754,0.79,,nvidia/cosmos-reason2-8b,"DUMPING PRESENT: No
ORDINANCE VIOLATION: No
WASTE TYPE: mixed
WASTE VOLUME: small (pickup truck)
WASTE ORIGIN: residential
PROPERTY TYPE: alley
ADDRESS MARKERS: NONE
GUTTER/ALLEY: Yes
WATER PROXIMITY: No
CHRONIC SITE: No
VEHICLES: <color, type, any text visible — or NONE>
IDENTIFIERS: <plates, signage, labels, individuals — or NONE>
SEVERITY: 1
ORDINANCE: N/A
PRIORITY: LOW
SUMMARY: No illegal dumping observed in the alleyway."
20260602T105528Z,DT_10th_and_Madison_Jefferson_4_20260528T205000.jpg,,,dataset_20260528/DT_10th_and_Madison_Jefferson_4/DT_10th_and_Madison_Jefferson_4_20260528T205000.jpg,illegal_dumping,done,2026-06-02T11:09:56.380371+00:00,0.035,0.659,0.697,,nvidia/cosmos-reason2-8b,"DUMPING PRESENT: No
ORDINANCE VIOLATION: No
WASTE TYPE: mixed
WASTE VOLUME: small (pickup truck)
WASTE ORIGIN: residential
PROPERTY TYPE: right-of-way
ADDRESS MARKERS: NONE
GUTTER/ALLEY: No
WATER PROXIMITY: No
CHRONIC SITE: No
VEHICLES: NONE
IDENTIFIERS: NONE
SEVERITY: 1
ORDINANCE: N/A
PRIORITY: LOW
SUMMARY: No illegal dumping is observed in the video."
20260602T105528Z,DT_10th_and_Madison_Jefferson_4_20260528T210000.jpg,,,dataset_20260528/DT_10th_and_Madison_Jefferson_4/DT_10th_and_Madison_Jefferson_4_20260528T210000.jpg,illegal_dumping,done,2026-06-02T11:09:56.661933+00:00,0.041,0.839,0.882,,nvidia/cosmos-reason2-8b,"DUMPING PRESENT: No
ORDINANCE VIOLATION: No
WASTE TYPE: mixed
WASTE VOLUME: small (pickup truck)
WASTE ORIGIN: residential
PROPERTY TYPE: vacant-lot
ADDRESS MARKERS: NONE
GUTTER/ALLEY: No
WATER PROXIMITY: No
CHRONIC SITE: No
VEHICLES: NONE
IDENTIFIERS: NONE
SEVERITY: 1
ORDINANCE: N/A
PRIORITY: LOW
SUMMARY: No illegal dumping detected in the video."
20260602T105528Z,DT_10th_and_Madison_Jefferson_4_20260528T211000.jpg,,,dataset_20260528/DT_10th_and_Madison_Jefferson_4/DT_10th_and_Madison_Jefferson_4_20260528T211000.jpg,illegal_dumping,done,2026-06-02T11:09:56.931719+00:00,0.043,0.813,0.858,,nvidia/cosmos-reason2-8b,"DUMPING PRESENT: No
ORDINANCE VIOLATION: No
WASTE TYPE: mixed
WASTE VOLUME: small (pickup truck)
WASTE ORIGIN: residential
PROPERTY TYPE: alley
ADDRESS MARKERS: NONE
GUTTER/ALLEY: Yes
WATER PROXIMITY: No
CHRONIC SITE: No
VEHICLES: NONE
IDENTIFIERS: NONE
SEVERITY: 1
ORDINANCE: N/A
PRIORITY: LOW
SUMMARY: No illegal dumping detected in the alleyway; the scene appears clear with no visible waste or debris."
20260602T105528Z,DT_10th_and_Madison_Jefferson_4_20260528T212000.jpg,,,dataset_20260528/DT_10th_and_Madison_Jefferson_4/DT_10th_and_Madison_Jefferson_4_20260528T212000.jpg,illegal_dumping,done,2026-06-02T11:09:56.975986+00:00,0.037,1.005,1.044,,nvidia/cosmos-reason2-8b,"DUMPING PRESENT: No
ORDINANCE VIOLATION: No
WASTE TYPE: mixed
WASTE VOLUME: small (pickup truck)
WASTE ORIGIN: residential
PROPERTY TYPE: alley
ADDRESS MARKERS: NONE
GUTTER/ALLEY: Yes
WATER PROXIMITY: No
CHRONIC SITE: No
VEHICLES: NONE
IDENTIFIERS: NONE
SEVERITY: 1
ORDINANCE: N/A
PRIORITY: LOW
SUMMARY: No illegal dumping detected in the alleyway."
20260602T105528Z,DT_10th_and_Madison_Jefferson_4_20260528T213000.jpg,,,dataset_20260528/DT_10th_and_Madison_Jefferson_4/DT_10th_and_Madison_Jefferson_4_20260528T213000.jpg,illegal_dumping,done,2026-06-02T11:09:57.079037+00:00,0.031,0.913,0.946,,nvidia/cosmos-reason2-8b,"DUMPING PRESENT: No
ORDINANCE VIOLATION: No
WASTE TYPE: N/A
WASTE VOLUME: N/A
WASTE ORIGIN: N/A
PROPERTY TYPE: right-of-way
ADDRESS MARKERS: NONE
GUTTER/ALLEY: No
WATER PROXIMITY: No
CHRONIC SITE: No
VEHICLES: NONE
IDENTIFIERS: N/A
SEVERITY: 1
ORDINANCE: N/A
PRIORITY: LOW
SUMMARY: No illegal dumping is observed in the video."
20260602T105528Z,DT_10th_and_Madison_Jefferson_4_20260528T214000.jpg,,,dataset_20260528/DT_10th_and_Madison_Jefferson_4/DT_10th_and_Madison_Jefferson_4_20260528T214000.jpg,illegal_dumping,done,2026-06-02T11:09:57.547442+00:00,0.037,0.78,0.82,,nvidia/cosmos-reason2-8b,"DUMPING PRESENT: No
ORDINANCE VIOLATION: No
WASTE TYPE: mixed
WASTE VOLUME: small (pickup truck)
WASTE ORIGIN: residential
PROPERTY TYPE: right-of-way
ADDRESS MARKERS: NONE
GUTTER/ALLEY: No
WATER PROXIMITY: No
CHRONIC SITE: No
VEHICLES: <color, type, any text visible — or NONE>
IDENTIFIERS: <plates, signage, labels, individuals — or NONE>
SEVERITY: 1
ORDINANCE: N/A
PRIORITY: LOW
SUMMARY: No illegal dumping observed; the scene shows a dark, foggy environment with a vehicle's headlights visible but no waste or debris."
20260602T105528Z,DT_10th_and_Madison_Jefferson_4_20260528T215000.jpg,,,dataset_20260528/DT_10th_and_Madison_Jefferson_4/DT_10th_and_Madison_Jefferson_4_20260528T215000.jpg,illegal_dumping,done,2026-06-02T11:09:57.792577+00:00,0.033,0.663,0.699,,nvidia/cosmos-reason2-8b,"DUMPING PRESENT: No
ORDINANCE VIOLATION: No
WASTE TYPE: mixed
WASTE VOLUME: small (pickup truck)
WASTE ORIGIN: residential
PROPERTY TYPE: alley
ADDRESS MARKERS: NONE
GUTTER/ALLEY: Yes
WATER PROXIMITY: No
CHRONIC SITE: No
VEHICLES: <color, type, any text visible — or NONE>
IDENTIFIERS: <plates, signage, labels, individuals — or NONE>
SEVERITY: 1
ORDINANCE: N/A
PRIORITY: LOW
SUMMARY: No illegal dumping observed in the alleyway."
20260602T105528Z,DT_10th_and_Madison_Jefferson_4_20260528T220000.jpg,,,dataset_20260528/DT_10th_and_Madison_Jefferson_4/DT_10th_and_Madison_Jefferson_4_20260528T220000.jpg,illegal_dumping,done,2026-06-02T11:09:58.022766+00:00,0.032,0.613,0.647,,nvidia/cosmos-reason2-8b,"DUMPING PRESENT: No
ORDINANCE VIOLATION: No
WASTE TYPE: mixed
WASTE VOLUME: small (pickup truck)
WASTE ORIGIN: residential
PROPERTY TYPE: alley
ADDRESS MARKERS: NONE
GUTTER/ALLEY: Yes
WATER PROXIMITY: No
CHRONIC SITE: No
VEHICLES: NONE
IDENTIFIERS: NONE
SEVERITY: 1
ORDINANCE: N/A
PRIORITY: LOW
SUMMARY: No illegal dumping is observed in the video."
20260602T105528Z,DT_10th_and_Madison_Jefferson_4_20260528T221000.jpg,,,dataset_20260528/DT_10th_and_Madison_Jefferson_4/DT_10th_and_Madison_Jefferson_4_20260528T221000.jpg,illegal_dumping,done,2026-06-02T11:09:58.027635+00:00,0.029,0.811,0.841,,nvidia/cosmos-reason2-8b,"DUMPING PRESENT: No
ORDINANCE VIOLATION: No
WASTE TYPE: mixed
WASTE VOLUME: small (pickup truck)
WASTE ORIGIN: residential
PROPERTY TYPE: vacant-lot
ADDRESS MARKERS: NONE
GUTTER/ALLEY: No
WATER PROXIMITY: No
CHRONIC SITE: No
VEHICLES: NONE
IDENTIFIERS: NONE
SEVERITY: 1
ORDINANCE: N/A
PRIORITY: LOW
SUMMARY: No illegal dumping is observed in the video."
20260602T105528Z,DT_10th_and_Madison_Jefferson_4_20260528T222000.jpg,,,dataset_20260528/DT_10th_and_Madison_Jefferson_4/DT_10th_and_Madison_Jefferson_4_20260528T222000.jpg,illegal_dumping,done,2026-06-02T11:09:58.370998+00:00,0.038,0.68,0.72,,nvidia/cosmos-reason2-8b,"DUMPING PRESENT: No
ORDINANCE VIOLATION: No
WASTE TYPE: mixed
WASTE VOLUME: small (pickup truck)
WASTE ORIGIN: residential
PROPERTY TYPE: alley
ADDRESS MARKERS: NONE
GUTTER/ALLEY: Yes
WATER PROXIMITY: No
CHRONIC SITE: No
VEHICLES: NONE
IDENTIFIERS: NONE
SEVERITY: 1
ORDINANCE: N/A
PRIORITY: LOW
SUMMARY: No illegal dumping is observed in the alleyway."
20260602T105528Z,DT_10th_and_Madison_Jefferson_4_20260528T223000.jpg,,,dataset_20260528/DT_10th_and_Madison_Jefferson_4/DT_10th_and_Madison_Jefferson_4_20260528T223000.jpg,illegal_dumping,done,2026-06-02T11:09:58.493742+00:00,0.031,0.756,0.789,,nvidia/cosmos-reason2-8b,"DUMPING PRESENT: No
ORDINANCE VIOLATION: No
WASTE TYPE: mixed
WASTE VOLUME: small (pickup truck)
WASTE ORIGIN: residential
PROPERTY TYPE: alley
ADDRESS MARKERS: NONE
GUTTER/ALLEY: Yes
WATER PROXIMITY: No
CHRONIC SITE: No
VEHICLES: NONE
IDENTIFIERS: NONE
SEVERITY: 1
ORDINANCE: N/A
PRIORITY: LOW
SUMMARY: No illegal dumping is observed in the video."
20260602T105528Z,DT_10th_and_Madison_Jefferson_4_20260528T224000.jpg,,,dataset_20260528/DT_10th_and_Madison_Jefferson_4/DT_10th_and_Madison_Jefferson_4_20260528T224000.jpg,illegal_dumping,done,2026-06-02T11:09:58.672739+00:00,0.032,0.755,0.789,,nvidia/cosmos-reason2-8b,"DUMPING PRESENT: No
ORDINANCE VIOLATION: No
WASTE TYPE: mixed
WASTE VOLUME: small (pickup truck)
WASTE ORIGIN: residential
PROPERTY TYPE: vacant-lot
ADDRESS MARKERS: NONE
GUTTER/ALLEY: No
WATER PROXIMITY: No
CHRONIC SITE: No
VEHICLES: NONE
IDENTIFIERS: NONE
SEVERITY: 1
ORDINANCE: N/A
PRIORITY: LOW
SUMMARY: No illegal dumping is observed in the video."
20260602T105528Z,DT_10th_and_Madison_Jefferson_4_20260528T225000.jpg,,,dataset_20260528/DT_10th_and_Madison_Jefferson_4/DT_10th_and_Madison_Jefferson_4_20260528T225000.jpg,illegal_dumping,done,2026-06-02T11:09:58.871557+00:00,0.035,0.782,0.82,,nvidia/cosmos-reason2-8b,"DUMPING PRESENT: No
ORDINANCE VIOLATION: No
WASTE TYPE: mixed
WASTE VOLUME: small (pickup truck)
WASTE ORIGIN: residential
PROPERTY TYPE: occupied-private
ADDRESS MARKERS: <NONE>
GUTTER/ALLEY: No
WATER PROXIMITY: No
CHRONIC SITE: No
VEHICLES: <NONE>
IDENTIFIERS: <NONE>
SEVERITY: 1
ORDINANCE: N/A
PRIORITY: LOW
SUMMARY: No illegal dumping detected in the video."
20260602T105528Z,DT_10th_and_Madison_Jefferson_4_20260528T230000.jpg,,,dataset_20260528/DT_10th_and_Madison_Jefferson_4/DT_10th_and_Madison_Jefferson_4_20260528T230000.jpg,illegal_dumping,done,2026-06-02T11:09:59.093631+00:00,0.033,0.788,0.823,,nvidia/cosmos-reason2-8b,"DUMPING PRESENT: No
ORDINANCE VIOLATION: No
WASTE TYPE: mixed
WASTE VOLUME: small (pickup truck)
WASTE ORIGIN: residential
PROPERTY TYPE: alley
ADDRESS MARKERS: NONE
GUTTER/ALLEY: Yes
WATER PROXIMITY: No
CHRONIC SITE: No
VEHICLES: <color, type, any text visible — or NONE>
IDENTIFIERS: <plates, signage, labels, individuals — or NONE>
SEVERITY: 1
ORDINANCE: N/A
PRIORITY: LOW
SUMMARY: No illegal dumping observed; the scene shows a vehicle on a darkened street with no visible waste or debris."
20260602T105528Z,DT_10th_and_Madison_Jefferson_4_20260528T231000.jpg,,,dataset_20260528/DT_10th_and_Madison_Jefferson_4/DT_10th_and_Madison_Jefferson_4_20260528T231000.jpg,illegal_dumping,done,2026-06-02T11:09:59.285114+00:00,0.034,0.753,0.789,,nvidia/cosmos-reason2-8b,"DUMPING PRESENT: No
ORDINANCE VIOLATION: No
WASTE TYPE: mixed
WASTE VOLUME: small (pickup truck)
WASTE ORIGIN: residential
PROPERTY TYPE: alley
ADDRESS MARKERS: NONE
GUTTER/ALLEY: Yes
WATER PROXIMITY: No
CHRONIC SITE: No
VEHICLES: <color, type, any text visible — or NONE>
IDENTIFIERS: <plates, signage, labels, individuals — or NONE>
SEVERITY: 1
ORDINANCE: N/A
PRIORITY: LOW
SUMMARY: No illegal dumping observed in the alleyway."
20260602T105528Z,DT_10th_and_Madison_Jefferson_4_20260528T232000.jpg,,,dataset_20260528/DT_10th_and_Madison_Jefferson_4/DT_10th_and_Madison_Jefferson_4_20260528T232000.jpg,illegal_dumping,done,2026-06-02T11:09:59.463880+00:00,0.037,0.833,0.872,,nvidia/cosmos-reason2-8b,"DUMPING PRESENT: No
ORDINANCE VIOLATION: No
WASTE TYPE: mixed
WASTE VOLUME: small (pickup truck)
WASTE ORIGIN: residential
PROPERTY TYPE: occupied-private
ADDRESS MARKERS: NONE
GUTTER/ALLEY: No
WATER PROXIMITY: No
CHRONIC SITE: No
VEHICLES: NONE
IDENTIFIERS: NONE
SEVERITY: 1
ORDINANCE: N/A
PRIORITY: LOW
SUMMARY: No illegal dumping detected; the scene shows a residential area with no visible waste or debris."
20260602T105528Z,DT_10th_and_Madison_Jefferson_4_20260528T233000.jpg,,,dataset_20260528/DT_10th_and_Madison_Jefferson_4/DT_10th_and_Madison_Jefferson_4_20260528T233000.jpg,illegal_dumping,done,2026-06-02T11:09:59.694049+00:00,0.025,0.82,0.847,,nvidia/cosmos-reason2-8b,"DUMPING PRESENT: No
ORDINANCE VIOLATION: No
WASTE TYPE: mixed
WASTE VOLUME: small (pickup truck)
WASTE ORIGIN: residential
PROPERTY TYPE: right-of-way
ADDRESS MARKERS: NONE
GUTTER/ALLEY: Yes
WATER PROXIMITY: No
CHRONIC SITE: No
VEHICLES: <color, type, any text visible — or NONE>
IDENTIFIERS: <plates, signage, labels, individuals — or NONE>
SEVERITY: 1
ORDINANCE: N/A
PRIORITY: LOW
SUMMARY: No illegal dumping observed; the scene shows a vehicle on a right-of-way with no visible waste or debris."
20260602T105528Z,DT_10th_and_Madison_Jefferson_4_20260528T234000.jpg,,,dataset_20260528/DT_10th_and_Madison_Jefferson_4/DT_10th_and_Madison_Jefferson_4_20260528T234000.jpg,illegal_dumping,done,2026-06-02T11:09:59.919766+00:00,0.039,0.748,0.79,,nvidia/cosmos-reason2-8b,"DUMPING PRESENT: No
ORDINANCE VIOLATION: No
WASTE TYPE: mixed
WASTE VOLUME: small (pickup truck)
WASTE ORIGIN: residential
PROPERTY TYPE: alley
ADDRESS MARKERS: NONE
GUTTER/ALLEY: Yes
WATER PROXIMITY: No
CHRONIC SITE: No
VEHICLES: <color, type, any text visible — or NONE>
IDENTIFIERS: <plates, signage, labels, individuals — or NONE>
SEVERITY: 1
ORDINANCE: N/A
PRIORITY: LOW
SUMMARY: No illegal dumping observed; the scene shows a dark vehicle on a dimly lit road with no visible waste or debris."
20260602T105528Z,DT_10th_and_Madison_Jefferson_4_20260528T235000.jpg,,,dataset_20260528/DT_10th_and_Madison_Jefferson_4/DT_10th_and_Madison_Jefferson_4_20260528T235000.jpg,illegal_dumping,done,2026-06-02T11:10:00.076372+00:00,0.035,0.779,0.816,,nvidia/cosmos-reason2-8b,"DUMPING PRESENT: No
ORDINANCE VIOLATION: No
WASTE TYPE: mixed
WASTE VOLUME: small (pickup truck)
WASTE ORIGIN: residential
PROPERTY TYPE: alley
ADDRESS MARKERS: NONE
GUTTER/ALLEY: Yes
WATER PROXIMITY: No
CHRONIC SITE: No
VEHICLES: <color, type, any text visible — or NONE>
IDENTIFIERS: <plates, signage, labels, individuals — or NONE>
SEVERITY: 1
ORDINANCE: N/A
PRIORITY: LOW
SUMMARY: No illegal dumping observed in the alleyway; no waste materials or violations detected."
20260602T105528Z,DT_12th_and_Madison_1_20260528T000000.jpg,,,dataset_20260528/DT_12th_and_Madison_1/DT_12th_and_Madison_1_20260528T000000.jpg,illegal_dumping,done,2026-06-02T11:10:00.902712+00:00,0.14,1.262,1.425,,nvidia/cosmos-reason2-8b,"DUMPING PRESENT: No
ORDINANCE VIOLATION: No
WASTE TYPE: mixed
WASTE VOLUME: small (pickup truck)
WASTE ORIGIN: residential
PROPERTY TYPE: alley
ADDRESS MARKERS: NONE
GUTTER/ALLEY: Yes
WATER PROXIMITY: No
CHRONIC SITE: No
VEHICLES: NONE
IDENTIFIERS: NONE
SEVERITY: 1
ORDINANCE: N/A
PRIORITY: LOW
SUMMARY: No illegal dumping detected in the alleyway; the scene shows natural vegetation and no visible waste or debris."
20260602T105528Z,DT_12th_and_Madison_1_20260528T001000.jpg,,,dataset_20260528/DT_12th_and_Madison_1/DT_12th_and_Madison_1_20260528T001000.jpg,illegal_dumping,done,2026-06-02T11:10:00.903345+00:00,0.138,0.99,1.151,,nvidia/cosmos-reason2-8b,"DUMPING PRESENT: No
ORDINANCE VIOLATION: No
WASTE TYPE: mixed
WASTE VOLUME: small (pickup truck)
WASTE ORIGIN: residential
PROPERTY TYPE: right-of-way
ADDRESS MARKERS: NONE
GUTTER/ALLEY: No
WATER PROXIMITY: No
CHRONIC SITE: No
VEHICLES: NONE
IDENTIFIERS: NONE
SEVERITY: 1
ORDINANCE: N/A
PRIORITY: LOW
SUMMARY: No illegal dumping detected in the video."
20260602T105528Z,DT_12th_and_Madison_1_20260528T002000.jpg,,,dataset_20260528/DT_12th_and_Madison_1/DT_12th_and_Madison_1_20260528T002000.jpg,illegal_dumping,done,2026-06-02T11:10:00.904029+00:00,0.14,1.11,1.272,,nvidia/cosmos-reason2-8b,"DUMPING PRESENT: No
ORDINANCE VIOLATION: No
WASTE TYPE: mixed
WASTE VOLUME: small (pickup truck)
WASTE ORIGIN: residential
PROPERTY TYPE: right-of-way
ADDRESS MARKERS: NONE
GUTTER/ALLEY: Yes
WATER PROXIMITY: No
CHRONIC SITE: No
VEHICLES: NONE
IDENTIFIERS: NONE
SEVERITY: 1
ORDINANCE: N/A
PRIORITY: LOW
SUMMARY: No illegal dumping detected; the scene shows a quiet, dimly lit alleyway with no visible waste or debris."
20260602T105528Z,DT_12th_and_Madison_1_20260528T003000.jpg,,,dataset_20260528/DT_12th_and_Madison_1/DT_12th_and_Madison_1_20260528T003000.jpg,illegal_dumping,done,2026-06-02T11:10:00.905230+00:00,0.139,0.95,1.109,,nvidia/cosmos-reason2-8b,"```json
{
  ""DUMPING PRESENT"": ""No"",
  ""ORDINANCE VIOLATION"": ""No"",
  ""WASTE TYPE"": [],
  ""WASTE VOLUME"": ""small (pickup truck)"",
  ""WASTE ORIGIN"": ""residential"",
  ""PROPERTY TYPE"": ""right-of-way"",
  ""ADDRESS MARKERS"": ""NONE"",
  ""GUTTER/ALLEY"": ""Yes"",
  ""WATER PROXIMITY"": ""No"",
  ""CHRONIC SITE"": ""No"",
  ""VEHICLES"": ""NONE"",
  ""IDENTIFIERS"": ""NONE"",
  ""SEVERITY"": ""1"",
  ""ORDINANCE"": ""N/A"",
  ""PRIORITY"": ""LOW"",
  ""SUMMARY"": ""No illegal dumping detected; the scene shows a dimly lit alleyway with vegetation and a utility pole, but no visible waste or violations.""
}
```"
20260602T105528Z,DT_12th_and_Madison_1_20260528T004000.jpg,,,dataset_20260528/DT_12th_and_Madison_1/DT_12th_and_Madison_1_20260528T004000.jpg,illegal_dumping,done,2026-06-02T11:10:02.017059+00:00,0.038,0.737,0.778,,nvidia/cosmos-reason2-8b,"DUMPING PRESENT: No
ORDINANCE VIOLATION: No
WASTE TYPE: mixed
WASTE VOLUME: small (pickup truck)
WASTE ORIGIN: residential
PROPERTY TYPE: alley
ADDRESS MARKERS: NONE
GUTTER/ALLEY: Yes
WATER PROXIMITY: No
CHRONIC SITE: No
VEHICLES: NONE
IDENTIFIERS: NONE
SEVERITY: 1
ORDINANCE: N/A
PRIORITY: LOW
SUMMARY: No illegal dumping is observed in the alleyway."
20260602T105528Z,DT_12th_and_Madison_1_20260528T005000.jpg,,,dataset_20260528/DT_12th_and_Madison_1/DT_12th_and_Madison_1_20260528T005000.jpg,illegal_dumping,done,2026-06-02T11:10:02.056574+00:00,0.034,1.163,1.2,,nvidia/cosmos-reason2-8b,"```json
{
  ""DUMPING PRESENT"": ""No"",
  ""ORDINANCE VIOLATION"": ""No"",
  ""WASTE TYPE"": [],
  ""WASTE VOLUME"": ""small (pickup truck)"",
  ""WASTE ORIGIN"": ""residential"",
  ""PROPERTY TYPE"": ""right-of-way"",
  ""ADDRESS MARKERS"": ""NONE"",
  ""GUTTER/ALLEY"": ""Yes"",
  ""WATER PROXIMITY"": ""No"",
  ""CHRONIC SITE"": ""No"",
  ""VEHICLES"": ""NONE"",
  ""IDENTIFIERS"": ""NONE"",
  ""SEVERITY"": ""1"",
  ""ORDINANCE"": ""N/A"",
  ""PRIORITY"": ""LOW"",
  ""SUMMARY"": ""No illegal dumping detected; the scene shows a quiet urban alleyway with no visible waste or debris.""
}
```"
20260602T105528Z,DT_12th_and_Madison_1_20260528T010000.jpg,,,dataset_20260528/DT_12th_and_Madison_1/DT_12th_and_Madison_1_20260528T010000.jpg,illegal_dumping,done,2026-06-02T11:10:02.177582+00:00,0.03,1.193,1.226,,nvidia/cosmos-reason2-8b,"DUMPING PRESENT: Yes
ORDINANCE VIOLATION: Yes
WASTE TYPE: mixed
WASTE VOLUME: small (pickup truck)
WASTE ORIGIN: unknown
PROPERTY TYPE: right-of-way
ADDRESS MARKERS: NONE
GUTTER/ALLEY: Yes
WATER PROXIMITY: No
CHRONIC SITE: No
VEHICLES: NONE
IDENTIFIERS: NONE
SEVERITY: 2
ORDINANCE: Sec-46-45
PRIORITY: MEDIUM
SUMMARY: Illegal dumping is present on the right-of-way, violating Brownsville's property owner liability ordinance (Sec. 46-45).
"
20260602T105528Z,DT_12th_and_Madison_1_20260528T011000.jpg,,,dataset_20260528/DT_12th_and_Madison_1/DT_12th_and_Madison_1_20260528T011000.jpg,illegal_dumping,done,2026-06-02T11:10:02.329545+00:00,0.037,0.976,1.016,,nvidia/cosmos-reason2-8b,"DUMPING PRESENT: No
ORDINANCE VIOLATION: No
WASTE TYPE: mixed
WASTE VOLUME: small (pickup truck)
WASTE ORIGIN: residential
PROPERTY TYPE: right-of-way
ADDRESS MARKERS: NONE
GUTTER/ALLEY: Yes
WATER PROXIMITY: No
CHRONIC SITE: No
VEHICLES: NONE
IDENTIFIERS: NONE
SEVERITY: 1
ORDINANCE: N/A
PRIORITY: LOW
SUMMARY: No illegal dumping observed; the scene shows a natural environment with no visible waste or debris."
20260602T105528Z,DT_12th_and_Madison_1_20260528T012000.jpg,,,dataset_20260528/DT_12th_and_Madison_1/DT_12th_and_Madison_1_20260528T012000.jpg,illegal_dumping,done,2026-06-02T11:10:02.797801+00:00,0.037,0.854,0.895,,nvidia/cosmos-reason2-8b,"```json
{
  ""DUMPING PRESENT"": ""No"",
  ""ORDINANCE VIOLATION"": ""No"",
  ""WASTE TYPE"": [],
  ""WASTE VOLUME"": ""small (pickup truck)"",
  ""WASTE ORIGIN"": ""residential"",
  ""PROPERTY TYPE"": ""right-of-way"",
  ""ADDRESS MARKERS"": ""NONE"",
  ""GUTTER/ALLEY"": ""Yes"",
  ""WATER PROXIMITY"": ""No"",
  ""CHRONIC SITE"": ""No"",
  ""VEHICLES"": ""NONE"",
  ""IDENTIFIERS"": ""NONE"",
  ""SEVERITY"": ""1"",
  ""ORDINANCE"": ""N/A"",
  ""PRIORITY"": ""LOW"",
  ""SUMMARY"": ""No illegal dumping detected in the video; the scene shows a quiet street with no visible waste or debris.""
}
```"
20260602T105528Z,DT_12th_and_Madison_1_20260528T013000.jpg,,,dataset_20260528/DT_12th_and_Madison_1/DT_12th_and_Madison_1_20260528T013000.jpg,illegal_dumping,done,2026-06-02T11:10:03.258874+00:00,0.04,0.693,0.736,,nvidia/cosmos-reason2-8b,"DUMPING PRESENT: No
ORDINANCE VIOLATION: No
WASTE TYPE: mixed
WASTE VOLUME: small (pickup truck)
WASTE ORIGIN: residential
PROPERTY TYPE: vacant-lot
ADDRESS MARKERS: < NONE >
GUTTER/ALLEY: No
WATER PROXIMITY: No
CHRONIC SITE: No
VEHICLES: < NONE >
IDENTIFIERS: < NONE >
SEVERITY: 1
ORDINANCE: N/A
PRIORITY: LOW
SUMMARY: No illegal dumping detected; the scene shows a natural environment with no visible waste or debris."
20260602T105528Z,DT_12th_and_Madison_1_20260528T014000.jpg,,,dataset_20260528/DT_12th_and_Madison_1/DT_12th_and_Madison_1_20260528T014000.jpg,illegal_dumping,done,2026-06-02T11:10:03.347466+00:00,0.04,1.285,1.327,,nvidia/cosmos-reason2-8b,"DUMPING PRESENT: No
ORDINANCE VIOLATION: No
WASTE TYPE: mixed
WASTE VOLUME: small (pickup truck)
WASTE ORIGIN: residential
PROPERTY TYPE: right-of-way
ADDRESS MARKERS: <NONE>
GUTTER/ALLEY: Yes
WATER PROXIMITY: No
CHRONIC SITE: No
VEHICLES: <NONE>
IDENTIFIERS: <NONE>
SEVERITY: 1
ORDINANCE: N/A
PRIORITY: LOW
SUMMARY: No illegal dumping observed; the scene shows a quiet street with no visible waste or debris."
20260602T105528Z,DT_12th_and_Madison_1_20260528T015000.jpg,,,dataset_20260528/DT_12th_and_Madison_1/DT_12th_and_Madison_1_20260528T015000.jpg,illegal_dumping,done,2026-06-02T11:10:03.405368+00:00,0.032,0.99,1.024,,nvidia/cosmos-reason2-8b,"DUMPING PRESENT: Yes
ORDINANCE VIOLATION: Yes
WASTE TYPE: mixed
WASTE VOLUME: small (pickup truck)
WASTE ORIGIN: residential
PROPERTY TYPE: right-of-way
ADDRESS MARKERS: NONE
GUTTER/ALLEY: Yes
WATER PROXIMITY: No
CHRONIC SITE: No
VEHICLES: NONE
IDENTIFIERS: NONE
SEVERITY: 2
ORDINANCE: Sec-46-45
PRIORITY: MEDIUM
SUMMARY: Illegal dumping is present in the right-of-way, violating Brownsville's property owner liability ordinance.
"
20260602T105528Z,DT_12th_and_Madison_1_20260528T020000.jpg,,,dataset_20260528/DT_12th_and_Madison_1/DT_12th_and_Madison_1_20260528T020000.jpg,illegal_dumping,done,2026-06-02T11:10:03.695079+00:00,0.036,0.772,0.81,,nvidia/cosmos-reason2-8b,"DUMPING PRESENT: No
ORDINANCE VIOLATION: No
WASTE TYPE: mixed
WASTE VOLUME: small (pickup truck)
WASTE ORIGIN: residential
PROPERTY TYPE: right-of-way
ADDRESS MARKERS: NONE
GUTTER/ALLEY: Yes
WATER PROXIMITY: No
CHRONIC SITE: No
VEHICLES: NONE
IDENTIFIERS: NONE
SEVERITY: 1
ORDINANCE: N/A
PRIORITY: LOW
SUMMARY: No illegal dumping detected in the right-of-way area."
20260602T105528Z,DT_12th_and_Madison_1_20260528T021000.jpg,,,dataset_20260528/DT_12th_and_Madison_1/DT_12th_and_Madison_1_20260528T021000.jpg,illegal_dumping,done,2026-06-02T11:10:03.997127+00:00,0.039,0.78,0.822,,nvidia/cosmos-reason2-8b,"DUMPING PRESENT: Yes
ORDINANCE VIOLATION: Yes
WASTE TYPE: mixed
WASTE VOLUME: small (pickup truck)
WASTE ORIGIN: residential
PROPERTY TYPE: right-of-way
ADDRESS MARKERS: NONE
GUTTER/ALLEY: Yes
WATER PROXIMITY: No
CHRONIC SITE: No
VEHICLES: NONE
IDENTIFIERS: NONE
SEVERITY: 2
ORDINANCE: Sec-46-45
PRIORITY: MEDIUM
SUMMARY: Illegal dumping is present in the right-of-way, violating Brownsville's property owner liability ordinance.
"
20260602T105528Z,DT_12th_and_Madison_1_20260528T022000.jpg,,,dataset_20260528/DT_12th_and_Madison_1/DT_12th_and_Madison_1_20260528T022000.jpg,illegal_dumping,done,2026-06-02T11:10:04.433008+00:00,0.041,0.761,0.805,,nvidia/cosmos-reason2-8b,"DUMPING PRESENT: No
ORDINANCE VIOLATION: No
WASTE TYPE: mixed
WASTE VOLUME: small (pickup truck)
WASTE ORIGIN: residential
PROPERTY TYPE: roadside
ADDRESS MARKERS: NONE
GUTTER/ALLEY: Yes
WATER PROXIMITY: No
CHRONIC SITE: No
VEHICLES: NONE
IDENTIFIERS: NONE
SEVERITY: 1
ORDINANCE: N/A
PRIORITY: LOW
SUMMARY: No illegal dumping detected in the video. The scene shows a quiet roadside area with no visible waste or debris."
20260602T105528Z,DT_12th_and_Madison_1_20260528T023000.jpg,,,dataset_20260528/DT_12th_and_Madison_1/DT_12th_and_Madison_1_20260528T023000.jpg,illegal_dumping,done,2026-06-02T11:10:04.507422+00:00,0.032,0.868,0.902,,nvidia/cosmos-reason2-8b,"DUMPING PRESENT: No
ORDINANCE VIOLATION: No
WASTE TYPE: mixed
WASTE VOLUME: small (pickup truck)
WASTE ORIGIN: residential
PROPERTY TYPE: vacant-lot
ADDRESS MARKERS: NONE
GUTTER/ALLEY: No
WATER PROXIMITY: No
CHRONIC SITE: No
VEHICLES: NONE
IDENTIFIERS: NONE
SEVERITY: 1
ORDINANCE: N/A
PRIORITY: LOW
SUMMARY: No illegal dumping detected; the scene shows a natural area with vegetation and a dirt path, no waste or debris visible."
20260602T105528Z,DT_12th_and_Madison_1_20260528T024000.jpg,,,dataset_20260528/DT_12th_and_Madison_1/DT_12th_and_Madison_1_20260528T024000.jpg,illegal_dumping,done,2026-06-02T11:10:04.677635+00:00,0.037,1.24,1.279,,nvidia/cosmos-reason2-8b,"```json
{
  ""DUMPING PRESENT"": ""Yes"",
  ""ORDINANCE VIOLATION"": ""Yes"",
  ""WASTE TYPE"": ""mixed"",
  ""WASTE VOLUME"": ""small"",
  ""WASTE ORIGIN"": ""unknown"",
  ""PROPERTY TYPE"": ""right-of-way"",
  ""ADDRESS MARKERS"": ""NONE"",
  ""GUTTER/ALLEY"": ""No"",
  ""WATER PROXIMITY"": ""No"",
  ""CHRONIC SITE"": ""No"",
  ""VEHICLES"": ""NONE"",
  ""IDENTIFIERS"": ""NONE"",
  ""SEVERITY"": ""2"",
  ""ORDINANCE"": ""Sec-46-45"",
  ""PRIORITY"": ""MEDIUM"",
  ""SUMMARY"": ""Illegal dumping of mixed waste is observed in a right-of-way area, violating property owner liability under Sec. 46-45.""
}
```"
20260602T105528Z,DT_12th_and_Madison_1_20260528T025000.jpg,,,dataset_20260528/DT_12th_and_Madison_1/DT_12th_and_Madison_1_20260528T025000.jpg,illegal_dumping,done,2026-06-02T11:10:04.821097+00:00,0.036,0.76,0.799,,nvidia/cosmos-reason2-8b,"DUMPING PRESENT: No
ORDINANCE VIOLATION: No
WASTE TYPE: mixed
WASTE VOLUME: small (pickup truck)
WASTE ORIGIN: residential
PROPERTY TYPE: right-of-way
ADDRESS MARKERS: NONE
GUTTER/ALLEY: No
WATER PROXIMITY: No
CHRONIC SITE: No
VEHICLES: NONE
IDENTIFIERS: NONE
SEVERITY: 1
ORDINANCE: N/A
PRIORITY: LOW
SUMMARY: No illegal dumping is observed in the video."
20260602T105528Z,DT_12th_and_Madison_1_20260528T030000.jpg,,,dataset_20260528/DT_12th_and_Madison_1/DT_12th_and_Madison_1_20260528T030000.jpg,illegal_dumping,done,2026-06-02T11:10:05.240474+00:00,0.037,0.677,0.717,,nvidia/cosmos-reason2-8b,"DUMPING PRESENT: No
ORDINANCE VIOLATION: No
WASTE TYPE: mixed
WASTE VOLUME: small (pickup truck)
WASTE ORIGIN: residential
PROPERTY TYPE: right-of-way
ADDRESS MARKERS: NONE
GUTTER/ALLEY: Yes
WATER PROXIMITY: No
CHRONIC SITE: No
VEHICLES: NONE
IDENTIFIERS: NONE
SEVERITY: 1
ORDINANCE: N/A
PRIORITY: LOW
SUMMARY: No illegal dumping detected; the scene shows a natural environment with no visible waste or violations."
20260602T105528Z,DT_12th_and_Madison_1_20260528T031000.jpg,,,dataset_20260528/DT_12th_and_Madison_1/DT_12th_and_Madison_1_20260528T031000.jpg,illegal_dumping,done,2026-06-02T11:10:05.411840+00:00,0.039,0.797,0.839,,nvidia/cosmos-reason2-8b,"DUMPING PRESENT: No
ORDINANCE VIOLATION: No
WASTE TYPE: mixed
WASTE VOLUME: small (pickup truck)
WASTE ORIGIN: residential
PROPERTY TYPE: right-of-way
ADDRESS MARKERS: NONE
GUTTER/ALLEY: No
WATER PROXIMITY: No
CHRONIC SITE: No
VEHICLES: NONE
IDENTIFIERS: NONE
SEVERITY: 1
ORDINANCE: N/A
PRIORITY: LOW
SUMMARY: No illegal dumping detected in the video. The scene shows a natural area with vegetation and a dirt path, no waste or debris visible."
20260602T105528Z,DT_12th_and_Madison_1_20260528T032000.jpg,,,dataset_20260528/DT_12th_and_Madison_1/DT_12th_and_Madison_1_20260528T032000.jpg,illegal_dumping,done,2026-06-02T11:10:05.622366+00:00,0.039,0.738,0.779,,nvidia/cosmos-reason2-8b,"DUMPING PRESENT: No
ORDINANCE VIOLATION: No
WASTE TYPE: mixed
WASTE VOLUME: small (pickup truck)
WASTE ORIGIN: residential
PROPERTY TYPE: right-of-way
ADDRESS MARKERS: NONE
GUTTER/ALLEY: Yes
WATER PROXIMITY: No
CHRONIC SITE: No
VEHICLES: NONE
IDENTIFIERS: NONE
SEVERITY: 1
ORDINANCE: N/A
PRIORITY: LOW
SUMMARY: No illegal dumping detected; the scene shows a natural environment with no visible waste or debris."
20260602T105528Z,DT_12th_and_Madison_1_20260528T033000.jpg,,,dataset_20260528/DT_12th_and_Madison_1/DT_12th_and_Madison_1_20260528T033000.jpg,illegal_dumping,done,2026-06-02T11:10:05.959903+00:00,0.045,0.8,0.849,,nvidia/cosmos-reason2-8b,"DUMPING PRESENT: No
ORDINANCE VIOLATION: No
WASTE TYPE: mixed
WASTE VOLUME: small (pickup truck)
WASTE ORIGIN: residential
PROPERTY TYPE: right-of-way
ADDRESS MARKERS: NONE
GUTTER/ALLEY: Yes
WATER PROXIMITY: No
CHRONIC SITE: No
VEHICLES: NONE
IDENTIFIERS: NONE
SEVERITY: 1
ORDINANCE: N/A
PRIORITY: LOW
SUMMARY: No illegal dumping detected in the right-of-way area."
20260602T105528Z,DT_12th_and_Madison_1_20260528T034000.jpg,,,dataset_20260528/DT_12th_and_Madison_1/DT_12th_and_Madison_1_20260528T034000.jpg,illegal_dumping,done,2026-06-02T11:10:05.961045+00:00,0.045,0.905,0.954,,nvidia/cosmos-reason2-8b,"DUMPING PRESENT: No
ORDINANCE VIOLATION: No
WASTE TYPE: mixed
WASTE VOLUME: small (pickup truck)
WASTE ORIGIN: residential
PROPERTY TYPE: right-of-way
ADDRESS MARKERS: NONE
GUTTER/ALLEY: No
WATER PROXIMITY: No
CHRONIC SITE: No
VEHICLES: NONE
IDENTIFIERS: NONE
SEVERITY: 1
ORDINANCE: N/A
PRIORITY: LOW
SUMMARY: No illegal dumping detected in the video."
20260602T105528Z,DT_12th_and_Madison_1_20260528T035000.jpg,,,dataset_20260528/DT_12th_and_Madison_1/DT_12th_and_Madison_1_20260528T035000.jpg,illegal_dumping,done,2026-06-02T11:10:06.253912+00:00,0.044,0.884,0.93,,nvidia/cosmos-reason2-8b,"DUMPING PRESENT: No
ORDINANCE VIOLATION: No
WASTE TYPE: mixed
WASTE VOLUME: small (pickup truck)
WASTE ORIGIN: residential
PROPERTY TYPE: roadside
ADDRESS MARKERS: NONE
GUTTER/ALLEY: Yes
WATER PROXIMITY: No
CHRONIC SITE: No
VEHICLES: NONE
IDENTIFIERS: NONE
SEVERITY: 1
ORDINANCE: N/A
PRIORITY: LOW
SUMMARY: No illegal dumping is observed in the video; the scene shows a quiet roadside area with no visible waste or debris."
20260602T105528Z,DT_12th_and_Madison_1_20260528T040000.jpg,,,dataset_20260528/DT_12th_and_Madison_1/DT_12th_and_Madison_1_20260528T040000.jpg,illegal_dumping,done,2026-06-02T11:10:06.404203+00:00,0.033,0.868,0.903,,nvidia/cosmos-reason2-8b,"DUMPING PRESENT: No
ORDINANCE VIOLATION: No
WASTE TYPE: mixed
WASTE VOLUME: small (pickup truck)
WASTE ORIGIN: residential
PROPERTY TYPE: right-of-way
ADDRESS MARKERS: NONE
GUTTER/ALLEY: Yes
WATER PROXIMITY: No
CHRONIC SITE: No
VEHICLES: NONE
IDENTIFIERS: NONE
SEVERITY: 1
ORDINANCE: N/A
PRIORITY: LOW
SUMMARY: No illegal dumping detected in the right-of-way area."
20260602T105528Z,DT_12th_and_Madison_1_20260528T041000.jpg,,,dataset_20260528/DT_12th_and_Madison_1/DT_12th_and_Madison_1_20260528T041000.jpg,illegal_dumping,done,2026-06-02T11:10:06.811926+00:00,0.036,0.717,0.757,,nvidia/cosmos-reason2-8b,"DUMPING PRESENT: No
ORDINANCE VIOLATION: No
WASTE TYPE: mixed
WASTE VOLUME: small (pickup truck)
WASTE ORIGIN: residential
PROPERTY TYPE: right-of-way
ADDRESS MARKERS: NONE
GUTTER/ALLEY: Yes
WATER PROXIMITY: No
CHRONIC SITE: No
VEHICLES: NONE
IDENTIFIERS: NONE
SEVERITY: 1
ORDINANCE: N/A
PRIORITY: LOW
SUMMARY: No illegal dumping is observed in the video; the scene shows a quiet street with no visible waste or debris."
20260602T105528Z,DT_12th_and_Madison_1_20260528T042000.jpg,,,dataset_20260528/DT_12th_and_Madison_1/DT_12th_and_Madison_1_20260528T042000.jpg,illegal_dumping,done,2026-06-02T11:10:06.917308+00:00,0.035,0.766,0.803,,nvidia/cosmos-reason2-8b,"DUMPING PRESENT: No
ORDINANCE VIOLATION: No
WASTE TYPE: mixed
WASTE VOLUME: small (pickup truck)
WASTE ORIGIN: residential
PROPERTY TYPE: right-of-way
ADDRESS MARKERS: NONE
GUTTER/ALLEY: No
WATER PROXIMITY: No
CHRONIC SITE: No
VEHICLES: NONE
IDENTIFIERS: NONE
SEVERITY: 1
ORDINANCE: N/A
PRIORITY: LOW
SUMMARY: No illegal dumping detected; the scene shows a natural environment with no visible waste or debris."
20260602T105528Z,DT_12th_and_Madison_1_20260528T043000.jpg,,,dataset_20260528/DT_12th_and_Madison_1/DT_12th_and_Madison_1_20260528T043000.jpg,illegal_dumping,done,2026-06-02T11:10:07.186133+00:00,0.035,0.961,0.999,,nvidia/cosmos-reason2-8b,"DUMPING PRESENT: Yes
ORDINANCE VIOLATION: Yes
WASTE TYPE: mixed
WASTE VOLUME: small (pickup truck)
WASTE ORIGIN: residential
PROPERTY TYPE: right-of-way
ADDRESS MARKERS: NONE
GUTTER/ALLEY: Yes
WATER PROXIMITY: No
CHRONIC SITE: No
VEHICLES: NONE
IDENTIFIERS: NONE
SEVERITY: 2
ORDINANCE: Sec-46-45
PRIORITY: MEDIUM
SUMMARY: Illegal dumping of mixed waste is present in the right-of-way, violating Brownsville's property owner liability ordinance.
"
20260602T105528Z,DT_12th_and_Madison_1_20260528T044000.jpg,,,dataset_20260528/DT_12th_and_Madison_1/DT_12th_and_Madison_1_20260528T044000.jpg,illegal_dumping,done,2026-06-02T11:10:07.309274+00:00,0.03,0.807,0.839,,nvidia/cosmos-reason2-8b,"DUMPING PRESENT: No
ORDINANCE VIOLATION: No
WASTE TYPE: mixed
WASTE VOLUME: small (pickup truck)
WASTE ORIGIN: residential
PROPERTY TYPE: roadside
ADDRESS MARKERS: NONE
GUTTER/ALLEY: No
WATER PROXIMITY: No
CHRONIC SITE: No
VEHICLES: NONE
IDENTIFIERS: NONE
SEVERITY: 1
ORDINANCE: N/A
PRIORITY: LOW
SUMMARY: No illegal dumping is observed in the video."
20260602T105528Z,DT_12th_and_Madison_1_20260528T045000.jpg,,,dataset_20260528/DT_12th_and_Madison_1/DT_12th_and_Madison_1_20260528T045000.jpg,illegal_dumping,done,2026-06-02T11:10:07.571028+00:00,0.036,0.723,0.761,,nvidia/cosmos-reason2-8b,"DUMPING PRESENT: No
ORDINANCE VIOLATION: No
WASTE TYPE: mixed
WASTE VOLUME: small (pickup truck)
WASTE ORIGIN: residential
PROPERTY TYPE: right-of-way
ADDRESS MARKERS: <NONE>
GUTTER/ALLEY: Yes
WATER PROXIMITY: No
CHRONIC SITE: No
VEHICLES: <NONE>
IDENTIFIERS: <NONE>
SEVERITY: 1
ORDINANCE: N/A
PRIORITY: LOW
SUMMARY: No illegal dumping detected; the scene shows a quiet street with no visible waste or debris."
20260602T105528Z,DT_12th_and_Madison_1_20260528T050000.jpg,,,dataset_20260528/DT_12th_and_Madison_1/DT_12th_and_Madison_1_20260528T050000.jpg,illegal_dumping,done,2026-06-02T11:10:07.723223+00:00,0.034,0.761,0.797,,nvidia/cosmos-reason2-8b,"DUMPING PRESENT: No
ORDINANCE VIOLATION: No
WASTE TYPE: mixed
WASTE VOLUME: small (pickup truck)
WASTE ORIGIN: residential
PROPERTY TYPE: right-of-way
ADDRESS MARKERS: NONE
GUTTER/ALLEY: No
WATER PROXIMITY: No
CHRONIC SITE: No
VEHICLES: NONE
IDENTIFIERS: NONE
SEVERITY: 1
ORDINANCE: N/A
PRIORITY: LOW
SUMMARY: No illegal dumping is observed in the video."
20260602T105528Z,DT_12th_and_Madison_1_20260528T051000.jpg,,,dataset_20260528/DT_12th_and_Madison_1/DT_12th_and_Madison_1_20260528T051000.jpg,illegal_dumping,done,2026-06-02T11:10:08.151252+00:00,0.034,0.696,0.732,,nvidia/cosmos-reason2-8b,"DUMPING PRESENT: No
ORDINANCE VIOLATION: No
WASTE TYPE: mixed
WASTE VOLUME: small (pickup truck)
WASTE ORIGIN: residential
PROPERTY TYPE: roadside
ADDRESS MARKERS: NONE
GUTTER/ALLEY: Yes
WATER PROXIMITY: No
CHRONIC SITE: No
VEHICLES: NONE
IDENTIFIERS: NONE
SEVERITY: 1
ORDINANCE: N/A
PRIORITY: LOW
SUMMARY: No illegal dumping is observed in the video."
20260602T105528Z,DT_12th_and_Madison_1_20260528T052000.jpg,,,dataset_20260528/DT_12th_and_Madison_1/DT_12th_and_Madison_1_20260528T052000.jpg,illegal_dumping,done,2026-06-02T11:10:08.187095+00:00,0.031,1.01,1.044,,nvidia/cosmos-reason2-8b,"```json
{
  ""DUMPING PRESENT"": ""No"",
  ""ORDINANCE VIOLATION"": ""No"",
  ""WASTE TYPE"": [],
  ""WASTE VOLUME"": ""small (pickup truck)"",
  ""WASTE ORIGIN"": ""unknown"",
  ""PROPERTY TYPE"": ""right-of-way"",
  ""ADDRESS MARKERS"": ""NONE"",
  ""GUTTER/ALLEY"": ""Yes"",
  ""WATER PROXIMITY"": ""No"",
  ""CHRONIC SITE"": ""No"",
  ""VEHICLES"": ""NONE"",
  ""IDENTIFIERS"": ""NONE"",
  ""SEVERITY"": 1,
  ""ORDINANCE"": ""N/A"",
  ""PRIORITY"": ""LOW"",
  ""SUMMARY"": ""No illegal dumping detected; the scene shows a right-of-way with a dirt path and streetlights, no waste or vehicles present.""
}
```"
20260602T105528Z,DT_12th_and_Madison_1_20260528T053000.jpg,,,dataset_20260528/DT_12th_and_Madison_1/DT_12th_and_Madison_1_20260528T053000.jpg,illegal_dumping,done,2026-06-02T11:10:08.334537+00:00,0.033,1.188,1.223,,nvidia/cosmos-reason2-8b,"DUMPING PRESENT: No
ORDINANCE VIOLATION: No
WASTE TYPE: mixed
WASTE VOLUME: small (pickup truck)
WASTE ORIGIN: residential
PROPERTY TYPE: right-of-way
ADDRESS MARKERS: NONE
GUTTER/ALLEY: No
WATER PROXIMITY: No
CHRONIC SITE: No
VEHICLES: NONE
IDENTIFIERS: NONE
SEVERITY: 1
ORDINANCE: N/A
PRIORITY: LOW
SUMMARY: No illegal dumping detected; the scene shows a natural area with vegetation and a dirt path, no waste or debris visible."
20260602T105528Z,DT_12th_and_Madison_1_20260528T054000.jpg,,,dataset_20260528/DT_12th_and_Madison_1/DT_12th_and_Madison_1_20260528T054000.jpg,illegal_dumping,done,2026-06-02T11:10:08.522842+00:00,0.033,0.887,0.922,,nvidia/cosmos-reason2-8b,"DUMPING PRESENT: No
ORDINANCE VIOLATION: No
WASTE TYPE: mixed
WASTE VOLUME: small (pickup truck)
WASTE ORIGIN: residential
PROPERTY TYPE: right-of-way
ADDRESS MARKERS: NONE
GUTTER/ALLEY: Yes
WATER PROXIMITY: No
CHRONIC SITE: No
VEHICLES: NONE
IDENTIFIERS: NONE
SEVERITY: 1
ORDINANCE: N/A
PRIORITY: LOW
SUMMARY: No illegal dumping detected; the scene shows a natural area with vegetation and a dirt path, no waste or debris visible."
20260602T105528Z,DT_12th_and_Madison_1_20260528T055000.jpg,,,dataset_20260528/DT_12th_and_Madison_1/DT_12th_and_Madison_1_20260528T055000.jpg,illegal_dumping,done,2026-06-02T11:10:08.886366+00:00,0.033,0.912,0.948,,nvidia/cosmos-reason2-8b,"```json
{
  ""DUMPING PRESENT"": ""No"",
  ""ORDINANCE VIOLATION"": ""No"",
  ""WASTE TYPE"": [],
  ""WASTE VOLUME"": ""small (pickup truck)"",
  ""WASTE ORIGIN"": ""unknown"",
  ""PROPERTY TYPE"": ""right-of-way"",
  ""ADDRESS MARKERS"": ""NONE"",
  ""GUTTER/ALLEY"": ""Yes"",
  ""WATER PROXIMITY"": ""No"",
  ""CHRONIC SITE"": ""No"",
  ""VEHICLES"": ""NONE"",
  ""IDENTIFIERS"": ""NONE"",
  ""SEVERITY"": ""1"",
  ""ORDINANCE"": ""N/A"",
  ""PRIORITY"": ""LOW"",
  ""SUMMARY"": ""No illegal dumping detected; the scene shows a right-of-way with vegetation and a dirt path, but no waste or debris is visible.""
}
```"
20260602T105528Z,DT_12th_and_Madison_1_20260528T060000.jpg,,,dataset_20260528/DT_12th_and_Madison_1/DT_12th_and_Madison_1_20260528T060000.jpg,illegal_dumping,done,2026-06-02T11:10:09.233292+00:00,0.04,0.658,0.7,,nvidia/cosmos-reason2-8b,"DUMPING PRESENT: No
ORDINANCE VIOLATION: No
WASTE TYPE: mixed
WASTE VOLUME: small (pickup truck)
WASTE ORIGIN: residential
PROPERTY TYPE: right-of-way
ADDRESS MARKERS: NONE
GUTTER/ALLEY: No
WATER PROXIMITY: No
CHRONIC SITE: No
VEHICLES: NONE
IDENTIFIERS: NONE
SEVERITY: 1
ORDINANCE: N/A
PRIORITY: LOW
SUMMARY: No illegal dumping detected in the right-of-way area."
20260602T105528Z,DT_12th_and_Madison_1_20260528T061000.jpg,,,dataset_20260528/DT_12th_and_Madison_1/DT_12th_and_Madison_1_20260528T061000.jpg,illegal_dumping,done,2026-06-02T11:10:09.448554+00:00,0.04,0.938,0.981,,nvidia/cosmos-reason2-8b,"```json
{
  ""DUMPING PRESENT"": ""No"",
  ""ORDINANCE VIOLATION"": ""No"",
  ""WASTE TYPE"": [],
  ""WASTE VOLUME"": ""small (pickup truck)"",
  ""WASTE ORIGIN"": ""unknown"",
  ""PROPERTY TYPE"": ""right-of-way"",
  ""ADDRESS MARKERS"": ""NONE"",
  ""GUTTER/ALLEY"": ""Yes"",
  ""WATER PROXIMITY"": ""No"",
  ""CHRONIC SITE"": ""No"",
  ""VEHICLES"": ""NONE"",
  ""IDENTIFIERS"": ""NONE"",
  ""SEVERITY"": ""1"",
  ""ORDINANCE"": ""N/A"",
  ""PRIORITY"": ""LOW"",
  ""SUMMARY"": ""No illegal dumping detected; the scene shows a natural area adjacent to a right-of-way with no visible waste or debris.""
}
```"
20260602T105528Z,DT_12th_and_Madison_1_20260528T062000.jpg,,,dataset_20260528/DT_12th_and_Madison_1/DT_12th_and_Madison_1_20260528T062000.jpg,illegal_dumping,done,2026-06-02T11:10:09.560153+00:00,0.032,0.877,0.911,,nvidia/cosmos-reason2-8b,"DUMPING PRESENT: Yes
ORDINANCE VIOLATION: Yes
WASTE TYPE: mixed
WASTE VOLUME: medium
WASTE ORIGIN: residential
PROPERTY TYPE: vacant-lot
ADDRESS MARKERS: NONE
GUTTER/ALLEY: No
WATER PROXIMITY: No
CHRONIC SITE: No
VEHICLES: NONE
IDENTIFIERS: NONE
SEVERITY: 2
ORDINANCE: Sec-46-45
PRIORITY: MEDIUM
SUMMARY: Illegal dumping of mixed waste is present on a vacant lot, violating Brownsville's property owner liability ordinance.
"
20260602T105528Z,DT_12th_and_Madison_1_20260528T063000.jpg,,,dataset_20260528/DT_12th_and_Madison_1/DT_12th_and_Madison_1_20260528T063000.jpg,illegal_dumping,done,2026-06-02T11:10:09.836795+00:00,0.036,0.895,0.934,,nvidia/cosmos-reason2-8b,"```json
{
  ""DUMPING PRESENT"": ""No"",
  ""ORDINANCE VIOLATION"": ""No"",
  ""WASTE TYPE"": [],
  ""WASTE VOLUME"": ""small (pickup truck)"",
  ""WASTE ORIGIN"": ""unknown"",
  ""PROPERTY TYPE"": ""vacant-lot"",
  ""ADDRESS MARKERS"": ""NONE"",
  ""GUTTER/ALLEY"": ""Yes"",
  ""WATER PROXIMITY"": ""No"",
  ""CHRONIC SITE"": ""No"",
  ""VEHICLES"": ""NONE"",
  ""IDENTIFIERS"": ""NONE"",
  ""SEVERITY"": ""1"",
  ""ORDINANCE"": ""N/A"",
  ""PRIORITY"": ""LOW"",
  ""SUMMARY"": ""No illegal dumping detected; the scene shows a dry, cracked lot with sparse vegetation and no visible waste materials.""
}
```"
20260602T105528Z,DT_12th_and_Madison_1_20260528T064000.jpg,,,dataset_20260528/DT_12th_and_Madison_1/DT_12th_and_Madison_1_20260528T064000.jpg,illegal_dumping,done,2026-06-02T11:10:09.935757+00:00,0.04,0.866,0.908,,nvidia/cosmos-reason2-8b,"DUMPING PRESENT: Yes
ORDINANCE VIOLATION: Yes
WASTE TYPE: mixed
WASTE VOLUME: small (pickup truck)
WASTE ORIGIN: residential
PROPERTY TYPE: vacant-lot
ADDRESS MARKERS: NONE
GUTTER/ALLEY: No
WATER PROXIMITY: No
CHRONIC SITE: No
VEHICLES: NONE
IDENTIFIERS: NONE
SEVERITY: 2
ORDINANCE: Sec-46-45
PRIORITY: MEDIUM
SUMMARY: Illegal dumping is present on a vacant lot, with mixed waste scattered across the area, violating property owner liability under Sec. 46-45.
"
20260602T105528Z,DT_12th_and_Madison_1_20260528T065000.jpg,,,dataset_20260528/DT_12th_and_Madison_1/DT_12th_and_Madison_1_20260528T065000.jpg,illegal_dumping,done,2026-06-02T11:10:10.432135+00:00,0.04,0.685,0.728,,nvidia/cosmos-reason2-8b,"DUMPING PRESENT: No
ORDINANCE VIOLATION: No
WASTE TYPE: mixed
WASTE VOLUME: small (pickup truck)
WASTE ORIGIN: residential
PROPERTY TYPE: vacant-lot
ADDRESS MARKERS: NONE
GUTTER/ALLEY: No
WATER PROXIMITY: No
CHRONIC SITE: No
VEHICLES: NONE
IDENTIFIERS: NONE
SEVERITY: 1
ORDINANCE: N/A
PRIORITY: LOW
SUMMARY: No illegal dumping detected in the video."
20260602T105528Z,DT_12th_and_Madison_1_20260528T070000.jpg,,,dataset_20260528/DT_12th_and_Madison_1/DT_12th_and_Madison_1_20260528T070000.jpg,illegal_dumping,done,2026-06-02T11:10:10.473974+00:00,0.037,0.906,0.947,,nvidia/cosmos-reason2-8b,"DUMPING PRESENT: Yes
ORDINANCE VIOLATION: Yes
WASTE TYPE: mixed
WASTE VOLUME: small (pickup truck)
WASTE ORIGIN: unknown
PROPERTY TYPE: vacant-lot
ADDRESS MARKERS: NONE
GUTTER/ALLEY: No
WATER PROXIMITY: No
CHRONIC SITE: No
VEHICLES: NONE
IDENTIFIERS: <none>
SEVERITY: 2
ORDINANCE: Sec-46-45
PRIORITY: MEDIUM
SUMMARY: Illegal dumping is present on a vacant lot, violating Brownsville's property owner liability ordinance.
"
20260602T105528Z,DT_12th_and_Madison_1_20260528T071000.jpg,,,dataset_20260528/DT_12th_and_Madison_1/DT_12th_and_Madison_1_20260528T071000.jpg,illegal_dumping,done,2026-06-02T11:10:10.773757+00:00,0.034,0.817,0.853,,nvidia/cosmos-reason2-8b,"DUMPING PRESENT: No
ORDINANCE VIOLATION: No
WASTE TYPE: mixed
WASTE VOLUME: small (pickup truck)
WASTE ORIGIN: residential
PROPERTY TYPE: vacant-lot
ADDRESS MARKERS: NONE
GUTTER/ALLEY: No
WATER PROXIMITY: No
CHRONIC SITE: No
VEHICLES: NONE
IDENTIFIERS: NONE
SEVERITY: 1
ORDINANCE: N/A
PRIORITY: LOW
SUMMARY: No illegal dumping detected in the video."
20260602T105528Z,DT_12th_and_Madison_1_20260528T072000.jpg,,,dataset_20260528/DT_12th_and_Madison_1/DT_12th_and_Madison_1_20260528T072000.jpg,illegal_dumping,done,2026-06-02T11:10:10.846443+00:00,0.039,0.929,0.971,,nvidia/cosmos-reason2-8b,"DUMPING PRESENT: Yes
ORDINANCE VIOLATION: Yes
WASTE TYPE: mixed
WASTE VOLUME: small (pickup truck)
WASTE ORIGIN: residential
PROPERTY TYPE: vacant-lot
ADDRESS MARKERS: NONE
GUTTER/ALLEY: No
WATER PROXIMITY: No
CHRONIC SITE: No
VEHICLES: NONE
IDENTIFIERS: NONE
SEVERITY: 2
ORDINANCE: Sec-46-45
PRIORITY: MEDIUM
SUMMARY: A small pile of mixed waste is illegally dumped on a vacant lot, violating Brownsville's property owner liability ordinance.
"
20260602T105528Z,DT_12th_and_Madison_1_20260528T073000.jpg,,,dataset_20260528/DT_12th_and_Madison_1/DT_12th_and_Madison_1_20260528T073000.jpg,illegal_dumping,done,2026-06-02T11:10:11.162646+00:00,0.041,0.954,1.0,,nvidia/cosmos-reason2-8b,"```json
{
  ""DUMPING PRESENT"": true,
  ""ORDINANCE VIOLATION"": true,
  ""WASTE TYPE"": ""mixed"",
  ""WASTE VOLUME"": ""small (pickup truck)"",
  ""WASTE ORIGIN"": ""unknown"",
  ""PROPERTY TYPE"": ""vacant-lot"",
  ""ADDRESS MARKERS"": ""NONE"",
  ""GUTTER/ALLEY"": ""No"",
  ""WATER PROXIMITY"": ""No"",
  ""CHRONIC SITE"": ""No"",
  ""VEHICLES"": ""NONE"",
  ""IDENTIFIERS"": ""NONE"",
  ""SEVERITY"": 3,
  ""ORDINANCE"": ""Sec-46-45"",
  ""PRIORITY"": ""MEDIUM"",
  ""SUMMARY"": ""Illegal dumping of mixed waste is present on a vacant lot, violating property owner liability under Sec. 46-45.""
}
```"
20260602T105528Z,DT_12th_and_Madison_1_20260528T074000.jpg,,,dataset_20260528/DT_12th_and_Madison_1/DT_12th_and_Madison_1_20260528T074000.jpg,illegal_dumping,done,2026-06-02T11:10:11.423902+00:00,0.04,0.79,0.835,,nvidia/cosmos-reason2-8b,"DUMPING PRESENT: Yes
ORDINANCE VIOLATION: Yes
WASTE TYPE: mixed
WASTE VOLUME: small (pickup truck)
WASTE ORIGIN: unknown
PROPERTY TYPE: vacant-lot
ADDRESS MARKERS: NONE
GUTTER/ALLEY: No
WATER PROXIMITY: No
CHRONIC SITE: No
VEHICLES: NONE
IDENTIFIERS: <none>
SEVERITY: 3
ORDINANCE: Sec-46-45
PRIORITY: MEDIUM
SUMMARY: Illegal dumping is present on a vacant lot, violating Brownsville's property owner liability ordinance.
"
20260602T105528Z,DT_12th_and_Madison_1_20260528T075000.jpg,,,dataset_20260528/DT_12th_and_Madison_1/DT_12th_and_Madison_1_20260528T075000.jpg,illegal_dumping,done,2026-06-02T11:10:11.629832+00:00,0.037,0.847,0.888,,nvidia/cosmos-reason2-8b,"DUMPING PRESENT: Yes
ORDINANCE VIOLATION: Yes
WASTE TYPE: mixed
WASTE VOLUME: small (pickup truck)
WASTE ORIGIN: residential
PROPERTY TYPE: vacant-lot
ADDRESS MARKERS: NONE
GUTTER/ALLEY: No
WATER PROXIMITY: No
CHRONIC SITE: No
VEHICLES: NONE
IDENTIFIERS: <none>
SEVERITY: 3
ORDINANCE: Sec-46-45
PRIORITY: MEDIUM
SUMMARY: A small pile of mixed waste is illegally dumped on a vacant lot, violating property owner liability under Sec. 46-45.
"
20260602T105528Z,DT_12th_and_Madison_1_20260528T080000.jpg,,,dataset_20260528/DT_12th_and_Madison_1/DT_12th_and_Madison_1_20260528T080000.jpg,illegal_dumping,done,2026-06-02T11:10:11.820988+00:00,0.039,0.803,0.855,,nvidia/cosmos-reason2-8b,"DUMPING PRESENT: Yes
ORDINANCE VIOLATION: Yes
WASTE TYPE: mixed
WASTE VOLUME: small (pickup truck)
WASTE ORIGIN: residential
PROPERTY TYPE: vacant-lot
ADDRESS MARKERS: NONE
GUTTER/ALLEY: No
WATER PROXIMITY: No
CHRONIC SITE: No
VEHICLES: NONE
IDENTIFIERS: NONE
SEVERITY: 1
ORDINANCE: Sec-46-45
PRIORITY: LOW
SUMMARY: A small pile of mixed waste is illegally dumped on a vacant lot, violating property owner liability under Sec-46-45.
"
20260602T105528Z,DT_12th_and_Madison_1_20260528T081000.jpg,,,dataset_20260528/DT_12th_and_Madison_1/DT_12th_and_Madison_1_20260528T081000.jpg,illegal_dumping,done,2026-06-02T11:10:12.164980+00:00,0.038,0.876,0.916,,nvidia/cosmos-reason2-8b,"DUMPING PRESENT: Yes
ORDINANCE VIOLATION: Yes
WASTE TYPE: mixed
WASTE VOLUME: small (pickup truck)
WASTE ORIGIN: unknown
PROPERTY TYPE: right-of-way
ADDRESS MARKERS: NONE
GUTTER/ALLEY: Yes
WATER PROXIMITY: No
CHRONIC SITE: No
VEHICLES: NONE
IDENTIFIERS: NONE
SEVERITY: 2
ORDINANCE: Sec-46-45
PRIORITY: MEDIUM
SUMMARY: Illegal dumping is present on the right-of-way, violating Brownsville's property owner liability ordinance (Sec. 46-45).
"
20260602T105528Z,DT_12th_and_Madison_1_20260528T082000.jpg,,,dataset_20260528/DT_12th_and_Madison_1/DT_12th_and_Madison_1_20260528T082000.jpg,illegal_dumping,done,2026-06-02T11:10:12.260983+00:00,0.03,0.841,0.874,,nvidia/cosmos-reason2-8b,"DUMPING PRESENT: No
ORDINANCE VIOLATION: No
WASTE TYPE: mixed
WASTE VOLUME: small (pickup truck)
WASTE ORIGIN: residential
PROPERTY TYPE: right-of-way
ADDRESS MARKERS: <NONE>
GUTTER/ALLEY: Yes
WATER PROXIMITY: No
CHRONIC SITE: No
VEHICLES: <NONE>
IDENTIFIERS: <NONE>
SEVERITY: 1
ORDINANCE: N/A
PRIORITY: LOW
SUMMARY: No illegal dumping observed; the scene shows a dirt path with scattered debris and no clear evidence of waste disposal violations."
20260602T105528Z,DT_12th_and_Madison_1_20260528T083000.jpg,,,dataset_20260528/DT_12th_and_Madison_1/DT_12th_and_Madison_1_20260528T083000.jpg,illegal_dumping,done,2026-06-02T11:10:12.520668+00:00,0.032,0.93,0.964,,nvidia/cosmos-reason2-8b,"DUMPING PRESENT: Yes
ORDINANCE VIOLATION: Yes
WASTE TYPE: mixed
WASTE VOLUME: small (pickup truck)
WASTE ORIGIN: residential
PROPERTY TYPE: vacant-lot
ADDRESS MARKERS: NONE
GUTTER/ALLEY: No
WATER PROXIMITY: No
CHRONIC SITE: No
VEHICLES: NONE
IDENTIFIERS: NONE
SEVERITY: 1
ORDINANCE: Sec-46-45
PRIORITY: LOW
SUMMARY: A small pile of mixed waste is located on a vacant lot, violating Brownsville's property owner liability ordinance (Sec. 46-45)."
20260602T105528Z,DT_12th_and_Madison_1_20260528T084000.jpg,,,dataset_20260528/DT_12th_and_Madison_1/DT_12th_and_Madison_1_20260528T084000.jpg,illegal_dumping,done,2026-06-02T11:10:12.679089+00:00,0.034,0.812,0.848,,nvidia/cosmos-reason2-8b,"DUMPING PRESENT: No
ORDINANCE VIOLATION: No
WASTE TYPE: mixed
WASTE VOLUME: small (pickup truck)
WASTE ORIGIN: residential
PROPERTY TYPE: occupied-private
ADDRESS MARKERS: NONE
GUTTER/ALLEY: No
WATER PROXIMITY: No
CHRONIC SITE: No
VEHICLES: NONE
IDENTIFIERS: NONE
SEVERITY: 1
ORDINANCE: N/A
PRIORITY: LOW
SUMMARY: No illegal dumping detected; the scene shows a residential area with no visible waste or debris."
20260602T105528Z,DT_12th_and_Madison_1_20260528T085000.jpg,,,dataset_20260528/DT_12th_and_Madison_1/DT_12th_and_Madison_1_20260528T085000.jpg,illegal_dumping,done,2026-06-02T11:10:13.083964+00:00,0.036,0.735,0.774,,nvidia/cosmos-reason2-8b,"DUMPING PRESENT: No
ORDINANCE VIOLATION: No
WASTE TYPE: N/A
WASTE VOLUME: N/A
WASTE ORIGIN: N/A
PROPERTY TYPE: right-of-way
ADDRESS MARKERS: NONE
GUTTER/ALLEY: No
WATER PROXIMITY: No
CHRONIC SITE: No
VEHICLES: <NONE>
IDENTIFIERS: <NONE>
SEVERITY: 1
ORDINANCE: N/A
PRIORITY: LOW
SUMMARY: No illegal dumping detected in the video."
20260602T105528Z,DT_12th_and_Madison_1_20260528T090000.jpg,,,dataset_20260528/DT_12th_and_Madison_1/DT_12th_and_Madison_1_20260528T090000.jpg,illegal_dumping,done,2026-06-02T11:10:13.136780+00:00,0.037,0.903,0.942,,nvidia/cosmos-reason2-8b,"DUMPING PRESENT: Yes
ORDINANCE VIOLATION: Yes
WASTE TYPE: mixed
WASTE VOLUME: small (pickup truck)
WASTE ORIGIN: residential
PROPERTY TYPE: vacant-lot
ADDRESS MARKERS: NONE
GUTTER/ALLEY: No
WATER PROXIMITY: No
CHRONIC SITE: No
VEHICLES: NONE
IDENTIFIERS: NONE
SEVERITY: 2
ORDINANCE: Sec-46-45
PRIORITY: MEDIUM
SUMMARY: Illegal dumping is present on a vacant lot, violating Brownsville's property owner liability ordinance (Sec. 46-45)."
20260602T105528Z,DT_12th_and_Madison_1_20260528T100000.jpg,,,dataset_20260528/DT_12th_and_Madison_1/DT_12th_and_Madison_1_20260528T100000.jpg,illegal_dumping,done,2026-06-02T11:10:13.487116+00:00,0.041,0.902,0.947,,nvidia/cosmos-reason2-8b,"DUMPING PRESENT: Yes
ORDINANCE VIOLATION: Yes
WASTE TYPE: mixed
WASTE VOLUME: small (pickup truck)
WASTE ORIGIN: residential
PROPERTY TYPE: vacant-lot
ADDRESS MARKERS: NONE
GUTTER/ALLEY: No
WATER PROXIMITY: No
CHRONIC SITE: No
VEHICLES: NONE
IDENTIFIERS: NONE
SEVERITY: 2
ORDINANCE: Sec-46-45
PRIORITY: MEDIUM
SUMMARY: Illegal dumping is present on a vacant lot, violating Brownsville's property owner liability ordinance.
"
20260602T105528Z,DT_12th_and_Madison_1_20260528T101000.jpg,,,dataset_20260528/DT_12th_and_Madison_1/DT_12th_and_Madison_1_20260528T101000.jpg,illegal_dumping,done,2026-06-02T11:10:13.529805+00:00,0.039,0.963,1.004,,nvidia/cosmos-reason2-8b,"DUMPING PRESENT: No
ORDINANCE VIOLATION: No
WASTE TYPE: mixed
WASTE VOLUME: small (pickup truck)
WASTE ORIGIN: residential
PROPERTY TYPE: occupied-private
ADDRESS MARKERS: <NONE>
GUTTER/ALLEY: No
WATER PROXIMITY: No
CHRONIC SITE: No
VEHICLES: <NONE>
IDENTIFIERS: <NONE>
SEVERITY: 1
ORDINANCE: N/A
PRIORITY: LOW
SUMMARY: No illegal dumping observed; the scene shows a green screen with no discernible waste or property details."
20260602T105528Z,DT_12th_and_Madison_1_20260528T102000.jpg,,,dataset_20260528/DT_12th_and_Madison_1/DT_12th_and_Madison_1_20260528T102000.jpg,illegal_dumping,done,2026-06-02T11:10:13.860465+00:00,0.044,0.886,0.932,,nvidia/cosmos-reason2-8b,"```json
{
  ""DUMPING PRESENT"": ""No"",
  ""ORDINANCE VIOLATION"": ""No"",
  ""WASTE TYPE"": [],
  ""WASTE VOLUME"": ""small (pickup truck)"",
  ""WASTE ORIGIN"": ""unknown"",
  ""PROPERTY TYPE"": ""vacant-lot"",
  ""ADDRESS MARKERS"": ""NONE"",
  ""GUTTER/ALLEY"": ""No"",
  ""WATER PROXIMITY"": ""No"",
  ""CHRONIC SITE"": ""No"",
  ""VEHICLES"": ""NONE"",
  ""IDENTIFIERS"": ""NONE"",
  ""SEVERITY"": ""1"",
  ""ORDINANCE"": ""N/A"",
  ""PRIORITY"": ""LOW"",
  ""SUMMARY"": ""No illegal dumping detected; the image shows a green screen with no discernible waste or property details.""
}
```"
20260602T105528Z,DT_12th_and_Madison_1_20260528T103000.jpg,,,dataset_20260528/DT_12th_and_Madison_1/DT_12th_and_Madison_1_20260528T103000.jpg,illegal_dumping,done,2026-06-02T11:10:14.081495+00:00,0.038,0.809,0.85,,nvidia/cosmos-reason2-8b,"DUMPING PRESENT: Yes
ORDINANCE VIOLATION: Yes
WASTE TYPE: mixed
WASTE VOLUME: small (pickup truck)
WASTE ORIGIN: residential
PROPERTY TYPE: vacant-lot
ADDRESS MARKERS: NONE
GUTTER/ALLEY: No
WATER PROXIMITY: No
CHRONIC SITE: No
VEHICLES: NONE
IDENTIFIERS: <plates, signage, labels, individuals — or NONE>
SEVERITY: 3
ORDINANCE: Sec-46-45
PRIORITY: MEDIUM
SUMMARY: Illegal dumping of mixed waste is present on a vacant lot, violating Brownsville's property owner liability ordinance.
"
20260602T105528Z,DT_12th_and_Madison_1_20260528T104000.jpg,,,dataset_20260528/DT_12th_and_Madison_1/DT_12th_and_Madison_1_20260528T104000.jpg,illegal_dumping,done,2026-06-02T11:10:14.437121+00:00,0.038,0.749,0.79,,nvidia/cosmos-reason2-8b,"DUMPING PRESENT: No
ORDINANCE VIOLATION: No
WASTE TYPE: mixed
WASTE VOLUME: small (pickup truck)
WASTE ORIGIN: residential
PROPERTY TYPE: occupied-private
ADDRESS MARKERS: <NONE>
GUTTER/ALLEY: No
WATER PROXIMITY: No
CHRONIC SITE: No
VEHICLES: <NONE>
IDENTIFIERS: <NONE>
SEVERITY: 1
ORDINANCE: N/A
PRIORITY: LOW
SUMMARY: No illegal dumping detected in the video."
20260602T105528Z,DT_12th_and_Madison_1_20260528T105000.jpg,,,dataset_20260528/DT_12th_and_Madison_1/DT_12th_and_Madison_1_20260528T105000.jpg,illegal_dumping,done,2026-06-02T11:10:14.536355+00:00,0.041,0.816,0.86,,nvidia/cosmos-reason2-8b,"DUMPING PRESENT: Yes
ORDINANCE VIOLATION: Yes
WASTE TYPE: mixed
WASTE VOLUME: small (pickup truck)
WASTE ORIGIN: residential
PROPERTY TYPE: vacant-lot
ADDRESS MARKERS: NONE
GUTTER/ALLEY: No
WATER PROXIMITY: No
CHRONIC SITE: No
VEHICLES: NONE
IDENTIFIERS: NONE
SEVERITY: 2
ORDINANCE: Sec-46-45
PRIORITY: MEDIUM
SUMMARY: Illegal dumping is present on a vacant lot, violating Brownsville's property owner liability ordinance.
"
20260602T105528Z,DT_12th_and_Madison_1_20260528T110000.jpg,,,dataset_20260528/DT_12th_and_Madison_1/DT_12th_and_Madison_1_20260528T110000.jpg,illegal_dumping,done,2026-06-02T11:10:14.795649+00:00,0.036,0.946,0.985,,nvidia/cosmos-reason2-8b,"DUMPING PRESENT: Yes
ORDINANCE VIOLATION: Yes
WASTE TYPE: mixed
WASTE VOLUME: small (pickup truck)
WASTE ORIGIN: residential
PROPERTY TYPE: vacant-lot
ADDRESS MARKERS: NONE
GUTTER/ALLEY: No
WATER PROXIMITY: No
CHRONIC SITE: No
VEHICLES: NONE
IDENTIFIERS: NONE
SEVERITY: 3
ORDINANCE: Sec-46-45
PRIORITY: MEDIUM
SUMMARY: Illegal dumping of mixed waste is observed on a vacant lot, violating Brownsville's property owner liability ordinance.
"
20260602T105528Z,DT_12th_and_Madison_1_20260528T111000.jpg,,,dataset_20260528/DT_12th_and_Madison_1/DT_12th_and_Madison_1_20260528T111000.jpg,illegal_dumping,done,2026-06-02T11:10:14.934566+00:00,0.041,0.842,0.885,,nvidia/cosmos-reason2-8b,"DUMPING PRESENT: No
ORDINANCE VIOLATION: No
WASTE TYPE: mixed
WASTE VOLUME: small (pickup truck)
WASTE ORIGIN: residential
PROPERTY TYPE: occupied-private
ADDRESS MARKERS: NONE
GUTTER/ALLEY: No
WATER PROXIMITY: No
CHRONIC SITE: No
VEHICLES: NONE
IDENTIFIERS: NONE
SEVERITY: 1
ORDINANCE: N/A
PRIORITY: LOW
SUMMARY: No illegal dumping detected in the video."
20260602T105528Z,DT_12th_and_Madison_1_20260528T112000.jpg,,,dataset_20260528/DT_12th_and_Madison_1/DT_12th_and_Madison_1_20260528T112000.jpg,illegal_dumping,done,2026-06-02T11:10:15.230048+00:00,0.04,1.417,1.46,,nvidia/cosmos-reason2-8b,"DUMPING PRESENT: Yes
ORDINANCE VIOLATION: Yes
WASTE TYPE: mixed
WASTE VOLUME: small (pickup truck)
WASTE ORIGIN: residential
PROPERTY TYPE: vacant-lot
ADDRESS MARKERS: NONE
GUTTER/ALLEY: No
WATER PROXIMITY: No
CHRONIC SITE: No
VEHICLES: NONE
IDENTIFIERS: NONE
SEVERITY: 2
ORDINANCE: Sec-46-45
PRIORITY: MEDIUM
SUMMARY: Illegal dumping is present on a vacant lot, violating Brownsville's property owner liability ordinance.
"
20260602T105528Z,DT_12th_and_Madison_1_20260528T113000.jpg,,,dataset_20260528/DT_12th_and_Madison_1/DT_12th_and_Madison_1_20260528T113000.jpg,illegal_dumping,done,2026-06-02T11:10:15.399581+00:00,0.036,1.985,2.023,,nvidia/cosmos-reason2-8b,"```json
{
  ""DUMPING PRESENT"": ""No"",
  ""ORDINANCE VIOLATION"": ""No"",
  ""WASTE TYPE"": [],
  ""WASTE VOLUME"": ""small (pickup truck)"",
  ""WASTE ORIGIN"": ""unknown"",
  ""PROPERTY TYPE"": ""vacant-lot"",
  ""ADDRESS MARKERS"": ""NONE"",
  ""GUTTER/ALLEY"": ""No"",
  ""WATER PROXIMITY"": ""No"",
  ""CHRONIC SITE"": ""No"",
  ""VEHICLES"": ""NONE"",
  ""IDENTIFIERS"": ""NONE"",
  ""SEVERITY"": ""1"",
  ""ORDINANCE"": ""N/A"",
  ""PRIORITY"": ""LOW"",
  ""SUMMARY"": ""No illegal dumping detected; no waste materials or vehicles observed in the scene.""
}
```"
20260602T105528Z,DT_12th_and_Madison_1_20260528T114000.jpg,,,dataset_20260528/DT_12th_and_Madison_1/DT_12th_and_Madison_1_20260528T114000.jpg,illegal_dumping,done,2026-06-02T11:10:15.784184+00:00,0.036,1.45,1.49,,nvidia/cosmos-reason2-8b,"DUMPING PRESENT: No
ORDINANCE VIOLATION: No
WASTE TYPE: mixed
WASTE VOLUME: small (pickup truck)
WASTE ORIGIN: residential
PROPERTY TYPE: vacant-lot
ADDRESS MARKERS: NONE
GUTTER/ALLEY: No
WATER PROXIMITY: No
CHRONIC SITE: No
VEHICLES: NONE
IDENTIFIERS: NONE
SEVERITY: 1
ORDINANCE: N/A
PRIORITY: LOW
SUMMARY: No illegal dumping detected; the image shows a green screen with no discernible waste or property details."
20260602T105528Z,DT_12th_and_Madison_1_20260528T115000.jpg,,,dataset_20260528/DT_12th_and_Madison_1/DT_12th_and_Madison_1_20260528T115000.jpg,illegal_dumping,done,2026-06-02T11:10:15.822294+00:00,0.037,1.19,1.229,,nvidia/cosmos-reason2-8b,"DUMPING PRESENT: No
ORDINANCE VIOLATION: No
WASTE TYPE: mixed
WASTE VOLUME: small (pickup truck)
WASTE ORIGIN: residential
PROPERTY TYPE: occupied-private
ADDRESS MARKERS: NONE
GUTTER/ALLEY: No
WATER PROXIMITY: No
CHRONIC SITE: No
VEHICLES: NONE
IDENTIFIERS: NONE
SEVERITY: 1
ORDINANCE: N/A
PRIORITY: LOW
SUMMARY: No illegal dumping detected in the video."
20260602T105528Z,DT_12th_and_Madison_1_20260528T120000.jpg,,,dataset_20260528/DT_12th_and_Madison_1/DT_12th_and_Madison_1_20260528T120000.jpg,illegal_dumping,done,2026-06-02T11:10:16.692967+00:00,0.039,0.813,0.855,,nvidia/cosmos-reason2-8b,"DUMPING PRESENT: Yes
ORDINANCE VIOLATION: Yes
WASTE TYPE: mixed
WASTE VOLUME: small (pickup truck)
WASTE ORIGIN: residential
PROPERTY TYPE: vacant-lot
ADDRESS MARKERS: NONE
GUTTER/ALLEY: No
WATER PROXIMITY: No
CHRONIC SITE: No
VEHICLES: NONE
IDENTIFIERS: NONE
SEVERITY: 2
ORDINANCE: Sec-46-45
PRIORITY: MEDIUM
SUMMARY: Illegal dumping of mixed waste is present on a vacant lot, violating property owner liability under Sec. 46-45.
"
20260602T105528Z,DT_12th_and_Madison_1_20260528T121000.jpg,,,dataset_20260528/DT_12th_and_Madison_1/DT_12th_and_Madison_1_20260528T121000.jpg,illegal_dumping,done,2026-06-02T11:10:17.053710+00:00,0.038,0.779,0.819,,nvidia/cosmos-reason2-8b,"DUMPING PRESENT: Yes
ORDINANCE VIOLATION: Yes
WASTE TYPE: mixed
WASTE VOLUME: small (pickup truck)
WASTE ORIGIN: residential
PROPERTY TYPE: vacant-lot
ADDRESS MARKERS: NONE
GUTTER/ALLEY: No
WATER PROXIMITY: No
CHRONIC SITE: No
VEHICLES: NONE
IDENTIFIERS: NONE
SEVERITY: 2
ORDINANCE: Sec-46-45
PRIORITY: MEDIUM
SUMMARY: Illegal dumping is present on a vacant lot, violating Brownsville's property owner liability ordinance (Sec. 46-45).
"
20260602T105528Z,DT_12th_and_Madison_1_20260528T122000.jpg,,,dataset_20260528/DT_12th_and_Madison_1/DT_12th_and_Madison_1_20260528T122000.jpg,illegal_dumping,done,2026-06-02T11:10:17.276451+00:00,0.039,0.714,0.756,,nvidia/cosmos-reason2-8b,"DUMPING PRESENT: No
ORDINANCE VIOLATION: No
WASTE TYPE: mixed
WASTE VOLUME: small (pickup truck)
WASTE ORIGIN: residential
PROPERTY TYPE: vacant-lot
ADDRESS MARKERS: NONE
GUTTER/ALLEY: No
WATER PROXIMITY: No
CHRONIC SITE: No
VEHICLES: NONE
IDENTIFIERS: NONE
SEVERITY: 1
ORDINANCE: N/A
PRIORITY: LOW
SUMMARY: No illegal dumping detected; the scene shows a mix of colorful objects without clear evidence of waste disposal violations."
20260602T105528Z,DT_12th_and_Madison_1_20260528T123000.jpg,,,dataset_20260528/DT_12th_and_Madison_1/DT_12th_and_Madison_1_20260528T123000.jpg,illegal_dumping,done,2026-06-02T11:10:17.424911+00:00,0.039,0.841,0.882,,nvidia/cosmos-reason2-8b,"DUMPING PRESENT: Yes
ORDINANCE VIOLATION: Yes
WASTE TYPE: mixed
WASTE VOLUME: small (pickup truck)
WASTE ORIGIN: unknown
PROPERTY TYPE: right-of-way
ADDRESS MARKERS: NONE
GUTTER/ALLEY: No
WATER PROXIMITY: No
CHRONIC SITE: No
VEHICLES: <NONE>
IDENTIFIERS: <NONE>
SEVERITY: 2
ORDINANCE: Sec-46-45
PRIORITY: MEDIUM
SUMMARY: Illegal dumping of mixed waste is observed on a right-of-way, violating Brownsville's property owner liability ordinance.
"
20260602T105528Z,DT_12th_and_Madison_1_20260528T124000.jpg,,,dataset_20260528/DT_12th_and_Madison_1/DT_12th_and_Madison_1_20260528T124000.jpg,illegal_dumping,done,2026-06-02T11:10:17.550424+00:00,0.031,0.879,0.912,,nvidia/cosmos-reason2-8b,"DUMPING PRESENT: Yes
ORDINANCE VIOLATION: Yes
WASTE TYPE: mixed
WASTE VOLUME: small (pickup truck)
WASTE ORIGIN: residential
PROPERTY TYPE: vacant-lot
ADDRESS MARKERS: NONE
GUTTER/ALLEY: No
WATER PROXIMITY: No
CHRONIC SITE: No
VEHICLES: NONE
IDENTIFIERS: NONE
SEVERITY: 2
ORDINANCE: Sec-46-45
PRIORITY: MEDIUM
SUMMARY: Illegal dumping of mixed waste is observed on a vacant lot, violating property owner liability under Sec. 46-45.
"
20260602T105528Z,DT_12th_and_Madison_1_20260528T125000.jpg,,,dataset_20260528/DT_12th_and_Madison_1/DT_12th_and_Madison_1_20260528T125000.jpg,illegal_dumping,done,2026-06-02T11:10:17.875928+00:00,0.039,0.639,0.68,,nvidia/cosmos-reason2-8b,"DUMPING PRESENT: No
ORDINANCE VIOLATION: No
WASTE TYPE: mixed
WASTE VOLUME: small (pickup truck)
WASTE ORIGIN: residential
PROPERTY TYPE: right-of-way
ADDRESS MARKERS: NONE
GUTTER/ALLEY: No
WATER PROXIMITY: No
CHRONIC SITE: No
VEHICLES: NONE
IDENTIFIERS: NONE
SEVERITY: 1
ORDINANCE: N/A
PRIORITY: LOW
SUMMARY: No illegal dumping detected in the video."
20260602T105528Z,DT_12th_and_Madison_1_20260528T130000.jpg,,,dataset_20260528/DT_12th_and_Madison_1/DT_12th_and_Madison_1_20260528T130000.jpg,illegal_dumping,done,2026-06-02T11:10:18.034343+00:00,0.042,0.844,0.889,,nvidia/cosmos-reason2-8b,"DUMPING PRESENT: Yes
ORDINANCE VIOLATION: Yes
WASTE TYPE: mixed
WASTE VOLUME: small (pickup truck)
WASTE ORIGIN: residential
PROPERTY TYPE: vacant-lot
ADDRESS MARKERS: NONE
GUTTER/ALLEY: No
WATER PROXIMITY: No
CHRONIC SITE: No
VEHICLES: NONE
IDENTIFIERS: NONE
SEVERITY: 2
ORDINANCE: Sec-46-45
PRIORITY: MEDIUM
SUMMARY: Illegal dumping of mixed waste is observed on a vacant lot, violating Brownsville's property owner liability ordinance (Sec. 46-45)."
20260602T105528Z,DT_12th_and_Madison_1_20260528T131000.jpg,,,dataset_20260528/DT_12th_and_Madison_1/DT_12th_and_Madison_1_20260528T131000.jpg,illegal_dumping,done,2026-06-02T11:10:18.310316+00:00,0.034,0.716,0.752,,nvidia/cosmos-reason2-8b,"DUMPING PRESENT: Yes
ORDINANCE VIOLATION: Yes
WASTE TYPE: mixed
WASTE VOLUME: small (pickup truck)
WASTE ORIGIN: residential
PROPERTY TYPE: vacant-lot
ADDRESS MARKERS: NONE
GUTTER/ALLEY: No
WATER PROXIMITY: No
CHRONIC SITE: No
VEHICLES: NONE
IDENTIFIERS: NONE
SEVERITY: 2
ORDINANCE: Sec-46-45
PRIORITY: MEDIUM
SUMMARY: Illegal dumping of mixed waste is present on a vacant lot, violating Brownsville's property owner liability ordinance.
"
20260602T105528Z,DT_12th_and_Madison_1_20260528T132000.jpg,,,dataset_20260528/DT_12th_and_Madison_1/DT_12th_and_Madison_1_20260528T132000.jpg,illegal_dumping,done,2026-06-02T11:10:18.465054+00:00,0.034,0.887,0.923,,nvidia/cosmos-reason2-8b,"DUMPING PRESENT: Yes
ORDINANCE VIOLATION: Yes
WASTE TYPE: mixed
WASTE VOLUME: small (pickup truck)
WASTE ORIGIN: residential
PROPERTY TYPE: vacant-lot
ADDRESS MARKERS: NONE
GUTTER/ALLEY: No
WATER PROXIMITY: No
CHRONIC SITE: No
VEHICLES: NONE
IDENTIFIERS: NONE
SEVERITY: 2
ORDINANCE: Sec-46-45
PRIORITY: MEDIUM
SUMMARY: Illegal dumping of mixed waste is observed on a vacant lot, violating Brownsville's property owner liability ordinance (Sec. 46-45).
"
20260602T105528Z,DT_12th_and_Madison_1_20260528T133000.jpg,,,dataset_20260528/DT_12th_and_Madison_1/DT_12th_and_Madison_1_20260528T133000.jpg,illegal_dumping,done,2026-06-02T11:10:18.557696+00:00,0.038,0.963,1.003,,nvidia/cosmos-reason2-8b,"DUMPING PRESENT: Yes
ORDINANCE VIOLATION: Yes
WASTE TYPE: mixed
WASTE VOLUME: small (pickup truck)
WASTE ORIGIN: residential
PROPERTY TYPE: vacant-lot
ADDRESS MARKERS: NONE
GUTTER/ALLEY: No
WATER PROXIMITY: No
CHRONIC SITE: No
VEHICLES: NONE
IDENTIFIERS: NONE
SEVERITY: 2
ORDINANCE: Sec-46-45
PRIORITY: MEDIUM
SUMMARY: Illegal dumping is observed on a vacant lot, with waste scattered across the area, violating property owner liability under Sec. 46-45.
"
20260602T105528Z,DT_12th_and_Madison_1_20260528T134000.jpg,,,dataset_20260528/DT_12th_and_Madison_1/DT_12th_and_Madison_1_20260528T134000.jpg,illegal_dumping,done,2026-06-02T11:10:18.925520+00:00,0.034,0.755,0.791,,nvidia/cosmos-reason2-8b,"DUMPING PRESENT: Yes
ORDINANCE VIOLATION: Yes
WASTE TYPE: mixed
WASTE VOLUME: small (pickup truck)
WASTE ORIGIN: residential
PROPERTY TYPE: right-of-way
ADDRESS MARKERS: NONE
GUTTER/ALLEY: No
WATER PROXIMITY: No
CHRONIC SITE: No
VEHICLES: NONE
IDENTIFIERS: NONE
SEVERITY: 2
ORDINANCE: Sec-46-45
PRIORITY: MEDIUM
SUMMARY: Illegal dumping is present on the right-of-way, violating Brownsville's property owner liability ordinance (Sec. 46-45).
"
20260602T105528Z,DT_12th_and_Madison_1_20260528T135000.jpg,,,dataset_20260528/DT_12th_and_Madison_1/DT_12th_and_Madison_1_20260528T135000.jpg,illegal_dumping,done,2026-06-02T11:10:19.064599+00:00,0.032,0.802,0.836,,nvidia/cosmos-reason2-8b,"DUMPING PRESENT: No
ORDINANCE VIOLATION: No
WASTE TYPE: mixed
WASTE VOLUME: small (pickup truck)
WASTE ORIGIN: residential
PROPERTY TYPE: occupied-private
ADDRESS MARKERS: NONE
GUTTER/ALLEY: No
WATER PROXIMITY: No
CHRONIC SITE: No
VEHICLES: NONE
IDENTIFIERS: NONE
SEVERITY: 1
ORDINANCE: N/A
PRIORITY: LOW
SUMMARY: No illegal dumping detected; the scene shows a mix of household items and debris on a residential property without any clear violation of local ordinances."
20260602T105528Z,DT_12th_and_Madison_1_20260528T140000.jpg,,,dataset_20260528/DT_12th_and_Madison_1/DT_12th_and_Madison_1_20260528T140000.jpg,illegal_dumping,done,2026-06-02T11:10:19.390669+00:00,0.033,0.751,0.787,,nvidia/cosmos-reason2-8b,"DUMPING PRESENT: Yes
ORDINANCE VIOLATION: Yes
WASTE TYPE: mixed
WASTE VOLUME: small (pickup truck)
WASTE ORIGIN: unknown
PROPERTY TYPE: vacant-lot
ADDRESS MARKERS: NONE
GUTTER/ALLEY: No
WATER PROXIMITY: No
CHRONIC SITE: No
VEHICLES: NONE
IDENTIFIERS: NONE
SEVERITY: 1
ORDINANCE: Sec-46-45
PRIORITY: LOW
SUMMARY: A small pile of mixed waste is located on a vacant lot, violating property owner liability under Sec. 46-45.
"
20260602T105528Z,DT_12th_and_Madison_1_20260528T141000.jpg,,,dataset_20260528/DT_12th_and_Madison_1/DT_12th_and_Madison_1_20260528T141000.jpg,illegal_dumping,done,2026-06-02T11:10:19.563627+00:00,0.038,0.747,0.788,,nvidia/cosmos-reason2-8b,"DUMPING PRESENT: Yes
ORDINANCE VIOLATION: Yes
WASTE TYPE: mixed
WASTE VOLUME: small (pickup truck)
WASTE ORIGIN: residential
PROPERTY TYPE: vacant-lot
ADDRESS MARKERS: NONE
GUTTER/ALLEY: No
WATER PROXIMITY: No
CHRONIC SITE: No
VEHICLES: NONE
IDENTIFIERS: NONE
SEVERITY: 2
ORDINANCE: Sec-46-45
PRIORITY: MEDIUM
SUMMARY: Illegal dumping of mixed waste is observed on a vacant lot, violating Brownsville's property owner liability ordinance.
"
20260602T105528Z,DT_12th_and_Madison_1_20260528T142000.jpg,,,dataset_20260528/DT_12th_and_Madison_1/DT_12th_and_Madison_1_20260528T142000.jpg,illegal_dumping,done,2026-06-02T11:10:19.719266+00:00,0.034,0.681,0.718,,nvidia/cosmos-reason2-8b,"DUMPING PRESENT: No
ORDINANCE VIOLATION: No
WASTE TYPE: mixed
WASTE VOLUME: small (pickup truck)
WASTE ORIGIN: residential
PROPERTY TYPE: occupied-private
ADDRESS MARKERS: NONE
GUTTER/ALLEY: No
WATER PROXIMITY: No
CHRONIC SITE: No
VEHICLES: NONE
IDENTIFIERS: NONE
SEVERITY: 1
ORDINANCE: N/A
PRIORITY: LOW
SUMMARY: No illegal dumping detected in the video."
20260602T105528Z,DT_12th_and_Madison_1_20260528T143000.jpg,,,dataset_20260528/DT_12th_and_Madison_1/DT_12th_and_Madison_1_20260528T143000.jpg,illegal_dumping,done,2026-06-02T11:10:19.902701+00:00,0.033,0.84,0.875,,nvidia/cosmos-reason2-8b,"DUMPING PRESENT: Yes
ORDINANCE VIOLATION: Yes
WASTE TYPE: mixed
WASTE VOLUME: small (pickup truck)
WASTE ORIGIN: residential
PROPERTY TYPE: vacant-lot
ADDRESS MARKERS: NONE
GUTTER/ALLEY: No
WATER PROXIMITY: No
CHRONIC SITE: No
VEHICLES: NONE
IDENTIFIERS: NONE
SEVERITY: 3
ORDINANCE: Sec-46-45
PRIORITY: MEDIUM
SUMMARY: Illegal dumping is observed on a vacant lot, violating property owner liability under Sec. 46-45.
"
20260602T105528Z,DT_12th_and_Madison_1_20260528T144000.jpg,,,dataset_20260528/DT_12th_and_Madison_1/DT_12th_and_Madison_1_20260528T144000.jpg,illegal_dumping,done,2026-06-02T11:10:20.180669+00:00,0.037,0.729,0.769,,nvidia/cosmos-reason2-8b,"DUMPING PRESENT: Yes
ORDINANCE VIOLATION: Yes
WASTE TYPE: mixed
WASTE VOLUME: small (pickup truck)
WASTE ORIGIN: residential
PROPERTY TYPE: vacant-lot
ADDRESS MARKERS: NONE
GUTTER/ALLEY: No
WATER PROXIMITY: No
CHRONIC SITE: No
VEHICLES: NONE
IDENTIFIERS: NONE
SEVERITY: 2
ORDINANCE: Sec-46-45
PRIORITY: MEDIUM
SUMMARY: A small pile of mixed waste is illegally dumped on a vacant lot, violating Brownsville's property owner liability ordinance.
"
20260602T105528Z,DT_12th_and_Madison_1_20260528T145000.jpg,,,dataset_20260528/DT_12th_and_Madison_1/DT_12th_and_Madison_1_20260528T145000.jpg,illegal_dumping,done,2026-06-02T11:10:20.353618+00:00,0.038,0.782,0.822,,nvidia/cosmos-reason2-8b,"DUMPING PRESENT: Yes
ORDINANCE VIOLATION: Yes
WASTE TYPE: mixed
WASTE VOLUME: small (pickup truck)
WASTE ORIGIN: residential
PROPERTY TYPE: vacant-lot
ADDRESS MARKERS: NONE
GUTTER/ALLEY: No
WATER PROXIMITY: No
CHRONIC SITE: No
VEHICLES: NONE
IDENTIFIERS: NONE
SEVERITY: 1
ORDINANCE: Sec-46-45
PRIORITY: LOW
SUMMARY: A small pile of mixed waste is located on a vacant lot, violating property owner liability under Sec. 46-45.
"
20260602T105528Z,DT_12th_and_Madison_1_20260528T150000.jpg,,,dataset_20260528/DT_12th_and_Madison_1/DT_12th_and_Madison_1_20260528T150000.jpg,illegal_dumping,done,2026-06-02T11:10:20.439015+00:00,0.038,0.863,0.903,,nvidia/cosmos-reason2-8b,"DUMPING PRESENT: Yes
ORDINANCE VIOLATION: Yes
WASTE TYPE: mixed
WASTE VOLUME: small (pickup truck)
WASTE ORIGIN: residential
PROPERTY TYPE: vacant-lot
ADDRESS MARKERS: NONE
GUTTER/ALLEY: No
WATER PROXIMITY: No
CHRONIC SITE: No
VEHICLES: NONE
IDENTIFIERS: NONE
SEVERITY: 2
ORDINANCE: Sec-46-45
PRIORITY: MEDIUM
SUMMARY: Illegal dumping is present on a vacant lot, violating Brownsville's property owner liability ordinance.
"
20260602T105528Z,DT_12th_and_Madison_1_20260528T151000.jpg,,,dataset_20260528/DT_12th_and_Madison_1/DT_12th_and_Madison_1_20260528T151000.jpg,illegal_dumping,done,2026-06-02T11:10:20.780256+00:00,0.036,0.737,0.776,,nvidia/cosmos-reason2-8b,"DUMPING PRESENT: Yes
ORDINANCE VIOLATION: Yes
WASTE TYPE: mixed
WASTE VOLUME: small (pickup truck)
WASTE ORIGIN: residential
PROPERTY TYPE: vacant-lot
ADDRESS MARKERS: NONE
GUTTER/ALLEY: No
WATER PROXIMITY: No
CHRONIC SITE: No
VEHICLES: NONE
IDENTIFIERS: NONE
SEVERITY: 1
ORDINANCE: Sec-46-45
PRIORITY: LOW
SUMMARY: A small pile of mixed waste is located on a vacant lot, which violates Brownsville's property owner liability ordinance (Sec. 46-45).
"
20260602T105528Z,DT_12th_and_Madison_1_20260528T152000.jpg,,,dataset_20260528/DT_12th_and_Madison_1/DT_12th_and_Madison_1_20260528T152000.jpg,illegal_dumping,done,2026-06-02T11:10:20.952023+00:00,0.035,0.734,0.771,,nvidia/cosmos-reason2-8b,"DUMPING PRESENT: No
ORDINANCE VIOLATION: No
WASTE TYPE: mixed
WASTE VOLUME: small (pickup truck)
WASTE ORIGIN: residential
PROPERTY TYPE: occupied-private
ADDRESS MARKERS: NONE
GUTTER/ALLEY: No
WATER PROXIMITY: No
CHRONIC SITE: No
VEHICLES: NONE
IDENTIFIERS: NONE
SEVERITY: 1
ORDINANCE: N/A
PRIORITY: LOW
SUMMARY: No illegal dumping detected; the scene shows a residential area with no visible waste or debris."
20260602T105528Z,DT_12th_and_Madison_1_20260528T153000.jpg,,,dataset_20260528/DT_12th_and_Madison_1/DT_12th_and_Madison_1_20260528T153000.jpg,illegal_dumping,done,2026-06-02T11:10:21.178127+00:00,0.032,0.757,0.793,,nvidia/cosmos-reason2-8b,"DUMPING PRESENT: Yes
ORDINANCE VIOLATION: Yes
WASTE TYPE: mixed
WASTE VOLUME: small (pickup truck)
WASTE ORIGIN: residential
PROPERTY TYPE: vacant-lot
ADDRESS MARKERS: NONE
GUTTER/ALLEY: No
WATER PROXIMITY: No
CHRONIC SITE: No
VEHICLES: NONE
IDENTIFIERS: NONE
SEVERITY: 2
ORDINANCE: Sec-46-45
PRIORITY: MEDIUM
SUMMARY: Illegal dumping is present on a vacant lot, violating Brownsville's property owner liability ordinance (Sec. 46-45).
"
20260602T105528Z,DT_12th_and_Madison_1_20260528T154000.jpg,,,dataset_20260528/DT_12th_and_Madison_1/DT_12th_and_Madison_1_20260528T154000.jpg,illegal_dumping,done,2026-06-02T11:10:21.345267+00:00,0.041,0.75,0.793,,nvidia/cosmos-reason2-8b,"DUMPING PRESENT: Yes
ORDINANCE VIOLATION: Yes
WASTE TYPE: mixed
WASTE VOLUME: small (pickup truck)
WASTE ORIGIN: residential
PROPERTY TYPE: vacant-lot
ADDRESS MARKERS: NONE
GUTTER/ALLEY: No
WATER PROXIMITY: No
CHRONIC SITE: No
VEHICLES: NONE
IDENTIFIERS: NONE
SEVERITY: 2
ORDINANCE: Sec-46-45
PRIORITY: MEDIUM
SUMMARY: Illegal dumping of mixed waste is observed on a vacant lot, violating Brownsville's property owner liability ordinance.
"
20260602T105528Z,DT_12th_and_Madison_1_20260528T155000.jpg,,,dataset_20260528/DT_12th_and_Madison_1/DT_12th_and_Madison_1_20260528T155000.jpg,illegal_dumping,done,2026-06-02T11:10:21.558487+00:00,0.037,0.662,0.701,,nvidia/cosmos-reason2-8b,"DUMPING PRESENT: No
ORDINANCE VIOLATION: No
WASTE TYPE: mixed
WASTE VOLUME: small (pickup truck)
WASTE ORIGIN: residential
PROPERTY TYPE: right-of-way
ADDRESS MARKERS: <NONE>
GUTTER/ALLEY: Yes
WATER PROXIMITY: No
CHRONIC SITE: No
VEHICLES: <NONE>
IDENTIFIERS: <NONE>
SEVERITY: 1
ORDINANCE: N/A
PRIORITY: LOW
SUMMARY: No illegal dumping detected; the scene shows a right-of-way with no visible waste or violations."
20260602T105528Z,DT_12th_and_Madison_1_20260528T160000.jpg,,,dataset_20260528/DT_12th_and_Madison_1/DT_12th_and_Madison_1_20260528T160000.jpg,illegal_dumping,done,2026-06-02T11:10:21.725803+00:00,0.039,0.748,0.79,,nvidia/cosmos-reason2-8b,"DUMPING PRESENT: Yes
ORDINANCE VIOLATION: Yes
WASTE TYPE: mixed
WASTE VOLUME: small (pickup truck)
WASTE ORIGIN: residential
PROPERTY TYPE: right-of-way
ADDRESS MARKERS: NONE
GUTTER/ALLEY: No
WATER PROXIMITY: No
CHRONIC SITE: No
VEHICLES: NONE
IDENTIFIERS: NONE
SEVERITY: 1
ORDINANCE: Sec-46-45
PRIORITY: LOW
SUMMARY: A small pile of mixed waste is located in the right-of-way, violating Brownsville's property owner liability ordinance.
"
20260602T105528Z,DT_12th_and_Madison_1_20260528T161000.jpg,,,dataset_20260528/DT_12th_and_Madison_1/DT_12th_and_Madison_1_20260528T161000.jpg,illegal_dumping,done,2026-06-02T11:10:21.973459+00:00,0.041,0.731,0.775,,nvidia/cosmos-reason2-8b,"DUMPING PRESENT: Yes
ORDINANCE VIOLATION: Yes
WASTE TYPE: mixed
WASTE VOLUME: small (pickup truck)
WASTE ORIGIN: residential
PROPERTY TYPE: vacant-lot
ADDRESS MARKERS: NONE
GUTTER/ALLEY: No
WATER PROXIMITY: No
CHRONIC SITE: No
VEHICLES: NONE
IDENTIFIERS: NONE
SEVERITY: 1
ORDINANCE: Sec-46-45
PRIORITY: LOW
SUMMARY: A small pile of mixed waste is located on a vacant lot, violating Brownsville's property owner liability ordinance.
"
20260602T105528Z,DT_12th_and_Madison_1_20260528T162000.jpg,,,dataset_20260528/DT_12th_and_Madison_1/DT_12th_and_Madison_1_20260528T162000.jpg,illegal_dumping,done,2026-06-02T11:10:22.141016+00:00,0.04,0.799,0.843,,nvidia/cosmos-reason2-8b,"DUMPING PRESENT: Yes
ORDINANCE VIOLATION: Yes
WASTE TYPE: mixed
WASTE VOLUME: small (pickup truck)
WASTE ORIGIN: residential
PROPERTY TYPE: vacant-lot
ADDRESS MARKERS: NONE
GUTTER/ALLEY: No
WATER PROXIMITY: No
CHRONIC SITE: No
VEHICLES: NONE
IDENTIFIERS: NONE
SEVERITY: 2
ORDINANCE: Sec-46-45
PRIORITY: MEDIUM
SUMMARY: Illegal dumping of mixed waste is observed on a vacant lot, violating Brownsville's property owner liability ordinance.
"
20260602T105528Z,DT_12th_and_Madison_1_20260528T163000.jpg,,,dataset_20260528/DT_12th_and_Madison_1/DT_12th_and_Madison_1_20260528T163000.jpg,illegal_dumping,done,2026-06-02T11:10:22.262047+00:00,0.042,0.869,0.915,,nvidia/cosmos-reason2-8b,"DUMPING PRESENT: Yes
ORDINANCE VIOLATION: Yes
WASTE TYPE: mixed
WASTE VOLUME: small (pickup truck)
WASTE ORIGIN: residential
PROPERTY TYPE: vacant-lot
ADDRESS MARKERS: NONE
GUTTER/ALLEY: No
WATER PROXIMITY: No
CHRONIC SITE: No
VEHICLES: NONE
IDENTIFIERS: NONE
SEVERITY: 2
ORDINANCE: Sec-46-45
PRIORITY: MEDIUM
SUMMARY: A small pile of mixed waste is illegally dumped on a vacant lot, violating Brownsville's property owner liability ordinance.
"
20260602T105528Z,DT_12th_and_Madison_1_20260528T164000.jpg,,,dataset_20260528/DT_12th_and_Madison_1/DT_12th_and_Madison_1_20260528T164000.jpg,illegal_dumping,done,2026-06-02T11:10:22.518768+00:00,0.039,0.735,0.88,,nvidia/cosmos-reason2-8b,"DUMPING PRESENT: Yes
ORDINANCE VIOLATION: Yes
WASTE TYPE: mixed
WASTE VOLUME: small (pickup truck)
WASTE ORIGIN: residential
PROPERTY TYPE: vacant-lot
ADDRESS MARKERS: NONE
GUTTER/ALLEY: No
WATER PROXIMITY: No
CHRONIC SITE: No
VEHICLES: NONE
IDENTIFIERS: NONE
SEVERITY: 2
ORDINANCE: Sec-46-45
PRIORITY: MEDIUM
SUMMARY: Illegal dumping of mixed waste is observed on a vacant lot, violating Brownsville's property owner liability ordinance.
"
20260602T105528Z,DT_12th_and_Madison_1_20260528T165000.jpg,,,dataset_20260528/DT_12th_and_Madison_1/DT_12th_and_Madison_1_20260528T165000.jpg,illegal_dumping,done,2026-06-02T11:10:22.751671+00:00,0.036,0.712,0.751,,nvidia/cosmos-reason2-8b,"DUMPING PRESENT: No
ORDINANCE VIOLATION: No
WASTE TYPE: mixed
WASTE VOLUME: small (pickup truck)
WASTE ORIGIN: residential
PROPERTY TYPE: occupied-private
ADDRESS MARKERS: <NONE>
GUTTER/ALLEY: No
WATER PROXIMITY: No
CHRONIC SITE: No
VEHICLES: <NONE>
IDENTIFIERS: <NONE>
SEVERITY: 1
ORDINANCE: N/A
PRIORITY: LOW
SUMMARY: No illegal dumping detected in the video."
20260602T105528Z,DT_12th_and_Madison_1_20260528T170000.jpg,,,dataset_20260528/DT_12th_and_Madison_1/DT_12th_and_Madison_1_20260528T170000.jpg,illegal_dumping,done,2026-06-02T11:10:22.986765+00:00,0.038,0.765,0.806,,nvidia/cosmos-reason2-8b,"DUMPING PRESENT: Yes
ORDINANCE VIOLATION: Yes
WASTE TYPE: mixed
WASTE VOLUME: small (pickup truck)
WASTE ORIGIN: residential
PROPERTY TYPE: vacant-lot
ADDRESS MARKERS: NONE
GUTTER/ALLEY: No
WATER PROXIMITY: No
CHRONIC SITE: No
VEHICLES: NONE
IDENTIFIERS: NONE
SEVERITY: 2
ORDINANCE: Sec-46-45
PRIORITY: MEDIUM
SUMMARY: Illegal dumping of mixed waste is observed on a vacant lot, violating Brownsville's property owner liability ordinance.
"
20260602T105528Z,DT_12th_and_Madison_1_20260528T171000.jpg,,,dataset_20260528/DT_12th_and_Madison_1/DT_12th_and_Madison_1_20260528T171000.jpg,illegal_dumping,done,2026-06-02T11:10:23.180284+00:00,0.028,0.836,0.867,,nvidia/cosmos-reason2-8b,"DUMPING PRESENT: Yes
ORDINANCE VIOLATION: Yes
WASTE TYPE: mixed
WASTE VOLUME: small (pickup truck)
WASTE ORIGIN: residential
PROPERTY TYPE: right-of-way
ADDRESS MARKERS: NONE
GUTTER/ALLEY: Yes
WATER PROXIMITY: No
CHRONIC SITE: No
VEHICLES: NONE
IDENTIFIERS: NONE
SEVERITY: 1
ORDINANCE: Sec-46-45
PRIORITY: LOW
SUMMARY: A small pile of mixed waste is visible in the right-of-way, which is considered a minor violation under Sec-46-45.
"
20260602T105528Z,DT_12th_and_Madison_1_20260528T172000.jpg,,,dataset_20260528/DT_12th_and_Madison_1/DT_12th_and_Madison_1_20260528T172000.jpg,illegal_dumping,done,2026-06-02T11:10:23.400980+00:00,0.033,0.811,0.847,,nvidia/cosmos-reason2-8b,"DUMPING PRESENT: Yes
ORDINANCE VIOLATION: Yes
WASTE TYPE: mixed
WASTE VOLUME: small (pickup truck)
WASTE ORIGIN: residential
PROPERTY TYPE: right-of-way
ADDRESS MARKERS: NONE
GUTTER/ALLEY: No
WATER PROXIMITY: No
CHRONIC SITE: No
VEHICLES: NONE
IDENTIFIERS: NONE
SEVERITY: 2
ORDINANCE: Sec-46-45
PRIORITY: MEDIUM
SUMMARY: Mixed waste is illegally dumped on a right-of-way, violating property owner liability under Sec. 46-45.
"
20260602T105528Z,DT_12th_and_Madison_1_20260528T173000.jpg,,,dataset_20260528/DT_12th_and_Madison_1/DT_12th_and_Madison_1_20260528T173000.jpg,illegal_dumping,done,2026-06-02T11:10:23.504680+00:00,0.033,0.826,0.861,,nvidia/cosmos-reason2-8b,"DUMPING PRESENT: Yes
ORDINANCE VIOLATION: Yes
WASTE TYPE: mixed
WASTE VOLUME: small (pickup truck)
WASTE ORIGIN: residential
PROPERTY TYPE: vacant-lot
ADDRESS MARKERS: NONE
GUTTER/ALLEY: No
WATER PROXIMITY: No
CHRONIC SITE: No
VEHICLES: NONE
IDENTIFIERS: NONE
SEVERITY: 2
ORDINANCE: Sec-46-45
PRIORITY: MEDIUM
SUMMARY: A small pile of mixed waste is illegally dumped on a vacant lot, violating Brownsville's property owner liability ordinance.
"
20260602T105528Z,DT_12th_and_Madison_1_20260528T174000.jpg,,,dataset_20260528/DT_12th_and_Madison_1/DT_12th_and_Madison_1_20260528T174000.jpg,illegal_dumping,done,2026-06-02T11:10:23.795205+00:00,0.036,0.74,0.779,,nvidia/cosmos-reason2-8b,"DUMPING PRESENT: Yes
ORDINANCE VIOLATION: Yes
WASTE TYPE: mixed
WASTE VOLUME: small (pickup truck)
WASTE ORIGIN: residential
PROPERTY TYPE: right-of-way
ADDRESS MARKERS: NONE
GUTTER/ALLEY: No
WATER PROXIMITY: No
CHRONIC SITE: No
VEHICLES: NONE
IDENTIFIERS: NONE
SEVERITY: 2
ORDINANCE: Sec-46-45
PRIORITY: MEDIUM
SUMMARY: Illegal dumping of mixed waste is observed in the right-of-way, violating Brownsville's property owner liability ordinance.
"
20260602T105528Z,DT_12th_and_Madison_1_20260528T175000.jpg,,,dataset_20260528/DT_12th_and_Madison_1/DT_12th_and_Madison_1_20260528T175000.jpg,illegal_dumping,done,2026-06-02T11:10:24.049737+00:00,0.038,0.645,0.685,,nvidia/cosmos-reason2-8b,"DUMPING PRESENT: No
ORDINANCE VIOLATION: No
WASTE TYPE: mixed
WASTE VOLUME: small (pickup truck)
WASTE ORIGIN: residential
PROPERTY TYPE: vacant-lot
ADDRESS MARKERS: NONE
GUTTER/ALLEY: No
WATER PROXIMITY: No
CHRONIC SITE: No
VEHICLES: NONE
IDENTIFIERS: NONE
SEVERITY: 1
ORDINANCE: N/A
PRIORITY: LOW
SUMMARY: No illegal dumping detected in the analyzed footage."
20260602T105528Z,DT_12th_and_Madison_1_20260528T180000.jpg,,,dataset_20260528/DT_12th_and_Madison_1/DT_12th_and_Madison_1_20260528T180000.jpg,illegal_dumping,done,2026-06-02T11:10:24.250010+00:00,0.033,0.761,0.797,,nvidia/cosmos-reason2-8b,"DUMPING PRESENT: Yes
ORDINANCE VIOLATION: Yes
WASTE TYPE: mixed
WASTE VOLUME: small (pickup truck)
WASTE ORIGIN: residential
PROPERTY TYPE: right-of-way
ADDRESS MARKERS: NONE
GUTTER/ALLEY: Yes
WATER PROXIMITY: No
CHRONIC SITE: No
VEHICLES: NONE
IDENTIFIERS: NONE
SEVERITY: 1
ORDINANCE: Sec-46-45
PRIORITY: LOW
SUMMARY: Mixed waste is illegally dumped in the right-of-way, violating property owner liability under Sec. 46-45.
"
20260602T105528Z,DT_12th_and_Madison_1_20260528T181000.jpg,,,dataset_20260528/DT_12th_and_Madison_1/DT_12th_and_Madison_1_20260528T181000.jpg,illegal_dumping,done,2026-06-02T11:10:24.368006+00:00,0.036,0.996,1.035,,nvidia/cosmos-reason2-8b,"DUMPING PRESENT: Yes
ORDINANCE VIOLATION: Yes
WASTE TYPE: mixed
WASTE VOLUME: small (pickup truck)
WASTE ORIGIN: residential
PROPERTY TYPE: vacant-lot
ADDRESS MARKERS: NONE
GUTTER/ALLEY: No
WATER PROXIMITY: No
CHRONIC SITE: No
VEHICLES: NONE
IDENTIFIERS: NONE
SEVERITY: 2
ORDINANCE: Sec-46-45
PRIORITY: MEDIUM
SUMMARY: Illegal dumping is present on a vacant lot, violating Brownsville's property owner liability ordinance (Sec. 46-45)."
20260602T105528Z,DT_12th_and_Madison_1_20260528T182000.jpg,,,dataset_20260528/DT_12th_and_Madison_1/DT_12th_and_Madison_1_20260528T182000.jpg,illegal_dumping,done,2026-06-02T11:10:24.577633+00:00,0.039,0.821,0.862,,nvidia/cosmos-reason2-8b,"DUMPING PRESENT: No
ORDINANCE VIOLATION: No
WASTE TYPE: mixed
WASTE VOLUME: small (pickup truck)
WASTE ORIGIN: residential
PROPERTY TYPE: right-of-way
ADDRESS MARKERS: < NONE >
GUTTER/ALLEY: No
WATER PROXIMITY: No
CHRONIC SITE: No
VEHICLES: < NONE >
IDENTIFIERS: < NONE >
SEVERITY: 1
ORDINANCE: N/A
PRIORITY: LOW
SUMMARY: No illegal dumping observed; the scene shows a dirt path with vegetation and a fence, but no waste or debris is visible."
20260602T105528Z,DT_12th_and_Madison_1_20260528T183000.jpg,,,dataset_20260528/DT_12th_and_Madison_1/DT_12th_and_Madison_1_20260528T183000.jpg,illegal_dumping,done,2026-06-02T11:10:24.737215+00:00,0.039,0.815,0.858,,nvidia/cosmos-reason2-8b,"DUMPING PRESENT: Yes
ORDINANCE VIOLATION: Yes
WASTE TYPE: mixed
WASTE VOLUME: small (pickup truck)
WASTE ORIGIN: residential
PROPERTY TYPE: vacant-lot
ADDRESS MARKERS: NONE
GUTTER/ALLEY: No
WATER PROXIMITY: No
CHRONIC SITE: No
VEHICLES: NONE
IDENTIFIERS: NONE
SEVERITY: 2
ORDINANCE: Sec-46-45
PRIORITY: MEDIUM
SUMMARY: Illegal dumping is present on a vacant lot, violating Brownsville's property owner liability ordinance.
"
20260602T105528Z,DT_12th_and_Madison_1_20260528T184000.jpg,,,dataset_20260528/DT_12th_and_Madison_1/DT_12th_and_Madison_1_20260528T184000.jpg,illegal_dumping,done,2026-06-02T11:10:25.049971+00:00,0.043,0.816,0.862,,nvidia/cosmos-reason2-8b,"DUMPING PRESENT: Yes
ORDINANCE VIOLATION: Yes
WASTE TYPE: mixed
WASTE VOLUME: small (pickup truck)
WASTE ORIGIN: residential
PROPERTY TYPE: vacant-lot
ADDRESS MARKERS: NONE
GUTTER/ALLEY: No
WATER PROXIMITY: No
CHRONIC SITE: No
VEHICLES: NONE
IDENTIFIERS: NONE
SEVERITY: 2
ORDINANCE: Sec-46-45
PRIORITY: MEDIUM
SUMMARY: A small pile of mixed waste is illegally dumped on a vacant lot, violating Brownsville's property owner liability ordinance.
"
20260602T105528Z,DT_12th_and_Madison_1_20260528T185000.jpg,,,dataset_20260528/DT_12th_and_Madison_1/DT_12th_and_Madison_1_20260528T185000.jpg,illegal_dumping,done,2026-06-02T11:10:25.405841+00:00,0.036,0.669,0.707,,nvidia/cosmos-reason2-8b,"DUMPING PRESENT: No
ORDINANCE VIOLATION: No
WASTE TYPE: mixed
WASTE VOLUME: small (pickup truck)
WASTE ORIGIN: residential
PROPERTY TYPE: occupied-private
ADDRESS MARKERS: NONE
GUTTER/ALLEY: No
WATER PROXIMITY: No
CHRONIC SITE: No
VEHICLES: NONE
IDENTIFIERS: NONE
SEVERITY: 1
ORDINANCE: N/A
PRIORITY: LOW
SUMMARY: No illegal dumping detected in the video."
20260602T105528Z,DT_12th_and_Madison_1_20260528T190000.jpg,,,dataset_20260528/DT_12th_and_Madison_1/DT_12th_and_Madison_1_20260528T190000.jpg,illegal_dumping,done,2026-06-02T11:10:25.443001+00:00,0.04,0.892,0.935,,nvidia/cosmos-reason2-8b,"DUMPING PRESENT: Yes
ORDINANCE VIOLATION: Yes
WASTE TYPE: mixed
WASTE VOLUME: small (pickup truck)
WASTE ORIGIN: residential
PROPERTY TYPE: vacant-lot
ADDRESS MARKERS: NONE
GUTTER/ALLEY: No
WATER PROXIMITY: No
CHRONIC SITE: No
VEHICLES: NONE
IDENTIFIERS: NONE
SEVERITY: 2
ORDINANCE: Sec-46-45
PRIORITY: MEDIUM
SUMMARY: Illegal dumping of mixed waste is observed on a vacant lot, violating Brownsville's property owner liability ordinance.
"
20260602T105528Z,DT_12th_and_Madison_1_20260528T191000.jpg,,,dataset_20260528/DT_12th_and_Madison_1/DT_12th_and_Madison_1_20260528T191000.jpg,illegal_dumping,done,2026-06-02T11:10:25.597102+00:00,0.032,1.079,1.114,,nvidia/cosmos-reason2-8b,"DUMPING PRESENT: Yes
ORDINANCE VIOLATION: Yes
WASTE TYPE: mixed
WASTE VOLUME: small (pickup truck)
WASTE ORIGIN: residential
PROPERTY TYPE: vacant-lot
ADDRESS MARKERS: NONE
GUTTER/ALLEY: No
WATER PROXIMITY: No
CHRONIC SITE: No
VEHICLES: NONE
IDENTIFIERS: NONE
SEVERITY: 2
ORDINANCE: Sec-46-45
PRIORITY: MEDIUM
SUMMARY: Illegal dumping is observed on a vacant lot, with waste scattered along the dirt path and near the wooden fence, violating property owner liability under Sec-46-45.
"
20260602T105528Z,DT_12th_and_Madison_1_20260528T192000.jpg,,,dataset_20260528/DT_12th_and_Madison_1/DT_12th_and_Madison_1_20260528T192000.jpg,illegal_dumping,done,2026-06-02T11:10:25.915734+00:00,0.034,0.722,0.758,,nvidia/cosmos-reason2-8b,"DUMPING PRESENT: No
ORDINANCE VIOLATION: No
WASTE TYPE: mixed
WASTE VOLUME: small (pickup truck)
WASTE ORIGIN: residential
PROPERTY TYPE: vacant-lot
ADDRESS MARKERS: NONE
GUTTER/ALLEY: No
WATER PROXIMITY: No
CHRONIC SITE: No
VEHICLES: NONE
IDENTIFIERS: NONE
SEVERITY: 1
ORDINANCE: N/A
PRIORITY: LOW
SUMMARY: No illegal dumping detected in the analyzed frames."
20260602T105528Z,DT_12th_and_Madison_1_20260528T193000.jpg,,,dataset_20260528/DT_12th_and_Madison_1/DT_12th_and_Madison_1_20260528T193000.jpg,illegal_dumping,done,2026-06-02T11:10:26.115369+00:00,0.039,0.968,1.01,,nvidia/cosmos-reason2-8b,"```json
{
  ""DUMPING PRESENT"": ""Yes"",
  ""ORDINANCE VIOLATION"": ""Yes"",
  ""WASTE TYPE"": [
    ""mixed""
  ],
  ""WASTE VOLUME"": ""small (pickup truck)"",
  ""WASTE ORIGIN"": ""unknown"",
  ""PROPERTY TYPE"": ""vacant-lot"",
  ""ADDRESS MARKERS"": ""NONE"",
  ""GUTTER/ALLEY"": ""No"",
  ""WATER PROXIMITY"": ""No"",
  ""CHRONIC SITE"": ""No"",
  ""VEHICLES"": ""NONE"",
  ""IDENTIFIERS"": ""NONE"",
  ""SEVERITY"": 3,
  ""ORDINANCE"": ""Sec-46-45"",
  ""PRIORITY"": ""MEDIUM"",
  ""SUMMARY"": ""Illegal dumping of mixed waste is observed on a vacant lot, violating Brownsville\u2019s property owner liability ordinance.""
}
```"
20260602T105528Z,DT_12th_and_Madison_1_20260528T194000.jpg,,,dataset_20260528/DT_12th_and_Madison_1/DT_12th_and_Madison_1_20260528T194000.jpg,illegal_dumping,done,2026-06-02T11:10:26.380340+00:00,0.035,0.785,0.824,,nvidia/cosmos-reason2-8b,"DUMPING PRESENT: Yes
ORDINANCE VIOLATION: Yes
WASTE TYPE: mixed
WASTE VOLUME: small (pickup truck)
WASTE ORIGIN: residential
PROPERTY TYPE: vacant-lot
ADDRESS MARKERS: NONE
GUTTER/ALLEY: No
WATER PROXIMITY: No
CHRONIC SITE: No
VEHICLES: NONE
IDENTIFIERS: NONE
SEVERITY: 2
ORDINANCE: Sec-46-45
PRIORITY: MEDIUM
SUMMARY: Illegal dumping of mixed waste is observed on a vacant lot, violating property owner liability under Sec. 46-45.
"
20260602T105528Z,DT_12th_and_Madison_1_20260528T195000.jpg,,,dataset_20260528/DT_12th_and_Madison_1/DT_12th_and_Madison_1_20260528T195000.jpg,illegal_dumping,done,2026-06-02T11:10:26.676450+00:00,0.035,0.756,0.793,,nvidia/cosmos-reason2-8b,"DUMPING PRESENT: Yes
ORDINANCE VIOLATION: Yes
WASTE TYPE: mixed
WASTE VOLUME: small (pickup truck)
WASTE ORIGIN: residential
PROPERTY TYPE: vacant-lot
ADDRESS MARKERS: NONE
GUTTER/ALLEY: No
WATER PROXIMITY: No
CHRONIC SITE: No
VEHICLES: NONE
IDENTIFIERS: NONE
SEVERITY: 2
ORDINANCE: Sec-46-45
PRIORITY: MEDIUM
SUMMARY: Illegal dumping of mixed waste is observed on a vacant lot, violating Brownsville's property owner liability ordinance.
"
20260602T105528Z,DT_12th_and_Madison_1_20260528T200000.jpg,,,dataset_20260528/DT_12th_and_Madison_1/DT_12th_and_Madison_1_20260528T200000.jpg,illegal_dumping,done,2026-06-02T11:10:26.713247+00:00,0.037,0.883,0.923,,nvidia/cosmos-reason2-8b,"DUMPING PRESENT: Yes
ORDINANCE VIOLATION: Yes
WASTE TYPE: mixed
WASTE VOLUME: small (pickup truck)
WASTE ORIGIN: residential
PROPERTY TYPE: vacant-lot
ADDRESS MARKERS: NONE
GUTTER/ALLEY: No
WATER PROXIMITY: No
CHRONIC SITE: No
VEHICLES: NONE
IDENTIFIERS: NONE
SEVERITY: 2
ORDINANCE: Sec-46-45
PRIORITY: MEDIUM
SUMMARY: Illegal dumping is present on a vacant lot, violating Brownsville's property owner liability ordinance.
"
20260602T105528Z,DT_12th_and_Madison_1_20260528T201000.jpg,,,dataset_20260528/DT_12th_and_Madison_1/DT_12th_and_Madison_1_20260528T201000.jpg,illegal_dumping,done,2026-06-02T11:10:27.127842+00:00,0.035,0.838,0.876,,nvidia/cosmos-reason2-8b,"```json
{
  ""DUMPING PRESENT"": ""No"",
  ""ORDINANCE VIOLATION"": ""No"",
  ""WASTE TYPE"": [],
  ""WASTE VOLUME"": ""small (pickup truck)"",
  ""WASTE ORIGIN"": ""residential"",
  ""PROPERTY TYPE"": ""occupied-private"",
  ""ADDRESS MARKERS"": ""NONE"",
  ""GUTTER/ALLEY"": ""No"",
  ""WATER PROXIMITY"": ""No"",
  ""CHRONIC SITE"": ""No"",
  ""VEHICLES"": ""NONE"",
  ""IDENTIFIERS"": ""NONE"",
  ""SEVERITY"": ""1"",
  ""ORDINANCE"": ""N/A"",
  ""PRIORITY"": ""LOW"",
  ""SUMMARY"": ""No illegal dumping detected; the scene shows a residential area with no visible waste or debris.""
}
```"
20260602T105528Z,DT_12th_and_Madison_1_20260528T202000.jpg,,,dataset_20260528/DT_12th_and_Madison_1/DT_12th_and_Madison_1_20260528T202000.jpg,illegal_dumping,done,2026-06-02T11:10:27.205890+00:00,0.036,1.034,1.072,,nvidia/cosmos-reason2-8b,"```json
{
  ""DUMPING PRESENT"": ""Yes"",
  ""ORDINANCE VIOLATION"": ""Yes"",
  ""WASTE TYPE"": [
    ""mixed""
  ],
  ""WASTE VOLUME"": ""small (pickup truck)"",
  ""WASTE ORIGIN"": ""unknown"",
  ""PROPERTY TYPE"": ""right-of-way"",
  ""ADDRESS MARKERS"": ""NONE"",
  ""GUTTER/ALLEY"": ""No"",
  ""WATER PROXIMITY"": ""No"",
  ""CHRONIC SITE"": ""No"",
  ""VEHICLES"": ""NONE"",
  ""IDENTIFIERS"": ""NONE"",
  ""SEVERITY"": ""2"",
  ""ORDINANCE"": ""Sec-46-45"",
  ""PRIORITY"": ""MEDIUM"",
  ""SUMMARY"": ""Illegal dumping of mixed waste is present on a right-of-way, violating property owner liability under Sec. 46-45.""
}
```"
20260602T105528Z,DT_12th_and_Madison_1_20260528T203000.jpg,,,dataset_20260528/DT_12th_and_Madison_1/DT_12th_and_Madison_1_20260528T203000.jpg,illegal_dumping,done,2026-06-02T11:10:27.472580+00:00,0.033,0.805,0.841,,nvidia/cosmos-reason2-8b,"DUMPING PRESENT: No
ORDINANCE VIOLATION: No
WASTE TYPE: mixed
WASTE VOLUME: small (pickup truck)
WASTE ORIGIN: residential
PROPERTY TYPE: right-of-way
ADDRESS MARKERS: < NONE >
GUTTER/ALLEY: No
WATER PROXIMITY: No
CHRONIC SITE: No
VEHICLES: < NONE >
IDENTIFIERS: < NONE >
SEVERITY: 1
ORDINANCE: N/A
PRIORITY: LOW
SUMMARY: No illegal dumping is observed in the scene."
20260602T105528Z,DT_12th_and_Madison_1_20260528T204000.jpg,,,dataset_20260528/DT_12th_and_Madison_1/DT_12th_and_Madison_1_20260528T204000.jpg,illegal_dumping,done,2026-06-02T11:10:27.638739+00:00,0.038,0.77,0.811,,nvidia/cosmos-reason2-8b,"DUMPING PRESENT: No
ORDINANCE VIOLATION: No
WASTE TYPE: mixed
WASTE VOLUME: small (pickup truck)
WASTE ORIGIN: residential
PROPERTY TYPE: alley
ADDRESS MARKERS: NONE
GUTTER/ALLEY: Yes
WATER PROXIMITY: No
CHRONIC SITE: No
VEHICLES: NONE
IDENTIFIERS: NONE
SEVERITY: 1
ORDINANCE: N/A
PRIORITY: LOW
SUMMARY: No illegal dumping detected in the alleyway; the scene appears clean with no visible waste or debris."
20260602T105528Z,DT_12th_and_Madison_1_20260528T205000.jpg,,,dataset_20260528/DT_12th_and_Madison_1/DT_12th_and_Madison_1_20260528T205000.jpg,illegal_dumping,done,2026-06-02T11:10:28.006410+00:00,0.034,0.653,0.689,,nvidia/cosmos-reason2-8b,"DUMPING PRESENT: No
ORDINANCE VIOLATION: No
WASTE TYPE: mixed
WASTE VOLUME: small (pickup truck)
WASTE ORIGIN: residential
PROPERTY TYPE: right-of-way
ADDRESS MARKERS: NONE
GUTTER/ALLEY: Yes
WATER PROXIMITY: No
CHRONIC SITE: No
VEHICLES: NONE
IDENTIFIERS: NONE
SEVERITY: 1
ORDINANCE: N/A
PRIORITY: LOW
SUMMARY: No illegal dumping detected in the right-of-way area."
20260602T105528Z,DT_12th_and_Madison_1_20260528T210000.jpg,,,dataset_20260528/DT_12th_and_Madison_1/DT_12th_and_Madison_1_20260528T210000.jpg,illegal_dumping,done,2026-06-02T11:10:28.281009+00:00,0.033,0.785,0.821,,nvidia/cosmos-reason2-8b,"DUMPING PRESENT: No
ORDINANCE VIOLATION: No
WASTE TYPE: mixed
WASTE VOLUME: small
WASTE ORIGIN: residential
PROPERTY TYPE: right-of-way
ADDRESS MARKERS: NONE
GUTTER/ALLEY: Yes
WATER PROXIMITY: No
CHRONIC SITE: No
VEHICLES: NONE
IDENTIFIERS: NONE
SEVERITY: 1
ORDINANCE: N/A
PRIORITY: LOW
SUMMARY: No illegal dumping is observed in the video; the scene shows a quiet street with no visible waste or debris."
20260602T105528Z,DT_12th_and_Madison_1_20260528T211000.jpg,,,dataset_20260528/DT_12th_and_Madison_1/DT_12th_and_Madison_1_20260528T211000.jpg,illegal_dumping,done,2026-06-02T11:10:28.315579+00:00,0.032,0.926,0.961,,nvidia/cosmos-reason2-8b,"DUMPING PRESENT: No
ORDINANCE VIOLATION: No
WASTE TYPE: mixed
WASTE VOLUME: small (pickup truck)
WASTE ORIGIN: residential
PROPERTY TYPE: alley
ADDRESS MARKERS: NONE
GUTTER/ALLEY: Yes
WATER PROXIMITY: No
CHRONIC SITE: No
VEHICLES: NONE
IDENTIFIERS: NONE
SEVERITY: 1
ORDINANCE: N/A
PRIORITY: LOW
SUMMARY: No illegal dumping is observed in the alleyway; the area appears clean with no visible waste or debris."
20260602T105528Z,DT_12th_and_Madison_1_20260528T212000.jpg,,,dataset_20260528/DT_12th_and_Madison_1/DT_12th_and_Madison_1_20260528T212000.jpg,illegal_dumping,done,2026-06-02T11:10:28.451730+00:00,0.037,1.009,1.048,,nvidia/cosmos-reason2-8b,"DUMPING PRESENT: No
ORDINANCE VIOLATION: No
WASTE TYPE: N/A
WASTE VOLUME: N/A
WASTE ORIGIN: N/A
PROPERTY TYPE: right-of-way
ADDRESS MARKERS: NONE
GUTTER/ALLEY: Yes
WATER PROXIMITY: No
CHRONIC SITE: No
VEHICLES: NONE
IDENTIFIERS: NONE
SEVERITY: 1
ORDINANCE: N/A
PRIORITY: LOW
SUMMARY: No illegal dumping is observed in the video; the scene shows a quiet street with no visible waste or debris."
20260602T105528Z,DT_12th_and_Madison_1_20260528T213000.jpg,,,dataset_20260528/DT_12th_and_Madison_1/DT_12th_and_Madison_1_20260528T213000.jpg,illegal_dumping,done,2026-06-02T11:10:28.698341+00:00,0.036,1.015,1.054,,nvidia/cosmos-reason2-8b,"```json
{
  ""DUMPING PRESENT"": ""Yes"",
  ""ORDINANCE VIOLATION"": ""Yes"",
  ""WASTE TYPE"": ""mixed"",
  ""WASTE VOLUME"": ""medium (dump truck)"",
  ""WASTE ORIGIN"": ""unknown"",
  ""PROPERTY TYPE"": ""vacant-lot"",
  ""ADDRESS MARKERS"": ""NONE"",
  ""GUTTER/ALLEY"": ""No"",
  ""WATER PROXIMITY"": ""No"",
  ""CHRONIC SITE"": ""No"",
  ""VEHICLES"": ""NONE"",
  ""IDENTIFIERS"": ""NONE"",
  ""SEVERITY"": ""3"",
  ""ORDINANCE"": ""Sec-46-45"",
  ""PRIORITY"": ""MEDIUM"",
  ""SUMMARY"": ""Illegal dumping of mixed waste is occurring on a vacant lot, violating property owner liability under Sec. 46-45.""
}
```"
20260602T105528Z,DT_12th_and_Madison_1_20260528T214000.jpg,,,dataset_20260528/DT_12th_and_Madison_1/DT_12th_and_Madison_1_20260528T214000.jpg,illegal_dumping,done,2026-06-02T11:10:29.105153+00:00,0.037,0.883,0.922,,nvidia/cosmos-reason2-8b,"```json
{
  ""DUMPING PRESENT"": ""No"",
  ""ORDINANCE VIOLATION"": ""No"",
  ""WASTE TYPE"": [],
  ""WASTE VOLUME"": ""small (pickup truck)"",
  ""WASTE ORIGIN"": ""unknown"",
  ""PROPERTY TYPE"": ""right-of-way"",
  ""ADDRESS MARKERS"": ""NONE"",
  ""GUTTER/ALLEY"": ""Yes"",
  ""WATER PROXIMITY"": ""No"",
  ""CHRONIC SITE"": ""No"",
  ""VEHICLES"": ""NONE"",
  ""IDENTIFIERS"": ""NONE"",
  ""SEVERITY"": 1,
  ""ORDINANCE"": ""N/A"",
  ""PRIORITY"": ""LOW"",
  ""SUMMARY"": ""No illegal dumping detected; the scene shows a right-of-way with no visible waste or debris.""
}
```"
20260602T105528Z,DT_12th_and_Madison_1_20260528T215000.jpg,,,dataset_20260528/DT_12th_and_Madison_1/DT_12th_and_Madison_1_20260528T215000.jpg,illegal_dumping,done,2026-06-02T11:10:29.279005+00:00,0.035,0.837,0.874,,nvidia/cosmos-reason2-8b,"```json
{
  ""DUMPING PRESENT"": ""No"",
  ""ORDINANCE VIOLATION"": ""No"",
  ""WASTE TYPE"": [],
  ""WASTE VOLUME"": ""small (pickup truck)"",
  ""WASTE ORIGIN"": ""residential"",
  ""PROPERTY TYPE"": ""occupied-private"",
  ""ADDRESS MARKERS"": ""NONE"",
  ""GUTTER/ALLEY"": ""No"",
  ""WATER PROXIMITY"": ""No"",
  ""CHRONIC SITE"": ""No"",
  ""VEHICLES"": ""NONE"",
  ""IDENTIFIERS"": ""NONE"",
  ""SEVERITY"": ""1"",
  ""ORDINANCE"": ""N/A"",
  ""PRIORITY"": ""LOW"",
  ""SUMMARY"": ""No illegal dumping detected; the scene appears to be a normal residential area without visible waste or debris.""
}
```"
20260602T105528Z,DT_12th_and_Madison_1_20260528T220000.jpg,,,dataset_20260528/DT_12th_and_Madison_1/DT_12th_and_Madison_1_20260528T220000.jpg,illegal_dumping,done,2026-06-02T11:10:29.502575+00:00,0.033,0.695,0.73,,nvidia/cosmos-reason2-8b,"DUMPING PRESENT: No
ORDINANCE VIOLATION: No
WASTE TYPE: mixed
WASTE VOLUME: small (pickup truck)
WASTE ORIGIN: residential
PROPERTY TYPE: alley
ADDRESS MARKERS: NONE
GUTTER/ALLEY: Yes
WATER PROXIMITY: No
CHRONIC SITE: No
VEHICLES: NONE
IDENTIFIERS: NONE
SEVERITY: 1
ORDINANCE: N/A
PRIORITY: LOW
SUMMARY: No illegal dumping is observed in the alleyway; the area appears clean with no visible waste or debris."
20260602T105528Z,DT_12th_and_Madison_1_20260528T221000.jpg,,,dataset_20260528/DT_12th_and_Madison_1/DT_12th_and_Madison_1_20260528T221000.jpg,illegal_dumping,done,2026-06-02T11:10:29.755222+00:00,0.038,0.668,0.708,,nvidia/cosmos-reason2-8b,"DUMPING PRESENT: No
ORDINANCE VIOLATION: No
WASTE TYPE: mixed
WASTE VOLUME: small (pickup truck)
WASTE ORIGIN: residential
PROPERTY TYPE: right-of-way
ADDRESS MARKERS: NONE
GUTTER/ALLEY: Yes
WATER PROXIMITY: No
CHRONIC SITE: No
VEHICLES: NONE
IDENTIFIERS: NONE
SEVERITY: 1
ORDINANCE: N/A
PRIORITY: LOW
SUMMARY: No illegal dumping detected; the scene shows a quiet alleyway with no visible waste or debris."
20260602T105528Z,DT_12th_and_Madison_1_20260528T222000.jpg,,,dataset_20260528/DT_12th_and_Madison_1/DT_12th_and_Madison_1_20260528T222000.jpg,illegal_dumping,done,2026-06-02T11:10:30.030093+00:00,0.041,0.736,0.779,,nvidia/cosmos-reason2-8b,"DUMPING PRESENT: No
ORDINANCE VIOLATION: No
WASTE TYPE: mixed
WASTE VOLUME: small (pickup truck)
WASTE ORIGIN: residential
PROPERTY TYPE: right-of-way
ADDRESS MARKERS: NONE
GUTTER/ALLEY: No
WATER PROXIMITY: No
CHRONIC SITE: No
VEHICLES: NONE
IDENTIFIERS: NONE
SEVERITY: 1
ORDINANCE: N/A
PRIORITY: LOW
SUMMARY: No illegal dumping is observed in the provided frames."
20260602T105528Z,DT_12th_and_Madison_1_20260528T223000.jpg,,,dataset_20260528/DT_12th_and_Madison_1/DT_12th_and_Madison_1_20260528T223000.jpg,illegal_dumping,done,2026-06-02T11:10:30.156000+00:00,0.034,0.815,0.852,,nvidia/cosmos-reason2-8b,"DUMPING PRESENT: Yes
ORDINANCE VIOLATION: Yes
WASTE TYPE: mixed
WASTE VOLUME: small (pickup truck)
WASTE ORIGIN: residential
PROPERTY TYPE: right-of-way
ADDRESS MARKERS: NONE
GUTTER/ALLEY: Yes
WATER PROXIMITY: No
CHRONIC SITE: No
VEHICLES: NONE
IDENTIFIERS: NONE
SEVERITY: 2
ORDINANCE: Sec-46-45
PRIORITY: MEDIUM
SUMMARY: Illegal dumping of mixed waste is observed in the right-of-way, violating Brownsville's property owner liability ordinance.
"
20260602T105528Z,DT_12th_and_Madison_1_20260528T224000.jpg,,,dataset_20260528/DT_12th_and_Madison_1/DT_12th_and_Madison_1_20260528T224000.jpg,illegal_dumping,done,2026-06-02T11:10:30.233985+00:00,0.03,0.951,0.983,,nvidia/cosmos-reason2-8b,"DUMPING PRESENT: No
ORDINANCE VIOLATION: No
WASTE TYPE: mixed
WASTE VOLUME: small (pickup truck)
WASTE ORIGIN: residential
PROPERTY TYPE: alley
ADDRESS MARKERS: NONE
GUTTER/ALLEY: Yes
WATER PROXIMITY: No
CHRONIC SITE: No
VEHICLES: NONE
IDENTIFIERS: NONE
SEVERITY: 1
ORDINANCE: N/A
PRIORITY: LOW
SUMMARY: No illegal dumping detected in the alleyway."
20260602T105528Z,DT_12th_and_Madison_1_20260528T225000.jpg,,,dataset_20260528/DT_12th_and_Madison_1/DT_12th_and_Madison_1_20260528T225000.jpg,illegal_dumping,done,2026-06-02T11:10:30.466874+00:00,0.038,0.886,0.927,,nvidia/cosmos-reason2-8b,"DUMPING PRESENT: No
ORDINANCE VIOLATION: No
WASTE TYPE: mixed
WASTE VOLUME: small (pickup truck)
WASTE ORIGIN: residential
PROPERTY TYPE: alley
ADDRESS MARKERS: NONE
GUTTER/ALLEY: Yes
WATER PROXIMITY: No
CHRONIC SITE: No
VEHICLES: NONE
IDENTIFIERS: NONE
SEVERITY: 1
ORDINANCE: N/A
PRIORITY: LOW
SUMMARY: No illegal dumping detected in the alleyway; the scene appears clean with no visible waste or debris."
20260602T105528Z,DT_12th_and_Madison_1_20260528T230000.jpg,,,dataset_20260528/DT_12th_and_Madison_1/DT_12th_and_Madison_1_20260528T230000.jpg,illegal_dumping,done,2026-06-02T11:10:30.811647+00:00,0.035,0.744,0.782,,nvidia/cosmos-reason2-8b,"DUMPING PRESENT: Yes
ORDINANCE VIOLATION: Yes
WASTE TYPE: mixed
WASTE VOLUME: small (pickup truck)
WASTE ORIGIN: residential
PROPERTY TYPE: right-of-way
ADDRESS MARKERS: NONE
GUTTER/ALLEY: Yes
WATER PROXIMITY: No
CHRONIC SITE: No
VEHICLES: NONE
IDENTIFIERS: NONE
SEVERITY: 2
ORDINANCE: Sec-46-45
PRIORITY: MEDIUM
SUMMARY: Illegal dumping of mixed waste is observed in the right-of-way, violating Brownsville's property owner liability ordinance.
"
20260602T105528Z,DT_12th_and_Madison_1_20260528T231000.jpg,,,dataset_20260528/DT_12th_and_Madison_1/DT_12th_and_Madison_1_20260528T231000.jpg,illegal_dumping,done,2026-06-02T11:10:31.010003+00:00,0.036,0.675,0.714,,nvidia/cosmos-reason2-8b,"DUMPING PRESENT: No
ORDINANCE VIOLATION: No
WASTE TYPE: mixed
WASTE VOLUME: small (pickup truck)
WASTE ORIGIN: residential
PROPERTY TYPE: right-of-way
ADDRESS MARKERS: NONE
GUTTER/ALLEY: Yes
WATER PROXIMITY: No
CHRONIC SITE: No
VEHICLES: NONE
IDENTIFIERS: NONE
SEVERITY: 1
ORDINANCE: N/A
PRIORITY: LOW
SUMMARY: No illegal dumping detected in the video."
20260602T105528Z,DT_12th_and_Madison_1_20260528T232000.jpg,,,dataset_20260528/DT_12th_and_Madison_1/DT_12th_and_Madison_1_20260528T232000.jpg,illegal_dumping,done,2026-06-02T11:10:31.219488+00:00,0.035,0.714,0.752,,nvidia/cosmos-reason2-8b,"DUMPING PRESENT: No
ORDINANCE VIOLATION: No
WASTE TYPE: mixed
WASTE VOLUME: small (pickup truck)
WASTE ORIGIN: residential
PROPERTY TYPE: occupied-private
ADDRESS MARKERS: NONE
GUTTER/ALLEY: No
WATER PROXIMITY: No
CHRONIC SITE: No
VEHICLES: NONE
IDENTIFIERS: NONE
SEVERITY: 1
ORDINANCE: N/A
PRIORITY: LOW
SUMMARY: No illegal dumping detected in the analyzed footage."
20260602T105528Z,DT_12th_and_Madison_1_20260528T233000.jpg,,,dataset_20260528/DT_12th_and_Madison_1/DT_12th_and_Madison_1_20260528T233000.jpg,illegal_dumping,done,2026-06-02T11:10:31.396253+00:00,0.033,0.808,0.844,,nvidia/cosmos-reason2-8b,"```json
{
  ""DUMPING PRESENT"": ""No"",
  ""ORDINANCE VIOLATION"": ""No"",
  ""WASTE TYPE"": [],
  ""WASTE VOLUME"": ""small (pickup truck)"",
  ""WASTE ORIGIN"": ""unknown"",
  ""PROPERTY TYPE"": ""right-of-way"",
  ""ADDRESS MARKERS"": ""NONE"",
  ""GUTTER/ALLEY"": ""Yes"",
  ""WATER PROXIMITY"": ""No"",
  ""CHRONIC SITE"": ""No"",
  ""VEHICLES"": ""NONE"",
  ""IDENTIFIERS"": ""NONE"",
  ""SEVERITY"": ""1"",
  ""ORDINANCE"": ""N/A"",
  ""PRIORITY"": ""LOW"",
  ""SUMMARY"": ""No illegal dumping detected; the scene shows a quiet, dimly lit alleyway with no visible waste or debris.""
}
```"
20260602T105528Z,DT_12th_and_Madison_1_20260528T234000.jpg,,,dataset_20260528/DT_12th_and_Madison_1/DT_12th_and_Madison_1_20260528T234000.jpg,illegal_dumping,done,2026-06-02T11:10:31.595861+00:00,0.035,0.699,0.736,,nvidia/cosmos-reason2-8b,"DUMPING PRESENT: No
ORDINANCE VIOLATION: No
WASTE TYPE: mixed
WASTE VOLUME: small
WASTE ORIGIN: residential
PROPERTY TYPE: right-of-way
ADDRESS MARKERS: NONE
GUTTER/ALLEY: No
WATER PROXIMITY: No
CHRONIC SITE: No
VEHICLES: NONE
IDENTIFIERS: NONE
SEVERITY: 1
ORDINANCE: N/A
PRIORITY: LOW
SUMMARY: No illegal dumping detected in the scene."
20260602T105528Z,DT_12th_and_Madison_1_20260528T235000.jpg,,,dataset_20260528/DT_12th_and_Madison_1/DT_12th_and_Madison_1_20260528T235000.jpg,illegal_dumping,done,2026-06-02T11:10:31.725765+00:00,0.03,0.899,0.943,,nvidia/cosmos-reason2-8b,"```json
{
  ""DUMPING PRESENT"": ""No"",
  ""ORDINANCE VIOLATION"": ""No"",
  ""WASTE TYPE"": [],
  ""WASTE VOLUME"": ""small (pickup truck)"",
  ""WASTE ORIGIN"": ""unknown"",
  ""PROPERTY TYPE"": ""right-of-way"",
  ""ADDRESS MARKERS"": ""NONE"",
  ""GUTTER/ALLEY"": ""Yes"",
  ""WATER PROXIMITY"": ""No"",
  ""CHRONIC SITE"": ""No"",
  ""VEHICLES"": ""NONE"",
  ""IDENTIFIERS"": ""NONE"",
  ""SEVERITY"": ""1"",
  ""ORDINANCE"": ""N/A"",
  ""PRIORITY"": ""LOW"",
  ""SUMMARY"": ""No illegal dumping detected; the scene shows a dimly lit alleyway with vegetation and a utility pole, but no waste materials are visible.""
}
```"
20260602T105528Z,DT_12th_and_Madison_4_20260528T000000.jpg,,,dataset_20260528/DT_12th_and_Madison_4/DT_12th_and_Madison_4_20260528T000000.jpg,illegal_dumping,done,2026-06-02T11:10:32.679936+00:00,0.134,1.201,1.36,,nvidia/cosmos-reason2-8b,"DUMPING PRESENT: No
ORDINANCE VIOLATION: No
WASTE TYPE: N/A
WASTE VOLUME: N/A
WASTE ORIGIN: N/A
PROPERTY TYPE: alley
ADDRESS MARKERS: NONE
GUTTER/ALLEY: Yes
WATER PROXIMITY: No
CHRONIC SITE: No
VEHICLES: NONE
IDENTIFIERS: NONE
SEVERITY: 1
ORDINANCE: N/A
PRIORITY: LOW
SUMMARY: No dumping observed in the alleyway; environment appears clear with no visible waste or debris."
20260602T105528Z,DT_12th_and_Madison_4_20260528T001000.jpg,,,dataset_20260528/DT_12th_and_Madison_4/DT_12th_and_Madison_4_20260528T001000.jpg,illegal_dumping,done,2026-06-02T11:10:32.680690+00:00,0.134,1.316,1.474,,nvidia/cosmos-reason2-8b,"DUMPING PRESENT: No
ORDINANCE VIOLATION: No
WASTE TYPE: mixed
WASTE VOLUME: small (pickup truck)
WASTE ORIGIN: residential
PROPERTY TYPE: alley
ADDRESS MARKERS: NONE
GUTTER/ALLEY: Yes
WATER PROXIMITY: No
CHRONIC SITE: No
VEHICLES: NONE
IDENTIFIERS: NONE
SEVERITY: 1
ORDINANCE: N/A
PRIORITY: LOW
SUMMARY: No illegal dumping is observed in the alleyway; the scene appears clear with no visible waste or debris."
20260602T105528Z,DT_12th_and_Madison_4_20260528T002000.jpg,,,dataset_20260528/DT_12th_and_Madison_4/DT_12th_and_Madison_4_20260528T002000.jpg,illegal_dumping,done,2026-06-02T11:10:32.682187+00:00,0.132,0.944,1.099,,nvidia/cosmos-reason2-8b,"DUMPING PRESENT: No
ORDINANCE VIOLATION: No
WASTE TYPE: mixed
WASTE VOLUME: small (pickup truck)
WASTE ORIGIN: residential
PROPERTY TYPE: alley
ADDRESS MARKERS: NONE
GUTTER/ALLEY: Yes
WATER PROXIMITY: No
CHRONIC SITE: No
VEHICLES: NONE
IDENTIFIERS: NONE
SEVERITY: 1
ORDINANCE: N/A
PRIORITY: LOW
SUMMARY: No illegal dumping is observed in the video; the scene appears to be an alleyway with no visible waste or debris."
20260602T105528Z,DT_12th_and_Madison_4_20260528T003000.jpg,,,dataset_20260528/DT_12th_and_Madison_4/DT_12th_and_Madison_4_20260528T003000.jpg,illegal_dumping,done,2026-06-02T11:10:32.684080+00:00,0.133,1.033,1.188,,nvidia/cosmos-reason2-8b,"DUMPING PRESENT: No
ORDINANCE VIOLATION: No
WASTE TYPE: mixed
WASTE VOLUME: small (pickup truck)
WASTE ORIGIN: residential
PROPERTY TYPE: alley
ADDRESS MARKERS: NONE
GUTTER/ALLEY: Yes
WATER PROXIMITY: No
CHRONIC SITE: No
VEHICLES: NONE
IDENTIFIERS: NONE
SEVERITY: 1
ORDINANCE: N/A
PRIORITY: LOW
SUMMARY: No illegal dumping detected in the alleyway; the scene appears clear with no visible waste or debris."
20260602T105528Z,DT_12th_and_Madison_4_20260528T004000.jpg,,,dataset_20260528/DT_12th_and_Madison_4/DT_12th_and_Madison_4_20260528T004000.jpg,illegal_dumping,done,2026-06-02T11:10:33.784561+00:00,0.037,0.757,0.797,,nvidia/cosmos-reason2-8b,"DUMPING PRESENT: No
ORDINANCE VIOLATION: No
WASTE TYPE: mixed
WASTE VOLUME: small (pickup truck)
WASTE ORIGIN: residential
PROPERTY TYPE: alley
ADDRESS MARKERS: NONE
GUTTER/ALLEY: Yes
WATER PROXIMITY: No
CHRONIC SITE: No
VEHICLES: NONE
IDENTIFIERS: NONE
SEVERITY: 1
ORDINANCE: N/A
PRIORITY: LOW
SUMMARY: No illegal dumping is observed in the video; the scene appears to be a dimly lit alley with no visible waste or debris."
20260602T105528Z,DT_12th_and_Madison_4_20260528T005000.jpg,,,dataset_20260528/DT_12th_and_Madison_4/DT_12th_and_Madison_4_20260528T005000.jpg,illegal_dumping,done,2026-06-02T11:10:33.873871+00:00,0.036,0.882,0.921,,nvidia/cosmos-reason2-8b,"DUMPING PRESENT: No
ORDINANCE VIOLATION: No
WASTE TYPE: mixed
WASTE VOLUME: small (pickup truck)
WASTE ORIGIN: residential
PROPERTY TYPE: alley
ADDRESS MARKERS: NONE
GUTTER/ALLEY: Yes
WATER PROXIMITY: No
CHRONIC SITE: No
VEHICLES: <color, type, any text visible — or NONE>
IDENTIFIERS: <plates, signage, labels, individuals — or NONE>
SEVERITY: 1
ORDINANCE: N/A
PRIORITY: LOW
SUMMARY: No illegal dumping observed in the alleyway."
20260602T105528Z,DT_12th_and_Madison_4_20260528T010000.jpg,,,dataset_20260528/DT_12th_and_Madison_4/DT_12th_and_Madison_4_20260528T010000.jpg,illegal_dumping,done,2026-06-02T11:10:34.042690+00:00,0.038,0.825,0.865,,nvidia/cosmos-reason2-8b,"DUMPING PRESENT: No
ORDINANCE VIOLATION: No
WASTE TYPE: mixed
WASTE VOLUME: small (pickup truck)
WASTE ORIGIN: residential
PROPERTY TYPE: alley
ADDRESS MARKERS: NONE
GUTTER/ALLEY: Yes
WATER PROXIMITY: No
CHRONIC SITE: No
VEHICLES: NONE
IDENTIFIERS: NONE
SEVERITY: 1
ORDINANCE: N/A
PRIORITY: LOW
SUMMARY: No illegal dumping observed in the alleyway; no waste materials or violations detected."
20260602T105528Z,DT_12th_and_Madison_4_20260528T011000.jpg,,,dataset_20260528/DT_12th_and_Madison_4/DT_12th_and_Madison_4_20260528T011000.jpg,illegal_dumping,done,2026-06-02T11:10:34.157211+00:00,0.04,0.884,0.927,,nvidia/cosmos-reason2-8b,"DUMPING PRESENT: No
ORDINANCE VIOLATION: No
WASTE TYPE: mixed
WASTE VOLUME: small (pickup truck)
WASTE ORIGIN: residential
PROPERTY TYPE: alley
ADDRESS MARKERS: NONE
GUTTER/ALLEY: Yes
WATER PROXIMITY: No
CHRONIC SITE: No
VEHICLES: NONE
IDENTIFIERS: NONE
SEVERITY: 1
ORDINANCE: N/A
PRIORITY: LOW
SUMMARY: No illegal dumping is observed in the alleyway; the scene appears clear with no visible waste or debris."
20260602T105528Z,DT_12th_and_Madison_4_20260528T012000.jpg,,,dataset_20260528/DT_12th_and_Madison_4/DT_12th_and_Madison_4_20260528T012000.jpg,illegal_dumping,done,2026-06-02T11:10:34.583933+00:00,0.037,0.7,0.739,,nvidia/cosmos-reason2-8b,"DUMPING PRESENT: Yes
ORDINANCE VIOLATION: Yes
WASTE TYPE: mixed
WASTE VOLUME: medium
WASTE ORIGIN: unknown
PROPERTY TYPE: alley
ADDRESS MARKERS: NONE
GUTTER/ALLEY: Yes
WATER PROXIMITY: No
CHRONIC SITE: No
VEHICLES: NONE
IDENTIFIERS: NONE
SEVERITY: 2
ORDINANCE: Sec-46-45
PRIORITY: MEDIUM
SUMMARY: Mixed waste is illegally dumped in an alley, violating Brownsville's property owner liability ordinance."
20260602T105528Z,DT_12th_and_Madison_4_20260528T013000.jpg,,,dataset_20260528/DT_12th_and_Madison_4/DT_12th_and_Madison_4_20260528T013000.jpg,illegal_dumping,done,2026-06-02T11:10:34.796893+00:00,0.032,0.672,0.706,,nvidia/cosmos-reason2-8b,"DUMPING PRESENT: No
ORDINANCE VIOLATION: No
WASTE TYPE: mixed
WASTE VOLUME: small (pickup truck)
WASTE ORIGIN: residential
PROPERTY TYPE: alley
ADDRESS MARKERS: NONE
GUTTER/ALLEY: Yes
WATER PROXIMITY: No
CHRONIC SITE: No
VEHICLES: NONE
IDENTIFIERS: NONE
SEVERITY: 1
ORDINANCE: N/A
PRIORITY: LOW
SUMMARY: No illegal dumping is observed in the alleyway; the scene appears clear with no visible waste or debris."
20260602T105528Z,DT_12th_and_Madison_4_20260528T014000.jpg,,,dataset_20260528/DT_12th_and_Madison_4/DT_12th_and_Madison_4_20260528T014000.jpg,illegal_dumping,done,2026-06-02T11:10:34.910278+00:00,0.03,0.769,0.802,,nvidia/cosmos-reason2-8b,"DUMPING PRESENT: No
ORDINANCE VIOLATION: No
WASTE TYPE: N/A
WASTE VOLUME: N/A
WASTE ORIGIN: N/A
PROPERTY TYPE: alley
ADDRESS MARKERS: NONE
GUTTER/ALLEY: Yes
WATER PROXIMITY: No
CHRONIC SITE: No
VEHICLES: NONE
IDENTIFIERS: N/A
SEVERITY: 1
ORDINANCE: N/A
PRIORITY: LOW
SUMMARY: No illegal dumping detected in the alleyway; the scene appears clear with no visible waste or debris."
20260602T105528Z,DT_12th_and_Madison_4_20260528T015000.jpg,,,dataset_20260528/DT_12th_and_Madison_4/DT_12th_and_Madison_4_20260528T015000.jpg,illegal_dumping,done,2026-06-02T11:10:35.086629+00:00,0.035,0.824,0.862,,nvidia/cosmos-reason2-8b,"DUMPING PRESENT: No
ORDINANCE VIOLATION: No
WASTE TYPE: mixed
WASTE VOLUME: small (pickup truck)
WASTE ORIGIN: residential
PROPERTY TYPE: alley
ADDRESS MARKERS: NONE
GUTTER/ALLEY: Yes
WATER PROXIMITY: No
CHRONIC SITE: No
VEHICLES: NONE
IDENTIFIERS: NONE
SEVERITY: 1
ORDINANCE: N/A
PRIORITY: LOW
SUMMARY: No illegal dumping detected in the alleyway."
20260602T105528Z,DT_12th_and_Madison_4_20260528T020000.jpg,,,dataset_20260528/DT_12th_and_Madison_4/DT_12th_and_Madison_4_20260528T020000.jpg,illegal_dumping,done,2026-06-02T11:10:35.326020+00:00,0.036,0.808,0.847,,nvidia/cosmos-reason2-8b,"DUMPING PRESENT: No
ORDINANCE VIOLATION: No
WASTE TYPE: <none detected>
WASTE VOLUME: <not applicable>
WASTE ORIGIN: <unknown>
PROPERTY TYPE: alley
ADDRESS MARKERS: NONE
GUTTER/ALLEY: Yes
WATER PROXIMITY: No
CHRONIC SITE: No
VEHICLES: NONE
IDENTIFIERS: <none>
SEVERITY: 1
ORDINANCE: N/A
PRIORITY: LOW
SUMMARY: No illegal dumping observed in the alleyway; environment appears clear with no visible waste or debris."
20260602T105528Z,DT_12th_and_Madison_4_20260528T021000.jpg,,,dataset_20260528/DT_12th_and_Madison_4/DT_12th_and_Madison_4_20260528T021000.jpg,illegal_dumping,done,2026-06-02T11:10:35.505582+00:00,0.032,0.727,0.762,,nvidia/cosmos-reason2-8b,"DUMPING PRESENT: No
ORDINANCE VIOLATION: No
WASTE TYPE: mixed
WASTE VOLUME: small (pickup truck)
WASTE ORIGIN: residential
PROPERTY TYPE: alley
ADDRESS MARKERS: NONE
GUTTER/ALLEY: Yes
WATER PROXIMITY: No
CHRONIC SITE: No
VEHICLES: NONE
IDENTIFIERS: NONE
SEVERITY: 1
ORDINANCE: N/A
PRIORITY: LOW
SUMMARY: No illegal dumping detected in the alleyway."
20260602T105528Z,DT_12th_and_Madison_4_20260528T022000.jpg,,,dataset_20260528/DT_12th_and_Madison_4/DT_12th_and_Madison_4_20260528T022000.jpg,illegal_dumping,done,2026-06-02T11:10:35.714411+00:00,0.034,0.681,0.718,,nvidia/cosmos-reason2-8b,"DUMPING PRESENT: No
ORDINANCE VIOLATION: No
WASTE TYPE: N/A
WASTE VOLUME: N/A
WASTE ORIGIN: N/A
PROPERTY TYPE: alley
ADDRESS MARKERS: NONE
GUTTER/ALLEY: Yes
WATER PROXIMITY: No
CHRONIC SITE: No
VEHICLES: NONE
IDENTIFIERS: NONE
SEVERITY: 1
ORDINANCE: N/A
PRIORITY: LOW
SUMMARY: No illegal dumping is observed in the video."
20260602T105528Z,DT_12th_and_Madison_4_20260528T023000.jpg,,,dataset_20260528/DT_12th_and_Madison_4/DT_12th_and_Madison_4_20260528T023000.jpg,illegal_dumping,done,2026-06-02T11:10:35.951689+00:00,0.032,0.75,0.786,,nvidia/cosmos-reason2-8b,"DUMPING PRESENT: No
ORDINANCE VIOLATION: No
WASTE TYPE: mixed
WASTE VOLUME: small (pickup truck)
WASTE ORIGIN: residential
PROPERTY TYPE: alley
ADDRESS MARKERS: NONE
GUTTER/ALLEY: Yes
WATER PROXIMITY: No
CHRONIC SITE: No
VEHICLES: NONE
IDENTIFIERS: NONE
SEVERITY: 1
ORDINANCE: N/A
PRIORITY: LOW
SUMMARY: No illegal dumping is observed in the alleyway; the scene appears clear with no visible waste or debris."
20260602T105528Z,DT_12th_and_Madison_4_20260528T024000.jpg,,,dataset_20260528/DT_12th_and_Madison_4/DT_12th_and_Madison_4_20260528T024000.jpg,illegal_dumping,done,2026-06-02T11:10:36.175899+00:00,0.033,0.776,0.812,,nvidia/cosmos-reason2-8b,"DUMPING PRESENT: No
ORDINANCE VIOLATION: No
WASTE TYPE: mixed
WASTE VOLUME: small (pickup truck)
WASTE ORIGIN: residential
PROPERTY TYPE: alley
ADDRESS MARKERS: NONE
GUTTER/ALLEY: Yes
WATER PROXIMITY: No
CHRONIC SITE: No
VEHICLES: NONE
IDENTIFIERS: NONE
SEVERITY: 1
ORDINANCE: N/A
PRIORITY: LOW
SUMMARY: No illegal dumping detected in the alleyway; no waste or debris visible."
20260602T105528Z,DT_12th_and_Madison_4_20260528T025000.jpg,,,dataset_20260528/DT_12th_and_Madison_4/DT_12th_and_Madison_4_20260528T025000.jpg,illegal_dumping,done,2026-06-02T11:10:36.270006+00:00,0.031,0.739,0.772,,nvidia/cosmos-reason2-8b,"DUMPING PRESENT: No
ORDINANCE VIOLATION: No
WASTE TYPE: mixed
WASTE VOLUME: small (pickup truck)
WASTE ORIGIN: residential
PROPERTY TYPE: alley
ADDRESS MARKERS: NONE
GUTTER/ALLEY: Yes
WATER PROXIMITY: No
CHRONIC SITE: No
VEHICLES: NONE
IDENTIFIERS: NONE
SEVERITY: 1
ORDINANCE: N/A
PRIORITY: LOW
SUMMARY: No illegal dumping is observed in the alleyway."
20260602T105528Z,DT_12th_and_Madison_4_20260528T030000.jpg,,,dataset_20260528/DT_12th_and_Madison_4/DT_12th_and_Madison_4_20260528T030000.jpg,illegal_dumping,done,2026-06-02T11:10:36.435674+00:00,0.031,0.852,0.885,,nvidia/cosmos-reason2-8b,"DUMPING PRESENT: No
ORDINANCE VIOLATION: No
WASTE TYPE: mixed
WASTE VOLUME: small (pickup truck)
WASTE ORIGIN: residential
PROPERTY TYPE: alley
ADDRESS MARKERS: NONE
GUTTER/ALLEY: Yes
WATER PROXIMITY: No
CHRONIC SITE: No
VEHICLES: NONE
IDENTIFIERS: NONE
SEVERITY: 1
ORDINANCE: N/A
PRIORITY: LOW
SUMMARY: No illegal dumping is observed in the alleyway; the scene appears clear with no visible waste or debris."
20260602T105528Z,DT_12th_and_Madison_4_20260528T031000.jpg,,,dataset_20260528/DT_12th_and_Madison_4/DT_12th_and_Madison_4_20260528T031000.jpg,illegal_dumping,done,2026-06-02T11:10:36.740278+00:00,0.04,0.719,0.761,,nvidia/cosmos-reason2-8b,"DUMPING PRESENT: No
ORDINANCE VIOLATION: No
WASTE TYPE: mixed
WASTE VOLUME: small (pickup truck)
WASTE ORIGIN: residential
PROPERTY TYPE: alley
ADDRESS MARKERS: NONE
GUTTER/ALLEY: Yes
WATER PROXIMITY: No
CHRONIC SITE: No
VEHICLES: NONE
IDENTIFIERS: NONE
SEVERITY: 1
ORDINANCE: N/A
PRIORITY: LOW
SUMMARY: No illegal dumping observed in the alleyway."
20260602T105528Z,DT_12th_and_Madison_4_20260528T032000.jpg,,,dataset_20260528/DT_12th_and_Madison_4/DT_12th_and_Madison_4_20260528T032000.jpg,illegal_dumping,done,2026-06-02T11:10:36.990505+00:00,0.04,0.803,0.846,,nvidia/cosmos-reason2-8b,"DUMPING PRESENT: Yes
ORDINANCE VIOLATION: Yes
WASTE TYPE: mixed
WASTE VOLUME: small (pickup truck)
WASTE ORIGIN: residential
PROPERTY TYPE: alley
ADDRESS MARKERS: NONE
GUTTER/ALLEY: Yes
WATER PROXIMITY: No
CHRONIC SITE: No
VEHICLES: NONE
IDENTIFIERS: NONE
SEVERITY: 2
ORDINANCE: Sec-46-45
PRIORITY: MEDIUM
SUMMARY: Illegal dumping of mixed waste is occurring in an alleyway, violating Brownsville's property owner liability ordinance (Sec. 46-45)."
20260602T105528Z,DT_12th_and_Madison_4_20260528T033000.jpg,,,dataset_20260528/DT_12th_and_Madison_4/DT_12th_and_Madison_4_20260528T033000.jpg,illegal_dumping,done,2026-06-02T11:10:37.044670+00:00,0.036,0.844,0.883,,nvidia/cosmos-reason2-8b,"DUMPING PRESENT: No
ORDINANCE VIOLATION: No
WASTE TYPE: mixed
WASTE VOLUME: small (pickup truck)
WASTE ORIGIN: residential
PROPERTY TYPE: alley
ADDRESS MARKERS: NONE
GUTTER/ALLEY: Yes
WATER PROXIMITY: No
CHRONIC SITE: No
VEHICLES: NONE
IDENTIFIERS: NONE
SEVERITY: 1
ORDINANCE: N/A
PRIORITY: LOW
SUMMARY: No illegal dumping detected in the alleyway; the scene appears clear with no visible waste or debris."
20260602T105528Z,DT_12th_and_Madison_4_20260528T034000.jpg,,,dataset_20260528/DT_12th_and_Madison_4/DT_12th_and_Madison_4_20260528T034000.jpg,illegal_dumping,done,2026-06-02T11:10:37.323246+00:00,0.032,0.815,0.85,,nvidia/cosmos-reason2-8b,"DUMPING PRESENT: No
ORDINANCE VIOLATION: No
WASTE TYPE: mixed
WASTE VOLUME: small (pickup truck)
WASTE ORIGIN: residential
PROPERTY TYPE: alley
ADDRESS MARKERS: NONE
GUTTER/ALLEY: Yes
WATER PROXIMITY: No
CHRONIC SITE: No
VEHICLES: NONE
IDENTIFIERS: NONE
SEVERITY: 1
ORDINANCE: N/A
PRIORITY: LOW
SUMMARY: No illegal dumping detected in the alleyway."
20260602T105528Z,DT_12th_and_Madison_4_20260528T035000.jpg,,,dataset_20260528/DT_12th_and_Madison_4/DT_12th_and_Madison_4_20260528T035000.jpg,illegal_dumping,done,2026-06-02T11:10:37.504213+00:00,0.039,0.729,0.77,,nvidia/cosmos-reason2-8b,"DUMPING PRESENT: No
ORDINANCE VIOLATION: No
WASTE TYPE: N/A
WASTE VOLUME: N/A
WASTE ORIGIN: N/A
PROPERTY TYPE: alley
ADDRESS MARKERS: NONE
GUTTER/ALLEY: Yes
WATER PROXIMITY: No
CHRONIC SITE: No
VEHICLES: NONE
IDENTIFIERS: NONE
SEVERITY: 1
ORDINANCE: N/A
PRIORITY: LOW
SUMMARY: No dumping observed in the alleyway; environment appears clear with no visible waste or debris."
20260602T105528Z,DT_12th_and_Madison_4_20260528T040000.jpg,,,dataset_20260528/DT_12th_and_Madison_4/DT_12th_and_Madison_4_20260528T040000.jpg,illegal_dumping,done,2026-06-02T11:10:37.839014+00:00,0.042,0.791,0.836,,nvidia/cosmos-reason2-8b,"DUMPING PRESENT: Yes
ORDINANCE VIOLATION: Yes
WASTE TYPE: mixed
WASTE VOLUME: small (pickup truck)
WASTE ORIGIN: residential
PROPERTY TYPE: alley
ADDRESS MARKERS: NONE
GUTTER/ALLEY: Yes
WATER PROXIMITY: No
CHRONIC SITE: No
VEHICLES: NONE
IDENTIFIERS: NONE
SEVERITY: 2
ORDINANCE: Sec-46-45
PRIORITY: MEDIUM
SUMMARY: A small pile of mixed waste is illegally dumped in an alley, violating Brownsville's property owner liability ordinance (Sec. 46-45)."
20260602T105528Z,DT_12th_and_Madison_4_20260528T041000.jpg,,,dataset_20260528/DT_12th_and_Madison_4/DT_12th_and_Madison_4_20260528T041000.jpg,illegal_dumping,done,2026-06-02T11:10:37.929983+00:00,0.038,0.872,0.912,,nvidia/cosmos-reason2-8b,"DUMPING PRESENT: Yes
ORDINANCE VIOLATION: Yes
WASTE TYPE: mixed
WASTE VOLUME: small (pickup truck)
WASTE ORIGIN: residential
PROPERTY TYPE: alley
ADDRESS MARKERS: NONE
GUTTER/ALLEY: Yes
WATER PROXIMITY: No
CHRONIC SITE: No
VEHICLES: NONE
IDENTIFIERS: NONE
SEVERITY: 2
ORDINANCE: Sec-46-45
PRIORITY: MEDIUM
SUMMARY: A small pile of mixed waste is located in an alley, which is considered illegal dumping on private or vacant property according to Sec-46-45."
20260602T105528Z,DT_12th_and_Madison_4_20260528T042000.jpg,,,dataset_20260528/DT_12th_and_Madison_4/DT_12th_and_Madison_4_20260528T042000.jpg,illegal_dumping,done,2026-06-02T11:10:38.176136+00:00,0.035,0.943,0.981,,nvidia/cosmos-reason2-8b,"DUMPING PRESENT: No
ORDINANCE VIOLATION: No
WASTE TYPE: mixed
WASTE VOLUME: small (pickup truck)
WASTE ORIGIN: residential
PROPERTY TYPE: alley
ADDRESS MARKERS: NONE
GUTTER/ALLEY: Yes
WATER PROXIMITY: No
CHRONIC SITE: No
VEHICLES: NONE
IDENTIFIERS: NONE
SEVERITY: 1
ORDINANCE: N/A
PRIORITY: LOW
SUMMARY: No illegal dumping detected in the alley; the area appears clear with no visible waste or debris."
20260602T105528Z,DT_12th_and_Madison_4_20260528T043000.jpg,,,dataset_20260528/DT_12th_and_Madison_4/DT_12th_and_Madison_4_20260528T043000.jpg,illegal_dumping,done,2026-06-02T11:10:38.276398+00:00,0.037,0.746,0.786,,nvidia/cosmos-reason2-8b,"DUMPING PRESENT: No
ORDINANCE VIOLATION: No
WASTE TYPE: mixed
WASTE VOLUME: small (pickup truck)
WASTE ORIGIN: residential
PROPERTY TYPE: alley
ADDRESS MARKERS: NONE
GUTTER/ALLEY: Yes
WATER PROXIMITY: No
CHRONIC SITE: No
VEHICLES: NONE
IDENTIFIERS: NONE
SEVERITY: 1
ORDINANCE: N/A
PRIORITY: LOW
SUMMARY: No illegal dumping detected in the alleyway; no waste or debris visible."
20260602T105528Z,DT_12th_and_Madison_4_20260528T044000.jpg,,,dataset_20260528/DT_12th_and_Madison_4/DT_12th_and_Madison_4_20260528T044000.jpg,illegal_dumping,done,2026-06-02T11:10:38.677472+00:00,0.033,0.643,0.679,,nvidia/cosmos-reason2-8b,"DUMPING PRESENT: No
ORDINANCE VIOLATION: No
WASTE TYPE: mixed
WASTE VOLUME: small (pickup truck)
WASTE ORIGIN: residential
PROPERTY TYPE: alley
ADDRESS MARKERS: NONE
GUTTER/ALLEY: Yes
WATER PROXIMITY: No
CHRONIC SITE: No
VEHICLES: NONE
IDENTIFIERS: NONE
SEVERITY: 1
ORDINANCE: N/A
PRIORITY: LOW
SUMMARY: No illegal dumping is observed in the alleyway."
20260602T105528Z,DT_12th_and_Madison_4_20260528T045000.jpg,,,dataset_20260528/DT_12th_and_Madison_4/DT_12th_and_Madison_4_20260528T045000.jpg,illegal_dumping,done,2026-06-02T11:10:38.845143+00:00,0.032,0.711,0.745,,nvidia/cosmos-reason2-8b,"DUMPING PRESENT: No
ORDINANCE VIOLATION: No
WASTE TYPE: mixed
WASTE VOLUME: small (pickup truck)
WASTE ORIGIN: residential
PROPERTY TYPE: alley
ADDRESS MARKERS: NONE
GUTTER/ALLEY: Yes
WATER PROXIMITY: No
CHRONIC SITE: No
VEHICLES: NONE
IDENTIFIERS: NONE
SEVERITY: 1
ORDINANCE: N/A
PRIORITY: LOW
SUMMARY: No illegal dumping detected in the alleyway; the scene appears clear with no visible waste or debris."
20260602T105528Z,DT_12th_and_Madison_4_20260528T050000.jpg,,,dataset_20260528/DT_12th_and_Madison_4/DT_12th_and_Madison_4_20260528T050000.jpg,illegal_dumping,done,2026-06-02T11:10:39.065277+00:00,0.042,0.695,0.741,,nvidia/cosmos-reason2-8b,"DUMPING PRESENT: No
ORDINANCE VIOLATION: No
WASTE TYPE: mixed
WASTE VOLUME: small (pickup truck)
WASTE ORIGIN: residential
PROPERTY TYPE: alley
ADDRESS MARKERS: NONE
GUTTER/ALLEY: Yes
WATER PROXIMITY: No
CHRONIC SITE: No
VEHICLES: NONE
IDENTIFIERS: NONE
SEVERITY: 1
ORDINANCE: N/A
PRIORITY: LOW
SUMMARY: No illegal dumping detected in the alleyway."
20260602T105528Z,DT_12th_and_Madison_4_20260528T051000.jpg,,,dataset_20260528/DT_12th_and_Madison_4/DT_12th_and_Madison_4_20260528T051000.jpg,illegal_dumping,done,2026-06-02T11:10:39.159607+00:00,0.034,0.751,0.788,,nvidia/cosmos-reason2-8b,"DUMPING PRESENT: No
ORDINANCE VIOLATION: No
WASTE TYPE: mixed
WASTE VOLUME: small (pickup truck)
WASTE ORIGIN: residential
PROPERTY TYPE: alley
ADDRESS MARKERS: NONE
GUTTER/ALLEY: Yes
WATER PROXIMITY: No
CHRONIC SITE: No
VEHICLES: NONE
IDENTIFIERS: NONE
SEVERITY: 1
ORDINANCE: N/A
PRIORITY: LOW
SUMMARY: No illegal dumping is observed in the alleyway."
20260602T105528Z,DT_12th_and_Madison_4_20260528T052000.jpg,,,dataset_20260528/DT_12th_and_Madison_4/DT_12th_and_Madison_4_20260528T052000.jpg,illegal_dumping,done,2026-06-02T11:10:39.359061+00:00,0.03,0.783,0.816,,nvidia/cosmos-reason2-8b,"DUMPING PRESENT: No
ORDINANCE VIOLATION: No
WASTE TYPE: mixed
WASTE VOLUME: small (pickup truck)
WASTE ORIGIN: residential
PROPERTY TYPE: alley
ADDRESS MARKERS: NONE
GUTTER/ALLEY: Yes
WATER PROXIMITY: No
CHRONIC SITE: No
VEHICLES: NONE
IDENTIFIERS: NONE
SEVERITY: 1
ORDINANCE: N/A
PRIORITY: LOW
SUMMARY: No illegal dumping detected in the alleyway; the scene appears clear with no visible waste or debris."
20260602T105528Z,DT_12th_and_Madison_4_20260528T053000.jpg,,,dataset_20260528/DT_12th_and_Madison_4/DT_12th_and_Madison_4_20260528T053000.jpg,illegal_dumping,done,2026-06-02T11:10:39.592393+00:00,0.034,0.772,0.809,,nvidia/cosmos-reason2-8b,"DUMPING PRESENT: No
ORDINANCE VIOLATION: No
WASTE TYPE: mixed
WASTE VOLUME: small (pickup truck)
WASTE ORIGIN: residential
PROPERTY TYPE: alley
ADDRESS MARKERS: NONE
GUTTER/ALLEY: Yes
WATER PROXIMITY: No
CHRONIC SITE: No
VEHICLES: NONE
IDENTIFIERS: NONE
SEVERITY: 1
ORDINANCE: N/A
PRIORITY: LOW
SUMMARY: No illegal dumping is observed in the alleyway; the scene appears clear with no visible waste or debris."
20260602T105528Z,DT_12th_and_Madison_4_20260528T054000.jpg,,,dataset_20260528/DT_12th_and_Madison_4/DT_12th_and_Madison_4_20260528T054000.jpg,illegal_dumping,done,2026-06-02T11:10:39.808428+00:00,0.034,0.7,0.737,,nvidia/cosmos-reason2-8b,"DUMPING PRESENT: No
ORDINANCE VIOLATION: No
WASTE TYPE: mixed
WASTE VOLUME: small (pickup truck)
WASTE ORIGIN: residential
PROPERTY TYPE: alley
ADDRESS MARKERS: NONE
GUTTER/ALLEY: Yes
WATER PROXIMITY: No
CHRONIC SITE: No
VEHICLES: NONE
IDENTIFIERS: NONE
SEVERITY: 1
ORDINANCE: N/A
PRIORITY: LOW
SUMMARY: No illegal dumping is observed in the video; the scene appears to be an alleyway with no visible waste or debris."
20260602T105528Z,DT_12th_and_Madison_4_20260528T055000.jpg,,,dataset_20260528/DT_12th_and_Madison_4/DT_12th_and_Madison_4_20260528T055000.jpg,illegal_dumping,done,2026-06-02T11:10:39.950297+00:00,0.037,0.764,0.803,,nvidia/cosmos-reason2-8b,"DUMPING PRESENT: No
ORDINANCE VIOLATION: No
WASTE TYPE: mixed
WASTE VOLUME: small (pickup truck)
WASTE ORIGIN: residential
PROPERTY TYPE: alley
ADDRESS MARKERS: NONE
GUTTER/ALLEY: Yes
WATER PROXIMITY: No
CHRONIC SITE: No
VEHICLES: NONE
IDENTIFIERS: NONE
SEVERITY: 1
ORDINANCE: N/A
PRIORITY: LOW
SUMMARY: No illegal dumping observed in the alleyway; the scene appears clear with no visible waste or debris."
20260602T105528Z,DT_12th_and_Madison_4_20260528T060000.jpg,,,dataset_20260528/DT_12th_and_Madison_4/DT_12th_and_Madison_4_20260528T060000.jpg,illegal_dumping,done,2026-06-02T11:10:40.177947+00:00,0.033,0.695,0.73,,nvidia/cosmos-reason2-8b,"DUMPING PRESENT: No
ORDINANCE VIOLATION: No
WASTE TYPE: mixed
WASTE VOLUME: small (pickup truck)
WASTE ORIGIN: residential
PROPERTY TYPE: alley
ADDRESS MARKERS: NONE
GUTTER/ALLEY: Yes
WATER PROXIMITY: No
CHRONIC SITE: No
VEHICLES: NONE
IDENTIFIERS: NONE
SEVERITY: 1
ORDINANCE: N/A
PRIORITY: LOW
SUMMARY: No illegal dumping is observed in the alleyway."
20260602T105528Z,DT_12th_and_Madison_4_20260528T061000.jpg,,,dataset_20260528/DT_12th_and_Madison_4/DT_12th_and_Madison_4_20260528T061000.jpg,illegal_dumping,done,2026-06-02T11:10:40.403690+00:00,0.034,0.701,0.737,,nvidia/cosmos-reason2-8b,"DUMPING PRESENT: No
ORDINANCE VIOLATION: No
WASTE TYPE: mixed
WASTE VOLUME: small (pickup truck)
WASTE ORIGIN: residential
PROPERTY TYPE: alley
ADDRESS MARKERS: NONE
GUTTER/ALLEY: Yes
WATER PROXIMITY: No
CHRONIC SITE: No
VEHICLES: NONE
IDENTIFIERS: NONE
SEVERITY: 1
ORDINANCE: N/A
PRIORITY: LOW
SUMMARY: No illegal dumping observed in the alleyway."
20260602T105528Z,DT_12th_and_Madison_4_20260528T062000.jpg,,,dataset_20260528/DT_12th_and_Madison_4/DT_12th_and_Madison_4_20260528T062000.jpg,illegal_dumping,done,2026-06-02T11:10:40.547402+00:00,0.034,1.004,1.039,,nvidia/cosmos-reason2-8b,"DUMPING PRESENT: No
ORDINANCE VIOLATION: No
WASTE TYPE: N/A
WASTE VOLUME: N/A
WASTE ORIGIN: N/A
PROPERTY TYPE: alley
ADDRESS MARKERS: NONE
GUTTER/ALLEY: Yes
WATER PROXIMITY: No
CHRONIC SITE: No
VEHICLES: NONE
IDENTIFIERS: NONE
SEVERITY: 1
ORDINANCE: N/A
PRIORITY: LOW
SUMMARY: No dumping observed in the alleyway; environment appears clear of waste materials."
20260602T105528Z,DT_12th_and_Madison_4_20260528T063000.jpg,,,dataset_20260528/DT_12th_and_Madison_4/DT_12th_and_Madison_4_20260528T063000.jpg,illegal_dumping,done,2026-06-02T11:10:40.756367+00:00,0.041,0.874,0.917,,nvidia/cosmos-reason2-8b,"DUMPING PRESENT: Yes
ORDINANCE VIOLATION: Yes
WASTE TYPE: mixed
WASTE VOLUME: small (pickup truck)
WASTE ORIGIN: residential
PROPERTY TYPE: alley
ADDRESS MARKERS: NONE
GUTTER/ALLEY: Yes
WATER PROXIMITY: No
CHRONIC SITE: No
VEHICLES: NONE
IDENTIFIERS: NONE
SEVERITY: 2
ORDINANCE: Sec-46-45
PRIORITY: MEDIUM
SUMMARY: Illegal dumping of mixed waste is observed in an alleyway, violating Brownsville's property owner liability ordinance (Sec. 46-45)."
20260602T105528Z,DT_12th_and_Madison_4_20260528T064000.jpg,,,dataset_20260528/DT_12th_and_Madison_4/DT_12th_and_Madison_4_20260528T064000.jpg,illegal_dumping,done,2026-06-02T11:10:40.910702+00:00,0.035,0.921,0.958,,nvidia/cosmos-reason2-8b,"DUMPING PRESENT: Yes
ORDINANCE VIOLATION: Yes
WASTE TYPE: mixed
WASTE VOLUME: small (pickup truck)
WASTE ORIGIN: residential
PROPERTY TYPE: alley
ADDRESS MARKERS: NONE
GUTTER/ALLEY: Yes
WATER PROXIMITY: No
CHRONIC SITE: No
VEHICLES: NONE
IDENTIFIERS: NONE
SEVERITY: 2
ORDINANCE: Sec-46-45
PRIORITY: MEDIUM
SUMMARY: Illegal dumping is present in the alley, with mixed waste scattered on the ground; the property owner is liable under Sec-46-45 for failing to prevent the disposal of waste on their private property.
"
20260602T105528Z,DT_12th_and_Madison_4_20260528T065000.jpg,,,dataset_20260528/DT_12th_and_Madison_4/DT_12th_and_Madison_4_20260528T065000.jpg,illegal_dumping,done,2026-06-02T11:10:41.143771+00:00,0.038,0.832,0.874,,nvidia/cosmos-reason2-8b,"DUMPING PRESENT: Yes
ORDINANCE VIOLATION: Yes
WASTE TYPE: mixed
WASTE VOLUME: small (pickup truck)
WASTE ORIGIN: residential
PROPERTY TYPE: alley
ADDRESS MARKERS: NONE
GUTTER/ALLEY: Yes
WATER PROXIMITY: No
CHRONIC SITE: No
VEHICLES: NONE
IDENTIFIERS: NONE
SEVERITY: 2
ORDINANCE: Sec-46-45
PRIORITY: MEDIUM
SUMMARY: Illegal dumping is present in the alley, with mixed waste scattered across the area, violating property owner liability under Sec. 46-45.
"
20260602T105528Z,DT_12th_and_Madison_4_20260528T070000.jpg,,,dataset_20260528/DT_12th_and_Madison_4/DT_12th_and_Madison_4_20260528T070000.jpg,illegal_dumping,done,2026-06-02T11:10:41.590120+00:00,0.04,0.882,0.926,,nvidia/cosmos-reason2-8b,"DUMPING PRESENT: Yes
ORDINANCE VIOLATION: Yes
WASTE TYPE: mixed
WASTE VOLUME: small (pickup truck)
WASTE ORIGIN: residential
PROPERTY TYPE: alley
ADDRESS MARKERS: NONE
GUTTER/ALLEY: Yes
WATER PROXIMITY: No
CHRONIC SITE: No
VEHICLES: NONE
IDENTIFIERS: NONE
SEVERITY: 2
ORDINANCE: Sec-46-45
PRIORITY: MEDIUM
SUMMARY: Illegal dumping is present in the alley, with mixed waste scattered on the ground; the property owner is liable under Sec. 46-45 for failing to prevent the disposal of waste on their private property.
"
20260602T105528Z,DT_12th_and_Madison_4_20260528T071000.jpg,,,dataset_20260528/DT_12th_and_Madison_4/DT_12th_and_Madison_4_20260528T071000.jpg,illegal_dumping,done,2026-06-02T11:10:41.675408+00:00,0.034,0.883,0.92,,nvidia/cosmos-reason2-8b,"DUMPING PRESENT: Yes
ORDINANCE VIOLATION: Yes
WASTE TYPE: mixed
WASTE VOLUME: small (pickup truck)
WASTE ORIGIN: residential
PROPERTY TYPE: alley
ADDRESS MARKERS: NONE
GUTTER/ALLEY: Yes
WATER PROXIMITY: No
CHRONIC SITE: No
VEHICLES: NONE
IDENTIFIERS: NONE
SEVERITY: 2
ORDINANCE: Sec-46-45
PRIORITY: MEDIUM
SUMMARY: Illegal dumping is observed in the alley, with mixed waste scattered on the ground, violating Brownsville's ordinance on property owner liability for waste disposal.
"
20260602T105528Z,DT_12th_and_Madison_4_20260528T072000.jpg,,,dataset_20260528/DT_12th_and_Madison_4/DT_12th_and_Madison_4_20260528T072000.jpg,illegal_dumping,done,2026-06-02T11:10:41.871218+00:00,0.037,1.03,1.07,,nvidia/cosmos-reason2-8b,"DUMPING PRESENT: Yes
ORDINANCE VIOLATION: Yes
WASTE TYPE: mixed
WASTE VOLUME: small (pickup truck)
WASTE ORIGIN: residential
PROPERTY TYPE: alley
ADDRESS MARKERS: NONE
GUTTER/ALLEY: Yes
WATER PROXIMITY: No
CHRONIC SITE: No
VEHICLES: NONE
IDENTIFIERS: NONE
SEVERITY: 3
ORDINANCE: Sec-46-45
PRIORITY: MEDIUM
SUMMARY: Illegal dumping is present in the alley, with mixed waste scattered on the ground, violating property owner liability under Sec. 46-45.
"
20260602T105528Z,DT_12th_and_Madison_4_20260528T073000.jpg,,,dataset_20260528/DT_12th_and_Madison_4/DT_12th_and_Madison_4_20260528T073000.jpg,illegal_dumping,done,2026-06-02T11:10:42.019753+00:00,0.031,0.959,0.992,,nvidia/cosmos-reason2-8b,"DUMPING PRESENT: Yes
ORDINANCE VIOLATION: Yes
WASTE TYPE: mixed
WASTE VOLUME: small (pickup truck)
WASTE ORIGIN: residential
PROPERTY TYPE: alley
ADDRESS MARKERS: NONE
GUTTER/ALLEY: Yes
WATER PROXIMITY: No
CHRONIC SITE: No
VEHICLES: NONE
IDENTIFIERS: NONE
SEVERITY: 2
ORDINANCE: Sec-46-45
PRIORITY: MEDIUM
SUMMARY: Illegal dumping is observed in the alley, with waste scattered across the dirt path, violating property owner liability under Sec-46-45.
"
20260602T105528Z,DT_12th_and_Madison_4_20260528T074000.jpg,,,dataset_20260528/DT_12th_and_Madison_4/DT_12th_and_Madison_4_20260528T074000.jpg,illegal_dumping,done,2026-06-02T11:10:42.518604+00:00,0.036,0.799,0.838,,nvidia/cosmos-reason2-8b,"DUMPING PRESENT: Yes
ORDINANCE VIOLATION: Yes
WASTE TYPE: mixed
WASTE VOLUME: small (pickup truck)
WASTE ORIGIN: residential
PROPERTY TYPE: alley
ADDRESS MARKERS: NONE
GUTTER/ALLEY: Yes
WATER PROXIMITY: No
CHRONIC SITE: No
VEHICLES: NONE
IDENTIFIERS: NONE
SEVERITY: 2
ORDINANCE: Sec-46-45
PRIORITY: MEDIUM
SUMMARY: Illegal dumping of mixed waste is observed in the alley, violating Brownsville's property owner liability ordinance.
"
20260602T105528Z,DT_12th_and_Madison_4_20260528T075000.jpg,,,dataset_20260528/DT_12th_and_Madison_4/DT_12th_and_Madison_4_20260528T075000.jpg,illegal_dumping,done,2026-06-02T11:10:42.597569+00:00,0.038,0.877,0.918,,nvidia/cosmos-reason2-8b,"DUMPING PRESENT: Yes
ORDINANCE VIOLATION: Yes
WASTE TYPE: mixed
WASTE VOLUME: small (pickup truck)
WASTE ORIGIN: residential
PROPERTY TYPE: alley
ADDRESS MARKERS: NONE
GUTTER/ALLEY: Yes
WATER PROXIMITY: No
CHRONIC SITE: No
VEHICLES: NONE
IDENTIFIERS: NONE
SEVERITY: 2
ORDINANCE: Sec-46-45
PRIORITY: MEDIUM
SUMMARY: Illegal dumping is present in the alley, violating Brownsville's ordinance, with mixed waste scattered on the ground.
"
20260602T105528Z,DT_12th_and_Madison_4_20260528T080000.jpg,,,dataset_20260528/DT_12th_and_Madison_4/DT_12th_and_Madison_4_20260528T080000.jpg,illegal_dumping,done,2026-06-02T11:10:42.944191+00:00,0.04,0.788,0.831,,nvidia/cosmos-reason2-8b,"DUMPING PRESENT: Yes
ORDINANCE VIOLATION: Yes
WASTE TYPE: mixed
WASTE VOLUME: small (pickup truck)
WASTE ORIGIN: residential
PROPERTY TYPE: alley
ADDRESS MARKERS: NONE
GUTTER/ALLEY: Yes
WATER PROXIMITY: No
CHRONIC SITE: No
VEHICLES: NONE
IDENTIFIERS: NONE
SEVERITY: 2
ORDINANCE: Sec-46-45
PRIORITY: MEDIUM
SUMMARY: Illegal dumping of mixed waste is present in the alley, violating Brownsville's property owner liability ordinance (Sec. 46-45)."
20260602T105528Z,DT_12th_and_Madison_4_20260528T081000.jpg,,,dataset_20260528/DT_12th_and_Madison_4/DT_12th_and_Madison_4_20260528T081000.jpg,illegal_dumping,done,2026-06-02T11:10:43.014484+00:00,0.034,0.992,1.028,,nvidia/cosmos-reason2-8b,"DUMPING PRESENT: Yes
ORDINANCE VIOLATION: Yes
WASTE TYPE: mixed
WASTE VOLUME: small (pickup truck)
WASTE ORIGIN: residential
PROPERTY TYPE: alley
ADDRESS MARKERS: NONE
GUTTER/ALLEY: Yes
WATER PROXIMITY: No
CHRONIC SITE: No
VEHICLES: NONE
IDENTIFIERS: NONE
SEVERITY: 2
ORDINANCE: Sec-46-45
PRIORITY: MEDIUM
SUMMARY: Illegal dumping is present in the alley, with mixed waste scattered on the ground; the property owner is liable under Sec. 46-45 for failing to prevent the disposal of waste on their private property.
"
20260602T105528Z,DT_12th_and_Madison_4_20260528T082000.jpg,,,dataset_20260528/DT_12th_and_Madison_4/DT_12th_and_Madison_4_20260528T082000.jpg,illegal_dumping,done,2026-06-02T11:10:43.358866+00:00,0.041,0.733,0.777,,nvidia/cosmos-reason2-8b,"DUMPING PRESENT: Yes
ORDINANCE VIOLATION: Yes
WASTE TYPE: mixed
WASTE VOLUME: small (pickup truck)
WASTE ORIGIN: residential
PROPERTY TYPE: alley
ADDRESS MARKERS: NONE
GUTTER/ALLEY: Yes
WATER PROXIMITY: No
CHRONIC SITE: No
VEHICLES: NONE
IDENTIFIERS: NONE
SEVERITY: 3
ORDINANCE: Sec-46-45
PRIORITY: MEDIUM
SUMMARY: Illegal dumping is observed in the alley, with mixed waste scattered on the ground, violating Brownsville's property owner liability ordinance.
"
20260602T105528Z,DT_12th_and_Madison_4_20260528T083000.jpg,,,dataset_20260528/DT_12th_and_Madison_4/DT_12th_and_Madison_4_20260528T083000.jpg,illegal_dumping,done,2026-06-02T11:10:43.518161+00:00,0.035,0.831,0.869,,nvidia/cosmos-reason2-8b,"DUMPING PRESENT: Yes
ORDINANCE VIOLATION: Yes
WASTE TYPE: mixed
WASTE VOLUME: small (pickup truck)
WASTE ORIGIN: residential
PROPERTY TYPE: alley
ADDRESS MARKERS: NONE
GUTTER/ALLEY: Yes
WATER PROXIMITY: No
CHRONIC SITE: No
VEHICLES: NONE
IDENTIFIERS: NONE
SEVERITY: 2
ORDINANCE: Sec-46-45
PRIORITY: MEDIUM
SUMMARY: Illegal dumping is present in the alley, with mixed waste scattered on the ground, violating property owner liability under Sec-46-45.
"
20260602T105528Z,DT_12th_and_Madison_4_20260528T084000.jpg,,,dataset_20260528/DT_12th_and_Madison_4/DT_12th_and_Madison_4_20260528T084000.jpg,illegal_dumping,done,2026-06-02T11:10:43.778056+00:00,0.033,0.776,0.811,,nvidia/cosmos-reason2-8b,"DUMPING PRESENT: Yes
ORDINANCE VIOLATION: Yes
WASTE TYPE: mixed
WASTE VOLUME: small (pickup truck)
WASTE ORIGIN: residential
PROPERTY TYPE: alley
ADDRESS MARKERS: NONE
GUTTER/ALLEY: Yes
WATER PROXIMITY: No
CHRONIC SITE: No
VEHICLES: NONE
IDENTIFIERS: NONE
SEVERITY: 2
ORDINANCE: Sec-46-45
PRIORITY: MEDIUM
SUMMARY: Illegal dumping is present in the alley, violating Brownsville's property owner liability ordinance (Sec. 46-45), with mixed waste scattered on the ground.
"
20260602T105528Z,DT_12th_and_Madison_4_20260528T085000.jpg,,,dataset_20260528/DT_12th_and_Madison_4/DT_12th_and_Madison_4_20260528T085000.jpg,illegal_dumping,done,2026-06-02T11:10:44.045180+00:00,0.036,0.805,0.843,,nvidia/cosmos-reason2-8b,"```json
DUMPING PRESENT: Yes
ORDINANCE VIOLATION: Yes
WASTE TYPE: mixed
WASTE VOLUME: medium
WASTE ORIGIN: residential
PROPERTY TYPE: alley
ADDRESS MARKERS: NONE
GUTTER/ALLEY: Yes
WATER PROXIMITY: No
CHRONIC SITE: No
VEHICLES: NONE
IDENTIFIERS: NONE
SEVERITY: 2
ORDINANCE: Sec-46-45
PRIORITY: MEDIUM
SUMMARY: Mixed waste is illegally dumped in the alley, violating Brownsville's property owner liability ordinance.
```"
20260602T105528Z,DT_12th_and_Madison_4_20260528T090000.jpg,,,dataset_20260528/DT_12th_and_Madison_4/DT_12th_and_Madison_4_20260528T090000.jpg,illegal_dumping,done,2026-06-02T11:10:44.138350+00:00,0.031,0.894,0.928,,nvidia/cosmos-reason2-8b,"DUMPING PRESENT: Yes
ORDINANCE VIOLATION: Yes
WASTE TYPE: mixed
WASTE VOLUME: small (pickup truck)
WASTE ORIGIN: residential
PROPERTY TYPE: alley
ADDRESS MARKERS: NONE
GUTTER/ALLEY: Yes
WATER PROXIMITY: No
CHRONIC SITE: No
VEHICLES: NONE
IDENTIFIERS: NONE
SEVERITY: 3
ORDINANCE: Sec-46-45
PRIORITY: MEDIUM
SUMMARY: Illegal dumping of mixed waste is observed in the alley, violating Brownsville's property owner liability ordinance (Sec. 46-45).
"
20260602T105528Z,DT_12th_and_Madison_4_20260528T091000.jpg,,,dataset_20260528/DT_12th_and_Madison_4/DT_12th_and_Madison_4_20260528T091000.jpg,illegal_dumping,done,2026-06-02T11:10:44.390420+00:00,0.037,0.785,0.836,,nvidia/cosmos-reason2-8b,"DUMPING PRESENT: Yes
ORDINANCE VIOLATION: Yes
WASTE TYPE: mixed
WASTE VOLUME: small (pickup truck)
WASTE ORIGIN: residential
PROPERTY TYPE: alley
ADDRESS MARKERS: NONE
GUTTER/ALLEY: Yes
WATER PROXIMITY: No
CHRONIC SITE: No
VEHICLES: NONE
IDENTIFIERS: NONE
SEVERITY: 2
ORDINANCE: Sec-46-45
PRIORITY: MEDIUM
SUMMARY: Illegal dumping is present in the alley, violating Brownsville's property owner liability ordinance (Sec. 46-45).
"
20260602T105528Z,DT_12th_and_Madison_4_20260528T092000.jpg,,,dataset_20260528/DT_12th_and_Madison_4/DT_12th_and_Madison_4_20260528T092000.jpg,illegal_dumping,done,2026-06-02T11:10:44.591275+00:00,0.033,0.87,0.906,,nvidia/cosmos-reason2-8b,"DUMPING PRESENT: Yes
ORDINANCE VIOLATION: Yes
WASTE TYPE: mixed
WASTE VOLUME: small (pickup truck)
WASTE ORIGIN: residential
PROPERTY TYPE: alley
ADDRESS MARKERS: NONE
GUTTER/ALLEY: Yes
WATER PROXIMITY: No
CHRONIC SITE: No
VEHICLES: NONE
IDENTIFIERS: NONE
SEVERITY: 3
ORDINANCE: Sec-46-45
PRIORITY: MEDIUM
SUMMARY: Illegal dumping of mixed waste is present in the alley, violating Brownsville's property owner liability ordinance.
"
20260602T105528Z,DT_12th_and_Madison_4_20260528T093000.jpg,,,dataset_20260528/DT_12th_and_Madison_4/DT_12th_and_Madison_4_20260528T093000.jpg,illegal_dumping,done,2026-06-02T11:10:44.891109+00:00,0.034,0.83,0.867,,nvidia/cosmos-reason2-8b,"DUMPING PRESENT: Yes
ORDINANCE VIOLATION: Yes
WASTE TYPE: mixed
WASTE VOLUME: small (pickup truck)
WASTE ORIGIN: residential
PROPERTY TYPE: alley
ADDRESS MARKERS: NONE
GUTTER/ALLEY: Yes
WATER PROXIMITY: No
CHRONIC SITE: No
VEHICLES: NONE
IDENTIFIERS: NONE
SEVERITY: 1
ORDINANCE: Sec-46-45
PRIORITY: LOW
SUMMARY: Illegal dumping is present in the alley, violating Brownsville's property owner liability ordinance (Sec. 46-45)."
20260602T105528Z,DT_12th_and_Madison_4_20260528T094000.jpg,,,dataset_20260528/DT_12th_and_Madison_4/DT_12th_and_Madison_4_20260528T094000.jpg,illegal_dumping,done,2026-06-02T11:10:45.068334+00:00,0.037,0.874,0.914,,nvidia/cosmos-reason2-8b,"DUMPING PRESENT: Yes
ORDINANCE VIOLATION: Yes
WASTE TYPE: mixed
WASTE VOLUME: small (pickup truck)
WASTE ORIGIN: residential
PROPERTY TYPE: alley
ADDRESS MARKERS: NONE
GUTTER/ALLEY: Yes
WATER PROXIMITY: No
CHRONIC SITE: No
VEHICLES: NONE
IDENTIFIERS: NONE
SEVERITY: 2
ORDINANCE: Sec-46-45
PRIORITY: MEDIUM
SUMMARY: Illegal dumping of mixed waste is present in the alley, violating Brownsville's property owner liability ordinance (Sec. 46-45)."
20260602T105528Z,DT_12th_and_Madison_4_20260528T095000.jpg,,,dataset_20260528/DT_12th_and_Madison_4/DT_12th_and_Madison_4_20260528T095000.jpg,illegal_dumping,done,2026-06-02T11:10:45.228703+00:00,0.034,0.827,0.864,,nvidia/cosmos-reason2-8b,"DUMPING PRESENT: Yes
ORDINANCE VIOLATION: Yes
WASTE TYPE: mixed
WASTE VOLUME: small (pickup truck)
WASTE ORIGIN: residential
PROPERTY TYPE: alley
ADDRESS MARKERS: NONE
GUTTER/ALLEY: Yes
WATER PROXIMITY: No
CHRONIC SITE: No
VEHICLES: NONE
IDENTIFIERS: NONE
SEVERITY: 2
ORDINANCE: Sec-46-45
PRIORITY: MEDIUM
SUMMARY: Illegal dumping is present in the alley, with mixed waste scattered on the ground, violating property owner liability under Sec. 46-45.
"
20260602T105528Z,DT_12th_and_Madison_4_20260528T100000.jpg,,,dataset_20260528/DT_12th_and_Madison_4/DT_12th_and_Madison_4_20260528T100000.jpg,illegal_dumping,done,2026-06-02T11:10:45.500654+00:00,0.034,0.777,0.813,,nvidia/cosmos-reason2-8b,"DUMPING PRESENT: Yes
ORDINANCE VIOLATION: Yes
WASTE TYPE: mixed
WASTE VOLUME: small (pickup truck)
WASTE ORIGIN: residential
PROPERTY TYPE: alley
ADDRESS MARKERS: NONE
GUTTER/ALLEY: Yes
WATER PROXIMITY: No
CHRONIC SITE: No
VEHICLES: NONE
IDENTIFIERS: NONE
SEVERITY: 3
ORDINANCE: Sec-46-45
PRIORITY: MEDIUM
SUMMARY: Illegal dumping is present in the alley, with mixed waste scattered on the ground, violating Brownsville's ordinance against improper disposal on private or public property.
"
20260602T105528Z,DT_12th_and_Madison_4_20260528T101000.jpg,,,dataset_20260528/DT_12th_and_Madison_4/DT_12th_and_Madison_4_20260528T101000.jpg,illegal_dumping,done,2026-06-02T11:10:45.761140+00:00,0.034,0.735,0.772,,nvidia/cosmos-reason2-8b,"DUMPING PRESENT: Yes
ORDINANCE VIOLATION: Yes
WASTE TYPE: mixed
WASTE VOLUME: small (pickup truck)
WASTE ORIGIN: residential
PROPERTY TYPE: alley
ADDRESS MARKERS: NONE
GUTTER/ALLEY: Yes
WATER PROXIMITY: No
CHRONIC SITE: No
VEHICLES: NONE
IDENTIFIERS: NONE
SEVERITY: 2
ORDINANCE: Sec-46-45
PRIORITY: MEDIUM
SUMMARY: Illegal dumping is observed in the alley, with mixed waste scattered on the ground, violating property owner liability under Sec-46-45.
"
20260602T105528Z,DT_12th_and_Madison_4_20260528T102000.jpg,,,dataset_20260528/DT_12th_and_Madison_4/DT_12th_and_Madison_4_20260528T102000.jpg,illegal_dumping,done,2026-06-02T11:10:45.984584+00:00,0.033,0.86,0.896,,nvidia/cosmos-reason2-8b,"DUMPING PRESENT: Yes
ORDINANCE VIOLATION: Yes
WASTE TYPE: mixed
WASTE VOLUME: small (pickup truck)
WASTE ORIGIN: residential
PROPERTY TYPE: alley
ADDRESS MARKERS: NONE
GUTTER/ALLEY: Yes
WATER PROXIMITY: No
CHRONIC SITE: No
VEHICLES: NONE
IDENTIFIERS: NONE
SEVERITY: 2
ORDINANCE: Sec-46-45
PRIORITY: MEDIUM
SUMMARY: Illegal dumping is present in the alley, violating Brownsville's ordinance, with mixed waste scattered on the ground.
"
20260602T105528Z,DT_12th_and_Madison_4_20260528T103000.jpg,,,dataset_20260528/DT_12th_and_Madison_4/DT_12th_and_Madison_4_20260528T103000.jpg,illegal_dumping,done,2026-06-02T11:10:46.095145+00:00,0.035,0.935,0.972,,nvidia/cosmos-reason2-8b,"DUMPING PRESENT: Yes
ORDINANCE VIOLATION: Yes
WASTE TYPE: mixed
WASTE VOLUME: small (pickup truck)
WASTE ORIGIN: residential
PROPERTY TYPE: alley
ADDRESS MARKERS: NONE
GUTTER/ALLEY: Yes
WATER PROXIMITY: No
CHRONIC SITE: No
VEHICLES: NONE
IDENTIFIERS: NONE
SEVERITY: 2
ORDINANCE: Sec-46-45
PRIORITY: MEDIUM
SUMMARY: Illegal dumping is present in the alley, with mixed waste scattered on the ground, violating property owner liability under Sec-46-45.
"
20260602T105528Z,DT_12th_and_Madison_4_20260528T104000.jpg,,,dataset_20260528/DT_12th_and_Madison_4/DT_12th_and_Madison_4_20260528T104000.jpg,illegal_dumping,done,2026-06-02T11:10:46.316802+00:00,0.035,0.812,0.849,,nvidia/cosmos-reason2-8b,"DUMPING PRESENT: Yes
ORDINANCE VIOLATION: Yes
WASTE TYPE: mixed
WASTE VOLUME: small (pickup truck)
WASTE ORIGIN: residential
PROPERTY TYPE: alley
ADDRESS MARKERS: NONE
GUTTER/ALLEY: Yes
WATER PROXIMITY: No
CHRONIC SITE: No
VEHICLES: NONE
IDENTIFIERS: NONE
SEVERITY: 2
ORDINANCE: Sec-46-45
PRIORITY: MEDIUM
SUMMARY: Illegal dumping is present in the alley, with mixed waste scattered on the ground, violating Brownsville's property owner liability ordinance.
"
20260602T105528Z,DT_12th_and_Madison_4_20260528T105000.jpg,,,dataset_20260528/DT_12th_and_Madison_4/DT_12th_and_Madison_4_20260528T105000.jpg,illegal_dumping,done,2026-06-02T11:10:46.535443+00:00,0.041,0.645,0.689,,nvidia/cosmos-reason2-8b,"DUMPING PRESENT: No
ORDINANCE VIOLATION: No
WASTE TYPE: mixed
WASTE VOLUME: small (pickup truck)
WASTE ORIGIN: residential
PROPERTY TYPE: vacant-lot
ADDRESS MARKERS: NONE
GUTTER/ALLEY: No
WATER PROXIMITY: No
CHRONIC SITE: No
VEHICLES: NONE
IDENTIFIERS: NONE
SEVERITY: 1
ORDINANCE: N/A
PRIORITY: LOW
SUMMARY: No illegal dumping is observed in the video."
20260602T105528Z,DT_12th_and_Madison_4_20260528T110000.jpg,,,dataset_20260528/DT_12th_and_Madison_4/DT_12th_and_Madison_4_20260528T110000.jpg,illegal_dumping,done,2026-06-02T11:10:46.883470+00:00,0.04,0.881,0.923,,nvidia/cosmos-reason2-8b,"DUMPING PRESENT: Yes
ORDINANCE VIOLATION: Yes
WASTE TYPE: mixed
WASTE VOLUME: small (pickup truck)
WASTE ORIGIN: residential
PROPERTY TYPE: alley
ADDRESS MARKERS: NONE
GUTTER/ALLEY: Yes
WATER PROXIMITY: No
CHRONIC SITE: No
VEHICLES: NONE
IDENTIFIERS: NONE
SEVERITY: 2
ORDINANCE: Sec-46-45
PRIORITY: MEDIUM
SUMMARY: Illegal dumping is present in the alley, violating Brownsville's property owner liability ordinance (Sec. 46-45), with mixed waste scattered on the ground.
"
20260602T105528Z,DT_12th_and_Madison_4_20260528T111000.jpg,,,dataset_20260528/DT_12th_and_Madison_4/DT_12th_and_Madison_4_20260528T111000.jpg,illegal_dumping,done,2026-06-02T11:10:47.069770+00:00,0.034,0.837,0.873,,nvidia/cosmos-reason2-8b,"DUMPING PRESENT: Yes
ORDINANCE VIOLATION: Yes
WASTE TYPE: mixed
WASTE VOLUME: small (pickup truck)
WASTE ORIGIN: residential
PROPERTY TYPE: alley
ADDRESS MARKERS: NONE
GUTTER/ALLEY: Yes
WATER PROXIMITY: No
CHRONIC SITE: No
VEHICLES: NONE
IDENTIFIERS: NONE
SEVERITY: 2
ORDINANCE: Sec-46-45
PRIORITY: MEDIUM
SUMMARY: Illegal dumping is present in the alley, with mixed waste scattered on the ground, violating Brownsville's property owner liability ordinance.
"
20260602T105528Z,DT_12th_and_Madison_4_20260528T112000.jpg,,,dataset_20260528/DT_12th_and_Madison_4/DT_12th_and_Madison_4_20260528T112000.jpg,illegal_dumping,done,2026-06-02T11:10:47.168760+00:00,0.036,1.067,1.106,,nvidia/cosmos-reason2-8b,"DUMPING PRESENT: Yes
ORDINANCE VIOLATION: Yes
WASTE TYPE: mixed
WASTE VOLUME: small (pickup truck)
WASTE ORIGIN: residential
PROPERTY TYPE: alley
ADDRESS MARKERS: NONE
GUTTER/ALLEY: Yes
WATER PROXIMITY: No
CHRONIC SITE: No
VEHICLES: NONE
IDENTIFIERS: NONE
SEVERITY: 2
ORDINANCE: Sec-46-45
PRIORITY: MEDIUM
SUMMARY: Illegal dumping of mixed waste is observed in the alley, violating Brownsville's property owner liability ordinance.
"
20260602T105528Z,DT_12th_and_Madison_4_20260528T113000.jpg,,,dataset_20260528/DT_12th_and_Madison_4/DT_12th_and_Madison_4_20260528T113000.jpg,illegal_dumping,done,2026-06-02T11:10:47.226683+00:00,0.036,0.951,1.003,,nvidia/cosmos-reason2-8b,"DUMPING PRESENT: Yes
ORDINANCE VIOLATION: Yes
WASTE TYPE: mixed
WASTE VOLUME: small (pickup truck)
WASTE ORIGIN: residential
PROPERTY TYPE: alley
ADDRESS MARKERS: NONE
GUTTER/ALLEY: Yes
WATER PROXIMITY: No
CHRONIC SITE: No
VEHICLES: NONE
IDENTIFIERS: NONE
SEVERITY: 2
ORDINANCE: Sec-46-45
PRIORITY: MEDIUM
SUMMARY: Illegal dumping is observed in the alley, with mixed waste scattered across the area, violating property owner liability under Sec. 46-45.
"
20260602T105528Z,DT_12th_and_Madison_4_20260528T114000.jpg,,,dataset_20260528/DT_12th_and_Madison_4/DT_12th_and_Madison_4_20260528T114000.jpg,illegal_dumping,done,2026-06-02T11:10:47.809161+00:00,0.034,0.831,0.867,,nvidia/cosmos-reason2-8b,"DUMPING PRESENT: Yes
ORDINANCE VIOLATION: Yes
WASTE TYPE: mixed
WASTE VOLUME: small (pickup truck)
WASTE ORIGIN: residential
PROPERTY TYPE: alley
ADDRESS MARKERS: NONE
GUTTER/ALLEY: Yes
WATER PROXIMITY: No
CHRONIC SITE: No
VEHICLES: NONE
IDENTIFIERS: NONE
SEVERITY: 2
ORDINANCE: Sec-46-45
PRIORITY: MEDIUM
SUMMARY: Illegal dumping is present in the alley, with mixed waste scattered along the dirt path, violating property owner liability under Sec. 46-45.
"
20260602T105528Z,DT_12th_and_Madison_4_20260528T115000.jpg,,,dataset_20260528/DT_12th_and_Madison_4/DT_12th_and_Madison_4_20260528T115000.jpg,illegal_dumping,done,2026-06-02T11:10:47.946139+00:00,0.041,0.899,0.942,,nvidia/cosmos-reason2-8b,"```json
{
  ""DUMPING PRESENT"": ""No"",
  ""ORDINANCE VIOLATION"": ""No"",
  ""WASTE TYPE"": [],
  ""WASTE VOLUME"": ""small (pickup truck)"",
  ""WASTE ORIGIN"": ""residential"",
  ""PROPERTY TYPE"": ""occupied-private"",
  ""ADDRESS MARKERS"": ""NONE"",
  ""GUTTER/ALLEY"": ""No"",
  ""WATER PROXIMITY"": ""No"",
  ""CHRONIC SITE"": ""No"",
  ""VEHICLES"": ""NONE"",
  ""IDENTIFIERS"": ""NONE"",
  ""SEVERITY"": ""1"",
  ""ORDINANCE"": ""N/A"",
  ""PRIORITY"": ""LOW"",
  ""SUMMARY"": ""No illegal dumping detected; the scene shows a residential area with no visible waste or debris.""
}
```"
20260602T105528Z,DT_12th_and_Madison_4_20260528T120000.jpg,,,dataset_20260528/DT_12th_and_Madison_4/DT_12th_and_Madison_4_20260528T120000.jpg,illegal_dumping,done,2026-06-02T11:10:48.233018+00:00,0.044,0.894,0.94,,nvidia/cosmos-reason2-8b,"DUMPING PRESENT: Yes
ORDINANCE VIOLATION: Yes
WASTE TYPE: mixed
WASTE VOLUME: small (pickup truck)
WASTE ORIGIN: residential
PROPERTY TYPE: alley
ADDRESS MARKERS: NONE
GUTTER/ALLEY: Yes
WATER PROXIMITY: No
CHRONIC SITE: No
VEHICLES: NONE
IDENTIFIERS: NONE
SEVERITY: 2
ORDINANCE: Sec-46-45
PRIORITY: MEDIUM
SUMMARY: Illegal dumping is present in the alley, violating Brownsville's ordinance against waste disposal on private or public property.
"
20260602T105528Z,DT_12th_and_Madison_4_20260528T121000.jpg,,,dataset_20260528/DT_12th_and_Madison_4/DT_12th_and_Madison_4_20260528T121000.jpg,illegal_dumping,done,2026-06-02T11:10:48.278080+00:00,0.036,1.004,1.042,,nvidia/cosmos-reason2-8b,"DUMPING PRESENT: Yes
ORDINANCE VIOLATION: Yes
WASTE TYPE: mixed
WASTE VOLUME: small (pickup truck)
WASTE ORIGIN: residential
PROPERTY TYPE: alley
ADDRESS MARKERS: NONE
GUTTER/ALLEY: Yes
WATER PROXIMITY: No
CHRONIC SITE: No
VEHICLES: NONE
IDENTIFIERS: NONE
SEVERITY: 2
ORDINANCE: Sec-46-45
PRIORITY: MEDIUM
SUMMARY: Illegal dumping is present in the alley, violating Brownsville's property owner liability ordinance (Sec. 46-45).
"
20260602T105528Z,DT_12th_and_Madison_4_20260528T122000.jpg,,,dataset_20260528/DT_12th_and_Madison_4/DT_12th_and_Madison_4_20260528T122000.jpg,illegal_dumping,done,2026-06-02T11:10:48.679832+00:00,0.036,0.729,0.768,,nvidia/cosmos-reason2-8b,"DUMPING PRESENT: Yes
ORDINANCE VIOLATION: Yes
WASTE TYPE: mixed
WASTE VOLUME: small (pickup truck)
WASTE ORIGIN: residential
PROPERTY TYPE: alley
ADDRESS MARKERS: NONE
GUTTER/ALLEY: Yes
WATER PROXIMITY: No
CHRONIC SITE: No
VEHICLES: NONE
IDENTIFIERS: NONE
SEVERITY: 2
ORDINANCE: Sec-46-45
PRIORITY: MEDIUM
SUMMARY: Illegal dumping is observed in the alley, with mixed waste scattered on the ground, violating property owner liability under Sec. 46-45.
"
20260602T105528Z,DT_12th_and_Madison_4_20260528T123000.jpg,,,dataset_20260528/DT_12th_and_Madison_4/DT_12th_and_Madison_4_20260528T123000.jpg,illegal_dumping,done,2026-06-02T11:10:48.891398+00:00,0.039,0.779,0.82,,nvidia/cosmos-reason2-8b,"DUMPING PRESENT: Yes
ORDINANCE VIOLATION: Yes
WASTE TYPE: mixed
WASTE VOLUME: small (pickup truck)
WASTE ORIGIN: residential
PROPERTY TYPE: alley
ADDRESS MARKERS: NONE
GUTTER/ALLEY: Yes
WATER PROXIMITY: No
CHRONIC SITE: No
VEHICLES: NONE
IDENTIFIERS: NONE
SEVERITY: 2
ORDINANCE: Sec-46-45
PRIORITY: MEDIUM
SUMMARY: Illegal dumping is present in the alley, with mixed waste scattered across the area, violating property owner liability under Sec. 46-45.
"
20260602T105528Z,DT_12th_and_Madison_4_20260528T124000.jpg,,,dataset_20260528/DT_12th_and_Madison_4/DT_12th_and_Madison_4_20260528T124000.jpg,illegal_dumping,done,2026-06-02T11:10:49.176625+00:00,0.038,0.767,0.808,,nvidia/cosmos-reason2-8b,"DUMPING PRESENT: Yes
ORDINANCE VIOLATION: Yes
WASTE TYPE: mixed
WASTE VOLUME: small (pickup truck)
WASTE ORIGIN: residential
PROPERTY TYPE: alley
ADDRESS MARKERS: NONE
GUTTER/ALLEY: Yes
WATER PROXIMITY: No
CHRONIC SITE: No
VEHICLES: NONE
IDENTIFIERS: NONE
SEVERITY: 2
ORDINANCE: Sec-46-45
PRIORITY: MEDIUM
SUMMARY: Illegal dumping is observed in the alley, with mixed waste scattered across the area, violating Brownsville's property owner liability ordinance.
"
20260602T105528Z,DT_12th_and_Madison_4_20260528T125000.jpg,,,dataset_20260528/DT_12th_and_Madison_4/DT_12th_and_Madison_4_20260528T125000.jpg,illegal_dumping,done,2026-06-02T11:10:49.322664+00:00,0.037,0.847,0.886,,nvidia/cosmos-reason2-8b,"DUMPING PRESENT: Yes
ORDINANCE VIOLATION: Yes
WASTE TYPE: mixed
WASTE VOLUME: small (pickup truck)
WASTE ORIGIN: residential
PROPERTY TYPE: alley
ADDRESS MARKERS: NONE
GUTTER/ALLEY: Yes
WATER PROXIMITY: No
CHRONIC SITE: No
VEHICLES: NONE
IDENTIFIERS: NONE
SEVERITY: 2
ORDINANCE: Sec-46-45
PRIORITY: MEDIUM
SUMMARY: Illegal dumping is present in the alley, with mixed waste scattered across the area, violating property owner liability under Sec-46-45.
"
20260602T105528Z,DT_12th_and_Madison_4_20260528T130000.jpg,,,dataset_20260528/DT_12th_and_Madison_4/DT_12th_and_Madison_4_20260528T130000.jpg,illegal_dumping,done,2026-06-02T11:10:49.449947+00:00,0.031,0.908,0.942,,nvidia/cosmos-reason2-8b,"DUMPING PRESENT: Yes
ORDINANCE VIOLATION: Yes
WASTE TYPE: mixed
WASTE VOLUME: small (pickup truck)
WASTE ORIGIN: residential
PROPERTY TYPE: alley
ADDRESS MARKERS: NONE
GUTTER/ALLEY: Yes
WATER PROXIMITY: No
CHRONIC SITE: No
VEHICLES: NONE
IDENTIFIERS: NONE
SEVERITY: 2
ORDINANCE: Sec-46-45
PRIORITY: MEDIUM
SUMMARY: Illegal dumping is observed in the alley, with mixed waste scattered on the ground, violating Brownsville's ordinance Sec-46-45, which holds property owners liable for waste on their land.
"
20260602T105528Z,DT_12th_and_Madison_4_20260528T131000.jpg,,,dataset_20260528/DT_12th_and_Madison_4/DT_12th_and_Madison_4_20260528T131000.jpg,illegal_dumping,done,2026-06-02T11:10:49.713976+00:00,0.034,0.866,0.901,,nvidia/cosmos-reason2-8b,"DUMPING PRESENT: Yes
ORDINANCE VIOLATION: Yes
WASTE TYPE: mixed
WASTE VOLUME: small (pickup truck)
WASTE ORIGIN: residential
PROPERTY TYPE: alley
ADDRESS MARKERS: NONE
GUTTER/ALLEY: Yes
WATER PROXIMITY: No
CHRONIC SITE: No
VEHICLES: NONE
IDENTIFIERS: NONE
SEVERITY: 2
ORDINANCE: Sec-46-45
PRIORITY: MEDIUM
SUMMARY: Illegal dumping of mixed waste is present in the alley, violating Brownsville's property owner liability ordinance (Sec. 46-45).
"
20260602T105528Z,DT_12th_and_Madison_4_20260528T132000.jpg,,,dataset_20260528/DT_12th_and_Madison_4/DT_12th_and_Madison_4_20260528T132000.jpg,illegal_dumping,done,2026-06-02T11:10:49.986995+00:00,0.036,0.781,0.82,,nvidia/cosmos-reason2-8b,"DUMPING PRESENT: Yes
ORDINANCE VIOLATION: Yes
WASTE TYPE: mixed
WASTE VOLUME: small (pickup truck)
WASTE ORIGIN: residential
PROPERTY TYPE: alley
ADDRESS MARKERS: NONE
GUTTER/ALLEY: Yes
WATER PROXIMITY: No
CHRONIC SITE: No
VEHICLES: NONE
IDENTIFIERS: NONE
SEVERITY: 2
ORDINANCE: Sec-46-45
PRIORITY: MEDIUM
SUMMARY: Illegal dumping of mixed waste is observed in the alley, violating Brownsville's ordinance, with debris scattered along the dirt path and near the residential property.
"
20260602T105528Z,DT_12th_and_Madison_4_20260528T133000.jpg,,,dataset_20260528/DT_12th_and_Madison_4/DT_12th_and_Madison_4_20260528T133000.jpg,illegal_dumping,done,2026-06-02T11:10:50.211871+00:00,0.04,0.774,0.826,,nvidia/cosmos-reason2-8b,"DUMPING PRESENT: Yes
ORDINANCE VIOLATION: Yes
WASTE TYPE: mixed
WASTE VOLUME: small (pickup truck)
WASTE ORIGIN: residential
PROPERTY TYPE: alley
ADDRESS MARKERS: NONE
GUTTER/ALLEY: Yes
WATER PROXIMITY: No
CHRONIC SITE: No
VEHICLES: NONE
IDENTIFIERS: NONE
SEVERITY: 2
ORDINANCE: Sec-46-45
PRIORITY: MEDIUM
SUMMARY: Illegal dumping is present in the alley, with mixed waste scattered across the area, violating property owner liability under Sec. 46-45.
"
20260602T105528Z,DT_12th_and_Madison_4_20260528T134000.jpg,,,dataset_20260528/DT_12th_and_Madison_4/DT_12th_and_Madison_4_20260528T134000.jpg,illegal_dumping,done,2026-06-02T11:10:50.394070+00:00,0.036,0.83,0.868,,nvidia/cosmos-reason2-8b,"DUMPING PRESENT: Yes
ORDINANCE VIOLATION: Yes
WASTE TYPE: mixed
WASTE VOLUME: small (pickup truck)
WASTE ORIGIN: residential
PROPERTY TYPE: alley
ADDRESS MARKERS: NONE
GUTTER/ALLEY: Yes
WATER PROXIMITY: No
CHRONIC SITE: No
VEHICLES: NONE
IDENTIFIERS: NONE
SEVERITY: 2
ORDINANCE: Sec-46-45
PRIORITY: MEDIUM
SUMMARY: Illegal dumping is present in the alley, with mixed waste scattered on the ground, violating Brownsville's property owner liability ordinance (Sec. 46-45).
"
20260602T105528Z,DT_12th_and_Madison_4_20260528T135000.jpg,,,dataset_20260528/DT_12th_and_Madison_4/DT_12th_and_Madison_4_20260528T135000.jpg,illegal_dumping,done,2026-06-02T11:10:50.617976+00:00,0.033,0.787,0.823,,nvidia/cosmos-reason2-8b,"DUMPING PRESENT: Yes
ORDINANCE VIOLATION: Yes
WASTE TYPE: mixed
WASTE VOLUME: small (pickup truck)
WASTE ORIGIN: residential
PROPERTY TYPE: alley
ADDRESS MARKERS: NONE
GUTTER/ALLEY: Yes
WATER PROXIMITY: No
CHRONIC SITE: No
VEHICLES: NONE
IDENTIFIERS: NONE
SEVERITY: 2
ORDINANCE: Sec-46-45
PRIORITY: MEDIUM
SUMMARY: Illegal dumping of mixed waste is observed in the alley, violating Brownsville's ordinance, with potential liability for the property owner under Sec-46-45.
"
20260602T105528Z,DT_12th_and_Madison_4_20260528T140000.jpg,,,dataset_20260528/DT_12th_and_Madison_4/DT_12th_and_Madison_4_20260528T140000.jpg,illegal_dumping,done,2026-06-02T11:10:50.809177+00:00,0.034,0.77,0.806,,nvidia/cosmos-reason2-8b,"DUMPING PRESENT: Yes
ORDINANCE VIOLATION: Yes
WASTE TYPE: mixed
WASTE VOLUME: small (pickup truck)
WASTE ORIGIN: residential
PROPERTY TYPE: alley
ADDRESS MARKERS: NONE
GUTTER/ALLEY: Yes
WATER PROXIMITY: No
CHRONIC SITE: No
VEHICLES: NONE
IDENTIFIERS: NONE
SEVERITY: 2
ORDINANCE: Sec-46-45
PRIORITY: MEDIUM
SUMMARY: Illegal dumping of mixed waste is observed in the alley, violating Brownsville's property owner liability ordinance.
"
20260602T105528Z,DT_12th_and_Madison_4_20260528T141000.jpg,,,dataset_20260528/DT_12th_and_Madison_4/DT_12th_and_Madison_4_20260528T141000.jpg,illegal_dumping,done,2026-06-02T11:10:51.041132+00:00,0.04,0.79,0.833,,nvidia/cosmos-reason2-8b,"DUMPING PRESENT: Yes
ORDINANCE VIOLATION: Yes
WASTE TYPE: mixed
WASTE VOLUME: small (pickup truck)
WASTE ORIGIN: residential
PROPERTY TYPE: alley
ADDRESS MARKERS: NONE
GUTTER/ALLEY: Yes
WATER PROXIMITY: No
CHRONIC SITE: No
VEHICLES: NONE
IDENTIFIERS: NONE
SEVERITY: 2
ORDINANCE: Sec-46-45
PRIORITY: MEDIUM
SUMMARY: Illegal dumping of mixed waste is present in the alley, violating Brownsville's property owner liability ordinance.
"
20260602T105528Z,DT_12th_and_Madison_4_20260528T142000.jpg,,,dataset_20260528/DT_12th_and_Madison_4/DT_12th_and_Madison_4_20260528T142000.jpg,illegal_dumping,done,2026-06-02T11:10:51.264872+00:00,0.034,0.76,0.797,,nvidia/cosmos-reason2-8b,"DUMPING PRESENT: Yes
ORDINANCE VIOLATION: Yes
WASTE TYPE: mixed
WASTE VOLUME: small (pickup truck)
WASTE ORIGIN: residential
PROPERTY TYPE: alley
ADDRESS MARKERS: NONE
GUTTER/ALLEY: Yes
WATER PROXIMITY: No
CHRONIC SITE: No
VEHICLES: NONE
IDENTIFIERS: NONE
SEVERITY: 2
ORDINANCE: Sec-46-45
PRIORITY: MEDIUM
SUMMARY: Illegal dumping is occurring in the alley, with mixed waste scattered on the ground, violating property owner liability under Sec. 46-45.
"
20260602T105528Z,DT_12th_and_Madison_4_20260528T143000.jpg,,,dataset_20260528/DT_12th_and_Madison_4/DT_12th_and_Madison_4_20260528T143000.jpg,illegal_dumping,done,2026-06-02T11:10:51.443877+00:00,0.038,0.786,0.827,,nvidia/cosmos-reason2-8b,"DUMPING PRESENT: Yes
ORDINANCE VIOLATION: Yes
WASTE TYPE: mixed
WASTE VOLUME: small (pickup truck)
WASTE ORIGIN: residential
PROPERTY TYPE: alley
ADDRESS MARKERS: NONE
GUTTER/ALLEY: Yes
WATER PROXIMITY: No
CHRONIC SITE: No
VEHICLES: NONE
IDENTIFIERS: NONE
SEVERITY: 2
ORDINANCE: Sec-46-45
PRIORITY: MEDIUM
SUMMARY: Illegal dumping is present in the alley, with mixed waste scattered on the ground, violating property owner liability under Sec. 46-45.
"
20260602T105528Z,DT_12th_and_Madison_4_20260528T144000.jpg,,,dataset_20260528/DT_12th_and_Madison_4/DT_12th_and_Madison_4_20260528T144000.jpg,illegal_dumping,done,2026-06-02T11:10:51.617959+00:00,0.039,0.787,0.829,,nvidia/cosmos-reason2-8b,"DUMPING PRESENT: Yes
ORDINANCE VIOLATION: Yes
WASTE TYPE: mixed
WASTE VOLUME: small (pickup truck)
WASTE ORIGIN: residential
PROPERTY TYPE: alley
ADDRESS MARKERS: NONE
GUTTER/ALLEY: Yes
WATER PROXIMITY: No
CHRONIC SITE: No
VEHICLES: NONE
IDENTIFIERS: NONE
SEVERITY: 2
ORDINANCE: Sec-46-45
PRIORITY: MEDIUM
SUMMARY: Illegal dumping of mixed waste is observed in the alley, violating Brownsville's property owner liability ordinance.
"
20260602T105528Z,DT_12th_and_Madison_4_20260528T145000.jpg,,,dataset_20260528/DT_12th_and_Madison_4/DT_12th_and_Madison_4_20260528T145000.jpg,illegal_dumping,done,2026-06-02T11:10:51.876371+00:00,0.038,0.812,0.853,,nvidia/cosmos-reason2-8b,"DUMPING PRESENT: Yes
ORDINANCE VIOLATION: Yes
WASTE TYPE: mixed
WASTE VOLUME: medium
WASTE ORIGIN: residential
PROPERTY TYPE: alley
ADDRESS MARKERS: NONE
GUTTER/ALLEY: Yes
WATER PROXIMITY: No
CHRONIC SITE: No
VEHICLES: NONE
IDENTIFIERS: NONE
SEVERITY: 2
ORDINANCE: Sec-46-45
PRIORITY: MEDIUM
SUMMARY: Illegal dumping is present in the alley, with mixed waste scattered on the ground, violating property owner liability under Sec-46-45.
"
20260602T105528Z,DT_12th_and_Madison_4_20260528T150000.jpg,,,dataset_20260528/DT_12th_and_Madison_4/DT_12th_and_Madison_4_20260528T150000.jpg,illegal_dumping,done,2026-06-02T11:10:52.064058+00:00,0.035,0.903,0.941,,nvidia/cosmos-reason2-8b,"DUMPING PRESENT: Yes
ORDINANCE VIOLATION: Yes
WASTE TYPE: mixed
WASTE VOLUME: small (pickup truck)
WASTE ORIGIN: residential
PROPERTY TYPE: alley
ADDRESS MARKERS: NONE
GUTTER/ALLEY: Yes
WATER PROXIMITY: No
CHRONIC SITE: No
VEHICLES: NONE
IDENTIFIERS: NONE
SEVERITY: 2
ORDINANCE: Sec-46-45
PRIORITY: MEDIUM
SUMMARY: Illegal dumping is present in the alley, violating Brownsville's property owner liability ordinance (Sec. 46-45)."
20260602T105528Z,DT_12th_and_Madison_4_20260528T151000.jpg,,,dataset_20260528/DT_12th_and_Madison_4/DT_12th_and_Madison_4_20260528T151000.jpg,illegal_dumping,done,2026-06-02T11:10:52.273917+00:00,0.034,0.78,0.816,,nvidia/cosmos-reason2-8b,"DUMPING PRESENT: Yes
ORDINANCE VIOLATION: Yes
WASTE TYPE: mixed
WASTE VOLUME: medium
WASTE ORIGIN: residential
PROPERTY TYPE: alley
ADDRESS MARKERS: NONE
GUTTER/ALLEY: Yes
WATER PROXIMITY: No
CHRONIC SITE: No
VEHICLES: NONE
IDENTIFIERS: NONE
SEVERITY: 2
ORDINANCE: Sec-46-45
PRIORITY: MEDIUM
SUMMARY: Illegal dumping of mixed waste is present in the alley, violating property owner liability under Sec. 46-45.
"
20260602T105528Z,DT_12th_and_Madison_4_20260528T152000.jpg,,,dataset_20260528/DT_12th_and_Madison_4/DT_12th_and_Madison_4_20260528T152000.jpg,illegal_dumping,done,2026-06-02T11:10:52.449406+00:00,0.041,0.819,0.863,,nvidia/cosmos-reason2-8b,"DUMPING PRESENT: Yes
ORDINANCE VIOLATION: Yes
WASTE TYPE: mixed
WASTE VOLUME: small (pickup truck)
WASTE ORIGIN: residential
PROPERTY TYPE: alley
ADDRESS MARKERS: NONE
GUTTER/ALLEY: Yes
WATER PROXIMITY: No
CHRONIC SITE: No
VEHICLES: NONE
IDENTIFIERS: NONE
SEVERITY: 2
ORDINANCE: Sec-46-45
PRIORITY: MEDIUM
SUMMARY: Illegal dumping is present in the alley, with mixed waste scattered across the area, violating property owner liability under Sec. 46-45.
"
20260602T105528Z,DT_12th_and_Madison_4_20260528T153000.jpg,,,dataset_20260528/DT_12th_and_Madison_4/DT_12th_and_Madison_4_20260528T153000.jpg,illegal_dumping,done,2026-06-02T11:10:52.732160+00:00,0.035,0.728,0.765,,nvidia/cosmos-reason2-8b,"DUMPING PRESENT: Yes
ORDINANCE VIOLATION: Yes
WASTE TYPE: mixed
WASTE VOLUME: medium
WASTE ORIGIN: residential
PROPERTY TYPE: alley
ADDRESS MARKERS: NONE
GUTTER/ALLEY: Yes
WATER PROXIMITY: No
CHRONIC SITE: No
VEHICLES: NONE
IDENTIFIERS: NONE
SEVERITY: 2
ORDINANCE: Sec-46-45
PRIORITY: MEDIUM
SUMMARY: Illegal dumping of mixed waste is present in the alley, violating Brownsville's property owner liability ordinance.
"
20260602T105528Z,DT_12th_and_Madison_4_20260528T154000.jpg,,,dataset_20260528/DT_12th_and_Madison_4/DT_12th_and_Madison_4_20260528T154000.jpg,illegal_dumping,done,2026-06-02T11:10:53.007792+00:00,0.033,0.878,0.913,,nvidia/cosmos-reason2-8b,"DUMPING PRESENT: Yes
ORDINANCE VIOLATION: Yes
WASTE TYPE: mixed
WASTE VOLUME: small (pickup truck)
WASTE ORIGIN: residential
PROPERTY TYPE: alley
ADDRESS MARKERS: NONE
GUTTER/ALLEY: Yes
WATER PROXIMITY: No
CHRONIC SITE: No
VEHICLES: NONE
IDENTIFIERS: NONE
SEVERITY: 3
ORDINANCE: Sec-46-45
PRIORITY: MEDIUM
SUMMARY: Illegal dumping is present in the alley, with mixed waste scattered across the area, violating property owner liability under Sec. 46-45.
"
20260602T105528Z,DT_12th_and_Madison_4_20260528T155000.jpg,,,dataset_20260528/DT_12th_and_Madison_4/DT_12th_and_Madison_4_20260528T155000.jpg,illegal_dumping,done,2026-06-02T11:10:53.092436+00:00,0.034,0.96,0.996,,nvidia/cosmos-reason2-8b,"DUMPING PRESENT: Yes
ORDINANCE VIOLATION: Yes
WASTE TYPE: mixed
WASTE VOLUME: small (pickup truck)
WASTE ORIGIN: residential
PROPERTY TYPE: alley
ADDRESS MARKERS: NONE
GUTTER/ALLEY: Yes
WATER PROXIMITY: No
CHRONIC SITE: No
VEHICLES: NONE
IDENTIFIERS: NONE
SEVERITY: 2
ORDINANCE: Sec-46-45
PRIORITY: MEDIUM
SUMMARY: Illegal dumping of mixed waste is observed in the alley, violating Brownsville's property owner liability ordinance (Sec. 46-45)."
20260602T105528Z,DT_12th_and_Madison_4_20260528T160000.jpg,,,dataset_20260528/DT_12th_and_Madison_4/DT_12th_and_Madison_4_20260528T160000.jpg,illegal_dumping,done,2026-06-02T11:10:53.315163+00:00,0.036,0.855,0.893,,nvidia/cosmos-reason2-8b,"DUMPING PRESENT: Yes
ORDINANCE VIOLATION: Yes
WASTE TYPE: mixed
WASTE VOLUME: small (pickup truck)
WASTE ORIGIN: residential
PROPERTY TYPE: alley
ADDRESS MARKERS: NONE
GUTTER/ALLEY: Yes
WATER PROXIMITY: No
CHRONIC SITE: No
VEHICLES: NONE
IDENTIFIERS: NONE
SEVERITY: 2
ORDINANCE: Sec-46-45
PRIORITY: MEDIUM
SUMMARY: Illegal dumping of mixed waste is observed in the alley, violating Brownsville's property owner liability ordinance (Sec. 46-45)."
20260602T105528Z,DT_12th_and_Madison_4_20260528T161000.jpg,,,dataset_20260528/DT_12th_and_Madison_4/DT_12th_and_Madison_4_20260528T161000.jpg,illegal_dumping,done,2026-06-02T11:10:53.499976+00:00,0.032,0.922,0.956,,nvidia/cosmos-reason2-8b,"DUMPING PRESENT: Yes
ORDINANCE VIOLATION: Yes
WASTE TYPE: mixed
WASTE VOLUME: small (pickup truck)
WASTE ORIGIN: residential
PROPERTY TYPE: alley
ADDRESS MARKERS: NONE
GUTTER/ALLEY: Yes
WATER PROXIMITY: No
CHRONIC SITE: No
VEHICLES: NONE
IDENTIFIERS: NONE
SEVERITY: 2
ORDINANCE: Sec-46-45
PRIORITY: MEDIUM
SUMMARY: Illegal dumping is observed in the alley, with mixed waste scattered across the area, violating property owner liability under Sec-46-45.
"
20260602T105528Z,DT_12th_and_Madison_4_20260528T162000.jpg,,,dataset_20260528/DT_12th_and_Madison_4/DT_12th_and_Madison_4_20260528T162000.jpg,illegal_dumping,done,2026-06-02T11:10:53.924038+00:00,0.038,0.842,0.884,,nvidia/cosmos-reason2-8b,"DUMPING PRESENT: Yes
ORDINANCE VIOLATION: Yes
WASTE TYPE: mixed
WASTE VOLUME: small (pickup truck)
WASTE ORIGIN: residential
PROPERTY TYPE: alley
ADDRESS MARKERS: NONE
GUTTER/ALLEY: Yes
WATER PROXIMITY: No
CHRONIC SITE: No
VEHICLES: NONE
IDENTIFIERS: NONE
SEVERITY: 2
ORDINANCE: Sec-46-45
PRIORITY: MEDIUM
SUMMARY: Illegal dumping is observed in the alley, with mixed waste scattered across the area, violating property owner liability under Sec-46-45.
"
20260602T105528Z,DT_12th_and_Madison_4_20260528T163000.jpg,,,dataset_20260528/DT_12th_and_Madison_4/DT_12th_and_Madison_4_20260528T163000.jpg,illegal_dumping,done,2026-06-02T11:10:54.091560+00:00,0.033,0.818,0.853,,nvidia/cosmos-reason2-8b,"DUMPING PRESENT: Yes
ORDINANCE VIOLATION: Yes
WASTE TYPE: mixed
WASTE VOLUME: medium
WASTE ORIGIN: residential
PROPERTY TYPE: alley
ADDRESS MARKERS: NONE
GUTTER/ALLEY: Yes
WATER PROXIMITY: No
CHRONIC SITE: No
VEHICLES: NONE
IDENTIFIERS: NONE
SEVERITY: 2
ORDINANCE: Sec-46-45
PRIORITY: MEDIUM
SUMMARY: Illegal dumping is present in the alley, with mixed waste scattered across the area, violating property owner liability under Sec-46-45.
"
20260602T105528Z,DT_12th_and_Madison_4_20260528T164000.jpg,,,dataset_20260528/DT_12th_and_Madison_4/DT_12th_and_Madison_4_20260528T164000.jpg,illegal_dumping,done,2026-06-02T11:10:54.210760+00:00,0.031,0.864,0.898,,nvidia/cosmos-reason2-8b,"DUMPING PRESENT: Yes
ORDINANCE VIOLATION: Yes
WASTE TYPE: mixed
WASTE VOLUME: small (pickup truck)
WASTE ORIGIN: residential
PROPERTY TYPE: alley
ADDRESS MARKERS: NONE
GUTTER/ALLEY: Yes
WATER PROXIMITY: No
CHRONIC SITE: No
VEHICLES: NONE
IDENTIFIERS: NONE
SEVERITY: 2
ORDINANCE: Sec-46-45
PRIORITY: MEDIUM
SUMMARY: Illegal dumping of mixed waste is present in the alley, violating Brownsville's property owner liability ordinance.
"
20260602T105528Z,DT_12th_and_Madison_4_20260528T165000.jpg,,,dataset_20260528/DT_12th_and_Madison_4/DT_12th_and_Madison_4_20260528T165000.jpg,illegal_dumping,done,2026-06-02T11:10:54.458432+00:00,0.032,0.845,0.88,,nvidia/cosmos-reason2-8b,"DUMPING PRESENT: Yes
ORDINANCE VIOLATION: Yes
WASTE TYPE: mixed
WASTE VOLUME: small (pickup truck)
WASTE ORIGIN: residential
PROPERTY TYPE: alley
ADDRESS MARKERS: NONE
GUTTER/ALLEY: Yes
WATER PROXIMITY: No
CHRONIC SITE: No
VEHICLES: NONE
IDENTIFIERS: NONE
SEVERITY: 2
ORDINANCE: Sec-46-45
PRIORITY: MEDIUM
SUMMARY: Illegal dumping of mixed waste is observed in the alley, violating Brownsville's property owner liability ordinance (Sec. 46-45)."
20260602T105528Z,DT_12th_and_Madison_4_20260528T170000.jpg,,,dataset_20260528/DT_12th_and_Madison_4/DT_12th_and_Madison_4_20260528T170000.jpg,illegal_dumping,done,2026-06-02T11:10:54.810761+00:00,0.036,0.795,0.833,,nvidia/cosmos-reason2-8b,"DUMPING PRESENT: Yes
ORDINANCE VIOLATION: Yes
WASTE TYPE: mixed
WASTE VOLUME: small (pickup truck)
WASTE ORIGIN: residential
PROPERTY TYPE: alley
ADDRESS MARKERS: NONE
GUTTER/ALLEY: Yes
WATER PROXIMITY: No
CHRONIC SITE: No
VEHICLES: NONE
IDENTIFIERS: NONE
SEVERITY: 2
ORDINANCE: Sec-46-45
PRIORITY: MEDIUM
SUMMARY: Illegal dumping is observed in the alley, with mixed waste scattered on the ground, violating Brownsville's property owner liability ordinance (Sec. 46-45)."
20260602T105528Z,DT_12th_and_Madison_4_20260528T171000.jpg,,,dataset_20260528/DT_12th_and_Madison_4/DT_12th_and_Madison_4_20260528T171000.jpg,illegal_dumping,done,2026-06-02T11:10:54.947351+00:00,0.035,0.835,0.873,,nvidia/cosmos-reason2-8b,"DUMPING PRESENT: Yes
ORDINANCE VIOLATION: Yes
WASTE TYPE: mixed
WASTE VOLUME: small (pickup truck)
WASTE ORIGIN: residential
PROPERTY TYPE: alley
ADDRESS MARKERS: NONE
GUTTER/ALLEY: Yes
WATER PROXIMITY: No
CHRONIC SITE: No
VEHICLES: NONE
IDENTIFIERS: NONE
SEVERITY: 2
ORDINANCE: Sec-46-45
PRIORITY: MEDIUM
SUMMARY: Illegal dumping of mixed waste is observed in the alley, violating Brownsville's property owner liability ordinance.
"
20260602T105528Z,DT_12th_and_Madison_4_20260528T172000.jpg,,,dataset_20260528/DT_12th_and_Madison_4/DT_12th_and_Madison_4_20260528T172000.jpg,illegal_dumping,done,2026-06-02T11:10:55.110882+00:00,0.037,0.929,0.968,,nvidia/cosmos-reason2-8b,"DUMPING PRESENT: Yes
ORDINANCE VIOLATION: Yes
WASTE TYPE: mixed
WASTE VOLUME: small (pickup truck)
WASTE ORIGIN: residential
PROPERTY TYPE: alley
ADDRESS MARKERS: NONE
GUTTER/ALLEY: Yes
WATER PROXIMITY: No
CHRONIC SITE: No
VEHICLES: NONE
IDENTIFIERS: NONE
SEVERITY: 2
ORDINANCE: Sec-46-45
PRIORITY: MEDIUM
SUMMARY: Illegal dumping is present in the alley, with mixed waste scattered on the ground, violating property owner liability under Sec-46-45.
"
20260602T105528Z,DT_12th_and_Madison_4_20260528T173000.jpg,,,dataset_20260528/DT_12th_and_Madison_4/DT_12th_and_Madison_4_20260528T173000.jpg,illegal_dumping,done,2026-06-02T11:10:55.340936+00:00,0.038,0.849,0.889,,nvidia/cosmos-reason2-8b,"DUMPING PRESENT: Yes
ORDINANCE VIOLATION: Yes
WASTE TYPE: mixed
WASTE VOLUME: small (pickup truck)
WASTE ORIGIN: residential
PROPERTY TYPE: alley
ADDRESS MARKERS: NONE
GUTTER/ALLEY: Yes
WATER PROXIMITY: No
CHRONIC SITE: No
VEHICLES: NONE
IDENTIFIERS: NONE
SEVERITY: 2
ORDINANCE: Sec-46-45
PRIORITY: MEDIUM
SUMMARY: Illegal dumping of mixed waste is observed in the alley, violating Brownsville's property owner liability ordinance.
"
20260602T105528Z,DT_12th_and_Madison_4_20260528T174000.jpg,,,dataset_20260528/DT_12th_and_Madison_4/DT_12th_and_Madison_4_20260528T174000.jpg,illegal_dumping,done,2026-06-02T11:10:55.646891+00:00,0.037,0.812,0.852,,nvidia/cosmos-reason2-8b,"DUMPING PRESENT: Yes
ORDINANCE VIOLATION: Yes
WASTE TYPE: mixed
WASTE VOLUME: medium
WASTE ORIGIN: residential
PROPERTY TYPE: alley
ADDRESS MARKERS: NONE
GUTTER/ALLEY: Yes
WATER PROXIMITY: No
CHRONIC SITE: No
VEHICLES: NONE
IDENTIFIERS: NONE
SEVERITY: 2
ORDINANCE: Sec-46-45
PRIORITY: MEDIUM
SUMMARY: Illegal dumping is observed in the alley, with mixed waste scattered on the ground, violating property owner liability under Sec-46-45.
"
20260602T105528Z,DT_12th_and_Madison_4_20260528T175000.jpg,,,dataset_20260528/DT_12th_and_Madison_4/DT_12th_and_Madison_4_20260528T175000.jpg,illegal_dumping,done,2026-06-02T11:10:55.822423+00:00,0.035,0.785,0.822,,nvidia/cosmos-reason2-8b,"DUMPING PRESENT: Yes
ORDINANCE VIOLATION: Yes
WASTE TYPE: mixed
WASTE VOLUME: small (pickup truck)
WASTE ORIGIN: residential
PROPERTY TYPE: alley
ADDRESS MARKERS: NONE
GUTTER/ALLEY: Yes
WATER PROXIMITY: No
CHRONIC SITE: No
VEHICLES: NONE
IDENTIFIERS: NONE
SEVERITY: 2
ORDINANCE: Sec-46-45
PRIORITY: MEDIUM
SUMMARY: Illegal dumping is observed in the alley, with mixed waste scattered on the ground, violating property owner liability under Sec. 46-45.
"
20260602T105528Z,DT_12th_and_Madison_4_20260528T180000.jpg,,,dataset_20260528/DT_12th_and_Madison_4/DT_12th_and_Madison_4_20260528T180000.jpg,illegal_dumping,done,2026-06-02T11:10:56.081601+00:00,0.036,0.859,0.898,,nvidia/cosmos-reason2-8b,"DUMPING PRESENT: Yes
ORDINANCE VIOLATION: Yes
WASTE TYPE: mixed
WASTE VOLUME: small (pickup truck)
WASTE ORIGIN: residential
PROPERTY TYPE: alley
ADDRESS MARKERS: NONE
GUTTER/ALLEY: Yes
WATER PROXIMITY: No
CHRONIC SITE: No
VEHICLES: NONE
IDENTIFIERS: NONE
SEVERITY: 2
ORDINANCE: Sec-46-45
PRIORITY: MEDIUM
SUMMARY: Illegal dumping of mixed waste is observed in the alley, violating Brownsville's property owner liability ordinance (Sec. 46-45)."
20260602T105528Z,DT_12th_and_Madison_4_20260528T181000.jpg,,,dataset_20260528/DT_12th_and_Madison_4/DT_12th_and_Madison_4_20260528T181000.jpg,illegal_dumping,done,2026-06-02T11:10:56.232372+00:00,0.039,0.824,0.866,,nvidia/cosmos-reason2-8b,"DUMPING PRESENT: Yes
ORDINANCE VIOLATION: Yes
WASTE TYPE: mixed
WASTE VOLUME: small (pickup truck)
WASTE ORIGIN: residential
PROPERTY TYPE: alley
ADDRESS MARKERS: NONE
GUTTER/ALLEY: Yes
WATER PROXIMITY: No
CHRONIC SITE: No
VEHICLES: NONE
IDENTIFIERS: NONE
SEVERITY: 2
ORDINANCE: Sec-46-45
PRIORITY: MEDIUM
SUMMARY: Illegal dumping of mixed waste is observed in the alley, violating Brownsville's property owner liability ordinance.
"
20260602T105528Z,DT_12th_and_Madison_4_20260528T182000.jpg,,,dataset_20260528/DT_12th_and_Madison_4/DT_12th_and_Madison_4_20260528T182000.jpg,illegal_dumping,done,2026-06-02T11:10:56.501019+00:00,0.033,0.675,0.712,,nvidia/cosmos-reason2-8b,"DUMPING PRESENT: No
ORDINANCE VIOLATION: No
WASTE TYPE: mixed
WASTE VOLUME: small (pickup truck)
WASTE ORIGIN: residential
PROPERTY TYPE: occupied-private
ADDRESS MARKERS: NONE
GUTTER/ALLEY: No
WATER PROXIMITY: No
CHRONIC SITE: No
VEHICLES: NONE
IDENTIFIERS: NONE
SEVERITY: 1
ORDINANCE: N/A
PRIORITY: LOW
SUMMARY: No illegal dumping detected in the video."
20260602T105528Z,DT_12th_and_Madison_4_20260528T183000.jpg,,,dataset_20260528/DT_12th_and_Madison_4/DT_12th_and_Madison_4_20260528T183000.jpg,illegal_dumping,done,2026-06-02T11:10:56.646870+00:00,0.035,0.782,0.819,,nvidia/cosmos-reason2-8b,"DUMPING PRESENT: No
ORDINANCE VIOLATION: No
WASTE TYPE: mixed
WASTE VOLUME: small (pickup truck)
WASTE ORIGIN: residential
PROPERTY TYPE: vacant-lot
ADDRESS MARKERS: <NONE>
GUTTER/ALLEY: No
WATER PROXIMITY: No
CHRONIC SITE: No
VEHICLES: <NONE>
IDENTIFIERS: <NONE>
SEVERITY: 1
ORDINANCE: N/A
PRIORITY: LOW
SUMMARY: No illegal dumping observed in the video."
20260602T105528Z,DT_12th_and_Madison_4_20260528T184000.jpg,,,dataset_20260528/DT_12th_and_Madison_4/DT_12th_and_Madison_4_20260528T184000.jpg,illegal_dumping,done,2026-06-02T11:10:56.982967+00:00,0.035,0.734,0.771,,nvidia/cosmos-reason2-8b,"DUMPING PRESENT: No
ORDINANCE VIOLATION: No
WASTE TYPE: mixed
WASTE VOLUME: small (pickup truck)
WASTE ORIGIN: residential
PROPERTY TYPE: vacant-lot
ADDRESS MARKERS: NONE
GUTTER/ALLEY: No
WATER PROXIMITY: No
CHRONIC SITE: No
VEHICLES: NONE
IDENTIFIERS: NONE
SEVERITY: 1
ORDINANCE: N/A
PRIORITY: LOW
SUMMARY: No illegal dumping detected in the video."
20260602T105528Z,DT_12th_and_Madison_4_20260528T185000.jpg,,,dataset_20260528/DT_12th_and_Madison_4/DT_12th_and_Madison_4_20260528T185000.jpg,illegal_dumping,done,2026-06-02T11:10:57.101214+00:00,0.033,0.759,0.795,,nvidia/cosmos-reason2-8b,"DUMPING PRESENT: No
ORDINANCE VIOLATION: No
WASTE TYPE: mixed
WASTE VOLUME: small (pickup truck)
WASTE ORIGIN: residential
PROPERTY TYPE: occupied-private
ADDRESS MARKERS: NONE
GUTTER/ALLEY: No
WATER PROXIMITY: No
CHRONIC SITE: No
VEHICLES: NONE
IDENTIFIERS: NONE
SEVERITY: 1
ORDINANCE: N/A
PRIORITY: LOW
SUMMARY: No illegal dumping detected in the video."
20260602T105528Z,DT_12th_and_Madison_4_20260528T190000.jpg,,,dataset_20260528/DT_12th_and_Madison_4/DT_12th_and_Madison_4_20260528T190000.jpg,illegal_dumping,done,2026-06-02T11:10:57.214914+00:00,0.032,1.055,1.088,,nvidia/cosmos-reason2-8b,"DUMPING PRESENT: Yes
ORDINANCE VIOLATION: Yes
WASTE TYPE: mixed
WASTE VOLUME: small (pickup truck)
WASTE ORIGIN: residential
PROPERTY TYPE: alley
ADDRESS MARKERS: NONE
GUTTER/ALLEY: Yes
WATER PROXIMITY: No
CHRONIC SITE: No
VEHICLES: NONE
IDENTIFIERS: NONE
SEVERITY: 2
ORDINANCE: Sec-46-45
PRIORITY: MEDIUM
SUMMARY: Illegal dumping is present in the alley, violating Brownsville's property owner liability ordinance (Sec. 46-45)."
20260602T105528Z,DT_12th_and_Madison_4_20260528T191000.jpg,,,dataset_20260528/DT_12th_and_Madison_4/DT_12th_and_Madison_4_20260528T191000.jpg,illegal_dumping,done,2026-06-02T11:10:57.469649+00:00,0.034,0.841,0.879,,nvidia/cosmos-reason2-8b,"DUMPING PRESENT: Yes
ORDINANCE VIOLATION: Yes
WASTE TYPE: mixed
WASTE VOLUME: small (pickup truck)
WASTE ORIGIN: residential
PROPERTY TYPE: alley
ADDRESS MARKERS: NONE
GUTTER/ALLEY: Yes
WATER PROXIMITY: No
CHRONIC SITE: No
VEHICLES: NONE
IDENTIFIERS: NONE
SEVERITY: 3
ORDINANCE: Sec-46-45
PRIORITY: MEDIUM
SUMMARY: Illegal dumping of mixed waste is observed in the alley, violating Brownsville's property owner liability ordinance.
"
20260602T105528Z,DT_12th_and_Madison_4_20260528T192000.jpg,,,dataset_20260528/DT_12th_and_Madison_4/DT_12th_and_Madison_4_20260528T192000.jpg,illegal_dumping,done,2026-06-02T11:10:57.757262+00:00,0.043,0.827,0.874,,nvidia/cosmos-reason2-8b,"DUMPING PRESENT: Yes
ORDINANCE VIOLATION: Yes
WASTE TYPE: mixed
WASTE VOLUME: small (pickup truck)
WASTE ORIGIN: residential
PROPERTY TYPE: alley
ADDRESS MARKERS: NONE
GUTTER/ALLEY: Yes
WATER PROXIMITY: No
CHRONIC SITE: No
VEHICLES: NONE
IDENTIFIERS: NONE
SEVERITY: 2
ORDINANCE: Sec-46-45
PRIORITY: MEDIUM
SUMMARY: Illegal dumping of mixed waste is observed in the alley, violating Brownsville's property owner liability ordinance."
20260602T105528Z,DT_12th_and_Madison_4_20260528T193000.jpg,,,dataset_20260528/DT_12th_and_Madison_4/DT_12th_and_Madison_4_20260528T193000.jpg,illegal_dumping,done,2026-06-02T11:10:57.898626+00:00,0.033,0.817,0.852,,nvidia/cosmos-reason2-8b,"DUMPING PRESENT: Yes
ORDINANCE VIOLATION: Yes
WASTE TYPE: mixed
WASTE VOLUME: small (pickup truck)
WASTE ORIGIN: residential
PROPERTY TYPE: alley
ADDRESS MARKERS: NONE
GUTTER/ALLEY: Yes
WATER PROXIMITY: No
CHRONIC SITE: No
VEHICLES: NONE
IDENTIFIERS: NONE
SEVERITY: 2
ORDINANCE: Sec-46-45
PRIORITY: MEDIUM
SUMMARY: Illegal dumping of mixed waste is present in the alley, violating Brownsville's property owner liability ordinance.
"
20260602T105528Z,DT_12th_and_Madison_4_20260528T194000.jpg,,,dataset_20260528/DT_12th_and_Madison_4/DT_12th_and_Madison_4_20260528T194000.jpg,illegal_dumping,done,2026-06-02T11:10:58.306137+00:00,0.034,0.832,0.869,,nvidia/cosmos-reason2-8b,"DUMPING PRESENT: Yes
ORDINANCE VIOLATION: Yes
WASTE TYPE: mixed
WASTE VOLUME: small (pickup truck)
WASTE ORIGIN: residential
PROPERTY TYPE: alley
ADDRESS MARKERS: NONE
GUTTER/ALLEY: Yes
WATER PROXIMITY: No
CHRONIC SITE: No
VEHICLES: NONE
IDENTIFIERS: NONE
SEVERITY: 2
ORDINANCE: Sec-46-45
PRIORITY: MEDIUM
SUMMARY: Illegal dumping is present in the alley, with mixed waste scattered on the ground, violating property owner liability under Sec-46-45.
"
20260602T105528Z,DT_12th_and_Madison_4_20260528T195000.jpg,,,dataset_20260528/DT_12th_and_Madison_4/DT_12th_and_Madison_4_20260528T195000.jpg,illegal_dumping,done,2026-06-02T11:10:58.350438+00:00,0.031,0.892,0.925,,nvidia/cosmos-reason2-8b,"DUMPING PRESENT: Yes
ORDINANCE VIOLATION: Yes
WASTE TYPE: mixed
WASTE VOLUME: small (pickup truck)
WASTE ORIGIN: residential
PROPERTY TYPE: alley
ADDRESS MARKERS: NONE
GUTTER/ALLEY: Yes
WATER PROXIMITY: No
CHRONIC SITE: No
VEHICLES: NONE
IDENTIFIERS: NONE
SEVERITY: 2
ORDINANCE: Sec-46-45
PRIORITY: MEDIUM
SUMMARY: Illegal dumping is present in the alley, with mixed waste scattered on the ground, violating Brownsville's property owner liability ordinance.
"
20260602T105528Z,DT_12th_and_Madison_4_20260528T200000.jpg,,,dataset_20260528/DT_12th_and_Madison_4/DT_12th_and_Madison_4_20260528T200000.jpg,illegal_dumping,done,2026-06-02T11:10:58.633440+00:00,0.04,0.884,0.927,,nvidia/cosmos-reason2-8b,"DUMPING PRESENT: Yes
ORDINANCE VIOLATION: Yes
WASTE TYPE: mixed
WASTE VOLUME: small (pickup truck)
WASTE ORIGIN: residential
PROPERTY TYPE: alley
ADDRESS MARKERS: NONE
GUTTER/ALLEY: Yes
WATER PROXIMITY: No
CHRONIC SITE: No
VEHICLES: NONE
IDENTIFIERS: NONE
SEVERITY: 3
ORDINANCE: Sec-46-45
PRIORITY: MEDIUM
SUMMARY: Illegal dumping is observed in the alley, with mixed waste scattered on the ground, violating property owner liability under Sec. 46-45.
"
20260602T105528Z,DT_12th_and_Madison_4_20260528T201000.jpg,,,dataset_20260528/DT_12th_and_Madison_4/DT_12th_and_Madison_4_20260528T201000.jpg,illegal_dumping,done,2026-06-02T11:10:58.753433+00:00,0.042,0.901,0.945,,nvidia/cosmos-reason2-8b,"DUMPING PRESENT: Yes
ORDINANCE VIOLATION: Yes
WASTE TYPE: mixed
WASTE VOLUME: small (pickup truck)
WASTE ORIGIN: residential
PROPERTY TYPE: alley
ADDRESS MARKERS: NONE
GUTTER/ALLEY: Yes
WATER PROXIMITY: No
CHRONIC SITE: No
VEHICLES: NONE
IDENTIFIERS: NONE
SEVERITY: 2
ORDINANCE: Sec-46-45
PRIORITY: MEDIUM
SUMMARY: Illegal dumping is observed in the alley, with mixed waste scattered on the ground, violating property owner liability under Sec. 46-45.
"
20260602T105528Z,DT_12th_and_Madison_4_20260528T202000.jpg,,,dataset_20260528/DT_12th_and_Madison_4/DT_12th_and_Madison_4_20260528T202000.jpg,illegal_dumping,done,2026-06-02T11:10:59.177593+00:00,0.038,0.867,0.908,,nvidia/cosmos-reason2-8b,"DUMPING PRESENT: Yes
ORDINANCE VIOLATION: Yes
WASTE TYPE: mixed
WASTE VOLUME: small (pickup truck)
WASTE ORIGIN: residential
PROPERTY TYPE: alley
ADDRESS MARKERS: NONE
GUTTER/ALLEY: Yes
WATER PROXIMITY: No
CHRONIC SITE: No
VEHICLES: NONE
IDENTIFIERS: NONE
SEVERITY: 2
ORDINANCE: Sec-46-45
PRIORITY: MEDIUM
SUMMARY: Illegal dumping is present in the alley, violating Brownsville's property owner liability ordinance (Sec. 46-45)."
20260602T105528Z,DT_12th_and_Madison_4_20260528T203000.jpg,,,dataset_20260528/DT_12th_and_Madison_4/DT_12th_and_Madison_4_20260528T203000.jpg,illegal_dumping,done,2026-06-02T11:10:59.278633+00:00,0.036,1.026,1.064,,nvidia/cosmos-reason2-8b,"```json
{
  ""DUMPING PRESENT"": ""Yes"",
  ""ORDINANCE VIOLATION"": ""Yes"",
  ""WASTE TYPE"": [
    ""mixed""
  ],
  ""WASTE VOLUME"": ""small (pickup truck)"",
  ""WASTE ORIGIN"": ""residential"",
  ""PROPERTY TYPE"": ""vacant-lot"",
  ""ADDRESS MARKERS"": ""NONE"",
  ""GUTTER/ALLEY"": ""Yes"",
  ""WATER PROXIMITY"": ""No"",
  ""CHRONIC SITE"": ""No"",
  ""VEHICLES"": ""NONE"",
  ""IDENTIFIERS"": ""NONE"",
  ""SEVERITY"": ""2"",
  ""ORDINANCE"": ""Sec-46-45"",
  ""PRIORITY"": ""MEDIUM"",
  ""SUMMARY"": ""Illegal dumping of mixed waste is observed in a vacant lot adjacent to a residential property, violating Brownsville\u2019s property owner liability ordinance.""
}
```"
20260602T105528Z,DT_12th_and_Madison_4_20260528T204000.jpg,,,dataset_20260528/DT_12th_and_Madison_4/DT_12th_and_Madison_4_20260528T204000.jpg,illegal_dumping,done,2026-06-02T11:10:59.564059+00:00,0.041,0.848,0.892,,nvidia/cosmos-reason2-8b,"DUMPING PRESENT: Yes
ORDINANCE VIOLATION: Yes
WASTE TYPE: mixed
WASTE VOLUME: small (pickup truck)
WASTE ORIGIN: residential
PROPERTY TYPE: alley
ADDRESS MARKERS: NONE
GUTTER/ALLEY: Yes
WATER PROXIMITY: No
CHRONIC SITE: No
VEHICLES: NONE
IDENTIFIERS: NONE
SEVERITY: 2
ORDINANCE: Sec-46-45
PRIORITY: MEDIUM
SUMMARY: A small pile of mixed waste is illegally dumped in an alley, violating Brownsville's property owner liability ordinance.
"
20260602T105528Z,DT_12th_and_Madison_4_20260528T205000.jpg,,,dataset_20260528/DT_12th_and_Madison_4/DT_12th_and_Madison_4_20260528T205000.jpg,illegal_dumping,done,2026-06-02T11:10:59.701362+00:00,0.035,0.839,0.877,,nvidia/cosmos-reason2-8b,"DUMPING PRESENT: Yes
ORDINANCE VIOLATION: Yes
WASTE TYPE: mixed
WASTE VOLUME: medium
WASTE ORIGIN: residential
PROPERTY TYPE: alley
ADDRESS MARKERS: NONE
GUTTER/ALLEY: Yes
WATER PROXIMITY: No
CHRONIC SITE: No
VEHICLES: NONE
IDENTIFIERS: NONE
SEVERITY: 2
ORDINANCE: Sec-46-45
PRIORITY: MEDIUM
SUMMARY: A medium volume of mixed waste is illegally dumped in an alley, violating Brownsville's property owner liability ordinance (Sec. 46-45).
"
20260602T105528Z,DT_12th_and_Madison_4_20260528T210000.jpg,,,dataset_20260528/DT_12th_and_Madison_4/DT_12th_and_Madison_4_20260528T210000.jpg,illegal_dumping,done,2026-06-02T11:11:00.088305+00:00,0.038,0.799,0.838,,nvidia/cosmos-reason2-8b,"DUMPING PRESENT: Yes
ORDINANCE VIOLATION: Yes
WASTE TYPE: mixed
WASTE VOLUME: medium
WASTE ORIGIN: residential
PROPERTY TYPE: alley
ADDRESS MARKERS: NONE
GUTTER/ALLEY: Yes
WATER PROXIMITY: No
CHRONIC SITE: No
VEHICLES: NONE
IDENTIFIERS: NONE
SEVERITY: 2
ORDINANCE: Sec-46-45
PRIORITY: MEDIUM
SUMMARY: A medium volume of mixed waste is illegally dumped in an alley, violating Brownsville's property owner liability ordinance (Sec. 46-45).
"
20260602T105528Z,DT_12th_and_Madison_4_20260528T211000.jpg,,,dataset_20260528/DT_12th_and_Madison_4/DT_12th_and_Madison_4_20260528T211000.jpg,illegal_dumping,done,2026-06-02T11:11:00.346336+00:00,0.039,0.8,0.841,,nvidia/cosmos-reason2-8b,"DUMPING PRESENT: Yes
ORDINANCE VIOLATION: Yes
WASTE TYPE: mixed
WASTE VOLUME: medium
WASTE ORIGIN: residential
PROPERTY TYPE: alley
ADDRESS MARKERS: NONE
GUTTER/ALLEY: Yes
WATER PROXIMITY: No
CHRONIC SITE: No
VEHICLES: NONE
IDENTIFIERS: NONE
SEVERITY: 2
ORDINANCE: Sec-46-45
PRIORITY: MEDIUM
SUMMARY: Illegal dumping of mixed waste is observed in an alleyway, violating Brownsville's property owner liability ordinance.
"
20260602T105528Z,DT_12th_and_Madison_4_20260528T212000.jpg,,,dataset_20260528/DT_12th_and_Madison_4/DT_12th_and_Madison_4_20260528T212000.jpg,illegal_dumping,done,2026-06-02T11:11:00.458280+00:00,0.04,1.118,1.16,,nvidia/cosmos-reason2-8b,"DUMPING PRESENT: Yes
ORDINANCE VIOLATION: Yes
WASTE TYPE: mixed
WASTE VOLUME: medium
WASTE ORIGIN: unknown
PROPERTY TYPE: alley
ADDRESS MARKERS: NONE
GUTTER/ALLEY: Yes
WATER PROXIMITY: No
CHRONIC SITE: No
VEHICLES: NONE
IDENTIFIERS: NONE
SEVERITY: 2
ORDINANCE: Sec-46-45
PRIORITY: MEDIUM
SUMMARY: Illegal dumping is occurring in an alley, with mixed waste visible on the ground; the property owner may be held liable under Sec-46-45 for failing to prevent the disposal of waste on their private property.
"
20260602T105528Z,DT_12th_and_Madison_4_20260528T213000.jpg,,,dataset_20260528/DT_12th_and_Madison_4/DT_12th_and_Madison_4_20260528T213000.jpg,illegal_dumping,done,2026-06-02T11:11:00.580410+00:00,0.031,1.087,1.12,,nvidia/cosmos-reason2-8b,"DUMPING PRESENT: Yes
ORDINANCE VIOLATION: Yes
WASTE TYPE: mixed
WASTE VOLUME: medium
WASTE ORIGIN: residential
PROPERTY TYPE: alley
ADDRESS MARKERS: NONE
GUTTER/ALLEY: Yes
WATER PROXIMITY: No
CHRONIC SITE: No
VEHICLES: NONE
IDENTIFIERS: NONE
SEVERITY: 2
ORDINANCE: Sec-46-45
PRIORITY: MEDIUM
SUMMARY: Illegal dumping of mixed waste is observed in an alleyway, violating Brownsville's property owner liability ordinance.
"
20260602T105528Z,DT_12th_and_Madison_4_20260528T214000.jpg,,,dataset_20260528/DT_12th_and_Madison_4/DT_12th_and_Madison_4_20260528T214000.jpg,illegal_dumping,done,2026-06-02T11:11:00.929458+00:00,0.029,0.777,0.809,,nvidia/cosmos-reason2-8b,"DUMPING PRESENT: Yes
ORDINANCE VIOLATION: Yes
WASTE TYPE: mixed
WASTE VOLUME: medium
WASTE ORIGIN: residential
PROPERTY TYPE: alley
ADDRESS MARKERS: NONE
GUTTER/ALLEY: Yes
WATER PROXIMITY: No
CHRONIC SITE: No
VEHICLES: NONE
IDENTIFIERS: NONE
SEVERITY: 2
ORDINANCE: Sec-46-45
PRIORITY: MEDIUM
SUMMARY: Mixed waste is illegally dumped in an alley, violating property owner liability under Sec. 46-45.
"
20260602T105528Z,DT_12th_and_Madison_4_20260528T215000.jpg,,,dataset_20260528/DT_12th_and_Madison_4/DT_12th_and_Madison_4_20260528T215000.jpg,illegal_dumping,done,2026-06-02T11:11:01.189632+00:00,0.035,0.732,0.77,,nvidia/cosmos-reason2-8b,"DUMPING PRESENT: No
ORDINANCE VIOLATION: No
WASTE TYPE: mixed
WASTE VOLUME: small (pickup truck)
WASTE ORIGIN: residential
PROPERTY TYPE: alley
ADDRESS MARKERS: <NONE>
GUTTER/ALLEY: Yes
WATER PROXIMITY: No
CHRONIC SITE: No
VEHICLES: <NONE>
IDENTIFIERS: <NONE>
SEVERITY: 1
ORDINANCE: N/A
PRIORITY: LOW
SUMMARY: No illegal dumping detected in the alleyway; no visible waste or debris on the ground."
20260602T105528Z,DT_12th_and_Madison_4_20260528T220000.jpg,,,dataset_20260528/DT_12th_and_Madison_4/DT_12th_and_Madison_4_20260528T220000.jpg,illegal_dumping,done,2026-06-02T11:11:01.620941+00:00,0.037,0.832,0.871,,nvidia/cosmos-reason2-8b,"DUMPING PRESENT: Yes
ORDINANCE VIOLATION: Yes
WASTE TYPE: mixed
WASTE VOLUME: medium
WASTE ORIGIN: unknown
PROPERTY TYPE: alley
ADDRESS MARKERS: NONE
GUTTER/ALLEY: Yes
WATER PROXIMITY: No
CHRONIC SITE: No
VEHICLES: NONE
IDENTIFIERS: NONE
SEVERITY: 3
ORDINANCE: Sec-46-45
PRIORITY: MEDIUM
SUMMARY: Illegal dumping of mixed waste is present in an alleyway, violating Brownsville's property owner liability ordinance (Sec. 46-45).
"
20260602T105528Z,DT_12th_and_Madison_4_20260528T221000.jpg,,,dataset_20260528/DT_12th_and_Madison_4/DT_12th_and_Madison_4_20260528T221000.jpg,illegal_dumping,done,2026-06-02T11:11:01.702844+00:00,0.038,0.979,1.019,,nvidia/cosmos-reason2-8b,"DUMPING PRESENT: Yes
ORDINANCE VIOLATION: Yes
WASTE TYPE: mixed
WASTE VOLUME: medium (dump truck)
WASTE ORIGIN: residential
PROPERTY TYPE: alley
ADDRESS MARKERS: NONE
GUTTER/ALLEY: Yes
WATER PROXIMITY: No
CHRONIC SITE: No
VEHICLES: NONE
IDENTIFIERS: NONE
SEVERITY: 3
ORDINANCE: Sec-46-45
PRIORITY: MEDIUM
SUMMARY: A medium-sized illegal dumping site is present in an alley, with mixed waste scattered on the ground.
"
20260602T105528Z,DT_12th_and_Madison_4_20260528T222000.jpg,,,dataset_20260528/DT_12th_and_Madison_4/DT_12th_and_Madison_4_20260528T222000.jpg,illegal_dumping,done,2026-06-02T11:11:01.741287+00:00,0.035,1.243,1.28,,nvidia/cosmos-reason2-8b,"DUMPING PRESENT: Yes
ORDINANCE VIOLATION: Yes
WASTE TYPE: mixed
WASTE VOLUME: medium
WASTE ORIGIN: residential
PROPERTY TYPE: alley
ADDRESS MARKERS: NONE
GUTTER/ALLEY: Yes
WATER PROXIMITY: No
CHRONIC SITE: No
VEHICLES: NONE
IDENTIFIERS: NONE
SEVERITY: 2
ORDINANCE: Sec-46-45
PRIORITY: MEDIUM
SUMMARY: Illegal dumping of mixed waste is occurring in an alleyway, violating Brownsville's property owner liability ordinance.
"
20260602T105528Z,DT_12th_and_Madison_4_20260528T223000.jpg,,,dataset_20260528/DT_12th_and_Madison_4/DT_12th_and_Madison_4_20260528T223000.jpg,illegal_dumping,done,2026-06-02T11:11:01.962851+00:00,0.041,1.066,1.109,,nvidia/cosmos-reason2-8b,"DUMPING PRESENT: Yes
ORDINANCE VIOLATION: Yes
WASTE TYPE: mixed
WASTE VOLUME: medium
WASTE ORIGIN: residential
PROPERTY TYPE: alley
ADDRESS MARKERS: NONE
GUTTER/ALLEY: Yes
WATER PROXIMITY: No
CHRONIC SITE: No
VEHICLES: NONE
IDENTIFIERS: NONE
SEVERITY: 2
ORDINANCE: Sec-46-45
PRIORITY: MEDIUM
SUMMARY: Illegal dumping of mixed waste is observed in an alley, violating Brownsville's ordinance, with the property owner potentially liable under Sec-46-45.
"
20260602T105528Z,DT_12th_and_Madison_4_20260528T224000.jpg,,,dataset_20260528/DT_12th_and_Madison_4/DT_12th_and_Madison_4_20260528T224000.jpg,illegal_dumping,done,2026-06-02T11:11:02.495292+00:00,0.038,0.832,0.873,,nvidia/cosmos-reason2-8b,"DUMPING PRESENT: Yes
ORDINANCE VIOLATION: Yes
WASTE TYPE: mixed
WASTE VOLUME: medium
WASTE ORIGIN: unknown
PROPERTY TYPE: alley
ADDRESS MARKERS: NONE
GUTTER/ALLEY: Yes
WATER PROXIMITY: No
CHRONIC SITE: No
VEHICLES: NONE
IDENTIFIERS: NONE
SEVERITY: 2
ORDINANCE: Sec-46-45
PRIORITY: MEDIUM
SUMMARY: Illegal dumping is present in the alley, violating Brownsville's property owner liability ordinance (Sec. 46-45)."
20260602T105528Z,DT_12th_and_Madison_4_20260528T225000.jpg,,,dataset_20260528/DT_12th_and_Madison_4/DT_12th_and_Madison_4_20260528T225000.jpg,illegal_dumping,done,2026-06-02T11:11:02.724517+00:00,0.038,0.812,0.853,,nvidia/cosmos-reason2-8b,"DUMPING PRESENT: Yes
ORDINANCE VIOLATION: Yes
WASTE TYPE: mixed
WASTE VOLUME: medium
WASTE ORIGIN: residential
PROPERTY TYPE: alley
ADDRESS MARKERS: NONE
GUTTER/ALLEY: Yes
WATER PROXIMITY: No
CHRONIC SITE: No
VEHICLES: NONE
IDENTIFIERS: NONE
SEVERITY: 2
ORDINANCE: Sec-46-45
PRIORITY: MEDIUM
SUMMARY: A medium-sized illegal dumping site is present in an alley, with mixed waste scattered on the ground; the property owner is liable under Sec. 46-45 for failing to prevent the dumping.
"
20260602T105528Z,DT_12th_and_Madison_4_20260528T230000.jpg,,,dataset_20260528/DT_12th_and_Madison_4/DT_12th_and_Madison_4_20260528T230000.jpg,illegal_dumping,done,2026-06-02T11:11:03.024831+00:00,0.036,0.824,0.863,,nvidia/cosmos-reason2-8b,"DUMPING PRESENT: Yes
ORDINANCE VIOLATION: Yes
WASTE TYPE: mixed
WASTE VOLUME: medium
WASTE ORIGIN: unknown
PROPERTY TYPE: alley
ADDRESS MARKERS: NONE
GUTTER/ALLEY: Yes
WATER PROXIMITY: No
CHRONIC SITE: No
VEHICLES: NONE
IDENTIFIERS: NONE
SEVERITY: 2
ORDINANCE: Sec-46-45
PRIORITY: MEDIUM
SUMMARY: A medium volume of mixed waste is illegally dumped in an alley, violating Brownsville's property owner liability ordinance (Sec. 46-45).
"
20260602T105528Z,DT_12th_and_Madison_4_20260528T231000.jpg,,,dataset_20260528/DT_12th_and_Madison_4/DT_12th_and_Madison_4_20260528T231000.jpg,illegal_dumping,done,2026-06-02T11:11:03.073620+00:00,0.035,0.973,1.01,,nvidia/cosmos-reason2-8b,"DUMPING PRESENT: Yes
ORDINANCE VIOLATION: Yes
WASTE TYPE: mixed
WASTE VOLUME: medium
WASTE ORIGIN: unknown
PROPERTY TYPE: alley
ADDRESS MARKERS: NONE
GUTTER/ALLEY: Yes
WATER PROXIMITY: No
CHRONIC SITE: No
VEHICLES: NONE
IDENTIFIERS: NONE
SEVERITY: 2
ORDINANCE: Sec-46-45
PRIORITY: MEDIUM
SUMMARY: Illegal dumping is occurring in an alleyway, with mixed waste visible on the ground; the property owner may be held liable under Sec-46-45 for failing to prevent the disposal of waste on their property.
"
20260602T105528Z,DT_12th_and_Madison_4_20260528T232000.jpg,,,dataset_20260528/DT_12th_and_Madison_4/DT_12th_and_Madison_4_20260528T232000.jpg,illegal_dumping,done,2026-06-02T11:11:03.371403+00:00,0.037,0.743,0.783,,nvidia/cosmos-reason2-8b,"DUMPING PRESENT: No
ORDINANCE VIOLATION: No
WASTE TYPE: mixed
WASTE VOLUME: small (pickup truck)
WASTE ORIGIN: residential
PROPERTY TYPE: alley
ADDRESS MARKERS: NONE
GUTTER/ALLEY: Yes
WATER PROXIMITY: No
CHRONIC SITE: No
VEHICLES: NONE
IDENTIFIERS: NONE
SEVERITY: 1
ORDINANCE: N/A
PRIORITY: LOW
SUMMARY: No illegal dumping is observed in the alleyway; the scene appears clear with no visible waste or debris."
20260602T105528Z,DT_12th_and_Madison_4_20260528T233000.jpg,,,dataset_20260528/DT_12th_and_Madison_4/DT_12th_and_Madison_4_20260528T233000.jpg,illegal_dumping,done,2026-06-02T11:11:03.579902+00:00,0.033,0.789,0.825,,nvidia/cosmos-reason2-8b,"DUMPING PRESENT: Yes
ORDINANCE VIOLATION: Yes
WASTE TYPE: mixed
WASTE VOLUME: medium
WASTE ORIGIN: residential
PROPERTY TYPE: alley
ADDRESS MARKERS: NONE
GUTTER/ALLEY: Yes
WATER PROXIMITY: No
CHRONIC SITE: No
VEHICLES: NONE
IDENTIFIERS: NONE
SEVERITY: 2
ORDINANCE: Sec-46-45
PRIORITY: MEDIUM
SUMMARY: A medium volume of mixed waste is illegally dumped in an alley, violating Brownsville's property owner liability ordinance.
"
20260602T105528Z,DT_12th_and_Madison_4_20260528T234000.jpg,,,dataset_20260528/DT_12th_and_Madison_4/DT_12th_and_Madison_4_20260528T234000.jpg,illegal_dumping,done,2026-06-02T11:11:03.890413+00:00,0.035,0.732,0.769,,nvidia/cosmos-reason2-8b,"DUMPING PRESENT: Yes
ORDINANCE VIOLATION: Yes
WASTE TYPE: mixed
WASTE VOLUME: medium
WASTE ORIGIN: unknown
PROPERTY TYPE: alley
ADDRESS MARKERS: NONE
GUTTER/ALLEY: Yes
WATER PROXIMITY: No
CHRONIC SITE: No
VEHICLES: NONE
IDENTIFIERS: NONE
SEVERITY: 2
ORDINANCE: Sec-46-45
PRIORITY: MEDIUM
SUMMARY: Mixed waste is illegally dumped in an alley, violating property owner liability under Sec. 46-45.
"
20260602T105528Z,DT_12th_and_Madison_4_20260528T235000.jpg,,,dataset_20260528/DT_12th_and_Madison_4/DT_12th_and_Madison_4_20260528T235000.jpg,illegal_dumping,done,2026-06-02T11:11:04.086516+00:00,0.032,0.751,0.785,,nvidia/cosmos-reason2-8b,"DUMPING PRESENT: Yes
ORDINANCE VIOLATION: Yes
WASTE TYPE: mixed
WASTE VOLUME: medium
WASTE ORIGIN: unknown
PROPERTY TYPE: alley
ADDRESS MARKERS: NONE
GUTTER/ALLEY: Yes
WATER PROXIMITY: No
CHRONIC SITE: No
VEHICLES: NONE
IDENTIFIERS: NONE
SEVERITY: 2
ORDINANCE: Sec-46-45
PRIORITY: MEDIUM
SUMMARY: A medium volume of mixed waste is illegally dumped in an alley, violating Brownsville's property owner liability ordinance (Sec. 46-45)."
20260602T105528Z,DT_14th_and_Madison_New_1_20260528T000000.jpg,,,dataset_20260528/DT_14th_and_Madison_New_1/DT_14th_and_Madison_New_1_20260528T000000.jpg,illegal_dumping,done,2026-06-02T11:11:04.883990+00:00,0.13,1.204,1.357,,nvidia/cosmos-reason2-8b,"DUMPING PRESENT: Yes
ORDINANCE VIOLATION: Yes
WASTE TYPE: mixed
WASTE VOLUME: small (pickup truck)
WASTE ORIGIN: residential
PROPERTY TYPE: alley
ADDRESS MARKERS: NONE
GUTTER/ALLEY: Yes
WATER PROXIMITY: No
CHRONIC SITE: No
VEHICLES: NONE
IDENTIFIERS: NONE
SEVERITY: 2
ORDINANCE: Sec-46-45
PRIORITY: MEDIUM
SUMMARY: Illegal dumping is present in the alley, violating Brownsville's property owner liability ordinance (Sec. 46-45)."
20260602T105528Z,DT_14th_and_Madison_New_1_20260528T001000.jpg,,,dataset_20260528/DT_14th_and_Madison_New_1/DT_14th_and_Madison_New_1_20260528T001000.jpg,illegal_dumping,done,2026-06-02T11:11:04.884594+00:00,0.131,0.81,0.964,,nvidia/cosmos-reason2-8b,"DUMPING PRESENT: Yes
ORDINANCE VIOLATION: Yes
WASTE TYPE: mixed
WASTE VOLUME: small (pickup truck)
WASTE ORIGIN: residential
PROPERTY TYPE: vacant-lot
ADDRESS MARKERS: NONE
GUTTER/ALLEY: Yes
WATER PROXIMITY: No
CHRONIC SITE: No
VEHICLES: NONE
IDENTIFIERS: NONE
SEVERITY: 2
ORDINANCE: Sec-46-45
PRIORITY: MEDIUM
SUMMARY: Illegal dumping of mixed waste is observed in a vacant lot, violating property owner liability under Sec. 46-45.
"
20260602T105528Z,DT_14th_and_Madison_New_1_20260528T002000.jpg,,,dataset_20260528/DT_14th_and_Madison_New_1/DT_14th_and_Madison_New_1_20260528T002000.jpg,illegal_dumping,done,2026-06-02T11:11:04.885065+00:00,0.13,1.157,1.309,,nvidia/cosmos-reason2-8b,"DUMPING PRESENT: Yes
ORDINANCE VIOLATION: Yes
WASTE TYPE: mixed
WASTE VOLUME: small (pickup truck)
WASTE ORIGIN: residential
PROPERTY TYPE: alley
ADDRESS MARKERS: NONE
GUTTER/ALLEY: Yes
WATER PROXIMITY: No
CHRONIC SITE: No
VEHICLES: NONE
IDENTIFIERS: NONE
SEVERITY: 3
ORDINANCE: Sec-46-45
PRIORITY: MEDIUM
SUMMARY: Illegal dumping of mixed waste is observed in an alleyway, violating Brownsville's property owner liability ordinance (Sec. 46-45)."
20260602T105528Z,DT_14th_and_Madison_New_1_20260528T003000.jpg,,,dataset_20260528/DT_14th_and_Madison_New_1/DT_14th_and_Madison_New_1_20260528T003000.jpg,illegal_dumping,done,2026-06-02T11:11:04.885849+00:00,0.131,1.295,1.448,,nvidia/cosmos-reason2-8b,"DUMPING PRESENT: Yes
ORDINANCE VIOLATION: Yes
WASTE TYPE: mixed
WASTE VOLUME: medium
WASTE ORIGIN: residential
PROPERTY TYPE: vacant-lot
ADDRESS MARKERS: NONE
GUTTER/ALLEY: No
WATER PROXIMITY: No
CHRONIC SITE: No
VEHICLES: NONE
IDENTIFIERS: NONE
SEVERITY: 2
ORDINANCE: Sec-46-45
PRIORITY: MEDIUM
SUMMARY: Illegal dumping of mixed waste is observed on a vacant lot, violating Brownsville's property owner liability ordinance.
"
20260602T105528Z,DT_14th_and_Madison_New_1_20260528T004000.jpg,,,dataset_20260528/DT_14th_and_Madison_New_1/DT_14th_and_Madison_New_1_20260528T004000.jpg,illegal_dumping,done,2026-06-02T11:11:05.851882+00:00,0.041,0.826,0.87,,nvidia/cosmos-reason2-8b,"DUMPING PRESENT: Yes
ORDINANCE VIOLATION: Yes
WASTE TYPE: mixed
WASTE VOLUME: small (pickup truck)
WASTE ORIGIN: residential
PROPERTY TYPE: vacant-lot
ADDRESS MARKERS: NONE
GUTTER/ALLEY: No
WATER PROXIMITY: No
CHRONIC SITE: No
VEHICLES: NONE
IDENTIFIERS: NONE
SEVERITY: 3
ORDINANCE: Sec-46-45
PRIORITY: MEDIUM
SUMMARY: Illegal dumping of mixed waste is observed on a vacant lot, violating property owner liability under Sec. 46-45.
"
20260602T105528Z,DT_14th_and_Madison_New_1_20260528T005000.jpg,,,dataset_20260528/DT_14th_and_Madison_New_1/DT_14th_and_Madison_New_1_20260528T005000.jpg,illegal_dumping,done,2026-06-02T11:11:06.196682+00:00,0.035,0.762,0.8,,nvidia/cosmos-reason2-8b,"DUMPING PRESENT: Yes
ORDINANCE VIOLATION: Yes
WASTE TYPE: mixed
WASTE VOLUME: medium
WASTE ORIGIN: residential
PROPERTY TYPE: vacant-lot
ADDRESS MARKERS: NONE
GUTTER/ALLEY: Yes
WATER PROXIMITY: No
CHRONIC SITE: No
VEHICLES: NONE
IDENTIFIERS: NONE
SEVERITY: 3
ORDINANCE: Sec-46-45
PRIORITY: MEDIUM
SUMMARY: Illegal dumping of mixed waste is present on a vacant lot, violating Brownsville's property owner liability ordinance.
"
20260602T105528Z,DT_14th_and_Madison_New_1_20260528T010000.jpg,,,dataset_20260528/DT_14th_and_Madison_New_1/DT_14th_and_Madison_New_1_20260528T010000.jpg,illegal_dumping,done,2026-06-02T11:11:06.242718+00:00,0.038,1.12,1.159,,nvidia/cosmos-reason2-8b,"DUMPING PRESENT: Yes
ORDINANCE VIOLATION: Yes
WASTE TYPE: mixed
WASTE VOLUME: medium
WASTE ORIGIN: residential
PROPERTY TYPE: vacant-lot
ADDRESS MARKERS: NONE
GUTTER/ALLEY: No
WATER PROXIMITY: No
CHRONIC SITE: No
VEHICLES: NONE
IDENTIFIERS: NONE
SEVERITY: 3
ORDINANCE: Sec-46-45
PRIORITY: MEDIUM
SUMMARY: Illegal dumping of mixed waste is observed on a vacant lot, violating Brownsville's property owner liability ordinance (Sec. 46-45)."
20260602T105528Z,DT_14th_and_Madison_New_1_20260528T011000.jpg,,,dataset_20260528/DT_14th_and_Madison_New_1/DT_14th_and_Madison_New_1_20260528T011000.jpg,illegal_dumping,done,2026-06-02T11:11:06.335605+00:00,0.032,0.983,1.017,,nvidia/cosmos-reason2-8b,"DUMPING PRESENT: No
ORDINANCE VIOLATION: No
WASTE TYPE: mixed
WASTE VOLUME: small (pickup truck)
WASTE ORIGIN: residential
PROPERTY TYPE: alley
ADDRESS MARKERS: NONE
GUTTER/ALLEY: Yes
WATER PROXIMITY: No
CHRONIC SITE: No
VEHICLES: NONE
IDENTIFIERS: NONE
SEVERITY: 1
ORDINANCE: N/A
PRIORITY: LOW
SUMMARY: No illegal dumping detected in the alleyway; the scene shows a clean environment with no visible waste or debris."
20260602T105528Z,DT_14th_and_Madison_New_1_20260528T012000.jpg,,,dataset_20260528/DT_14th_and_Madison_New_1/DT_14th_and_Madison_New_1_20260528T012000.jpg,illegal_dumping,done,2026-06-02T11:11:06.724178+00:00,0.037,0.864,0.904,,nvidia/cosmos-reason2-8b,"DUMPING PRESENT: Yes
ORDINANCE VIOLATION: Yes
WASTE TYPE: mixed
WASTE VOLUME: small (pickup truck)
WASTE ORIGIN: residential
PROPERTY TYPE: vacant-lot
ADDRESS MARKERS: NONE
GUTTER/ALLEY: Yes
WATER PROXIMITY: No
CHRONIC SITE: No
VEHICLES: NONE
IDENTIFIERS: NONE
SEVERITY: 3
ORDINANCE: Sec-46-45
PRIORITY: MEDIUM
SUMMARY: Illegal dumping of mixed waste is observed on a vacant lot adjacent to a residential property, violating Sec. 46-45 as the property owner is liable for waste disposal on their land.
"
20260602T105528Z,DT_14th_and_Madison_New_1_20260528T013000.jpg,,,dataset_20260528/DT_14th_and_Madison_New_1/DT_14th_and_Madison_New_1_20260528T013000.jpg,illegal_dumping,done,2026-06-02T11:11:06.999090+00:00,0.037,0.725,0.764,,nvidia/cosmos-reason2-8b,"DUMPING PRESENT: Yes
ORDINANCE VIOLATION: Yes
WASTE TYPE: mixed
WASTE VOLUME: medium
WASTE ORIGIN: residential
PROPERTY TYPE: vacant-lot
ADDRESS MARKERS: NONE
GUTTER/ALLEY: Yes
WATER PROXIMITY: No
CHRONIC SITE: No
VEHICLES: NONE
IDENTIFIERS: NONE
SEVERITY: 2
ORDINANCE: Sec-46-45
PRIORITY: MEDIUM
SUMMARY: Illegal dumping of mixed waste is present on a vacant lot, violating Brownsville's property owner liability ordinance.
"
20260602T105528Z,DT_14th_and_Madison_New_1_20260528T014000.jpg,,,dataset_20260528/DT_14th_and_Madison_New_1/DT_14th_and_Madison_New_1_20260528T014000.jpg,illegal_dumping,done,2026-06-02T11:11:07.355877+00:00,0.042,0.828,0.872,,nvidia/cosmos-reason2-8b,"DUMPING PRESENT: Yes
ORDINANCE VIOLATION: Yes
WASTE TYPE: mixed
WASTE VOLUME: small (pickup truck)
WASTE ORIGIN: residential
PROPERTY TYPE: vacant-lot
ADDRESS MARKERS: NONE
GUTTER/ALLEY: Yes
WATER PROXIMITY: No
CHRONIC SITE: No
VEHICLES: NONE
IDENTIFIERS: NONE
SEVERITY: 2
ORDINANCE: Sec-46-45
PRIORITY: MEDIUM
SUMMARY: Illegal dumping of mixed waste is observed in a vacant lot adjacent to a residential area, violating property owner liability under Sec. 46-45.
"
20260602T105528Z,DT_14th_and_Madison_New_1_20260528T015000.jpg,,,dataset_20260528/DT_14th_and_Madison_New_1/DT_14th_and_Madison_New_1_20260528T015000.jpg,illegal_dumping,done,2026-06-02T11:11:07.405642+00:00,0.035,0.952,0.989,,nvidia/cosmos-reason2-8b,"DUMPING PRESENT: Yes
ORDINANCE VIOLATION: Yes
WASTE TYPE: mixed
WASTE VOLUME: small (pickup truck)
WASTE ORIGIN: residential
PROPERTY TYPE: vacant-lot
ADDRESS MARKERS: NONE
GUTTER/ALLEY: No
WATER PROXIMITY: No
CHRONIC SITE: No
VEHICLES: NONE
IDENTIFIERS: NONE
SEVERITY: 2
ORDINANCE: Sec-46-45
PRIORITY: MEDIUM
SUMMARY: Illegal dumping of mixed waste is present on a vacant lot, violating property owner liability under Sec. 46-45."
20260602T105528Z,DT_14th_and_Madison_New_1_20260528T020000.jpg,,,dataset_20260528/DT_14th_and_Madison_New_1/DT_14th_and_Madison_New_1_20260528T020000.jpg,illegal_dumping,done,2026-06-02T11:11:07.630389+00:00,0.037,1.112,1.152,,nvidia/cosmos-reason2-8b,"DUMPING PRESENT: Yes
ORDINANCE VIOLATION: Yes
WASTE TYPE: mixed
WASTE VOLUME: medium
WASTE ORIGIN: residential
PROPERTY TYPE: vacant-lot
ADDRESS MARKERS: NONE
GUTTER/ALLEY: Yes
WATER PROXIMITY: No
CHRONIC SITE: No
VEHICLES: NONE
IDENTIFIERS: NONE
SEVERITY: 2
ORDINANCE: Sec-46-45
PRIORITY: MEDIUM
SUMMARY: Mixed waste is illegally dumped on a vacant lot adjacent to a residential property, violating property owner liability under Sec. 46-45.
"
20260602T105528Z,DT_14th_and_Madison_New_1_20260528T021000.jpg,,,dataset_20260528/DT_14th_and_Madison_New_1/DT_14th_and_Madison_New_1_20260528T021000.jpg,illegal_dumping,done,2026-06-02T11:11:07.765607+00:00,0.036,0.939,0.977,,nvidia/cosmos-reason2-8b,"DUMPING PRESENT: Yes
ORDINANCE VIOLATION: Yes
WASTE TYPE: mixed
WASTE VOLUME: medium
WASTE ORIGIN: residential
PROPERTY TYPE: vacant-lot
ADDRESS MARKERS: NONE
GUTTER/ALLEY: Yes
WATER PROXIMITY: No
CHRONIC SITE: No
VEHICLES: NONE
IDENTIFIERS: NONE
SEVERITY: 2
ORDINANCE: Sec-46-45
PRIORITY: MEDIUM
SUMMARY: Illegal dumping is observed on a vacant lot, with mixed waste scattered across the area, violating property owner liability under Sec. 46-45.
"
20260602T105528Z,DT_14th_and_Madison_New_1_20260528T022000.jpg,,,dataset_20260528/DT_14th_and_Madison_New_1/DT_14th_and_Madison_New_1_20260528T022000.jpg,illegal_dumping,done,2026-06-02T11:11:08.230845+00:00,0.042,0.815,0.86,,nvidia/cosmos-reason2-8b,"DUMPING PRESENT: Yes
ORDINANCE VIOLATION: Yes
WASTE TYPE: mixed
WASTE VOLUME: small (pickup truck)
WASTE ORIGIN: residential
PROPERTY TYPE: vacant-lot
ADDRESS MARKERS: NONE
GUTTER/ALLEY: No
WATER PROXIMITY: No
CHRONIC SITE: No
VEHICLES: NONE
IDENTIFIERS: NONE
SEVERITY: 3
ORDINANCE: Sec-46-45
PRIORITY: MEDIUM
SUMMARY: Illegal dumping of mixed waste is observed on a vacant lot, violating property owner liability under Sec. 46-45.
"
20260602T105528Z,DT_14th_and_Madison_New_1_20260528T023000.jpg,,,dataset_20260528/DT_14th_and_Madison_New_1/DT_14th_and_Madison_New_1_20260528T023000.jpg,illegal_dumping,done,2026-06-02T11:11:08.397577+00:00,0.037,0.763,0.802,,nvidia/cosmos-reason2-8b,"DUMPING PRESENT: Yes
ORDINANCE VIOLATION: Yes
WASTE TYPE: mixed
WASTE VOLUME: small (pickup truck)
WASTE ORIGIN: residential
PROPERTY TYPE: vacant-lot
ADDRESS MARKERS: NONE
GUTTER/ALLEY: No
WATER PROXIMITY: No
CHRONIC SITE: No
VEHICLES: NONE
IDENTIFIERS: NONE
SEVERITY: 3
ORDINANCE: Sec-46-45
PRIORITY: MEDIUM
SUMMARY: Illegal dumping of mixed waste is observed on a vacant lot, violating Brownsville's property owner liability ordinance.
"
20260602T105528Z,DT_14th_and_Madison_New_1_20260528T024000.jpg,,,dataset_20260528/DT_14th_and_Madison_New_1/DT_14th_and_Madison_New_1_20260528T024000.jpg,illegal_dumping,done,2026-06-02T11:11:08.745117+00:00,0.04,0.895,0.938,,nvidia/cosmos-reason2-8b,"DUMPING PRESENT: Yes
ORDINANCE VIOLATION: Yes
WASTE TYPE: mixed
WASTE VOLUME: small (pickup truck)
WASTE ORIGIN: residential
PROPERTY TYPE: alley
ADDRESS MARKERS: NONE
GUTTER/ALLEY: Yes
WATER PROXIMITY: No
CHRONIC SITE: No
VEHICLES: NONE
IDENTIFIERS: NONE
SEVERITY: 2
ORDINANCE: Sec-46-45
PRIORITY: MEDIUM
SUMMARY: Illegal dumping is observed in the alley, with mixed waste scattered on the ground, violating property owner liability under Sec-46-45.
"
20260602T105528Z,DT_14th_and_Madison_New_1_20260528T025000.jpg,,,dataset_20260528/DT_14th_and_Madison_New_1/DT_14th_and_Madison_New_1_20260528T025000.jpg,illegal_dumping,done,2026-06-02T11:11:08.786379+00:00,0.036,0.958,0.997,,nvidia/cosmos-reason2-8b,"DUMPING PRESENT: Yes
ORDINANCE VIOLATION: Yes
WASTE TYPE: mixed
WASTE VOLUME: small (pickup truck)
WASTE ORIGIN: residential
PROPERTY TYPE: alley
ADDRESS MARKERS: NONE
GUTTER/ALLEY: Yes
WATER PROXIMITY: No
CHRONIC SITE: No
VEHICLES: NONE
IDENTIFIERS: NONE
SEVERITY: 2
ORDINANCE: Sec-46-45
PRIORITY: MEDIUM
SUMMARY: Illegal dumping of mixed waste is observed in an alley, violating Brownsville's property owner liability ordinance (Sec. 46-45).
"
20260602T105528Z,DT_14th_and_Madison_New_1_20260528T030000.jpg,,,dataset_20260528/DT_14th_and_Madison_New_1/DT_14th_and_Madison_New_1_20260528T030000.jpg,illegal_dumping,done,2026-06-02T11:11:09.093295+00:00,0.033,0.856,0.89,,nvidia/cosmos-reason2-8b,"DUMPING PRESENT: Yes
ORDINANCE VIOLATION: Yes
WASTE TYPE: mixed
WASTE VOLUME: small (pickup truck)
WASTE ORIGIN: residential
PROPERTY TYPE: vacant-lot
ADDRESS MARKERS: NONE
GUTTER/ALLEY: Yes
WATER PROXIMITY: No
CHRONIC SITE: No
VEHICLES: NONE
IDENTIFIERS: NONE
SEVERITY: 2
ORDINANCE: Sec-46-45
PRIORITY: MEDIUM
SUMMARY: Illegal dumping of mixed waste is observed in a residential area, violating Brownsville's property owner liability ordinance.
"
20260602T105528Z,DT_14th_and_Madison_New_1_20260528T031000.jpg,,,dataset_20260528/DT_14th_and_Madison_New_1/DT_14th_and_Madison_New_1_20260528T031000.jpg,illegal_dumping,done,2026-06-02T11:11:09.201772+00:00,0.032,0.789,0.823,,nvidia/cosmos-reason2-8b,"DUMPING PRESENT: No
ORDINANCE VIOLATION: No
WASTE TYPE: N/A
WASTE VOLUME: N/A
WASTE ORIGIN: N/A
PROPERTY TYPE: N/A
ADDRESS MARKERS: NONE
GUTTER/ALLEY: No
WATER PROXIMITY: No
CHRONIC SITE: No
VEHICLES: NONE
IDENTIFIERS: NONE
SEVERITY: 1
ORDINANCE: N/A
PRIORITY: LOW
SUMMARY: No illegal dumping is observed in the video."
20260602T105528Z,DT_14th_and_Madison_New_1_20260528T032000.jpg,,,dataset_20260528/DT_14th_and_Madison_New_1/DT_14th_and_Madison_New_1_20260528T032000.jpg,illegal_dumping,done,2026-06-02T11:11:09.685846+00:00,0.035,0.867,0.904,,nvidia/cosmos-reason2-8b,"DUMPING PRESENT: Yes
ORDINANCE VIOLATION: Yes
WASTE TYPE: mixed
WASTE VOLUME: small (pickup truck)
WASTE ORIGIN: residential
PROPERTY TYPE: alley
ADDRESS MARKERS: NONE
GUTTER/ALLEY: Yes
WATER PROXIMITY: No
CHRONIC SITE: No
VEHICLES: NONE
IDENTIFIERS: NONE
SEVERITY: 2
ORDINANCE: Sec-46-45
PRIORITY: MEDIUM
SUMMARY: Illegal dumping is occurring in an alleyway, with mixed waste visible on the ground, potentially violating property owner liability under Sec-46-45.
"
20260602T105528Z,DT_14th_and_Madison_New_1_20260528T033000.jpg,,,dataset_20260528/DT_14th_and_Madison_New_1/DT_14th_and_Madison_New_1_20260528T033000.jpg,illegal_dumping,done,2026-06-02T11:11:09.785459+00:00,0.032,0.851,0.886,,nvidia/cosmos-reason2-8b,"DUMPING PRESENT: Yes
ORDINANCE VIOLATION: Yes
WASTE TYPE: mixed
WASTE VOLUME: medium
WASTE ORIGIN: residential
PROPERTY TYPE: vacant-lot
ADDRESS MARKERS: NONE
GUTTER/ALLEY: No
WATER PROXIMITY: No
CHRONIC SITE: No
VEHICLES: NONE
IDENTIFIERS: NONE
SEVERITY: 2
ORDINANCE: Sec-46-45
PRIORITY: MEDIUM
SUMMARY: Illegal dumping of mixed waste is present on a vacant lot, violating Brownsville's property owner liability ordinance.
"
20260602T105528Z,DT_14th_and_Madison_New_1_20260528T034000.jpg,,,dataset_20260528/DT_14th_and_Madison_New_1/DT_14th_and_Madison_New_1_20260528T034000.jpg,illegal_dumping,done,2026-06-02T11:11:09.986254+00:00,0.033,1.096,1.132,,nvidia/cosmos-reason2-8b,"DUMPING PRESENT: Yes
ORDINANCE VIOLATION: Yes
WASTE TYPE: mixed
WASTE VOLUME: small (pickup truck)
WASTE ORIGIN: residential
PROPERTY TYPE: vacant-lot
ADDRESS MARKERS: NONE
GUTTER/ALLEY: No
WATER PROXIMITY: No
CHRONIC SITE: No
VEHICLES: NONE
IDENTIFIERS: NONE
SEVERITY: 3
ORDINANCE: Sec-46-45
PRIORITY: MEDIUM
SUMMARY: Illegal dumping of mixed waste is observed on a vacant lot, violating Brownsville's property owner liability ordinance.
"
20260602T105528Z,DT_14th_and_Madison_New_1_20260528T035000.jpg,,,dataset_20260528/DT_14th_and_Madison_New_1/DT_14th_and_Madison_New_1_20260528T035000.jpg,illegal_dumping,done,2026-06-02T11:11:10.028452+00:00,0.033,1.06,1.095,,nvidia/cosmos-reason2-8b,"DUMPING PRESENT: Yes
ORDINANCE VIOLATION: Yes
WASTE TYPE: mixed
WASTE VOLUME: small (pickup truck)
WASTE ORIGIN: residential
PROPERTY TYPE: vacant-lot
ADDRESS MARKERS: NONE
GUTTER/ALLEY: Yes
WATER PROXIMITY: No
CHRONIC SITE: No
VEHICLES: NONE
IDENTIFIERS: NONE
SEVERITY: 2
ORDINANCE: Sec-46-45
PRIORITY: MEDIUM
SUMMARY: Illegal dumping is present on a vacant lot, violating Brownsville's property owner liability ordinance.
"
20260602T105528Z,DT_14th_and_Madison_New_1_20260528T040000.jpg,,,dataset_20260528/DT_14th_and_Madison_New_1/DT_14th_and_Madison_New_1_20260528T040000.jpg,illegal_dumping,done,2026-06-02T11:11:10.593256+00:00,0.037,0.789,0.828,,nvidia/cosmos-reason2-8b,"DUMPING PRESENT: Yes
ORDINANCE VIOLATION: Yes
WASTE TYPE: mixed
WASTE VOLUME: small (pickup truck)
WASTE ORIGIN: residential
PROPERTY TYPE: vacant-lot
ADDRESS MARKERS: NONE
GUTTER/ALLEY: Yes
WATER PROXIMITY: No
CHRONIC SITE: No
VEHICLES: NONE
IDENTIFIERS: NONE
SEVERITY: 3
ORDINANCE: Sec-46-45
PRIORITY: MEDIUM
SUMMARY: Illegal dumping of mixed waste is present on a vacant lot, violating Brownsville's property owner liability ordinance.
"
20260602T105528Z,DT_14th_and_Madison_New_1_20260528T041000.jpg,,,dataset_20260528/DT_14th_and_Madison_New_1/DT_14th_and_Madison_New_1_20260528T041000.jpg,illegal_dumping,done,2026-06-02T11:11:10.673444+00:00,0.036,0.884,0.922,,nvidia/cosmos-reason2-8b,"DUMPING PRESENT: Yes
ORDINANCE VIOLATION: Yes
WASTE TYPE: mixed
WASTE VOLUME: small (pickup truck)
WASTE ORIGIN: residential
PROPERTY TYPE: vacant-lot
ADDRESS MARKERS: NONE
GUTTER/ALLEY: Yes
WATER PROXIMITY: No
CHRONIC SITE: No
VEHICLES: NONE
IDENTIFIERS: NONE
SEVERITY: 3
ORDINANCE: Sec-46-45
PRIORITY: MEDIUM
SUMMARY: Illegal dumping of mixed waste is observed in a vacant lot adjacent to a residential area, violating property owner liability under Sec. 46-45.
"
20260602T105528Z,DT_14th_and_Madison_New_1_20260528T042000.jpg,,,dataset_20260528/DT_14th_and_Madison_New_1/DT_14th_and_Madison_New_1_20260528T042000.jpg,illegal_dumping,done,2026-06-02T11:11:11.121240+00:00,0.037,0.81,0.85,,nvidia/cosmos-reason2-8b,"DUMPING PRESENT: Yes
ORDINANCE VIOLATION: Yes
WASTE TYPE: mixed
WASTE VOLUME: small (pickup truck)
WASTE ORIGIN: residential
PROPERTY TYPE: vacant-lot
ADDRESS MARKERS: NONE
GUTTER/ALLEY: No
WATER PROXIMITY: No
CHRONIC SITE: No
VEHICLES: NONE
IDENTIFIERS: NONE
SEVERITY: 2
ORDINANCE: Sec-46-45
PRIORITY: MEDIUM
SUMMARY: Illegal dumping is observed on a vacant lot, with mixed waste scattered across the area, violating property owner liability under Sec. 46-45.
"
20260602T105528Z,DT_14th_and_Madison_New_1_20260528T043000.jpg,,,dataset_20260528/DT_14th_and_Madison_New_1/DT_14th_and_Madison_New_1_20260528T043000.jpg,illegal_dumping,done,2026-06-02T11:11:11.126488+00:00,0.034,0.97,1.005,,nvidia/cosmos-reason2-8b,"DUMPING PRESENT: Yes
ORDINANCE VIOLATION: Yes
WASTE TYPE: mixed
WASTE VOLUME: small (pickup truck)
WASTE ORIGIN: residential
PROPERTY TYPE: vacant-lot
ADDRESS MARKERS: NONE
GUTTER/ALLEY: Yes
WATER PROXIMITY: No
CHRONIC SITE: No
VEHICLES: NONE
IDENTIFIERS: NONE
SEVERITY: 1
ORDINANCE: Sec-46-45
PRIORITY: LOW
SUMMARY: Illegal dumping of mixed waste is observed on a vacant lot, violating Brownsville's property owner liability ordinance.
"
20260602T105528Z,DT_14th_and_Madison_New_1_20260528T044000.jpg,,,dataset_20260528/DT_14th_and_Madison_New_1/DT_14th_and_Madison_New_1_20260528T044000.jpg,illegal_dumping,done,2026-06-02T11:11:11.424511+00:00,0.043,0.876,0.922,,nvidia/cosmos-reason2-8b,"DUMPING PRESENT: Yes
ORDINANCE VIOLATION: Yes
WASTE TYPE: mixed
WASTE VOLUME: small (pickup truck)
WASTE ORIGIN: residential
PROPERTY TYPE: vacant-lot
ADDRESS MARKERS: NONE
GUTTER/ALLEY: Yes
WATER PROXIMITY: No
CHRONIC SITE: No
VEHICLES: NONE
IDENTIFIERS: NONE
SEVERITY: 3
ORDINANCE: Sec-46-45
PRIORITY: MEDIUM
SUMMARY: Mixed waste is illegally dumped on a vacant lot, violating property owner liability under Sec. 46-45.
"
20260602T105528Z,DT_14th_and_Madison_New_1_20260528T045000.jpg,,,dataset_20260528/DT_14th_and_Madison_New_1/DT_14th_and_Madison_New_1_20260528T045000.jpg,illegal_dumping,done,2026-06-02T11:11:11.598260+00:00,0.033,0.856,0.892,,nvidia/cosmos-reason2-8b,"DUMPING PRESENT: Yes
ORDINANCE VIOLATION: Yes
WASTE TYPE: mixed
WASTE VOLUME: small (pickup truck)
WASTE ORIGIN: residential
PROPERTY TYPE: alley
ADDRESS MARKERS: NONE
GUTTER/ALLEY: Yes
WATER PROXIMITY: No
CHRONIC SITE: No
VEHICLES: NONE
IDENTIFIERS: NONE
SEVERITY: 2
ORDINANCE: Sec-46-45
PRIORITY: MEDIUM
SUMMARY: Illegal dumping of mixed waste is observed in an alley, violating Brownsville's property owner liability ordinance.
"
20260602T105528Z,DT_14th_and_Madison_New_1_20260528T050000.jpg,,,dataset_20260528/DT_14th_and_Madison_New_1/DT_14th_and_Madison_New_1_20260528T050000.jpg,illegal_dumping,done,2026-06-02T11:11:11.974831+00:00,0.037,0.714,0.754,,nvidia/cosmos-reason2-8b,"DUMPING PRESENT: Yes
ORDINANCE VIOLATION: Yes
WASTE TYPE: mixed
WASTE VOLUME: small (pickup truck)
WASTE ORIGIN: residential
PROPERTY TYPE: alley
ADDRESS MARKERS: NONE
GUTTER/ALLEY: Yes
WATER PROXIMITY: No
CHRONIC SITE: No
VEHICLES: NONE
IDENTIFIERS: NONE
SEVERITY: 2
ORDINANCE: Sec-46-45
PRIORITY: MEDIUM
SUMMARY: Illegal dumping is occurring in an alley, violating Brownsville's property owner liability ordinance.
"
20260602T105528Z,DT_14th_and_Madison_New_1_20260528T051000.jpg,,,dataset_20260528/DT_14th_and_Madison_New_1/DT_14th_and_Madison_New_1_20260528T051000.jpg,illegal_dumping,done,2026-06-02T11:11:12.134465+00:00,0.037,0.804,0.844,,nvidia/cosmos-reason2-8b,"DUMPING PRESENT: Yes
ORDINANCE VIOLATION: Yes
WASTE TYPE: mixed
WASTE VOLUME: small (pickup truck)
WASTE ORIGIN: residential
PROPERTY TYPE: alley
ADDRESS MARKERS: NONE
GUTTER/ALLEY: Yes
WATER PROXIMITY: No
CHRONIC SITE: No
VEHICLES: NONE
IDENTIFIERS: NONE
SEVERITY: 2
ORDINANCE: Sec-46-45
PRIORITY: MEDIUM
SUMMARY: Illegal dumping is present in the alley, violating Brownsville's property owner liability ordinance (Sec. 46-45)."
20260602T105528Z,DT_14th_and_Madison_New_1_20260528T052000.jpg,,,dataset_20260528/DT_14th_and_Madison_New_1/DT_14th_and_Madison_New_1_20260528T052000.jpg,illegal_dumping,done,2026-06-02T11:11:12.348571+00:00,0.038,0.823,0.865,,nvidia/cosmos-reason2-8b,"DUMPING PRESENT: Yes
ORDINANCE VIOLATION: Yes
WASTE TYPE: mixed
WASTE VOLUME: medium
WASTE ORIGIN: residential
PROPERTY TYPE: vacant-lot
ADDRESS MARKERS: NONE
GUTTER/ALLEY: No
WATER PROXIMITY: No
CHRONIC SITE: No
VEHICLES: NONE
IDENTIFIERS: NONE
SEVERITY: 2
ORDINANCE: Sec-46-45
PRIORITY: MEDIUM
SUMMARY: Illegal dumping is present on a vacant lot, violating Brownsville's property owner liability ordinance (Sec. 46-45)."
20260602T105528Z,DT_14th_and_Madison_New_1_20260528T053000.jpg,,,dataset_20260528/DT_14th_and_Madison_New_1/DT_14th_and_Madison_New_1_20260528T053000.jpg,illegal_dumping,done,2026-06-02T11:11:12.492756+00:00,0.034,0.819,0.855,,nvidia/cosmos-reason2-8b,"DUMPING PRESENT: Yes
ORDINANCE VIOLATION: Yes
WASTE TYPE: mixed
WASTE VOLUME: small (pickup truck)
WASTE ORIGIN: residential
PROPERTY TYPE: vacant-lot
ADDRESS MARKERS: NONE
GUTTER/ALLEY: Yes
WATER PROXIMITY: No
CHRONIC SITE: No
VEHICLES: NONE
IDENTIFIERS: NONE
SEVERITY: 2
ORDINANCE: Sec-46-45
PRIORITY: MEDIUM
SUMMARY: Illegal dumping is observed in a vacant lot, with mixed waste scattered across the area, violating property owner liability under Sec. 46-45.
"
20260602T105528Z,DT_14th_and_Madison_New_1_20260528T054000.jpg,,,dataset_20260528/DT_14th_and_Madison_New_1/DT_14th_and_Madison_New_1_20260528T054000.jpg,illegal_dumping,done,2026-06-02T11:11:12.731838+00:00,0.034,0.818,0.855,,nvidia/cosmos-reason2-8b,"DUMPING PRESENT: Yes
ORDINANCE VIOLATION: Yes
WASTE TYPE: mixed
WASTE VOLUME: small (pickup truck)
WASTE ORIGIN: residential
PROPERTY TYPE: vacant-lot
ADDRESS MARKERS: NONE
GUTTER/ALLEY: Yes
WATER PROXIMITY: No
CHRONIC SITE: No
VEHICLES: NONE
IDENTIFIERS: NONE
SEVERITY: 2
ORDINANCE: Sec-46-45
PRIORITY: MEDIUM
SUMMARY: Illegal dumping of mixed waste is observed on a vacant lot, violating Brownsville's property owner liability ordinance (Sec. 46-45)."
20260602T105528Z,DT_14th_and_Madison_New_1_20260528T055000.jpg,,,dataset_20260528/DT_14th_and_Madison_New_1/DT_14th_and_Madison_New_1_20260528T055000.jpg,illegal_dumping,done,2026-06-02T11:11:12.980415+00:00,0.037,0.78,0.82,,nvidia/cosmos-reason2-8b,"DUMPING PRESENT: Yes
ORDINANCE VIOLATION: Yes
WASTE TYPE: mixed
WASTE VOLUME: small (pickup truck)
WASTE ORIGIN: residential
PROPERTY TYPE: alley
ADDRESS MARKERS: NONE
GUTTER/ALLEY: Yes
WATER PROXIMITY: No
CHRONIC SITE: No
VEHICLES: NONE
IDENTIFIERS: NONE
SEVERITY: 2
ORDINANCE: Sec-46-45
PRIORITY: MEDIUM
SUMMARY: Illegal dumping of mixed waste is observed in an alleyway, violating Brownsville's property owner liability ordinance (Sec. 46-45)."
20260602T105528Z,DT_14th_and_Madison_New_1_20260528T060000.jpg,,,dataset_20260528/DT_14th_and_Madison_New_1/DT_14th_and_Madison_New_1_20260528T060000.jpg,illegal_dumping,done,2026-06-02T11:11:13.215785+00:00,0.033,0.65,0.686,,nvidia/cosmos-reason2-8b,"DUMPING PRESENT: No
ORDINANCE VIOLATION: No
WASTE TYPE: mixed
WASTE VOLUME: small (pickup truck)
WASTE ORIGIN: residential
PROPERTY TYPE: alley
ADDRESS MARKERS: NONE
GUTTER/ALLEY: Yes
WATER PROXIMITY: No
CHRONIC SITE: No
VEHICLES: NONE
IDENTIFIERS: NONE
SEVERITY: 1
ORDINANCE: N/A
PRIORITY: LOW
SUMMARY: No illegal dumping is observed in the alleyway."
20260602T105528Z,DT_14th_and_Madison_New_1_20260528T061000.jpg,,,dataset_20260528/DT_14th_and_Madison_New_1/DT_14th_and_Madison_New_1_20260528T061000.jpg,illegal_dumping,done,2026-06-02T11:11:13.350333+00:00,0.035,0.849,0.887,,nvidia/cosmos-reason2-8b,"DUMPING PRESENT: Yes
ORDINANCE VIOLATION: Yes
WASTE TYPE: mixed
WASTE VOLUME: small (pickup truck)
WASTE ORIGIN: residential
PROPERTY TYPE: vacant-lot
ADDRESS MARKERS: NONE
GUTTER/ALLEY: Yes
WATER PROXIMITY: No
CHRONIC SITE: No
VEHICLES: NONE
IDENTIFIERS: NONE
SEVERITY: 2
ORDINANCE: Sec-46-45
PRIORITY: MEDIUM
SUMMARY: Illegal dumping of mixed waste is present on a vacant lot, violating Brownsville's property owner liability ordinance."
20260602T105528Z,DT_14th_and_Madison_New_1_20260528T062000.jpg,,,dataset_20260528/DT_14th_and_Madison_New_1/DT_14th_and_Madison_New_1_20260528T062000.jpg,illegal_dumping,done,2026-06-02T11:11:13.590218+00:00,0.036,0.791,0.829,,nvidia/cosmos-reason2-8b,"DUMPING PRESENT: Yes
ORDINANCE VIOLATION: Yes
WASTE TYPE: mixed
WASTE VOLUME: small (pickup truck)
WASTE ORIGIN: residential
PROPERTY TYPE: vacant-lot
ADDRESS MARKERS: NONE
GUTTER/ALLEY: No
WATER PROXIMITY: No
CHRONIC SITE: No
VEHICLES: NONE
IDENTIFIERS: NONE
SEVERITY: 3
ORDINANCE: Sec-46-45
PRIORITY: MEDIUM
SUMMARY: Illegal dumping of mixed waste is present on a vacant lot, violating Brownsville's property owner liability ordinance (Sec. 46-45)."
20260602T105528Z,DT_14th_and_Madison_New_1_20260528T063000.jpg,,,dataset_20260528/DT_14th_and_Madison_New_1/DT_14th_and_Madison_New_1_20260528T063000.jpg,illegal_dumping,done,2026-06-02T11:11:13.802891+00:00,0.037,0.906,0.946,,nvidia/cosmos-reason2-8b,"DUMPING PRESENT: Yes
ORDINANCE VIOLATION: Yes
WASTE TYPE: mixed
WASTE VOLUME: medium
WASTE ORIGIN: residential
PROPERTY TYPE: vacant-lot
ADDRESS MARKERS: NONE
GUTTER/ALLEY: No
WATER PROXIMITY: No
CHRONIC SITE: No
VEHICLES: NONE
IDENTIFIERS: NONE
SEVERITY: 3
ORDINANCE: Sec-46-45
PRIORITY: MEDIUM
SUMMARY: Illegal dumping of mixed waste is present on a vacant lot, violating Brownsville's property owner liability ordinance (Sec. 46-45)."
20260602T105528Z,DT_14th_and_Madison_New_1_20260528T064000.jpg,,,dataset_20260528/DT_14th_and_Madison_New_1/DT_14th_and_Madison_New_1_20260528T064000.jpg,illegal_dumping,done,2026-06-02T11:11:13.904755+00:00,0.037,0.841,0.881,,nvidia/cosmos-reason2-8b,"DUMPING PRESENT: Yes
ORDINANCE VIOLATION: Yes
WASTE TYPE: mixed
WASTE VOLUME: small (pickup truck)
WASTE ORIGIN: residential
PROPERTY TYPE: vacant-lot
ADDRESS MARKERS: NONE
GUTTER/ALLEY: No
WATER PROXIMITY: No
CHRONIC SITE: No
VEHICLES: NONE
IDENTIFIERS: NONE
SEVERITY: 3
ORDINANCE: Sec-46-45
PRIORITY: MEDIUM
SUMMARY: Illegal dumping of mixed waste is present on a vacant lot, violating Brownsville's property owner liability ordinance.
"
20260602T105528Z,DT_14th_and_Madison_New_1_20260528T065000.jpg,,,dataset_20260528/DT_14th_and_Madison_New_1/DT_14th_and_Madison_New_1_20260528T065000.jpg,illegal_dumping,done,2026-06-02T11:11:14.240738+00:00,0.042,0.758,0.803,,nvidia/cosmos-reason2-8b,"DUMPING PRESENT: Yes
ORDINANCE VIOLATION: Yes
WASTE TYPE: mixed
WASTE VOLUME: small (pickup truck)
WASTE ORIGIN: residential
PROPERTY TYPE: vacant-lot
ADDRESS MARKERS: NONE
GUTTER/ALLEY: No
WATER PROXIMITY: No
CHRONIC SITE: No
VEHICLES: NONE
IDENTIFIERS: NONE
SEVERITY: 3
ORDINANCE: Sec-46-45
PRIORITY: MEDIUM
SUMMARY: Illegal dumping of mixed waste is observed on a vacant lot, violating Brownsville's property owner liability ordinance.
"
20260602T105528Z,DT_14th_and_Madison_New_1_20260528T070000.jpg,,,dataset_20260528/DT_14th_and_Madison_New_1/DT_14th_and_Madison_New_1_20260528T070000.jpg,illegal_dumping,done,2026-06-02T11:11:14.422117+00:00,0.034,0.777,0.814,,nvidia/cosmos-reason2-8b,"DUMPING PRESENT: Yes
ORDINANCE VIOLATION: Yes
WASTE TYPE: mixed
WASTE VOLUME: small (pickup truck)
WASTE ORIGIN: residential
PROPERTY TYPE: vacant-lot
ADDRESS MARKERS: NONE
GUTTER/ALLEY: No
WATER PROXIMITY: No
CHRONIC SITE: No
VEHICLES: NONE
IDENTIFIERS: NONE
SEVERITY: 2
ORDINANCE: Sec-46-45
PRIORITY: MEDIUM
SUMMARY: Illegal dumping of mixed waste is present on a vacant lot, violating Brownsville's property owner liability ordinance.
"
20260602T105528Z,DT_14th_and_Madison_New_1_20260528T071000.jpg,,,dataset_20260528/DT_14th_and_Madison_New_1/DT_14th_and_Madison_New_1_20260528T071000.jpg,illegal_dumping,done,2026-06-02T11:11:14.751241+00:00,0.034,0.785,0.822,,nvidia/cosmos-reason2-8b,"DUMPING PRESENT: Yes
ORDINANCE VIOLATION: Yes
WASTE TYPE: mixed
WASTE VOLUME: medium
WASTE ORIGIN: residential
PROPERTY TYPE: vacant-lot
ADDRESS MARKERS: NONE
GUTTER/ALLEY: No
WATER PROXIMITY: No
CHRONIC SITE: No
VEHICLES: NONE
IDENTIFIERS: NONE
SEVERITY: 2
ORDINANCE: Sec-46-45
PRIORITY: MEDIUM
SUMMARY: Mixed waste is illegally dumped on a vacant lot, violating property owner liability under Sec. 46-45.
"
20260602T105528Z,DT_14th_and_Madison_New_1_20260528T072000.jpg,,,dataset_20260528/DT_14th_and_Madison_New_1/DT_14th_and_Madison_New_1_20260528T072000.jpg,illegal_dumping,done,2026-06-02T11:11:14.789263+00:00,0.036,0.979,1.017,,nvidia/cosmos-reason2-8b,"DUMPING PRESENT: Yes
ORDINANCE VIOLATION: Yes
WASTE TYPE: mixed
WASTE VOLUME: small (pickup truck)
WASTE ORIGIN: residential
PROPERTY TYPE: vacant-lot
ADDRESS MARKERS: NONE
GUTTER/ALLEY: No
WATER PROXIMITY: No
CHRONIC SITE: No
VEHICLES: NONE
IDENTIFIERS: NONE
SEVERITY: 2
ORDINANCE: Sec-46-45
PRIORITY: MEDIUM
SUMMARY: Illegal dumping is present on a vacant lot, with mixed waste scattered across the area, violating property owner liability under Sec. 46-45.
"
20260602T105528Z,DT_14th_and_Madison_New_1_20260528T073000.jpg,,,dataset_20260528/DT_14th_and_Madison_New_1/DT_14th_and_Madison_New_1_20260528T073000.jpg,illegal_dumping,done,2026-06-02T11:11:15.046038+00:00,0.037,0.884,0.924,,nvidia/cosmos-reason2-8b,"DUMPING PRESENT: Yes
ORDINANCE VIOLATION: Yes
WASTE TYPE: mixed
WASTE VOLUME: small (pickup truck)
WASTE ORIGIN: residential
PROPERTY TYPE: vacant-lot
ADDRESS MARKERS: NONE
GUTTER/ALLEY: No
WATER PROXIMITY: No
CHRONIC SITE: No
VEHICLES: NONE
IDENTIFIERS: NONE
SEVERITY: 2
ORDINANCE: Sec-46-45
PRIORITY: MEDIUM
SUMMARY: Mixed waste is illegally dumped on a vacant lot, violating Brownsville's property owner liability ordinance.
"
20260602T105528Z,DT_14th_and_Madison_New_1_20260528T074000.jpg,,,dataset_20260528/DT_14th_and_Madison_New_1/DT_14th_and_Madison_New_1_20260528T074000.jpg,illegal_dumping,done,2026-06-02T11:11:15.238402+00:00,0.032,0.863,0.897,,nvidia/cosmos-reason2-8b,"DUMPING PRESENT: Yes
ORDINANCE VIOLATION: Yes
WASTE TYPE: mixed
WASTE VOLUME: medium
WASTE ORIGIN: residential
PROPERTY TYPE: vacant-lot
ADDRESS MARKERS: NONE
GUTTER/ALLEY: No
WATER PROXIMITY: No
CHRONIC SITE: No
VEHICLES: NONE
IDENTIFIERS: NONE
SEVERITY: 2
ORDINANCE: Sec-46-45
PRIORITY: MEDIUM
SUMMARY: Illegal dumping of mixed waste is present on a vacant lot, violating Brownsville's property owner liability ordinance (Sec. 46-45)."
20260602T105528Z,DT_14th_and_Madison_New_1_20260528T075000.jpg,,,dataset_20260528/DT_14th_and_Madison_New_1/DT_14th_and_Madison_New_1_20260528T075000.jpg,illegal_dumping,done,2026-06-02T11:11:15.576141+00:00,0.039,0.748,0.79,,nvidia/cosmos-reason2-8b,"DUMPING PRESENT: Yes
ORDINANCE VIOLATION: Yes
WASTE TYPE: mixed
WASTE VOLUME: small (pickup truck)
WASTE ORIGIN: residential
PROPERTY TYPE: vacant-lot
ADDRESS MARKERS: NONE
GUTTER/ALLEY: No
WATER PROXIMITY: No
CHRONIC SITE: No
VEHICLES: NONE
IDENTIFIERS: NONE
SEVERITY: 2
ORDINANCE: Sec-46-45
PRIORITY: MEDIUM
SUMMARY: Illegal dumping of mixed waste is present on a vacant lot, violating Brownsville's property owner liability ordinance.
"
20260602T105528Z,DT_14th_and_Madison_New_1_20260528T080000.jpg,,,dataset_20260528/DT_14th_and_Madison_New_1/DT_14th_and_Madison_New_1_20260528T080000.jpg,illegal_dumping,done,2026-06-02T11:11:15.809073+00:00,0.035,0.83,0.867,,nvidia/cosmos-reason2-8b,"DUMPING PRESENT: Yes
ORDINANCE VIOLATION: Yes
WASTE TYPE: mixed
WASTE VOLUME: medium
WASTE ORIGIN: residential
PROPERTY TYPE: vacant-lot
ADDRESS MARKERS: NONE
GUTTER/ALLEY: No
WATER PROXIMITY: No
CHRONIC SITE: No
VEHICLES: NONE
IDENTIFIERS: NONE
SEVERITY: 2
ORDINANCE: Sec-46-45
PRIORITY: MEDIUM
SUMMARY: Illegal dumping of mixed waste is present on a vacant lot, violating Brownsville's property owner liability ordinance (Sec. 46-45).
"
20260602T105528Z,DT_14th_and_Madison_New_1_20260528T081000.jpg,,,dataset_20260528/DT_14th_and_Madison_New_1/DT_14th_and_Madison_New_1_20260528T081000.jpg,illegal_dumping,done,2026-06-02T11:11:15.972128+00:00,0.039,0.86,0.901,,nvidia/cosmos-reason2-8b,"DUMPING PRESENT: Yes
ORDINANCE VIOLATION: Yes
WASTE TYPE: mixed
WASTE VOLUME: small (pickup truck)
WASTE ORIGIN: residential
PROPERTY TYPE: vacant-lot
ADDRESS MARKERS: NONE
GUTTER/ALLEY: No
WATER PROXIMITY: No
CHRONIC SITE: No
VEHICLES: NONE
IDENTIFIERS: NONE
SEVERITY: 2
ORDINANCE: Sec-46-45
PRIORITY: MEDIUM
SUMMARY: Illegal dumping is present on a vacant lot, with mixed waste scattered across the area, violating property owner liability under Sec. 46-45.
"
20260602T105528Z,DT_14th_and_Madison_New_1_20260528T082000.jpg,,,dataset_20260528/DT_14th_and_Madison_New_1/DT_14th_and_Madison_New_1_20260528T082000.jpg,illegal_dumping,done,2026-06-02T11:11:16.138283+00:00,0.035,1.458,1.496,,nvidia/cosmos-reason2-8b,"DUMPING PRESENT: Yes
ORDINANCE VIOLATION: Yes
WASTE TYPE: mixed
WASTE VOLUME: medium
WASTE ORIGIN: residential
PROPERTY TYPE: vacant-lot
ADDRESS MARKERS: NONE
GUTTER/ALLEY: No
WATER PROXIMITY: No
CHRONIC SITE: No
VEHICLES: NONE
IDENTIFIERS: NONE
SEVERITY: 2
ORDINANCE: Sec-46-45
PRIORITY: MEDIUM
SUMMARY: Illegal dumping of mixed waste is present on a vacant lot, violating Brownsville's property owner liability ordinance.
"
20260602T105528Z,DT_14th_and_Madison_New_1_20260528T083000.jpg,,,dataset_20260528/DT_14th_and_Madison_New_1/DT_14th_and_Madison_New_1_20260528T083000.jpg,illegal_dumping,done,2026-06-02T11:11:16.368934+00:00,0.038,1.754,1.794,,nvidia/cosmos-reason2-8b,"DUMPING PRESENT: No
ORDINANCE VIOLATION: No
WASTE TYPE: mixed
WASTE VOLUME: small (pickup truck)
WASTE ORIGIN: residential
PROPERTY TYPE: occupied-private
ADDRESS MARKERS: NONE
GUTTER/ALLEY: No
WATER PROXIMITY: No
CHRONIC SITE: No
VEHICLES: NONE
IDENTIFIERS: NONE
SEVERITY: 1
ORDINANCE: N/A
PRIORITY: LOW
SUMMARY: No illegal dumping detected in the video."
20260602T105528Z,DT_14th_and_Madison_New_1_20260528T084000.jpg,,,dataset_20260528/DT_14th_and_Madison_New_1/DT_14th_and_Madison_New_1_20260528T084000.jpg,illegal_dumping,done,2026-06-02T11:11:16.679436+00:00,0.042,1.262,1.306,,nvidia/cosmos-reason2-8b,"DUMPING PRESENT: Yes
ORDINANCE VIOLATION: Yes
WASTE TYPE: mixed
WASTE VOLUME: medium
WASTE ORIGIN: residential
PROPERTY TYPE: vacant-lot
ADDRESS MARKERS: NONE
GUTTER/ALLEY: No
WATER PROXIMITY: No
CHRONIC SITE: No
VEHICLES: NONE
IDENTIFIERS: NONE
SEVERITY: 2
ORDINANCE: Sec-46-45
PRIORITY: MEDIUM
SUMMARY: Illegal dumping is present on a vacant lot, with mixed waste scattered across the area, violating property owner liability under Sec. 46-45."
20260602T105528Z,DT_14th_and_Madison_New_1_20260528T085000.jpg,,,dataset_20260528/DT_14th_and_Madison_New_1/DT_14th_and_Madison_New_1_20260528T085000.jpg,illegal_dumping,done,2026-06-02T11:11:16.875766+00:00,0.036,1.287,1.325,,nvidia/cosmos-reason2-8b,"DUMPING PRESENT: Yes
ORDINANCE VIOLATION: Yes
WASTE TYPE: mixed
WASTE VOLUME: medium
WASTE ORIGIN: residential
PROPERTY TYPE: vacant-lot
ADDRESS MARKERS: NONE
GUTTER/ALLEY: No
WATER PROXIMITY: No
CHRONIC SITE: No
VEHICLES: NONE
IDENTIFIERS: NONE
SEVERITY: 2
ORDINANCE: Sec-46-45
PRIORITY: MEDIUM
SUMMARY: Illegal dumping of mixed waste is present on a vacant lot, violating Brownsville's property owner liability ordinance (Sec. 46-45)."
20260602T105528Z,DT_14th_and_Madison_New_1_20260528T090000.jpg,,,dataset_20260528/DT_14th_and_Madison_New_1/DT_14th_and_Madison_New_1_20260528T090000.jpg,illegal_dumping,done,2026-06-02T11:11:17.636739+00:00,0.029,0.817,0.848,,nvidia/cosmos-reason2-8b,"DUMPING PRESENT: Yes
ORDINANCE VIOLATION: Yes
WASTE TYPE: mixed
WASTE VOLUME: small (pickup truck)
WASTE ORIGIN: residential
PROPERTY TYPE: vacant-lot
ADDRESS MARKERS: NONE
GUTTER/ALLEY: No
WATER PROXIMITY: No
CHRONIC SITE: No
VEHICLES: NONE
IDENTIFIERS: NONE
SEVERITY: 2
ORDINANCE: Sec-46-45
PRIORITY: MEDIUM
SUMMARY: Illegal dumping of mixed waste is present on a vacant lot, violating Brownsville's property owner liability ordinance (Sec. 46-45)."
20260602T105528Z,DT_14th_and_Madison_New_1_20260528T091000.jpg,,,dataset_20260528/DT_14th_and_Madison_New_1/DT_14th_and_Madison_New_1_20260528T091000.jpg,illegal_dumping,done,2026-06-02T11:11:17.988466+00:00,0.036,0.783,0.822,,nvidia/cosmos-reason2-8b,"DUMPING PRESENT: Yes
ORDINANCE VIOLATION: Yes
WASTE TYPE: mixed
WASTE VOLUME: small (pickup truck)
WASTE ORIGIN: residential
PROPERTY TYPE: vacant-lot
ADDRESS MARKERS: NONE
GUTTER/ALLEY: No
WATER PROXIMITY: No
CHRONIC SITE: No
VEHICLES: NONE
IDENTIFIERS: NONE
SEVERITY: 2
ORDINANCE: Sec-46-45
PRIORITY: MEDIUM
SUMMARY: Illegal dumping is present on a vacant lot, violating Brownsville's property owner liability ordinance (Sec. 46-45).
"
20260602T105528Z,DT_14th_and_Madison_New_1_20260528T092000.jpg,,,dataset_20260528/DT_14th_and_Madison_New_1/DT_14th_and_Madison_New_1_20260528T092000.jpg,illegal_dumping,done,2026-06-02T11:11:18.164942+00:00,0.038,0.835,0.876,,nvidia/cosmos-reason2-8b,"DUMPING PRESENT: Yes
ORDINANCE VIOLATION: Yes
WASTE TYPE: mixed
WASTE VOLUME: small (pickup truck)
WASTE ORIGIN: residential
PROPERTY TYPE: vacant-lot
ADDRESS MARKERS: NONE
GUTTER/ALLEY: No
WATER PROXIMITY: No
CHRONIC SITE: No
VEHICLES: NONE
IDENTIFIERS: NONE
SEVERITY: 2
ORDINANCE: Sec-46-45
PRIORITY: MEDIUM
SUMMARY: Illegal dumping of mixed waste is observed on a vacant lot, violating Brownsville's property owner liability ordinance (Sec. 46-45)."
20260602T105528Z,DT_14th_and_Madison_New_1_20260528T093000.jpg,,,dataset_20260528/DT_14th_and_Madison_New_1/DT_14th_and_Madison_New_1_20260528T093000.jpg,illegal_dumping,done,2026-06-02T11:11:18.204168+00:00,0.035,1.291,1.328,,nvidia/cosmos-reason2-8b,"DUMPING PRESENT: Yes
ORDINANCE VIOLATION: Yes
WASTE TYPE: mixed
WASTE VOLUME: small (pickup truck)
WASTE ORIGIN: residential
PROPERTY TYPE: vacant-lot
ADDRESS MARKERS: NONE
GUTTER/ALLEY: No
WATER PROXIMITY: No
CHRONIC SITE: No
VEHICLES: NONE
IDENTIFIERS: NONE
SEVERITY: 2
ORDINANCE: Sec-46-45
PRIORITY: MEDIUM
SUMMARY: Illegal dumping of mixed waste is observed on a vacant lot, violating Brownsville's property owner liability ordinance.
"
20260602T105528Z,DT_14th_and_Madison_New_1_20260528T094000.jpg,,,dataset_20260528/DT_14th_and_Madison_New_1/DT_14th_and_Madison_New_1_20260528T094000.jpg,illegal_dumping,done,2026-06-02T11:11:18.487378+00:00,0.036,1.285,1.323,,nvidia/cosmos-reason2-8b,"DUMPING PRESENT: Yes
ORDINANCE VIOLATION: Yes
WASTE TYPE: mixed
WASTE VOLUME: small (pickup truck)
WASTE ORIGIN: residential
PROPERTY TYPE: vacant-lot
ADDRESS MARKERS: NONE
GUTTER/ALLEY: No
WATER PROXIMITY: No
CHRONIC SITE: No
VEHICLES: NONE
IDENTIFIERS: NONE
SEVERITY: 3
ORDINANCE: Sec-46-45
PRIORITY: MEDIUM
SUMMARY: Illegal dumping of mixed waste is present on a vacant lot, violating Brownsville's property owner liability ordinance.
"
20260602T105528Z,DT_14th_and_Madison_New_1_20260528T095000.jpg,,,dataset_20260528/DT_14th_and_Madison_New_1/DT_14th_and_Madison_New_1_20260528T095000.jpg,illegal_dumping,done,2026-06-02T11:11:18.813091+00:00,0.036,0.812,0.862,,nvidia/cosmos-reason2-8b,"DUMPING PRESENT: Yes
ORDINANCE VIOLATION: Yes
WASTE TYPE: mixed
WASTE VOLUME: small (pickup truck)
WASTE ORIGIN: residential
PROPERTY TYPE: vacant-lot
ADDRESS MARKERS: NONE
GUTTER/ALLEY: No
WATER PROXIMITY: No
CHRONIC SITE: No
VEHICLES: NONE
IDENTIFIERS: NONE
SEVERITY: 2
ORDINANCE: Sec-46-45
PRIORITY: MEDIUM
SUMMARY: Illegal dumping of mixed waste is present on a vacant lot, violating property owner liability under Sec. 46-45.
"
20260602T105528Z,DT_14th_and_Madison_New_1_20260528T100000.jpg,,,dataset_20260528/DT_14th_and_Madison_New_1/DT_14th_and_Madison_New_1_20260528T100000.jpg,illegal_dumping,done,2026-06-02T11:11:19.043609+00:00,0.034,1.032,1.068,,nvidia/cosmos-reason2-8b,"DUMPING PRESENT: Yes
ORDINANCE VIOLATION: Yes
WASTE TYPE: mixed
WASTE VOLUME: small (pickup truck)
WASTE ORIGIN: residential
PROPERTY TYPE: vacant-lot
ADDRESS MARKERS: NONE
GUTTER/ALLEY: No
WATER PROXIMITY: No
CHRONIC SITE: No
VEHICLES: NONE
IDENTIFIERS: NONE
SEVERITY: 2
ORDINANCE: Sec-46-45
PRIORITY: MEDIUM
SUMMARY: Illegal dumping of mixed waste is observed on a vacant lot, violating Brownsville's property owner liability ordinance.
"
20260602T105528Z,DT_14th_and_Madison_New_1_20260528T101000.jpg,,,dataset_20260528/DT_14th_and_Madison_New_1/DT_14th_and_Madison_New_1_20260528T101000.jpg,illegal_dumping,done,2026-06-02T11:11:19.534799+00:00,0.039,0.653,0.695,,nvidia/cosmos-reason2-8b,"DUMPING PRESENT: No
ORDINANCE VIOLATION: No
WASTE TYPE: mixed
WASTE VOLUME: small (pickup truck)
WASTE ORIGIN: residential
PROPERTY TYPE: vacant-lot
ADDRESS MARKERS: NONE
GUTTER/ALLEY: No
WATER PROXIMITY: No
CHRONIC SITE: No
VEHICLES: NONE
IDENTIFIERS: NONE
SEVERITY: 1
ORDINANCE: N/A
PRIORITY: LOW
SUMMARY: No illegal dumping detected in the video."
20260602T105528Z,DT_14th_and_Madison_New_1_20260528T102000.jpg,,,dataset_20260528/DT_14th_and_Madison_New_1/DT_14th_and_Madison_New_1_20260528T102000.jpg,illegal_dumping,done,2026-06-02T11:11:19.677881+00:00,0.037,0.715,0.755,,nvidia/cosmos-reason2-8b,"DUMPING PRESENT: No
ORDINANCE VIOLATION: No
WASTE TYPE: N/A
WASTE VOLUME: N/A
WASTE ORIGIN: N/A
PROPERTY TYPE: N/A
ADDRESS MARKERS: NONE
GUTTER/ALLEY: No
WATER PROXIMITY: No
CHRONIC SITE: No
VEHICLES: NONE
IDENTIFIERS: N/A
SEVERITY: 1
ORDINANCE: N/A
PRIORITY: LOW
SUMMARY: No illegal dumping is observed in the video."
20260602T105528Z,DT_14th_and_Madison_New_1_20260528T103000.jpg,,,dataset_20260528/DT_14th_and_Madison_New_1/DT_14th_and_Madison_New_1_20260528T103000.jpg,illegal_dumping,done,2026-06-02T11:11:19.813150+00:00,0.03,0.856,0.889,,nvidia/cosmos-reason2-8b,"DUMPING PRESENT: Yes
ORDINANCE VIOLATION: Yes
WASTE TYPE: mixed
WASTE VOLUME: small (pickup truck)
WASTE ORIGIN: residential
PROPERTY TYPE: vacant-lot
ADDRESS MARKERS: NONE
GUTTER/ALLEY: No
WATER PROXIMITY: No
CHRONIC SITE: No
VEHICLES: NONE
IDENTIFIERS: NONE
SEVERITY: 2
ORDINANCE: Sec-46-45
PRIORITY: MEDIUM
SUMMARY: Illegal dumping of mixed waste is present on a vacant lot, violating Brownsville's property owner liability ordinance.
"
20260602T105528Z,DT_14th_and_Madison_New_1_20260528T104000.jpg,,,dataset_20260528/DT_14th_and_Madison_New_1/DT_14th_and_Madison_New_1_20260528T104000.jpg,illegal_dumping,done,2026-06-02T11:11:20.114312+00:00,0.038,0.814,0.855,,nvidia/cosmos-reason2-8b,"DUMPING PRESENT: Yes
ORDINANCE VIOLATION: Yes
WASTE TYPE: mixed
WASTE VOLUME: small (pickup truck)
WASTE ORIGIN: residential
PROPERTY TYPE: vacant-lot
ADDRESS MARKERS: NONE
GUTTER/ALLEY: No
WATER PROXIMITY: No
CHRONIC SITE: No
VEHICLES: NONE
IDENTIFIERS: NONE
SEVERITY: 2
ORDINANCE: Sec-46-45
PRIORITY: MEDIUM
SUMMARY: Illegal dumping of mixed waste is present on a vacant lot, violating Brownsville's property owner liability ordinance (Sec. 46-45)."
20260602T105528Z,DT_14th_and_Madison_New_1_20260528T105000.jpg,,,dataset_20260528/DT_14th_and_Madison_New_1/DT_14th_and_Madison_New_1_20260528T105000.jpg,illegal_dumping,done,2026-06-02T11:11:20.232447+00:00,0.034,0.9,0.937,,nvidia/cosmos-reason2-8b,"DUMPING PRESENT: Yes
ORDINANCE VIOLATION: Yes
WASTE TYPE: mixed
WASTE VOLUME: small (pickup truck)
WASTE ORIGIN: residential
PROPERTY TYPE: vacant-lot
ADDRESS MARKERS: NONE
GUTTER/ALLEY: No
WATER PROXIMITY: No
CHRONIC SITE: No
VEHICLES: NONE
IDENTIFIERS: NONE
SEVERITY: 3
ORDINANCE: Sec-46-45
PRIORITY: MEDIUM
SUMMARY: Illegal dumping of mixed waste is present on a vacant lot, violating Brownsville's property owner liability ordinance.
"
20260602T105528Z,DT_14th_and_Madison_New_1_20260528T110000.jpg,,,dataset_20260528/DT_14th_and_Madison_New_1/DT_14th_and_Madison_New_1_20260528T110000.jpg,illegal_dumping,done,2026-06-02T11:11:20.435422+00:00,0.04,0.878,0.922,,nvidia/cosmos-reason2-8b,"DUMPING PRESENT: Yes
ORDINANCE VIOLATION: Yes
WASTE TYPE: mixed
WASTE VOLUME: small (pickup truck)
WASTE ORIGIN: residential
PROPERTY TYPE: vacant-lot
ADDRESS MARKERS: NONE
GUTTER/ALLEY: No
WATER PROXIMITY: No
CHRONIC SITE: No
VEHICLES: NONE
IDENTIFIERS: NONE
SEVERITY: 2
ORDINANCE: Sec-46-45
PRIORITY: MEDIUM
SUMMARY: Illegal dumping of mixed waste is present on a vacant lot, violating property owner liability under Sec. 46-45.
"
20260602T105528Z,DT_14th_and_Madison_New_1_20260528T111000.jpg,,,dataset_20260528/DT_14th_and_Madison_New_1/DT_14th_and_Madison_New_1_20260528T111000.jpg,illegal_dumping,done,2026-06-02T11:11:20.704304+00:00,0.038,0.657,0.698,,nvidia/cosmos-reason2-8b,"DUMPING PRESENT: No
ORDINANCE VIOLATION: No
WASTE TYPE: mixed
WASTE VOLUME: small (pickup truck)
WASTE ORIGIN: residential
PROPERTY TYPE: occupied-private
ADDRESS MARKERS: NONE
GUTTER/ALLEY: No
WATER PROXIMITY: No
CHRONIC SITE: No
VEHICLES: NONE
IDENTIFIERS: NONE
SEVERITY: 1
ORDINANCE: N/A
PRIORITY: LOW
SUMMARY: No illegal dumping detected in the video."
20260602T105528Z,DT_14th_and_Madison_New_1_20260528T112000.jpg,,,dataset_20260528/DT_14th_and_Madison_New_1/DT_14th_and_Madison_New_1_20260528T112000.jpg,illegal_dumping,done,2026-06-02T11:11:20.971740+00:00,0.039,0.692,0.734,,nvidia/cosmos-reason2-8b,"DUMPING PRESENT: No
ORDINANCE VIOLATION: No
WASTE TYPE: mixed
WASTE VOLUME: small (pickup truck)
WASTE ORIGIN: residential
PROPERTY TYPE: occupied-private
ADDRESS MARKERS: <NONE>
GUTTER/ALLEY: No
WATER PROXIMITY: No
CHRONIC SITE: No
VEHICLES: <NONE>
IDENTIFIERS: <NONE>
SEVERITY: 1
ORDINANCE: N/A
PRIORITY: LOW
SUMMARY: No illegal dumping observed; the scene shows a residential area with no visible waste or debris on the property."
20260602T105528Z,DT_14th_and_Madison_New_1_20260528T113000.jpg,,,dataset_20260528/DT_14th_and_Madison_New_1/DT_14th_and_Madison_New_1_20260528T113000.jpg,illegal_dumping,done,2026-06-02T11:11:21.172439+00:00,0.039,0.633,0.675,,nvidia/cosmos-reason2-8b,"DUMPING PRESENT: No
ORDINANCE VIOLATION: No
WASTE TYPE: mixed
WASTE VOLUME: small (pickup truck)
WASTE ORIGIN: residential
PROPERTY TYPE: vacant-lot
ADDRESS MARKERS: NONE
GUTTER/ALLEY: No
WATER PROXIMITY: No
CHRONIC SITE: No
VEHICLES: NONE
IDENTIFIERS: NONE
SEVERITY: 1
ORDINANCE: N/A
PRIORITY: LOW
SUMMARY: No illegal dumping detected in the video."
20260602T105528Z,DT_14th_and_Madison_New_1_20260528T114000.jpg,,,dataset_20260528/DT_14th_and_Madison_New_1/DT_14th_and_Madison_New_1_20260528T114000.jpg,illegal_dumping,done,2026-06-02T11:11:21.359939+00:00,0.042,0.92,0.965,,nvidia/cosmos-reason2-8b,"DUMPING PRESENT: No
ORDINANCE VIOLATION: No
WASTE TYPE: No waste types detected.
WASTE VOLUME: No waste volume detected.
WASTE ORIGIN: No waste origin detected.
PROPERTY TYPE: No property type detected.
ADDRESS MARKERS: NONE
GUTTER/ALLEY: No
WATER PROXIMITY: No
CHRONIC SITE: No
VEHICLES: NONE
IDENTIFIERS: NONE
SEVERITY: 1
ORDINANCE: N/A
PRIORITY: LOW
SUMMARY: No illegal dumping or ordinance violations detected in the video."
20260602T105528Z,DT_14th_and_Madison_New_1_20260528T115000.jpg,,,dataset_20260528/DT_14th_and_Madison_New_1/DT_14th_and_Madison_New_1_20260528T115000.jpg,illegal_dumping,done,2026-06-02T11:11:21.405687+00:00,0.038,0.978,1.018,,nvidia/cosmos-reason2-8b,"DUMPING PRESENT: No
ORDINANCE VIOLATION: No
WASTE TYPE: mixed
WASTE VOLUME: small (pickup truck)
WASTE ORIGIN: residential
PROPERTY TYPE: occupied-private
ADDRESS MARKERS: NONE
GUTTER/ALLEY: No
WATER PROXIMITY: No
CHRONIC SITE: No
VEHICLES: NONE
IDENTIFIERS: NONE
SEVERITY: 1
ORDINANCE: N/A
PRIORITY: LOW
SUMMARY: No illegal dumping detected in the video."
20260602T105528Z,DT_14th_and_Madison_New_1_20260528T120000.jpg,,,dataset_20260528/DT_14th_and_Madison_New_1/DT_14th_and_Madison_New_1_20260528T120000.jpg,illegal_dumping,done,2026-06-02T11:11:21.709106+00:00,0.041,0.834,0.878,,nvidia/cosmos-reason2-8b,"DUMPING PRESENT: Yes
ORDINANCE VIOLATION: Yes
WASTE TYPE: mixed
WASTE VOLUME: small (pickup truck)
WASTE ORIGIN: residential
PROPERTY TYPE: vacant-lot
ADDRESS MARKERS: NONE
GUTTER/ALLEY: No
WATER PROXIMITY: No
CHRONIC SITE: No
VEHICLES: NONE
IDENTIFIERS: NONE
SEVERITY: 2
ORDINANCE: Sec-46-45
PRIORITY: MEDIUM
SUMMARY: Illegal dumping of mixed waste is observed on a vacant lot, violating Brownsville's property owner liability ordinance.
"
20260602T105528Z,DT_14th_and_Madison_New_1_20260528T121000.jpg,,,dataset_20260528/DT_14th_and_Madison_New_1/DT_14th_and_Madison_New_1_20260528T121000.jpg,illegal_dumping,done,2026-06-02T11:11:21.849885+00:00,0.039,0.931,0.973,,nvidia/cosmos-reason2-8b,"DUMPING PRESENT: Yes
ORDINANCE VIOLATION: Yes
WASTE TYPE: mixed
WASTE VOLUME: small (pickup truck)
WASTE ORIGIN: residential
PROPERTY TYPE: vacant-lot
ADDRESS MARKERS: NONE
GUTTER/ALLEY: No
WATER PROXIMITY: No
CHRONIC SITE: No
VEHICLES: NONE
IDENTIFIERS: NONE
SEVERITY: 1
ORDINANCE: Sec-46-45
PRIORITY: LOW
SUMMARY: Illegal dumping is present on a vacant lot, violating Brownsville's property owner liability ordinance (Sec. 46-45)."
20260602T105528Z,DT_14th_and_Madison_New_1_20260528T122000.jpg,,,dataset_20260528/DT_14th_and_Madison_New_1/DT_14th_and_Madison_New_1_20260528T122000.jpg,illegal_dumping,done,2026-06-02T11:11:22.327319+00:00,0.039,0.838,0.881,,nvidia/cosmos-reason2-8b,"DUMPING PRESENT: Yes
ORDINANCE VIOLATION: Yes
WASTE TYPE: mixed
WASTE VOLUME: medium
WASTE ORIGIN: residential
PROPERTY TYPE: vacant-lot
ADDRESS MARKERS: NONE
GUTTER/ALLEY: No
WATER PROXIMITY: No
CHRONIC SITE: No
VEHICLES: NONE
IDENTIFIERS: NONE
SEVERITY: 2
ORDINANCE: Sec-46-45
PRIORITY: MEDIUM
SUMMARY: Mixed waste is illegally dumped on a vacant lot, violating property owner liability under Sec. 46-45.
"
20260602T105528Z,DT_14th_and_Madison_New_1_20260528T123000.jpg,,,dataset_20260528/DT_14th_and_Madison_New_1/DT_14th_and_Madison_New_1_20260528T123000.jpg,illegal_dumping,done,2026-06-02T11:11:22.426243+00:00,0.041,1.178,1.222,,nvidia/cosmos-reason2-8b,"DUMPING PRESENT: Yes
ORDINANCE VIOLATION: Yes
WASTE TYPE: mixed
WASTE VOLUME: small (pickup truck)
WASTE ORIGIN: residential
PROPERTY TYPE: vacant-lot
ADDRESS MARKERS: NONE
GUTTER/ALLEY: No
WATER PROXIMITY: No
CHRONIC SITE: No
VEHICLES: NONE
IDENTIFIERS: <individuals>
SEVERITY: 2
ORDINANCE: Sec-46-45
PRIORITY: MEDIUM
SUMMARY: A person is seen standing on a dirt lot with scattered debris, including what appears to be construction waste and other mixed materials, indicating potential illegal dumping on a vacant lot.
"
20260602T105528Z,DT_14th_and_Madison_New_1_20260528T124000.jpg,,,dataset_20260528/DT_14th_and_Madison_New_1/DT_14th_and_Madison_New_1_20260528T124000.jpg,illegal_dumping,done,2026-06-02T11:11:22.590253+00:00,0.032,0.84,0.874,,nvidia/cosmos-reason2-8b,"DUMPING PRESENT: No
ORDINANCE VIOLATION: No
WASTE TYPE: mixed
WASTE VOLUME: small (pickup truck)
WASTE ORIGIN: residential
PROPERTY TYPE: vacant-lot
ADDRESS MARKERS: NONE
GUTTER/ALLEY: No
WATER PROXIMITY: No
CHRONIC SITE: No
VEHICLES: NONE
IDENTIFIERS: NONE
SEVERITY: 1
ORDINANCE: N/A
PRIORITY: LOW
SUMMARY: No illegal dumping detected in the video."
20260602T105528Z,DT_14th_and_Madison_New_1_20260528T125000.jpg,,,dataset_20260528/DT_14th_and_Madison_New_1/DT_14th_and_Madison_New_1_20260528T125000.jpg,illegal_dumping,done,2026-06-02T11:11:22.825522+00:00,0.038,0.863,0.905,,nvidia/cosmos-reason2-8b,"DUMPING PRESENT: Yes
ORDINANCE VIOLATION: Yes
WASTE TYPE: mixed
WASTE VOLUME: small (pickup truck)
WASTE ORIGIN: residential
PROPERTY TYPE: vacant-lot
ADDRESS MARKERS: NONE
GUTTER/ALLEY: No
WATER PROXIMITY: No
CHRONIC SITE: No
VEHICLES: NONE
IDENTIFIERS: NONE
SEVERITY: 2
ORDINANCE: Sec-46-45
PRIORITY: MEDIUM
SUMMARY: Illegal dumping is present on a vacant lot, with mixed waste scattered across the area, violating property owner liability under Sec. 46-45.
"
20260602T105528Z,DT_14th_and_Madison_New_1_20260528T130000.jpg,,,dataset_20260528/DT_14th_and_Madison_New_1/DT_14th_and_Madison_New_1_20260528T130000.jpg,illegal_dumping,done,2026-06-02T11:11:23.211478+00:00,0.035,0.846,0.884,,nvidia/cosmos-reason2-8b,"DUMPING PRESENT: Yes
ORDINANCE VIOLATION: Yes
WASTE TYPE: mixed
WASTE VOLUME: small (pickup truck)
WASTE ORIGIN: residential
PROPERTY TYPE: vacant-lot
ADDRESS MARKERS: NONE
GUTTER/ALLEY: No
WATER PROXIMITY: No
CHRONIC SITE: No
VEHICLES: NONE
IDENTIFIERS: NONE
SEVERITY: 2
ORDINANCE: Sec-46-45
PRIORITY: MEDIUM
SUMMARY: Illegal dumping of mixed waste is present on a vacant lot, violating property owner liability under Sec. 46-45.
"
20260602T105528Z,DT_14th_and_Madison_New_1_20260528T131000.jpg,,,dataset_20260528/DT_14th_and_Madison_New_1/DT_14th_and_Madison_New_1_20260528T131000.jpg,illegal_dumping,done,2026-06-02T11:11:23.467061+00:00,0.042,0.731,0.776,,nvidia/cosmos-reason2-8b,"DUMPING PRESENT: Yes
ORDINANCE VIOLATION: Yes
WASTE TYPE: mixed
WASTE VOLUME: small (pickup truck)
WASTE ORIGIN: residential
PROPERTY TYPE: vacant-lot
ADDRESS MARKERS: NONE
GUTTER/ALLEY: No
WATER PROXIMITY: No
CHRONIC SITE: No
VEHICLES: NONE
IDENTIFIERS: NONE
SEVERITY: 3
ORDINANCE: Sec-46-45
PRIORITY: MEDIUM
SUMMARY: Illegal dumping of mixed waste is observed on a vacant lot, violating Brownsville's property owner liability ordinance.
"
20260602T105528Z,DT_14th_and_Madison_New_1_20260528T132000.jpg,,,dataset_20260528/DT_14th_and_Madison_New_1/DT_14th_and_Madison_New_1_20260528T132000.jpg,illegal_dumping,done,2026-06-02T11:11:23.651579+00:00,0.032,0.786,0.821,,nvidia/cosmos-reason2-8b,"DUMPING PRESENT: Yes
ORDINANCE VIOLATION: Yes
WASTE TYPE: mixed
WASTE VOLUME: small (pickup truck)
WASTE ORIGIN: residential
PROPERTY TYPE: vacant-lot
ADDRESS MARKERS: NONE
GUTTER/ALLEY: No
WATER PROXIMITY: No
CHRONIC SITE: No
VEHICLES: NONE
IDENTIFIERS: NONE
SEVERITY: 2
ORDINANCE: Sec-46-45
PRIORITY: MEDIUM
SUMMARY: Illegal dumping of mixed waste is present on a vacant lot, violating Brownsville's property owner liability ordinance.
"
20260602T105528Z,DT_14th_and_Madison_New_1_20260528T133000.jpg,,,dataset_20260528/DT_14th_and_Madison_New_1/DT_14th_and_Madison_New_1_20260528T133000.jpg,illegal_dumping,done,2026-06-02T11:11:23.733228+00:00,0.038,0.944,0.984,,nvidia/cosmos-reason2-8b,"DUMPING PRESENT: Yes
ORDINANCE VIOLATION: Yes
WASTE TYPE: mixed
WASTE VOLUME: small (pickup truck)
WASTE ORIGIN: residential
PROPERTY TYPE: vacant-lot
ADDRESS MARKERS: NONE
GUTTER/ALLEY: No
WATER PROXIMITY: No
CHRONIC SITE: No
VEHICLES: NONE
IDENTIFIERS: NONE
SEVERITY: 2
ORDINANCE: Sec-46-45
PRIORITY: MEDIUM
SUMMARY: Illegal dumping is observed on a vacant lot, with mixed waste scattered across the area, violating property owner liability under Sec. 46-45.
"
20260602T105528Z,DT_14th_and_Madison_New_1_20260528T134000.jpg,,,dataset_20260528/DT_14th_and_Madison_New_1/DT_14th_and_Madison_New_1_20260528T134000.jpg,illegal_dumping,done,2026-06-02T11:11:24.097699+00:00,0.037,0.794,0.834,,nvidia/cosmos-reason2-8b,"DUMPING PRESENT: Yes
ORDINANCE VIOLATION: Yes
WASTE TYPE: mixed
WASTE VOLUME: small (pickup truck)
WASTE ORIGIN: residential
PROPERTY TYPE: vacant-lot
ADDRESS MARKERS: NONE
GUTTER/ALLEY: No
WATER PROXIMITY: No
CHRONIC SITE: No
VEHICLES: NONE
IDENTIFIERS: NONE
SEVERITY: 3
ORDINANCE: Sec-46-45
PRIORITY: MEDIUM
SUMMARY: Illegal dumping of mixed waste is present on a vacant lot, violating Brownsville's property owner liability ordinance (Sec. 46-45).
"
20260602T105528Z,DT_14th_and_Madison_New_1_20260528T135000.jpg,,,dataset_20260528/DT_14th_and_Madison_New_1/DT_14th_and_Madison_New_1_20260528T135000.jpg,illegal_dumping,done,2026-06-02T11:11:24.245421+00:00,0.039,0.819,0.861,,nvidia/cosmos-reason2-8b,"DUMPING PRESENT: Yes
ORDINANCE VIOLATION: Yes
WASTE TYPE: mixed
WASTE VOLUME: small (pickup truck)
WASTE ORIGIN: residential
PROPERTY TYPE: vacant-lot
ADDRESS MARKERS: NONE
GUTTER/ALLEY: No
WATER PROXIMITY: No
CHRONIC SITE: No
VEHICLES: NONE
IDENTIFIERS: NONE
SEVERITY: 2
ORDINANCE: Sec-46-45
PRIORITY: MEDIUM
SUMMARY: Illegal dumping is present on a vacant lot, violating Brownsville's property owner liability ordinance (Sec. 46-45)."
20260602T105528Z,DT_14th_and_Madison_New_1_20260528T140000.jpg,,,dataset_20260528/DT_14th_and_Madison_New_1/DT_14th_and_Madison_New_1_20260528T140000.jpg,illegal_dumping,done,2026-06-02T11:11:24.475828+00:00,0.036,0.763,0.813,,nvidia/cosmos-reason2-8b,"DUMPING PRESENT: Yes
ORDINANCE VIOLATION: Yes
WASTE TYPE: mixed
WASTE VOLUME: medium
WASTE ORIGIN: residential
PROPERTY TYPE: vacant-lot
ADDRESS MARKERS: NONE
GUTTER/ALLEY: No
WATER PROXIMITY: No
CHRONIC SITE: No
VEHICLES: NONE
IDENTIFIERS: NONE
SEVERITY: 2
ORDINANCE: Sec-46-45
PRIORITY: MEDIUM
SUMMARY: Mixed waste is illegally dumped on a vacant lot, violating property owner liability under Sec-46-45.
"
20260602T105528Z,DT_14th_and_Madison_New_1_20260528T141000.jpg,,,dataset_20260528/DT_14th_and_Madison_New_1/DT_14th_and_Madison_New_1_20260528T141000.jpg,illegal_dumping,done,2026-06-02T11:11:24.719890+00:00,0.038,0.732,0.773,,nvidia/cosmos-reason2-8b,"DUMPING PRESENT: Yes
ORDINANCE VIOLATION: Yes
WASTE TYPE: mixed
WASTE VOLUME: medium
WASTE ORIGIN: residential
PROPERTY TYPE: vacant-lot
ADDRESS MARKERS: NONE
GUTTER/ALLEY: No
WATER PROXIMITY: No
CHRONIC SITE: No
VEHICLES: NONE
IDENTIFIERS: NONE
SEVERITY: 3
ORDINANCE: Sec-46-45
PRIORITY: MEDIUM
SUMMARY: Mixed waste is illegally dumped on a vacant lot, violating Brownsville's property owner liability ordinance."
20260602T105528Z,DT_14th_and_Madison_New_1_20260528T142000.jpg,,,dataset_20260528/DT_14th_and_Madison_New_1/DT_14th_and_Madison_New_1_20260528T142000.jpg,illegal_dumping,done,2026-06-02T11:11:24.934265+00:00,0.036,0.725,0.764,,nvidia/cosmos-reason2-8b,"DUMPING PRESENT: Yes
ORDINANCE VIOLATION: Yes
WASTE TYPE: mixed
WASTE VOLUME: medium
WASTE ORIGIN: unknown
PROPERTY TYPE: right-of-way
ADDRESS MARKERS: NONE
GUTTER/ALLEY: No
WATER PROXIMITY: No
CHRONIC SITE: No
VEHICLES: NONE
IDENTIFIERS: NONE
SEVERITY: 2
ORDINANCE: Sec-46-45
PRIORITY: MEDIUM
SUMMARY: Mixed waste is illegally dumped on a right-of-way, violating property owner liability under Sec. 46-45."
20260602T105528Z,DT_14th_and_Madison_New_1_20260528T143000.jpg,,,dataset_20260528/DT_14th_and_Madison_New_1/DT_14th_and_Madison_New_1_20260528T143000.jpg,illegal_dumping,done,2026-06-02T11:11:25.108351+00:00,0.034,0.905,0.941,,nvidia/cosmos-reason2-8b,"DUMPING PRESENT: Yes
ORDINANCE VIOLATION: Yes
WASTE TYPE: mixed
WASTE VOLUME: small (pickup truck)
WASTE ORIGIN: residential
PROPERTY TYPE: vacant-lot
ADDRESS MARKERS: NONE
GUTTER/ALLEY: No
WATER PROXIMITY: No
CHRONIC SITE: No
VEHICLES: NONE
IDENTIFIERS: NONE
SEVERITY: 2
ORDINANCE: Sec-46-45
PRIORITY: MEDIUM
SUMMARY: Illegal dumping of mixed waste is present on a vacant lot, violating Brownsville's property owner liability ordinance (Sec. 46-45)."
20260602T105528Z,DT_14th_and_Madison_New_1_20260528T144000.jpg,,,dataset_20260528/DT_14th_and_Madison_New_1/DT_14th_and_Madison_New_1_20260528T144000.jpg,illegal_dumping,done,2026-06-02T11:11:25.290643+00:00,0.034,0.684,0.72,,nvidia/cosmos-reason2-8b,"DUMPING PRESENT: No
ORDINANCE VIOLATION: No
WASTE TYPE: mixed
WASTE VOLUME: small (pickup truck)
WASTE ORIGIN: residential
PROPERTY TYPE: occupied-private
ADDRESS MARKERS: NONE
GUTTER/ALLEY: No
WATER PROXIMITY: No
CHRONIC SITE: No
VEHICLES: NONE
IDENTIFIERS: NONE
SEVERITY: 1
ORDINANCE: N/A
PRIORITY: LOW
SUMMARY: No illegal dumping detected in the analyzed footage."
20260602T105528Z,DT_14th_and_Madison_New_1_20260528T145000.jpg,,,dataset_20260528/DT_14th_and_Madison_New_1/DT_14th_and_Madison_New_1_20260528T145000.jpg,illegal_dumping,done,2026-06-02T11:11:25.494951+00:00,0.034,1.071,1.108,,nvidia/cosmos-reason2-8b,"```json
{
  ""DUMPING PRESENT"": ""Yes"",
  ""ORDINANCE VIOLATION"": ""Yes"",
  ""WASTE TYPE"": [
    ""mixed""
  ],
  ""WASTE VOLUME"": ""medium (dump truck)"",
  ""WASTE ORIGIN"": ""unknown"",
  ""PROPERTY TYPE"": ""right-of-way"",
  ""ADDRESS MARKERS"": ""NONE"",
  ""GUTTER/ALLEY"": ""No"",
  ""WATER PROXIMITY"": ""No"",
  ""CHRONIC SITE"": ""No"",
  ""VEHICLES"": ""NONE"",
  ""IDENTIFIERS"": ""NONE"",
  ""SEVERITY"": ""3"",
  ""ORDINANCE"": ""Sec-46-45"",
  ""PRIORITY"": ""HIGH"",
  ""SUMMARY"": ""Illegal dumping of mixed waste is present on a right-of-way, violating Brownsville\u2019s property owner liability ordinance.""
}
```"
20260602T105528Z,DT_14th_and_Madison_New_1_20260528T150000.jpg,,,dataset_20260528/DT_14th_and_Madison_New_1/DT_14th_and_Madison_New_1_20260528T150000.jpg,illegal_dumping,done,2026-06-02T11:11:25.700647+00:00,0.032,0.907,0.942,,nvidia/cosmos-reason2-8b,"DUMPING PRESENT: Yes
ORDINANCE VIOLATION: Yes
WASTE TYPE: mixed
WASTE VOLUME: small (pickup truck)
WASTE ORIGIN: residential
PROPERTY TYPE: vacant-lot
ADDRESS MARKERS: NONE
GUTTER/ALLEY: No
WATER PROXIMITY: No
CHRONIC SITE: No
VEHICLES: NONE
IDENTIFIERS: NONE
SEVERITY: 2
ORDINANCE: Sec-46-45
PRIORITY: MEDIUM
SUMMARY: Mixed waste is illegally dumped on a vacant lot, violating property owner liability under Sec. 46-45.
"
20260602T105528Z,DT_14th_and_Madison_New_1_20260528T151000.jpg,,,dataset_20260528/DT_14th_and_Madison_New_1/DT_14th_and_Madison_New_1_20260528T151000.jpg,illegal_dumping,done,2026-06-02T11:11:26.013900+00:00,0.038,0.725,0.765,,nvidia/cosmos-reason2-8b,"DUMPING PRESENT: No
ORDINANCE VIOLATION: No
WASTE TYPE: mixed
WASTE VOLUME: small (pickup truck)
WASTE ORIGIN: residential
PROPERTY TYPE: right-of-way
ADDRESS MARKERS: NONE
GUTTER/ALLEY: Yes
WATER PROXIMITY: No
CHRONIC SITE: No
VEHICLES: NONE
IDENTIFIERS: NONE
SEVERITY: 1
ORDINANCE: N/A
PRIORITY: LOW
SUMMARY: No illegal dumping detected in the right-of-way area."
20260602T105528Z,DT_14th_and_Madison_New_1_20260528T152000.jpg,,,dataset_20260528/DT_14th_and_Madison_New_1/DT_14th_and_Madison_New_1_20260528T152000.jpg,illegal_dumping,done,2026-06-02T11:11:26.052676+00:00,0.042,0.904,0.949,,nvidia/cosmos-reason2-8b,"DUMPING PRESENT: Yes
ORDINANCE VIOLATION: Yes
WASTE TYPE: mixed
WASTE VOLUME: small (pickup truck)
WASTE ORIGIN: residential
PROPERTY TYPE: vacant-lot
ADDRESS MARKERS: NONE
GUTTER/ALLEY: No
WATER PROXIMITY: No
CHRONIC SITE: No
VEHICLES: NONE
IDENTIFIERS: NONE
SEVERITY: 2
ORDINANCE: Sec-46-45
PRIORITY: MEDIUM
SUMMARY: Illegal dumping of mixed waste is present on a vacant lot, violating Brownsville's property owner liability ordinance.
"
20260602T105528Z,DT_14th_and_Madison_New_1_20260528T153000.jpg,,,dataset_20260528/DT_14th_and_Madison_New_1/DT_14th_and_Madison_New_1_20260528T153000.jpg,illegal_dumping,done,2026-06-02T11:11:26.606221+00:00,0.038,0.777,0.817,,nvidia/cosmos-reason2-8b,"DUMPING PRESENT: Yes
ORDINANCE VIOLATION: Yes
WASTE TYPE: mixed
WASTE VOLUME: small (pickup truck)
WASTE ORIGIN: residential
PROPERTY TYPE: vacant-lot
ADDRESS MARKERS: NONE
GUTTER/ALLEY: No
WATER PROXIMITY: No
CHRONIC SITE: No
VEHICLES: NONE
IDENTIFIERS: NONE
SEVERITY: 3
ORDINANCE: Sec-46-45
PRIORITY: MEDIUM
SUMMARY: Illegal dumping of mixed waste is observed on a vacant lot, violating property owner liability under Sec. 46-45.
"
20260602T105528Z,DT_14th_and_Madison_New_1_20260528T154000.jpg,,,dataset_20260528/DT_14th_and_Madison_New_1/DT_14th_and_Madison_New_1_20260528T154000.jpg,illegal_dumping,done,2026-06-02T11:11:26.645511+00:00,0.04,1.11,1.153,,nvidia/cosmos-reason2-8b,"DUMPING PRESENT: Yes
ORDINANCE VIOLATION: Yes
WASTE TYPE: mixed
WASTE VOLUME: small (pickup truck)
WASTE ORIGIN: residential
PROPERTY TYPE: vacant-lot
ADDRESS MARKERS: NONE
GUTTER/ALLEY: No
WATER PROXIMITY: No
CHRONIC SITE: No
VEHICLES: NONE
IDENTIFIERS: NONE
SEVERITY: 3
ORDINANCE: Sec-46-45
PRIORITY: MEDIUM
SUMMARY: Illegal dumping of mixed waste is observed on a vacant lot, violating Brownsville's property owner liability ordinance (Sec. 46-45)."
20260602T105528Z,DT_14th_and_Madison_New_1_20260528T155000.jpg,,,dataset_20260528/DT_14th_and_Madison_New_1/DT_14th_and_Madison_New_1_20260528T155000.jpg,illegal_dumping,done,2026-06-02T11:11:26.781530+00:00,0.037,1.164,1.204,,nvidia/cosmos-reason2-8b,"DUMPING PRESENT: Yes
ORDINANCE VIOLATION: Yes
WASTE TYPE: mixed
WASTE VOLUME: small (pickup truck)
WASTE ORIGIN: residential
PROPERTY TYPE: vacant-lot
ADDRESS MARKERS: NONE
GUTTER/ALLEY: No
WATER PROXIMITY: No
CHRONIC SITE: No
VEHICLES: NONE
IDENTIFIERS: NONE
SEVERITY: 2
ORDINANCE: Sec-46-45
PRIORITY: MEDIUM
SUMMARY: A small pile of mixed waste is illegally dumped on a vacant lot, violating Brownsville's property owner liability ordinance.
"
20260602T105528Z,DT_14th_and_Madison_New_1_20260528T160000.jpg,,,dataset_20260528/DT_14th_and_Madison_New_1/DT_14th_and_Madison_New_1_20260528T160000.jpg,illegal_dumping,done,2026-06-02T11:11:27.004515+00:00,0.035,0.937,0.975,,nvidia/cosmos-reason2-8b,"DUMPING PRESENT: Yes
ORDINANCE VIOLATION: Yes
WASTE TYPE: mixed
WASTE VOLUME: small (pickup truck)
WASTE ORIGIN: residential
PROPERTY TYPE: vacant-lot
ADDRESS MARKERS: NONE
GUTTER/ALLEY: No
WATER PROXIMITY: No
CHRONIC SITE: No
VEHICLES: NONE
IDENTIFIERS: NONE
SEVERITY: 2
ORDINANCE: Sec-46-45
PRIORITY: MEDIUM
SUMMARY: Illegal dumping of mixed waste is observed on a vacant lot, violating property owner liability under Sec. 46-45.
"
20260602T105528Z,DT_14th_and_Madison_New_1_20260528T161000.jpg,,,dataset_20260528/DT_14th_and_Madison_New_1/DT_14th_and_Madison_New_1_20260528T161000.jpg,illegal_dumping,done,2026-06-02T11:11:27.426917+00:00,0.036,0.767,0.806,,nvidia/cosmos-reason2-8b,"DUMPING PRESENT: Yes
ORDINANCE VIOLATION: Yes
WASTE TYPE: mixed
WASTE VOLUME: small (pickup truck)
WASTE ORIGIN: residential
PROPERTY TYPE: vacant-lot
ADDRESS MARKERS: NONE
GUTTER/ALLEY: No
WATER PROXIMITY: No
CHRONIC SITE: No
VEHICLES: NONE
IDENTIFIERS: NONE
SEVERITY: 2
ORDINANCE: Sec-46-45
PRIORITY: MEDIUM
SUMMARY: Illegal dumping of mixed waste is observed on a vacant lot, violating Brownsville's property owner liability ordinance.
"
20260602T105528Z,DT_14th_and_Madison_New_1_20260528T162000.jpg,,,dataset_20260528/DT_14th_and_Madison_New_1/DT_14th_and_Madison_New_1_20260528T162000.jpg,illegal_dumping,done,2026-06-02T11:11:27.801149+00:00,0.041,0.843,0.887,,nvidia/cosmos-reason2-8b,"DUMPING PRESENT: Yes
ORDINANCE VIOLATION: Yes
WASTE TYPE: mixed
WASTE VOLUME: small (pickup truck)
WASTE ORIGIN: residential
PROPERTY TYPE: vacant-lot
ADDRESS MARKERS: NONE
GUTTER/ALLEY: No
WATER PROXIMITY: No
CHRONIC SITE: No
VEHICLES: NONE
IDENTIFIERS: NONE
SEVERITY: 3
ORDINANCE: Sec-46-45
PRIORITY: MEDIUM
SUMMARY: Illegal dumping of mixed waste is present on a vacant lot, violating Brownsville's property owner liability ordinance (Sec. 46-45).
"
20260602T105528Z,DT_14th_and_Madison_New_1_20260528T163000.jpg,,,dataset_20260528/DT_14th_and_Madison_New_1/DT_14th_and_Madison_New_1_20260528T163000.jpg,illegal_dumping,done,2026-06-02T11:11:27.982220+00:00,0.036,0.861,0.899,,nvidia/cosmos-reason2-8b,"DUMPING PRESENT: Yes
ORDINANCE VIOLATION: Yes
WASTE TYPE: mixed
WASTE VOLUME: small (pickup truck)
WASTE ORIGIN: residential
PROPERTY TYPE: vacant-lot
ADDRESS MARKERS: NONE
GUTTER/ALLEY: Yes
WATER PROXIMITY: No
CHRONIC SITE: No
VEHICLES: NONE
IDENTIFIERS: NONE
SEVERITY: 2
ORDINANCE: Sec-46-45
PRIORITY: MEDIUM
SUMMARY: Illegal dumping of mixed waste is present on a vacant lot, violating Brownsville's property owner liability ordinance (Sec. 46-45)."
20260602T105528Z,DT_14th_and_Madison_New_1_20260528T164000.jpg,,,dataset_20260528/DT_14th_and_Madison_New_1/DT_14th_and_Madison_New_1_20260528T164000.jpg,illegal_dumping,done,2026-06-02T11:11:28.017259+00:00,0.037,1.047,1.088,,nvidia/cosmos-reason2-8b,"```json
{
  ""DUMPING PRESENT"": ""No"",
  ""ORDINANCE VIOLATION"": ""No"",
  ""WASTE TYPE"": [],
  ""WASTE VOLUME"": ""small (pickup truck)"",
  ""WASTE ORIGIN"": ""residential"",
  ""PROPERTY TYPE"": ""vacant-lot"",
  ""ADDRESS MARKERS"": ""NONE"",
  ""GUTTER/ALLEY"": ""No"",
  ""WATER PROXIMITY"": ""No"",
  ""CHRONIC SITE"": ""No"",
  ""VEHICLES"": ""NONE"",
  ""IDENTIFIERS"": ""NONE"",
  ""SEVERITY"": ""1"",
  ""ORDINANCE"": ""N/A"",
  ""PRIORITY"": ""LOW"",
  ""SUMMARY"": ""No illegal dumping detected; the area appears clean with no visible waste or debris.""
}
```"
20260602T105528Z,DT_14th_and_Madison_New_1_20260528T165000.jpg,,,dataset_20260528/DT_14th_and_Madison_New_1/DT_14th_and_Madison_New_1_20260528T165000.jpg,illegal_dumping,done,2026-06-02T11:11:28.235479+00:00,0.038,0.828,0.869,,nvidia/cosmos-reason2-8b,"DUMPING PRESENT: No
ORDINANCE VIOLATION: No
WASTE TYPE: mixed
WASTE VOLUME: small (pickup truck)
WASTE ORIGIN: residential
PROPERTY TYPE: vacant-lot
ADDRESS MARKERS: NONE
GUTTER/ALLEY: No
WATER PROXIMITY: No
CHRONIC SITE: No
VEHICLES: NONE
IDENTIFIERS: NONE
SEVERITY: 1
ORDINANCE: N/A
PRIORITY: LOW
SUMMARY: No illegal dumping detected; no visible waste or violations observed."
20260602T105528Z,DT_14th_and_Madison_New_1_20260528T170000.jpg,,,dataset_20260528/DT_14th_and_Madison_New_1/DT_14th_and_Madison_New_1_20260528T170000.jpg,illegal_dumping,done,2026-06-02T11:11:28.690800+00:00,0.037,0.807,0.86,,nvidia/cosmos-reason2-8b,"DUMPING PRESENT: Yes
ORDINANCE VIOLATION: Yes
WASTE TYPE: mixed
WASTE VOLUME: small (pickup truck)
WASTE ORIGIN: residential
PROPERTY TYPE: vacant-lot
ADDRESS MARKERS: NONE
GUTTER/ALLEY: No
WATER PROXIMITY: No
CHRONIC SITE: No
VEHICLES: NONE
IDENTIFIERS: NONE
SEVERITY: 2
ORDINANCE: Sec-46-45
PRIORITY: MEDIUM
SUMMARY: Illegal dumping is observed on a vacant lot, with mixed waste scattered across the area, violating property owner liability under Sec. 46-45.
"
20260602T105528Z,DT_14th_and_Madison_New_1_20260528T171000.jpg,,,dataset_20260528/DT_14th_and_Madison_New_1/DT_14th_and_Madison_New_1_20260528T171000.jpg,illegal_dumping,done,2026-06-02T11:11:28.883901+00:00,0.036,0.784,0.823,,nvidia/cosmos-reason2-8b,"DUMPING PRESENT: Yes
ORDINANCE VIOLATION: Yes
WASTE TYPE: mixed
WASTE VOLUME: small (pickup truck)
WASTE ORIGIN: residential
PROPERTY TYPE: right-of-way
ADDRESS MARKERS: NONE
GUTTER/ALLEY: Yes
WATER PROXIMITY: No
CHRONIC SITE: No
VEHICLES: NONE
IDENTIFIERS: NONE
SEVERITY: 2
ORDINANCE: Sec-46-45
PRIORITY: MEDIUM
SUMMARY: Mixed waste is illegally dumped in the right-of-way, violating Brownsville's property owner liability ordinance.
"
20260602T105528Z,DT_14th_and_Madison_New_1_20260528T172000.jpg,,,dataset_20260528/DT_14th_and_Madison_New_1/DT_14th_and_Madison_New_1_20260528T172000.jpg,illegal_dumping,done,2026-06-02T11:11:29.108087+00:00,0.072,0.946,1.022,,nvidia/cosmos-reason2-8b,"DUMPING PRESENT: Yes
ORDINANCE VIOLATION: Yes
WASTE TYPE: mixed
WASTE VOLUME: small (pickup truck)
WASTE ORIGIN: residential
PROPERTY TYPE: vacant-lot
ADDRESS MARKERS: NONE
GUTTER/ALLEY: No
WATER PROXIMITY: No
CHRONIC SITE: No
VEHICLES: NONE
IDENTIFIERS: NONE
SEVERITY: 2
ORDINANCE: Sec-46-45
PRIORITY: MEDIUM
SUMMARY: Illegal dumping is present on a vacant lot, with mixed waste scattered across the area, violating property owner liability under Sec. 46-45.
"
20260602T105528Z,DT_14th_and_Madison_New_1_20260528T173000.jpg,,,dataset_20260528/DT_14th_and_Madison_New_1/DT_14th_and_Madison_New_1_20260528T173000.jpg,illegal_dumping,done,2026-06-02T11:11:29.109461+00:00,0.07,1.083,1.157,,nvidia/cosmos-reason2-8b,"DUMPING PRESENT: Yes
ORDINANCE VIOLATION: Yes
WASTE TYPE: mixed
WASTE VOLUME: small (pickup truck)
WASTE ORIGIN: residential
PROPERTY TYPE: right-of-way
ADDRESS MARKERS: NONE
GUTTER/ALLEY: No
WATER PROXIMITY: No
CHRONIC SITE: No
VEHICLES: NONE
IDENTIFIERS: NONE
SEVERITY: 2
ORDINANCE: Sec-46-45
PRIORITY: MEDIUM
SUMMARY: Mixed waste is illegally dumped on a right-of-way, violating Brownsville's property owner liability ordinance (Sec. 46-45)."
20260602T105528Z,DT_14th_and_Madison_New_1_20260528T174000.jpg,,,dataset_20260528/DT_14th_and_Madison_New_1/DT_14th_and_Madison_New_1_20260528T174000.jpg,illegal_dumping,done,2026-06-02T11:11:29.553541+00:00,0.035,0.743,0.781,,nvidia/cosmos-reason2-8b,"DUMPING PRESENT: Yes
ORDINANCE VIOLATION: Yes
WASTE TYPE: mixed
WASTE VOLUME: small (pickup truck)
WASTE ORIGIN: residential
PROPERTY TYPE: vacant-lot
ADDRESS MARKERS: NONE
GUTTER/ALLEY: No
WATER PROXIMITY: No
CHRONIC SITE: No
VEHICLES: NONE
IDENTIFIERS: NONE
SEVERITY: 2
ORDINANCE: Sec-46-45
PRIORITY: MEDIUM
SUMMARY: Mixed waste is illegally dumped on a vacant lot, violating property owner liability under Sec. 46-45.
"
20260602T105528Z,DT_14th_and_Madison_New_1_20260528T175000.jpg,,,dataset_20260528/DT_14th_and_Madison_New_1/DT_14th_and_Madison_New_1_20260528T175000.jpg,illegal_dumping,done,2026-06-02T11:11:29.709453+00:00,0.031,0.856,0.89,,nvidia/cosmos-reason2-8b,"DUMPING PRESENT: Yes
ORDINANCE VIOLATION: Yes
WASTE TYPE: mixed
WASTE VOLUME: small (pickup truck)
WASTE ORIGIN: residential
PROPERTY TYPE: vacant-lot
ADDRESS MARKERS: NONE
GUTTER/ALLEY: No
WATER PROXIMITY: No
CHRONIC SITE: No
VEHICLES: NONE
IDENTIFIERS: NONE
SEVERITY: 2
ORDINANCE: Sec-46-45
PRIORITY: MEDIUM
SUMMARY: Illegal dumping of mixed waste is present on a vacant lot, violating Brownsville's property owner liability ordinance.
"
20260602T105528Z,DT_14th_and_Madison_New_1_20260528T180000.jpg,,,dataset_20260528/DT_14th_and_Madison_New_1/DT_14th_and_Madison_New_1_20260528T180000.jpg,illegal_dumping,done,2026-06-02T11:11:30.132654+00:00,0.041,0.738,0.781,,nvidia/cosmos-reason2-8b,"DUMPING PRESENT: Yes
ORDINANCE VIOLATION: Yes
WASTE TYPE: mixed
WASTE VOLUME: medium
WASTE ORIGIN: residential
PROPERTY TYPE: vacant-lot
ADDRESS MARKERS: NONE
GUTTER/ALLEY: No
WATER PROXIMITY: No
CHRONIC SITE: No
VEHICLES: NONE
IDENTIFIERS: NONE
SEVERITY: 2
ORDINANCE: Sec-46-45
PRIORITY: MEDIUM
SUMMARY: Mixed waste is illegally dumped on a vacant lot, violating property owner liability under Sec. 46-45.
"
20260602T105528Z,DT_14th_and_Madison_New_1_20260528T181000.jpg,,,dataset_20260528/DT_14th_and_Madison_New_1/DT_14th_and_Madison_New_1_20260528T181000.jpg,illegal_dumping,done,2026-06-02T11:11:30.268422+00:00,0.039,1.132,1.173,,nvidia/cosmos-reason2-8b,"DUMPING PRESENT: Yes
ORDINANCE VIOLATION: Yes
WASTE TYPE: mixed
WASTE VOLUME: small (pickup truck)
WASTE ORIGIN: residential
PROPERTY TYPE: vacant-lot
ADDRESS MARKERS: NONE
GUTTER/ALLEY: No
WATER PROXIMITY: No
CHRONIC SITE: No
VEHICLES: NONE
IDENTIFIERS: NONE
SEVERITY: 3
ORDINANCE: Sec-46-45
PRIORITY: MEDIUM
SUMMARY: Illegal dumping of mixed waste is observed on a vacant lot, violating property owner liability under Sec. 46-45."
20260602T105528Z,DT_14th_and_Madison_New_1_20260528T182000.jpg,,,dataset_20260528/DT_14th_and_Madison_New_1/DT_14th_and_Madison_New_1_20260528T182000.jpg,illegal_dumping,done,2026-06-02T11:11:30.336928+00:00,0.03,0.751,0.784,,nvidia/cosmos-reason2-8b,"DUMPING PRESENT: No
ORDINANCE VIOLATION: No
WASTE TYPE: mixed
WASTE VOLUME: small (pickup truck)
WASTE ORIGIN: residential
PROPERTY TYPE: vacant-lot
ADDRESS MARKERS: NONE
GUTTER/ALLEY: No
WATER PROXIMITY: No
CHRONIC SITE: No
VEHICLES: NONE
IDENTIFIERS: NONE
SEVERITY: 1
ORDINANCE: N/A
PRIORITY: LOW
SUMMARY: No illegal dumping detected; the scene appears to be a mix of colorful, abstract patterns without identifiable waste or property violations."
20260602T105528Z,DT_14th_and_Madison_New_1_20260528T183000.jpg,,,dataset_20260528/DT_14th_and_Madison_New_1/DT_14th_and_Madison_New_1_20260528T183000.jpg,illegal_dumping,done,2026-06-02T11:11:30.602149+00:00,0.035,0.933,0.971,,nvidia/cosmos-reason2-8b,"DUMPING PRESENT: Yes
ORDINANCE VIOLATION: Yes
WASTE TYPE: mixed
WASTE VOLUME: small (pickup truck)
WASTE ORIGIN: residential
PROPERTY TYPE: vacant-lot
ADDRESS MARKERS: NONE
GUTTER/ALLEY: No
WATER PROXIMITY: No
CHRONIC SITE: No
VEHICLES: NONE
IDENTIFIERS: NONE
SEVERITY: 2
ORDINANCE: Sec-46-45
PRIORITY: MEDIUM
SUMMARY: Illegal dumping of mixed waste is occurring on a vacant lot, violating property owner liability under Sec. 46-45.
"
20260602T105528Z,DT_14th_and_Madison_New_1_20260528T184000.jpg,,,dataset_20260528/DT_14th_and_Madison_New_1/DT_14th_and_Madison_New_1_20260528T184000.jpg,illegal_dumping,done,2026-06-02T11:11:30.916015+00:00,0.038,0.795,0.836,,nvidia/cosmos-reason2-8b,"DUMPING PRESENT: Yes
ORDINANCE VIOLATION: Yes
WASTE TYPE: mixed
WASTE VOLUME: small (pickup truck)
WASTE ORIGIN: residential
PROPERTY TYPE: vacant-lot
ADDRESS MARKERS: NONE
GUTTER/ALLEY: No
WATER PROXIMITY: No
CHRONIC SITE: No
VEHICLES: NONE
IDENTIFIERS: NONE
SEVERITY: 2
ORDINANCE: Sec-46-45
PRIORITY: MEDIUM
SUMMARY: Illegal dumping of mixed waste is observed on a vacant lot, violating Brownsville's property owner liability ordinance.
"
20260602T105528Z,DT_14th_and_Madison_New_1_20260528T185000.jpg,,,dataset_20260528/DT_14th_and_Madison_New_1/DT_14th_and_Madison_New_1_20260528T185000.jpg,illegal_dumping,done,2026-06-02T11:11:31.123334+00:00,0.037,0.733,0.773,,nvidia/cosmos-reason2-8b,"DUMPING PRESENT: Yes
ORDINANCE VIOLATION: Yes
WASTE TYPE: mixed
WASTE VOLUME: small (pickup truck)
WASTE ORIGIN: residential
PROPERTY TYPE: alley
ADDRESS MARKERS: NONE
GUTTER/ALLEY: Yes
WATER PROXIMITY: No
CHRONIC SITE: No
VEHICLES: NONE
IDENTIFIERS: NONE
SEVERITY: 2
ORDINANCE: Sec-46-45
PRIORITY: MEDIUM
SUMMARY: Mixed waste is illegally dumped in an alley, violating property owner liability under Sec. 46-45.
"
20260602T105528Z,DT_14th_and_Madison_New_1_20260528T190000.jpg,,,dataset_20260528/DT_14th_and_Madison_New_1/DT_14th_and_Madison_New_1_20260528T190000.jpg,illegal_dumping,done,2026-06-02T11:11:31.444331+00:00,0.042,0.746,0.791,,nvidia/cosmos-reason2-8b,"DUMPING PRESENT: Yes
ORDINANCE VIOLATION: Yes
WASTE TYPE: mixed
WASTE VOLUME: small (pickup truck)
WASTE ORIGIN: residential
PROPERTY TYPE: vacant-lot
ADDRESS MARKERS: NONE
GUTTER/ALLEY: Yes
WATER PROXIMITY: No
CHRONIC SITE: No
VEHICLES: NONE
IDENTIFIERS: NONE
SEVERITY: 2
ORDINANCE: Sec-46-45
PRIORITY: MEDIUM
SUMMARY: Illegal dumping of mixed waste is observed on a residential vacant lot, violating Brownsville's property owner liability ordinance.
"
20260602T105528Z,DT_14th_and_Madison_New_1_20260528T191000.jpg,,,dataset_20260528/DT_14th_and_Madison_New_1/DT_14th_and_Madison_New_1_20260528T191000.jpg,illegal_dumping,done,2026-06-02T11:11:31.576554+00:00,0.038,0.795,0.835,,nvidia/cosmos-reason2-8b,"DUMPING PRESENT: No
ORDINANCE VIOLATION: No
WASTE TYPE: mixed
WASTE VOLUME: small (pickup truck)
WASTE ORIGIN: residential
PROPERTY TYPE: occupied-private
ADDRESS MARKERS: <NONE>
GUTTER/ALLEY: No
WATER PROXIMITY: No
CHRONIC SITE: No
VEHICLES: <NONE>
IDENTIFIERS: <NONE>
SEVERITY: 1
ORDINANCE: N/A
PRIORITY: LOW
SUMMARY: No illegal dumping detected; the scene shows a residential area with no visible waste disposal violations."
20260602T105528Z,DT_14th_and_Madison_New_1_20260528T192000.jpg,,,dataset_20260528/DT_14th_and_Madison_New_1/DT_14th_and_Madison_New_1_20260528T192000.jpg,illegal_dumping,done,2026-06-02T11:11:31.754514+00:00,0.043,0.779,0.825,,nvidia/cosmos-reason2-8b,"DUMPING PRESENT: No
ORDINANCE VIOLATION: No
WASTE TYPE: mixed
WASTE VOLUME: small (pickup truck)
WASTE ORIGIN: residential
PROPERTY TYPE: vacant-lot
ADDRESS MARKERS: NONE
GUTTER/ALLEY: No
WATER PROXIMITY: No
CHRONIC SITE: No
VEHICLES: NONE
IDENTIFIERS: NONE
SEVERITY: 1
ORDINANCE: N/A
PRIORITY: LOW
SUMMARY: No illegal dumping observed; the scene shows a green screen with no discernible waste or property details."
20260602T105528Z,DT_14th_and_Madison_New_1_20260528T193000.jpg,,,dataset_20260528/DT_14th_and_Madison_New_1/DT_14th_and_Madison_New_1_20260528T193000.jpg,illegal_dumping,done,2026-06-02T11:11:31.898567+00:00,0.039,0.92,0.963,,nvidia/cosmos-reason2-8b,"DUMPING PRESENT: Yes
ORDINANCE VIOLATION: Yes
WASTE TYPE: mixed
WASTE VOLUME: small (pickup truck)
WASTE ORIGIN: residential
PROPERTY TYPE: vacant-lot
ADDRESS MARKERS: NONE
GUTTER/ALLEY: No
WATER PROXIMITY: No
CHRONIC SITE: No
VEHICLES: NONE
IDENTIFIERS: NONE
SEVERITY: 3
ORDINANCE: Sec-46-45
PRIORITY: MEDIUM
SUMMARY: Mixed waste is illegally dumped on a vacant lot, violating property owner liability under Sec. 46-45.
"
20260602T105528Z,DT_14th_and_Madison_New_1_20260528T194000.jpg,,,dataset_20260528/DT_14th_and_Madison_New_1/DT_14th_and_Madison_New_1_20260528T194000.jpg,illegal_dumping,done,2026-06-02T11:11:32.238009+00:00,0.035,0.638,0.677,,nvidia/cosmos-reason2-8b,"DUMPING PRESENT: No
ORDINANCE VIOLATION: No
WASTE TYPE: mixed
WASTE VOLUME: small (pickup truck)
WASTE ORIGIN: residential
PROPERTY TYPE: vacant-lot
ADDRESS MARKERS: NONE
GUTTER/ALLEY: No
WATER PROXIMITY: No
CHRONIC SITE: No
VEHICLES: NONE
IDENTIFIERS: NONE
SEVERITY: 1
ORDINANCE: N/A
PRIORITY: LOW
SUMMARY: No illegal dumping detected in the video."
20260602T105528Z,DT_14th_and_Madison_New_1_20260528T195000.jpg,,,dataset_20260528/DT_14th_and_Madison_New_1/DT_14th_and_Madison_New_1_20260528T195000.jpg,illegal_dumping,done,2026-06-02T11:11:32.414488+00:00,0.037,0.856,0.897,,nvidia/cosmos-reason2-8b,"DUMPING PRESENT: Yes
ORDINANCE VIOLATION: Yes
WASTE TYPE: mixed
WASTE VOLUME: small (pickup truck)
WASTE ORIGIN: residential
PROPERTY TYPE: vacant-lot
ADDRESS MARKERS: NONE
GUTTER/ALLEY: No
WATER PROXIMITY: No
CHRONIC SITE: No
VEHICLES: NONE
IDENTIFIERS: NONE
SEVERITY: 2
ORDINANCE: Sec-46-45
PRIORITY: MEDIUM
SUMMARY: Illegal dumping of mixed waste is present on a vacant lot, violating Brownsville's property owner liability ordinance.
"
20260602T105528Z,DT_14th_and_Madison_New_1_20260528T200000.jpg,,,dataset_20260528/DT_14th_and_Madison_New_1/DT_14th_and_Madison_New_1_20260528T200000.jpg,illegal_dumping,done,2026-06-02T11:11:32.581698+00:00,0.033,0.883,0.919,,nvidia/cosmos-reason2-8b,"DUMPING PRESENT: Yes
ORDINANCE VIOLATION: Yes
WASTE TYPE: mixed
WASTE VOLUME: small (pickup truck)
WASTE ORIGIN: residential
PROPERTY TYPE: vacant-lot
ADDRESS MARKERS: NONE
GUTTER/ALLEY: Yes
WATER PROXIMITY: No
CHRONIC SITE: No
VEHICLES: NONE
IDENTIFIERS: NONE
SEVERITY: 2
ORDINANCE: Sec-46-45
PRIORITY: MEDIUM
SUMMARY: Illegal dumping of mixed waste is observed on a vacant lot adjacent to a residential property, violating property owner liability under Sec. 46-45.
"
20260602T105528Z,DT_14th_and_Madison_New_1_20260528T201000.jpg,,,dataset_20260528/DT_14th_and_Madison_New_1/DT_14th_and_Madison_New_1_20260528T201000.jpg,illegal_dumping,done,2026-06-02T11:11:32.865082+00:00,0.038,0.826,0.879,,nvidia/cosmos-reason2-8b,"DUMPING PRESENT: Yes
ORDINANCE VIOLATION: Yes
WASTE TYPE: construction-debris
WASTE VOLUME: medium (dump truck)
WASTE ORIGIN: commercial-contractor
PROPERTY TYPE: vacant-lot
ADDRESS MARKERS: NONE
GUTTER/ALLEY: No
WATER PROXIMITY: No
CHRONIC SITE: No
VEHICLES: NONE
IDENTIFIERS: NONE
SEVERITY: 2
ORDINANCE: Sec-46-46
PRIORITY: MEDIUM
SUMMARY: Construction debris is illegally dumped on a vacant lot, violating Sec-46-46, and requires enforcement action.
"
20260602T105528Z,DT_14th_and_Madison_New_1_20260528T202000.jpg,,,dataset_20260528/DT_14th_and_Madison_New_1/DT_14th_and_Madison_New_1_20260528T202000.jpg,illegal_dumping,done,2026-06-02T11:11:32.917541+00:00,0.04,0.914,0.956,,nvidia/cosmos-reason2-8b,"DUMPING PRESENT: Yes
ORDINANCE VIOLATION: Yes
WASTE TYPE: mixed
WASTE VOLUME: medium
WASTE ORIGIN: residential
PROPERTY TYPE: vacant-lot
ADDRESS MARKERS: NONE
GUTTER/ALLEY: No
WATER PROXIMITY: No
CHRONIC SITE: No
VEHICLES: NONE
IDENTIFIERS: NONE
SEVERITY: 2
ORDINANCE: Sec-46-45
PRIORITY: MEDIUM
SUMMARY: Mixed waste is illegally dumped on a vacant lot, violating property owner liability under Sec. 46-45.
"
20260602T105528Z,DT_14th_and_Madison_New_1_20260528T203000.jpg,,,dataset_20260528/DT_14th_and_Madison_New_1/DT_14th_and_Madison_New_1_20260528T203000.jpg,illegal_dumping,done,2026-06-02T11:11:33.314569+00:00,0.032,0.722,0.756,,nvidia/cosmos-reason2-8b,"DUMPING PRESENT: No
ORDINANCE VIOLATION: No
WASTE TYPE: N/A
WASTE VOLUME: N/A
WASTE ORIGIN: N/A
PROPERTY TYPE: N/A
ADDRESS MARKERS: NONE
GUTTER/ALLEY: No
WATER PROXIMITY: No
CHRONIC SITE: No
VEHICLES: NONE
IDENTIFIERS: NONE
SEVERITY: 1
ORDINANCE: N/A
PRIORITY: LOW
SUMMARY: No illegal dumping is observed in the video; the scene appears to be a colorful abstract pattern without any identifiable waste or property features."
20260602T105528Z,DT_14th_and_Madison_New_1_20260528T204000.jpg,,,dataset_20260528/DT_14th_and_Madison_New_1/DT_14th_and_Madison_New_1_20260528T204000.jpg,illegal_dumping,done,2026-06-02T11:11:33.503100+00:00,0.033,0.832,0.867,,nvidia/cosmos-reason2-8b,"DUMPING PRESENT: Yes
ORDINANCE VIOLATION: Yes
WASTE TYPE: construction-debris
WASTE VOLUME: medium (dump truck)
WASTE ORIGIN: commercial-contractor
PROPERTY TYPE: vacant-lot
ADDRESS MARKERS: NONE
GUTTER/ALLEY: No
WATER PROXIMITY: No
CHRONIC SITE: No
VEHICLES: NONE
IDENTIFIERS: NONE
SEVERITY: 3
ORDINANCE: Sec-46-46
PRIORITY: MEDIUM
SUMMARY: Construction debris is illegally dumped on a vacant lot, violating Sec-46-46 and requiring enforcement action.
"
20260602T105528Z,DT_14th_and_Madison_New_1_20260528T205000.jpg,,,dataset_20260528/DT_14th_and_Madison_New_1/DT_14th_and_Madison_New_1_20260528T205000.jpg,illegal_dumping,done,2026-06-02T11:11:33.746622+00:00,0.038,0.772,0.812,,nvidia/cosmos-reason2-8b,"DUMPING PRESENT: Yes
ORDINANCE VIOLATION: Yes
WASTE TYPE: mixed
WASTE VOLUME: small (pickup truck)
WASTE ORIGIN: residential
PROPERTY TYPE: vacant-lot
ADDRESS MARKERS: NONE
GUTTER/ALLEY: No
WATER PROXIMITY: No
CHRONIC SITE: No
VEHICLES: NONE
IDENTIFIERS: NONE
SEVERITY: 3
ORDINANCE: Sec-46-45
PRIORITY: MEDIUM
SUMMARY: Mixed waste is illegally dumped on a vacant lot, violating property owner liability under Sec. 46-45.
"
20260602T105528Z,DT_14th_and_Madison_New_1_20260528T210000.jpg,,,dataset_20260528/DT_14th_and_Madison_New_1/DT_14th_and_Madison_New_1_20260528T210000.jpg,illegal_dumping,done,2026-06-02T11:11:33.875926+00:00,0.038,0.776,0.816,,nvidia/cosmos-reason2-8b,"DUMPING PRESENT: No
ORDINANCE VIOLATION: No
WASTE TYPE: mixed
WASTE VOLUME: small (pickup truck)
WASTE ORIGIN: residential
PROPERTY TYPE: alley
ADDRESS MARKERS: NONE
GUTTER/ALLEY: Yes
WATER PROXIMITY: No
CHRONIC SITE: No
VEHICLES: NONE
IDENTIFIERS: NONE
SEVERITY: 1
ORDINANCE: N/A
PRIORITY: LOW
SUMMARY: No illegal dumping is observed in the alleyway."
20260602T105528Z,DT_14th_and_Madison_New_1_20260528T211000.jpg,,,dataset_20260528/DT_14th_and_Madison_New_1/DT_14th_and_Madison_New_1_20260528T211000.jpg,illegal_dumping,done,2026-06-02T11:11:34.073417+00:00,0.036,0.815,0.853,,nvidia/cosmos-reason2-8b,"DUMPING PRESENT: Yes
ORDINANCE VIOLATION: Yes
WASTE TYPE: mixed
WASTE VOLUME: small (pickup truck)
WASTE ORIGIN: residential
PROPERTY TYPE: vacant-lot
ADDRESS MARKERS: NONE
GUTTER/ALLEY: Yes
WATER PROXIMITY: No
CHRONIC SITE: No
VEHICLES: NONE
IDENTIFIERS: NONE
SEVERITY: 3
ORDINANCE: Sec-46-45
PRIORITY: MEDIUM
SUMMARY: Mixed waste is illegally dumped on a vacant lot, violating property owner liability under Sec. 46-45.
"
20260602T105528Z,DT_14th_and_Madison_New_1_20260528T212000.jpg,,,dataset_20260528/DT_14th_and_Madison_New_1/DT_14th_and_Madison_New_1_20260528T212000.jpg,illegal_dumping,done,2026-06-02T11:11:34.373464+00:00,0.034,0.761,0.799,,nvidia/cosmos-reason2-8b,"DUMPING PRESENT: Yes
ORDINANCE VIOLATION: Yes
WASTE TYPE: mixed
WASTE VOLUME: small (pickup truck)
WASTE ORIGIN: residential
PROPERTY TYPE: vacant-lot
ADDRESS MARKERS: NONE
GUTTER/ALLEY: Yes
WATER PROXIMITY: No
CHRONIC SITE: No
VEHICLES: NONE
IDENTIFIERS: NONE
SEVERITY: 2
ORDINANCE: Sec-46-45
PRIORITY: MEDIUM
SUMMARY: Mixed waste is illegally dumped on a vacant lot, violating Brownsville's property owner liability ordinance.
"
20260602T105528Z,DT_14th_and_Madison_New_1_20260528T213000.jpg,,,dataset_20260528/DT_14th_and_Madison_New_1/DT_14th_and_Madison_New_1_20260528T213000.jpg,illegal_dumping,done,2026-06-02T11:11:34.562353+00:00,0.039,0.792,0.835,,nvidia/cosmos-reason2-8b,"DUMPING PRESENT: Yes
ORDINANCE VIOLATION: Yes
WASTE TYPE: mixed
WASTE VOLUME: small (pickup truck)
WASTE ORIGIN: residential
PROPERTY TYPE: vacant-lot
ADDRESS MARKERS: NONE
GUTTER/ALLEY: No
WATER PROXIMITY: No
CHRONIC SITE: No
VEHICLES: NONE
IDENTIFIERS: NONE
SEVERITY: 2
ORDINANCE: Sec-46-45
PRIORITY: MEDIUM
SUMMARY: Illegal dumping of mixed waste is observed on a vacant lot, violating Brownsville's property owner liability ordinance.
"
20260602T105528Z,DT_14th_and_Madison_New_1_20260528T214000.jpg,,,dataset_20260528/DT_14th_and_Madison_New_1/DT_14th_and_Madison_New_1_20260528T214000.jpg,illegal_dumping,done,2026-06-02T11:11:34.694577+00:00,0.031,0.832,0.866,,nvidia/cosmos-reason2-8b,"DUMPING PRESENT: Yes
ORDINANCE VIOLATION: Yes
WASTE TYPE: mixed
WASTE VOLUME: small (pickup truck)
WASTE ORIGIN: residential
PROPERTY TYPE: alley
ADDRESS MARKERS: NONE
GUTTER/ALLEY: Yes
WATER PROXIMITY: No
CHRONIC SITE: No
VEHICLES: NONE
IDENTIFIERS: NONE
SEVERITY: 2
ORDINANCE: Sec-46-45
PRIORITY: MEDIUM
SUMMARY: Mixed waste is illegally dumped in an alley, violating Brownsville's property owner liability ordinance (Sec. 46-45)."
20260602T105528Z,DT_14th_and_Madison_New_1_20260528T215000.jpg,,,dataset_20260528/DT_14th_and_Madison_New_1/DT_14th_and_Madison_New_1_20260528T215000.jpg,illegal_dumping,done,2026-06-02T11:11:34.929169+00:00,0.035,0.886,0.923,,nvidia/cosmos-reason2-8b,"DUMPING PRESENT: Yes
ORDINANCE VIOLATION: Yes
WASTE TYPE: mixed
WASTE VOLUME: small (pickup truck)
WASTE ORIGIN: residential
PROPERTY TYPE: vacant-lot
ADDRESS MARKERS: NONE
GUTTER/ALLEY: Yes
WATER PROXIMITY: No
CHRONIC SITE: No
VEHICLES: NONE
IDENTIFIERS: NONE
SEVERITY: 2
ORDINANCE: Sec-46-45
PRIORITY: MEDIUM
SUMMARY: Illegal dumping of mixed waste is observed in a vacant lot, violating Brownsville's property owner liability ordinance (Sec. 46-45)."
20260602T105528Z,DT_14th_and_Madison_New_1_20260528T220000.jpg,,,dataset_20260528/DT_14th_and_Madison_New_1/DT_14th_and_Madison_New_1_20260528T220000.jpg,illegal_dumping,done,2026-06-02T11:11:35.174714+00:00,0.035,0.698,0.735,,nvidia/cosmos-reason2-8b,"DUMPING PRESENT: No
ORDINANCE VIOLATION: No
WASTE TYPE: mixed
WASTE VOLUME: small (pickup truck)
WASTE ORIGIN: residential
PROPERTY TYPE: alley
ADDRESS MARKERS: NONE
GUTTER/ALLEY: Yes
WATER PROXIMITY: No
CHRONIC SITE: No
VEHICLES: NONE
IDENTIFIERS: NONE
SEVERITY: 1
ORDINANCE: N/A
PRIORITY: LOW
SUMMARY: No illegal dumping is observed in the alleyway."
20260602T105528Z,DT_14th_and_Madison_New_1_20260528T221000.jpg,,,dataset_20260528/DT_14th_and_Madison_New_1/DT_14th_and_Madison_New_1_20260528T221000.jpg,illegal_dumping,done,2026-06-02T11:11:35.399844+00:00,0.034,0.812,0.848,,nvidia/cosmos-reason2-8b,"DUMPING PRESENT: Yes
ORDINANCE VIOLATION: Yes
WASTE TYPE: mixed
WASTE VOLUME: small (pickup truck)
WASTE ORIGIN: residential
PROPERTY TYPE: vacant-lot
ADDRESS MARKERS: NONE
GUTTER/ALLEY: No
WATER PROXIMITY: No
CHRONIC SITE: No
VEHICLES: NONE
IDENTIFIERS: NONE
SEVERITY: 3
ORDINANCE: Sec-46-45
PRIORITY: MEDIUM
SUMMARY: Illegal dumping of mixed waste is observed on a vacant lot, violating Brownsville's property owner liability ordinance.
"
20260602T105528Z,DT_14th_and_Madison_New_1_20260528T222000.jpg,,,dataset_20260528/DT_14th_and_Madison_New_1/DT_14th_and_Madison_New_1_20260528T222000.jpg,illegal_dumping,done,2026-06-02T11:11:35.563184+00:00,0.034,0.78,0.818,,nvidia/cosmos-reason2-8b,"DUMPING PRESENT: Yes
ORDINANCE VIOLATION: Yes
WASTE TYPE: mixed
WASTE VOLUME: small (pickup truck)
WASTE ORIGIN: residential
PROPERTY TYPE: alley
ADDRESS MARKERS: NONE
GUTTER/ALLEY: Yes
WATER PROXIMITY: No
CHRONIC SITE: No
VEHICLES: NONE
IDENTIFIERS: NONE
SEVERITY: 1
ORDINANCE: Sec-46-45
PRIORITY: LOW
SUMMARY: A small amount of mixed waste is illegally dumped in an alley, violating Brownsville's property owner liability ordinance."
20260602T105528Z,DT_14th_and_Madison_New_1_20260528T223000.jpg,,,dataset_20260528/DT_14th_and_Madison_New_1/DT_14th_and_Madison_New_1_20260528T223000.jpg,illegal_dumping,done,2026-06-02T11:11:35.855050+00:00,0.042,0.768,0.813,,nvidia/cosmos-reason2-8b,"DUMPING PRESENT: Yes
ORDINANCE VIOLATION: Yes
WASTE TYPE: mixed
WASTE VOLUME: small (pickup truck)
WASTE ORIGIN: residential
PROPERTY TYPE: vacant-lot
ADDRESS MARKERS: NONE
GUTTER/ALLEY: No
WATER PROXIMITY: No
CHRONIC SITE: No
VEHICLES: NONE
IDENTIFIERS: NONE
SEVERITY: 1
ORDINANCE: Sec-46-45
PRIORITY: LOW
SUMMARY: Mixed waste is illegally dumped on a vacant lot, violating property owner liability under Sec. 46-45.
"
20260602T105528Z,DT_14th_and_Madison_New_1_20260528T224000.jpg,,,dataset_20260528/DT_14th_and_Madison_New_1/DT_14th_and_Madison_New_1_20260528T224000.jpg,illegal_dumping,done,2026-06-02T11:11:35.912185+00:00,0.035,0.904,0.941,,nvidia/cosmos-reason2-8b,"DUMPING PRESENT: Yes
ORDINANCE VIOLATION: Yes
WASTE TYPE: mixed
WASTE VOLUME: small (pickup truck)
WASTE ORIGIN: residential
PROPERTY TYPE: alley
ADDRESS MARKERS: NONE
GUTTER/ALLEY: Yes
WATER PROXIMITY: No
CHRONIC SITE: No
VEHICLES: NONE
IDENTIFIERS: NONE
SEVERITY: 2
ORDINANCE: Sec-46-45
PRIORITY: MEDIUM
SUMMARY: Mixed waste is illegally dumped in an alleyway, violating Brownsville's property owner liability ordinance (Sec. 46-45)."
20260602T105528Z,DT_14th_and_Madison_New_1_20260528T225000.jpg,,,dataset_20260528/DT_14th_and_Madison_New_1/DT_14th_and_Madison_New_1_20260528T225000.jpg,illegal_dumping,done,2026-06-02T11:11:36.250412+00:00,0.037,0.751,0.79,,nvidia/cosmos-reason2-8b,"DUMPING PRESENT: Yes
ORDINANCE VIOLATION: Yes
WASTE TYPE: mixed
WASTE VOLUME: small (pickup truck)
WASTE ORIGIN: residential
PROPERTY TYPE: alley
ADDRESS MARKERS: NONE
GUTTER/ALLEY: Yes
WATER PROXIMITY: No
CHRONIC SITE: No
VEHICLES: NONE
IDENTIFIERS: NONE
SEVERITY: 2
ORDINANCE: Sec-46-45
PRIORITY: MEDIUM
SUMMARY: Mixed waste is illegally dumped in an alley, violating property owner liability under Sec. 46-45.
"
20260602T105528Z,DT_14th_and_Madison_New_1_20260528T230000.jpg,,,dataset_20260528/DT_14th_and_Madison_New_1/DT_14th_and_Madison_New_1_20260528T230000.jpg,illegal_dumping,done,2026-06-02T11:11:36.383535+00:00,0.035,0.83,0.868,,nvidia/cosmos-reason2-8b,"DUMPING PRESENT: Yes
ORDINANCE VIOLATION: Yes
WASTE TYPE: mixed
WASTE VOLUME: small (pickup truck)
WASTE ORIGIN: residential
PROPERTY TYPE: alley
ADDRESS MARKERS: NONE
GUTTER/ALLEY: Yes
WATER PROXIMITY: No
CHRONIC SITE: No
VEHICLES: NONE
IDENTIFIERS: NONE
SEVERITY: 2
ORDINANCE: Sec-46-45
PRIORITY: MEDIUM
SUMMARY: Mixed waste is illegally dumped in an alley next to a residential property, violating property owner liability under Sec. 46-45.
"
20260602T105528Z,DT_14th_and_Madison_New_1_20260528T231000.jpg,,,dataset_20260528/DT_14th_and_Madison_New_1/DT_14th_and_Madison_New_1_20260528T231000.jpg,illegal_dumping,done,2026-06-02T11:11:36.670691+00:00,0.042,0.811,0.855,,nvidia/cosmos-reason2-8b,"DUMPING PRESENT: Yes
ORDINANCE VIOLATION: Yes
WASTE TYPE: mixed
WASTE VOLUME: small (pickup truck)
WASTE ORIGIN: residential
PROPERTY TYPE: vacant-lot
ADDRESS MARKERS: NONE
GUTTER/ALLEY: No
WATER PROXIMITY: No
CHRONIC SITE: No
VEHICLES: NONE
IDENTIFIERS: NONE
SEVERITY: 1
ORDINANCE: Sec-46-45
PRIORITY: LOW
SUMMARY: Mixed waste is illegally dumped on a vacant lot, violating property owner liability under Sec. 46-45.
"
20260602T105528Z,DT_14th_and_Madison_New_1_20260528T232000.jpg,,,dataset_20260528/DT_14th_and_Madison_New_1/DT_14th_and_Madison_New_1_20260528T232000.jpg,illegal_dumping,done,2026-06-02T11:11:36.855410+00:00,0.04,0.88,0.923,,nvidia/cosmos-reason2-8b,"DUMPING PRESENT: Yes
ORDINANCE VIOLATION: Yes
WASTE TYPE: mixed
WASTE VOLUME: small (pickup truck)
WASTE ORIGIN: residential
PROPERTY TYPE: vacant-lot
ADDRESS MARKERS: NONE
GUTTER/ALLEY: No
WATER PROXIMITY: No
CHRONIC SITE: No
VEHICLES: NONE
IDENTIFIERS: NONE
SEVERITY: 1
ORDINANCE: Sec-46-45
PRIORITY: LOW
SUMMARY: Mixed waste is illegally dumped on a vacant lot, violating property owner liability under Sec. 46-45."
20260602T105528Z,DT_14th_and_Madison_New_1_20260528T233000.jpg,,,dataset_20260528/DT_14th_and_Madison_New_1/DT_14th_and_Madison_New_1_20260528T233000.jpg,illegal_dumping,done,2026-06-02T11:11:37.043175+00:00,0.04,0.759,0.802,,nvidia/cosmos-reason2-8b,"DUMPING PRESENT: Yes
ORDINANCE VIOLATION: Yes
WASTE TYPE: mixed
WASTE VOLUME: small (pickup truck)
WASTE ORIGIN: residential
PROPERTY TYPE: alley
ADDRESS MARKERS: NONE
GUTTER/ALLEY: Yes
WATER PROXIMITY: No
CHRONIC SITE: No
VEHICLES: NONE
IDENTIFIERS: NONE
SEVERITY: 1
ORDINANCE: Sec-46-45
PRIORITY: LOW
SUMMARY: Mixed waste is illegally dumped in an alley, violating property owner liability under Sec. 46-45."
20260602T105528Z,DT_14th_and_Madison_New_1_20260528T234000.jpg,,,dataset_20260528/DT_14th_and_Madison_New_1/DT_14th_and_Madison_New_1_20260528T234000.jpg,illegal_dumping,done,2026-06-02T11:11:37.253495+00:00,0.033,0.776,0.823,,nvidia/cosmos-reason2-8b,"DUMPING PRESENT: Yes
ORDINANCE VIOLATION: Yes
WASTE TYPE: mixed
WASTE VOLUME: small (pickup truck)
WASTE ORIGIN: residential
PROPERTY TYPE: alley
ADDRESS MARKERS: NONE
GUTTER/ALLEY: Yes
WATER PROXIMITY: No
CHRONIC SITE: No
VEHICLES: NONE
IDENTIFIERS: NONE
SEVERITY: 2
ORDINANCE: Sec-46-45
PRIORITY: MEDIUM
SUMMARY: Mixed waste is illegally dumped in an alleyway, violating Brownsville's property owner liability ordinance (Sec. 46-45)."
20260602T105528Z,DT_14th_and_Madison_New_1_20260528T235000.jpg,,,dataset_20260528/DT_14th_and_Madison_New_1/DT_14th_and_Madison_New_1_20260528T235000.jpg,illegal_dumping,done,2026-06-02T11:11:37.528549+00:00,0.034,0.745,0.782,,nvidia/cosmos-reason2-8b,"DUMPING PRESENT: Yes
ORDINANCE VIOLATION: Yes
WASTE TYPE: mixed
WASTE VOLUME: small (pickup truck)
WASTE ORIGIN: residential
PROPERTY TYPE: alley
ADDRESS MARKERS: NONE
GUTTER/ALLEY: Yes
WATER PROXIMITY: No
CHRONIC SITE: No
VEHICLES: NONE
IDENTIFIERS: NONE
SEVERITY: 2
ORDINANCE: Sec-46-45
PRIORITY: MEDIUM
SUMMARY: Illegal dumping is observed in the alley, violating Brownsville's property owner liability ordinance (Sec. 46-45)."
20260602T105528Z,DT_14th_and_Madison_New_4_20260528T000000.jpg,,,dataset_20260528/DT_14th_and_Madison_New_4/DT_14th_and_Madison_New_4_20260528T000000.jpg,illegal_dumping,done,2026-06-02T11:11:38.321337+00:00,0.047,1.052,1.123,,nvidia/cosmos-reason2-8b,"DUMPING PRESENT: Yes
ORDINANCE VIOLATION: Yes
WASTE TYPE: mixed
WASTE VOLUME: small (pickup truck)
WASTE ORIGIN: residential
PROPERTY TYPE: alley
ADDRESS MARKERS: NONE
GUTTER/ALLEY: Yes
WATER PROXIMITY: No
CHRONIC SITE: No
VEHICLES: NONE
IDENTIFIERS: NONE
SEVERITY: 2
ORDINANCE: Sec-46-45
PRIORITY: MEDIUM
SUMMARY: Illegal dumping is present in the alley, violating Brownsville's ordinance, with mixed waste scattered on the ground."
20260602T105528Z,DT_14th_and_Madison_New_4_20260528T001000.jpg,,,dataset_20260528/DT_14th_and_Madison_New_4/DT_14th_and_Madison_New_4_20260528T001000.jpg,illegal_dumping,done,2026-06-02T11:11:38.322309+00:00,0.044,1.247,1.315,,nvidia/cosmos-reason2-8b,"DUMPING PRESENT: Yes
ORDINANCE VIOLATION: Yes
WASTE TYPE: mixed
WASTE VOLUME: medium
WASTE ORIGIN: residential
PROPERTY TYPE: alley
ADDRESS MARKERS: NONE
GUTTER/ALLEY: Yes
WATER PROXIMITY: No
CHRONIC SITE: No
VEHICLES: NONE
IDENTIFIERS: NONE
SEVERITY: 2
ORDINANCE: Sec-46-45
PRIORITY: MEDIUM
SUMMARY: Illegal dumping of mixed waste is observed in an alley, violating Brownsville's ordinance that holds property owners responsible for waste on their land.
"
20260602T105528Z,DT_14th_and_Madison_New_4_20260528T002000.jpg,,,dataset_20260528/DT_14th_and_Madison_New_4/DT_14th_and_Madison_New_4_20260528T002000.jpg,illegal_dumping,done,2026-06-02T11:11:38.323044+00:00,0.045,1.333,1.402,,nvidia/cosmos-reason2-8b,"DUMPING PRESENT: Yes
ORDINANCE VIOLATION: Yes
WASTE TYPE: mixed
WASTE VOLUME: medium
WASTE ORIGIN: unknown
PROPERTY TYPE: alley
ADDRESS MARKERS: NONE
GUTTER/ALLEY: Yes
WATER PROXIMITY: No
CHRONIC SITE: No
VEHICLES: NONE
IDENTIFIERS: NONE
SEVERITY: 2
ORDINANCE: Sec-46-45
PRIORITY: MEDIUM
SUMMARY: Illegal dumping of mixed waste is present in the alley, violating Brownsville's property owner liability ordinance.
"
20260602T105528Z,DT_14th_and_Madison_New_4_20260528T003000.jpg,,,dataset_20260528/DT_14th_and_Madison_New_4/DT_14th_and_Madison_New_4_20260528T003000.jpg,illegal_dumping,done,2026-06-02T11:11:38.324798+00:00,0.047,1.057,1.125,,nvidia/cosmos-reason2-8b,"DUMPING PRESENT: Yes
ORDINANCE VIOLATION: Yes
WASTE TYPE: mixed
WASTE VOLUME: medium
WASTE ORIGIN: residential
PROPERTY TYPE: alley
ADDRESS MARKERS: NONE
GUTTER/ALLEY: Yes
WATER PROXIMITY: No
CHRONIC SITE: No
VEHICLES: NONE
IDENTIFIERS: NONE
SEVERITY: 2
ORDINANCE: Sec-46-45
PRIORITY: MEDIUM
SUMMARY: Illegal dumping of mixed waste is present in the alley, violating Brownsville's property owner liability ordinance.
"
20260602T105528Z,DT_14th_and_Madison_New_4_20260528T004000.jpg,,,dataset_20260528/DT_14th_and_Madison_New_4/DT_14th_and_Madison_New_4_20260528T004000.jpg,illegal_dumping,done,2026-06-02T11:11:39.447412+00:00,0.046,1.205,1.255,,nvidia/cosmos-reason2-8b,"DUMPING PRESENT: Yes
ORDINANCE VIOLATION: Yes
WASTE TYPE: mixed
WASTE VOLUME: medium
WASTE ORIGIN: unknown
PROPERTY TYPE: right-of-way
ADDRESS MARKERS: NONE
GUTTER/ALLEY: Yes
WATER PROXIMITY: No
CHRONIC SITE: Yes
VEHICLES: NONE
IDENTIFIERS: NONE
SEVERITY: 3
ORDINANCE: Sec-46-45
PRIORITY: MEDIUM
SUMMARY: Illegal dumping is occurring in the right-of-way, with mixed waste scattered across the area, indicating a chronic issue that violates property owner liability under Sec-46-45.
"
20260602T105528Z,DT_14th_and_Madison_New_4_20260528T005000.jpg,,,dataset_20260528/DT_14th_and_Madison_New_4/DT_14th_and_Madison_New_4_20260528T005000.jpg,illegal_dumping,done,2026-06-02T11:11:39.451919+00:00,0.043,0.894,0.94,,nvidia/cosmos-reason2-8b,"DUMPING PRESENT: Yes
ORDINANCE VIOLATION: Yes
WASTE TYPE: mixed
WASTE VOLUME: small (pickup truck)
WASTE ORIGIN: residential
PROPERTY TYPE: alley
ADDRESS MARKERS: NONE
GUTTER/ALLEY: Yes
WATER PROXIMITY: No
CHRONIC SITE: No
VEHICLES: NONE
IDENTIFIERS: NONE
SEVERITY: 2
ORDINANCE: Sec-46-45
PRIORITY: MEDIUM
SUMMARY: Illegal dumping of mixed waste is present in an alley, violating Brownsville's property owner liability ordinance (Sec. 46-45)."
20260602T105528Z,DT_14th_and_Madison_New_4_20260528T010000.jpg,,,dataset_20260528/DT_14th_and_Madison_New_4/DT_14th_and_Madison_New_4_20260528T010000.jpg,illegal_dumping,done,2026-06-02T11:11:39.640153+00:00,0.037,1.147,1.187,,nvidia/cosmos-reason2-8b,"DUMPING PRESENT: Yes
ORDINANCE VIOLATION: Yes
WASTE TYPE: mixed
WASTE VOLUME: small (pickup truck)
WASTE ORIGIN: residential
PROPERTY TYPE: alley
ADDRESS MARKERS: NONE
GUTTER/ALLEY: Yes
WATER PROXIMITY: No
CHRONIC SITE: No
VEHICLES: NONE
IDENTIFIERS: NONE
SEVERITY: 2
ORDINANCE: Sec-46-45
PRIORITY: MEDIUM
SUMMARY: Illegal dumping of mixed waste is present in an alley, violating Brownsville's property owner liability ordinance (Sec. 46-45).
"
20260602T105528Z,DT_14th_and_Madison_New_4_20260528T011000.jpg,,,dataset_20260528/DT_14th_and_Madison_New_4/DT_14th_and_Madison_New_4_20260528T011000.jpg,illegal_dumping,done,2026-06-02T11:11:39.727341+00:00,0.026,1.136,1.165,,nvidia/cosmos-reason2-8b,"DUMPING PRESENT: Yes
ORDINANCE VIOLATION: Yes
WASTE TYPE: mixed
WASTE VOLUME: medium (dump truck)
WASTE ORIGIN: unknown
PROPERTY TYPE: vacant-lot
ADDRESS MARKERS: NONE
GUTTER/ALLEY: Yes
WATER PROXIMITY: No
CHRONIC SITE: No
VEHICLES: NONE
IDENTIFIERS: NONE
SEVERITY: 2
ORDINANCE: Sec-46-45
PRIORITY: MEDIUM
SUMMARY: Illegal dumping is present on a vacant lot, violating Brownsville's property owner liability ordinance (Sec. 46-45)."
20260602T105528Z,DT_14th_and_Madison_New_4_20260528T012000.jpg,,,dataset_20260528/DT_14th_and_Madison_New_4/DT_14th_and_Madison_New_4_20260528T012000.jpg,illegal_dumping,done,2026-06-02T11:11:40.394193+00:00,0.037,0.758,0.798,,nvidia/cosmos-reason2-8b,"DUMPING PRESENT: Yes
ORDINANCE VIOLATION: Yes
WASTE TYPE: mixed
WASTE VOLUME: medium
WASTE ORIGIN: unknown
PROPERTY TYPE: right-of-way
ADDRESS MARKERS: NONE
GUTTER/ALLEY: Yes
WATER PROXIMITY: No
CHRONIC SITE: No
VEHICLES: NONE
IDENTIFIERS: NONE
SEVERITY: 2
ORDINANCE: Sec-46-45
PRIORITY: MEDIUM
SUMMARY: Illegal dumping of mixed waste is present in the right-of-way, violating Brownsville's property owner liability ordinance.
"
20260602T105528Z,DT_14th_and_Madison_New_4_20260528T013000.jpg,,,dataset_20260528/DT_14th_and_Madison_New_4/DT_14th_and_Madison_New_4_20260528T013000.jpg,illegal_dumping,done,2026-06-02T11:11:40.704889+00:00,0.037,0.778,0.818,,nvidia/cosmos-reason2-8b,"DUMPING PRESENT: Yes
ORDINANCE VIOLATION: Yes
WASTE TYPE: mixed
WASTE VOLUME: small (pickup truck)
WASTE ORIGIN: residential
PROPERTY TYPE: alley
ADDRESS MARKERS: NONE
GUTTER/ALLEY: Yes
WATER PROXIMITY: No
CHRONIC SITE: No
VEHICLES: NONE
IDENTIFIERS: NONE
SEVERITY: 2
ORDINANCE: Sec-46-45
PRIORITY: MEDIUM
SUMMARY: Illegal dumping of mixed waste is observed in an alley, violating Brownsville's property owner liability ordinance.
"
20260602T105528Z,DT_14th_and_Madison_New_4_20260528T014000.jpg,,,dataset_20260528/DT_14th_and_Madison_New_4/DT_14th_and_Madison_New_4_20260528T014000.jpg,illegal_dumping,done,2026-06-02T11:11:40.829244+00:00,0.032,1.017,1.051,,nvidia/cosmos-reason2-8b,"DUMPING PRESENT: Yes
ORDINANCE VIOLATION: Yes
WASTE TYPE: mixed
WASTE VOLUME: small (pickup truck)
WASTE ORIGIN: residential
PROPERTY TYPE: alley
ADDRESS MARKERS: NONE
GUTTER/ALLEY: Yes
WATER PROXIMITY: No
CHRONIC SITE: No
VEHICLES: NONE
IDENTIFIERS: NONE
SEVERITY: 2
ORDINANCE: Sec-46-45
PRIORITY: MEDIUM
SUMMARY: Illegal dumping is observed in the alley, with mixed waste scattered on the ground, violating property owner liability under Sec-46-45.
"
20260602T105528Z,DT_14th_and_Madison_New_4_20260528T015000.jpg,,,dataset_20260528/DT_14th_and_Madison_New_4/DT_14th_and_Madison_New_4_20260528T015000.jpg,illegal_dumping,done,2026-06-02T11:11:40.894202+00:00,0.035,1.05,1.087,,nvidia/cosmos-reason2-8b,"DUMPING PRESENT: Yes
ORDINANCE VIOLATION: Yes
WASTE TYPE: mixed
WASTE VOLUME: medium (dump truck)
WASTE ORIGIN: unknown
PROPERTY TYPE: alley
ADDRESS MARKERS: NONE
GUTTER/ALLEY: Yes
WATER PROXIMITY: No
CHRONIC SITE: No
VEHICLES: NONE
IDENTIFIERS: NONE
SEVERITY: 2
ORDINANCE: Sec-46-45
PRIORITY: MEDIUM
SUMMARY: Illegal dumping of mixed waste is observed in an alley, violating Brownsville's property owner liability ordinance (Sec. 46-45)."
20260602T105528Z,DT_14th_and_Madison_New_4_20260528T020000.jpg,,,dataset_20260528/DT_14th_and_Madison_New_4/DT_14th_and_Madison_New_4_20260528T020000.jpg,illegal_dumping,done,2026-06-02T11:11:41.195069+00:00,0.036,0.912,0.95,,nvidia/cosmos-reason2-8b,"DUMPING PRESENT: Yes
ORDINANCE VIOLATION: Yes
WASTE TYPE: mixed
WASTE VOLUME: small (pickup truck)
WASTE ORIGIN: residential
PROPERTY TYPE: alley
ADDRESS MARKERS: NONE
GUTTER/ALLEY: Yes
WATER PROXIMITY: No
CHRONIC SITE: No
VEHICLES: NONE
IDENTIFIERS: NONE
SEVERITY: 2
ORDINANCE: Sec-46-45
PRIORITY: MEDIUM
SUMMARY: Illegal dumping is present in the alley, with mixed waste scattered on the ground, violating property owner liability under Sec-46-45.
"
20260602T105528Z,DT_14th_and_Madison_New_4_20260528T021000.jpg,,,dataset_20260528/DT_14th_and_Madison_New_4/DT_14th_and_Madison_New_4_20260528T021000.jpg,illegal_dumping,done,2026-06-02T11:11:41.525414+00:00,0.037,0.741,0.782,,nvidia/cosmos-reason2-8b,"DUMPING PRESENT: Yes
ORDINANCE VIOLATION: Yes
WASTE TYPE: mixed
WASTE VOLUME: small (pickup truck)
WASTE ORIGIN: residential
PROPERTY TYPE: alley
ADDRESS MARKERS: NONE
GUTTER/ALLEY: Yes
WATER PROXIMITY: No
CHRONIC SITE: No
VEHICLES: NONE
IDENTIFIERS: NONE
SEVERITY: 2
ORDINANCE: Sec-46-45
PRIORITY: MEDIUM
SUMMARY: Illegal dumping of mixed waste is observed in an alley, violating Brownsville's property owner liability ordinance.
"
20260602T105528Z,DT_14th_and_Madison_New_4_20260528T022000.jpg,,,dataset_20260528/DT_14th_and_Madison_New_4/DT_14th_and_Madison_New_4_20260528T022000.jpg,illegal_dumping,done,2026-06-02T11:11:41.882710+00:00,0.038,0.874,0.915,,nvidia/cosmos-reason2-8b,"DUMPING PRESENT: Yes
ORDINANCE VIOLATION: Yes
WASTE TYPE: mixed
WASTE VOLUME: small (pickup truck)
WASTE ORIGIN: residential
PROPERTY TYPE: alley
ADDRESS MARKERS: NONE
GUTTER/ALLEY: Yes
WATER PROXIMITY: No
CHRONIC SITE: No
VEHICLES: NONE
IDENTIFIERS: NONE
SEVERITY: 2
ORDINANCE: Sec-46-45
PRIORITY: MEDIUM
SUMMARY: Illegal dumping of mixed waste is observed in an alley, violating Brownsville's ordinance, with debris scattered along the ground.
"
20260602T105528Z,DT_14th_and_Madison_New_4_20260528T023000.jpg,,,dataset_20260528/DT_14th_and_Madison_New_4/DT_14th_and_Madison_New_4_20260528T023000.jpg,illegal_dumping,done,2026-06-02T11:11:41.983506+00:00,0.033,0.867,0.902,,nvidia/cosmos-reason2-8b,"DUMPING PRESENT: Yes
ORDINANCE VIOLATION: Yes
WASTE TYPE: mixed
WASTE VOLUME: medium
WASTE ORIGIN: residential
PROPERTY TYPE: alley
ADDRESS MARKERS: NONE
GUTTER/ALLEY: Yes
WATER PROXIMITY: No
CHRONIC SITE: No
VEHICLES: NONE
IDENTIFIERS: NONE
SEVERITY: 2
ORDINANCE: Sec-46-45
PRIORITY: MEDIUM
SUMMARY: Illegal dumping of mixed waste is observed in an alley, violating Brownsville's property owner liability ordinance.
"
20260602T105528Z,DT_14th_and_Madison_New_4_20260528T024000.jpg,,,dataset_20260528/DT_14th_and_Madison_New_4/DT_14th_and_Madison_New_4_20260528T024000.jpg,illegal_dumping,done,2026-06-02T11:11:42.148531+00:00,0.04,1.089,1.131,,nvidia/cosmos-reason2-8b,"DUMPING PRESENT: Yes
ORDINANCE VIOLATION: Yes
WASTE TYPE: mixed
WASTE VOLUME: small (pickup truck)
WASTE ORIGIN: residential
PROPERTY TYPE: alley
ADDRESS MARKERS: NONE
GUTTER/ALLEY: Yes
WATER PROXIMITY: No
CHRONIC SITE: No
VEHICLES: NONE
IDENTIFIERS: NONE
SEVERITY: 2
ORDINANCE: Sec-46-45
PRIORITY: MEDIUM
SUMMARY: Illegal dumping is occurring in an alleyway, with mixed waste scattered on the ground, violating property owner liability under Sec-46-45.
"
20260602T105528Z,DT_14th_and_Madison_New_4_20260528T025000.jpg,,,dataset_20260528/DT_14th_and_Madison_New_4/DT_14th_and_Madison_New_4_20260528T025000.jpg,illegal_dumping,done,2026-06-02T11:11:42.309605+00:00,0.03,0.937,0.969,,nvidia/cosmos-reason2-8b,"DUMPING PRESENT: Yes
ORDINANCE VIOLATION: Yes
WASTE TYPE: mixed
WASTE VOLUME: small (pickup truck)
WASTE ORIGIN: residential
PROPERTY TYPE: alley
ADDRESS MARKERS: NONE
GUTTER/ALLEY: Yes
WATER PROXIMITY: No
CHRONIC SITE: No
VEHICLES: NONE
IDENTIFIERS: NONE
SEVERITY: 2
ORDINANCE: Sec-46-45
PRIORITY: MEDIUM
SUMMARY: Illegal dumping of mixed waste is present in the alley, violating Brownsville's property owner liability ordinance.
"
20260602T105528Z,DT_14th_and_Madison_New_4_20260528T030000.jpg,,,dataset_20260528/DT_14th_and_Madison_New_4/DT_14th_and_Madison_New_4_20260528T030000.jpg,illegal_dumping,done,2026-06-02T11:11:42.800377+00:00,0.036,0.863,0.901,,nvidia/cosmos-reason2-8b,"DUMPING PRESENT: Yes
ORDINANCE VIOLATION: Yes
WASTE TYPE: mixed
WASTE VOLUME: small (pickup truck)
WASTE ORIGIN: residential
PROPERTY TYPE: alley
ADDRESS MARKERS: NONE
GUTTER/ALLEY: Yes
WATER PROXIMITY: No
CHRONIC SITE: No
VEHICLES: NONE
IDENTIFIERS: NONE
SEVERITY: 2
ORDINANCE: Sec-46-45
PRIORITY: MEDIUM
SUMMARY: Illegal dumping is observed in the alley, with mixed waste scattered on the ground, violating Brownsville's property owner liability ordinance (Sec. 46-45).
"
20260602T105528Z,DT_14th_and_Madison_New_4_20260528T031000.jpg,,,dataset_20260528/DT_14th_and_Madison_New_4/DT_14th_and_Madison_New_4_20260528T031000.jpg,illegal_dumping,done,2026-06-02T11:11:42.888020+00:00,0.036,0.829,0.868,,nvidia/cosmos-reason2-8b,"DUMPING PRESENT: Yes
ORDINANCE VIOLATION: Yes
WASTE TYPE: mixed
WASTE VOLUME: small (pickup truck)
WASTE ORIGIN: residential
PROPERTY TYPE: alley
ADDRESS MARKERS: NONE
GUTTER/ALLEY: Yes
WATER PROXIMITY: No
CHRONIC SITE: No
VEHICLES: NONE
IDENTIFIERS: NONE
SEVERITY: 2
ORDINANCE: Sec-46-45
PRIORITY: MEDIUM
SUMMARY: Illegal dumping of mixed waste is present in the alley, violating Brownsville's property owner liability ordinance.
"
20260602T105528Z,DT_14th_and_Madison_New_4_20260528T032000.jpg,,,dataset_20260528/DT_14th_and_Madison_New_4/DT_14th_and_Madison_New_4_20260528T032000.jpg,illegal_dumping,done,2026-06-02T11:11:43.282431+00:00,0.062,0.943,1.008,,nvidia/cosmos-reason2-8b,"DUMPING PRESENT: Yes
ORDINANCE VIOLATION: Yes
WASTE TYPE: mixed
WASTE VOLUME: medium
WASTE ORIGIN: unknown
PROPERTY TYPE: alley
ADDRESS MARKERS: NONE
GUTTER/ALLEY: Yes
WATER PROXIMITY: No
CHRONIC SITE: No
VEHICLES: NONE
IDENTIFIERS: NONE
SEVERITY: 2
ORDINANCE: Sec-46-45
PRIORITY: MEDIUM
SUMMARY: Illegal dumping of mixed waste is present in the alley, violating property owner liability under Sec. 46-45.
"
20260602T105528Z,DT_14th_and_Madison_New_4_20260528T033000.jpg,,,dataset_20260528/DT_14th_and_Madison_New_4/DT_14th_and_Madison_New_4_20260528T033000.jpg,illegal_dumping,done,2026-06-02T11:11:43.283589+00:00,0.061,0.887,0.951,,nvidia/cosmos-reason2-8b,"DUMPING PRESENT: Yes
ORDINANCE VIOLATION: Yes
WASTE TYPE: mixed
WASTE VOLUME: medium
WASTE ORIGIN: residential
PROPERTY TYPE: alley
ADDRESS MARKERS: NONE
GUTTER/ALLEY: Yes
WATER PROXIMITY: No
CHRONIC SITE: No
VEHICLES: NONE
IDENTIFIERS: NONE
SEVERITY: 2
ORDINANCE: Sec-46-45
PRIORITY: MEDIUM
SUMMARY: Illegal dumping of mixed waste is observed in an alley, violating Brownsville's property owner liability ordinance."
20260602T105528Z,DT_14th_and_Madison_New_4_20260528T034000.jpg,,,dataset_20260528/DT_14th_and_Madison_New_4/DT_14th_and_Madison_New_4_20260528T034000.jpg,illegal_dumping,done,2026-06-02T11:11:43.703865+00:00,0.033,0.838,0.873,,nvidia/cosmos-reason2-8b,"DUMPING PRESENT: Yes
ORDINANCE VIOLATION: Yes
WASTE TYPE: mixed
WASTE VOLUME: medium
WASTE ORIGIN: residential
PROPERTY TYPE: alley
ADDRESS MARKERS: NONE
GUTTER/ALLEY: Yes
WATER PROXIMITY: No
CHRONIC SITE: No
VEHICLES: NONE
IDENTIFIERS: NONE
SEVERITY: 2
ORDINANCE: Sec-46-45
PRIORITY: MEDIUM
SUMMARY: Illegal dumping of mixed waste is observed in an alleyway, violating Brownsville's property owner liability ordinance (Sec. 46-45).
"
20260602T105528Z,DT_14th_and_Madison_New_4_20260528T035000.jpg,,,dataset_20260528/DT_14th_and_Madison_New_4/DT_14th_and_Madison_New_4_20260528T035000.jpg,illegal_dumping,done,2026-06-02T11:11:43.757727+00:00,0.034,0.91,0.946,,nvidia/cosmos-reason2-8b,"DUMPING PRESENT: Yes
ORDINANCE VIOLATION: Yes
WASTE TYPE: mixed
WASTE VOLUME: small (pickup truck)
WASTE ORIGIN: residential
PROPERTY TYPE: alley
ADDRESS MARKERS: NONE
GUTTER/ALLEY: Yes
WATER PROXIMITY: No
CHRONIC SITE: No
VEHICLES: NONE
IDENTIFIERS: NONE
SEVERITY: 2
ORDINANCE: Sec-46-45
PRIORITY: MEDIUM
SUMMARY: Illegal dumping is occurring in an alley, with mixed waste scattered on the ground, violating property owner liability under Sec-46-45.
"
20260602T105528Z,DT_14th_and_Madison_New_4_20260528T040000.jpg,,,dataset_20260528/DT_14th_and_Madison_New_4/DT_14th_and_Madison_New_4_20260528T040000.jpg,illegal_dumping,done,2026-06-02T11:11:44.237225+00:00,0.036,0.861,0.9,,nvidia/cosmos-reason2-8b,"DUMPING PRESENT: Yes
ORDINANCE VIOLATION: Yes
WASTE TYPE: mixed
WASTE VOLUME: small (pickup truck)
WASTE ORIGIN: unknown
PROPERTY TYPE: alley
ADDRESS MARKERS: NONE
GUTTER/ALLEY: Yes
WATER PROXIMITY: No
CHRONIC SITE: No
VEHICLES: NONE
IDENTIFIERS: NONE
SEVERITY: 2
ORDINANCE: Sec-46-45
PRIORITY: MEDIUM
SUMMARY: Illegal dumping of mixed waste is present in the alley, violating Brownsville's property owner liability ordinance (Sec. 46-45)."
20260602T105528Z,DT_14th_and_Madison_New_4_20260528T041000.jpg,,,dataset_20260528/DT_14th_and_Madison_New_4/DT_14th_and_Madison_New_4_20260528T041000.jpg,illegal_dumping,done,2026-06-02T11:11:44.293331+00:00,0.033,0.941,0.976,,nvidia/cosmos-reason2-8b,"DUMPING PRESENT: Yes
ORDINANCE VIOLATION: Yes
WASTE TYPE: mixed
WASTE VOLUME: medium
WASTE ORIGIN: residential
PROPERTY TYPE: alley
ADDRESS MARKERS: NONE
GUTTER/ALLEY: Yes
WATER PROXIMITY: No
CHRONIC SITE: No
VEHICLES: NONE
IDENTIFIERS: NONE
SEVERITY: 2
ORDINANCE: Sec-46-45
PRIORITY: MEDIUM
SUMMARY: Illegal dumping is occurring in an alleyway, with mixed waste scattered across the ground, violating property owner liability under Sec-46-45.
"
20260602T105528Z,DT_14th_and_Madison_New_4_20260528T042000.jpg,,,dataset_20260528/DT_14th_and_Madison_New_4/DT_14th_and_Madison_New_4_20260528T042000.jpg,illegal_dumping,done,2026-06-02T11:11:44.580062+00:00,0.035,0.828,0.866,,nvidia/cosmos-reason2-8b,"DUMPING PRESENT: Yes
ORDINANCE VIOLATION: Yes
WASTE TYPE: mixed
WASTE VOLUME: small (pickup truck)
WASTE ORIGIN: residential
PROPERTY TYPE: alley
ADDRESS MARKERS: NONE
GUTTER/ALLEY: Yes
WATER PROXIMITY: No
CHRONIC SITE: No
VEHICLES: NONE
IDENTIFIERS: NONE
SEVERITY: 2
ORDINANCE: Sec-46-45
PRIORITY: MEDIUM
SUMMARY: Illegal dumping of mixed waste is observed in an alleyway, violating Brownsville's property owner liability ordinance.
"
20260602T105528Z,DT_14th_and_Madison_New_4_20260528T043000.jpg,,,dataset_20260528/DT_14th_and_Madison_New_4/DT_14th_and_Madison_New_4_20260528T043000.jpg,illegal_dumping,done,2026-06-02T11:11:44.707188+00:00,0.033,0.884,0.919,,nvidia/cosmos-reason2-8b,"DUMPING PRESENT: Yes
ORDINANCE VIOLATION: Yes
WASTE TYPE: mixed
WASTE VOLUME: small (pickup truck)
WASTE ORIGIN: residential
PROPERTY TYPE: alley
ADDRESS MARKERS: NONE
GUTTER/ALLEY: Yes
WATER PROXIMITY: No
CHRONIC SITE: No
VEHICLES: NONE
IDENTIFIERS: NONE
SEVERITY: 2
ORDINANCE: Sec-46-45
PRIORITY: MEDIUM
SUMMARY: Illegal dumping is occurring in an alleyway, with mixed waste scattered on the ground, violating property owner liability under Sec-46-45.
"
20260602T105528Z,DT_14th_and_Madison_New_4_20260528T044000.jpg,,,dataset_20260528/DT_14th_and_Madison_New_4/DT_14th_and_Madison_New_4_20260528T044000.jpg,illegal_dumping,done,2026-06-02T11:11:45.140839+00:00,0.037,0.775,0.815,,nvidia/cosmos-reason2-8b,"DUMPING PRESENT: Yes
ORDINANCE VIOLATION: Yes
WASTE TYPE: mixed
WASTE VOLUME: small (pickup truck)
WASTE ORIGIN: residential
PROPERTY TYPE: alley
ADDRESS MARKERS: NONE
GUTTER/ALLEY: Yes
WATER PROXIMITY: No
CHRONIC SITE: No
VEHICLES: NONE
IDENTIFIERS: NONE
SEVERITY: 2
ORDINANCE: Sec-46-45
PRIORITY: MEDIUM
SUMMARY: Illegal dumping of mixed waste is present in an alley, violating Brownsville's property owner liability ordinance.
"
20260602T105528Z,DT_14th_and_Madison_New_4_20260528T045000.jpg,,,dataset_20260528/DT_14th_and_Madison_New_4/DT_14th_and_Madison_New_4_20260528T045000.jpg,illegal_dumping,done,2026-06-02T11:11:45.271838+00:00,0.033,0.899,0.934,,nvidia/cosmos-reason2-8b,"DUMPING PRESENT: Yes
ORDINANCE VIOLATION: Yes
WASTE TYPE: mixed
WASTE VOLUME: small (pickup truck)
WASTE ORIGIN: residential
PROPERTY TYPE: alley
ADDRESS MARKERS: NONE
GUTTER/ALLEY: Yes
WATER PROXIMITY: No
CHRONIC SITE: No
VEHICLES: NONE
IDENTIFIERS: NONE
SEVERITY: 2
ORDINANCE: Sec-46-45
PRIORITY: MEDIUM
SUMMARY: Illegal dumping of mixed waste is observed in an alleyway, violating Brownsville's property owner liability ordinance (Sec. 46-45).
"
20260602T105528Z,DT_14th_and_Madison_New_4_20260528T050000.jpg,,,dataset_20260528/DT_14th_and_Madison_New_4/DT_14th_and_Madison_New_4_20260528T050000.jpg,illegal_dumping,done,2026-06-02T11:11:45.448619+00:00,0.034,0.848,0.884,,nvidia/cosmos-reason2-8b,"DUMPING PRESENT: Yes
ORDINANCE VIOLATION: Yes
WASTE TYPE: mixed
WASTE VOLUME: medium
WASTE ORIGIN: unknown
PROPERTY TYPE: alley
ADDRESS MARKERS: NONE
GUTTER/ALLEY: Yes
WATER PROXIMITY: No
CHRONIC SITE: No
VEHICLES: NONE
IDENTIFIERS: NONE
SEVERITY: 2
ORDINANCE: Sec-46-45
PRIORITY: MEDIUM
SUMMARY: Illegal dumping of mixed waste is observed in an alley, violating Brownsville's ordinance on property owner liability for waste disposal.
"
20260602T105528Z,DT_14th_and_Madison_New_4_20260528T051000.jpg,,,dataset_20260528/DT_14th_and_Madison_New_4/DT_14th_and_Madison_New_4_20260528T051000.jpg,illegal_dumping,done,2026-06-02T11:11:45.628834+00:00,0.04,0.83,0.872,,nvidia/cosmos-reason2-8b,"DUMPING PRESENT: Yes
ORDINANCE VIOLATION: Yes
WASTE TYPE: mixed
WASTE VOLUME: medium
WASTE ORIGIN: residential
PROPERTY TYPE: alley
ADDRESS MARKERS: NONE
GUTTER/ALLEY: Yes
WATER PROXIMITY: No
CHRONIC SITE: No
VEHICLES: NONE
IDENTIFIERS: NONE
SEVERITY: 2
ORDINANCE: Sec-46-45
PRIORITY: MEDIUM
SUMMARY: Illegal dumping of mixed waste is observed in an alley, violating Brownsville's property owner liability ordinance.
"
20260602T105528Z,DT_14th_and_Madison_New_4_20260528T052000.jpg,,,dataset_20260528/DT_14th_and_Madison_New_4/DT_14th_and_Madison_New_4_20260528T052000.jpg,illegal_dumping,done,2026-06-02T11:11:45.958689+00:00,0.035,0.718,0.756,,nvidia/cosmos-reason2-8b,"DUMPING PRESENT: Yes
ORDINANCE VIOLATION: Yes
WASTE TYPE: mixed
WASTE VOLUME: small (pickup truck)
WASTE ORIGIN: residential
PROPERTY TYPE: alley
ADDRESS MARKERS: NONE
GUTTER/ALLEY: Yes
WATER PROXIMITY: No
CHRONIC SITE: No
VEHICLES: NONE
IDENTIFIERS: NONE
SEVERITY: 2
ORDINANCE: Sec-46-45
PRIORITY: MEDIUM
SUMMARY: Illegal dumping of mixed waste is observed in an alleyway, violating Brownsville's property owner liability ordinance.
"
20260602T105528Z,DT_14th_and_Madison_New_4_20260528T053000.jpg,,,dataset_20260528/DT_14th_and_Madison_New_4/DT_14th_and_Madison_New_4_20260528T053000.jpg,illegal_dumping,done,2026-06-02T11:11:46.208275+00:00,0.036,0.845,0.884,,nvidia/cosmos-reason2-8b,"DUMPING PRESENT: Yes
ORDINANCE VIOLATION: Yes
WASTE TYPE: mixed
WASTE VOLUME: small (pickup truck)
WASTE ORIGIN: residential
PROPERTY TYPE: alley
ADDRESS MARKERS: NONE
GUTTER/ALLEY: Yes
WATER PROXIMITY: No
CHRONIC SITE: No
VEHICLES: NONE
IDENTIFIERS: NONE
SEVERITY: 2
ORDINANCE: Sec-46-45
PRIORITY: MEDIUM
SUMMARY: Illegal dumping of mixed waste is observed in an alleyway, violating Brownsville's property owner liability ordinance (Sec. 46-45)."
20260602T105528Z,DT_14th_and_Madison_New_4_20260528T054000.jpg,,,dataset_20260528/DT_14th_and_Madison_New_4/DT_14th_and_Madison_New_4_20260528T054000.jpg,illegal_dumping,done,2026-06-02T11:11:46.335245+00:00,0.03,0.894,0.927,,nvidia/cosmos-reason2-8b,"DUMPING PRESENT: Yes
ORDINANCE VIOLATION: Yes
WASTE TYPE: mixed
WASTE VOLUME: small (pickup truck)
WASTE ORIGIN: residential
PROPERTY TYPE: alley
ADDRESS MARKERS: NONE
GUTTER/ALLEY: Yes
WATER PROXIMITY: No
CHRONIC SITE: No
VEHICLES: NONE
IDENTIFIERS: NONE
SEVERITY: 2
ORDINANCE: Sec-46-45
PRIORITY: MEDIUM
SUMMARY: Illegal dumping of mixed waste is observed in an alleyway, violating Brownsville's property owner liability ordinance (Sec. 46-45)."
20260602T105528Z,DT_14th_and_Madison_New_4_20260528T055000.jpg,,,dataset_20260528/DT_14th_and_Madison_New_4/DT_14th_and_Madison_New_4_20260528T055000.jpg,illegal_dumping,done,2026-06-02T11:11:46.503302+00:00,0.036,0.836,0.886,,nvidia/cosmos-reason2-8b,"DUMPING PRESENT: Yes
ORDINANCE VIOLATION: Yes
WASTE TYPE: mixed
WASTE VOLUME: small (pickup truck)
WASTE ORIGIN: residential
PROPERTY TYPE: alley
ADDRESS MARKERS: NONE
GUTTER/ALLEY: Yes
WATER PROXIMITY: No
CHRONIC SITE: No
VEHICLES: NONE
IDENTIFIERS: NONE
SEVERITY: 2
ORDINANCE: Sec-46-45
PRIORITY: MEDIUM
SUMMARY: Illegal dumping of mixed waste is present in an alley, violating Brownsville's property owner liability ordinance.
"
20260602T105528Z,DT_14th_and_Madison_New_4_20260528T060000.jpg,,,dataset_20260528/DT_14th_and_Madison_New_4/DT_14th_and_Madison_New_4_20260528T060000.jpg,illegal_dumping,done,2026-06-02T11:11:46.717666+00:00,0.035,0.838,0.877,,nvidia/cosmos-reason2-8b,"DUMPING PRESENT: Yes
ORDINANCE VIOLATION: Yes
WASTE TYPE: mixed
WASTE VOLUME: small (pickup truck)
WASTE ORIGIN: unknown
PROPERTY TYPE: alley
ADDRESS MARKERS: NONE
GUTTER/ALLEY: Yes
WATER PROXIMITY: No
CHRONIC SITE: No
VEHICLES: NONE
IDENTIFIERS: NONE
SEVERITY: 2
ORDINANCE: Sec-46-45
PRIORITY: MEDIUM
SUMMARY: Illegal dumping is present in the alley, violating Brownsville's ordinance against waste disposal on private or public property.
"
20260602T105528Z,DT_14th_and_Madison_New_4_20260528T061000.jpg,,,dataset_20260528/DT_14th_and_Madison_New_4/DT_14th_and_Madison_New_4_20260528T061000.jpg,illegal_dumping,done,2026-06-02T11:11:47.094400+00:00,0.036,0.735,0.774,,nvidia/cosmos-reason2-8b,"DUMPING PRESENT: Yes
ORDINANCE VIOLATION: Yes
WASTE TYPE: mixed
WASTE VOLUME: small (pickup truck)
WASTE ORIGIN: residential
PROPERTY TYPE: alley
ADDRESS MARKERS: NONE
GUTTER/ALLEY: Yes
WATER PROXIMITY: No
CHRONIC SITE: No
VEHICLES: NONE
IDENTIFIERS: NONE
SEVERITY: 2
ORDINANCE: Sec-46-45
PRIORITY: MEDIUM
SUMMARY: Illegal dumping of mixed waste is present in the alley, violating Brownsville's property owner liability ordinance.
"
20260602T105528Z,DT_14th_and_Madison_New_4_20260528T062000.jpg,,,dataset_20260528/DT_14th_and_Madison_New_4/DT_14th_and_Madison_New_4_20260528T062000.jpg,illegal_dumping,done,2026-06-02T11:11:47.264692+00:00,0.038,0.904,0.944,,nvidia/cosmos-reason2-8b,"DUMPING PRESENT: Yes
ORDINANCE VIOLATION: Yes
WASTE TYPE: mixed
WASTE VOLUME: medium
WASTE ORIGIN: unknown
PROPERTY TYPE: alley
ADDRESS MARKERS: NONE
GUTTER/ALLEY: Yes
WATER PROXIMITY: No
CHRONIC SITE: No
VEHICLES: NONE
IDENTIFIERS: NONE
SEVERITY: 2
ORDINANCE: Sec-46-45
PRIORITY: MEDIUM
SUMMARY: Illegal dumping is occurring in an alleyway, with mixed waste scattered across the ground, violating property owner liability under Sec-46-45.
"
20260602T105528Z,DT_14th_and_Madison_New_4_20260528T063000.jpg,,,dataset_20260528/DT_14th_and_Madison_New_4/DT_14th_and_Madison_New_4_20260528T063000.jpg,illegal_dumping,done,2026-06-02T11:11:47.391761+00:00,0.032,0.917,0.951,,nvidia/cosmos-reason2-8b,"DUMPING PRESENT: Yes
ORDINANCE VIOLATION: Yes
WASTE TYPE: mixed
WASTE VOLUME: small (pickup truck)
WASTE ORIGIN: residential
PROPERTY TYPE: alley
ADDRESS MARKERS: NONE
GUTTER/ALLEY: Yes
WATER PROXIMITY: No
CHRONIC SITE: No
VEHICLES: NONE
IDENTIFIERS: NONE
SEVERITY: 2
ORDINANCE: Sec-46-45
PRIORITY: MEDIUM
SUMMARY: Illegal dumping of mixed waste is present in an alleyway, violating Brownsville's property owner liability ordinance.
"
20260602T105528Z,DT_14th_and_Madison_New_4_20260528T064000.jpg,,,dataset_20260528/DT_14th_and_Madison_New_4/DT_14th_and_Madison_New_4_20260528T064000.jpg,illegal_dumping,done,2026-06-02T11:11:47.596618+00:00,0.034,1.002,1.039,,nvidia/cosmos-reason2-8b,"DUMPING PRESENT: Yes
ORDINANCE VIOLATION: Yes
WASTE TYPE: mixed
WASTE VOLUME: small (pickup truck)
WASTE ORIGIN: residential
PROPERTY TYPE: alley
ADDRESS MARKERS: NONE
GUTTER/ALLEY: Yes
WATER PROXIMITY: No
CHRONIC SITE: No
VEHICLES: NONE
IDENTIFIERS: NONE
SEVERITY: 2
ORDINANCE: Sec-46-45
PRIORITY: MEDIUM
SUMMARY: Illegal dumping of mixed waste is observed in the alley, violating Brownsville's property owner liability ordinance.
"
20260602T105528Z,DT_14th_and_Madison_New_4_20260528T065000.jpg,,,dataset_20260528/DT_14th_and_Madison_New_4/DT_14th_and_Madison_New_4_20260528T065000.jpg,illegal_dumping,done,2026-06-02T11:11:47.871512+00:00,0.037,0.786,0.826,,nvidia/cosmos-reason2-8b,"```json
{
  ""DUMPING PRESENT"": ""No"",
  ""ORDINANCE VIOLATION"": ""No"",
  ""WASTE TYPE"": [],
  ""WASTE VOLUME"": ""small (pickup truck)"",
  ""WASTE ORIGIN"": ""residential"",
  ""PROPERTY TYPE"": ""occupied-private"",
  ""ADDRESS MARKERS"": ""NONE"",
  ""GUTTER/ALLEY"": ""Yes"",
  ""WATER PROXIMITY"": ""No"",
  ""CHRONIC SITE"": ""No"",
  ""VEHICLES"": ""NONE"",
  ""IDENTIFIERS"": ""NONE"",
  ""SEVERITY"": ""1"",
  ""ORDINANCE"": ""N/A"",
  ""PRIORITY"": ""LOW"",
  ""SUMMARY"": ""No illegal dumping detected; the scene shows a normal urban environment with no visible waste or debris.""
}
```"
20260602T105528Z,DT_14th_and_Madison_New_4_20260528T070000.jpg,,,dataset_20260528/DT_14th_and_Madison_New_4/DT_14th_and_Madison_New_4_20260528T070000.jpg,illegal_dumping,done,2026-06-02T11:11:48.211696+00:00,0.036,0.776,0.814,,nvidia/cosmos-reason2-8b,"DUMPING PRESENT: Yes
ORDINANCE VIOLATION: Yes
WASTE TYPE: mixed
WASTE VOLUME: small (pickup truck)
WASTE ORIGIN: residential
PROPERTY TYPE: alley
ADDRESS MARKERS: NONE
GUTTER/ALLEY: Yes
WATER PROXIMITY: No
CHRONIC SITE: No
VEHICLES: NONE
IDENTIFIERS: NONE
SEVERITY: 2
ORDINANCE: Sec-46-45
PRIORITY: MEDIUM
SUMMARY: Illegal dumping of mixed waste is present in the alley, violating Brownsville's property owner liability ordinance.
"
20260602T105528Z,DT_14th_and_Madison_New_4_20260528T071000.jpg,,,dataset_20260528/DT_14th_and_Madison_New_4/DT_14th_and_Madison_New_4_20260528T071000.jpg,illegal_dumping,done,2026-06-02T11:11:48.345701+00:00,0.035,0.866,0.904,,nvidia/cosmos-reason2-8b,"DUMPING PRESENT: Yes
ORDINANCE VIOLATION: Yes
WASTE TYPE: mixed
WASTE VOLUME: small (pickup truck)
WASTE ORIGIN: residential
PROPERTY TYPE: alley
ADDRESS MARKERS: <street signs, address numbers, utility poles visible — or NONE>
GUTTER/ALLEY: Yes
WATER PROXIMITY: No
CHRONIC SITE: No
VEHICLES: NONE
IDENTIFIERS: NONE
SEVERITY: 2
ORDINANCE: Sec-46-45
PRIORITY: MEDIUM
SUMMARY: Illegal dumping of mixed waste is present in the alley, violating Brownsville's ordinance against improper disposal on private or public property.
"
20260602T105528Z,DT_14th_and_Madison_New_4_20260528T072000.jpg,,,dataset_20260528/DT_14th_and_Madison_New_4/DT_14th_and_Madison_New_4_20260528T072000.jpg,illegal_dumping,done,2026-06-02T11:11:48.638359+00:00,0.036,0.787,0.826,,nvidia/cosmos-reason2-8b,"DUMPING PRESENT: Yes
ORDINANCE VIOLATION: Yes
WASTE TYPE: mixed
WASTE VOLUME: small (pickup truck)
WASTE ORIGIN: residential
PROPERTY TYPE: alley
ADDRESS MARKERS: NONE
GUTTER/ALLEY: Yes
WATER PROXIMITY: No
CHRONIC SITE: No
VEHICLES: NONE
IDENTIFIERS: NONE
SEVERITY: 2
ORDINANCE: Sec-46-45
PRIORITY: MEDIUM
SUMMARY: Illegal dumping is present in the alley, with mixed waste scattered on the ground, violating property owner liability under Sec-46-45.
"
20260602T105528Z,DT_14th_and_Madison_New_4_20260528T073000.jpg,,,dataset_20260528/DT_14th_and_Madison_New_4/DT_14th_and_Madison_New_4_20260528T073000.jpg,illegal_dumping,done,2026-06-02T11:11:48.699450+00:00,0.03,0.906,0.938,,nvidia/cosmos-reason2-8b,"DUMPING PRESENT: Yes
ORDINANCE VIOLATION: Yes
WASTE TYPE: mixed
WASTE VOLUME: small (pickup truck)
WASTE ORIGIN: residential
PROPERTY TYPE: alley
ADDRESS MARKERS: NONE
GUTTER/ALLEY: Yes
WATER PROXIMITY: No
CHRONIC SITE: No
VEHICLES: NONE
IDENTIFIERS: NONE
SEVERITY: 2
ORDINANCE: Sec-46-45
PRIORITY: MEDIUM
SUMMARY: Illegal dumping of mixed waste is observed in the alley, violating Brownsville's ordinance on property owner liability for waste disposal.
"
20260602T105528Z,DT_14th_and_Madison_New_4_20260528T074000.jpg,,,dataset_20260528/DT_14th_and_Madison_New_4/DT_14th_and_Madison_New_4_20260528T074000.jpg,illegal_dumping,done,2026-06-02T11:11:49.028958+00:00,0.041,0.761,0.805,,nvidia/cosmos-reason2-8b,"DUMPING PRESENT: Yes
ORDINANCE VIOLATION: Yes
WASTE TYPE: mixed
WASTE VOLUME: small (pickup truck)
WASTE ORIGIN: residential
PROPERTY TYPE: alley
ADDRESS MARKERS: NONE
GUTTER/ALLEY: Yes
WATER PROXIMITY: No
CHRONIC SITE: No
VEHICLES: NONE
IDENTIFIERS: NONE
SEVERITY: 2
ORDINANCE: Sec-46-45
PRIORITY: MEDIUM
SUMMARY: Illegal dumping of mixed waste is present in the alley, violating Brownsville's property owner liability ordinance (Sec. 46-45)."
20260602T105528Z,DT_14th_and_Madison_New_4_20260528T075000.jpg,,,dataset_20260528/DT_14th_and_Madison_New_4/DT_14th_and_Madison_New_4_20260528T075000.jpg,illegal_dumping,done,2026-06-02T11:11:49.251974+00:00,0.04,0.677,0.72,,nvidia/cosmos-reason2-8b,"DUMPING PRESENT: No
ORDINANCE VIOLATION: No
WASTE TYPE: mixed
WASTE VOLUME: small (pickup truck)
WASTE ORIGIN: residential
PROPERTY TYPE: vacant-lot
ADDRESS MARKERS: NONE
GUTTER/ALLEY: No
WATER PROXIMITY: No
CHRONIC SITE: No
VEHICLES: NONE
IDENTIFIERS: NONE
SEVERITY: 1
ORDINANCE: N/A
PRIORITY: LOW
SUMMARY: No illegal dumping detected in the video."
20260602T105528Z,DT_14th_and_Madison_New_4_20260528T080000.jpg,,,dataset_20260528/DT_14th_and_Madison_New_4/DT_14th_and_Madison_New_4_20260528T080000.jpg,illegal_dumping,done,2026-06-02T11:11:49.467257+00:00,0.032,0.795,0.829,,nvidia/cosmos-reason2-8b,"DUMPING PRESENT: Yes
ORDINANCE VIOLATION: Yes
WASTE TYPE: mixed
WASTE VOLUME: small (pickup truck)
WASTE ORIGIN: residential
PROPERTY TYPE: alley
ADDRESS MARKERS: NONE
GUTTER/ALLEY: Yes
WATER PROXIMITY: No
CHRONIC SITE: No
VEHICLES: NONE
IDENTIFIERS: NONE
SEVERITY: 2
ORDINANCE: Sec-46-45
PRIORITY: MEDIUM
SUMMARY: Illegal dumping of mixed waste is observed in the alley, violating Brownsville's property owner liability ordinance.
"
20260602T105528Z,DT_14th_and_Madison_New_4_20260528T081000.jpg,,,dataset_20260528/DT_14th_and_Madison_New_4/DT_14th_and_Madison_New_4_20260528T081000.jpg,illegal_dumping,done,2026-06-02T11:11:49.639896+00:00,0.034,0.747,0.784,,nvidia/cosmos-reason2-8b,"DUMPING PRESENT: No
ORDINANCE VIOLATION: No
WASTE TYPE: mixed
WASTE VOLUME: small (pickup truck)
WASTE ORIGIN: residential
PROPERTY TYPE: occupied-private
ADDRESS MARKERS: NONE
GUTTER/ALLEY: No
WATER PROXIMITY: No
CHRONIC SITE: No
VEHICLES: NONE
IDENTIFIERS: NONE
SEVERITY: 1
ORDINANCE: N/A
PRIORITY: LOW
SUMMARY: No illegal dumping detected in the video."
20260602T105528Z,DT_14th_and_Madison_New_4_20260528T082000.jpg,,,dataset_20260528/DT_14th_and_Madison_New_4/DT_14th_and_Madison_New_4_20260528T082000.jpg,illegal_dumping,done,2026-06-02T11:11:49.836362+00:00,0.032,0.86,0.895,,nvidia/cosmos-reason2-8b,"DUMPING PRESENT: Yes
ORDINANCE VIOLATION: Yes
WASTE TYPE: mixed
WASTE VOLUME: small (pickup truck)
WASTE ORIGIN: residential
PROPERTY TYPE: alley
ADDRESS MARKERS: NONE
GUTTER/ALLEY: Yes
WATER PROXIMITY: No
CHRONIC SITE: No
VEHICLES: NONE
IDENTIFIERS: NONE
SEVERITY: 2
ORDINANCE: Sec-46-45
PRIORITY: MEDIUM
SUMMARY: Illegal dumping is present in the alley, violating Brownsville's property owner liability ordinance (Sec. 46-45), with mixed waste scattered along the dirt path.
"
20260602T105528Z,DT_14th_and_Madison_New_4_20260528T083000.jpg,,,dataset_20260528/DT_14th_and_Madison_New_4/DT_14th_and_Madison_New_4_20260528T083000.jpg,illegal_dumping,done,2026-06-02T11:11:49.974509+00:00,0.035,0.884,0.921,,nvidia/cosmos-reason2-8b,"DUMPING PRESENT: Yes
ORDINANCE VIOLATION: Yes
WASTE TYPE: mixed
WASTE VOLUME: small (pickup truck)
WASTE ORIGIN: residential
PROPERTY TYPE: alley
ADDRESS MARKERS: NONE
GUTTER/ALLEY: Yes
WATER PROXIMITY: No
CHRONIC SITE: No
VEHICLES: NONE
IDENTIFIERS: NONE
SEVERITY: 2
ORDINANCE: Sec-46-45
PRIORITY: MEDIUM
SUMMARY: Illegal dumping of mixed waste is present in the alley, violating Brownsville's property owner liability ordinance."
20260602T105528Z,DT_14th_and_Madison_New_4_20260528T084000.jpg,,,dataset_20260528/DT_14th_and_Madison_New_4/DT_14th_and_Madison_New_4_20260528T084000.jpg,illegal_dumping,done,2026-06-02T11:11:50.299256+00:00,0.034,0.697,0.734,,nvidia/cosmos-reason2-8b,"DUMPING PRESENT: No
ORDINANCE VIOLATION: No
WASTE TYPE: N/A
WASTE VOLUME: N/A
WASTE ORIGIN: N/A
PROPERTY TYPE: N/A
ADDRESS MARKERS: NONE
GUTTER/ALLEY: No
WATER PROXIMITY: No
CHRONIC SITE: No
VEHICLES: NONE
IDENTIFIERS: N/A
SEVERITY: 1
ORDINANCE: N/A
PRIORITY: LOW
SUMMARY: No illegal dumping detected in the video."
20260602T105528Z,DT_14th_and_Madison_New_4_20260528T085000.jpg,,,dataset_20260528/DT_14th_and_Madison_New_4/DT_14th_and_Madison_New_4_20260528T085000.jpg,illegal_dumping,done,2026-06-02T11:11:50.426071+00:00,0.038,0.714,0.766,,nvidia/cosmos-reason2-8b,"DUMPING PRESENT: No
ORDINANCE VIOLATION: No
WASTE TYPE: mixed
WASTE VOLUME: small (pickup truck)
WASTE ORIGIN: residential
PROPERTY TYPE: occupied-private
ADDRESS MARKERS: <NONE>
GUTTER/ALLEY: No
WATER PROXIMITY: No
CHRONIC SITE: No
VEHICLES: <NONE>
IDENTIFIERS: <NONE>
SEVERITY: 1
ORDINANCE: N/A
PRIORITY: LOW
SUMMARY: No illegal dumping detected in the video."
20260602T105528Z,DT_14th_and_Madison_New_4_20260528T090000.jpg,,,dataset_20260528/DT_14th_and_Madison_New_4/DT_14th_and_Madison_New_4_20260528T090000.jpg,illegal_dumping,done,2026-06-02T11:11:50.733716+00:00,0.037,0.72,0.76,,nvidia/cosmos-reason2-8b,"DUMPING PRESENT: Yes
ORDINANCE VIOLATION: Yes
WASTE TYPE: mixed
WASTE VOLUME: small (pickup truck)
WASTE ORIGIN: residential
PROPERTY TYPE: alley
ADDRESS MARKERS: NONE
GUTTER/ALLEY: Yes
WATER PROXIMITY: No
CHRONIC SITE: No
VEHICLES: NONE
IDENTIFIERS: NONE
SEVERITY: 2
ORDINANCE: Sec-46-45
PRIORITY: MEDIUM
SUMMARY: Illegal dumping of mixed waste is present in the alley, violating Brownsville's property owner liability ordinance.
"
20260602T105528Z,DT_14th_and_Madison_New_4_20260528T091000.jpg,,,dataset_20260528/DT_14th_and_Madison_New_4/DT_14th_and_Madison_New_4_20260528T091000.jpg,illegal_dumping,done,2026-06-02T11:11:50.898600+00:00,0.035,0.79,0.828,,nvidia/cosmos-reason2-8b,"DUMPING PRESENT: Yes
ORDINANCE VIOLATION: Yes
WASTE TYPE: mixed
WASTE VOLUME: small (pickup truck)
WASTE ORIGIN: residential
PROPERTY TYPE: alley
ADDRESS MARKERS: NONE
GUTTER/ALLEY: Yes
WATER PROXIMITY: No
CHRONIC SITE: No
VEHICLES: NONE
IDENTIFIERS: NONE
SEVERITY: 2
ORDINANCE: Sec-46-45
PRIORITY: MEDIUM
SUMMARY: Illegal dumping is present in the alley, with mixed waste scattered on the ground, violating property owner liability under Sec-46-45.
"
20260602T105528Z,DT_14th_and_Madison_New_4_20260528T092000.jpg,,,dataset_20260528/DT_14th_and_Madison_New_4/DT_14th_and_Madison_New_4_20260528T092000.jpg,illegal_dumping,done,2026-06-02T11:11:51.035675+00:00,0.036,0.878,0.916,,nvidia/cosmos-reason2-8b,"DUMPING PRESENT: Yes
ORDINANCE VIOLATION: Yes
WASTE TYPE: mixed
WASTE VOLUME: small (pickup truck)
WASTE ORIGIN: residential
PROPERTY TYPE: alley
ADDRESS MARKERS: NONE
GUTTER/ALLEY: Yes
WATER PROXIMITY: No
CHRONIC SITE: No
VEHICLES: NONE
IDENTIFIERS: NONE
SEVERITY: 2
ORDINANCE: Sec-46-45
PRIORITY: MEDIUM
SUMMARY: Illegal dumping of mixed waste is present in the alley, violating Brownsville's property owner liability ordinance.
"
20260602T105528Z,DT_14th_and_Madison_New_4_20260528T093000.jpg,,,dataset_20260528/DT_14th_and_Madison_New_4/DT_14th_and_Madison_New_4_20260528T093000.jpg,illegal_dumping,done,2026-06-02T11:11:51.194857+00:00,0.034,0.966,1.003,,nvidia/cosmos-reason2-8b,"DUMPING PRESENT: Yes
ORDINANCE VIOLATION: Yes
WASTE TYPE: mixed
WASTE VOLUME: small (pickup truck)
WASTE ORIGIN: residential
PROPERTY TYPE: alley
ADDRESS MARKERS: NONE
GUTTER/ALLEY: Yes
WATER PROXIMITY: No
CHRONIC SITE: No
VEHICLES: NONE
IDENTIFIERS: NONE
SEVERITY: 2
ORDINANCE: Sec-46-45
PRIORITY: MEDIUM
SUMMARY: Illegal dumping of mixed waste is present in the alley, violating Brownsville's property owner liability ordinance.
"
20260602T105528Z,DT_14th_and_Madison_New_4_20260528T094000.jpg,,,dataset_20260528/DT_14th_and_Madison_New_4/DT_14th_and_Madison_New_4_20260528T094000.jpg,illegal_dumping,done,2026-06-02T11:11:51.496574+00:00,0.035,0.784,0.821,,nvidia/cosmos-reason2-8b,"DUMPING PRESENT: Yes
ORDINANCE VIOLATION: Yes
WASTE TYPE: mixed
WASTE VOLUME: small (pickup truck)
WASTE ORIGIN: residential
PROPERTY TYPE: alley
ADDRESS MARKERS: NONE
GUTTER/ALLEY: Yes
WATER PROXIMITY: No
CHRONIC SITE: No
VEHICLES: NONE
IDENTIFIERS: NONE
SEVERITY: 2
ORDINANCE: Sec-46-45
PRIORITY: MEDIUM
SUMMARY: Illegal dumping is present in the alley, with mixed waste scattered across the area, violating property owner liability under Sec. 46-45.
"
20260602T105528Z,DT_14th_and_Madison_New_4_20260528T095000.jpg,,,dataset_20260528/DT_14th_and_Madison_New_4/DT_14th_and_Madison_New_4_20260528T095000.jpg,illegal_dumping,done,2026-06-02T11:11:51.729770+00:00,0.038,0.681,0.721,,nvidia/cosmos-reason2-8b,"DUMPING PRESENT: No
ORDINANCE VIOLATION: No
WASTE TYPE: mixed
WASTE VOLUME: small (pickup truck)
WASTE ORIGIN: residential
PROPERTY TYPE: right-of-way
ADDRESS MARKERS: NONE
GUTTER/ALLEY: No
WATER PROXIMITY: No
CHRONIC SITE: No
VEHICLES: NONE
IDENTIFIERS: NONE
SEVERITY: 1
ORDINANCE: N/A
PRIORITY: LOW
SUMMARY: No illegal dumping detected in the video."
20260602T105528Z,DT_14th_and_Madison_New_4_20260528T100000.jpg,,,dataset_20260528/DT_14th_and_Madison_New_4/DT_14th_and_Madison_New_4_20260528T100000.jpg,illegal_dumping,done,2026-06-02T11:11:51.954091+00:00,0.036,0.898,0.936,,nvidia/cosmos-reason2-8b,"DUMPING PRESENT: Yes
ORDINANCE VIOLATION: Yes
WASTE TYPE: mixed
WASTE VOLUME: small (pickup truck)
WASTE ORIGIN: residential
PROPERTY TYPE: alley
ADDRESS MARKERS: NONE
GUTTER/ALLEY: Yes
WATER PROXIMITY: No
CHRONIC SITE: No
VEHICLES: NONE
IDENTIFIERS: NONE
SEVERITY: 3
ORDINANCE: Sec-46-45
PRIORITY: MEDIUM
SUMMARY: Illegal dumping is present in the alley, violating Brownsville's property owner liability ordinance.
"
20260602T105528Z,DT_14th_and_Madison_New_4_20260528T101000.jpg,,,dataset_20260528/DT_14th_and_Madison_New_4/DT_14th_and_Madison_New_4_20260528T101000.jpg,illegal_dumping,done,2026-06-02T11:11:52.200833+00:00,0.034,0.785,0.823,,nvidia/cosmos-reason2-8b,"DUMPING PRESENT: Yes
ORDINANCE VIOLATION: Yes
WASTE TYPE: mixed
WASTE VOLUME: small (pickup truck)
WASTE ORIGIN: residential
PROPERTY TYPE: alley
ADDRESS MARKERS: NONE
GUTTER/ALLEY: Yes
WATER PROXIMITY: No
CHRONIC SITE: No
VEHICLES: NONE
IDENTIFIERS: NONE
SEVERITY: 2
ORDINANCE: Sec-46-45
PRIORITY: MEDIUM
SUMMARY: Illegal dumping is present in the alley, with mixed waste scattered across the dirt path, violating property owner liability under Sec. 46-45.
"
20260602T105528Z,DT_14th_and_Madison_New_4_20260528T102000.jpg,,,dataset_20260528/DT_14th_and_Madison_New_4/DT_14th_and_Madison_New_4_20260528T102000.jpg,illegal_dumping,done,2026-06-02T11:11:52.320421+00:00,0.038,0.868,0.908,,nvidia/cosmos-reason2-8b,"DUMPING PRESENT: Yes
ORDINANCE VIOLATION: Yes
WASTE TYPE: mixed
WASTE VOLUME: small (pickup truck)
WASTE ORIGIN: residential
PROPERTY TYPE: alley
ADDRESS MARKERS: NONE
GUTTER/ALLEY: Yes
WATER PROXIMITY: No
CHRONIC SITE: No
VEHICLES: <NONE>
IDENTIFIERS: <NONE>
SEVERITY: 3
ORDINANCE: Sec-46-45
PRIORITY: MEDIUM
SUMMARY: Illegal dumping of mixed waste is present in the alley, violating Brownsville's property owner liability ordinance.
"
20260602T105528Z,DT_14th_and_Madison_New_4_20260528T103000.jpg,,,dataset_20260528/DT_14th_and_Madison_New_4/DT_14th_and_Madison_New_4_20260528T103000.jpg,illegal_dumping,done,2026-06-02T11:11:52.454021+00:00,0.041,0.788,0.831,,nvidia/cosmos-reason2-8b,"DUMPING PRESENT: No
ORDINANCE VIOLATION: No
WASTE TYPE: mixed
WASTE VOLUME: small (pickup truck)
WASTE ORIGIN: residential
PROPERTY TYPE: vacant-lot
ADDRESS MARKERS: NONE
GUTTER/ALLEY: No
WATER PROXIMITY: No
CHRONIC SITE: No
VEHICLES: NONE
IDENTIFIERS: NONE
SEVERITY: 1
ORDINANCE: N/A
PRIORITY: LOW
SUMMARY: No illegal dumping detected in the video."
20260602T105528Z,DT_14th_and_Madison_New_4_20260528T104000.jpg,,,dataset_20260528/DT_14th_and_Madison_New_4/DT_14th_and_Madison_New_4_20260528T104000.jpg,illegal_dumping,done,2026-06-02T11:11:52.892476+00:00,0.037,0.628,0.668,,nvidia/cosmos-reason2-8b,"DUMPING PRESENT: No
ORDINANCE VIOLATION: No
WASTE TYPE: mixed
WASTE VOLUME: small (pickup truck)
WASTE ORIGIN: residential
PROPERTY TYPE: vacant-lot
ADDRESS MARKERS: NONE
GUTTER/ALLEY: No
WATER PROXIMITY: No
CHRONIC SITE: No
VEHICLES: NONE
IDENTIFIERS: NONE
SEVERITY: 1
ORDINANCE: N/A
PRIORITY: LOW
SUMMARY: No illegal dumping detected in the video."
20260602T105528Z,DT_14th_and_Madison_New_4_20260528T105000.jpg,,,dataset_20260528/DT_14th_and_Madison_New_4/DT_14th_and_Madison_New_4_20260528T105000.jpg,illegal_dumping,done,2026-06-02T11:11:53.026196+00:00,0.033,0.792,0.827,,nvidia/cosmos-reason2-8b,"DUMPING PRESENT: Yes
ORDINANCE VIOLATION: Yes
WASTE TYPE: mixed
WASTE VOLUME: small (pickup truck)
WASTE ORIGIN: residential
PROPERTY TYPE: alley
ADDRESS MARKERS: NONE
GUTTER/ALLEY: Yes
WATER PROXIMITY: No
CHRONIC SITE: No
VEHICLES: NONE
IDENTIFIERS: NONE
SEVERITY: 2
ORDINANCE: Sec-46-45
PRIORITY: MEDIUM
SUMMARY: Illegal dumping of mixed waste is present in the alley, violating Brownsville's property owner liability ordinance.
"
20260602T105528Z,DT_14th_and_Madison_New_4_20260528T110000.jpg,,,dataset_20260528/DT_14th_and_Madison_New_4/DT_14th_and_Madison_New_4_20260528T110000.jpg,illegal_dumping,done,2026-06-02T11:11:53.231189+00:00,0.035,0.902,0.94,,nvidia/cosmos-reason2-8b,"DUMPING PRESENT: Yes
ORDINANCE VIOLATION: Yes
WASTE TYPE: mixed
WASTE VOLUME: small (pickup truck)
WASTE ORIGIN: residential
PROPERTY TYPE: alley
ADDRESS MARKERS: NONE
GUTTER/ALLEY: Yes
WATER PROXIMITY: No
CHRONIC SITE: No
VEHICLES: NONE
IDENTIFIERS: NONE
SEVERITY: 2
ORDINANCE: Sec-46-45
PRIORITY: MEDIUM
SUMMARY: Illegal dumping of mixed waste is present in the alley, violating Brownsville's property owner liability ordinance.
"
20260602T105528Z,DT_14th_and_Madison_New_4_20260528T111000.jpg,,,dataset_20260528/DT_14th_and_Madison_New_4/DT_14th_and_Madison_New_4_20260528T111000.jpg,illegal_dumping,done,2026-06-02T11:11:53.287328+00:00,0.038,1.051,1.092,,nvidia/cosmos-reason2-8b,"DUMPING PRESENT: Yes
ORDINANCE VIOLATION: Yes
WASTE TYPE: mixed
WASTE VOLUME: small (pickup truck)
WASTE ORIGIN: residential
PROPERTY TYPE: alley
ADDRESS MARKERS: NONE
GUTTER/ALLEY: Yes
WATER PROXIMITY: No
CHRONIC SITE: No
VEHICLES: NONE
IDENTIFIERS: NONE
SEVERITY: 2
ORDINANCE: Sec-46-45
PRIORITY: MEDIUM
SUMMARY: Illegal dumping of mixed waste is observed in the alley, violating Brownsville's property owner liability ordinance.
"
20260602T105528Z,DT_14th_and_Madison_New_4_20260528T112000.jpg,,,dataset_20260528/DT_14th_and_Madison_New_4/DT_14th_and_Madison_New_4_20260528T112000.jpg,illegal_dumping,done,2026-06-02T11:11:53.562885+00:00,0.037,0.734,0.774,,nvidia/cosmos-reason2-8b,"DUMPING PRESENT: No
ORDINANCE VIOLATION: No
WASTE TYPE: mixed
WASTE VOLUME: small (pickup truck)
WASTE ORIGIN: residential
PROPERTY TYPE: occupied-private
ADDRESS MARKERS: <none>
GUTTER/ALLEY: No
WATER PROXIMITY: No
CHRONIC SITE: No
VEHICLES: <none>
IDENTIFIERS: <none>
SEVERITY: 1
ORDINANCE: N/A
PRIORITY: LOW
SUMMARY: No illegal dumping detected in the video."
20260602T105528Z,DT_14th_and_Madison_New_4_20260528T113000.jpg,,,dataset_20260528/DT_14th_and_Madison_New_4/DT_14th_and_Madison_New_4_20260528T113000.jpg,illegal_dumping,done,2026-06-02T11:11:53.856750+00:00,0.039,0.778,0.821,,nvidia/cosmos-reason2-8b,"DUMPING PRESENT: Yes
ORDINANCE VIOLATION: Yes
WASTE TYPE: mixed
WASTE VOLUME: small (pickup truck)
WASTE ORIGIN: residential
PROPERTY TYPE: alley
ADDRESS MARKERS: NONE
GUTTER/ALLEY: Yes
WATER PROXIMITY: No
CHRONIC SITE: No
VEHICLES: NONE
IDENTIFIERS: <plates, signage, labels, individuals — or NONE>
SEVERITY: 2
ORDINANCE: Sec-46-45
PRIORITY: MEDIUM
SUMMARY: Illegal dumping of mixed waste is present in the alley, violating Brownsville's property owner liability ordinance.
"
20260602T105528Z,DT_14th_and_Madison_New_4_20260528T114000.jpg,,,dataset_20260528/DT_14th_and_Madison_New_4/DT_14th_and_Madison_New_4_20260528T114000.jpg,illegal_dumping,done,2026-06-02T11:11:54.174463+00:00,0.039,0.767,0.809,,nvidia/cosmos-reason2-8b,"DUMPING PRESENT: Yes
ORDINANCE VIOLATION: Yes
WASTE TYPE: mixed
WASTE VOLUME: small (pickup truck)
WASTE ORIGIN: residential
PROPERTY TYPE: alley
ADDRESS MARKERS: NONE
GUTTER/ALLEY: Yes
WATER PROXIMITY: No
CHRONIC SITE: No
VEHICLES: NONE
IDENTIFIERS: NONE
SEVERITY: 2
ORDINANCE: Sec-46-45
PRIORITY: MEDIUM
SUMMARY: Illegal dumping of mixed waste is present in the alley, violating Brownsville's property owner liability ordinance.
"
20260602T105528Z,DT_14th_and_Madison_New_4_20260528T115000.jpg,,,dataset_20260528/DT_14th_and_Madison_New_4/DT_14th_and_Madison_New_4_20260528T115000.jpg,illegal_dumping,done,2026-06-02T11:11:54.339195+00:00,0.04,0.961,1.006,,nvidia/cosmos-reason2-8b,"DUMPING PRESENT: Yes
ORDINANCE VIOLATION: Yes
WASTE TYPE: mixed
WASTE VOLUME: small (pickup truck)
WASTE ORIGIN: residential
PROPERTY TYPE: vacant-lot
ADDRESS MARKERS: NONE
GUTTER/ALLEY: No
WATER PROXIMITY: No
CHRONIC SITE: No
VEHICLES: <color, type, any text visible — or NONE>
IDENTIFIERS: <plates, signage, labels, individuals — or NONE>
SEVERITY: 3
ORDINANCE: Sec-46-45
PRIORITY: MEDIUM
SUMMARY: Illegal dumping of mixed waste is observed on a vacant lot, violating property owner liability under Sec. 46-45.
"
20260602T105528Z,DT_14th_and_Madison_New_4_20260528T120000.jpg,,,dataset_20260528/DT_14th_and_Madison_New_4/DT_14th_and_Madison_New_4_20260528T120000.jpg,illegal_dumping,done,2026-06-02T11:11:54.382374+00:00,0.033,1.004,1.04,,nvidia/cosmos-reason2-8b,"DUMPING PRESENT: Yes
ORDINANCE VIOLATION: Yes
WASTE TYPE: mixed
WASTE VOLUME: small (pickup truck)
WASTE ORIGIN: residential
PROPERTY TYPE: alley
ADDRESS MARKERS: NONE
GUTTER/ALLEY: Yes
WATER PROXIMITY: No
CHRONIC SITE: No
VEHICLES: NONE
IDENTIFIERS: NONE
SEVERITY: 3
ORDINANCE: Sec-46-45
PRIORITY: MEDIUM
SUMMARY: Illegal dumping of mixed waste is present in the alley, violating Brownsville's property owner liability ordinance.
"
20260602T105528Z,DT_14th_and_Madison_New_4_20260528T121000.jpg,,,dataset_20260528/DT_14th_and_Madison_New_4/DT_14th_and_Madison_New_4_20260528T121000.jpg,illegal_dumping,done,2026-06-02T11:11:54.681110+00:00,0.037,0.853,0.894,,nvidia/cosmos-reason2-8b,"DUMPING PRESENT: Yes
ORDINANCE VIOLATION: Yes
WASTE TYPE: mixed
WASTE VOLUME: medium (dump truck)
WASTE ORIGIN: unknown
PROPERTY TYPE: alley
ADDRESS MARKERS: NONE
GUTTER/ALLEY: Yes
WATER PROXIMITY: No
CHRONIC SITE: No
VEHICLES: NONE
IDENTIFIERS: NONE
SEVERITY: 2
ORDINANCE: Sec-46-45
PRIORITY: MEDIUM
SUMMARY: Illegal dumping of mixed waste is present in the alley, violating Brownsville's property owner liability ordinance (Sec. 46-45).
"
20260602T105528Z,DT_14th_and_Madison_New_4_20260528T122000.jpg,,,dataset_20260528/DT_14th_and_Madison_New_4/DT_14th_and_Madison_New_4_20260528T122000.jpg,illegal_dumping,done,2026-06-02T11:11:54.987204+00:00,0.04,0.829,0.884,,nvidia/cosmos-reason2-8b,"DUMPING PRESENT: Yes
ORDINANCE VIOLATION: Yes
WASTE TYPE: mixed
WASTE VOLUME: small (pickup truck)
WASTE ORIGIN: residential
PROPERTY TYPE: alley
ADDRESS MARKERS: NONE
GUTTER/ALLEY: Yes
WATER PROXIMITY: No
CHRONIC SITE: No
VEHICLES: NONE
IDENTIFIERS: NONE
SEVERITY: 1
ORDINANCE: Sec-46-45
PRIORITY: LOW
SUMMARY: Illegal dumping is present in the alley, violating Brownsville's ordinance Sec-46-45, with mixed waste scattered along the dirt path.
"
20260602T105528Z,DT_14th_and_Madison_New_4_20260528T123000.jpg,,,dataset_20260528/DT_14th_and_Madison_New_4/DT_14th_and_Madison_New_4_20260528T123000.jpg,illegal_dumping,done,2026-06-02T11:11:55.348188+00:00,0.037,0.736,0.776,,nvidia/cosmos-reason2-8b,"DUMPING PRESENT: No
ORDINANCE VIOLATION: No
WASTE TYPE: mixed
WASTE VOLUME: small (pickup truck)
WASTE ORIGIN: residential
PROPERTY TYPE: occupied-private
ADDRESS MARKERS: <NONE>
GUTTER/ALLEY: No
WATER PROXIMITY: No
CHRONIC SITE: No
VEHICLES: <NONE>
IDENTIFIERS: <NONE>
SEVERITY: 1
ORDINANCE: N/A
PRIORITY: LOW
SUMMARY: No illegal dumping detected; the scene shows a residential area with no visible waste or debris on the ground."
20260602T105528Z,DT_14th_and_Madison_New_4_20260528T124000.jpg,,,dataset_20260528/DT_14th_and_Madison_New_4/DT_14th_and_Madison_New_4_20260528T124000.jpg,illegal_dumping,done,2026-06-02T11:11:55.424637+00:00,0.038,0.924,0.966,,nvidia/cosmos-reason2-8b,"DUMPING PRESENT: Yes
ORDINANCE VIOLATION: Yes
WASTE TYPE: mixed
WASTE VOLUME: small (pickup truck)
WASTE ORIGIN: residential
PROPERTY TYPE: alley
ADDRESS MARKERS: NONE
GUTTER/ALLEY: Yes
WATER PROXIMITY: No
CHRONIC SITE: No
VEHICLES: NONE
IDENTIFIERS: NONE
SEVERITY: 2
ORDINANCE: Sec-46-45
PRIORITY: MEDIUM
SUMMARY: Illegal dumping of mixed waste is present in the alley, violating Brownsville's property owner liability ordinance.
"
20260602T105528Z,DT_14th_and_Madison_New_4_20260528T125000.jpg,,,dataset_20260528/DT_14th_and_Madison_New_4/DT_14th_and_Madison_New_4_20260528T125000.jpg,illegal_dumping,done,2026-06-02T11:11:55.578016+00:00,0.037,0.996,1.036,,nvidia/cosmos-reason2-8b,"DUMPING PRESENT: Yes
ORDINANCE VIOLATION: Yes
WASTE TYPE: mixed
WASTE VOLUME: small (pickup truck)
WASTE ORIGIN: residential
PROPERTY TYPE: alley
ADDRESS MARKERS: NONE
GUTTER/ALLEY: Yes
WATER PROXIMITY: No
CHRONIC SITE: No
VEHICLES: NONE
IDENTIFIERS: NONE
SEVERITY: 2
ORDINANCE: Sec-46-45
PRIORITY: MEDIUM
SUMMARY: Illegal dumping is occurring in the alley, with mixed waste scattered along the dirt path, violating property owner liability under Sec-46-45.
"
20260602T105528Z,DT_14th_and_Madison_New_4_20260528T130000.jpg,,,dataset_20260528/DT_14th_and_Madison_New_4/DT_14th_and_Madison_New_4_20260528T130000.jpg,illegal_dumping,done,2026-06-02T11:11:55.874430+00:00,0.034,0.853,0.889,,nvidia/cosmos-reason2-8b,"DUMPING PRESENT: Yes
ORDINANCE VIOLATION: Yes
WASTE TYPE: mixed
WASTE VOLUME: small (pickup truck)
WASTE ORIGIN: residential
PROPERTY TYPE: alley
ADDRESS MARKERS: NONE
GUTTER/ALLEY: Yes
WATER PROXIMITY: No
CHRONIC SITE: No
VEHICLES: NONE
IDENTIFIERS: NONE
SEVERITY: 2
ORDINANCE: Sec-46-45
PRIORITY: MEDIUM
SUMMARY: Illegal dumping of mixed waste is present in the alley, violating Brownsville's ordinance, with debris scattered along the dirt path.
"
20260602T105528Z,DT_14th_and_Madison_New_4_20260528T131000.jpg,,,dataset_20260528/DT_14th_and_Madison_New_4/DT_14th_and_Madison_New_4_20260528T131000.jpg,illegal_dumping,done,2026-06-02T11:11:56.126740+00:00,0.037,0.802,0.841,,nvidia/cosmos-reason2-8b,"DUMPING PRESENT: Yes
ORDINANCE VIOLATION: Yes
WASTE TYPE: mixed
WASTE VOLUME: medium (dump truck)
WASTE ORIGIN: unknown
PROPERTY TYPE: roadside
ADDRESS MARKERS: NONE
GUTTER/ALLEY: No
WATER PROXIMITY: No
CHRONIC SITE: No
VEHICLES: NONE
IDENTIFIERS: NONE
SEVERITY: 3
ORDINANCE: Sec-46-45
PRIORITY: MEDIUM
SUMMARY: A medium-sized illegal dumping site is present on a roadside, with mixed waste scattered across the area, violating Brownsville's property owner liability ordinance."
20260602T105528Z,DT_14th_and_Madison_New_4_20260528T132000.jpg,,,dataset_20260528/DT_14th_and_Madison_New_4/DT_14th_and_Madison_New_4_20260528T132000.jpg,illegal_dumping,done,2026-06-02T11:11:56.393168+00:00,0.036,0.838,0.877,,nvidia/cosmos-reason2-8b,"DUMPING PRESENT: Yes
ORDINANCE VIOLATION: Yes
WASTE TYPE: mixed
WASTE VOLUME: small (pickup truck)
WASTE ORIGIN: residential
PROPERTY TYPE: alley
ADDRESS MARKERS: NONE
GUTTER/ALLEY: Yes
WATER PROXIMITY: No
CHRONIC SITE: No
VEHICLES: NONE
IDENTIFIERS: NONE
SEVERITY: 2
ORDINANCE: Sec-46-45
PRIORITY: MEDIUM
SUMMARY: Illegal dumping of mixed waste is present in the alley, violating Brownsville's property owner liability ordinance.
"
20260602T105528Z,DT_14th_and_Madison_New_4_20260528T133000.jpg,,,dataset_20260528/DT_14th_and_Madison_New_4/DT_14th_and_Madison_New_4_20260528T133000.jpg,illegal_dumping,done,2026-06-02T11:11:56.616587+00:00,0.032,0.849,0.884,,nvidia/cosmos-reason2-8b,"```json
{
  ""DUMPING PRESENT"": ""No"",
  ""ORDINANCE VIOLATION"": ""No"",
  ""WASTE TYPE"": [],
  ""WASTE VOLUME"": ""small (pickup truck)"",
  ""WASTE ORIGIN"": ""residential"",
  ""PROPERTY TYPE"": ""occupied-private"",
  ""ADDRESS MARKERS"": ""NONE"",
  ""GUTTER/ALLEY"": ""No"",
  ""WATER PROXIMITY"": ""No"",
  ""CHRONIC SITE"": ""No"",
  ""VEHICLES"": ""NONE"",
  ""IDENTIFIERS"": ""NONE"",
  ""SEVERITY"": ""1"",
  ""ORDINANCE"": ""N/A"",
  ""PRIORITY"": ""LOW"",
  ""SUMMARY"": ""No illegal dumping detected; the scene shows a residential area with no visible waste or debris.""
}
```"
20260602T105528Z,DT_14th_and_Madison_New_4_20260528T134000.jpg,,,dataset_20260528/DT_14th_and_Madison_New_4/DT_14th_and_Madison_New_4_20260528T134000.jpg,illegal_dumping,done,2026-06-02T11:11:56.766278+00:00,0.033,0.879,0.914,,nvidia/cosmos-reason2-8b,"DUMPING PRESENT: Yes
ORDINANCE VIOLATION: Yes
WASTE TYPE: mixed
WASTE VOLUME: small (pickup truck)
WASTE ORIGIN: residential
PROPERTY TYPE: alley
ADDRESS MARKERS: NONE
GUTTER/ALLEY: Yes
WATER PROXIMITY: No
CHRONIC SITE: No
VEHICLES: NONE
IDENTIFIERS: NONE
SEVERITY: 2
ORDINANCE: Sec-46-45
PRIORITY: MEDIUM
SUMMARY: Illegal dumping is occurring in an alleyway, with mixed waste scattered along the dirt path; the property owner is liable under Sec. 46-45 for failing to prevent the disposal of waste on their private property.
"
20260602T105528Z,DT_14th_and_Madison_New_4_20260528T135000.jpg,,,dataset_20260528/DT_14th_and_Madison_New_4/DT_14th_and_Madison_New_4_20260528T135000.jpg,illegal_dumping,done,2026-06-02T11:11:56.970205+00:00,0.033,0.753,0.789,,nvidia/cosmos-reason2-8b,"DUMPING PRESENT: No
ORDINANCE VIOLATION: No
WASTE TYPE: mixed
WASTE VOLUME: small (pickup truck)
WASTE ORIGIN: residential
PROPERTY TYPE: occupied-private
ADDRESS MARKERS: NONE
GUTTER/ALLEY: No
WATER PROXIMITY: No
CHRONIC SITE: No
VEHICLES: NONE
IDENTIFIERS: NONE
SEVERITY: 1
ORDINANCE: N/A
PRIORITY: LOW
SUMMARY: No illegal dumping detected; the scene shows a mix of household items and debris on a residential property without any visible violations."
20260602T105528Z,DT_14th_and_Madison_New_4_20260528T140000.jpg,,,dataset_20260528/DT_14th_and_Madison_New_4/DT_14th_and_Madison_New_4_20260528T140000.jpg,illegal_dumping,done,2026-06-02T11:11:57.272514+00:00,0.039,0.785,0.83,,nvidia/cosmos-reason2-8b,"DUMPING PRESENT: Yes
ORDINANCE VIOLATION: Yes
WASTE TYPE: mixed
WASTE VOLUME: small (pickup truck)
WASTE ORIGIN: residential
PROPERTY TYPE: alley
ADDRESS MARKERS: NONE
GUTTER/ALLEY: Yes
WATER PROXIMITY: No
CHRONIC SITE: No
VEHICLES: NONE
IDENTIFIERS: NONE
SEVERITY: 2
ORDINANCE: Sec-46-45
PRIORITY: MEDIUM
SUMMARY: Illegal dumping of mixed waste is present in the alley, violating Brownsville's property owner liability ordinance.
"
20260602T105528Z,DT_14th_and_Madison_New_4_20260528T141000.jpg,,,dataset_20260528/DT_14th_and_Madison_New_4/DT_14th_and_Madison_New_4_20260528T141000.jpg,illegal_dumping,done,2026-06-02T11:11:57.503487+00:00,0.036,0.774,0.814,,nvidia/cosmos-reason2-8b,"DUMPING PRESENT: Yes
ORDINANCE VIOLATION: Yes
WASTE TYPE: mixed
WASTE VOLUME: small (pickup truck)
WASTE ORIGIN: residential
PROPERTY TYPE: alley
ADDRESS MARKERS: NONE
GUTTER/ALLEY: Yes
WATER PROXIMITY: No
CHRONIC SITE: No
VEHICLES: NONE
IDENTIFIERS: NONE
SEVERITY: 2
ORDINANCE: Sec-46-45
PRIORITY: MEDIUM
SUMMARY: Illegal dumping of mixed waste is present in the alley, violating Brownsville's property owner liability ordinance.
"
20260602T105528Z,DT_14th_and_Madison_New_4_20260528T142000.jpg,,,dataset_20260528/DT_14th_and_Madison_New_4/DT_14th_and_Madison_New_4_20260528T142000.jpg,illegal_dumping,done,2026-06-02T11:11:57.683139+00:00,0.038,0.945,0.987,,nvidia/cosmos-reason2-8b,"DUMPING PRESENT: Yes
ORDINANCE VIOLATION: Yes
WASTE TYPE: mixed
WASTE VOLUME: small (pickup truck)
WASTE ORIGIN: residential
PROPERTY TYPE: alley
ADDRESS MARKERS: NONE
GUTTER/ALLEY: Yes
WATER PROXIMITY: No
CHRONIC SITE: No
VEHICLES: NONE
IDENTIFIERS: NONE
SEVERITY: 2
ORDINANCE: Sec-46-45
PRIORITY: MEDIUM
SUMMARY: Illegal dumping of mixed waste is present in the alley, violating Brownsville's property owner liability ordinance.
"
20260602T105528Z,DT_14th_and_Madison_New_4_20260528T143000.jpg,,,dataset_20260528/DT_14th_and_Madison_New_4/DT_14th_and_Madison_New_4_20260528T143000.jpg,illegal_dumping,done,2026-06-02T11:11:57.761467+00:00,0.024,0.989,1.017,,nvidia/cosmos-reason2-8b,"```json
{
  ""DUMPING PRESENT"": ""No"",
  ""ORDINANCE VIOLATION"": ""No"",
  ""WASTE TYPE"": [],
  ""WASTE VOLUME"": ""small (pickup truck)"",
  ""WASTE ORIGIN"": ""residential"",
  ""PROPERTY TYPE"": ""vacant-lot"",
  ""ADDRESS MARKERS"": ""NONE"",
  ""GUTTER/ALLEY"": ""No"",
  ""WATER PROXIMITY"": ""No"",
  ""CHRONIC SITE"": ""No"",
  ""VEHICLES"": ""NONE"",
  ""IDENTIFIERS"": ""NONE"",
  ""SEVERITY"": ""1"",
  ""ORDINANCE"": ""N/A"",
  ""PRIORITY"": ""LOW"",
  ""SUMMARY"": ""No illegal dumping detected; the area appears clear with no visible waste or debris.""
}
```"
20260602T105528Z,DT_14th_and_Madison_New_4_20260528T144000.jpg,,,dataset_20260528/DT_14th_and_Madison_New_4/DT_14th_and_Madison_New_4_20260528T144000.jpg,illegal_dumping,done,2026-06-02T11:11:58.105354+00:00,0.042,0.736,0.782,,nvidia/cosmos-reason2-8b,"DUMPING PRESENT: Yes
ORDINANCE VIOLATION: Yes
WASTE TYPE: mixed
WASTE VOLUME: small (pickup truck)
WASTE ORIGIN: residential
PROPERTY TYPE: alley
ADDRESS MARKERS: NONE
GUTTER/ALLEY: Yes
WATER PROXIMITY: No
CHRONIC SITE: No
VEHICLES: NONE
IDENTIFIERS: NONE
SEVERITY: 3
ORDINANCE: Sec-46-45
PRIORITY: MEDIUM
SUMMARY: Illegal dumping is present in the alley, violating Brownsville's property owner liability ordinance.
"
20260602T105528Z,DT_14th_and_Madison_New_4_20260528T145000.jpg,,,dataset_20260528/DT_14th_and_Madison_New_4/DT_14th_and_Madison_New_4_20260528T145000.jpg,illegal_dumping,done,2026-06-02T11:11:58.320494+00:00,0.039,0.797,0.84,,nvidia/cosmos-reason2-8b,"DUMPING PRESENT: Yes
ORDINANCE VIOLATION: Yes
WASTE TYPE: mixed
WASTE VOLUME: small (pickup truck)
WASTE ORIGIN: residential
PROPERTY TYPE: alley
ADDRESS MARKERS: NONE
GUTTER/ALLEY: Yes
WATER PROXIMITY: No
CHRONIC SITE: No
VEHICLES: NONE
IDENTIFIERS: <individuals>
SEVERITY: 2
ORDINANCE: Sec-46-45
PRIORITY: MEDIUM
SUMMARY: A person is walking along a dirt alleyway that has scattered trash and debris, which violates Brownsville's illegal dumping ordinance.
"
20260602T105528Z,DT_14th_and_Madison_New_4_20260528T150000.jpg,,,dataset_20260528/DT_14th_and_Madison_New_4/DT_14th_and_Madison_New_4_20260528T150000.jpg,illegal_dumping,done,2026-06-02T11:11:58.672789+00:00,0.04,0.803,0.898,,nvidia/cosmos-reason2-8b,"DUMPING PRESENT: Yes
ORDINANCE VIOLATION: Yes
WASTE TYPE: mixed
WASTE VOLUME: small (pickup truck)
WASTE ORIGIN: residential
PROPERTY TYPE: alley
ADDRESS MARKERS: NONE
GUTTER/ALLEY: Yes
WATER PROXIMITY: No
CHRONIC SITE: No
VEHICLES: NONE
IDENTIFIERS: NONE
SEVERITY: 2
ORDINANCE: Sec-46-45
PRIORITY: MEDIUM
SUMMARY: Illegal dumping of mixed waste is observed in an alley, violating Brownsville's property owner liability ordinance.
"
20260602T105528Z,DT_14th_and_Madison_New_4_20260528T151000.jpg,,,dataset_20260528/DT_14th_and_Madison_New_4/DT_14th_and_Madison_New_4_20260528T151000.jpg,illegal_dumping,done,2026-06-02T11:11:58.780603+00:00,0.034,0.95,0.987,,nvidia/cosmos-reason2-8b,"DUMPING PRESENT: No
ORDINANCE VIOLATION: No
WASTE TYPE: mixed
WASTE VOLUME: medium (dump truck)
WASTE ORIGIN: residential
PROPERTY TYPE: vacant-lot
ADDRESS MARKERS: NONE
GUTTER/ALLEY: No
WATER PROXIMITY: No
CHRONIC SITE: No
VEHICLES: NONE
IDENTIFIERS: NONE
SEVERITY: 1
ORDINANCE: N/A
PRIORITY: LOW
SUMMARY: No illegal dumping detected; no ordinance violations observed."
20260602T105528Z,DT_14th_and_Madison_New_4_20260528T152000.jpg,,,dataset_20260528/DT_14th_and_Madison_New_4/DT_14th_and_Madison_New_4_20260528T152000.jpg,illegal_dumping,done,2026-06-02T11:11:58.889647+00:00,0.034,0.908,0.944,,nvidia/cosmos-reason2-8b,"DUMPING PRESENT: No
ORDINANCE VIOLATION: No
WASTE TYPE: mixed
WASTE VOLUME: small (pickup truck)
WASTE ORIGIN: residential
PROPERTY TYPE: vacant-lot
ADDRESS MARKERS: NONE
GUTTER/ALLEY: No
WATER PROXIMITY: No
CHRONIC SITE: No
VEHICLES: NONE
IDENTIFIERS: NONE
SEVERITY: 1
ORDINANCE: N/A
PRIORITY: LOW
SUMMARY: No illegal dumping detected in the analyzed frames."
20260602T105528Z,DT_14th_and_Madison_New_4_20260528T153000.jpg,,,dataset_20260528/DT_14th_and_Madison_New_4/DT_14th_and_Madison_New_4_20260528T153000.jpg,illegal_dumping,done,2026-06-02T11:11:59.163969+00:00,0.041,0.93,0.973,,nvidia/cosmos-reason2-8b,"DUMPING PRESENT: Yes
ORDINANCE VIOLATION: Yes
WASTE TYPE: mixed
WASTE VOLUME: small (pickup truck)
WASTE ORIGIN: residential
PROPERTY TYPE: vacant-lot
ADDRESS MARKERS: NONE
GUTTER/ALLEY: Yes
WATER PROXIMITY: No
CHRONIC SITE: No
VEHICLES: NONE
IDENTIFIERS: NONE
SEVERITY: 2
ORDINANCE: Sec-46-45
PRIORITY: MEDIUM
SUMMARY: A small amount of mixed waste is illegally dumped in a vacant lot, violating Brownsville's property owner liability ordinance."
20260602T105528Z,DT_14th_and_Madison_New_4_20260528T154000.jpg,,,dataset_20260528/DT_14th_and_Madison_New_4/DT_14th_and_Madison_New_4_20260528T154000.jpg,illegal_dumping,done,2026-06-02T11:11:59.573773+00:00,0.041,0.73,0.775,,nvidia/cosmos-reason2-8b,"DUMPING PRESENT: Yes
ORDINANCE VIOLATION: Yes
WASTE TYPE: mixed
WASTE VOLUME: small (pickup truck)
WASTE ORIGIN: residential
PROPERTY TYPE: alley
ADDRESS MARKERS: NONE
GUTTER/ALLEY: Yes
WATER PROXIMITY: No
CHRONIC SITE: No
VEHICLES: NONE
IDENTIFIERS: NONE
SEVERITY: 2
ORDINANCE: Sec-46-45
PRIORITY: MEDIUM
SUMMARY: Illegal dumping of mixed waste is present in the alley, violating Brownsville's property owner liability ordinance.
"
20260602T105528Z,DT_14th_and_Madison_New_4_20260528T155000.jpg,,,dataset_20260528/DT_14th_and_Madison_New_4/DT_14th_and_Madison_New_4_20260528T155000.jpg,illegal_dumping,done,2026-06-02T11:11:59.770529+00:00,0.034,0.816,0.853,,nvidia/cosmos-reason2-8b,"```json
{
  ""DUMPING PRESENT"": ""No"",
  ""ORDINANCE VIOLATION"": ""No"",
  ""WASTE TYPE"": [],
  ""WASTE VOLUME"": ""small (pickup truck)"",
  ""WASTE ORIGIN"": ""residential"",
  ""PROPERTY TYPE"": ""occupied-private"",
  ""ADDRESS MARKERS"": ""NONE"",
  ""GUTTER/ALLEY"": ""No"",
  ""WATER PROXIMITY"": ""No"",
  ""CHRONIC SITE"": ""No"",
  ""VEHICLES"": ""NONE"",
  ""IDENTIFIERS"": ""NONE"",
  ""SEVERITY"": 1,
  ""ORDINANCE"": ""N/A"",
  ""PRIORITY"": ""LOW"",
  ""SUMMARY"": ""No illegal dumping detected; the scene shows a residential area with no visible waste or debris.""
}
```"
20260602T105528Z,DT_14th_and_Madison_New_4_20260528T160000.jpg,,,dataset_20260528/DT_14th_and_Madison_New_4/DT_14th_and_Madison_New_4_20260528T160000.jpg,illegal_dumping,done,2026-06-02T11:11:59.836054+00:00,0.039,0.924,0.967,,nvidia/cosmos-reason2-8b,"DUMPING PRESENT: Yes
ORDINANCE VIOLATION: Yes
WASTE TYPE: mixed
WASTE VOLUME: small (pickup truck)
WASTE ORIGIN: residential
PROPERTY TYPE: alley
ADDRESS MARKERS: NONE
GUTTER/ALLEY: Yes
WATER PROXIMITY: No
CHRONIC SITE: No
VEHICLES: NONE
IDENTIFIERS: NONE
SEVERITY: 2
ORDINANCE: Sec-46-45
PRIORITY: MEDIUM
SUMMARY: Illegal dumping is present in the alley, with mixed waste scattered on the ground, violating property owner liability under Sec. 46-45.
"
20260602T105528Z,DT_14th_and_Madison_New_4_20260528T161000.jpg,,,dataset_20260528/DT_14th_and_Madison_New_4/DT_14th_and_Madison_New_4_20260528T161000.jpg,illegal_dumping,done,2026-06-02T11:12:00.140699+00:00,0.039,0.673,0.715,,nvidia/cosmos-reason2-8b,"DUMPING PRESENT: No
ORDINANCE VIOLATION: No
WASTE TYPE: mixed
WASTE VOLUME: small (pickup truck)
WASTE ORIGIN: residential
PROPERTY TYPE: vacant-lot
ADDRESS MARKERS: NONE
GUTTER/ALLEY: No
WATER PROXIMITY: No
CHRONIC SITE: No
VEHICLES: NONE
IDENTIFIERS: NONE
SEVERITY: 1
ORDINANCE: N/A
PRIORITY: LOW
SUMMARY: No illegal dumping detected in the video."
20260602T105528Z,DT_14th_and_Madison_New_4_20260528T162000.jpg,,,dataset_20260528/DT_14th_and_Madison_New_4/DT_14th_and_Madison_New_4_20260528T162000.jpg,illegal_dumping,done,2026-06-02T11:12:00.350916+00:00,0.042,0.74,0.785,,nvidia/cosmos-reason2-8b,"DUMPING PRESENT: Yes
ORDINANCE VIOLATION: Yes
WASTE TYPE: mixed
WASTE VOLUME: small (pickup truck)
WASTE ORIGIN: residential
PROPERTY TYPE: alley
ADDRESS MARKERS: NONE
GUTTER/ALLEY: Yes
WATER PROXIMITY: No
CHRONIC SITE: No
VEHICLES: NONE
IDENTIFIERS: NONE
SEVERITY: 2
ORDINANCE: Sec-46-45
PRIORITY: MEDIUM
SUMMARY: Illegal dumping of mixed waste is present in the alley, violating Brownsville's property owner liability ordinance.
"
20260602T105528Z,DT_14th_and_Madison_New_4_20260528T163000.jpg,,,dataset_20260528/DT_14th_and_Madison_New_4/DT_14th_and_Madison_New_4_20260528T163000.jpg,illegal_dumping,done,2026-06-02T11:12:00.626132+00:00,0.037,0.65,0.689,,nvidia/cosmos-reason2-8b,"DUMPING PRESENT: No
ORDINANCE VIOLATION: No
WASTE TYPE: mixed
WASTE VOLUME: medium
WASTE ORIGIN: unknown
PROPERTY TYPE: vacant-lot
ADDRESS MARKERS: NONE
GUTTER/ALLEY: No
WATER PROXIMITY: No
CHRONIC SITE: No
VEHICLES: NONE
IDENTIFIERS: NONE
SEVERITY: 1
ORDINANCE: N/A
PRIORITY: LOW
SUMMARY: No illegal dumping detected in the video."
20260602T105528Z,DT_14th_and_Madison_New_4_20260528T164000.jpg,,,dataset_20260528/DT_14th_and_Madison_New_4/DT_14th_and_Madison_New_4_20260528T164000.jpg,illegal_dumping,done,2026-06-02T11:12:00.805017+00:00,0.038,0.783,0.825,,nvidia/cosmos-reason2-8b,"DUMPING PRESENT: Yes
ORDINANCE VIOLATION: Yes
WASTE TYPE: mixed
WASTE VOLUME: small (pickup truck)
WASTE ORIGIN: residential
PROPERTY TYPE: alley
ADDRESS MARKERS: NONE
GUTTER/ALLEY: Yes
WATER PROXIMITY: No
CHRONIC SITE: No
VEHICLES: NONE
IDENTIFIERS: NONE
SEVERITY: 2
ORDINANCE: Sec-46-45
PRIORITY: MEDIUM
SUMMARY: Illegal dumping of mixed waste is present in the alley, violating Brownsville's property owner liability ordinance.
"
20260602T105528Z,DT_14th_and_Madison_New_4_20260528T165000.jpg,,,dataset_20260528/DT_14th_and_Madison_New_4/DT_14th_and_Madison_New_4_20260528T165000.jpg,illegal_dumping,done,2026-06-02T11:12:00.857908+00:00,0.041,0.89,0.933,,nvidia/cosmos-reason2-8b,"DUMPING PRESENT: Yes
ORDINANCE VIOLATION: Yes
WASTE TYPE: mixed
WASTE VOLUME: small (pickup truck)
WASTE ORIGIN: residential
PROPERTY TYPE: alley
ADDRESS MARKERS: NONE
GUTTER/ALLEY: Yes
WATER PROXIMITY: No
CHRONIC SITE: No
VEHICLES: NONE
IDENTIFIERS: NONE
SEVERITY: 2
ORDINANCE: Sec-46-45
PRIORITY: MEDIUM
SUMMARY: Illegal dumping of mixed waste is present in the alley, violating Brownsville's property owner liability ordinance.
"
20260602T105528Z,DT_14th_and_Madison_New_4_20260528T170000.jpg,,,dataset_20260528/DT_14th_and_Madison_New_4/DT_14th_and_Madison_New_4_20260528T170000.jpg,illegal_dumping,done,2026-06-02T11:12:01.138432+00:00,0.038,0.868,0.91,,nvidia/cosmos-reason2-8b,"DUMPING PRESENT: Yes
ORDINANCE VIOLATION: Yes
WASTE TYPE: mixed
WASTE VOLUME: small (pickup truck)
WASTE ORIGIN: residential
PROPERTY TYPE: alley
ADDRESS MARKERS: NONE
GUTTER/ALLEY: Yes
WATER PROXIMITY: No
CHRONIC SITE: No
VEHICLES: NONE
IDENTIFIERS: NONE
SEVERITY: 2
ORDINANCE: Sec-46-45
PRIORITY: MEDIUM
SUMMARY: Illegal dumping of mixed waste is present in the alley, violating Brownsville's ordinance on property owner liability for waste disposal.
"
20260602T105528Z,DT_14th_and_Madison_New_4_20260528T171000.jpg,,,dataset_20260528/DT_14th_and_Madison_New_4/DT_14th_and_Madison_New_4_20260528T171000.jpg,illegal_dumping,done,2026-06-02T11:12:01.317839+00:00,0.036,0.825,0.865,,nvidia/cosmos-reason2-8b,"DUMPING PRESENT: Yes
ORDINANCE VIOLATION: Yes
WASTE TYPE: mixed
WASTE VOLUME: small (pickup truck)
WASTE ORIGIN: residential
PROPERTY TYPE: alley
ADDRESS MARKERS: NONE
GUTTER/ALLEY: Yes
WATER PROXIMITY: No
CHRONIC SITE: No
VEHICLES: NONE
IDENTIFIERS: NONE
SEVERITY: 2
ORDINANCE: Sec-46-45
PRIORITY: MEDIUM
SUMMARY: Illegal dumping of mixed waste is present in the alley, violating Brownsville's property owner liability ordinance.
"
20260602T105528Z,DT_14th_and_Madison_New_4_20260528T172000.jpg,,,dataset_20260528/DT_14th_and_Madison_New_4/DT_14th_and_Madison_New_4_20260528T172000.jpg,illegal_dumping,done,2026-06-02T11:12:01.632443+00:00,0.037,0.667,0.707,,nvidia/cosmos-reason2-8b,"DUMPING PRESENT: No
ORDINANCE VIOLATION: No
WASTE TYPE: mixed
WASTE VOLUME: small (pickup truck)
WASTE ORIGIN: residential
PROPERTY TYPE: vacant-lot
ADDRESS MARKERS: <NONE>
GUTTER/ALLEY: No
WATER PROXIMITY: No
CHRONIC SITE: No
VEHICLES: <NONE>
IDENTIFIERS: <NONE>
SEVERITY: 1
ORDINANCE: N/A
PRIORITY: LOW
SUMMARY: No illegal dumping observed in the video."
20260602T105528Z,DT_14th_and_Madison_New_4_20260528T173000.jpg,,,dataset_20260528/DT_14th_and_Madison_New_4/DT_14th_and_Madison_New_4_20260528T173000.jpg,illegal_dumping,done,2026-06-02T11:12:01.793710+00:00,0.033,0.819,0.856,,nvidia/cosmos-reason2-8b,"DUMPING PRESENT: Yes
ORDINANCE VIOLATION: Yes
WASTE TYPE: mixed
WASTE VOLUME: small (pickup truck)
WASTE ORIGIN: residential
PROPERTY TYPE: alley
ADDRESS MARKERS: NONE
GUTTER/ALLEY: Yes
WATER PROXIMITY: No
CHRONIC SITE: No
VEHICLES: NONE
IDENTIFIERS: NONE
SEVERITY: 2
ORDINANCE: Sec-46-45
PRIORITY: MEDIUM
SUMMARY: Illegal dumping of mixed waste is present in the alley, violating Brownsville's property owner liability ordinance.
"
20260602T105528Z,DT_14th_and_Madison_New_4_20260528T174000.jpg,,,dataset_20260528/DT_14th_and_Madison_New_4/DT_14th_and_Madison_New_4_20260528T174000.jpg,illegal_dumping,done,2026-06-02T11:12:02.051109+00:00,0.032,0.632,0.667,,nvidia/cosmos-reason2-8b,"DUMPING PRESENT: No
ORDINANCE VIOLATION: No
WASTE TYPE: mixed
WASTE VOLUME: small (pickup truck)
WASTE ORIGIN: residential
PROPERTY TYPE: vacant-lot
ADDRESS MARKERS: NONE
GUTTER/ALLEY: No
WATER PROXIMITY: No
CHRONIC SITE: No
VEHICLES: NONE
IDENTIFIERS: NONE
SEVERITY: 1
ORDINANCE: N/A
PRIORITY: LOW
SUMMARY: No illegal dumping detected in the video."
20260602T105528Z,DT_14th_and_Madison_New_4_20260528T175000.jpg,,,dataset_20260528/DT_14th_and_Madison_New_4/DT_14th_and_Madison_New_4_20260528T175000.jpg,illegal_dumping,done,2026-06-02T11:12:02.185707+00:00,0.034,0.798,0.834,,nvidia/cosmos-reason2-8b,"DUMPING PRESENT: No
ORDINANCE VIOLATION: No
WASTE TYPE: mixed
WASTE VOLUME: small (pickup truck)
WASTE ORIGIN: residential
PROPERTY TYPE: occupied-private
ADDRESS MARKERS: <NONE>
GUTTER/ALLEY: No
WATER PROXIMITY: No
CHRONIC SITE: No
VEHICLES: <NONE>
IDENTIFIERS: <NONE>
SEVERITY: 1
ORDINANCE: N/A
PRIORITY: LOW
SUMMARY: No illegal dumping detected; the scene appears to be a normal residential area without visible waste or debris."
20260602T105528Z,DT_14th_and_Madison_New_4_20260528T180000.jpg,,,dataset_20260528/DT_14th_and_Madison_New_4/DT_14th_and_Madison_New_4_20260528T180000.jpg,illegal_dumping,done,2026-06-02T11:12:02.341798+00:00,0.038,0.85,0.89,,nvidia/cosmos-reason2-8b,"DUMPING PRESENT: Yes
ORDINANCE VIOLATION: Yes
WASTE TYPE: mixed
WASTE VOLUME: small (pickup truck)
WASTE ORIGIN: residential
PROPERTY TYPE: alley
ADDRESS MARKERS: NONE
GUTTER/ALLEY: Yes
WATER PROXIMITY: No
CHRONIC SITE: No
VEHICLES: NONE
IDENTIFIERS: NONE
SEVERITY: 2
ORDINANCE: Sec-46-45
PRIORITY: MEDIUM
SUMMARY: Illegal dumping of mixed waste is present in the alley, violating Brownsville's property owner liability ordinance.
"
20260602T105528Z,DT_14th_and_Madison_New_4_20260528T181000.jpg,,,dataset_20260528/DT_14th_and_Madison_New_4/DT_14th_and_Madison_New_4_20260528T181000.jpg,illegal_dumping,done,2026-06-02T11:12:02.652381+00:00,0.033,0.767,0.803,,nvidia/cosmos-reason2-8b,"DUMPING PRESENT: Yes
ORDINANCE VIOLATION: Yes
WASTE TYPE: mixed
WASTE VOLUME: small (pickup truck)
WASTE ORIGIN: residential
PROPERTY TYPE: alley
ADDRESS MARKERS: NONE
GUTTER/ALLEY: Yes
WATER PROXIMITY: No
CHRONIC SITE: No
VEHICLES: NONE
IDENTIFIERS: NONE
SEVERITY: 2
ORDINANCE: Sec-46-45
PRIORITY: MEDIUM
SUMMARY: Illegal dumping of mixed waste is present in the alley, violating Brownsville's property owner liability ordinance.
"
20260602T105528Z,DT_14th_and_Madison_New_4_20260528T182000.jpg,,,dataset_20260528/DT_14th_and_Madison_New_4/DT_14th_and_Madison_New_4_20260528T182000.jpg,illegal_dumping,done,2026-06-02T11:12:02.720922+00:00,0.037,0.859,0.898,,nvidia/cosmos-reason2-8b,"DUMPING PRESENT: Yes
ORDINANCE VIOLATION: Yes
WASTE TYPE: mixed
WASTE VOLUME: small (pickup truck)
WASTE ORIGIN: residential
PROPERTY TYPE: alley
ADDRESS MARKERS: NONE
GUTTER/ALLEY: Yes
WATER PROXIMITY: No
CHRONIC SITE: No
VEHICLES: NONE
IDENTIFIERS: NONE
SEVERITY: 2
ORDINANCE: Sec-46-45
PRIORITY: MEDIUM
SUMMARY: Illegal dumping of mixed waste is present in the alley, violating Brownsville's property owner liability ordinance.
"
20260602T105528Z,DT_14th_and_Madison_New_4_20260528T183000.jpg,,,dataset_20260528/DT_14th_and_Madison_New_4/DT_14th_and_Madison_New_4_20260528T183000.jpg,illegal_dumping,done,2026-06-02T11:12:03.022353+00:00,0.035,0.779,0.827,,nvidia/cosmos-reason2-8b,"DUMPING PRESENT: Yes
ORDINANCE VIOLATION: Yes
WASTE TYPE: mixed
WASTE VOLUME: medium (dump truck)
WASTE ORIGIN: residential
PROPERTY TYPE: alley
ADDRESS MARKERS: NONE
GUTTER/ALLEY: Yes
WATER PROXIMITY: No
CHRONIC SITE: No
VEHICLES: NONE
IDENTIFIERS: NONE
SEVERITY: 2
ORDINANCE: Sec-46-45
PRIORITY: MEDIUM
SUMMARY: Illegal dumping of mixed waste is observed in the alley, violating Brownsville's ordinance on property owner liability for waste disposal.
"
20260602T105528Z,DT_14th_and_Madison_New_4_20260528T184000.jpg,,,dataset_20260528/DT_14th_and_Madison_New_4/DT_14th_and_Madison_New_4_20260528T184000.jpg,illegal_dumping,done,2026-06-02T11:12:03.234694+00:00,0.039,0.861,0.902,,nvidia/cosmos-reason2-8b,"```json
{
  ""DUMPING PRESENT"": ""No"",
  ""ORDINANCE VIOLATION"": ""No"",
  ""WASTE TYPE"": [],
  ""WASTE VOLUME"": ""small (pickup truck)"",
  ""WASTE ORIGIN"": ""residential"",
  ""PROPERTY TYPE"": ""vacant-lot"",
  ""ADDRESS MARKERS"": ""NONE"",
  ""GUTTER/ALLEY"": ""No"",
  ""WATER PROXIMITY"": ""No"",
  ""CHRONIC SITE"": ""No"",
  ""VEHICLES"": ""NONE"",
  ""IDENTIFIERS"": ""NONE"",
  ""SEVERITY"": ""1"",
  ""ORDINANCE"": ""N/A"",
  ""PRIORITY"": ""LOW"",
  ""SUMMARY"": ""No illegal dumping detected; the scene shows a palm tree and paved area with no visible waste or violations.""
}
```"
20260602T105528Z,DT_14th_and_Madison_New_4_20260528T185000.jpg,,,dataset_20260528/DT_14th_and_Madison_New_4/DT_14th_and_Madison_New_4_20260528T185000.jpg,illegal_dumping,done,2026-06-02T11:12:03.458004+00:00,0.043,0.753,0.799,,nvidia/cosmos-reason2-8b,"DUMPING PRESENT: Yes
ORDINANCE VIOLATION: Yes
WASTE TYPE: mixed
WASTE VOLUME: small (pickup truck)
WASTE ORIGIN: residential
PROPERTY TYPE: alley
ADDRESS MARKERS: NONE
GUTTER/ALLEY: Yes
WATER PROXIMITY: No
CHRONIC SITE: No
VEHICLES: NONE
IDENTIFIERS: NONE
SEVERITY: 2
ORDINANCE: Sec-46-45
PRIORITY: MEDIUM
SUMMARY: Illegal dumping of mixed waste is present in the alley, violating Brownsville's property owner liability ordinance.
"
20260602T105528Z,DT_14th_and_Madison_New_4_20260528T190000.jpg,,,dataset_20260528/DT_14th_and_Madison_New_4/DT_14th_and_Madison_New_4_20260528T190000.jpg,illegal_dumping,done,2026-06-02T11:12:03.621456+00:00,0.034,0.784,0.821,,nvidia/cosmos-reason2-8b,"DUMPING PRESENT: Yes
ORDINANCE VIOLATION: Yes
WASTE TYPE: mixed
WASTE VOLUME: small (pickup truck)
WASTE ORIGIN: residential
PROPERTY TYPE: alley
ADDRESS MARKERS: NONE
GUTTER/ALLEY: Yes
WATER PROXIMITY: No
CHRONIC SITE: No
VEHICLES: NONE
IDENTIFIERS: NONE
SEVERITY: 2
ORDINANCE: Sec-46-45
PRIORITY: MEDIUM
SUMMARY: Illegal dumping of mixed waste is present in the alley, violating Brownsville's property owner liability ordinance.
"
20260602T105528Z,DT_14th_and_Madison_New_4_20260528T191000.jpg,,,dataset_20260528/DT_14th_and_Madison_New_4/DT_14th_and_Madison_New_4_20260528T191000.jpg,illegal_dumping,done,2026-06-02T11:12:03.852044+00:00,0.043,0.728,0.774,,nvidia/cosmos-reason2-8b,"DUMPING PRESENT: Yes
ORDINANCE VIOLATION: Yes
WASTE TYPE: mixed
WASTE VOLUME: small (pickup truck)
WASTE ORIGIN: residential
PROPERTY TYPE: alley
ADDRESS MARKERS: NONE
GUTTER/ALLEY: Yes
WATER PROXIMITY: No
CHRONIC SITE: No
VEHICLES: NONE
IDENTIFIERS: NONE
SEVERITY: 2
ORDINANCE: Sec-46-45
PRIORITY: MEDIUM
SUMMARY: Illegal dumping of mixed waste is present in the alley, violating Brownsville's property owner liability ordinance.
"
20260602T105528Z,DT_14th_and_Madison_New_4_20260528T192000.jpg,,,dataset_20260528/DT_14th_and_Madison_New_4/DT_14th_and_Madison_New_4_20260528T192000.jpg,illegal_dumping,done,2026-06-02T11:12:04.139649+00:00,0.043,0.796,0.842,,nvidia/cosmos-reason2-8b,"DUMPING PRESENT: Yes
ORDINANCE VIOLATION: Yes
WASTE TYPE: mixed
WASTE VOLUME: small (pickup truck)
WASTE ORIGIN: residential
PROPERTY TYPE: alley
ADDRESS MARKERS: NONE
GUTTER/ALLEY: Yes
WATER PROXIMITY: No
CHRONIC SITE: No
VEHICLES: NONE
IDENTIFIERS: NONE
SEVERITY: 2
ORDINANCE: Sec-46-45
PRIORITY: MEDIUM
SUMMARY: Illegal dumping of mixed waste is present in the alley, violating Brownsville's property owner liability ordinance.
"
20260602T105528Z,DT_14th_and_Madison_New_4_20260528T193000.jpg,,,dataset_20260528/DT_14th_and_Madison_New_4/DT_14th_and_Madison_New_4_20260528T193000.jpg,illegal_dumping,done,2026-06-02T11:12:04.259748+00:00,0.042,0.749,0.793,,nvidia/cosmos-reason2-8b,"DUMPING PRESENT: No
ORDINANCE VIOLATION: No
WASTE TYPE: mixed
WASTE VOLUME: small (pickup truck)
WASTE ORIGIN: residential
PROPERTY TYPE: right-of-way
ADDRESS MARKERS: NONE
GUTTER/ALLEY: No
WATER PROXIMITY: No
CHRONIC SITE: No
VEHICLES: NONE
IDENTIFIERS: NONE
SEVERITY: 1
ORDINANCE: N/A
PRIORITY: LOW
SUMMARY: No illegal dumping detected in the video."
20260602T105528Z,DT_14th_and_Madison_New_4_20260528T194000.jpg,,,dataset_20260528/DT_14th_and_Madison_New_4/DT_14th_and_Madison_New_4_20260528T194000.jpg,illegal_dumping,done,2026-06-02T11:12:04.445274+00:00,0.031,1.069,1.103,,nvidia/cosmos-reason2-8b,"DUMPING PRESENT: Yes
ORDINANCE VIOLATION: Yes
WASTE TYPE: mixed
WASTE VOLUME: small (pickup truck)
WASTE ORIGIN: residential
PROPERTY TYPE: alley
ADDRESS MARKERS: NONE
GUTTER/ALLEY: Yes
WATER PROXIMITY: No
CHRONIC SITE: No
VEHICLES: NONE
IDENTIFIERS: NONE
SEVERITY: 2
ORDINANCE: Sec-46-45
PRIORITY: MEDIUM
SUMMARY: Illegal dumping of mixed waste is present in the alley, violating Brownsville's property owner liability ordinance."
20260602T105528Z,DT_14th_and_Madison_New_4_20260528T195000.jpg,,,dataset_20260528/DT_14th_and_Madison_New_4/DT_14th_and_Madison_New_4_20260528T195000.jpg,illegal_dumping,done,2026-06-02T11:12:04.628505+00:00,0.032,1.027,1.062,,nvidia/cosmos-reason2-8b,"```json
{
  ""DUMPING PRESENT"": ""Yes"",
  ""ORDINANCE VIOLATION"": ""Yes"",
  ""WASTE TYPE"": ""mixed"",
  ""WASTE VOLUME"": ""small (pickup truck)"",
  ""WASTE ORIGIN"": ""unknown"",
  ""PROPERTY TYPE"": ""vacant-lot"",
  ""ADDRESS MARKERS"": ""NONE"",
  ""GUTTER/ALLEY"": ""No"",
  ""WATER PROXIMITY"": ""No"",
  ""CHRONIC SITE"": ""No"",
  ""VEHICLES"": ""NONE"",
  ""IDENTIFIERS"": ""NONE"",
  ""SEVERITY"": ""3"",
  ""ORDINANCE"": ""Sec-46-45"",
  ""PRIORITY"": ""MEDIUM"",
  ""SUMMARY"": ""Illegal dumping of mixed waste is present on a vacant lot, violating property owner liability under Sec. 46-45.""
}
```"
20260602T105528Z,DT_14th_and_Madison_New_4_20260528T200000.jpg,,,dataset_20260528/DT_14th_and_Madison_New_4/DT_14th_and_Madison_New_4_20260528T200000.jpg,illegal_dumping,done,2026-06-02T11:12:04.985011+00:00,0.034,1.013,1.05,,nvidia/cosmos-reason2-8b,"DUMPING PRESENT: Yes
ORDINANCE VIOLATION: Yes
WASTE TYPE: mixed
WASTE VOLUME: small (pickup truck)
WASTE ORIGIN: residential
PROPERTY TYPE: alley
ADDRESS MARKERS: NONE
GUTTER/ALLEY: Yes
WATER PROXIMITY: No
CHRONIC SITE: No
VEHICLES: NONE
IDENTIFIERS: NONE
SEVERITY: 2
ORDINANCE: Sec-46-45
PRIORITY: MEDIUM
SUMMARY: Illegal dumping of mixed waste is present in the alley, violating Brownsville's property owner liability ordinance.
"
20260602T105528Z,DT_14th_and_Madison_New_4_20260528T201000.jpg,,,dataset_20260528/DT_14th_and_Madison_New_4/DT_14th_and_Madison_New_4_20260528T201000.jpg,illegal_dumping,done,2026-06-02T11:12:05.055184+00:00,0.03,0.793,0.825,,nvidia/cosmos-reason2-8b,"DUMPING PRESENT: No
ORDINANCE VIOLATION: No
WASTE TYPE: mixed
WASTE VOLUME: small (pickup truck)
WASTE ORIGIN: residential
PROPERTY TYPE: occupied-private
ADDRESS MARKERS: NONE
GUTTER/ALLEY: No
WATER PROXIMITY: No
CHRONIC SITE: No
VEHICLES: NONE
IDENTIFIERS: NONE
SEVERITY: 1
ORDINANCE: N/A
PRIORITY: LOW
SUMMARY: No illegal dumping detected; the scene shows a residential area with no visible waste or debris."
20260602T105528Z,DT_14th_and_Madison_New_4_20260528T202000.jpg,,,dataset_20260528/DT_14th_and_Madison_New_4/DT_14th_and_Madison_New_4_20260528T202000.jpg,illegal_dumping,done,2026-06-02T11:12:05.550652+00:00,0.04,0.826,0.868,,nvidia/cosmos-reason2-8b,"DUMPING PRESENT: Yes
ORDINANCE VIOLATION: Yes
WASTE TYPE: mixed
WASTE VOLUME: small (pickup truck)
WASTE ORIGIN: residential
PROPERTY TYPE: alley
ADDRESS MARKERS: NONE
GUTTER/ALLEY: Yes
WATER PROXIMITY: No
CHRONIC SITE: No
VEHICLES: NONE
IDENTIFIERS: NONE
SEVERITY: 2
ORDINANCE: Sec-46-45
PRIORITY: MEDIUM
SUMMARY: Illegal dumping is present in the alley, with mixed waste scattered along the dirt path, violating property owner liability under Sec. 46-45.
"
20260602T105528Z,DT_14th_and_Madison_New_4_20260528T203000.jpg,,,dataset_20260528/DT_14th_and_Madison_New_4/DT_14th_and_Madison_New_4_20260528T203000.jpg,illegal_dumping,done,2026-06-02T11:12:05.693442+00:00,0.037,0.856,0.894,,nvidia/cosmos-reason2-8b,"DUMPING PRESENT: Yes
ORDINANCE VIOLATION: Yes
WASTE TYPE: mixed
WASTE VOLUME: small (pickup truck)
WASTE ORIGIN: residential
PROPERTY TYPE: alley
ADDRESS MARKERS: NONE
GUTTER/ALLEY: Yes
WATER PROXIMITY: No
CHRONIC SITE: No
VEHICLES: NONE
IDENTIFIERS: NONE
SEVERITY: 3
ORDINANCE: Sec-46-45
PRIORITY: MEDIUM
SUMMARY: Illegal dumping of mixed waste is present in the alley, violating Brownsville's property owner liability ordinance.
"
20260602T105528Z,DT_14th_and_Madison_New_4_20260528T204000.jpg,,,dataset_20260528/DT_14th_and_Madison_New_4/DT_14th_and_Madison_New_4_20260528T204000.jpg,illegal_dumping,done,2026-06-02T11:12:05.883111+00:00,0.032,0.851,0.885,,nvidia/cosmos-reason2-8b,"DUMPING PRESENT: Yes
ORDINANCE VIOLATION: Yes
WASTE TYPE: mixed
WASTE VOLUME: small (pickup truck)
WASTE ORIGIN: residential
PROPERTY TYPE: alley
ADDRESS MARKERS: NONE
GUTTER/ALLEY: Yes
WATER PROXIMITY: No
CHRONIC SITE: No
VEHICLES: NONE
IDENTIFIERS: NONE
SEVERITY: 2
ORDINANCE: Sec-46-45
PRIORITY: MEDIUM
SUMMARY: Illegal dumping of mixed waste is observed in an alley, violating Brownsville's property owner liability ordinance.
"
20260602T105528Z,DT_14th_and_Madison_New_4_20260528T205000.jpg,,,dataset_20260528/DT_14th_and_Madison_New_4/DT_14th_and_Madison_New_4_20260528T205000.jpg,illegal_dumping,done,2026-06-02T11:12:06.037578+00:00,0.038,0.851,0.892,,nvidia/cosmos-reason2-8b,"DUMPING PRESENT: Yes
ORDINANCE VIOLATION: Yes
WASTE TYPE: mixed
WASTE VOLUME: small (pickup truck)
WASTE ORIGIN: residential
PROPERTY TYPE: alley
ADDRESS MARKERS: NONE
GUTTER/ALLEY: Yes
WATER PROXIMITY: No
CHRONIC SITE: No
VEHICLES: NONE
IDENTIFIERS: NONE
SEVERITY: 2
ORDINANCE: Sec-46-45
PRIORITY: MEDIUM
SUMMARY: Illegal dumping of mixed waste is present in an alley, violating Brownsville's property owner liability ordinance.
"
20260602T105528Z,DT_14th_and_Madison_New_4_20260528T210000.jpg,,,dataset_20260528/DT_14th_and_Madison_New_4/DT_14th_and_Madison_New_4_20260528T210000.jpg,illegal_dumping,done,2026-06-02T11:12:06.421638+00:00,0.037,0.801,0.841,,nvidia/cosmos-reason2-8b,"DUMPING PRESENT: Yes
ORDINANCE VIOLATION: Yes
WASTE TYPE: mixed
WASTE VOLUME: small (pickup truck)
WASTE ORIGIN: residential
PROPERTY TYPE: alley
ADDRESS MARKERS: NONE
GUTTER/ALLEY: Yes
WATER PROXIMITY: No
CHRONIC SITE: No
VEHICLES: NONE
IDENTIFIERS: NONE
SEVERITY: 2
ORDINANCE: Sec-46-45
PRIORITY: MEDIUM
SUMMARY: Illegal dumping of mixed waste is present in an alley, violating Brownsville's property owner liability ordinance.
"
20260602T105528Z,DT_14th_and_Madison_New_4_20260528T211000.jpg,,,dataset_20260528/DT_14th_and_Madison_New_4/DT_14th_and_Madison_New_4_20260528T211000.jpg,illegal_dumping,done,2026-06-02T11:12:06.590049+00:00,0.034,0.845,0.881,,nvidia/cosmos-reason2-8b,"DUMPING PRESENT: Yes
ORDINANCE VIOLATION: Yes
WASTE TYPE: mixed
WASTE VOLUME: small (pickup truck)
WASTE ORIGIN: residential
PROPERTY TYPE: alley
ADDRESS MARKERS: NONE
GUTTER/ALLEY: Yes
WATER PROXIMITY: No
CHRONIC SITE: No
VEHICLES: NONE
IDENTIFIERS: NONE
SEVERITY: 1
ORDINANCE: Sec-46-45
PRIORITY: LOW
SUMMARY: Illegal dumping of mixed waste is present in the alley, violating Brownsville's property owner liability ordinance (Sec. 46-45)."
20260602T105528Z,DT_14th_and_Madison_New_4_20260528T212000.jpg,,,dataset_20260528/DT_14th_and_Madison_New_4/DT_14th_and_Madison_New_4_20260528T212000.jpg,illegal_dumping,done,2026-06-02T11:12:06.771753+00:00,0.039,0.857,0.898,,nvidia/cosmos-reason2-8b,"DUMPING PRESENT: No
ORDINANCE VIOLATION: No
WASTE TYPE: mixed
WASTE VOLUME: small (pickup truck)
WASTE ORIGIN: residential
PROPERTY TYPE: right-of-way
ADDRESS MARKERS: NONE
GUTTER/ALLEY: Yes
WATER PROXIMITY: No
CHRONIC SITE: No
VEHICLES: NONE
IDENTIFIERS: NONE
SEVERITY: 1
ORDINANCE: N/A
PRIORITY: LOW
SUMMARY: No illegal dumping detected; the scene shows a street with vehicles and no visible waste on the right-of-way."
20260602T105528Z,DT_14th_and_Madison_New_4_20260528T213000.jpg,,,dataset_20260528/DT_14th_and_Madison_New_4/DT_14th_and_Madison_New_4_20260528T213000.jpg,illegal_dumping,done,2026-06-02T11:12:06.931862+00:00,0.038,0.871,0.912,,nvidia/cosmos-reason2-8b,"DUMPING PRESENT: Yes
ORDINANCE VIOLATION: Yes
WASTE TYPE: mixed
WASTE VOLUME: medium
WASTE ORIGIN: unknown
PROPERTY TYPE: alley
ADDRESS MARKERS: NONE
GUTTER/ALLEY: Yes
WATER PROXIMITY: No
CHRONIC SITE: No
VEHICLES: NONE
IDENTIFIERS: NONE
SEVERITY: 2
ORDINANCE: Sec-46-45
PRIORITY: MEDIUM
SUMMARY: Illegal dumping of mixed waste is observed in an alley, violating Brownsville's property owner liability ordinance.
"
20260602T105528Z,DT_14th_and_Madison_New_4_20260528T214000.jpg,,,dataset_20260528/DT_14th_and_Madison_New_4/DT_14th_and_Madison_New_4_20260528T214000.jpg,illegal_dumping,done,2026-06-02T11:12:07.265201+00:00,0.037,0.756,0.796,,nvidia/cosmos-reason2-8b,"DUMPING PRESENT: Yes
ORDINANCE VIOLATION: Yes
WASTE TYPE: mixed
WASTE VOLUME: small (pickup truck)
WASTE ORIGIN: unknown
PROPERTY TYPE: right-of-way
ADDRESS MARKERS: NONE
GUTTER/ALLEY: Yes
WATER PROXIMITY: No
CHRONIC SITE: No
VEHICLES: NONE
IDENTIFIERS: NONE
SEVERITY: 2
ORDINANCE: Sec-46-45
PRIORITY: MEDIUM
SUMMARY: Illegal dumping of mixed waste is present in the right-of-way, violating Brownsville's property owner liability ordinance.
"
20260602T105528Z,DT_14th_and_Madison_New_4_20260528T215000.jpg,,,dataset_20260528/DT_14th_and_Madison_New_4/DT_14th_and_Madison_New_4_20260528T215000.jpg,illegal_dumping,done,2026-06-02T11:12:07.473570+00:00,0.035,0.778,0.814,,nvidia/cosmos-reason2-8b,"DUMPING PRESENT: Yes
ORDINANCE VIOLATION: Yes
WASTE TYPE: mixed
WASTE VOLUME: small (pickup truck)
WASTE ORIGIN: unknown
PROPERTY TYPE: vacant-lot
ADDRESS MARKERS: NONE
GUTTER/ALLEY: No
WATER PROXIMITY: No
CHRONIC SITE: No
VEHICLES: NONE
IDENTIFIERS: NONE
SEVERITY: 2
ORDINANCE: Sec-46-45
PRIORITY: MEDIUM
SUMMARY: Illegal dumping of mixed waste is observed on a vacant lot, violating Brownsville's property owner liability ordinance.
"
20260602T105528Z,DT_14th_and_Madison_New_4_20260528T220000.jpg,,,dataset_20260528/DT_14th_and_Madison_New_4/DT_14th_and_Madison_New_4_20260528T220000.jpg,illegal_dumping,done,2026-06-02T11:12:07.673429+00:00,0.038,0.755,0.795,,nvidia/cosmos-reason2-8b,"DUMPING PRESENT: Yes
ORDINANCE VIOLATION: Yes
WASTE TYPE: mixed
WASTE VOLUME: small (pickup truck)
WASTE ORIGIN: residential
PROPERTY TYPE: vacant-lot
ADDRESS MARKERS: NONE
GUTTER/ALLEY: Yes
WATER PROXIMITY: No
CHRONIC SITE: No
VEHICLES: NONE
IDENTIFIERS: NONE
SEVERITY: 3
ORDINANCE: Sec-46-45
PRIORITY: MEDIUM
SUMMARY: Illegal dumping of mixed waste is observed on a vacant lot, violating Brownsville's property owner liability ordinance.
"
20260602T105528Z,DT_14th_and_Madison_New_4_20260528T221000.jpg,,,dataset_20260528/DT_14th_and_Madison_New_4/DT_14th_and_Madison_New_4_20260528T221000.jpg,illegal_dumping,done,2026-06-02T11:12:07.845679+00:00,0.037,0.959,0.998,,nvidia/cosmos-reason2-8b,"```json
{
  ""DUMPING PRESENT"": ""Yes"",
  ""ORDINANCE VIOLATION"": ""Yes"",
  ""WASTE TYPE"": [
    ""mixed""
  ],
  ""WASTE VOLUME"": ""small (pickup truck)"",
  ""WASTE ORIGIN"": ""unknown"",
  ""PROPERTY TYPE"": ""vacant-lot"",
  ""ADDRESS MARKERS"": ""NONE"",
  ""GUTTER/ALLEY"": ""No"",
  ""WATER PROXIMITY"": ""No"",
  ""CHRONIC SITE"": ""No"",
  ""VEHICLES"": ""NONE"",
  ""IDENTIFIERS"": ""NONE"",
  ""SEVERITY"": 2,
  ""ORDINANCE"": ""Sec-46-45"",
  ""PRIORITY"": ""MEDIUM"",
  ""SUMMARY"": ""Illegal dumping of mixed waste is observed on a vacant lot, violating Brownsville\u2019s property owner liability ordinance.""
}
```"
20260602T105528Z,DT_14th_and_Madison_New_4_20260528T222000.jpg,,,dataset_20260528/DT_14th_and_Madison_New_4/DT_14th_and_Madison_New_4_20260528T222000.jpg,illegal_dumping,done,2026-06-02T11:12:08.063114+00:00,0.042,0.736,0.78,,nvidia/cosmos-reason2-8b,"DUMPING PRESENT: Yes
ORDINANCE VIOLATION: Yes
WASTE TYPE: mixed
WASTE VOLUME: small (pickup truck)
WASTE ORIGIN: residential
PROPERTY TYPE: alley
ADDRESS MARKERS: NONE
GUTTER/ALLEY: Yes
WATER PROXIMITY: No
CHRONIC SITE: No
VEHICLES: NONE
IDENTIFIERS: NONE
SEVERITY: 1
ORDINANCE: Sec-46-45
PRIORITY: LOW
SUMMARY: Mixed waste is illegally dumped in an alley, violating property owner liability under Sec-46-45.
"
20260602T105528Z,DT_14th_and_Madison_New_4_20260528T223000.jpg,,,dataset_20260528/DT_14th_and_Madison_New_4/DT_14th_and_Madison_New_4_20260528T223000.jpg,illegal_dumping,done,2026-06-02T11:12:08.290672+00:00,0.033,0.749,0.785,,nvidia/cosmos-reason2-8b,"DUMPING PRESENT: Yes
ORDINANCE VIOLATION: Yes
WASTE TYPE: mixed
WASTE VOLUME: small (pickup truck)
WASTE ORIGIN: residential
PROPERTY TYPE: alley
ADDRESS MARKERS: NONE
GUTTER/ALLEY: Yes
WATER PROXIMITY: No
CHRONIC SITE: No
VEHICLES: NONE
IDENTIFIERS: NONE
SEVERITY: 2
ORDINANCE: Sec-46-45
PRIORITY: MEDIUM
SUMMARY: Illegal dumping of mixed waste is present in the alley, violating Brownsville's property owner liability ordinance.
"
20260602T105528Z,DT_14th_and_Madison_New_4_20260528T224000.jpg,,,dataset_20260528/DT_14th_and_Madison_New_4/DT_14th_and_Madison_New_4_20260528T224000.jpg,illegal_dumping,done,2026-06-02T11:12:08.471359+00:00,0.031,0.744,0.777,,nvidia/cosmos-reason2-8b,"DUMPING PRESENT: Yes
ORDINANCE VIOLATION: Yes
WASTE TYPE: mixed
WASTE VOLUME: medium
WASTE ORIGIN: residential
PROPERTY TYPE: alley
ADDRESS MARKERS: NONE
GUTTER/ALLEY: Yes
WATER PROXIMITY: No
CHRONIC SITE: No
VEHICLES: NONE
IDENTIFIERS: NONE
SEVERITY: 2
ORDINANCE: Sec-46-45
PRIORITY: MEDIUM
SUMMARY: Illegal dumping of mixed waste is present in the alley, violating Brownsville's property owner liability ordinance.
"
20260602T105528Z,DT_14th_and_Madison_New_4_20260528T225000.jpg,,,dataset_20260528/DT_14th_and_Madison_New_4/DT_14th_and_Madison_New_4_20260528T225000.jpg,illegal_dumping,done,2026-06-02T11:12:08.846435+00:00,0.064,0.976,1.042,,nvidia/cosmos-reason2-8b,"DUMPING PRESENT: Yes
ORDINANCE VIOLATION: Yes
WASTE TYPE: mixed
WASTE VOLUME: small (pickup truck)
WASTE ORIGIN: residential
PROPERTY TYPE: alley
ADDRESS MARKERS: NONE
GUTTER/ALLEY: Yes
WATER PROXIMITY: No
CHRONIC SITE: No
VEHICLES: NONE
IDENTIFIERS: NONE
SEVERITY: 2
ORDINANCE: Sec-46-45
PRIORITY: MEDIUM
SUMMARY: Illegal dumping of mixed waste is observed in an alley, violating Brownsville's property owner liability ordinance.
"
20260602T105528Z,DT_14th_and_Madison_New_4_20260528T230000.jpg,,,dataset_20260528/DT_14th_and_Madison_New_4/DT_14th_and_Madison_New_4_20260528T230000.jpg,illegal_dumping,done,2026-06-02T11:12:08.847585+00:00,0.064,0.819,0.885,,nvidia/cosmos-reason2-8b,"DUMPING PRESENT: Yes
ORDINANCE VIOLATION: Yes
WASTE TYPE: mixed
WASTE VOLUME: small (pickup truck)
WASTE ORIGIN: residential
PROPERTY TYPE: alley
ADDRESS MARKERS: NONE
GUTTER/ALLEY: Yes
WATER PROXIMITY: No
CHRONIC SITE: No
VEHICLES: NONE
IDENTIFIERS: NONE
SEVERITY: 2
ORDINANCE: Sec-46-45
PRIORITY: MEDIUM
SUMMARY: Mixed waste is illegally dumped in an alley, violating Brownsville's property owner liability ordinance.
"
20260602T105528Z,DT_14th_and_Madison_New_4_20260528T231000.jpg,,,dataset_20260528/DT_14th_and_Madison_New_4/DT_14th_and_Madison_New_4_20260528T231000.jpg,illegal_dumping,done,2026-06-02T11:12:09.078351+00:00,0.035,1.073,1.11,,nvidia/cosmos-reason2-8b,"DUMPING PRESENT: Yes
ORDINANCE VIOLATION: Yes
WASTE TYPE: mixed
WASTE VOLUME: small (pickup truck)
WASTE ORIGIN: residential
PROPERTY TYPE: vacant-lot
ADDRESS MARKERS: NONE
GUTTER/ALLEY: Yes
WATER PROXIMITY: No
CHRONIC SITE: No
VEHICLES: NONE
IDENTIFIERS: NONE
SEVERITY: 2
ORDINANCE: Sec-46-45
PRIORITY: MEDIUM
SUMMARY: Illegal dumping is present on a vacant lot, violating Brownsville's property owner liability ordinance (Sec. 46-45).
"
20260602T105528Z,DT_14th_and_Madison_New_4_20260528T232000.jpg,,,dataset_20260528/DT_14th_and_Madison_New_4/DT_14th_and_Madison_New_4_20260528T232000.jpg,illegal_dumping,done,2026-06-02T11:12:09.250506+00:00,0.029,1.006,1.038,,nvidia/cosmos-reason2-8b,"DUMPING PRESENT: Yes
ORDINANCE VIOLATION: Yes
WASTE TYPE: mixed
WASTE VOLUME: small (pickup truck)
WASTE ORIGIN: unknown
PROPERTY TYPE: vacant-lot
ADDRESS MARKERS: NONE
GUTTER/ALLEY: No
WATER PROXIMITY: No
CHRONIC SITE: No
VEHICLES: NONE
IDENTIFIERS: NONE
SEVERITY: 2
ORDINANCE: Sec-46-45
PRIORITY: MEDIUM
SUMMARY: Illegal dumping of mixed waste is present on a vacant lot, violating property owner liability under Sec. 46-45.
"
20260602T105528Z,DT_14th_and_Madison_New_4_20260528T233000.jpg,,,dataset_20260528/DT_14th_and_Madison_New_4/DT_14th_and_Madison_New_4_20260528T233000.jpg,illegal_dumping,done,2026-06-02T11:12:09.736348+00:00,0.04,0.84,0.883,,nvidia/cosmos-reason2-8b,"DUMPING PRESENT: Yes
ORDINANCE VIOLATION: Yes
WASTE TYPE: mixed
WASTE VOLUME: small (pickup truck)
WASTE ORIGIN: unknown
PROPERTY TYPE: vacant-lot
ADDRESS MARKERS: NONE
GUTTER/ALLEY: Yes
WATER PROXIMITY: No
CHRONIC SITE: No
VEHICLES: NONE
IDENTIFIERS: NONE
SEVERITY: 2
ORDINANCE: Sec-46-45
PRIORITY: MEDIUM
SUMMARY: Illegal dumping of mixed waste is observed in a vacant lot, violating property owner liability under Sec. 46-45.
"
20260602T105528Z,DT_14th_and_Madison_New_4_20260528T234000.jpg,,,dataset_20260528/DT_14th_and_Madison_New_4/DT_14th_and_Madison_New_4_20260528T234000.jpg,illegal_dumping,done,2026-06-02T11:12:09.890830+00:00,0.036,0.803,0.841,,nvidia/cosmos-reason2-8b,"DUMPING PRESENT: Yes
ORDINANCE VIOLATION: Yes
WASTE TYPE: mixed
WASTE VOLUME: small (pickup truck)
WASTE ORIGIN: residential
PROPERTY TYPE: alley
ADDRESS MARKERS: NONE
GUTTER/ALLEY: Yes
WATER PROXIMITY: No
CHRONIC SITE: No
VEHICLES: NONE
IDENTIFIERS: NONE
SEVERITY: 2
ORDINANCE: Sec-46-45
PRIORITY: MEDIUM
SUMMARY: Illegal dumping of mixed waste is present in the alley, violating Brownsville's ordinance, with debris scattered across the ground.
"
20260602T105528Z,DT_14th_and_Madison_New_4_20260528T235000.jpg,,,dataset_20260528/DT_14th_and_Madison_New_4/DT_14th_and_Madison_New_4_20260528T235000.jpg,illegal_dumping,done,2026-06-02T11:12:10.191379+00:00,0.033,0.731,0.767,,nvidia/cosmos-reason2-8b,"DUMPING PRESENT: Yes
ORDINANCE VIOLATION: Yes
WASTE TYPE: mixed
WASTE VOLUME: medium
WASTE ORIGIN: unknown
PROPERTY TYPE: vacant-lot
ADDRESS MARKERS: NONE
GUTTER/ALLEY: No
WATER PROXIMITY: No
CHRONIC SITE: No
VEHICLES: NONE
IDENTIFIERS: NONE
SEVERITY: 2
ORDINANCE: Sec-46-45
PRIORITY: MEDIUM
SUMMARY: Illegal dumping of mixed waste is observed on a vacant lot, violating Brownsville's property owner liability ordinance.
"
