run_id,file_name,source,local_path,minio_key,preset,status,started_at,upload_seconds,caption_seconds,total_seconds,total_tokens,model,full_caption
20260604T134116Z,AP_Gate_7_Camera_3_20260602T000000.jpg,,,dataset_20260603_063335/AP_Gate_7_Camera_3/AP_Gate_7_Camera_3_20260602T000000.jpg,vehicle_prompts,done,2026-06-04T13:41:52.675437+00:00,0.169,1.246,1.431,,nvidia/cosmos-reason2-8b,"[GENERAL VEHICLE SAFETY]
1. Not visible
2. Not visible

[COLLISIONS & NEAR MISSES]
3. Not visible
4. Not visible

[PARKING & ACCESS VIOLATIONS]
5. Not visible
6. Not visible
7. Not visible

[SUSPICIOUS VEHICLE BEHAVIOR]
8. Not visible
9. Not visible
10. Not visible

[VEHICLE IDENTIFICATION]
11. Not visible
12. Not visible
13. Not visible

[PEDESTRIAN & CHILD SAFETY]
14. Not visible
15. Not visible
16. Not visible
17. Not visible"
20260604T134116Z,AP_Gate_7_Camera_3_20260602T001500.jpg,,,dataset_20260603_063335/AP_Gate_7_Camera_3/AP_Gate_7_Camera_3_20260602T001500.jpg,vehicle_prompts,done,2026-06-04T13:41:52.676107+00:00,0.168,0.912,1.095,,nvidia/cosmos-reason2-8b,"[date]

[GENERAL VEHICLE SAFETY]
1. Not visible
2. Not visible

[COLLISIONS & NEAR MISSES]
3. Not visible
4. Not visible

[PARKING & ACCESS VIOLATIONS]
5. Not visible
6. Not visible
7. Not visible

[SUSPICIOUS VEHICLE BEHAVIOR]
8. Not visible
9. Not visible
10. Not visible

[VEHICLE IDENTIFICATION]
11. Not visible
12. Not visible
13. Not visible

[PEDESTRIAN & CHILD SAFETY]
14. Not visible
15. Not visible
16. Not visible
17. Not visible"
20260604T134116Z,AP_Gate_7_Camera_3_20260602T003000.jpg,,,dataset_20260603_063335/AP_Gate_7_Camera_3/AP_Gate_7_Camera_3_20260602T003000.jpg,vehicle_prompts,done,2026-06-04T13:41:52.676556+00:00,0.168,1.318,1.502,,nvidia/cosmos-reason2-8b,"[date]

[GENERAL VEHICLE SAFETY]
1. Not visible
2. Not visible

[COLLISIONS & NEAR MISSES]
3. Not visible
4. Not visible

[PARKING & ACCESS VIOLATIONS]
5. Not visible
6. Not visible
7. Not visible

[SUSPICIOUS VEHICLE BEHAVIOR]
8. Not visible
9. Not visible
10. Not visible

[VEHICLE IDENTIFICATION]
11. Not visible
12. Not visible
13. Not visible

[PEDESTRIAN & CHILD SAFETY]
14. Not visible
15. Not visible
16. Not visible
17. Not visible"
20260604T134116Z,AP_Gate_7_Camera_3_20260602T004500.jpg,,,dataset_20260603_063335/AP_Gate_7_Camera_3/AP_Gate_7_Camera_3_20260602T004500.jpg,vehicle_prompts,done,2026-06-04T13:41:52.677290+00:00,0.168,0.956,1.138,,nvidia/cosmos-reason2-8b,"[GENERAL VEHICLE SAFETY]
1. Not visible
2. Not visible

[COLLISIONS & NEAR MISSES]
3. Not visible
4. Not visible

[PARKING & ACCESS VIOLATIONS]
5. Not visible
6. Not visible
7. Not visible

[SUSPICIOUS VEHICLE BEHAVIOR]
8. Not visible
9. Not visible
10. Not visible

[VEHICLE IDENTIFICATION]
11. Not visible
12. Not visible
13. Not visible

[PEDESTRIAN & CHILD SAFETY]
14. Not visible
15. Not visible
16. Not visible
17. Not visible"
20260604T134116Z,AP_Gate_7_Camera_3_20260602T010000.jpg,,,dataset_20260603_063335/AP_Gate_7_Camera_3/AP_Gate_7_Camera_3_20260602T010000.jpg,vehicle_prompts,done,2026-06-04T13:41:53.775561+00:00,0.041,0.684,0.728,,nvidia/cosmos-reason2-8b,"### [GENERAL VEHICLE SAFETY]
1. Not visible
2. Not visible

### [COLLISIONS & NEAR MISSES]
3. Not visible
4. Not visible

### [PARKING & ACCESS VIOLATIONS]
5. Not visible
6. Not visible
7. Not visible

### [SUSPICIOUS VEHICLE BEHAVIOR]
8. Not visible
9. Not visible
10. Not visible

### [VEHICLE IDENTIFICATION]
11. Not visible
12. Not visible
13. Not visible

### [PEDESTRIAN & CHILD SAFETY]
14. Not visible
15. Not visible
16. Not visible
17. Not visible"
20260604T134116Z,AP_Gate_7_Camera_3_20260602T011500.jpg,,,dataset_20260603_063335/AP_Gate_7_Camera_3/AP_Gate_7_Camera_3_20260602T011500.jpg,vehicle_prompts,done,2026-06-04T13:41:53.818337+00:00,0.041,0.791,0.835,,nvidia/cosmos-reason2-8b,"[GENERAL VEHICLE SAFETY]
1. Not visible
2. Not visible

[COLLISIONS & NEAR MISSES]
3. Not visible
4. Not visible

[PARKING & ACCESS VIOLATIONS]
5. Not visible
6. Not visible
7. Not visible

[SUSPICIOUS VEHICLE BEHAVIOR]
8. Not visible
9. Not visible
10. Not visible

[VEHICLE IDENTIFICATION]
11. Not visible
12. Not visible
13. Not visible

[PEDESTRIAN & CHILD SAFETY]
14. Not visible
15. Not visible
16. Not visible
17. Not visible"
20260604T134116Z,AP_Gate_7_Camera_3_20260602T013000.jpg,,,dataset_20260603_063335/AP_Gate_7_Camera_3/AP_Gate_7_Camera_3_20260602T013000.jpg,vehicle_prompts,done,2026-06-04T13:41:54.109298+00:00,0.039,0.762,0.803,,nvidia/cosmos-reason2-8b,"### [GENERAL VEHICLE SAFETY]
1. Not visible
2. Not visible

### [COLLISIONS & NEAR MISSES]
3. Not visible
4. Not visible

### [PARKING & ACCESS VIOLATIONS]
5. Not visible
6. Not visible
7. Not visible

### [SUSPICIOUS VEHICLE BEHAVIOR]
8. Not visible
9. Not visible
10. Not visible

### [VEHICLE IDENTIFICATION]
11. Not visible
12. Not visible
13. Not visible

### [PEDESTRIAN & CHILD SAFETY]
14. Not visible
15. Not visible
16. Not visible
17. Not visible"
20260604T134116Z,AP_Gate_7_Camera_3_20260602T014500.jpg,,,dataset_20260603_063335/AP_Gate_7_Camera_3/AP_Gate_7_Camera_3_20260602T014500.jpg,vehicle_prompts,done,2026-06-04T13:41:54.180471+00:00,0.048,0.787,0.837,,nvidia/cosmos-reason2-8b,"[GENERAL VEHICLE SAFETY]
1. Not visible
2. Not visible

[COLLISIONS & NEAR MISSES]
3. Not visible
4. Not visible

[PARKING & ACCESS VIOLATIONS]
5. Not visible
6. Not visible
7. Not visible

[SUSPICIOUS VEHICLE BEHAVIOR]
8. Not visible
9. Not visible
10. Not visible

[VEHICLE IDENTIFICATION]
11. Not visible
12. Not visible
13. Not visible

[PEDESTRIAN & CHILD SAFETY]
14. Not visible
15. Not visible
16. Not visible
17. Not visible"
20260604T134116Z,AP_Gate_7_Camera_3_20260602T020000.jpg,,,dataset_20260603_063335/AP_Gate_7_Camera_3/AP_Gate_7_Camera_3_20260602T020000.jpg,vehicle_prompts,done,2026-06-04T13:41:54.506156+00:00,0.046,0.674,0.723,,nvidia/cosmos-reason2-8b,"### [GENERAL VEHICLE SAFETY]
1. Not visible
2. Not visible

### [COLLISIONS & NEAR MISSES]
3. Not visible
4. Not visible

### [PARKING & ACCESS VIOLATIONS]
5. Not visible
6. Not visible
7. Not visible

### [SUSPICIOUS VEHICLE BEHAVIOR]
8. Not visible
9. Not visible
10. Not visible

### [VEHICLE IDENTIFICATION]
11. Not visible
12. Not visible
13. Not visible

### [PEDESTRIAN & CHILD SAFETY]
14. Not visible
15. Not visible
16. Not visible
17. Not visible"
20260604T134116Z,AP_Gate_7_Camera_3_20260602T021500.jpg,,,dataset_20260603_063335/AP_Gate_7_Camera_3/AP_Gate_7_Camera_3_20260602T021500.jpg,vehicle_prompts,done,2026-06-04T13:41:54.655973+00:00,0.043,0.782,0.828,,nvidia/cosmos-reason2-8b,"[date]

[GENERAL VEHICLE SAFETY]
1. Not visible
2. Not visible

[COLLISIONS & NEAR MISSES]
3. Not visible
4. Not visible

[PARKING & ACCESS VIOLATIONS]
5. Not visible
6. Not visible
7. Not visible

[SUSPICIOUS VEHICLE BEHAVIOR]
8. Not visible
9. Not visible
10. Not visible

[VEHICLE IDENTIFICATION]
11. Not visible
12. Not visible
13. Not visible

[PEDESTRIAN & CHILD SAFETY]
14. Not visible
15. Not visible
16. Not visible
17. Not visible"
20260604T134116Z,AP_Gate_7_Camera_3_20260602T023000.jpg,,,dataset_20260603_063335/AP_Gate_7_Camera_3/AP_Gate_7_Camera_3_20260602T023000.jpg,vehicle_prompts,done,2026-06-04T13:41:54.915065+00:00,0.04,0.702,0.744,,nvidia/cosmos-reason2-8b,"### [GENERAL VEHICLE SAFETY]
1. Not visible
2. Not visible

### [COLLISIONS & NEAR MISSES]
3. Not visible
4. Not visible

### [PARKING & ACCESS VIOLATIONS]
5. Not visible
6. Not visible
7. Not visible

### [SUSPICIOUS VEHICLE BEHAVIOR]
8. Not visible
9. Not visible
10. Not visible

### [VEHICLE IDENTIFICATION]
11. Not visible
12. Not visible
13. Not visible

### [PEDESTRIAN & CHILD SAFETY]
14. Not visible
15. Not visible
16. Not visible
17. Not visible"
20260604T134116Z,AP_Gate_7_Camera_3_20260602T024500.jpg,,,dataset_20260603_063335/AP_Gate_7_Camera_3/AP_Gate_7_Camera_3_20260602T024500.jpg,vehicle_prompts,done,2026-06-04T13:41:55.020497+00:00,0.048,0.78,0.83,,nvidia/cosmos-reason2-8b,"[GENERAL VEHICLE SAFETY]
1. Not visible
2. Not visible

[COLLISIONS & NEAR MISSES]
3. Not visible
4. Not visible

[PARKING & ACCESS VIOLATIONS]
5. Not visible
6. Not visible
7. Not visible

[SUSPICIOUS VEHICLE BEHAVIOR]
8. Not visible
9. Not visible
10. Not visible

[VEHICLE IDENTIFICATION]
11. Not visible
12. Not visible
13. Not visible

[PEDESTRIAN & CHILD SAFETY]
14. Not visible
15. Not visible
16. Not visible
17. Not visible"
20260604T134116Z,AP_Gate_7_Camera_3_20260602T030000.jpg,,,dataset_20260603_063335/AP_Gate_7_Camera_3/AP_Gate_7_Camera_3_20260602T030000.jpg,vehicle_prompts,done,2026-06-04T13:41:55.231079+00:00,0.038,0.691,0.731,,nvidia/cosmos-reason2-8b,"### [GENERAL VEHICLE SAFETY]
1. Not visible
2. Not visible

### [COLLISIONS & NEAR MISSES]
3. Not visible
4. Not visible

### [PARKING & ACCESS VIOLATIONS]
5. Not visible
6. Not visible
7. Not visible

### [SUSPICIOUS VEHICLE BEHAVIOR]
8. Not visible
9. Not visible
10. Not visible

### [VEHICLE IDENTIFICATION]
11. Not visible
12. Not visible
13. Not visible

### [PEDESTRIAN & CHILD SAFETY]
14. Not visible
15. Not visible
16. Not visible
17. Not visible"
20260604T134116Z,AP_Gate_7_Camera_3_20260602T031500.jpg,,,dataset_20260603_063335/AP_Gate_7_Camera_3/AP_Gate_7_Camera_3_20260602T031500.jpg,vehicle_prompts,done,2026-06-04T13:41:55.486324+00:00,0.047,0.66,0.709,,nvidia/cosmos-reason2-8b,"### [GENERAL VEHICLE SAFETY]
1. Not visible
2. Not visible

### [COLLISIONS & NEAR MISSES]
3. Not visible
4. Not visible

### [PARKING & ACCESS VIOLATIONS]
5. Not visible
6. Not visible
7. Not visible

### [SUSPICIOUS VEHICLE BEHAVIOR]
8. Not visible
9. Not visible
10. Not visible

### [VEHICLE IDENTIFICATION]
11. Not visible
12. Not visible
13. Not visible

### [PEDESTRIAN & CHILD SAFETY]
14. Not visible
15. Not visible
16. Not visible
17. Not visible"
20260604T134116Z,AP_Gate_7_Camera_3_20260602T033000.jpg,,,dataset_20260603_063335/AP_Gate_7_Camera_3/AP_Gate_7_Camera_3_20260602T033000.jpg,vehicle_prompts,done,2026-06-04T13:41:55.662040+00:00,0.042,0.766,0.81,,nvidia/cosmos-reason2-8b,"[date]

[GENERAL VEHICLE SAFETY]
1. Not visible
2. Not visible

[COLLISIONS & NEAR MISSES]
3. Not visible
4. Not visible

[PARKING & ACCESS VIOLATIONS]
5. Not visible
6. Not visible
7. Not visible

[SUSPICIOUS VEHICLE BEHAVIOR]
8. Not visible
9. Not visible
10. Not visible

[VEHICLE IDENTIFICATION]
11. Not visible
12. Not visible
13. Not visible

[PEDESTRIAN & CHILD SAFETY]
14. Not visible
15. Not visible
16. Not visible
17. Not visible"
20260604T134116Z,AP_Gate_7_Camera_3_20260602T034500.jpg,,,dataset_20260603_063335/AP_Gate_7_Camera_3/AP_Gate_7_Camera_3_20260602T034500.jpg,vehicle_prompts,done,2026-06-04T13:41:55.853486+00:00,0.043,0.652,0.698,,nvidia/cosmos-reason2-8b,"[date]

[GENERAL VEHICLE SAFETY]
1. Not visible
2. Not visible

[COLLISIONS & NEAR MISSES]
3. Not visible
4. Not visible

[PARKING & ACCESS VIOLATIONS]
5. Not visible
6. Not visible
7. Not visible

[SUSPICIOUS VEHICLE BEHAVIOR]
8. Not visible
9. Not visible
10. Not visible

[VEHICLE IDENTIFICATION]
11. Not visible
12. Not visible
13. Not visible

[PEDESTRIAN & CHILD SAFETY]
14. Not visible
15. Not visible
16. Not visible
17. Not visible"
20260604T134116Z,AP_Gate_7_Camera_3_20260602T040000.jpg,,,dataset_20260603_063335/AP_Gate_7_Camera_3/AP_Gate_7_Camera_3_20260602T040000.jpg,vehicle_prompts,done,2026-06-04T13:41:55.965012+00:00,0.038,0.72,0.76,,nvidia/cosmos-reason2-8b,"### [GENERAL VEHICLE SAFETY]
1. Not visible
2. Not visible

### [COLLISIONS & NEAR MISSES]
3. Not visible
4. Not visible

### [PARKING & ACCESS VIOLATIONS]
5. Not visible
6. Not visible
7. Not visible

### [SUSPICIOUS VEHICLE BEHAVIOR]
8. Not visible
9. Not visible
10. Not visible

### [VEHICLE IDENTIFICATION]
11. Not visible
12. Not visible
13. Not visible

### [PEDESTRIAN & CHILD SAFETY]
14. Not visible
15. Not visible
16. Not visible
17. Not visible"
20260604T134116Z,AP_Gate_7_Camera_3_20260602T041500.jpg,,,dataset_20260603_063335/AP_Gate_7_Camera_3/AP_Gate_7_Camera_3_20260602T041500.jpg,vehicle_prompts,done,2026-06-04T13:41:56.198256+00:00,0.04,0.726,0.769,,nvidia/cosmos-reason2-8b,"[GENERAL VEHICLE SAFETY]
1. Not visible
2. Not visible

[COLLISIONS & NEAR MISSES]
3. Not visible
4. Not visible

[PARKING & ACCESS VIOLATIONS]
5. Not visible
6. Not visible
7. Not visible

[SUSPICIOUS VEHICLE BEHAVIOR]
8. Not visible
9. Not visible
10. Not visible

[VEHICLE IDENTIFICATION]
11. Not visible
12. Not visible
13. Not visible

[PEDESTRIAN & CHILD SAFETY]
14. Not visible
15. Not visible
16. Not visible
17. Not visible"
20260604T134116Z,AP_Gate_7_Camera_3_20260602T043000.jpg,,,dataset_20260603_063335/AP_Gate_7_Camera_3/AP_Gate_7_Camera_3_20260602T043000.jpg,vehicle_prompts,done,2026-06-04T13:41:56.474331+00:00,0.039,1.021,1.062,,nvidia/cosmos-reason2-8b,"### [GENERAL VEHICLE SAFETY]
1. Not visible
2. Not visible

### [COLLISIONS & NEAR MISSES]
3. Not visible
4. Not visible

### [PARKING & ACCESS VIOLATIONS]
5. Not visible
6. Not visible
7. Not visible

### [SUSPICIOUS VEHICLE BEHAVIOR]
8. Not visible
9. Not visible
10. Not visible

### [VEHICLE IDENTIFICATION]
11. Not visible
12. Not visible
13. Not visible

### [PEDESTRIAN & CHILD SAFETY]
14. Not visible
15. Not visible
16. Not visible
17. Not visible"
20260604T134116Z,AP_Gate_7_Camera_3_20260602T044500.jpg,,,dataset_20260603_063335/AP_Gate_7_Camera_3/AP_Gate_7_Camera_3_20260602T044500.jpg,vehicle_prompts,done,2026-06-04T13:41:56.553994+00:00,0.036,0.765,0.805,,nvidia/cosmos-reason2-8b,"[date]

[GENERAL VEHICLE SAFETY]
1. Not visible
2. Not visible

[COLLISIONS & NEAR MISSES]
3. Not visible
4. Not visible

[PARKING & ACCESS VIOLATIONS]
5. Not visible
6. Not visible
7. Not visible

[SUSPICIOUS VEHICLE BEHAVIOR]
8. Not visible
9. Not visible
10. Not visible

[VEHICLE IDENTIFICATION]
11. Not visible
12. Not visible
13. Not visible

[PEDESTRIAN & CHILD SAFETY]
14. Not visible
15. Not visible
16. Not visible
17. Not visible"
20260604T134116Z,AP_Gate_7_Camera_3_20260602T050000.jpg,,,dataset_20260603_063335/AP_Gate_7_Camera_3/AP_Gate_7_Camera_3_20260602T050000.jpg,vehicle_prompts,done,2026-06-04T13:41:56.727716+00:00,0.037,0.763,0.803,,nvidia/cosmos-reason2-8b,"[GENERAL VEHICLE SAFETY]
1. Not visible
2. Not visible

[COLLISIONS & NEAR MISSES]
3. Not visible
4. Not visible

[PARKING & ACCESS VIOLATIONS]
5. Not visible
6. Not visible
7. Not visible

[SUSPICIOUS VEHICLE BEHAVIOR]
8. Not visible
9. Not visible
10. Not visible

[VEHICLE IDENTIFICATION]
11. Not visible
12. Not visible
13. Not visible

[PEDESTRIAN & CHILD SAFETY]
14. Not visible
15. Not visible
16. Not visible
17. Not visible"
20260604T134116Z,AP_Gate_7_Camera_3_20260602T051500.jpg,,,dataset_20260603_063335/AP_Gate_7_Camera_3/AP_Gate_7_Camera_3_20260602T051500.jpg,vehicle_prompts,done,2026-06-04T13:41:56.969564+00:00,0.047,0.7,0.75,,nvidia/cosmos-reason2-8b,"[GENERAL VEHICLE SAFETY]
1. Not visible
2. Not visible

[COLLISIONS & NEAR MISSES]
3. Not visible
4. Not visible

[PARKING & ACCESS VIOLATIONS]
5. Not visible
6. Not visible
7. Not visible

[SUSPICIOUS VEHICLE BEHAVIOR]
8. Not visible
9. Not visible
10. Not visible

[VEHICLE IDENTIFICATION]
11. Not visible
12. Not visible
13. Not visible

[PEDESTRIAN & CHILD SAFETY]
14. Not visible
15. Not visible
16. Not visible
17. Not visible"
20260604T134116Z,AP_Gate_7_Camera_3_20260602T053000.jpg,,,dataset_20260603_063335/AP_Gate_7_Camera_3/AP_Gate_7_Camera_3_20260602T053000.jpg,vehicle_prompts,done,2026-06-04T13:41:57.362199+00:00,0.044,0.647,0.693,,nvidia/cosmos-reason2-8b,"[GENERAL VEHICLE SAFETY]
1. Not visible
2. Not visible

[COLLISIONS & NEAR MISSES]
3. Not visible
4. Not visible

[PARKING & ACCESS VIOLATIONS]
5. Not visible
6. Not visible
7. Not visible

[SUSPICIOUS VEHICLE BEHAVIOR]
8. Not visible
9. Not visible
10. Not visible

[VEHICLE IDENTIFICATION]
11. Not visible
12. Not visible
13. Not visible

[PEDESTRIAN & CHILD SAFETY]
14. Not visible
15. Not visible
16. Not visible
17. Not visible"
20260604T134116Z,AP_Gate_7_Camera_3_20260602T054500.jpg,,,dataset_20260603_063335/AP_Gate_7_Camera_3/AP_Gate_7_Camera_3_20260602T054500.jpg,vehicle_prompts,done,2026-06-04T13:41:57.532841+00:00,0.05,1.075,1.129,,nvidia/cosmos-reason2-8b,"[date]

[GENERAL VEHICLE SAFETY]
1. Not visible
2. Not visible

[COLLISIONS & NEAR MISSES]
3. Not visible
4. Not visible

[PARKING & ACCESS VIOLATIONS]
5. Not visible
6. Not visible
7. Not visible

[SUSPICIOUS VEHICLE BEHAVIOR]
8. Not visible
9. Not visible
10. Not visible

[VEHICLE IDENTIFICATION]
11. Not visible
12. Not visible
13. Not visible

[PEDESTRIAN & CHILD SAFETY]
14. Not visible
15. Not visible
16. Not visible
17. Not visible"
20260604T134116Z,AP_Gate_7_Camera_3_20260602T060000.jpg,,,dataset_20260603_063335/AP_Gate_7_Camera_3/AP_Gate_7_Camera_3_20260602T060000.jpg,vehicle_prompts,done,2026-06-04T13:41:57.583952+00:00,0.047,0.886,0.935,,nvidia/cosmos-reason2-8b,"[GENERAL VEHICLE SAFETY]
1. Not visible
2. Not visible

[COLLISIONS & NEAR MISSES]
3. Not visible
4. Not visible

[PARKING & ACCESS VIOLATIONS]
5. Not visible
6. Not visible
7. Not visible

[SUSPICIOUS VEHICLE BEHAVIOR]
8. Not visible
9. Not visible
10. Not visible

[VEHICLE IDENTIFICATION]
11. Not visible
12. Not visible
13. Not visible

[PEDESTRIAN & CHILD SAFETY]
14. Not visible
15. Not visible
16. Not visible
17. Not visible"
20260604T134116Z,AP_Gate_7_Camera_3_20260602T061500.jpg,,,dataset_20260603_063335/AP_Gate_7_Camera_3/AP_Gate_7_Camera_3_20260602T061500.jpg,vehicle_prompts,done,2026-06-04T13:41:57.721902+00:00,0.041,0.844,0.887,,nvidia/cosmos-reason2-8b,"### [GENERAL VEHICLE SAFETY]
1. Not visible
2. Not visible

### [COLLISIONS & NEAR MISSES]
3. Not visible
4. Not visible

### [PARKING & ACCESS VIOLATIONS]
5. Not visible
6. Not visible
7. Not visible

### [SUSPICIOUS VEHICLE BEHAVIOR]
8. Not visible
9. Not visible
10. Not visible

### [VEHICLE IDENTIFICATION]
11. Not visible
12. Not visible
13. Not visible

### [PEDESTRIAN & CHILD SAFETY]
14. Not visible
15. Not visible
16. Not visible
17. Not visible"
20260604T134116Z,AP_Gate_7_Camera_3_20260602T063000.jpg,,,dataset_20260603_063335/AP_Gate_7_Camera_3/AP_Gate_7_Camera_3_20260602T063000.jpg,vehicle_prompts,done,2026-06-04T13:41:58.058068+00:00,0.041,0.749,0.793,,nvidia/cosmos-reason2-8b,"[GENERAL VEHICLE SAFETY]
1. Not visible
2. Not visible

[COLLISIONS & NEAR MISSES]
3. Not visible
4. Not visible

[PARKING & ACCESS VIOLATIONS]
5. Not visible
6. Not visible
7. Not visible

[SUSPICIOUS VEHICLE BEHAVIOR]
8. Not visible
9. Not visible
10. Not visible

[VEHICLE IDENTIFICATION]
11. Not visible
12. Not visible
13. Not visible

[PEDESTRIAN & CHILD SAFETY]
14. Not visible
15. Not visible
16. Not visible
17. Not visible"
20260604T134116Z,AP_Gate_7_Camera_3_20260602T064500.jpg,,,dataset_20260603_063335/AP_Gate_7_Camera_3/AP_Gate_7_Camera_3_20260602T064500.jpg,vehicle_prompts,done,2026-06-04T13:41:58.521887+00:00,0.038,0.954,0.995,,nvidia/cosmos-reason2-8b,"[GENERAL VEHICLE SAFETY]
1. Not visible
2. Not visible

[COLLISIONS & NEAR MISSES]
3. Not visible
4. Not visible

[PARKING & ACCESS VIOLATIONS]
5. Not visible
6. Not visible
7. Not visible

[SUSPICIOUS VEHICLE BEHAVIOR]
8. Not visible
9. Not visible
10. Not visible

[VEHICLE IDENTIFICATION]
11. Not visible
12. Not visible
13. Not visible

[PEDESTRIAN & CHILD SAFETY]
14. Not visible
15. Not visible
16. Not visible
17. Not visible"
20260604T134116Z,AP_Gate_7_Camera_3_20260602T070000.jpg,,,dataset_20260603_063335/AP_Gate_7_Camera_3/AP_Gate_7_Camera_3_20260602T070000.jpg,vehicle_prompts,done,2026-06-04T13:41:58.611347+00:00,0.036,1.145,1.198,,nvidia/cosmos-reason2-8b,"[GENERAL VEHICLE SAFETY]
1. Not visible
2. Not visible

[COLLISIONS & NEAR MISSES]
3. Not visible
4. Not visible

[PARKING & ACCESS VIOLATIONS]
5. Not visible
6. Not visible
7. Not visible

[SUSPICIOUS VEHICLE BEHAVIOR]
8. Not visible
9. Not visible
10. Not visible

[VEHICLE IDENTIFICATION]
11. Not visible
12. Not visible
13. Not visible

[PEDESTRIAN & CHILD SAFETY]
14. Not visible
15. Not visible
16. Not visible
17. Not visible"
20260604T134116Z,AP_Gate_7_Camera_3_20260602T071500.jpg,,,dataset_20260603_063335/AP_Gate_7_Camera_3/AP_Gate_7_Camera_3_20260602T071500.jpg,vehicle_prompts,done,2026-06-04T13:41:58.665783+00:00,0.04,0.751,0.793,,nvidia/cosmos-reason2-8b,"[date]

[GENERAL VEHICLE SAFETY]
1. Not visible
2. Not visible

[COLLISIONS & NEAR MISSES]
3. Not visible
4. Not visible

[PARKING & ACCESS VIOLATIONS]
5. Not visible
6. Not visible
7. Not visible

[SUSPICIOUS VEHICLE BEHAVIOR]
8. Not visible
9. Not visible
10. Not visible

[VEHICLE IDENTIFICATION]
11. Not visible
12. Not visible
13. Not visible

[PEDESTRIAN & CHILD SAFETY]
14. Not visible
15. Not visible
16. Not visible
17. Not visible"
20260604T134116Z,AP_Gate_7_Camera_3_20260602T073000.jpg,,,dataset_20260603_063335/AP_Gate_7_Camera_3/AP_Gate_7_Camera_3_20260602T073000.jpg,vehicle_prompts,done,2026-06-04T13:41:58.853343+00:00,0.045,0.833,0.88,,nvidia/cosmos-reason2-8b," GENERAL VEHICLE SAFETY
1. Not visible
2. Not visible

COLLISIONS & NEAR MISSES
3. Not visible
4. Not visible

PARKING & ACCESS VIOLATIONS
5. Not visible
6. Not visible
7. Not visible

SUSPICIOUS VEHICLE BEHAVIOR
8. Not visible
9. Not visible
10. Not visible

VEHICLE IDENTIFICATION
11. Not visible
12. Not visible
13. Not visible

PEDESTRIAN & CHILD SAFETY
14. Not visible
15. Not visible
16. Not visible
17. Not visible"
20260604T134116Z,AP_Gate_7_Camera_3_20260602T074500.jpg,,,dataset_20260603_063335/AP_Gate_7_Camera_3/AP_Gate_7_Camera_3_20260602T074500.jpg,vehicle_prompts,done,2026-06-04T13:41:59.461992+00:00,0.047,0.72,0.77,,nvidia/cosmos-reason2-8b,"### [GENERAL VEHICLE SAFETY]
1. Not visible
2. Not visible

### [COLLISIONS & NEAR MISSES]
3. Not visible
4. Not visible

### [PARKING & ACCESS VIOLATIONS]
5. Not visible
6. Not visible
7. Not visible

### [SUSPICIOUS VEHICLE BEHAVIOR]
8. Not visible
9. Not visible
10. Not visible

### [VEHICLE IDENTIFICATION]
11. Not visible
12. Not visible
13. Not visible

### [PEDESTRIAN & CHILD SAFETY]
14. Not visible
15. Not visible
16. Not visible
17. Not visible"
20260604T134116Z,AP_Gate_7_Camera_3_20260602T080000.jpg,,,dataset_20260603_063335/AP_Gate_7_Camera_3/AP_Gate_7_Camera_3_20260602T080000.jpg,vehicle_prompts,done,2026-06-04T13:41:59.519439+00:00,0.043,0.83,0.875,,nvidia/cosmos-reason2-8b,"[GENERAL VEHICLE SAFETY]
1. Not visible
2. Not visible

[COLLISIONS & NEAR MISSES]
3. Not visible
4. Not visible

[PARKING & ACCESS VIOLATIONS]
5. Not visible
6. Not visible
7. Not visible

[SUSPICIOUS VEHICLE BEHAVIOR]
8. Not visible
9. Not visible
10. Not visible

[VEHICLE IDENTIFICATION]
11. Not visible
12. Not visible
13. Not visible

[PEDESTRIAN & CHILD SAFETY]
14. Not visible
15. Not visible
16. Not visible
17. Not visible"
20260604T134116Z,AP_Gate_7_Camera_3_20260602T081500.jpg,,,dataset_20260603_063335/AP_Gate_7_Camera_3/AP_Gate_7_Camera_3_20260602T081500.jpg,vehicle_prompts,done,2026-06-04T13:41:59.736122+00:00,0.031,0.894,0.928,,nvidia/cosmos-reason2-8b,"[date]

[GENERAL VEHICLE SAFETY]
1. Not visible
2. Not visible

[COLLISIONS & NEAR MISSES]
3. Not visible
4. Not visible

[PARKING & ACCESS VIOLATIONS]
5. Not visible
6. Not visible
7. Not visible

[SUSPICIOUS VEHICLE BEHAVIOR]
8. Not visible
9. Not visible
10. Not visible

[VEHICLE IDENTIFICATION]
11. Not visible
12. Not visible
13. Not visible

[PEDESTRIAN & CHILD SAFETY]
14. Not visible
15. Not visible
16. Not visible
17. Not visible"
20260604T134116Z,AP_Gate_7_Camera_3_20260602T083000.jpg,,,dataset_20260603_063335/AP_Gate_7_Camera_3/AP_Gate_7_Camera_3_20260602T083000.jpg,vehicle_prompts,done,2026-06-04T13:41:59.811176+00:00,0.035,1.016,1.054,,nvidia/cosmos-reason2-8b,"[date]

[GENERAL VEHICLE SAFETY]
1. Not visible
2. Not visible

[COLLISIONS & NEAR MISSES]
3. Not visible
4. Not visible

[PARKING & ACCESS VIOLATIONS]
5. Not visible
6. Not visible
7. Not visible

[SUSPICIOUS VEHICLE BEHAVIOR]
8. Not visible
9. Not visible
10. Not visible

[VEHICLE IDENTIFICATION]
11. Not visible
12. Not visible
13. Not visible

[PEDESTRIAN & CHILD SAFETY]
14. Not visible
15. Not visible
16. Not visible
17. Not visible"
20260604T134116Z,AP_Gate_7_Camera_3_20260602T084500.jpg,,,dataset_20260603_063335/AP_Gate_7_Camera_3/AP_Gate_7_Camera_3_20260602T084500.jpg,vehicle_prompts,done,2026-06-04T13:42:00.234658+00:00,0.055,0.701,0.759,,nvidia/cosmos-reason2-8b,"[date]

[GENERAL VEHICLE SAFETY]
1. Not visible
2. Not visible

[COLLISIONS & NEAR MISSES]
3. Not visible
4. Not visible

[PARKING & ACCESS VIOLATIONS]
5. Not visible
6. Not visible
7. Not visible

[SUSPICIOUS VEHICLE BEHAVIOR]
8. Not visible
9. Not visible
10. Not visible

[VEHICLE IDENTIFICATION]
11. Not visible
12. Not visible
13. Not visible

[PEDESTRIAN & CHILD SAFETY]
14. Not visible
15. Not visible
16. Not visible
17. Not visible"
20260604T134116Z,AP_Gate_7_Camera_3_20260602T090000.jpg,,,dataset_20260603_063335/AP_Gate_7_Camera_3/AP_Gate_7_Camera_3_20260602T090000.jpg,vehicle_prompts,done,2026-06-04T13:42:00.397023+00:00,0.039,0.807,0.848,,nvidia/cosmos-reason2-8b,"[GENERAL VEHICLE SAFETY]
1. Not visible
2. Not visible

[COLLISIONS & NEAR MISSES]
3. Not visible
4. Not visible

[PARKING & ACCESS VIOLATIONS]
5. Not visible
6. Not visible
7. Not visible

[SUSPICIOUS VEHICLE BEHAVIOR]
8. Not visible
9. Not visible
10. Not visible

[VEHICLE IDENTIFICATION]
11. Not visible
12. 4142ZSH
13. White, SUV, Ford

[PEDESTRIAN & CHILD SAFETY]
14. Not visible
15. Not visible
16. Not visible
17. Not visible"
20260604T134116Z,AP_Gate_7_Camera_3_20260602T091500.jpg,,,dataset_20260603_063335/AP_Gate_7_Camera_3/AP_Gate_7_Camera_3_20260602T091500.jpg,vehicle_prompts,done,2026-06-04T13:42:00.667281+00:00,0.047,0.781,0.831,,nvidia/cosmos-reason2-8b,"[GENERAL VEHICLE SAFETY]
1. Not visible
2. Not visible

[COLLISIONS & NEAR MISSES]
3. Not visible
4. Not visible

[PARKING & ACCESS VIOLATIONS]
5. Not visible
6. Not visible
7. Not visible

[SUSPICIOUS VEHICLE BEHAVIOR]
8. Not visible
9. Not visible
10. Not visible

[VEHICLE IDENTIFICATION]
11. Not visible
12. 1E47539
13. White, Ford, SUV
14. Not visible
15. Not visible
16. Not visible
17. Not visible"
20260604T134116Z,AP_Gate_7_Camera_3_20260602T093000.jpg,,,dataset_20260603_063335/AP_Gate_7_Camera_3/AP_Gate_7_Camera_3_20260602T093000.jpg,vehicle_prompts,done,2026-06-04T13:42:00.867507+00:00,0.048,0.7,0.75,,nvidia/cosmos-reason2-8b,"[GENERAL VEHICLE SAFETY]
1. Not visible
2. Not visible

[COLLISIONS & NEAR MISSES]
3. Not visible
4. Not visible

[PARKING & ACCESS VIOLATIONS]
5. Not visible
6. Not visible
7. Not visible

[SUSPICIOUS VEHICLE BEHAVIOR]
8. Not visible
9. Not visible
10. Not visible

[VEHICLE IDENTIFICATION]
11. Not visible
12. Not visible
13. Not visible

[PEDESTRIAN & CHILD SAFETY]
14. Not visible
15. Not visible
16. Not visible
17. Not visible"
20260604T134116Z,AP_Gate_7_Camera_3_20260602T094500.jpg,,,dataset_20260603_063335/AP_Gate_7_Camera_3/AP_Gate_7_Camera_3_20260602T094500.jpg,vehicle_prompts,done,2026-06-04T13:42:00.995879+00:00,0.041,0.768,0.812,,nvidia/cosmos-reason2-8b,"[GENERAL VEHICLE SAFETY]
1. Not visible
2. Not visible

[COLLISIONS & NEAR MISSES]
3. Not visible
4. Not visible

[PARKING & ACCESS VIOLATIONS]
5. Not visible
6. Not visible
7. Not visible

[SUSPICIOUS VEHICLE BEHAVIOR]
8. Not visible
9. Not visible
10. Not visible

[VEHICLE IDENTIFICATION]
11. Not visible
12. Not visible
13. Not visible

[PEDESTRIAN & CHILD SAFETY]
14. Not visible
15. Not visible
16. Not visible
17. Not visible"
20260604T134116Z,AP_Gate_7_Camera_3_20260602T100000.jpg,,,dataset_20260603_063335/AP_Gate_7_Camera_3/AP_Gate_7_Camera_3_20260602T100000.jpg,vehicle_prompts,done,2026-06-04T13:42:01.248551+00:00,0.05,0.674,0.726,,nvidia/cosmos-reason2-8b,"[GENERAL VEHICLE SAFETY]
1. Not visible
2. Not visible

[COLLISIONS & NEAR MISSES]
3. Not visible
4. Not visible

[PARKING & ACCESS VIOLATIONS]
5. Not visible
6. Not visible
7. Not visible

[SUSPICIOUS VEHICLE BEHAVIOR]
8. Not visible
9. Not visible
10. Not visible

[VEHICLE IDENTIFICATION]
11. Not visible
12. Not visible
13. Not visible

[PEDESTRIAN & CHILD SAFETY]
14. Not visible
15. Not visible
16. Not visible
17. Not visible"
20260604T134116Z,AP_Gate_7_Camera_3_20260602T101500.jpg,,,dataset_20260603_063335/AP_Gate_7_Camera_3/AP_Gate_7_Camera_3_20260602T101500.jpg,vehicle_prompts,done,2026-06-04T13:42:01.500331+00:00,0.049,0.697,0.749,,nvidia/cosmos-reason2-8b,"[GENERAL VEHICLE SAFETY]
1. Not visible
2. Not visible

[COLLISIONS & NEAR MISSES]
3. Not visible
4. Not visible

[PARKING & ACCESS VIOLATIONS]
5. Not visible
6. Not visible
7. Not visible

[SUSPICIOUS VEHICLE BEHAVIOR]
8. Not visible
9. Not visible
10. Not visible

[VEHICLE IDENTIFICATION]
11. Not visible
12. Not visible
13. Not visible

[PEDESTRIAN & CHILD SAFETY]
14. Not visible
15. Not visible
16. Not visible
17. Not visible"
20260604T134116Z,AP_Gate_7_Camera_3_20260602T103000.jpg,,,dataset_20260603_063335/AP_Gate_7_Camera_3/AP_Gate_7_Camera_3_20260602T103000.jpg,vehicle_prompts,done,2026-06-04T13:42:01.619950+00:00,0.044,0.706,0.753,,nvidia/cosmos-reason2-8b,"[GENERAL VEHICLE SAFETY]
1. Not visible
2. Not visible

[COLLISIONS & NEAR MISSES]
3. Not visible
4. Not visible

[PARKING & ACCESS VIOLATIONS]
5. Not visible
6. Not visible
7. Not visible

[SUSPICIOUS VEHICLE BEHAVIOR]
8. Not visible
9. Not visible
10. Not visible

[VEHICLE IDENTIFICATION]
11. Not visible
12. Not visible
13. Not visible

[PEDESTRIAN & CHILD SAFETY]
14. Not visible
15. Not visible
16. Not visible
17. Not visible"
20260604T134116Z,AP_Gate_7_Camera_3_20260602T104500.jpg,,,dataset_20260603_063335/AP_Gate_7_Camera_3/AP_Gate_7_Camera_3_20260602T104500.jpg,vehicle_prompts,done,2026-06-04T13:42:01.809868+00:00,0.04,0.883,0.925,,nvidia/cosmos-reason2-8b,"[GENERAL VEHICLE SAFETY]
1. Not visible
2. Not visible

[COLLISIONS & NEAR MISSES]
3. Not visible
4. Not visible

[PARKING & ACCESS VIOLATIONS]
5. Not visible
6. Not visible
7. Not visible

[SUSPICIOUS VEHICLE BEHAVIOR]
8. Not visible
9. Not visible
10. Not visible

[VEHICLE IDENTIFICATION]
11. Not visible
12. Not visible
13. White; pickup truck; truck bed with a black liner and a white toolbox on top

[PEDESTRIAN & CHILD SAFETY]
14. Not visible
15. Not visible
16. Not visible
17. Not visible"
20260604T134116Z,AP_Gate_7_Camera_3_20260602T110000.jpg,,,dataset_20260603_063335/AP_Gate_7_Camera_3/AP_Gate_7_Camera_3_20260602T110000.jpg,vehicle_prompts,done,2026-06-04T13:42:01.977400+00:00,0.042,0.846,0.891,,nvidia/cosmos-reason2-8b,"[GENERAL VEHICLE SAFETY]
1. Not visible
2. Not visible

[COLLISIONS & NEAR MISSES]
3. Not visible
4. Not visible

[PARKING & ACCESS VIOLATIONS]
5. Not visible
6. Not visible
7. Not visible

[SUSPICIOUS VEHICLE BEHAVIOR]
8. Not visible
9. Not visible
10. Not visible

[VEHICLE IDENTIFICATION]
11. Not visible
12. Not visible
13. Not visible

[PEDESTRIAN & CHILD SAFETY]
14. Not visible
15. Not visible
16. Not visible
17. Not visible"
20260604T134116Z,AP_Gate_7_Camera_3_20260602T111500.jpg,,,dataset_20260603_063335/AP_Gate_7_Camera_3/AP_Gate_7_Camera_3_20260602T111500.jpg,vehicle_prompts,done,2026-06-04T13:42:02.252138+00:00,0.047,0.721,0.771,,nvidia/cosmos-reason2-8b,"[GENERAL VEHICLE SAFETY]
1. Not visible
2. Not visible

[COLLISIONS & NEAR MISSES]
3. Not visible
4. Not visible

[PARKING & ACCESS VIOLATIONS]
5. Not visible
6. Not visible
7. Not visible

[SUSPICIOUS VEHICLE BEHAVIOR]
8. Not visible
9. Not visible
10. Not visible

[VEHICLE IDENTIFICATION]
11. Not visible
12. Not visible
13. Not visible

[PEDESTRIAN & CHILD SAFETY]
14. Not visible
15. Not visible
16. Not visible
17. Not visible"
20260604T134116Z,AP_Gate_7_Camera_3_20260602T113000.jpg,,,dataset_20260603_063335/AP_Gate_7_Camera_3/AP_Gate_7_Camera_3_20260602T113000.jpg,vehicle_prompts,done,2026-06-04T13:42:02.375302+00:00,0.042,0.773,0.818,,nvidia/cosmos-reason2-8b,"[GENERAL VEHICLE SAFETY]
1. Not visible
2. Not visible

[COLLISIONS & NEAR MISSES]
3. Not visible
4. Not visible

[PARKING & ACCESS VIOLATIONS]
5. Not visible
6. Not visible
7. Not visible

[SUSPICIOUS VEHICLE BEHAVIOR]
8. Not visible
9. Not visible
10. Not visible

[VEHICLE IDENTIFICATION]
11. Not visible
12. Not visible
13. Not visible

[PEDESTRIAN & CHILD SAFETY]
14. Not visible
15. Not visible
16. Not visible
17. Not visible"
20260604T134116Z,AP_Gate_7_Camera_3_20260602T114500.jpg,,,dataset_20260603_063335/AP_Gate_7_Camera_3/AP_Gate_7_Camera_3_20260602T114500.jpg,vehicle_prompts,done,2026-06-04T13:42:02.739062+00:00,0.046,0.652,0.701,,nvidia/cosmos-reason2-8b,"[GENERAL VEHICLE SAFETY]
1. Not visible
2. Not visible

[COLLISIONS & NEAR MISSES]
3. Not visible
4. Not visible

[PARKING & ACCESS VIOLATIONS]
5. Not visible
6. Not visible
7. Not visible

[SUSPICIOUS VEHICLE BEHAVIOR]
8. Not visible
9. Not visible
10. Not visible

[VEHICLE IDENTIFICATION]
11. Not visible
12. Not visible
13. Not visible

[PEDESTRIAN & CHILD SAFETY]
14. Not visible
15. Not visible
16. Not visible
17. Not visible"
20260604T134116Z,AP_Gate_7_Camera_3_20260602T120000.jpg,,,dataset_20260603_063335/AP_Gate_7_Camera_3/AP_Gate_7_Camera_3_20260602T120000.jpg,vehicle_prompts,done,2026-06-04T13:42:02.870572+00:00,0.045,0.713,0.771,,nvidia/cosmos-reason2-8b,"[GENERAL VEHICLE SAFETY]
1. Not visible
2. Not visible

[COLLISIONS & NEAR MISSES]
3. Not visible
4. Not visible

[PARKING & ACCESS VIOLATIONS]
5. Not visible
6. Not visible
7. Not visible

[SUSPICIOUS VEHICLE BEHAVIOR]
8. Not visible
9. Not visible
10. Not visible

[VEHICLE IDENTIFICATION]
11. Not visible
12. Not visible
13. Not visible

[PEDESTRIAN & CHILD SAFETY]
14. Not visible
15. Not visible
16. Not visible
17. Not visible"
20260604T134116Z,AP_Gate_7_Camera_3_20260602T121500.jpg,,,dataset_20260603_063335/AP_Gate_7_Camera_3/AP_Gate_7_Camera_3_20260602T121500.jpg,vehicle_prompts,done,2026-06-04T13:42:03.025753+00:00,0.043,0.79,0.835,,nvidia/cosmos-reason2-8b,"[GENERAL VEHICLE SAFETY]
1. Not visible
2. Not visible

[COLLISIONS & NEAR MISSES]
3. Not visible
4. Not visible

[PARKING & ACCESS VIOLATIONS]
5. Not visible
6. Not visible
7. Not visible

[SUSPICIOUS VEHICLE BEHAVIOR]
8. Not visible
9. Not visible
10. Not visible

[VEHICLE IDENTIFICATION]
11. Not visible
12. Not visible
13. Not visible

[PEDESTRIAN & CHILD SAFETY]
14. Not visible
15. Not visible
16. Not visible
17. Not visible"
20260604T134116Z,AP_Gate_7_Camera_3_20260602T123000.jpg,,,dataset_20260603_063335/AP_Gate_7_Camera_3/AP_Gate_7_Camera_3_20260602T123000.jpg,vehicle_prompts,done,2026-06-04T13:42:03.195900+00:00,0.049,0.881,0.932,,nvidia/cosmos-reason2-8b,"[GENERAL VEHICLE SAFETY]
1. Not visible
2. Not visible

[COLLISIONS & NEAR MISSES]
3. Not visible
4. Not visible

[PARKING & ACCESS VIOLATIONS]
5. Not visible
6. Not visible
7. Not visible

[SUSPICIOUS VEHICLE BEHAVIOR]
8. Not visible
9. Not visible
10. Not visible

[VEHICLE IDENTIFICATION]
11. Not visible
12. Not visible
13. Not visible

[PEDESTRIAN & CHILD SAFETY]
14. Not visible
15. Not visible
16. Not visible
17. Not visible"
20260604T134116Z,AP_Gate_7_Camera_3_20260602T124500.jpg,,,dataset_20260603_063335/AP_Gate_7_Camera_3/AP_Gate_7_Camera_3_20260602T124500.jpg,vehicle_prompts,done,2026-06-04T13:42:03.443616+00:00,0.045,0.735,0.783,,nvidia/cosmos-reason2-8b,"[GENERAL VEHICLE SAFETY]
1. Not visible
2. Not visible

[COLLISIONS & NEAR MISSES]
3. Not visible
4. Not visible

[PARKING & ACCESS VIOLATIONS]
5. Not visible
6. Not visible
7. Not visible

[SUSPICIOUS VEHICLE BEHAVIOR]
8. Not visible
9. Not visible
10. Not visible

[VEHICLE IDENTIFICATION]
11. Not visible
12. Not visible
13. Not visible

[PEDESTRIAN & CHILD SAFETY]
14. Not visible
15. Not visible
16. Not visible
17. Not visible"
20260604T134116Z,AP_Gate_7_Camera_3_20260602T130000.jpg,,,dataset_20260603_063335/AP_Gate_7_Camera_3/AP_Gate_7_Camera_3_20260602T130000.jpg,vehicle_prompts,done,2026-06-04T13:42:03.644339+00:00,0.048,0.768,0.819,,nvidia/cosmos-reason2-8b,"[GENERAL VEHICLE SAFETY]
1. Not visible
2. Not visible

[COLLISIONS & NEAR MISSES]
3. Not visible
4. Not visible

[PARKING & ACCESS VIOLATIONS]
5. Not visible
6. Not visible
7. Not visible

[SUSPICIOUS VEHICLE BEHAVIOR]
8. Not visible
9. Not visible
10. Not visible

[VEHICLE IDENTIFICATION]
11. Not visible
12. Not visible
13. Not visible

[PEDESTRIAN & CHILD SAFETY]
14. Not visible
15. Not visible
16. Not visible
17. Not visible"
20260604T134116Z,AP_Gate_7_Camera_3_20260602T131500.jpg,,,dataset_20260603_063335/AP_Gate_7_Camera_3/AP_Gate_7_Camera_3_20260602T131500.jpg,vehicle_prompts,done,2026-06-04T13:42:03.863884+00:00,0.04,0.684,0.728,,nvidia/cosmos-reason2-8b,"[GENERAL VEHICLE SAFETY]
1. Not visible
2. Not visible

[COLLISIONS & NEAR MISSES]
3. Not visible
4. Not visible

[PARKING & ACCESS VIOLATIONS]
5. Not visible
6. Not visible
7. Not visible

[SUSPICIOUS VEHICLE BEHAVIOR]
8. Not visible
9. Not visible
10. Not visible

[VEHICLE IDENTIFICATION]
11. Not visible
12. Not visible
13. Not visible

[PEDESTRIAN & CHILD SAFETY]
14. Not visible
15. Not visible
16. Not visible
17. Not visible"
20260604T134116Z,AP_Gate_7_Camera_3_20260602T133000.jpg,,,dataset_20260603_063335/AP_Gate_7_Camera_3/AP_Gate_7_Camera_3_20260602T133000.jpg,vehicle_prompts,done,2026-06-04T13:42:04.130155+00:00,0.039,0.695,0.737,,nvidia/cosmos-reason2-8b,"[GENERAL VEHICLE SAFETY]
1. Not visible
2. Not visible

[COLLISIONS & NEAR MISSES]
3. Not visible
4. Not visible

[PARKING & ACCESS VIOLATIONS]
5. Not visible
6. Not visible
7. Not visible

[SUSPICIOUS VEHICLE BEHAVIOR]
8. Not visible
9. Not visible
10. Not visible

[VEHICLE IDENTIFICATION]
11. Not visible
12. Not visible
13. Not visible

[PEDESTRIAN & CHILD SAFETY]
14. Not visible
15. Not visible
16. Not visible
17. Not visible"
20260604T134116Z,AP_Gate_7_Camera_3_20260602T134500.jpg,,,dataset_20260603_063335/AP_Gate_7_Camera_3/AP_Gate_7_Camera_3_20260602T134500.jpg,vehicle_prompts,done,2026-06-04T13:42:04.228388+00:00,0.048,0.709,0.76,,nvidia/cosmos-reason2-8b,"[GENERAL VEHICLE SAFETY]
1. Not visible
2. Not visible

[COLLISIONS & NEAR MISSES]
3. Not visible
4. Not visible

[PARKING & ACCESS VIOLATIONS]
5. Not visible
6. Not visible
7. Not visible

[SUSPICIOUS VEHICLE BEHAVIOR]
8. Not visible
9. Not visible
10. Not visible

[VEHICLE IDENTIFICATION]
11. Not visible
12. Not visible
13. Not visible

[PEDESTRIAN & CHILD SAFETY]
14. Not visible
15. Not visible
16. Not visible
17. Not visible"
20260604T134116Z,AP_Gate_7_Camera_3_20260602T140000.jpg,,,dataset_20260603_063335/AP_Gate_7_Camera_3/AP_Gate_7_Camera_3_20260602T140000.jpg,vehicle_prompts,done,2026-06-04T13:42:04.466075+00:00,0.043,0.814,0.86,,nvidia/cosmos-reason2-8b,"### GENERAL VEHICLE SAFETY
1. Not visible
2. Not visible

### COLLISIONS & NEAR MISSES
3. Not visible
4. Not visible

### PARKING & ACCESS VIOLATIONS
5. Not visible
6. Not visible
7. Not visible

### SUSPICIOUS VEHICLE BEHAVIOR
8. Not visible
9. Not visible
10. Not visible

### VEHICLE IDENTIFICATION
11. Not visible
12. Not visible
13. Not visible

### PEDESTRIAN & CHILD SAFETY
14. Not visible
15. Not visible
16. Not visible
17. Not visible"
20260604T134116Z,AP_Gate_7_Camera_3_20260602T141500.jpg,,,dataset_20260603_063335/AP_Gate_7_Camera_3/AP_Gate_7_Camera_3_20260602T141500.jpg,vehicle_prompts,done,2026-06-04T13:42:04.593998+00:00,0.045,0.754,0.802,,nvidia/cosmos-reason2-8b,"[GENERAL VEHICLE SAFETY]
1. Not visible
2. Not visible

[COLLISIONS & NEAR MISSES]
3. Not visible
4. Not visible

[PARKING & ACCESS VIOLATIONS]
5. Not visible
6. Not visible
7. Not visible

[SUSPICIOUS VEHICLE BEHAVIOR]
8. Not visible
9. Not visible
10. Not visible

[VEHICLE IDENTIFICATION]
11. Not visible
12. Not visible
13. Not visible

[PEDESTRIAN & CHILD SAFETY]
14. Not visible
15. Not visible
16. Not visible
17. Not visible"
20260604T134116Z,AP_Gate_7_Camera_3_20260602T143000.jpg,,,dataset_20260603_063335/AP_Gate_7_Camera_3/AP_Gate_7_Camera_3_20260602T143000.jpg,vehicle_prompts,done,2026-06-04T13:42:04.870170+00:00,0.046,0.745,0.794,,nvidia/cosmos-reason2-8b,"[GENERAL VEHICLE SAFETY]
1. Not visible
2. Not visible

[COLLISIONS & NEAR MISSES]
3. Not visible
4. Not visible

[PARKING & ACCESS VIOLATIONS]
5. Not visible
6. Not visible
7. Not visible

[SUSPICIOUS VEHICLE BEHAVIOR]
8. Not visible
9. Not visible
10. Not visible

[VEHICLE IDENTIFICATION]
11. Not visible
12. Not visible
13. Not visible

[PEDESTRIAN & CHILD SAFETY]
14. Not visible
15. Not visible
16. Not visible
17. Not visible"
20260604T134116Z,AP_Gate_7_Camera_3_20260602T144500.jpg,,,dataset_20260603_063335/AP_Gate_7_Camera_3/AP_Gate_7_Camera_3_20260602T144500.jpg,vehicle_prompts,done,2026-06-04T13:42:04.990621+00:00,0.043,0.825,0.87,,nvidia/cosmos-reason2-8b,"### [GENERAL VEHICLE SAFETY]
1. Not visible
2. Not visible

### [COLLISIONS & NEAR MISSES]
3. Not visible
4. Not visible

### [PARKING & ACCESS VIOLATIONS]
5. Not visible
6. Not visible
7. Not visible

### [SUSPICIOUS VEHICLE BEHAVIOR]
8. Not visible
9. Not visible
10. Not visible

### [VEHICLE IDENTIFICATION]
11. Not visible
12. Not visible
13. Not visible

### [PEDESTRIAN & CHILD SAFETY]
14. Not visible
15. Not visible
16. Not visible
17. Not visible"
20260604T134116Z,AP_Gate_7_Camera_3_20260602T150000.jpg,,,dataset_20260603_063335/AP_Gate_7_Camera_3/AP_Gate_7_Camera_3_20260602T150000.jpg,vehicle_prompts,done,2026-06-04T13:42:05.328439+00:00,0.047,0.721,0.77,,nvidia/cosmos-reason2-8b,"[GENERAL VEHICLE SAFETY]
1. Not visible
2. Not visible

[COLLISIONS & NEAR MISSES]
3. Not visible
4. Not visible

[PARKING & ACCESS VIOLATIONS]
5. Not visible
6. Not visible
7. Not visible

[SUSPICIOUS VEHICLE BEHAVIOR]
8. Not visible
9. Not visible
10. Not visible

[VEHICLE IDENTIFICATION]
11. Not visible
12. Not visible
13. Not visible

[PEDESTRIAN & CHILD SAFETY]
14. Not visible
15. Not visible
16. Not visible
17. Not visible"
20260604T134116Z,AP_Gate_7_Camera_3_20260602T151500.jpg,,,dataset_20260603_063335/AP_Gate_7_Camera_3/AP_Gate_7_Camera_3_20260602T151500.jpg,vehicle_prompts,done,2026-06-04T13:42:05.398535+00:00,0.04,0.766,0.809,,nvidia/cosmos-reason2-8b,"[GENERAL VEHICLE SAFETY]
1. Not visible
2. Not visible

[COLLISIONS & NEAR MISSES]
3. Not visible
4. Not visible

[PARKING & ACCESS VIOLATIONS]
5. Not visible
6. Not visible
7. Not visible

[SUSPICIOUS VEHICLE BEHAVIOR]
8. Not visible
9. Not visible
10. Not visible

[VEHICLE IDENTIFICATION]
11. Not visible
12. Not visible
13. Not visible

[PEDESTRIAN & CHILD SAFETY]
14. Not visible
15. Not visible
16. Not visible
17. Not visible"
20260604T134116Z,AP_Gate_7_Camera_3_20260602T153000.jpg,,,dataset_20260603_063335/AP_Gate_7_Camera_3/AP_Gate_7_Camera_3_20260602T153000.jpg,vehicle_prompts,done,2026-06-04T13:42:05.667483+00:00,0.046,0.739,0.788,,nvidia/cosmos-reason2-8b,"[GENERAL VEHICLE SAFETY]
1. Not visible
2. Not visible

[COLLISIONS & NEAR MISSES]
3. Not visible
4. Not visible

[PARKING & ACCESS VIOLATIONS]
5. Not visible
6. Not visible
7. Not visible

[SUSPICIOUS VEHICLE BEHAVIOR]
8. Not visible
9. Not visible
10. Not visible

[VEHICLE IDENTIFICATION]
11. Not visible
12. Not visible
13. Not visible

[PEDESTRIAN & CHILD SAFETY]
14. Not visible
15. Not visible
16. Not visible
17. Not visible"
20260604T134116Z,AP_Gate_7_Camera_3_20260602T154500.jpg,,,dataset_20260603_063335/AP_Gate_7_Camera_3/AP_Gate_7_Camera_3_20260602T154500.jpg,vehicle_prompts,done,2026-06-04T13:42:05.863994+00:00,0.05,0.703,0.755,,nvidia/cosmos-reason2-8b,"[GENERAL VEHICLE SAFETY]
1. Not visible
2. Not visible

[COLLISIONS & NEAR MISSES]
3. Not visible
4. Not visible

[PARKING & ACCESS VIOLATIONS]
5. Not visible
6. Not visible
7. Not visible

[SUSPICIOUS VEHICLE BEHAVIOR]
8. Not visible
9. Not visible
10. Not visible

[VEHICLE IDENTIFICATION]
11. Not visible
12. Not visible
13. Not visible

[PEDESTRIAN & CHILD SAFETY]
14. Not visible
15. Not visible
16. Not visible
17. Not visible"
20260604T134116Z,AP_Gate_7_Camera_3_20260602T160000.jpg,,,dataset_20260603_063335/AP_Gate_7_Camera_3/AP_Gate_7_Camera_3_20260602T160000.jpg,vehicle_prompts,done,2026-06-04T13:42:06.102160+00:00,0.047,0.692,0.741,,nvidia/cosmos-reason2-8b,"[GENERAL VEHICLE SAFETY]
1. Not visible
2. Not visible

[COLLISIONS & NEAR MISSES]
3. Not visible
4. Not visible

[PARKING & ACCESS VIOLATIONS]
5. Not visible
6. Not visible
7. Not visible

[SUSPICIOUS VEHICLE BEHAVIOR]
8. Not visible
9. Not visible
10. Not visible

[VEHICLE IDENTIFICATION]
11. Not visible
12. Not visible
13. Not visible

[PEDESTRIAN & CHILD SAFETY]
14. Not visible
15. Not visible
16. Not visible
17. Not visible"
20260604T134116Z,AP_Gate_7_Camera_3_20260602T161500.jpg,,,dataset_20260603_063335/AP_Gate_7_Camera_3/AP_Gate_7_Camera_3_20260602T161500.jpg,vehicle_prompts,done,2026-06-04T13:42:06.210202+00:00,0.047,0.755,0.804,,nvidia/cosmos-reason2-8b,"### [GENERAL VEHICLE SAFETY]
1. Not visible
2. Not visible

### [COLLISIONS & NEAR MISSES]
3. Not visible
4. Not visible

### [PARKING & ACCESS VIOLATIONS]
5. Not visible
6. Not visible
7. Not visible

### [SUSPICIOUS VEHICLE BEHAVIOR]
8. Not visible
9. Not visible
10. Not visible

### [VEHICLE IDENTIFICATION]
11. Not visible
12. Not visible
13. Not visible

### [PEDESTRIAN & CHILD SAFETY]
14. Not visible
15. Not visible
16. Not visible
17. Not visible"
20260604T134116Z,AP_Gate_7_Camera_3_20260602T163000.jpg,,,dataset_20260603_063335/AP_Gate_7_Camera_3/AP_Gate_7_Camera_3_20260602T163000.jpg,vehicle_prompts,done,2026-06-04T13:42:06.458000+00:00,0.048,0.732,0.782,,nvidia/cosmos-reason2-8b,"[GENERAL VEHICLE SAFETY]
1. Not visible
2. Not visible

[COLLISIONS & NEAR MISSES]
3. Not visible
4. Not visible

[PARKING & ACCESS VIOLATIONS]
5. Not visible
6. Not visible
7. Not visible

[SUSPICIOUS VEHICLE BEHAVIOR]
8. Not visible
9. Not visible
10. Not visible

[VEHICLE IDENTIFICATION]
11. Not visible
12. Not visible
13. Not visible

[PEDESTRIAN & CHILD SAFETY]
14. Not visible
15. Not visible
16. Not visible
17. Not visible"
20260604T134116Z,AP_Gate_7_Camera_3_20260602T164500.jpg,,,dataset_20260603_063335/AP_Gate_7_Camera_3/AP_Gate_7_Camera_3_20260602T164500.jpg,vehicle_prompts,done,2026-06-04T13:42:06.621475+00:00,0.047,0.707,0.757,,nvidia/cosmos-reason2-8b,"[GENERAL VEHICLE SAFETY]
1. Not visible
2. Not visible

[COLLISIONS & NEAR MISSES]
3. Not visible
4. Not visible

[PARKING & ACCESS VIOLATIONS]
5. Not visible
6. Not visible
7. Not visible

[SUSPICIOUS VEHICLE BEHAVIOR]
8. Not visible
9. Not visible
10. Not visible

[VEHICLE IDENTIFICATION]
11. Not visible
12. Not visible
13. Not visible

[PEDESTRIAN & CHILD SAFETY]
14. Not visible
15. Not visible
16. Not visible
17. Not visible"
20260604T134116Z,AP_Gate_7_Camera_3_20260602T170000.jpg,,,dataset_20260603_063335/AP_Gate_7_Camera_3/AP_Gate_7_Camera_3_20260602T170000.jpg,vehicle_prompts,done,2026-06-04T13:42:06.845484+00:00,0.04,0.753,0.795,,nvidia/cosmos-reason2-8b,"[GENERAL VEHICLE SAFETY]
1. Not visible
2. Not visible

[COLLISIONS & NEAR MISSES]
3. Not visible
4. Not visible

[PARKING & ACCESS VIOLATIONS]
5. Not visible
6. Not visible
7. Not visible

[SUSPICIOUS VEHICLE BEHAVIOR]
8. Not visible
9. Not visible
10. Not visible

[VEHICLE IDENTIFICATION]
11. Not visible
12. Not visible
13. Not visible

[PEDESTRIAN & CHILD SAFETY]
14. Not visible
15. Not visible
16. Not visible
17. Not visible"
20260604T134116Z,AP_Gate_7_Camera_3_20260602T171500.jpg,,,dataset_20260603_063335/AP_Gate_7_Camera_3/AP_Gate_7_Camera_3_20260602T171500.jpg,vehicle_prompts,done,2026-06-04T13:42:07.016916+00:00,0.038,0.724,0.765,,nvidia/cosmos-reason2-8b,"[GENERAL VEHICLE SAFETY]
1. Not visible
2. Not visible

[COLLISIONS & NEAR MISSES]
3. Not visible
4. Not visible

[PARKING & ACCESS VIOLATIONS]
5. Not visible
6. Not visible
7. Not visible

[SUSPICIOUS VEHICLE BEHAVIOR]
8. Not visible
9. Not visible
10. Not visible

[VEHICLE IDENTIFICATION]
11. Not visible
12. Not visible
13. Not visible

[PEDESTRIAN & CHILD SAFETY]
14. Not visible
15. Not visible
16. Not visible
17. Not visible"
20260604T134116Z,AP_Gate_7_Camera_3_20260602T173000.jpg,,,dataset_20260603_063335/AP_Gate_7_Camera_3/AP_Gate_7_Camera_3_20260602T173000.jpg,vehicle_prompts,done,2026-06-04T13:42:07.242760+00:00,0.041,0.731,0.775,,nvidia/cosmos-reason2-8b,"[GENERAL VEHICLE SAFETY]
1. Not visible
2. Not visible

[COLLISIONS & NEAR MISSES]
3. Not visible
4. Not visible

[PARKING & ACCESS VIOLATIONS]
5. Not visible
6. Not visible
7. Not visible

[SUSPICIOUS VEHICLE BEHAVIOR]
8. Not visible
9. Not visible
10. Not visible

[VEHICLE IDENTIFICATION]
11. Not visible
12. Not visible
13. Not visible

[PEDESTRIAN & CHILD SAFETY]
14. Not visible
15. Not visible
16. Not visible
17. Not visible"
20260604T134116Z,AP_Gate_7_Camera_3_20260602T174500.jpg,,,dataset_20260603_063335/AP_Gate_7_Camera_3/AP_Gate_7_Camera_3_20260602T174500.jpg,vehicle_prompts,done,2026-06-04T13:42:07.380703+00:00,0.037,0.754,0.794,,nvidia/cosmos-reason2-8b,"[GENERAL VEHICLE SAFETY]
1. Not visible
2. Not visible

[COLLISIONS & NEAR MISSES]
3. Not visible
4. Not visible

[PARKING & ACCESS VIOLATIONS]
5. Not visible
6. Not visible
7. Not visible

[SUSPICIOUS VEHICLE BEHAVIOR]
8. Not visible
9. Not visible
10. Not visible

[VEHICLE IDENTIFICATION]
11. Not visible
12. Not visible
13. Not visible

[PEDESTRIAN & CHILD SAFETY]
14. Not visible
15. Not visible
16. Not visible
17. Not visible"
20260604T134116Z,AP_Gate_7_Camera_3_20260602T180000.jpg,,,dataset_20260603_063335/AP_Gate_7_Camera_3/AP_Gate_7_Camera_3_20260602T180000.jpg,vehicle_prompts,done,2026-06-04T13:42:07.643886+00:00,0.046,0.713,0.762,,nvidia/cosmos-reason2-8b,"[GENERAL VEHICLE SAFETY]
1. Not visible
2. Not visible

[COLLISIONS & NEAR MISSES]
3. Not visible
4. Not visible

[PARKING & ACCESS VIOLATIONS]
5. Not visible
6. Not visible
7. Not visible

[SUSPICIOUS VEHICLE BEHAVIOR]
8. Not visible
9. Not visible
10. Not visible

[VEHICLE IDENTIFICATION]
11. Not visible
12. Not visible
13. Not visible

[PEDESTRIAN & CHILD SAFETY]
14. Not visible
15. Not visible
16. Not visible
17. Not visible"
20260604T134116Z,AP_Gate_7_Camera_3_20260602T181500.jpg,,,dataset_20260603_063335/AP_Gate_7_Camera_3/AP_Gate_7_Camera_3_20260602T181500.jpg,vehicle_prompts,done,2026-06-04T13:42:07.785047+00:00,0.044,0.712,0.759,,nvidia/cosmos-reason2-8b,"[GENERAL VEHICLE SAFETY]
1. Not visible
2. Not visible

[COLLISIONS & NEAR MISSES]
3. Not visible
4. Not visible

[PARKING & ACCESS VIOLATIONS]
5. Not visible
6. Not visible
7. Not visible

[SUSPICIOUS VEHICLE BEHAVIOR]
8. Not visible
9. Not visible
10. Not visible

[VEHICLE IDENTIFICATION]
11. Not visible
12. Not visible
13. Not visible

[PEDESTRIAN & CHILD SAFETY]
14. Not visible
15. Not visible
16. Not visible
17. Not visible"
20260604T134116Z,AP_Gate_7_Camera_3_20260602T183000.jpg,,,dataset_20260603_063335/AP_Gate_7_Camera_3/AP_Gate_7_Camera_3_20260602T183000.jpg,vehicle_prompts,done,2026-06-04T13:42:08.020860+00:00,0.05,0.803,0.855,,nvidia/cosmos-reason2-8b,"### [GENERAL VEHICLE SAFETY]
1. Not visible
2. Not visible

### [COLLISIONS & NEAR MISSES]
3. Not visible
4. Not visible

### [PARKING & ACCESS VIOLATIONS]
5. Not visible
6. Not visible
7. Not visible

### [SUSPICIOUS VEHICLE BEHAVIOR]
8. Not visible
9. Not visible
10. Not visible

### [VEHICLE IDENTIFICATION]
11. Not visible
12. Not visible
13. Not visible

### [PEDESTRIAN & CHILD SAFETY]
14. Not visible
15. Not visible
16. Not visible
17. Not visible"
20260604T134116Z,AP_Gate_7_Camera_3_20260602T184500.jpg,,,dataset_20260603_063335/AP_Gate_7_Camera_3/AP_Gate_7_Camera_3_20260602T184500.jpg,vehicle_prompts,done,2026-06-04T13:42:08.176961+00:00,0.038,0.778,0.819,,nvidia/cosmos-reason2-8b,"### [GENERAL VEHICLE SAFETY]
1. Not visible
2. Not visible

### [COLLISIONS & NEAR MISSES]
3. Not visible
4. Not visible

### [PARKING & ACCESS VIOLATIONS]
5. Not visible
6. Not visible
7. Not visible

### [SUSPICIOUS VEHICLE BEHAVIOR]
8. Not visible
9. Not visible
10. Not visible

### [VEHICLE IDENTIFICATION]
11. Not visible
12. Not visible
13. Not visible

### [PEDESTRIAN & CHILD SAFETY]
14. Not visible
15. Not visible
16. Not visible
17. Not visible"
20260604T134116Z,AP_Gate_7_Camera_3_20260602T190000.jpg,,,dataset_20260603_063335/AP_Gate_7_Camera_3/AP_Gate_7_Camera_3_20260602T190000.jpg,vehicle_prompts,done,2026-06-04T13:42:08.408520+00:00,0.042,0.75,0.794,,nvidia/cosmos-reason2-8b,"[GENERAL VEHICLE SAFETY]
1. Not visible
2. Not visible

[COLLISIONS & NEAR MISSES]
3. Not visible
4. Not visible

[PARKING & ACCESS VIOLATIONS]
5. Not visible
6. Not visible
7. Not visible

[SUSPICIOUS VEHICLE BEHAVIOR]
8. Not visible
9. Not visible
10. Not visible

[VEHICLE IDENTIFICATION]
11. Not visible
12. Not visible
13. Not visible

[PEDESTRIAN & CHILD SAFETY]
14. Not visible
15. Not visible
16. Not visible
17. Not visible"
20260604T134116Z,AP_Gate_7_Camera_3_20260602T191500.jpg,,,dataset_20260603_063335/AP_Gate_7_Camera_3/AP_Gate_7_Camera_3_20260602T191500.jpg,vehicle_prompts,done,2026-06-04T13:42:08.546483+00:00,0.046,0.735,0.784,,nvidia/cosmos-reason2-8b,"[GENERAL VEHICLE SAFETY]
1. Not visible
2. Not visible

[COLLISIONS & NEAR MISSES]
3. Not visible
4. Not visible

[PARKING & ACCESS VIOLATIONS]
5. Not visible
6. Not visible
7. Not visible

[SUSPICIOUS VEHICLE BEHAVIOR]
8. Not visible
9. Not visible
10. Not visible

[VEHICLE IDENTIFICATION]
11. Not visible
12. Not visible
13. Not visible

[PEDESTRIAN & CHILD SAFETY]
14. Not visible
15. Not visible
16. Not visible
17. Not visible"
20260604T134116Z,AP_Gate_7_Camera_3_20260602T193000.jpg,,,dataset_20260603_063335/AP_Gate_7_Camera_3/AP_Gate_7_Camera_3_20260602T193000.jpg,vehicle_prompts,done,2026-06-04T13:42:08.879053+00:00,0.038,0.643,0.684,,nvidia/cosmos-reason2-8b,"[GENERAL VEHICLE SAFETY]
1. Not visible
2. Not visible

[COLLISIONS & NEAR MISSES]
3. Not visible
4. Not visible

[PARKING & ACCESS VIOLATIONS]
5. Not visible
6. Not visible
7. Not visible

[SUSPICIOUS VEHICLE BEHAVIOR]
8. Not visible
9. Not visible
10. Not visible

[VEHICLE IDENTIFICATION]
11. Not visible
12. Not visible
13. Not visible

[PEDESTRIAN & CHILD SAFETY]
14. Not visible
15. Not visible
16. Not visible
17. Not visible"
20260604T134116Z,AP_Gate_7_Camera_3_20260602T194500.jpg,,,dataset_20260603_063335/AP_Gate_7_Camera_3/AP_Gate_7_Camera_3_20260602T194500.jpg,vehicle_prompts,done,2026-06-04T13:42:08.998043+00:00,0.044,0.703,0.75,,nvidia/cosmos-reason2-8b,"[GENERAL VEHICLE SAFETY]
1. Not visible
2. Not visible

[COLLISIONS & NEAR MISSES]
3. Not visible
4. Not visible

[PARKING & ACCESS VIOLATIONS]
5. Not visible
6. Not visible
7. Not visible

[SUSPICIOUS VEHICLE BEHAVIOR]
8. Not visible
9. Not visible
10. Not visible

[VEHICLE IDENTIFICATION]
11. Not visible
12. Not visible
13. Not visible

[PEDESTRIAN & CHILD SAFETY]
14. Not visible
15. Not visible
16. Not visible
17. Not visible"
20260604T134116Z,AP_Gate_7_Camera_3_20260602T200000.jpg,,,dataset_20260603_063335/AP_Gate_7_Camera_3/AP_Gate_7_Camera_3_20260602T200000.jpg,vehicle_prompts,done,2026-06-04T13:42:09.205082+00:00,0.053,0.798,0.854,,nvidia/cosmos-reason2-8b,"[GENERAL VEHICLE SAFETY]
1. Not visible
2. Not visible

[COLLISIONS & NEAR MISSES]
3. Not visible
4. Not visible

[PARKING & ACCESS VIOLATIONS]
5. Not visible
6. Not visible
7. Not visible

[SUSPICIOUS VEHICLE BEHAVIOR]
8. Not visible
9. Not visible
10. Not visible

[VEHICLE IDENTIFICATION]
11. Not visible
12. Not visible
13. Not visible

[PEDESTRIAN & CHILD SAFETY]
14. Not visible
15. Not visible
16. Not visible
17. Not visible"
20260604T134116Z,AP_Gate_7_Camera_3_20260602T201500.jpg,,,dataset_20260603_063335/AP_Gate_7_Camera_3/AP_Gate_7_Camera_3_20260602T201500.jpg,vehicle_prompts,done,2026-06-04T13:42:09.333111+00:00,0.044,0.792,0.839,,nvidia/cosmos-reason2-8b,"[GENERAL VEHICLE SAFETY]
1. Not visible
2. Not visible

[COLLISIONS & NEAR MISSES]
3. Not visible
4. Not visible

[PARKING & ACCESS VIOLATIONS]
5. Not visible
6. Not visible
7. Not visible

[SUSPICIOUS VEHICLE BEHAVIOR]
8. Not visible
9. Not visible
10. Not visible

[VEHICLE IDENTIFICATION]
11. Not visible
12. Not visible
13. Not visible

[PEDESTRIAN & CHILD SAFETY]
14. Not visible
15. Not visible
16. Not visible
17. Not visible"
20260604T134116Z,AP_Gate_7_Camera_3_20260602T203000.jpg,,,dataset_20260603_063335/AP_Gate_7_Camera_3/AP_Gate_7_Camera_3_20260602T203000.jpg,vehicle_prompts,done,2026-06-04T13:42:09.565606+00:00,0.052,0.781,0.835,,nvidia/cosmos-reason2-8b,"[GENERAL VEHICLE SAFETY]
1. Not visible
2. Not visible

[COLLISIONS & NEAR MISSES]
3. Not visible
4. Not visible

[PARKING & ACCESS VIOLATIONS]
5. Not visible
6. Not visible
7. Not visible

[SUSPICIOUS VEHICLE BEHAVIOR]
8. Not visible
9. Not visible
10. Not visible

[VEHICLE IDENTIFICATION]
11. Not visible
12. Not visible
13. Not visible

[PEDESTRIAN & CHILD SAFETY]
14. Not visible
15. Not visible
16. Not visible
17. Not visible"
20260604T134116Z,AP_Gate_7_Camera_3_20260602T204500.jpg,,,dataset_20260603_063335/AP_Gate_7_Camera_3/AP_Gate_7_Camera_3_20260602T204500.jpg,vehicle_prompts,done,2026-06-04T13:42:09.751680+00:00,0.049,0.757,0.808,,nvidia/cosmos-reason2-8b,"[GENERAL VEHICLE SAFETY]
1. Not visible
2. Not visible

[COLLISIONS & NEAR MISSES]
3. Not visible
4. Not visible

[PARKING & ACCESS VIOLATIONS]
5. Not visible
6. Not visible
7. Not visible

[SUSPICIOUS VEHICLE BEHAVIOR]
8. Not visible
9. Not visible
10. Not visible

[VEHICLE IDENTIFICATION]
11. Not visible
12. Not visible
13. Not visible

[PEDESTRIAN & CHILD SAFETY]
14. Not visible
15. Not visible
16. Not visible
17. Not visible"
20260604T134116Z,AP_Gate_7_Camera_3_20260602T210000.jpg,,,dataset_20260603_063335/AP_Gate_7_Camera_3/AP_Gate_7_Camera_3_20260602T210000.jpg,vehicle_prompts,done,2026-06-04T13:42:10.061921+00:00,0.048,0.68,0.73,,nvidia/cosmos-reason2-8b,"[date]

[GENERAL VEHICLE SAFETY]
1. Not visible
2. Not visible

[COLLISIONS & NEAR MISSES]
3. Not visible
4. Not visible

[PARKING & ACCESS VIOLATIONS]
5. Not visible
6. Not visible
7. Not visible

[SUSPICIOUS VEHICLE BEHAVIOR]
8. Not visible
9. Not visible
10. Not visible

[VEHICLE IDENTIFICATION]
11. Not visible
12. Not visible
13. Not visible

[PEDESTRIAN & CHILD SAFETY]
14. Not visible
15. Not visible
16. Not visible
17. Not visible"
20260604T134116Z,AP_Gate_7_Camera_3_20260602T211500.jpg,,,dataset_20260603_063335/AP_Gate_7_Camera_3/AP_Gate_7_Camera_3_20260602T211500.jpg,vehicle_prompts,done,2026-06-04T13:42:10.174441+00:00,0.041,0.757,0.8,,nvidia/cosmos-reason2-8b,"[date]

[GENERAL VEHICLE SAFETY]
1. Not visible
2. Not visible

[COLLISIONS & NEAR MISSES]
3. Not visible
4. Not visible

[PARKING & ACCESS VIOLATIONS]
5. Not visible
6. Not visible
7. Not visible

[SUSPICIOUS VEHICLE BEHAVIOR]
8. Not visible
9. Not visible
10. Not visible

[VEHICLE IDENTIFICATION]
11. Not visible
12. Not visible
13. Not visible

[PEDESTRIAN & CHILD SAFETY]
14. Not visible
15. Not visible
16. Not visible
17. Not visible
"
20260604T134116Z,AP_Gate_7_Camera_3_20260602T213000.jpg,,,dataset_20260603_063335/AP_Gate_7_Camera_3/AP_Gate_7_Camera_3_20260602T213000.jpg,vehicle_prompts,done,2026-06-04T13:42:10.404006+00:00,0.045,0.727,0.775,,nvidia/cosmos-reason2-8b,"[date]

[GENERAL VEHICLE SAFETY]
1. Not visible
2. Not visible

[COLLISIONS & NEAR MISSES]
3. Not visible
4. Not visible

[PARKING & ACCESS VIOLATIONS]
5. Not visible
6. Not visible
7. Not visible

[SUSPICIOUS VEHICLE BEHAVIOR]
8. Not visible
9. Not visible
10. Not visible

[VEHICLE IDENTIFICATION]
11. Not visible
12. Not visible
13. Not visible

[PEDESTRIAN & CHILD SAFETY]
14. Not visible
15. Not visible
16. Not visible
17. Not visible"
20260604T134116Z,AP_Gate_7_Camera_3_20260602T214500.jpg,,,dataset_20260603_063335/AP_Gate_7_Camera_3/AP_Gate_7_Camera_3_20260602T214500.jpg,vehicle_prompts,done,2026-06-04T13:42:10.562309+00:00,0.042,0.814,0.859,,nvidia/cosmos-reason2-8b,"[GENERAL VEHICLE SAFETY]
1. Not visible
2. Not visible

[COLLISIONS & NEAR MISSES]
3. Not visible
4. Not visible

[PARKING & ACCESS VIOLATIONS]
5. Not visible
6. Not visible
7. Not visible

[SUSPICIOUS VEHICLE BEHAVIOR]
8. Not visible
9. Not visible
10. Not visible

[VEHICLE IDENTIFICATION]
11. Not visible
12. Not visible
13. Not visible

[PEDESTRIAN & CHILD SAFETY]
14. Not visible
15. Not visible
16. Not visible
17. Not visible"
20260604T134116Z,AP_Gate_7_Camera_3_20260602T220000.jpg,,,dataset_20260603_063335/AP_Gate_7_Camera_3/AP_Gate_7_Camera_3_20260602T220000.jpg,vehicle_prompts,done,2026-06-04T13:42:10.795093+00:00,0.045,0.724,0.772,,nvidia/cosmos-reason2-8b,"### [GENERAL VEHICLE SAFETY]
1. Not visible
2. Not visible

### [COLLISIONS & NEAR MISSES]
3. Not visible
4. Not visible

### [PARKING & ACCESS VIOLATIONS]
5. Not visible
6. Not visible
7. Not visible

### [SUSPICIOUS VEHICLE BEHAVIOR]
8. Not visible
9. Not visible
10. Not visible

### [VEHICLE IDENTIFICATION]
11. Not visible
12. Not visible
13. Not visible

### [PEDESTRIAN & CHILD SAFETY]
14. Not visible
15. Not visible
16. Not visible
17. Not visible"
20260604T134116Z,AP_Gate_7_Camera_3_20260602T221500.jpg,,,dataset_20260603_063335/AP_Gate_7_Camera_3/AP_Gate_7_Camera_3_20260602T221500.jpg,vehicle_prompts,done,2026-06-04T13:42:10.977529+00:00,0.05,0.734,0.798,,nvidia/cosmos-reason2-8b,"### [GENERAL VEHICLE SAFETY]
1. Not visible
2. Not visible

### [COLLISIONS & NEAR MISSES]
3. Not visible
4. Not visible

### [PARKING & ACCESS VIOLATIONS]
5. Not visible
6. Not visible
7. Not visible

### [SUSPICIOUS VEHICLE BEHAVIOR]
8. Not visible
9. Not visible
10. Not visible

### [VEHICLE IDENTIFICATION]
11. Not visible
12. Not visible
13. Not visible

### [PEDESTRIAN & CHILD SAFETY]
14. Not visible
15. Not visible
16. Not visible
17. Not visible"
20260604T134116Z,AP_Gate_7_Camera_3_20260602T223000.jpg,,,dataset_20260603_063335/AP_Gate_7_Camera_3/AP_Gate_7_Camera_3_20260602T223000.jpg,vehicle_prompts,done,2026-06-04T13:42:11.181472+00:00,0.047,0.734,0.784,,nvidia/cosmos-reason2-8b,"### [GENERAL VEHICLE SAFETY]
1. Not visible
2. Not visible

### [COLLISIONS & NEAR MISSES]
3. Not visible
4. Not visible

### [PARKING & ACCESS VIOLATIONS]
5. Not visible
6. Not visible
7. Not visible

### [SUSPICIOUS VEHICLE BEHAVIOR]
8. Not visible
9. Not visible
10. Not visible

### [VEHICLE IDENTIFICATION]
11. Not visible
12. Not visible
13. Not visible

### [PEDESTRIAN & CHILD SAFETY]
14. Not visible
15. Not visible
16. Not visible
17. Not visible"
20260604T134116Z,AP_Gate_7_Camera_3_20260602T224500.jpg,,,dataset_20260603_063335/AP_Gate_7_Camera_3/AP_Gate_7_Camera_3_20260602T224500.jpg,vehicle_prompts,done,2026-06-04T13:42:11.424005+00:00,0.043,0.706,0.751,,nvidia/cosmos-reason2-8b,"### [GENERAL VEHICLE SAFETY]
1. Not visible
2. Not visible

### [COLLISIONS & NEAR MISSES]
3. Not visible
4. Not visible

### [PARKING & ACCESS VIOLATIONS]
5. Not visible
6. Not visible
7. Not visible

### [SUSPICIOUS VEHICLE BEHAVIOR]
8. Not visible
9. Not visible
10. Not visible

### [VEHICLE IDENTIFICATION]
11. Not visible
12. Not visible
13. Not visible

### [PEDESTRIAN & CHILD SAFETY]
14. Not visible
15. Not visible
16. Not visible
17. Not visible"
20260604T134116Z,AP_Gate_7_Camera_3_20260602T230000.jpg,,,dataset_20260603_063335/AP_Gate_7_Camera_3/AP_Gate_7_Camera_3_20260602T230000.jpg,vehicle_prompts,done,2026-06-04T13:42:11.570203+00:00,0.041,0.765,0.81,,nvidia/cosmos-reason2-8b,"### [GENERAL VEHICLE SAFETY]
1. Not visible
2. Not visible

### [COLLISIONS & NEAR MISSES]
3. Not visible
4. Not visible

### [PARKING & ACCESS VIOLATIONS]
5. Not visible
6. Not visible
7. Not visible

### [SUSPICIOUS VEHICLE BEHAVIOR]
8. Not visible
9. Not visible
10. Not visible

### [VEHICLE IDENTIFICATION]
11. Not visible
12. Not visible
13. Not visible

### [PEDESTRIAN & CHILD SAFETY]
14. Not visible
15. Not visible
16. Not visible
17. Not visible"
20260604T134116Z,AP_Gate_7_Camera_3_20260602T231500.jpg,,,dataset_20260603_063335/AP_Gate_7_Camera_3/AP_Gate_7_Camera_3_20260602T231500.jpg,vehicle_prompts,done,2026-06-04T13:42:11.778606+00:00,0.047,0.849,0.898,,nvidia/cosmos-reason2-8b,"[date]

[GENERAL VEHICLE SAFETY]
1. Not visible
2. Not visible

[COLLISIONS & NEAR MISSES]
3. Not visible
4. Not visible

[PARKING & ACCESS VIOLATIONS]
5. Not visible
6. Not visible
7. Not visible

[SUSPICIOUS VEHICLE BEHAVIOR]
8. Not visible
9. Not visible
10. Not visible

[VEHICLE IDENTIFICATION]
11. Not visible
12. Not visible
13. Not visible

[PEDESTRIAN & CHILD SAFETY]
14. Not visible
15. Not visible
16. Not visible
17. Not visible"
20260604T134116Z,AP_Gate_7_Camera_3_20260602T233000.jpg,,,dataset_20260603_063335/AP_Gate_7_Camera_3/AP_Gate_7_Camera_3_20260602T233000.jpg,vehicle_prompts,done,2026-06-04T13:42:11.968029+00:00,0.045,0.722,0.77,,nvidia/cosmos-reason2-8b,"### [GENERAL VEHICLE SAFETY]
1. Not visible
2. Not visible

### [COLLISIONS & NEAR MISSES]
3. Not visible
4. Not visible

### [PARKING & ACCESS VIOLATIONS]
5. Not visible
6. Not visible
7. Not visible

### [SUSPICIOUS VEHICLE BEHAVIOR]
8. Not visible
9. Not visible
10. Not visible

### [VEHICLE IDENTIFICATION]
11. Not visible
12. Not visible
13. Not visible

### [PEDESTRIAN & CHILD SAFETY]
14. Not visible
15. Not visible
16. Not visible
17. Not visible"
20260604T134116Z,AP_Gate_7_Camera_3_20260602T234500.jpg,,,dataset_20260603_063335/AP_Gate_7_Camera_3/AP_Gate_7_Camera_3_20260602T234500.jpg,vehicle_prompts,done,2026-06-04T13:42:12.177862+00:00,0.044,0.752,0.799,,nvidia/cosmos-reason2-8b,"### [GENERAL VEHICLE SAFETY]
1. Not visible
2. Not visible

### [COLLISIONS & NEAR MISSES]
3. Not visible
4. Not visible

### [PARKING & ACCESS VIOLATIONS]
5. Not visible
6. Not visible
7. Not visible

### [SUSPICIOUS VEHICLE BEHAVIOR]
8. Not visible
9. Not visible
10. Not visible

### [VEHICLE IDENTIFICATION]
11. Not visible
12. Not visible
13. Not visible

### [PEDESTRIAN & CHILD SAFETY]
14. Not visible
15. Not visible
16. Not visible
17. Not visible"
20260604T134116Z,AP_Gate_7_Camera_4_20260602T000000.jpg,,,dataset_20260603_063335/AP_Gate_7_Camera_4/AP_Gate_7_Camera_4_20260602T000000.jpg,vehicle_prompts,done,2026-06-04T13:42:49.236412+00:00,0.166,0.897,1.08,,nvidia/cosmos-reason2-8b,"[GENERAL VEHICLE SAFETY]
1. Not visible
2. Not visible

[COLLISIONS & NEAR MISSES]
3. Not visible
4. Not visible

[PARKING & ACCESS VIOLATIONS]
5. Not visible
6. Not visible
7. Not visible

[SUSPICIOUS VEHICLE BEHAVIOR]
8. Not visible
9. Not visible
10. Not visible

[VEHICLE IDENTIFICATION]
11. Not visible
12. Not visible
13. Not visible

[PEDESTRIAN & CHILD SAFETY]
14. Not visible
15. Not visible
16. Not visible
17. Not visible"
20260604T134116Z,AP_Gate_7_Camera_4_20260602T001500.jpg,,,dataset_20260603_063335/AP_Gate_7_Camera_4/AP_Gate_7_Camera_4_20260602T001500.jpg,vehicle_prompts,done,2026-06-04T13:42:49.237167+00:00,0.165,0.711,0.893,,nvidia/cosmos-reason2-8b,"[GENERAL VEHICLE SAFETY]
1. Not visible
2. Not visible

[COLLISIONS & NEAR MISSES]
3. Not visible
4. Not visible

[PARKING & ACCESS VIOLATIONS]
5. Not visible
6. Not visible
7. Not visible

[SUSPICIOUS VEHICLE BEHAVIOR]
8. Not visible
9. Not visible
10. Not visible

[VEHICLE IDENTIFICATION]
11. Not visible
12. Not visible
13. Not visible

[PEDESTRIAN & CHILD SAFETY]
14. Not visible
15. Not visible
16. Not visible
17. Not visible"
20260604T134116Z,AP_Gate_7_Camera_4_20260602T003000.jpg,,,dataset_20260603_063335/AP_Gate_7_Camera_4/AP_Gate_7_Camera_4_20260602T003000.jpg,vehicle_prompts,done,2026-06-04T13:42:49.237771+00:00,0.166,1.146,1.329,,nvidia/cosmos-reason2-8b,"[GENERAL VEHICLE SAFETY]
1. Not visible
2. Not visible

[COLLISIONS & NEAR MISSES]
3. Not visible
4. Not visible

[PARKING & ACCESS VIOLATIONS]
5. Not visible
6. Not visible
7. Not visible

[SUSPICIOUS VEHICLE BEHAVIOR]
8. Not visible
9. Not visible
10. Not visible

[VEHICLE IDENTIFICATION]
11. Not visible
12. Not visible
13. Not visible

[PEDESTRIAN & CHILD SAFETY]
14. Not visible
15. Not visible
16. Not visible
17. Not visible"
20260604T134116Z,AP_Gate_7_Camera_4_20260602T004500.jpg,,,dataset_20260603_063335/AP_Gate_7_Camera_4/AP_Gate_7_Camera_4_20260602T004500.jpg,vehicle_prompts,done,2026-06-04T13:42:49.238708+00:00,0.166,1.242,1.424,,nvidia/cosmos-reason2-8b,"[GENERAL VEHICLE SAFETY]
1. Not visible
2. Not visible

[COLLISIONS & NEAR MISSES]
3. Not visible
4. Not visible

[PARKING & ACCESS VIOLATIONS]
5. Not visible
6. Not visible
7. Not visible

[SUSPICIOUS VEHICLE BEHAVIOR]
8. Not visible
9. Not visible
10. Not visible

[VEHICLE IDENTIFICATION]
11. Not visible
12. Not visible
13. Not visible

[PEDESTRIAN & CHILD SAFETY]
14. Not visible
15. Not visible
16. Not visible
17. Not visible"
20260604T134116Z,AP_Gate_7_Camera_4_20260602T010000.jpg,,,dataset_20260603_063335/AP_Gate_7_Camera_4/AP_Gate_7_Camera_4_20260602T010000.jpg,vehicle_prompts,done,2026-06-04T13:42:50.132793+00:00,0.044,0.63,0.677,,nvidia/cosmos-reason2-8b,"[GENERAL VEHICLE SAFETY]
1. Not visible
2. Not visible

[COLLISIONS & NEAR MISSES]
3. Not visible
4. Not visible

[PARKING & ACCESS VIOLATIONS]
5. Not visible
6. Not visible
7. Not visible

[SUSPICIOUS VEHICLE BEHAVIOR]
8. Not visible
9. Not visible
10. Not visible

[VEHICLE IDENTIFICATION]
11. Not visible
12. Not visible
13. Not visible

[PEDESTRIAN & CHILD SAFETY]
14. Not visible
15. Not visible
16. Not visible
17. Not visible"
20260604T134116Z,AP_Gate_7_Camera_4_20260602T011500.jpg,,,dataset_20260603_063335/AP_Gate_7_Camera_4/AP_Gate_7_Camera_4_20260602T011500.jpg,vehicle_prompts,done,2026-06-04T13:42:50.320138+00:00,0.043,0.632,0.678,,nvidia/cosmos-reason2-8b,"[GENERAL VEHICLE SAFETY]
1. Not visible
2. Not visible

[COLLISIONS & NEAR MISSES]
3. Not visible
4. Not visible

[PARKING & ACCESS VIOLATIONS]
5. Not visible
6. Not visible
7. Not visible

[SUSPICIOUS VEHICLE BEHAVIOR]
8. Not visible
9. Not visible
10. Not visible

[VEHICLE IDENTIFICATION]
11. Not visible
12. Not visible
13. Not visible

[PEDESTRIAN & CHILD SAFETY]
14. Not visible
15. Not visible
16. Not visible
17. Not visible"
20260604T134116Z,AP_Gate_7_Camera_4_20260602T013000.jpg,,,dataset_20260603_063335/AP_Gate_7_Camera_4/AP_Gate_7_Camera_4_20260602T013000.jpg,vehicle_prompts,done,2026-06-04T13:42:50.569218+00:00,0.042,0.643,0.688,,nvidia/cosmos-reason2-8b,"[GENERAL VEHICLE SAFETY]
1. Not visible
2. Not visible

[COLLISIONS & NEAR MISSES]
3. Not visible
4. Not visible

[PARKING & ACCESS VIOLATIONS]
5. Not visible
6. Not visible
7. Not visible

[SUSPICIOUS VEHICLE BEHAVIOR]
8. Not visible
9. Not visible
10. Not visible

[VEHICLE IDENTIFICATION]
11. Not visible
12. Not visible
13. Not visible

[PEDESTRIAN & CHILD SAFETY]
14. Not visible
15. Not visible
16. Not visible
17. Not visible"
20260604T134116Z,AP_Gate_7_Camera_4_20260602T014500.jpg,,,dataset_20260603_063335/AP_Gate_7_Camera_4/AP_Gate_7_Camera_4_20260602T014500.jpg,vehicle_prompts,done,2026-06-04T13:42:50.665163+00:00,0.039,0.817,0.858,,nvidia/cosmos-reason2-8b,"[GENERAL VEHICLE SAFETY]
1. Not visible
2. Not visible

[COLLISIONS & NEAR MISSES]
3. Not visible
4. Not visible

[PARKING & ACCESS VIOLATIONS]
5. Not visible
6. Not visible
7. Not visible

[SUSPICIOUS VEHICLE BEHAVIOR]
8. Not visible
9. Not visible
10. Not visible

[VEHICLE IDENTIFICATION]
11. Not visible
12. Not visible
13. Not visible

[PEDESTRIAN & CHILD SAFETY]
14. Not visible
15. Not visible
16. Not visible
17. Not visible"
20260604T134116Z,AP_Gate_7_Camera_4_20260602T020000.jpg,,,dataset_20260603_063335/AP_Gate_7_Camera_4/AP_Gate_7_Camera_4_20260602T020000.jpg,vehicle_prompts,done,2026-06-04T13:42:50.812142+00:00,0.037,0.803,0.841,,nvidia/cosmos-reason2-8b,"[GENERAL VEHICLE SAFETY]
1. Not visible
2. Not visible

[COLLISIONS & NEAR MISSES]
3. Not visible
4. Not visible

[PARKING & ACCESS VIOLATIONS]
5. Not visible
6. Not visible
7. Not visible

[SUSPICIOUS VEHICLE BEHAVIOR]
8. Not visible
9. Not visible
10. Not visible

[VEHICLE IDENTIFICATION]
11. Not visible
12. Not visible
13. Not visible

[PEDESTRIAN & CHILD SAFETY]
14. Not visible
15. Not visible
16. Not visible
17. Not visible"
20260604T134116Z,AP_Gate_7_Camera_4_20260602T021500.jpg,,,dataset_20260603_063335/AP_Gate_7_Camera_4/AP_Gate_7_Camera_4_20260602T021500.jpg,vehicle_prompts,done,2026-06-04T13:42:51.000695+00:00,0.045,0.805,0.852,,nvidia/cosmos-reason2-8b,"[GENERAL VEHICLE SAFETY]
1. Not visible
2. Not visible

[COLLISIONS & NEAR MISSES]
3. Not visible
4. Not visible

[PARKING & ACCESS VIOLATIONS]
5. Not visible
6. Not visible
7. Not visible

[SUSPICIOUS VEHICLE BEHAVIOR]
8. Not visible
9. Not visible
10. Not visible

[VEHICLE IDENTIFICATION]
11. Not visible
12. Not visible
13. Not visible

[PEDESTRIAN & CHILD SAFETY]
14. Not visible
15. Not visible
16. Not visible
17. Not visible"
20260604T134116Z,AP_Gate_7_Camera_4_20260602T023000.jpg,,,dataset_20260603_063335/AP_Gate_7_Camera_4/AP_Gate_7_Camera_4_20260602T023000.jpg,vehicle_prompts,done,2026-06-04T13:42:51.259967+00:00,0.044,0.764,0.81,,nvidia/cosmos-reason2-8b,"[GENERAL VEHICLE SAFETY]
1. Not visible
2. Not visible

[COLLISIONS & NEAR MISSES]
3. Not visible
4. Not visible

[PARKING & ACCESS VIOLATIONS]
5. Not visible
6. Not visible
7. Not visible

[SUSPICIOUS VEHICLE BEHAVIOR]
8. Not visible
9. Not visible
10. Not visible

[VEHICLE IDENTIFICATION]
11. Not visible
12. Not visible
13. Not visible

[PEDESTRIAN & CHILD SAFETY]
14. Not visible
15. Not visible
16. Not visible
17. Not visible"
20260604T134116Z,AP_Gate_7_Camera_4_20260602T024500.jpg,,,dataset_20260603_063335/AP_Gate_7_Camera_4/AP_Gate_7_Camera_4_20260602T024500.jpg,vehicle_prompts,done,2026-06-04T13:42:51.526379+00:00,0.045,0.613,0.661,,nvidia/cosmos-reason2-8b,"[GENERAL VEHICLE SAFETY]
1. Not visible
2. Not visible

[COLLISIONS & NEAR MISSES]
3. Not visible
4. Not visible

[PARKING & ACCESS VIOLATIONS]
5. Not visible
6. Not visible
7. Not visible

[SUSPICIOUS VEHICLE BEHAVIOR]
8. Not visible
9. Not visible
10. Not visible

[VEHICLE IDENTIFICATION]
11. Not visible
12. Not visible
13. Not visible

[PEDESTRIAN & CHILD SAFETY]
14. Not visible
15. Not visible
16. Not visible
17. Not visible"
20260604T134116Z,AP_Gate_7_Camera_4_20260602T030000.jpg,,,dataset_20260603_063335/AP_Gate_7_Camera_4/AP_Gate_7_Camera_4_20260602T030000.jpg,vehicle_prompts,done,2026-06-04T13:42:51.656004+00:00,0.04,0.755,0.798,,nvidia/cosmos-reason2-8b,"[GENERAL VEHICLE SAFETY]
1. Not visible
2. Not visible

[COLLISIONS & NEAR MISSES]
3. Not visible
4. Not visible

[PARKING & ACCESS VIOLATIONS]
5. Not visible
6. Not visible
7. Not visible

[SUSPICIOUS VEHICLE BEHAVIOR]
8. Not visible
9. Not visible
10. Not visible

[VEHICLE IDENTIFICATION]
11. Not visible
12. Not visible
13. Not visible

[PEDESTRIAN & CHILD SAFETY]
14. Not visible
15. Not visible
16. Not visible
17. Not visible"
20260604T134116Z,AP_Gate_7_Camera_4_20260602T031500.jpg,,,dataset_20260603_063335/AP_Gate_7_Camera_4/AP_Gate_7_Camera_4_20260602T031500.jpg,vehicle_prompts,done,2026-06-04T13:42:51.855070+00:00,0.045,0.688,0.735,,nvidia/cosmos-reason2-8b,"[GENERAL VEHICLE SAFETY]
1. Not visible
2. Not visible

[COLLISIONS & NEAR MISSES]
3. Not visible
4. Not visible

[PARKING & ACCESS VIOLATIONS]
5. Not visible
6. Not visible
7. Not visible

[SUSPICIOUS VEHICLE BEHAVIOR]
8. Not visible
9. Not visible
10. Not visible

[VEHICLE IDENTIFICATION]
11. Not visible
12. Not visible
13. Not visible

[PEDESTRIAN & CHILD SAFETY]
14. Not visible
15. Not visible
16. Not visible
17. Not visible"
20260604T134116Z,AP_Gate_7_Camera_4_20260602T033000.jpg,,,dataset_20260603_063335/AP_Gate_7_Camera_4/AP_Gate_7_Camera_4_20260602T033000.jpg,vehicle_prompts,done,2026-06-04T13:42:52.073283+00:00,0.047,0.741,0.79,,nvidia/cosmos-reason2-8b,"[GENERAL VEHICLE SAFETY]
1. Not visible
2. Not visible

[COLLISIONS & NEAR MISSES]
3. Not visible
4. Not visible

[PARKING & ACCESS VIOLATIONS]
5. Not visible
6. Not visible
7. Not visible

[SUSPICIOUS VEHICLE BEHAVIOR]
8. Not visible
9. Not visible
10. Not visible

[VEHICLE IDENTIFICATION]
11. Not visible
12. Not visible
13. Not visible

[PEDESTRIAN & CHILD SAFETY]
14. Not visible
15. Not visible
16. Not visible
17. Not visible"
20260604T134116Z,AP_Gate_7_Camera_4_20260602T034500.jpg,,,dataset_20260603_063335/AP_Gate_7_Camera_4/AP_Gate_7_Camera_4_20260602T034500.jpg,vehicle_prompts,done,2026-06-04T13:42:52.190218+00:00,0.043,0.701,0.747,,nvidia/cosmos-reason2-8b,"[GENERAL VEHICLE SAFETY]
1. Not visible
2. Not visible

[COLLISIONS & NEAR MISSES]
3. Not visible
4. Not visible

[PARKING & ACCESS VIOLATIONS]
5. Not visible
6. Not visible
7. Not visible

[SUSPICIOUS VEHICLE BEHAVIOR]
8. Not visible
9. Not visible
10. Not visible

[VEHICLE IDENTIFICATION]
11. Not visible
12. Not visible
13. Not visible

[PEDESTRIAN & CHILD SAFETY]
14. Not visible
15. Not visible
16. Not visible
17. Not visible"
20260604T134116Z,AP_Gate_7_Camera_4_20260602T040000.jpg,,,dataset_20260603_063335/AP_Gate_7_Camera_4/AP_Gate_7_Camera_4_20260602T040000.jpg,vehicle_prompts,done,2026-06-04T13:42:52.456561+00:00,0.046,0.65,0.699,,nvidia/cosmos-reason2-8b,"[GENERAL VEHICLE SAFETY]
1. Not visible
2. Not visible

[COLLISIONS & NEAR MISSES]
3. Not visible
4. Not visible

[PARKING & ACCESS VIOLATIONS]
5. Not visible
6. Not visible
7. Not visible

[SUSPICIOUS VEHICLE BEHAVIOR]
8. Not visible
9. Not visible
10. Not visible

[VEHICLE IDENTIFICATION]
11. Not visible
12. Not visible
13. Not visible

[PEDESTRIAN & CHILD SAFETY]
14. Not visible
15. Not visible
16. Not visible
17. Not visible"
20260604T134116Z,AP_Gate_7_Camera_4_20260602T041500.jpg,,,dataset_20260603_063335/AP_Gate_7_Camera_4/AP_Gate_7_Camera_4_20260602T041500.jpg,vehicle_prompts,done,2026-06-04T13:42:52.593397+00:00,0.045,0.746,0.793,,nvidia/cosmos-reason2-8b,"[GENERAL VEHICLE SAFETY]
1. Not visible
2. Not visible

[COLLISIONS & NEAR MISSES]
3. Not visible
4. Not visible

[PARKING & ACCESS VIOLATIONS]
5. Not visible
6. Not visible
7. Not visible

[SUSPICIOUS VEHICLE BEHAVIOR]
8. Not visible
9. Not visible
10. Not visible

[VEHICLE IDENTIFICATION]
11. Not visible
12. Not visible
13. Not visible

[PEDESTRIAN & CHILD SAFETY]
14. Not visible
15. Not visible
16. Not visible
17. Not visible"
20260604T134116Z,AP_Gate_7_Camera_4_20260602T043000.jpg,,,dataset_20260603_063335/AP_Gate_7_Camera_4/AP_Gate_7_Camera_4_20260602T043000.jpg,vehicle_prompts,done,2026-06-04T13:42:52.866010+00:00,0.045,0.943,0.991,,nvidia/cosmos-reason2-8b,"[GENERAL VEHICLE SAFETY]
1. Not visible
2. Not visible

[COLLISIONS & NEAR MISSES]
3. Not visible
4. Not visible

[PARKING & ACCESS VIOLATIONS]
5. Not visible
6. Not visible
7. Not visible

[SUSPICIOUS VEHICLE BEHAVIOR]
8. Not visible
9. Not visible
10. Not visible

[VEHICLE IDENTIFICATION]
11. Not visible
12. Not visible
13. Not visible

[PEDESTRIAN & CHILD SAFETY]
14. Not visible
15. Not visible
16. Not visible
17. Not visible"
20260604T134116Z,AP_Gate_7_Camera_4_20260602T044500.jpg,,,dataset_20260603_063335/AP_Gate_7_Camera_4/AP_Gate_7_Camera_4_20260602T044500.jpg,vehicle_prompts,done,2026-06-04T13:42:52.939887+00:00,0.045,0.686,0.734,,nvidia/cosmos-reason2-8b,"[GENERAL VEHICLE SAFETY]
1. Not visible
2. Not visible

[COLLISIONS & NEAR MISSES]
3. Not visible
4. Not visible

[PARKING & ACCESS VIOLATIONS]
5. Not visible
6. Not visible
7. Not visible

[SUSPICIOUS VEHICLE BEHAVIOR]
8. Not visible
9. Not visible
10. Not visible

[VEHICLE IDENTIFICATION]
11. Not visible
12. Not visible
13. Not visible

[PEDESTRIAN & CHILD SAFETY]
14. Not visible
15. Not visible
16. Not visible
17. Not visible"
20260604T134116Z,AP_Gate_7_Camera_4_20260602T050000.jpg,,,dataset_20260603_063335/AP_Gate_7_Camera_4/AP_Gate_7_Camera_4_20260602T050000.jpg,vehicle_prompts,done,2026-06-04T13:42:53.157712+00:00,0.045,0.794,0.842,,nvidia/cosmos-reason2-8b,"[GENERAL VEHICLE SAFETY]
1. Not visible
2. Not visible

[COLLISIONS & NEAR MISSES]
3. Not visible
4. Not visible

[PARKING & ACCESS VIOLATIONS]
5. Not visible
6. Not visible
7. Not visible

[SUSPICIOUS VEHICLE BEHAVIOR]
8. Not visible
9. Not visible
10. Not visible

[VEHICLE IDENTIFICATION]
11. Not visible
12. Not visible
13. Not visible

[PEDESTRIAN & CHILD SAFETY]
14. Not visible
15. Not visible
16. Not visible
17. Not visible"
20260604T134116Z,AP_Gate_7_Camera_4_20260602T051500.jpg,,,dataset_20260603_063335/AP_Gate_7_Camera_4/AP_Gate_7_Camera_4_20260602T051500.jpg,vehicle_prompts,done,2026-06-04T13:42:53.389263+00:00,0.046,0.792,0.841,,nvidia/cosmos-reason2-8b,"[GENERAL VEHICLE SAFETY]
1. Not visible
2. Not visible

[COLLISIONS & NEAR MISSES]
3. Not visible
4. Not visible

[PARKING & ACCESS VIOLATIONS]
5. Not visible
6. Not visible
7. Not visible

[SUSPICIOUS VEHICLE BEHAVIOR]
8. Not visible
9. Not visible
10. Not visible

[VEHICLE IDENTIFICATION]
11. Not visible
12. Not visible
13. Not visible

[PEDESTRIAN & CHILD SAFETY]
14. Not visible
15. Not visible
16. Not visible
17. Not visible"
20260604T134116Z,AP_Gate_7_Camera_4_20260602T053000.jpg,,,dataset_20260603_063335/AP_Gate_7_Camera_4/AP_Gate_7_Camera_4_20260602T053000.jpg,vehicle_prompts,done,2026-06-04T13:42:53.676155+00:00,0.043,0.734,0.78,,nvidia/cosmos-reason2-8b,"[GENERAL VEHICLE SAFETY]
1. Not visible
2. Not visible

[COLLISIONS & NEAR MISSES]
3. Not visible
4. Not visible

[PARKING & ACCESS VIOLATIONS]
5. Not visible
6. Not visible
7. Not visible

[SUSPICIOUS VEHICLE BEHAVIOR]
8. Not visible
9. Not visible
10. Not visible

[VEHICLE IDENTIFICATION]
11. Not visible
12. Not visible
13. Not visible

[PEDESTRIAN & CHILD SAFETY]
14. Not visible
15. Not visible
16. Not visible
17. Not visible"
20260604T134116Z,AP_Gate_7_Camera_4_20260602T054500.jpg,,,dataset_20260603_063335/AP_Gate_7_Camera_4/AP_Gate_7_Camera_4_20260602T054500.jpg,vehicle_prompts,done,2026-06-04T13:42:53.859512+00:00,0.044,0.971,1.018,,nvidia/cosmos-reason2-8b,"[GENERAL VEHICLE SAFETY]
1. Not visible
2. Not visible

[COLLISIONS & NEAR MISSES]
3. Not visible
4. Not visible

[PARKING & ACCESS VIOLATIONS]
5. Not visible
6. Not visible
7. Not visible

[SUSPICIOUS VEHICLE BEHAVIOR]
8. Not visible
9. Not visible
10. Not visible

[VEHICLE IDENTIFICATION]
11. Not visible
12. Not visible
13. Not visible

[PEDESTRIAN & CHILD SAFETY]
14. Not visible
15. Not visible
16. Not visible
17. Not visible"
20260604T134116Z,AP_Gate_7_Camera_4_20260602T060000.jpg,,,dataset_20260603_063335/AP_Gate_7_Camera_4/AP_Gate_7_Camera_4_20260602T060000.jpg,vehicle_prompts,done,2026-06-04T13:42:54.002285+00:00,0.048,0.693,0.744,,nvidia/cosmos-reason2-8b,"[GENERAL VEHICLE SAFETY]
1. Not visible
2. Not visible

[COLLISIONS & NEAR MISSES]
3. Not visible
4. Not visible

[PARKING & ACCESS VIOLATIONS]
5. Not visible
6. Not visible
7. Not visible

[SUSPICIOUS VEHICLE BEHAVIOR]
8. Not visible
9. Not visible
10. Not visible

[VEHICLE IDENTIFICATION]
11. Not visible
12. Not visible
13. Not visible

[PEDESTRIAN & CHILD SAFETY]
14. Not visible
15. Not visible
16. Not visible
17. Not visible"
20260604T134116Z,AP_Gate_7_Camera_4_20260602T061500.jpg,,,dataset_20260603_063335/AP_Gate_7_Camera_4/AP_Gate_7_Camera_4_20260602T061500.jpg,vehicle_prompts,done,2026-06-04T13:42:54.233546+00:00,0.046,0.662,0.711,,nvidia/cosmos-reason2-8b,"[GENERAL VEHICLE SAFETY]
1. Not visible
2. Not visible

[COLLISIONS & NEAR MISSES]
3. Not visible
4. Not visible

[PARKING & ACCESS VIOLATIONS]
5. Not visible
6. Not visible
7. Not visible

[SUSPICIOUS VEHICLE BEHAVIOR]
8. Not visible
9. Not visible
10. Not visible

[VEHICLE IDENTIFICATION]
11. Not visible
12. Not visible
13. Not visible

[PEDESTRIAN & CHILD SAFETY]
14. Not visible
15. Not visible
16. Not visible
17. Not visible"
20260604T134116Z,AP_Gate_7_Camera_4_20260602T063000.jpg,,,dataset_20260603_063335/AP_Gate_7_Camera_4/AP_Gate_7_Camera_4_20260602T063000.jpg,vehicle_prompts,done,2026-06-04T13:42:54.458593+00:00,0.043,0.708,0.754,,nvidia/cosmos-reason2-8b,"[GENERAL VEHICLE SAFETY]
1. Not visible
2. Not visible

[COLLISIONS & NEAR MISSES]
3. Not visible
4. Not visible

[PARKING & ACCESS VIOLATIONS]
5. Not visible
6. Not visible
7. Not visible

[SUSPICIOUS VEHICLE BEHAVIOR]
8. Not visible
9. Not visible
10. Not visible

[VEHICLE IDENTIFICATION]
11. Not visible
12. Not visible
13. Not visible

[PEDESTRIAN & CHILD SAFETY]
14. Not visible
15. Not visible
16. Not visible
17. Not visible"
20260604T134116Z,AP_Gate_7_Camera_4_20260602T064500.jpg,,,dataset_20260603_063335/AP_Gate_7_Camera_4/AP_Gate_7_Camera_4_20260602T064500.jpg,vehicle_prompts,done,2026-06-04T13:42:54.749069+00:00,0.044,0.686,0.732,,nvidia/cosmos-reason2-8b,"[date]

[GENERAL VEHICLE SAFETY]
1. Not visible
2. Not visible

[COLLISIONS & NEAR MISSES]
3. Not visible
4. Not visible

[PARKING & ACCESS VIOLATIONS]
5. Not visible
6. Not visible
7. Not visible

[SUSPICIOUS VEHICLE BEHAVIOR]
8. Not visible
9. Not visible
10. Not visible

[VEHICLE IDENTIFICATION]
11. Not visible
12. Not visible
13. Not visible

[PEDESTRIAN & CHILD SAFETY]
14. Not visible
15. Not visible
16. Not visible
17. Not visible"
20260604T134116Z,AP_Gate_7_Camera_4_20260602T070000.jpg,,,dataset_20260603_063335/AP_Gate_7_Camera_4/AP_Gate_7_Camera_4_20260602T070000.jpg,vehicle_prompts,done,2026-06-04T13:42:54.880322+00:00,0.039,0.889,0.931,,nvidia/cosmos-reason2-8b,"[GENERAL VEHICLE SAFETY]
1. Not visible
2. Not visible

[COLLISIONS & NEAR MISSES]
3. Not visible
4. Not visible

[PARKING & ACCESS VIOLATIONS]
5. Not visible
6. Not visible
7. Not visible

[SUSPICIOUS VEHICLE BEHAVIOR]
8. Not visible
9. Not visible
10. Not visible

[VEHICLE IDENTIFICATION]
11. Not visible
12. Not visible
13. Not visible

[PEDESTRIAN & CHILD SAFETY]
14. Not visible
15. Not visible
16. Not visible
17. Not visible"
20260604T134116Z,AP_Gate_7_Camera_4_20260602T071500.jpg,,,dataset_20260603_063335/AP_Gate_7_Camera_4/AP_Gate_7_Camera_4_20260602T071500.jpg,vehicle_prompts,done,2026-06-04T13:42:54.946951+00:00,0.035,0.876,0.914,,nvidia/cosmos-reason2-8b,"[GENERAL VEHICLE SAFETY]
1. Not visible
2. Not visible

[COLLISIONS & NEAR MISSES]
3. Not visible
4. Not visible

[PARKING & ACCESS VIOLATIONS]
5. Not visible
6. Not visible
7. Not visible

[SUSPICIOUS VEHICLE BEHAVIOR]
8. Not visible
9. Not visible
10. Not visible

[VEHICLE IDENTIFICATION]
11. Not visible
12. Not visible
13. Not visible

[PEDESTRIAN & CHILD SAFETY]
14. Not visible
15. Not visible
16. Not visible
17. Not visible"
20260604T134116Z,AP_Gate_7_Camera_4_20260602T073000.jpg,,,dataset_20260603_063335/AP_Gate_7_Camera_4/AP_Gate_7_Camera_4_20260602T073000.jpg,vehicle_prompts,done,2026-06-04T13:42:55.214481+00:00,0.044,0.833,0.88,,nvidia/cosmos-reason2-8b,"[GENERAL VEHICLE SAFETY]
1. Not visible
2. Not visible

[COLLISIONS & NEAR MISSES]
3. Not visible
4. Not visible

[PARKING & ACCESS VIOLATIONS]
5. Not visible
6. Not visible
7. Not visible

[SUSPICIOUS VEHICLE BEHAVIOR]
8. Not visible
9. Not visible
10. Not visible

[VEHICLE IDENTIFICATION]
11. Not visible
12. Not visible
13. Not visible

[PEDESTRIAN & CHILD SAFETY]
14. Not visible
15. Not visible
16. Not visible
17. Not visible"
20260604T134116Z,AP_Gate_7_Camera_4_20260602T074500.jpg,,,dataset_20260603_063335/AP_Gate_7_Camera_4/AP_Gate_7_Camera_4_20260602T074500.jpg,vehicle_prompts,done,2026-06-04T13:42:55.483794+00:00,0.049,0.654,0.706,,nvidia/cosmos-reason2-8b,"[GENERAL VEHICLE SAFETY]
1. Not visible
2. Not visible

[COLLISIONS & NEAR MISSES]
3. Not visible
4. Not visible

[PARKING & ACCESS VIOLATIONS]
5. Not visible
6. Not visible
7. Not visible

[SUSPICIOUS VEHICLE BEHAVIOR]
8. Not visible
9. Not visible
10. Not visible

[VEHICLE IDENTIFICATION]
11. Not visible
12. Not visible
13. Not visible

[PEDESTRIAN & CHILD SAFETY]
14. Not visible
15. Not visible
16. Not visible
17. Not visible"
20260604T134116Z,AP_Gate_7_Camera_4_20260602T080000.jpg,,,dataset_20260603_063335/AP_Gate_7_Camera_4/AP_Gate_7_Camera_4_20260602T080000.jpg,vehicle_prompts,done,2026-06-04T13:42:55.813834+00:00,0.048,0.716,0.767,,nvidia/cosmos-reason2-8b,"### [GENERAL VEHICLE SAFETY]
1. Not visible
2. Not visible

### [COLLISIONS & NEAR MISSES]
3. Not visible
4. Not visible

### [PARKING & ACCESS VIOLATIONS]
5. Not visible
6. Not visible
7. Not visible

### [SUSPICIOUS VEHICLE BEHAVIOR]
8. Not visible
9. Not visible
10. Not visible

### [VEHICLE IDENTIFICATION]
11. Not visible
12. Not visible
13. Not visible

### [PEDESTRIAN & CHILD SAFETY]
14. Not visible
15. Not visible
16. Not visible
17. Not visible"
20260604T134116Z,AP_Gate_7_Camera_4_20260602T081500.jpg,,,dataset_20260603_063335/AP_Gate_7_Camera_4/AP_Gate_7_Camera_4_20260602T081500.jpg,vehicle_prompts,done,2026-06-04T13:42:55.863418+00:00,0.051,0.819,0.873,,nvidia/cosmos-reason2-8b,"[date]

[GENERAL VEHICLE SAFETY]
1. Not visible
2. Not visible

[COLLISIONS & NEAR MISSES]
3. Not visible
4. Not visible

[PARKING & ACCESS VIOLATIONS]
5. Not visible
6. Not visible
7. Not visible

[SUSPICIOUS VEHICLE BEHAVIOR]
8. Not visible
9. Not visible
10. Not visible

[VEHICLE IDENTIFICATION]
11. Not visible
12. Not visible
13. Not visible

[PEDESTRIAN & CHILD SAFETY]
14. Not visible
15. Not visible
16. Not visible
17. Not visible"
20260604T134116Z,AP_Gate_7_Camera_4_20260602T083000.jpg,,,dataset_20260603_063335/AP_Gate_7_Camera_4/AP_Gate_7_Camera_4_20260602T083000.jpg,vehicle_prompts,done,2026-06-04T13:42:56.096976+00:00,0.046,1.059,1.108,,nvidia/cosmos-reason2-8b,"[GENERAL VEHICLE SAFETY]
1. Not visible
2. Not visible

[COLLISIONS & NEAR MISSES]
3. Not visible
4. Not visible

[PARKING & ACCESS VIOLATIONS]
5. Not visible
6. Not visible
7. Not visible

[SUSPICIOUS VEHICLE BEHAVIOR]
8. Not visible
9. Not visible
10. Not visible

[VEHICLE IDENTIFICATION]
11. Not visible
12. Not visible
13. Not visible

[PEDESTRIAN & CHILD SAFETY]
14. Not visible
15. Not visible
16. Not visible
17. Not visible"
20260604T134116Z,AP_Gate_7_Camera_4_20260602T084500.jpg,,,dataset_20260603_063335/AP_Gate_7_Camera_4/AP_Gate_7_Camera_4_20260602T084500.jpg,vehicle_prompts,done,2026-06-04T13:42:56.192063+00:00,0.048,0.827,0.878,,nvidia/cosmos-reason2-8b,"[GENERAL VEHICLE SAFETY]
1. Not visible
2. Not visible

[COLLISIONS & NEAR MISSES]
3. Not visible
4. Not visible

[PARKING & ACCESS VIOLATIONS]
5. Not visible
6. Not visible
7. Not visible

[SUSPICIOUS VEHICLE BEHAVIOR]
8. Not visible
9. Not visible
10. Not visible

[VEHICLE IDENTIFICATION]
11. Not visible
12. Not visible
13. Not visible

[PEDESTRIAN & CHILD SAFETY]
14. Not visible
15. Not visible
16. Not visible
17. Not visible"
20260604T134116Z,AP_Gate_7_Camera_4_20260602T090000.jpg,,,dataset_20260603_063335/AP_Gate_7_Camera_4/AP_Gate_7_Camera_4_20260602T090000.jpg,vehicle_prompts,done,2026-06-04T13:42:56.583749+00:00,0.044,0.749,0.796,,nvidia/cosmos-reason2-8b,"[GENERAL VEHICLE SAFETY]
1. Not visible
2. Not visible

[COLLISIONS & NEAR MISSES]
3. Not visible
4. Not visible

[PARKING & ACCESS VIOLATIONS]
5. Not visible
6. Not visible
7. Not visible

[SUSPICIOUS VEHICLE BEHAVIOR]
8. Not visible
9. Not visible
10. Not visible

[VEHICLE IDENTIFICATION]
11. Not visible
12. Not visible
13. Not visible

[PEDESTRIAN & CHILD SAFETY]
14. Not visible
15. Not visible
16. Not visible
17. Not visible"
20260604T134116Z,AP_Gate_7_Camera_4_20260602T091500.jpg,,,dataset_20260603_063335/AP_Gate_7_Camera_4/AP_Gate_7_Camera_4_20260602T091500.jpg,vehicle_prompts,done,2026-06-04T13:42:56.739233+00:00,0.045,0.707,0.755,,nvidia/cosmos-reason2-8b,"[GENERAL VEHICLE SAFETY]
1. Not visible
2. Not visible

[COLLISIONS & NEAR MISSES]
3. Not visible
4. Not visible

[PARKING & ACCESS VIOLATIONS]
5. Not visible
6. Not visible
7. Not visible

[SUSPICIOUS VEHICLE BEHAVIOR]
8. Not visible
9. Not visible
10. Not visible

[VEHICLE IDENTIFICATION]
11. Not visible
12. Not visible
13. Not visible

[PEDESTRIAN & CHILD SAFETY]
14. Not visible
15. Not visible
16. Not visible
17. Not visible"
20260604T134116Z,AP_Gate_7_Camera_4_20260602T093000.jpg,,,dataset_20260603_063335/AP_Gate_7_Camera_4/AP_Gate_7_Camera_4_20260602T093000.jpg,vehicle_prompts,done,2026-06-04T13:42:57.073158+00:00,0.048,0.729,0.781,,nvidia/cosmos-reason2-8b,"[GENERAL VEHICLE SAFETY]
1. Not visible
2. Not visible

[COLLISIONS & NEAR MISSES]
3. Not visible
4. Not visible

[PARKING & ACCESS VIOLATIONS]
5. Not visible
6. Not visible
7. Not visible

[SUSPICIOUS VEHICLE BEHAVIOR]
8. Not visible
9. Not visible
10. Not visible

[VEHICLE IDENTIFICATION]
11. Not visible
12. Not visible
13. Not visible

[PEDESTRIAN & CHILD SAFETY]
14. Not visible
15. Not visible
16. Not visible
17. Not visible"
20260604T134116Z,AP_Gate_7_Camera_4_20260602T094500.jpg,,,dataset_20260603_063335/AP_Gate_7_Camera_4/AP_Gate_7_Camera_4_20260602T094500.jpg,vehicle_prompts,done,2026-06-04T13:42:57.207582+00:00,0.045,0.707,0.755,,nvidia/cosmos-reason2-8b,"[GENERAL VEHICLE SAFETY]
1. Not visible
2. Not visible

[COLLISIONS & NEAR MISSES]
3. Not visible
4. Not visible

[PARKING & ACCESS VIOLATIONS]
5. Not visible
6. Not visible
7. Not visible

[SUSPICIOUS VEHICLE BEHAVIOR]
8. Not visible
9. Not visible
10. Not visible

[VEHICLE IDENTIFICATION]
11. Not visible
12. Not visible
13. Not visible

[PEDESTRIAN & CHILD SAFETY]
14. Not visible
15. Not visible
16. Not visible
17. Not visible"
20260604T134116Z,AP_Gate_7_Camera_4_20260602T100000.jpg,,,dataset_20260603_063335/AP_Gate_7_Camera_4/AP_Gate_7_Camera_4_20260602T100000.jpg,vehicle_prompts,done,2026-06-04T13:42:57.382425+00:00,0.046,0.783,0.832,,nvidia/cosmos-reason2-8b,"[GENERAL VEHICLE SAFETY]
1. Not visible
2. Not visible

[COLLISIONS & NEAR MISSES]
3. Not visible
4. Not visible

[PARKING & ACCESS VIOLATIONS]
5. Not visible
6. Not visible
7. Not visible

[SUSPICIOUS VEHICLE BEHAVIOR]
8. Not visible
9. Not visible
10. Not visible

[VEHICLE IDENTIFICATION]
11. Not visible
12. Not visible
13. Not visible

[PEDESTRIAN & CHILD SAFETY]
14. Not visible
15. Not visible
16. Not visible
17. Not visible"
20260604T134116Z,AP_Gate_7_Camera_4_20260602T101500.jpg,,,dataset_20260603_063335/AP_Gate_7_Camera_4/AP_Gate_7_Camera_4_20260602T101500.jpg,vehicle_prompts,done,2026-06-04T13:42:57.496440+00:00,0.044,0.823,0.87,,nvidia/cosmos-reason2-8b,"[GENERAL VEHICLE SAFETY]
1. Not visible
2. Not visible

[COLLISIONS & NEAR MISSES]
3. Not visible
4. Not visible

[PARKING & ACCESS VIOLATIONS]
5. Not visible
6. Not visible
7. Not visible

[SUSPICIOUS VEHICLE BEHAVIOR]
8. Not visible
9. Not visible
10. Not visible

[VEHICLE IDENTIFICATION]
11. Not visible
12. Not visible
13. Not visible

[PEDESTRIAN & CHILD SAFETY]
14. Not visible
15. Not visible
16. Not visible
17. Not visible"
20260604T134116Z,AP_Gate_7_Camera_4_20260602T103000.jpg,,,dataset_20260603_063335/AP_Gate_7_Camera_4/AP_Gate_7_Camera_4_20260602T103000.jpg,vehicle_prompts,done,2026-06-04T13:42:57.857308+00:00,0.045,0.653,0.701,,nvidia/cosmos-reason2-8b,"[GENERAL VEHICLE SAFETY]
1. Not visible
2. Not visible

[COLLISIONS & NEAR MISSES]
3. Not visible
4. Not visible

[PARKING & ACCESS VIOLATIONS]
5. Not visible
6. Not visible
7. Not visible

[SUSPICIOUS VEHICLE BEHAVIOR]
8. Not visible
9. Not visible
10. Not visible

[VEHICLE IDENTIFICATION]
11. Not visible
12. Not visible
13. Not visible

[PEDESTRIAN & CHILD SAFETY]
14. Not visible
15. Not visible
16. Not visible
17. Not visible"
20260604T134116Z,AP_Gate_7_Camera_4_20260602T104500.jpg,,,dataset_20260603_063335/AP_Gate_7_Camera_4/AP_Gate_7_Camera_4_20260602T104500.jpg,vehicle_prompts,done,2026-06-04T13:42:57.965311+00:00,0.047,0.711,0.761,,nvidia/cosmos-reason2-8b,"[GENERAL VEHICLE SAFETY]
1. Not visible
2. Not visible

[COLLISIONS & NEAR MISSES]
3. Not visible
4. Not visible

[PARKING & ACCESS VIOLATIONS]
5. Not visible
6. Not visible
7. Not visible

[SUSPICIOUS VEHICLE BEHAVIOR]
8. Not visible
9. Not visible
10. Not visible

[VEHICLE IDENTIFICATION]
11. Not visible
12. Not visible
13. Not visible

[PEDESTRIAN & CHILD SAFETY]
14. Not visible
15. Not visible
16. Not visible
17. Not visible"
20260604T134116Z,AP_Gate_7_Camera_4_20260602T110000.jpg,,,dataset_20260603_063335/AP_Gate_7_Camera_4/AP_Gate_7_Camera_4_20260602T110000.jpg,vehicle_prompts,done,2026-06-04T13:42:58.216963+00:00,0.043,0.861,0.907,,nvidia/cosmos-reason2-8b,"[date]

[GENERAL VEHICLE SAFETY]
1. Not visible
2. Not visible

[COLLISIONS & NEAR MISSES]
3. Not visible
4. Not visible

[PARKING & ACCESS VIOLATIONS]
5. Not visible
6. Not visible
7. Not visible

[SUSPICIOUS VEHICLE BEHAVIOR]
8. Not visible
9. Not visible
10. Not visible

[VEHICLE IDENTIFICATION]
11. Not visible
12. Not visible
13. Not visible

[PEDESTRIAN & CHILD SAFETY]
14. Not visible
15. Not visible
16. Not visible
17. Not visible"
20260604T134116Z,AP_Gate_7_Camera_4_20260602T111500.jpg,,,dataset_20260603_063335/AP_Gate_7_Camera_4/AP_Gate_7_Camera_4_20260602T111500.jpg,vehicle_prompts,done,2026-06-04T13:42:58.369268+00:00,0.043,0.762,0.808,,nvidia/cosmos-reason2-8b,"[GENERAL VEHICLE SAFETY]
1. Not visible
2. Not visible

[COLLISIONS & NEAR MISSES]
3. Not visible
4. Not visible

[PARKING & ACCESS VIOLATIONS]
5. Not visible
6. Not visible
7. Not visible

[SUSPICIOUS VEHICLE BEHAVIOR]
8. Not visible
9. Not visible
10. Not visible

[VEHICLE IDENTIFICATION]
11. Not visible
12. Not visible
13. Not visible

[PEDESTRIAN & CHILD SAFETY]
14. Not visible
15. Not visible
16. Not visible
17. Not visible"
20260604T134116Z,AP_Gate_7_Camera_4_20260602T113000.jpg,,,dataset_20260603_063335/AP_Gate_7_Camera_4/AP_Gate_7_Camera_4_20260602T113000.jpg,vehicle_prompts,done,2026-06-04T13:42:58.561167+00:00,0.047,0.81,0.861,,nvidia/cosmos-reason2-8b,"[date]

[GENERAL VEHICLE SAFETY]
1. Not visible
2. Not visible

[COLLISIONS & NEAR MISSES]
3. Not visible
4. Not visible

[PARKING & ACCESS VIOLATIONS]
5. Not visible
6. Not visible
7. Not visible

[SUSPICIOUS VEHICLE BEHAVIOR]
8. Not visible
9. Not visible
10. Not visible

[VEHICLE IDENTIFICATION]
11. Not visible
12. Not visible
13. Not visible

[PEDESTRIAN & CHILD SAFETY]
14. Not visible
15. Not visible
16. Not visible
17. Not visible"
20260604T134116Z,AP_Gate_7_Camera_4_20260602T114500.jpg,,,dataset_20260603_063335/AP_Gate_7_Camera_4/AP_Gate_7_Camera_4_20260602T114500.jpg,vehicle_prompts,done,2026-06-04T13:42:58.728689+00:00,0.044,0.737,0.784,,nvidia/cosmos-reason2-8b,"[GENERAL VEHICLE SAFETY]
1. Not visible
2. Not visible

[COLLISIONS & NEAR MISSES]
3. Not visible
4. Not visible

[PARKING & ACCESS VIOLATIONS]
5. Not visible
6. Not visible
7. Not visible

[SUSPICIOUS VEHICLE BEHAVIOR]
8. Not visible
9. Not visible
10. Not visible

[VEHICLE IDENTIFICATION]
11. Not visible
12. Not visible
13. Not visible

[PEDESTRIAN & CHILD SAFETY]
14. Not visible
15. Not visible
16. Not visible
17. Not visible"
20260604T134116Z,AP_Gate_7_Camera_4_20260602T120000.jpg,,,dataset_20260603_063335/AP_Gate_7_Camera_4/AP_Gate_7_Camera_4_20260602T120000.jpg,vehicle_prompts,done,2026-06-04T13:42:59.127447+00:00,0.052,0.71,0.765,,nvidia/cosmos-reason2-8b,"[date]

[GENERAL VEHICLE SAFETY]
1. Not visible
2. Not visible

[COLLISIONS & NEAR MISSES]
3. Not visible
4. Not visible

[PARKING & ACCESS VIOLATIONS]
5. Not visible
6. Not visible
7. Not visible

[SUSPICIOUS VEHICLE BEHAVIOR]
8. Not visible
9. Not visible
10. Not visible

[VEHICLE IDENTIFICATION]
11. Not visible
12. Not visible
13. Not visible

[PEDESTRIAN & CHILD SAFETY]
14. Not visible
15. Not visible
16. Not visible
17. Not visible"
20260604T134116Z,AP_Gate_7_Camera_4_20260602T121500.jpg,,,dataset_20260603_063335/AP_Gate_7_Camera_4/AP_Gate_7_Camera_4_20260602T121500.jpg,vehicle_prompts,done,2026-06-04T13:42:59.180517+00:00,0.041,0.861,0.905,,nvidia/cosmos-reason2-8b,"[date]

[GENERAL VEHICLE SAFETY]
1. Not visible
2. Not visible

[COLLISIONS & NEAR MISSES]
3. Not visible
4. Not visible

[PARKING & ACCESS VIOLATIONS]
5. Not visible
6. Not visible
7. Not visible

[SUSPICIOUS VEHICLE BEHAVIOR]
8. Not visible
9. Not visible
10. Not visible

[VEHICLE IDENTIFICATION]
11. Not visible
12. Not visible
13. Not visible

[PEDESTRIAN & CHILD SAFETY]
14. Not visible
15. Not visible
16. Not visible
17. Not visible"
20260604T134116Z,AP_Gate_7_Camera_4_20260602T123000.jpg,,,dataset_20260603_063335/AP_Gate_7_Camera_4/AP_Gate_7_Camera_4_20260602T123000.jpg,vehicle_prompts,done,2026-06-04T13:42:59.424466+00:00,0.041,1.011,1.055,,nvidia/cosmos-reason2-8b,"[GENERAL VEHICLE SAFETY]
1. Not visible
2. Not visible

[COLLISIONS & NEAR MISSES]
3. Not visible
4. Not visible

[PARKING & ACCESS VIOLATIONS]
5. Not visible
6. Not visible
7. Not visible

[SUSPICIOUS VEHICLE BEHAVIOR]
8. Not visible
9. Not visible
10. Not visible

[VEHICLE IDENTIFICATION]
11. Not visible
12. Not visible
13. Not visible

[PEDESTRIAN & CHILD SAFETY]
14. Not visible
15. Not visible
16. Not visible
17. Not visible"
20260604T134116Z,AP_Gate_7_Camera_4_20260602T124500.jpg,,,dataset_20260603_063335/AP_Gate_7_Camera_4/AP_Gate_7_Camera_4_20260602T124500.jpg,vehicle_prompts,done,2026-06-04T13:42:59.515132+00:00,0.041,0.801,0.844,,nvidia/cosmos-reason2-8b,"[GENERAL VEHICLE SAFETY]
1. Not visible
2. Not visible

[COLLISIONS & NEAR MISSES]
3. Not visible
4. Not visible

[PARKING & ACCESS VIOLATIONS]
5. Not visible
6. Not visible
7. Not visible

[SUSPICIOUS VEHICLE BEHAVIOR]
8. Not visible
9. Not visible
10. Not visible

[VEHICLE IDENTIFICATION]
11. Not visible
12. Not visible
13. Not visible

[PEDESTRIAN & CHILD SAFETY]
14. Not visible
15. Not visible
16. Not visible
17. Not visible"
20260604T134116Z,AP_Gate_7_Camera_4_20260602T130000.jpg,,,dataset_20260603_063335/AP_Gate_7_Camera_4/AP_Gate_7_Camera_4_20260602T130000.jpg,vehicle_prompts,done,2026-06-04T13:42:59.894809+00:00,0.042,0.753,0.798,,nvidia/cosmos-reason2-8b,"[GENERAL VEHICLE SAFETY]
1. Not visible
2. Not visible

[COLLISIONS & NEAR MISSES]
3. Not visible
4. Not visible

[PARKING & ACCESS VIOLATIONS]
5. Not visible
6. Not visible
7. Not visible

[SUSPICIOUS VEHICLE BEHAVIOR]
8. Not visible
9. Not visible
10. Not visible

[VEHICLE IDENTIFICATION]
11. Not visible
12. Not visible
13. Not visible

[PEDESTRIAN & CHILD SAFETY]
14. Not visible
15. Not visible
16. Not visible
17. Not visible"
20260604T134116Z,AP_Gate_7_Camera_4_20260602T131500.jpg,,,dataset_20260603_063335/AP_Gate_7_Camera_4/AP_Gate_7_Camera_4_20260602T131500.jpg,vehicle_prompts,done,2026-06-04T13:43:00.087919+00:00,0.046,0.696,0.745,,nvidia/cosmos-reason2-8b,"[GENERAL VEHICLE SAFETY]
1. Not visible
2. Not visible

[COLLISIONS & NEAR MISSES]
3. Not visible
4. Not visible

[PARKING & ACCESS VIOLATIONS]
5. Not visible
6. Not visible
7. Not visible

[SUSPICIOUS VEHICLE BEHAVIOR]
8. Not visible
9. Not visible
10. Not visible

[VEHICLE IDENTIFICATION]
11. Not visible
12. Not visible
13. Not visible

[PEDESTRIAN & CHILD SAFETY]
14. Not visible
15. Not visible
16. Not visible
17. Not visible"
20260604T134116Z,AP_Gate_7_Camera_4_20260602T133000.jpg,,,dataset_20260603_063335/AP_Gate_7_Camera_4/AP_Gate_7_Camera_4_20260602T133000.jpg,vehicle_prompts,done,2026-06-04T13:43:00.362212+00:00,0.045,0.708,0.768,,nvidia/cosmos-reason2-8b,"[GENERAL VEHICLE SAFETY]
1. Not visible
2. Not visible

[COLLISIONS & NEAR MISSES]
3. Not visible
4. Not visible

[PARKING & ACCESS VIOLATIONS]
5. Not visible
6. Not visible
7. Not visible

[SUSPICIOUS VEHICLE BEHAVIOR]
8. Not visible
9. Not visible
10. Not visible

[VEHICLE IDENTIFICATION]
11. Not visible
12. Not visible
13. Not visible

[PEDESTRIAN & CHILD SAFETY]
14. Not visible
15. Not visible
16. Not visible
17. Not visible"
20260604T134116Z,AP_Gate_7_Camera_4_20260602T134500.jpg,,,dataset_20260603_063335/AP_Gate_7_Camera_4/AP_Gate_7_Camera_4_20260602T134500.jpg,vehicle_prompts,done,2026-06-04T13:43:00.481988+00:00,0.043,0.86,0.906,,nvidia/cosmos-reason2-8b,"[date]

[GENERAL VEHICLE SAFETY]
1. Not visible
2. Not visible

[COLLISIONS & NEAR MISSES]
3. Not visible
4. Not visible

[PARKING & ACCESS VIOLATIONS]
5. Not visible
6. Not visible
7. Not visible

[SUSPICIOUS VEHICLE BEHAVIOR]
8. Not visible
9. Not visible
10. Not visible

[VEHICLE IDENTIFICATION]
11. Not visible
12. Not visible
13. Not visible

[PEDESTRIAN & CHILD SAFETY]
14. Not visible
15. Not visible
16. Not visible
17. Not visible"
20260604T134116Z,AP_Gate_7_Camera_4_20260602T140000.jpg,,,dataset_20260603_063335/AP_Gate_7_Camera_4/AP_Gate_7_Camera_4_20260602T140000.jpg,vehicle_prompts,done,2026-06-04T13:43:00.695551+00:00,0.045,0.779,0.827,,nvidia/cosmos-reason2-8b,"[GENERAL VEHICLE SAFETY]
1. Not visible
2. Not visible

[COLLISIONS & NEAR MISSES]
3. Not visible
4. Not visible

[PARKING & ACCESS VIOLATIONS]
5. Not visible
6. Not visible
7. Not visible

[SUSPICIOUS VEHICLE BEHAVIOR]
8. Not visible
9. Not visible
10. Not visible

[VEHICLE IDENTIFICATION]
11. Not visible
12. Not visible
13. Not visible

[PEDESTRIAN & CHILD SAFETY]
14. Not visible
15. Not visible
16. Not visible
17. Not visible"
20260604T134116Z,AP_Gate_7_Camera_4_20260602T141500.jpg,,,dataset_20260603_063335/AP_Gate_7_Camera_4/AP_Gate_7_Camera_4_20260602T141500.jpg,vehicle_prompts,done,2026-06-04T13:43:00.835321+00:00,0.046,0.76,0.809,,nvidia/cosmos-reason2-8b,"[date]

[GENERAL VEHICLE SAFETY]
1. Not visible
2. Not visible

[COLLISIONS & NEAR MISSES]
3. Not visible
4. Not visible

[PARKING & ACCESS VIOLATIONS]
5. Not visible
6. Not visible
7. Not visible

[SUSPICIOUS VEHICLE BEHAVIOR]
8. Not visible
9. Not visible
10. Not visible

[VEHICLE IDENTIFICATION]
11. Not visible
12. Not visible
13. Not visible

[PEDESTRIAN & CHILD SAFETY]
14. Not visible
15. Not visible
16. Not visible
17. Not visible"
20260604T134116Z,AP_Gate_7_Camera_4_20260602T143000.jpg,,,dataset_20260603_063335/AP_Gate_7_Camera_4/AP_Gate_7_Camera_4_20260602T143000.jpg,vehicle_prompts,done,2026-06-04T13:43:01.132422+00:00,0.048,0.668,0.72,,nvidia/cosmos-reason2-8b,"[date]

[GENERAL VEHICLE SAFETY]
1. Not visible
2. Not visible

[COLLISIONS & NEAR MISSES]
3. Not visible
4. Not visible

[PARKING & ACCESS VIOLATIONS]
5. Not visible
6. Not visible
7. Not visible

[SUSPICIOUS VEHICLE BEHAVIOR]
8. Not visible
9. Not visible
10. Not visible

[VEHICLE IDENTIFICATION]
11. Not visible
12. Not visible
13. Not visible

[PEDESTRIAN & CHILD SAFETY]
14. Not visible
15. Not visible
16. Not visible
17. Not visible"
20260604T134116Z,AP_Gate_7_Camera_4_20260602T144500.jpg,,,dataset_20260603_063335/AP_Gate_7_Camera_4/AP_Gate_7_Camera_4_20260602T144500.jpg,vehicle_prompts,done,2026-06-04T13:43:01.390609+00:00,0.046,0.64,0.689,,nvidia/cosmos-reason2-8b,"[GENERAL VEHICLE SAFETY]
1. Not visible
2. Not visible

[COLLISIONS & NEAR MISSES]
3. Not visible
4. Not visible

[PARKING & ACCESS VIOLATIONS]
5. Not visible
6. Not visible
7. Not visible

[SUSPICIOUS VEHICLE BEHAVIOR]
8. Not visible
9. Not visible
10. Not visible

[VEHICLE IDENTIFICATION]
11. Not visible
12. Not visible
13. Not visible

[PEDESTRIAN & CHILD SAFETY]
14. Not visible
15. Not visible
16. Not visible
17. Not visible"
20260604T134116Z,AP_Gate_7_Camera_4_20260602T150000.jpg,,,dataset_20260603_063335/AP_Gate_7_Camera_4/AP_Gate_7_Camera_4_20260602T150000.jpg,vehicle_prompts,done,2026-06-04T13:43:01.524986+00:00,0.05,0.748,0.801,,nvidia/cosmos-reason2-8b,"[date]

[GENERAL VEHICLE SAFETY]
1. Not visible
2. Not visible

[COLLISIONS & NEAR MISSES]
3. Not visible
4. Not visible

[PARKING & ACCESS VIOLATIONS]
5. Not visible
6. Not visible
7. Not visible

[SUSPICIOUS VEHICLE BEHAVIOR]
8. Not visible
9. Not visible
10. Not visible

[VEHICLE IDENTIFICATION]
11. Not visible
12. Not visible
13. Not visible

[PEDESTRIAN & CHILD SAFETY]
14. Not visible
15. Not visible
16. Not visible
17. Not visible"
20260604T134116Z,AP_Gate_7_Camera_4_20260602T151500.jpg,,,dataset_20260603_063335/AP_Gate_7_Camera_4/AP_Gate_7_Camera_4_20260602T151500.jpg,vehicle_prompts,done,2026-06-04T13:43:01.646626+00:00,0.038,0.901,0.942,,nvidia/cosmos-reason2-8b,"[date]

[GENERAL VEHICLE SAFETY]
1. Not visible
2. Not visible

[COLLISIONS & NEAR MISSES]
3. Not visible
4. Not visible

[PARKING & ACCESS VIOLATIONS]
5. Not visible
6. Not visible
7. Not visible

[SUSPICIOUS VEHICLE BEHAVIOR]
8. Not visible
9. Not visible
10. Not visible

[VEHICLE IDENTIFICATION]
11. Not visible
12. Not visible
13. Not visible

[PEDESTRIAN & CHILD SAFETY]
14. Not visible
15. Not visible
16. Not visible
17. Not visible"
20260604T134116Z,AP_Gate_7_Camera_4_20260602T153000.jpg,,,dataset_20260603_063335/AP_Gate_7_Camera_4/AP_Gate_7_Camera_4_20260602T153000.jpg,vehicle_prompts,done,2026-06-04T13:43:01.854948+00:00,0.046,0.733,0.782,,nvidia/cosmos-reason2-8b,"[GENERAL VEHICLE SAFETY]
1. Not visible
2. Not visible

[COLLISIONS & NEAR MISSES]
3. Not visible
4. Not visible

[PARKING & ACCESS VIOLATIONS]
5. Not visible
6. Not visible
7. Not visible

[SUSPICIOUS VEHICLE BEHAVIOR]
8. Not visible
9. Not visible
10. Not visible

[VEHICLE IDENTIFICATION]
11. Not visible
12. Not visible
13. Not visible

[PEDESTRIAN & CHILD SAFETY]
14. Not visible
15. Not visible
16. Not visible
17. Not visible"
20260604T134116Z,AP_Gate_7_Camera_4_20260602T154500.jpg,,,dataset_20260603_063335/AP_Gate_7_Camera_4/AP_Gate_7_Camera_4_20260602T154500.jpg,vehicle_prompts,done,2026-06-04T13:43:02.082260+00:00,0.051,0.709,0.763,,nvidia/cosmos-reason2-8b,"[date]

[GENERAL VEHICLE SAFETY]
1. Not visible
2. Not visible

[COLLISIONS & NEAR MISSES]
3. Not visible
4. Not visible

[PARKING & ACCESS VIOLATIONS]
5. Not visible
6. Not visible
7. Not visible

[SUSPICIOUS VEHICLE BEHAVIOR]
8. Not visible
9. Not visible
10. Not visible

[VEHICLE IDENTIFICATION]
11. Not visible
12. Not visible
13. Not visible

[PEDESTRIAN & CHILD SAFETY]
14. Not visible
15. Not visible
16. Not visible
17. Not visible"
20260604T134116Z,AP_Gate_7_Camera_4_20260602T160000.jpg,,,dataset_20260603_063335/AP_Gate_7_Camera_4/AP_Gate_7_Camera_4_20260602T160000.jpg,vehicle_prompts,done,2026-06-04T13:43:02.328623+00:00,0.053,0.694,0.75,,nvidia/cosmos-reason2-8b,"[GENERAL VEHICLE SAFETY]
1. Not visible
2. Not visible

[COLLISIONS & NEAR MISSES]
3. Not visible
4. Not visible

[PARKING & ACCESS VIOLATIONS]
5. Not visible
6. Not visible
7. Not visible

[SUSPICIOUS VEHICLE BEHAVIOR]
8. Not visible
9. Not visible
10. Not visible

[VEHICLE IDENTIFICATION]
11. Not visible
12. Not visible
13. Not visible

[PEDESTRIAN & CHILD SAFETY]
14. Not visible
15. Not visible
16. Not visible
17. Not visible"
20260604T134116Z,AP_Gate_7_Camera_4_20260602T161500.jpg,,,dataset_20260603_063335/AP_Gate_7_Camera_4/AP_Gate_7_Camera_4_20260602T161500.jpg,vehicle_prompts,done,2026-06-04T13:43:02.591674+00:00,0.04,0.68,0.723,,nvidia/cosmos-reason2-8b,"[GENERAL VEHICLE SAFETY]
1. Not visible
2. Not visible

[COLLISIONS & NEAR MISSES]
3. Not visible
4. Not visible

[PARKING & ACCESS VIOLATIONS]
5. Not visible
6. Not visible
7. Not visible

[SUSPICIOUS VEHICLE BEHAVIOR]
8. Not visible
9. Not visible
10. Not visible

[VEHICLE IDENTIFICATION]
11. Not visible
12. Not visible
13. Not visible

[PEDESTRIAN & CHILD SAFETY]
14. Not visible
15. Not visible
16. Not visible
17. Not visible"
20260604T134116Z,AP_Gate_7_Camera_4_20260602T163000.jpg,,,dataset_20260603_063335/AP_Gate_7_Camera_4/AP_Gate_7_Camera_4_20260602T163000.jpg,vehicle_prompts,done,2026-06-04T13:43:02.640772+00:00,0.049,0.891,0.942,,nvidia/cosmos-reason2-8b,"### [GENERAL VEHICLE SAFETY]
1. Not visible
2. Not visible

### [COLLISIONS & NEAR MISSES]
3. Not visible
4. Not visible

### [PARKING & ACCESS VIOLATIONS]
5. Not visible
6. Not visible
7. Not visible

### [SUSPICIOUS VEHICLE BEHAVIOR]
8. Not visible
9. Not visible
10. Not visible

### [VEHICLE IDENTIFICATION]
11. Not visible
12. Not visible
13. Not visible

### [PEDESTRIAN & CHILD SAFETY]
14. Not visible
15. Not visible
16. Not visible
17. Not visible"
20260604T134116Z,AP_Gate_7_Camera_4_20260602T164500.jpg,,,dataset_20260603_063335/AP_Gate_7_Camera_4/AP_Gate_7_Camera_4_20260602T164500.jpg,vehicle_prompts,done,2026-06-04T13:43:02.847415+00:00,0.044,0.74,0.787,,nvidia/cosmos-reason2-8b,"### GENERAL VEHICLE SAFETY
1. Not visible

### COLLISIONS & NEAR MISSES
3. Not visible

### PARKING & ACCESS VIOLATIONS
5. Not visible

### SUSPICIOUS VEHICLE BEHAVIOR
8. Not visible

### VEHICLE IDENTIFICATION
11. Not visible

### PEDESTRIAN & CHILD SAFETY
14. Not visible"
20260604T134116Z,AP_Gate_7_Camera_4_20260602T170000.jpg,,,dataset_20260603_063335/AP_Gate_7_Camera_4/AP_Gate_7_Camera_4_20260602T170000.jpg,vehicle_prompts,done,2026-06-04T13:43:03.081733+00:00,0.04,0.757,0.8,,nvidia/cosmos-reason2-8b,"[date]

[GENERAL VEHICLE SAFETY]
1. Not visible
2. Not visible

[COLLISIONS & NEAR MISSES]
3. Not visible
4. Not visible

[PARKING & ACCESS VIOLATIONS]
5. Not visible
6. Not visible
7. Not visible

[SUSPICIOUS VEHICLE BEHAVIOR]
8. Not visible
9. Not visible
10. Not visible

[VEHICLE IDENTIFICATION]
11. Not visible
12. Not visible
13. Not visible

[PEDESTRIAN & CHILD SAFETY]
14. Not visible
15. Not visible
16. Not visible
17. Not visible"
20260604T134116Z,AP_Gate_7_Camera_4_20260602T171500.jpg,,,dataset_20260603_063335/AP_Gate_7_Camera_4/AP_Gate_7_Camera_4_20260602T171500.jpg,vehicle_prompts,done,2026-06-04T13:43:03.316511+00:00,0.046,0.721,0.77,,nvidia/cosmos-reason2-8b,"[date]

[GENERAL VEHICLE SAFETY]
1. Not visible
2. Not visible

[COLLISIONS & NEAR MISSES]
3. Not visible
4. Not visible

[PARKING & ACCESS VIOLATIONS]
5. Not visible
6. Not visible
7. Not visible

[SUSPICIOUS VEHICLE BEHAVIOR]
8. Not visible
9. Not visible
10. Not visible

[VEHICLE IDENTIFICATION]
11. Not visible
12. Not visible
13. Not visible

[PEDESTRIAN & CHILD SAFETY]
14. Not visible
15. Not visible
16. Not visible
17. Not visible"
20260604T134116Z,AP_Gate_7_Camera_4_20260602T173000.jpg,,,dataset_20260603_063335/AP_Gate_7_Camera_4/AP_Gate_7_Camera_4_20260602T173000.jpg,vehicle_prompts,done,2026-06-04T13:43:03.585496+00:00,0.05,0.682,0.735,,nvidia/cosmos-reason2-8b,"[GENERAL VEHICLE SAFETY]
1. Not visible
2. Not visible

[COLLISIONS & NEAR MISSES]
3. Not visible
4. Not visible

[PARKING & ACCESS VIOLATIONS]
5. Not visible
6. Not visible
7. Not visible

[SUSPICIOUS VEHICLE BEHAVIOR]
8. Not visible
9. Not visible
10. Not visible

[VEHICLE IDENTIFICATION]
11. Not visible
12. Not visible
13. Not visible

[PEDESTRIAN & CHILD SAFETY]
14. Not visible
15. Not visible
16. Not visible
17. Not visible"
20260604T134116Z,AP_Gate_7_Camera_4_20260602T174500.jpg,,,dataset_20260603_063335/AP_Gate_7_Camera_4/AP_Gate_7_Camera_4_20260602T174500.jpg,vehicle_prompts,done,2026-06-04T13:43:03.637623+00:00,0.047,0.814,0.863,,nvidia/cosmos-reason2-8b,"[GENERAL VEHICLE SAFETY]
1. Not visible
2. Not visible

[COLLISIONS & NEAR MISSES]
3. Not visible
4. Not visible

[PARKING & ACCESS VIOLATIONS]
5. Not visible
6. Not visible
7. Not visible

[SUSPICIOUS VEHICLE BEHAVIOR]
8. Not visible
9. Not visible
10. Not visible

[VEHICLE IDENTIFICATION]
11. Not visible
12. Not visible
13. Not visible

[PEDESTRIAN & CHILD SAFETY]
14. Not visible
15. Not visible
16. Not visible
17. Not visible"
20260604T134116Z,AP_Gate_7_Camera_4_20260602T180000.jpg,,,dataset_20260603_063335/AP_Gate_7_Camera_4/AP_Gate_7_Camera_4_20260602T180000.jpg,vehicle_prompts,done,2026-06-04T13:43:03.884645+00:00,0.052,0.77,0.825,,nvidia/cosmos-reason2-8b,"[date]

[GENERAL VEHICLE SAFETY]
1. Not visible
2. Not visible

[COLLISIONS & NEAR MISSES]
3. Not visible
4. Not visible

[PARKING & ACCESS VIOLATIONS]
5. Not visible
6. Not visible
7. Not visible

[SUSPICIOUS VEHICLE BEHAVIOR]
8. Not visible
9. Not visible
10. Not visible

[VEHICLE IDENTIFICATION]
11. Not visible
12. Not visible
13. Not visible

[PEDESTRIAN & CHILD SAFETY]
14. Not visible
15. Not visible
16. Not visible
17. Not visible"
20260604T134116Z,AP_Gate_7_Camera_4_20260602T181500.jpg,,,dataset_20260603_063335/AP_Gate_7_Camera_4/AP_Gate_7_Camera_4_20260602T181500.jpg,vehicle_prompts,done,2026-06-04T13:43:04.089269+00:00,0.045,0.849,0.897,,nvidia/cosmos-reason2-8b,"[date]

[GENERAL VEHICLE SAFETY]
1. Not visible
2. Not visible

[COLLISIONS & NEAR MISSES]
3. Not visible
4. Not visible

[PARKING & ACCESS VIOLATIONS]
5. Not visible
6. Not visible
7. Not visible

[SUSPICIOUS VEHICLE BEHAVIOR]
8. Not visible
9. Not visible
10. Not visible

[VEHICLE IDENTIFICATION]
11. Not visible
12. Not visible
13. Not visible

[PEDESTRIAN & CHILD SAFETY]
14. Not visible
15. Not visible
16. Not visible
17. Not visible"
20260604T134116Z,AP_Gate_7_Camera_4_20260602T183000.jpg,,,dataset_20260603_063335/AP_Gate_7_Camera_4/AP_Gate_7_Camera_4_20260602T183000.jpg,vehicle_prompts,done,2026-06-04T13:43:04.323135+00:00,0.045,0.701,0.748,,nvidia/cosmos-reason2-8b,"[GENERAL VEHICLE SAFETY]
1. Not visible
2. Not visible

[COLLISIONS & NEAR MISSES]
3. Not visible
4. Not visible

[PARKING & ACCESS VIOLATIONS]
5. Not visible
6. Not visible
7. Not visible

[SUSPICIOUS VEHICLE BEHAVIOR]
8. Not visible
9. Not visible
10. Not visible

[VEHICLE IDENTIFICATION]
11. Not visible
12. Not visible
13. Not visible

[PEDESTRIAN & CHILD SAFETY]
14. Not visible
15. Not visible
16. Not visible
17. Not visible"
20260604T134116Z,AP_Gate_7_Camera_4_20260602T184500.jpg,,,dataset_20260603_063335/AP_Gate_7_Camera_4/AP_Gate_7_Camera_4_20260602T184500.jpg,vehicle_prompts,done,2026-06-04T13:43:04.503099+00:00,0.041,0.739,0.782,,nvidia/cosmos-reason2-8b,"[date]

[GENERAL VEHICLE SAFETY]
1. Not visible
2. Not visible

[COLLISIONS & NEAR MISSES]
3. Not visible
4. Not visible

[PARKING & ACCESS VIOLATIONS]
5. Not visible
6. Not visible
7. Not visible

[SUSPICIOUS VEHICLE BEHAVIOR]
8. Not visible
9. Not visible
10. Not visible

[VEHICLE IDENTIFICATION]
11. Not visible
12. Not visible
13. Not visible

[PEDESTRIAN & CHILD SAFETY]
14. Not visible
15. Not visible
16. Not visible
17. Not visible"
20260604T134116Z,AP_Gate_7_Camera_4_20260602T190000.jpg,,,dataset_20260603_063335/AP_Gate_7_Camera_4/AP_Gate_7_Camera_4_20260602T190000.jpg,vehicle_prompts,done,2026-06-04T13:43:04.712245+00:00,0.044,0.765,0.811,,nvidia/cosmos-reason2-8b,"### [GENERAL VEHICLE SAFETY]
1. Not visible

2. Not visible

### [COLLISIONS & NEAR MISSES]
3. Not visible

4. Not visible

### [PARKING & ACCESS VIOLATIONS]
5. Not visible

6. Not visible

7. Not visible

### [SUSPICIOUS VEHICLE BEHAVIOR]
8. Not visible

9. Not visible

10. Not visible

### [VEHICLE IDENTIFICATION]
11. Not visible

12. Not visible

13. Not visible

### [PEDESTRIAN & CHILD SAFETY]
14. Not visible

15. Not visible

16. Not visible

17. Not visible"
20260604T134116Z,AP_Gate_7_Camera_4_20260602T191500.jpg,,,dataset_20260603_063335/AP_Gate_7_Camera_4/AP_Gate_7_Camera_4_20260602T191500.jpg,vehicle_prompts,done,2026-06-04T13:43:04.988513+00:00,0.044,0.703,0.749,,nvidia/cosmos-reason2-8b,"[date]

[GENERAL VEHICLE SAFETY]
1. Not visible
2. Not visible

[COLLISIONS & NEAR MISSES]
3. Not visible
4. Not visible

[PARKING & ACCESS VIOLATIONS]
5. Not visible
6. Not visible
7. Not visible

[SUSPICIOUS VEHICLE BEHAVIOR]
8. Not visible
9. Not visible
10. Not visible

[VEHICLE IDENTIFICATION]
11. Not visible
12. Not visible
13. Not visible

[PEDESTRIAN & CHILD SAFETY]
14. Not visible
15. Not visible
16. Not visible
17. Not visible"
20260604T134116Z,AP_Gate_7_Camera_4_20260602T193000.jpg,,,dataset_20260603_063335/AP_Gate_7_Camera_4/AP_Gate_7_Camera_4_20260602T193000.jpg,vehicle_prompts,done,2026-06-04T13:43:05.073842+00:00,0.044,0.883,0.929,,nvidia/cosmos-reason2-8b,"[GENERAL VEHICLE SAFETY]
1. Not visible
2. Not visible

[COLLISIONS & NEAR MISSES]
3. Not visible
4. Not visible

[PARKING & ACCESS VIOLATIONS]
5. Not visible
6. Not visible
7. Not visible

[SUSPICIOUS VEHICLE BEHAVIOR]
8. Not visible
9. Not visible
10. Not visible

[VEHICLE IDENTIFICATION]
11. Not visible
12. Not visible
13. Not visible

[PEDESTRIAN & CHILD SAFETY]
14. Not visible
15. Not visible
16. Not visible
17. Not visible"
20260604T134116Z,AP_Gate_7_Camera_4_20260602T194500.jpg,,,dataset_20260603_063335/AP_Gate_7_Camera_4/AP_Gate_7_Camera_4_20260602T194500.jpg,vehicle_prompts,done,2026-06-04T13:43:05.288550+00:00,0.045,0.735,0.782,,nvidia/cosmos-reason2-8b,"[GENERAL VEHICLE SAFETY]
1. Not visible
2. Not visible

[COLLISIONS & NEAR MISSES]
3. Not visible
4. Not visible

[PARKING & ACCESS VIOLATIONS]
5. Not visible
6. Not visible
7. Not visible

[SUSPICIOUS VEHICLE BEHAVIOR]
8. Not visible
9. Not visible
10. Not visible

[VEHICLE IDENTIFICATION]
11. Not visible
12. Not visible
13. Not visible

[PEDESTRIAN & CHILD SAFETY]
14. Not visible
15. Not visible
16. Not visible
17. Not visible"
20260604T134116Z,AP_Gate_7_Camera_4_20260602T200000.jpg,,,dataset_20260603_063335/AP_Gate_7_Camera_4/AP_Gate_7_Camera_4_20260602T200000.jpg,vehicle_prompts,done,2026-06-04T13:43:05.526277+00:00,0.05,0.765,0.818,,nvidia/cosmos-reason2-8b,"[GENERAL VEHICLE SAFETY]
1. Not visible
2. Not visible

[COLLISIONS & NEAR MISSES]
3. Not visible
4. Not visible

[PARKING & ACCESS VIOLATIONS]
5. Not visible
6. Not visible
7. Not visible

[SUSPICIOUS VEHICLE BEHAVIOR]
8. Not visible
9. Not visible
10. Not visible

[VEHICLE IDENTIFICATION]
11. Not visible
12. Not visible
13. Not visible

[PEDESTRIAN & CHILD SAFETY]
14. Not visible
15. Not visible
16. Not visible
17. Not visible"
20260604T134116Z,AP_Gate_7_Camera_4_20260602T201500.jpg,,,dataset_20260603_063335/AP_Gate_7_Camera_4/AP_Gate_7_Camera_4_20260602T201500.jpg,vehicle_prompts,done,2026-06-04T13:43:05.740947+00:00,0.045,0.701,0.748,,nvidia/cosmos-reason2-8b,"[GENERAL VEHICLE SAFETY]
1. Not visible
2. Not visible

[COLLISIONS & NEAR MISSES]
3. Not visible
4. Not visible

[PARKING & ACCESS VIOLATIONS]
5. Not visible
6. Not visible
7. Not visible

[SUSPICIOUS VEHICLE BEHAVIOR]
8. Not visible
9. Not visible
10. Not visible

[VEHICLE IDENTIFICATION]
11. Not visible
12. Not visible
13. Not visible

[PEDESTRIAN & CHILD SAFETY]
14. Not visible
15. Not visible
16. Not visible
17. Not visible"
20260604T134116Z,AP_Gate_7_Camera_4_20260602T203000.jpg,,,dataset_20260603_063335/AP_Gate_7_Camera_4/AP_Gate_7_Camera_4_20260602T203000.jpg,vehicle_prompts,done,2026-06-04T13:43:06.005248+00:00,0.049,0.693,0.744,,nvidia/cosmos-reason2-8b,"[GENERAL VEHICLE SAFETY]
1. Not visible
2. Not visible

[COLLISIONS & NEAR MISSES]
3. Not visible
4. Not visible

[PARKING & ACCESS VIOLATIONS]
5. Not visible
6. Not visible
7. Not visible

[SUSPICIOUS VEHICLE BEHAVIOR]
8. Not visible
9. Not visible
10. Not visible

[VEHICLE IDENTIFICATION]
11. Not visible
12. Not visible
13. Not visible

[PEDESTRIAN & CHILD SAFETY]
14. Not visible
15. Not visible
16. Not visible
17. Not visible"
20260604T134116Z,AP_Gate_7_Camera_4_20260602T204500.jpg,,,dataset_20260603_063335/AP_Gate_7_Camera_4/AP_Gate_7_Camera_4_20260602T204500.jpg,vehicle_prompts,done,2026-06-04T13:43:06.073236+00:00,0.041,0.771,0.815,,nvidia/cosmos-reason2-8b,"[GENERAL VEHICLE SAFETY]
1. Not visible
2. Not visible

[COLLISIONS & NEAR MISSES]
3. Not visible
4. Not visible

[PARKING & ACCESS VIOLATIONS]
5. Not visible
6. Not visible
7. Not visible

[SUSPICIOUS VEHICLE BEHAVIOR]
8. Not visible
9. Not visible
10. Not visible

[VEHICLE IDENTIFICATION]
11. Not visible
12. Not visible
13. Not visible

[PEDESTRIAN & CHILD SAFETY]
14. Not visible
15. Not visible
16. Not visible
17. Not visible"
20260604T134116Z,AP_Gate_7_Camera_4_20260602T210000.jpg,,,dataset_20260603_063335/AP_Gate_7_Camera_4/AP_Gate_7_Camera_4_20260602T210000.jpg,vehicle_prompts,done,2026-06-04T13:43:06.346573+00:00,0.041,0.705,0.749,,nvidia/cosmos-reason2-8b,"[GENERAL VEHICLE SAFETY]
1. Not visible
2. Not visible

[COLLISIONS & NEAR MISSES]
3. Not visible
4. Not visible

[PARKING & ACCESS VIOLATIONS]
5. Not visible
6. Not visible
7. Not visible

[SUSPICIOUS VEHICLE BEHAVIOR]
8. Not visible
9. Not visible
10. Not visible

[VEHICLE IDENTIFICATION]
11. Not visible
12. Not visible
13. Not visible

[PEDESTRIAN & CHILD SAFETY]
14. Not visible
15. Not visible
16. Not visible
17. Not visible"
20260604T134116Z,AP_Gate_7_Camera_4_20260602T211500.jpg,,,dataset_20260603_063335/AP_Gate_7_Camera_4/AP_Gate_7_Camera_4_20260602T211500.jpg,vehicle_prompts,done,2026-06-04T13:43:06.492232+00:00,0.044,0.744,0.79,,nvidia/cosmos-reason2-8b,"[GENERAL VEHICLE SAFETY]
1. Not visible
2. Not visible

[COLLISIONS & NEAR MISSES]
3. Not visible
4. Not visible

[PARKING & ACCESS VIOLATIONS]
5. Not visible
6. Not visible
7. Not visible

[SUSPICIOUS VEHICLE BEHAVIOR]
8. Not visible
9. Not visible
10. Not visible

[VEHICLE IDENTIFICATION]
11. Not visible
12. Not visible
13. Not visible

[PEDESTRIAN & CHILD SAFETY]
14. Not visible
15. Not visible
16. Not visible
17. Not visible"
20260604T134116Z,AP_Gate_7_Camera_4_20260602T213000.jpg,,,dataset_20260603_063335/AP_Gate_7_Camera_4/AP_Gate_7_Camera_4_20260602T213000.jpg,vehicle_prompts,done,2026-06-04T13:43:06.752324+00:00,0.046,0.688,0.736,,nvidia/cosmos-reason2-8b,"[GENERAL VEHICLE SAFETY]
1. Not visible
2. Not visible

[COLLISIONS & NEAR MISSES]
3. Not visible
4. Not visible

[PARKING & ACCESS VIOLATIONS]
5. Not visible
6. Not visible
7. Not visible

[SUSPICIOUS VEHICLE BEHAVIOR]
8. Not visible
9. Not visible
10. Not visible

[VEHICLE IDENTIFICATION]
11. Not visible
12. Not visible
13. Not visible

[PEDESTRIAN & CHILD SAFETY]
14. Not visible
15. Not visible
16. Not visible
17. Not visible"
20260604T134116Z,AP_Gate_7_Camera_4_20260602T214500.jpg,,,dataset_20260603_063335/AP_Gate_7_Camera_4/AP_Gate_7_Camera_4_20260602T214500.jpg,vehicle_prompts,done,2026-06-04T13:43:06.890876+00:00,0.038,1.02,1.061,,nvidia/cosmos-reason2-8b,"[GENERAL VEHICLE SAFETY]
1. Not visible
2. Not visible

[COLLISIONS & NEAR MISSES]
3. Not visible
4. Not visible

[PARKING & ACCESS VIOLATIONS]
5. Not visible
6. Not visible
7. Not visible

[SUSPICIOUS VEHICLE BEHAVIOR]
8. Not visible
9. Not visible
10. Not visible

[VEHICLE IDENTIFICATION]
11. Not visible
12. Not visible
13. Not visible

[PEDESTRIAN & CHILD SAFETY]
14. Not visible
15. Not visible
16. Not visible
17. Not visible"
20260604T134116Z,AP_Gate_7_Camera_4_20260602T220000.jpg,,,dataset_20260603_063335/AP_Gate_7_Camera_4/AP_Gate_7_Camera_4_20260602T220000.jpg,vehicle_prompts,done,2026-06-04T13:43:07.098074+00:00,0.04,0.715,0.758,,nvidia/cosmos-reason2-8b,"[GENERAL VEHICLE SAFETY]
1. Not visible
2. Not visible

[COLLISIONS & NEAR MISSES]
3. Not visible
4. Not visible

[PARKING & ACCESS VIOLATIONS]
5. Not visible
6. Not visible
7. Not visible

[SUSPICIOUS VEHICLE BEHAVIOR]
8. Not visible
9. Not visible
10. Not visible

[VEHICLE IDENTIFICATION]
11. Not visible
12. Not visible
13. Not visible

[PEDESTRIAN & CHILD SAFETY]
14. Not visible
15. Not visible
16. Not visible
17. Not visible"
20260604T134116Z,AP_Gate_7_Camera_4_20260602T221500.jpg,,,dataset_20260603_063335/AP_Gate_7_Camera_4/AP_Gate_7_Camera_4_20260602T221500.jpg,vehicle_prompts,done,2026-06-04T13:43:07.284207+00:00,0.044,0.801,0.847,,nvidia/cosmos-reason2-8b,"[GENERAL VEHICLE SAFETY]
1. Not visible
2. Not visible

[COLLISIONS & NEAR MISSES]
3. Not visible
4. Not visible

[PARKING & ACCESS VIOLATIONS]
5. Not visible
6. Not visible
7. Not visible

[SUSPICIOUS VEHICLE BEHAVIOR]
8. Not visible
9. Not visible
10. Not visible

[VEHICLE IDENTIFICATION]
11. Not visible
12. Not visible
13. Not visible

[PEDESTRIAN & CHILD SAFETY]
14. Not visible
15. Not visible
16. Not visible
17. Not visible"
20260604T134116Z,AP_Gate_7_Camera_4_20260602T223000.jpg,,,dataset_20260603_063335/AP_Gate_7_Camera_4/AP_Gate_7_Camera_4_20260602T223000.jpg,vehicle_prompts,done,2026-06-04T13:43:07.490768+00:00,0.042,0.742,0.785,,nvidia/cosmos-reason2-8b,"[GENERAL VEHICLE SAFETY]
1. Not visible
2. Not visible

[COLLISIONS & NEAR MISSES]
3. Not visible
4. Not visible

[PARKING & ACCESS VIOLATIONS]
5. Not visible
6. Not visible
7. Not visible

[SUSPICIOUS VEHICLE BEHAVIOR]
8. Not visible
9. Not visible
10. Not visible

[VEHICLE IDENTIFICATION]
11. Not visible
12. Not visible
13. Not visible

[PEDESTRIAN & CHILD SAFETY]
14. Not visible
15. Not visible
16. Not visible
17. Not visible"
20260604T134116Z,AP_Gate_7_Camera_4_20260602T224500.jpg,,,dataset_20260603_063335/AP_Gate_7_Camera_4/AP_Gate_7_Camera_4_20260602T224500.jpg,vehicle_prompts,done,2026-06-04T13:43:07.859090+00:00,0.047,0.689,0.739,,nvidia/cosmos-reason2-8b,"[GENERAL VEHICLE SAFETY]
1. Not visible
2. Not visible

[COLLISIONS & NEAR MISSES]
3. Not visible
4. Not visible

[PARKING & ACCESS VIOLATIONS]
5. Not visible
6. Not visible
7. Not visible

[SUSPICIOUS VEHICLE BEHAVIOR]
8. Not visible
9. Not visible
10. Not visible

[VEHICLE IDENTIFICATION]
11. Not visible
12. Not visible
13. Not visible

[PEDESTRIAN & CHILD SAFETY]
14. Not visible
15. Not visible
16. Not visible
17. Not visible"
20260604T134116Z,AP_Gate_7_Camera_4_20260602T230000.jpg,,,dataset_20260603_063335/AP_Gate_7_Camera_4/AP_Gate_7_Camera_4_20260602T230000.jpg,vehicle_prompts,done,2026-06-04T13:43:07.954225+00:00,0.045,0.739,0.786,,nvidia/cosmos-reason2-8b,"[GENERAL VEHICLE SAFETY]
1. Not visible
2. Not visible

[COLLISIONS & NEAR MISSES]
3. Not visible
4. Not visible

[PARKING & ACCESS VIOLATIONS]
5. Not visible
6. Not visible
7. Not visible

[SUSPICIOUS VEHICLE BEHAVIOR]
8. Not visible
9. Not visible
10. Not visible

[VEHICLE IDENTIFICATION]
11. Not visible
12. Not visible
13. Not visible

[PEDESTRIAN & CHILD SAFETY]
14. Not visible
15. Not visible
16. Not visible
17. Not visible"
20260604T134116Z,AP_Gate_7_Camera_4_20260602T231500.jpg,,,dataset_20260603_063335/AP_Gate_7_Camera_4/AP_Gate_7_Camera_4_20260602T231500.jpg,vehicle_prompts,done,2026-06-04T13:43:08.134948+00:00,0.051,0.778,0.832,,nvidia/cosmos-reason2-8b,"[GENERAL VEHICLE SAFETY]
1. Not visible
2. Not visible

[COLLISIONS & NEAR MISSES]
3. Not visible
4. Not visible

[PARKING & ACCESS VIOLATIONS]
5. Not visible
6. Not visible
7. Not visible

[SUSPICIOUS VEHICLE BEHAVIOR]
8. Not visible
9. Not visible
10. Not visible

[VEHICLE IDENTIFICATION]
11. Not visible
12. Not visible
13. Not visible

[PEDESTRIAN & CHILD SAFETY]
14. Not visible
15. Not visible
16. Not visible
17. Not visible"
20260604T134116Z,AP_Gate_7_Camera_4_20260602T233000.jpg,,,dataset_20260603_063335/AP_Gate_7_Camera_4/AP_Gate_7_Camera_4_20260602T233000.jpg,vehicle_prompts,done,2026-06-04T13:43:08.278332+00:00,0.04,0.767,0.81,,nvidia/cosmos-reason2-8b,"[GENERAL VEHICLE SAFETY]
1. Not visible
2. Not visible

[COLLISIONS & NEAR MISSES]
3. Not visible
4. Not visible

[PARKING & ACCESS VIOLATIONS]
5. Not visible
6. Not visible
7. Not visible

[SUSPICIOUS VEHICLE BEHAVIOR]
8. Not visible
9. Not visible
10. Not visible

[VEHICLE IDENTIFICATION]
11. Not visible
12. Not visible
13. Not visible

[PEDESTRIAN & CHILD SAFETY]
14. Not visible
15. Not visible
16. Not visible
17. Not visible"
20260604T134116Z,AP_Gate_7_Camera_4_20260602T234500.jpg,,,dataset_20260603_063335/AP_Gate_7_Camera_4/AP_Gate_7_Camera_4_20260602T234500.jpg,vehicle_prompts,done,2026-06-04T13:43:08.600920+00:00,0.043,0.647,0.693,,nvidia/cosmos-reason2-8b,"[GENERAL VEHICLE SAFETY]
1. Not visible
2. Not visible

[COLLISIONS & NEAR MISSES]
3. Not visible
4. Not visible

[PARKING & ACCESS VIOLATIONS]
5. Not visible
6. Not visible
7. Not visible

[SUSPICIOUS VEHICLE BEHAVIOR]
8. Not visible
9. Not visible
10. Not visible

[VEHICLE IDENTIFICATION]
11. Not visible
12. Not visible
13. Not visible

[PEDESTRIAN & CHILD SAFETY]
14. Not visible
15. Not visible
16. Not visible
17. Not visible"
20260604T134116Z,LP_Farmers_Market_Restroom_1_20260602T000000.jpg,,,dataset_20260603_063335/LP_Farmers_Market_Restroom_1/LP_Farmers_Market_Restroom_1_20260602T000000.jpg,vehicle_prompts,done,2026-06-04T13:57:41.220378+00:00,0.185,1.17,1.372,,nvidia/cosmos-reason2-8b,"[date]

[GENERAL VEHICLE SAFETY]
1. Not visible
2. Not visible

[COLLISIONS & NEAR MISSES]
3. Not visible
4. Not visible

[PARKING & ACCESS VIOLATIONS]
5. Not visible
6. Not visible
7. Not visible

[SUSPICIOUS VEHICLE BEHAVIOR]
8. Not visible
9. Not visible
10. Not visible

[VEHICLE IDENTIFICATION]
11. Not visible
12. Not visible
13. Not visible

[PEDESTRIAN & CHILD SAFETY]
14. Not visible
15. Not visible
16. Not visible
17. Not visible"
20260604T134116Z,LP_Farmers_Market_Restroom_1_20260602T001500.jpg,,,dataset_20260603_063335/LP_Farmers_Market_Restroom_1/LP_Farmers_Market_Restroom_1_20260602T001500.jpg,vehicle_prompts,done,2026-06-04T13:57:41.220708+00:00,0.185,1.232,1.434,,nvidia/cosmos-reason2-8b,"[GENERAL VEHICLE SAFETY]
1. Not visible
2. Not visible

[COLLISIONS & NEAR MISSES]
3. Not visible
4. Not visible

[PARKING & ACCESS VIOLATIONS]
5. Not visible
6. Not visible
7. Not visible

[SUSPICIOUS VEHICLE BEHAVIOR]
8. Not visible
9. Not visible
10. Not visible

[VEHICLE IDENTIFICATION]
11. Not visible
12. Not visible
13. Not visible

[PEDESTRIAN & CHILD SAFETY]
14. Not visible
15. Not visible
16. Not visible
17. Not visible"
20260604T134116Z,LP_Farmers_Market_Restroom_1_20260602T003000.jpg,,,dataset_20260603_063335/LP_Farmers_Market_Restroom_1/LP_Farmers_Market_Restroom_1_20260602T003000.jpg,vehicle_prompts,done,2026-06-04T13:57:41.221458+00:00,0.184,0.667,0.867,,nvidia/cosmos-reason2-8b,"[GENERAL VEHICLE SAFETY]
1. Not visible
2. Not visible

[COLLISIONS & NEAR MISSES]
3. Not visible
4. Not visible

[PARKING & ACCESS VIOLATIONS]
5. Not visible
6. Not visible
7. Not visible

[SUSPICIOUS VEHICLE BEHAVIOR]
8. Not visible
9. Not visible
10. Not visible

[VEHICLE IDENTIFICATION]
11. Not visible
12. Not visible
13. Not visible

[PEDESTRIAN & CHILD SAFETY]
14. Not visible
15. Not visible
16. Not visible
17. Not visible"
20260604T134116Z,LP_Farmers_Market_Restroom_1_20260602T004500.jpg,,,dataset_20260603_063335/LP_Farmers_Market_Restroom_1/LP_Farmers_Market_Restroom_1_20260602T004500.jpg,vehicle_prompts,done,2026-06-04T13:57:41.221718+00:00,0.185,1.084,1.285,,nvidia/cosmos-reason2-8b,"[date]

[GENERAL VEHICLE SAFETY]
1. Not visible
2. Not visible

[COLLISIONS & NEAR MISSES]
3. Not visible
4. Not visible

[PARKING & ACCESS VIOLATIONS]
5. Not visible
6. Not visible
7. Not visible

[SUSPICIOUS VEHICLE BEHAVIOR]
8. Not visible
9. Not visible
10. Not visible

[VEHICLE IDENTIFICATION]
11. Not visible
12. Not visible
13. Not visible

[PEDESTRIAN & CHILD SAFETY]
14. Not visible
15. Not visible
16. Not visible
17. Not visible"
20260604T134116Z,LP_Farmers_Market_Restroom_1_20260602T010000.jpg,,,dataset_20260603_063335/LP_Farmers_Market_Restroom_1/LP_Farmers_Market_Restroom_1_20260602T010000.jpg,vehicle_prompts,done,2026-06-04T13:57:42.091007+00:00,0.051,0.757,0.811,,nvidia/cosmos-reason2-8b,"### [GENERAL VEHICLE SAFETY]
1. Not visible
2. Not visible

### [COLLISIONS & NEAR MISSES]
3. Not visible
4. Not visible

### [PARKING & ACCESS VIOLATIONS]
5. Not visible
6. Not visible
7. Not visible

### [SUSPICIOUS VEHICLE BEHAVIOR]
8. Not visible
9. Not visible
10. Not visible

### [VEHICLE IDENTIFICATION]
11. Not visible
12. Not visible
13. Not visible

### [PEDESTRIAN & CHILD SAFETY]
14. Not visible
15. Not visible
16. Not visible
17. Not visible"
20260604T134116Z,LP_Farmers_Market_Restroom_1_20260602T011500.jpg,,,dataset_20260603_063335/LP_Farmers_Market_Restroom_1/LP_Farmers_Market_Restroom_1_20260602T011500.jpg,vehicle_prompts,done,2026-06-04T13:57:42.509621+00:00,0.047,1.104,1.154,,nvidia/cosmos-reason2-8b,"[GENERAL VEHICLE SAFETY]
1. Not visible
2. Not visible

[COLLISIONS & NEAR MISSES]
3. Not visible
4. Not visible

[PARKING & ACCESS VIOLATIONS]
5. Not visible
6. Not visible
7. Not visible

[SUSPICIOUS VEHICLE BEHAVIOR]
8. Not visible
9. Not visible
10. Not visible

[VEHICLE IDENTIFICATION]
11. Not visible
12. Not visible
13. Not visible

[PEDESTRIAN & CHILD SAFETY]
14. Not visible
15. Not visible
16. Not visible
17. Not visible"
20260604T134116Z,LP_Farmers_Market_Restroom_1_20260602T013000.jpg,,,dataset_20260603_063335/LP_Farmers_Market_Restroom_1/LP_Farmers_Market_Restroom_1_20260602T013000.jpg,vehicle_prompts,done,2026-06-04T13:57:42.595128+00:00,0.051,0.769,0.822,,nvidia/cosmos-reason2-8b,"[date]

[GENERAL VEHICLE SAFETY]
1. Not visible
2. Not visible

[COLLISIONS & NEAR MISSES]
3. Not visible
4. Not visible

[PARKING & ACCESS VIOLATIONS]
5. Not visible
6. Not visible
7. Not visible

[SUSPICIOUS VEHICLE BEHAVIOR]
8. Not visible
9. Not visible
10. Not visible

[VEHICLE IDENTIFICATION]
11. Not visible
12. Not visible
13. Not visible

[PEDESTRIAN & CHILD SAFETY]
14. Not visible
15. Not visible
16. Not visible
17. Not visible"
20260604T134116Z,LP_Farmers_Market_Restroom_1_20260602T014500.jpg,,,dataset_20260603_063335/LP_Farmers_Market_Restroom_1/LP_Farmers_Market_Restroom_1_20260602T014500.jpg,vehicle_prompts,done,2026-06-04T13:57:42.657221+00:00,0.041,1.01,1.054,,nvidia/cosmos-reason2-8b,"[GENERAL VEHICLE SAFETY]
1. Not visible
2. Not visible

[COLLISIONS & NEAR MISSES]
3. Not visible
4. Not visible

[PARKING & ACCESS VIOLATIONS]
5. Not visible
6. Not visible
7. Not visible

[SUSPICIOUS VEHICLE BEHAVIOR]
8. Not visible
9. Not visible
10. Not visible

[VEHICLE IDENTIFICATION]
11. Not visible
12. Not visible
13. Not visible

[PEDESTRIAN & CHILD SAFETY]
14. Not visible
15. Not visible
16. Not visible
17. Not visible"
20260604T134116Z,LP_Farmers_Market_Restroom_1_20260602T020000.jpg,,,dataset_20260603_063335/LP_Farmers_Market_Restroom_1/LP_Farmers_Market_Restroom_1_20260602T020000.jpg,vehicle_prompts,done,2026-06-04T13:57:42.903989+00:00,0.052,0.933,0.988,,nvidia/cosmos-reason2-8b,"[date]

[GENERAL VEHICLE SAFETY]
1. Not visible
2. Not visible

[COLLISIONS & NEAR MISSES]
3. Not visible
4. Not visible

[PARKING & ACCESS VIOLATIONS]
5. Not visible
6. Not visible
7. Not visible

[SUSPICIOUS VEHICLE BEHAVIOR]
8. Not visible
9. Not visible
10. Not visible

[VEHICLE IDENTIFICATION]
11. Not visible
12. Not visible
13. Not visible

[PEDESTRIAN & CHILD SAFETY]
14. Not visible
15. Not visible
16. Not visible
17. Not visible"
20260604T134116Z,LP_Farmers_Market_Restroom_1_20260602T021500.jpg,,,dataset_20260603_063335/LP_Farmers_Market_Restroom_1/LP_Farmers_Market_Restroom_1_20260602T021500.jpg,vehicle_prompts,done,2026-06-04T13:57:43.420567+00:00,0.042,0.667,0.725,,nvidia/cosmos-reason2-8b,"[GENERAL VEHICLE SAFETY]
1. Not visible
2. Not visible

[COLLISIONS & NEAR MISSES]
3. Not visible
4. Not visible

[PARKING & ACCESS VIOLATIONS]
5. Not visible
6. Not visible
7. Not visible

[SUSPICIOUS VEHICLE BEHAVIOR]
8. Not visible
9. Not visible
10. Not visible

[VEHICLE IDENTIFICATION]
11. Not visible
12. Not visible
13. Not visible

[PEDESTRIAN & CHILD SAFETY]
14. Not visible
15. Not visible
16. Not visible
17. Not visible"
20260604T134116Z,LP_Farmers_Market_Restroom_1_20260602T023000.jpg,,,dataset_20260603_063335/LP_Farmers_Market_Restroom_1/LP_Farmers_Market_Restroom_1_20260602T023000.jpg,vehicle_prompts,done,2026-06-04T13:57:43.666862+00:00,0.046,0.729,0.778,,nvidia/cosmos-reason2-8b,"[date]

[GENERAL VEHICLE SAFETY]
1. Not visible
2. Not visible

[COLLISIONS & NEAR MISSES]
3. Not visible
4. Not visible

[PARKING & ACCESS VIOLATIONS]
5. Not visible
6. Not visible
7. Not visible

[SUSPICIOUS VEHICLE BEHAVIOR]
8. Not visible
9. Not visible
10. Not visible

[VEHICLE IDENTIFICATION]
11. Not visible
12. Not visible
13. Not visible

[PEDESTRIAN & CHILD SAFETY]
14. Not visible
15. Not visible
16. Not visible
17. Not visible"
20260604T134116Z,LP_Farmers_Market_Restroom_1_20260602T024500.jpg,,,dataset_20260603_063335/LP_Farmers_Market_Restroom_1/LP_Farmers_Market_Restroom_1_20260602T024500.jpg,vehicle_prompts,done,2026-06-04T13:57:43.714366+00:00,0.041,0.869,0.914,,nvidia/cosmos-reason2-8b,"[GENERAL VEHICLE SAFETY]
1. Not visible
2. Not visible

[COLLISIONS & NEAR MISSES]
3. Not visible
4. Not visible

[PARKING & ACCESS VIOLATIONS]
5. Not visible
6. Not visible
7. Not visible

[SUSPICIOUS VEHICLE BEHAVIOR]
8. Not visible
9. Not visible
10. Not visible

[VEHICLE IDENTIFICATION]
11. Not visible
12. Not visible
13. Not visible

[PEDESTRIAN & CHILD SAFETY]
14. Not visible
15. Not visible
16. Not visible
17. Not visible"
20260604T134116Z,LP_Farmers_Market_Restroom_1_20260602T030000.jpg,,,dataset_20260603_063335/LP_Farmers_Market_Restroom_1/LP_Farmers_Market_Restroom_1_20260602T030000.jpg,vehicle_prompts,done,2026-06-04T13:57:43.894928+00:00,0.047,0.94,0.99,,nvidia/cosmos-reason2-8b,"[date]

[GENERAL VEHICLE SAFETY]
1. Not visible
2. Not visible

[COLLISIONS & NEAR MISSES]
3. Not visible
4. Not visible

[PARKING & ACCESS VIOLATIONS]
5. Not visible
6. Not visible
7. Not visible

[SUSPICIOUS VEHICLE BEHAVIOR]
8. Not visible
9. Not visible
10. Not visible

[VEHICLE IDENTIFICATION]
11. Not visible
12. Not visible
13. Not visible

[PEDESTRIAN & CHILD SAFETY]
14. Not visible
15. Not visible
16. Not visible
17. Not visible"
20260604T134116Z,LP_Farmers_Market_Restroom_1_20260602T031500.jpg,,,dataset_20260603_063335/LP_Farmers_Market_Restroom_1/LP_Farmers_Market_Restroom_1_20260602T031500.jpg,vehicle_prompts,done,2026-06-04T13:57:44.148617+00:00,0.052,0.77,0.824,,nvidia/cosmos-reason2-8b,"[GENERAL VEHICLE SAFETY]
1. Not visible
2. Not visible

[COLLISIONS & NEAR MISSES]
3. Not visible
4. Not visible

[PARKING & ACCESS VIOLATIONS]
5. Not visible
6. Not visible
7. Not visible

[SUSPICIOUS VEHICLE BEHAVIOR]
8. Not visible
9. Not visible
10. Not visible

[VEHICLE IDENTIFICATION]
11. Not visible
12. Not visible
13. Not visible

[PEDESTRIAN & CHILD SAFETY]
14. Not visible
15. Not visible
16. Not visible
17. Not visible"
20260604T134116Z,LP_Farmers_Market_Restroom_1_20260602T033000.jpg,,,dataset_20260603_063335/LP_Farmers_Market_Restroom_1/LP_Farmers_Market_Restroom_1_20260602T033000.jpg,vehicle_prompts,done,2026-06-04T13:57:44.447148+00:00,0.054,0.682,0.738,,nvidia/cosmos-reason2-8b,"[GENERAL VEHICLE SAFETY]
1. Not visible
2. Not visible

[COLLISIONS & NEAR MISSES]
3. Not visible
4. Not visible

[PARKING & ACCESS VIOLATIONS]
5. Not visible
6. Not visible
7. Not visible

[SUSPICIOUS VEHICLE BEHAVIOR]
8. Not visible
9. Not visible
10. Not visible

[VEHICLE IDENTIFICATION]
11. Not visible
12. Not visible
13. Not visible

[PEDESTRIAN & CHILD SAFETY]
14. Not visible
15. Not visible
16. Not visible
17. Not visible"
20260604T134116Z,LP_Farmers_Market_Restroom_1_20260602T034500.jpg,,,dataset_20260603_063335/LP_Farmers_Market_Restroom_1/LP_Farmers_Market_Restroom_1_20260602T034500.jpg,vehicle_prompts,done,2026-06-04T13:57:44.630807+00:00,0.044,0.681,0.727,,nvidia/cosmos-reason2-8b,"[GENERAL VEHICLE SAFETY]
1. Not visible
2. Not visible

[COLLISIONS & NEAR MISSES]
3. Not visible
4. Not visible

[PARKING & ACCESS VIOLATIONS]
5. Not visible
6. Not visible
7. Not visible

[SUSPICIOUS VEHICLE BEHAVIOR]
8. Not visible
9. Not visible
10. Not visible

[VEHICLE IDENTIFICATION]
11. Not visible
12. Not visible
13. Not visible

[PEDESTRIAN & CHILD SAFETY]
14. Not visible
15. Not visible
16. Not visible
17. Not visible"
20260604T134116Z,LP_Farmers_Market_Restroom_1_20260602T040000.jpg,,,dataset_20260603_063335/LP_Farmers_Market_Restroom_1/LP_Farmers_Market_Restroom_1_20260602T040000.jpg,vehicle_prompts,done,2026-06-04T13:57:44.887170+00:00,0.042,0.748,0.793,,nvidia/cosmos-reason2-8b,"[GENERAL VEHICLE SAFETY]
1. Not visible
2. Not visible

[COLLISIONS & NEAR MISSES]
3. Not visible
4. Not visible

[PARKING & ACCESS VIOLATIONS]
5. Not visible
6. Not visible
7. Not visible

[SUSPICIOUS VEHICLE BEHAVIOR]
8. Not visible
9. Not visible
10. Not visible

[VEHICLE IDENTIFICATION]
11. Not visible
12. Not visible
13. Not visible

[PEDESTRIAN & CHILD SAFETY]
14. Not visible
15. Not visible
16. Not visible
17. Not visible"
20260604T134116Z,LP_Farmers_Market_Restroom_1_20260602T041500.jpg,,,dataset_20260603_063335/LP_Farmers_Market_Restroom_1/LP_Farmers_Market_Restroom_1_20260602T041500.jpg,vehicle_prompts,done,2026-06-04T13:57:44.974933+00:00,0.038,0.852,0.893,,nvidia/cosmos-reason2-8b,"[GENERAL VEHICLE SAFETY]
1. Not visible
2. Not visible

[COLLISIONS & NEAR MISSES]
3. Not visible
4. Not visible

[PARKING & ACCESS VIOLATIONS]
5. Not visible
6. Not visible
7. Not visible

[SUSPICIOUS VEHICLE BEHAVIOR]
8. Not visible
9. Not visible
10. Not visible

[VEHICLE IDENTIFICATION]
11. Not visible
12. Not visible
13. Not visible

[PEDESTRIAN & CHILD SAFETY]
14. Not visible
15. Not visible
16. Not visible
17. Not visible"
20260604T134116Z,LP_Farmers_Market_Restroom_1_20260602T043000.jpg,,,dataset_20260603_063335/LP_Farmers_Market_Restroom_1/LP_Farmers_Market_Restroom_1_20260602T043000.jpg,vehicle_prompts,done,2026-06-04T13:57:45.187501+00:00,0.038,0.716,0.756,,nvidia/cosmos-reason2-8b,"[GENERAL VEHICLE SAFETY]
1. Not visible
2. Not visible

[COLLISIONS & NEAR MISSES]
3. Not visible
4. Not visible

[PARKING & ACCESS VIOLATIONS]
5. Not visible
6. Not visible
7. Not visible

[SUSPICIOUS VEHICLE BEHAVIOR]
8. Not visible
9. Not visible
10. Not visible

[VEHICLE IDENTIFICATION]
11. Not visible
12. Not visible
13. Not visible

[PEDESTRIAN & CHILD SAFETY]
14. Not visible
15. Not visible
16. Not visible
17. Not visible"
20260604T134116Z,LP_Farmers_Market_Restroom_1_20260602T044500.jpg,,,dataset_20260603_063335/LP_Farmers_Market_Restroom_1/LP_Farmers_Market_Restroom_1_20260602T044500.jpg,vehicle_prompts,done,2026-06-04T13:57:45.361304+00:00,0.046,0.75,0.799,,nvidia/cosmos-reason2-8b,"[GENERAL VEHICLE SAFETY]
1. Not visible
2. Not visible

[COLLISIONS & NEAR MISSES]
3. Not visible
4. Not visible

[PARKING & ACCESS VIOLATIONS]
5. Not visible
6. Not visible
7. Not visible

[SUSPICIOUS VEHICLE BEHAVIOR]
8. Not visible
9. Not visible
10. Not visible

[VEHICLE IDENTIFICATION]
11. Not visible
12. Not visible
13. Not visible

[PEDESTRIAN & CHILD SAFETY]
14. Not visible
15. Not visible
16. Not visible
17. Not visible"
20260604T134116Z,LP_Farmers_Market_Restroom_1_20260602T050000.jpg,,,dataset_20260603_063335/LP_Farmers_Market_Restroom_1/LP_Farmers_Market_Restroom_1_20260602T050000.jpg,vehicle_prompts,done,2026-06-04T13:57:45.682540+00:00,0.047,0.643,0.692,,nvidia/cosmos-reason2-8b,"[GENERAL VEHICLE SAFETY]
1. Not visible
2. Not visible

[COLLISIONS & NEAR MISSES]
3. Not visible
4. Not visible

[PARKING & ACCESS VIOLATIONS]
5. Not visible
6. Not visible
7. Not visible

[SUSPICIOUS VEHICLE BEHAVIOR]
8. Not visible
9. Not visible
10. Not visible

[VEHICLE IDENTIFICATION]
11. Not visible
12. Not visible
13. Not visible

[PEDESTRIAN & CHILD SAFETY]
14. Not visible
15. Not visible
16. Not visible
17. Not visible"
20260604T134116Z,LP_Farmers_Market_Restroom_1_20260602T051500.jpg,,,dataset_20260603_063335/LP_Farmers_Market_Restroom_1/LP_Farmers_Market_Restroom_1_20260602T051500.jpg,vehicle_prompts,done,2026-06-04T13:57:45.870393+00:00,0.038,0.711,0.751,,nvidia/cosmos-reason2-8b,"[GENERAL VEHICLE SAFETY]
1. Not visible
2. Not visible

[COLLISIONS & NEAR MISSES]
3. Not visible
4. Not visible

[PARKING & ACCESS VIOLATIONS]
5. Not visible
6. Not visible
7. Not visible

[SUSPICIOUS VEHICLE BEHAVIOR]
8. Not visible
9. Not visible
10. Not visible

[VEHICLE IDENTIFICATION]
11. Not visible
12. Not visible
13. Not visible

[PEDESTRIAN & CHILD SAFETY]
14. Not visible
15. Not visible
16. Not visible
17. Not visible"
20260604T134116Z,LP_Farmers_Market_Restroom_1_20260602T053000.jpg,,,dataset_20260603_063335/LP_Farmers_Market_Restroom_1/LP_Farmers_Market_Restroom_1_20260602T053000.jpg,vehicle_prompts,done,2026-06-04T13:57:45.946723+00:00,0.049,0.816,0.868,,nvidia/cosmos-reason2-8b,"[GENERAL VEHICLE SAFETY]
1. Not visible
2. Not visible

[COLLISIONS & NEAR MISSES]
3. Not visible
4. Not visible

[PARKING & ACCESS VIOLATIONS]
5. Not visible
6. Not visible
7. Not visible

[SUSPICIOUS VEHICLE BEHAVIOR]
8. Not visible
9. Not visible
10. Not visible

[VEHICLE IDENTIFICATION]
11. Not visible
12. Not visible
13. Not visible

[PEDESTRIAN & CHILD SAFETY]
14. Not visible
15. Not visible
16. Not visible
17. Not visible"
20260604T134116Z,LP_Farmers_Market_Restroom_1_20260602T054500.jpg,,,dataset_20260603_063335/LP_Farmers_Market_Restroom_1/LP_Farmers_Market_Restroom_1_20260602T054500.jpg,vehicle_prompts,done,2026-06-04T13:57:46.163305+00:00,0.043,0.811,0.857,,nvidia/cosmos-reason2-8b,"### [GENERAL VEHICLE SAFETY]
1. Not visible
2. Not visible

### [COLLISIONS & NEAR MISSES]
3. Not visible
4. Not visible

### [PARKING & ACCESS VIOLATIONS]
5. Not visible
6. Not visible
7. Not visible

### [SUSPICIOUS VEHICLE BEHAVIOR]
8. Not visible
9. Not visible
10. Not visible

### [VEHICLE IDENTIFICATION]
11. Not visible
12. Not visible
13. Not visible

### [PEDESTRIAN & CHILD SAFETY]
14. Not visible
15. Not visible
16. Not visible
17. Not visible"
20260604T134116Z,LP_Farmers_Market_Restroom_1_20260602T060000.jpg,,,dataset_20260603_063335/LP_Farmers_Market_Restroom_1/LP_Farmers_Market_Restroom_1_20260602T060000.jpg,vehicle_prompts,done,2026-06-04T13:57:46.378004+00:00,0.04,0.749,0.792,,nvidia/cosmos-reason2-8b,"[GENERAL VEHICLE SAFETY]
1. Not visible
2. Not visible

[COLLISIONS & NEAR MISSES]
3. Not visible
4. Not visible

[PARKING & ACCESS VIOLATIONS]
5. Not visible
6. Not visible
7. Not visible

[SUSPICIOUS VEHICLE BEHAVIOR]
8. Not visible
9. Not visible
10. Not visible

[VEHICLE IDENTIFICATION]
11. Not visible
12. Not visible
13. Not visible

[PEDESTRIAN & CHILD SAFETY]
14. Not visible
15. Not visible
16. Not visible
17. Not visible"
20260604T134116Z,LP_Farmers_Market_Restroom_1_20260602T061500.jpg,,,dataset_20260603_063335/LP_Farmers_Market_Restroom_1/LP_Farmers_Market_Restroom_1_20260602T061500.jpg,vehicle_prompts,done,2026-06-04T13:57:46.624392+00:00,0.038,0.752,0.792,,nvidia/cosmos-reason2-8b,"[GENERAL VEHICLE SAFETY]
1. Not visible
2. Not visible

[COLLISIONS & NEAR MISSES]
3. Not visible
4. Not visible

[PARKING & ACCESS VIOLATIONS]
5. Not visible
6. Not visible
7. Not visible

[SUSPICIOUS VEHICLE BEHAVIOR]
8. Not visible
9. Not visible
10. Not visible

[VEHICLE IDENTIFICATION]
11. Not visible
12. Not visible
13. Not visible

[PEDESTRIAN & CHILD SAFETY]
14. Not visible
15. Not visible
16. Not visible
17. Not visible"
20260604T134116Z,LP_Farmers_Market_Restroom_1_20260602T063000.jpg,,,dataset_20260603_063335/LP_Farmers_Market_Restroom_1/LP_Farmers_Market_Restroom_1_20260602T063000.jpg,vehicle_prompts,done,2026-06-04T13:57:46.816879+00:00,0.048,0.757,0.808,,nvidia/cosmos-reason2-8b,"[GENERAL VEHICLE SAFETY]
1. Not visible
2. Not visible

[COLLISIONS & NEAR MISSES]
3. Not visible
4. Not visible

[PARKING & ACCESS VIOLATIONS]
5. Not visible
6. Not visible
7. Not visible

[SUSPICIOUS VEHICLE BEHAVIOR]
8. Not visible
9. Not visible
10. Not visible

[VEHICLE IDENTIFICATION]
11. Not visible
12. Not visible
13. Not visible

[PEDESTRIAN & CHILD SAFETY]
14. Not visible
15. Not visible
16. Not visible
17. Not visible"
20260604T134116Z,LP_Farmers_Market_Restroom_1_20260602T064500.jpg,,,dataset_20260603_063335/LP_Farmers_Market_Restroom_1/LP_Farmers_Market_Restroom_1_20260602T064500.jpg,vehicle_prompts,done,2026-06-04T13:57:47.022859+00:00,0.039,0.711,0.752,,nvidia/cosmos-reason2-8b,"[GENERAL VEHICLE SAFETY]
1. Not visible
2. Not visible

[COLLISIONS & NEAR MISSES]
3. Not visible
4. Not visible

[PARKING & ACCESS VIOLATIONS]
5. Not visible
6. Not visible
7. Not visible

[SUSPICIOUS VEHICLE BEHAVIOR]
8. Not visible
9. Not visible
10. Not visible

[VEHICLE IDENTIFICATION]
11. Not visible
12. Not visible
13. Not visible

[PEDESTRIAN & CHILD SAFETY]
14. Not visible
15. Not visible
16. Not visible
17. Not visible"
20260604T134116Z,LP_Farmers_Market_Restroom_1_20260602T070000.jpg,,,dataset_20260603_063335/LP_Farmers_Market_Restroom_1/LP_Farmers_Market_Restroom_1_20260602T070000.jpg,vehicle_prompts,done,2026-06-04T13:57:47.172464+00:00,0.044,0.747,0.794,,nvidia/cosmos-reason2-8b,"[GENERAL VEHICLE SAFETY]
1. Not visible
2. Not visible

[COLLISIONS & NEAR MISSES]
3. Not visible
4. Not visible

[PARKING & ACCESS VIOLATIONS]
5. Not visible
6. Not visible
7. Not visible

[SUSPICIOUS VEHICLE BEHAVIOR]
8. Not visible
9. Not visible
10. Not visible

[VEHICLE IDENTIFICATION]
11. Not visible
12. Not visible
13. Not visible

[PEDESTRIAN & CHILD SAFETY]
14. Not visible
15. Not visible
16. Not visible
17. Not visible"
20260604T134116Z,LP_Farmers_Market_Restroom_1_20260602T071500.jpg,,,dataset_20260603_063335/LP_Farmers_Market_Restroom_1/LP_Farmers_Market_Restroom_1_20260602T071500.jpg,vehicle_prompts,done,2026-06-04T13:57:47.419277+00:00,0.041,0.696,0.739,,nvidia/cosmos-reason2-8b,"[GENERAL VEHICLE SAFETY]
1. Not visible
2. Not visible

[COLLISIONS & NEAR MISSES]
3. Not visible
4. Not visible

[PARKING & ACCESS VIOLATIONS]
5. Not visible
6. Not visible
7. Not visible

[SUSPICIOUS VEHICLE BEHAVIOR]
8. Not visible
9. Not visible
10. Not visible

[VEHICLE IDENTIFICATION]
11. Not visible
12. Not visible
13. Not visible

[PEDESTRIAN & CHILD SAFETY]
14. Not visible
15. Not visible
16. Not visible
17. Not visible"
20260604T134116Z,LP_Farmers_Market_Restroom_1_20260602T073000.jpg,,,dataset_20260603_063335/LP_Farmers_Market_Restroom_1/LP_Farmers_Market_Restroom_1_20260602T073000.jpg,vehicle_prompts,done,2026-06-04T13:57:47.627175+00:00,0.039,0.667,0.71,,nvidia/cosmos-reason2-8b,"[GENERAL VEHICLE SAFETY]
1. Not visible
2. Not visible

[COLLISIONS & NEAR MISSES]
3. Not visible
4. Not visible

[PARKING & ACCESS VIOLATIONS]
5. Not visible
6. Not visible
7. Not visible

[SUSPICIOUS VEHICLE BEHAVIOR]
8. Not visible
9. Not visible
10. Not visible

[VEHICLE IDENTIFICATION]
11. Not visible
12. Not visible
13. Not visible

[PEDESTRIAN & CHILD SAFETY]
14. Not visible
15. Not visible
16. Not visible
17. Not visible"
20260604T134116Z,LP_Farmers_Market_Restroom_1_20260602T074500.jpg,,,dataset_20260603_063335/LP_Farmers_Market_Restroom_1/LP_Farmers_Market_Restroom_1_20260602T074500.jpg,vehicle_prompts,done,2026-06-04T13:57:47.777629+00:00,0.037,0.694,0.734,,nvidia/cosmos-reason2-8b,"[GENERAL VEHICLE SAFETY]
1. Not visible
2. Not visible

[COLLISIONS & NEAR MISSES]
3. Not visible
4. Not visible

[PARKING & ACCESS VIOLATIONS]
5. Not visible
6. Not visible
7. Not visible

[SUSPICIOUS VEHICLE BEHAVIOR]
8. Not visible
9. Not visible
10. Not visible

[VEHICLE IDENTIFICATION]
11. Not visible
12. Not visible
13. Not visible

[PEDESTRIAN & CHILD SAFETY]
14. Not visible
15. Not visible
16. Not visible
17. Not visible"
20260604T134116Z,LP_Farmers_Market_Restroom_1_20260602T080000.jpg,,,dataset_20260603_063335/LP_Farmers_Market_Restroom_1/LP_Farmers_Market_Restroom_1_20260602T080000.jpg,vehicle_prompts,done,2026-06-04T13:57:47.968641+00:00,0.04,0.735,0.778,,nvidia/cosmos-reason2-8b,"[date]

[GENERAL VEHICLE SAFETY]
1. Not visible
2. Not visible

[COLLISIONS & NEAR MISSES]
3. Not visible
4. Not visible

[PARKING & ACCESS VIOLATIONS]
5. Not visible
6. Not visible
7. Not visible

[SUSPICIOUS VEHICLE BEHAVIOR]
8. Not visible
9. Not visible
10. Not visible

[VEHICLE IDENTIFICATION]
11. Not visible
12. Not visible
13. Not visible

[PEDESTRIAN & CHILD SAFETY]
14. Not visible
15. Not visible
16. Not visible
17. Not visible"
20260604T134116Z,LP_Farmers_Market_Restroom_1_20260602T081500.jpg,,,dataset_20260603_063335/LP_Farmers_Market_Restroom_1/LP_Farmers_Market_Restroom_1_20260602T081500.jpg,vehicle_prompts,done,2026-06-04T13:57:48.161017+00:00,0.046,0.792,0.842,,nvidia/cosmos-reason2-8b,"### GENERAL VEHICLE SAFETY
1. Not visible

2. Not visible

### COLLISIONS & NEAR MISSES
3. Not visible

4. Not visible

### PARKING & ACCESS VIOLATIONS
5. Not visible

6. Not visible

7. Not visible

### SUSPICIOUS VEHICLE BEHAVIOR
8. Not visible

9. Not visible

10. Not visible

### VEHICLE IDENTIFICATION
11. Not visible

12. Not visible

13. Not visible

### PEDESTRIAN & CHILD SAFETY
14. Not visible

15. Not visible

16. Not visible

17. Not visible"
20260604T134116Z,LP_Farmers_Market_Restroom_1_20260602T083000.jpg,,,dataset_20260603_063335/LP_Farmers_Market_Restroom_1/LP_Farmers_Market_Restroom_1_20260602T083000.jpg,vehicle_prompts,done,2026-06-04T13:57:48.339648+00:00,0.046,0.719,0.768,,nvidia/cosmos-reason2-8b,"### [GENERAL VEHICLE SAFETY]
1. Not visible
2. Not visible

### [COLLISIONS & NEAR MISSES]
3. Not visible
4. Not visible

### [PARKING & ACCESS VIOLATIONS]
5. Not visible
6. Not visible
7. Not visible

### [SUSPICIOUS VEHICLE BEHAVIOR]
8. Not visible
9. Not visible
10. Not visible

### [VEHICLE IDENTIFICATION]
11. Not visible
12. Not visible
13. Not visible

### [PEDESTRIAN & CHILD SAFETY]
14. Not visible
15. Not visible
16. Not visible
17. Not visible"
20260604T134116Z,LP_Farmers_Market_Restroom_1_20260602T084500.jpg,,,dataset_20260603_063335/LP_Farmers_Market_Restroom_1/LP_Farmers_Market_Restroom_1_20260602T084500.jpg,vehicle_prompts,done,2026-06-04T13:57:48.513770+00:00,0.04,0.811,0.855,,nvidia/cosmos-reason2-8b,"[GENERAL VEHICLE SAFETY]
1. Not visible
2. Not visible

[COLLISIONS & NEAR MISSES]
3. Not visible
4. Not visible

[PARKING & ACCESS VIOLATIONS]
5. Not visible
6. Not visible
7. Not visible

[SUSPICIOUS VEHICLE BEHAVIOR]
8. Not visible
9. Not visible
10. Not visible

[VEHICLE IDENTIFICATION]
11. Not visible
12. Not visible
13. Not visible

[PEDESTRIAN & CHILD SAFETY]
14. Not visible
15. Not visible
16. Not visible
17. Not visible"
20260604T134116Z,LP_Farmers_Market_Restroom_1_20260602T090000.jpg,,,dataset_20260603_063335/LP_Farmers_Market_Restroom_1/LP_Farmers_Market_Restroom_1_20260602T090000.jpg,vehicle_prompts,done,2026-06-04T13:57:48.750095+00:00,0.041,0.706,0.75,,nvidia/cosmos-reason2-8b,"[GENERAL VEHICLE SAFETY]
1. Not visible
2. Not visible

[COLLISIONS & NEAR MISSES]
3. Not visible
4. Not visible

[PARKING & ACCESS VIOLATIONS]
5. Not visible
6. Not visible
7. Not visible

[SUSPICIOUS VEHICLE BEHAVIOR]
8. Not visible
9. Not visible
10. Not visible

[VEHICLE IDENTIFICATION]
11. Not visible
12. Not visible
13. Not visible

[PEDESTRIAN & CHILD SAFETY]
14. Not visible
15. Not visible
16. Not visible
17. Not visible"
20260604T134116Z,LP_Farmers_Market_Restroom_1_20260602T091500.jpg,,,dataset_20260603_063335/LP_Farmers_Market_Restroom_1/LP_Farmers_Market_Restroom_1_20260602T091500.jpg,vehicle_prompts,done,2026-06-04T13:57:49.005912+00:00,0.05,0.707,0.759,,nvidia/cosmos-reason2-8b,"[GENERAL VEHICLE SAFETY]
1. Not visible
2. Not visible

[COLLISIONS & NEAR MISSES]
3. Not visible
4. Not visible

[PARKING & ACCESS VIOLATIONS]
5. Not visible
6. Not visible
7. Not visible

[SUSPICIOUS VEHICLE BEHAVIOR]
8. Not visible
9. Not visible
10. Not visible

[VEHICLE IDENTIFICATION]
11. Not visible
12. Not visible
13. Not visible

[PEDESTRIAN & CHILD SAFETY]
14. Not visible
15. Not visible
16. Not visible
17. Not visible"
20260604T134116Z,LP_Farmers_Market_Restroom_1_20260602T093000.jpg,,,dataset_20260603_063335/LP_Farmers_Market_Restroom_1/LP_Farmers_Market_Restroom_1_20260602T093000.jpg,vehicle_prompts,done,2026-06-04T13:57:49.110173+00:00,0.047,0.755,0.804,,nvidia/cosmos-reason2-8b,"[GENERAL VEHICLE SAFETY]
1. Not visible
2. Not visible

[COLLISIONS & NEAR MISSES]
3. Not visible
4. Not visible

[PARKING & ACCESS VIOLATIONS]
5. Not visible
6. Not visible
7. Not visible

[SUSPICIOUS VEHICLE BEHAVIOR]
8. Not visible
9. Not visible
10. Not visible

[VEHICLE IDENTIFICATION]
11. Not visible
12. Not visible
13. Not visible

[PEDESTRIAN & CHILD SAFETY]
14. Not visible
15. Not visible
16. Not visible
17. Not visible"
20260604T134116Z,LP_Farmers_Market_Restroom_1_20260602T094500.jpg,,,dataset_20260603_063335/LP_Farmers_Market_Restroom_1/LP_Farmers_Market_Restroom_1_20260602T094500.jpg,vehicle_prompts,done,2026-06-04T13:57:49.370860+00:00,0.04,0.714,0.757,,nvidia/cosmos-reason2-8b,"### GENERAL VEHICLE SAFETY
1. Not visible
2. Not visible

### COLLISIONS & NEAR MISSES
3. Not visible
4. Not visible

### PARKING & ACCESS VIOLATIONS
5. Not visible
6. Not visible
7. Not visible

### SUSPICIOUS VEHICLE BEHAVIOR
8. Not visible
9. Not visible
10. Not visible

### VEHICLE IDENTIFICATION
11. Not visible
12. Not visible
13. Not visible

### PEDESTRIAN & CHILD SAFETY
14. Not visible
15. Not visible
16. Not visible
17. Not visible"
20260604T134116Z,LP_Farmers_Market_Restroom_1_20260602T100000.jpg,,,dataset_20260603_063335/LP_Farmers_Market_Restroom_1/LP_Farmers_Market_Restroom_1_20260602T100000.jpg,vehicle_prompts,done,2026-06-04T13:57:49.502162+00:00,0.041,0.719,0.763,,nvidia/cosmos-reason2-8b,"[GENERAL VEHICLE SAFETY]
1. Not visible
2. Not visible

[COLLISIONS & NEAR MISSES]
3. Not visible
4. Not visible

[PARKING & ACCESS VIOLATIONS]
5. Not visible
6. Not visible
7. Not visible

[SUSPICIOUS VEHICLE BEHAVIOR]
8. Not visible
9. Not visible
10. Not visible

[VEHICLE IDENTIFICATION]
11. Not visible
12. Not visible
13. Not visible

[PEDESTRIAN & CHILD SAFETY]
14. Not visible
15. Not visible
16. Not visible
17. Not visible"
20260604T134116Z,LP_Farmers_Market_Restroom_1_20260602T101500.jpg,,,dataset_20260603_063335/LP_Farmers_Market_Restroom_1/LP_Farmers_Market_Restroom_1_20260602T101500.jpg,vehicle_prompts,done,2026-06-04T13:57:49.767975+00:00,0.049,0.66,0.712,,nvidia/cosmos-reason2-8b,"[GENERAL VEHICLE SAFETY]
1. Not visible
2. Not visible

[COLLISIONS & NEAR MISSES]
3. Not visible
4. Not visible

[PARKING & ACCESS VIOLATIONS]
5. Not visible
6. Not visible
7. Not visible

[SUSPICIOUS VEHICLE BEHAVIOR]
8. Not visible
9. Not visible
10. Not visible

[VEHICLE IDENTIFICATION]
11. Not visible
12. Not visible
13. Not visible

[PEDESTRIAN & CHILD SAFETY]
14. Not visible
15. Not visible
16. Not visible
17. Not visible"
20260604T134116Z,LP_Farmers_Market_Restroom_1_20260602T103000.jpg,,,dataset_20260603_063335/LP_Farmers_Market_Restroom_1/LP_Farmers_Market_Restroom_1_20260602T103000.jpg,vehicle_prompts,done,2026-06-04T13:57:49.917020+00:00,0.039,0.715,0.757,,nvidia/cosmos-reason2-8b,"[GENERAL VEHICLE SAFETY]
1. Not visible
2. Not visible

[COLLISIONS & NEAR MISSES]
3. Not visible
4. Not visible

[PARKING & ACCESS VIOLATIONS]
5. Not visible
6. Not visible
7. Not visible

[SUSPICIOUS VEHICLE BEHAVIOR]
8. Not visible
9. Not visible
10. Not visible

[VEHICLE IDENTIFICATION]
11. Not visible
12. Not visible
13. Not visible

[PEDESTRIAN & CHILD SAFETY]
14. Not visible
15. Not visible
16. Not visible
17. Not visible"
20260604T134116Z,LP_Farmers_Market_Restroom_1_20260602T104500.jpg,,,dataset_20260603_063335/LP_Farmers_Market_Restroom_1/LP_Farmers_Market_Restroom_1_20260602T104500.jpg,vehicle_prompts,done,2026-06-04T13:57:50.130303+00:00,0.05,0.712,0.765,,nvidia/cosmos-reason2-8b,"### [GENERAL VEHICLE SAFETY]
1. Not visible
2. Not visible

### [COLLISIONS & NEAR MISSES]
3. Not visible
4. Not visible

### [PARKING & ACCESS VIOLATIONS]
5. Not visible
6. Not visible
7. Not visible

### [SUSPICIOUS VEHICLE BEHAVIOR]
8. Not visible
9. Not visible
10. Not visible

### [VEHICLE IDENTIFICATION]
11. Not visible
12. Not visible
13. Not visible

### [PEDESTRIAN & CHILD SAFETY]
14. Not visible
15. Not visible
16. Not visible
17. Not visible"
20260604T134116Z,LP_Farmers_Market_Restroom_1_20260602T110000.jpg,,,dataset_20260603_063335/LP_Farmers_Market_Restroom_1/LP_Farmers_Market_Restroom_1_20260602T110000.jpg,vehicle_prompts,done,2026-06-04T13:57:50.268098+00:00,0.048,0.725,0.776,,nvidia/cosmos-reason2-8b,"[GENERAL VEHICLE SAFETY]
1. Not visible
2. Not visible

[COLLISIONS & NEAR MISSES]
3. Not visible
4. Not visible

[PARKING & ACCESS VIOLATIONS]
5. Not visible
6. Not visible
7. Not visible

[SUSPICIOUS VEHICLE BEHAVIOR]
8. Not visible
9. Not visible
10. Not visible

[VEHICLE IDENTIFICATION]
11. Not visible
12. Not visible
13. Not visible

[PEDESTRIAN & CHILD SAFETY]
14. Not visible
15. Not visible
16. Not visible
17. Not visible"
20260604T134116Z,LP_Farmers_Market_Restroom_1_20260602T111500.jpg,,,dataset_20260603_063335/LP_Farmers_Market_Restroom_1/LP_Farmers_Market_Restroom_1_20260602T111500.jpg,vehicle_prompts,done,2026-06-04T13:57:50.482331+00:00,0.046,0.733,0.781,,nvidia/cosmos-reason2-8b,"[GENERAL VEHICLE SAFETY]
1. Not visible
2. Not visible

[COLLISIONS & NEAR MISSES]
3. Not visible
4. Not visible

[PARKING & ACCESS VIOLATIONS]
5. Not visible
6. Not visible
7. Not visible

[SUSPICIOUS VEHICLE BEHAVIOR]
8. Not visible
9. Not visible
10. Not visible

[VEHICLE IDENTIFICATION]
11. Not visible
12. Not visible
13. Not visible

[PEDESTRIAN & CHILD SAFETY]
14. Not visible
15. Not visible
16. Not visible
17. Not visible"
20260604T134116Z,LP_Farmers_Market_Restroom_1_20260602T113000.jpg,,,dataset_20260603_063335/LP_Farmers_Market_Restroom_1/LP_Farmers_Market_Restroom_1_20260602T113000.jpg,vehicle_prompts,done,2026-06-04T13:57:50.676190+00:00,0.046,0.749,0.798,,nvidia/cosmos-reason2-8b,"[GENERAL VEHICLE SAFETY]
1. Not visible
2. Not visible

[COLLISIONS & NEAR MISSES]
3. Not visible
4. Not visible

[PARKING & ACCESS VIOLATIONS]
5. Not visible
6. Not visible
7. Not visible

[SUSPICIOUS VEHICLE BEHAVIOR]
8. Not visible
9. Not visible
10. Not visible

[VEHICLE IDENTIFICATION]
11. Not visible
12. Not visible
13. Not visible

[PEDESTRIAN & CHILD SAFETY]
14. Not visible
15. Not visible
16. Not visible
17. Not visible"
20260604T134116Z,LP_Farmers_Market_Restroom_1_20260602T114500.jpg,,,dataset_20260603_063335/LP_Farmers_Market_Restroom_1/LP_Farmers_Market_Restroom_1_20260602T114500.jpg,vehicle_prompts,done,2026-06-04T13:57:50.897992+00:00,0.048,0.58,0.63,,nvidia/cosmos-reason2-8b,"### GENERAL VEHICLE SAFETY
1. Not visible

### COLLISIONS & NEAR MISSES
3. Not visible

### PARKING & ACCESS VIOLATIONS
5. Not visible

### SUSPICIOUS VEHICLE BEHAVIOR
8. Not visible

### VEHICLE IDENTIFICATION
11. Not visible

### PEDESTRIAN & CHILD SAFETY
14. Not visible"
20260604T134116Z,LP_Farmers_Market_Restroom_1_20260602T120000.jpg,,,dataset_20260603_063335/LP_Farmers_Market_Restroom_1/LP_Farmers_Market_Restroom_1_20260602T120000.jpg,vehicle_prompts,done,2026-06-04T13:57:51.046857+00:00,0.049,0.797,0.848,,nvidia/cosmos-reason2-8b,"### [GENERAL VEHICLE SAFETY]
1. Not visible
2. Not visible

### [COLLISIONS & NEAR MISSES]
3. Not visible
4. Not visible

### [PARKING & ACCESS VIOLATIONS]
5. Not visible
6. Not visible
7. Not visible

### [SUSPICIOUS VEHICLE BEHAVIOR]
8. Not visible
9. Not visible
10. Not visible

### [VEHICLE IDENTIFICATION]
11. Not visible
12. Not visible
13. Not visible

### [PEDESTRIAN & CHILD SAFETY]
14. Not visible
15. Not visible
16. Not visible
17. Not visible"
20260604T134116Z,LP_Farmers_Market_Restroom_1_20260602T121500.jpg,,,dataset_20260603_063335/LP_Farmers_Market_Restroom_1/LP_Farmers_Market_Restroom_1_20260602T121500.jpg,vehicle_prompts,done,2026-06-04T13:57:51.266330+00:00,0.051,0.692,0.745,,nvidia/cosmos-reason2-8b,"[GENERAL VEHICLE SAFETY]
1. Not visible
2. Not visible

[COLLISIONS & NEAR MISSES]
3. Not visible
4. Not visible

[PARKING & ACCESS VIOLATIONS]
5. Not visible
6. Not visible
7. Not visible

[SUSPICIOUS VEHICLE BEHAVIOR]
8. Not visible
9. Not visible
10. Not visible

[VEHICLE IDENTIFICATION]
11. Not visible
12. Not visible
13. Not visible

[PEDESTRIAN & CHILD SAFETY]
14. Not visible
15. Not visible
16. Not visible
17. Not visible"
20260604T134116Z,LP_Farmers_Market_Restroom_1_20260602T123000.jpg,,,dataset_20260603_063335/LP_Farmers_Market_Restroom_1/LP_Farmers_Market_Restroom_1_20260602T123000.jpg,vehicle_prompts,done,2026-06-04T13:57:51.476511+00:00,0.053,0.691,0.747,,nvidia/cosmos-reason2-8b,"[GENERAL VEHICLE SAFETY]
1. Not visible
2. Not visible

[COLLISIONS & NEAR MISSES]
3. Not visible
4. Not visible

[PARKING & ACCESS VIOLATIONS]
5. Not visible
6. Not visible
7. Not visible

[SUSPICIOUS VEHICLE BEHAVIOR]
8. Not visible
9. Not visible
10. Not visible

[VEHICLE IDENTIFICATION]
11. Not visible
12. Not visible
13. Not visible

[PEDESTRIAN & CHILD SAFETY]
14. Not visible
15. Not visible
16. Not visible
17. Not visible"
20260604T134116Z,LP_Farmers_Market_Restroom_1_20260602T124500.jpg,,,dataset_20260603_063335/LP_Farmers_Market_Restroom_1/LP_Farmers_Market_Restroom_1_20260602T124500.jpg,vehicle_prompts,done,2026-06-04T13:57:51.531107+00:00,0.053,0.787,0.843,,nvidia/cosmos-reason2-8b,"[GENERAL VEHICLE SAFETY]
1. Not visible
2. Not visible

[COLLISIONS & NEAR MISSES]
3. Not visible
4. Not visible

[PARKING & ACCESS VIOLATIONS]
5. Not visible
6. Not visible
7. Not visible

[SUSPICIOUS VEHICLE BEHAVIOR]
8. Not visible
9. Not visible
10. Not visible

[VEHICLE IDENTIFICATION]
11. Not visible
12. Not visible
13. Not visible

[PEDESTRIAN & CHILD SAFETY]
14. Not visible
15. Not visible
16. Not visible
17. Not visible"
20260604T134116Z,LP_Farmers_Market_Restroom_1_20260602T130000.jpg,,,dataset_20260603_063335/LP_Farmers_Market_Restroom_1/LP_Farmers_Market_Restroom_1_20260602T130000.jpg,vehicle_prompts,done,2026-06-04T13:57:51.898463+00:00,0.05,0.698,0.751,,nvidia/cosmos-reason2-8b,"[GENERAL VEHICLE SAFETY]
1. Not visible
2. Not visible

[COLLISIONS & NEAR MISSES]
3. Not visible
4. Not visible

[PARKING & ACCESS VIOLATIONS]
5. Not visible
6. Not visible
7. Not visible

[SUSPICIOUS VEHICLE BEHAVIOR]
8. Not visible
9. Not visible
10. Not visible

[VEHICLE IDENTIFICATION]
11. Not visible
12. Not visible
13. Not visible

[PEDESTRIAN & CHILD SAFETY]
14. Not visible
15. Not visible
16. Not visible
17. Not visible"
20260604T134116Z,LP_Farmers_Market_Restroom_1_20260602T131500.jpg,,,dataset_20260603_063335/LP_Farmers_Market_Restroom_1/LP_Farmers_Market_Restroom_1_20260602T131500.jpg,vehicle_prompts,done,2026-06-04T13:57:52.013861+00:00,0.046,0.798,0.847,,nvidia/cosmos-reason2-8b,"[GENERAL VEHICLE SAFETY]
1. Not visible
2. Not visible

[COLLISIONS & NEAR MISSES]
3. Not visible
4. Not visible

[PARKING & ACCESS VIOLATIONS]
5. Not visible
6. Not visible
7. Not visible

[SUSPICIOUS VEHICLE BEHAVIOR]
8. Not visible
9. Not visible
10. Not visible

[VEHICLE IDENTIFICATION]
11. Not visible
12. Not visible
13. Not visible

[PEDESTRIAN & CHILD SAFETY]
14. Not visible
15. Not visible
16. Not visible
17. Not visible"
20260604T134116Z,LP_Farmers_Market_Restroom_1_20260602T133000.jpg,,,dataset_20260603_063335/LP_Farmers_Market_Restroom_1/LP_Farmers_Market_Restroom_1_20260602T133000.jpg,vehicle_prompts,done,2026-06-04T13:57:52.226124+00:00,0.041,0.862,0.905,,nvidia/cosmos-reason2-8b," GENERAL VEHICLE SAFETY
1. Not visible
2. Not visible

COLLISIONS & NEAR MISSES
3. Not visible
4. Not visible

PARKING & ACCESS VIOLATIONS
5. Not visible
6. Not visible
7. Not visible

SUSPICIOUS VEHICLE BEHAVIOR
8. Not visible
9. Not visible
10. Not visible

VEHICLE IDENTIFICATION
11. Not visible
12. Not visible
13. Not visible

PEDESTRIAN & CHILD SAFETY
14. Not visible
15. Not visible
16. Not visible
17. Not visible"
20260604T134116Z,LP_Farmers_Market_Restroom_1_20260602T134500.jpg,,,dataset_20260603_063335/LP_Farmers_Market_Restroom_1/LP_Farmers_Market_Restroom_1_20260602T134500.jpg,vehicle_prompts,done,2026-06-04T13:57:52.376205+00:00,0.039,0.77,0.812,,nvidia/cosmos-reason2-8b,"[GENERAL VEHICLE SAFETY]
1. Not visible
2. Not visible

[COLLISIONS & NEAR MISSES]
3. Not visible
4. Not visible

[PARKING & ACCESS VIOLATIONS]
5. Not visible
6. Not visible
7. Not visible

[SUSPICIOUS VEHICLE BEHAVIOR]
8. Not visible
9. Not visible
10. Not visible

[VEHICLE IDENTIFICATION]
11. Not visible
12. Not visible
13. Not visible

[PEDESTRIAN & CHILD SAFETY]
14. Not visible
15. Not visible
16. Not visible
17. Not visible"
20260604T134116Z,LP_Farmers_Market_Restroom_1_20260602T140000.jpg,,,dataset_20260603_063335/LP_Farmers_Market_Restroom_1/LP_Farmers_Market_Restroom_1_20260602T140000.jpg,vehicle_prompts,done,2026-06-04T13:57:52.652511+00:00,0.042,0.89,0.935,,nvidia/cosmos-reason2-8b,"[date]

[GENERAL VEHICLE SAFETY]
1. Not visible
2. Not visible

[COLLISIONS & NEAR MISSES]
3. Not visible
4. Not visible

[PARKING & ACCESS VIOLATIONS]
5. Not visible
6. Not visible
7. Not visible

[SUSPICIOUS VEHICLE BEHAVIOR]
8. Not visible
9. Not visible
10. Not visible

[VEHICLE IDENTIFICATION]
11. Not visible
12. Not visible
13. Not visible

[PEDESTRIAN & CHILD SAFETY]
14. Not visible
15. Not visible
16. Not visible
17. Not visible"
20260604T134116Z,LP_Farmers_Market_Restroom_1_20260602T141500.jpg,,,dataset_20260603_063335/LP_Farmers_Market_Restroom_1/LP_Farmers_Market_Restroom_1_20260602T141500.jpg,vehicle_prompts,done,2026-06-04T13:57:52.863792+00:00,0.044,0.77,0.817,,nvidia/cosmos-reason2-8b,"[GENERAL VEHICLE SAFETY]
1. Not visible
2. Not visible

[COLLISIONS & NEAR MISSES]
3. Not visible
4. Not visible

[PARKING & ACCESS VIOLATIONS]
5. Not visible
6. Not visible
7. Not visible

[SUSPICIOUS VEHICLE BEHAVIOR]
8. Not visible
9. Not visible
10. Not visible

[VEHICLE IDENTIFICATION]
11. Not visible
12. Not visible
13. Not visible

[PEDESTRIAN & CHILD SAFETY]
14. Not visible
15. Not visible
16. Not visible
17. Not visible"
20260604T134116Z,LP_Farmers_Market_Restroom_1_20260602T143000.jpg,,,dataset_20260603_063335/LP_Farmers_Market_Restroom_1/LP_Farmers_Market_Restroom_1_20260602T143000.jpg,vehicle_prompts,done,2026-06-04T13:57:53.134182+00:00,0.045,0.701,0.749,,nvidia/cosmos-reason2-8b,"[GENERAL VEHICLE SAFETY]
1. Not visible
2. Not visible

[COLLISIONS & NEAR MISSES]
3. Not visible
4. Not visible

[PARKING & ACCESS VIOLATIONS]
5. Not visible
6. Not visible
7. Not visible

[SUSPICIOUS VEHICLE BEHAVIOR]
8. Not visible
9. Not visible
10. Not visible

[VEHICLE IDENTIFICATION]
11. Not visible
12. Not visible
13. Not visible

[PEDESTRIAN & CHILD SAFETY]
14. Not visible
15. Not visible
16. Not visible
17. Not visible"
20260604T134116Z,LP_Farmers_Market_Restroom_1_20260602T144500.jpg,,,dataset_20260603_063335/LP_Farmers_Market_Restroom_1/LP_Farmers_Market_Restroom_1_20260602T144500.jpg,vehicle_prompts,done,2026-06-04T13:57:53.190377+00:00,0.037,0.789,0.829,,nvidia/cosmos-reason2-8b,"[GENERAL VEHICLE SAFETY]
1. Not visible
2. Not visible

[COLLISIONS & NEAR MISSES]
3. Not visible
4. Not visible

[PARKING & ACCESS VIOLATIONS]
5. Not visible
6. Not visible
7. Not visible

[SUSPICIOUS VEHICLE BEHAVIOR]
8. Not visible
9. Not visible
10. Not visible

[VEHICLE IDENTIFICATION]
11. Not visible
12. Not visible
13. Not visible

[PEDESTRIAN & CHILD SAFETY]
14. Not visible
15. Not visible
16. Not visible
17. Not visible"
20260604T134116Z,LP_Farmers_Market_Restroom_1_20260602T150000.jpg,,,dataset_20260603_063335/LP_Farmers_Market_Restroom_1/LP_Farmers_Market_Restroom_1_20260602T150000.jpg,vehicle_prompts,done,2026-06-04T13:57:53.591438+00:00,0.048,0.695,0.745,,nvidia/cosmos-reason2-8b,"[GENERAL VEHICLE SAFETY]
1. Not visible
2. Not visible

[COLLISIONS & NEAR MISSES]
3. Not visible
4. Not visible

[PARKING & ACCESS VIOLATIONS]
5. Not visible
6. Not visible
7. Not visible

[SUSPICIOUS VEHICLE BEHAVIOR]
8. Not visible
9. Not visible
10. Not visible

[VEHICLE IDENTIFICATION]
11. Not visible
12. Not visible
13. Not visible

[PEDESTRIAN & CHILD SAFETY]
14. Not visible
15. Not visible
16. Not visible
17. Not visible"
20260604T134116Z,LP_Farmers_Market_Restroom_1_20260602T151500.jpg,,,dataset_20260603_063335/LP_Farmers_Market_Restroom_1/LP_Farmers_Market_Restroom_1_20260602T151500.jpg,vehicle_prompts,done,2026-06-04T13:57:53.683254+00:00,0.049,0.833,0.884,,nvidia/cosmos-reason2-8b,"[GENERAL VEHICLE SAFETY]
1. Not visible
2. Not visible

[COLLISIONS & NEAR MISSES]
3. Not visible
4. Not visible

[PARKING & ACCESS VIOLATIONS]
5. Not visible
6. Not visible
7. Not visible

[SUSPICIOUS VEHICLE BEHAVIOR]
8. Not visible
9. Not visible
10. Not visible

[VEHICLE IDENTIFICATION]
11. Not visible
12. Not visible
13. Not visible

[PEDESTRIAN & CHILD SAFETY]
14. Not visible
15. Not visible
16. Not visible
17. Not visible"
20260604T134116Z,LP_Farmers_Market_Restroom_1_20260602T153000.jpg,,,dataset_20260603_063335/LP_Farmers_Market_Restroom_1/LP_Farmers_Market_Restroom_1_20260602T153000.jpg,vehicle_prompts,done,2026-06-04T13:57:53.885608+00:00,0.047,0.813,0.864,,nvidia/cosmos-reason2-8b,"[GENERAL VEHICLE SAFETY]
1. Not visible
2. Not visible

[COLLISIONS & NEAR MISSES]
3. Not visible
4. Not visible

[PARKING & ACCESS VIOLATIONS]
5. Not visible
6. Not visible
7. Not visible

[SUSPICIOUS VEHICLE BEHAVIOR]
8. Not visible
9. Not visible
10. Not visible

[VEHICLE IDENTIFICATION]
11. Not visible
12. Not visible
13. Not visible

[PEDESTRIAN & CHILD SAFETY]
14. Not visible
15. Not visible
16. Not visible
17. Not visible"
20260604T134116Z,LP_Farmers_Market_Restroom_1_20260602T154500.jpg,,,dataset_20260603_063335/LP_Farmers_Market_Restroom_1/LP_Farmers_Market_Restroom_1_20260602T154500.jpg,vehicle_prompts,done,2026-06-04T13:57:54.021517+00:00,0.045,0.832,0.879,,nvidia/cosmos-reason2-8b,"[GENERAL VEHICLE SAFETY]
1. Not visible
2. Not visible

[COLLISIONS & NEAR MISSES]
3. Not visible
4. Not visible

[PARKING & ACCESS VIOLATIONS]
5. Not visible
6. Not visible
7. Not visible

[SUSPICIOUS VEHICLE BEHAVIOR]
8. Not visible
9. Not visible
10. Not visible

[VEHICLE IDENTIFICATION]
11. Not visible
12. Not visible
13. Not visible

[PEDESTRIAN & CHILD SAFETY]
14. Not visible
15. Not visible
16. Not visible
17. Not visible"
20260604T134116Z,LP_Farmers_Market_Restroom_1_20260602T160000.jpg,,,dataset_20260603_063335/LP_Farmers_Market_Restroom_1/LP_Farmers_Market_Restroom_1_20260602T160000.jpg,vehicle_prompts,done,2026-06-04T13:57:54.339894+00:00,0.059,0.698,0.761,,nvidia/cosmos-reason2-8b,"[GENERAL VEHICLE SAFETY]
1. Not visible
2. Not visible

[COLLISIONS & NEAR MISSES]
3. Not visible
4. Not visible

[PARKING & ACCESS VIOLATIONS]
5. Not visible
6. Not visible
7. Not visible

[SUSPICIOUS VEHICLE BEHAVIOR]
8. Not visible
9. Not visible
10. Not visible

[VEHICLE IDENTIFICATION]
11. Not visible
12. Not visible
13. Not visible

[PEDESTRIAN & CHILD SAFETY]
14. Not visible
15. Not visible
16. Not visible
17. Not visible"
20260604T134116Z,LP_Farmers_Market_Restroom_1_20260602T161500.jpg,,,dataset_20260603_063335/LP_Farmers_Market_Restroom_1/LP_Farmers_Market_Restroom_1_20260602T161500.jpg,vehicle_prompts,done,2026-06-04T13:57:54.569372+00:00,0.04,0.642,0.686,,nvidia/cosmos-reason2-8b,"[GENERAL VEHICLE SAFETY]
1. Not visible
2. Not visible

[COLLISIONS & NEAR MISSES]
3. Not visible
4. Not visible

[PARKING & ACCESS VIOLATIONS]
5. Not visible
6. Not visible
7. Not visible

[SUSPICIOUS VEHICLE BEHAVIOR]
8. Not visible
9. Not visible
10. Not visible

[VEHICLE IDENTIFICATION]
11. Not visible
12. Not visible
13. Not visible

[PEDESTRIAN & CHILD SAFETY]
14. Not visible
15. Not visible
16. Not visible
17. Not visible"
20260604T134116Z,LP_Farmers_Market_Restroom_1_20260602T163000.jpg,,,dataset_20260603_063335/LP_Farmers_Market_Restroom_1/LP_Farmers_Market_Restroom_1_20260602T163000.jpg,vehicle_prompts,done,2026-06-04T13:57:54.752543+00:00,0.052,0.692,0.761,,nvidia/cosmos-reason2-8b,"### [GENERAL VEHICLE SAFETY]
1. Not visible
2. Not visible

### [COLLISIONS & NEAR MISSES]
3. Not visible
4. Not visible

### [PARKING & ACCESS VIOLATIONS]
5. Not visible
6. Not visible
7. Not visible

### [SUSPICIOUS VEHICLE BEHAVIOR]
8. Not visible
9. Not visible
10. Not visible

### [VEHICLE IDENTIFICATION]
11. Not visible
12. Not visible
13. Not visible

### [PEDESTRIAN & CHILD SAFETY]
14. Not visible
15. Not visible
16. Not visible
17. Not visible"
20260604T134116Z,LP_Farmers_Market_Restroom_1_20260602T164500.jpg,,,dataset_20260603_063335/LP_Farmers_Market_Restroom_1/LP_Farmers_Market_Restroom_1_20260602T164500.jpg,vehicle_prompts,done,2026-06-04T13:57:54.903310+00:00,0.051,0.74,0.795,,nvidia/cosmos-reason2-8b,"### [GENERAL VEHICLE SAFETY]
1. Not visible
2. Not visible

### [COLLISIONS & NEAR MISSES]
3. Not visible
4. Not visible

### [PARKING & ACCESS VIOLATIONS]
5. Not visible
6. Not visible
7. Not visible

### [SUSPICIOUS VEHICLE BEHAVIOR]
8. Not visible
9. Not visible
10. Not visible

### [VEHICLE IDENTIFICATION]
11. Not visible
12. Not visible
13. Not visible

### [PEDESTRIAN & CHILD SAFETY]
14. Not visible
15. Not visible
16. Not visible
17. Not visible"
20260604T134116Z,LP_Farmers_Market_Restroom_1_20260602T170000.jpg,,,dataset_20260603_063335/LP_Farmers_Market_Restroom_1/LP_Farmers_Market_Restroom_1_20260602T170000.jpg,vehicle_prompts,done,2026-06-04T13:57:55.103996+00:00,0.052,0.747,0.802,,nvidia/cosmos-reason2-8b,"[GENERAL VEHICLE SAFETY]
1. Not visible
2. Not visible

[COLLISIONS & NEAR MISSES]
3. Not visible
4. Not visible

[PARKING & ACCESS VIOLATIONS]
5. Not visible
6. Not visible
7. Not visible

[SUSPICIOUS VEHICLE BEHAVIOR]
8. Not visible
9. Not visible
10. Not visible

[VEHICLE IDENTIFICATION]
11. Not visible
12. Not visible
13. Not visible

[PEDESTRIAN & CHILD SAFETY]
14. Not visible
15. Not visible
16. Not visible
17. Not visible"
20260604T134116Z,LP_Farmers_Market_Restroom_1_20260602T171500.jpg,,,dataset_20260603_063335/LP_Farmers_Market_Restroom_1/LP_Farmers_Market_Restroom_1_20260602T171500.jpg,vehicle_prompts,done,2026-06-04T13:57:55.257769+00:00,0.045,0.777,0.825,,nvidia/cosmos-reason2-8b,"### [GENERAL VEHICLE SAFETY]
1. Not visible
2. Not visible

### [COLLISIONS & NEAR MISSES]
3. Not visible
4. Not visible

### [PARKING & ACCESS VIOLATIONS]
5. Not visible
6. Not visible
7. Not visible

### [SUSPICIOUS VEHICLE BEHAVIOR]
8. Not visible
9. Not visible
10. Not visible

### [VEHICLE IDENTIFICATION]
11. Not visible
12. Not visible
13. Not visible

### [PEDESTRIAN & CHILD SAFETY]
14. Not visible
15. Not visible
16. Not visible
17. Not visible"
20260604T134116Z,LP_Farmers_Market_Restroom_1_20260602T173000.jpg,,,dataset_20260603_063335/LP_Farmers_Market_Restroom_1/LP_Farmers_Market_Restroom_1_20260602T173000.jpg,vehicle_prompts,done,2026-06-04T13:57:55.516434+00:00,0.051,0.717,0.771,,nvidia/cosmos-reason2-8b,"### [GENERAL VEHICLE SAFETY]
1. Not visible
2. Not visible

### [COLLISIONS & NEAR MISSES]
3. Not visible
4. Not visible

### [PARKING & ACCESS VIOLATIONS]
5. Not visible
6. Not visible
7. Not visible

### [SUSPICIOUS VEHICLE BEHAVIOR]
8. Not visible
9. Not visible
10. Not visible

### [VEHICLE IDENTIFICATION]
11. Not visible
12. Not visible
13. Not visible

### [PEDESTRIAN & CHILD SAFETY]
14. Not visible
15. Not visible
16. Not visible
17. Not visible"
20260604T134116Z,LP_Farmers_Market_Restroom_1_20260602T174500.jpg,,,dataset_20260603_063335/LP_Farmers_Market_Restroom_1/LP_Farmers_Market_Restroom_1_20260602T174500.jpg,vehicle_prompts,done,2026-06-04T13:57:55.700699+00:00,0.04,0.751,0.794,,nvidia/cosmos-reason2-8b,"[GENERAL VEHICLE SAFETY]
1. Not visible
2. Not visible

[COLLISIONS & NEAR MISSES]
3. Not visible
4. Not visible

[PARKING & ACCESS VIOLATIONS]
5. Not visible
6. Not visible
7. Not visible

[SUSPICIOUS VEHICLE BEHAVIOR]
8. Not visible
9. Not visible
10. Not visible

[VEHICLE IDENTIFICATION]
11. Not visible
12. Not visible
13. Not visible

[PEDESTRIAN & CHILD SAFETY]
14. Not visible
15. Not visible
16. Not visible
17. Not visible"
20260604T134116Z,LP_Farmers_Market_Restroom_1_20260602T180000.jpg,,,dataset_20260603_063335/LP_Farmers_Market_Restroom_1/LP_Farmers_Market_Restroom_1_20260602T180000.jpg,vehicle_prompts,done,2026-06-04T13:57:55.908162+00:00,0.04,0.715,0.758,,nvidia/cosmos-reason2-8b,"[GENERAL VEHICLE SAFETY]
1. Not visible
2. Not visible

[COLLISIONS & NEAR MISSES]
3. Not visible
4. Not visible

[PARKING & ACCESS VIOLATIONS]
5. Not visible
6. Not visible
7. Not visible

[SUSPICIOUS VEHICLE BEHAVIOR]
8. Not visible
9. Not visible
10. Not visible

[VEHICLE IDENTIFICATION]
11. Not visible
12. Not visible
13. Not visible

[PEDESTRIAN & CHILD SAFETY]
14. Not visible
15. Not visible
16. Not visible
17. Not visible"
20260604T134116Z,LP_Farmers_Market_Restroom_1_20260602T181500.jpg,,,dataset_20260603_063335/LP_Farmers_Market_Restroom_1/LP_Farmers_Market_Restroom_1_20260602T181500.jpg,vehicle_prompts,done,2026-06-04T13:57:56.084794+00:00,0.039,0.741,0.782,,nvidia/cosmos-reason2-8b,"[date]

[GENERAL VEHICLE SAFETY]
1. Not visible
2. Not visible

[COLLISIONS & NEAR MISSES]
3. Not visible
4. Not visible

[PARKING & ACCESS VIOLATIONS]
5. Not visible
6. Not visible
7. Not visible

[SUSPICIOUS VEHICLE BEHAVIOR]
8. Not visible
9. Not visible
10. Not visible

[VEHICLE IDENTIFICATION]
11. Not visible
12. Not visible
13. Not visible

[PEDESTRIAN & CHILD SAFETY]
14. Not visible
15. Not visible
16. Not visible
17. Not visible"
20260604T134116Z,LP_Farmers_Market_Restroom_1_20260602T183000.jpg,,,dataset_20260603_063335/LP_Farmers_Market_Restroom_1/LP_Farmers_Market_Restroom_1_20260602T183000.jpg,vehicle_prompts,done,2026-06-04T13:57:56.289633+00:00,0.042,0.779,0.824,,nvidia/cosmos-reason2-8b,"[GENERAL VEHICLE SAFETY]
1. Not visible
2. Not visible

[COLLISIONS & NEAR MISSES]
3. Not visible
4. Not visible

[PARKING & ACCESS VIOLATIONS]
5. Not visible
6. Not visible
7. Not visible

[SUSPICIOUS VEHICLE BEHAVIOR]
8. Not visible
9. Not visible
10. Not visible

[VEHICLE IDENTIFICATION]
11. Not visible
12. Not visible
13. Not visible

[PEDESTRIAN & CHILD SAFETY]
14. Not visible
15. Not visible
16. Not visible
17. Not visible"
20260604T134116Z,LP_Farmers_Market_Restroom_1_20260602T184500.jpg,,,dataset_20260603_063335/LP_Farmers_Market_Restroom_1/LP_Farmers_Market_Restroom_1_20260602T184500.jpg,vehicle_prompts,done,2026-06-04T13:57:56.496891+00:00,0.053,0.702,0.757,,nvidia/cosmos-reason2-8b,"[GENERAL VEHICLE SAFETY]
1. Not visible
2. Not visible

[COLLISIONS & NEAR MISSES]
3. Not visible
4. Not visible

[PARKING & ACCESS VIOLATIONS]
5. Not visible
6. Not visible
7. Not visible

[SUSPICIOUS VEHICLE BEHAVIOR]
8. Not visible
9. Not visible
10. Not visible

[VEHICLE IDENTIFICATION]
11. Not visible
12. Not visible
13. Not visible

[PEDESTRIAN & CHILD SAFETY]
14. Not visible
15. Not visible
16. Not visible
17. Not visible"
20260604T134116Z,LP_Farmers_Market_Restroom_1_20260602T190000.jpg,,,dataset_20260603_063335/LP_Farmers_Market_Restroom_1/LP_Farmers_Market_Restroom_1_20260602T190000.jpg,vehicle_prompts,done,2026-06-04T13:57:56.668527+00:00,0.049,0.694,0.745,,nvidia/cosmos-reason2-8b,"### [GENERAL VEHICLE SAFETY]
1. Not visible
2. Not visible

### [COLLISIONS & NEAR MISSES]
3. Not visible
4. Not visible

### [PARKING & ACCESS VIOLATIONS]
5. Not visible
6. Not visible
7. Not visible

### [SUSPICIOUS VEHICLE BEHAVIOR]
8. Not visible
9. Not visible
10. Not visible

### [VEHICLE IDENTIFICATION]
11. Not visible
12. Not visible
13. Not visible

### [PEDESTRIAN & CHILD SAFETY]
14. Not visible
15. Not visible
16. Not visible
17. Not visible"
20260604T134116Z,LP_Farmers_Market_Restroom_1_20260602T191500.jpg,,,dataset_20260603_063335/LP_Farmers_Market_Restroom_1/LP_Farmers_Market_Restroom_1_20260602T191500.jpg,vehicle_prompts,done,2026-06-04T13:57:56.869112+00:00,0.041,0.788,0.832,,nvidia/cosmos-reason2-8b,"### [GENERAL VEHICLE SAFETY]
1. Not visible
2. Not visible

### [COLLISIONS & NEAR MISSES]
3. Not visible
4. Not visible

### [PARKING & ACCESS VIOLATIONS]
5. Not visible
6. Not visible
7. Not visible

### [SUSPICIOUS VEHICLE BEHAVIOR]
8. Not visible
9. Not visible
10. Not visible

### [VEHICLE IDENTIFICATION]
11. Not visible
12. Not visible
13. Not visible

### [PEDESTRIAN & CHILD SAFETY]
14. Not visible
15. Not visible
16. Not visible
17. Not visible"
20260604T134116Z,LP_Farmers_Market_Restroom_1_20260602T193000.jpg,,,dataset_20260603_063335/LP_Farmers_Market_Restroom_1/LP_Farmers_Market_Restroom_1_20260602T193000.jpg,vehicle_prompts,done,2026-06-04T13:57:57.115927+00:00,0.047,0.653,0.703,,nvidia/cosmos-reason2-8b,"### [GENERAL VEHICLE SAFETY]
1. Not visible
2. Not visible

### [COLLISIONS & NEAR MISSES]
3. Not visible
4. Not visible

### [PARKING & ACCESS VIOLATIONS]
5. Not visible
6. Not visible
7. Not visible

### [SUSPICIOUS VEHICLE BEHAVIOR]
8. Not visible
9. Not visible
10. Not visible

### [VEHICLE IDENTIFICATION]
11. Not visible
12. Not visible
13. Not visible

### [PEDESTRIAN & CHILD SAFETY]
14. Not visible
15. Not visible
16. Not visible
17. Not visible"
20260604T134116Z,LP_Farmers_Market_Restroom_1_20260602T194500.jpg,,,dataset_20260603_063335/LP_Farmers_Market_Restroom_1/LP_Farmers_Market_Restroom_1_20260602T194500.jpg,vehicle_prompts,done,2026-06-04T13:57:57.256988+00:00,0.052,0.746,0.813,,nvidia/cosmos-reason2-8b,"### GENERAL VEHICLE SAFETY
1. Not visible
2. Not visible

### COLLISIONS & NEAR MISSES
3. Not visible
4. Not visible

### PARKING & ACCESS VIOLATIONS
5. Not visible
6. Not visible
7. Not visible

### SUSPICIOUS VEHICLE BEHAVIOR
8. Not visible
9. Not visible
10. Not visible

### VEHICLE IDENTIFICATION
11. Not visible
12. Not visible
13. Not visible

### PEDESTRIAN & CHILD SAFETY
14. Not visible
15. Not visible
16. Not visible
17. Not visible"
20260604T134116Z,LP_Farmers_Market_Restroom_1_20260602T200000.jpg,,,dataset_20260603_063335/LP_Farmers_Market_Restroom_1/LP_Farmers_Market_Restroom_1_20260602T200000.jpg,vehicle_prompts,done,2026-06-04T13:57:57.415641+00:00,0.05,0.771,0.823,,nvidia/cosmos-reason2-8b,"[GENERAL VEHICLE SAFETY]
1. Not visible
2. Not visible

[COLLISIONS & NEAR MISSES]
3. Not visible
4. Not visible

[PARKING & ACCESS VIOLATIONS]
5. Not visible
6. Not visible
7. Not visible

[SUSPICIOUS VEHICLE BEHAVIOR]
8. Not visible
9. Not visible
10. Not visible

[VEHICLE IDENTIFICATION]
11. Not visible
12. Not visible
13. Not visible

[PEDESTRIAN & CHILD SAFETY]
14. Not visible
15. Not visible
16. Not visible
17. Not visible"
20260604T134116Z,LP_Farmers_Market_Restroom_1_20260602T201500.jpg,,,dataset_20260603_063335/LP_Farmers_Market_Restroom_1/LP_Farmers_Market_Restroom_1_20260602T201500.jpg,vehicle_prompts,done,2026-06-04T13:57:57.704119+00:00,0.049,0.719,0.77,,nvidia/cosmos-reason2-8b,"[GENERAL VEHICLE SAFETY]
1. Not visible
2. Not visible

[COLLISIONS & NEAR MISSES]
3. Not visible
4. Not visible

[PARKING & ACCESS VIOLATIONS]
5. Not visible
6. Not visible
7. Not visible

[SUSPICIOUS VEHICLE BEHAVIOR]
8. Not visible
9. Not visible
10. Not visible

[VEHICLE IDENTIFICATION]
11. Not visible
12. Not visible
13. Not visible

[PEDESTRIAN & CHILD SAFETY]
14. Not visible
15. Not visible
16. Not visible
17. Not visible"
20260604T134116Z,LP_Farmers_Market_Restroom_1_20260602T203000.jpg,,,dataset_20260603_063335/LP_Farmers_Market_Restroom_1/LP_Farmers_Market_Restroom_1_20260602T203000.jpg,vehicle_prompts,done,2026-06-04T13:57:57.821567+00:00,0.054,0.758,0.814,,nvidia/cosmos-reason2-8b,"[GENERAL VEHICLE SAFETY]
1. Not visible
2. Not visible

[COLLISIONS & NEAR MISSES]
3. Not visible
4. Not visible

[PARKING & ACCESS VIOLATIONS]
5. Not visible
6. Not visible
7. Not visible

[SUSPICIOUS VEHICLE BEHAVIOR]
8. Not visible
9. Not visible
10. Not visible

[VEHICLE IDENTIFICATION]
11. Not visible
12. Not visible
13. Not visible

[PEDESTRIAN & CHILD SAFETY]
14. Not visible
15. Not visible
16. Not visible
17. Not visible"
20260604T134116Z,LP_Farmers_Market_Restroom_1_20260602T204500.jpg,,,dataset_20260603_063335/LP_Farmers_Market_Restroom_1/LP_Farmers_Market_Restroom_1_20260602T204500.jpg,vehicle_prompts,done,2026-06-04T13:57:58.072290+00:00,0.041,0.789,0.833,,nvidia/cosmos-reason2-8b,"[GENERAL VEHICLE SAFETY]
1. Not visible
2. Not visible

[COLLISIONS & NEAR MISSES]
3. Not visible
4. Not visible

[PARKING & ACCESS VIOLATIONS]
5. Not visible
6. Not visible
7. Not visible

[SUSPICIOUS VEHICLE BEHAVIOR]
8. Not visible
9. Not visible
10. Not visible

[VEHICLE IDENTIFICATION]
11. Not visible
12. Not visible
13. Not visible

[PEDESTRIAN & CHILD SAFETY]
14. Not visible
15. Not visible
16. Not visible
17. Not visible"
20260604T134116Z,LP_Farmers_Market_Restroom_1_20260602T210000.jpg,,,dataset_20260603_063335/LP_Farmers_Market_Restroom_1/LP_Farmers_Market_Restroom_1_20260602T210000.jpg,vehicle_prompts,done,2026-06-04T13:57:58.240910+00:00,0.04,0.749,0.792,,nvidia/cosmos-reason2-8b,"### [GENERAL VEHICLE SAFETY]
1. Not visible
2. Not visible

### [COLLISIONS & NEAR MISSES]
3. Not visible
4. Not visible

### [PARKING & ACCESS VIOLATIONS]
5. Not visible
6. Not visible
7. Not visible

### [SUSPICIOUS VEHICLE BEHAVIOR]
8. Not visible
9. Not visible
10. Not visible

### [VEHICLE IDENTIFICATION]
11. Not visible
12. Not visible
13. Not visible

### [PEDESTRIAN & CHILD SAFETY]
14. Not visible
15. Not visible
16. Not visible
17. Not visible"
20260604T134116Z,LP_Farmers_Market_Restroom_1_20260602T211500.jpg,,,dataset_20260603_063335/LP_Farmers_Market_Restroom_1/LP_Farmers_Market_Restroom_1_20260602T211500.jpg,vehicle_prompts,done,2026-06-04T13:57:58.477261+00:00,0.05,0.754,0.806,,nvidia/cosmos-reason2-8b,"[GENERAL VEHICLE SAFETY]
1. Not visible
2. Not visible

[COLLISIONS & NEAR MISSES]
3. Not visible
4. Not visible

[PARKING & ACCESS VIOLATIONS]
5. Not visible
6. Not visible
7. Not visible

[SUSPICIOUS VEHICLE BEHAVIOR]
8. Not visible
9. Not visible
10. Not visible

[VEHICLE IDENTIFICATION]
11. Not visible
12. Not visible
13. Not visible

[PEDESTRIAN & CHILD SAFETY]
14. Not visible
15. Not visible
16. Not visible
17. Not visible"
20260604T134116Z,LP_Farmers_Market_Restroom_1_20260602T213000.jpg,,,dataset_20260603_063335/LP_Farmers_Market_Restroom_1/LP_Farmers_Market_Restroom_1_20260602T213000.jpg,vehicle_prompts,done,2026-06-04T13:57:58.638675+00:00,0.051,0.736,0.79,,nvidia/cosmos-reason2-8b,"[GENERAL VEHICLE SAFETY]
1. Not visible
2. Not visible

[COLLISIONS & NEAR MISSES]
3. Not visible
4. Not visible

[PARKING & ACCESS VIOLATIONS]
5. Not visible
6. Not visible
7. Not visible

[SUSPICIOUS VEHICLE BEHAVIOR]
8. Not visible
9. Not visible
10. Not visible

[VEHICLE IDENTIFICATION]
11. Not visible
12. Not visible
13. Not visible

[PEDESTRIAN & CHILD SAFETY]
14. Not visible
15. Not visible
16. Not visible
17. Not visible"
20260604T134116Z,LP_Farmers_Market_Restroom_1_20260602T214500.jpg,,,dataset_20260603_063335/LP_Farmers_Market_Restroom_1/LP_Farmers_Market_Restroom_1_20260602T214500.jpg,vehicle_prompts,done,2026-06-04T13:57:58.907466+00:00,0.041,0.703,0.746,,nvidia/cosmos-reason2-8b,"[GENERAL VEHICLE SAFETY]
1. Not visible
2. Not visible

[COLLISIONS & NEAR MISSES]
3. Not visible
4. Not visible

[PARKING & ACCESS VIOLATIONS]
5. Not visible
6. Not visible
7. Not visible

[SUSPICIOUS VEHICLE BEHAVIOR]
8. Not visible
9. Not visible
10. Not visible

[VEHICLE IDENTIFICATION]
11. Not visible
12. Not visible
13. Not visible

[PEDESTRIAN & CHILD SAFETY]
14. Not visible
15. Not visible
16. Not visible
17. Not visible"
20260604T134116Z,LP_Farmers_Market_Restroom_1_20260602T220000.jpg,,,dataset_20260603_063335/LP_Farmers_Market_Restroom_1/LP_Farmers_Market_Restroom_1_20260602T220000.jpg,vehicle_prompts,done,2026-06-04T13:57:59.035600+00:00,0.048,0.724,0.775,,nvidia/cosmos-reason2-8b,"[GENERAL VEHICLE SAFETY]
1. Not visible
2. Not visible

[COLLISIONS & NEAR MISSES]
3. Not visible
4. Not visible

[PARKING & ACCESS VIOLATIONS]
5. Not visible
6. Not visible
7. Not visible

[SUSPICIOUS VEHICLE BEHAVIOR]
8. Not visible
9. Not visible
10. Not visible

[VEHICLE IDENTIFICATION]
11. Not visible
12. Not visible
13. Not visible

[PEDESTRIAN & CHILD SAFETY]
14. Not visible
15. Not visible
16. Not visible
17. Not visible"
20260604T134116Z,LP_Farmers_Market_Restroom_1_20260602T221500.jpg,,,dataset_20260603_063335/LP_Farmers_Market_Restroom_1/LP_Farmers_Market_Restroom_1_20260602T221500.jpg,vehicle_prompts,done,2026-06-04T13:57:59.286038+00:00,0.04,0.75,0.792,,nvidia/cosmos-reason2-8b,"[GENERAL VEHICLE SAFETY]
1. Not visible
2. Not visible

[COLLISIONS & NEAR MISSES]
3. Not visible
4. Not visible

[PARKING & ACCESS VIOLATIONS]
5. Not visible
6. Not visible
7. Not visible

[SUSPICIOUS VEHICLE BEHAVIOR]
8. Not visible
9. Not visible
10. Not visible

[VEHICLE IDENTIFICATION]
11. Not visible
12. Not visible
13. Not visible

[PEDESTRIAN & CHILD SAFETY]
14. Not visible
15. Not visible
16. Not visible
17. Not visible"
20260604T134116Z,LP_Farmers_Market_Restroom_1_20260602T223000.jpg,,,dataset_20260603_063335/LP_Farmers_Market_Restroom_1/LP_Farmers_Market_Restroom_1_20260602T223000.jpg,vehicle_prompts,done,2026-06-04T13:57:59.430671+00:00,0.044,0.719,0.765,,nvidia/cosmos-reason2-8b,"[date]

[GENERAL VEHICLE SAFETY]
1. Not visible
2. Not visible

[COLLISIONS & NEAR MISSES]
3. Not visible
4. Not visible

[PARKING & ACCESS VIOLATIONS]
5. Not visible
6. Not visible
7. Not visible

[SUSPICIOUS VEHICLE BEHAVIOR]
8. Not visible
9. Not visible
10. Not visible

[VEHICLE IDENTIFICATION]
11. Not visible
12. Not visible
13. Not visible

[PEDESTRIAN & CHILD SAFETY]
14. Not visible
15. Not visible
16. Not visible
17. Not visible"
20260604T134116Z,LP_Farmers_Market_Restroom_1_20260602T224500.jpg,,,dataset_20260603_063335/LP_Farmers_Market_Restroom_1/LP_Farmers_Market_Restroom_1_20260602T224500.jpg,vehicle_prompts,done,2026-06-04T13:57:59.656869+00:00,0.053,0.728,0.784,,nvidia/cosmos-reason2-8b,"[GENERAL VEHICLE SAFETY]
1. Not visible
2. Not visible

[COLLISIONS & NEAR MISSES]
3. Not visible
4. Not visible

[PARKING & ACCESS VIOLATIONS]
5. Not visible
6. Not visible
7. Not visible

[SUSPICIOUS VEHICLE BEHAVIOR]
8. Not visible
9. Not visible
10. Not visible

[VEHICLE IDENTIFICATION]
11. Not visible
12. Not visible
13. Not visible

[PEDESTRIAN & CHILD SAFETY]
14. Not visible
15. Not visible
16. Not visible
17. Not visible"
20260604T134116Z,LP_Farmers_Market_Restroom_1_20260602T230000.jpg,,,dataset_20260603_063335/LP_Farmers_Market_Restroom_1/LP_Farmers_Market_Restroom_1_20260602T230000.jpg,vehicle_prompts,done,2026-06-04T13:57:59.813992+00:00,0.048,0.728,0.779,,nvidia/cosmos-reason2-8b,"[GENERAL VEHICLE SAFETY]
1. Not visible
2. Not visible

[COLLISIONS & NEAR MISSES]
3. Not visible
4. Not visible

[PARKING & ACCESS VIOLATIONS]
5. Not visible
6. Not visible
7. Not visible

[SUSPICIOUS VEHICLE BEHAVIOR]
8. Not visible
9. Not visible
10. Not visible

[VEHICLE IDENTIFICATION]
11. Not visible
12. Not visible
13. Not visible

[PEDESTRIAN & CHILD SAFETY]
14. Not visible
15. Not visible
16. Not visible
17. Not visible"
20260604T134116Z,LP_Farmers_Market_Restroom_1_20260602T231500.jpg,,,dataset_20260603_063335/LP_Farmers_Market_Restroom_1/LP_Farmers_Market_Restroom_1_20260602T231500.jpg,vehicle_prompts,done,2026-06-04T13:58:00.081586+00:00,0.04,0.903,0.945,,nvidia/cosmos-reason2-8b,"[GENERAL VEHICLE SAFETY]
1. Not visible
2. Not visible

[COLLISIONS & NEAR MISSES]
3. Not visible
4. Not visible

[PARKING & ACCESS VIOLATIONS]
5. Not visible
6. Not visible
7. Not visible

[SUSPICIOUS VEHICLE BEHAVIOR]
8. Not visible
9. Not visible
10. Not visible

[VEHICLE IDENTIFICATION]
11. Not visible
12. Not visible
13. Not visible

[PEDESTRIAN & CHILD SAFETY]
14. Not visible
15. Not visible
16. Not visible
17. Not visible"
20260604T134116Z,LP_Farmers_Market_Restroom_1_20260602T233000.jpg,,,dataset_20260603_063335/LP_Farmers_Market_Restroom_1/LP_Farmers_Market_Restroom_1_20260602T233000.jpg,vehicle_prompts,done,2026-06-04T13:58:00.197963+00:00,0.04,0.84,0.881,,nvidia/cosmos-reason2-8b,"[GENERAL VEHICLE SAFETY]
1. Not visible
2. Not visible

[COLLISIONS & NEAR MISSES]
3. Not visible
4. Not visible

[PARKING & ACCESS VIOLATIONS]
5. Not visible
6. Not visible
7. Not visible

[SUSPICIOUS VEHICLE BEHAVIOR]
8. Not visible
9. Not visible
10. Not visible

[VEHICLE IDENTIFICATION]
11. Not visible
12. Not visible
13. Not visible

[PEDESTRIAN & CHILD SAFETY]
14. Not visible
15. Not visible
16. Not visible
17. Not visible"
20260604T134116Z,LP_Farmers_Market_Restroom_1_20260602T234500.jpg,,,dataset_20260603_063335/LP_Farmers_Market_Restroom_1/LP_Farmers_Market_Restroom_1_20260602T234500.jpg,vehicle_prompts,done,2026-06-04T13:58:00.444290+00:00,0.045,0.799,0.847,,nvidia/cosmos-reason2-8b,"[GENERAL VEHICLE SAFETY]
1. Not visible
2. Not visible

[COLLISIONS & NEAR MISSES]
3. Not visible
4. Not visible

[PARKING & ACCESS VIOLATIONS]
5. Not visible
6. Not visible
7. Not visible

[SUSPICIOUS VEHICLE BEHAVIOR]
8. Not visible
9. Not visible
10. Not visible

[VEHICLE IDENTIFICATION]
11. Not visible
12. Not visible
13. Not visible

[PEDESTRIAN & CHILD SAFETY]
14. Not visible
15. Not visible
16. Not visible
17. Not visible"
20260604T134116Z,LP_Farmers_Market_Restroom_2_20260602T000000.jpg,,,dataset_20260603_063335/LP_Farmers_Market_Restroom_2/LP_Farmers_Market_Restroom_2_20260602T000000.jpg,vehicle_prompts,done,2026-06-04T13:58:40.337338+00:00,0.144,1.193,1.355,,nvidia/cosmos-reason2-8b,"### [GENERAL VEHICLE SAFETY]
1. Not visible
2. Not visible

### [COLLISIONS & NEAR MISSES]
3. Not visible
4. Not visible

### [PARKING & ACCESS VIOLATIONS]
5. Not visible
6. Not visible
7. Not visible

### [SUSPICIOUS VEHICLE BEHAVIOR]
8. Not visible
9. Not visible
10. Not visible

### [VEHICLE IDENTIFICATION]
11. Not visible
12. Not visible
13. Not visible

### [PEDESTRIAN & CHILD SAFETY]
14. Not visible
15. Not visible
16. Not visible
17. Not visible"
20260604T134116Z,LP_Farmers_Market_Restroom_2_20260602T001500.jpg,,,dataset_20260603_063335/LP_Farmers_Market_Restroom_2/LP_Farmers_Market_Restroom_2_20260602T001500.jpg,vehicle_prompts,done,2026-06-04T13:58:40.338031+00:00,0.143,0.687,0.847,,nvidia/cosmos-reason2-8b,"[GENERAL VEHICLE SAFETY]
1. Not visible
2. Not visible

[COLLISIONS & NEAR MISSES]
3. Not visible
4. Not visible

[PARKING & ACCESS VIOLATIONS]
5. Not visible
6. Not visible
7. Not visible

[SUSPICIOUS VEHICLE BEHAVIOR]
8. Not visible
9. Not visible
10. Not visible

[VEHICLE IDENTIFICATION]
11. Not visible
12. Not visible
13. Not visible

[PEDESTRIAN & CHILD SAFETY]
14. Not visible
15. Not visible
16. Not visible
17. Not visible"
20260604T134116Z,LP_Farmers_Market_Restroom_2_20260602T003000.jpg,,,dataset_20260603_063335/LP_Farmers_Market_Restroom_2/LP_Farmers_Market_Restroom_2_20260602T003000.jpg,vehicle_prompts,done,2026-06-04T13:58:40.338429+00:00,0.145,1.35,1.512,,nvidia/cosmos-reason2-8b,"[date]

[GENERAL VEHICLE SAFETY]
1. Not visible
2. Not visible

[COLLISIONS & NEAR MISSES]
3. Not visible
4. Not visible

[PARKING & ACCESS VIOLATIONS]
5. Not visible
6. Not visible
7. Not visible

[SUSPICIOUS VEHICLE BEHAVIOR]
8. Not visible
9. Not visible
10. Not visible

[VEHICLE IDENTIFICATION]
11. Not visible
12. Not visible
13. Not visible

[PEDESTRIAN & CHILD SAFETY]
14. Not visible
15. Not visible
16. Not visible
17. Not visible"
20260604T134116Z,LP_Farmers_Market_Restroom_2_20260602T004500.jpg,,,dataset_20260603_063335/LP_Farmers_Market_Restroom_2/LP_Farmers_Market_Restroom_2_20260602T004500.jpg,vehicle_prompts,done,2026-06-04T13:58:40.340666+00:00,0.144,0.93,1.089,,nvidia/cosmos-reason2-8b,"[date]

[GENERAL VEHICLE SAFETY]
1. Not visible
2. Not visible

[COLLISIONS & NEAR MISSES]
3. Not visible
4. Not visible

[PARKING & ACCESS VIOLATIONS]
5. Not visible
6. Not visible
7. Not visible

[SUSPICIOUS VEHICLE BEHAVIOR]
8. Not visible
9. Not visible
10. Not visible

[VEHICLE IDENTIFICATION]
11. Not visible
12. Not visible
13. Not visible

[PEDESTRIAN & CHILD SAFETY]
14. Not visible
15. Not visible
16. Not visible
17. Not visible"
20260604T134116Z,LP_Farmers_Market_Restroom_2_20260602T010000.jpg,,,dataset_20260603_063335/LP_Farmers_Market_Restroom_2/LP_Farmers_Market_Restroom_2_20260602T010000.jpg,vehicle_prompts,done,2026-06-04T13:58:41.188313+00:00,0.05,0.744,0.797,,nvidia/cosmos-reason2-8b,"[GENERAL VEHICLE SAFETY]
1. Not visible
2. Not visible

[COLLISIONS & NEAR MISSES]
3. Not visible
4. Not visible

[PARKING & ACCESS VIOLATIONS]
5. Not visible
6. Not visible
7. Not visible

[SUSPICIOUS VEHICLE BEHAVIOR]
8. Not visible
9. Not visible
10. Not visible

[VEHICLE IDENTIFICATION]
11. Not visible
12. Not visible
13. Not visible

[PEDESTRIAN & CHILD SAFETY]
14. Not visible
15. Not visible
16. Not visible
17. Not visible"
20260604T134116Z,LP_Farmers_Market_Restroom_2_20260602T011500.jpg,,,dataset_20260603_063335/LP_Farmers_Market_Restroom_2/LP_Farmers_Market_Restroom_2_20260602T011500.jpg,vehicle_prompts,done,2026-06-04T13:58:41.431958+00:00,0.049,0.756,0.808,,nvidia/cosmos-reason2-8b,"### [GENERAL VEHICLE SAFETY]
1. Not visible
2. Not visible

### [COLLISIONS & NEAR MISSES]
3. Not visible
4. Not visible

### [PARKING & ACCESS VIOLATIONS]
5. Not visible
6. Not visible
7. Not visible

### [SUSPICIOUS VEHICLE BEHAVIOR]
8. Not visible
9. Not visible
10. Not visible

### [VEHICLE IDENTIFICATION]
11. Not visible
12. Not visible
13. Not visible

### [PEDESTRIAN & CHILD SAFETY]
14. Not visible
15. Not visible
16. Not visible
17. Not visible"
20260604T134116Z,LP_Farmers_Market_Restroom_2_20260602T013000.jpg,,,dataset_20260603_063335/LP_Farmers_Market_Restroom_2/LP_Farmers_Market_Restroom_2_20260602T013000.jpg,vehicle_prompts,done,2026-06-04T13:58:41.694551+00:00,0.042,0.945,0.989,,nvidia/cosmos-reason2-8b,"[date]

[GENERAL VEHICLE SAFETY]
1. Not visible
2. Not visible

[COLLISIONS & NEAR MISSES]
3. Not visible
4. Not visible

[PARKING & ACCESS VIOLATIONS]
5. Not visible
6. Not visible
7. Not visible

[SUSPICIOUS VEHICLE BEHAVIOR]
8. Not visible
9. Not visible
10. Not visible

[VEHICLE IDENTIFICATION]
11. Not visible
12. Not visible
13. Not visible

[PEDESTRIAN & CHILD SAFETY]
14. Not visible
15. Not visible
16. Not visible
17. Not visible"
20260604T134116Z,LP_Farmers_Market_Restroom_2_20260602T014500.jpg,,,dataset_20260603_063335/LP_Farmers_Market_Restroom_2/LP_Farmers_Market_Restroom_2_20260602T014500.jpg,vehicle_prompts,done,2026-06-04T13:58:41.852339+00:00,0.047,0.718,0.767,,nvidia/cosmos-reason2-8b,"[date]

[GENERAL VEHICLE SAFETY]
1. Not visible
2. Not visible

[COLLISIONS & NEAR MISSES]
3. Not visible
4. Not visible

[PARKING & ACCESS VIOLATIONS]
5. Not visible
6. Not visible
7. Not visible

[SUSPICIOUS VEHICLE BEHAVIOR]
8. Not visible
9. Not visible
10. Not visible

[VEHICLE IDENTIFICATION]
11. Not visible
12. Not visible
13. Not visible

[PEDESTRIAN & CHILD SAFETY]
14. Not visible
15. Not visible
16. Not visible
17. Not visible"
20260604T134116Z,LP_Farmers_Market_Restroom_2_20260602T020000.jpg,,,dataset_20260603_063335/LP_Farmers_Market_Restroom_2/LP_Farmers_Market_Restroom_2_20260602T020000.jpg,vehicle_prompts,done,2026-06-04T13:58:41.987389+00:00,0.045,0.782,0.829,,nvidia/cosmos-reason2-8b,"[date]

[GENERAL VEHICLE SAFETY]
1. Not visible
2. Not visible

[COLLISIONS & NEAR MISSES]
3. Not visible
4. Not visible

[PARKING & ACCESS VIOLATIONS]
5. Not visible
6. Not visible
7. Not visible

[SUSPICIOUS VEHICLE BEHAVIOR]
8. Not visible
9. Not visible
10. Not visible

[VEHICLE IDENTIFICATION]
11. Not visible
12. Not visible
13. Not visible

[PEDESTRIAN & CHILD SAFETY]
14. Not visible
15. Not visible
16. Not visible
17. Not visible"
20260604T134116Z,LP_Farmers_Market_Restroom_2_20260602T021500.jpg,,,dataset_20260603_063335/LP_Farmers_Market_Restroom_2/LP_Farmers_Market_Restroom_2_20260602T021500.jpg,vehicle_prompts,done,2026-06-04T13:58:42.242776+00:00,0.05,0.687,0.74,,nvidia/cosmos-reason2-8b,"[GENERAL VEHICLE SAFETY]
1. Not visible
2. Not visible

[COLLISIONS & NEAR MISSES]
3. Not visible
4. Not visible

[PARKING & ACCESS VIOLATIONS]
5. Not visible
6. Not visible
7. Not visible

[SUSPICIOUS VEHICLE BEHAVIOR]
8. Not visible
9. Not visible
10. Not visible

[VEHICLE IDENTIFICATION]
11. Not visible
12. Not visible
13. Not visible

[PEDESTRIAN & CHILD SAFETY]
14. Not visible
15. Not visible
16. Not visible
17. Not visible"
20260604T134116Z,LP_Farmers_Market_Restroom_2_20260602T023000.jpg,,,dataset_20260603_063335/LP_Farmers_Market_Restroom_2/LP_Farmers_Market_Restroom_2_20260602T023000.jpg,vehicle_prompts,done,2026-06-04T13:58:42.621556+00:00,0.047,0.721,0.771,,nvidia/cosmos-reason2-8b,"[date]

[GENERAL VEHICLE SAFETY]
1. Not visible
2. Not visible

[COLLISIONS & NEAR MISSES]
3. Not visible
4. Not visible

[PARKING & ACCESS VIOLATIONS]
5. Not visible
6. Not visible
7. Not visible

[SUSPICIOUS VEHICLE BEHAVIOR]
8. Not visible
9. Not visible
10. Not visible

[VEHICLE IDENTIFICATION]
11. Not visible
12. Not visible
13. Not visible

[PEDESTRIAN & CHILD SAFETY]
14. Not visible
15. Not visible
16. Not visible
17. Not visible"
20260604T134116Z,LP_Farmers_Market_Restroom_2_20260602T024500.jpg,,,dataset_20260603_063335/LP_Farmers_Market_Restroom_2/LP_Farmers_Market_Restroom_2_20260602T024500.jpg,vehicle_prompts,done,2026-06-04T13:58:42.685595+00:00,0.047,0.857,0.906,,nvidia/cosmos-reason2-8b,"[date]

[GENERAL VEHICLE SAFETY]
1. Not visible
2. Not visible

[COLLISIONS & NEAR MISSES]
3. Not visible
4. Not visible

[PARKING & ACCESS VIOLATIONS]
5. Not visible
6. Not visible
7. Not visible

[SUSPICIOUS VEHICLE BEHAVIOR]
8. Not visible
9. Not visible
10. Not visible

[VEHICLE IDENTIFICATION]
11. Not visible
12. Not visible
13. Not visible

[PEDESTRIAN & CHILD SAFETY]
14. Not visible
15. Not visible
16. Not visible
17. Not visible"
20260604T134116Z,LP_Farmers_Market_Restroom_2_20260602T030000.jpg,,,dataset_20260603_063335/LP_Farmers_Market_Restroom_2/LP_Farmers_Market_Restroom_2_20260602T030000.jpg,vehicle_prompts,done,2026-06-04T13:58:42.818295+00:00,0.045,1.085,1.131,,nvidia/cosmos-reason2-8b,"[date]

[GENERAL VEHICLE SAFETY]
1. Not visible
2. Not visible

[COLLISIONS & NEAR MISSES]
3. Not visible
4. Not visible

[PARKING & ACCESS VIOLATIONS]
5. Not visible
6. Not visible
7. Not visible

[SUSPICIOUS VEHICLE BEHAVIOR]
8. Not visible
9. Not visible
10. Not visible

[VEHICLE IDENTIFICATION]
11. Not visible
12. Not visible
13. Not visible

[PEDESTRIAN & CHILD SAFETY]
14. Not visible
15. Not visible
16. Not visible
17. Not visible"
20260604T134116Z,LP_Farmers_Market_Restroom_2_20260602T031500.jpg,,,dataset_20260603_063335/LP_Farmers_Market_Restroom_2/LP_Farmers_Market_Restroom_2_20260602T031500.jpg,vehicle_prompts,done,2026-06-04T13:58:42.985400+00:00,0.038,0.835,0.875,,nvidia/cosmos-reason2-8b,"### [GENERAL VEHICLE SAFETY]
1. Not visible
2. Not visible

### [COLLISIONS & NEAR MISSES]
3. Not visible
4. Not visible

### [PARKING & ACCESS VIOLATIONS]
5. Not visible
6. Not visible
7. Not visible

### [SUSPICIOUS VEHICLE BEHAVIOR]
8. Not visible
9. Not visible
10. Not visible

### [VEHICLE IDENTIFICATION]
11. Not visible
12. Not visible
13. Not visible

### [PEDESTRIAN & CHILD SAFETY]
14. Not visible
15. Not visible
16. Not visible
17. Not visible"
20260604T134116Z,LP_Farmers_Market_Restroom_2_20260602T033000.jpg,,,dataset_20260603_063335/LP_Farmers_Market_Restroom_2/LP_Farmers_Market_Restroom_2_20260602T033000.jpg,vehicle_prompts,done,2026-06-04T13:58:43.394931+00:00,0.042,0.75,0.794,,nvidia/cosmos-reason2-8b,"### [GENERAL VEHICLE SAFETY]
1. Not visible
2. Not visible

### [COLLISIONS & NEAR MISSES]
3. Not visible
4. Not visible

### [PARKING & ACCESS VIOLATIONS]
5. Not visible
6. Not visible
7. Not visible

### [SUSPICIOUS VEHICLE BEHAVIOR]
8. Not visible
9. Not visible
10. Not visible

### [VEHICLE IDENTIFICATION]
11. Not visible
12. Not visible
13. Not visible

### [PEDESTRIAN & CHILD SAFETY]
14. Not visible
15. Not visible
16. Not visible
17. Not visible"
20260604T134116Z,LP_Farmers_Market_Restroom_2_20260602T034500.jpg,,,dataset_20260603_063335/LP_Farmers_Market_Restroom_2/LP_Farmers_Market_Restroom_2_20260602T034500.jpg,vehicle_prompts,done,2026-06-04T13:58:43.594138+00:00,0.045,0.65,0.698,,nvidia/cosmos-reason2-8b,"[date]

[GENERAL VEHICLE SAFETY]
1. Not visible
2. Not visible

[COLLISIONS & NEAR MISSES]
3. Not visible
4. Not visible

[PARKING & ACCESS VIOLATIONS]
5. Not visible
6. Not visible
7. Not visible

[SUSPICIOUS VEHICLE BEHAVIOR]
8. Not visible
9. Not visible
10. Not visible

[VEHICLE IDENTIFICATION]
11. Not visible
12. Not visible
13. Not visible

[PEDESTRIAN & CHILD SAFETY]
14. Not visible
15. Not visible
16. Not visible
17. Not visible"
20260604T134116Z,LP_Farmers_Market_Restroom_2_20260602T040000.jpg,,,dataset_20260603_063335/LP_Farmers_Market_Restroom_2/LP_Farmers_Market_Restroom_2_20260602T040000.jpg,vehicle_prompts,done,2026-06-04T13:58:43.863230+00:00,0.047,0.719,0.768,,nvidia/cosmos-reason2-8b,"[date]

[GENERAL VEHICLE SAFETY]
1. Not visible
2. Not visible

[COLLISIONS & NEAR MISSES]
3. Not visible
4. Not visible

[PARKING & ACCESS VIOLATIONS]
5. Not visible
6. Not visible
7. Not visible

[SUSPICIOUS VEHICLE BEHAVIOR]
8. Not visible
9. Not visible
10. Not visible

[VEHICLE IDENTIFICATION]
11. Not visible
12. Not visible
13. Not visible

[PEDESTRIAN & CHILD SAFETY]
14. Not visible
15. Not visible
16. Not visible
17. Not visible"
20260604T134116Z,LP_Farmers_Market_Restroom_2_20260602T041500.jpg,,,dataset_20260603_063335/LP_Farmers_Market_Restroom_2/LP_Farmers_Market_Restroom_2_20260602T041500.jpg,vehicle_prompts,done,2026-06-04T13:58:43.952889+00:00,0.048,0.679,0.73,,nvidia/cosmos-reason2-8b,"### GENERAL VEHICLE SAFETY
1. Not visible

### COLLISIONS & NEAR MISSES
3. Not visible

### PARKING & ACCESS VIOLATIONS
5. Not visible

### SUSPICIOUS VEHICLE BEHAVIOR
8. Not visible

### VEHICLE IDENTIFICATION
11. Not visible

### PEDESTRIAN & CHILD SAFETY
14. Not visible"
20260604T134116Z,LP_Farmers_Market_Restroom_2_20260602T043000.jpg,,,dataset_20260603_063335/LP_Farmers_Market_Restroom_2/LP_Farmers_Market_Restroom_2_20260602T043000.jpg,vehicle_prompts,done,2026-06-04T13:58:44.191682+00:00,0.048,0.765,0.815,,nvidia/cosmos-reason2-8b,"### [GENERAL VEHICLE SAFETY]
1. Not visible
2. Not visible

### [COLLISIONS & NEAR MISSES]
3. Not visible
4. Not visible

### [PARKING & ACCESS VIOLATIONS]
5. Not visible
6. Not visible
7. Not visible

### [SUSPICIOUS VEHICLE BEHAVIOR]
8. Not visible
9. Not visible
10. Not visible

### [VEHICLE IDENTIFICATION]
11. Not visible
12. Not visible
13. Not visible

### [PEDESTRIAN & CHILD SAFETY]
14. Not visible
15. Not visible
16. Not visible
17. Not visible"
20260604T134116Z,LP_Farmers_Market_Restroom_2_20260602T044500.jpg,,,dataset_20260603_063335/LP_Farmers_Market_Restroom_2/LP_Farmers_Market_Restroom_2_20260602T044500.jpg,vehicle_prompts,done,2026-06-04T13:58:44.294366+00:00,0.049,0.81,0.861,,nvidia/cosmos-reason2-8b,"[date]

[GENERAL VEHICLE SAFETY]
1. Not visible
2. Not visible

[COLLISIONS & NEAR MISSES]
3. Not visible
4. Not visible

[PARKING & ACCESS VIOLATIONS]
5. Not visible
6. Not visible
7. Not visible

[SUSPICIOUS VEHICLE BEHAVIOR]
8. Not visible
9. Not visible
10. Not visible

[VEHICLE IDENTIFICATION]
11. Not visible
12. Not visible
13. Not visible

[PEDESTRIAN & CHILD SAFETY]
14. Not visible
15. Not visible
16. Not visible
17. Not visible"
20260604T134116Z,LP_Farmers_Market_Restroom_2_20260602T050000.jpg,,,dataset_20260603_063335/LP_Farmers_Market_Restroom_2/LP_Farmers_Market_Restroom_2_20260602T050000.jpg,vehicle_prompts,done,2026-06-04T13:58:44.634119+00:00,0.05,0.781,0.834,,nvidia/cosmos-reason2-8b,"### GENERAL VEHICLE SAFETY
1. Not visible
2. Not visible

### COLLISIONS & NEAR MISSES
3. Not visible
4. Not visible

### PARKING & ACCESS VIOLATIONS
5. Not visible
6. Not visible
7. Not visible

### SUSPICIOUS VEHICLE BEHAVIOR
8. Not visible
9. Not visible
10. Not visible

### VEHICLE IDENTIFICATION
11. Not visible
12. Not visible
13. Not visible

### PEDESTRIAN & CHILD SAFETY
14. Not visible
15. Not visible
16. Not visible
17. Not visible"
20260604T134116Z,LP_Farmers_Market_Restroom_2_20260602T051500.jpg,,,dataset_20260603_063335/LP_Farmers_Market_Restroom_2/LP_Farmers_Market_Restroom_2_20260602T051500.jpg,vehicle_prompts,done,2026-06-04T13:58:44.686206+00:00,0.053,0.798,0.855,,nvidia/cosmos-reason2-8b,"### [GENERAL VEHICLE SAFETY]
1. Not visible
2. Not visible

### [COLLISIONS & NEAR MISSES]
3. Not visible
4. Not visible

### [PARKING & ACCESS VIOLATIONS]
5. Not visible
6. Not visible
7. Not visible

### [SUSPICIOUS VEHICLE BEHAVIOR]
8. Not visible
9. Not visible
10. Not visible

### [VEHICLE IDENTIFICATION]
11. Not visible
12. Not visible
13. Not visible

### [PEDESTRIAN & CHILD SAFETY]
14. Not visible
15. Not visible
16. Not visible
17. Not visible"
20260604T134116Z,LP_Farmers_Market_Restroom_2_20260602T053000.jpg,,,dataset_20260603_063335/LP_Farmers_Market_Restroom_2/LP_Farmers_Market_Restroom_2_20260602T053000.jpg,vehicle_prompts,done,2026-06-04T13:58:45.009560+00:00,0.047,0.688,0.739,,nvidia/cosmos-reason2-8b,"### [GENERAL VEHICLE SAFETY]
1. Not visible
2. Not visible

### [COLLISIONS & NEAR MISSES]
3. Not visible
4. Not visible

### [PARKING & ACCESS VIOLATIONS]
5. Not visible
6. Not visible
7. Not visible

### [SUSPICIOUS VEHICLE BEHAVIOR]
8. Not visible
9. Not visible
10. Not visible

### [VEHICLE IDENTIFICATION]
11. Not visible
12. Not visible
13. Not visible

### [PEDESTRIAN & CHILD SAFETY]
14. Not visible
15. Not visible
16. Not visible
17. Not visible"
20260604T134116Z,LP_Farmers_Market_Restroom_2_20260602T054500.jpg,,,dataset_20260603_063335/LP_Farmers_Market_Restroom_2/LP_Farmers_Market_Restroom_2_20260602T054500.jpg,vehicle_prompts,done,2026-06-04T13:58:45.157721+00:00,0.047,0.75,0.799,,nvidia/cosmos-reason2-8b,"### [GENERAL VEHICLE SAFETY]
1. Not visible
2. Not visible

### [COLLISIONS & NEAR MISSES]
3. Not visible
4. Not visible

### [PARKING & ACCESS VIOLATIONS]
5. Not visible
6. Not visible
7. Not visible

### [SUSPICIOUS VEHICLE BEHAVIOR]
8. Not visible
9. Not visible
10. Not visible

### [VEHICLE IDENTIFICATION]
11. Not visible
12. Not visible
13. Not visible

### [PEDESTRIAN & CHILD SAFETY]
14. Not visible
15. Not visible
16. Not visible
17. Not visible"
20260604T134116Z,LP_Farmers_Market_Restroom_2_20260602T060000.jpg,,,dataset_20260603_063335/LP_Farmers_Market_Restroom_2/LP_Farmers_Market_Restroom_2_20260602T060000.jpg,vehicle_prompts,done,2026-06-04T13:58:45.471428+00:00,0.05,0.853,0.905,,nvidia/cosmos-reason2-8b,"### [GENERAL VEHICLE SAFETY]
1. Not visible
2. Not visible

### [COLLISIONS & NEAR MISSES]
3. Not visible
4. Not visible

### [PARKING & ACCESS VIOLATIONS]
5. Not visible
6. Not visible
7. Not visible

### [SUSPICIOUS VEHICLE BEHAVIOR]
8. Not visible
9. Not visible
10. Not visible

### [VEHICLE IDENTIFICATION]
11. Not visible
12. Not visible
13. Not visible

### [PEDESTRIAN & CHILD SAFETY]
14. Not visible
15. Not visible
16. Not visible
17. Not visible"
20260604T134116Z,LP_Farmers_Market_Restroom_2_20260602T061500.jpg,,,dataset_20260603_063335/LP_Farmers_Market_Restroom_2/LP_Farmers_Market_Restroom_2_20260602T061500.jpg,vehicle_prompts,done,2026-06-04T13:58:45.544332+00:00,0.046,0.895,0.944,,nvidia/cosmos-reason2-8b,"[date]

[GENERAL VEHICLE SAFETY]
1. Not visible
2. Not visible

[COLLISIONS & NEAR MISSES]
3. Not visible
4. Not visible

[PARKING & ACCESS VIOLATIONS]
5. Not visible
6. Not visible
7. Not visible

[SUSPICIOUS VEHICLE BEHAVIOR]
8. Not visible
9. Not visible
10. Not visible

[VEHICLE IDENTIFICATION]
11. Not visible
12. Not visible
13. Not visible

[PEDESTRIAN & CHILD SAFETY]
14. Not visible
15. Not visible
16. Not visible
17. Not visible"
20260604T134116Z,LP_Farmers_Market_Restroom_2_20260602T063000.jpg,,,dataset_20260603_063335/LP_Farmers_Market_Restroom_2/LP_Farmers_Market_Restroom_2_20260602T063000.jpg,vehicle_prompts,done,2026-06-04T13:58:45.751892+00:00,0.049,0.96,1.011,,nvidia/cosmos-reason2-8b,"[date: 2024-04-19, time: 16:46:40]

[GENERAL VEHICLE SAFETY]
1. Not visible
2. Not visible

[COLLISIONS & NEAR MISSES]
3. Not visible
4. Not visible

[PARKING & ACCESS VIOLATIONS]
5. Not visible
6. Not visible
7. Not visible

[SUSPICIOUS VEHICLE BEHAVIOR]
8. Not visible
9. Not visible
10. Not visible

[VEHICLE IDENTIFICATION]
11. Not visible
12. Not visible
13. Not visible

[PEDESTRIAN & CHILD SAFETY]
14. Not visible
15. Not visible
16. Not visible
17. Not visible"
20260604T134116Z,LP_Farmers_Market_Restroom_2_20260602T064500.jpg,,,dataset_20260603_063335/LP_Farmers_Market_Restroom_2/LP_Farmers_Market_Restroom_2_20260602T064500.jpg,vehicle_prompts,done,2026-06-04T13:58:45.959449+00:00,0.049,0.804,0.855,,nvidia/cosmos-reason2-8b,"[GENERAL VEHICLE SAFETY]
1. Not visible
2. Not visible

[COLLISIONS & NEAR MISSES]
3. Not visible
4. Not visible

[PARKING & ACCESS VIOLATIONS]
5. Not visible
6. Not visible
7. Not visible

[SUSPICIOUS VEHICLE BEHAVIOR]
8. Not visible
9. Not visible
10. Not visible

[VEHICLE IDENTIFICATION]
11. Not visible
12. Not visible
13. Not visible

[PEDESTRIAN & CHILD SAFETY]
14. Not visible
15. Not visible
16. Not visible
17. Not visible"
20260604T134116Z,LP_Farmers_Market_Restroom_2_20260602T070000.jpg,,,dataset_20260603_063335/LP_Farmers_Market_Restroom_2/LP_Farmers_Market_Restroom_2_20260602T070000.jpg,vehicle_prompts,done,2026-06-04T13:58:46.379134+00:00,0.038,0.675,0.716,,nvidia/cosmos-reason2-8b,"[date]

[GENERAL VEHICLE SAFETY]
1. Not visible
2. Not visible

[COLLISIONS & NEAR MISSES]
3. Not visible
4. Not visible

[PARKING & ACCESS VIOLATIONS]
5. Not visible
6. Not visible
7. Not visible

[SUSPICIOUS VEHICLE BEHAVIOR]
8. Not visible
9. Not visible
10. Not visible

[VEHICLE IDENTIFICATION]
11. Not visible
12. Not visible
13. Not visible

[PEDESTRIAN & CHILD SAFETY]
14. Not visible
15. Not visible
16. Not visible
17. Not visible"
20260604T134116Z,LP_Farmers_Market_Restroom_2_20260602T071500.jpg,,,dataset_20260603_063335/LP_Farmers_Market_Restroom_2/LP_Farmers_Market_Restroom_2_20260602T071500.jpg,vehicle_prompts,done,2026-06-04T13:58:46.490413+00:00,0.047,0.734,0.784,,nvidia/cosmos-reason2-8b,"### [GENERAL VEHICLE SAFETY]
1. Not visible
2. Not visible

### [COLLISIONS & NEAR MISSES]
3. Not visible
4. Not visible

### [PARKING & ACCESS VIOLATIONS]
5. Not visible
6. Not visible
7. Not visible

### [SUSPICIOUS VEHICLE BEHAVIOR]
8. Not visible
9. Not visible
10. Not visible

### [VEHICLE IDENTIFICATION]
11. Not visible
12. Not visible
13. Not visible

### [PEDESTRIAN & CHILD SAFETY]
14. Not visible
15. Not visible
16. Not visible
17. Not visible"
20260604T134116Z,LP_Farmers_Market_Restroom_2_20260602T073000.jpg,,,dataset_20260603_063335/LP_Farmers_Market_Restroom_2/LP_Farmers_Market_Restroom_2_20260602T073000.jpg,vehicle_prompts,done,2026-06-04T13:58:46.765859+00:00,0.043,0.727,0.772,,nvidia/cosmos-reason2-8b,"[GENERAL VEHICLE SAFETY]
1. Not visible
2. Not visible

[COLLISIONS & NEAR MISSES]
3. Not visible
4. Not visible

[PARKING & ACCESS VIOLATIONS]
5. Not visible
6. Not visible
7. Not visible

[SUSPICIOUS VEHICLE BEHAVIOR]
8. Not visible
9. Not visible
10. Not visible

[VEHICLE IDENTIFICATION]
11. Not visible
12. Not visible
13. Not visible

[PEDESTRIAN & CHILD SAFETY]
14. Not visible
15. Not visible
16. Not visible
17. Not visible"
20260604T134116Z,LP_Farmers_Market_Restroom_2_20260602T074500.jpg,,,dataset_20260603_063335/LP_Farmers_Market_Restroom_2/LP_Farmers_Market_Restroom_2_20260602T074500.jpg,vehicle_prompts,done,2026-06-04T13:58:46.819048+00:00,0.047,0.944,0.994,,nvidia/cosmos-reason2-8b,"[GENERAL VEHICLE SAFETY]
1. Not visible
2. Not visible

[COLLISIONS & NEAR MISSES]
3. Not visible
4. Not visible

[PARKING & ACCESS VIOLATIONS]
5. Not visible
6. Not visible
7. Not visible

[SUSPICIOUS VEHICLE BEHAVIOR]
8. Not visible
9. Not visible
10. Not visible

[VEHICLE IDENTIFICATION]
11. Not visible
12. Not visible
13. Not visible

[PEDESTRIAN & CHILD SAFETY]
14. Not visible
15. Not visible
16. Not visible
17. Not visible"
20260604T134116Z,LP_Farmers_Market_Restroom_2_20260602T080000.jpg,,,dataset_20260603_063335/LP_Farmers_Market_Restroom_2/LP_Farmers_Market_Restroom_2_20260602T080000.jpg,vehicle_prompts,done,2026-06-04T13:58:47.097596+00:00,0.044,0.748,0.795,,nvidia/cosmos-reason2-8b,"[GENERAL VEHICLE SAFETY]
1. Not visible
2. Not visible

[COLLISIONS & NEAR MISSES]
3. Not visible
4. Not visible

[PARKING & ACCESS VIOLATIONS]
5. Not visible
6. Not visible
7. Not visible

[SUSPICIOUS VEHICLE BEHAVIOR]
8. Not visible
9. Not visible
10. Not visible

[VEHICLE IDENTIFICATION]
11. Not visible
12. Not visible
13. Not visible

[PEDESTRIAN & CHILD SAFETY]
14. Not visible
15. Not visible
16. Not visible
17. Not visible"
20260604T134116Z,LP_Farmers_Market_Restroom_2_20260602T081500.jpg,,,dataset_20260603_063335/LP_Farmers_Market_Restroom_2/LP_Farmers_Market_Restroom_2_20260602T081500.jpg,vehicle_prompts,done,2026-06-04T13:58:47.277236+00:00,0.048,0.781,0.832,,nvidia/cosmos-reason2-8b,"[GENERAL VEHICLE SAFETY]
1. Not visible
2. Not visible

[COLLISIONS & NEAR MISSES]
3. Not visible
4. Not visible

[PARKING & ACCESS VIOLATIONS]
5. Not visible
6. Not visible
7. Not visible

[SUSPICIOUS VEHICLE BEHAVIOR]
8. Not visible
9. Not visible
10. Not visible

[VEHICLE IDENTIFICATION]
11. Not visible
12. Not visible
13. Not visible

[PEDESTRIAN & CHILD SAFETY]
14. Not visible
15. Not visible
16. Not visible
17. Not visible"
20260604T134116Z,LP_Farmers_Market_Restroom_2_20260602T083000.jpg,,,dataset_20260603_063335/LP_Farmers_Market_Restroom_2/LP_Farmers_Market_Restroom_2_20260602T083000.jpg,vehicle_prompts,done,2026-06-04T13:58:47.541489+00:00,0.053,0.625,0.68,,nvidia/cosmos-reason2-8b,"[GENERAL VEHICLE SAFETY]
1. Not visible
2. Not visible

[COLLISIONS & NEAR MISSES]
3. Not visible
4. Not visible

[PARKING & ACCESS VIOLATIONS]
5. Not visible
6. Not visible
7. Not visible

[SUSPICIOUS VEHICLE BEHAVIOR]
8. Not visible
9. Not visible
10. Not visible

[VEHICLE IDENTIFICATION]
11. Not visible
12. Not visible
13. Not visible

[PEDESTRIAN & CHILD SAFETY]
14. Not visible
15. Not visible
16. Not visible
17. Not visible"
20260604T134116Z,LP_Farmers_Market_Restroom_2_20260602T084500.jpg,,,dataset_20260603_063335/LP_Farmers_Market_Restroom_2/LP_Farmers_Market_Restroom_2_20260602T084500.jpg,vehicle_prompts,done,2026-06-04T13:58:47.815440+00:00,0.052,0.704,0.758,,nvidia/cosmos-reason2-8b,"[GENERAL VEHICLE SAFETY]
1. Not visible
2. Not visible

[COLLISIONS & NEAR MISSES]
3. Not visible
4. Not visible

[PARKING & ACCESS VIOLATIONS]
5. Not visible
6. Not visible
7. Not visible

[SUSPICIOUS VEHICLE BEHAVIOR]
8. Not visible
9. Not visible
10. Not visible

[VEHICLE IDENTIFICATION]
11. Not visible
12. Not visible
13. Not visible

[PEDESTRIAN & CHILD SAFETY]
14. Not visible
15. Not visible
16. Not visible
17. Not visible"
20260604T134116Z,LP_Farmers_Market_Restroom_2_20260602T090000.jpg,,,dataset_20260603_063335/LP_Farmers_Market_Restroom_2/LP_Farmers_Market_Restroom_2_20260602T090000.jpg,vehicle_prompts,done,2026-06-04T13:58:47.894535+00:00,0.038,0.77,0.81,,nvidia/cosmos-reason2-8b,"[GENERAL VEHICLE SAFETY]
1. Not visible
2. Not visible

[COLLISIONS & NEAR MISSES]
3. Not visible
4. Not visible

[PARKING & ACCESS VIOLATIONS]
5. Not visible
6. Not visible
7. Not visible

[SUSPICIOUS VEHICLE BEHAVIOR]
8. Not visible
9. Not visible
10. Not visible

[VEHICLE IDENTIFICATION]
11. Not visible
12. Not visible
13. Not visible

[PEDESTRIAN & CHILD SAFETY]
14. Not visible
15. Not visible
16. Not visible
17. Not visible"
20260604T134116Z,LP_Farmers_Market_Restroom_2_20260602T091500.jpg,,,dataset_20260603_063335/LP_Farmers_Market_Restroom_2/LP_Farmers_Market_Restroom_2_20260602T091500.jpg,vehicle_prompts,done,2026-06-04T13:58:48.111918+00:00,0.045,0.766,0.813,,nvidia/cosmos-reason2-8b,"[GENERAL VEHICLE SAFETY]
1. Not visible
2. Not visible

[COLLISIONS & NEAR MISSES]
3. Not visible
4. Not visible

[PARKING & ACCESS VIOLATIONS]
5. Not visible
6. Not visible
7. Not visible

[SUSPICIOUS VEHICLE BEHAVIOR]
8. Not visible
9. Not visible
10. Not visible

[VEHICLE IDENTIFICATION]
11. Not visible
12. Not visible
13. Not visible

[PEDESTRIAN & CHILD SAFETY]
14. Not visible
15. Not visible
16. Not visible
17. Not visible"
20260604T134116Z,LP_Farmers_Market_Restroom_2_20260602T093000.jpg,,,dataset_20260603_063335/LP_Farmers_Market_Restroom_2/LP_Farmers_Market_Restroom_2_20260602T093000.jpg,vehicle_prompts,done,2026-06-04T13:58:48.224427+00:00,0.04,0.885,0.928,,nvidia/cosmos-reason2-8b,"[GENERAL VEHICLE SAFETY]
1. Not visible
2. Not visible

[COLLISIONS & NEAR MISSES]
3. Not visible
4. Not visible

[PARKING & ACCESS VIOLATIONS]
5. Not visible
6. Not visible
7. Not visible

[SUSPICIOUS VEHICLE BEHAVIOR]
8. Not visible
9. Not visible
10. Not visible

[VEHICLE IDENTIFICATION]
11. Not visible
12. Not visible
13. Not visible

[PEDESTRIAN & CHILD SAFETY]
14. Not visible
15. Not visible
16. Not visible
17. Not visible"
20260604T134116Z,LP_Farmers_Market_Restroom_2_20260602T094500.jpg,,,dataset_20260603_063335/LP_Farmers_Market_Restroom_2/LP_Farmers_Market_Restroom_2_20260602T094500.jpg,vehicle_prompts,done,2026-06-04T13:58:48.576431+00:00,0.048,0.723,0.774,,nvidia/cosmos-reason2-8b,"[GENERAL VEHICLE SAFETY]
1. Not visible
2. Not visible

[COLLISIONS & NEAR MISSES]
3. Not visible
4. Not visible

[PARKING & ACCESS VIOLATIONS]
5. Not visible
6. Not visible
7. Not visible

[SUSPICIOUS VEHICLE BEHAVIOR]
8. Not visible
9. Not visible
10. Not visible

[VEHICLE IDENTIFICATION]
11. Not visible
12. Not visible
13. Not visible

[PEDESTRIAN & CHILD SAFETY]
14. Not visible
15. Not visible
16. Not visible
17. Not visible"
20260604T134116Z,LP_Farmers_Market_Restroom_2_20260602T100000.jpg,,,dataset_20260603_063335/LP_Farmers_Market_Restroom_2/LP_Farmers_Market_Restroom_2_20260602T100000.jpg,vehicle_prompts,done,2026-06-04T13:58:48.706997+00:00,0.049,0.721,0.773,,nvidia/cosmos-reason2-8b,"[GENERAL VEHICLE SAFETY]
1. Not visible
2. Not visible

[COLLISIONS & NEAR MISSES]
3. Not visible
4. Not visible

[PARKING & ACCESS VIOLATIONS]
5. Not visible
6. Not visible
7. Not visible

[SUSPICIOUS VEHICLE BEHAVIOR]
8. Not visible
9. Not visible
10. Not visible

[VEHICLE IDENTIFICATION]
11. Not visible
12. Not visible
13. Not visible

[PEDESTRIAN & CHILD SAFETY]
14. Not visible
15. Not visible
16. Not visible
17. Not visible"
20260604T134116Z,LP_Farmers_Market_Restroom_2_20260602T101500.jpg,,,dataset_20260603_063335/LP_Farmers_Market_Restroom_2/LP_Farmers_Market_Restroom_2_20260602T101500.jpg,vehicle_prompts,done,2026-06-04T13:58:48.928057+00:00,0.051,0.716,0.771,,nvidia/cosmos-reason2-8b,"[date]

[GENERAL VEHICLE SAFETY]
1. Not visible
2. Not visible

[COLLISIONS & NEAR MISSES]
3. Not visible
4. Not visible

[PARKING & ACCESS VIOLATIONS]
5. Not visible
6. Not visible
7. Not visible

[SUSPICIOUS VEHICLE BEHAVIOR]
8. Not visible
9. Not visible
10. Not visible

[VEHICLE IDENTIFICATION]
11. Not visible
12. Not visible
13. Not visible

[PEDESTRIAN & CHILD SAFETY]
14. Not visible
15. Not visible
16. Not visible
17. Not visible"
20260604T134116Z,LP_Farmers_Market_Restroom_2_20260602T103000.jpg,,,dataset_20260603_063335/LP_Farmers_Market_Restroom_2/LP_Farmers_Market_Restroom_2_20260602T103000.jpg,vehicle_prompts,done,2026-06-04T13:58:49.155617+00:00,0.053,0.68,0.736,,nvidia/cosmos-reason2-8b,"[GENERAL VEHICLE SAFETY]
1. Not visible
2. Not visible

[COLLISIONS & NEAR MISSES]
3. Not visible
4. Not visible

[PARKING & ACCESS VIOLATIONS]
5. Not visible
6. Not visible
7. Not visible

[SUSPICIOUS VEHICLE BEHAVIOR]
8. Not visible
9. Not visible
10. Not visible

[VEHICLE IDENTIFICATION]
11. Not visible
12. Not visible
13. Not visible

[PEDESTRIAN & CHILD SAFETY]
14. Not visible
15. Not visible
16. Not visible
17. Not visible"
20260604T134116Z,LP_Farmers_Market_Restroom_2_20260602T104500.jpg,,,dataset_20260603_063335/LP_Farmers_Market_Restroom_2/LP_Farmers_Market_Restroom_2_20260602T104500.jpg,vehicle_prompts,done,2026-06-04T13:58:49.353060+00:00,0.045,0.732,0.779,,nvidia/cosmos-reason2-8b,"### [GENERAL VEHICLE SAFETY]
1. Not visible
2. Not visible

### [COLLISIONS & NEAR MISSES]
3. Not visible
4. Not visible

### [PARKING & ACCESS VIOLATIONS]
5. Not visible
6. Not visible
7. Not visible

### [SUSPICIOUS VEHICLE BEHAVIOR]
8. Not visible
9. Not visible
10. Not visible

### [VEHICLE IDENTIFICATION]
11. Not visible
12. Not visible
13. Not visible

### [PEDESTRIAN & CHILD SAFETY]
14. Not visible
15. Not visible
16. Not visible
17. Not visible"
20260604T134116Z,LP_Farmers_Market_Restroom_2_20260602T110000.jpg,,,dataset_20260603_063335/LP_Farmers_Market_Restroom_2/LP_Farmers_Market_Restroom_2_20260602T110000.jpg,vehicle_prompts,done,2026-06-04T13:58:49.482513+00:00,0.05,0.761,0.814,,nvidia/cosmos-reason2-8b,"[GENERAL VEHICLE SAFETY]
1. Not visible
2. Not visible

[COLLISIONS & NEAR MISSES]
3. Not visible
4. Not visible

[PARKING & ACCESS VIOLATIONS]
5. Not visible
6. Not visible
7. Not visible

[SUSPICIOUS VEHICLE BEHAVIOR]
8. Not visible
9. Not visible
10. Not visible

[VEHICLE IDENTIFICATION]
11. Not visible
12. Not visible
13. Not visible

[PEDESTRIAN & CHILD SAFETY]
14. Not visible
15. Not visible
16. Not visible
17. Not visible"
20260604T134116Z,LP_Farmers_Market_Restroom_2_20260602T111500.jpg,,,dataset_20260603_063335/LP_Farmers_Market_Restroom_2/LP_Farmers_Market_Restroom_2_20260602T111500.jpg,vehicle_prompts,done,2026-06-04T13:58:49.701865+00:00,0.057,0.767,0.827,,nvidia/cosmos-reason2-8b,"[GENERAL VEHICLE SAFETY]
1. Not visible
2. Not visible

[COLLISIONS & NEAR MISSES]
3. Not visible
4. Not visible

[PARKING & ACCESS VIOLATIONS]
5. Not visible
6. Not visible
7. Not visible

[SUSPICIOUS VEHICLE BEHAVIOR]
8. Not visible
9. Not visible
10. Not visible

[VEHICLE IDENTIFICATION]
11. Not visible
12. Not visible
13. Not visible

[PEDESTRIAN & CHILD SAFETY]
14. Not visible
15. Not visible
16. Not visible
17. Not visible"
20260604T134116Z,LP_Farmers_Market_Restroom_2_20260602T113000.jpg,,,dataset_20260603_063335/LP_Farmers_Market_Restroom_2/LP_Farmers_Market_Restroom_2_20260602T113000.jpg,vehicle_prompts,done,2026-06-04T13:58:49.894085+00:00,0.045,0.737,0.785,,nvidia/cosmos-reason2-8b,"[date]

[GENERAL VEHICLE SAFETY]
1. Not visible
2. Not visible

[COLLISIONS & NEAR MISSES]
3. Not visible
4. Not visible

[PARKING & ACCESS VIOLATIONS]
5. Not visible
6. Not visible
7. Not visible

[SUSPICIOUS VEHICLE BEHAVIOR]
8. Not visible
9. Not visible
10. Not visible

[VEHICLE IDENTIFICATION]
11. Not visible
12. Not visible
13. Not visible

[PEDESTRIAN & CHILD SAFETY]
14. Not visible
15. Not visible
16. Not visible
17. Not visible"
20260604T134116Z,LP_Farmers_Market_Restroom_2_20260602T114500.jpg,,,dataset_20260603_063335/LP_Farmers_Market_Restroom_2/LP_Farmers_Market_Restroom_2_20260602T114500.jpg,vehicle_prompts,done,2026-06-04T13:58:50.135477+00:00,0.052,0.757,0.825,,nvidia/cosmos-reason2-8b,"### [GENERAL VEHICLE SAFETY]
1. Not visible
2. Not visible

### [COLLISIONS & NEAR MISSES]
3. Not visible
4. Not visible

### [PARKING & ACCESS VIOLATIONS]
5. Not visible
6. Not visible
7. Not visible

### [SUSPICIOUS VEHICLE BEHAVIOR]
8. Not visible
9. Not visible
10. Not visible

### [VEHICLE IDENTIFICATION]
11. Not visible
12. Not visible
13. Not visible

### [PEDESTRIAN & CHILD SAFETY]
14. Not visible
15. Not visible
16. Not visible
17. Not visible"
20260604T134116Z,LP_Farmers_Market_Restroom_2_20260602T120000.jpg,,,dataset_20260603_063335/LP_Farmers_Market_Restroom_2/LP_Farmers_Market_Restroom_2_20260602T120000.jpg,vehicle_prompts,done,2026-06-04T13:58:50.298636+00:00,0.049,0.836,0.889,,nvidia/cosmos-reason2-8b,"[date]

[GENERAL VEHICLE SAFETY]
1. Not visible
2. Not visible

[COLLISIONS & NEAR MISSES]
3. Not visible
4. Not visible

[PARKING & ACCESS VIOLATIONS]
5. Not visible
6. Not visible
7. Not visible

[SUSPICIOUS VEHICLE BEHAVIOR]
8. Not visible
9. Not visible
10. Not visible

[VEHICLE IDENTIFICATION]
11. Not visible
12. Not visible
13. Not visible

[PEDESTRIAN & CHILD SAFETY]
14. Not visible
15. Not visible
16. Not visible
17. Not visible"
20260604T134116Z,LP_Farmers_Market_Restroom_2_20260602T121500.jpg,,,dataset_20260603_063335/LP_Farmers_Market_Restroom_2/LP_Farmers_Market_Restroom_2_20260602T121500.jpg,vehicle_prompts,done,2026-06-04T13:58:50.531454+00:00,0.052,0.726,0.782,,nvidia/cosmos-reason2-8b,"### [GENERAL VEHICLE SAFETY]
1. Not visible
2. Not visible

### [COLLISIONS & NEAR MISSES]
3. Not visible
4. Not visible

### [PARKING & ACCESS VIOLATIONS]
5. Not visible
6. Not visible
7. Not visible

### [SUSPICIOUS VEHICLE BEHAVIOR]
8. Not visible
9. Not visible
10. Not visible

### [VEHICLE IDENTIFICATION]
11. Not visible
12. Not visible
13. Not visible

### [PEDESTRIAN & CHILD SAFETY]
14. Not visible
15. Not visible
16. Not visible
17. Not visible"
20260604T134116Z,LP_Farmers_Market_Restroom_2_20260602T123000.jpg,,,dataset_20260603_063335/LP_Farmers_Market_Restroom_2/LP_Farmers_Market_Restroom_2_20260602T123000.jpg,vehicle_prompts,done,2026-06-04T13:58:50.681646+00:00,0.051,0.748,0.802,,nvidia/cosmos-reason2-8b,"[GENERAL VEHICLE SAFETY]
1. Not visible
2. Not visible

[COLLISIONS & NEAR MISSES]
3. Not visible
4. Not visible

[PARKING & ACCESS VIOLATIONS]
5. Not visible
6. Not visible
7. Not visible

[SUSPICIOUS VEHICLE BEHAVIOR]
8. Not visible
9. Not visible
10. Not visible

[VEHICLE IDENTIFICATION]
11. Not visible
12. Not visible
13. Not visible

[PEDESTRIAN & CHILD SAFETY]
14. Not visible
15. Not visible
16. Not visible
17. Not visible"
20260604T134116Z,LP_Farmers_Market_Restroom_2_20260602T124500.jpg,,,dataset_20260603_063335/LP_Farmers_Market_Restroom_2/LP_Farmers_Market_Restroom_2_20260602T124500.jpg,vehicle_prompts,done,2026-06-04T13:58:50.963573+00:00,0.048,0.671,0.722,,nvidia/cosmos-reason2-8b,"### [GENERAL VEHICLE SAFETY]
1. Not visible
2. Not visible

### [COLLISIONS & NEAR MISSES]
3. Not visible
4. Not visible

### [PARKING & ACCESS VIOLATIONS]
5. Not visible
6. Not visible
7. Not visible

### [SUSPICIOUS VEHICLE BEHAVIOR]
8. Not visible
9. Not visible
10. Not visible

### [VEHICLE IDENTIFICATION]
11. Not visible
12. Not visible
13. Not visible

### [PEDESTRIAN & CHILD SAFETY]
14. Not visible
15. Not visible
16. Not visible
17. Not visible"
20260604T134116Z,LP_Farmers_Market_Restroom_2_20260602T130000.jpg,,,dataset_20260603_063335/LP_Farmers_Market_Restroom_2/LP_Farmers_Market_Restroom_2_20260602T130000.jpg,vehicle_prompts,done,2026-06-04T13:58:51.190976+00:00,0.047,0.713,0.763,,nvidia/cosmos-reason2-8b,"[date]

[GENERAL VEHICLE SAFETY]
1. Not visible
2. Not visible

[COLLISIONS & NEAR MISSES]
3. Not visible
4. Not visible

[PARKING & ACCESS VIOLATIONS]
5. Not visible
6. Not visible
7. Not visible

[SUSPICIOUS VEHICLE BEHAVIOR]
8. Not visible
9. Not visible
10. Not visible

[VEHICLE IDENTIFICATION]
11. Not visible
12. Not visible
13. Not visible

[PEDESTRIAN & CHILD SAFETY]
14. Not visible
15. Not visible
16. Not visible
17. Not visible"
20260604T134116Z,LP_Farmers_Market_Restroom_2_20260602T131500.jpg,,,dataset_20260603_063335/LP_Farmers_Market_Restroom_2/LP_Farmers_Market_Restroom_2_20260602T131500.jpg,vehicle_prompts,done,2026-06-04T13:58:51.316443+00:00,0.047,0.737,0.787,,nvidia/cosmos-reason2-8b,"[GENERAL VEHICLE SAFETY]
1. Not visible
2. Not visible

[COLLISIONS & NEAR MISSES]
3. Not visible
4. Not visible

[PARKING & ACCESS VIOLATIONS]
5. Not visible
6. Not visible
7. Not visible

[SUSPICIOUS VEHICLE BEHAVIOR]
8. Not visible
9. Not visible
10. Not visible

[VEHICLE IDENTIFICATION]
11. Not visible
12. Not visible
13. Not visible

[PEDESTRIAN & CHILD SAFETY]
14. Not visible
15. Not visible
16. Not visible
17. Not visible"
20260604T134116Z,LP_Farmers_Market_Restroom_2_20260602T133000.jpg,,,dataset_20260603_063335/LP_Farmers_Market_Restroom_2/LP_Farmers_Market_Restroom_2_20260602T133000.jpg,vehicle_prompts,done,2026-06-04T13:58:51.486080+00:00,0.047,0.776,0.826,,nvidia/cosmos-reason2-8b,"[GENERAL VEHICLE SAFETY]
1. Not visible
2. Not visible

[COLLISIONS & NEAR MISSES]
3. Not visible
4. Not visible

[PARKING & ACCESS VIOLATIONS]
5. Not visible
6. Not visible
7. Not visible

[SUSPICIOUS VEHICLE BEHAVIOR]
8. Not visible
9. Not visible
10. Not visible

[VEHICLE IDENTIFICATION]
11. Not visible
12. Not visible
13. Not visible

[PEDESTRIAN & CHILD SAFETY]
14. Not visible
15. Not visible
16. Not visible
17. Not visible"
20260604T134116Z,LP_Farmers_Market_Restroom_2_20260602T134500.jpg,,,dataset_20260603_063335/LP_Farmers_Market_Restroom_2/LP_Farmers_Market_Restroom_2_20260602T134500.jpg,vehicle_prompts,done,2026-06-04T13:58:51.688294+00:00,0.053,0.746,0.801,,nvidia/cosmos-reason2-8b,"[date]

[GENERAL VEHICLE SAFETY]
1. Not visible
2. Not visible

[COLLISIONS & NEAR MISSES]
3. Not visible
4. Not visible

[PARKING & ACCESS VIOLATIONS]
5. Not visible
6. Not visible
7. Not visible

[SUSPICIOUS VEHICLE BEHAVIOR]
8. Not visible
9. Not visible
10. Not visible

[VEHICLE IDENTIFICATION]
11. Not visible
12. Not visible
13. Not visible

[PEDESTRIAN & CHILD SAFETY]
14. Not visible
15. Not visible
16. Not visible
17. Not visible"
20260604T134116Z,LP_Farmers_Market_Restroom_2_20260602T140000.jpg,,,dataset_20260603_063335/LP_Farmers_Market_Restroom_2/LP_Farmers_Market_Restroom_2_20260602T140000.jpg,vehicle_prompts,done,2026-06-04T13:58:51.956331+00:00,0.046,0.639,0.688,,nvidia/cosmos-reason2-8b,"[GENERAL VEHICLE SAFETY]
1. Not visible
2. Not visible

[COLLISIONS & NEAR MISSES]
3. Not visible
4. Not visible

[PARKING & ACCESS VIOLATIONS]
5. Not visible
6. Not visible
7. Not visible

[SUSPICIOUS VEHICLE BEHAVIOR]
8. Not visible
9. Not visible
10. Not visible

[VEHICLE IDENTIFICATION]
11. Not visible
12. Not visible
13. Not visible

[PEDESTRIAN & CHILD SAFETY]
14. Not visible
15. Not visible
16. Not visible
17. Not visible"
20260604T134116Z,LP_Farmers_Market_Restroom_2_20260602T141500.jpg,,,dataset_20260603_063335/LP_Farmers_Market_Restroom_2/LP_Farmers_Market_Restroom_2_20260602T141500.jpg,vehicle_prompts,done,2026-06-04T13:58:52.106001+00:00,0.046,0.733,0.783,,nvidia/cosmos-reason2-8b,"[date]

[GENERAL VEHICLE SAFETY]
1. Not visible
2. Not visible

[COLLISIONS & NEAR MISSES]
3. Not visible
4. Not visible

[PARKING & ACCESS VIOLATIONS]
5. Not visible
6. Not visible
7. Not visible

[SUSPICIOUS VEHICLE BEHAVIOR]
8. Not visible
9. Not visible
10. Not visible

[VEHICLE IDENTIFICATION]
11. Not visible
12. Not visible
13. Not visible

[PEDESTRIAN & CHILD SAFETY]
14. Not visible
15. Not visible
16. Not visible
17. Not visible"
20260604T134116Z,LP_Farmers_Market_Restroom_2_20260602T143000.jpg,,,dataset_20260603_063335/LP_Farmers_Market_Restroom_2/LP_Farmers_Market_Restroom_2_20260602T143000.jpg,vehicle_prompts,done,2026-06-04T13:58:52.314552+00:00,0.046,0.737,0.786,,nvidia/cosmos-reason2-8b,"[GENERAL VEHICLE SAFETY]
1. Not visible
2. Not visible

[COLLISIONS & NEAR MISSES]
3. Not visible
4. Not visible

[PARKING & ACCESS VIOLATIONS]
5. Not visible
6. Not visible
7. Not visible

[SUSPICIOUS VEHICLE BEHAVIOR]
8. Not visible
9. Not visible
10. Not visible

[VEHICLE IDENTIFICATION]
11. Not visible
12. Not visible
13. Not visible

[PEDESTRIAN & CHILD SAFETY]
14. Not visible
15. Not visible
16. Not visible
17. Not visible"
20260604T134116Z,LP_Farmers_Market_Restroom_2_20260602T144500.jpg,,,dataset_20260603_063335/LP_Farmers_Market_Restroom_2/LP_Farmers_Market_Restroom_2_20260602T144500.jpg,vehicle_prompts,done,2026-06-04T13:58:52.492031+00:00,0.046,0.858,0.907,,nvidia/cosmos-reason2-8b,"[GENERAL VEHICLE SAFETY]
1. Not visible
2. Not visible

[COLLISIONS & NEAR MISSES]
3. Not visible
4. Not visible

[PARKING & ACCESS VIOLATIONS]
5. Not visible
6. Not visible
7. Not visible

[SUSPICIOUS VEHICLE BEHAVIOR]
8. Not visible
9. Not visible
10. Not visible

[VEHICLE IDENTIFICATION]
11. Not visible
12. Not visible
13. Not visible

[PEDESTRIAN & CHILD SAFETY]
14. Not visible
15. Not visible
16. Not visible
17. Not visible"
20260604T134116Z,LP_Farmers_Market_Restroom_2_20260602T150000.jpg,,,dataset_20260603_063335/LP_Farmers_Market_Restroom_2/LP_Farmers_Market_Restroom_2_20260602T150000.jpg,vehicle_prompts,done,2026-06-04T13:58:52.647078+00:00,0.049,0.843,0.894,,nvidia/cosmos-reason2-8b,"[GENERAL VEHICLE SAFETY]
1. Not visible
2. Not visible

[COLLISIONS & NEAR MISSES]
3. Not visible
4. Not visible

[PARKING & ACCESS VIOLATIONS]
5. Not visible
6. Not visible
7. Not visible

[SUSPICIOUS VEHICLE BEHAVIOR]
8. Not visible
9. Not visible
10. Not visible

[VEHICLE IDENTIFICATION]
11. Not visible
12. Not visible
13. Not visible

[PEDESTRIAN & CHILD SAFETY]
14. Not visible
15. Not visible
16. Not visible
17. Not visible"
20260604T134116Z,LP_Farmers_Market_Restroom_2_20260602T151500.jpg,,,dataset_20260603_063335/LP_Farmers_Market_Restroom_2/LP_Farmers_Market_Restroom_2_20260602T151500.jpg,vehicle_prompts,done,2026-06-04T13:58:52.891449+00:00,0.039,0.708,0.75,,nvidia/cosmos-reason2-8b,"[GENERAL VEHICLE SAFETY]
1. Not visible
2. Not visible

[COLLISIONS & NEAR MISSES]
3. Not visible
4. Not visible

[PARKING & ACCESS VIOLATIONS]
5. Not visible
6. Not visible
7. Not visible

[SUSPICIOUS VEHICLE BEHAVIOR]
8. Not visible
9. Not visible
10. Not visible

[VEHICLE IDENTIFICATION]
11. Not visible
12. Not visible
13. Not visible

[PEDESTRIAN & CHILD SAFETY]
14. Not visible
15. Not visible
16. Not visible
17. Not visible"
20260604T134116Z,LP_Farmers_Market_Restroom_2_20260602T153000.jpg,,,dataset_20260603_063335/LP_Farmers_Market_Restroom_2/LP_Farmers_Market_Restroom_2_20260602T153000.jpg,vehicle_prompts,done,2026-06-04T13:58:53.103073+00:00,0.053,0.655,0.711,,nvidia/cosmos-reason2-8b,"[GENERAL VEHICLE SAFETY]
1. Not visible
2. Not visible

[COLLISIONS & NEAR MISSES]
3. Not visible
4. Not visible

[PARKING & ACCESS VIOLATIONS]
5. Not visible
6. Not visible
7. Not visible

[SUSPICIOUS VEHICLE BEHAVIOR]
8. Not visible
9. Not visible
10. Not visible

[VEHICLE IDENTIFICATION]
11. Not visible
12. Not visible
13. Not visible

[PEDESTRIAN & CHILD SAFETY]
14. Not visible
15. Not visible
16. Not visible
17. Not visible"
20260604T134116Z,LP_Farmers_Market_Restroom_2_20260602T154500.jpg,,,dataset_20260603_063335/LP_Farmers_Market_Restroom_2/LP_Farmers_Market_Restroom_2_20260602T154500.jpg,vehicle_prompts,done,2026-06-04T13:58:53.401510+00:00,0.053,0.669,0.724,,nvidia/cosmos-reason2-8b,"[GENERAL VEHICLE SAFETY]
1. Not visible
2. Not visible

[COLLISIONS & NEAR MISSES]
3. Not visible
4. Not visible

[PARKING & ACCESS VIOLATIONS]
5. Not visible
6. Not visible
7. Not visible

[SUSPICIOUS VEHICLE BEHAVIOR]
8. Not visible
9. Not visible
10. Not visible

[VEHICLE IDENTIFICATION]
11. Not visible
12. Not visible
13. Not visible

[PEDESTRIAN & CHILD SAFETY]
14. Not visible
15. Not visible
16. Not visible
17. Not visible"
20260604T134116Z,LP_Farmers_Market_Restroom_2_20260602T160000.jpg,,,dataset_20260603_063335/LP_Farmers_Market_Restroom_2/LP_Farmers_Market_Restroom_2_20260602T160000.jpg,vehicle_prompts,done,2026-06-04T13:58:53.544407+00:00,0.051,0.785,0.839,,nvidia/cosmos-reason2-8b,"[date]

[GENERAL VEHICLE SAFETY]
1. Not visible
2. Not visible

[COLLISIONS & NEAR MISSES]
3. Not visible
4. Not visible

[PARKING & ACCESS VIOLATIONS]
5. Not visible
6. Not visible
7. Not visible

[SUSPICIOUS VEHICLE BEHAVIOR]
8. Not visible
9. Not visible
10. Not visible

[VEHICLE IDENTIFICATION]
11. Not visible
12. Not visible
13. Not visible

[PEDESTRIAN & CHILD SAFETY]
14. Not visible
15. Not visible
16. Not visible
17. Not visible"
20260604T134116Z,LP_Farmers_Market_Restroom_2_20260602T161500.jpg,,,dataset_20260603_063335/LP_Farmers_Market_Restroom_2/LP_Farmers_Market_Restroom_2_20260602T161500.jpg,vehicle_prompts,done,2026-06-04T13:58:53.644479+00:00,0.047,1.036,1.1,,nvidia/cosmos-reason2-8b,"[date]

[GENERAL VEHICLE SAFETY]
1. Not visible
2. Not visible

[COLLISIONS & NEAR MISSES]
3. Not visible
4. Not visible

[PARKING & ACCESS VIOLATIONS]
5. Not visible
6. Not visible
7. Not visible

[SUSPICIOUS VEHICLE BEHAVIOR]
8. Not visible
9. Not visible
10. Not visible

[VEHICLE IDENTIFICATION]
11. Not visible
12. Not visible
13. Not visible

[PEDESTRIAN & CHILD SAFETY]
14. Not visible
15. Not visible
16. Not visible
17. Not visible"
20260604T134116Z,LP_Farmers_Market_Restroom_2_20260602T163000.jpg,,,dataset_20260603_063335/LP_Farmers_Market_Restroom_2/LP_Farmers_Market_Restroom_2_20260602T163000.jpg,vehicle_prompts,done,2026-06-04T13:58:53.816319+00:00,0.048,0.812,0.864,,nvidia/cosmos-reason2-8b,"### [GENERAL VEHICLE SAFETY]
1. Not visible
2. Not visible

### [COLLISIONS & NEAR MISSES]
3. Not visible
4. Not visible

### [PARKING & ACCESS VIOLATIONS]
5. Not visible
6. Not visible
7. Not visible

### [SUSPICIOUS VEHICLE BEHAVIOR]
8. Not visible
9. Not visible
10. Not visible

### [VEHICLE IDENTIFICATION]
11. Not visible
12. Not visible
13. Not visible

### [PEDESTRIAN & CHILD SAFETY]
14. Not visible
15. Not visible
16. Not visible
17. Not visible"
20260604T134116Z,LP_Farmers_Market_Restroom_2_20260602T164500.jpg,,,dataset_20260603_063335/LP_Farmers_Market_Restroom_2/LP_Farmers_Market_Restroom_2_20260602T164500.jpg,vehicle_prompts,done,2026-06-04T13:58:54.128511+00:00,0.053,0.742,0.798,,nvidia/cosmos-reason2-8b,"[date]

[GENERAL VEHICLE SAFETY]
1. Not visible
2. Not visible

[COLLISIONS & NEAR MISSES]
3. Not visible
4. Not visible

[PARKING & ACCESS VIOLATIONS]
5. Not visible
6. Not visible
7. Not visible

[SUSPICIOUS VEHICLE BEHAVIOR]
8. Not visible
9. Not visible
10. Not visible

[VEHICLE IDENTIFICATION]
11. Not visible
12. Not visible
13. Not visible

[PEDESTRIAN & CHILD SAFETY]
14. Not visible
15. Not visible
16. Not visible
17. Not visible"
20260604T134116Z,LP_Farmers_Market_Restroom_2_20260602T170000.jpg,,,dataset_20260603_063335/LP_Farmers_Market_Restroom_2/LP_Farmers_Market_Restroom_2_20260602T170000.jpg,vehicle_prompts,done,2026-06-04T13:58:54.385941+00:00,0.048,0.678,0.729,,nvidia/cosmos-reason2-8b,"[date]

[GENERAL VEHICLE SAFETY]
1. Not visible
2. Not visible

[COLLISIONS & NEAR MISSES]
3. Not visible
4. Not visible

[PARKING & ACCESS VIOLATIONS]
5. Not visible
6. Not visible
7. Not visible

[SUSPICIOUS VEHICLE BEHAVIOR]
8. Not visible
9. Not visible
10. Not visible

[VEHICLE IDENTIFICATION]
11. Not visible
12. Not visible
13. Not visible

[PEDESTRIAN & CHILD SAFETY]
14. Not visible
15. Not visible
16. Not visible
17. Not visible"
20260604T134116Z,LP_Farmers_Market_Restroom_2_20260602T171500.jpg,,,dataset_20260603_063335/LP_Farmers_Market_Restroom_2/LP_Farmers_Market_Restroom_2_20260602T171500.jpg,vehicle_prompts,done,2026-06-04T13:58:54.682604+00:00,0.051,0.795,0.85,,nvidia/cosmos-reason2-8b,"[GENERAL VEHICLE SAFETY]
1. Not visible
2. Not visible

[COLLISIONS & NEAR MISSES]
3. Not visible
4. Not visible

[PARKING & ACCESS VIOLATIONS]
5. Not visible
6. Not visible
7. Not visible

[SUSPICIOUS VEHICLE BEHAVIOR]
8. Not visible
9. Not visible
10. Not visible

[VEHICLE IDENTIFICATION]
11. Not visible
12. Not visible
13. Not visible

[PEDESTRIAN & CHILD SAFETY]
14. Not visible
15. Not visible
16. Not visible
17. Not visible"
20260604T134116Z,LP_Farmers_Market_Restroom_2_20260602T173000.jpg,,,dataset_20260603_063335/LP_Farmers_Market_Restroom_2/LP_Farmers_Market_Restroom_2_20260602T173000.jpg,vehicle_prompts,done,2026-06-04T13:58:54.747404+00:00,0.048,0.844,0.895,,nvidia/cosmos-reason2-8b,"[GENERAL VEHICLE SAFETY]
1. Not visible
2. Not visible

[COLLISIONS & NEAR MISSES]
3. Not visible
4. Not visible

[PARKING & ACCESS VIOLATIONS]
5. Not visible
6. Not visible
7. Not visible

[SUSPICIOUS VEHICLE BEHAVIOR]
8. Not visible
9. Not visible
10. Not visible

[VEHICLE IDENTIFICATION]
11. Not visible
12. Not visible
13. Not visible

[PEDESTRIAN & CHILD SAFETY]
14. Not visible
15. Not visible
16. Not visible
17. Not visible"
20260604T134116Z,LP_Farmers_Market_Restroom_2_20260602T174500.jpg,,,dataset_20260603_063335/LP_Farmers_Market_Restroom_2/LP_Farmers_Market_Restroom_2_20260602T174500.jpg,vehicle_prompts,done,2026-06-04T13:58:54.928898+00:00,0.054,0.938,0.996,,nvidia/cosmos-reason2-8b,"### [GENERAL VEHICLE SAFETY]
1. Not visible
2. Not visible

### [COLLISIONS & NEAR MISSES]
3. Not visible
4. Not visible

### [PARKING & ACCESS VIOLATIONS]
5. Not visible
6. Not visible
7. Not visible

### [SUSPICIOUS VEHICLE BEHAVIOR]
8. Not visible
9. Not visible
10. Not visible

### [VEHICLE IDENTIFICATION]
11. Not visible
12. Not visible
13. Not visible

### [PEDESTRIAN & CHILD SAFETY]
14. Not visible
15. Not visible
16. Not visible
17. Not visible"
20260604T134116Z,LP_Farmers_Market_Restroom_2_20260602T180000.jpg,,,dataset_20260603_063335/LP_Farmers_Market_Restroom_2/LP_Farmers_Market_Restroom_2_20260602T180000.jpg,vehicle_prompts,done,2026-06-04T13:58:55.117284+00:00,0.04,0.82,0.863,,nvidia/cosmos-reason2-8b,"[date]

[GENERAL VEHICLE SAFETY]
1. Not visible
2. Not visible

[COLLISIONS & NEAR MISSES]
3. Not visible
4. Not visible

[PARKING & ACCESS VIOLATIONS]
5. Not visible
6. Not visible
7. Not visible

[SUSPICIOUS VEHICLE BEHAVIOR]
8. Not visible
9. Not visible
10. Not visible

[VEHICLE IDENTIFICATION]
11. Not visible
12. Not visible
13. Not visible

[PEDESTRIAN & CHILD SAFETY]
14. Not visible
15. Not visible
16. Not visible
17. Not visible"
20260604T134116Z,LP_Farmers_Market_Restroom_2_20260602T181500.jpg,,,dataset_20260603_063335/LP_Farmers_Market_Restroom_2/LP_Farmers_Market_Restroom_2_20260602T181500.jpg,vehicle_prompts,done,2026-06-04T13:58:55.536340+00:00,0.053,0.714,0.77,,nvidia/cosmos-reason2-8b,"[date]

[GENERAL VEHICLE SAFETY]
1. Not visible
2. Not visible

[COLLISIONS & NEAR MISSES]
3. Not visible
4. Not visible

[PARKING & ACCESS VIOLATIONS]
5. Not visible
6. Not visible
7. Not visible

[SUSPICIOUS VEHICLE BEHAVIOR]
8. Not visible
9. Not visible
10. Not visible

[VEHICLE IDENTIFICATION]
11. Not visible
12. Not visible
13. Not visible

[PEDESTRIAN & CHILD SAFETY]
14. Not visible
15. Not visible
16. Not visible
17. Not visible"
20260604T134116Z,LP_Farmers_Market_Restroom_2_20260602T183000.jpg,,,dataset_20260603_063335/LP_Farmers_Market_Restroom_2/LP_Farmers_Market_Restroom_2_20260602T183000.jpg,vehicle_prompts,done,2026-06-04T13:58:55.645848+00:00,0.05,0.753,0.806,,nvidia/cosmos-reason2-8b,"### [GENERAL VEHICLE SAFETY]
1. Not visible
2. Not visible

### [COLLISIONS & NEAR MISSES]
3. Not visible
4. Not visible

### [PARKING & ACCESS VIOLATIONS]
5. Not visible
6. Not visible
7. Not visible

### [SUSPICIOUS VEHICLE BEHAVIOR]
8. Not visible
9. Not visible
10. Not visible

### [VEHICLE IDENTIFICATION]
11. Not visible
12. Not visible
13. Not visible

### [PEDESTRIAN & CHILD SAFETY]
14. Not visible
15. Not visible
16. Not visible
17. Not visible"
20260604T134116Z,LP_Farmers_Market_Restroom_2_20260602T184500.jpg,,,dataset_20260603_063335/LP_Farmers_Market_Restroom_2/LP_Farmers_Market_Restroom_2_20260602T184500.jpg,vehicle_prompts,done,2026-06-04T13:58:55.927493+00:00,0.043,0.696,0.743,,nvidia/cosmos-reason2-8b,"### [GENERAL VEHICLE SAFETY]
1. Not visible
2. Not visible

### [COLLISIONS & NEAR MISSES]
3. Not visible
4. Not visible

### [PARKING & ACCESS VIOLATIONS]
5. Not visible
6. Not visible
7. Not visible

### [SUSPICIOUS VEHICLE BEHAVIOR]
8. Not visible
9. Not visible
10. Not visible

### [VEHICLE IDENTIFICATION]
11. Not visible
12. Not visible
13. Not visible

### [PEDESTRIAN & CHILD SAFETY]
14. Not visible
15. Not visible
16. Not visible
17. Not visible"
20260604T134116Z,LP_Farmers_Market_Restroom_2_20260602T190000.jpg,,,dataset_20260603_063335/LP_Farmers_Market_Restroom_2/LP_Farmers_Market_Restroom_2_20260602T190000.jpg,vehicle_prompts,done,2026-06-04T13:58:55.982226+00:00,0.046,0.845,0.894,,nvidia/cosmos-reason2-8b,"[date]

[GENERAL VEHICLE SAFETY]
1. Not visible
2. Not visible

[COLLISIONS & NEAR MISSES]
3. Not visible
4. Not visible

[PARKING & ACCESS VIOLATIONS]
5. Not visible
6. Not visible
7. Not visible

[SUSPICIOUS VEHICLE BEHAVIOR]
8. Not visible
9. Not visible
10. Not visible

[VEHICLE IDENTIFICATION]
11. Not visible
12. Not visible
13. Not visible

[PEDESTRIAN & CHILD SAFETY]
14. Not visible
15. Not visible
16. Not visible
17. Not visible"
20260604T134116Z,LP_Farmers_Market_Restroom_2_20260602T191500.jpg,,,dataset_20260603_063335/LP_Farmers_Market_Restroom_2/LP_Farmers_Market_Restroom_2_20260602T191500.jpg,vehicle_prompts,done,2026-06-04T13:58:56.309485+00:00,0.046,0.699,0.748,,nvidia/cosmos-reason2-8b,"[date]

[GENERAL VEHICLE SAFETY]
1. Not visible
2. Not visible

[COLLISIONS & NEAR MISSES]
3. Not visible
4. Not visible

[PARKING & ACCESS VIOLATIONS]
5. Not visible
6. Not visible
7. Not visible

[SUSPICIOUS VEHICLE BEHAVIOR]
8. Not visible
9. Not visible
10. Not visible

[VEHICLE IDENTIFICATION]
11. Not visible
12. Not visible
13. Not visible

[PEDESTRIAN & CHILD SAFETY]
14. Not visible
15. Not visible
16. Not visible
17. Not visible"
20260604T134116Z,LP_Farmers_Market_Restroom_2_20260602T193000.jpg,,,dataset_20260603_063335/LP_Farmers_Market_Restroom_2/LP_Farmers_Market_Restroom_2_20260602T193000.jpg,vehicle_prompts,done,2026-06-04T13:58:56.454646+00:00,0.048,0.721,0.772,,nvidia/cosmos-reason2-8b,"### [GENERAL VEHICLE SAFETY]
1. Not visible
2. Not visible

### [COLLISIONS & NEAR MISSES]
3. Not visible
4. Not visible

### [PARKING & ACCESS VIOLATIONS]
5. Not visible
6. Not visible
7. Not visible

### [SUSPICIOUS VEHICLE BEHAVIOR]
8. Not visible
9. Not visible
10. Not visible

### [VEHICLE IDENTIFICATION]
11. Not visible
12. Not visible
13. Not visible

### [PEDESTRIAN & CHILD SAFETY]
14. Not visible
15. Not visible
16. Not visible
17. Not visible"
20260604T134116Z,LP_Farmers_Market_Restroom_2_20260602T194500.jpg,,,dataset_20260603_063335/LP_Farmers_Market_Restroom_2/LP_Farmers_Market_Restroom_2_20260602T194500.jpg,vehicle_prompts,done,2026-06-04T13:58:56.672515+00:00,0.044,0.756,0.803,,nvidia/cosmos-reason2-8b,"[GENERAL VEHICLE SAFETY]
1. Not visible
2. Not visible

[COLLISIONS & NEAR MISSES]
3. Not visible
4. Not visible

[PARKING & ACCESS VIOLATIONS]
5. Not visible
6. Not visible
7. Not visible

[SUSPICIOUS VEHICLE BEHAVIOR]
8. Not visible
9. Not visible
10. Not visible

[VEHICLE IDENTIFICATION]
11. Not visible
12. Not visible
13. Not visible

[PEDESTRIAN & CHILD SAFETY]
14. Not visible
15. Not visible
16. Not visible
17. Not visible"
20260604T134116Z,LP_Farmers_Market_Restroom_2_20260602T200000.jpg,,,dataset_20260603_063335/LP_Farmers_Market_Restroom_2/LP_Farmers_Market_Restroom_2_20260602T200000.jpg,vehicle_prompts,done,2026-06-04T13:58:56.879670+00:00,0.05,0.735,0.788,,nvidia/cosmos-reason2-8b,"[GENERAL VEHICLE SAFETY]
1. Not visible
2. Not visible

[COLLISIONS & NEAR MISSES]
3. Not visible
4. Not visible

[PARKING & ACCESS VIOLATIONS]
5. Not visible
6. Not visible
7. Not visible

[SUSPICIOUS VEHICLE BEHAVIOR]
8. Not visible
9. Not visible
10. Not visible

[VEHICLE IDENTIFICATION]
11. Not visible
12. Not visible
13. Not visible

[PEDESTRIAN & CHILD SAFETY]
14. Not visible
15. Not visible
16. Not visible
17. Not visible"
20260604T134116Z,LP_Farmers_Market_Restroom_2_20260602T201500.jpg,,,dataset_20260603_063335/LP_Farmers_Market_Restroom_2/LP_Farmers_Market_Restroom_2_20260602T201500.jpg,vehicle_prompts,done,2026-06-04T13:58:57.059840+00:00,0.047,0.782,0.831,,nvidia/cosmos-reason2-8b,"### [GENERAL VEHICLE SAFETY]
1. Not visible
2. Not visible

### [COLLISIONS & NEAR MISSES]
3. Not visible
4. Not visible

### [PARKING & ACCESS VIOLATIONS]
5. Not visible
6. Not visible
7. Not visible

### [SUSPICIOUS VEHICLE BEHAVIOR]
8. Not visible
9. Not visible
10. Not visible

### [VEHICLE IDENTIFICATION]
11. Not visible
12. Not visible
13. Not visible

### [PEDESTRIAN & CHILD SAFETY]
14. Not visible
15. Not visible
16. Not visible
17. Not visible"
20260604T134116Z,LP_Farmers_Market_Restroom_2_20260602T203000.jpg,,,dataset_20260603_063335/LP_Farmers_Market_Restroom_2/LP_Farmers_Market_Restroom_2_20260602T203000.jpg,vehicle_prompts,done,2026-06-04T13:58:57.229496+00:00,0.049,0.778,0.83,,nvidia/cosmos-reason2-8b,"### [GENERAL VEHICLE SAFETY]
1. Not visible
2. Not visible

### [COLLISIONS & NEAR MISSES]
3. Not visible
4. Not visible

### [PARKING & ACCESS VIOLATIONS]
5. Not visible
6. Not visible
7. Not visible

### [SUSPICIOUS VEHICLE BEHAVIOR]
8. Not visible
9. Not visible
10. Not visible

### [VEHICLE IDENTIFICATION]
11. Not visible
12. Not visible
13. Not visible

### [PEDESTRIAN & CHILD SAFETY]
14. Not visible
15. Not visible
16. Not visible
17. Not visible"
20260604T134116Z,LP_Farmers_Market_Restroom_2_20260602T204500.jpg,,,dataset_20260603_063335/LP_Farmers_Market_Restroom_2/LP_Farmers_Market_Restroom_2_20260602T204500.jpg,vehicle_prompts,done,2026-06-04T13:58:57.478247+00:00,0.045,0.734,0.782,,nvidia/cosmos-reason2-8b,"[GENERAL VEHICLE SAFETY]
1. Not visible
2. Not visible

[COLLISIONS & NEAR MISSES]
3. Not visible
4. Not visible

[PARKING & ACCESS VIOLATIONS]
5. Not visible
6. Not visible
7. Not visible

[SUSPICIOUS VEHICLE BEHAVIOR]
8. Not visible
9. Not visible
10. Not visible

[VEHICLE IDENTIFICATION]
11. Not visible
12. Not visible
13. Not visible

[PEDESTRIAN & CHILD SAFETY]
14. Not visible
15. Not visible
16. Not visible
17. Not visible"
20260604T134116Z,LP_Farmers_Market_Restroom_2_20260602T210000.jpg,,,dataset_20260603_063335/LP_Farmers_Market_Restroom_2/LP_Farmers_Market_Restroom_2_20260602T210000.jpg,vehicle_prompts,done,2026-06-04T13:58:57.670270+00:00,0.045,0.648,0.696,,nvidia/cosmos-reason2-8b,"[date]

[GENERAL VEHICLE SAFETY]
1. Not visible
2. Not visible

[COLLISIONS & NEAR MISSES]
3. Not visible
4. Not visible

[PARKING & ACCESS VIOLATIONS]
5. Not visible
6. Not visible
7. Not visible

[SUSPICIOUS VEHICLE BEHAVIOR]
8. Not visible
9. Not visible
10. Not visible

[VEHICLE IDENTIFICATION]
11. Not visible
12. Not visible
13. Not visible

[PEDESTRIAN & CHILD SAFETY]
14. Not visible
15. Not visible
16. Not visible
17. Not visible"
20260604T134116Z,LP_Farmers_Market_Restroom_2_20260602T211500.jpg,,,dataset_20260603_063335/LP_Farmers_Market_Restroom_2/LP_Farmers_Market_Restroom_2_20260602T211500.jpg,vehicle_prompts,done,2026-06-04T13:58:57.893984+00:00,0.038,0.669,0.709,,nvidia/cosmos-reason2-8b,"### [GENERAL VEHICLE SAFETY]
1. Not visible
2. Not visible

### [COLLISIONS & NEAR MISSES]
3. Not visible
4. Not visible

### [PARKING & ACCESS VIOLATIONS]
5. Not visible
6. Not visible
7. Not visible

### [SUSPICIOUS VEHICLE BEHAVIOR]
8. Not visible
9. Not visible
10. Not visible

### [VEHICLE IDENTIFICATION]
11. Not visible
12. Not visible
13. Not visible

### [PEDESTRIAN & CHILD SAFETY]
14. Not visible
15. Not visible
16. Not visible
17. Not visible"
20260604T134116Z,LP_Farmers_Market_Restroom_2_20260602T213000.jpg,,,dataset_20260603_063335/LP_Farmers_Market_Restroom_2/LP_Farmers_Market_Restroom_2_20260602T213000.jpg,vehicle_prompts,done,2026-06-04T13:58:58.062166+00:00,0.05,0.673,0.726,,nvidia/cosmos-reason2-8b,"[GENERAL VEHICLE SAFETY]
1. Not visible
2. Not visible

[COLLISIONS & NEAR MISSES]
3. Not visible
4. Not visible

[PARKING & ACCESS VIOLATIONS]
5. Not visible
6. Not visible
7. Not visible

[SUSPICIOUS VEHICLE BEHAVIOR]
8. Not visible
9. Not visible
10. Not visible

[VEHICLE IDENTIFICATION]
11. Not visible
12. Not visible
13. Not visible

[PEDESTRIAN & CHILD SAFETY]
14. Not visible
15. Not visible
16. Not visible
17. Not visible"
20260604T134116Z,LP_Farmers_Market_Restroom_2_20260602T214500.jpg,,,dataset_20260603_063335/LP_Farmers_Market_Restroom_2/LP_Farmers_Market_Restroom_2_20260602T214500.jpg,vehicle_prompts,done,2026-06-04T13:58:58.263337+00:00,0.045,0.699,0.746,,nvidia/cosmos-reason2-8b,"[GENERAL VEHICLE SAFETY]
1. Not visible
2. Not visible

[COLLISIONS & NEAR MISSES]
3. Not visible
4. Not visible

[PARKING & ACCESS VIOLATIONS]
5. Not visible
6. Not visible
7. Not visible

[SUSPICIOUS VEHICLE BEHAVIOR]
8. Not visible
9. Not visible
10. Not visible

[VEHICLE IDENTIFICATION]
11. Not visible
12. Not visible
13. Not visible

[PEDESTRIAN & CHILD SAFETY]
14. Not visible
15. Not visible
16. Not visible
17. Not visible"
20260604T134116Z,LP_Farmers_Market_Restroom_2_20260602T220000.jpg,,,dataset_20260603_063335/LP_Farmers_Market_Restroom_2/LP_Farmers_Market_Restroom_2_20260602T220000.jpg,vehicle_prompts,done,2026-06-04T13:58:58.368871+00:00,0.041,0.807,0.851,,nvidia/cosmos-reason2-8b,"[date]

[GENERAL VEHICLE SAFETY]
1. Not visible
2. Not visible

[COLLISIONS & NEAR MISSES]
3. Not visible
4. Not visible

[PARKING & ACCESS VIOLATIONS]
5. Not visible
6. Not visible
7. Not visible

[SUSPICIOUS VEHICLE BEHAVIOR]
8. Not visible
9. Not visible
10. Not visible

[VEHICLE IDENTIFICATION]
11. Not visible
12. Not visible
13. Not visible

[PEDESTRIAN & CHILD SAFETY]
14. Not visible
15. Not visible
16. Not visible
17. Not visible"
20260604T134116Z,LP_Farmers_Market_Restroom_2_20260602T221500.jpg,,,dataset_20260603_063335/LP_Farmers_Market_Restroom_2/LP_Farmers_Market_Restroom_2_20260602T221500.jpg,vehicle_prompts,done,2026-06-04T13:58:58.605855+00:00,0.046,0.712,0.761,,nvidia/cosmos-reason2-8b,"### GENERAL VEHICLE SAFETY
1. Not visible
2. Not visible

### COLLISIONS & NEAR MISSES
3. Not visible
4. Not visible

### PARKING & ACCESS VIOLATIONS
5. Not visible
6. Not visible
7. Not visible

### SUSPICIOUS VEHICLE BEHAVIOR
8. Not visible
9. Not visible
10. Not visible

### VEHICLE IDENTIFICATION
11. Not visible
12. Not visible
13. Not visible

### PEDESTRIAN & CHILD SAFETY
14. Not visible
15. Not visible
16. Not visible
17. Not visible"
20260604T134116Z,LP_Farmers_Market_Restroom_2_20260602T223000.jpg,,,dataset_20260603_063335/LP_Farmers_Market_Restroom_2/LP_Farmers_Market_Restroom_2_20260602T223000.jpg,vehicle_prompts,done,2026-06-04T13:58:58.790624+00:00,0.049,0.788,0.84,,nvidia/cosmos-reason2-8b,"### [GENERAL VEHICLE SAFETY]
1. Not visible
2. Not visible

### [COLLISIONS & NEAR MISSES]
3. Not visible
4. Not visible

### [PARKING & ACCESS VIOLATIONS]
5. Not visible
6. Not visible
7. Not visible

### [SUSPICIOUS VEHICLE BEHAVIOR]
8. Not visible
9. Not visible
10. Not visible

### [VEHICLE IDENTIFICATION]
11. Not visible
12. Not visible
13. Not visible

### [PEDESTRIAN & CHILD SAFETY]
14. Not visible
15. Not visible
16. Not visible
17. Not visible"
20260604T134116Z,LP_Farmers_Market_Restroom_2_20260602T224500.jpg,,,dataset_20260603_063335/LP_Farmers_Market_Restroom_2/LP_Farmers_Market_Restroom_2_20260602T224500.jpg,vehicle_prompts,done,2026-06-04T13:58:59.011926+00:00,0.047,0.773,0.823,,nvidia/cosmos-reason2-8b,"[GENERAL VEHICLE SAFETY]
1. Not visible
2. Not visible

[COLLISIONS & NEAR MISSES]
3. Not visible
4. Not visible

[PARKING & ACCESS VIOLATIONS]
5. Not visible
6. Not visible
7. Not visible

[SUSPICIOUS VEHICLE BEHAVIOR]
8. Not visible
9. Not visible
10. Not visible

[VEHICLE IDENTIFICATION]
11. Not visible
12. Not visible
13. Not visible

[PEDESTRIAN & CHILD SAFETY]
14. Not visible
15. Not visible
16. Not visible
17. Not visible"
20260604T134116Z,LP_Farmers_Market_Restroom_2_20260602T230000.jpg,,,dataset_20260603_063335/LP_Farmers_Market_Restroom_2/LP_Farmers_Market_Restroom_2_20260602T230000.jpg,vehicle_prompts,done,2026-06-04T13:58:59.222619+00:00,0.042,0.726,0.771,,nvidia/cosmos-reason2-8b,"[date]

[GENERAL VEHICLE SAFETY]
1. Not visible
2. Not visible

[COLLISIONS & NEAR MISSES]
3. Not visible
4. Not visible

[PARKING & ACCESS VIOLATIONS]
5. Not visible
6. Not visible
7. Not visible

[SUSPICIOUS VEHICLE BEHAVIOR]
8. Not visible
9. Not visible
10. Not visible

[VEHICLE IDENTIFICATION]
11. Not visible
12. Not visible
13. Not visible

[PEDESTRIAN & CHILD SAFETY]
14. Not visible
15. Not visible
16. Not visible
17. Not visible"
20260604T134116Z,LP_Farmers_Market_Restroom_2_20260602T231500.jpg,,,dataset_20260603_063335/LP_Farmers_Market_Restroom_2/LP_Farmers_Market_Restroom_2_20260602T231500.jpg,vehicle_prompts,done,2026-06-04T13:58:59.369078+00:00,0.046,0.721,0.769,,nvidia/cosmos-reason2-8b,"### [GENERAL VEHICLE SAFETY]
1. Not visible
2. Not visible

### [COLLISIONS & NEAR MISSES]
3. Not visible
4. Not visible

### [PARKING & ACCESS VIOLATIONS]
5. Not visible
6. Not visible
7. Not visible

### [SUSPICIOUS VEHICLE BEHAVIOR]
8. Not visible
9. Not visible
10. Not visible

### [VEHICLE IDENTIFICATION]
11. Not visible
12. Not visible
13. Not visible

### [PEDESTRIAN & CHILD SAFETY]
14. Not visible
15. Not visible
16. Not visible
17. Not visible"
20260604T134116Z,LP_Farmers_Market_Restroom_2_20260602T233000.jpg,,,dataset_20260603_063335/LP_Farmers_Market_Restroom_2/LP_Farmers_Market_Restroom_2_20260602T233000.jpg,vehicle_prompts,done,2026-06-04T13:58:59.634113+00:00,0.046,0.648,0.697,,nvidia/cosmos-reason2-8b,"[GENERAL VEHICLE SAFETY]
1. Not visible
2. Not visible

[COLLISIONS & NEAR MISSES]
3. Not visible
4. Not visible

[PARKING & ACCESS VIOLATIONS]
5. Not visible
6. Not visible
7. Not visible

[SUSPICIOUS VEHICLE BEHAVIOR]
8. Not visible
9. Not visible
10. Not visible

[VEHICLE IDENTIFICATION]
11. Not visible
12. Not visible
13. Not visible

[PEDESTRIAN & CHILD SAFETY]
14. Not visible
15. Not visible
16. Not visible
17. Not visible"
20260604T134116Z,LP_Farmers_Market_Restroom_2_20260602T234500.jpg,,,dataset_20260603_063335/LP_Farmers_Market_Restroom_2/LP_Farmers_Market_Restroom_2_20260602T234500.jpg,vehicle_prompts,done,2026-06-04T13:58:59.837682+00:00,0.043,0.672,0.719,,nvidia/cosmos-reason2-8b,"### [GENERAL VEHICLE SAFETY]
1. Not visible
2. Not visible

### [COLLISIONS & NEAR MISSES]
3. Not visible
4. Not visible

### [PARKING & ACCESS VIOLATIONS]
5. Not visible
6. Not visible
7. Not visible

### [SUSPICIOUS VEHICLE BEHAVIOR]
8. Not visible
9. Not visible
10. Not visible

### [VEHICLE IDENTIFICATION]
11. Not visible
12. Not visible
13. Not visible

### [PEDESTRIAN & CHILD SAFETY]
14. Not visible
15. Not visible
16. Not visible
17. Not visible"
20260604T134116Z,LP_Farmers_Market_Restroom_3_20260602T000000.jpg,,,dataset_20260603_063335/LP_Farmers_Market_Restroom_3/LP_Farmers_Market_Restroom_3_20260602T000000.jpg,vehicle_prompts,done,2026-06-04T13:59:39.537654+00:00,0.179,1.244,1.442,,nvidia/cosmos-reason2-8b,"[GENERAL VEHICLE SAFETY]
1. Not visible
2. Not visible

[COLLISIONS & NEAR MISSES]
3. Not visible
4. Not visible

[PARKING & ACCESS VIOLATIONS]
5. Not visible
6. Not visible
7. Not visible

[SUSPICIOUS VEHICLE BEHAVIOR]
8. Not visible
9. Not visible
10. Not visible

[VEHICLE IDENTIFICATION]
11. Not visible
12. Not visible
13. Not visible

[PEDESTRIAN & CHILD SAFETY]
14. Not visible
15. Not visible
16. Not visible
17. Not visible"
20260604T134116Z,LP_Farmers_Market_Restroom_3_20260602T001500.jpg,,,dataset_20260603_063335/LP_Farmers_Market_Restroom_3/LP_Farmers_Market_Restroom_3_20260602T001500.jpg,vehicle_prompts,done,2026-06-04T13:59:39.538434+00:00,0.179,1.134,1.332,,nvidia/cosmos-reason2-8b,"### [GENERAL VEHICLE SAFETY]
1. Not visible

### [COLLISIONS & NEAR MISSES]
3. Not visible

### [PARKING & ACCESS VIOLATIONS]
5. Not visible

### [SUSPICIOUS VEHICLE BEHAVIOR]
8. Not visible

### [VEHICLE IDENTIFICATION]
11. Not visible

### [PEDESTRIAN & CHILD SAFETY]
14. Not visible"
20260604T134116Z,LP_Farmers_Market_Restroom_3_20260602T003000.jpg,,,dataset_20260603_063335/LP_Farmers_Market_Restroom_3/LP_Farmers_Market_Restroom_3_20260602T003000.jpg,vehicle_prompts,done,2026-06-04T13:59:39.539814+00:00,0.178,1.049,1.245,,nvidia/cosmos-reason2-8b,"[date]

[GENERAL VEHICLE SAFETY]
1. Not visible
2. Not visible

[COLLISIONS & NEAR MISSES]
3. Not visible
4. Not visible

[PARKING & ACCESS VIOLATIONS]
5. Not visible
6. Not visible
7. Not visible

[SUSPICIOUS VEHICLE BEHAVIOR]
8. Not visible
9. Not visible
10. Not visible

[VEHICLE IDENTIFICATION]
11. Not visible
12. Not visible
13. Not visible

[PEDESTRIAN & CHILD SAFETY]
14. Not visible
15. Not visible
16. Not visible
17. Not visible"
20260604T134116Z,LP_Farmers_Market_Restroom_3_20260602T004500.jpg,,,dataset_20260603_063335/LP_Farmers_Market_Restroom_3/LP_Farmers_Market_Restroom_3_20260602T004500.jpg,vehicle_prompts,done,2026-06-04T13:59:39.541360+00:00,0.177,0.855,1.048,,nvidia/cosmos-reason2-8b,"[date]

[GENERAL VEHICLE SAFETY]
1. Not visible
2. Not visible

[COLLISIONS & NEAR MISSES]
3. Not visible
4. Not visible

[PARKING & ACCESS VIOLATIONS]
5. Not visible
6. Not visible
7. Not visible

[SUSPICIOUS VEHICLE BEHAVIOR]
8. Not visible
9. Not visible
10. Not visible

[VEHICLE IDENTIFICATION]
11. Not visible
12. Not visible
13. Not visible

[PEDESTRIAN & CHILD SAFETY]
14. Not visible
15. Not visible
16. Not visible
17. Not visible"
20260604T134116Z,LP_Farmers_Market_Restroom_3_20260602T010000.jpg,,,dataset_20260603_063335/LP_Farmers_Market_Restroom_3/LP_Farmers_Market_Restroom_3_20260602T010000.jpg,vehicle_prompts,done,2026-06-04T13:59:40.592261+00:00,0.052,0.666,0.721,,nvidia/cosmos-reason2-8b,"[date]

[GENERAL VEHICLE SAFETY]
1. Not visible
2. Not visible

[COLLISIONS & NEAR MISSES]
3. Not visible
4. Not visible

[PARKING & ACCESS VIOLATIONS]
5. Not visible
6. Not visible
7. Not visible

[SUSPICIOUS VEHICLE BEHAVIOR]
8. Not visible
9. Not visible
10. Not visible

[VEHICLE IDENTIFICATION]
11. Not visible
12. Not visible
13. Not visible

[PEDESTRIAN & CHILD SAFETY]
14. Not visible
15. Not visible
16. Not visible
17. Not visible"
20260604T134116Z,LP_Farmers_Market_Restroom_3_20260602T011500.jpg,,,dataset_20260603_063335/LP_Farmers_Market_Restroom_3/LP_Farmers_Market_Restroom_3_20260602T011500.jpg,vehicle_prompts,done,2026-06-04T13:59:40.787305+00:00,0.047,0.676,0.726,,nvidia/cosmos-reason2-8b,"[date]

[GENERAL VEHICLE SAFETY]
1. Not visible
2. Not visible

[COLLISIONS & NEAR MISSES]
3. Not visible
4. Not visible

[PARKING & ACCESS VIOLATIONS]
5. Not visible
6. Not visible
7. Not visible

[SUSPICIOUS VEHICLE BEHAVIOR]
8. Not visible
9. Not visible
10. Not visible

[VEHICLE IDENTIFICATION]
11. Not visible
12. Not visible
13. Not visible

[PEDESTRIAN & CHILD SAFETY]
14. Not visible
15. Not visible
16. Not visible
17. Not visible"
20260604T134116Z,LP_Farmers_Market_Restroom_3_20260602T013000.jpg,,,dataset_20260603_063335/LP_Farmers_Market_Restroom_3/LP_Farmers_Market_Restroom_3_20260602T013000.jpg,vehicle_prompts,done,2026-06-04T13:59:40.872515+00:00,0.042,0.983,1.027,,nvidia/cosmos-reason2-8b,"[date]

[GENERAL VEHICLE SAFETY]
1. Not visible
2. Not visible

[COLLISIONS & NEAR MISSES]
3. Not visible
4. Not visible

[PARKING & ACCESS VIOLATIONS]
5. Not visible
6. Not visible
7. Not visible

[SUSPICIOUS VEHICLE BEHAVIOR]
8. Not visible
9. Not visible
10. Not visible

[VEHICLE IDENTIFICATION]
11. Not visible
12. Not visible
13. Not visible

[PEDESTRIAN & CHILD SAFETY]
14. Not visible
15. Not visible
16. Not visible
17. Not visible"
20260604T134116Z,LP_Farmers_Market_Restroom_3_20260602T014500.jpg,,,dataset_20260603_063335/LP_Farmers_Market_Restroom_3/LP_Farmers_Market_Restroom_3_20260602T014500.jpg,vehicle_prompts,done,2026-06-04T13:59:40.981966+00:00,0.045,0.927,0.974,,nvidia/cosmos-reason2-8b,"[date]

[GENERAL VEHICLE SAFETY]
1. Not visible
2. Not visible

[COLLISIONS & NEAR MISSES]
3. Not visible
4. Not visible

[PARKING & ACCESS VIOLATIONS]
5. Not visible
6. Not visible
7. Not visible

[SUSPICIOUS VEHICLE BEHAVIOR]
8. Not visible
9. Not visible
10. Not visible

[VEHICLE IDENTIFICATION]
11. Not visible
12. Not visible
13. Not visible

[PEDESTRIAN & CHILD SAFETY]
14. Not visible
15. Not visible
16. Not visible
17. Not visible"
20260604T134116Z,LP_Farmers_Market_Restroom_3_20260602T020000.jpg,,,dataset_20260603_063335/LP_Farmers_Market_Restroom_3/LP_Farmers_Market_Restroom_3_20260602T020000.jpg,vehicle_prompts,done,2026-06-04T13:59:41.316487+00:00,0.052,0.726,0.781,,nvidia/cosmos-reason2-8b,"[date]

[GENERAL VEHICLE SAFETY]
1. Not visible
2. Not visible

[COLLISIONS & NEAR MISSES]
3. Not visible
4. Not visible

[PARKING & ACCESS VIOLATIONS]
5. Not visible
6. Not visible
7. Not visible

[SUSPICIOUS VEHICLE BEHAVIOR]
8. Not visible
9. Not visible
10. Not visible

[VEHICLE IDENTIFICATION]
11. Not visible
12. Not visible
13. Not visible

[PEDESTRIAN & CHILD SAFETY]
14. Not visible
15. Not visible
16. Not visible
17. Not visible"
20260604T134116Z,LP_Farmers_Market_Restroom_3_20260602T021500.jpg,,,dataset_20260603_063335/LP_Farmers_Market_Restroom_3/LP_Farmers_Market_Restroom_3_20260602T021500.jpg,vehicle_prompts,done,2026-06-04T13:59:41.516117+00:00,0.038,0.815,0.856,,nvidia/cosmos-reason2-8b,"### [GENERAL VEHICLE SAFETY]
1. Not visible
2. Not visible

### [COLLISIONS & NEAR MISSES]
3. Not visible
4. Not visible

### [PARKING & ACCESS VIOLATIONS]
5. Not visible
6. Not visible
7. Not visible

### [SUSPICIOUS VEHICLE BEHAVIOR]
8. Not visible
9. Not visible
10. Not visible

### [VEHICLE IDENTIFICATION]
11. Not visible
12. Not visible
13. Not visible

### [PEDESTRIAN & CHILD SAFETY]
14. Not visible
15. Not visible
16. Not visible
17. Not visible"
20260604T134116Z,LP_Farmers_Market_Restroom_3_20260602T023000.jpg,,,dataset_20260603_063335/LP_Farmers_Market_Restroom_3/LP_Farmers_Market_Restroom_3_20260602T023000.jpg,vehicle_prompts,done,2026-06-04T13:59:41.902404+00:00,0.055,0.88,0.938,,nvidia/cosmos-reason2-8b,"[GENERAL VEHICLE SAFETY]
1. Not visible
2. Not visible

[COLLISIONS & NEAR MISSES]
3. Not visible
4. Not visible

[PARKING & ACCESS VIOLATIONS]
5. Not visible
6. Not visible
7. Not visible

[SUSPICIOUS VEHICLE BEHAVIOR]
8. Not visible
9. Not visible
10. Not visible

[VEHICLE IDENTIFICATION]
11. Not visible
12. Not visible
13. Not visible

[PEDESTRIAN & CHILD SAFETY]
14. Not visible
15. Not visible
16. Not visible
17. Not visible"
20260604T134116Z,LP_Farmers_Market_Restroom_3_20260602T024500.jpg,,,dataset_20260603_063335/LP_Farmers_Market_Restroom_3/LP_Farmers_Market_Restroom_3_20260602T024500.jpg,vehicle_prompts,done,2026-06-04T13:59:41.959708+00:00,0.052,0.819,0.874,,nvidia/cosmos-reason2-8b,"[date]

[GENERAL VEHICLE SAFETY]
1. Not visible
2. Not visible

[COLLISIONS & NEAR MISSES]
3. Not visible
4. Not visible

[PARKING & ACCESS VIOLATIONS]
5. Not visible
6. Not visible
7. Not visible

[SUSPICIOUS VEHICLE BEHAVIOR]
8. Not visible
9. Not visible
10. Not visible

[VEHICLE IDENTIFICATION]
11. Not visible
12. Not visible
13. Not visible

[PEDESTRIAN & CHILD SAFETY]
14. Not visible
15. Not visible
16. Not visible
17. Not visible"
20260604T134116Z,LP_Farmers_Market_Restroom_3_20260602T030000.jpg,,,dataset_20260603_063335/LP_Farmers_Market_Restroom_3/LP_Farmers_Market_Restroom_3_20260602T030000.jpg,vehicle_prompts,done,2026-06-04T13:59:42.099723+00:00,0.049,0.966,1.017,,nvidia/cosmos-reason2-8b,"[date]

[GENERAL VEHICLE SAFETY]
1. Not visible
2. Not visible

[COLLISIONS & NEAR MISSES]
3. Not visible
4. Not visible

[PARKING & ACCESS VIOLATIONS]
5. Not visible
6. Not visible
7. Not visible

[SUSPICIOUS VEHICLE BEHAVIOR]
8. Not visible
9. Not visible
10. Not visible

[VEHICLE IDENTIFICATION]
11. Not visible
12. Not visible
13. Not visible

[PEDESTRIAN & CHILD SAFETY]
14. Not visible
15. Not visible
16. Not visible
17. Not visible"
20260604T134116Z,LP_Farmers_Market_Restroom_3_20260602T031500.jpg,,,dataset_20260603_063335/LP_Farmers_Market_Restroom_3/LP_Farmers_Market_Restroom_3_20260602T031500.jpg,vehicle_prompts,done,2026-06-04T13:59:42.374933+00:00,0.051,0.865,0.918,,nvidia/cosmos-reason2-8b,"[date]

[GENERAL VEHICLE SAFETY]
1. Not visible
2. Not visible

[COLLISIONS & NEAR MISSES]
3. Not visible
4. Not visible

[PARKING & ACCESS VIOLATIONS]
5. Not visible
6. Not visible
7. Not visible

[SUSPICIOUS VEHICLE BEHAVIOR]
8. Not visible
9. Not visible
10. Not visible

[VEHICLE IDENTIFICATION]
11. Not visible
12. Not visible
13. Not visible

[PEDESTRIAN & CHILD SAFETY]
14. Not visible
15. Not visible
16. Not visible
17. Not visible"
20260604T134116Z,LP_Farmers_Market_Restroom_3_20260602T033000.jpg,,,dataset_20260603_063335/LP_Farmers_Market_Restroom_3/LP_Farmers_Market_Restroom_3_20260602T033000.jpg,vehicle_prompts,done,2026-06-04T13:59:42.837861+00:00,0.059,0.869,0.931,,nvidia/cosmos-reason2-8b,"[date]

[GENERAL VEHICLE SAFETY]
1. Not visible
2. Not visible

[COLLISIONS & NEAR MISSES]
3. Not visible
4. Not visible

[PARKING & ACCESS VIOLATIONS]
5. Not visible
6. Not visible
7. Not visible

[SUSPICIOUS VEHICLE BEHAVIOR]
8. Not visible
9. Not visible
10. Not visible

[VEHICLE IDENTIFICATION]
11. Not visible
12. Not visible
13. Not visible

[PEDESTRIAN & CHILD SAFETY]
14. Not visible
15. Not visible
16. Not visible
17. Not visible"
20260604T134116Z,LP_Farmers_Market_Restroom_3_20260602T034500.jpg,,,dataset_20260603_063335/LP_Farmers_Market_Restroom_3/LP_Farmers_Market_Restroom_3_20260602T034500.jpg,vehicle_prompts,done,2026-06-04T13:59:42.844161+00:00,0.054,0.965,1.021,,nvidia/cosmos-reason2-8b,"### [GENERAL VEHICLE SAFETY]
1. Not visible
2. Not visible

### [COLLISIONS & NEAR MISSES]
3. Not visible
4. Not visible

### [PARKING & ACCESS VIOLATIONS]
5. Not visible
6. Not visible
7. Not visible

### [SUSPICIOUS VEHICLE BEHAVIOR]
8. Not visible
9. Not visible
10. Not visible

### [VEHICLE IDENTIFICATION]
11. Not visible
12. Not visible
13. Not visible

### [PEDESTRIAN & CHILD SAFETY]
14. Not visible
15. Not visible
16. Not visible
17. Not visible"
20260604T134116Z,LP_Farmers_Market_Restroom_3_20260602T040000.jpg,,,dataset_20260603_063335/LP_Farmers_Market_Restroom_3/LP_Farmers_Market_Restroom_3_20260602T040000.jpg,vehicle_prompts,done,2026-06-04T13:59:43.119973+00:00,0.045,0.853,0.901,,nvidia/cosmos-reason2-8b,"[date]

[GENERAL VEHICLE SAFETY]
1. Not visible
2. Not visible

[COLLISIONS & NEAR MISSES]
3. Not visible
4. Not visible

[PARKING & ACCESS VIOLATIONS]
5. Not visible
6. Not visible
7. Not visible

[SUSPICIOUS VEHICLE BEHAVIOR]
8. Not visible
9. Not visible
10. Not visible

[VEHICLE IDENTIFICATION]
11. Not visible
12. Not visible
13. Not visible

[PEDESTRIAN & CHILD SAFETY]
14. Not visible
15. Not visible
16. Not visible
17. Not visible"
20260604T134116Z,LP_Farmers_Market_Restroom_3_20260602T041500.jpg,,,dataset_20260603_063335/LP_Farmers_Market_Restroom_3/LP_Farmers_Market_Restroom_3_20260602T041500.jpg,vehicle_prompts,done,2026-06-04T13:59:43.295595+00:00,0.052,0.727,0.782,,nvidia/cosmos-reason2-8b,"### GENERAL VEHICLE SAFETY
1. Not visible

### COLLISIONS & NEAR MISSES
3. Not visible

### PARKING & ACCESS VIOLATIONS
5. Not visible

### SUSPICIOUS VEHICLE BEHAVIOR
8. Not visible

### VEHICLE IDENTIFICATION
11. Not visible

### PEDESTRIAN & CHILD SAFETY
14. Not visible"
20260604T134116Z,LP_Farmers_Market_Restroom_3_20260602T043000.jpg,,,dataset_20260603_063335/LP_Farmers_Market_Restroom_3/LP_Farmers_Market_Restroom_3_20260602T043000.jpg,vehicle_prompts,done,2026-06-04T13:59:43.771285+00:00,0.048,0.676,0.727,,nvidia/cosmos-reason2-8b,"### [GENERAL VEHICLE SAFETY]
1. Not visible
2. Not visible

### [COLLISIONS & NEAR MISSES]
3. Not visible
4. Not visible

### [PARKING & ACCESS VIOLATIONS]
5. Not visible
6. Not visible
7. Not visible

### [SUSPICIOUS VEHICLE BEHAVIOR]
8. Not visible
9. Not visible
10. Not visible

### [VEHICLE IDENTIFICATION]
11. Not visible
12. Not visible
13. Not visible

### [PEDESTRIAN & CHILD SAFETY]
14. Not visible
15. Not visible
16. Not visible
17. Not visible"
20260604T134116Z,LP_Farmers_Market_Restroom_3_20260602T044500.jpg,,,dataset_20260603_063335/LP_Farmers_Market_Restroom_3/LP_Farmers_Market_Restroom_3_20260602T044500.jpg,vehicle_prompts,done,2026-06-04T13:59:43.867699+00:00,0.046,0.879,0.928,,nvidia/cosmos-reason2-8b,"### [GENERAL VEHICLE SAFETY]
1. Not visible
2. Not visible

### [COLLISIONS & NEAR MISSES]
3. Not visible
4. Not visible

### [PARKING & ACCESS VIOLATIONS]
5. Not visible
6. Not visible
7. Not visible

### [SUSPICIOUS VEHICLE BEHAVIOR]
8. Not visible
9. Not visible
10. Not visible

### [VEHICLE IDENTIFICATION]
11. Not visible
12. Not visible
13. Not visible

### [PEDESTRIAN & CHILD SAFETY]
14. Not visible
15. Not visible
16. Not visible
17. Not visible"
20260604T134116Z,LP_Farmers_Market_Restroom_3_20260602T050000.jpg,,,dataset_20260603_063335/LP_Farmers_Market_Restroom_3/LP_Farmers_Market_Restroom_3_20260602T050000.jpg,vehicle_prompts,done,2026-06-04T13:59:44.022926+00:00,0.045,0.943,0.992,,nvidia/cosmos-reason2-8b,"[date]

[GENERAL VEHICLE SAFETY]
1. Not visible
2. Not visible

[COLLISIONS & NEAR MISSES]
3. Not visible
4. Not visible

[PARKING & ACCESS VIOLATIONS]
5. Not visible
6. Not visible
7. Not visible

[SUSPICIOUS VEHICLE BEHAVIOR]
8. Not visible
9. Not visible
10. Not visible

[VEHICLE IDENTIFICATION]
11. Not visible
12. Not visible
13. Not visible

[PEDESTRIAN & CHILD SAFETY]
14. Not visible
15. Not visible
16. Not visible
17. Not visible"
20260604T134116Z,LP_Farmers_Market_Restroom_3_20260602T051500.jpg,,,dataset_20260603_063335/LP_Farmers_Market_Restroom_3/LP_Farmers_Market_Restroom_3_20260602T051500.jpg,vehicle_prompts,done,2026-06-04T13:59:44.079595+00:00,0.05,0.984,1.037,,nvidia/cosmos-reason2-8b,"### [GENERAL VEHICLE SAFETY]
1. Not visible
2. Not visible

### [COLLISIONS & NEAR MISSES]
3. Not visible
4. Not visible

### [PARKING & ACCESS VIOLATIONS]
5. Not visible
6. Not visible
7. Not visible

### [SUSPICIOUS VEHICLE BEHAVIOR]
8. Not visible
9. Not visible
10. Not visible

### [VEHICLE IDENTIFICATION]
11. Not visible
12. Not visible
13. Not visible

### [PEDESTRIAN & CHILD SAFETY]
14. Not visible
15. Not visible
16. Not visible
17. Not visible"
20260604T134116Z,LP_Farmers_Market_Restroom_3_20260602T053000.jpg,,,dataset_20260603_063335/LP_Farmers_Market_Restroom_3/LP_Farmers_Market_Restroom_3_20260602T053000.jpg,vehicle_prompts,done,2026-06-04T13:59:44.501047+00:00,0.047,0.714,0.775,,nvidia/cosmos-reason2-8b,"### [GENERAL VEHICLE SAFETY]
1. Not visible
2. Not visible

### [COLLISIONS & NEAR MISSES]
3. Not visible
4. Not visible

### [PARKING & ACCESS VIOLATIONS]
5. Not visible
6. Not visible
7. Not visible

### [SUSPICIOUS VEHICLE BEHAVIOR]
8. Not visible
9. Not visible
10. Not visible

### [VEHICLE IDENTIFICATION]
11. Not visible
12. Not visible
13. Not visible

### [PEDESTRIAN & CHILD SAFETY]
14. Not visible
15. Not visible
16. Not visible
17. Not visible"
20260604T134116Z,LP_Farmers_Market_Restroom_3_20260602T054500.jpg,,,dataset_20260603_063335/LP_Farmers_Market_Restroom_3/LP_Farmers_Market_Restroom_3_20260602T054500.jpg,vehicle_prompts,done,2026-06-04T13:59:44.798181+00:00,0.049,0.667,0.72,,nvidia/cosmos-reason2-8b,"### [GENERAL VEHICLE SAFETY]
1. Not visible
2. Not visible

### [COLLISIONS & NEAR MISSES]
3. Not visible
4. Not visible

### [PARKING & ACCESS VIOLATIONS]
5. Not visible
6. Not visible
7. Not visible

### [SUSPICIOUS VEHICLE BEHAVIOR]
8. Not visible
9. Not visible
10. Not visible

### [VEHICLE IDENTIFICATION]
11. Not visible
12. Not visible
13. Not visible

### [PEDESTRIAN & CHILD SAFETY]
14. Not visible
15. Not visible
16. Not visible
17. Not visible"
20260604T134116Z,LP_Farmers_Market_Restroom_3_20260602T060000.jpg,,,dataset_20260603_063335/LP_Farmers_Market_Restroom_3/LP_Farmers_Market_Restroom_3_20260602T060000.jpg,vehicle_prompts,done,2026-06-04T13:59:45.017162+00:00,0.041,0.731,0.775,,nvidia/cosmos-reason2-8b,"### [GENERAL VEHICLE SAFETY]
1. Not visible
2. Not visible

### [COLLISIONS & NEAR MISSES]
3. Not visible
4. Not visible

### [PARKING & ACCESS VIOLATIONS]
5. Not visible
6. Not visible
7. Not visible

### [SUSPICIOUS VEHICLE BEHAVIOR]
8. Not visible
9. Not visible
10. Not visible

### [VEHICLE IDENTIFICATION]
11. Not visible
12. Not visible
13. Not visible

### [PEDESTRIAN & CHILD SAFETY]
14. Not visible
15. Not visible
16. Not visible
17. Not visible"
20260604T134116Z,LP_Farmers_Market_Restroom_3_20260602T061500.jpg,,,dataset_20260603_063335/LP_Farmers_Market_Restroom_3/LP_Farmers_Market_Restroom_3_20260602T061500.jpg,vehicle_prompts,done,2026-06-04T13:59:45.119364+00:00,0.049,0.839,0.891,,nvidia/cosmos-reason2-8b,"[date]

[GENERAL VEHICLE SAFETY]
1. Not visible
2. Not visible

[COLLISIONS & NEAR MISSES]
3. Not visible
4. Not visible

[PARKING & ACCESS VIOLATIONS]
5. Not visible
6. Not visible
7. Not visible

[SUSPICIOUS VEHICLE BEHAVIOR]
8. Not visible
9. Not visible
10. Not visible

[VEHICLE IDENTIFICATION]
11. Not visible
12. Not visible
13. Not visible

[PEDESTRIAN & CHILD SAFETY]
14. Not visible
15. Not visible
16. Not visible
17. Not visible"
20260604T134116Z,LP_Farmers_Market_Restroom_3_20260602T063000.jpg,,,dataset_20260603_063335/LP_Farmers_Market_Restroom_3/LP_Farmers_Market_Restroom_3_20260602T063000.jpg,vehicle_prompts,done,2026-06-04T13:59:45.278147+00:00,0.049,0.9,0.952,,nvidia/cosmos-reason2-8b,"[GENERAL VEHICLE SAFETY]
1. Not visible
2. Not visible

[COLLISIONS & NEAR MISSES]
3. Not visible
4. Not visible

[PARKING & ACCESS VIOLATIONS]
5. Not visible
6. Not visible
7. Not visible

[SUSPICIOUS VEHICLE BEHAVIOR]
8. Not visible
9. Not visible
10. Not visible

[VEHICLE IDENTIFICATION]
11. Not visible
12. Not visible
13. Not visible

[PEDESTRIAN & CHILD SAFETY]
14. Not visible
15. Not visible
16. Not visible
17. Not visible"
20260604T134116Z,LP_Farmers_Market_Restroom_3_20260602T064500.jpg,,,dataset_20260603_063335/LP_Farmers_Market_Restroom_3/LP_Farmers_Market_Restroom_3_20260602T064500.jpg,vehicle_prompts,done,2026-06-04T13:59:45.521165+00:00,0.044,0.736,0.784,,nvidia/cosmos-reason2-8b,"[GENERAL VEHICLE SAFETY]
1. Not visible
2. Not visible

[COLLISIONS & NEAR MISSES]
3. Not visible
4. Not visible

[PARKING & ACCESS VIOLATIONS]
5. Not visible
6. Not visible
7. Not visible

[SUSPICIOUS VEHICLE BEHAVIOR]
8. Not visible
9. Not visible
10. Not visible

[VEHICLE IDENTIFICATION]
11. Not visible
12. Not visible
13. Not visible

[PEDESTRIAN & CHILD SAFETY]
14. Not visible
15. Not visible
16. Not visible
17. Not visible"
20260604T134116Z,LP_Farmers_Market_Restroom_3_20260602T070000.jpg,,,dataset_20260603_063335/LP_Farmers_Market_Restroom_3/LP_Farmers_Market_Restroom_3_20260602T070000.jpg,vehicle_prompts,done,2026-06-04T13:59:45.794829+00:00,0.042,0.687,0.732,,nvidia/cosmos-reason2-8b,"[GENERAL VEHICLE SAFETY]
1. Not visible
2. Not visible

[COLLISIONS & NEAR MISSES]
3. Not visible
4. Not visible

[PARKING & ACCESS VIOLATIONS]
5. Not visible
6. Not visible
7. Not visible

[SUSPICIOUS VEHICLE BEHAVIOR]
8. Not visible
9. Not visible
10. Not visible

[VEHICLE IDENTIFICATION]
11. Not visible
12. Not visible
13. Not visible

[PEDESTRIAN & CHILD SAFETY]
14. Not visible
15. Not visible
16. Not visible
17. Not visible"
20260604T134116Z,LP_Farmers_Market_Restroom_3_20260602T071500.jpg,,,dataset_20260603_063335/LP_Farmers_Market_Restroom_3/LP_Farmers_Market_Restroom_3_20260602T071500.jpg,vehicle_prompts,done,2026-06-04T13:59:46.013136+00:00,0.045,0.666,0.713,,nvidia/cosmos-reason2-8b,"### [GENERAL VEHICLE SAFETY]
1. Not visible
2. Not visible

### [COLLISIONS & NEAR MISSES]
3. Not visible
4. Not visible

### [PARKING & ACCESS VIOLATIONS]
5. Not visible
6. Not visible
7. Not visible

### [SUSPICIOUS VEHICLE BEHAVIOR]
8. Not visible
9. Not visible
10. Not visible

### [VEHICLE IDENTIFICATION]
11. Not visible
12. Not visible
13. Not visible

### [PEDESTRIAN & CHILD SAFETY]
14. Not visible
15. Not visible
16. Not visible
17. Not visible"
20260604T134116Z,LP_Farmers_Market_Restroom_3_20260602T073000.jpg,,,dataset_20260603_063335/LP_Farmers_Market_Restroom_3/LP_Farmers_Market_Restroom_3_20260602T073000.jpg,vehicle_prompts,done,2026-06-04T13:59:46.232414+00:00,0.052,0.672,0.727,,nvidia/cosmos-reason2-8b,"[GENERAL VEHICLE SAFETY]
1. Not visible
2. Not visible

[COLLISIONS & NEAR MISSES]
3. Not visible
4. Not visible

[PARKING & ACCESS VIOLATIONS]
5. Not visible
6. Not visible
7. Not visible

[SUSPICIOUS VEHICLE BEHAVIOR]
8. Not visible
9. Not visible
10. Not visible

[VEHICLE IDENTIFICATION]
11. Not visible
12. Not visible
13. Not visible

[PEDESTRIAN & CHILD SAFETY]
14. Not visible
15. Not visible
16. Not visible
17. Not visible"
20260604T134116Z,LP_Farmers_Market_Restroom_3_20260602T074500.jpg,,,dataset_20260603_063335/LP_Farmers_Market_Restroom_3/LP_Farmers_Market_Restroom_3_20260602T074500.jpg,vehicle_prompts,done,2026-06-04T13:59:46.307229+00:00,0.039,0.878,0.92,,nvidia/cosmos-reason2-8b,"[date]

[GENERAL VEHICLE SAFETY]
1. Not visible
2. Not visible

[COLLISIONS & NEAR MISSES]
3. Not visible
4. Not visible

[PARKING & ACCESS VIOLATIONS]
5. Not visible
6. Not visible
7. Not visible

[SUSPICIOUS VEHICLE BEHAVIOR]
8. Not visible
9. Not visible
10. Not visible

[VEHICLE IDENTIFICATION]
11. Not visible
12. Not visible
13. Not visible

[PEDESTRIAN & CHILD SAFETY]
14. Not visible
15. Not visible
16. Not visible
17. Not visible"
20260604T134116Z,LP_Farmers_Market_Restroom_3_20260602T080000.jpg,,,dataset_20260603_063335/LP_Farmers_Market_Restroom_3/LP_Farmers_Market_Restroom_3_20260602T080000.jpg,vehicle_prompts,done,2026-06-04T13:59:46.528839+00:00,0.04,0.873,0.916,,nvidia/cosmos-reason2-8b,"[date]

[GENERAL VEHICLE SAFETY]
1. Not visible
2. Not visible

[COLLISIONS & NEAR MISSES]
3. Not visible
4. Not visible

[PARKING & ACCESS VIOLATIONS]
5. Not visible
6. Not visible
7. Not visible

[SUSPICIOUS VEHICLE BEHAVIOR]
8. Not visible
9. Not visible
10. Not visible

[VEHICLE IDENTIFICATION]
11. Not visible
12. Not visible
13. Not visible

[PEDESTRIAN & CHILD SAFETY]
14. Not visible
15. Not visible
16. Not visible
17. Not visible"
20260604T134116Z,LP_Farmers_Market_Restroom_3_20260602T081500.jpg,,,dataset_20260603_063335/LP_Farmers_Market_Restroom_3/LP_Farmers_Market_Restroom_3_20260602T081500.jpg,vehicle_prompts,done,2026-06-04T13:59:46.728774+00:00,0.047,0.739,0.788,,nvidia/cosmos-reason2-8b,"[GENERAL VEHICLE SAFETY]
1. Not visible
2. Not visible

[COLLISIONS & NEAR MISSES]
3. Not visible
4. Not visible

[PARKING & ACCESS VIOLATIONS]
5. Not visible
6. Not visible
7. Not visible

[SUSPICIOUS VEHICLE BEHAVIOR]
8. Not visible
9. Not visible
10. Not visible

[VEHICLE IDENTIFICATION]
11. Not visible
12. Not visible
13. Not visible

[PEDESTRIAN & CHILD SAFETY]
14. Not visible
15. Not visible
16. Not visible
17. Not visible"
20260604T134116Z,LP_Farmers_Market_Restroom_3_20260602T083000.jpg,,,dataset_20260603_063335/LP_Farmers_Market_Restroom_3/LP_Farmers_Market_Restroom_3_20260602T083000.jpg,vehicle_prompts,done,2026-06-04T13:59:46.961625+00:00,0.048,0.689,0.752,,nvidia/cosmos-reason2-8b,"[GENERAL VEHICLE SAFETY]
1. Not visible
2. Not visible

[COLLISIONS & NEAR MISSES]
3. Not visible
4. Not visible

[PARKING & ACCESS VIOLATIONS]
5. Not visible
6. Not visible
7. Not visible

[SUSPICIOUS VEHICLE BEHAVIOR]
8. Not visible
9. Not visible
10. Not visible

[VEHICLE IDENTIFICATION]
11. Not visible
12. Not visible
13. Not visible

[PEDESTRIAN & CHILD SAFETY]
14. Not visible
15. Not visible
16. Not visible
17. Not visible"
20260604T134116Z,LP_Farmers_Market_Restroom_3_20260602T084500.jpg,,,dataset_20260603_063335/LP_Farmers_Market_Restroom_3/LP_Farmers_Market_Restroom_3_20260602T084500.jpg,vehicle_prompts,done,2026-06-04T13:59:47.229774+00:00,0.055,0.746,0.803,,nvidia/cosmos-reason2-8b,"[GENERAL VEHICLE SAFETY]
1. Not visible
2. Not visible

[COLLISIONS & NEAR MISSES]
3. Not visible
4. Not visible

[PARKING & ACCESS VIOLATIONS]
5. Not visible
6. Not visible
7. Not visible

[SUSPICIOUS VEHICLE BEHAVIOR]
8. Not visible
9. Not visible
10. Not visible

[VEHICLE IDENTIFICATION]
11. Not visible
12. Not visible
13. Not visible

[PEDESTRIAN & CHILD SAFETY]
14. Not visible
15. Not visible
16. Not visible
17. Not visible"
20260604T134116Z,LP_Farmers_Market_Restroom_3_20260602T090000.jpg,,,dataset_20260603_063335/LP_Farmers_Market_Restroom_3/LP_Farmers_Market_Restroom_3_20260602T090000.jpg,vehicle_prompts,done,2026-06-04T13:59:47.447439+00:00,0.047,0.686,0.736,,nvidia/cosmos-reason2-8b,"[GENERAL VEHICLE SAFETY]
1. Not visible
2. Not visible

[COLLISIONS & NEAR MISSES]
3. Not visible
4. Not visible

[PARKING & ACCESS VIOLATIONS]
5. Not visible
6. Not visible
7. Not visible

[SUSPICIOUS VEHICLE BEHAVIOR]
8. Not visible
9. Not visible
10. Not visible

[VEHICLE IDENTIFICATION]
11. Not visible
12. Not visible
13. Not visible

[PEDESTRIAN & CHILD SAFETY]
14. Not visible
15. Not visible
16. Not visible
17. Not visible"
20260604T134116Z,LP_Farmers_Market_Restroom_3_20260602T091500.jpg,,,dataset_20260603_063335/LP_Farmers_Market_Restroom_3/LP_Farmers_Market_Restroom_3_20260602T091500.jpg,vehicle_prompts,done,2026-06-04T13:59:47.519085+00:00,0.044,0.811,0.857,,nvidia/cosmos-reason2-8b,"[GENERAL VEHICLE SAFETY]
1. Not visible
2. Not visible

[COLLISIONS & NEAR MISSES]
3. Not visible
4. Not visible

[PARKING & ACCESS VIOLATIONS]
5. Not visible
6. Not visible
7. Not visible

[SUSPICIOUS VEHICLE BEHAVIOR]
8. Not visible
9. Not visible
10. Not visible

[VEHICLE IDENTIFICATION]
11. Not visible
12. Not visible
13. Not visible

[PEDESTRIAN & CHILD SAFETY]
14. Not visible
15. Not visible
16. Not visible
17. Not visible"
20260604T134116Z,LP_Farmers_Market_Restroom_3_20260602T093000.jpg,,,dataset_20260603_063335/LP_Farmers_Market_Restroom_3/LP_Farmers_Market_Restroom_3_20260602T093000.jpg,vehicle_prompts,done,2026-06-04T13:59:47.716217+00:00,0.038,0.78,0.822,,nvidia/cosmos-reason2-8b,"### [GENERAL VEHICLE SAFETY]
1. Not visible
2. Not visible

### [COLLISIONS & NEAR MISSES]
3. Not visible
4. Not visible

### [PARKING & ACCESS VIOLATIONS]
5. Not visible
6. Not visible
7. Not visible

### [SUSPICIOUS VEHICLE BEHAVIOR]
8. Not visible
9. Not visible
10. Not visible

### [VEHICLE IDENTIFICATION]
11. Not visible
12. Not visible
13. Not visible

### [PEDESTRIAN & CHILD SAFETY]
14. Not visible
15. Not visible
16. Not visible
17. Not visible"
20260604T134116Z,LP_Farmers_Market_Restroom_3_20260602T094500.jpg,,,dataset_20260603_063335/LP_Farmers_Market_Restroom_3/LP_Farmers_Market_Restroom_3_20260602T094500.jpg,vehicle_prompts,done,2026-06-04T13:59:48.035717+00:00,0.042,0.658,0.704,,nvidia/cosmos-reason2-8b,"[date]

[GENERAL VEHICLE SAFETY]
1. Not visible
2. Not visible

[COLLISIONS & NEAR MISSES]
3. Not visible
4. Not visible

[PARKING & ACCESS VIOLATIONS]
5. Not visible
6. Not visible
7. Not visible

[SUSPICIOUS VEHICLE BEHAVIOR]
8. Not visible
9. Not visible
10. Not visible

[VEHICLE IDENTIFICATION]
11. Not visible
12. Not visible
13. Not visible

[PEDESTRIAN & CHILD SAFETY]
14. Not visible
15. Not visible
16. Not visible
17. Not visible"
20260604T134116Z,LP_Farmers_Market_Restroom_3_20260602T100000.jpg,,,dataset_20260603_063335/LP_Farmers_Market_Restroom_3/LP_Farmers_Market_Restroom_3_20260602T100000.jpg,vehicle_prompts,done,2026-06-04T13:59:48.185561+00:00,0.047,0.734,0.783,,nvidia/cosmos-reason2-8b,"[GENERAL VEHICLE SAFETY]
1. Not visible
2. Not visible

[COLLISIONS & NEAR MISSES]
3. Not visible
4. Not visible

[PARKING & ACCESS VIOLATIONS]
5. Not visible
6. Not visible
7. Not visible

[SUSPICIOUS VEHICLE BEHAVIOR]
8. Not visible
9. Not visible
10. Not visible

[VEHICLE IDENTIFICATION]
11. Not visible
12. Not visible
13. Not visible

[PEDESTRIAN & CHILD SAFETY]
14. Not visible
15. Not visible
16. Not visible
17. Not visible"
20260604T134116Z,LP_Farmers_Market_Restroom_3_20260602T101500.jpg,,,dataset_20260603_063335/LP_Farmers_Market_Restroom_3/LP_Farmers_Market_Restroom_3_20260602T101500.jpg,vehicle_prompts,done,2026-06-04T13:59:48.378710+00:00,0.045,0.686,0.733,,nvidia/cosmos-reason2-8b,"[GENERAL VEHICLE SAFETY]
1. Not visible
2. Not visible

[COLLISIONS & NEAR MISSES]
3. Not visible
4. Not visible

[PARKING & ACCESS VIOLATIONS]
5. Not visible
6. Not visible
7. Not visible

[SUSPICIOUS VEHICLE BEHAVIOR]
8. Not visible
9. Not visible
10. Not visible

[VEHICLE IDENTIFICATION]
11. Not visible
12. Not visible
13. Not visible

[PEDESTRIAN & CHILD SAFETY]
14. Not visible
15. Not visible
16. Not visible
17. Not visible"
20260604T134116Z,LP_Farmers_Market_Restroom_3_20260602T103000.jpg,,,dataset_20260603_063335/LP_Farmers_Market_Restroom_3/LP_Farmers_Market_Restroom_3_20260602T103000.jpg,vehicle_prompts,done,2026-06-04T13:59:48.541581+00:00,0.052,0.719,0.773,,nvidia/cosmos-reason2-8b,"[date]

[GENERAL VEHICLE SAFETY]
1. Not visible
2. Not visible

[COLLISIONS & NEAR MISSES]
3. Not visible
4. Not visible

[PARKING & ACCESS VIOLATIONS]
5. Not visible
6. Not visible
7. Not visible

[SUSPICIOUS VEHICLE BEHAVIOR]
8. Not visible
9. Not visible
10. Not visible

[VEHICLE IDENTIFICATION]
11. Not visible
12. Not visible
13. Not visible

[PEDESTRIAN & CHILD SAFETY]
14. Not visible
15. Not visible
16. Not visible
17. Not visible"
20260604T134116Z,LP_Farmers_Market_Restroom_3_20260602T104500.jpg,,,dataset_20260603_063335/LP_Farmers_Market_Restroom_3/LP_Farmers_Market_Restroom_3_20260602T104500.jpg,vehicle_prompts,done,2026-06-04T13:59:48.741768+00:00,0.04,0.687,0.73,,nvidia/cosmos-reason2-8b,"[GENERAL VEHICLE SAFETY]
1. Not visible
2. Not visible

[COLLISIONS & NEAR MISSES]
3. Not visible
4. Not visible

[PARKING & ACCESS VIOLATIONS]
5. Not visible
6. Not visible
7. Not visible

[SUSPICIOUS VEHICLE BEHAVIOR]
8. Not visible
9. Not visible
10. Not visible

[VEHICLE IDENTIFICATION]
11. Not visible
12. Not visible
13. Not visible

[PEDESTRIAN & CHILD SAFETY]
14. Not visible
15. Not visible
16. Not visible
17. Not visible"
20260604T134116Z,LP_Farmers_Market_Restroom_3_20260602T110000.jpg,,,dataset_20260603_063335/LP_Farmers_Market_Restroom_3/LP_Farmers_Market_Restroom_3_20260602T110000.jpg,vehicle_prompts,done,2026-06-04T13:59:48.971077+00:00,0.048,0.663,0.715,,nvidia/cosmos-reason2-8b,"[GENERAL VEHICLE SAFETY]
1. Not visible
2. Not visible

[COLLISIONS & NEAR MISSES]
3. Not visible
4. Not visible

[PARKING & ACCESS VIOLATIONS]
5. Not visible
6. Not visible
7. Not visible

[SUSPICIOUS VEHICLE BEHAVIOR]
8. Not visible
9. Not visible
10. Not visible

[VEHICLE IDENTIFICATION]
11. Not visible
12. Not visible
13. Not visible

[PEDESTRIAN & CHILD SAFETY]
14. Not visible
15. Not visible
16. Not visible
17. Not visible"
20260604T134116Z,LP_Farmers_Market_Restroom_3_20260602T111500.jpg,,,dataset_20260603_063335/LP_Farmers_Market_Restroom_3/LP_Farmers_Market_Restroom_3_20260602T111500.jpg,vehicle_prompts,done,2026-06-04T13:59:49.113425+00:00,0.039,0.781,0.824,,nvidia/cosmos-reason2-8b,"[GENERAL VEHICLE SAFETY]
1. Not visible
2. Not visible

[COLLISIONS & NEAR MISSES]
3. Not visible
4. Not visible

[PARKING & ACCESS VIOLATIONS]
5. Not visible
6. Not visible
7. Not visible

[SUSPICIOUS VEHICLE BEHAVIOR]
8. Not visible
9. Not visible
10. Not visible

[VEHICLE IDENTIFICATION]
11. Not visible
12. Not visible
13. Not visible

[PEDESTRIAN & CHILD SAFETY]
14. Not visible
15. Not visible
16. Not visible
17. Not visible"
20260604T134116Z,LP_Farmers_Market_Restroom_3_20260602T113000.jpg,,,dataset_20260603_063335/LP_Farmers_Market_Restroom_3/LP_Farmers_Market_Restroom_3_20260602T113000.jpg,vehicle_prompts,done,2026-06-04T13:59:49.317575+00:00,0.058,0.785,0.858,,nvidia/cosmos-reason2-8b,"### [GENERAL VEHICLE SAFETY]
1. Not visible
2. Not visible

### [COLLISIONS & NEAR MISSES]
3. Not visible
4. Not visible

### [PARKING & ACCESS VIOLATIONS]
5. Not visible
6. Not visible
7. Not visible

### [SUSPICIOUS VEHICLE BEHAVIOR]
8. Not visible
9. Not visible
10. Not visible

### [VEHICLE IDENTIFICATION]
11. Not visible
12. Not visible
13. Not visible

### [PEDESTRIAN & CHILD SAFETY]
14. Not visible
15. Not visible
16. Not visible
17. Not visible"
20260604T134116Z,LP_Farmers_Market_Restroom_3_20260602T114500.jpg,,,dataset_20260603_063335/LP_Farmers_Market_Restroom_3/LP_Farmers_Market_Restroom_3_20260602T114500.jpg,vehicle_prompts,done,2026-06-04T13:59:49.474205+00:00,0.046,0.716,0.764,,nvidia/cosmos-reason2-8b,"### [GENERAL VEHICLE SAFETY]
1. Not visible
2. Not visible

### [COLLISIONS & NEAR MISSES]
3. Not visible
4. Not visible

### [PARKING & ACCESS VIOLATIONS]
5. Not visible
6. Not visible
7. Not visible

### [SUSPICIOUS VEHICLE BEHAVIOR]
8. Not visible
9. Not visible
10. Not visible

### [VEHICLE IDENTIFICATION]
11. Not visible
12. Not visible
13. Not visible

### [PEDESTRIAN & CHILD SAFETY]
14. Not visible
15. Not visible
16. Not visible
17. Not visible"
20260604T134116Z,LP_Farmers_Market_Restroom_3_20260602T120000.jpg,,,dataset_20260603_063335/LP_Farmers_Market_Restroom_3/LP_Farmers_Market_Restroom_3_20260602T120000.jpg,vehicle_prompts,done,2026-06-04T13:59:49.688764+00:00,0.047,0.71,0.761,,nvidia/cosmos-reason2-8b,"[GENERAL VEHICLE SAFETY]
1. Not visible
2. Not visible

[COLLISIONS & NEAR MISSES]
3. Not visible
4. Not visible

[PARKING & ACCESS VIOLATIONS]
5. Not visible
6. Not visible
7. Not visible

[SUSPICIOUS VEHICLE BEHAVIOR]
8. Not visible
9. Not visible
10. Not visible

[VEHICLE IDENTIFICATION]
11. Not visible
12. Not visible
13. Not visible

[PEDESTRIAN & CHILD SAFETY]
14. Not visible
15. Not visible
16. Not visible
17. Not visible"
20260604T134116Z,LP_Farmers_Market_Restroom_3_20260602T121500.jpg,,,dataset_20260603_063335/LP_Farmers_Market_Restroom_3/LP_Farmers_Market_Restroom_3_20260602T121500.jpg,vehicle_prompts,done,2026-06-04T13:59:49.940355+00:00,0.053,0.653,0.709,,nvidia/cosmos-reason2-8b,"### [GENERAL VEHICLE SAFETY]
1. Not visible
2. Not visible

### [COLLISIONS & NEAR MISSES]
3. Not visible
4. Not visible

### [PARKING & ACCESS VIOLATIONS]
5. Not visible
6. Not visible
7. Not visible

### [SUSPICIOUS VEHICLE BEHAVIOR]
8. Not visible
9. Not visible
10. Not visible

### [VEHICLE IDENTIFICATION]
11. Not visible
12. Not visible
13. Not visible

### [PEDESTRIAN & CHILD SAFETY]
14. Not visible
15. Not visible
16. Not visible
17. Not visible"
20260604T134116Z,LP_Farmers_Market_Restroom_3_20260602T123000.jpg,,,dataset_20260603_063335/LP_Farmers_Market_Restroom_3/LP_Farmers_Market_Restroom_3_20260602T123000.jpg,vehicle_prompts,done,2026-06-04T13:59:50.177905+00:00,0.046,0.709,0.759,,nvidia/cosmos-reason2-8b,"[GENERAL VEHICLE SAFETY]
1. Not visible
2. Not visible

[COLLISIONS & NEAR MISSES]
3. Not visible
4. Not visible

[PARKING & ACCESS VIOLATIONS]
5. Not visible
6. Not visible
7. Not visible

[SUSPICIOUS VEHICLE BEHAVIOR]
8. Not visible
9. Not visible
10. Not visible

[VEHICLE IDENTIFICATION]
11. Not visible
12. Not visible
13. Not visible

[PEDESTRIAN & CHILD SAFETY]
14. Not visible
15. Not visible
16. Not visible
17. Not visible"
20260604T134116Z,LP_Farmers_Market_Restroom_3_20260602T124500.jpg,,,dataset_20260603_063335/LP_Farmers_Market_Restroom_3/LP_Farmers_Market_Restroom_3_20260602T124500.jpg,vehicle_prompts,done,2026-06-04T13:59:50.240735+00:00,0.041,0.819,0.863,,nvidia/cosmos-reason2-8b,"### [GENERAL VEHICLE SAFETY]
1. Not visible
2. Not visible

### [COLLISIONS & NEAR MISSES]
3. Not visible
4. Not visible

### [PARKING & ACCESS VIOLATIONS]
5. Not visible
6. Not visible
7. Not visible

### [SUSPICIOUS VEHICLE BEHAVIOR]
8. Not visible
9. Not visible
10. Not visible

### [VEHICLE IDENTIFICATION]
11. Not visible
12. Not visible
13. Not visible

### [PEDESTRIAN & CHILD SAFETY]
14. Not visible
15. Not visible
16. Not visible
17. Not visible"
20260604T134116Z,LP_Farmers_Market_Restroom_3_20260602T130000.jpg,,,dataset_20260603_063335/LP_Farmers_Market_Restroom_3/LP_Farmers_Market_Restroom_3_20260602T130000.jpg,vehicle_prompts,done,2026-06-04T13:59:50.452667+00:00,0.048,0.807,0.858,,nvidia/cosmos-reason2-8b,"[GENERAL VEHICLE SAFETY]
1. Not visible
2. Not visible

[COLLISIONS & NEAR MISSES]
3. Not visible
4. Not visible

[PARKING & ACCESS VIOLATIONS]
5. Not visible
6. Not visible
7. Not visible

[SUSPICIOUS VEHICLE BEHAVIOR]
8. Not visible
9. Not visible
10. Not visible

[VEHICLE IDENTIFICATION]
11. Not visible
12. Not visible
13. Not visible

[PEDESTRIAN & CHILD SAFETY]
14. Not visible
15. Not visible
16. Not visible
17. Not visible"
20260604T134116Z,LP_Farmers_Market_Restroom_3_20260602T131500.jpg,,,dataset_20260603_063335/LP_Farmers_Market_Restroom_3/LP_Farmers_Market_Restroom_3_20260602T131500.jpg,vehicle_prompts,done,2026-06-04T13:59:50.652037+00:00,0.052,0.868,0.922,,nvidia/cosmos-reason2-8b,"[date: 2024-04-12, time: 12:00:00]

[GENERAL VEHICLE SAFETY]
1. Not visible
2. Not visible

[COLLISIONS & NEAR MISSES]
3. Not visible
4. Not visible

[PARKING & ACCESS VIOLATIONS]
5. Not visible
6. Not visible
7. Not visible

[SUSPICIOUS VEHICLE BEHAVIOR]
8. Not visible
9. Not visible
10. Not visible

[VEHICLE IDENTIFICATION]
11. Not visible
12. Not visible
13. Not visible

[PEDESTRIAN & CHILD SAFETY]
14. Not visible
15. Not visible
16. Not visible
17. Not visible"
20260604T134116Z,LP_Farmers_Market_Restroom_3_20260602T133000.jpg,,,dataset_20260603_063335/LP_Farmers_Market_Restroom_3/LP_Farmers_Market_Restroom_3_20260602T133000.jpg,vehicle_prompts,done,2026-06-04T13:59:50.940500+00:00,0.054,0.676,0.732,,nvidia/cosmos-reason2-8b,"[GENERAL VEHICLE SAFETY]
1. Not visible
2. Not visible

[COLLISIONS & NEAR MISSES]
3. Not visible
4. Not visible

[PARKING & ACCESS VIOLATIONS]
5. Not visible
6. Not visible
7. Not visible

[SUSPICIOUS VEHICLE BEHAVIOR]
8. Not visible
9. Not visible
10. Not visible

[VEHICLE IDENTIFICATION]
11. Not visible
12. Not visible
13. Not visible

[PEDESTRIAN & CHILD SAFETY]
14. Not visible
15. Not visible
16. Not visible
17. Not visible"
20260604T134116Z,LP_Farmers_Market_Restroom_3_20260602T134500.jpg,,,dataset_20260603_063335/LP_Farmers_Market_Restroom_3/LP_Farmers_Market_Restroom_3_20260602T134500.jpg,vehicle_prompts,done,2026-06-04T13:59:51.106365+00:00,0.041,0.774,0.818,,nvidia/cosmos-reason2-8b,"[date] [time]
[GENERAL VEHICLE SAFETY]
1. Not visible
2. Not visible

[COLLISIONS & NEAR MISSES]
3. Not visible
4. Not visible

[PARKING & ACCESS VIOLATIONS]
5. Not visible
6. Not visible
7. Not visible

[SUSPICIOUS VEHICLE BEHAVIOR]
8. Not visible
9. Not visible
10. Not visible

[VEHICLE IDENTIFICATION]
11. Not visible
12. Not visible
13. Not visible

[PEDESTRIAN & CHILD SAFETY]
14. Not visible
15. Not visible
16. Not visible
17. Not visible"
20260604T134116Z,LP_Farmers_Market_Restroom_3_20260602T140000.jpg,,,dataset_20260603_063335/LP_Farmers_Market_Restroom_3/LP_Farmers_Market_Restroom_3_20260602T140000.jpg,vehicle_prompts,done,2026-06-04T13:59:51.312974+00:00,0.037,0.753,0.792,,nvidia/cosmos-reason2-8b,"[GENERAL VEHICLE SAFETY]
1. Not visible
2. Not visible

[COLLISIONS & NEAR MISSES]
3. Not visible
4. Not visible

[PARKING & ACCESS VIOLATIONS]
5. Not visible
6. Not visible
7. Not visible

[SUSPICIOUS VEHICLE BEHAVIOR]
8. Not visible
9. Not visible
10. Not visible

[VEHICLE IDENTIFICATION]
11. Not visible
12. Not visible
13. Not visible

[PEDESTRIAN & CHILD SAFETY]
14. Not visible
15. Not visible
16. Not visible
17. Not visible"
20260604T134116Z,LP_Farmers_Market_Restroom_3_20260602T141500.jpg,,,dataset_20260603_063335/LP_Farmers_Market_Restroom_3/LP_Farmers_Market_Restroom_3_20260602T141500.jpg,vehicle_prompts,done,2026-06-04T13:59:51.577157+00:00,0.045,0.741,0.789,,nvidia/cosmos-reason2-8b,"[GENERAL VEHICLE SAFETY]
1. Not visible
2. Not visible

[COLLISIONS & NEAR MISSES]
3. Not visible
4. Not visible

[PARKING & ACCESS VIOLATIONS]
5. Not visible
6. Not visible
7. Not visible

[SUSPICIOUS VEHICLE BEHAVIOR]
8. Not visible
9. Not visible
10. Not visible

[VEHICLE IDENTIFICATION]
11. Not visible
12. Not visible
13. Not visible

[PEDESTRIAN & CHILD SAFETY]
14. Not visible
15. Not visible
16. Not visible
17. Not visible"
20260604T134116Z,LP_Farmers_Market_Restroom_3_20260602T143000.jpg,,,dataset_20260603_063335/LP_Farmers_Market_Restroom_3/LP_Farmers_Market_Restroom_3_20260602T143000.jpg,vehicle_prompts,done,2026-06-04T13:59:51.674760+00:00,0.046,0.771,0.819,,nvidia/cosmos-reason2-8b,"[GENERAL VEHICLE SAFETY]
1. Not visible
2. Not visible

[COLLISIONS & NEAR MISSES]
3. Not visible
4. Not visible

[PARKING & ACCESS VIOLATIONS]
5. Not visible
6. Not visible
7. Not visible

[SUSPICIOUS VEHICLE BEHAVIOR]
8. Not visible
9. Not visible
10. Not visible

[VEHICLE IDENTIFICATION]
11. Not visible
12. Not visible
13. Not visible

[PEDESTRIAN & CHILD SAFETY]
14. Not visible
15. Not visible
16. Not visible
17. Not visible"
20260604T134116Z,LP_Farmers_Market_Restroom_3_20260602T144500.jpg,,,dataset_20260603_063335/LP_Farmers_Market_Restroom_3/LP_Farmers_Market_Restroom_3_20260602T144500.jpg,vehicle_prompts,done,2026-06-04T13:59:51.927084+00:00,0.045,0.737,0.784,,nvidia/cosmos-reason2-8b,"[GENERAL VEHICLE SAFETY]
1. Not visible
2. Not visible

[COLLISIONS & NEAR MISSES]
3. Not visible
4. Not visible

[PARKING & ACCESS VIOLATIONS]
5. Not visible
6. Not visible
7. Not visible

[SUSPICIOUS VEHICLE BEHAVIOR]
8. Not visible
9. Not visible
10. Not visible

[VEHICLE IDENTIFICATION]
11. Not visible
12. Not visible
13. Not visible

[PEDESTRIAN & CHILD SAFETY]
14. Not visible
15. Not visible
16. Not visible
17. Not visible"
20260604T134116Z,LP_Farmers_Market_Restroom_3_20260602T150000.jpg,,,dataset_20260603_063335/LP_Farmers_Market_Restroom_3/LP_Farmers_Market_Restroom_3_20260602T150000.jpg,vehicle_prompts,done,2026-06-04T13:59:52.107799+00:00,0.04,0.744,0.788,,nvidia/cosmos-reason2-8b,"[GENERAL VEHICLE SAFETY]
1. Not visible
2. Not visible

[COLLISIONS & NEAR MISSES]
3. Not visible
4. Not visible

[PARKING & ACCESS VIOLATIONS]
5. Not visible
6. Not visible
7. Not visible

[SUSPICIOUS VEHICLE BEHAVIOR]
8. Not visible
9. Not visible
10. Not visible

[VEHICLE IDENTIFICATION]
11. Not visible
12. Not visible
13. Not visible

[PEDESTRIAN & CHILD SAFETY]
14. Not visible
15. Not visible
16. Not visible
17. Not visible"
20260604T134116Z,LP_Farmers_Market_Restroom_3_20260602T151500.jpg,,,dataset_20260603_063335/LP_Farmers_Market_Restroom_3/LP_Farmers_Market_Restroom_3_20260602T151500.jpg,vehicle_prompts,done,2026-06-04T13:59:52.369235+00:00,0.047,0.749,0.798,,nvidia/cosmos-reason2-8b,"[GENERAL VEHICLE SAFETY]
1. Not visible
2. Not visible

[COLLISIONS & NEAR MISSES]
3. Not visible
4. Not visible

[PARKING & ACCESS VIOLATIONS]
5. Not visible
6. Not visible
7. Not visible

[SUSPICIOUS VEHICLE BEHAVIOR]
8. Not visible
9. Not visible
10. Not visible

[VEHICLE IDENTIFICATION]
11. Not visible
12. Not visible
13. Not visible

[PEDESTRIAN & CHILD SAFETY]
14. Not visible
15. Not visible
16. Not visible
17. Not visible"
20260604T134116Z,LP_Farmers_Market_Restroom_3_20260602T153000.jpg,,,dataset_20260603_063335/LP_Farmers_Market_Restroom_3/LP_Farmers_Market_Restroom_3_20260602T153000.jpg,vehicle_prompts,done,2026-06-04T13:59:52.496363+00:00,0.049,0.731,0.783,,nvidia/cosmos-reason2-8b,"[GENERAL VEHICLE SAFETY]
1. Not visible
2. Not visible

[COLLISIONS & NEAR MISSES]
3. Not visible
4. Not visible

[PARKING & ACCESS VIOLATIONS]
5. Not visible
6. Not visible
7. Not visible

[SUSPICIOUS VEHICLE BEHAVIOR]
8. Not visible
9. Not visible
10. Not visible

[VEHICLE IDENTIFICATION]
11. Not visible
12. Not visible
13. Not visible

[PEDESTRIAN & CHILD SAFETY]
14. Not visible
15. Not visible
16. Not visible
17. Not visible"
20260604T134116Z,LP_Farmers_Market_Restroom_3_20260602T154500.jpg,,,dataset_20260603_063335/LP_Farmers_Market_Restroom_3/LP_Farmers_Market_Restroom_3_20260602T154500.jpg,vehicle_prompts,done,2026-06-04T13:59:52.713827+00:00,0.047,0.759,0.808,,nvidia/cosmos-reason2-8b,"[GENERAL VEHICLE SAFETY]
1. Not visible
2. Not visible

[COLLISIONS & NEAR MISSES]
3. Not visible
4. Not visible

[PARKING & ACCESS VIOLATIONS]
5. Not visible
6. Not visible
7. Not visible

[SUSPICIOUS VEHICLE BEHAVIOR]
8. Not visible
9. Not visible
10. Not visible

[VEHICLE IDENTIFICATION]
11. Not visible
12. Not visible
13. Not visible

[PEDESTRIAN & CHILD SAFETY]
14. Not visible
15. Not visible
16. Not visible
17. Not visible"
20260604T134116Z,LP_Farmers_Market_Restroom_3_20260602T160000.jpg,,,dataset_20260603_063335/LP_Farmers_Market_Restroom_3/LP_Farmers_Market_Restroom_3_20260602T160000.jpg,vehicle_prompts,done,2026-06-04T13:59:52.898040+00:00,0.042,0.722,0.766,,nvidia/cosmos-reason2-8b,"[GENERAL VEHICLE SAFETY]
1. Not visible
2. Not visible

[COLLISIONS & NEAR MISSES]
3. Not visible
4. Not visible

[PARKING & ACCESS VIOLATIONS]
5. Not visible
6. Not visible
7. Not visible

[SUSPICIOUS VEHICLE BEHAVIOR]
8. Not visible
9. Not visible
10. Not visible

[VEHICLE IDENTIFICATION]
11. Not visible
12. Not visible
13. Not visible

[PEDESTRIAN & CHILD SAFETY]
14. Not visible
15. Not visible
16. Not visible
17. Not visible"
20260604T134116Z,LP_Farmers_Market_Restroom_3_20260602T161500.jpg,,,dataset_20260603_063335/LP_Farmers_Market_Restroom_3/LP_Farmers_Market_Restroom_3_20260602T161500.jpg,vehicle_prompts,done,2026-06-04T13:59:53.169608+00:00,0.05,0.701,0.754,,nvidia/cosmos-reason2-8b,"[GENERAL VEHICLE SAFETY]
1. Not visible
2. Not visible

[COLLISIONS & NEAR MISSES]
3. Not visible
4. Not visible

[PARKING & ACCESS VIOLATIONS]
5. Not visible
6. Not visible
7. Not visible

[SUSPICIOUS VEHICLE BEHAVIOR]
8. Not visible
9. Not visible
10. Not visible

[VEHICLE IDENTIFICATION]
11. Not visible
12. Not visible
13. Not visible

[PEDESTRIAN & CHILD SAFETY]
14. Not visible
15. Not visible
16. Not visible
17. Not visible"
20260604T134116Z,LP_Farmers_Market_Restroom_3_20260602T163000.jpg,,,dataset_20260603_063335/LP_Farmers_Market_Restroom_3/LP_Farmers_Market_Restroom_3_20260602T163000.jpg,vehicle_prompts,done,2026-06-04T13:59:53.281904+00:00,0.047,0.755,0.805,,nvidia/cosmos-reason2-8b,"[GENERAL VEHICLE SAFETY]
1. Not visible
2. Not visible

[COLLISIONS & NEAR MISSES]
3. Not visible
4. Not visible

[PARKING & ACCESS VIOLATIONS]
5. Not visible
6. Not visible
7. Not visible

[SUSPICIOUS VEHICLE BEHAVIOR]
8. Not visible
9. Not visible
10. Not visible

[VEHICLE IDENTIFICATION]
11. Not visible
12. Not visible
13. Not visible

[PEDESTRIAN & CHILD SAFETY]
14. Not visible
15. Not visible
16. Not visible
17. Not visible"
20260604T134116Z,LP_Farmers_Market_Restroom_3_20260602T164500.jpg,,,dataset_20260603_063335/LP_Farmers_Market_Restroom_3/LP_Farmers_Market_Restroom_3_20260602T164500.jpg,vehicle_prompts,done,2026-06-04T13:59:53.524855+00:00,0.05,0.68,0.733,,nvidia/cosmos-reason2-8b,"### [GENERAL VEHICLE SAFETY]
1. Not visible
2. Not visible

### [COLLISIONS & NEAR MISSES]
3. Not visible
4. Not visible

### [PARKING & ACCESS VIOLATIONS]
5. Not visible
6. Not visible
7. Not visible

### [SUSPICIOUS VEHICLE BEHAVIOR]
8. Not visible
9. Not visible
10. Not visible

### [VEHICLE IDENTIFICATION]
11. Not visible
12. Not visible
13. Not visible

### [PEDESTRIAN & CHILD SAFETY]
14. Not visible
15. Not visible
16. Not visible
17. Not visible"
20260604T134116Z,LP_Farmers_Market_Restroom_3_20260602T170000.jpg,,,dataset_20260603_063335/LP_Farmers_Market_Restroom_3/LP_Farmers_Market_Restroom_3_20260602T170000.jpg,vehicle_prompts,done,2026-06-04T13:59:53.667308+00:00,0.042,0.725,0.769,,nvidia/cosmos-reason2-8b,"[GENERAL VEHICLE SAFETY]
1. Not visible
2. Not visible

[COLLISIONS & NEAR MISSES]
3. Not visible
4. Not visible

[PARKING & ACCESS VIOLATIONS]
5. Not visible
6. Not visible
7. Not visible

[SUSPICIOUS VEHICLE BEHAVIOR]
8. Not visible
9. Not visible
10. Not visible

[VEHICLE IDENTIFICATION]
11. Not visible
12. Not visible
13. Not visible

[PEDESTRIAN & CHILD SAFETY]
14. Not visible
15. Not visible
16. Not visible
17. Not visible"
20260604T134116Z,LP_Farmers_Market_Restroom_3_20260602T171500.jpg,,,dataset_20260603_063335/LP_Farmers_Market_Restroom_3/LP_Farmers_Market_Restroom_3_20260602T171500.jpg,vehicle_prompts,done,2026-06-04T13:59:53.927219+00:00,0.044,0.639,0.686,,nvidia/cosmos-reason2-8b,"[date]

[GENERAL VEHICLE SAFETY]
1. Not visible
2. Not visible

[COLLISIONS & NEAR MISSES]
3. Not visible
4. Not visible

[PARKING & ACCESS VIOLATIONS]
5. Not visible
6. Not visible
7. Not visible

[SUSPICIOUS VEHICLE BEHAVIOR]
8. Not visible
9. Not visible
10. Not visible

[VEHICLE IDENTIFICATION]
11. Not visible
12. Not visible
13. Not visible

[PEDESTRIAN & CHILD SAFETY]
14. Not visible
15. Not visible
16. Not visible
17. Not visible"
20260604T134116Z,LP_Farmers_Market_Restroom_3_20260602T173000.jpg,,,dataset_20260603_063335/LP_Farmers_Market_Restroom_3/LP_Farmers_Market_Restroom_3_20260602T173000.jpg,vehicle_prompts,done,2026-06-04T13:59:54.089611+00:00,0.041,0.721,0.764,,nvidia/cosmos-reason2-8b,"[GENERAL VEHICLE SAFETY]
1. Not visible
2. Not visible

[COLLISIONS & NEAR MISSES]
3. Not visible
4. Not visible

[PARKING & ACCESS VIOLATIONS]
5. Not visible
6. Not visible
7. Not visible

[SUSPICIOUS VEHICLE BEHAVIOR]
8. Not visible
9. Not visible
10. Not visible

[VEHICLE IDENTIFICATION]
11. Not visible
12. Not visible
13. Not visible

[PEDESTRIAN & CHILD SAFETY]
14. Not visible
15. Not visible
16. Not visible
17. Not visible"
20260604T134116Z,LP_Farmers_Market_Restroom_3_20260602T174500.jpg,,,dataset_20260603_063335/LP_Farmers_Market_Restroom_3/LP_Farmers_Market_Restroom_3_20260602T174500.jpg,vehicle_prompts,done,2026-06-04T13:59:54.260672+00:00,0.039,0.718,0.76,,nvidia/cosmos-reason2-8b,"### [GENERAL VEHICLE SAFETY]
1. Not visible
2. Not visible

### [COLLISIONS & NEAR MISSES]
3. Not visible
4. Not visible

### [PARKING & ACCESS VIOLATIONS]
5. Not visible
6. Not visible
7. Not visible

### [SUSPICIOUS VEHICLE BEHAVIOR]
8. Not visible
9. Not visible
10. Not visible

### [VEHICLE IDENTIFICATION]
11. Not visible
12. Not visible
13. Not visible

### [PEDESTRIAN & CHILD SAFETY]
14. Not visible
15. Not visible
16. Not visible
17. Not visible"
20260604T134116Z,LP_Farmers_Market_Restroom_3_20260602T180000.jpg,,,dataset_20260603_063335/LP_Farmers_Market_Restroom_3/LP_Farmers_Market_Restroom_3_20260602T180000.jpg,vehicle_prompts,done,2026-06-04T13:59:54.438867+00:00,0.047,0.659,0.709,,nvidia/cosmos-reason2-8b,"[GENERAL VEHICLE SAFETY]
1. Not visible
2. Not visible

[COLLISIONS & NEAR MISSES]
3. Not visible
4. Not visible

[PARKING & ACCESS VIOLATIONS]
5. Not visible
6. Not visible
7. Not visible

[SUSPICIOUS VEHICLE BEHAVIOR]
8. Not visible
9. Not visible
10. Not visible

[VEHICLE IDENTIFICATION]
11. Not visible
12. Not visible
13. Not visible

[PEDESTRIAN & CHILD SAFETY]
14. Not visible
15. Not visible
16. Not visible
17. Not visible"
20260604T134116Z,LP_Farmers_Market_Restroom_3_20260602T181500.jpg,,,dataset_20260603_063335/LP_Farmers_Market_Restroom_3/LP_Farmers_Market_Restroom_3_20260602T181500.jpg,vehicle_prompts,done,2026-06-04T13:59:54.615965+00:00,0.046,0.706,0.757,,nvidia/cosmos-reason2-8b,"[GENERAL VEHICLE SAFETY]
1. Not visible
2. Not visible

[COLLISIONS & NEAR MISSES]
3. Not visible
4. Not visible

[PARKING & ACCESS VIOLATIONS]
5. Not visible
6. Not visible
7. Not visible

[SUSPICIOUS VEHICLE BEHAVIOR]
8. Not visible
9. Not visible
10. Not visible

[VEHICLE IDENTIFICATION]
11. Not visible
12. Not visible
13. Not visible

[PEDESTRIAN & CHILD SAFETY]
14. Not visible
15. Not visible
16. Not visible
17. Not visible"
20260604T134116Z,LP_Farmers_Market_Restroom_3_20260602T183000.jpg,,,dataset_20260603_063335/LP_Farmers_Market_Restroom_3/LP_Farmers_Market_Restroom_3_20260602T183000.jpg,vehicle_prompts,done,2026-06-04T13:59:54.856796+00:00,0.051,0.648,0.703,,nvidia/cosmos-reason2-8b,"### [GENERAL VEHICLE SAFETY]
1. Not visible
2. Not visible

### [COLLISIONS & NEAR MISSES]
3. Not visible
4. Not visible

### [PARKING & ACCESS VIOLATIONS]
5. Not visible
6. Not visible
7. Not visible

### [SUSPICIOUS VEHICLE BEHAVIOR]
8. Not visible
9. Not visible
10. Not visible

### [VEHICLE IDENTIFICATION]
11. Not visible
12. Not visible
13. Not visible

### [PEDESTRIAN & CHILD SAFETY]
14. Not visible
15. Not visible
16. Not visible
17. Not visible"
20260604T134116Z,LP_Farmers_Market_Restroom_3_20260602T184500.jpg,,,dataset_20260603_063335/LP_Farmers_Market_Restroom_3/LP_Farmers_Market_Restroom_3_20260602T184500.jpg,vehicle_prompts,done,2026-06-04T13:59:55.023241+00:00,0.052,0.666,0.721,,nvidia/cosmos-reason2-8b,"[GENERAL VEHICLE SAFETY]
1. Not visible
2. Not visible

[COLLISIONS & NEAR MISSES]
3. Not visible
4. Not visible

[PARKING & ACCESS VIOLATIONS]
5. Not visible
6. Not visible
7. Not visible

[SUSPICIOUS VEHICLE BEHAVIOR]
8. Not visible
9. Not visible
10. Not visible

[VEHICLE IDENTIFICATION]
11. Not visible
12. Not visible
13. Not visible

[PEDESTRIAN & CHILD SAFETY]
14. Not visible
15. Not visible
16. Not visible
17. Not visible"
20260604T134116Z,LP_Farmers_Market_Restroom_3_20260602T190000.jpg,,,dataset_20260603_063335/LP_Farmers_Market_Restroom_3/LP_Farmers_Market_Restroom_3_20260602T190000.jpg,vehicle_prompts,done,2026-06-04T13:59:55.151083+00:00,0.047,0.717,0.767,,nvidia/cosmos-reason2-8b,"[GENERAL VEHICLE SAFETY]
1. Not visible
2. Not visible

[COLLISIONS & NEAR MISSES]
3. Not visible
4. Not visible

[PARKING & ACCESS VIOLATIONS]
5. Not visible
6. Not visible
7. Not visible

[SUSPICIOUS VEHICLE BEHAVIOR]
8. Not visible
9. Not visible
10. Not visible

[VEHICLE IDENTIFICATION]
11. Not visible
12. Not visible
13. Not visible

[PEDESTRIAN & CHILD SAFETY]
14. Not visible
15. Not visible
16. Not visible
17. Not visible"
20260604T134116Z,LP_Farmers_Market_Restroom_3_20260602T191500.jpg,,,dataset_20260603_063335/LP_Farmers_Market_Restroom_3/LP_Farmers_Market_Restroom_3_20260602T191500.jpg,vehicle_prompts,done,2026-06-04T13:59:55.375830+00:00,0.051,0.703,0.756,,nvidia/cosmos-reason2-8b,"[date]

[GENERAL VEHICLE SAFETY]
1. Not visible
2. Not visible

[COLLISIONS & NEAR MISSES]
3. Not visible
4. Not visible

[PARKING & ACCESS VIOLATIONS]
5. Not visible
6. Not visible
7. Not visible

[SUSPICIOUS VEHICLE BEHAVIOR]
8. Not visible
9. Not visible
10. Not visible

[VEHICLE IDENTIFICATION]
11. Not visible
12. Not visible
13. Not visible

[PEDESTRIAN & CHILD SAFETY]
14. Not visible
15. Not visible
16. Not visible
17. Not visible"
20260604T134116Z,LP_Farmers_Market_Restroom_3_20260602T193000.jpg,,,dataset_20260603_063335/LP_Farmers_Market_Restroom_3/LP_Farmers_Market_Restroom_3_20260602T193000.jpg,vehicle_prompts,done,2026-06-04T13:59:55.562529+00:00,0.051,0.723,0.777,,nvidia/cosmos-reason2-8b,"[GENERAL VEHICLE SAFETY]
1. Not visible
2. Not visible

[COLLISIONS & NEAR MISSES]
3. Not visible
4. Not visible

[PARKING & ACCESS VIOLATIONS]
5. Not visible
6. Not visible
7. Not visible

[SUSPICIOUS VEHICLE BEHAVIOR]
8. Not visible
9. Not visible
10. Not visible

[VEHICLE IDENTIFICATION]
11. Not visible
12. Not visible
13. Not visible

[PEDESTRIAN & CHILD SAFETY]
14. Not visible
15. Not visible
16. Not visible
17. Not visible"
20260604T134116Z,LP_Farmers_Market_Restroom_3_20260602T194500.jpg,,,dataset_20260603_063335/LP_Farmers_Market_Restroom_3/LP_Farmers_Market_Restroom_3_20260602T194500.jpg,vehicle_prompts,done,2026-06-04T13:59:55.746647+00:00,0.045,0.764,0.812,,nvidia/cosmos-reason2-8b,"[GENERAL VEHICLE SAFETY]
1. Not visible
2. Not visible

[COLLISIONS & NEAR MISSES]
3. Not visible
4. Not visible

[PARKING & ACCESS VIOLATIONS]
5. Not visible
6. Not visible
7. Not visible

[SUSPICIOUS VEHICLE BEHAVIOR]
8. Not visible
9. Not visible
10. Not visible

[VEHICLE IDENTIFICATION]
11. Not visible
12. Not visible
13. Not visible

[PEDESTRIAN & CHILD SAFETY]
14. Not visible
15. Not visible
16. Not visible
17. Not visible"
20260604T134116Z,LP_Farmers_Market_Restroom_3_20260602T200000.jpg,,,dataset_20260603_063335/LP_Farmers_Market_Restroom_3/LP_Farmers_Market_Restroom_3_20260602T200000.jpg,vehicle_prompts,done,2026-06-04T13:59:55.921156+00:00,0.046,0.74,0.789,,nvidia/cosmos-reason2-8b,"[GENERAL VEHICLE SAFETY]
1. Not visible
2. Not visible

[COLLISIONS & NEAR MISSES]
3. Not visible
4. Not visible

[PARKING & ACCESS VIOLATIONS]
5. Not visible
6. Not visible
7. Not visible

[SUSPICIOUS VEHICLE BEHAVIOR]
8. Not visible
9. Not visible
10. Not visible

[VEHICLE IDENTIFICATION]
11. Not visible
12. Not visible
13. Not visible

[PEDESTRIAN & CHILD SAFETY]
14. Not visible
15. Not visible
16. Not visible
17. Not visible"
20260604T134116Z,LP_Farmers_Market_Restroom_3_20260602T201500.jpg,,,dataset_20260603_063335/LP_Farmers_Market_Restroom_3/LP_Farmers_Market_Restroom_3_20260602T201500.jpg,vehicle_prompts,done,2026-06-04T13:59:56.134780+00:00,0.053,0.729,0.784,,nvidia/cosmos-reason2-8b,"[date]

[GENERAL VEHICLE SAFETY]
1. Not visible
2. Not visible

[COLLISIONS & NEAR MISSES]
3. Not visible
4. Not visible

[PARKING & ACCESS VIOLATIONS]
5. Not visible
6. Not visible
7. Not visible

[SUSPICIOUS VEHICLE BEHAVIOR]
8. Not visible
9. Not visible
10. Not visible

[VEHICLE IDENTIFICATION]
11. Not visible
12. Not visible
13. Not visible

[PEDESTRIAN & CHILD SAFETY]
14. Not visible
15. Not visible
16. Not visible
17. Not visible"
20260604T134116Z,LP_Farmers_Market_Restroom_3_20260602T203000.jpg,,,dataset_20260603_063335/LP_Farmers_Market_Restroom_3/LP_Farmers_Market_Restroom_3_20260602T203000.jpg,vehicle_prompts,done,2026-06-04T13:59:56.342920+00:00,0.052,0.741,0.796,,nvidia/cosmos-reason2-8b,"[GENERAL VEHICLE SAFETY]
1. Not visible
2. Not visible

[COLLISIONS & NEAR MISSES]
3. Not visible
4. Not visible

[PARKING & ACCESS VIOLATIONS]
5. Not visible
6. Not visible
7. Not visible

[SUSPICIOUS VEHICLE BEHAVIOR]
8. Not visible
9. Not visible
10. Not visible

[VEHICLE IDENTIFICATION]
11. Not visible
12. Not visible
13. Not visible

[PEDESTRIAN & CHILD SAFETY]
14. Not visible
15. Not visible
16. Not visible
17. Not visible"
20260604T134116Z,LP_Farmers_Market_Restroom_3_20260602T204500.jpg,,,dataset_20260603_063335/LP_Farmers_Market_Restroom_3/LP_Farmers_Market_Restroom_3_20260602T204500.jpg,vehicle_prompts,done,2026-06-04T13:59:56.560848+00:00,0.047,0.669,0.718,,nvidia/cosmos-reason2-8b,"[GENERAL VEHICLE SAFETY]
1. Not visible
2. Not visible

[COLLISIONS & NEAR MISSES]
3. Not visible
4. Not visible

[PARKING & ACCESS VIOLATIONS]
5. Not visible
6. Not visible
7. Not visible

[SUSPICIOUS VEHICLE BEHAVIOR]
8. Not visible
9. Not visible
10. Not visible

[VEHICLE IDENTIFICATION]
11. Not visible
12. Not visible
13. Not visible

[PEDESTRIAN & CHILD SAFETY]
14. Not visible
15. Not visible
16. Not visible
17. Not visible"
20260604T134116Z,LP_Farmers_Market_Restroom_3_20260602T210000.jpg,,,dataset_20260603_063335/LP_Farmers_Market_Restroom_3/LP_Farmers_Market_Restroom_3_20260602T210000.jpg,vehicle_prompts,done,2026-06-04T13:59:56.712744+00:00,0.045,0.768,0.817,,nvidia/cosmos-reason2-8b,"[date]

[GENERAL VEHICLE SAFETY]
1. Not visible
2. Not visible

[COLLISIONS & NEAR MISSES]
3. Not visible
4. Not visible

[PARKING & ACCESS VIOLATIONS]
5. Not visible
6. Not visible
7. Not visible

[SUSPICIOUS VEHICLE BEHAVIOR]
8. Not visible
9. Not visible
10. Not visible

[VEHICLE IDENTIFICATION]
11. Not visible
12. Not visible
13. Not visible

[PEDESTRIAN & CHILD SAFETY]
14. Not visible
15. Not visible
16. Not visible
17. Not visible"
20260604T134116Z,LP_Farmers_Market_Restroom_3_20260602T211500.jpg,,,dataset_20260603_063335/LP_Farmers_Market_Restroom_3/LP_Farmers_Market_Restroom_3_20260602T211500.jpg,vehicle_prompts,done,2026-06-04T13:59:56.921615+00:00,0.05,0.674,0.738,,nvidia/cosmos-reason2-8b,"[date]

[GENERAL VEHICLE SAFETY]
1. Not visible
2. Not visible

[COLLISIONS & NEAR MISSES]
3. Not visible
4. Not visible

[PARKING & ACCESS VIOLATIONS]
5. Not visible
6. Not visible
7. Not visible

[SUSPICIOUS VEHICLE BEHAVIOR]
8. Not visible
9. Not visible
10. Not visible

[VEHICLE IDENTIFICATION]
11. Not visible
12. Not visible
13. Not visible

[PEDESTRIAN & CHILD SAFETY]
14. Not visible
15. Not visible
16. Not visible
17. Not visible"
20260604T134116Z,LP_Farmers_Market_Restroom_3_20260602T213000.jpg,,,dataset_20260603_063335/LP_Farmers_Market_Restroom_3/LP_Farmers_Market_Restroom_3_20260602T213000.jpg,vehicle_prompts,done,2026-06-04T13:59:57.141817+00:00,0.055,0.689,0.747,,nvidia/cosmos-reason2-8b,"### [GENERAL VEHICLE SAFETY]
1. Not visible
2. Not visible

### [COLLISIONS & NEAR MISSES]
3. Not visible
4. Not visible

### [PARKING & ACCESS VIOLATIONS]
5. Not visible
6. Not visible
7. Not visible

### [SUSPICIOUS VEHICLE BEHAVIOR]
8. Not visible
9. Not visible
10. Not visible

### [VEHICLE IDENTIFICATION]
11. Not visible
12. Not visible
13. Not visible

### [PEDESTRIAN & CHILD SAFETY]
14. Not visible
15. Not visible
16. Not visible
17. Not visible"
20260604T134116Z,LP_Farmers_Market_Restroom_3_20260602T214500.jpg,,,dataset_20260603_063335/LP_Farmers_Market_Restroom_3/LP_Farmers_Market_Restroom_3_20260602T214500.jpg,vehicle_prompts,done,2026-06-04T13:59:57.282144+00:00,0.047,0.757,0.806,,nvidia/cosmos-reason2-8b,"### [GENERAL VEHICLE SAFETY]
1. Not visible
2. Not visible

### [COLLISIONS & NEAR MISSES]
3. Not visible
4. Not visible

### [PARKING & ACCESS VIOLATIONS]
5. Not visible
6. Not visible
7. Not visible

### [SUSPICIOUS VEHICLE BEHAVIOR]
8. Not visible
9. Not visible
10. Not visible

### [VEHICLE IDENTIFICATION]
11. Not visible
12. Not visible
13. Not visible

### [PEDESTRIAN & CHILD SAFETY]
14. Not visible
15. Not visible
16. Not visible
17. Not visible"
20260604T134116Z,LP_Farmers_Market_Restroom_3_20260602T220000.jpg,,,dataset_20260603_063335/LP_Farmers_Market_Restroom_3/LP_Farmers_Market_Restroom_3_20260602T220000.jpg,vehicle_prompts,done,2026-06-04T13:59:57.532160+00:00,0.046,0.663,0.712,,nvidia/cosmos-reason2-8b,"### [GENERAL VEHICLE SAFETY]
1. Not visible
2. Not visible

### [COLLISIONS & NEAR MISSES]
3. Not visible
4. Not visible

### [PARKING & ACCESS VIOLATIONS]
5. Not visible
6. Not visible
7. Not visible

### [SUSPICIOUS VEHICLE BEHAVIOR]
8. Not visible
9. Not visible
10. Not visible

### [VEHICLE IDENTIFICATION]
11. Not visible
12. Not visible
13. Not visible

### [PEDESTRIAN & CHILD SAFETY]
14. Not visible
15. Not visible
16. Not visible
17. Not visible"
20260604T134116Z,LP_Farmers_Market_Restroom_3_20260602T221500.jpg,,,dataset_20260603_063335/LP_Farmers_Market_Restroom_3/LP_Farmers_Market_Restroom_3_20260602T221500.jpg,vehicle_prompts,done,2026-06-04T13:59:57.662256+00:00,0.05,0.754,0.806,,nvidia/cosmos-reason2-8b,"### [GENERAL VEHICLE SAFETY]
1. Not visible
2. Not visible

### [COLLISIONS & NEAR MISSES]
3. Not visible
4. Not visible

### [PARKING & ACCESS VIOLATIONS]
5. Not visible
6. Not visible
7. Not visible

### [SUSPICIOUS VEHICLE BEHAVIOR]
8. Not visible
9. Not visible
10. Not visible

### [VEHICLE IDENTIFICATION]
11. Not visible
12. Not visible
13. Not visible

### [PEDESTRIAN & CHILD SAFETY]
14. Not visible
15. Not visible
16. Not visible
17. Not visible"
20260604T134116Z,LP_Farmers_Market_Restroom_3_20260602T223000.jpg,,,dataset_20260603_063335/LP_Farmers_Market_Restroom_3/LP_Farmers_Market_Restroom_3_20260602T223000.jpg,vehicle_prompts,done,2026-06-04T13:59:57.891455+00:00,0.052,0.676,0.731,,nvidia/cosmos-reason2-8b,"### [GENERAL VEHICLE SAFETY]
1. Not visible
2. Not visible

### [COLLISIONS & NEAR MISSES]
3. Not visible
4. Not visible

### [PARKING & ACCESS VIOLATIONS]
5. Not visible
6. Not visible
7. Not visible

### [SUSPICIOUS VEHICLE BEHAVIOR]
8. Not visible
9. Not visible
10. Not visible

### [VEHICLE IDENTIFICATION]
11. Not visible
12. Not visible
13. Not visible

### [PEDESTRIAN & CHILD SAFETY]
14. Not visible
15. Not visible
16. Not visible
17. Not visible"
20260604T134116Z,LP_Farmers_Market_Restroom_3_20260602T224500.jpg,,,dataset_20260603_063335/LP_Farmers_Market_Restroom_3/LP_Farmers_Market_Restroom_3_20260602T224500.jpg,vehicle_prompts,done,2026-06-04T13:59:58.090506+00:00,0.045,0.648,0.696,,nvidia/cosmos-reason2-8b,"[date]

[GENERAL VEHICLE SAFETY]
1. Not visible
2. Not visible

[COLLISIONS & NEAR MISSES]
3. Not visible
4. Not visible

[PARKING & ACCESS VIOLATIONS]
5. Not visible
6. Not visible
7. Not visible

[SUSPICIOUS VEHICLE BEHAVIOR]
8. Not visible
9. Not visible
10. Not visible

[VEHICLE IDENTIFICATION]
11. Not visible
12. Not visible
13. Not visible

[PEDESTRIAN & CHILD SAFETY]
14. Not visible
15. Not visible
16. Not visible
17. Not visible"
20260604T134116Z,LP_Farmers_Market_Restroom_3_20260602T230000.jpg,,,dataset_20260603_063335/LP_Farmers_Market_Restroom_3/LP_Farmers_Market_Restroom_3_20260602T230000.jpg,vehicle_prompts,done,2026-06-04T13:59:58.246836+00:00,0.048,0.696,0.747,,nvidia/cosmos-reason2-8b,"[date]

[GENERAL VEHICLE SAFETY]
1. Not visible
2. Not visible

[COLLISIONS & NEAR MISSES]
3. Not visible
4. Not visible

[PARKING & ACCESS VIOLATIONS]
5. Not visible
6. Not visible
7. Not visible

[SUSPICIOUS VEHICLE BEHAVIOR]
8. Not visible
9. Not visible
10. Not visible

[VEHICLE IDENTIFICATION]
11. Not visible
12. Not visible
13. Not visible

[PEDESTRIAN & CHILD SAFETY]
14. Not visible
15. Not visible
16. Not visible
17. Not visible"
20260604T134116Z,LP_Farmers_Market_Restroom_3_20260602T231500.jpg,,,dataset_20260603_063335/LP_Farmers_Market_Restroom_3/LP_Farmers_Market_Restroom_3_20260602T231500.jpg,vehicle_prompts,done,2026-06-04T13:59:58.471541+00:00,0.049,0.696,0.747,,nvidia/cosmos-reason2-8b,"[date]

[GENERAL VEHICLE SAFETY]
1. Not visible
2. Not visible

[COLLISIONS & NEAR MISSES]
3. Not visible
4. Not visible

[PARKING & ACCESS VIOLATIONS]
5. Not visible
6. Not visible
7. Not visible

[SUSPICIOUS VEHICLE BEHAVIOR]
8. Not visible
9. Not visible
10. Not visible

[VEHICLE IDENTIFICATION]
11. Not visible
12. Not visible
13. Not visible

[PEDESTRIAN & CHILD SAFETY]
14. Not visible
15. Not visible
16. Not visible
17. Not visible"
20260604T134116Z,LP_Farmers_Market_Restroom_3_20260602T233000.jpg,,,dataset_20260603_063335/LP_Farmers_Market_Restroom_3/LP_Farmers_Market_Restroom_3_20260602T233000.jpg,vehicle_prompts,done,2026-06-04T13:59:58.624761+00:00,0.05,0.703,0.755,,nvidia/cosmos-reason2-8b,"[date]

[GENERAL VEHICLE SAFETY]
1. Not visible
2. Not visible

[COLLISIONS & NEAR MISSES]
3. Not visible
4. Not visible

[PARKING & ACCESS VIOLATIONS]
5. Not visible
6. Not visible
7. Not visible

[SUSPICIOUS VEHICLE BEHAVIOR]
8. Not visible
9. Not visible
10. Not visible

[VEHICLE IDENTIFICATION]
11. Not visible
12. Not visible
13. Not visible

[PEDESTRIAN & CHILD SAFETY]
14. Not visible
15. Not visible
16. Not visible
17. Not visible
"
20260604T134116Z,LP_Farmers_Market_Restroom_3_20260602T234500.jpg,,,dataset_20260603_063335/LP_Farmers_Market_Restroom_3/LP_Farmers_Market_Restroom_3_20260602T234500.jpg,vehicle_prompts,done,2026-06-04T13:59:58.788891+00:00,0.044,0.708,0.755,,nvidia/cosmos-reason2-8b,"### [GENERAL VEHICLE SAFETY]
1. Not visible
2. Not visible

### [COLLISIONS & NEAR MISSES]
3. Not visible
4. Not visible

### [PARKING & ACCESS VIOLATIONS]
5. Not visible
6. Not visible
7. Not visible

### [SUSPICIOUS VEHICLE BEHAVIOR]
8. Not visible
9. Not visible
10. Not visible

### [VEHICLE IDENTIFICATION]
11. Not visible
12. Not visible
13. Not visible

### [PEDESTRIAN & CHILD SAFETY]
14. Not visible
15. Not visible
16. Not visible
17. Not visible"
20260604T134116Z,LP_Farmers_Market_Restroom_4_20260602T000000.jpg,,,dataset_20260603_063335/LP_Farmers_Market_Restroom_4/LP_Farmers_Market_Restroom_4_20260602T000000.jpg,vehicle_prompts,done,2026-06-04T14:00:42.033944+00:00,0.182,0.933,1.133,,nvidia/cosmos-reason2-8b,"[date]

[GENERAL VEHICLE SAFETY]
1. Not visible
2. Not visible

[COLLISIONS & NEAR MISSES]
3. Not visible
4. Not visible

[PARKING & ACCESS VIOLATIONS]
5. Not visible
6. Not visible
7. Not visible

[SUSPICIOUS VEHICLE BEHAVIOR]
8. Not visible
9. Not visible
10. Not visible

[VEHICLE IDENTIFICATION]
11. Not visible
12. Not visible
13. Not visible

[PEDESTRIAN & CHILD SAFETY]
14. Not visible
15. Not visible
16. Not visible
17. Not visible"
20260604T134116Z,LP_Farmers_Market_Restroom_4_20260602T001500.jpg,,,dataset_20260603_063335/LP_Farmers_Market_Restroom_4/LP_Farmers_Market_Restroom_4_20260602T001500.jpg,vehicle_prompts,done,2026-06-04T14:00:42.034605+00:00,0.182,1.348,1.548,,nvidia/cosmos-reason2-8b,"### [GENERAL VEHICLE SAFETY]
1. Not visible
2. Not visible

### [COLLISIONS & NEAR MISSES]
3. Not visible
4. Not visible

### [PARKING & ACCESS VIOLATIONS]
5. Not visible
6. Not visible
7. Not visible

### [SUSPICIOUS VEHICLE BEHAVIOR]
8. Not visible
9. Not visible
10. Not visible

### [VEHICLE IDENTIFICATION]
11. Not visible
12. Not visible
13. Not visible

### [PEDESTRIAN & CHILD SAFETY]
14. Not visible
15. Not visible
16. Not visible
17. Not visible"
20260604T134116Z,LP_Farmers_Market_Restroom_4_20260602T003000.jpg,,,dataset_20260603_063335/LP_Farmers_Market_Restroom_4/LP_Farmers_Market_Restroom_4_20260602T003000.jpg,vehicle_prompts,done,2026-06-04T14:00:42.035847+00:00,0.18,1.194,1.393,,nvidia/cosmos-reason2-8b,"### [GENERAL VEHICLE SAFETY]
1. Not visible
2. Not visible

### [COLLISIONS & NEAR MISSES]
3. Not visible
4. Not visible

### [PARKING & ACCESS VIOLATIONS]
5. Not visible
6. Not visible
7. Not visible

### [SUSPICIOUS VEHICLE BEHAVIOR]
8. Not visible
9. Not visible
10. Not visible

### [VEHICLE IDENTIFICATION]
11. Not visible
12. Not visible
13. Not visible

### [PEDESTRIAN & CHILD SAFETY]
14. Not visible
15. Not visible
16. Not visible
17. Not visible"
20260604T134116Z,LP_Farmers_Market_Restroom_4_20260602T004500.jpg,,,dataset_20260603_063335/LP_Farmers_Market_Restroom_4/LP_Farmers_Market_Restroom_4_20260602T004500.jpg,vehicle_prompts,done,2026-06-04T14:00:42.036343+00:00,0.18,0.987,1.184,,nvidia/cosmos-reason2-8b,"### [GENERAL VEHICLE SAFETY]
1. Not visible
2. Not visible

### [COLLISIONS & NEAR MISSES]
3. Not visible
4. Not visible

### [PARKING & ACCESS VIOLATIONS]
5. Not visible
6. Not visible
7. Not visible

### [SUSPICIOUS VEHICLE BEHAVIOR]
8. Not visible
9. Not visible
10. Not visible

### [VEHICLE IDENTIFICATION]
11. Not visible
12. Not visible
13. Not visible

### [PEDESTRIAN & CHILD SAFETY]
14. Not visible
15. Not visible
16. Not visible
17. Not visible"
20260604T134116Z,LP_Farmers_Market_Restroom_4_20260602T010000.jpg,,,dataset_20260603_063335/LP_Farmers_Market_Restroom_4/LP_Farmers_Market_Restroom_4_20260602T010000.jpg,vehicle_prompts,done,2026-06-04T14:00:43.170145+00:00,0.05,0.747,0.801,,nvidia/cosmos-reason2-8b,"[GENERAL VEHICLE SAFETY]
1. Not visible
2. Not visible

[COLLISIONS & NEAR MISSES]
3. Not visible
4. Not visible

[PARKING & ACCESS VIOLATIONS]
5. Not visible
6. Not visible
7. Not visible

[SUSPICIOUS VEHICLE BEHAVIOR]
8. Not visible
9. Not visible
10. Not visible

[VEHICLE IDENTIFICATION]
11. Not visible
12. Not visible
13. Not visible

[PEDESTRIAN & CHILD SAFETY]
14. Not visible
15. Not visible
16. Not visible
17. Not visible"
20260604T134116Z,LP_Farmers_Market_Restroom_4_20260602T011500.jpg,,,dataset_20260603_063335/LP_Farmers_Market_Restroom_4/LP_Farmers_Market_Restroom_4_20260602T011500.jpg,vehicle_prompts,done,2026-06-04T14:00:43.222763+00:00,0.05,1.389,1.442,,nvidia/cosmos-reason2-8b,"### GENERAL VEHICLE SAFETY
1. Not visible

2. Not visible

### COLLISIONS & NEAR MISSES
3. Not visible

4. Not visible

### PARKING & ACCESS VIOLATIONS
5. Not visible

6. Not visible

7. Not visible

### SUSPICIOUS VEHICLE BEHAVIOR
8. Not visible

9. Not visible

10. Not visible

### VEHICLE IDENTIFICATION
11. Not visible

12. Not visible

13. Not visible

### PEDESTRIAN & CHILD SAFETY
14. Not visible

15. Not visible

16. Not visible

17. Not visible"
20260604T134116Z,LP_Farmers_Market_Restroom_4_20260602T013000.jpg,,,dataset_20260603_063335/LP_Farmers_Market_Restroom_4/LP_Farmers_Market_Restroom_4_20260602T013000.jpg,vehicle_prompts,done,2026-06-04T14:00:43.431112+00:00,0.051,0.796,0.85,,nvidia/cosmos-reason2-8b,"### [GENERAL VEHICLE SAFETY]
1. Not visible
2. Not visible

### [COLLISIONS & NEAR MISSES]
3. Not visible
4. Not visible

### [PARKING & ACCESS VIOLATIONS]
5. Not visible
6. Not visible
7. Not visible

### [SUSPICIOUS VEHICLE BEHAVIOR]
8. Not visible
9. Not visible
10. Not visible

### [VEHICLE IDENTIFICATION]
11. Not visible
12. Not visible
13. Not visible

### [PEDESTRIAN & CHILD SAFETY]
14. Not visible
15. Not visible
16. Not visible
17. Not visible"
20260604T134116Z,LP_Farmers_Market_Restroom_4_20260602T014500.jpg,,,dataset_20260603_063335/LP_Farmers_Market_Restroom_4/LP_Farmers_Market_Restroom_4_20260602T014500.jpg,vehicle_prompts,done,2026-06-04T14:00:43.585751+00:00,0.041,0.985,1.028,,nvidia/cosmos-reason2-8b,"### [GENERAL VEHICLE SAFETY]
1. Not visible
2. Not visible

### [COLLISIONS & NEAR MISSES]
3. Not visible
4. Not visible

### [PARKING & ACCESS VIOLATIONS]
5. Not visible
6. Not visible
7. Not visible

### [SUSPICIOUS VEHICLE BEHAVIOR]
8. Not visible
9. Not visible
10. Not visible

### [VEHICLE IDENTIFICATION]
11. Not visible
12. Not visible
13. Not visible

### [PEDESTRIAN & CHILD SAFETY]
14. Not visible
15. Not visible
16. Not visible
17. Not visible"
20260604T134116Z,LP_Farmers_Market_Restroom_4_20260602T020000.jpg,,,dataset_20260603_063335/LP_Farmers_Market_Restroom_4/LP_Farmers_Market_Restroom_4_20260602T020000.jpg,vehicle_prompts,done,2026-06-04T14:00:43.973690+00:00,0.046,0.767,0.816,,nvidia/cosmos-reason2-8b,"### [GENERAL VEHICLE SAFETY]
1. Not visible
2. Not visible

### [COLLISIONS & NEAR MISSES]
3. Not visible
4. Not visible

### [PARKING & ACCESS VIOLATIONS]
5. Not visible
6. Not visible
7. Not visible

### [SUSPICIOUS VEHICLE BEHAVIOR]
8. Not visible
9. Not visible
10. Not visible

### [VEHICLE IDENTIFICATION]
11. Not visible
12. Not visible
13. Not visible

### [PEDESTRIAN & CHILD SAFETY]
14. Not visible
15. Not visible
16. Not visible
17. Not visible"
20260604T134116Z,LP_Farmers_Market_Restroom_4_20260602T021500.jpg,,,dataset_20260603_063335/LP_Farmers_Market_Restroom_4/LP_Farmers_Market_Restroom_4_20260602T021500.jpg,vehicle_prompts,done,2026-06-04T14:00:44.284401+00:00,0.043,0.737,0.782,,nvidia/cosmos-reason2-8b,"### [GENERAL VEHICLE SAFETY]
1. Not visible
2. Not visible

### [COLLISIONS & NEAR MISSES]
3. Not visible
4. Not visible

### [PARKING & ACCESS VIOLATIONS]
5. Not visible
6. Not visible
7. Not visible

### [SUSPICIOUS VEHICLE BEHAVIOR]
8. Not visible
9. Not visible
10. Not visible

### [VEHICLE IDENTIFICATION]
11. Not visible
12. Not visible
13. Not visible

### [PEDESTRIAN & CHILD SAFETY]
14. Not visible
15. Not visible
16. Not visible
17. Not visible"
20260604T134116Z,LP_Farmers_Market_Restroom_4_20260602T023000.jpg,,,dataset_20260603_063335/LP_Farmers_Market_Restroom_4/LP_Farmers_Market_Restroom_4_20260602T023000.jpg,vehicle_prompts,done,2026-06-04T14:00:44.616890+00:00,0.048,0.728,0.78,,nvidia/cosmos-reason2-8b,"### [GENERAL VEHICLE SAFETY]
1. Not visible
2. Not visible

### [COLLISIONS & NEAR MISSES]
3. Not visible
4. Not visible

### [PARKING & ACCESS VIOLATIONS]
5. Not visible
6. Not visible
7. Not visible

### [SUSPICIOUS VEHICLE BEHAVIOR]
8. Not visible
9. Not visible
10. Not visible

### [VEHICLE IDENTIFICATION]
11. Not visible
12. Not visible
13. Not visible

### [PEDESTRIAN & CHILD SAFETY]
14. Not visible
15. Not visible
16. Not visible
17. Not visible"
20260604T134116Z,LP_Farmers_Market_Restroom_4_20260602T024500.jpg,,,dataset_20260603_063335/LP_Farmers_Market_Restroom_4/LP_Farmers_Market_Restroom_4_20260602T024500.jpg,vehicle_prompts,done,2026-06-04T14:00:44.667415+00:00,0.05,0.982,1.034,,nvidia/cosmos-reason2-8b,"### [GENERAL VEHICLE SAFETY]
1. Not visible
2. Not visible

### [COLLISIONS & NEAR MISSES]
3. Not visible
4. Not visible

### [PARKING & ACCESS VIOLATIONS]
5. Not visible
6. Not visible
7. Not visible

### [SUSPICIOUS VEHICLE BEHAVIOR]
8. Not visible
9. Not visible
10. Not visible

### [VEHICLE IDENTIFICATION]
11. Not visible
12. Not visible
13. Not visible

### [PEDESTRIAN & CHILD SAFETY]
14. Not visible
15. Not visible
16. Not visible
17. Not visible"
20260604T134116Z,LP_Farmers_Market_Restroom_4_20260602T030000.jpg,,,dataset_20260603_063335/LP_Farmers_Market_Restroom_4/LP_Farmers_Market_Restroom_4_20260602T030000.jpg,vehicle_prompts,done,2026-06-04T14:00:44.791659+00:00,0.044,0.939,0.985,,nvidia/cosmos-reason2-8b,"### [GENERAL VEHICLE SAFETY]
1. Not visible
2. Not visible

### [COLLISIONS & NEAR MISSES]
3. Not visible
4. Not visible

### [PARKING & ACCESS VIOLATIONS]
5. Not visible
6. Not visible
7. Not visible

### [SUSPICIOUS VEHICLE BEHAVIOR]
8. Not visible
9. Not visible
10. Not visible

### [VEHICLE IDENTIFICATION]
11. Not visible
12. Not visible
13. Not visible

### [PEDESTRIAN & CHILD SAFETY]
14. Not visible
15. Not visible
16. Not visible
17. Not visible"
20260604T134116Z,LP_Farmers_Market_Restroom_4_20260602T031500.jpg,,,dataset_20260603_063335/LP_Farmers_Market_Restroom_4/LP_Farmers_Market_Restroom_4_20260602T031500.jpg,vehicle_prompts,done,2026-06-04T14:00:45.068980+00:00,0.05,0.892,0.944,,nvidia/cosmos-reason2-8b,"### [GENERAL VEHICLE SAFETY]
1. Not visible
2. Not visible

### [COLLISIONS & NEAR MISSES]
3. Not visible
4. Not visible

### [PARKING & ACCESS VIOLATIONS]
5. Not visible
6. Not visible
7. Not visible

### [SUSPICIOUS VEHICLE BEHAVIOR]
8. Not visible
9. Not visible
10. Not visible

### [VEHICLE IDENTIFICATION]
11. Not visible
12. Not visible
13. Not visible

### [PEDESTRIAN & CHILD SAFETY]
14. Not visible
15. Not visible
16. Not visible
17. Not visible"
20260604T134116Z,LP_Farmers_Market_Restroom_4_20260602T033000.jpg,,,dataset_20260603_063335/LP_Farmers_Market_Restroom_4/LP_Farmers_Market_Restroom_4_20260602T033000.jpg,vehicle_prompts,done,2026-06-04T14:00:45.399323+00:00,0.046,0.762,0.811,,nvidia/cosmos-reason2-8b,"### [GENERAL VEHICLE SAFETY]
1. Not visible
2. Not visible

### [COLLISIONS & NEAR MISSES]
3. Not visible
4. Not visible

### [PARKING & ACCESS VIOLATIONS]
5. Not visible
6. Not visible
7. Not visible

### [SUSPICIOUS VEHICLE BEHAVIOR]
8. Not visible
9. Not visible
10. Not visible

### [VEHICLE IDENTIFICATION]
11. Not visible
12. Not visible
13. Not visible

### [PEDESTRIAN & CHILD SAFETY]
14. Not visible
15. Not visible
16. Not visible
17. Not visible"
20260604T134116Z,LP_Farmers_Market_Restroom_4_20260602T034500.jpg,,,dataset_20260603_063335/LP_Farmers_Market_Restroom_4/LP_Farmers_Market_Restroom_4_20260602T034500.jpg,vehicle_prompts,done,2026-06-04T14:00:45.704308+00:00,0.055,0.715,0.774,,nvidia/cosmos-reason2-8b,"### GENERAL VEHICLE SAFETY
1. Not visible
2. Not visible

### COLLISIONS & NEAR MISSES
3. Not visible
4. Not visible

### PARKING & ACCESS VIOLATIONS
5. Not visible
6. Not visible
7. Not visible

### SUSPICIOUS VEHICLE BEHAVIOR
8. Not visible
9. Not visible
10. Not visible

### VEHICLE IDENTIFICATION
11. Not visible
12. Not visible
13. Not visible

### PEDESTRIAN & CHILD SAFETY
14. Not visible
15. Not visible
16. Not visible
17. Not visible"
20260604T134116Z,LP_Farmers_Market_Restroom_4_20260602T040000.jpg,,,dataset_20260603_063335/LP_Farmers_Market_Restroom_4/LP_Farmers_Market_Restroom_4_20260602T040000.jpg,vehicle_prompts,done,2026-06-04T14:00:45.779240+00:00,0.044,0.916,0.975,,nvidia/cosmos-reason2-8b,"### [GENERAL VEHICLE SAFETY]
1. Not visible
2. Not visible

### [COLLISIONS & NEAR MISSES]
3. Not visible
4. Not visible

### [PARKING & ACCESS VIOLATIONS]
5. Not visible
6. Not visible
7. Not visible

### [SUSPICIOUS VEHICLE BEHAVIOR]
8. Not visible
9. Not visible
10. Not visible

### [VEHICLE IDENTIFICATION]
11. Not visible
12. Not visible
13. Not visible

### [PEDESTRIAN & CHILD SAFETY]
14. Not visible
15. Not visible
16. Not visible
17. Not visible"
20260604T134116Z,LP_Farmers_Market_Restroom_4_20260602T041500.jpg,,,dataset_20260603_063335/LP_Farmers_Market_Restroom_4/LP_Farmers_Market_Restroom_4_20260602T041500.jpg,vehicle_prompts,done,2026-06-04T14:00:46.015942+00:00,0.045,0.748,0.796,,nvidia/cosmos-reason2-8b,"[date]

[GENERAL VEHICLE SAFETY]
1. Not visible
2. Not visible

[COLLISIONS & NEAR MISSES]
3. Not visible
4. Not visible

[PARKING & ACCESS VIOLATIONS]
5. Not visible
6. Not visible
7. Not visible

[SUSPICIOUS VEHICLE BEHAVIOR]
8. Not visible
9. Not visible
10. Not visible

[VEHICLE IDENTIFICATION]
11. Not visible
12. Not visible
13. Not visible

[PEDESTRIAN & CHILD SAFETY]
14. Not visible
15. Not visible
16. Not visible
17. Not visible"
20260604T134116Z,LP_Farmers_Market_Restroom_4_20260602T043000.jpg,,,dataset_20260603_063335/LP_Farmers_Market_Restroom_4/LP_Farmers_Market_Restroom_4_20260602T043000.jpg,vehicle_prompts,done,2026-06-04T14:00:46.212786+00:00,0.042,0.814,0.86,,nvidia/cosmos-reason2-8b,"[GENERAL VEHICLE SAFETY]
1. Not visible
2. Not visible

[COLLISIONS & NEAR MISSES]
3. Not visible
4. Not visible

[PARKING & ACCESS VIOLATIONS]
5. Not visible
6. Not visible
7. Not visible

[SUSPICIOUS VEHICLE BEHAVIOR]
8. Not visible
9. Not visible
10. Not visible

[VEHICLE IDENTIFICATION]
11. Not visible
12. Not visible
13. Not visible

[PEDESTRIAN & CHILD SAFETY]
14. Not visible
15. Not visible
16. Not visible
17. Not visible"
20260604T134116Z,LP_Farmers_Market_Restroom_4_20260602T044500.jpg,,,dataset_20260603_063335/LP_Farmers_Market_Restroom_4/LP_Farmers_Market_Restroom_4_20260602T044500.jpg,vehicle_prompts,done,2026-06-04T14:00:46.481054+00:00,0.047,0.781,0.832,,nvidia/cosmos-reason2-8b,"### [GENERAL VEHICLE SAFETY]
1. Not visible
2. Not visible

### [COLLISIONS & NEAR MISSES]
3. Not visible
4. Not visible

### [PARKING & ACCESS VIOLATIONS]
5. Not visible
6. Not visible
7. Not visible

### [SUSPICIOUS VEHICLE BEHAVIOR]
8. Not visible
9. Not visible
10. Not visible

### [VEHICLE IDENTIFICATION]
11. Not visible
12. Not visible
13. Not visible

### [PEDESTRIAN & CHILD SAFETY]
14. Not visible
15. Not visible
16. Not visible
17. Not visible"
20260604T134116Z,LP_Farmers_Market_Restroom_4_20260602T050000.jpg,,,dataset_20260603_063335/LP_Farmers_Market_Restroom_4/LP_Farmers_Market_Restroom_4_20260602T050000.jpg,vehicle_prompts,done,2026-06-04T14:00:46.758311+00:00,0.054,0.763,0.82,,nvidia/cosmos-reason2-8b,"[date]

[GENERAL VEHICLE SAFETY]
1. Not visible
2. Not visible

[COLLISIONS & NEAR MISSES]
3. Not visible
4. Not visible

[PARKING & ACCESS VIOLATIONS]
5. Not visible
6. Not visible
7. Not visible

[SUSPICIOUS VEHICLE BEHAVIOR]
8. Not visible
9. Not visible
10. Not visible

[VEHICLE IDENTIFICATION]
11. Not visible
12. Not visible
13. Not visible

[PEDESTRIAN & CHILD SAFETY]
14. Not visible
15. Not visible
16. Not visible
17. Not visible"
20260604T134116Z,LP_Farmers_Market_Restroom_4_20260602T051500.jpg,,,dataset_20260603_063335/LP_Farmers_Market_Restroom_4/LP_Farmers_Market_Restroom_4_20260602T051500.jpg,vehicle_prompts,done,2026-06-04T14:00:46.814497+00:00,0.054,0.837,0.894,,nvidia/cosmos-reason2-8b,"### [GENERAL VEHICLE SAFETY]
1. Not visible
2. Not visible

### [COLLISIONS & NEAR MISSES]
3. Not visible
4. Not visible

### [PARKING & ACCESS VIOLATIONS]
5. Not visible
6. Not visible
7. Not visible

### [SUSPICIOUS VEHICLE BEHAVIOR]
8. Not visible
9. Not visible
10. Not visible

### [VEHICLE IDENTIFICATION]
11. Not visible
12. Not visible
13. Not visible

### [PEDESTRIAN & CHILD SAFETY]
14. Not visible
15. Not visible
16. Not visible
17. Not visible"
20260604T134116Z,LP_Farmers_Market_Restroom_4_20260602T053000.jpg,,,dataset_20260603_063335/LP_Farmers_Market_Restroom_4/LP_Farmers_Market_Restroom_4_20260602T053000.jpg,vehicle_prompts,done,2026-06-04T14:00:47.075311+00:00,0.04,0.794,0.836,,nvidia/cosmos-reason2-8b,"### [GENERAL VEHICLE SAFETY]
1. Not visible
2. Not visible

### [COLLISIONS & NEAR MISSES]
3. Not visible
4. Not visible

### [PARKING & ACCESS VIOLATIONS]
5. Not visible
6. Not visible
7. Not visible

### [SUSPICIOUS VEHICLE BEHAVIOR]
8. Not visible
9. Not visible
10. Not visible

### [VEHICLE IDENTIFICATION]
11. Not visible
12. Not visible
13. Not visible

### [PEDESTRIAN & CHILD SAFETY]
14. Not visible
15. Not visible
16. Not visible
17. Not visible"
20260604T134116Z,LP_Farmers_Market_Restroom_4_20260602T054500.jpg,,,dataset_20260603_063335/LP_Farmers_Market_Restroom_4/LP_Farmers_Market_Restroom_4_20260602T054500.jpg,vehicle_prompts,done,2026-06-04T14:00:47.316134+00:00,0.047,0.699,0.749,,nvidia/cosmos-reason2-8b,"[GENERAL VEHICLE SAFETY]
1. Not visible
2. Not visible

[COLLISIONS & NEAR MISSES]
3. Not visible
4. Not visible

[PARKING & ACCESS VIOLATIONS]
5. Not visible
6. Not visible
7. Not visible

[SUSPICIOUS VEHICLE BEHAVIOR]
8. Not visible
9. Not visible
10. Not visible

[VEHICLE IDENTIFICATION]
11. Not visible
12. Not visible
13. Not visible

[PEDESTRIAN & CHILD SAFETY]
14. Not visible
15. Not visible
16. Not visible
17. Not visible"
20260604T134116Z,LP_Farmers_Market_Restroom_4_20260602T060000.jpg,,,dataset_20260603_063335/LP_Farmers_Market_Restroom_4/LP_Farmers_Market_Restroom_4_20260602T060000.jpg,vehicle_prompts,done,2026-06-04T14:00:47.581303+00:00,0.042,0.671,0.717,,nvidia/cosmos-reason2-8b,"### [GENERAL VEHICLE SAFETY]
1. Not visible
2. Not visible

### [COLLISIONS & NEAR MISSES]
3. Not visible
4. Not visible

### [PARKING & ACCESS VIOLATIONS]
5. Not visible
6. Not visible
7. Not visible

### [SUSPICIOUS VEHICLE BEHAVIOR]
8. Not visible
9. Not visible
10. Not visible

### [VEHICLE IDENTIFICATION]
11. Not visible
12. Not visible
13. Not visible

### [PEDESTRIAN & CHILD SAFETY]
14. Not visible
15. Not visible
16. Not visible
17. Not visible"
20260604T134116Z,LP_Farmers_Market_Restroom_4_20260602T061500.jpg,,,dataset_20260603_063335/LP_Farmers_Market_Restroom_4/LP_Farmers_Market_Restroom_4_20260602T061500.jpg,vehicle_prompts,done,2026-06-04T14:00:47.711286+00:00,0.037,0.741,0.781,,nvidia/cosmos-reason2-8b,"### [GENERAL VEHICLE SAFETY]
1. Not visible
2. Not visible

### [COLLISIONS & NEAR MISSES]
3. Not visible
4. Not visible

### [PARKING & ACCESS VIOLATIONS]
5. Not visible
6. Not visible
7. Not visible

### [SUSPICIOUS VEHICLE BEHAVIOR]
8. Not visible
9. Not visible
10. Not visible

### [VEHICLE IDENTIFICATION]
11. Not visible
12. Not visible
13. Not visible

### [PEDESTRIAN & CHILD SAFETY]
14. Not visible
15. Not visible
16. Not visible
17. Not visible"
20260604T134116Z,LP_Farmers_Market_Restroom_4_20260602T063000.jpg,,,dataset_20260603_063335/LP_Farmers_Market_Restroom_4/LP_Farmers_Market_Restroom_4_20260602T063000.jpg,vehicle_prompts,done,2026-06-04T14:00:47.914127+00:00,0.047,0.75,0.799,,nvidia/cosmos-reason2-8b,"### [GENERAL VEHICLE SAFETY]
1. Not visible
2. Not visible

### [COLLISIONS & NEAR MISSES]
3. Not visible
4. Not visible

### [PARKING & ACCESS VIOLATIONS]
5. Not visible
6. Not visible
7. Not visible

### [SUSPICIOUS VEHICLE BEHAVIOR]
8. Not visible
9. Not visible
10. Not visible

### [VEHICLE IDENTIFICATION]
11. Not visible
12. Not visible
13. Not visible

### [PEDESTRIAN & CHILD SAFETY]
14. Not visible
15. Not visible
16. Not visible
17. Not visible"
20260604T134116Z,LP_Farmers_Market_Restroom_4_20260602T064500.jpg,,,dataset_20260603_063335/LP_Farmers_Market_Restroom_4/LP_Farmers_Market_Restroom_4_20260602T064500.jpg,vehicle_prompts,done,2026-06-04T14:00:48.067789+00:00,0.044,0.73,0.776,,nvidia/cosmos-reason2-8b,"[GENERAL VEHICLE SAFETY]
1. Not visible
2. Not visible

[COLLISIONS & NEAR MISSES]
3. Not visible
4. Not visible

[PARKING & ACCESS VIOLATIONS]
5. Not visible
6. Not visible
7. Not visible

[SUSPICIOUS VEHICLE BEHAVIOR]
8. Not visible
9. Not visible
10. Not visible

[VEHICLE IDENTIFICATION]
11. Not visible
12. Not visible
13. Not visible

[PEDESTRIAN & CHILD SAFETY]
14. Not visible
15. Not visible
16. Not visible
17. Not visible"
20260604T134116Z,LP_Farmers_Market_Restroom_4_20260602T070000.jpg,,,dataset_20260603_063335/LP_Farmers_Market_Restroom_4/LP_Farmers_Market_Restroom_4_20260602T070000.jpg,vehicle_prompts,done,2026-06-04T14:00:48.301237+00:00,0.051,0.684,0.738,,nvidia/cosmos-reason2-8b,"[GENERAL VEHICLE SAFETY]
1. Not visible
2. Not visible

[COLLISIONS & NEAR MISSES]
3. Not visible
4. Not visible

[PARKING & ACCESS VIOLATIONS]
5. Not visible
6. Not visible
7. Not visible

[SUSPICIOUS VEHICLE BEHAVIOR]
8. Not visible
9. Not visible
10. Not visible

[VEHICLE IDENTIFICATION]
11. Not visible
12. Not visible
13. Not visible

[PEDESTRIAN & CHILD SAFETY]
14. Not visible
15. Not visible
16. Not visible
17. Not visible"
20260604T134116Z,LP_Farmers_Market_Restroom_4_20260602T071500.jpg,,,dataset_20260603_063335/LP_Farmers_Market_Restroom_4/LP_Farmers_Market_Restroom_4_20260602T071500.jpg,vehicle_prompts,done,2026-06-04T14:00:48.494514+00:00,0.043,0.674,0.719,,nvidia/cosmos-reason2-8b,"### GENERAL VEHICLE SAFETY
1. Not visible

2. Not visible

### COLLISIONS & NEAR MISSES
3. Not visible

4. Not visible

### PARKING & ACCESS VIOLATIONS
5. Not visible

6. Not visible

7. Not visible

### SUSPICIOUS VEHICLE BEHAVIOR
8. Not visible

9. Not visible

10. Not visible

### VEHICLE IDENTIFICATION
11. Not visible

12. Not visible

13. Not visible

### PEDESTRIAN & CHILD SAFETY
14. Not visible

15. Not visible

16. Not visible

17. Not visible"
20260604T134116Z,LP_Farmers_Market_Restroom_4_20260602T073000.jpg,,,dataset_20260603_063335/LP_Farmers_Market_Restroom_4/LP_Farmers_Market_Restroom_4_20260602T073000.jpg,vehicle_prompts,done,2026-06-04T14:00:48.716233+00:00,0.046,0.682,0.731,,nvidia/cosmos-reason2-8b,"### [GENERAL VEHICLE SAFETY]
1. Not visible
2. Not visible

### [COLLISIONS & NEAR MISSES]
3. Not visible
4. Not visible

### [PARKING & ACCESS VIOLATIONS]
5. Not visible
6. Not visible
7. Not visible

### [SUSPICIOUS VEHICLE BEHAVIOR]
8. Not visible
9. Not visible
10. Not visible

### [VEHICLE IDENTIFICATION]
11. Not visible
12. Not visible
13. Not visible

### [PEDESTRIAN & CHILD SAFETY]
14. Not visible
15. Not visible
16. Not visible
17. Not visible"
20260604T134116Z,LP_Farmers_Market_Restroom_4_20260602T074500.jpg,,,dataset_20260603_063335/LP_Farmers_Market_Restroom_4/LP_Farmers_Market_Restroom_4_20260602T074500.jpg,vehicle_prompts,done,2026-06-04T14:00:48.846857+00:00,0.049,0.727,0.779,,nvidia/cosmos-reason2-8b,"[GENERAL VEHICLE SAFETY]
1. Not visible
2. Not visible

[COLLISIONS & NEAR MISSES]
3. Not visible
4. Not visible

[PARKING & ACCESS VIOLATIONS]
5. Not visible
6. Not visible
7. Not visible

[SUSPICIOUS VEHICLE BEHAVIOR]
8. Not visible
9. Not visible
10. Not visible

[VEHICLE IDENTIFICATION]
11. Not visible
12. Not visible
13. Not visible

[PEDESTRIAN & CHILD SAFETY]
14. Not visible
15. Not visible
16. Not visible
17. Not visible"
20260604T134116Z,LP_Farmers_Market_Restroom_4_20260602T080000.jpg,,,dataset_20260603_063335/LP_Farmers_Market_Restroom_4/LP_Farmers_Market_Restroom_4_20260602T080000.jpg,vehicle_prompts,done,2026-06-04T14:00:49.042527+00:00,0.048,0.832,0.883,,nvidia/cosmos-reason2-8b,"[date]

[GENERAL VEHICLE SAFETY]
1. Not visible
2. Not visible

[COLLISIONS & NEAR MISSES]
3. Not visible
4. Not visible

[PARKING & ACCESS VIOLATIONS]
5. Not visible
6. Not visible
7. Not visible

[SUSPICIOUS VEHICLE BEHAVIOR]
8. Not visible
9. Not visible
10. Not visible

[VEHICLE IDENTIFICATION]
11. Not visible
12. Not visible
13. Not visible

[PEDESTRIAN & CHILD SAFETY]
14. Not visible
15. Not visible
16. Not visible
17. Not visible"
20260604T134116Z,LP_Farmers_Market_Restroom_4_20260602T081500.jpg,,,dataset_20260603_063335/LP_Farmers_Market_Restroom_4/LP_Farmers_Market_Restroom_4_20260602T081500.jpg,vehicle_prompts,done,2026-06-04T14:00:49.216091+00:00,0.039,0.83,0.871,,nvidia/cosmos-reason2-8b,"### [GENERAL VEHICLE SAFETY]
1. Not visible
2. Not visible

### [COLLISIONS & NEAR MISSES]
3. Not visible
4. Not visible

### [PARKING & ACCESS VIOLATIONS]
5. Not visible
6. Not visible
7. Not visible

### [SUSPICIOUS VEHICLE BEHAVIOR]
8. Not visible
9. Not visible
10. Not visible

### [VEHICLE IDENTIFICATION]
11. Not visible
12. Not visible
13. Not visible

### [PEDESTRIAN & CHILD SAFETY]
14. Not visible
15. Not visible
16. Not visible
17. Not visible"
20260604T134116Z,LP_Farmers_Market_Restroom_4_20260602T083000.jpg,,,dataset_20260603_063335/LP_Farmers_Market_Restroom_4/LP_Farmers_Market_Restroom_4_20260602T083000.jpg,vehicle_prompts,done,2026-06-04T14:00:49.449921+00:00,0.046,0.707,0.756,,nvidia/cosmos-reason2-8b,"[GENERAL VEHICLE SAFETY]
1. Not visible
2. Not visible

[COLLISIONS & NEAR MISSES]
3. Not visible
4. Not visible

[PARKING & ACCESS VIOLATIONS]
5. Not visible
6. Not visible
7. Not visible

[SUSPICIOUS VEHICLE BEHAVIOR]
8. Not visible
9. Not visible
10. Not visible

[VEHICLE IDENTIFICATION]
11. Not visible
12. Not visible
13. Not visible

[PEDESTRIAN & CHILD SAFETY]
14. Not visible
15. Not visible
16. Not visible
17. Not visible"
20260604T134116Z,LP_Farmers_Market_Restroom_4_20260602T084500.jpg,,,dataset_20260603_063335/LP_Farmers_Market_Restroom_4/LP_Farmers_Market_Restroom_4_20260602T084500.jpg,vehicle_prompts,done,2026-06-04T14:00:49.628587+00:00,0.051,0.791,0.846,,nvidia/cosmos-reason2-8b,"[GENERAL VEHICLE SAFETY]
1. Not visible
2. Not visible

[COLLISIONS & NEAR MISSES]
3. Not visible
4. Not visible

[PARKING & ACCESS VIOLATIONS]
5. Not visible
6. Not visible
7. Not visible

[SUSPICIOUS VEHICLE BEHAVIOR]
8. Not visible
9. Not visible
10. Not visible

[VEHICLE IDENTIFICATION]
11. Not visible
12. Not visible
13. Not visible

[PEDESTRIAN & CHILD SAFETY]
14. Not visible
15. Not visible
16. Not visible
17. Not visible"
20260604T134116Z,LP_Farmers_Market_Restroom_4_20260602T090000.jpg,,,dataset_20260603_063335/LP_Farmers_Market_Restroom_4/LP_Farmers_Market_Restroom_4_20260602T090000.jpg,vehicle_prompts,done,2026-06-04T14:00:49.929013+00:00,0.06,0.772,0.836,,nvidia/cosmos-reason2-8b,"[date]
[GENERAL VEHICLE SAFETY]
1. Not visible
2. Not visible

[COLLISIONS & NEAR MISSES]
3. Not visible
4. Not visible

[PARKING & ACCESS VIOLATIONS]
5. Not visible
6. Not visible
7. Not visible

[SUSPICIOUS VEHICLE BEHAVIOR]
8. Not visible
9. Not visible
10. Not visible

[VEHICLE IDENTIFICATION]
11. Not visible
12. Not visible
13. Not visible

[PEDESTRIAN & CHILD SAFETY]
14. Not visible
15. Not visible
16. Not visible
17. Not visible
"
20260604T134116Z,LP_Farmers_Market_Restroom_4_20260602T091500.jpg,,,dataset_20260603_063335/LP_Farmers_Market_Restroom_4/LP_Farmers_Market_Restroom_4_20260602T091500.jpg,vehicle_prompts,done,2026-06-04T14:00:50.089176+00:00,0.041,0.772,0.816,,nvidia/cosmos-reason2-8b,"[date]

[GENERAL VEHICLE SAFETY]
1. Not visible
2. Not visible

[COLLISIONS & NEAR MISSES]
3. Not visible
4. Not visible

[PARKING & ACCESS VIOLATIONS]
5. Not visible
6. Not visible
7. Not visible

[SUSPICIOUS VEHICLE BEHAVIOR]
8. Not visible
9. Not visible
10. Not visible

[VEHICLE IDENTIFICATION]
11. Not visible
12. Not visible
13. Not visible

[PEDESTRIAN & CHILD SAFETY]
14. Not visible
15. Not visible
16. Not visible
17. Not visible"
20260604T134116Z,LP_Farmers_Market_Restroom_4_20260602T093000.jpg,,,dataset_20260603_063335/LP_Farmers_Market_Restroom_4/LP_Farmers_Market_Restroom_4_20260602T093000.jpg,vehicle_prompts,done,2026-06-04T14:00:50.208155+00:00,0.047,0.83,0.879,,nvidia/cosmos-reason2-8b,"### [GENERAL VEHICLE SAFETY]
1. Not visible
2. Not visible

### [COLLISIONS & NEAR MISSES]
3. Not visible
4. Not visible

### [PARKING & ACCESS VIOLATIONS]
5. Not visible
6. Not visible
7. Not visible

### [SUSPICIOUS VEHICLE BEHAVIOR]
8. Not visible
9. Not visible
10. Not visible

### [VEHICLE IDENTIFICATION]
11. Not visible
12. Not visible
13. Not visible

### [PEDESTRIAN & CHILD SAFETY]
14. Not visible
15. Not visible
16. Not visible
17. Not visible"
20260604T134116Z,LP_Farmers_Market_Restroom_4_20260602T094500.jpg,,,dataset_20260603_063335/LP_Farmers_Market_Restroom_4/LP_Farmers_Market_Restroom_4_20260602T094500.jpg,vehicle_prompts,done,2026-06-04T14:00:50.477125+00:00,0.046,0.733,0.782,,nvidia/cosmos-reason2-8b,"### GENERAL VEHICLE SAFETY
1. Not visible
2. Not visible

### COLLISIONS & NEAR MISSES
3. Not visible
4. Not visible

### PARKING & ACCESS VIOLATIONS
5. Not visible
6. Not visible
7. Not visible

### SUSPICIOUS VEHICLE BEHAVIOR
8. Not visible
9. Not visible
10. Not visible

### VEHICLE IDENTIFICATION
11. Not visible
12. Not visible
13. Not visible

### PEDESTRIAN & CHILD SAFETY
14. Not visible
15. Not visible
16. Not visible
17. Not visible"
20260604T134116Z,LP_Farmers_Market_Restroom_4_20260602T100000.jpg,,,dataset_20260603_063335/LP_Farmers_Market_Restroom_4/LP_Farmers_Market_Restroom_4_20260602T100000.jpg,vehicle_prompts,done,2026-06-04T14:00:50.768442+00:00,0.049,0.686,0.739,,nvidia/cosmos-reason2-8b,"### [GENERAL VEHICLE SAFETY]
1. Not visible
2. Not visible

### [COLLISIONS & NEAR MISSES]
3. Not visible
4. Not visible

### [PARKING & ACCESS VIOLATIONS]
5. Not visible
6. Not visible
7. Not visible

### [SUSPICIOUS VEHICLE BEHAVIOR]
8. Not visible
9. Not visible
10. Not visible

### [VEHICLE IDENTIFICATION]
11. Not visible
12. Not visible
13. Not visible

### [PEDESTRIAN & CHILD SAFETY]
14. Not visible
15. Not visible
16. Not visible
17. Not visible"
20260604T134116Z,LP_Farmers_Market_Restroom_4_20260602T101500.jpg,,,dataset_20260603_063335/LP_Farmers_Market_Restroom_4/LP_Farmers_Market_Restroom_4_20260602T101500.jpg,vehicle_prompts,done,2026-06-04T14:00:50.907842+00:00,0.048,0.783,0.834,,nvidia/cosmos-reason2-8b,"### [GENERAL VEHICLE SAFETY]
1. Not visible
2. Not visible

### [COLLISIONS & NEAR MISSES]
3. Not visible
4. Not visible

### [PARKING & ACCESS VIOLATIONS]
5. Not visible
6. Not visible
7. Not visible

### [SUSPICIOUS VEHICLE BEHAVIOR]
8. Not visible
9. Not visible
10. Not visible

### [VEHICLE IDENTIFICATION]
11. Not visible
12. Not visible
13. Not visible

### [PEDESTRIAN & CHILD SAFETY]
14. Not visible
15. Not visible
16. Not visible
17. Not visible"
20260604T134116Z,LP_Farmers_Market_Restroom_4_20260602T103000.jpg,,,dataset_20260603_063335/LP_Farmers_Market_Restroom_4/LP_Farmers_Market_Restroom_4_20260602T103000.jpg,vehicle_prompts,done,2026-06-04T14:00:51.090923+00:00,0.04,0.79,0.833,,nvidia/cosmos-reason2-8b,"### [GENERAL VEHICLE SAFETY]
1. Not visible
2. Not visible

### [COLLISIONS & NEAR MISSES]
3. Not visible
4. Not visible

### [PARKING & ACCESS VIOLATIONS]
5. Not visible
6. Not visible
7. Not visible

### [SUSPICIOUS VEHICLE BEHAVIOR]
8. Not visible
9. Not visible
10. Not visible

### [VEHICLE IDENTIFICATION]
11. Not visible
12. Not visible
13. Not visible

### [PEDESTRIAN & CHILD SAFETY]
14. Not visible
15. Not visible
16. Not visible
17. Not visible"
20260604T134116Z,LP_Farmers_Market_Restroom_4_20260602T104500.jpg,,,dataset_20260603_063335/LP_Farmers_Market_Restroom_4/LP_Farmers_Market_Restroom_4_20260602T104500.jpg,vehicle_prompts,done,2026-06-04T14:00:51.262127+00:00,0.051,0.728,0.782,,nvidia/cosmos-reason2-8b,"### GENERAL VEHICLE SAFETY
1. Not visible
2. Not visible

### COLLISIONS & NEAR MISSES
3. Not visible
4. Not visible

### PARKING & ACCESS VIOLATIONS
5. Not visible
6. Not visible
7. Not visible

### SUSPICIOUS VEHICLE BEHAVIOR
8. Not visible
9. Not visible
10. Not visible

### VEHICLE IDENTIFICATION
11. Not visible
12. Not visible
13. Not visible

### PEDESTRIAN & CHILD SAFETY
14. Not visible
15. Not visible
16. Not visible
17. Not visible"
20260604T134116Z,LP_Farmers_Market_Restroom_4_20260602T110000.jpg,,,dataset_20260603_063335/LP_Farmers_Market_Restroom_4/LP_Farmers_Market_Restroom_4_20260602T110000.jpg,vehicle_prompts,done,2026-06-04T14:00:51.509986+00:00,0.05,0.766,0.819,,nvidia/cosmos-reason2-8b,"[date]

[GENERAL VEHICLE SAFETY]
1. Not visible
2. Not visible

[COLLISIONS & NEAR MISSES]
3. Not visible
4. Not visible

[PARKING & ACCESS VIOLATIONS]
5. Not visible
6. Not visible
7. Not visible

[SUSPICIOUS VEHICLE BEHAVIOR]
8. Not visible
9. Not visible
10. Not visible

[VEHICLE IDENTIFICATION]
11. Not visible
12. Not visible
13. Not visible

[PEDESTRIAN & CHILD SAFETY]
14. Not visible
15. Not visible
16. Not visible
17. Not visible"
20260604T134116Z,LP_Farmers_Market_Restroom_4_20260602T111500.jpg,,,dataset_20260603_063335/LP_Farmers_Market_Restroom_4/LP_Farmers_Market_Restroom_4_20260602T111500.jpg,vehicle_prompts,done,2026-06-04T14:00:51.744716+00:00,0.049,0.655,0.706,,nvidia/cosmos-reason2-8b,"[GENERAL VEHICLE SAFETY]
1. Not visible
2. Not visible

[COLLISIONS & NEAR MISSES]
3. Not visible
4. Not visible

[PARKING & ACCESS VIOLATIONS]
5. Not visible
6. Not visible
7. Not visible

[SUSPICIOUS VEHICLE BEHAVIOR]
8. Not visible
9. Not visible
10. Not visible

[VEHICLE IDENTIFICATION]
11. Not visible
12. Not visible
13. Not visible

[PEDESTRIAN & CHILD SAFETY]
14. Not visible
15. Not visible
16. Not visible
17. Not visible"
20260604T134116Z,LP_Farmers_Market_Restroom_4_20260602T113000.jpg,,,dataset_20260603_063335/LP_Farmers_Market_Restroom_4/LP_Farmers_Market_Restroom_4_20260602T113000.jpg,vehicle_prompts,done,2026-06-04T14:00:51.926847+00:00,0.049,0.691,0.743,,nvidia/cosmos-reason2-8b,"[date]

[GENERAL VEHICLE SAFETY]
1. Not visible
2. Not visible

[COLLISIONS & NEAR MISSES]
3. Not visible
4. Not visible

[PARKING & ACCESS VIOLATIONS]
5. Not visible
6. Not visible
7. Not visible

[SUSPICIOUS VEHICLE BEHAVIOR]
8. Not visible
9. Not visible
10. Not visible

[VEHICLE IDENTIFICATION]
11. Not visible
12. Not visible
13. Not visible

[PEDESTRIAN & CHILD SAFETY]
14. Not visible
15. Not visible
16. Not visible
17. Not visible"
20260604T134116Z,LP_Farmers_Market_Restroom_4_20260602T114500.jpg,,,dataset_20260603_063335/LP_Farmers_Market_Restroom_4/LP_Farmers_Market_Restroom_4_20260602T114500.jpg,vehicle_prompts,done,2026-06-04T14:00:52.047032+00:00,0.041,0.691,0.735,,nvidia/cosmos-reason2-8b,"### [GENERAL VEHICLE SAFETY]
1. Not visible
2. Not visible

### [COLLISIONS & NEAR MISSES]
3. Not visible
4. Not visible

### [PARKING & ACCESS VIOLATIONS]
5. Not visible
6. Not visible
7. Not visible

### [SUSPICIOUS VEHICLE BEHAVIOR]
8. Not visible
9. Not visible
10. Not visible

### [VEHICLE IDENTIFICATION]
11. Not visible
12. Not visible
13. Not visible

### [PEDESTRIAN & CHILD SAFETY]
14. Not visible
15. Not visible
16. Not visible
17. Not visible"
20260604T134116Z,LP_Farmers_Market_Restroom_4_20260602T120000.jpg,,,dataset_20260603_063335/LP_Farmers_Market_Restroom_4/LP_Farmers_Market_Restroom_4_20260602T120000.jpg,vehicle_prompts,done,2026-06-04T14:00:52.331610+00:00,0.041,0.658,0.714,,nvidia/cosmos-reason2-8b,"[GENERAL VEHICLE SAFETY]
1. Not visible
2. Not visible

[COLLISIONS & NEAR MISSES]
3. Not visible
4. Not visible

[PARKING & ACCESS VIOLATIONS]
5. Not visible
6. Not visible
7. Not visible

[SUSPICIOUS VEHICLE BEHAVIOR]
8. Not visible
9. Not visible
10. Not visible

[VEHICLE IDENTIFICATION]
11. Not visible
12. Not visible
13. Not visible

[PEDESTRIAN & CHILD SAFETY]
14. Not visible
15. Not visible
16. Not visible
17. Not visible"
20260604T134116Z,LP_Farmers_Market_Restroom_4_20260602T121500.jpg,,,dataset_20260603_063335/LP_Farmers_Market_Restroom_4/LP_Farmers_Market_Restroom_4_20260602T121500.jpg,vehicle_prompts,done,2026-06-04T14:00:52.453393+00:00,0.036,0.807,0.846,,nvidia/cosmos-reason2-8b,"[date]

[GENERAL VEHICLE SAFETY]
1. Not visible
2. Not visible

[COLLISIONS & NEAR MISSES]
3. Not visible
4. Not visible

[PARKING & ACCESS VIOLATIONS]
5. Not visible
6. Not visible
7. Not visible

[SUSPICIOUS VEHICLE BEHAVIOR]
8. Not visible
9. Not visible
10. Not visible

[VEHICLE IDENTIFICATION]
11. Not visible
12. Not visible
13. Not visible

[PEDESTRIAN & CHILD SAFETY]
14. Not visible
15. Not visible
16. Not visible
17. Not visible"
20260604T134116Z,LP_Farmers_Market_Restroom_4_20260602T123000.jpg,,,dataset_20260603_063335/LP_Farmers_Market_Restroom_4/LP_Farmers_Market_Restroom_4_20260602T123000.jpg,vehicle_prompts,done,2026-06-04T14:00:52.672385+00:00,0.043,0.806,0.852,,nvidia/cosmos-reason2-8b,"### GENERAL VEHICLE SAFETY
1. Not visible

### COLLISIONS & NEAR MISSES
3. Not visible

### PARKING & ACCESS VIOLATIONS
5. Not visible

### SUSPICIOUS VEHICLE BEHAVIOR
8. Not visible

### VEHICLE IDENTIFICATION
11. Not visible

### PEDESTRIAN & CHILD SAFETY
14. Not visible"
20260604T134116Z,LP_Farmers_Market_Restroom_4_20260602T124500.jpg,,,dataset_20260603_063335/LP_Farmers_Market_Restroom_4/LP_Farmers_Market_Restroom_4_20260602T124500.jpg,vehicle_prompts,done,2026-06-04T14:00:52.784934+00:00,0.039,0.851,0.893,,nvidia/cosmos-reason2-8b,"[GENERAL VEHICLE SAFETY]
1. Not visible
2. Not visible

[COLLISIONS & NEAR MISSES]
3. Not visible
4. Not visible

[PARKING & ACCESS VIOLATIONS]
5. Not visible
6. Not visible
7. Not visible

[SUSPICIOUS VEHICLE BEHAVIOR]
8. Not visible
9. Not visible
10. Not visible

[VEHICLE IDENTIFICATION]
11. Not visible
12. Not visible
13. Not visible

[PEDESTRIAN & CHILD SAFETY]
14. Not visible
15. Not visible
16. Not visible
17. Not visible"
20260604T134116Z,LP_Farmers_Market_Restroom_4_20260602T130000.jpg,,,dataset_20260603_063335/LP_Farmers_Market_Restroom_4/LP_Farmers_Market_Restroom_4_20260602T130000.jpg,vehicle_prompts,done,2026-06-04T14:00:53.048929+00:00,0.05,0.727,0.78,,nvidia/cosmos-reason2-8b,"[GENERAL VEHICLE SAFETY]
1. Not visible
2. Not visible

[COLLISIONS & NEAR MISSES]
3. Not visible
4. Not visible

[PARKING & ACCESS VIOLATIONS]
5. Not visible
6. Not visible
7. Not visible

[SUSPICIOUS VEHICLE BEHAVIOR]
8. Not visible
9. Not visible
10. Not visible

[VEHICLE IDENTIFICATION]
11. Not visible
12. Not visible
13. Not visible

[PEDESTRIAN & CHILD SAFETY]
14. Not visible
15. Not visible
16. Not visible
17. Not visible"
20260604T134116Z,LP_Farmers_Market_Restroom_4_20260602T131500.jpg,,,dataset_20260603_063335/LP_Farmers_Market_Restroom_4/LP_Farmers_Market_Restroom_4_20260602T131500.jpg,vehicle_prompts,done,2026-06-04T14:00:53.302445+00:00,0.043,0.661,0.707,,nvidia/cosmos-reason2-8b,"[GENERAL VEHICLE SAFETY]
1. Not visible
2. Not visible

[COLLISIONS & NEAR MISSES]
3. Not visible
4. Not visible

[PARKING & ACCESS VIOLATIONS]
5. Not visible
6. Not visible
7. Not visible

[SUSPICIOUS VEHICLE BEHAVIOR]
8. Not visible
9. Not visible
10. Not visible

[VEHICLE IDENTIFICATION]
11. Not visible
12. Not visible
13. Not visible

[PEDESTRIAN & CHILD SAFETY]
14. Not visible
15. Not visible
16. Not visible
17. Not visible"
20260604T134116Z,LP_Farmers_Market_Restroom_4_20260602T133000.jpg,,,dataset_20260603_063335/LP_Farmers_Market_Restroom_4/LP_Farmers_Market_Restroom_4_20260602T133000.jpg,vehicle_prompts,done,2026-06-04T14:00:53.526579+00:00,0.044,0.759,0.806,,nvidia/cosmos-reason2-8b,"### [GENERAL VEHICLE SAFETY]
1. Not visible
2. Not visible

### [COLLISIONS & NEAR MISSES]
3. Not visible
4. Not visible

### [PARKING & ACCESS VIOLATIONS]
5. Not visible
6. Not visible
7. Not visible

### [SUSPICIOUS VEHICLE BEHAVIOR]
8. Not visible
9. Not visible
10. Not visible

### [VEHICLE IDENTIFICATION]
11. Not visible
12. Not visible
13. Not visible

### [PEDESTRIAN & CHILD SAFETY]
14. Not visible
15. Not visible
16. Not visible
17. Not visible"
20260604T134116Z,LP_Farmers_Market_Restroom_4_20260602T134500.jpg,,,dataset_20260603_063335/LP_Farmers_Market_Restroom_4/LP_Farmers_Market_Restroom_4_20260602T134500.jpg,vehicle_prompts,done,2026-06-04T14:00:53.680409+00:00,0.045,0.773,0.821,,nvidia/cosmos-reason2-8b,"### [GENERAL VEHICLE SAFETY]
1. Not visible
2. Not visible

### [COLLISIONS & NEAR MISSES]
3. Not visible
4. Not visible

### [PARKING & ACCESS VIOLATIONS]
5. Not visible
6. Not visible
7. Not visible

### [SUSPICIOUS VEHICLE BEHAVIOR]
8. Not visible
9. Not visible
10. Not visible

### [VEHICLE IDENTIFICATION]
11. Not visible
12. Not visible
13. Not visible

### [PEDESTRIAN & CHILD SAFETY]
14. Not visible
15. Not visible
16. Not visible
17. Not visible"
20260604T134116Z,LP_Farmers_Market_Restroom_4_20260602T140000.jpg,,,dataset_20260603_063335/LP_Farmers_Market_Restroom_4/LP_Farmers_Market_Restroom_4_20260602T140000.jpg,vehicle_prompts,done,2026-06-04T14:00:53.831995+00:00,0.055,0.815,0.874,,nvidia/cosmos-reason2-8b,"[GENERAL VEHICLE SAFETY]
1. Not visible
2. Not visible

[COLLISIONS & NEAR MISSES]
3. Not visible
4. Not visible

[PARKING & ACCESS VIOLATIONS]
5. Not visible
6. Not visible
7. Not visible

[SUSPICIOUS VEHICLE BEHAVIOR]
8. Not visible
9. Not visible
10. Not visible

[VEHICLE IDENTIFICATION]
11. Not visible
12. Not visible
13. Not visible

[PEDESTRIAN & CHILD SAFETY]
14. Not visible
15. Not visible
16. Not visible
17. Not visible"
20260604T134116Z,LP_Farmers_Market_Restroom_4_20260602T141500.jpg,,,dataset_20260603_063335/LP_Farmers_Market_Restroom_4/LP_Farmers_Market_Restroom_4_20260602T141500.jpg,vehicle_prompts,done,2026-06-04T14:00:54.011804+00:00,0.05,0.77,0.824,,nvidia/cosmos-reason2-8b,"[GENERAL VEHICLE SAFETY]
1. Not visible
2. Not visible

[COLLISIONS & NEAR MISSES]
3. Not visible
4. Not visible

[PARKING & ACCESS VIOLATIONS]
5. Not visible
6. Not visible
7. Not visible

[SUSPICIOUS VEHICLE BEHAVIOR]
8. Not visible
9. Not visible
10. Not visible

[VEHICLE IDENTIFICATION]
11. Not visible
12. Not visible
13. Not visible

[PEDESTRIAN & CHILD SAFETY]
14. Not visible
15. Not visible
16. Not visible
17. Not visible"
20260604T134116Z,LP_Farmers_Market_Restroom_4_20260602T143000.jpg,,,dataset_20260603_063335/LP_Farmers_Market_Restroom_4/LP_Farmers_Market_Restroom_4_20260602T143000.jpg,vehicle_prompts,done,2026-06-04T14:00:54.335699+00:00,0.053,0.698,0.755,,nvidia/cosmos-reason2-8b,"[date]

[GENERAL VEHICLE SAFETY]
1. Not visible
2. Not visible

[COLLISIONS & NEAR MISSES]
3. Not visible
4. Not visible

[PARKING & ACCESS VIOLATIONS]
5. Not visible
6. Not visible
7. Not visible

[SUSPICIOUS VEHICLE BEHAVIOR]
8. Not visible
9. Not visible
10. Not visible

[VEHICLE IDENTIFICATION]
11. Not visible
12. Not visible
13. Not visible

[PEDESTRIAN & CHILD SAFETY]
14. Not visible
15. Not visible
16. Not visible
17. Not visible"
20260604T134116Z,LP_Farmers_Market_Restroom_4_20260602T144500.jpg,,,dataset_20260603_063335/LP_Farmers_Market_Restroom_4/LP_Farmers_Market_Restroom_4_20260602T144500.jpg,vehicle_prompts,done,2026-06-04T14:00:54.503801+00:00,0.048,0.715,0.766,,nvidia/cosmos-reason2-8b,"[GENERAL VEHICLE SAFETY]
1. Not visible
2. Not visible

[COLLISIONS & NEAR MISSES]
3. Not visible
4. Not visible

[PARKING & ACCESS VIOLATIONS]
5. Not visible
6. Not visible
7. Not visible

[SUSPICIOUS VEHICLE BEHAVIOR]
8. Not visible
9. Not visible
10. Not visible

[VEHICLE IDENTIFICATION]
11. Not visible
12. Not visible
13. Not visible

[PEDESTRIAN & CHILD SAFETY]
14. Not visible
15. Not visible
16. Not visible
17. Not visible"
20260604T134116Z,LP_Farmers_Market_Restroom_4_20260602T150000.jpg,,,dataset_20260603_063335/LP_Farmers_Market_Restroom_4/LP_Farmers_Market_Restroom_4_20260602T150000.jpg,vehicle_prompts,done,2026-06-04T14:00:54.708465+00:00,0.045,0.805,0.852,,nvidia/cosmos-reason2-8b,"[GENERAL VEHICLE SAFETY]
1. Not visible
2. Not visible

[COLLISIONS & NEAR MISSES]
3. Not visible
4. Not visible

[PARKING & ACCESS VIOLATIONS]
5. Not visible
6. Not visible
7. Not visible

[SUSPICIOUS VEHICLE BEHAVIOR]
8. Not visible
9. Not visible
10. Not visible

[VEHICLE IDENTIFICATION]
11. Not visible
12. Not visible
13. Not visible

[PEDESTRIAN & CHILD SAFETY]
14. Not visible
15. Not visible
16. Not visible
17. Not visible"
20260604T134116Z,LP_Farmers_Market_Restroom_4_20260602T151500.jpg,,,dataset_20260603_063335/LP_Farmers_Market_Restroom_4/LP_Farmers_Market_Restroom_4_20260602T151500.jpg,vehicle_prompts,done,2026-06-04T14:00:54.838283+00:00,0.037,0.787,0.826,,nvidia/cosmos-reason2-8b,"### [GENERAL VEHICLE SAFETY]
1. Not visible
2. Not visible

### [COLLISIONS & NEAR MISSES]
3. Not visible
4. Not visible

### [PARKING & ACCESS VIOLATIONS]
5. Not visible
6. Not visible
7. Not visible

### [SUSPICIOUS VEHICLE BEHAVIOR]
8. Not visible
9. Not visible
10. Not visible

### [VEHICLE IDENTIFICATION]
11. Not visible
12. Not visible
13. Not visible

### [PEDESTRIAN & CHILD SAFETY]
14. Not visible
15. Not visible
16. Not visible
17. Not visible"
20260604T134116Z,LP_Farmers_Market_Restroom_4_20260602T153000.jpg,,,dataset_20260603_063335/LP_Farmers_Market_Restroom_4/LP_Farmers_Market_Restroom_4_20260602T153000.jpg,vehicle_prompts,done,2026-06-04T14:00:55.093368+00:00,0.057,0.691,0.751,,nvidia/cosmos-reason2-8b,"### GENERAL VEHICLE SAFETY
1. Not visible
2. Not visible

### COLLISIONS & NEAR MISSES
3. Not visible
4. Not visible

### PARKING & ACCESS VIOLATIONS
5. Not visible
6. Not visible
7. Not visible

### SUSPICIOUS VEHICLE BEHAVIOR
8. Not visible
9. Not visible
10. Not visible

### VEHICLE IDENTIFICATION
11. Not visible
12. Not visible
13. Not visible

### PEDESTRIAN & CHILD SAFETY
14. Not visible
15. Not visible
16. Not visible
17. Not visible"
20260604T134116Z,LP_Farmers_Market_Restroom_4_20260602T154500.jpg,,,dataset_20260603_063335/LP_Farmers_Market_Restroom_4/LP_Farmers_Market_Restroom_4_20260602T154500.jpg,vehicle_prompts,done,2026-06-04T14:00:55.272185+00:00,0.047,0.725,0.775,,nvidia/cosmos-reason2-8b,"### [GENERAL VEHICLE SAFETY]
1. Not visible
2. Not visible

### [COLLISIONS & NEAR MISSES]
3. Not visible
4. Not visible

### [PARKING & ACCESS VIOLATIONS]
5. Not visible
6. Not visible
7. Not visible

### [SUSPICIOUS VEHICLE BEHAVIOR]
8. Not visible
9. Not visible
10. Not visible

### [VEHICLE IDENTIFICATION]
11. Not visible
12. Not visible
13. Not visible

### [PEDESTRIAN & CHILD SAFETY]
14. Not visible
15. Not visible
16. Not visible
17. Not visible"
20260604T134116Z,LP_Farmers_Market_Restroom_4_20260602T160000.jpg,,,dataset_20260603_063335/LP_Farmers_Market_Restroom_4/LP_Farmers_Market_Restroom_4_20260602T160000.jpg,vehicle_prompts,done,2026-06-04T14:00:55.563914+00:00,0.052,0.646,0.7,,nvidia/cosmos-reason2-8b,"[GENERAL VEHICLE SAFETY]
1. Not visible
2. Not visible

[COLLISIONS & NEAR MISSES]
3. Not visible
4. Not visible

[PARKING & ACCESS VIOLATIONS]
5. Not visible
6. Not visible
7. Not visible

[SUSPICIOUS VEHICLE BEHAVIOR]
8. Not visible
9. Not visible
10. Not visible

[VEHICLE IDENTIFICATION]
11. Not visible
12. Not visible
13. Not visible

[PEDESTRIAN & CHILD SAFETY]
14. Not visible
15. Not visible
16. Not visible
17. Not visible"
20260604T134116Z,LP_Farmers_Market_Restroom_4_20260602T161500.jpg,,,dataset_20260603_063335/LP_Farmers_Market_Restroom_4/LP_Farmers_Market_Restroom_4_20260602T161500.jpg,vehicle_prompts,done,2026-06-04T14:00:55.667206+00:00,0.044,0.83,0.878,,nvidia/cosmos-reason2-8b,"[GENERAL VEHICLE SAFETY]
1. Not visible
2. Not visible

[COLLISIONS & NEAR MISSES]
3. Not visible
4. Not visible

[PARKING & ACCESS VIOLATIONS]
5. Not visible
6. Not visible
7. Not visible

[SUSPICIOUS VEHICLE BEHAVIOR]
8. Not visible
9. Not visible
10. Not visible

[VEHICLE IDENTIFICATION]
11. Not visible
12. Not visible
13. Not visible

[PEDESTRIAN & CHILD SAFETY]
14. Not visible
15. Not visible
16. Not visible
17. Not visible"
20260604T134116Z,LP_Farmers_Market_Restroom_4_20260602T163000.jpg,,,dataset_20260603_063335/LP_Farmers_Market_Restroom_4/LP_Farmers_Market_Restroom_4_20260602T163000.jpg,vehicle_prompts,done,2026-06-04T14:00:55.847138+00:00,0.05,0.829,0.882,,nvidia/cosmos-reason2-8b,"### GENERAL VEHICLE SAFETY
1. Not visible
2. Not visible

### COLLISIONS & NEAR MISSES
3. Not visible
4. Not visible

### PARKING & ACCESS VIOLATIONS
5. Not visible
6. Not visible
7. Not visible

### SUSPICIOUS VEHICLE BEHAVIOR
8. Not visible
9. Not visible
10. Not visible

### VEHICLE IDENTIFICATION
11. Not visible
12. Not visible
13. Not visible

### PEDESTRIAN & CHILD SAFETY
14. Not visible
15. Not visible
16. Not visible
17. Not visible"
20260604T134116Z,LP_Farmers_Market_Restroom_4_20260602T164500.jpg,,,dataset_20260603_063335/LP_Farmers_Market_Restroom_4/LP_Farmers_Market_Restroom_4_20260602T164500.jpg,vehicle_prompts,done,2026-06-04T14:00:56.050043+00:00,0.041,0.891,0.936,,nvidia/cosmos-reason2-8b,"[date]

[GENERAL VEHICLE SAFETY]
1. Not visible
2. Not visible

[COLLISIONS & NEAR MISSES]
3. Not visible
4. Not visible

[PARKING & ACCESS VIOLATIONS]
5. Not visible
6. Not visible
7. Not visible

[SUSPICIOUS VEHICLE BEHAVIOR]
8. Not visible
9. Not visible
10. Not visible

[VEHICLE IDENTIFICATION]
11. Not visible
12. Not visible
13. Not visible

[PEDESTRIAN & CHILD SAFETY]
14. Not visible
15. Not visible
16. Not visible
17. Not visible"
20260604T134116Z,LP_Farmers_Market_Restroom_4_20260602T170000.jpg,,,dataset_20260603_063335/LP_Farmers_Market_Restroom_4/LP_Farmers_Market_Restroom_4_20260602T170000.jpg,vehicle_prompts,done,2026-06-04T14:00:56.266870+00:00,0.04,0.746,0.789,,nvidia/cosmos-reason2-8b,"[GENERAL VEHICLE SAFETY]
1. Not visible
2. Not visible

[COLLISIONS & NEAR MISSES]
3. Not visible
4. Not visible

[PARKING & ACCESS VIOLATIONS]
5. Not visible
6. Not visible
7. Not visible

[SUSPICIOUS VEHICLE BEHAVIOR]
8. Not visible
9. Not visible
10. Not visible

[VEHICLE IDENTIFICATION]
11. Not visible
12. Not visible
13. Not visible

[PEDESTRIAN & CHILD SAFETY]
14. Not visible
15. Not visible
16. Not visible
17. Not visible"
20260604T134116Z,LP_Farmers_Market_Restroom_4_20260602T171500.jpg,,,dataset_20260603_063335/LP_Farmers_Market_Restroom_4/LP_Farmers_Market_Restroom_4_20260602T171500.jpg,vehicle_prompts,done,2026-06-04T14:00:56.548148+00:00,0.048,0.674,0.726,,nvidia/cosmos-reason2-8b,"### [GENERAL VEHICLE SAFETY]
1. Not visible
2. Not visible

### [COLLISIONS & NEAR MISSES]
3. Not visible
4. Not visible

### [PARKING & ACCESS VIOLATIONS]
5. Not visible
6. Not visible
7. Not visible

### [SUSPICIOUS VEHICLE BEHAVIOR]
8. Not visible
9. Not visible
10. Not visible

### [VEHICLE IDENTIFICATION]
11. Not visible
12. Not visible
13. Not visible

### [PEDESTRIAN & CHILD SAFETY]
14. Not visible
15. Not visible
16. Not visible
17. Not visible"
20260604T134116Z,LP_Farmers_Market_Restroom_4_20260602T173000.jpg,,,dataset_20260603_063335/LP_Farmers_Market_Restroom_4/LP_Farmers_Market_Restroom_4_20260602T173000.jpg,vehicle_prompts,done,2026-06-04T14:00:56.731785+00:00,0.052,0.688,0.742,,nvidia/cosmos-reason2-8b,"[date]

[GENERAL VEHICLE SAFETY]
1. Not visible
2. Not visible

[COLLISIONS & NEAR MISSES]
3. Not visible
4. Not visible

[PARKING & ACCESS VIOLATIONS]
5. Not visible
6. Not visible
7. Not visible

[SUSPICIOUS VEHICLE BEHAVIOR]
8. Not visible
9. Not visible
10. Not visible

[VEHICLE IDENTIFICATION]
11. Not visible
12. Not visible
13. Not visible

[PEDESTRIAN & CHILD SAFETY]
14. Not visible
15. Not visible
16. Not visible
17. Not visible"
20260604T134116Z,LP_Farmers_Market_Restroom_4_20260602T174500.jpg,,,dataset_20260603_063335/LP_Farmers_Market_Restroom_4/LP_Farmers_Market_Restroom_4_20260602T174500.jpg,vehicle_prompts,done,2026-06-04T14:00:56.988266+00:00,0.043,0.731,0.777,,nvidia/cosmos-reason2-8b,"[GENERAL VEHICLE SAFETY]
1. Not visible
2. Not visible

[COLLISIONS & NEAR MISSES]
3. Not visible
4. Not visible

[PARKING & ACCESS VIOLATIONS]
5. Not visible
6. Not visible
7. Not visible

[SUSPICIOUS VEHICLE BEHAVIOR]
8. Not visible
9. Not visible
10. Not visible

[VEHICLE IDENTIFICATION]
11. Not visible
12. Not visible
13. Not visible

[PEDESTRIAN & CHILD SAFETY]
14. Not visible
15. Not visible
16. Not visible
17. Not visible"
20260604T134116Z,LP_Farmers_Market_Restroom_4_20260602T180000.jpg,,,dataset_20260603_063335/LP_Farmers_Market_Restroom_4/LP_Farmers_Market_Restroom_4_20260602T180000.jpg,vehicle_prompts,done,2026-06-04T14:00:57.058800+00:00,0.049,0.826,0.878,,nvidia/cosmos-reason2-8b,"[GENERAL VEHICLE SAFETY]
1. Not visible
2. Not visible

[COLLISIONS & NEAR MISSES]
3. Not visible
4. Not visible

[PARKING & ACCESS VIOLATIONS]
5. Not visible
6. Not visible
7. Not visible

[SUSPICIOUS VEHICLE BEHAVIOR]
8. Not visible
9. Not visible
10. Not visible

[VEHICLE IDENTIFICATION]
11. Not visible
12. Not visible
13. Not visible

[PEDESTRIAN & CHILD SAFETY]
14. Not visible
15. Not visible
16. Not visible
17. Not visible"
20260604T134116Z,LP_Farmers_Market_Restroom_4_20260602T181500.jpg,,,dataset_20260603_063335/LP_Farmers_Market_Restroom_4/LP_Farmers_Market_Restroom_4_20260602T181500.jpg,vehicle_prompts,done,2026-06-04T14:00:57.276217+00:00,0.051,0.897,0.95,,nvidia/cosmos-reason2-8b,"### [GENERAL VEHICLE SAFETY]
1. Not visible
2. Not visible

### [COLLISIONS & NEAR MISSES]
3. Not visible
4. Not visible

### [PARKING & ACCESS VIOLATIONS]
5. Not visible
6. Not visible
7. Not visible

### [SUSPICIOUS VEHICLE BEHAVIOR]
8. Not visible
9. Not visible
10. Not visible

### [VEHICLE IDENTIFICATION]
11. Not visible
12. Not visible
13. Not visible

### [PEDESTRIAN & CHILD SAFETY]
14. Not visible
15. Not visible
16. Not visible
17. Not visible"
20260604T134116Z,LP_Farmers_Market_Restroom_4_20260602T183000.jpg,,,dataset_20260603_063335/LP_Farmers_Market_Restroom_4/LP_Farmers_Market_Restroom_4_20260602T183000.jpg,vehicle_prompts,done,2026-06-04T14:00:57.476143+00:00,0.051,0.756,0.81,,nvidia/cosmos-reason2-8b,"[GENERAL VEHICLE SAFETY]
1. Not visible
2. Not visible

[COLLISIONS & NEAR MISSES]
3. Not visible
4. Not visible

[PARKING & ACCESS VIOLATIONS]
5. Not visible
6. Not visible
7. Not visible

[SUSPICIOUS VEHICLE BEHAVIOR]
8. Not visible
9. Not visible
10. Not visible

[VEHICLE IDENTIFICATION]
11. Not visible
12. Not visible
13. Not visible

[PEDESTRIAN & CHILD SAFETY]
14. Not visible
15. Not visible
16. Not visible
17. Not visible"
20260604T134116Z,LP_Farmers_Market_Restroom_4_20260602T184500.jpg,,,dataset_20260603_063335/LP_Farmers_Market_Restroom_4/LP_Farmers_Market_Restroom_4_20260602T184500.jpg,vehicle_prompts,done,2026-06-04T14:00:57.767417+00:00,0.049,0.711,0.763,,nvidia/cosmos-reason2-8b,"[GENERAL VEHICLE SAFETY]
1. Not visible
2. Not visible

[COLLISIONS & NEAR MISSES]
3. Not visible
4. Not visible

[PARKING & ACCESS VIOLATIONS]
5. Not visible
6. Not visible
7. Not visible

[SUSPICIOUS VEHICLE BEHAVIOR]
8. Not visible
9. Not visible
10. Not visible

[VEHICLE IDENTIFICATION]
11. Not visible
12. Not visible
13. Not visible

[PEDESTRIAN & CHILD SAFETY]
14. Not visible
15. Not visible
16. Not visible
17. Not visible"
20260604T134116Z,LP_Farmers_Market_Restroom_4_20260602T190000.jpg,,,dataset_20260603_063335/LP_Farmers_Market_Restroom_4/LP_Farmers_Market_Restroom_4_20260602T190000.jpg,vehicle_prompts,done,2026-06-04T14:00:57.939945+00:00,0.042,0.705,0.751,,nvidia/cosmos-reason2-8b,"[GENERAL VEHICLE SAFETY]
1. Not visible
2. Not visible

[COLLISIONS & NEAR MISSES]
3. Not visible
4. Not visible

[PARKING & ACCESS VIOLATIONS]
5. Not visible
6. Not visible
7. Not visible

[SUSPICIOUS VEHICLE BEHAVIOR]
8. Not visible
9. Not visible
10. Not visible

[VEHICLE IDENTIFICATION]
11. Not visible
12. Not visible
13. Not visible

[PEDESTRIAN & CHILD SAFETY]
14. Not visible
15. Not visible
16. Not visible
17. Not visible"
20260604T134116Z,LP_Farmers_Market_Restroom_4_20260602T191500.jpg,,,dataset_20260603_063335/LP_Farmers_Market_Restroom_4/LP_Farmers_Market_Restroom_4_20260602T191500.jpg,vehicle_prompts,done,2026-06-04T14:00:58.229281+00:00,0.051,0.703,0.757,,nvidia/cosmos-reason2-8b,"### [GENERAL VEHICLE SAFETY]
1. Not visible
2. Not visible

### [COLLISIONS & NEAR MISSES]
3. Not visible
4. Not visible

### [PARKING & ACCESS VIOLATIONS]
5. Not visible
6. Not visible
7. Not visible

### [SUSPICIOUS VEHICLE BEHAVIOR]
8. Not visible
9. Not visible
10. Not visible

### [VEHICLE IDENTIFICATION]
11. Not visible
12. Not visible
13. Not visible

### [PEDESTRIAN & CHILD SAFETY]
14. Not visible
15. Not visible
16. Not visible
17. Not visible"
20260604T134116Z,LP_Farmers_Market_Restroom_4_20260602T193000.jpg,,,dataset_20260603_063335/LP_Farmers_Market_Restroom_4/LP_Farmers_Market_Restroom_4_20260602T193000.jpg,vehicle_prompts,done,2026-06-04T14:00:58.289533+00:00,0.046,0.815,0.876,,nvidia/cosmos-reason2-8b,"[GENERAL VEHICLE SAFETY]
1. Not visible
2. Not visible

[COLLISIONS & NEAR MISSES]
3. Not visible
4. Not visible

[PARKING & ACCESS VIOLATIONS]
5. Not visible
6. Not visible
7. Not visible

[SUSPICIOUS VEHICLE BEHAVIOR]
8. Not visible
9. Not visible
10. Not visible

[VEHICLE IDENTIFICATION]
11. Not visible
12. Not visible
13. Not visible

[PEDESTRIAN & CHILD SAFETY]
14. Not visible
15. Not visible
16. Not visible
17. Not visible"
20260604T134116Z,LP_Farmers_Market_Restroom_4_20260602T194500.jpg,,,dataset_20260603_063335/LP_Farmers_Market_Restroom_4/LP_Farmers_Market_Restroom_4_20260602T194500.jpg,vehicle_prompts,done,2026-06-04T14:00:58.533079+00:00,0.043,0.768,0.815,,nvidia/cosmos-reason2-8b,"### [GENERAL VEHICLE SAFETY]
1. Not visible
2. Not visible

### [COLLISIONS & NEAR MISSES]
3. Not visible
4. Not visible

### [PARKING & ACCESS VIOLATIONS]
5. Not visible
6. Not visible
7. Not visible

### [SUSPICIOUS VEHICLE BEHAVIOR]
8. Not visible
9. Not visible
10. Not visible

### [VEHICLE IDENTIFICATION]
11. Not visible
12. Not visible
13. Not visible

### [PEDESTRIAN & CHILD SAFETY]
14. Not visible
15. Not visible
16. Not visible
17. Not visible"
20260604T134116Z,LP_Farmers_Market_Restroom_4_20260602T200000.jpg,,,dataset_20260603_063335/LP_Farmers_Market_Restroom_4/LP_Farmers_Market_Restroom_4_20260602T200000.jpg,vehicle_prompts,done,2026-06-04T14:00:58.693356+00:00,0.048,0.781,0.834,,nvidia/cosmos-reason2-8b,"[GENERAL VEHICLE SAFETY]
1. Not visible
2. Not visible

[COLLISIONS & NEAR MISSES]
3. Not visible
4. Not visible

[PARKING & ACCESS VIOLATIONS]
5. Not visible
6. Not visible
7. Not visible

[SUSPICIOUS VEHICLE BEHAVIOR]
8. Not visible
9. Not visible
10. Not visible

[VEHICLE IDENTIFICATION]
11. Not visible
12. Not visible
13. Not visible

[PEDESTRIAN & CHILD SAFETY]
14. Not visible
15. Not visible
16. Not visible
17. Not visible"
20260604T134116Z,LP_Farmers_Market_Restroom_4_20260602T201500.jpg,,,dataset_20260603_063335/LP_Farmers_Market_Restroom_4/LP_Farmers_Market_Restroom_4_20260602T201500.jpg,vehicle_prompts,done,2026-06-04T14:00:58.988365+00:00,0.05,0.696,0.749,,nvidia/cosmos-reason2-8b,"### [GENERAL VEHICLE SAFETY]
1. Not visible
2. Not visible

### [COLLISIONS & NEAR MISSES]
3. Not visible
4. Not visible

### [PARKING & ACCESS VIOLATIONS]
5. Not visible
6. Not visible
7. Not visible

### [SUSPICIOUS VEHICLE BEHAVIOR]
8. Not visible
9. Not visible
10. Not visible

### [VEHICLE IDENTIFICATION]
11. Not visible
12. Not visible
13. Not visible

### [PEDESTRIAN & CHILD SAFETY]
14. Not visible
15. Not visible
16. Not visible
17. Not visible"
20260604T134116Z,LP_Farmers_Market_Restroom_4_20260602T203000.jpg,,,dataset_20260603_063335/LP_Farmers_Market_Restroom_4/LP_Farmers_Market_Restroom_4_20260602T203000.jpg,vehicle_prompts,done,2026-06-04T14:00:59.168333+00:00,0.047,0.714,0.764,,nvidia/cosmos-reason2-8b,"[GENERAL VEHICLE SAFETY]
1. Not visible
2. Not visible

[COLLISIONS & NEAR MISSES]
3. Not visible
4. Not visible

[PARKING & ACCESS VIOLATIONS]
5. Not visible
6. Not visible
7. Not visible

[SUSPICIOUS VEHICLE BEHAVIOR]
8. Not visible
9. Not visible
10. Not visible

[VEHICLE IDENTIFICATION]
11. Not visible
12. Not visible
13. Not visible

[PEDESTRIAN & CHILD SAFETY]
14. Not visible
15. Not visible
16. Not visible
17. Not visible"
20260604T134116Z,LP_Farmers_Market_Restroom_4_20260602T204500.jpg,,,dataset_20260603_063335/LP_Farmers_Market_Restroom_4/LP_Farmers_Market_Restroom_4_20260602T204500.jpg,vehicle_prompts,done,2026-06-04T14:00:59.350916+00:00,0.052,0.699,0.754,,nvidia/cosmos-reason2-8b,"[GENERAL VEHICLE SAFETY]
1. Not visible
2. Not visible

[COLLISIONS & NEAR MISSES]
3. Not visible
4. Not visible

[PARKING & ACCESS VIOLATIONS]
5. Not visible
6. Not visible
7. Not visible

[SUSPICIOUS VEHICLE BEHAVIOR]
8. Not visible
9. Not visible
10. Not visible

[VEHICLE IDENTIFICATION]
11. Not visible
12. Not visible
13. Not visible

[PEDESTRIAN & CHILD SAFETY]
14. Not visible
15. Not visible
16. Not visible
17. Not visible"
20260604T134116Z,LP_Farmers_Market_Restroom_4_20260602T210000.jpg,,,dataset_20260603_063335/LP_Farmers_Market_Restroom_4/LP_Farmers_Market_Restroom_4_20260602T210000.jpg,vehicle_prompts,done,2026-06-04T14:00:59.529790+00:00,0.049,0.74,0.792,,nvidia/cosmos-reason2-8b,"### [GENERAL VEHICLE SAFETY]
1. Not visible
2. Not visible

### [COLLISIONS & NEAR MISSES]
3. Not visible
4. Not visible

### [PARKING & ACCESS VIOLATIONS]
5. Not visible
6. Not visible
7. Not visible

### [SUSPICIOUS VEHICLE BEHAVIOR]
8. Not visible
9. Not visible
10. Not visible

### [VEHICLE IDENTIFICATION]
11. Not visible
12. Not visible
13. Not visible

### [PEDESTRIAN & CHILD SAFETY]
14. Not visible
15. Not visible
16. Not visible
17. Not visible"
20260604T134116Z,LP_Farmers_Market_Restroom_4_20260602T211500.jpg,,,dataset_20260603_063335/LP_Farmers_Market_Restroom_4/LP_Farmers_Market_Restroom_4_20260602T211500.jpg,vehicle_prompts,done,2026-06-04T14:00:59.740097+00:00,0.052,0.72,0.775,,nvidia/cosmos-reason2-8b,"### [GENERAL VEHICLE SAFETY]
1. Not visible
2. Not visible

### [COLLISIONS & NEAR MISSES]
3. Not visible
4. Not visible

### [PARKING & ACCESS VIOLATIONS]
5. Not visible
6. Not visible
7. Not visible

### [SUSPICIOUS VEHICLE BEHAVIOR]
8. Not visible
9. Not visible
10. Not visible

### [VEHICLE IDENTIFICATION]
11. Not visible
12. Not visible
13. Not visible

### [PEDESTRIAN & CHILD SAFETY]
14. Not visible
15. Not visible
16. Not visible
17. Not visible"
20260604T134116Z,LP_Farmers_Market_Restroom_4_20260602T213000.jpg,,,dataset_20260603_063335/LP_Farmers_Market_Restroom_4/LP_Farmers_Market_Restroom_4_20260602T213000.jpg,vehicle_prompts,done,2026-06-04T14:00:59.934926+00:00,0.04,0.761,0.804,,nvidia/cosmos-reason2-8b,"### [GENERAL VEHICLE SAFETY]
1. Not visible
2. Not visible

### [COLLISIONS & NEAR MISSES]
3. Not visible
4. Not visible

### [PARKING & ACCESS VIOLATIONS]
5. Not visible
6. Not visible
7. Not visible

### [SUSPICIOUS VEHICLE BEHAVIOR]
8. Not visible
9. Not visible
10. Not visible

### [VEHICLE IDENTIFICATION]
11. Not visible
12. Not visible
13. Not visible

### [PEDESTRIAN & CHILD SAFETY]
14. Not visible
15. Not visible
16. Not visible
17. Not visible"
20260604T134116Z,LP_Farmers_Market_Restroom_4_20260602T214500.jpg,,,dataset_20260603_063335/LP_Farmers_Market_Restroom_4/LP_Farmers_Market_Restroom_4_20260602T214500.jpg,vehicle_prompts,done,2026-06-04T14:01:00.107843+00:00,0.04,0.727,0.769,,nvidia/cosmos-reason2-8b,"[GENERAL VEHICLE SAFETY]
1. Not visible
2. Not visible

[COLLISIONS & NEAR MISSES]
3. Not visible
4. Not visible

[PARKING & ACCESS VIOLATIONS]
5. Not visible
6. Not visible
7. Not visible

[SUSPICIOUS VEHICLE BEHAVIOR]
8. Not visible
9. Not visible
10. Not visible

[VEHICLE IDENTIFICATION]
11. Not visible
12. Not visible
13. Not visible

[PEDESTRIAN & CHILD SAFETY]
14. Not visible
15. Not visible
16. Not visible
17. Not visible"
20260604T134116Z,LP_Farmers_Market_Restroom_4_20260602T220000.jpg,,,dataset_20260603_063335/LP_Farmers_Market_Restroom_4/LP_Farmers_Market_Restroom_4_20260602T220000.jpg,vehicle_prompts,done,2026-06-04T14:01:00.323956+00:00,0.042,0.712,0.757,,nvidia/cosmos-reason2-8b,"[date]

[GENERAL VEHICLE SAFETY]
1. Not visible
2. Not visible

[COLLISIONS & NEAR MISSES]
3. Not visible
4. Not visible

[PARKING & ACCESS VIOLATIONS]
5. Not visible
6. Not visible
7. Not visible

[SUSPICIOUS VEHICLE BEHAVIOR]
8. Not visible
9. Not visible
10. Not visible

[VEHICLE IDENTIFICATION]
11. Not visible
12. Not visible
13. Not visible

[PEDESTRIAN & CHILD SAFETY]
14. Not visible
15. Not visible
16. Not visible
17. Not visible"
20260604T134116Z,LP_Farmers_Market_Restroom_4_20260602T221500.jpg,,,dataset_20260603_063335/LP_Farmers_Market_Restroom_4/LP_Farmers_Market_Restroom_4_20260602T221500.jpg,vehicle_prompts,done,2026-06-04T14:01:00.517499+00:00,0.039,0.744,0.785,,nvidia/cosmos-reason2-8b,"### [GENERAL VEHICLE SAFETY]
1. Not visible
2. Not visible

### [COLLISIONS & NEAR MISSES]
3. Not visible
4. Not visible

### [PARKING & ACCESS VIOLATIONS]
5. Not visible
6. Not visible
7. Not visible

### [SUSPICIOUS VEHICLE BEHAVIOR]
8. Not visible
9. Not visible
10. Not visible

### [VEHICLE IDENTIFICATION]
11. Not visible
12. Not visible
13. Not visible

### [PEDESTRIAN & CHILD SAFETY]
14. Not visible
15. Not visible
16. Not visible
17. Not visible"
20260604T134116Z,LP_Farmers_Market_Restroom_4_20260602T223000.jpg,,,dataset_20260603_063335/LP_Farmers_Market_Restroom_4/LP_Farmers_Market_Restroom_4_20260602T223000.jpg,vehicle_prompts,done,2026-06-04T14:01:00.741404+00:00,0.042,0.906,0.95,,nvidia/cosmos-reason2-8b,"### GENERAL VEHICLE SAFETY
1. Not visible

2. Not visible

### COLLISIONS & NEAR MISSES
3. Not visible

4. Not visible

### PARKING & ACCESS VIOLATIONS
5. Not visible

6. Not visible

7. Not visible

### SUSPICIOUS VEHICLE BEHAVIOR
8. Not visible

9. Not visible

10. Not visible

### VEHICLE IDENTIFICATION
11. Not visible

12. Not visible

13. Not visible

### PEDESTRIAN & CHILD SAFETY
14. Not visible

15. Not visible

16. Not visible

17. Not visible"
20260604T134116Z,LP_Farmers_Market_Restroom_4_20260602T224500.jpg,,,dataset_20260603_063335/LP_Farmers_Market_Restroom_4/LP_Farmers_Market_Restroom_4_20260602T224500.jpg,vehicle_prompts,done,2026-06-04T14:01:00.879752+00:00,0.049,0.813,0.865,,nvidia/cosmos-reason2-8b,"### [GENERAL VEHICLE SAFETY]
1. Not visible
2. Not visible

### [COLLISIONS & NEAR MISSES]
3. Not visible
4. Not visible

### [PARKING & ACCESS VIOLATIONS]
5. Not visible
6. Not visible
7. Not visible

### [SUSPICIOUS VEHICLE BEHAVIOR]
8. Not visible
9. Not visible
10. Not visible

### [VEHICLE IDENTIFICATION]
11. Not visible
12. Not visible
13. Not visible

### [PEDESTRIAN & CHILD SAFETY]
14. Not visible
15. Not visible
16. Not visible
17. Not visible"
20260604T134116Z,LP_Farmers_Market_Restroom_4_20260602T230000.jpg,,,dataset_20260603_063335/LP_Farmers_Market_Restroom_4/LP_Farmers_Market_Restroom_4_20260602T230000.jpg,vehicle_prompts,done,2026-06-04T14:01:01.083575+00:00,0.056,0.658,0.729,,nvidia/cosmos-reason2-8b,"[date]

[GENERAL VEHICLE SAFETY]
1. Not visible

[COLLISIONS & NEAR MISSES]
3. Not visible

[PARKING & ACCESS VIOLATIONS]
5. Not visible

[SUSPICIOUS VEHICLE BEHAVIOR]
8. Not visible

[VEHICLE IDENTIFICATION]
11. Not visible

[PEDESTRIAN & CHILD SAFETY]
14. Not visible"
20260604T134116Z,LP_Farmers_Market_Restroom_4_20260602T231500.jpg,,,dataset_20260603_063335/LP_Farmers_Market_Restroom_4/LP_Farmers_Market_Restroom_4_20260602T231500.jpg,vehicle_prompts,done,2026-06-04T14:01:01.305190+00:00,0.048,0.81,0.862,,nvidia/cosmos-reason2-8b,"### [GENERAL VEHICLE SAFETY]
1. Not visible
2. Not visible

### [COLLISIONS & NEAR MISSES]
3. Not visible
4. Not visible

### [PARKING & ACCESS VIOLATIONS]
5. Not visible
6. Not visible
7. Not visible

### [SUSPICIOUS VEHICLE BEHAVIOR]
8. Not visible
9. Not visible
10. Not visible

### [VEHICLE IDENTIFICATION]
11. Not visible
12. Not visible
13. Not visible

### [PEDESTRIAN & CHILD SAFETY]
14. Not visible
15. Not visible
16. Not visible
17. Not visible"
20260604T134116Z,LP_Farmers_Market_Restroom_4_20260602T233000.jpg,,,dataset_20260603_063335/LP_Farmers_Market_Restroom_4/LP_Farmers_Market_Restroom_4_20260602T233000.jpg,vehicle_prompts,done,2026-06-04T14:01:01.694620+00:00,0.052,0.728,0.783,,nvidia/cosmos-reason2-8b,"[date]

[GENERAL VEHICLE SAFETY]
1. Not visible
2. Not visible

[COLLISIONS & NEAR MISSES]
3. Not visible
4. Not visible

[PARKING & ACCESS VIOLATIONS]
5. Not visible
6. Not visible
7. Not visible

[SUSPICIOUS VEHICLE BEHAVIOR]
8. Not visible
9. Not visible
10. Not visible

[VEHICLE IDENTIFICATION]
11. Not visible
12. Not visible
13. Not visible

[PEDESTRIAN & CHILD SAFETY]
14. Not visible
15. Not visible
16. Not visible
17. Not visible"
20260604T134116Z,LP_Farmers_Market_Restroom_4_20260602T234500.jpg,,,dataset_20260603_063335/LP_Farmers_Market_Restroom_4/LP_Farmers_Market_Restroom_4_20260602T234500.jpg,vehicle_prompts,done,2026-06-04T14:01:01.748746+00:00,0.051,0.818,0.873,,nvidia/cosmos-reason2-8b,"[date]

[GENERAL VEHICLE SAFETY]
1. Not visible
2. Not visible

[COLLISIONS & NEAR MISSES]
3. Not visible
4. Not visible

[PARKING & ACCESS VIOLATIONS]
5. Not visible
6. Not visible
7. Not visible

[SUSPICIOUS VEHICLE BEHAVIOR]
8. Not visible
9. Not visible
10. Not visible

[VEHICLE IDENTIFICATION]
11. Not visible
12. Not visible
13. Not visible

[PEDESTRIAN & CHILD SAFETY]
14. Not visible
15. Not visible
16. Not visible
17. Not visible"
20260604T134116Z,LP_Parking_and_Restroom_Loitering_1_20260602T000000.jpg,,,dataset_20260603_063335/LP_Parking_and_Restroom_Loitering_1/LP_Parking_and_Restroom_Loitering_1_20260602T000000.jpg,vehicle_prompts,done,2026-06-04T14:01:02.648051+00:00,0.18,1.273,1.473,,nvidia/cosmos-reason2-8b,"[date]

[GENERAL VEHICLE SAFETY]
1. Not visible
2. Not visible

[COLLISIONS & NEAR MISSES]
3. Not visible
4. Not visible

[PARKING & ACCESS VIOLATIONS]
5. Not visible
6. Not visible
7. Not visible

[SUSPICIOUS VEHICLE BEHAVIOR]
8. Not visible
9. Not visible
10. Not visible

[VEHICLE IDENTIFICATION]
11. Not visible
12. Not visible
13. Not visible

[PEDESTRIAN & CHILD SAFETY]
14. Not visible
15. Not visible
16. Not visible
17. Not visible"
20260604T134116Z,LP_Parking_and_Restroom_Loitering_1_20260602T001500.jpg,,,dataset_20260603_063335/LP_Parking_and_Restroom_Loitering_1/LP_Parking_and_Restroom_Loitering_1_20260602T001500.jpg,vehicle_prompts,done,2026-06-04T14:01:02.648514+00:00,0.179,1.142,1.341,,nvidia/cosmos-reason2-8b,"[date]

[GENERAL VEHICLE SAFETY]
1. Not visible
2. Not visible

[COLLISIONS & NEAR MISSES]
3. Not visible
4. Not visible

[PARKING & ACCESS VIOLATIONS]
5. Not visible
6. Not visible
7. Not visible

[SUSPICIOUS VEHICLE BEHAVIOR]
8. Not visible
9. Not visible
10. Not visible

[VEHICLE IDENTIFICATION]
11. Not visible
12. Not visible
13. Not visible

[PEDESTRIAN & CHILD SAFETY]
14. Not visible
15. Not visible
16. Not visible
17. Not visible"
20260604T134116Z,LP_Parking_and_Restroom_Loitering_1_20260602T003000.jpg,,,dataset_20260603_063335/LP_Parking_and_Restroom_Loitering_1/LP_Parking_and_Restroom_Loitering_1_20260602T003000.jpg,vehicle_prompts,done,2026-06-04T14:01:02.650646+00:00,0.18,1.323,1.522,,nvidia/cosmos-reason2-8b,"[date]

[GENERAL VEHICLE SAFETY]
1. Not visible
2. Not visible

[COLLISIONS & NEAR MISSES]
3. Not visible
4. Not visible

[PARKING & ACCESS VIOLATIONS]
5. Not visible
6. Not visible
7. Not visible

[SUSPICIOUS VEHICLE BEHAVIOR]
8. Not visible
9. Not visible
10. Not visible

[VEHICLE IDENTIFICATION]
11. Not visible
12. Not visible
13. Not visible

[PEDESTRIAN & CHILD SAFETY]
14. Not visible
15. Not visible
16. Not visible
17. Not visible"
20260604T134116Z,LP_Parking_and_Restroom_Loitering_1_20260602T004500.jpg,,,dataset_20260603_063335/LP_Parking_and_Restroom_Loitering_1/LP_Parking_and_Restroom_Loitering_1_20260602T004500.jpg,vehicle_prompts,done,2026-06-04T14:01:02.651785+00:00,0.179,1.209,1.405,,nvidia/cosmos-reason2-8b,"[date]

[GENERAL VEHICLE SAFETY]
1. Not visible
2. Not visible

[COLLISIONS & NEAR MISSES]
3. Not visible
4. Not visible

[PARKING & ACCESS VIOLATIONS]
5. Not visible
6. Not visible
7. Not visible

[SUSPICIOUS VEHICLE BEHAVIOR]
8. Not visible
9. Not visible
10. Not visible

[VEHICLE IDENTIFICATION]
11. Not visible
12. Not visible
13. Not visible

[PEDESTRIAN & CHILD SAFETY]
14. Not visible
15. Not visible
16. Not visible
17. Not visible"
20260604T134116Z,LP_Parking_and_Restroom_Loitering_1_20260602T010000.jpg,,,dataset_20260603_063335/LP_Parking_and_Restroom_Loitering_1/LP_Parking_and_Restroom_Loitering_1_20260602T010000.jpg,vehicle_prompts,done,2026-06-04T14:01:03.992396+00:00,0.055,0.851,0.91,,nvidia/cosmos-reason2-8b,"[GENERAL VEHICLE SAFETY]
1. Not visible
2. Not visible

[COLLISIONS & NEAR MISSES]
3. Not visible
4. Not visible

[PARKING & ACCESS VIOLATIONS]
5. Not visible
6. Not visible
7. Not visible

[SUSPICIOUS VEHICLE BEHAVIOR]
8. Not visible
9. Not visible
10. Not visible

[VEHICLE IDENTIFICATION]
11. Not visible
12. Not visible
13. Not visible

[PEDESTRIAN & CHILD SAFETY]
14. Not visible
15. Not visible
16. Not visible
17. Not visible"
20260604T134116Z,LP_Parking_and_Restroom_Loitering_1_20260602T011500.jpg,,,dataset_20260603_063335/LP_Parking_and_Restroom_Loitering_1/LP_Parking_and_Restroom_Loitering_1_20260602T011500.jpg,vehicle_prompts,done,2026-06-04T14:01:04.059261+00:00,0.044,1.112,1.159,,nvidia/cosmos-reason2-8b,"[GENERAL VEHICLE SAFETY]
1. Not visible
2. Not visible

[COLLISIONS & NEAR MISSES]
3. Not visible
4. Not visible

[PARKING & ACCESS VIOLATIONS]
5. Not visible
6. Not visible
7. Not visible

[SUSPICIOUS VEHICLE BEHAVIOR]
8. Not visible
9. Not visible
10. Not visible

[VEHICLE IDENTIFICATION]
11. Not visible
12. Not visible
13. Not visible

[PEDESTRIAN & CHILD SAFETY]
14. Not visible
15. Not visible
16. Not visible
17. Not visible"
20260604T134116Z,LP_Parking_and_Restroom_Loitering_1_20260602T013000.jpg,,,dataset_20260603_063335/LP_Parking_and_Restroom_Loitering_1/LP_Parking_and_Restroom_Loitering_1_20260602T013000.jpg,vehicle_prompts,done,2026-06-04T14:01:04.123683+00:00,0.049,0.851,0.903,,nvidia/cosmos-reason2-8b,"[date]

[GENERAL VEHICLE SAFETY]
1. Not visible
2. Not visible

[COLLISIONS & NEAR MISSES]
3. Not visible
4. Not visible

[PARKING & ACCESS VIOLATIONS]
5. Not visible
6. Not visible
7. Not visible

[SUSPICIOUS VEHICLE BEHAVIOR]
8. Not visible
9. Not visible
10. Not visible

[VEHICLE IDENTIFICATION]
11. Not visible
12. Not visible
13. Not visible

[PEDESTRIAN & CHILD SAFETY]
14. Not visible
15. Not visible
16. Not visible
17. Not visible"
20260604T134116Z,LP_Parking_and_Restroom_Loitering_1_20260602T014500.jpg,,,dataset_20260603_063335/LP_Parking_and_Restroom_Loitering_1/LP_Parking_and_Restroom_Loitering_1_20260602T014500.jpg,vehicle_prompts,done,2026-06-04T14:01:04.175168+00:00,0.046,1.145,1.193,,nvidia/cosmos-reason2-8b,"[GENERAL VEHICLE SAFETY]
1. Not visible
2. Not visible

[COLLISIONS & NEAR MISSES]
3. Not visible
4. Not visible

[PARKING & ACCESS VIOLATIONS]
5. Not visible
6. Not visible
7. Not visible

[SUSPICIOUS VEHICLE BEHAVIOR]
8. Not visible
9. Not visible
10. Not visible

[VEHICLE IDENTIFICATION]
11. Not visible
12. Not visible
13. Not visible

[PEDESTRIAN & CHILD SAFETY]
14. Not visible
15. Not visible
16. Not visible
17. Not visible"
20260604T134116Z,LP_Parking_and_Restroom_Loitering_1_20260602T020000.jpg,,,dataset_20260603_063335/LP_Parking_and_Restroom_Loitering_1/LP_Parking_and_Restroom_Loitering_1_20260602T020000.jpg,vehicle_prompts,done,2026-06-04T14:01:04.905064+00:00,0.053,0.743,0.799,,nvidia/cosmos-reason2-8b,"[GENERAL VEHICLE SAFETY]
1. Not visible
2. Not visible

[COLLISIONS & NEAR MISSES]
3. Not visible
4. Not visible

[PARKING & ACCESS VIOLATIONS]
5. Not visible
6. Not visible
7. Not visible

[SUSPICIOUS VEHICLE BEHAVIOR]
8. Not visible
9. Not visible
10. Not visible

[VEHICLE IDENTIFICATION]
11. Not visible
12. Not visible
13. Not visible

[PEDESTRIAN & CHILD SAFETY]
14. Not visible
15. Not visible
16. Not visible
17. Not visible"
20260604T134116Z,LP_Parking_and_Restroom_Loitering_1_20260602T021500.jpg,,,dataset_20260603_063335/LP_Parking_and_Restroom_Loitering_1/LP_Parking_and_Restroom_Loitering_1_20260602T021500.jpg,vehicle_prompts,done,2026-06-04T14:01:05.028919+00:00,0.039,0.817,0.859,,nvidia/cosmos-reason2-8b,"[date]

[GENERAL VEHICLE SAFETY]
1. Not visible
2. Not visible

[COLLISIONS & NEAR MISSES]
3. Not visible
4. Not visible

[PARKING & ACCESS VIOLATIONS]
5. Not visible
6. Not visible
7. Not visible

[SUSPICIOUS VEHICLE BEHAVIOR]
8. Not visible
9. Not visible
10. Not visible

[VEHICLE IDENTIFICATION]
11. Not visible
12. Not visible
13. Not visible

[PEDESTRIAN & CHILD SAFETY]
14. Not visible
15. Not visible
16. Not visible
17. Not visible"
20260604T134116Z,LP_Parking_and_Restroom_Loitering_1_20260602T023000.jpg,,,dataset_20260603_063335/LP_Parking_and_Restroom_Loitering_1/LP_Parking_and_Restroom_Loitering_1_20260602T023000.jpg,vehicle_prompts,done,2026-06-04T14:01:05.220707+00:00,0.054,0.75,0.819,,nvidia/cosmos-reason2-8b,"[date]

[GENERAL VEHICLE SAFETY]
1. Not visible
2. Not visible

[COLLISIONS & NEAR MISSES]
3. Not visible
4. Not visible

[PARKING & ACCESS VIOLATIONS]
5. Not visible
6. Not visible
7. Not visible

[SUSPICIOUS VEHICLE BEHAVIOR]
8. Not visible
9. Not visible
10. Not visible

[VEHICLE IDENTIFICATION]
11. Not visible
12. Not visible
13. Not visible

[PEDESTRIAN & CHILD SAFETY]
14. Not visible
15. Not visible
16. Not visible
17. Not visible"
20260604T134116Z,LP_Parking_and_Restroom_Loitering_1_20260602T024500.jpg,,,dataset_20260603_063335/LP_Parking_and_Restroom_Loitering_1/LP_Parking_and_Restroom_Loitering_1_20260602T024500.jpg,vehicle_prompts,done,2026-06-04T14:01:05.370888+00:00,0.036,0.805,0.844,,nvidia/cosmos-reason2-8b,"[date]

[GENERAL VEHICLE SAFETY]
1. Not visible
2. Not visible

[COLLISIONS & NEAR MISSES]
3. Not visible
4. Not visible

[PARKING & ACCESS VIOLATIONS]
5. Not visible
6. Not visible
7. Not visible

[SUSPICIOUS VEHICLE BEHAVIOR]
8. Not visible
9. Not visible
10. Not visible

[VEHICLE IDENTIFICATION]
11. Not visible
12. Not visible
13. Not visible

[PEDESTRIAN & CHILD SAFETY]
14. Not visible
15. Not visible
16. Not visible
17. Not visible"
20260604T134116Z,LP_Parking_and_Restroom_Loitering_1_20260602T030000.jpg,,,dataset_20260603_063335/LP_Parking_and_Restroom_Loitering_1/LP_Parking_and_Restroom_Loitering_1_20260602T030000.jpg,vehicle_prompts,done,2026-06-04T14:01:05.709547+00:00,0.047,0.677,0.728,,nvidia/cosmos-reason2-8b,"[GENERAL VEHICLE SAFETY]
1. Not visible
2. Not visible

[COLLISIONS & NEAR MISSES]
3. Not visible
4. Not visible

[PARKING & ACCESS VIOLATIONS]
5. Not visible
6. Not visible
7. Not visible

[SUSPICIOUS VEHICLE BEHAVIOR]
8. Not visible
9. Not visible
10. Not visible

[VEHICLE IDENTIFICATION]
11. Not visible
12. Not visible
13. Not visible

[PEDESTRIAN & CHILD SAFETY]
14. Not visible
15. Not visible
16. Not visible
17. Not visible"
20260604T134116Z,LP_Parking_and_Restroom_Loitering_1_20260602T031500.jpg,,,dataset_20260603_063335/LP_Parking_and_Restroom_Loitering_1/LP_Parking_and_Restroom_Loitering_1_20260602T031500.jpg,vehicle_prompts,done,2026-06-04T14:01:05.889954+00:00,0.053,0.654,0.711,,nvidia/cosmos-reason2-8b,"[GENERAL VEHICLE SAFETY]
1. Not visible
2. Not visible

[COLLISIONS & NEAR MISSES]
3. Not visible
4. Not visible

[PARKING & ACCESS VIOLATIONS]
5. Not visible
6. Not visible
7. Not visible

[SUSPICIOUS VEHICLE BEHAVIOR]
8. Not visible
9. Not visible
10. Not visible

[VEHICLE IDENTIFICATION]
11. Not visible
12. Not visible
13. Not visible

[PEDESTRIAN & CHILD SAFETY]
14. Not visible
15. Not visible
16. Not visible
17. Not visible"
20260604T134116Z,LP_Parking_and_Restroom_Loitering_1_20260602T033000.jpg,,,dataset_20260603_063335/LP_Parking_and_Restroom_Loitering_1/LP_Parking_and_Restroom_Loitering_1_20260602T033000.jpg,vehicle_prompts,done,2026-06-04T14:01:06.041694+00:00,0.049,0.705,0.757,,nvidia/cosmos-reason2-8b,"[GENERAL VEHICLE SAFETY]
1. Not visible
2. Not visible

[COLLISIONS & NEAR MISSES]
3. Not visible
4. Not visible

[PARKING & ACCESS VIOLATIONS]
5. Not visible
6. Not visible
7. Not visible

[SUSPICIOUS VEHICLE BEHAVIOR]
8. Not visible
9. Not visible
10. Not visible

[VEHICLE IDENTIFICATION]
11. Not visible
12. Not visible
13. Not visible

[PEDESTRIAN & CHILD SAFETY]
14. Not visible
15. Not visible
16. Not visible
17. Not visible"
20260604T134116Z,LP_Parking_and_Restroom_Loitering_1_20260602T034500.jpg,,,dataset_20260603_063335/LP_Parking_and_Restroom_Loitering_1/LP_Parking_and_Restroom_Loitering_1_20260602T034500.jpg,vehicle_prompts,done,2026-06-04T14:01:06.217596+00:00,0.047,0.726,0.777,,nvidia/cosmos-reason2-8b,"### [GENERAL VEHICLE SAFETY]
1. Not visible
2. Not visible

### [COLLISIONS & NEAR MISSES]
3. Not visible
4. Not visible

### [PARKING & ACCESS VIOLATIONS]
5. Not visible
6. Not visible
7. Not visible

### [SUSPICIOUS VEHICLE BEHAVIOR]
8. Not visible
9. Not visible
10. Not visible

### [VEHICLE IDENTIFICATION]
11. Not visible
12. Not visible
13. Not visible

### [PEDESTRIAN & CHILD SAFETY]
14. Not visible
15. Not visible
16. Not visible
17. Not visible"
20260604T134116Z,LP_Parking_and_Restroom_Loitering_1_20260602T040000.jpg,,,dataset_20260603_063335/LP_Parking_and_Restroom_Loitering_1/LP_Parking_and_Restroom_Loitering_1_20260602T040000.jpg,vehicle_prompts,done,2026-06-04T14:01:06.440554+00:00,0.052,0.665,0.72,,nvidia/cosmos-reason2-8b,"[date]

[GENERAL VEHICLE SAFETY]
1. Not visible
2. Not visible

[COLLISIONS & NEAR MISSES]
3. Not visible
4. Not visible

[PARKING & ACCESS VIOLATIONS]
5. Not visible
6. Not visible
7. Not visible

[SUSPICIOUS VEHICLE BEHAVIOR]
8. Not visible
9. Not visible
10. Not visible

[VEHICLE IDENTIFICATION]
11. Not visible
12. Not visible
13. Not visible

[PEDESTRIAN & CHILD SAFETY]
14. Not visible
15. Not visible
16. Not visible
17. Not visible"
20260604T134116Z,LP_Parking_and_Restroom_Loitering_1_20260602T041500.jpg,,,dataset_20260603_063335/LP_Parking_and_Restroom_Loitering_1/LP_Parking_and_Restroom_Loitering_1_20260602T041500.jpg,vehicle_prompts,done,2026-06-04T14:01:06.603382+00:00,0.045,0.779,0.827,,nvidia/cosmos-reason2-8b,"[GENERAL VEHICLE SAFETY]
1. Not visible
2. Not visible

[COLLISIONS & NEAR MISSES]
3. Not visible
4. Not visible

[PARKING & ACCESS VIOLATIONS]
5. Not visible
6. Not visible
7. Not visible

[SUSPICIOUS VEHICLE BEHAVIOR]
8. Not visible
9. Not visible
10. Not visible

[VEHICLE IDENTIFICATION]
11. Not visible
12. Not visible
13. Not visible

[PEDESTRIAN & CHILD SAFETY]
14. Not visible
15. Not visible
16. Not visible
17. Not visible"
20260604T134116Z,LP_Parking_and_Restroom_Loitering_1_20260602T043000.jpg,,,dataset_20260603_063335/LP_Parking_and_Restroom_Loitering_1/LP_Parking_and_Restroom_Loitering_1_20260602T043000.jpg,vehicle_prompts,done,2026-06-04T14:01:06.801177+00:00,0.05,0.725,0.778,,nvidia/cosmos-reason2-8b,"[GENERAL VEHICLE SAFETY]
1. Not visible
2. Not visible

[COLLISIONS & NEAR MISSES]
3. Not visible
4. Not visible

[PARKING & ACCESS VIOLATIONS]
5. Not visible
6. Not visible
7. Not visible

[SUSPICIOUS VEHICLE BEHAVIOR]
8. Not visible
9. Not visible
10. Not visible

[VEHICLE IDENTIFICATION]
11. Not visible
12. Not visible
13. Not visible

[PEDESTRIAN & CHILD SAFETY]
14. Not visible
15. Not visible
16. Not visible
17. Not visible"
20260604T134116Z,LP_Parking_and_Restroom_Loitering_1_20260602T044500.jpg,,,dataset_20260603_063335/LP_Parking_and_Restroom_Loitering_1/LP_Parking_and_Restroom_Loitering_1_20260602T044500.jpg,vehicle_prompts,done,2026-06-04T14:01:06.996995+00:00,0.04,0.737,0.78,,nvidia/cosmos-reason2-8b,"[GENERAL VEHICLE SAFETY]
1. Not visible
2. Not visible

[COLLISIONS & NEAR MISSES]
3. Not visible
4. Not visible

[PARKING & ACCESS VIOLATIONS]
5. Not visible
6. Not visible
7. Not visible

[SUSPICIOUS VEHICLE BEHAVIOR]
8. Not visible
9. Not visible
10. Not visible

[VEHICLE IDENTIFICATION]
11. Not visible
12. Not visible
13. Not visible

[PEDESTRIAN & CHILD SAFETY]
14. Not visible
15. Not visible
16. Not visible
17. Not visible"
20260604T134116Z,LP_Parking_and_Restroom_Loitering_1_20260602T050000.jpg,,,dataset_20260603_063335/LP_Parking_and_Restroom_Loitering_1/LP_Parking_and_Restroom_Loitering_1_20260602T050000.jpg,vehicle_prompts,done,2026-06-04T14:01:07.163673+00:00,0.051,0.711,0.765,,nvidia/cosmos-reason2-8b,"[GENERAL VEHICLE SAFETY]
1. Not visible
2. Not visible

[COLLISIONS & NEAR MISSES]
3. Not visible
4. Not visible

[PARKING & ACCESS VIOLATIONS]
5. Not visible
6. Not visible
7. Not visible

[SUSPICIOUS VEHICLE BEHAVIOR]
8. Not visible
9. Not visible
10. Not visible

[VEHICLE IDENTIFICATION]
11. Not visible
12. Not visible
13. Not visible

[PEDESTRIAN & CHILD SAFETY]
14. Not visible
15. Not visible
16. Not visible
17. Not visible"
20260604T134116Z,LP_Parking_and_Restroom_Loitering_1_20260602T051500.jpg,,,dataset_20260603_063335/LP_Parking_and_Restroom_Loitering_1/LP_Parking_and_Restroom_Loitering_1_20260602T051500.jpg,vehicle_prompts,done,2026-06-04T14:01:07.433006+00:00,0.056,0.68,0.738,,nvidia/cosmos-reason2-8b,"[GENERAL VEHICLE SAFETY]
1. Not visible
2. Not visible

[COLLISIONS & NEAR MISSES]
3. Not visible
4. Not visible

[PARKING & ACCESS VIOLATIONS]
5. Not visible
6. Not visible
7. Not visible

[SUSPICIOUS VEHICLE BEHAVIOR]
8. Not visible
9. Not visible
10. Not visible

[VEHICLE IDENTIFICATION]
11. Not visible
12. Not visible
13. Not visible

[PEDESTRIAN & CHILD SAFETY]
14. Not visible
15. Not visible
16. Not visible
17. Not visible"
20260604T134116Z,LP_Parking_and_Restroom_Loitering_1_20260602T053000.jpg,,,dataset_20260603_063335/LP_Parking_and_Restroom_Loitering_1/LP_Parking_and_Restroom_Loitering_1_20260602T053000.jpg,vehicle_prompts,done,2026-06-04T14:01:07.582304+00:00,0.051,0.691,0.745,,nvidia/cosmos-reason2-8b,"[GENERAL VEHICLE SAFETY]
1. Not visible
2. Not visible

[COLLISIONS & NEAR MISSES]
3. Not visible
4. Not visible

[PARKING & ACCESS VIOLATIONS]
5. Not visible
6. Not visible
7. Not visible

[SUSPICIOUS VEHICLE BEHAVIOR]
8. Not visible
9. Not visible
10. Not visible

[VEHICLE IDENTIFICATION]
11. Not visible
12. Not visible
13. Not visible

[PEDESTRIAN & CHILD SAFETY]
14. Not visible
15. Not visible
16. Not visible
17. Not visible"
20260604T134116Z,LP_Parking_and_Restroom_Loitering_1_20260602T054500.jpg,,,dataset_20260603_063335/LP_Parking_and_Restroom_Loitering_1/LP_Parking_and_Restroom_Loitering_1_20260602T054500.jpg,vehicle_prompts,done,2026-06-04T14:01:07.779483+00:00,0.041,0.808,0.852,,nvidia/cosmos-reason2-8b,"[GENERAL VEHICLE SAFETY]
1. Not visible
2. Not visible

[COLLISIONS & NEAR MISSES]
3. Not visible
4. Not visible

[PARKING & ACCESS VIOLATIONS]
5. Not visible
6. Not visible
7. Not visible

[SUSPICIOUS VEHICLE BEHAVIOR]
8. Not visible
9. Not visible
10. Not visible

[VEHICLE IDENTIFICATION]
11. Not visible
12. Not visible
13. Not visible

[PEDESTRIAN & CHILD SAFETY]
14. Not visible
15. Not visible
16. Not visible
17. Not visible"
20260604T134116Z,LP_Parking_and_Restroom_Loitering_1_20260602T060000.jpg,,,dataset_20260603_063335/LP_Parking_and_Restroom_Loitering_1/LP_Parking_and_Restroom_Loitering_1_20260602T060000.jpg,vehicle_prompts,done,2026-06-04T14:01:07.931130+00:00,0.051,0.798,0.852,,nvidia/cosmos-reason2-8b,"[date]

[GENERAL VEHICLE SAFETY]
1. Not visible
2. Not visible

[COLLISIONS & NEAR MISSES]
3. Not visible
4. Not visible

[PARKING & ACCESS VIOLATIONS]
5. Not visible
6. Not visible
7. Not visible

[SUSPICIOUS VEHICLE BEHAVIOR]
8. Not visible
9. Not visible
10. Not visible

[VEHICLE IDENTIFICATION]
11. Not visible
12. Not visible
13. Not visible

[PEDESTRIAN & CHILD SAFETY]
14. Not visible
15. Not visible
16. Not visible
17. Not visible"
20260604T134116Z,LP_Parking_and_Restroom_Loitering_1_20260602T061500.jpg,,,dataset_20260603_063335/LP_Parking_and_Restroom_Loitering_1/LP_Parking_and_Restroom_Loitering_1_20260602T061500.jpg,vehicle_prompts,done,2026-06-04T14:01:08.173742+00:00,0.046,0.701,0.75,,nvidia/cosmos-reason2-8b,"[GENERAL VEHICLE SAFETY]
1. Not visible
2. Not visible

[COLLISIONS & NEAR MISSES]
3. Not visible
4. Not visible

[PARKING & ACCESS VIOLATIONS]
5. Not visible
6. Not visible
7. Not visible

[SUSPICIOUS VEHICLE BEHAVIOR]
8. Not visible
9. Not visible
10. Not visible

[VEHICLE IDENTIFICATION]
11. Not visible
12. Not visible
13. Not visible

[PEDESTRIAN & CHILD SAFETY]
14. Not visible
15. Not visible
16. Not visible
17. Not visible"
20260604T134116Z,LP_Parking_and_Restroom_Loitering_1_20260602T063000.jpg,,,dataset_20260603_063335/LP_Parking_and_Restroom_Loitering_1/LP_Parking_and_Restroom_Loitering_1_20260602T063000.jpg,vehicle_prompts,done,2026-06-04T14:01:08.329939+00:00,0.051,0.832,0.886,,nvidia/cosmos-reason2-8b,"[GENERAL VEHICLE SAFETY]
1. Not visible
2. Not visible

[COLLISIONS & NEAR MISSES]
3. Not visible
4. Not visible

[PARKING & ACCESS VIOLATIONS]
5. Not visible
6. Not visible
7. Not visible

[SUSPICIOUS VEHICLE BEHAVIOR]
8. Not visible
9. Not visible
10. Not visible

[VEHICLE IDENTIFICATION]
11. Not visible
12. Not visible
13. Not visible

[PEDESTRIAN & CHILD SAFETY]
14. Not visible
15. Not visible
16. Not visible
17. Not visible"
20260604T134116Z,LP_Parking_and_Restroom_Loitering_1_20260602T064500.jpg,,,dataset_20260603_063335/LP_Parking_and_Restroom_Loitering_1/LP_Parking_and_Restroom_Loitering_1_20260602T064500.jpg,vehicle_prompts,done,2026-06-04T14:01:08.633556+00:00,0.055,0.669,0.728,,nvidia/cosmos-reason2-8b,"### [GENERAL VEHICLE SAFETY]
1. Not visible
2. Not visible

### [COLLISIONS & NEAR MISSES]
3. Not visible
4. Not visible

### [PARKING & ACCESS VIOLATIONS]
5. Not visible
6. Not visible
7. Not visible

### [SUSPICIOUS VEHICLE BEHAVIOR]
8. Not visible
9. Not visible
10. Not visible

### [VEHICLE IDENTIFICATION]
11. Not visible
12. Not visible
13. Not visible

### [PEDESTRIAN & CHILD SAFETY]
14. Not visible
15. Not visible
16. Not visible
17. Not visible"
20260604T134116Z,LP_Parking_and_Restroom_Loitering_1_20260602T070000.jpg,,,dataset_20260603_063335/LP_Parking_and_Restroom_Loitering_1/LP_Parking_and_Restroom_Loitering_1_20260602T070000.jpg,vehicle_prompts,done,2026-06-04T14:01:08.785946+00:00,0.042,0.861,0.908,,nvidia/cosmos-reason2-8b,"[date]

[GENERAL VEHICLE SAFETY]
1. Not visible
2. Not visible

[COLLISIONS & NEAR MISSES]
3. Not visible
4. Not visible

[PARKING & ACCESS VIOLATIONS]
5. Not visible
6. Not visible
7. Not visible

[SUSPICIOUS VEHICLE BEHAVIOR]
8. Not visible
9. Not visible
10. Not visible

[VEHICLE IDENTIFICATION]
11. Not visible
12. Not visible
13. Not visible

[PEDESTRIAN & CHILD SAFETY]
14. Not visible
15. Not visible
16. Not visible
17. Not visible"
20260604T134116Z,LP_Parking_and_Restroom_Loitering_1_20260602T071500.jpg,,,dataset_20260603_063335/LP_Parking_and_Restroom_Loitering_1/LP_Parking_and_Restroom_Loitering_1_20260602T071500.jpg,vehicle_prompts,done,2026-06-04T14:01:08.925929+00:00,0.037,0.801,0.843,,nvidia/cosmos-reason2-8b,"[GENERAL VEHICLE SAFETY]
1. Not visible
2. Not visible

[COLLISIONS & NEAR MISSES]
3. Not visible
4. Not visible

[PARKING & ACCESS VIOLATIONS]
5. Not visible
6. Not visible
7. Not visible

[SUSPICIOUS VEHICLE BEHAVIOR]
8. Not visible
9. Not visible
10. Not visible

[VEHICLE IDENTIFICATION]
11. Not visible
12. Not visible
13. Not visible

[PEDESTRIAN & CHILD SAFETY]
14. Not visible
15. Not visible
16. Not visible
17. Not visible"
20260604T134116Z,LP_Parking_and_Restroom_Loitering_1_20260602T073000.jpg,,,dataset_20260603_063335/LP_Parking_and_Restroom_Loitering_1/LP_Parking_and_Restroom_Loitering_1_20260602T073000.jpg,vehicle_prompts,done,2026-06-04T14:01:09.218757+00:00,0.059,0.725,0.791,,nvidia/cosmos-reason2-8b,"### [GENERAL VEHICLE SAFETY]
1. Not visible
2. Not visible

### [COLLISIONS & NEAR MISSES]
3. Not visible
4. Not visible

### [PARKING & ACCESS VIOLATIONS]
5. Not visible
6. Not visible
7. Not visible

### [SUSPICIOUS VEHICLE BEHAVIOR]
8. Not visible
9. Not visible
10. Not visible

### [VEHICLE IDENTIFICATION]
11. Not visible
12. Not visible
13. Not visible

### [PEDESTRIAN & CHILD SAFETY]
14. Not visible
15. Not visible
16. Not visible
17. Not visible"
20260604T134116Z,LP_Parking_and_Restroom_Loitering_1_20260602T074500.jpg,,,dataset_20260603_063335/LP_Parking_and_Restroom_Loitering_1/LP_Parking_and_Restroom_Loitering_1_20260602T074500.jpg,vehicle_prompts,done,2026-06-04T14:01:09.363843+00:00,0.051,0.734,0.791,,nvidia/cosmos-reason2-8b,"[GENERAL VEHICLE SAFETY]
1. Not visible
2. Not visible

[COLLISIONS & NEAR MISSES]
3. Not visible
4. Not visible

[PARKING & ACCESS VIOLATIONS]
5. Not visible
6. Not visible
7. Not visible

[SUSPICIOUS VEHICLE BEHAVIOR]
8. Not visible
9. Not visible
10. Not visible

[VEHICLE IDENTIFICATION]
11. Not visible
12. Not visible
13. Not visible

[PEDESTRIAN & CHILD SAFETY]
14. Not visible
15. Not visible
16. Not visible
17. Not visible"
20260604T134116Z,LP_Parking_and_Restroom_Loitering_1_20260602T080000.jpg,,,dataset_20260603_063335/LP_Parking_and_Restroom_Loitering_1/LP_Parking_and_Restroom_Loitering_1_20260602T080000.jpg,vehicle_prompts,done,2026-06-04T14:01:09.697261+00:00,0.049,0.745,0.8,,nvidia/cosmos-reason2-8b,"[date]

[GENERAL VEHICLE SAFETY]
1. Not visible
2. Not visible

[COLLISIONS & NEAR MISSES]
3. Not visible
4. Not visible

[PARKING & ACCESS VIOLATIONS]
5. Not visible
6. Not visible
7. Not visible

[SUSPICIOUS VEHICLE BEHAVIOR]
8. Not visible
9. Not visible
10. Not visible

[VEHICLE IDENTIFICATION]
11. Not visible
12. Not visible
13. Not visible

[PEDESTRIAN & CHILD SAFETY]
14. Not visible
15. Not visible
16. Not visible
17. Not visible"
20260604T134116Z,LP_Parking_and_Restroom_Loitering_1_20260602T081500.jpg,,,dataset_20260603_063335/LP_Parking_and_Restroom_Loitering_1/LP_Parking_and_Restroom_Loitering_1_20260602T081500.jpg,vehicle_prompts,done,2026-06-04T14:01:09.771651+00:00,0.051,0.807,0.863,,nvidia/cosmos-reason2-8b,"[GENERAL VEHICLE SAFETY]
1. Not visible
2. Not visible

[COLLISIONS & NEAR MISSES]
3. Not visible
4. Not visible

[PARKING & ACCESS VIOLATIONS]
5. Not visible
6. Not visible
7. Not visible

[SUSPICIOUS VEHICLE BEHAVIOR]
8. Not visible
9. Not visible
10. Not visible

[VEHICLE IDENTIFICATION]
11. Not visible
12. Not visible
13. Gray SUV

[PEDESTRIAN & CHILD SAFETY]
14. Not visible
15. Not visible
16. Not visible
17. Not visible"
20260604T134116Z,LP_Parking_and_Restroom_Loitering_1_20260602T083000.jpg,,,dataset_20260603_063335/LP_Parking_and_Restroom_Loitering_1/LP_Parking_and_Restroom_Loitering_1_20260602T083000.jpg,vehicle_prompts,done,2026-06-04T14:01:10.012705+00:00,0.051,0.863,0.92,,nvidia/cosmos-reason2-8b,"[GENERAL VEHICLE SAFETY]
1. Not visible
2. Not visible

[COLLISIONS & NEAR MISSES]
3. Not visible
4. Not visible

[PARKING & ACCESS VIOLATIONS]
5. Not visible
6. Not visible
7. Not visible

[SUSPICIOUS VEHICLE BEHAVIOR]
8. Not visible
9. Not visible
10. Not visible

[VEHICLE IDENTIFICATION]
11. Not visible
12. Not visible
13. Gray SUV

[PEDESTRIAN & CHILD SAFETY]
14. Not visible
15. Not visible
16. Not visible
17. Not visible"
20260604T134116Z,LP_Parking_and_Restroom_Loitering_1_20260602T084500.jpg,,,dataset_20260603_063335/LP_Parking_and_Restroom_Loitering_1/LP_Parking_and_Restroom_Loitering_1_20260602T084500.jpg,vehicle_prompts,done,2026-06-04T14:01:10.158367+00:00,0.054,0.842,0.902,,nvidia/cosmos-reason2-8b,"[GENERAL VEHICLE SAFETY]
1. Not visible
2. Not visible

[COLLISIONS & NEAR MISSES]
3. Not visible
4. Not visible

[PARKING & ACCESS VIOLATIONS]
5. Not visible
6. Not visible
7. Not visible

[SUSPICIOUS VEHICLE BEHAVIOR]
8. Not visible
9. Not visible
10. Not visible

[VEHICLE IDENTIFICATION]
11. Not visible
12. Not visible
13. Black SUV with a roof rack; gray SUV with a roof rack
14. Not visible
15. Not visible
16. Not visible
17. Not visible"
20260604T134116Z,LP_Parking_and_Restroom_Loitering_1_20260602T090000.jpg,,,dataset_20260603_063335/LP_Parking_and_Restroom_Loitering_1/LP_Parking_and_Restroom_Loitering_1_20260602T090000.jpg,vehicle_prompts,done,2026-06-04T14:01:10.500288+00:00,0.055,0.793,0.854,,nvidia/cosmos-reason2-8b,"[GENERAL VEHICLE SAFETY]
1. Not visible
2. Not visible

[COLLISIONS & NEAR MISSES]
3. Not visible
4. Not visible

[PARKING & ACCESS VIOLATIONS]
5. Not visible
6. Not visible
7. Not visible

[SUSPICIOUS VEHICLE BEHAVIOR]
8. Not visible
9. Not visible
10. Not visible

[VEHICLE IDENTIFICATION]
11. Not visible
12. Not visible
13. Black SUV with a roof rack; White SUV; Dark-colored SUV; Partially visible vehicle with a blue light bar
14. Not visible
15. Not visible
16. Not visible
17. Not visible"
20260604T134116Z,LP_Parking_and_Restroom_Loitering_1_20260602T091500.jpg,,,dataset_20260603_063335/LP_Parking_and_Restroom_Loitering_1/LP_Parking_and_Restroom_Loitering_1_20260602T091500.jpg,vehicle_prompts,done,2026-06-04T14:01:10.638683+00:00,0.052,0.791,0.86,,nvidia/cosmos-reason2-8b,"[GENERAL VEHICLE SAFETY]
1. Not visible
2. Not visible

[COLLISIONS & NEAR MISSES]
3. Not visible
4. Not visible

[PARKING & ACCESS VIOLATIONS]
5. Not visible
6. Not visible
7. Not visible

[SUSPICIOUS VEHICLE BEHAVIOR]
8. Not visible
9. Not visible
10. Not visible

[VEHICLE IDENTIFICATION]
11. Not visible
12. Not visible
13. SUV - Black, SUV - White, SUV - Gray
14. Not visible
15. Not visible
16. Not visible
17. Not visible"
20260604T134116Z,LP_Parking_and_Restroom_Loitering_1_20260602T093000.jpg,,,dataset_20260603_063335/LP_Parking_and_Restroom_Loitering_1/LP_Parking_and_Restroom_Loitering_1_20260602T093000.jpg,vehicle_prompts,done,2026-06-04T14:01:10.940341+00:00,0.051,0.787,0.843,,nvidia/cosmos-reason2-8b,"### [GENERAL VEHICLE SAFETY]
1. Not visible
2. Not visible

### [COLLISIONS & NEAR MISSES]
3. Not visible
4. Not visible

### [PARKING & ACCESS VIOLATIONS]
5. Not visible
6. Not visible
7. Not visible

### [SUSPICIOUS VEHICLE BEHAVIOR]
8. Not visible
9. Not visible
10. Not visible

### [VEHICLE IDENTIFICATION]
11. Not visible
12. Not visible
13. Not visible

### [PEDESTRIAN & CHILD SAFETY]
14. Not visible
15. Not visible
16. Not visible
17. Not visible"
20260604T134116Z,LP_Parking_and_Restroom_Loitering_1_20260602T094500.jpg,,,dataset_20260603_063335/LP_Parking_and_Restroom_Loitering_1/LP_Parking_and_Restroom_Loitering_1_20260602T094500.jpg,vehicle_prompts,done,2026-06-04T14:01:11.062720+00:00,0.044,0.831,0.88,,nvidia/cosmos-reason2-8b,"[GENERAL VEHICLE SAFETY]
1. Not visible
2. Not visible

[COLLISIONS & NEAR MISSES]
3. Not visible
4. Not visible

[PARKING & ACCESS VIOLATIONS]
5. Not visible
6. Not visible
7. Not visible

[SUSPICIOUS VEHICLE BEHAVIOR]
8. Not visible
9. Not visible
10. Not visible

[VEHICLE IDENTIFICATION]
11. Not visible
12. Not visible
13. SUV - Black, SUV - White, SUV - Gray
14. Not visible
15. Not visible
16. Not visible
17. Not visible"
20260604T134116Z,LP_Parking_and_Restroom_Loitering_1_20260602T100000.jpg,,,dataset_20260603_063335/LP_Parking_and_Restroom_Loitering_1/LP_Parking_and_Restroom_Loitering_1_20260602T100000.jpg,vehicle_prompts,done,2026-06-04T14:01:11.356765+00:00,0.045,0.705,0.754,,nvidia/cosmos-reason2-8b,"[GENERAL VEHICLE SAFETY]
1. Yes, all vehicles are parked in designated areas without obstruction or erratic behavior.
2. Not visible

[COLLISIONS & NEAR MISSES]
3. No
4. Not visible

[PARKING & ACCESS VIOLATIONS]
5. Not visible
6. Not visible
7. Not visible

[SUSPICIOUS VEHICLE BEHAVIOR]
8. Not visible
9. Not visible
10. Not visible

[VEHICLE IDENTIFICATION]
11. Not visible
12. Not visible
13. Black SUV, white SUV, gray SUV
14. Not visible
15. Not visible
16. Not visible
17. Not visible"
20260604T134116Z,LP_Parking_and_Restroom_Loitering_1_20260602T101500.jpg,,,dataset_20260603_063335/LP_Parking_and_Restroom_Loitering_1/LP_Parking_and_Restroom_Loitering_1_20260602T101500.jpg,vehicle_prompts,done,2026-06-04T14:01:11.501307+00:00,0.052,0.695,0.749,,nvidia/cosmos-reason2-8b,"[GENERAL VEHICLE SAFETY]
1. Not visible
2. Not visible

[COLLISIONS & NEAR MISSES]
3. Not visible
4. Not visible

[PARKING & ACCESS VIOLATIONS]
5. Not visible
6. Not visible
7. Not visible

[SUSPICIOUS VEHICLE BEHAVIOR]
8. Not visible
9. Not visible
10. Not visible

[VEHICLE IDENTIFICATION]
11. Not visible
12. Not visible
13. Not visible

[PEDESTRIAN & CHILD SAFETY]
14. Not visible
15. Not visible
16. Not visible
17. Not visible"
20260604T134116Z,LP_Parking_and_Restroom_Loitering_1_20260602T103000.jpg,,,dataset_20260603_063335/LP_Parking_and_Restroom_Loitering_1/LP_Parking_and_Restroom_Loitering_1_20260602T103000.jpg,vehicle_prompts,done,2026-06-04T14:01:11.785811+00:00,0.05,0.714,0.768,,nvidia/cosmos-reason2-8b,"[GENERAL VEHICLE SAFETY]
1. Yes, all vehicles are parked in designated areas with no erratic maneuvers or obstruction of emergency routes.
2. Not visible

[COLLISIONS & NEAR MISSES]
3. No
4. Not visible

[PARKING & ACCESS VIOLATIONS]
5. Not visible
6. Not visible
7. Not visible

[SUSPICIOUS VEHICLE BEHAVIOR]
8. Not visible
9. Not visible
10. Not visible

[VEHICLE IDENTIFICATION]
11. Not visible
12. Not visible
13. Black SUV, White SUV, Gray SUV
14. Not visible
15. Not visible
16. Not visible
17. Not visible"
20260604T134116Z,LP_Parking_and_Restroom_Loitering_1_20260602T104500.jpg,,,dataset_20260603_063335/LP_Parking_and_Restroom_Loitering_1/LP_Parking_and_Restroom_Loitering_1_20260602T104500.jpg,vehicle_prompts,done,2026-06-04T14:01:11.946643+00:00,0.051,0.777,0.832,,nvidia/cosmos-reason2-8b,"[GENERAL VEHICLE SAFETY]
1. Yes, all vehicles are parked in designated areas without obstruction or erratic behavior.
2. Not visible

[COLLISIONS & NEAR MISSES]
3. No
4. Not visible

[PARKING & ACCESS VIOLATIONS]
5. Not visible
6. Not visible
7. Not visible

[SUSPICIOUS VEHICLE BEHAVIOR]
8. Not visible
9. Not visible
10. Not visible

[VEHICLE IDENTIFICATION]
11. Not visible
12. Not visible
13. Black SUV, white SUV, dark-colored SUV
14. Not visible
15. Not visible
16. Not visible
17. Not visible"
20260604T134116Z,LP_Parking_and_Restroom_Loitering_1_20260602T110000.jpg,,,dataset_20260603_063335/LP_Parking_and_Restroom_Loitering_1/LP_Parking_and_Restroom_Loitering_1_20260602T110000.jpg,vehicle_prompts,done,2026-06-04T14:01:12.113103+00:00,0.046,0.764,0.813,,nvidia/cosmos-reason2-8b,"[GENERAL VEHICLE SAFETY]
1. Not visible
2. Not visible

[COLLISIONS & NEAR MISSES]
3. Not visible
4. Not visible

[PARKING & ACCESS VIOLATIONS]
5. Not visible
6. Not visible
7. Not visible

[SUSPICIOUS VEHICLE BEHAVIOR]
8. Not visible
9. Not visible
10. Not visible

[VEHICLE IDENTIFICATION]
11. Not visible
12. Not visible
13. Black SUV, White SUV, Dark-colored SUV
14. Not visible
15. Not visible
16. Not visible
17. Not visible"
20260604T134116Z,LP_Parking_and_Restroom_Loitering_1_20260602T111500.jpg,,,dataset_20260603_063335/LP_Parking_and_Restroom_Loitering_1/LP_Parking_and_Restroom_Loitering_1_20260602T111500.jpg,vehicle_prompts,done,2026-06-04T14:01:12.253075+00:00,0.04,0.824,0.868,,nvidia/cosmos-reason2-8b,"[GENERAL VEHICLE SAFETY]
1. Yes, all vehicles are parked in designated areas without obstruction or erratic behavior.
2. Not visible

[COLLISIONS & NEAR MISSES]
3. No
4. Not visible

[PARKING & ACCESS VIOLATIONS]
5. Not visible
6. Not visible
7. Not visible

[SUSPICIOUS VEHICLE BEHAVIOR]
8. Not visible
9. Not visible
10. Not visible

[VEHICLE IDENTIFICATION]
11. Not visible
12. Not visible
13. Black SUV, White SUV, Dark-colored sedan
14. Not visible
15. Not visible
16. Not visible
17. Not visible"
20260604T134116Z,LP_Parking_and_Restroom_Loitering_1_20260602T113000.jpg,,,dataset_20260603_063335/LP_Parking_and_Restroom_Loitering_1/LP_Parking_and_Restroom_Loitering_1_20260602T113000.jpg,vehicle_prompts,done,2026-06-04T14:01:12.556221+00:00,0.044,0.756,0.813,,nvidia/cosmos-reason2-8b,"[GENERAL VEHICLE SAFETY]
1. Yes, all vehicles are parked in designated areas with no erratic maneuvers or obstruction of emergency routes.
2. Not visible

[COLLISIONS & NEAR MISSES]
3. No
4. Not visible

[PARKING & ACCESS VIOLATIONS]
5. Not visible
6. Not visible
7. Not visible

[SUSPICIOUS VEHICLE BEHAVIOR]
8. Not visible
9. Not visible
10. Not visible

[VEHICLE IDENTIFICATION]
11. Not visible
12. Not visible
13. Black SUV, white SUV, gray SUV
14. Not visible
15. Not visible
16. Not visible
17. Not visible"
20260604T134116Z,LP_Parking_and_Restroom_Loitering_1_20260602T114500.jpg,,,dataset_20260603_063335/LP_Parking_and_Restroom_Loitering_1/LP_Parking_and_Restroom_Loitering_1_20260602T114500.jpg,vehicle_prompts,done,2026-06-04T14:01:12.780819+00:00,0.053,0.732,0.788,,nvidia/cosmos-reason2-8b,"### GENERAL VEHICLE SAFETY
1. Not visible
2. Not visible

### COLLISIONS & NEAR MISSES
3. Not visible
4. Not visible

### PARKING & ACCESS VIOLATIONS
5. Not visible
6. Not visible
7. Not visible

### SUSPICIOUS VEHICLE BEHAVIOR
8. Not visible
9. Not visible
10. Not visible

### VEHICLE IDENTIFICATION
11. Not visible
12. Not visible
13. Not visible

### PEDESTRIAN & CHILD SAFETY
14. Not visible
15. Not visible
16. Not visible
17. Not visible"
20260604T134116Z,LP_Parking_and_Restroom_Loitering_1_20260602T120000.jpg,,,dataset_20260603_063335/LP_Parking_and_Restroom_Loitering_1/LP_Parking_and_Restroom_Loitering_1_20260602T120000.jpg,vehicle_prompts,done,2026-06-04T14:01:12.928111+00:00,0.057,0.779,0.841,,nvidia/cosmos-reason2-8b,"[GENERAL VEHICLE SAFETY]
1. Not visible
2. Not visible

[COLLISIONS & NEAR MISSES]
3. Not visible
4. Not visible

[PARKING & ACCESS VIOLATIONS]
5. Not visible
6. Not visible
7. Not visible

[SUSPICIOUS VEHICLE BEHAVIOR]
8. Not visible
9. Not visible
10. Not visible

[VEHICLE IDENTIFICATION]
11. Not visible
12. Not visible
13. Black SUV, White SUV, Gray SUV
14. Not visible
15. Not visible
16. Not visible
17. Not visible"
20260604T134116Z,LP_Parking_and_Restroom_Loitering_1_20260602T121500.jpg,,,dataset_20260603_063335/LP_Parking_and_Restroom_Loitering_1/LP_Parking_and_Restroom_Loitering_1_20260602T121500.jpg,vehicle_prompts,done,2026-06-04T14:01:13.123408+00:00,0.045,0.845,0.896,,nvidia/cosmos-reason2-8b,"[GENERAL VEHICLE SAFETY]
1. Yes, all vehicles are parked in designated areas without obstruction or erratic behavior.
2. Not visible

[COLLISIONS & NEAR MISSES]
3. No
4. Not visible

[PARKING & ACCESS VIOLATIONS]
5. Not visible
6. Not visible
7. Not visible

[SUSPICIOUS VEHICLE BEHAVIOR]
8. Not visible
9. Not visible
10. Not visible

[VEHICLE IDENTIFICATION]
11. Not visible
12. Not visible
13. Black SUV with a roof rack; white SUV with black wheels; beige SUV with black wheels
14. Not visible
15. Not visible
16. Not visible
17. Not visible"
20260604T134116Z,LP_Parking_and_Restroom_Loitering_1_20260602T123000.jpg,,,dataset_20260603_063335/LP_Parking_and_Restroom_Loitering_1/LP_Parking_and_Restroom_Loitering_1_20260602T123000.jpg,vehicle_prompts,done,2026-06-04T14:01:13.372126+00:00,0.053,0.764,0.821,,nvidia/cosmos-reason2-8b,"### [GENERAL VEHICLE SAFETY]
1. Not visible
2. Not visible

### [COLLISIONS & NEAR MISSES]
3. Not visible
4. Not visible

### [PARKING & ACCESS VIOLATIONS]
5. Not visible
6. Not visible
7. Not visible

### [SUSPICIOUS VEHICLE BEHAVIOR]
8. Not visible
9. Not visible
10. Not visible

### [VEHICLE IDENTIFICATION]
11. Not visible
12. Not visible
13. Not visible

### [PEDESTRIAN & CHILD SAFETY]
14. Not visible
15. Not visible
16. Not visible
17. Not visible"
20260604T134116Z,LP_Parking_and_Restroom_Loitering_1_20260602T124500.jpg,,,dataset_20260603_063335/LP_Parking_and_Restroom_Loitering_1/LP_Parking_and_Restroom_Loitering_1_20260602T124500.jpg,vehicle_prompts,done,2026-06-04T14:01:13.571659+00:00,0.046,0.709,0.759,,nvidia/cosmos-reason2-8b,"### [GENERAL VEHICLE SAFETY]
1. Not visible
2. Not visible

### [COLLISIONS & NEAR MISSES]
3. Not visible
4. Not visible

### [PARKING & ACCESS VIOLATIONS]
5. Not visible
6. Not visible
7. Not visible

### [SUSPICIOUS VEHICLE BEHAVIOR]
8. Not visible
9. Not visible
10. Not visible

### [VEHICLE IDENTIFICATION]
11. Not visible
12. Not visible
13. Not visible

### [PEDESTRIAN & CHILD SAFETY]
14. Not visible
15. Not visible
16. Not visible
17. Not visible"
20260604T134116Z,LP_Parking_and_Restroom_Loitering_1_20260602T130000.jpg,,,dataset_20260603_063335/LP_Parking_and_Restroom_Loitering_1/LP_Parking_and_Restroom_Loitering_1_20260602T130000.jpg,vehicle_prompts,done,2026-06-04T14:01:13.773022+00:00,0.045,0.829,0.879,,nvidia/cosmos-reason2-8b,"[GENERAL VEHICLE SAFETY]
1. Yes, the white SUV is parked in a designated parking space, and there are no visible obstructions or erratic maneuvers.
2. Not visible

[COLLISIONS & NEAR MISSES]
3. No
4. Not visible

[PARKING & ACCESS VIOLATIONS]
5. No
6. Not visible
7. Not visible

[SUSPICIOUS VEHICLE BEHAVIOR]
8. Not visible
9. Not visible
10. Not visible

[VEHICLE IDENTIFICATION]
11. Not visible
12. Not visible
13. White SUV, Porsche, Cayenne

[PEDESTRIAN & CHILD SAFETY]
14. Not visible
15. Not visible
16. Not visible
17. Not visible"
20260604T134116Z,LP_Parking_and_Restroom_Loitering_1_20260602T131500.jpg,,,dataset_20260603_063335/LP_Parking_and_Restroom_Loitering_1/LP_Parking_and_Restroom_Loitering_1_20260602T131500.jpg,vehicle_prompts,done,2026-06-04T14:01:14.021905+00:00,0.045,0.788,0.837,,nvidia/cosmos-reason2-8b,"[GENERAL VEHICLE SAFETY]
1. Yes, the vehicle is parked in a designated parking space, and there are no visible obstructions or erratic maneuvers.
2. Not visible

[COLLISIONS & NEAR MISSES]
3. No
4. Not visible

[PARKING & ACCESS VIOLATIONS]
5. No
6. Not visible
7. Not visible

[SUSPICIOUS VEHICLE BEHAVIOR]
8. Not visible
9. Not visible
10. Not visible

[VEHICLE IDENTIFICATION]
11. Not visible
12. Not visible
13. White, Porsche, Cayenne

[PEDESTRIAN & CHILD SAFETY]
14. Not visible
15. Not visible
16. Not visible
17. Not visible"
20260604T134116Z,LP_Parking_and_Restroom_Loitering_1_20260602T133000.jpg,,,dataset_20260603_063335/LP_Parking_and_Restroom_Loitering_1/LP_Parking_and_Restroom_Loitering_1_20260602T133000.jpg,vehicle_prompts,done,2026-06-04T14:01:14.195166+00:00,0.048,0.794,0.845,,nvidia/cosmos-reason2-8b,"[GENERAL VEHICLE SAFETY]
1. Not visible
2. Not visible

[COLLISIONS & NEAR MISSES]
3. Not visible
4. Not visible

[PARKING & ACCESS VIOLATIONS]
5. Not visible
6. Not visible
7. Not visible

[SUSPICIOUS VEHICLE BEHAVIOR]
8. Not visible
9. Not visible
10. Not visible

[VEHICLE IDENTIFICATION]
11. Not visible
12. Not visible
13. White Porsche Cayenne

[PEDESTRIAN & CHILD SAFETY]
14. Not visible
15. Not visible
16. Not visible
17. Not visible"
20260604T134116Z,LP_Parking_and_Restroom_Loitering_1_20260602T134500.jpg,,,dataset_20260603_063335/LP_Parking_and_Restroom_Loitering_1/LP_Parking_and_Restroom_Loitering_1_20260602T134500.jpg,vehicle_prompts,done,2026-06-04T14:01:14.332921+00:00,0.052,0.803,0.858,,nvidia/cosmos-reason2-8b,"[GENERAL VEHICLE SAFETY]
1. Not visible
2. Not visible

[COLLISIONS & NEAR MISSES]
3. Not visible
4. Not visible

[PARKING & ACCESS VIOLATIONS]
5. Not visible
6. Not visible
7. Not visible

[SUSPICIOUS VEHICLE BEHAVIOR]
8. Not visible
9. Not visible
10. Not visible

[VEHICLE IDENTIFICATION]
11. Not visible
12. Not visible
13. Not visible

[PEDESTRIAN & CHILD SAFETY]
14. Not visible
15. Not visible
16. Not visible
17. Not visible"
20260604T134116Z,LP_Parking_and_Restroom_Loitering_1_20260602T140000.jpg,,,dataset_20260603_063335/LP_Parking_and_Restroom_Loitering_1/LP_Parking_and_Restroom_Loitering_1_20260602T140000.jpg,vehicle_prompts,done,2026-06-04T14:01:14.655095+00:00,0.055,0.738,0.796,,nvidia/cosmos-reason2-8b,"[GENERAL VEHICLE SAFETY]
1. Yes, all vehicles are parked in designated areas without obstruction or erratic behavior.
2. Not visible

[COLLISIONS & NEAR MISSES]
3. No
4. Not visible

[PARKING & ACCESS VIOLATIONS]
5. Not visible
6. Not visible
7. Not visible

[SUSPICIOUS VEHICLE BEHAVIOR]
8. Not visible
9. Not visible
10. Not visible

[VEHICLE IDENTIFICATION]
11. Not visible
12. Not visible
13. Black SUV, White SUV, White pickup truck
14. Not visible
15. Not visible
16. Not visible
17. Not visible"
20260604T134116Z,LP_Parking_and_Restroom_Loitering_1_20260602T141500.jpg,,,dataset_20260603_063335/LP_Parking_and_Restroom_Loitering_1/LP_Parking_and_Restroom_Loitering_1_20260602T141500.jpg,vehicle_prompts,done,2026-06-04T14:01:14.861671+00:00,0.039,0.7,0.742,,nvidia/cosmos-reason2-8b,"[GENERAL VEHICLE SAFETY]
1. Yes, all vehicles are parked in designated areas without obstruction or erratic behavior.
2. Not visible

[COLLISIONS & NEAR MISSES]
3. No
4. Not visible

[PARKING & ACCESS VIOLATIONS]
5. Not visible
6. Not visible
7. Not visible

[SUSPICIOUS VEHICLE BEHAVIOR]
8. Not visible
9. Not visible
10. Not visible

[VEHICLE IDENTIFICATION]
11. Not visible
12. Not visible
13. Black SUV, white SUV
14. Not visible
15. Not visible
16. Not visible
17. Not visible"
20260604T134116Z,LP_Parking_and_Restroom_Loitering_1_20260602T143000.jpg,,,dataset_20260603_063335/LP_Parking_and_Restroom_Loitering_1/LP_Parking_and_Restroom_Loitering_1_20260602T143000.jpg,vehicle_prompts,done,2026-06-04T14:01:15.043725+00:00,0.05,0.81,0.863,,nvidia/cosmos-reason2-8b,"[GENERAL VEHICLE SAFETY]
1. Yes, all vehicles are parked in designated areas without obstruction or erratic behavior.
2. Not visible

[COLLISIONS & NEAR MISSES]
3. No
4. Not visible

[PARKING & ACCESS VIOLATIONS]
5. Not visible
6. Not visible
7. Not visible

[SUSPICIOUS VEHICLE BEHAVIOR]
8. Not visible
9. Not visible
10. Not visible

[VEHICLE IDENTIFICATION]
11. Not visible
12. Not visible
13. Black SUV (Chevrolet Suburban), White SUV (Porsche Cayenne)
14. Not visible
15. Not visible
16. Not visible
17. Not visible"
20260604T134116Z,LP_Parking_and_Restroom_Loitering_1_20260602T144500.jpg,,,dataset_20260603_063335/LP_Parking_and_Restroom_Loitering_1/LP_Parking_and_Restroom_Loitering_1_20260602T144500.jpg,vehicle_prompts,done,2026-06-04T14:01:15.193419+00:00,0.046,0.756,0.805,,nvidia/cosmos-reason2-8b,"[GENERAL VEHICLE SAFETY]
1. Yes, all vehicles are parked in designated areas without obstruction or erratic behavior.
2. Not visible

[COLLISIONS & NEAR MISSES]
3. No
4. Not visible

[PARKING & ACCESS VIOLATIONS]
5. Not visible
6. Not visible
7. Not visible

[SUSPICIOUS VEHICLE BEHAVIOR]
8. Not visible
9. Not visible
10. Not visible

[VEHICLE IDENTIFICATION]
11. Not visible
12. Not visible
13. Black SUV; White SUV
14. Not visible
15. Not visible
16. Not visible
17. Not visible"
20260604T134116Z,LP_Parking_and_Restroom_Loitering_1_20260602T150000.jpg,,,dataset_20260603_063335/LP_Parking_and_Restroom_Loitering_1/LP_Parking_and_Restroom_Loitering_1_20260602T150000.jpg,vehicle_prompts,done,2026-06-04T14:01:15.453742+00:00,0.046,0.822,0.871,,nvidia/cosmos-reason2-8b,"[GENERAL VEHICLE SAFETY]
1. Yes, all vehicles are parked in designated areas without obstruction or erratic behavior.
2. Not visible

[COLLISIONS & NEAR MISSES]
3. No
4. Not visible

[PARKING & ACCESS VIOLATIONS]
5. Not visible
6. Not visible
7. Not visible

[SUSPICIOUS VEHICLE BEHAVIOR]
8. Not visible
9. Not visible
10. Not visible

[VEHICLE IDENTIFICATION]
11. Not visible
12. Not visible
13. Black SUV, White SUV
14. Not visible
15. Not visible
16. Not visible
17. Not visible"
20260604T134116Z,LP_Parking_and_Restroom_Loitering_1_20260602T151500.jpg,,,dataset_20260603_063335/LP_Parking_and_Restroom_Loitering_1/LP_Parking_and_Restroom_Loitering_1_20260602T151500.jpg,vehicle_prompts,done,2026-06-04T14:01:15.606176+00:00,0.048,0.801,0.853,,nvidia/cosmos-reason2-8b,"### [GENERAL VEHICLE SAFETY]
1. Not visible
2. Not visible

### [COLLISIONS & NEAR MISSES]
3. Not visible
4. Not visible

### [PARKING & ACCESS VIOLATIONS]
5. Not visible
6. Not visible
7. Not visible

### [SUSPICIOUS VEHICLE BEHAVIOR]
8. Not visible
9. Not visible
10. Not visible

### [VEHICLE IDENTIFICATION]
11. Not visible
12. Not visible
13. Not visible

### [PEDESTRIAN & CHILD SAFETY]
14. Not visible
15. Not visible
16. Not visible
17. Not visible"
20260604T134116Z,LP_Parking_and_Restroom_Loitering_1_20260602T153000.jpg,,,dataset_20260603_063335/LP_Parking_and_Restroom_Loitering_1/LP_Parking_and_Restroom_Loitering_1_20260602T153000.jpg,vehicle_prompts,done,2026-06-04T14:01:15.909140+00:00,0.043,0.915,0.961,,nvidia/cosmos-reason2-8b,"[GENERAL VEHICLE SAFETY]
1. Yes, both vehicles are parked in designated parking spaces, and there are no obstructions or erratic maneuvers observed.
2. Not visible

[COLLISIONS & NEAR MISSES]
3. No, there are no visible collisions or damage to the vehicles.
4. Not visible

[PARKING & ACCESS VIOLATIONS]
5. No, both vehicles are parked in designated parking spaces, not in fire lanes or restricted areas.
6. Not visible
7. Not visible

[SUSPICIOUS VEHICLE BEHAVIOR]
8. Not visible
9. Not visible
10. Not visible

[VEHICLE IDENTIFICATION]
11. Not visible
12. Not visible
13. Black SUV and white SUV
14. Not visible
15. Not visible
16. Not visible
17. Not visible"
20260604T134116Z,LP_Parking_and_Restroom_Loitering_1_20260602T154500.jpg,,,dataset_20260603_063335/LP_Parking_and_Restroom_Loitering_1/LP_Parking_and_Restroom_Loitering_1_20260602T154500.jpg,vehicle_prompts,done,2026-06-04T14:01:16.000221+00:00,0.044,0.888,0.936,,nvidia/cosmos-reason2-8b,"[GENERAL VEHICLE SAFETY]
1. Yes, all vehicles are parked in designated areas without obstruction or erratic behavior.
2. Not visible

[COLLISIONS & NEAR MISSES]
3. No
4. Not visible

[PARKING & ACCESS VIOLATIONS]
5. Not visible
6. Not visible
7. Not visible

[SUSPICIOUS VEHICLE BEHAVIOR]
8. Not visible
9. Not visible
10. Not visible

[VEHICLE IDENTIFICATION]
11. Not visible
12. Not visible
13. Black SUV, white SUV, white SUV
14. Not visible
15. Not visible
16. Not visible
17. Not visible"
20260604T134116Z,LP_Parking_and_Restroom_Loitering_1_20260602T160000.jpg,,,dataset_20260603_063335/LP_Parking_and_Restroom_Loitering_1/LP_Parking_and_Restroom_Loitering_1_20260602T160000.jpg,vehicle_prompts,done,2026-06-04T14:01:16.327415+00:00,0.054,0.786,0.844,,nvidia/cosmos-reason2-8b,"[GENERAL VEHICLE SAFETY]
1. Yes, all vehicles are parked in designated areas with no erratic maneuvers or obstruction of emergency routes.
2. Not visible

[COLLISIONS & NEAR MISSES]
3. No
4. Not visible

[PARKING & ACCESS VIOLATIONS]
5. Not visible
6. Not visible
7. Not visible

[SUSPICIOUS VEHICLE BEHAVIOR]
8. Not visible
9. Not visible
10. Not visible

[VEHICLE IDENTIFICATION]
11. Not visible
12. Not visible
13. Black SUV, white SUV, white SUV
14. Not visible
15. Not visible
16. Not visible
17. Not visible"
20260604T134116Z,LP_Parking_and_Restroom_Loitering_1_20260602T161500.jpg,,,dataset_20260603_063335/LP_Parking_and_Restroom_Loitering_1/LP_Parking_and_Restroom_Loitering_1_20260602T161500.jpg,vehicle_prompts,done,2026-06-04T14:01:16.461870+00:00,0.052,0.769,0.825,,nvidia/cosmos-reason2-8b,"### [GENERAL VEHICLE SAFETY]
1. Not visible
2. Not visible

### [COLLISIONS & NEAR MISSES]
3. Not visible
4. Not visible

### [PARKING & ACCESS VIOLATIONS]
5. Not visible
6. Not visible
7. Not visible

### [SUSPICIOUS VEHICLE BEHAVIOR]
8. Not visible
9. Not visible
10. Not visible

### [VEHICLE IDENTIFICATION]
11. Not visible
12. Not visible
13. Not visible

### [PEDESTRIAN & CHILD SAFETY]
14. Not visible
15. Not visible
16. Not visible
17. Not visible"
20260604T134116Z,LP_Parking_and_Restroom_Loitering_1_20260602T163000.jpg,,,dataset_20260603_063335/LP_Parking_and_Restroom_Loitering_1/LP_Parking_and_Restroom_Loitering_1_20260602T163000.jpg,vehicle_prompts,done,2026-06-04T14:01:16.872657+00:00,0.055,0.789,0.848,,nvidia/cosmos-reason2-8b,"[GENERAL VEHICLE SAFETY]
1. Yes, both vehicles are parked in designated areas without obstruction or erratic behavior.
2. Not visible

[COLLISIONS & NEAR MISSES]
3. No
4. Not visible

[PARKING & ACCESS VIOLATIONS]
5. Not visible
6. Not visible
7. Not visible

[SUSPICIOUS VEHICLE BEHAVIOR]
8. Not visible
9. Not visible
10. Not visible

[VEHICLE IDENTIFICATION]
11. Not visible
12. Not visible
13. Black SUV, White SUV
14. Not visible
15. Not visible
16. Not visible
17. Not visible"
20260604T134116Z,LP_Parking_and_Restroom_Loitering_1_20260602T164500.jpg,,,dataset_20260603_063335/LP_Parking_and_Restroom_Loitering_1/LP_Parking_and_Restroom_Loitering_1_20260602T164500.jpg,vehicle_prompts,done,2026-06-04T14:01:16.939929+00:00,0.051,1.01,1.065,,nvidia/cosmos-reason2-8b,"[GENERAL VEHICLE SAFETY]
1. Yes, the vehicle is parked in a designated area, and there are no visible obstructions or erratic maneuvers.
2. Not visible

[COLLISIONS & NEAR MISSES]
3. No
4. Not visible

[PARKING & ACCESS VIOLATIONS]
5. Not visible
6. Not visible
7. Not visible

[SUSPICIOUS VEHICLE BEHAVIOR]
8. Not visible
9. Not visible
10. Not visible

[VEHICLE IDENTIFICATION]
11. Not visible
12. Not visible
13. Silver, Porsche, 911

[PEDESTRIAN & CHILD SAFETY]
14. Not visible
15. Not visible
16. Not visible
17. Not visible"
20260604T134116Z,LP_Parking_and_Restroom_Loitering_1_20260602T170000.jpg,,,dataset_20260603_063335/LP_Parking_and_Restroom_Loitering_1/LP_Parking_and_Restroom_Loitering_1_20260602T170000.jpg,vehicle_prompts,done,2026-06-04T14:01:17.174552+00:00,0.05,1.063,1.127,,nvidia/cosmos-reason2-8b,"[GENERAL VEHICLE SAFETY]
1. Yes, the vehicle is parked in a designated parking space, and there are no signs of erratic maneuvers or obstruction of emergency routes.
2. Not visible

[COLLISIONS & NEAR MISSES]
3. No
4. Not visible

[PARKING & ACCESS VIOLATIONS]
5. No
6. Not visible
7. Not visible

[SUSPICIOUS VEHICLE BEHAVIOR]
8. Not visible
9. Not visible
10. Not visible

[VEHICLE IDENTIFICATION]
11. Not visible
12. Not visible
13. Silver Porsche Cayenne

[PEDESTRIAN & CHILD SAFETY]
14. Not visible
15. Not visible
16. Not visible
17. Not visible"
20260604T134116Z,LP_Parking_and_Restroom_Loitering_1_20260602T171500.jpg,,,dataset_20260603_063335/LP_Parking_and_Restroom_Loitering_1/LP_Parking_and_Restroom_Loitering_1_20260602T171500.jpg,vehicle_prompts,done,2026-06-04T14:01:17.288814+00:00,0.045,0.911,0.959,,nvidia/cosmos-reason2-8b,"[GENERAL VEHICLE SAFETY]
1. Not visible
2. Not visible

[COLLISIONS & NEAR MISSES]
3. Not visible
4. Not visible

[PARKING & ACCESS VIOLATIONS]
5. Not visible
6. Not visible
7. Not visible

[SUSPICIOUS VEHICLE BEHAVIOR]
8. Not visible
9. Not visible
10. Not visible

[VEHICLE IDENTIFICATION]
11. Not visible
12. Not visible
13. Not visible

[PEDESTRIAN & CHILD SAFETY]
14. Not visible
15. Not visible
16. Not visible
17. Not visible"
20260604T134116Z,LP_Parking_and_Restroom_Loitering_1_20260602T173000.jpg,,,dataset_20260603_063335/LP_Parking_and_Restroom_Loitering_1/LP_Parking_and_Restroom_Loitering_1_20260602T173000.jpg,vehicle_prompts,done,2026-06-04T14:01:17.724269+00:00,0.044,0.763,0.809,,nvidia/cosmos-reason2-8b,"### [GENERAL VEHICLE SAFETY]
1. Not visible
2. Not visible

### [COLLISIONS & NEAR MISSES]
3. Not visible
4. Not visible

### [PARKING & ACCESS VIOLATIONS]
5. Not visible
6. Not visible
7. Not visible

### [SUSPICIOUS VEHICLE BEHAVIOR]
8. Not visible
9. Not visible
10. Not visible

### [VEHICLE IDENTIFICATION]
11. Not visible
12. Not visible
13. Not visible

### [PEDESTRIAN & CHILD SAFETY]
14. Not visible
15. Not visible
16. Not visible
17. Not visible"
20260604T134116Z,LP_Parking_and_Restroom_Loitering_1_20260602T174500.jpg,,,dataset_20260603_063335/LP_Parking_and_Restroom_Loitering_1/LP_Parking_and_Restroom_Loitering_1_20260602T174500.jpg,vehicle_prompts,done,2026-06-04T14:01:18.007679+00:00,0.047,0.724,0.774,,nvidia/cosmos-reason2-8b,"[date]

[GENERAL VEHICLE SAFETY]
1. Not visible
2. Not visible

[COLLISIONS & NEAR MISSES]
3. Not visible
4. Not visible

[PARKING & ACCESS VIOLATIONS]
5. Not visible
6. Not visible
7. Not visible

[SUSPICIOUS VEHICLE BEHAVIOR]
8. Not visible
9. Not visible
10. Not visible

[VEHICLE IDENTIFICATION]
11. Not visible
12. Not visible
13. Not visible

[PEDESTRIAN & CHILD SAFETY]
14. Not visible
15. Not visible
16. Not visible
17. Not visible"
20260604T134116Z,LP_Parking_and_Restroom_Loitering_1_20260602T180000.jpg,,,dataset_20260603_063335/LP_Parking_and_Restroom_Loitering_1/LP_Parking_and_Restroom_Loitering_1_20260602T180000.jpg,vehicle_prompts,done,2026-06-04T14:01:18.250364+00:00,0.051,1.034,1.09,,nvidia/cosmos-reason2-8b,"### [GENERAL VEHICLE SAFETY]
1. Yes, the white pickup truck is parked in a designated parking space, and there are no visible signs of erratic maneuvers or obstruction of emergency routes.
2. Not visible

### [COLLISIONS & NEAR MISSES]
3. No, the vehicle is parked and there are no visible signs of collision.
4. Not visible

### [PARKING & ACCESS VIOLATIONS]
5. No, the vehicle is parked in a regular parking space, not in a fire lane or emergency access corridor.
6. Not visible
7. Not visible

### [SUSPICIOUS VEHICLE BEHAVIOR]
8. Not visible
9. Not visible
10. Not visible

### [VEHICLE IDENTIFICATION]
11. Not visible
12. Not visible
13. White pickup truck

### [PEDESTRIAN & CHILD SAFETY]
14. Not visible
15. Not visible
16. Not visible
17. Not visible"
20260604T134116Z,LP_Parking_and_Restroom_Loitering_1_20260602T181500.jpg,,,dataset_20260603_063335/LP_Parking_and_Restroom_Loitering_1/LP_Parking_and_Restroom_Loitering_1_20260602T181500.jpg,vehicle_prompts,done,2026-06-04T14:01:18.304229+00:00,0.048,0.92,0.97,,nvidia/cosmos-reason2-8b,"[GENERAL VEHICLE SAFETY]
1. Not visible
2. Not visible

[COLLISIONS & NEAR MISSES]
3. Not visible
4. Not visible

[PARKING & ACCESS VIOLATIONS]
5. Not visible
6. Not visible
7. Not visible

[SUSPICIOUS VEHICLE BEHAVIOR]
8. Not visible
9. Not visible
10. Not visible

[VEHICLE IDENTIFICATION]
11. Not visible
12. Not visible
13. Not visible

[PEDESTRIAN & CHILD SAFETY]
14. Not visible
15. Not visible
16. Not visible
17. Not visible"
20260604T134116Z,LP_Parking_and_Restroom_Loitering_1_20260602T183000.jpg,,,dataset_20260603_063335/LP_Parking_and_Restroom_Loitering_1/LP_Parking_and_Restroom_Loitering_1_20260602T183000.jpg,vehicle_prompts,done,2026-06-04T14:01:18.536494+00:00,0.048,0.987,1.038,,nvidia/cosmos-reason2-8b,"[GENERAL VEHICLE SAFETY]
1. Not visible
2. Not visible

[COLLISIONS & NEAR MISSES]
3. Not visible
4. Not visible

[PARKING & ACCESS VIOLATIONS]
5. Not visible
6. Not visible
7. Not visible

[SUSPICIOUS VEHICLE BEHAVIOR]
8. Not visible
9. Not visible
10. Not visible

[VEHICLE IDENTIFICATION]
11. Not visible
12. Not visible
13. Not visible

[PEDESTRIAN & CHILD SAFETY]
14. Not visible
15. Not visible
16. Not visible
17. Not visible"
20260604T134116Z,LP_Parking_and_Restroom_Loitering_1_20260602T184500.jpg,,,dataset_20260603_063335/LP_Parking_and_Restroom_Loitering_1/LP_Parking_and_Restroom_Loitering_1_20260602T184500.jpg,vehicle_prompts,done,2026-06-04T14:01:18.784282+00:00,0.052,0.835,0.89,,nvidia/cosmos-reason2-8b,"### [GENERAL VEHICLE SAFETY]
1. Not visible
2. Not visible

### [COLLISIONS & NEAR MISSES]
3. Not visible
4. Not visible

### [PARKING & ACCESS VIOLATIONS]
5. Not visible
6. Not visible
7. Not visible

### [SUSPICIOUS VEHICLE BEHAVIOR]
8. Not visible
9. Not visible
10. Not visible

### [VEHICLE IDENTIFICATION]
11. Not visible
12. Not visible
13. Not visible

### [PEDESTRIAN & CHILD SAFETY]
14. Not visible
15. Not visible
16. Not visible
17. Not visible"
20260604T134116Z,LP_Parking_and_Restroom_Loitering_1_20260602T190000.jpg,,,dataset_20260603_063335/LP_Parking_and_Restroom_Loitering_1/LP_Parking_and_Restroom_Loitering_1_20260602T190000.jpg,vehicle_prompts,done,2026-06-04T14:01:19.277546+00:00,0.048,0.695,0.746,,nvidia/cosmos-reason2-8b,"[date]

[GENERAL VEHICLE SAFETY]
1. Not visible
2. Not visible

[COLLISIONS & NEAR MISSES]
3. Not visible
4. Not visible

[PARKING & ACCESS VIOLATIONS]
5. Not visible
6. Not visible
7. Not visible

[SUSPICIOUS VEHICLE BEHAVIOR]
8. Not visible
9. Not visible
10. Not visible

[VEHICLE IDENTIFICATION]
11. Not visible
12. Not visible
13. Not visible

[PEDESTRIAN & CHILD SAFETY]
14. Not visible
15. Not visible
16. Not visible
17. Not visible"
20260604T134116Z,LP_Parking_and_Restroom_Loitering_1_20260602T191500.jpg,,,dataset_20260603_063335/LP_Parking_and_Restroom_Loitering_1/LP_Parking_and_Restroom_Loitering_1_20260602T191500.jpg,vehicle_prompts,done,2026-06-04T14:01:19.343168+00:00,0.048,0.816,0.867,,nvidia/cosmos-reason2-8b,"[GENERAL VEHICLE SAFETY]
1. Not visible
2. Not visible

[COLLISIONS & NEAR MISSES]
3. Not visible
4. Not visible

[PARKING & ACCESS VIOLATIONS]
5. Not visible
6. Not visible
7. Not visible

[SUSPICIOUS VEHICLE BEHAVIOR]
8. Not visible
9. Not visible
10. Not visible

[VEHICLE IDENTIFICATION]
11. Not visible
12. Not visible
13. Not visible

[PEDESTRIAN & CHILD SAFETY]
14. Not visible
15. Not visible
16. Not visible
17. Not visible"
20260604T134116Z,LP_Parking_and_Restroom_Loitering_1_20260602T193000.jpg,,,dataset_20260603_063335/LP_Parking_and_Restroom_Loitering_1/LP_Parking_and_Restroom_Loitering_1_20260602T193000.jpg,vehicle_prompts,done,2026-06-04T14:01:19.577082+00:00,0.046,0.723,0.772,,nvidia/cosmos-reason2-8b,"[date]

[GENERAL VEHICLE SAFETY]
1. Not visible
2. Not visible

[COLLISIONS & NEAR MISSES]
3. Not visible
4. Not visible

[PARKING & ACCESS VIOLATIONS]
5. Not visible
6. Not visible
7. Not visible

[SUSPICIOUS VEHICLE BEHAVIOR]
8. Not visible
9. Not visible
10. Not visible

[VEHICLE IDENTIFICATION]
11. Not visible
12. Not visible
13. Not visible

[PEDESTRIAN & CHILD SAFETY]
14. Not visible
15. Not visible
16. Not visible
17. Not visible"
20260604T134116Z,LP_Parking_and_Restroom_Loitering_1_20260602T194500.jpg,,,dataset_20260603_063335/LP_Parking_and_Restroom_Loitering_1/LP_Parking_and_Restroom_Loitering_1_20260602T194500.jpg,vehicle_prompts,done,2026-06-04T14:01:19.676554+00:00,0.048,0.872,0.923,,nvidia/cosmos-reason2-8b,"[GENERAL VEHICLE SAFETY]
1. Not visible
2. Not visible

[COLLISIONS & NEAR MISSES]
3. Not visible
4. Not visible

[PARKING & ACCESS VIOLATIONS]
5. Not visible
6. Not visible
7. Not visible

[SUSPICIOUS VEHICLE BEHAVIOR]
8. Not visible
9. Not visible
10. Not visible

[VEHICLE IDENTIFICATION]
11. Not visible
12. Not visible
13. Not visible

[PEDESTRIAN & CHILD SAFETY]
14. Not visible
15. Not visible
16. Not visible
17. Not visible"
20260604T134116Z,LP_Parking_and_Restroom_Loitering_1_20260602T200000.jpg,,,dataset_20260603_063335/LP_Parking_and_Restroom_Loitering_1/LP_Parking_and_Restroom_Loitering_1_20260602T200000.jpg,vehicle_prompts,done,2026-06-04T14:01:20.026557+00:00,0.05,0.669,0.722,,nvidia/cosmos-reason2-8b,"[GENERAL VEHICLE SAFETY]
1. Not visible
2. Not visible

[COLLISIONS & NEAR MISSES]
3. Not visible
4. Not visible

[PARKING & ACCESS VIOLATIONS]
5. Not visible
6. Not visible
7. Not visible

[SUSPICIOUS VEHICLE BEHAVIOR]
8. Not visible
9. Not visible
10. Not visible

[VEHICLE IDENTIFICATION]
11. Not visible
12. Not visible
13. Not visible

[PEDESTRIAN & CHILD SAFETY]
14. Not visible
15. Not visible
16. Not visible
17. Not visible"
20260604T134116Z,LP_Parking_and_Restroom_Loitering_1_20260602T201500.jpg,,,dataset_20260603_063335/LP_Parking_and_Restroom_Loitering_1/LP_Parking_and_Restroom_Loitering_1_20260602T201500.jpg,vehicle_prompts,done,2026-06-04T14:01:20.212308+00:00,0.042,0.67,0.715,,nvidia/cosmos-reason2-8b,"[GENERAL VEHICLE SAFETY]
1. Not visible
2. Not visible

[COLLISIONS & NEAR MISSES]
3. Not visible
4. Not visible

[PARKING & ACCESS VIOLATIONS]
5. Not visible
6. Not visible
7. Not visible

[SUSPICIOUS VEHICLE BEHAVIOR]
8. Not visible
9. Not visible
10. Not visible

[VEHICLE IDENTIFICATION]
11. Not visible
12. Not visible
13. Not visible

[PEDESTRIAN & CHILD SAFETY]
14. Not visible
15. Not visible
16. Not visible
17. Not visible"
20260604T134116Z,LP_Parking_and_Restroom_Loitering_1_20260602T203000.jpg,,,dataset_20260603_063335/LP_Parking_and_Restroom_Loitering_1/LP_Parking_and_Restroom_Loitering_1_20260602T203000.jpg,vehicle_prompts,done,2026-06-04T14:01:20.352452+00:00,0.053,0.77,0.825,,nvidia/cosmos-reason2-8b,"[date]

[GENERAL VEHICLE SAFETY]
1. Not visible
2. Not visible

[COLLISIONS & NEAR MISSES]
3. Not visible
4. Not visible

[PARKING & ACCESS VIOLATIONS]
5. Not visible
6. Not visible
7. Not visible

[SUSPICIOUS VEHICLE BEHAVIOR]
8. Not visible
9. Not visible
10. Not visible

[VEHICLE IDENTIFICATION]
11. Not visible
12. Not visible
13. Not visible

[PEDESTRIAN & CHILD SAFETY]
14. Not visible
15. Not visible
16. Not visible
17. Not visible"
20260604T134116Z,LP_Parking_and_Restroom_Loitering_1_20260602T204500.jpg,,,dataset_20260603_063335/LP_Parking_and_Restroom_Loitering_1/LP_Parking_and_Restroom_Loitering_1_20260602T204500.jpg,vehicle_prompts,done,2026-06-04T14:01:20.602798+00:00,0.047,0.696,0.746,,nvidia/cosmos-reason2-8b,"### [GENERAL VEHICLE SAFETY]
1. Not visible
2. Not visible

### [COLLISIONS & NEAR MISSES]
3. Not visible
4. Not visible

### [PARKING & ACCESS VIOLATIONS]
5. Not visible
6. Not visible
7. Not visible

### [SUSPICIOUS VEHICLE BEHAVIOR]
8. Not visible
9. Not visible
10. Not visible

### [VEHICLE IDENTIFICATION]
11. Not visible
12. Not visible
13. Not visible

### [PEDESTRIAN & CHILD SAFETY]
14. Not visible
15. Not visible
16. Not visible
17. Not visible"
20260604T134116Z,LP_Parking_and_Restroom_Loitering_1_20260602T210000.jpg,,,dataset_20260603_063335/LP_Parking_and_Restroom_Loitering_1/LP_Parking_and_Restroom_Loitering_1_20260602T210000.jpg,vehicle_prompts,done,2026-06-04T14:01:20.751215+00:00,0.051,0.777,0.831,,nvidia/cosmos-reason2-8b,"[date]

[GENERAL VEHICLE SAFETY]
1. Not visible
2. Not visible

[COLLISIONS & NEAR MISSES]
3. Not visible
4. Not visible

[PARKING & ACCESS VIOLATIONS]
5. Not visible
6. Not visible
7. Not visible

[SUSPICIOUS VEHICLE BEHAVIOR]
8. Not visible
9. Not visible
10. Not visible

[VEHICLE IDENTIFICATION]
11. Not visible
12. Not visible
13. Not visible

[PEDESTRIAN & CHILD SAFETY]
14. Not visible
15. Not visible
16. Not visible
17. Not visible"
20260604T134116Z,LP_Parking_and_Restroom_Loitering_1_20260602T211500.jpg,,,dataset_20260603_063335/LP_Parking_and_Restroom_Loitering_1/LP_Parking_and_Restroom_Loitering_1_20260602T211500.jpg,vehicle_prompts,done,2026-06-04T14:01:20.929953+00:00,0.053,0.761,0.827,,nvidia/cosmos-reason2-8b,"### [GENERAL VEHICLE SAFETY]
1. Not visible
2. Not visible

### [COLLISIONS & NEAR MISSES]
3. Not visible
4. Not visible

### [PARKING & ACCESS VIOLATIONS]
5. Not visible
6. Not visible
7. Not visible

### [SUSPICIOUS VEHICLE BEHAVIOR]
8. Not visible
9. Not visible
10. Not visible

### [VEHICLE IDENTIFICATION]
11. Not visible
12. Not visible
13. Not visible

### [PEDESTRIAN & CHILD SAFETY]
14. Not visible
15. Not visible
16. Not visible
17. Not visible"
20260604T134116Z,LP_Parking_and_Restroom_Loitering_1_20260602T213000.jpg,,,dataset_20260603_063335/LP_Parking_and_Restroom_Loitering_1/LP_Parking_and_Restroom_Loitering_1_20260602T213000.jpg,vehicle_prompts,done,2026-06-04T14:01:21.180243+00:00,0.05,0.683,0.736,,nvidia/cosmos-reason2-8b,"### [GENERAL VEHICLE SAFETY]
1. Not visible
2. Not visible

### [COLLISIONS & NEAR MISSES]
3. Not visible
4. Not visible

### [PARKING & ACCESS VIOLATIONS]
5. Not visible
6. Not visible
7. Not visible

### [SUSPICIOUS VEHICLE BEHAVIOR]
8. Not visible
9. Not visible
10. Not visible

### [VEHICLE IDENTIFICATION]
11. Not visible
12. Not visible
13. Not visible

### [PEDESTRIAN & CHILD SAFETY]
14. Not visible
15. Not visible
16. Not visible
17. Not visible"
20260604T134116Z,LP_Parking_and_Restroom_Loitering_1_20260602T214500.jpg,,,dataset_20260603_063335/LP_Parking_and_Restroom_Loitering_1/LP_Parking_and_Restroom_Loitering_1_20260602T214500.jpg,vehicle_prompts,done,2026-06-04T14:01:21.351399+00:00,0.049,0.789,0.841,,nvidia/cosmos-reason2-8b,"[date]

[GENERAL VEHICLE SAFETY]
1. Not visible
2. Not visible

[COLLISIONS & NEAR MISSES]
3. Not visible
4. Not visible

[PARKING & ACCESS VIOLATIONS]
5. Not visible
6. Not visible
7. Not visible

[SUSPICIOUS VEHICLE BEHAVIOR]
8. Not visible
9. Not visible
10. Not visible

[VEHICLE IDENTIFICATION]
11. Not visible
12. Not visible
13. Not visible

[PEDESTRIAN & CHILD SAFETY]
14. Not visible
15. Not visible
16. Not visible
17. Not visible"
20260604T134116Z,LP_Parking_and_Restroom_Loitering_1_20260602T220000.jpg,,,dataset_20260603_063335/LP_Parking_and_Restroom_Loitering_1/LP_Parking_and_Restroom_Loitering_1_20260602T220000.jpg,vehicle_prompts,done,2026-06-04T14:01:21.585098+00:00,0.04,0.748,0.791,,nvidia/cosmos-reason2-8b,"[date] [time]
[GENERAL VEHICLE SAFETY]
1. Not visible
2. Not visible

[COLLISIONS & NEAR MISSES]
3. Not visible
4. Not visible

[PARKING & ACCESS VIOLATIONS]
5. Not visible
6. Not visible
7. Not visible

[SUSPICIOUS VEHICLE BEHAVIOR]
8. Not visible
9. Not visible
10. Not visible

[VEHICLE IDENTIFICATION]
11. Not visible
12. Not visible
13. Not visible

[PEDESTRIAN & CHILD SAFETY]
14. Not visible
15. Not visible
16. Not visible
17. Not visible"
20260604T134116Z,LP_Parking_and_Restroom_Loitering_1_20260602T221500.jpg,,,dataset_20260603_063335/LP_Parking_and_Restroom_Loitering_1/LP_Parking_and_Restroom_Loitering_1_20260602T221500.jpg,vehicle_prompts,done,2026-06-04T14:01:21.759983+00:00,0.04,0.845,0.888,,nvidia/cosmos-reason2-8b,"### [GENERAL VEHICLE SAFETY]
1. Not visible
2. Not visible

### [COLLISIONS & NEAR MISSES]
3. Not visible
4. Not visible

### [PARKING & ACCESS VIOLATIONS]
5. Not visible
6. Not visible
7. Not visible

### [SUSPICIOUS VEHICLE BEHAVIOR]
8. Not visible
9. Not visible
10. Not visible

### [VEHICLE IDENTIFICATION]
11. Not visible
12. Not visible
13. Not visible

### [PEDESTRIAN & CHILD SAFETY]
14. Not visible
15. Not visible
16. Not visible
17. Not visible"
20260604T134116Z,LP_Parking_and_Restroom_Loitering_1_20260602T223000.jpg,,,dataset_20260603_063335/LP_Parking_and_Restroom_Loitering_1/LP_Parking_and_Restroom_Loitering_1_20260602T223000.jpg,vehicle_prompts,done,2026-06-04T14:01:21.919086+00:00,0.036,0.826,0.866,,nvidia/cosmos-reason2-8b,"### [GENERAL VEHICLE SAFETY]
1. Not visible
2. Not visible

### [COLLISIONS & NEAR MISSES]
3. Not visible
4. Not visible

### [PARKING & ACCESS VIOLATIONS]
5. Not visible
6. Not visible
7. Not visible

### [SUSPICIOUS VEHICLE BEHAVIOR]
8. Not visible
9. Not visible
10. Not visible

### [VEHICLE IDENTIFICATION]
11. Not visible
12. Not visible
13. Not visible

### [PEDESTRIAN & CHILD SAFETY]
14. Not visible
15. Not visible
16. Not visible
17. Not visible"
20260604T134116Z,LP_Parking_and_Restroom_Loitering_1_20260602T224500.jpg,,,dataset_20260603_063335/LP_Parking_and_Restroom_Loitering_1/LP_Parking_and_Restroom_Loitering_1_20260602T224500.jpg,vehicle_prompts,done,2026-06-04T14:01:22.195605+00:00,0.04,0.744,0.787,,nvidia/cosmos-reason2-8b,"### [GENERAL VEHICLE SAFETY]
1. Not visible
2. Not visible

### [COLLISIONS & NEAR MISSES]
3. Not visible
4. Not visible

### [PARKING & ACCESS VIOLATIONS]
5. Not visible
6. Not visible
7. Not visible

### [SUSPICIOUS VEHICLE BEHAVIOR]
8. Not visible
9. Not visible
10. Not visible

### [VEHICLE IDENTIFICATION]
11. Not visible
12. Not visible
13. Not visible

### [PEDESTRIAN & CHILD SAFETY]
14. Not visible
15. Not visible
16. Not visible
17. Not visible"
20260604T134116Z,LP_Parking_and_Restroom_Loitering_1_20260602T230000.jpg,,,dataset_20260603_063335/LP_Parking_and_Restroom_Loitering_1/LP_Parking_and_Restroom_Loitering_1_20260602T230000.jpg,vehicle_prompts,done,2026-06-04T14:01:22.378755+00:00,0.05,0.708,0.761,,nvidia/cosmos-reason2-8b,"[date]

[GENERAL VEHICLE SAFETY]
1. Not visible
2. Not visible

[COLLISIONS & NEAR MISSES]
3. Not visible
4. Not visible

[PARKING & ACCESS VIOLATIONS]
5. Not visible
6. Not visible
7. Not visible

[SUSPICIOUS VEHICLE BEHAVIOR]
8. Not visible
9. Not visible
10. Not visible

[VEHICLE IDENTIFICATION]
11. Not visible
12. Not visible
13. Not visible

[PEDESTRIAN & CHILD SAFETY]
14. Not visible
15. Not visible
16. Not visible
17. Not visible"
20260604T134116Z,LP_Parking_and_Restroom_Loitering_1_20260602T231500.jpg,,,dataset_20260603_063335/LP_Parking_and_Restroom_Loitering_1/LP_Parking_and_Restroom_Loitering_1_20260602T231500.jpg,vehicle_prompts,done,2026-06-04T14:01:22.650959+00:00,0.053,0.664,0.719,,nvidia/cosmos-reason2-8b,"[GENERAL VEHICLE SAFETY]
1. Not visible
2. Not visible

[COLLISIONS & NEAR MISSES]
3. Not visible
4. Not visible

[PARKING & ACCESS VIOLATIONS]
5. Not visible
6. Not visible
7. Not visible

[SUSPICIOUS VEHICLE BEHAVIOR]
8. Not visible
9. Not visible
10. Not visible

[VEHICLE IDENTIFICATION]
11. Not visible
12. Not visible
13. Not visible

[PEDESTRIAN & CHILD SAFETY]
14. Not visible
15. Not visible
16. Not visible
17. Not visible"
20260604T134116Z,LP_Parking_and_Restroom_Loitering_1_20260602T233000.jpg,,,dataset_20260603_063335/LP_Parking_and_Restroom_Loitering_1/LP_Parking_and_Restroom_Loitering_1_20260602T233000.jpg,vehicle_prompts,done,2026-06-04T14:01:22.787180+00:00,0.049,0.754,0.805,,nvidia/cosmos-reason2-8b,"[date]

[GENERAL VEHICLE SAFETY]
1. Not visible
2. Not visible

[COLLISIONS & NEAR MISSES]
3. Not visible
4. Not visible

[PARKING & ACCESS VIOLATIONS]
5. Not visible
6. Not visible
7. Not visible

[SUSPICIOUS VEHICLE BEHAVIOR]
8. Not visible
9. Not visible
10. Not visible

[VEHICLE IDENTIFICATION]
11. Not visible
12. Not visible
13. Not visible

[PEDESTRIAN & CHILD SAFETY]
14. Not visible
15. Not visible
16. Not visible
17. Not visible"
20260604T134116Z,LP_Parking_and_Restroom_Loitering_1_20260602T234500.jpg,,,dataset_20260603_063335/LP_Parking_and_Restroom_Loitering_1/LP_Parking_and_Restroom_Loitering_1_20260602T234500.jpg,vehicle_prompts,done,2026-06-04T14:01:22.985401+00:00,0.049,0.738,0.789,,nvidia/cosmos-reason2-8b,"[GENERAL VEHICLE SAFETY]
1. Not visible
2. Not visible

[COLLISIONS & NEAR MISSES]
3. Not visible
4. Not visible

[PARKING & ACCESS VIOLATIONS]
5. Not visible
6. Not visible
7. Not visible

[SUSPICIOUS VEHICLE BEHAVIOR]
8. Not visible
9. Not visible
10. Not visible

[VEHICLE IDENTIFICATION]
11. Not visible
12. Not visible
13. Not visible

[PEDESTRIAN & CHILD SAFETY]
14. Not visible
15. Not visible
16. Not visible
17. Not visible"
20260604T134116Z,LP_Parking_and_Restroom_Loitering_2_20260602T000000.jpg,,,dataset_20260603_063335/LP_Parking_and_Restroom_Loitering_2/LP_Parking_and_Restroom_Loitering_2_20260602T000000.jpg,vehicle_prompts,done,2026-06-04T14:01:23.799324+00:00,0.187,1.149,1.354,,nvidia/cosmos-reason2-8b,"### [GENERAL VEHICLE SAFETY]
1. Not visible
2. Not visible

### [COLLISIONS & NEAR MISSES]
3. Not visible
4. Not visible

### [PARKING & ACCESS VIOLATIONS]
5. Not visible
6. Not visible
7. Not visible

### [SUSPICIOUS VEHICLE BEHAVIOR]
8. Not visible
9. Not visible
10. Not visible

### [VEHICLE IDENTIFICATION]
11. Not visible
12. Not visible
13. Not visible

### [PEDESTRIAN & CHILD SAFETY]
14. Not visible
15. Not visible
16. Not visible
17. Not visible"
20260604T134116Z,LP_Parking_and_Restroom_Loitering_2_20260602T001500.jpg,,,dataset_20260603_063335/LP_Parking_and_Restroom_Loitering_2/LP_Parking_and_Restroom_Loitering_2_20260602T001500.jpg,vehicle_prompts,done,2026-06-04T14:01:23.799697+00:00,0.184,0.895,1.098,,nvidia/cosmos-reason2-8b,"[date]
[time]

[GENERAL VEHICLE SAFETY]
1. Not visible
2. Not visible

[COLLISIONS & NEAR MISSES]
3. Not visible
4. Not visible

[PARKING & ACCESS VIOLATIONS]
5. Not visible
6. Not visible
7. Not visible

[SUSPICIOUS VEHICLE BEHAVIOR]
8. Not visible
9. Not visible
10. Not visible

[VEHICLE IDENTIFICATION]
11. Not visible
12. Not visible
13. Not visible

[PEDESTRIAN & CHILD SAFETY]
14. Not visible
15. Not visible
16. Not visible
17. Not visible"
20260604T134116Z,LP_Parking_and_Restroom_Loitering_2_20260602T003000.jpg,,,dataset_20260603_063335/LP_Parking_and_Restroom_Loitering_2/LP_Parking_and_Restroom_Loitering_2_20260602T003000.jpg,vehicle_prompts,done,2026-06-04T14:01:23.801591+00:00,0.187,1.197,1.401,,nvidia/cosmos-reason2-8b,"[date]

[GENERAL VEHICLE SAFETY]
1. Not visible
2. Not visible

[COLLISIONS & NEAR MISSES]
3. Not visible
4. Not visible

[PARKING & ACCESS VIOLATIONS]
5. Not visible
6. Not visible
7. Not visible

[SUSPICIOUS VEHICLE BEHAVIOR]
8. Not visible
9. Not visible
10. Not visible

[VEHICLE IDENTIFICATION]
11. Not visible
12. Not visible
13. Not visible

[PEDESTRIAN & CHILD SAFETY]
14. Not visible
15. Not visible
16. Not visible
17. Not visible"
20260604T134116Z,LP_Parking_and_Restroom_Loitering_2_20260602T004500.jpg,,,dataset_20260603_063335/LP_Parking_and_Restroom_Loitering_2/LP_Parking_and_Restroom_Loitering_2_20260602T004500.jpg,vehicle_prompts,done,2026-06-04T14:01:23.802097+00:00,0.187,1.361,1.564,,nvidia/cosmos-reason2-8b,"[date: 2024-04-12]

[GENERAL VEHICLE SAFETY]
1. Not visible
2. Not visible

[COLLISIONS & NEAR MISSES]
3. Not visible
4. Not visible

[PARKING & ACCESS VIOLATIONS]
5. Not visible
6. Not visible
7. Not visible

[SUSPICIOUS VEHICLE BEHAVIOR]
8. Not visible
9. Not visible
10. Not visible

[VEHICLE IDENTIFICATION]
11. Not visible
12. Not visible
13. Not visible

[PEDESTRIAN & CHILD SAFETY]
14. Not visible
15. Not visible
16. Not visible
17. Not visible"
20260604T134116Z,LP_Parking_and_Restroom_Loitering_2_20260602T010000.jpg,,,dataset_20260603_063335/LP_Parking_and_Restroom_Loitering_2/LP_Parking_and_Restroom_Loitering_2_20260602T010000.jpg,vehicle_prompts,done,2026-06-04T14:01:24.900035+00:00,0.05,0.716,0.769,,nvidia/cosmos-reason2-8b,"[date]

[GENERAL VEHICLE SAFETY]
1. Not visible
2. Not visible

[COLLISIONS & NEAR MISSES]
3. Not visible
4. Not visible

[PARKING & ACCESS VIOLATIONS]
5. Not visible
6. Not visible
7. Not visible

[SUSPICIOUS VEHICLE BEHAVIOR]
8. Not visible
9. Not visible
10. Not visible

[VEHICLE IDENTIFICATION]
11. Not visible
12. Not visible
13. Not visible

[PEDESTRIAN & CHILD SAFETY]
14. Not visible
15. Not visible
16. Not visible
17. Not visible"
20260604T134116Z,LP_Parking_and_Restroom_Loitering_2_20260602T011500.jpg,,,dataset_20260603_063335/LP_Parking_and_Restroom_Loitering_2/LP_Parking_and_Restroom_Loitering_2_20260602T011500.jpg,vehicle_prompts,done,2026-06-04T14:01:25.155511+00:00,0.049,0.732,0.784,,nvidia/cosmos-reason2-8b,"[date]

[GENERAL VEHICLE SAFETY]
1. Not visible
2. Not visible

[COLLISIONS & NEAR MISSES]
3. Not visible
4. Not visible

[PARKING & ACCESS VIOLATIONS]
5. Not visible
6. Not visible
7. Not visible

[SUSPICIOUS VEHICLE BEHAVIOR]
8. Not visible
9. Not visible
10. Not visible

[VEHICLE IDENTIFICATION]
11. Not visible
12. Not visible
13. Not visible

[PEDESTRIAN & CHILD SAFETY]
14. Not visible
15. Not visible
16. Not visible
17. Not visible"
20260604T134116Z,LP_Parking_and_Restroom_Loitering_2_20260602T013000.jpg,,,dataset_20260603_063335/LP_Parking_and_Restroom_Loitering_2/LP_Parking_and_Restroom_Loitering_2_20260602T013000.jpg,vehicle_prompts,done,2026-06-04T14:01:25.206146+00:00,0.049,0.839,0.891,,nvidia/cosmos-reason2-8b,"[date]

[GENERAL VEHICLE SAFETY]
1. Not visible
2. Not visible

[COLLISIONS & NEAR MISSES]
3. Not visible
4. Not visible

[PARKING & ACCESS VIOLATIONS]
5. Not visible
6. Not visible
7. Not visible

[SUSPICIOUS VEHICLE BEHAVIOR]
8. Not visible
9. Not visible
10. Not visible

[VEHICLE IDENTIFICATION]
11. Not visible
12. Not visible
13. Not visible

[PEDESTRIAN & CHILD SAFETY]
14. Not visible
15. Not visible
16. Not visible
17. Not visible"
20260604T134116Z,LP_Parking_and_Restroom_Loitering_2_20260602T014500.jpg,,,dataset_20260603_063335/LP_Parking_and_Restroom_Loitering_2/LP_Parking_and_Restroom_Loitering_2_20260602T014500.jpg,vehicle_prompts,done,2026-06-04T14:01:25.368204+00:00,0.054,0.835,0.892,,nvidia/cosmos-reason2-8b,"### [GENERAL VEHICLE SAFETY]
1. Not visible
2. Not visible

### [COLLISIONS & NEAR MISSES]
3. Not visible
4. Not visible

### [PARKING & ACCESS VIOLATIONS]
5. Not visible
6. Not visible
7. Not visible

### [SUSPICIOUS VEHICLE BEHAVIOR]
8. Not visible
9. Not visible
10. Not visible

### [VEHICLE IDENTIFICATION]
11. Not visible
12. Not visible
13. Not visible

### [PEDESTRIAN & CHILD SAFETY]
14. Not visible
15. Not visible
16. Not visible
17. Not visible"
20260604T134116Z,LP_Parking_and_Restroom_Loitering_2_20260602T020000.jpg,,,dataset_20260603_063335/LP_Parking_and_Restroom_Loitering_2/LP_Parking_and_Restroom_Loitering_2_20260602T020000.jpg,vehicle_prompts,done,2026-06-04T14:01:25.672844+00:00,0.053,0.766,0.822,,nvidia/cosmos-reason2-8b,"[date]

[GENERAL VEHICLE SAFETY]
1. Not visible
2. Not visible

[COLLISIONS & NEAR MISSES]
3. Not visible
4. Not visible

[PARKING & ACCESS VIOLATIONS]
5. Not visible
6. Not visible
7. Not visible

[SUSPICIOUS VEHICLE BEHAVIOR]
8. Not visible
9. Not visible
10. Not visible

[VEHICLE IDENTIFICATION]
11. Not visible
12. Not visible
13. Not visible

[PEDESTRIAN & CHILD SAFETY]
14. Not visible
15. Not visible
16. Not visible
17. Not visible"
20260604T134116Z,LP_Parking_and_Restroom_Loitering_2_20260602T021500.jpg,,,dataset_20260603_063335/LP_Parking_and_Restroom_Loitering_2/LP_Parking_and_Restroom_Loitering_2_20260602T021500.jpg,vehicle_prompts,done,2026-06-04T14:01:25.941980+00:00,0.046,0.662,0.711,,nvidia/cosmos-reason2-8b,"[date]

[GENERAL VEHICLE SAFETY]
1. Not visible
2. Not visible

[COLLISIONS & NEAR MISSES]
3. Not visible
4. Not visible

[PARKING & ACCESS VIOLATIONS]
5. Not visible
6. Not visible
7. Not visible

[SUSPICIOUS VEHICLE BEHAVIOR]
8. Not visible
9. Not visible
10. Not visible

[VEHICLE IDENTIFICATION]
11. Not visible
12. Not visible
13. Not visible

[PEDESTRIAN & CHILD SAFETY]
14. Not visible
15. Not visible
16. Not visible
17. Not visible"
20260604T134116Z,LP_Parking_and_Restroom_Loitering_2_20260602T023000.jpg,,,dataset_20260603_063335/LP_Parking_and_Restroom_Loitering_2/LP_Parking_and_Restroom_Loitering_2_20260602T023000.jpg,vehicle_prompts,done,2026-06-04T14:01:26.099347+00:00,0.041,0.764,0.807,,nvidia/cosmos-reason2-8b,"[date]

[GENERAL VEHICLE SAFETY]
1. Not visible
2. Not visible

[COLLISIONS & NEAR MISSES]
3. Not visible
4. Not visible

[PARKING & ACCESS VIOLATIONS]
5. Not visible
6. Not visible
7. Not visible

[SUSPICIOUS VEHICLE BEHAVIOR]
8. Not visible
9. Not visible
10. Not visible

[VEHICLE IDENTIFICATION]
11. Not visible
12. Not visible
13. Not visible

[PEDESTRIAN & CHILD SAFETY]
14. Not visible
15. Not visible
16. Not visible
17. Not visible"
20260604T134116Z,LP_Parking_and_Restroom_Loitering_2_20260602T024500.jpg,,,dataset_20260603_063335/LP_Parking_and_Restroom_Loitering_2/LP_Parking_and_Restroom_Loitering_2_20260602T024500.jpg,vehicle_prompts,done,2026-06-04T14:01:26.262556+00:00,0.049,0.777,0.828,,nvidia/cosmos-reason2-8b,"[GENERAL VEHICLE SAFETY]
1. Not visible
2. Not visible

[COLLISIONS & NEAR MISSES]
3. Not visible
4. Not visible

[PARKING & ACCESS VIOLATIONS]
5. Not visible
6. Not visible
7. Not visible

[SUSPICIOUS VEHICLE BEHAVIOR]
8. Not visible
9. Not visible
10. Not visible

[VEHICLE IDENTIFICATION]
11. Not visible
12. Not visible
13. Not visible

[PEDESTRIAN & CHILD SAFETY]
14. Not visible
15. Not visible
16. Not visible
17. Not visible"
20260604T134116Z,LP_Parking_and_Restroom_Loitering_2_20260602T030000.jpg,,,dataset_20260603_063335/LP_Parking_and_Restroom_Loitering_2/LP_Parking_and_Restroom_Loitering_2_20260602T030000.jpg,vehicle_prompts,done,2026-06-04T14:01:26.497353+00:00,0.05,0.841,0.895,,nvidia/cosmos-reason2-8b,"[date]

[GENERAL VEHICLE SAFETY]
1. Not visible
2. Not visible

[COLLISIONS & NEAR MISSES]
3. Not visible
4. Not visible

[PARKING & ACCESS VIOLATIONS]
5. Not visible
6. Not visible
7. Not visible

[SUSPICIOUS VEHICLE BEHAVIOR]
8. Not visible
9. Not visible
10. Not visible

[VEHICLE IDENTIFICATION]
11. Not visible
12. Not visible
13. Not visible

[PEDESTRIAN & CHILD SAFETY]
14. Not visible
15. Not visible
16. Not visible
17. Not visible"
20260604T134116Z,LP_Parking_and_Restroom_Loitering_2_20260602T031500.jpg,,,dataset_20260603_063335/LP_Parking_and_Restroom_Loitering_2/LP_Parking_and_Restroom_Loitering_2_20260602T031500.jpg,vehicle_prompts,done,2026-06-04T14:01:26.655701+00:00,0.049,0.763,0.815,,nvidia/cosmos-reason2-8b,"[date]

[GENERAL VEHICLE SAFETY]
1. Not visible
2. Not visible

[COLLISIONS & NEAR MISSES]
3. Not visible
4. Not visible

[PARKING & ACCESS VIOLATIONS]
5. Not visible
6. Not visible
7. Not visible

[SUSPICIOUS VEHICLE BEHAVIOR]
8. Not visible
9. Not visible
10. Not visible

[VEHICLE IDENTIFICATION]
11. Not visible
12. Not visible
13. Not visible

[PEDESTRIAN & CHILD SAFETY]
14. Not visible
15. Not visible
16. Not visible
17. Not visible"
20260604T134116Z,LP_Parking_and_Restroom_Loitering_2_20260602T033000.jpg,,,dataset_20260603_063335/LP_Parking_and_Restroom_Loitering_2/LP_Parking_and_Restroom_Loitering_2_20260602T033000.jpg,vehicle_prompts,done,2026-06-04T14:01:26.909175+00:00,0.049,0.683,0.735,,nvidia/cosmos-reason2-8b,"[date]

[GENERAL VEHICLE SAFETY]
1. Not visible
2. Not visible

[COLLISIONS & NEAR MISSES]
3. Not visible
4. Not visible

[PARKING & ACCESS VIOLATIONS]
5. Not visible
6. Not visible
7. Not visible

[SUSPICIOUS VEHICLE BEHAVIOR]
8. Not visible
9. Not visible
10. Not visible

[VEHICLE IDENTIFICATION]
11. Not visible
12. Not visible
13. Not visible

[PEDESTRIAN & CHILD SAFETY]
14. Not visible
15. Not visible
16. Not visible
17. Not visible"
20260604T134116Z,LP_Parking_and_Restroom_Loitering_2_20260602T034500.jpg,,,dataset_20260603_063335/LP_Parking_and_Restroom_Loitering_2/LP_Parking_and_Restroom_Loitering_2_20260602T034500.jpg,vehicle_prompts,done,2026-06-04T14:01:27.093388+00:00,0.054,0.791,0.848,,nvidia/cosmos-reason2-8b,"[date]

[GENERAL VEHICLE SAFETY]
1. Not visible
2. Not visible

[COLLISIONS & NEAR MISSES]
3. Not visible
4. Not visible

[PARKING & ACCESS VIOLATIONS]
5. Not visible
6. Not visible
7. Not visible

[SUSPICIOUS VEHICLE BEHAVIOR]
8. Not visible
9. Not visible
10. Not visible

[VEHICLE IDENTIFICATION]
11. Not visible
12. Not visible
13. Not visible

[PEDESTRIAN & CHILD SAFETY]
14. Not visible
15. Not visible
16. Not visible
17. Not visible"
20260604T134116Z,LP_Parking_and_Restroom_Loitering_2_20260602T040000.jpg,,,dataset_20260603_063335/LP_Parking_and_Restroom_Loitering_2/LP_Parking_and_Restroom_Loitering_2_20260602T040000.jpg,vehicle_prompts,done,2026-06-04T14:01:27.394749+00:00,0.055,0.902,0.961,,nvidia/cosmos-reason2-8b,"[date]

[GENERAL VEHICLE SAFETY]
1. Not visible
2. Not visible

[COLLISIONS & NEAR MISSES]
3. Not visible
4. Not visible

[PARKING & ACCESS VIOLATIONS]
5. Not visible
6. Not visible
7. Not visible

[SUSPICIOUS VEHICLE BEHAVIOR]
8. Not visible
9. Not visible
10. Not visible

[VEHICLE IDENTIFICATION]
11. Not visible
12. Not visible
13. Not visible

[PEDESTRIAN & CHILD SAFETY]
14. Not visible
15. Not visible
16. Not visible
17. Not visible"
20260604T134116Z,LP_Parking_and_Restroom_Loitering_2_20260602T041500.jpg,,,dataset_20260603_063335/LP_Parking_and_Restroom_Loitering_2/LP_Parking_and_Restroom_Loitering_2_20260602T041500.jpg,vehicle_prompts,done,2026-06-04T14:01:27.472966+00:00,0.046,0.828,0.877,,nvidia/cosmos-reason2-8b,"[date]

[GENERAL VEHICLE SAFETY]
1. Not visible
2. Not visible

[COLLISIONS & NEAR MISSES]
3. Not visible
4. Not visible

[PARKING & ACCESS VIOLATIONS]
5. Not visible
6. Not visible
7. Not visible

[SUSPICIOUS VEHICLE BEHAVIOR]
8. Not visible
9. Not visible
10. Not visible

[VEHICLE IDENTIFICATION]
11. Not visible
12. Not visible
13. Not visible

[PEDESTRIAN & CHILD SAFETY]
14. Not visible
15. Not visible
16. Not visible
17. Not visible"
20260604T134116Z,LP_Parking_and_Restroom_Loitering_2_20260602T043000.jpg,,,dataset_20260603_063335/LP_Parking_and_Restroom_Loitering_2/LP_Parking_and_Restroom_Loitering_2_20260602T043000.jpg,vehicle_prompts,done,2026-06-04T14:01:27.646387+00:00,0.048,0.834,0.885,,nvidia/cosmos-reason2-8b,"[date]

[GENERAL VEHICLE SAFETY]
1. Not visible
2. Not visible

[COLLISIONS & NEAR MISSES]
3. Not visible
4. Not visible

[PARKING & ACCESS VIOLATIONS]
5. Not visible
6. Not visible
7. Not visible

[SUSPICIOUS VEHICLE BEHAVIOR]
8. Not visible
9. Not visible
10. Not visible

[VEHICLE IDENTIFICATION]
11. Not visible
12. Not visible
13. Not visible

[PEDESTRIAN & CHILD SAFETY]
14. Not visible
15. Not visible
16. Not visible
17. Not visible"
20260604T134116Z,LP_Parking_and_Restroom_Loitering_2_20260602T044500.jpg,,,dataset_20260603_063335/LP_Parking_and_Restroom_Loitering_2/LP_Parking_and_Restroom_Loitering_2_20260602T044500.jpg,vehicle_prompts,done,2026-06-04T14:01:27.944595+00:00,0.05,0.802,0.855,,nvidia/cosmos-reason2-8b,"[date]
[time]

[GENERAL VEHICLE SAFETY]
1. Not visible
2. Not visible

[COLLISIONS & NEAR MISSES]
3. Not visible
4. Not visible

[PARKING & ACCESS VIOLATIONS]
5. Not visible
6. Not visible
7. Not visible

[SUSPICIOUS VEHICLE BEHAVIOR]
8. Not visible
9. Not visible
10. Not visible

[VEHICLE IDENTIFICATION]
11. Not visible
12. Not visible
13. Not visible

[PEDESTRIAN & CHILD SAFETY]
14. Not visible
15. Not visible
16. Not visible
17. Not visible"
20260604T134116Z,LP_Parking_and_Restroom_Loitering_2_20260602T050000.jpg,,,dataset_20260603_063335/LP_Parking_and_Restroom_Loitering_2/LP_Parking_and_Restroom_Loitering_2_20260602T050000.jpg,vehicle_prompts,done,2026-06-04T14:01:28.353050+00:00,0.051,0.7,0.754,,nvidia/cosmos-reason2-8b,"[date]

[GENERAL VEHICLE SAFETY]
1. Not visible
2. Not visible

[COLLISIONS & NEAR MISSES]
3. Not visible
4. Not visible

[PARKING & ACCESS VIOLATIONS]
5. Not visible
6. Not visible
7. Not visible

[SUSPICIOUS VEHICLE BEHAVIOR]
8. Not visible
9. Not visible
10. Not visible

[VEHICLE IDENTIFICATION]
11. Not visible
12. Not visible
13. Not visible

[PEDESTRIAN & CHILD SAFETY]
14. Not visible
15. Not visible
16. Not visible
17. Not visible"
20260604T134116Z,LP_Parking_and_Restroom_Loitering_2_20260602T051500.jpg,,,dataset_20260603_063335/LP_Parking_and_Restroom_Loitering_2/LP_Parking_and_Restroom_Loitering_2_20260602T051500.jpg,vehicle_prompts,done,2026-06-04T14:01:28.358444+00:00,0.047,0.984,1.034,,nvidia/cosmos-reason2-8b,"### GENERAL VEHICLE SAFETY
1. Not visible
2. Not visible

### COLLISIONS & NEAR MISSES
3. Not visible
4. Not visible

### PARKING & ACCESS VIOLATIONS
5. Not visible
6. Not visible
7. Not visible

### SUSPICIOUS VEHICLE BEHAVIOR
8. Not visible
9. Not visible
10. Not visible

### VEHICLE IDENTIFICATION
11. Not visible
12. Not visible
13. Not visible

### PEDESTRIAN & CHILD SAFETY
14. Not visible
15. Not visible
16. Not visible
17. Not visible"
20260604T134116Z,LP_Parking_and_Restroom_Loitering_2_20260602T053000.jpg,,,dataset_20260603_063335/LP_Parking_and_Restroom_Loitering_2/LP_Parking_and_Restroom_Loitering_2_20260602T053000.jpg,vehicle_prompts,done,2026-06-04T14:01:28.534034+00:00,0.052,0.932,0.987,,nvidia/cosmos-reason2-8b,"[date]

[GENERAL VEHICLE SAFETY]
1. Not visible
2. Not visible

[COLLISIONS & NEAR MISSES]
3. Not visible
4. Not visible

[PARKING & ACCESS VIOLATIONS]
5. Not visible
6. Not visible
7. Not visible

[SUSPICIOUS VEHICLE BEHAVIOR]
8. Not visible
9. Not visible
10. Not visible

[VEHICLE IDENTIFICATION]
11. Not visible
12. Not visible
13. Not visible

[PEDESTRIAN & CHILD SAFETY]
14. Not visible
15. Not visible
16. Not visible
17. Not visible"
20260604T134116Z,LP_Parking_and_Restroom_Loitering_2_20260602T054500.jpg,,,dataset_20260603_063335/LP_Parking_and_Restroom_Loitering_2/LP_Parking_and_Restroom_Loitering_2_20260602T054500.jpg,vehicle_prompts,done,2026-06-04T14:01:28.801876+00:00,0.049,0.869,0.922,,nvidia/cosmos-reason2-8b,"[GENERAL VEHICLE SAFETY]
1. Not visible
2. Not visible

[COLLISIONS & NEAR MISSES]
3. Not visible
4. Not visible

[PARKING & ACCESS VIOLATIONS]
5. Not visible
6. Not visible
7. Not visible

[SUSPICIOUS VEHICLE BEHAVIOR]
8. Not visible
9. Not visible
10. Not visible

[VEHICLE IDENTIFICATION]
11. Not visible
12. Not visible
13. Not visible

[PEDESTRIAN & CHILD SAFETY]
14. Not visible
15. Not visible
16. Not visible
17. Not visible"
20260604T134116Z,LP_Parking_and_Restroom_Loitering_2_20260602T060000.jpg,,,dataset_20260603_063335/LP_Parking_and_Restroom_Loitering_2/LP_Parking_and_Restroom_Loitering_2_20260602T060000.jpg,vehicle_prompts,done,2026-06-04T14:01:29.110230+00:00,0.05,0.691,0.744,,nvidia/cosmos-reason2-8b,"[date]

[GENERAL VEHICLE SAFETY]
1. Not visible
2. Not visible

[COLLISIONS & NEAR MISSES]
3. Not visible
4. Not visible

[PARKING & ACCESS VIOLATIONS]
5. Not visible
6. Not visible
7. Not visible

[SUSPICIOUS VEHICLE BEHAVIOR]
8. Not visible
9. Not visible
10. Not visible

[VEHICLE IDENTIFICATION]
11. Not visible
12. Not visible
13. Not visible

[PEDESTRIAN & CHILD SAFETY]
14. Not visible
15. Not visible
16. Not visible
17. Not visible"
20260604T134116Z,LP_Parking_and_Restroom_Loitering_2_20260602T061500.jpg,,,dataset_20260603_063335/LP_Parking_and_Restroom_Loitering_2/LP_Parking_and_Restroom_Loitering_2_20260602T061500.jpg,vehicle_prompts,done,2026-06-04T14:01:29.395118+00:00,0.054,0.753,0.81,,nvidia/cosmos-reason2-8b,"[date]
[time]

[GENERAL VEHICLE SAFETY]
1. Not visible
2. Not visible

[COLLISIONS & NEAR MISSES]
3. Not visible
4. Not visible

[PARKING & ACCESS VIOLATIONS]
5. Not visible
6. Not visible
7. Not visible

[SUSPICIOUS VEHICLE BEHAVIOR]
8. Not visible
9. Not visible
10. Not visible

[VEHICLE IDENTIFICATION]
11. Not visible
12. Not visible
13. Not visible

[PEDESTRIAN & CHILD SAFETY]
14. Not visible
15. Not visible
16. Not visible
17. Not visible"
20260604T134116Z,LP_Parking_and_Restroom_Loitering_2_20260602T063000.jpg,,,dataset_20260603_063335/LP_Parking_and_Restroom_Loitering_2/LP_Parking_and_Restroom_Loitering_2_20260602T063000.jpg,vehicle_prompts,done,2026-06-04T14:01:29.523440+00:00,0.053,0.804,0.86,,nvidia/cosmos-reason2-8b,"[GENERAL VEHICLE SAFETY]
1. Not visible
2. Not visible

[COLLISIONS & NEAR MISSES]
3. Not visible
4. Not visible

[PARKING & ACCESS VIOLATIONS]
5. Not visible
6. Not visible
7. Not visible

[SUSPICIOUS VEHICLE BEHAVIOR]
8. Not visible
9. Not visible
10. Not visible

[VEHICLE IDENTIFICATION]
11. Not visible
12. Not visible
13. Not visible

[PEDESTRIAN & CHILD SAFETY]
14. Not visible
15. Not visible
16. Not visible
17. Not visible"
20260604T134116Z,LP_Parking_and_Restroom_Loitering_2_20260602T064500.jpg,,,dataset_20260603_063335/LP_Parking_and_Restroom_Loitering_2/LP_Parking_and_Restroom_Loitering_2_20260602T064500.jpg,vehicle_prompts,done,2026-06-04T14:01:29.726035+00:00,0.045,0.746,0.794,,nvidia/cosmos-reason2-8b,"### [GENERAL VEHICLE SAFETY]
1. Not visible
2. Not visible

### [COLLISIONS & NEAR MISSES]
3. Not visible
4. Not visible

### [PARKING & ACCESS VIOLATIONS]
5. Not visible
6. Not visible
7. Not visible

### [SUSPICIOUS VEHICLE BEHAVIOR]
8. Not visible
9. Not visible
10. Not visible

### [VEHICLE IDENTIFICATION]
11. Not visible
12. Not visible
13. Not visible

### [PEDESTRIAN & CHILD SAFETY]
14. Not visible
15. Not visible
16. Not visible
17. Not visible"
20260604T134116Z,LP_Parking_and_Restroom_Loitering_2_20260602T070000.jpg,,,dataset_20260603_063335/LP_Parking_and_Restroom_Loitering_2/LP_Parking_and_Restroom_Loitering_2_20260602T070000.jpg,vehicle_prompts,done,2026-06-04T14:01:29.856874+00:00,0.048,0.856,0.908,,nvidia/cosmos-reason2-8b,"[date]

[GENERAL VEHICLE SAFETY]
1. Not visible
2. Not visible

[COLLISIONS & NEAR MISSES]
3. Not visible
4. Not visible

[PARKING & ACCESS VIOLATIONS]
5. Not visible
6. Not visible
7. Not visible

[SUSPICIOUS VEHICLE BEHAVIOR]
8. Not visible
9. Not visible
10. Not visible

[VEHICLE IDENTIFICATION]
11. Not visible
12. Not visible
13. Not visible

[PEDESTRIAN & CHILD SAFETY]
14. Not visible
15. Not visible
16. Not visible
17. Not visible"
20260604T134116Z,LP_Parking_and_Restroom_Loitering_2_20260602T071500.jpg,,,dataset_20260603_063335/LP_Parking_and_Restroom_Loitering_2/LP_Parking_and_Restroom_Loitering_2_20260602T071500.jpg,vehicle_prompts,done,2026-06-04T14:01:30.207630+00:00,0.048,0.65,0.702,,nvidia/cosmos-reason2-8b,"[GENERAL VEHICLE SAFETY]
1. Not visible
2. Not visible

[COLLISIONS & NEAR MISSES]
3. Not visible
4. Not visible

[PARKING & ACCESS VIOLATIONS]
5. Not visible
6. Not visible
7. Not visible

[SUSPICIOUS VEHICLE BEHAVIOR]
8. Not visible
9. Not visible
10. Not visible

[VEHICLE IDENTIFICATION]
11. Not visible
12. Not visible
13. Not visible

[PEDESTRIAN & CHILD SAFETY]
14. Not visible
15. Not visible
16. Not visible
17. Not visible"
20260604T134116Z,LP_Parking_and_Restroom_Loitering_2_20260602T073000.jpg,,,dataset_20260603_063335/LP_Parking_and_Restroom_Loitering_2/LP_Parking_and_Restroom_Loitering_2_20260602T073000.jpg,vehicle_prompts,done,2026-06-04T14:01:30.386172+00:00,0.047,0.754,0.804,,nvidia/cosmos-reason2-8b,"[GENERAL VEHICLE SAFETY]
1. Not visible
2. Not visible

[COLLISIONS & NEAR MISSES]
3. Not visible
4. Not visible

[PARKING & ACCESS VIOLATIONS]
5. Not visible
6. Not visible
7. Not visible

[SUSPICIOUS VEHICLE BEHAVIOR]
8. Not visible
9. Not visible
10. Not visible

[VEHICLE IDENTIFICATION]
11. Not visible
12. Not visible
13. Not visible

[PEDESTRIAN & CHILD SAFETY]
14. Not visible
15. Not visible
16. Not visible
17. Not visible"
20260604T134116Z,LP_Parking_and_Restroom_Loitering_2_20260602T074500.jpg,,,dataset_20260603_063335/LP_Parking_and_Restroom_Loitering_2/LP_Parking_and_Restroom_Loitering_2_20260602T074500.jpg,vehicle_prompts,done,2026-06-04T14:01:30.522898+00:00,0.045,0.693,0.74,,nvidia/cosmos-reason2-8b,"[GENERAL VEHICLE SAFETY]
1. Not visible
2. Not visible

[COLLISIONS & NEAR MISSES]
3. Not visible
4. Not visible

[PARKING & ACCESS VIOLATIONS]
5. Not visible
6. Not visible
7. Not visible

[SUSPICIOUS VEHICLE BEHAVIOR]
8. Not visible
9. Not visible
10. Not visible

[VEHICLE IDENTIFICATION]
11. Not visible
12. Not visible
13. Not visible

[PEDESTRIAN & CHILD SAFETY]
14. Not visible
15. Not visible
16. Not visible
17. Not visible"
20260604T134116Z,LP_Parking_and_Restroom_Loitering_2_20260602T080000.jpg,,,dataset_20260603_063335/LP_Parking_and_Restroom_Loitering_2/LP_Parking_and_Restroom_Loitering_2_20260602T080000.jpg,vehicle_prompts,done,2026-06-04T14:01:30.766976+00:00,0.045,0.708,0.756,,nvidia/cosmos-reason2-8b,"[date]

[GENERAL VEHICLE SAFETY]
1. Not visible
2. Not visible

[COLLISIONS & NEAR MISSES]
3. Not visible
4. Not visible

[PARKING & ACCESS VIOLATIONS]
5. Not visible
6. Not visible
7. Not visible

[SUSPICIOUS VEHICLE BEHAVIOR]
8. Not visible
9. Not visible
10. Not visible

[VEHICLE IDENTIFICATION]
11. Not visible
12. Not visible
13. Not visible

[PEDESTRIAN & CHILD SAFETY]
14. Not visible
15. Not visible
16. Not visible
17. Not visible"
20260604T134116Z,LP_Parking_and_Restroom_Loitering_2_20260602T081500.jpg,,,dataset_20260603_063335/LP_Parking_and_Restroom_Loitering_2/LP_Parking_and_Restroom_Loitering_2_20260602T081500.jpg,vehicle_prompts,done,2026-06-04T14:01:30.912374+00:00,0.054,0.772,0.829,,nvidia/cosmos-reason2-8b,"[GENERAL VEHICLE SAFETY]
1. Not visible
2. Not visible

[COLLISIONS & NEAR MISSES]
3. Not visible
4. Not visible

[PARKING & ACCESS VIOLATIONS]
5. Not visible
6. Not visible
7. Not visible

[SUSPICIOUS VEHICLE BEHAVIOR]
8. Not visible
9. Not visible
10. Not visible

[VEHICLE IDENTIFICATION]
11. Not visible
12. Not visible
13. Not visible

[PEDESTRIAN & CHILD SAFETY]
14. Not visible
15. Not visible
16. Not visible
17. Not visible"
20260604T134116Z,LP_Parking_and_Restroom_Loitering_2_20260602T083000.jpg,,,dataset_20260603_063335/LP_Parking_and_Restroom_Loitering_2/LP_Parking_and_Restroom_Loitering_2_20260602T083000.jpg,vehicle_prompts,done,2026-06-04T14:01:31.192709+00:00,0.049,0.771,0.823,,nvidia/cosmos-reason2-8b,"[GENERAL VEHICLE SAFETY]
1. Yes, all vehicles are parked in designated areas without obstruction or erratic behavior.
2. Not visible

[COLLISIONS & NEAR MISSES]
3. No collisions or near misses observed.
4. Not visible

[PARKING & ACCESS VIOLATIONS]
5. Not visible
6. Not visible
7. Not visible

[SUSPICIOUS VEHICLE BEHAVIOR]
8. Not visible
9. Not visible
10. Not visible

[VEHICLE IDENTIFICATION]
11. Not visible
12. Not visible
13. Not visible

[PEDESTRIAN & CHILD SAFETY]
14. Not visible
15. Not visible
16. Not visible
17. Not visible"
20260604T134116Z,LP_Parking_and_Restroom_Loitering_2_20260602T084500.jpg,,,dataset_20260603_063335/LP_Parking_and_Restroom_Loitering_2/LP_Parking_and_Restroom_Loitering_2_20260602T084500.jpg,vehicle_prompts,done,2026-06-04T14:01:31.265743+00:00,0.046,0.921,0.969,,nvidia/cosmos-reason2-8b,"### [GENERAL VEHICLE SAFETY]
1. Not visible
2. Not visible

### [COLLISIONS & NEAR MISSES]
3. Not visible
4. Not visible

### [PARKING & ACCESS VIOLATIONS]
5. Not visible
6. Not visible
7. Not visible

### [SUSPICIOUS VEHICLE BEHAVIOR]
8. Not visible
9. Not visible
10. Not visible

### [VEHICLE IDENTIFICATION]
11. Not visible
12. Not visible
13. Not visible

### [PEDESTRIAN & CHILD SAFETY]
14. Not visible
15. Not visible
16. Not visible
17. Not visible"
20260604T134116Z,LP_Parking_and_Restroom_Loitering_2_20260602T090000.jpg,,,dataset_20260603_063335/LP_Parking_and_Restroom_Loitering_2/LP_Parking_and_Restroom_Loitering_2_20260602T090000.jpg,vehicle_prompts,done,2026-06-04T14:01:31.526010+00:00,0.043,0.706,0.752,,nvidia/cosmos-reason2-8b,"[date]

[GENERAL VEHICLE SAFETY]
1. Not visible
2. Not visible

[COLLISIONS & NEAR MISSES]
3. Not visible
4. Not visible

[PARKING & ACCESS VIOLATIONS]
5. Not visible
6. Not visible
7. Not visible

[SUSPICIOUS VEHICLE BEHAVIOR]
8. Not visible
9. Not visible
10. Not visible

[VEHICLE IDENTIFICATION]
11. Not visible
12. Not visible
13. Not visible
14. Not visible
15. Not visible
16. Not visible
17. Not visible"
20260604T134116Z,LP_Parking_and_Restroom_Loitering_2_20260602T091500.jpg,,,dataset_20260603_063335/LP_Parking_and_Restroom_Loitering_2/LP_Parking_and_Restroom_Loitering_2_20260602T091500.jpg,vehicle_prompts,done,2026-06-04T14:01:31.743439+00:00,0.053,0.854,0.91,,nvidia/cosmos-reason2-8b,"[GENERAL VEHICLE SAFETY]
1. Yes, all vehicles are parked in designated areas without obstruction or erratic behavior.
2. Not visible

[COLLISIONS & NEAR MISSES]
3. No
4. Not visible

[PARKING & ACCESS VIOLATIONS]
5. Not visible
6. Not visible
7. Not visible

[SUSPICIOUS VEHICLE BEHAVIOR]
8. Not visible
9. Not visible
10. Not visible

[VEHICLE IDENTIFICATION]
11. Not visible
12. Not visible
13. Silver Ford pickup truck; silver SUV; white pickup truck
14. Not visible
15. Not visible
16. Not visible
17. Not visible"
20260604T134116Z,LP_Parking_and_Restroom_Loitering_2_20260602T093000.jpg,,,dataset_20260603_063335/LP_Parking_and_Restroom_Loitering_2/LP_Parking_and_Restroom_Loitering_2_20260602T093000.jpg,vehicle_prompts,done,2026-06-04T14:01:32.018179+00:00,0.053,0.643,0.699,,nvidia/cosmos-reason2-8b,"[date]

[GENERAL VEHICLE SAFETY]
1. Yes
2. Not visible

[COLLISIONS & NEAR MISSES]
3. No
4. Not visible

[PARKING & ACCESS VIOLATIONS]
5. Not visible
6. Not visible
7. Not visible

[SUSPICIOUS VEHICLE BEHAVIOR]
8. Not visible
9. Not visible
10. Not visible

[VEHICLE IDENTIFICATION]
11. Not visible
12. Not visible
13. Not visible
14. Not visible
15. Not visible
16. Not visible
17. Not visible"
20260604T134116Z,LP_Parking_and_Restroom_Loitering_2_20260602T094500.jpg,,,dataset_20260603_063335/LP_Parking_and_Restroom_Loitering_2/LP_Parking_and_Restroom_Loitering_2_20260602T094500.jpg,vehicle_prompts,done,2026-06-04T14:01:32.237227+00:00,0.041,0.668,0.713,,nvidia/cosmos-reason2-8b,"[date]

[GENERAL VEHICLE SAFETY]
1. Not visible
2. Not visible

[COLLISIONS & NEAR MISSES]
3. Not visible
4. Not visible

[PARKING & ACCESS VIOLATIONS]
5. Not visible
6. Not visible
7. Not visible

[SUSPICIOUS VEHICLE BEHAVIOR]
8. Not visible
9. Not visible
10. Not visible

[VEHICLE IDENTIFICATION]
11. Not visible
12. Not visible
13. Not visible
14. Not visible
15. Not visible
16. Not visible
17. Not visible"
20260604T134116Z,LP_Parking_and_Restroom_Loitering_2_20260602T100000.jpg,,,dataset_20260603_063335/LP_Parking_and_Restroom_Loitering_2/LP_Parking_and_Restroom_Loitering_2_20260602T100000.jpg,vehicle_prompts,done,2026-06-04T14:01:32.280485+00:00,0.041,0.845,0.89,,nvidia/cosmos-reason2-8b,"[date]

[GENERAL VEHICLE SAFETY]
1. Not visible
2. Not visible

[COLLISIONS & NEAR MISSES]
3. Not visible
4. Not visible

[PARKING & ACCESS VIOLATIONS]
5. Not visible
6. Not visible
7. Not visible

[SUSPICIOUS VEHICLE BEHAVIOR]
8. Not visible
9. Not visible
10. Not visible

[VEHICLE IDENTIFICATION]
11. Not visible
12. Not visible
13. Not visible
14. Not visible
15. Not visible
16. Not visible
17. Not visible"
20260604T134116Z,LP_Parking_and_Restroom_Loitering_2_20260602T101500.jpg,,,dataset_20260603_063335/LP_Parking_and_Restroom_Loitering_2/LP_Parking_and_Restroom_Loitering_2_20260602T101500.jpg,vehicle_prompts,done,2026-06-04T14:01:32.655842+00:00,0.044,0.726,0.773,,nvidia/cosmos-reason2-8b,"### [GENERAL VEHICLE SAFETY]
1. Not visible
2. Not visible

### [COLLISIONS & NEAR MISSES]
3. Not visible
4. Not visible

### [PARKING & ACCESS VIOLATIONS]
5. Not visible
6. Not visible
7. Not visible

### [SUSPICIOUS VEHICLE BEHAVIOR]
8. Not visible
9. Not visible
10. Not visible

### [VEHICLE IDENTIFICATION]
11. Not visible
12. Not visible
13. Not visible

### [PEDESTRIAN & CHILD SAFETY]
14. Not visible
15. Not visible
16. Not visible
17. Not visible"
20260604T134116Z,LP_Parking_and_Restroom_Loitering_2_20260602T103000.jpg,,,dataset_20260603_063335/LP_Parking_and_Restroom_Loitering_2/LP_Parking_and_Restroom_Loitering_2_20260602T103000.jpg,vehicle_prompts,done,2026-06-04T14:01:32.719778+00:00,0.03,0.841,0.885,,nvidia/cosmos-reason2-8b,"### GENERAL VEHICLE SAFETY
1. Not visible
2. Not visible

### COLLISIONS & NEAR MISSES
3. Not visible
4. Not visible

### PARKING & ACCESS VIOLATIONS
5. Not visible
6. Not visible
7. Not visible

### SUSPICIOUS VEHICLE BEHAVIOR
8. Not visible
9. Not visible
10. Not visible

### VEHICLE IDENTIFICATION
11. Not visible
12. Not visible
13. Not visible

### PEDESTRIAN & CHILD SAFETY
14. Not visible
15. Not visible
16. Not visible
17. Not visible"
20260604T134116Z,LP_Parking_and_Restroom_Loitering_2_20260602T104500.jpg,,,dataset_20260603_063335/LP_Parking_and_Restroom_Loitering_2/LP_Parking_and_Restroom_Loitering_2_20260602T104500.jpg,vehicle_prompts,done,2026-06-04T14:01:32.952294+00:00,0.043,0.836,0.882,,nvidia/cosmos-reason2-8b,"### [GENERAL VEHICLE SAFETY]
1. Not visible
2. Not visible

### [COLLISIONS & NEAR MISSES]
3. Not visible
4. Not visible

### [PARKING & ACCESS VIOLATIONS]
5. Not visible
6. Not visible
7. Not visible

### [SUSPICIOUS VEHICLE BEHAVIOR]
8. Not visible
9. Not visible
10. Not visible

### [VEHICLE IDENTIFICATION]
11. Not visible
12. Not visible
13. Not visible

### [PEDESTRIAN & CHILD SAFETY]
14. Not visible
15. Not visible
16. Not visible
17. Not visible"
20260604T134116Z,LP_Parking_and_Restroom_Loitering_2_20260602T110000.jpg,,,dataset_20260603_063335/LP_Parking_and_Restroom_Loitering_2/LP_Parking_and_Restroom_Loitering_2_20260602T110000.jpg,vehicle_prompts,done,2026-06-04T14:01:33.172749+00:00,0.045,0.743,0.792,,nvidia/cosmos-reason2-8b,"[date]

[GENERAL VEHICLE SAFETY]
1. Not visible
2. Not visible

[COLLISIONS & NEAR MISSES]
3. Not visible
4. Not visible

[PARKING & ACCESS VIOLATIONS]
5. Not visible
6. Not visible
7. Not visible

[SUSPICIOUS VEHICLE BEHAVIOR]
8. Not visible
9. Not visible
10. Not visible

[VEHICLE IDENTIFICATION]
11. 0
12. Not visible
13. Black Ford pickup truck, silver pickup truck, white pickup truck
14. Not visible
15. Not visible
16. Not visible
17. Not visible"
20260604T134116Z,LP_Parking_and_Restroom_Loitering_2_20260602T111500.jpg,,,dataset_20260603_063335/LP_Parking_and_Restroom_Loitering_2/LP_Parking_and_Restroom_Loitering_2_20260602T111500.jpg,vehicle_prompts,done,2026-06-04T14:01:33.431271+00:00,0.047,0.629,0.681,,nvidia/cosmos-reason2-8b,"[date]

[GENERAL VEHICLE SAFETY]
1. Not visible
2. Not visible

[COLLISIONS & NEAR MISSES]
3. Not visible
4. Not visible

[PARKING & ACCESS VIOLATIONS]
5. Not visible
6. Not visible
7. Not visible

[SUSPICIOUS VEHICLE BEHAVIOR]
8. Not visible
9. Not visible
10. Not visible

[VEHICLE IDENTIFICATION]
11. Not visible
12. Not visible
13. Not visible
14. Not visible
15. Not visible
16. Not visible
17. Not visible"
20260604T134116Z,LP_Parking_and_Restroom_Loitering_2_20260602T113000.jpg,,,dataset_20260603_063335/LP_Parking_and_Restroom_Loitering_2/LP_Parking_and_Restroom_Loitering_2_20260602T113000.jpg,vehicle_prompts,done,2026-06-04T14:01:33.607199+00:00,0.041,0.704,0.748,,nvidia/cosmos-reason2-8b,"[date]

[GENERAL VEHICLE SAFETY]
1. Yes
2. N/A

[COLLISIONS & NEAR MISSES]
3. No
4. Not visible

[PARKING & ACCESS VIOLATIONS]
5. No
6. No
7. No

[SUSPICIOUS VEHICLE BEHAVIOR]
8. No
9. No
10. No

[VEHICLE IDENTIFICATION]
11. 0
12. Not visible
13. Black Ford F-150 pickup truck; Silver pickup truck; White pickup truck
14. 0
15. 0
16. 0
17. 0"
20260604T134116Z,LP_Parking_and_Restroom_Loitering_2_20260602T114500.jpg,,,dataset_20260603_063335/LP_Parking_and_Restroom_Loitering_2/LP_Parking_and_Restroom_Loitering_2_20260602T114500.jpg,vehicle_prompts,done,2026-06-04T14:01:33.837132+00:00,0.048,0.722,0.773,,nvidia/cosmos-reason2-8b,"[date]

[GENERAL VEHICLE SAFETY]
1. Not visible
2. Not visible

[COLLISIONS & NEAR MISSES]
3. Not visible
4. Not visible

[PARKING & ACCESS VIOLATIONS]
5. Not visible
6. Not visible
7. Not visible

[SUSPICIOUS VEHICLE BEHAVIOR]
8. Not visible
9. Not visible
10. Not visible

[VEHICLE IDENTIFICATION]
11. Not visible
12. Not visible
13. Not visible
14. Not visible
15. Not visible
16. Not visible
17. Not visible"
20260604T134116Z,LP_Parking_and_Restroom_Loitering_2_20260602T120000.jpg,,,dataset_20260603_063335/LP_Parking_and_Restroom_Loitering_2/LP_Parking_and_Restroom_Loitering_2_20260602T120000.jpg,vehicle_prompts,done,2026-06-04T14:01:33.968011+00:00,0.052,0.774,0.829,,nvidia/cosmos-reason2-8b,"[date]

[GENERAL VEHICLE SAFETY]
1. Not visible
2. Not visible

[COLLISIONS & NEAR MISSES]
3. Not visible
4. Not visible

[PARKING & ACCESS VIOLATIONS]
5. Not visible
6. Not visible
7. Not visible

[SUSPICIOUS VEHICLE BEHAVIOR]
8. Not visible
9. Not visible
10. Not visible

[VEHICLE IDENTIFICATION]
11. Not visible
12. Not visible
13. Not visible

[PEDESTRIAN & CHILD SAFETY]
14. Not visible
15. Not visible
16. Not visible
17. Not visible"
20260604T134116Z,LP_Parking_and_Restroom_Loitering_2_20260602T121500.jpg,,,dataset_20260603_063335/LP_Parking_and_Restroom_Loitering_2/LP_Parking_and_Restroom_Loitering_2_20260602T121500.jpg,vehicle_prompts,done,2026-06-04T14:01:34.114655+00:00,0.053,0.788,0.843,,nvidia/cosmos-reason2-8b,"### [GENERAL VEHICLE SAFETY]
1. Not visible
2. Not visible

### [COLLISIONS & NEAR MISSES]
3. Not visible
4. Not visible

### [PARKING & ACCESS VIOLATIONS]
5. Not visible
6. Not visible
7. Not visible

### [SUSPICIOUS VEHICLE BEHAVIOR]
8. Not visible
9. Not visible
10. Not visible

### [VEHICLE IDENTIFICATION]
11. Not visible
12. Not visible
13. Not visible

### [PEDESTRIAN & CHILD SAFETY]
14. Not visible
15. Not visible
16. Not visible
17. Not visible"
20260604T134116Z,LP_Parking_and_Restroom_Loitering_2_20260602T123000.jpg,,,dataset_20260603_063335/LP_Parking_and_Restroom_Loitering_2/LP_Parking_and_Restroom_Loitering_2_20260602T123000.jpg,vehicle_prompts,done,2026-06-04T14:01:34.357399+00:00,0.039,0.707,0.75,,nvidia/cosmos-reason2-8b,"[date]

[GENERAL VEHICLE SAFETY]
1. Not visible
2. Not visible

[COLLISIONS & NEAR MISSES]
3. Not visible
4. Not visible

[PARKING & ACCESS VIOLATIONS]
5. Not visible
6. Not visible
7. Not visible

[SUSPICIOUS VEHICLE BEHAVIOR]
8. Not visible
9. Not visible
10. Not visible

[VEHICLE IDENTIFICATION]
11. Not visible
12. Not visible
13. Not visible

[PEDESTRIAN & CHILD SAFETY]
14. Not visible
15. Not visible
16. Not visible
17. Not visible"
20260604T134116Z,LP_Parking_and_Restroom_Loitering_2_20260602T124500.jpg,,,dataset_20260603_063335/LP_Parking_and_Restroom_Loitering_2/LP_Parking_and_Restroom_Loitering_2_20260602T124500.jpg,vehicle_prompts,done,2026-06-04T14:01:34.613977+00:00,0.049,0.651,0.703,,nvidia/cosmos-reason2-8b,"[date]

[GENERAL VEHICLE SAFETY]
1. Not visible
2. Not visible

[COLLISIONS & NEAR MISSES]
3. Not visible
4. Not visible

[PARKING & ACCESS VIOLATIONS]
5. Not visible
6. Not visible
7. Not visible

[SUSPICIOUS VEHICLE BEHAVIOR]
8. Not visible
9. Not visible
10. Not visible

[VEHICLE IDENTIFICATION]
11. Not visible
12. Not visible
13. Not visible
14. Not visible
15. Not visible
16. Not visible
17. Not visible"
20260604T134116Z,LP_Parking_and_Restroom_Loitering_2_20260602T130000.jpg,,,dataset_20260603_063335/LP_Parking_and_Restroom_Loitering_2/LP_Parking_and_Restroom_Loitering_2_20260602T130000.jpg,vehicle_prompts,done,2026-06-04T14:01:34.799520+00:00,0.039,0.711,0.753,,nvidia/cosmos-reason2-8b,"[date]

[GENERAL VEHICLE SAFETY]
1. Not visible
2. Not visible

[COLLISIONS & NEAR MISSES]
3. Not visible
4. Not visible

[PARKING & ACCESS VIOLATIONS]
5. Not visible
6. Not visible
7. Not visible

[SUSPICIOUS VEHICLE BEHAVIOR]
8. Not visible
9. Not visible
10. Not visible

[VEHICLE IDENTIFICATION]
11. Not visible
12. Not visible
13. Not visible
14. Not visible
15. Not visible
16. Not visible
17. Not visible"
20260604T134116Z,LP_Parking_and_Restroom_Loitering_2_20260602T131500.jpg,,,dataset_20260603_063335/LP_Parking_and_Restroom_Loitering_2/LP_Parking_and_Restroom_Loitering_2_20260602T131500.jpg,vehicle_prompts,done,2026-06-04T14:01:34.960878+00:00,0.051,0.77,0.823,,nvidia/cosmos-reason2-8b,"[GENERAL VEHICLE SAFETY]
1. Yes, all vehicles are parked in designated areas with no obstruction of emergency routes.
2. Not visible

[COLLISIONS & NEAR MISSES]
3. No
4. Not visible

[PARKING & ACCESS VIOLATIONS]
5. Not visible
6. Not visible
7. Not visible

[SUSPICIOUS VEHICLE BEHAVIOR]
8. Not visible
9. Not visible
10. Not visible

[VEHICLE IDENTIFICATION]
11. Not visible
12. Not visible
13. Silver, pickup truck; white, pickup truck
14. Not visible
15. Not visible
16. Not visible
17. Not visible"
20260604T134116Z,LP_Parking_and_Restroom_Loitering_2_20260602T133000.jpg,,,dataset_20260603_063335/LP_Parking_and_Restroom_Loitering_2/LP_Parking_and_Restroom_Loitering_2_20260602T133000.jpg,vehicle_prompts,done,2026-06-04T14:01:35.109319+00:00,0.048,0.825,0.875,,nvidia/cosmos-reason2-8b,"[GENERAL VEHICLE SAFETY]
1. Yes, all vehicles are parked in designated areas with no erratic maneuvers or obstruction of emergency routes.
2. Not visible

[COLLISIONS & NEAR MISSES]
3. No
4. Not visible

[PARKING & ACCESS VIOLATIONS]
5. Not visible
6. Not visible
7. Not visible

[SUSPICIOUS VEHICLE BEHAVIOR]
8. Not visible
9. Not visible
10. Not visible

[VEHICLE IDENTIFICATION]
11. Not visible
12. Not visible
13. A gray pickup truck is parked in the parking lot.

[PEDESTRIAN & CHILD SAFETY]
14. Not visible
15. Not visible
16. Not visible
17. Not visible"
20260604T134116Z,LP_Parking_and_Restroom_Loitering_2_20260602T134500.jpg,,,dataset_20260603_063335/LP_Parking_and_Restroom_Loitering_2/LP_Parking_and_Restroom_Loitering_2_20260602T134500.jpg,vehicle_prompts,done,2026-06-04T14:01:35.319481+00:00,0.045,0.719,0.768,,nvidia/cosmos-reason2-8b,"[date]

[GENERAL VEHICLE SAFETY]
1. Not visible
2. Not visible

[COLLISIONS & NEAR MISSES]
3. Not visible
4. Not visible

[PARKING & ACCESS VIOLATIONS]
5. Not visible
6. Not visible
7. Not visible

[SUSPICIOUS VEHICLE BEHAVIOR]
8. Not visible
9. Not visible
10. Not visible

[VEHICLE IDENTIFICATION]
11. Not visible
12. Not visible
13. Not visible
14. Not visible
15. Not visible
16. Not visible
17. Not visible"
20260604T134116Z,LP_Parking_and_Restroom_Loitering_2_20260602T140000.jpg,,,dataset_20260603_063335/LP_Parking_and_Restroom_Loitering_2/LP_Parking_and_Restroom_Loitering_2_20260602T140000.jpg,vehicle_prompts,done,2026-06-04T14:01:35.555186+00:00,0.043,0.701,0.747,,nvidia/cosmos-reason2-8b,"[date]

[GENERAL VEHICLE SAFETY]
1. Yes
2. Not visible

[COLLISIONS & NEAR MISSES]
3. No
4. Not visible

[PARKING & ACCESS VIOLATIONS]
5. Not visible
6. Not visible
7. Not visible

[SUSPICIOUS VEHICLE BEHAVIOR]
8. Not visible
9. Not visible
10. Not visible

[VEHICLE IDENTIFICATION]
11. Not visible
12. Not visible
13. Not visible

[PEDESTRIAN & CHILD SAFETY]
14. Not visible
15. Not visible
16. Not visible
17. Not visible"
20260604T134116Z,LP_Parking_and_Restroom_Loitering_2_20260602T141500.jpg,,,dataset_20260603_063335/LP_Parking_and_Restroom_Loitering_2/LP_Parking_and_Restroom_Loitering_2_20260602T141500.jpg,vehicle_prompts,done,2026-06-04T14:01:35.787357+00:00,0.05,0.744,0.797,,nvidia/cosmos-reason2-8b,"[date]

[GENERAL VEHICLE SAFETY]
1. Yes, all vehicles are parked in designated areas, and there are no obstructions or erratic maneuvers.
2. Not visible

[COLLISIONS & NEAR MISSES]
3. No
4. Not visible

[PARKING & ACCESS VIOLATIONS]
5. Not visible
6. Not visible
7. Not visible

[SUSPICIOUS VEHICLE BEHAVIOR]
8. Not visible
9. Not visible
10. Not visible

[VEHICLE IDENTIFICATION]
11. Not visible
12. Not visible
13. Not visible
14. Not visible
15. Not visible
16. Not visible
17. Not visible"
20260604T134116Z,LP_Parking_and_Restroom_Loitering_2_20260602T143000.jpg,,,dataset_20260603_063335/LP_Parking_and_Restroom_Loitering_2/LP_Parking_and_Restroom_Loitering_2_20260602T143000.jpg,vehicle_prompts,done,2026-06-04T14:01:35.987873+00:00,0.052,0.745,0.8,,nvidia/cosmos-reason2-8b,"[date]

[GENERAL VEHICLE SAFETY]
1. Not visible
2. Not visible

[COLLISIONS & NEAR MISSES]
3. Not visible
4. Not visible

[PARKING & ACCESS VIOLATIONS]
5. Not visible
6. Not visible
7. Not visible

[SUSPICIOUS VEHICLE BEHAVIOR]
8. Not visible
9. Not visible
10. Not visible

[VEHICLE IDENTIFICATION]
11. Not visible
12. Not visible
13. Not visible

[PEDESTRIAN & CHILD SAFETY]
14. Not visible
15. Not visible
16. Not visible
17. Not visible"
20260604T134116Z,LP_Parking_and_Restroom_Loitering_2_20260602T144500.jpg,,,dataset_20260603_063335/LP_Parking_and_Restroom_Loitering_2/LP_Parking_and_Restroom_Loitering_2_20260602T144500.jpg,vehicle_prompts,done,2026-06-04T14:01:36.089851+00:00,0.047,0.765,0.815,,nvidia/cosmos-reason2-8b,"### [GENERAL VEHICLE SAFETY]
1. Not visible
2. Not visible

### [COLLISIONS & NEAR MISSES]
3. Not visible
4. Not visible

### [PARKING & ACCESS VIOLATIONS]
5. Not visible
6. Not visible
7. Not visible

### [SUSPICIOUS VEHICLE BEHAVIOR]
8. Not visible
9. Not visible
10. Not visible

### [VEHICLE IDENTIFICATION]
11. Not visible
12. Not visible
13. Not visible

### [PEDESTRIAN & CHILD SAFETY]
14. Not visible
15. Not visible
16. Not visible
17. Not visible"
20260604T134116Z,LP_Parking_and_Restroom_Loitering_2_20260602T150000.jpg,,,dataset_20260603_063335/LP_Parking_and_Restroom_Loitering_2/LP_Parking_and_Restroom_Loitering_2_20260602T150000.jpg,vehicle_prompts,done,2026-06-04T14:01:36.304860+00:00,0.041,0.709,0.753,,nvidia/cosmos-reason2-8b,"[date]

[GENERAL VEHICLE SAFETY]
1. Yes
2. Not visible

[COLLISIONS & NEAR MISSES]
3. No
4. Not visible

[PARKING & ACCESS VIOLATIONS]
5. Not visible
6. Not visible
7. Not visible

[SUSPICIOUS VEHICLE BEHAVIOR]
8. Not visible
9. Not visible
10. Not visible

[VEHICLE IDENTIFICATION]
11. Not visible
12. Not visible
13. Not visible
14. Not visible
15. Not visible
16. Not visible
17. Not visible"
20260604T134116Z,LP_Parking_and_Restroom_Loitering_2_20260602T151500.jpg,,,dataset_20260603_063335/LP_Parking_and_Restroom_Loitering_2/LP_Parking_and_Restroom_Loitering_2_20260602T151500.jpg,vehicle_prompts,done,2026-06-04T14:01:36.586923+00:00,0.045,0.544,0.592,,nvidia/cosmos-reason2-8b,"### GENERAL VEHICLE SAFETY
1. Not visible

### COLLISIONS & NEAR MISSES
3. Not visible

### PARKING & ACCESS VIOLATIONS
5. Not visible

### SUSPICIOUS VEHICLE BEHAVIOR
8. Not visible

### VEHICLE IDENTIFICATION
11. Not visible

### PEDESTRIAN & CHILD SAFETY
14. Not visible"
20260604T134116Z,LP_Parking_and_Restroom_Loitering_2_20260602T153000.jpg,,,dataset_20260603_063335/LP_Parking_and_Restroom_Loitering_2/LP_Parking_and_Restroom_Loitering_2_20260602T153000.jpg,vehicle_prompts,done,2026-06-04T14:01:36.791341+00:00,0.046,0.897,0.958,,nvidia/cosmos-reason2-8b,"[date]

[GENERAL VEHICLE SAFETY]
1. Yes, all vehicles are parked in designated areas, and there are no obstructions or erratic maneuvers.
2. Not visible

[COLLISIONS & NEAR MISSES]
3. No
4. Not visible

[PARKING & ACCESS VIOLATIONS]
5. Not visible
6. Not visible
7. Not visible

[SUSPICIOUS VEHICLE BEHAVIOR]
8. Not visible
9. Not visible
10. Not visible

[VEHICLE IDENTIFICATION]
11. Not visible
12. Not visible
13. Not visible

[PEDESTRIAN & CHILD SAFETY]
14. Not visible
15. Not visible
16. Not visible
17. Not visible"
20260604T134116Z,LP_Parking_and_Restroom_Loitering_2_20260602T154500.jpg,,,dataset_20260603_063335/LP_Parking_and_Restroom_Loitering_2/LP_Parking_and_Restroom_Loitering_2_20260602T154500.jpg,vehicle_prompts,done,2026-06-04T14:01:36.907158+00:00,0.044,0.905,0.953,,nvidia/cosmos-reason2-8b,"[GENERAL VEHICLE SAFETY]
1. Yes, all vehicles are parked in designated areas with no erratic maneuvers or obstruction of emergency routes.
2. Not visible

COLLISIONS & NEAR MISSES
3. No
4. Not visible

[PARKING & ACCESS VIOLATIONS]
5. No
6. Not visible
7. Not visible

[SUSPICIOUS VEHICLE BEHAVIOR]
8. Not visible
9. Not visible
10. Not visible

[VEHICLE IDENTIFICATION]
11. Not visible
12. Not visible
13. Silver sedan, white pickup truck, silver SUV
14. Not visible
15. Not visible
16. Not visible
17. Not visible"
20260604T134116Z,LP_Parking_and_Restroom_Loitering_2_20260602T160000.jpg,,,dataset_20260603_063335/LP_Parking_and_Restroom_Loitering_2/LP_Parking_and_Restroom_Loitering_2_20260602T160000.jpg,vehicle_prompts,done,2026-06-04T14:01:37.060555+00:00,0.053,1.066,1.123,,nvidia/cosmos-reason2-8b,"[GENERAL VEHICLE SAFETY]
1. Yes, all vehicles are parked in designated areas with no erratic maneuvers or obstruction of emergency routes.
2. Not visible

[COLLISIONS & NEAR MISSES]
3. No
4. Not visible

[PARKING & ACCESS VIOLATIONS]
5. No
6. No
7. Not visible

[SUSPICIOUS VEHICLE BEHAVIOR]
8. Not visible
9. Not visible
10. Not visible

[VEHICLE IDENTIFICATION]
11. Not visible
12. Not visible
13. Silver sedan, white pickup truck, silver SUV
14. Not visible
15. Not visible
16. Not visible
17. Not visible"
20260604T134116Z,LP_Parking_and_Restroom_Loitering_2_20260602T161500.jpg,,,dataset_20260603_063335/LP_Parking_and_Restroom_Loitering_2/LP_Parking_and_Restroom_Loitering_2_20260602T161500.jpg,vehicle_prompts,done,2026-06-04T14:01:37.180798+00:00,0.044,0.959,1.006,,nvidia/cosmos-reason2-8b,"### [GENERAL VEHICLE SAFETY]
1. Not visible
2. Not visible

### [COLLISIONS & NEAR MISSES]
3. Not visible
4. Not visible

### [PARKING & ACCESS VIOLATIONS]
5. Not visible
6. Not visible
7. Not visible

### [SUSPICIOUS VEHICLE BEHAVIOR]
8. Not visible
9. Not visible
10. Not visible

### [VEHICLE IDENTIFICATION]
11. Not visible
12. Not visible
13. Not visible

### [PEDESTRIAN & CHILD SAFETY]
14. Not visible
15. Not visible
16. Not visible
17. Not visible"
20260604T134116Z,LP_Parking_and_Restroom_Loitering_2_20260602T163000.jpg,,,dataset_20260603_063335/LP_Parking_and_Restroom_Loitering_2/LP_Parking_and_Restroom_Loitering_2_20260602T163000.jpg,vehicle_prompts,done,2026-06-04T14:01:37.751925+00:00,0.05,0.751,0.806,,nvidia/cosmos-reason2-8b,"### [GENERAL VEHICLE SAFETY]
1. Not visible
2. Not visible

### [COLLISIONS & NEAR MISSES]
3. Not visible
4. Not visible

### [PARKING & ACCESS VIOLATIONS]
5. Not visible
6. Not visible
7. Not visible

### [SUSPICIOUS VEHICLE BEHAVIOR]
8. Not visible
9. Not visible
10. Not visible

### [VEHICLE IDENTIFICATION]
11. Not visible
12. Not visible
13. Not visible

### [PEDESTRIAN & CHILD SAFETY]
14. Not visible
15. Not visible
16. Not visible
17. Not visible"
20260604T134116Z,LP_Parking_and_Restroom_Loitering_2_20260602T164500.jpg,,,dataset_20260603_063335/LP_Parking_and_Restroom_Loitering_2/LP_Parking_and_Restroom_Loitering_2_20260602T164500.jpg,vehicle_prompts,done,2026-06-04T14:01:37.863158+00:00,0.052,0.76,0.817,,nvidia/cosmos-reason2-8b,"### [GENERAL VEHICLE SAFETY]
1. Not visible
2. Not visible

### [COLLISIONS & NEAR MISSES]
3. Not visible
4. Not visible

### [PARKING & ACCESS VIOLATIONS]
5. Not visible
6. Not visible
7. Not visible

### [SUSPICIOUS VEHICLE BEHAVIOR]
8. Not visible
9. Not visible
10. Not visible

### [VEHICLE IDENTIFICATION]
11. Not visible
12. Not visible
13. Not visible

### [PEDESTRIAN & CHILD SAFETY]
14. Not visible
15. Not visible
16. Not visible
17. Not visible"
20260604T134116Z,LP_Parking_and_Restroom_Loitering_2_20260602T170000.jpg,,,dataset_20260603_063335/LP_Parking_and_Restroom_Loitering_2/LP_Parking_and_Restroom_Loitering_2_20260602T170000.jpg,vehicle_prompts,done,2026-06-04T14:01:38.187584+00:00,0.094,0.875,0.973,,nvidia/cosmos-reason2-8b,"[date]

[GENERAL VEHICLE SAFETY]
1. Not visible
2. Not visible

[COLLISIONS & NEAR MISSES]
3. Not visible
4. Not visible

[PARKING & ACCESS VIOLATIONS]
5. Not visible
6. Not visible
7. Not visible

[SUSPICIOUS VEHICLE BEHAVIOR]
8. Not visible
9. Not visible
10. Not visible

[VEHICLE IDENTIFICATION]
11. Not visible
12. Not visible
13. Not visible

[PEDESTRIAN & CHILD SAFETY]
14. Not visible
15. Not visible
16. Not visible
17. Not visible"
20260604T134116Z,LP_Parking_and_Restroom_Loitering_2_20260602T171500.jpg,,,dataset_20260603_063335/LP_Parking_and_Restroom_Loitering_2/LP_Parking_and_Restroom_Loitering_2_20260602T171500.jpg,vehicle_prompts,done,2026-06-04T14:01:38.189270+00:00,0.093,0.865,0.961,,nvidia/cosmos-reason2-8b,"### [GENERAL VEHICLE SAFETY]
1. Not visible
2. Not visible

### [COLLISIONS & NEAR MISSES]
3. Not visible
4. Not visible

### [PARKING & ACCESS VIOLATIONS]
5. Not visible
6. Not visible
7. Not visible

### [SUSPICIOUS VEHICLE BEHAVIOR]
8. Not visible
9. Not visible
10. Not visible

### [VEHICLE IDENTIFICATION]
11. Not visible
12. Not visible
13. Not visible

### [PEDESTRIAN & CHILD SAFETY]
14. Not visible
15. Not visible
16. Not visible
17. Not visible"
20260604T134116Z,LP_Parking_and_Restroom_Loitering_2_20260602T173000.jpg,,,dataset_20260603_063335/LP_Parking_and_Restroom_Loitering_2/LP_Parking_and_Restroom_Loitering_2_20260602T173000.jpg,vehicle_prompts,done,2026-06-04T14:01:38.561526+00:00,0.055,0.796,0.855,,nvidia/cosmos-reason2-8b,"[GENERAL VEHICLE SAFETY]
1. Not visible
2. Not visible

[COLLISIONS & NEAR MISSES]
3. Not visible
4. Not visible

[PARKING & ACCESS VIOLATIONS]
5. Not visible
6. Not visible
7. Not visible

[SUSPICIOUS VEHICLE BEHAVIOR]
8. Not visible
9. Not visible
10. Not visible

[VEHICLE IDENTIFICATION]
11. Not visible
12. Not visible
13. Not visible

[PEDESTRIAN & CHILD SAFETY]
14. Not visible
15. Not visible
16. Not visible
17. Not visible"
20260604T134116Z,LP_Parking_and_Restroom_Loitering_2_20260602T174500.jpg,,,dataset_20260603_063335/LP_Parking_and_Restroom_Loitering_2/LP_Parking_and_Restroom_Loitering_2_20260602T174500.jpg,vehicle_prompts,done,2026-06-04T14:01:38.682547+00:00,0.045,0.787,0.845,,nvidia/cosmos-reason2-8b,"[date]

[GENERAL VEHICLE SAFETY]
1. Not visible
2. Not visible

[COLLISIONS & NEAR MISSES]
3. Not visible
4. Not visible

[PARKING & ACCESS VIOLATIONS]
5. Not visible
6. Not visible
7. Not visible

[SUSPICIOUS VEHICLE BEHAVIOR]
8. Not visible
9. Not visible
10. Not visible

[VEHICLE IDENTIFICATION]
11. Not visible
12. Not visible
13. White, Ford, pickup truck
14. Not visible
15. Not visible
16. Not visible
17. Not visible"
20260604T134116Z,LP_Parking_and_Restroom_Loitering_2_20260602T180000.jpg,,,dataset_20260603_063335/LP_Parking_and_Restroom_Loitering_2/LP_Parking_and_Restroom_Loitering_2_20260602T180000.jpg,vehicle_prompts,done,2026-06-04T14:01:39.153225+00:00,0.05,1.554,1.608,,nvidia/cosmos-reason2-8b,"[GENERAL VEHICLE SAFETY]
1. Not visible
2. Not visible

[COLLISIONS & NEAR MISSES]
3. Not visible
4. Not visible

[PARKING & ACCESS VIOLATIONS]
5. Not visible
6. Not visible
7. Not visible

[SUSPICIOUS VEHICLE BEHAVIOR]
8. Not visible
9. Not visible
10. Not visible

[VEHICLE IDENTIFICATION]
11. Not visible
12. Not visible
13. Not visible

[PEDESTRIAN & CHILD SAFETY]
14. Not visible
15. Not visible
16. Not visible
17. Not visible"
20260604T134116Z,LP_Parking_and_Restroom_Loitering_2_20260602T181500.jpg,,,dataset_20260603_063335/LP_Parking_and_Restroom_Loitering_2/LP_Parking_and_Restroom_Loitering_2_20260602T181500.jpg,vehicle_prompts,done,2026-06-04T14:01:39.205150+00:00,0.046,1.685,1.734,,nvidia/cosmos-reason2-8b,"[GENERAL VEHICLE SAFETY]
1. Not visible
2. Not visible

[COLLISIONS & NEAR MISSES]
3. Not visible
4. Not visible

[PARKING & ACCESS VIOLATIONS]
5. Not visible
6. Not visible
7. Not visible

[SUSPICIOUS VEHICLE BEHAVIOR]
8. Not visible
9. Not visible
10. Not visible

[VEHICLE IDENTIFICATION]
11. Not visible
12. Not visible
13. Not visible

[PEDESTRIAN & CHILD SAFETY]
14. Not visible
15. Not visible
16. Not visible
17. Not visible"
20260604T134116Z,LP_Parking_and_Restroom_Loitering_2_20260602T183000.jpg,,,dataset_20260603_063335/LP_Parking_and_Restroom_Loitering_2/LP_Parking_and_Restroom_Loitering_2_20260602T183000.jpg,vehicle_prompts,done,2026-06-04T14:01:39.418550+00:00,0.05,1.525,1.578,,nvidia/cosmos-reason2-8b,"### [GENERAL VEHICLE SAFETY]
1. Not visible
2. Not visible

### [COLLISIONS & NEAR MISSES]
3. Not visible
4. Not visible

### [PARKING & ACCESS VIOLATIONS]
5. Not visible
6. Not visible
7. Not visible

### [SUSPICIOUS VEHICLE BEHAVIOR]
8. Not visible
9. Not visible
10. Not visible

### [VEHICLE IDENTIFICATION]
11. Not visible
12. Not visible
13. Not visible

### [PEDESTRIAN & CHILD SAFETY]
14. Not visible
15. Not visible
16. Not visible
17. Not visible"
20260604T134116Z,LP_Parking_and_Restroom_Loitering_2_20260602T184500.jpg,,,dataset_20260603_063335/LP_Parking_and_Restroom_Loitering_2/LP_Parking_and_Restroom_Loitering_2_20260602T184500.jpg,vehicle_prompts,done,2026-06-04T14:01:39.529901+00:00,0.039,1.48,1.522,,nvidia/cosmos-reason2-8b,"[GENERAL VEHICLE SAFETY]
1. Not visible
2. Not visible

[COLLISIONS & NEAR MISSES]
3. Not visible
4. Not visible

[PARKING & ACCESS VIOLATIONS]
5. Not visible
6. Not visible
7. Not visible

[SUSPICIOUS VEHICLE BEHAVIOR]
8. Not visible
9. Not visible
10. Not visible

[VEHICLE IDENTIFICATION]
11. Not visible
12. Not visible
13. Not visible

[PEDESTRIAN & CHILD SAFETY]
14. Not visible
15. Not visible
16. Not visible
17. Not visible"
20260604T134116Z,LP_Parking_and_Restroom_Loitering_2_20260602T190000.jpg,,,dataset_20260603_063335/LP_Parking_and_Restroom_Loitering_2/LP_Parking_and_Restroom_Loitering_2_20260602T190000.jpg,vehicle_prompts,done,2026-06-04T14:01:40.764957+00:00,0.047,0.709,0.771,,nvidia/cosmos-reason2-8b,"[GENERAL VEHICLE SAFETY]
1. Not visible
2. Not visible

[COLLISIONS & NEAR MISSES]
3. Not visible
4. Not visible

[PARKING & ACCESS VIOLATIONS]
5. Not visible
6. Not visible
7. Not visible

[SUSPICIOUS VEHICLE BEHAVIOR]
8. Not visible
9. Not visible
10. Not visible

[VEHICLE IDENTIFICATION]
11. Not visible
12. Not visible
13. Not visible

[PEDESTRIAN & CHILD SAFETY]
14. Not visible
15. Not visible
16. Not visible
17. Not visible"
20260604T134116Z,LP_Parking_and_Restroom_Loitering_2_20260602T191500.jpg,,,dataset_20260603_063335/LP_Parking_and_Restroom_Loitering_2/LP_Parking_and_Restroom_Loitering_2_20260602T191500.jpg,vehicle_prompts,done,2026-06-04T14:01:40.941283+00:00,0.05,0.721,0.776,,nvidia/cosmos-reason2-8b,"### GENERAL VEHICLE SAFETY
1. Not visible
2. Not visible

### COLLISIONS & NEAR MISSES
3. Not visible
4. Not visible

### PARKING & ACCESS VIOLATIONS
5. Not visible
6. Not visible
7. Not visible

### SUSPICIOUS VEHICLE BEHAVIOR
8. Not visible
9. Not visible
10. Not visible

### VEHICLE IDENTIFICATION
11. Not visible
12. Not visible
13. Not visible

### PEDESTRIAN & CHILD SAFETY
14. Not visible
15. Not visible
16. Not visible
17. Not visible"
20260604T134116Z,LP_Parking_and_Restroom_Loitering_2_20260602T193000.jpg,,,dataset_20260603_063335/LP_Parking_and_Restroom_Loitering_2/LP_Parking_and_Restroom_Loitering_2_20260602T193000.jpg,vehicle_prompts,done,2026-06-04T14:01:41.000111+00:00,0.052,0.861,0.918,,nvidia/cosmos-reason2-8b,"[date]

[GENERAL VEHICLE SAFETY]
1. Not visible
2. Not visible

[COLLISIONS & NEAR MISSES]
3. Not visible
4. Not visible

[PARKING & ACCESS VIOLATIONS]
5. Not visible
6. Not visible
7. Not visible

[SUSPICIOUS VEHICLE BEHAVIOR]
8. Not visible
9. Not visible
10. Not visible

[VEHICLE IDENTIFICATION]
11. Not visible
12. Not visible
13. Not visible

[PEDESTRIAN & CHILD SAFETY]
14. Not visible
15. Not visible
16. Not visible
17. Not visible"
20260604T134116Z,LP_Parking_and_Restroom_Loitering_2_20260602T194500.jpg,,,dataset_20260603_063335/LP_Parking_and_Restroom_Loitering_2/LP_Parking_and_Restroom_Loitering_2_20260602T194500.jpg,vehicle_prompts,done,2026-06-04T14:01:41.055585+00:00,0.05,0.953,1.007,,nvidia/cosmos-reason2-8b,"### [GENERAL VEHICLE SAFETY]
1. Not visible
2. Not visible

### [COLLISIONS & NEAR MISSES]
3. Not visible
4. Not visible

### [PARKING & ACCESS VIOLATIONS]
5. Not visible
6. Not visible
7. Not visible

### [SUSPICIOUS VEHICLE BEHAVIOR]
8. Not visible
9. Not visible
10. Not visible

### [VEHICLE IDENTIFICATION]
11. Not visible
12. Not visible
13. Not visible

### [PEDESTRIAN & CHILD SAFETY]
14. Not visible
15. Not visible
16. Not visible
17. Not visible"
20260604T134116Z,LP_Parking_and_Restroom_Loitering_2_20260602T200000.jpg,,,dataset_20260603_063335/LP_Parking_and_Restroom_Loitering_2/LP_Parking_and_Restroom_Loitering_2_20260602T200000.jpg,vehicle_prompts,done,2026-06-04T14:01:41.539357+00:00,0.053,0.685,0.741,,nvidia/cosmos-reason2-8b,"[GENERAL VEHICLE SAFETY]
1. Not visible
2. Not visible

[COLLISIONS & NEAR MISSES]
3. Not visible
4. Not visible

[PARKING & ACCESS VIOLATIONS]
5. Not visible
6. Not visible
7. Not visible

[SUSPICIOUS VEHICLE BEHAVIOR]
8. Not visible
9. Not visible
10. Not visible

[VEHICLE IDENTIFICATION]
11. Not visible
12. Not visible
13. Not visible

[PEDESTRIAN & CHILD SAFETY]
14. Not visible
15. Not visible
16. Not visible
17. Not visible"
20260604T134116Z,LP_Parking_and_Restroom_Loitering_2_20260602T201500.jpg,,,dataset_20260603_063335/LP_Parking_and_Restroom_Loitering_2/LP_Parking_and_Restroom_Loitering_2_20260602T201500.jpg,vehicle_prompts,done,2026-06-04T14:01:41.719689+00:00,0.045,0.951,0.999,,nvidia/cosmos-reason2-8b,"[GENERAL VEHICLE SAFETY]
1. Yes, the red vehicle is parked in a designated parking space, and there are no obstructions or erratic maneuvers observed.
2. Not visible

[COLLISIONS & NEAR MISSES]
3. No, there are no visible collisions or damage to the vehicle or surrounding area.
4. Not visible

[PARKING & ACCESS VIOLATIONS]
5. No, the red vehicle is parked in a designated parking space, not in a fire lane or emergency access corridor.
6. Not visible
7. Not visible

[SUSPICIOUS VEHICLE BEHAVIOR]
8. Not visible
9. Not visible
10. Not visible

[VEHICLE IDENTIFICATION]
11. Not visible
12. Not visible
13. Red, sedan, not clearly identifiable

[PEDESTRIAN & CHILD SAFETY]
14. Not visible
15. Not visible
16. Not visible
17. Not visible"
20260604T134116Z,LP_Parking_and_Restroom_Loitering_2_20260602T203000.jpg,,,dataset_20260603_063335/LP_Parking_and_Restroom_Loitering_2/LP_Parking_and_Restroom_Loitering_2_20260602T203000.jpg,vehicle_prompts,done,2026-06-04T14:01:41.920846+00:00,0.046,0.796,0.845,,nvidia/cosmos-reason2-8b,"[date]

[GENERAL VEHICLE SAFETY]
1. Not visible
2. Not visible

[COLLISIONS & NEAR MISSES]
3. Not visible
4. Not visible

[PARKING & ACCESS VIOLATIONS]
5. Not visible
6. Not visible
7. Not visible

[SUSPICIOUS VEHICLE BEHAVIOR]
8. Not visible
9. Not visible
10. Not visible

[VEHICLE IDENTIFICATION]
11. Not visible
12. Not visible
13. Not visible

[PEDESTRIAN & CHILD SAFETY]
14. Not visible
15. Not visible
16. Not visible
17. Not visible"
20260604T134116Z,LP_Parking_and_Restroom_Loitering_2_20260602T204500.jpg,,,dataset_20260603_063335/LP_Parking_and_Restroom_Loitering_2/LP_Parking_and_Restroom_Loitering_2_20260602T204500.jpg,vehicle_prompts,done,2026-06-04T14:01:42.064780+00:00,0.046,0.832,0.882,,nvidia/cosmos-reason2-8b,"### GENERAL VEHICLE SAFETY
1. Yes, the white SUV is parked in a designated parking space, and there are no obstructions or erratic maneuvers observed.
2. Not visible

### COLLISIONS & NEAR MISSES
3. No
4. Not visible

### PARKING & ACCESS VIOLATIONS
5. Not visible
6. Not visible
7. Not visible

### SUSPICIOUS VEHICLE BEHAVIOR
8. Not visible
9. Not visible
10. Not visible

### VEHICLE IDENTIFICATION
11. Not visible
12. Not visible
13. White SUV

### PEDESTRIAN & CHILD SAFETY
14. Not visible
15. Not visible
16. Not visible
17. Not visible"
20260604T134116Z,LP_Parking_and_Restroom_Loitering_2_20260602T210000.jpg,,,dataset_20260603_063335/LP_Parking_and_Restroom_Loitering_2/LP_Parking_and_Restroom_Loitering_2_20260602T210000.jpg,vehicle_prompts,done,2026-06-04T14:01:42.283011+00:00,0.046,0.801,0.85,,nvidia/cosmos-reason2-8b,"[date]

[GENERAL VEHICLE SAFETY]
1. Not visible
2. Not visible

[COLLISIONS & NEAR MISSES]
3. Not visible
4. Not visible

[PARKING & ACCESS VIOLATIONS]
5. Not visible
6. Not visible
7. Not visible

[SUSPICIOUS VEHICLE BEHAVIOR]
8. Not visible
9. Not visible
10. Not visible

[VEHICLE IDENTIFICATION]
11. Not visible
12. Not visible
13. White

[PEDESTRIAN & CHILD SAFETY]
14. Not visible
15. Not visible
16. Not visible
17. Not visible"
20260604T134116Z,LP_Parking_and_Restroom_Loitering_2_20260602T211500.jpg,,,dataset_20260603_063335/LP_Parking_and_Restroom_Loitering_2/LP_Parking_and_Restroom_Loitering_2_20260602T211500.jpg,vehicle_prompts,done,2026-06-04T14:01:42.721285+00:00,0.044,0.78,0.829,,nvidia/cosmos-reason2-8b,"[date]

[GENERAL VEHICLE SAFETY]
1. Not visible
2. Not visible

[COLLISIONS & NEAR MISSES]
3. Not visible
4. Not visible

[PARKING & ACCESS VIOLATIONS]
5. Not visible
6. Not visible
7. Not visible

[SUSPICIOUS VEHICLE BEHAVIOR]
8. Not visible
9. Not visible
10. Not visible

[VEHICLE IDENTIFICATION]
11. Not visible
12. Not visible
13. Not visible

[PEDESTRIAN & CHILD SAFETY]
14. Not visible
15. Not visible
16. Not visible
17. Not visible"
20260604T134116Z,LP_Parking_and_Restroom_Loitering_2_20260602T213000.jpg,,,dataset_20260603_063335/LP_Parking_and_Restroom_Loitering_2/LP_Parking_and_Restroom_Loitering_2_20260602T213000.jpg,vehicle_prompts,done,2026-06-04T14:01:42.768113+00:00,0.042,1.06,1.105,,nvidia/cosmos-reason2-8b,"### GENERAL VEHICLE SAFETY
1. Not visible
2. Not visible

### COLLISIONS & NEAR MISSES
3. Not visible
4. Not visible

### PARKING & ACCESS VIOLATIONS
5. Not visible
6. Not visible
7. Not visible

### SUSPICIOUS VEHICLE BEHAVIOR
8. Not visible
9. Not visible
10. Not visible

### VEHICLE IDENTIFICATION
11. Not visible
12. Not visible
13. Not visible

### PEDESTRIAN & CHILD SAFETY
14. Not visible
15. Not visible
16. Not visible
17. Not visible"
20260604T134116Z,LP_Parking_and_Restroom_Loitering_2_20260602T214500.jpg,,,dataset_20260603_063335/LP_Parking_and_Restroom_Loitering_2/LP_Parking_and_Restroom_Loitering_2_20260602T214500.jpg,vehicle_prompts,done,2026-06-04T14:01:42.949101+00:00,0.042,0.828,0.873,,nvidia/cosmos-reason2-8b,"### [GENERAL VEHICLE SAFETY]
1. Not visible
2. Not visible

### [COLLISIONS & NEAR MISSES]
3. Not visible
4. Not visible

### [PARKING & ACCESS VIOLATIONS]
5. Not visible
6. Not visible
7. Not visible

### [SUSPICIOUS VEHICLE BEHAVIOR]
8. Not visible
9. Not visible
10. Not visible

### [VEHICLE IDENTIFICATION]
11. Not visible
12. Not visible
13. Not visible

### [PEDESTRIAN & CHILD SAFETY]
14. Not visible
15. Not visible
16. Not visible
17. Not visible"
20260604T134116Z,LP_Parking_and_Restroom_Loitering_2_20260602T220000.jpg,,,dataset_20260603_063335/LP_Parking_and_Restroom_Loitering_2/LP_Parking_and_Restroom_Loitering_2_20260602T220000.jpg,vehicle_prompts,done,2026-06-04T14:01:43.136223+00:00,0.053,0.921,0.977,,nvidia/cosmos-reason2-8b,"[date]

[GENERAL VEHICLE SAFETY]
1. Not visible
2. Not visible

[COLLISIONS & NEAR MISSES]
3. Not visible
4. Not visible

[PARKING & ACCESS VIOLATIONS]
5. Not visible
6. Not visible
7. Not visible

[SUSPICIOUS VEHICLE BEHAVIOR]
8. Not visible
9. Not visible
10. Not visible

[VEHICLE IDENTIFICATION]
11. Not visible
12. Not visible
13. Not visible

[PEDESTRIAN & CHILD SAFETY]
14. Not visible
15. Not visible
16. Not visible
17. Not visible"
20260604T134116Z,LP_Parking_and_Restroom_Loitering_2_20260602T221500.jpg,,,dataset_20260603_063335/LP_Parking_and_Restroom_Loitering_2/LP_Parking_and_Restroom_Loitering_2_20260602T221500.jpg,vehicle_prompts,done,2026-06-04T14:01:43.552682+00:00,0.043,0.697,0.744,,nvidia/cosmos-reason2-8b,"[date]

[GENERAL VEHICLE SAFETY]
1. Not visible
2. Not visible

[COLLISIONS & NEAR MISSES]
3. Not visible
4. Not visible

[PARKING & ACCESS VIOLATIONS]
5. Not visible
6. Not visible
7. Not visible

[SUSPICIOUS VEHICLE BEHAVIOR]
8. Not visible
9. Not visible
10. Not visible

[VEHICLE IDENTIFICATION]
11. Not visible
12. Not visible
13. Not visible

[PEDESTRIAN & CHILD SAFETY]
14. Not visible
15. Not visible
16. Not visible
17. Not visible"
20260604T134116Z,LP_Parking_and_Restroom_Loitering_2_20260602T223000.jpg,,,dataset_20260603_063335/LP_Parking_and_Restroom_Loitering_2/LP_Parking_and_Restroom_Loitering_2_20260602T223000.jpg,vehicle_prompts,done,2026-06-04T14:01:43.825162+00:00,0.047,0.825,0.876,,nvidia/cosmos-reason2-8b,"[GENERAL VEHICLE SAFETY]
1. Yes, the vehicle is parked in a designated area, and there are no obstructions or erratic maneuvers observed.
2. Not visible

[COLLISIONS & NEAR MISSES]
3. No
4. Not visible

[PARKING & ACCESS VIOLATIONS]
5. Not visible
6. Not visible
7. Not visible

[SUSPICIOUS VEHICLE BEHAVIOR]
8. Not visible
9. Not visible
10. Not visible

[VEHICLE IDENTIFICATION]
11. Not visible
12. Not visible
13. Black

[PEDESTRIAN & CHILD SAFETY]
14. Not visible
15. Not visible
16. Not visible
17. Not visible"
20260604T134116Z,LP_Parking_and_Restroom_Loitering_2_20260602T224500.jpg,,,dataset_20260603_063335/LP_Parking_and_Restroom_Loitering_2/LP_Parking_and_Restroom_Loitering_2_20260602T224500.jpg,vehicle_prompts,done,2026-06-04T14:01:43.875400+00:00,0.043,1.017,1.062,,nvidia/cosmos-reason2-8b,"[GENERAL VEHICLE SAFETY]
1. Not visible
2. Not visible

[COLLISIONS & NEAR MISSES]
3. Not visible
4. Not visible

[PARKING & ACCESS VIOLATIONS]
5. Not visible
6. Not visible
7. Not visible

[SUSPICIOUS VEHICLE BEHAVIOR]
8. Not visible
9. Not visible
10. Not visible

[VEHICLE IDENTIFICATION]
11. Not visible
12. Not visible
13. Not visible

[PEDESTRIAN & CHILD SAFETY]
14. Not visible
15. Not visible
16. Not visible
17. Not visible"
20260604T134116Z,LP_Parking_and_Restroom_Loitering_2_20260602T230000.jpg,,,dataset_20260603_063335/LP_Parking_and_Restroom_Loitering_2/LP_Parking_and_Restroom_Loitering_2_20260602T230000.jpg,vehicle_prompts,done,2026-06-04T14:01:44.116421+00:00,0.045,0.846,0.894,,nvidia/cosmos-reason2-8b,"[date]

[GENERAL VEHICLE SAFETY]
1. Not visible
2. Not visible

[COLLISIONS & NEAR MISSES]
3. Not visible
4. Not visible

[PARKING & ACCESS VIOLATIONS]
5. Not visible
6. Not visible
7. Not visible

[SUSPICIOUS VEHICLE BEHAVIOR]
8. Not visible
9. Not visible
10. Not visible

[VEHICLE IDENTIFICATION]
11. Not visible
12. Not visible
13. Not visible

[PEDESTRIAN & CHILD SAFETY]
14. Not visible
15. Not visible
16. Not visible
17. Not visible"
20260604T134116Z,LP_Parking_and_Restroom_Loitering_2_20260602T231500.jpg,,,dataset_20260603_063335/LP_Parking_and_Restroom_Loitering_2/LP_Parking_and_Restroom_Loitering_2_20260602T231500.jpg,vehicle_prompts,done,2026-06-04T14:01:44.298913+00:00,0.04,0.861,0.904,,nvidia/cosmos-reason2-8b,"[GENERAL VEHICLE SAFETY]
1. Not visible
2. Not visible

[COLLISIONS & NEAR MISSES]
3. Not visible
4. Not visible

[PARKING & ACCESS VIOLATIONS]
5. Not visible
6. Not visible
7. Not visible

[SUSPICIOUS VEHICLE BEHAVIOR]
8. Not visible
9. Not visible
10. Not visible

[VEHICLE IDENTIFICATION]
11. Not visible
12. Not visible
13. Not visible

[PEDESTRIAN & CHILD SAFETY]
14. Not visible
15. Not visible
16. Not visible
17. Not visible"
20260604T134116Z,LP_Parking_and_Restroom_Loitering_2_20260602T233000.jpg,,,dataset_20260603_063335/LP_Parking_and_Restroom_Loitering_2/LP_Parking_and_Restroom_Loitering_2_20260602T233000.jpg,vehicle_prompts,done,2026-06-04T14:01:44.704416+00:00,0.041,0.695,0.739,,nvidia/cosmos-reason2-8b,"[date]

[GENERAL VEHICLE SAFETY]
1. Not visible
2. Not visible

[COLLISIONS & NEAR MISSES]
3. Not visible
4. Not visible

[PARKING & ACCESS VIOLATIONS]
5. Not visible
6. Not visible
7. Not visible

[SUSPICIOUS VEHICLE BEHAVIOR]
8. Not visible
9. Not visible
10. Not visible

[VEHICLE IDENTIFICATION]
11. Not visible
12. Not visible
13. Not visible

[PEDESTRIAN & CHILD SAFETY]
14. Not visible
15. Not visible
16. Not visible
17. Not visible"
20260604T134116Z,LP_Parking_and_Restroom_Loitering_2_20260602T234500.jpg,,,dataset_20260603_063335/LP_Parking_and_Restroom_Loitering_2/LP_Parking_and_Restroom_Loitering_2_20260602T234500.jpg,vehicle_prompts,done,2026-06-04T14:01:44.940240+00:00,0.053,0.685,0.741,,nvidia/cosmos-reason2-8b,"[GENERAL VEHICLE SAFETY]
1. Not visible
2. Not visible

[COLLISIONS & NEAR MISSES]
3. Not visible
4. Not visible

[PARKING & ACCESS VIOLATIONS]
5. Not visible
6. Not visible
7. Not visible

[SUSPICIOUS VEHICLE BEHAVIOR]
8. Not visible
9. Not visible
10. Not visible

[VEHICLE IDENTIFICATION]
11. Not visible
12. Not visible
13. Not visible

[PEDESTRIAN & CHILD SAFETY]
14. Not visible
15. Not visible
16. Not visible
17. Not visible"
20260604T134116Z,LP_Parking_and_Restroom_Loitering_3_20260602T000000.jpg,,,dataset_20260603_063335/LP_Parking_and_Restroom_Loitering_3/LP_Parking_and_Restroom_Loitering_3_20260602T000000.jpg,vehicle_prompts,done,2026-06-04T14:01:45.708374+00:00,0.163,1.093,1.275,,nvidia/cosmos-reason2-8b,"[date]

[GENERAL VEHICLE SAFETY]
1. Not visible
2. Not visible

[COLLISIONS & NEAR MISSES]
3. Not visible
4. Not visible

[PARKING & ACCESS VIOLATIONS]
5. Not visible
6. Not visible
7. Not visible

[SUSPICIOUS VEHICLE BEHAVIOR]
8. Not visible
9. Not visible
10. Not visible

[VEHICLE IDENTIFICATION]
11. Not visible
12. Not visible
13. Not visible

[PEDESTRIAN & CHILD SAFETY]
14. Not visible
15. Not visible
16. Not visible
17. Not visible"
20260604T134116Z,LP_Parking_and_Restroom_Loitering_3_20260602T001500.jpg,,,dataset_20260603_063335/LP_Parking_and_Restroom_Loitering_3/LP_Parking_and_Restroom_Loitering_3_20260602T001500.jpg,vehicle_prompts,done,2026-06-04T14:01:45.709263+00:00,0.163,1.41,1.592,,nvidia/cosmos-reason2-8b,"### [GENERAL VEHICLE SAFETY]
1. Not visible
2. Not visible

### [COLLISIONS & NEAR MISSES]
3. Not visible
4. Not visible

### [PARKING & ACCESS VIOLATIONS]
5. Not visible
6. Not visible
7. Not visible

### [SUSPICIOUS VEHICLE BEHAVIOR]
8. Not visible
9. Not visible
10. Not visible

### [VEHICLE IDENTIFICATION]
11. Not visible
12. Not visible
13. Not visible

### [PEDESTRIAN & CHILD SAFETY]
14. Not visible
15. Not visible
16. Not visible
17. Not visible"
20260604T134116Z,LP_Parking_and_Restroom_Loitering_3_20260602T003000.jpg,,,dataset_20260603_063335/LP_Parking_and_Restroom_Loitering_3/LP_Parking_and_Restroom_Loitering_3_20260602T003000.jpg,vehicle_prompts,done,2026-06-04T14:01:45.709992+00:00,0.161,1.259,1.438,,nvidia/cosmos-reason2-8b,"[date]
[GENERAL VEHICLE SAFETY]
1. Not visible
2. Not visible

[COLLISIONS & NEAR MISSES]
3. Not visible
4. Not visible

[PARKING & ACCESS VIOLATIONS]
5. Not visible
6. Not visible
7. Not visible

[SUSPICIOUS VEHICLE BEHAVIOR]
8. Not visible
9. Not visible
10. Not visible

[VEHICLE IDENTIFICATION]
11. Not visible
12. Not visible
13. Not visible

[PEDESTRIAN & CHILD SAFETY]
14. Not visible
15. Not visible
16. Not visible
17. Not visible"
20260604T134116Z,LP_Parking_and_Restroom_Loitering_3_20260602T004500.jpg,,,dataset_20260603_063335/LP_Parking_and_Restroom_Loitering_3/LP_Parking_and_Restroom_Loitering_3_20260602T004500.jpg,vehicle_prompts,done,2026-06-04T14:01:45.711168+00:00,0.161,1.151,1.33,,nvidia/cosmos-reason2-8b,"[date: 2024-04-19 Wed]

[GENERAL VEHICLE SAFETY]
1. Not visible
2. Not visible

[COLLISIONS & NEAR MISSES]
3. Not visible
4. Not visible

[PARKING & ACCESS VIOLATIONS]
5. Not visible
6. Not visible
7. Not visible

[SUSPICIOUS VEHICLE BEHAVIOR]
8. Not visible
9. Not visible
10. Not visible

[VEHICLE IDENTIFICATION]
11. Not visible
12. Not visible
13. Not visible

[PEDESTRIAN & CHILD SAFETY]
14. Not visible
15. Not visible
16. Not visible
17. Not visible"
20260604T134116Z,LP_Parking_and_Restroom_Loitering_3_20260602T010000.jpg,,,dataset_20260603_063335/LP_Parking_and_Restroom_Loitering_3/LP_Parking_and_Restroom_Loitering_3_20260602T010000.jpg,vehicle_prompts,done,2026-06-04T14:01:46.986069+00:00,0.055,0.712,0.772,,nvidia/cosmos-reason2-8b,"[date]

[GENERAL VEHICLE SAFETY]
1. Not visible
2. Not visible

[COLLISIONS & NEAR MISSES]
3. Not visible
4. Not visible

[PARKING & ACCESS VIOLATIONS]
5. Not visible
6. Not visible
7. Not visible

[SUSPICIOUS VEHICLE BEHAVIOR]
8. Not visible
9. Not visible
10. Not visible

[VEHICLE IDENTIFICATION]
11. Not visible
12. Not visible
13. Not visible

[PEDESTRIAN & CHILD SAFETY]
14. Not visible
15. Not visible
16. Not visible
17. Not visible"
20260604T134116Z,LP_Parking_and_Restroom_Loitering_3_20260602T011500.jpg,,,dataset_20260603_063335/LP_Parking_and_Restroom_Loitering_3/LP_Parking_and_Restroom_Loitering_3_20260602T011500.jpg,vehicle_prompts,done,2026-06-04T14:01:47.044141+00:00,0.049,1.239,1.29,,nvidia/cosmos-reason2-8b,"[date]

[GENERAL VEHICLE SAFETY]
1. Not visible
2. Not visible

[COLLISIONS & NEAR MISSES]
3. Not visible
4. Not visible

[PARKING & ACCESS VIOLATIONS]
5. Not visible
6. Not visible
7. Not visible

[SUSPICIOUS VEHICLE BEHAVIOR]
8. Not visible
9. Not visible
10. Not visible

[VEHICLE IDENTIFICATION]
11. Not visible
12. Not visible
13. Not visible

[PEDESTRIAN & CHILD SAFETY]
14. Not visible
15. Not visible
16. Not visible
17. Not visible"
20260604T134116Z,LP_Parking_and_Restroom_Loitering_3_20260602T013000.jpg,,,dataset_20260603_063335/LP_Parking_and_Restroom_Loitering_3/LP_Parking_and_Restroom_Loitering_3_20260602T013000.jpg,vehicle_prompts,done,2026-06-04T14:01:47.151507+00:00,0.051,0.865,0.919,,nvidia/cosmos-reason2-8b,"### [GENERAL VEHICLE SAFETY]
1. Not visible
2. Not visible

### [COLLISIONS & NEAR MISSES]
3. Not visible
4. Not visible

### [PARKING & ACCESS VIOLATIONS]
5. Not visible
6. Not visible
7. Not visible

### [SUSPICIOUS VEHICLE BEHAVIOR]
8. Not visible
9. Not visible
10. Not visible

### [VEHICLE IDENTIFICATION]
11. Not visible
12. Not visible
13. Not visible

### [PEDESTRIAN & CHILD SAFETY]
14. Not visible
15. Not visible
16. Not visible
17. Not visible"
20260604T134116Z,LP_Parking_and_Restroom_Loitering_3_20260602T014500.jpg,,,dataset_20260603_063335/LP_Parking_and_Restroom_Loitering_3/LP_Parking_and_Restroom_Loitering_3_20260602T014500.jpg,vehicle_prompts,done,2026-06-04T14:01:47.303950+00:00,0.046,0.591,0.64,,nvidia/cosmos-reason2-8b,"[date: 2023-05-28]
[time: 00:00:00]"
20260604T134116Z,LP_Parking_and_Restroom_Loitering_3_20260602T020000.jpg,,,dataset_20260603_063335/LP_Parking_and_Restroom_Loitering_3/LP_Parking_and_Restroom_Loitering_3_20260602T020000.jpg,vehicle_prompts,done,2026-06-04T14:01:47.760895+00:00,0.048,0.686,0.737,,nvidia/cosmos-reason2-8b,"[date]

[GENERAL VEHICLE SAFETY]
1. Not visible
2. Not visible

[COLLISIONS & NEAR MISSES]
3. Not visible
4. Not visible

[PARKING & ACCESS VIOLATIONS]
5. Not visible
6. Not visible
7. Not visible

[SUSPICIOUS VEHICLE BEHAVIOR]
8. Not visible
9. Not visible
10. Not visible

[VEHICLE IDENTIFICATION]
11. Not visible
12. Not visible
13. Not visible

[PEDESTRIAN & CHILD SAFETY]
14. Not visible
15. Not visible
16. Not visible
17. Not visible"
20260604T134116Z,LP_Parking_and_Restroom_Loitering_3_20260602T021500.jpg,,,dataset_20260603_063335/LP_Parking_and_Restroom_Loitering_3/LP_Parking_and_Restroom_Loitering_3_20260602T021500.jpg,vehicle_prompts,done,2026-06-04T14:01:47.946489+00:00,0.045,0.76,0.809,,nvidia/cosmos-reason2-8b,"[date]
[time]

[GENERAL VEHICLE SAFETY]
1. Not visible
2. Not visible

[COLLISIONS & NEAR MISSES]
3. Not visible
4. Not visible

[PARKING & ACCESS VIOLATIONS]
5. Not visible
6. Not visible
7. Not visible

[SUSPICIOUS VEHICLE BEHAVIOR]
8. Not visible
9. Not visible
10. Not visible

[VEHICLE IDENTIFICATION]
11. Not visible
12. Not visible
13. Not visible

[PEDESTRIAN & CHILD SAFETY]
14. Not visible
15. Not visible
16. Not visible
17. Not visible
"
20260604T134116Z,LP_Parking_and_Restroom_Loitering_3_20260602T023000.jpg,,,dataset_20260603_063335/LP_Parking_and_Restroom_Loitering_3/LP_Parking_and_Restroom_Loitering_3_20260602T023000.jpg,vehicle_prompts,done,2026-06-04T14:01:48.073618+00:00,0.044,0.801,0.849,,nvidia/cosmos-reason2-8b,"[date]

[GENERAL VEHICLE SAFETY]
1. Not visible
2. Not visible

[COLLISIONS & NEAR MISSES]
3. Not visible
4. Not visible

[PARKING & ACCESS VIOLATIONS]
5. Not visible
6. Not visible
7. Not visible

[SUSPICIOUS VEHICLE BEHAVIOR]
8. Not visible
9. Not visible
10. Not visible

[VEHICLE IDENTIFICATION]
11. Not visible
12. Not visible
13. Not visible

[PEDESTRIAN & CHILD SAFETY]
14. Not visible
15. Not visible
16. Not visible
17. Not visible"
20260604T134116Z,LP_Parking_and_Restroom_Loitering_3_20260602T024500.jpg,,,dataset_20260603_063335/LP_Parking_and_Restroom_Loitering_3/LP_Parking_and_Restroom_Loitering_3_20260602T024500.jpg,vehicle_prompts,done,2026-06-04T14:01:48.337248+00:00,0.058,0.689,0.751,,nvidia/cosmos-reason2-8b,"[date]

[GENERAL VEHICLE SAFETY]
1. Not visible
2. Not visible

[COLLISIONS & NEAR MISSES]
3. Not visible
4. Not visible

[PARKING & ACCESS VIOLATIONS]
5. Not visible
6. Not visible
7. Not visible

[SUSPICIOUS VEHICLE BEHAVIOR]
8. Not visible
9. Not visible
10. Not visible

[VEHICLE IDENTIFICATION]
11. Not visible
12. Not visible
13. Not visible

[PEDESTRIAN & CHILD SAFETY]
14. Not visible
15. Not visible
16. Not visible
17. Not visible"
20260604T134116Z,LP_Parking_and_Restroom_Loitering_3_20260602T030000.jpg,,,dataset_20260603_063335/LP_Parking_and_Restroom_Loitering_3/LP_Parking_and_Restroom_Loitering_3_20260602T030000.jpg,vehicle_prompts,done,2026-06-04T14:01:48.500381+00:00,0.04,0.764,0.807,,nvidia/cosmos-reason2-8b,"[date]
[time]

[GENERAL VEHICLE SAFETY]
1. Not visible
2. Not visible

[COLLISIONS & NEAR MISSES]
3. Not visible
4. Not visible

[PARKING & ACCESS VIOLATIONS]
5. Not visible
6. Not visible
7. Not visible

[SUSPICIOUS VEHICLE BEHAVIOR]
8. Not visible
9. Not visible
10. Not visible

[VEHICLE IDENTIFICATION]
11. Not visible
12. Not visible
13. Not visible

[PEDESTRIAN & CHILD SAFETY]
14. Not visible
15. Not visible
16. Not visible
17. Not visible"
20260604T134116Z,LP_Parking_and_Restroom_Loitering_3_20260602T031500.jpg,,,dataset_20260603_063335/LP_Parking_and_Restroom_Loitering_3/LP_Parking_and_Restroom_Loitering_3_20260602T031500.jpg,vehicle_prompts,done,2026-06-04T14:01:48.757720+00:00,0.043,0.731,0.778,,nvidia/cosmos-reason2-8b,"[date]

[GENERAL VEHICLE SAFETY]
1. Not visible
2. Not visible

[COLLISIONS & NEAR MISSES]
3. Not visible
4. Not visible

[PARKING & ACCESS VIOLATIONS]
5. Not visible
6. Not visible
7. Not visible

[SUSPICIOUS VEHICLE BEHAVIOR]
8. Not visible
9. Not visible
10. Not visible

[VEHICLE IDENTIFICATION]
11. Not visible
12. Not visible
13. Not visible

[PEDESTRIAN & CHILD SAFETY]
14. Not visible
15. Not visible
16. Not visible
17. Not visible"
20260604T134116Z,LP_Parking_and_Restroom_Loitering_3_20260602T033000.jpg,,,dataset_20260603_063335/LP_Parking_and_Restroom_Loitering_3/LP_Parking_and_Restroom_Loitering_3_20260602T033000.jpg,vehicle_prompts,done,2026-06-04T14:01:48.925312+00:00,0.041,0.718,0.762,,nvidia/cosmos-reason2-8b,"[date]

[GENERAL VEHICLE SAFETY]
1. Not visible
2. Not visible

[COLLISIONS & NEAR MISSES]
3. Not visible
4. Not visible

[PARKING & ACCESS VIOLATIONS]
5. Not visible
6. Not visible
7. Not visible

[SUSPICIOUS VEHICLE BEHAVIOR]
8. Not visible
9. Not visible
10. Not visible

[VEHICLE IDENTIFICATION]
11. Not visible
12. Not visible
13. Not visible

[PEDESTRIAN & CHILD SAFETY]
14. Not visible
15. Not visible
16. Not visible
17. Not visible"
20260604T134116Z,LP_Parking_and_Restroom_Loitering_3_20260602T034500.jpg,,,dataset_20260603_063335/LP_Parking_and_Restroom_Loitering_3/LP_Parking_and_Restroom_Loitering_3_20260602T034500.jpg,vehicle_prompts,done,2026-06-04T14:01:49.090213+00:00,0.04,0.771,0.827,,nvidia/cosmos-reason2-8b,"### GENERAL VEHICLE SAFETY
1. Not visible
2. Not visible

### COLLISIONS & NEAR MISSES
3. Not visible
4. Not visible

### PARKING & ACCESS VIOLATIONS
5. Not visible
6. Not visible
7. Not visible

### SUSPICIOUS VEHICLE BEHAVIOR
8. Not visible
9. Not visible
10. Not visible

### VEHICLE IDENTIFICATION
11. Not visible
12. Not visible
13. Not visible

### PEDESTRIAN & CHILD SAFETY
14. Not visible
15. Not visible
16. Not visible
17. Not visible"
20260604T134116Z,LP_Parking_and_Restroom_Loitering_3_20260602T040000.jpg,,,dataset_20260603_063335/LP_Parking_and_Restroom_Loitering_3/LP_Parking_and_Restroom_Loitering_3_20260602T040000.jpg,vehicle_prompts,done,2026-06-04T14:01:49.310057+00:00,0.04,0.726,0.769,,nvidia/cosmos-reason2-8b,"[date]

[GENERAL VEHICLE SAFETY]
1. Not visible
2. Not visible

[COLLISIONS & NEAR MISSES]
3. Not visible
4. Not visible

[PARKING & ACCESS VIOLATIONS]
5. Not visible
6. Not visible
7. Not visible

[SUSPICIOUS VEHICLE BEHAVIOR]
8. Not visible
9. Not visible
10. Not visible

[VEHICLE IDENTIFICATION]
11. Not visible
12. Not visible
13. Not visible

[PEDESTRIAN & CHILD SAFETY]
14. Not visible
15. Not visible
16. Not visible
17. Not visible"
20260604T134116Z,LP_Parking_and_Restroom_Loitering_3_20260602T041500.jpg,,,dataset_20260603_063335/LP_Parking_and_Restroom_Loitering_3/LP_Parking_and_Restroom_Loitering_3_20260602T041500.jpg,vehicle_prompts,done,2026-06-04T14:01:49.538035+00:00,0.043,0.928,0.974,,nvidia/cosmos-reason2-8b,"[date]

[GENERAL VEHICLE SAFETY]
1. Not visible
2. Not visible

[COLLISIONS & NEAR MISSES]
3. Not visible
4. Not visible

[PARKING & ACCESS VIOLATIONS]
5. Not visible
6. Not visible
7. Not visible

[SUSPICIOUS VEHICLE BEHAVIOR]
8. Not visible
9. Not visible
10. Not visible

[VEHICLE IDENTIFICATION]
11. Not visible
12. Not visible
13. Not visible

[PEDESTRIAN & CHILD SAFETY]
14. Not visible
15. Not visible
16. Not visible
17. Not visible"
20260604T134116Z,LP_Parking_and_Restroom_Loitering_3_20260602T043000.jpg,,,dataset_20260603_063335/LP_Parking_and_Restroom_Loitering_3/LP_Parking_and_Restroom_Loitering_3_20260602T043000.jpg,vehicle_prompts,done,2026-06-04T14:01:49.690378+00:00,0.038,0.861,0.902,,nvidia/cosmos-reason2-8b,"[date]

[GENERAL VEHICLE SAFETY]
1. Not visible
2. Not visible

[COLLISIONS & NEAR MISSES]
3. Not visible
4. Not visible

[PARKING & ACCESS VIOLATIONS]
5. Not visible
6. Not visible
7. Not visible

[SUSPICIOUS VEHICLE BEHAVIOR]
8. Not visible
9. Not visible
10. Not visible

[VEHICLE IDENTIFICATION]
11. Not visible
12. Not visible
13. Not visible

[PEDESTRIAN & CHILD SAFETY]
14. Not visible
15. Not visible
16. Not visible
17. Not visible"
20260604T134116Z,LP_Parking_and_Restroom_Loitering_3_20260602T044500.jpg,,,dataset_20260603_063335/LP_Parking_and_Restroom_Loitering_3/LP_Parking_and_Restroom_Loitering_3_20260602T044500.jpg,vehicle_prompts,done,2026-06-04T14:01:49.919447+00:00,0.05,0.686,0.74,,nvidia/cosmos-reason2-8b,"[date]

[GENERAL VEHICLE SAFETY]
1. Not visible
2. Not visible

[COLLISIONS & NEAR MISSES]
3. Not visible
4. Not visible

[PARKING & ACCESS VIOLATIONS]
5. Not visible
6. Not visible
7. Not visible

[SUSPICIOUS VEHICLE BEHAVIOR]
8. Not visible
9. Not visible
10. Not visible

[VEHICLE IDENTIFICATION]
11. Not visible
12. Not visible
13. Not visible

[PEDESTRIAN & CHILD SAFETY]
14. Not visible
15. Not visible
16. Not visible
17. Not visible"
20260604T134116Z,LP_Parking_and_Restroom_Loitering_3_20260602T050000.jpg,,,dataset_20260603_063335/LP_Parking_and_Restroom_Loitering_3/LP_Parking_and_Restroom_Loitering_3_20260602T050000.jpg,vehicle_prompts,done,2026-06-04T14:01:50.081927+00:00,0.047,0.771,0.821,,nvidia/cosmos-reason2-8b,"[date]

[GENERAL VEHICLE SAFETY]
1. Not visible
2. Not visible

[COLLISIONS & NEAR MISSES]
3. Not visible
4. Not visible

[PARKING & ACCESS VIOLATIONS]
5. Not visible
6. Not visible
7. Not visible

[SUSPICIOUS VEHICLE BEHAVIOR]
8. Not visible
9. Not visible
10. Not visible

[VEHICLE IDENTIFICATION]
11. Not visible
12. Not visible
13. Not visible

[PEDESTRIAN & CHILD SAFETY]
14. Not visible
15. Not visible
16. Not visible
17. Not visible"
20260604T134116Z,LP_Parking_and_Restroom_Loitering_3_20260602T051500.jpg,,,dataset_20260603_063335/LP_Parking_and_Restroom_Loitering_3/LP_Parking_and_Restroom_Loitering_3_20260602T051500.jpg,vehicle_prompts,done,2026-06-04T14:01:50.514564+00:00,0.043,0.719,0.766,,nvidia/cosmos-reason2-8b,"[date]

[GENERAL VEHICLE SAFETY]
1. Not visible
2. Not visible

[COLLISIONS & NEAR MISSES]
3. Not visible
4. Not visible

[PARKING & ACCESS VIOLATIONS]
5. Not visible
6. Not visible
7. Not visible

[SUSPICIOUS VEHICLE BEHAVIOR]
8. Not visible
9. Not visible
10. Not visible

[VEHICLE IDENTIFICATION]
11. Not visible
12. Not visible
13. Not visible

[PEDESTRIAN & CHILD SAFETY]
14. Not visible
15. Not visible
16. Not visible
17. Not visible"
20260604T134116Z,LP_Parking_and_Restroom_Loitering_3_20260602T053000.jpg,,,dataset_20260603_063335/LP_Parking_and_Restroom_Loitering_3/LP_Parking_and_Restroom_Loitering_3_20260602T053000.jpg,vehicle_prompts,done,2026-06-04T14:01:50.595262+00:00,0.038,0.819,0.86,,nvidia/cosmos-reason2-8b,"[date]

[GENERAL VEHICLE SAFETY]
1. Not visible
2. Not visible

[COLLISIONS & NEAR MISSES]
3. Not visible
4. Not visible

[PARKING & ACCESS VIOLATIONS]
5. Not visible
6. Not visible
7. Not visible

[SUSPICIOUS VEHICLE BEHAVIOR]
8. Not visible
9. Not visible
10. Not visible

[VEHICLE IDENTIFICATION]
11. Not visible
12. Not visible
13. Not visible

[PEDESTRIAN & CHILD SAFETY]
14. Not visible
15. Not visible
16. Not visible
17. Not visible"
20260604T134116Z,LP_Parking_and_Restroom_Loitering_3_20260602T054500.jpg,,,dataset_20260603_063335/LP_Parking_and_Restroom_Loitering_3/LP_Parking_and_Restroom_Loitering_3_20260602T054500.jpg,vehicle_prompts,done,2026-06-04T14:01:50.662047+00:00,0.045,1.026,1.075,,nvidia/cosmos-reason2-8b,"[date]

[GENERAL VEHICLE SAFETY]
1. Not visible
2. Not visible

[COLLISIONS & NEAR MISSES]
3. Not visible
4. Not visible

[PARKING & ACCESS VIOLATIONS]
5. Not visible
6. Not visible
7. Not visible

[SUSPICIOUS VEHICLE BEHAVIOR]
8. Not visible
9. Not visible
10. Not visible

[VEHICLE IDENTIFICATION]
11. Not visible
12. Not visible
13. Not visible

[PEDESTRIAN & CHILD SAFETY]
14. Not visible
15. Not visible
16. Not visible
17. Not visible"
20260604T134116Z,LP_Parking_and_Restroom_Loitering_3_20260602T060000.jpg,,,dataset_20260603_063335/LP_Parking_and_Restroom_Loitering_3/LP_Parking_and_Restroom_Loitering_3_20260602T060000.jpg,vehicle_prompts,done,2026-06-04T14:01:50.905705+00:00,0.051,0.865,0.92,,nvidia/cosmos-reason2-8b,"[date]

[GENERAL VEHICLE SAFETY]
1. Not visible
2. Not visible

[COLLISIONS & NEAR MISSES]
3. Not visible
4. Not visible

[PARKING & ACCESS VIOLATIONS]
5. Not visible
6. Not visible
7. Not visible

[SUSPICIOUS VEHICLE BEHAVIOR]
8. Not visible
9. Not visible
10. Not visible

[VEHICLE IDENTIFICATION]
11. Not visible
12. Not visible
13. Not visible

[PEDESTRIAN & CHILD SAFETY]
14. Not visible
15. Not visible
16. Not visible
17. Not visible"
20260604T134116Z,LP_Parking_and_Restroom_Loitering_3_20260602T061500.jpg,,,dataset_20260603_063335/LP_Parking_and_Restroom_Loitering_3/LP_Parking_and_Restroom_Loitering_3_20260602T061500.jpg,vehicle_prompts,done,2026-06-04T14:01:51.283106+00:00,0.042,0.687,0.734,,nvidia/cosmos-reason2-8b,"[date]
[time]

[GENERAL VEHICLE SAFETY]
1. Not visible
2. Not visible

[COLLISIONS & NEAR MISSES]
3. Not visible
4. Not visible

[PARKING & ACCESS VIOLATIONS]
5. Not visible
6. Not visible
7. Not visible

[SUSPICIOUS VEHICLE BEHAVIOR]
8. Not visible
9. Not visible
10. Not visible

[VEHICLE IDENTIFICATION]
11. Not visible
12. Not visible
13. Not visible

[PEDESTRIAN & CHILD SAFETY]
14. Not visible
15. Not visible
16. Not visible
17. Not visible"
20260604T134116Z,LP_Parking_and_Restroom_Loitering_3_20260602T063000.jpg,,,dataset_20260603_063335/LP_Parking_and_Restroom_Loitering_3/LP_Parking_and_Restroom_Loitering_3_20260602T063000.jpg,vehicle_prompts,done,2026-06-04T14:01:51.457171+00:00,0.042,0.764,0.809,,nvidia/cosmos-reason2-8b,"[date: 2023-03-05]
[time: 12:00:00]
[id: 1]
[source URL: s3://user_videos/1234567890]
[frame: 120]
[GENERAL VEHICLE SAFETY]
1. Not visible
2. Not visible
3. Not visible
4. Not visible
5. Not visible
6. Not visible
7. Not visible
8. Not visible
9. Not visible
10. Not visible
11. Not visible
12. Not visible
13. Not visible
14. Not visible
15. Not visible
16. Not visible
17. Not visible"
20260604T134116Z,LP_Parking_and_Restroom_Loitering_3_20260602T064500.jpg,,,dataset_20260603_063335/LP_Parking_and_Restroom_Loitering_3/LP_Parking_and_Restroom_Loitering_3_20260602T064500.jpg,vehicle_prompts,done,2026-06-04T14:01:51.740259+00:00,0.052,0.705,0.76,,nvidia/cosmos-reason2-8b,"### [GENERAL VEHICLE SAFETY]
1. Not visible
2. Not visible

### [COLLISIONS & NEAR MISSES]
3. Not visible
4. Not visible

### [PARKING & ACCESS VIOLATIONS]
5. Not visible
6. Not visible
7. Not visible

### [SUSPICIOUS VEHICLE BEHAVIOR]
8. Not visible
9. Not visible
10. Not visible

### [VEHICLE IDENTIFICATION]
11. Not visible
12. Not visible
13. Not visible

### [PEDESTRIAN & CHILD SAFETY]
14. Not visible
15. Not visible
16. Not visible
17. Not visible"
20260604T134116Z,LP_Parking_and_Restroom_Loitering_3_20260602T070000.jpg,,,dataset_20260603_063335/LP_Parking_and_Restroom_Loitering_3/LP_Parking_and_Restroom_Loitering_3_20260602T070000.jpg,vehicle_prompts,done,2026-06-04T14:01:51.827595+00:00,0.046,1.133,1.182,,nvidia/cosmos-reason2-8b,"[date]

[GENERAL VEHICLE SAFETY]
1. Not visible
2. Not visible

[COLLISIONS & NEAR MISSES]
3. Not visible
4. Not visible

[PARKING & ACCESS VIOLATIONS]
5. Not visible
6. Not visible
7. Not visible

[SUSPICIOUS VEHICLE BEHAVIOR]
8. Not visible
9. Not visible
10. Not visible

[VEHICLE IDENTIFICATION]
11. Not visible
12. Not visible
13. Not visible

[PEDESTRIAN & CHILD SAFETY]
14. Not visible
15. Not visible
16. Not visible
17. Not visible"
20260604T134116Z,LP_Parking_and_Restroom_Loitering_3_20260602T071500.jpg,,,dataset_20260603_063335/LP_Parking_and_Restroom_Loitering_3/LP_Parking_and_Restroom_Loitering_3_20260602T071500.jpg,vehicle_prompts,done,2026-06-04T14:01:52.019896+00:00,0.054,0.82,0.878,,nvidia/cosmos-reason2-8b,"[date]

[GENERAL VEHICLE SAFETY]
1. Not visible
2. Not visible

[COLLISIONS & NEAR MISSES]
3. Not visible
4. Not visible

[PARKING & ACCESS VIOLATIONS]
5. Not visible
6. Not visible
7. Not visible

[SUSPICIOUS VEHICLE BEHAVIOR]
8. Not visible
9. Not visible
10. Not visible

[VEHICLE IDENTIFICATION]
11. Not visible
12. Not visible
13. Not visible

[PEDESTRIAN & CHILD SAFETY]
14. Not visible
15. Not visible
16. Not visible
17. Not visible"
20260604T134116Z,LP_Parking_and_Restroom_Loitering_3_20260602T073000.jpg,,,dataset_20260603_063335/LP_Parking_and_Restroom_Loitering_3/LP_Parking_and_Restroom_Loitering_3_20260602T073000.jpg,vehicle_prompts,done,2026-06-04T14:01:52.268631+00:00,0.037,1.033,1.073,,nvidia/cosmos-reason2-8b,"[date]

[GENERAL VEHICLE SAFETY]
1. Not visible
2. Not visible

[COLLISIONS & NEAR MISSES]
3. Not visible
4. Not visible

[PARKING & ACCESS VIOLATIONS]
5. Not visible
6. Not visible
7. Not visible

[SUSPICIOUS VEHICLE BEHAVIOR]
8. Not visible
9. Not visible
10. Not visible

[VEHICLE IDENTIFICATION]
11. Not visible
12. Not visible
13. Not visible

[PEDESTRIAN & CHILD SAFETY]
14. Not visible
15. Not visible
16. Not visible
17. Not visible"
20260604T134116Z,LP_Parking_and_Restroom_Loitering_3_20260602T074500.jpg,,,dataset_20260603_063335/LP_Parking_and_Restroom_Loitering_3/LP_Parking_and_Restroom_Loitering_3_20260602T074500.jpg,vehicle_prompts,done,2026-06-04T14:01:52.502882+00:00,0.044,0.796,0.845,,nvidia/cosmos-reason2-8b,"[date]

[GENERAL VEHICLE SAFETY]
1. Not visible
2. Not visible

[COLLISIONS & NEAR MISSES]
3. Not visible
4. Not visible

[PARKING & ACCESS VIOLATIONS]
5. Not visible
6. Not visible
7. Not visible

[SUSPICIOUS VEHICLE BEHAVIOR]
8. Not visible
9. Not visible
10. Not visible

[VEHICLE IDENTIFICATION]
11. Not visible
12. Not visible
13. Not visible

[PEDESTRIAN & CHILD SAFETY]
14. Not visible
15. Not visible
16. Not visible
17. Not visible"
20260604T134116Z,LP_Parking_and_Restroom_Loitering_3_20260602T080000.jpg,,,dataset_20260603_063335/LP_Parking_and_Restroom_Loitering_3/LP_Parking_and_Restroom_Loitering_3_20260602T080000.jpg,vehicle_prompts,done,2026-06-04T14:01:52.900842+00:00,0.047,0.729,0.783,,nvidia/cosmos-reason2-8b,"[date]

[GENERAL VEHICLE SAFETY]
1. Not visible
2. Not visible

[COLLISIONS & NEAR MISSES]
3. Not visible
4. Not visible

[PARKING & ACCESS VIOLATIONS]
5. Not visible
6. Not visible
7. Not visible

[SUSPICIOUS VEHICLE BEHAVIOR]
8. Not visible
9. Not visible
10. Not visible

[VEHICLE IDENTIFICATION]
11. Not visible
12. Not visible
13. Not visible

[PEDESTRIAN & CHILD SAFETY]
14. Not visible
15. Not visible
16. Not visible
17. Not visible"
20260604T134116Z,LP_Parking_and_Restroom_Loitering_3_20260602T081500.jpg,,,dataset_20260603_063335/LP_Parking_and_Restroom_Loitering_3/LP_Parking_and_Restroom_Loitering_3_20260602T081500.jpg,vehicle_prompts,done,2026-06-04T14:01:53.011501+00:00,0.041,0.836,0.883,,nvidia/cosmos-reason2-8b,"[GENERAL VEHICLE SAFETY]
1. Yes, all vehicles are parked in designated areas without obstruction or erratic behavior.
2. Not visible

[COLLISIONS & NEAR MISSES]
3. No
4. Not visible

[PARKING & ACCESS VIOLATIONS]
5. Not visible
6. Not visible
7. Not visible

[SUSPICIOUS VEHICLE BEHAVIOR]
8. Not visible
9. Not visible
10. Not visible

[VEHICLE IDENTIFICATION]
11. Not visible
12. Not visible
13. Black SUV, Silver SUV, White Sedan
14. Not visible
15. Not visible
16. Not visible
17. Not visible"
20260604T134116Z,LP_Parking_and_Restroom_Loitering_3_20260602T083000.jpg,,,dataset_20260603_063335/LP_Parking_and_Restroom_Loitering_3/LP_Parking_and_Restroom_Loitering_3_20260602T083000.jpg,vehicle_prompts,done,2026-06-04T14:01:53.344847+00:00,0.086,0.829,0.919,,nvidia/cosmos-reason2-8b,"[GENERAL VEHICLE SAFETY]
1. Not visible
2. Not visible

[COLLISIONS & NEAR MISSES]
3. Not visible
4. Not visible

[PARKING & ACCESS VIOLATIONS]
5. Not visible
6. Not visible
7. Not visible

[SUSPICIOUS VEHICLE BEHAVIOR]
8. Not visible
9. Not visible
10. Not visible

[VEHICLE IDENTIFICATION]
11. Not visible
12. Not visible
13. Not visible

[PEDESTRIAN & CHILD SAFETY]
14. Not visible
15. Not visible
16. Not visible
17. Not visible"
20260604T134116Z,LP_Parking_and_Restroom_Loitering_3_20260602T084500.jpg,,,dataset_20260603_063335/LP_Parking_and_Restroom_Loitering_3/LP_Parking_and_Restroom_Loitering_3_20260602T084500.jpg,vehicle_prompts,done,2026-06-04T14:01:53.349788+00:00,0.087,0.868,0.96,,nvidia/cosmos-reason2-8b,"[GENERAL VEHICLE SAFETY]
1. Yes, all vehicles are parked in designated areas without obstruction or erratic behavior.
2. Not visible

[COLLISIONS & NEAR MISSES]
3. No
4. Not visible

[PARKING & ACCESS VIOLATIONS]
5. Not visible
6. Not visible
7. Not visible

[SUSPICIOUS VEHICLE BEHAVIOR]
8. Not visible
9. Not visible
10. Not visible

[VEHICLE IDENTIFICATION]
11. 0
12. Not visible
13. Black SUV, Silver SUV, Silver sedan
14. Not visible
15. Not visible
16. Not visible
17. Not visible"
20260604T134116Z,LP_Parking_and_Restroom_Loitering_3_20260602T090000.jpg,,,dataset_20260603_063335/LP_Parking_and_Restroom_Loitering_3/LP_Parking_and_Restroom_Loitering_3_20260602T090000.jpg,vehicle_prompts,done,2026-06-04T14:01:53.686583+00:00,0.048,0.847,0.899,,nvidia/cosmos-reason2-8b,"[date]

[GENERAL VEHICLE SAFETY]
1. Yes
2. Not visible

[COLLISIONS & NEAR MISSES]
3. Not visible
4. Not visible

[PARKING & ACCESS VIOLATIONS]
5. Not visible
6. Not visible
7. Not visible

[SUSPICIOUS VEHICLE BEHAVIOR]
8. Not visible
9. Not visible
10. Not visible

[VEHICLE IDENTIFICATION]
11. Not visible
12. Not visible
13. Black SUV, white pickup truck, silver sedan
14. Not visible
15. Not visible
16. Not visible
17. Not visible"
20260604T134116Z,LP_Parking_and_Restroom_Loitering_3_20260602T091500.jpg,,,dataset_20260603_063335/LP_Parking_and_Restroom_Loitering_3/LP_Parking_and_Restroom_Loitering_3_20260602T091500.jpg,vehicle_prompts,done,2026-06-04T14:01:53.897865+00:00,0.043,0.844,0.891,,nvidia/cosmos-reason2-8b,"[GENERAL VEHICLE SAFETY]
1. Yes, all vehicles are parked in designated areas without obstruction or erratic behavior.
2. Not visible

[COLLISIONS & NEAR MISSES]
3. No
4. Not visible

[PARKING & ACCESS VIOLATIONS]
5. Not visible
6. Not visible
7. Not visible

[SUSPICIOUS VEHICLE BEHAVIOR]
8. Not visible
9. Not visible
10. Not visible

[VEHICLE IDENTIFICATION]
11. Not visible
12. Not visible
13. Black SUV, Silver SUV, Gray pickup truck
14. Not visible
15. Not visible
16. Not visible
17. Not visible"
20260604T134116Z,LP_Parking_and_Restroom_Loitering_3_20260602T093000.jpg,,,dataset_20260603_063335/LP_Parking_and_Restroom_Loitering_3/LP_Parking_and_Restroom_Loitering_3_20260602T093000.jpg,vehicle_prompts,done,2026-06-04T14:01:54.267292+00:00,0.043,0.729,0.775,,nvidia/cosmos-reason2-8b,"[date]

[GENERAL VEHICLE SAFETY]
1. Yes
2. Not visible

[COLLISIONS & NEAR MISSES]
3. No
4. Not visible

[PARKING & ACCESS VIOLATIONS]
5. Not visible
6. Not visible
7. Not visible

[SUSPICIOUS VEHICLE BEHAVIOR]
8. Not visible
9. Not visible
10. Not visible

[VEHICLE IDENTIFICATION]
11. Not visible
12. Not visible
13. Black SUV, Silver SUV, Silver pickup truck
14. Not visible
15. Not visible
16. Not visible
17. Not visible"
20260604T134116Z,LP_Parking_and_Restroom_Loitering_3_20260602T094500.jpg,,,dataset_20260603_063335/LP_Parking_and_Restroom_Loitering_3/LP_Parking_and_Restroom_Loitering_3_20260602T094500.jpg,vehicle_prompts,done,2026-06-04T14:01:54.312269+00:00,0.042,0.965,1.01,,nvidia/cosmos-reason2-8b,"[GENERAL VEHICLE SAFETY]
1. Yes, all vehicles are parked in designated areas without obstruction or erratic behavior.
2. Not visible

[COLLISIONS & NEAR MISSES]
3. No collisions or near misses are observed.
4. Not visible

[PARKING & ACCESS VIOLATIONS]
5. No vehicles are parked in fire lanes or restricted zones.
6. Not visible
7. Not visible

[SUSPICIOUS VEHICLE BEHAVIOR]
8. Not visible
9. Not visible
10. Not visible

[VEHICLE IDENTIFICATION]
11. Not visible
12. Not visible
13. Black SUV, Silver SUV, Silver Pickup Truck
14. Not visible
15. Not visible
16. Not visible
17. Not visible"
20260604T134116Z,LP_Parking_and_Restroom_Loitering_3_20260602T100000.jpg,,,dataset_20260603_063335/LP_Parking_and_Restroom_Loitering_3/LP_Parking_and_Restroom_Loitering_3_20260602T100000.jpg,vehicle_prompts,done,2026-06-04T14:01:54.588206+00:00,0.047,0.814,0.877,,nvidia/cosmos-reason2-8b,"[GENERAL VEHICLE SAFETY]
1. Yes, all vehicles are parked in designated areas without obstruction or erratic behavior.
2. Not visible

[COLLISIONS & NEAR MISSES]
3. No
4. Not visible

[PARKING & ACCESS VIOLATIONS]
5. Not visible
6. Not visible
7. Not visible

[SUSPICIOUS VEHICLE BEHAVIOR]
8. Not visible
9. Not visible
10. Not visible

[VEHICLE IDENTIFICATION]
11. Not visible
12. Not visible
13. Black SUV, silver SUV, silver pickup truck
14. Not visible
15. Not visible
16. Not visible
17. Not visible"
20260604T134116Z,LP_Parking_and_Restroom_Loitering_3_20260602T101500.jpg,,,dataset_20260603_063335/LP_Parking_and_Restroom_Loitering_3/LP_Parking_and_Restroom_Loitering_3_20260602T101500.jpg,vehicle_prompts,done,2026-06-04T14:01:54.790925+00:00,0.047,0.792,0.843,,nvidia/cosmos-reason2-8b,"[GENERAL VEHICLE SAFETY]
1. Yes, all vehicles are parked in designated areas without obstruction or erratic behavior.
2. Not visible

[COLLISIONS & NEAR MISSES]
3. No
4. Not visible

[PARKING & ACCESS VIOLATIONS]
5. Not visible
6. Not visible
7. Not visible

[SUSPICIOUS VEHICLE BEHAVIOR]
8. Not visible
9. Not visible
10. Not visible

[VEHICLE IDENTIFICATION]
11. Not visible
12. Not visible
13. Black SUV, Silver SUV, Silver pickup truck
14. Not visible
15. Not visible
16. Not visible
17. Not visible"
20260604T134116Z,LP_Parking_and_Restroom_Loitering_3_20260602T103000.jpg,,,dataset_20260603_063335/LP_Parking_and_Restroom_Loitering_3/LP_Parking_and_Restroom_Loitering_3_20260602T103000.jpg,vehicle_prompts,done,2026-06-04T14:01:55.045267+00:00,0.053,0.705,0.762,,nvidia/cosmos-reason2-8b,"[GENERAL VEHICLE SAFETY]
1. Not visible
2. Not visible

[COLLISIONS & NEAR MISSES]
3. Not visible
4. Not visible

[PARKING & ACCESS VIOLATIONS]
5. Not visible
6. Not visible
7. Not visible

[SUSPICIOUS VEHICLE BEHAVIOR]
8. Not visible
9. Not visible
10. Not visible

[VEHICLE IDENTIFICATION]
11. Not visible
12. Not visible
13. Not visible

[PEDESTRIAN & CHILD SAFETY]
14. Not visible
15. Not visible
16. Not visible
17. Not visible"
20260604T134116Z,LP_Parking_and_Restroom_Loitering_3_20260602T104500.jpg,,,dataset_20260603_063335/LP_Parking_and_Restroom_Loitering_3/LP_Parking_and_Restroom_Loitering_3_20260602T104500.jpg,vehicle_prompts,done,2026-06-04T14:01:55.324590+00:00,0.047,0.652,0.702,,nvidia/cosmos-reason2-8b,"[GENERAL VEHICLE SAFETY]
1. Not visible
2. Not visible

[COLLISIONS & NEAR MISSES]
3. Not visible
4. Not visible

[PARKING & ACCESS VIOLATIONS]
5. Not visible
6. Not visible
7. Not visible

[SUSPICIOUS VEHICLE BEHAVIOR]
8. Not visible
9. Not visible
10. Not visible

[VEHICLE IDENTIFICATION]
11. Not visible
12. Not visible
13. Not visible
14. Not visible
15. Not visible
16. Not visible
17. Not visible"
20260604T134116Z,LP_Parking_and_Restroom_Loitering_3_20260602T110000.jpg,,,dataset_20260603_063335/LP_Parking_and_Restroom_Loitering_3/LP_Parking_and_Restroom_Loitering_3_20260602T110000.jpg,vehicle_prompts,done,2026-06-04T14:01:55.467112+00:00,0.047,0.74,0.791,,nvidia/cosmos-reason2-8b,"[date]

[GENERAL VEHICLE SAFETY]
1. Not visible
2. Not visible

[COLLISIONS & NEAR MISSES]
3. Not visible
4. Not visible

[PARKING & ACCESS VIOLATIONS]
5. Not visible
6. Not visible
7. Not visible

[SUSPICIOUS VEHICLE BEHAVIOR]
8. Not visible
9. Not visible
10. Not visible

[VEHICLE IDENTIFICATION]
11. Not visible
12. Not visible
13. Black SUV, Silver SUV, Silver pickup truck
14. Not visible
15. Not visible
16. Not visible
17. Not visible"
20260604T134116Z,LP_Parking_and_Restroom_Loitering_3_20260602T111500.jpg,,,dataset_20260603_063335/LP_Parking_and_Restroom_Loitering_3/LP_Parking_and_Restroom_Loitering_3_20260602T111500.jpg,vehicle_prompts,done,2026-06-04T14:01:55.636579+00:00,0.048,0.897,0.948,,nvidia/cosmos-reason2-8b,"[GENERAL VEHICLE SAFETY]
1. Yes, all vehicles are parked in designated areas without obstruction or erratic behavior.
2. Not visible

[COLLISIONS & NEAR MISSES]
3. No
4. Not visible

[PARKING & ACCESS VIOLATIONS]
5. Not visible
6. Not visible
7. Not visible

[SUSPICIOUS VEHICLE BEHAVIOR]
8. Not visible
9. Not visible
10. Not visible

[VEHICLE IDENTIFICATION]
11. 0
12. Not visible
13. Black SUV, Silver SUV, Silver pickup truck
14. 0
15. 0
16. 0
17. 0"
20260604T134116Z,LP_Parking_and_Restroom_Loitering_3_20260602T113000.jpg,,,dataset_20260603_063335/LP_Parking_and_Restroom_Loitering_3/LP_Parking_and_Restroom_Loitering_3_20260602T113000.jpg,vehicle_prompts,done,2026-06-04T14:01:55.809832+00:00,0.051,1.091,1.145,,nvidia/cosmos-reason2-8b,"[GENERAL VEHICLE SAFETY]
1. Yes, both vehicles are parked in designated parking spaces, and there are no visible obstructions or erratic maneuvers.
2. Not visible

[COLLISIONS & NEAR MISSES]
3. No, there are no visible collisions or damage to the vehicles.
4. Not visible

[PARKING & ACCESS VIOLATIONS]
5. No, both vehicles are parked in regular parking spaces, not in fire lanes or restricted areas.
6. Not visible
7. Not visible

[SUSPICIOUS VEHICLE BEHAVIOR]
8. Not visible
9. Not visible
10. Not visible

[VEHICLE IDENTIFICATION]
11. Not visible
12. Not visible
13. Dark gray SUV and silver SUV
14. Not visible
15. Not visible
16. Not visible
17. Not visible"
20260604T134116Z,LP_Parking_and_Restroom_Loitering_3_20260602T114500.jpg,,,dataset_20260603_063335/LP_Parking_and_Restroom_Loitering_3/LP_Parking_and_Restroom_Loitering_3_20260602T114500.jpg,vehicle_prompts,done,2026-06-04T14:01:56.029645+00:00,0.052,1.077,1.133,,nvidia/cosmos-reason2-8b,"[GENERAL VEHICLE SAFETY]
1. Yes, both vehicles are parked in designated parking spaces, and there are no signs of erratic maneuvers or obstruction of emergency routes.
2. Not visible

[COLLISIONS & NEAR MISSES]
3. No, there are no visible collisions or damage to the vehicles or surrounding environment.
4. Not visible

[PARKING & ACCESS VIOLATIONS]
5. No, both vehicles are parked in standard parking spaces, not in fire lanes or emergency access corridors.
6. Not visible
7. Not visible

[SUSPICIOUS VEHICLE BEHAVIOR]
8. Not visible
9. Not visible
10. Not visible

[VEHICLE IDENTIFICATION]
11. Not visible
12. Not visible
13. Black SUV (likely a Ford Explorer) and silver SUV (likely a Honda CR-V)
14. Not visible
15. Not visible
16. Not visible
17. Not visible"
20260604T134116Z,LP_Parking_and_Restroom_Loitering_3_20260602T120000.jpg,,,dataset_20260603_063335/LP_Parking_and_Restroom_Loitering_3/LP_Parking_and_Restroom_Loitering_3_20260602T120000.jpg,vehicle_prompts,done,2026-06-04T14:01:56.260340+00:00,0.041,0.987,1.042,,nvidia/cosmos-reason2-8b,"[GENERAL VEHICLE SAFETY]
1. Yes, both vehicles are parked in designated parking spaces, and there are no obstructions or emergency route issues visible.
2. Not visible

[COLLISIONS & NEAR MISSES]
3. No, there are no visible collisions or damage to the vehicles or surrounding area.
4. Not visible

[PARKING & ACCESS VIOLATIONS]
5. No, both vehicles are parked in standard parking spaces, not in fire lanes or restricted areas.
6. Not visible
7. Not visible

[SUSPICIOUS VEHICLE BEHAVIOR]
8. Not visible
9. Not visible
10. Not visible

[VEHICLE IDENTIFICATION]
11. Not visible
12. Not visible
13. Black SUV and silver SUV
14. Not visible
15. Not visible
16. Not visible
17. Not visible"
20260604T134116Z,LP_Parking_and_Restroom_Loitering_3_20260602T121500.jpg,,,dataset_20260603_063335/LP_Parking_and_Restroom_Loitering_3/LP_Parking_and_Restroom_Loitering_3_20260602T121500.jpg,vehicle_prompts,done,2026-06-04T14:01:56.587644+00:00,0.052,0.667,0.723,,nvidia/cosmos-reason2-8b,"[date]

[GENERAL VEHICLE SAFETY]
1. Yes
2. Not visible

[COLLISIONS & NEAR MISSES]
3. No
4. Not visible

[PARKING & ACCESS VIOLATIONS]
5. Not visible
6. Not visible
7. Not visible

[SUSPICIOUS VEHICLE BEHAVIOR]
8. Not visible
9. Not visible
10. Not visible

[VEHICLE IDENTIFICATION]
11. Not visible
12. Not visible
13. Black SUV and silver SUV
14. Not visible
15. Not visible
16. Not visible
17. Not visible"
20260604T134116Z,LP_Parking_and_Restroom_Loitering_3_20260602T123000.jpg,,,dataset_20260603_063335/LP_Parking_and_Restroom_Loitering_3/LP_Parking_and_Restroom_Loitering_3_20260602T123000.jpg,vehicle_prompts,done,2026-06-04T14:01:56.958465+00:00,0.05,0.985,1.039,,nvidia/cosmos-reason2-8b,"[GENERAL VEHICLE SAFETY]
1. Yes, both vehicles are parked in designated parking spaces, and there are no obstructions or emergency route blockages.
2. Not visible

[COLLISIONS & NEAR MISSES]
3. No, there are no visible collisions or damage to the vehicles or surrounding environment.
4. Not visible

[PARKING & ACCESS VIOLATIONS]
5. No, both vehicles are parked in standard parking spaces, not in fire lanes or restricted areas.
6. Not visible
7. Not visible

[SUSPICIOUS VEHICLE BEHAVIOR]
8. Not visible
9. Not visible
10. Not visible

[VEHICLE IDENTIFICATION]
11. Not visible
12. Not visible
13. Dark gray SUV (left), light gray SUV (right)
14. Not visible
15. Not visible
16. Not visible
17. Not visible"
20260604T134116Z,LP_Parking_and_Restroom_Loitering_3_20260602T124500.jpg,,,dataset_20260603_063335/LP_Parking_and_Restroom_Loitering_3/LP_Parking_and_Restroom_Loitering_3_20260602T124500.jpg,vehicle_prompts,done,2026-06-04T14:01:57.165899+00:00,0.05,0.725,0.778,,nvidia/cosmos-reason2-8b,"[GENERAL VEHICLE SAFETY]
1. Yes
2. Not visible

[COLLISIONS & NEAR MISSES]
3. No
4. Not visible

[PARKING & ACCESS VIOLATIONS]
5. No
6. No
7. No

[SUSPICIOUS VEHICLE BEHAVIOR]
8. No
9. Not visible
10. Not visible

[VEHICLE IDENTIFICATION]
11. Not visible
12. Not visible
13. Black SUV, Silver SUV
14. Not visible
15. Not visible
16. Not visible
17. Not visible"
20260604T134116Z,LP_Parking_and_Restroom_Loitering_3_20260602T130000.jpg,,,dataset_20260603_063335/LP_Parking_and_Restroom_Loitering_3/LP_Parking_and_Restroom_Loitering_3_20260602T130000.jpg,vehicle_prompts,done,2026-06-04T14:01:57.305144+00:00,0.048,0.889,0.94,,nvidia/cosmos-reason2-8b,"[GENERAL VEHICLE SAFETY]
1. Yes, both vehicles are parked in designated parking spaces without obstruction or erratic movement.
2. Not visible

[COLLISIONS & NEAR MISSES]
3. No
4. Not visible

[PARKING & ACCESS VIOLATIONS]
5. Not visible
6. Not visible
7. Not visible

[SUSPICIOUS VEHICLE BEHAVIOR]
8. Not visible
9. Not visible
10. Not visible

[VEHICLE IDENTIFICATION]
11. Not visible
12. Not visible
13. Black SUV and silver SUV
14. Not visible
15. Not visible
16. Not visible
17. Not visible"
20260604T134116Z,LP_Parking_and_Restroom_Loitering_3_20260602T131500.jpg,,,dataset_20260603_063335/LP_Parking_and_Restroom_Loitering_3/LP_Parking_and_Restroom_Loitering_3_20260602T131500.jpg,vehicle_prompts,done,2026-06-04T14:01:57.354054+00:00,0.05,1.097,1.15,,nvidia/cosmos-reason2-8b,"[GENERAL VEHICLE SAFETY]
1. Yes, both vehicles are parked in designated parking spaces, and there are no obstructions or erratic movements observed.
2. Not visible

[COLLISIONS & NEAR MISSES]
3. No, there are no visible collisions or damage to the vehicles or surrounding environment.
4. Not visible

[PARKING & ACCESS VIOLATIONS]
5. No, both vehicles are parked in standard parking spaces without obstructing emergency access.
6. Not visible
7. Not visible

[SUSPICIOUS VEHICLE BEHAVIOR]
8. Not visible
9. Not visible
10. Not visible

[VEHICLE IDENTIFICATION]
11. Not visible
12. Not visible
13. Black SUV and silver sedan
14. Not visible
15. Not visible
16. Not visible
17. Not visible"
20260604T134116Z,LP_Parking_and_Restroom_Loitering_3_20260602T133000.jpg,,,dataset_20260603_063335/LP_Parking_and_Restroom_Loitering_3/LP_Parking_and_Restroom_Loitering_3_20260602T133000.jpg,vehicle_prompts,done,2026-06-04T14:01:57.947340+00:00,0.051,1.003,1.058,,nvidia/cosmos-reason2-8b,"[GENERAL VEHICLE SAFETY]
1. Yes, both vehicles are parked in designated parking spaces, and there are no obstructions or erratic movements observed.
2. Not visible

[COLLISIONS & NEAR MISSES]
3. No, there are no visible collisions or damage to the vehicles or surrounding environment.
4. Not visible

[PARKING & ACCESS VIOLATIONS]
5. No, both vehicles are parked in standard parking spaces, not in fire lanes or restricted areas.
6. Not visible
7. Not visible

[SUSPICIOUS VEHICLE BEHAVIOR]
8. Not visible
9. Not visible
10. Not visible

[VEHICLE IDENTIFICATION]
11. Not visible
12. Not visible
13. Black SUV and silver SUV
14. Not visible
15. Not visible
16. Not visible
17. Not visible"
20260604T134116Z,LP_Parking_and_Restroom_Loitering_3_20260602T134500.jpg,,,dataset_20260603_063335/LP_Parking_and_Restroom_Loitering_3/LP_Parking_and_Restroom_Loitering_3_20260602T134500.jpg,vehicle_prompts,done,2026-06-04T14:01:58.000843+00:00,0.055,1.13,1.187,,nvidia/cosmos-reason2-8b,"[GENERAL VEHICLE SAFETY]
1. Yes, both vehicles are parked in designated parking spaces, maintaining a safe distance from each other and the surrounding environment.
2. Not visible

[COLLISIONS & NEAR MISSES]
3. No, there are no visible collisions or damage to the vehicles or surrounding area.
4. Not visible

[PARKING & ACCESS VIOLATIONS]
5. No, both vehicles are parked in designated parking spaces, not obstructing any emergency routes or fire lanes.
6. Not visible
7. Not visible

[SUSPICIOUS VEHICLE BEHAVIOR]
8. Not visible
9. Not visible
10. Not visible

[VEHICLE IDENTIFICATION]
11. Not visible
12. Not visible
13. Black SUV (Hyundai Santa Fe) and silver SUV (Chevrolet Traverse)
14. Not visible
15. Not visible
16. Not visible
17. Not visible"
20260604T134116Z,LP_Parking_and_Restroom_Loitering_3_20260602T140000.jpg,,,dataset_20260603_063335/LP_Parking_and_Restroom_Loitering_3/LP_Parking_and_Restroom_Loitering_3_20260602T140000.jpg,vehicle_prompts,done,2026-06-04T14:01:58.247250+00:00,0.043,0.77,0.816,,nvidia/cosmos-reason2-8b,"[date]

[GENERAL VEHICLE SAFETY]
1. Not visible
2. Not visible

[COLLISIONS & NEAR MISSES]
3. Not visible
4. Not visible

[PARKING & ACCESS VIOLATIONS]
5. Not visible
6. Not visible
7. Not visible

[SUSPICIOUS VEHICLE BEHAVIOR]
8. Not visible
9. Not visible
10. Not visible

[VEHICLE IDENTIFICATION]
11. Not visible
12. Not visible
13. Black SUV, Silver SUV, Red pickup truck
14. Not visible
15. Not visible
16. Not visible
17. Not visible"
20260604T134116Z,LP_Parking_and_Restroom_Loitering_3_20260602T141500.jpg,,,dataset_20260603_063335/LP_Parking_and_Restroom_Loitering_3/LP_Parking_and_Restroom_Loitering_3_20260602T141500.jpg,vehicle_prompts,done,2026-06-04T14:01:58.506853+00:00,0.043,0.885,0.931,,nvidia/cosmos-reason2-8b,"[date]

[GENERAL VEHICLE SAFETY]
1. Yes, all vehicles are parked in designated areas without obstruction or erratic behavior.
2. Not visible

[COLLISIONS & NEAR MISSES]
3. No collisions or near misses observed.
4. Not visible

[PARKING & ACCESS VIOLATIONS]
5. No vehicles are parked in fire lanes or restricted zones.
6. Not visible
7. Not visible

[SUSPICIOUS VEHICLE BEHAVIOR]
8. Not visible
9. Not visible
10. Not visible

[VEHICLE IDENTIFICATION]
11. Not visible
12. Not visible
13. Three vehicles are visible: a dark gray SUV, a silver SUV, and a red pickup truck.
14. Not visible
15. Not visible
16. Not visible
17. Not visible"
20260604T134116Z,LP_Parking_and_Restroom_Loitering_3_20260602T143000.jpg,,,dataset_20260603_063335/LP_Parking_and_Restroom_Loitering_3/LP_Parking_and_Restroom_Loitering_3_20260602T143000.jpg,vehicle_prompts,done,2026-06-04T14:01:59.008210+00:00,0.044,1.032,1.091,,nvidia/cosmos-reason2-8b,"[GENERAL VEHICLE SAFETY]
1. Yes, all vehicles are parked in designated areas without obstruction or erratic behavior.
2. Not visible

[COLLISIONS & NEAR MISSES]
3. No collisions or near misses observed.
4. Not visible

[PARKING & ACCESS VIOLATIONS]
5. Not visible
6. Not visible
7. Not visible

[SUSPICIOUS VEHICLE BEHAVIOR]
8. Not visible
9. Not visible
10. Not visible

[VEHICLE IDENTIFICATION]
11. Not visible
12. Not visible
13. Black SUV, Silver SUV, Red Pickup Truck
14. Not visible
15. Not visible
16. Not visible
17. Not visible"
20260604T134116Z,LP_Parking_and_Restroom_Loitering_3_20260602T144500.jpg,,,dataset_20260603_063335/LP_Parking_and_Restroom_Loitering_3/LP_Parking_and_Restroom_Loitering_3_20260602T144500.jpg,vehicle_prompts,done,2026-06-04T14:01:59.066173+00:00,0.047,1.391,1.442,,nvidia/cosmos-reason2-8b,"[date]

[GENERAL VEHICLE SAFETY]
1. Yes, all vehicles are parked in designated parking spaces, and there are no obstructions or erratic maneuvers observed.
2. Not visible

[COLLISIONS & NEAR MISSES]
3. No, there are no visible collisions or damage to the vehicles.
4. Not visible

[PARKING & ACCESS VIOLATIONS]
5. No, all vehicles are parked in designated parking spaces, and none are obstructing emergency access routes.
6. Not visible
7. Not visible

[SUSPICIOUS VEHICLE BEHAVIOR]
8. Not visible
9. Not visible
10. Not visible

[VEHICLE IDENTIFICATION]
11. Not visible
12. Not visible
13. Three vehicles are visible: a black SUV, a silver SUV, and a red pickup truck.
14. Not visible
15. Not visible
16. Not visible
17. Not visible"
20260604T134116Z,LP_Parking_and_Restroom_Loitering_3_20260602T150000.jpg,,,dataset_20260603_063335/LP_Parking_and_Restroom_Loitering_3/LP_Parking_and_Restroom_Loitering_3_20260602T150000.jpg,vehicle_prompts,done,2026-06-04T14:01:59.191314+00:00,0.042,0.93,0.974,,nvidia/cosmos-reason2-8b,"[GENERAL VEHICLE SAFETY]
1. Yes, all vehicles are parked in designated areas without obstruction or erratic behavior.
2. Not visible

[COLLISIONS & NEAR MISSES]
3. No
4. Not visible

[PARKING & ACCESS VIOLATIONS]
5. No
6. Not visible
7. Not visible

[SUSPICIOUS VEHICLE BEHAVIOR]
8. Not visible
9. Not visible
10. Not visible

[VEHICLE IDENTIFICATION]
11. 0
12. Not visible
13. Gray SUV, Silver SUV, Red Pickup Truck
14. 0
15. 0
16. 0
17. 0"
20260604T134116Z,LP_Parking_and_Restroom_Loitering_3_20260602T151500.jpg,,,dataset_20260603_063335/LP_Parking_and_Restroom_Loitering_3/LP_Parking_and_Restroom_Loitering_3_20260602T151500.jpg,vehicle_prompts,done,2026-06-04T14:01:59.440767+00:00,0.043,0.86,0.906,,nvidia/cosmos-reason2-8b,"[GENERAL VEHICLE SAFETY]
1. Not visible
2. Not visible

[COLLISIONS & NEAR MISSES]
3. Not visible
4. Not visible

[PARKING & ACCESS VIOLATIONS]
5. Not visible
6. Not visible
7. Not visible

[SUSPICIOUS VEHICLE BEHAVIOR]
8. Not visible
9. Not visible
10. Not visible

[VEHICLE IDENTIFICATION]
11. Not visible
12. Not visible
13. Not visible
14. Not visible
15. Not visible
16. Not visible
17. Not visible"
20260604T134116Z,LP_Parking_and_Restroom_Loitering_3_20260602T153000.jpg,,,dataset_20260603_063335/LP_Parking_and_Restroom_Loitering_3/LP_Parking_and_Restroom_Loitering_3_20260602T153000.jpg,vehicle_prompts,done,2026-06-04T14:02:00.102980+00:00,0.052,0.912,0.968,,nvidia/cosmos-reason2-8b,"[safe_speeds]
1. All vehicles are stationary and parked in designated areas, with no movement or obstruction of emergency routes.
2. Not visible

[collisions]
3. No collisions are observed.
4. Not visible

[parking]
5. No vehicles are parked in fire lanes or restricted zones.
6. Not visible
7. Not visible

[suspicious]
8. Not visible
9. Not visible
10. Not visible

[vehicle_id]
11. Not visible
12. Not visible
13. Black SUV, Silver SUV, Red Pickup Truck
14. Not visible
15. Not visible
16. Not visible
17. Not visible"
20260604T134116Z,LP_Parking_and_Restroom_Loitering_3_20260602T154500.jpg,,,dataset_20260603_063335/LP_Parking_and_Restroom_Loitering_3/LP_Parking_and_Restroom_Loitering_3_20260602T154500.jpg,vehicle_prompts,done,2026-06-04T14:02:00.168043+00:00,0.043,1.036,1.083,,nvidia/cosmos-reason2-8b,"### GENERAL VEHICLE SAFETY
1. Yes, all vehicles are parked in designated areas with no erratic maneuvers or obstruction of emergency routes.
2. Not visible

### COLLISIONS & NEAR MISSES
3. No
4. Not visible

### PARKING & ACCESS VIOLATIONS
5. No
6. No
7. Not visible

### SUSPICIOUS VEHICLE BEHAVIOR
8. Not visible
9. Not visible
10. Not visible

### VEHICLE IDENTIFICATION
11. Not visible
12. Not visible
13. Black SUV, Silver SUV, Red Pickup Truck
14. Not visible
15. Not visible
16. Not visible
17. Not visible"
20260604T134116Z,LP_Parking_and_Restroom_Loitering_3_20260602T160000.jpg,,,dataset_20260603_063335/LP_Parking_and_Restroom_Loitering_3/LP_Parking_and_Restroom_Loitering_3_20260602T160000.jpg,vehicle_prompts,done,2026-06-04T14:02:00.349156+00:00,0.044,0.938,0.985,,nvidia/cosmos-reason2-8b,"[GENERAL VEHICLE SAFETY]
1. Yes, all vehicles are parked in designated areas without obstruction or erratic behavior.
2. Not visible

COLLISIONS & NEAR MISSES
3. No collisions or near misses observed.
4. Not visible

[PARKING & ACCESS VIOLATIONS]
5. Not visible
6. Not visible
7. Not visible

[SUSPICIOUS VEHICLE BEHAVIOR]
8. Not visible
9. Not visible
10. Not visible

[VEHICLE IDENTIFICATION]
11. Not visible
12. Not visible
13. Black SUV, Silver SUV, Red pickup truck
14. Not visible
15. Not visible
16. Not visible
17. Not visible"
20260604T134116Z,LP_Parking_and_Restroom_Loitering_3_20260602T161500.jpg,,,dataset_20260603_063335/LP_Parking_and_Restroom_Loitering_3/LP_Parking_and_Restroom_Loitering_3_20260602T161500.jpg,vehicle_prompts,done,2026-06-04T14:02:00.510492+00:00,0.042,1.019,1.065,,nvidia/cosmos-reason2-8b,"[GENERAL VEHICLE SAFETY]
1. Yes, all vehicles are parked in designated areas without obstruction or erratic behavior.
2. Not visible

[COLLISIONS & NEAR MISSES]
3. No collisions or near misses observed.
4. Not visible

[PARKING & ACCESS VIOLATIONS]
5. Not visible
6. Not visible
7. Not visible

[SUSPICIOUS VEHICLE BEHAVIOR]
8. Not visible
9. Not visible
10. Not visible

[VEHICLE IDENTIFICATION]
11. Not visible
12. Not visible
13. Black SUV, silver SUV, red pickup truck
14. Not visible
15. Not visible
16. Not visible
17. Not visible"
20260604T134116Z,LP_Parking_and_Restroom_Loitering_3_20260602T163000.jpg,,,dataset_20260603_063335/LP_Parking_and_Restroom_Loitering_3/LP_Parking_and_Restroom_Loitering_3_20260602T163000.jpg,vehicle_prompts,done,2026-06-04T14:02:01.074106+00:00,0.048,0.733,0.785,,nvidia/cosmos-reason2-8b,"[GENERAL VEHICLE SAFETY]
1. Yes, all vehicles are parked in designated areas without obstruction or erratic behavior.
2. Not visible

[COLLISIONS & NEAR MISSES]
3. No
4. Not visible

[PARKING & ACCESS VIOLATIONS]
5. No
6. Not visible
7. Not visible

[SUSPICIOUS VEHICLE BEHAVIOR]
8. Not visible
9. Not visible
10. Not visible

[VEHICLE IDENTIFICATION]
11. 0
12. Not visible
13. Gray SUV, Red Pickup Truck
14. 0
15. 0
16. 0
17. 0"
20260604T134116Z,LP_Parking_and_Restroom_Loitering_3_20260602T164500.jpg,,,dataset_20260603_063335/LP_Parking_and_Restroom_Loitering_3/LP_Parking_and_Restroom_Loitering_3_20260602T164500.jpg,vehicle_prompts,done,2026-06-04T14:02:01.253615+00:00,0.048,0.807,0.859,,nvidia/cosmos-reason2-8b,"[GENERAL VEHICLE SAFETY]
1. Yes, all vehicles are parked in designated areas without obstruction or erratic behavior.
2. Not visible

[COLLISIONS & NEAR MISSES]
3. No collisions or near misses are observed.
4. Not visible

[PARKING & ACCESS VIOLATIONS]
5. No vehicles are parked in restricted zones.
6. Not visible
7. Not visible

[SUSPICIOUS VEHICLE BEHAVIOR]
8. Not visible
9. Not visible
10. Not visible

[VEHICLE IDENTIFICATION]
11. Not visible
12. Not visible
13. Black SUV, silver SUV, red pickup truck
14. Not visible
15. Not visible
16. Not visible
17. Not visible"
20260604T134116Z,LP_Parking_and_Restroom_Loitering_3_20260602T170000.jpg,,,dataset_20260603_063335/LP_Parking_and_Restroom_Loitering_3/LP_Parking_and_Restroom_Loitering_3_20260602T170000.jpg,vehicle_prompts,done,2026-06-04T14:02:01.336777+00:00,0.048,0.847,0.899,,nvidia/cosmos-reason2-8b,"[date]

[GENERAL VEHICLE SAFETY]
1. Yes
2. Not visible

[COLLISIONS & NEAR MISSES]
3. No
4. Not visible

[PARKING & ACCESS VIOLATIONS]
5. Not visible
6. Not visible
7. Not visible

[SUSPICIOUS VEHICLE BEHAVIOR]
8. Not visible
9. Not visible
10. Not visible

[VEHICLE IDENTIFICATION]
11. Not visible
12. Not visible
13. Black SUV, Silver SUV, Red Pickup Truck
14. Not visible
15. Not visible
16. Not visible
17. Not visible"
20260604T134116Z,LP_Parking_and_Restroom_Loitering_3_20260602T171500.jpg,,,dataset_20260603_063335/LP_Parking_and_Restroom_Loitering_3/LP_Parking_and_Restroom_Loitering_3_20260602T171500.jpg,vehicle_prompts,done,2026-06-04T14:02:01.577835+00:00,0.052,0.798,0.853,,nvidia/cosmos-reason2-8b,"### GENERAL VEHICLE SAFETY
1. The red pickup truck is stationary in a designated parking space, operating at a safe speed and not obstructing emergency routes.
2. Not visible

### COLLISIONS & NEAR MISSES
3. Not visible
4. Not visible

### PARKING & ACCESS VIOLATIONS
5. Not visible
6. Not visible
7. Not visible

### SUSPICIOUS VEHICLE BEHAVIOR
8. Not visible
9. Not visible
10. Not visible

### VEHICLE IDENTIFICATION
11. Not visible
12. Not visible
13. Red pickup truck

### PEDESTRIAN & CHILD SAFETY
14. Not visible
15. Not visible
16. Not visible
17. Not visible"
20260604T134116Z,LP_Parking_and_Restroom_Loitering_3_20260602T173000.jpg,,,dataset_20260603_063335/LP_Parking_and_Restroom_Loitering_3/LP_Parking_and_Restroom_Loitering_3_20260602T173000.jpg,vehicle_prompts,done,2026-06-04T14:02:01.861557+00:00,0.045,0.679,0.727,,nvidia/cosmos-reason2-8b,"### [GENERAL VEHICLE SAFETY]
1. Not visible
2. Not visible

### [COLLISIONS & NEAR MISSES]
3. Not visible
4. Not visible

### [PARKING & ACCESS VIOLATIONS]
5. Not visible
6. Not visible
7. Not visible

### [SUSPICIOUS VEHICLE BEHAVIOR]
8. Not visible
9. Not visible
10. Not visible

### [VEHICLE IDENTIFICATION]
11. Not visible
12. Not visible
13. Not visible

### [PEDESTRIAN & CHILD SAFETY]
14. Not visible
15. Not visible
16. Not visible
17. Not visible"
20260604T134116Z,LP_Parking_and_Restroom_Loitering_3_20260602T174500.jpg,,,dataset_20260603_063335/LP_Parking_and_Restroom_Loitering_3/LP_Parking_and_Restroom_Loitering_3_20260602T174500.jpg,vehicle_prompts,done,2026-06-04T14:02:02.115173+00:00,0.041,0.785,0.83,,nvidia/cosmos-reason2-8b,"### [GENERAL VEHICLE SAFETY]
1. Yes, the red pickup truck is parked in a designated parking space, and there are no visible obstructions or erratic maneuvers.
2. Not visible

### [COLLISIONS & NEAR MISSES]
3. No
4. Not visible

### [PARKING & ACCESS VIOLATIONS]
5. No
6. Not visible
7. Not visible

### [SUSPICIOUS VEHICLE BEHAVIOR]
8. Not visible
9. Not visible
10. Not visible

### [VEHICLE IDENTIFICATION]
11. Not visible
12. Not visible
13. Red pickup truck

### [PEDESTRIAN & CHILD SAFETY]
14. Not visible
15. Not visible
16. Not visible
17. Not visible"
20260604T134116Z,LP_Parking_and_Restroom_Loitering_3_20260602T180000.jpg,,,dataset_20260603_063335/LP_Parking_and_Restroom_Loitering_3/LP_Parking_and_Restroom_Loitering_3_20260602T180000.jpg,vehicle_prompts,done,2026-06-04T14:02:02.237539+00:00,0.046,0.905,0.966,,nvidia/cosmos-reason2-8b,"[date]

[GENERAL VEHICLE SAFETY]
1. Not visible
2. Not visible

[COLLISIONS & NEAR MISSES]
3. Not visible
4. Not visible

[PARKING & ACCESS VIOLATIONS]
5. Not visible
6. Not visible
7. Not visible

[SUSPICIOUS VEHICLE BEHAVIOR]
8. Not visible
9. Not visible
10. Not visible

[VEHICLE IDENTIFICATION]
11. Not visible
12. Not visible
13. Red truck

[PEDESTRIAN & CHILD SAFETY]
14. Not visible
15. Not visible
16. Not visible
17. Not visible"
20260604T134116Z,LP_Parking_and_Restroom_Loitering_3_20260602T181500.jpg,,,dataset_20260603_063335/LP_Parking_and_Restroom_Loitering_3/LP_Parking_and_Restroom_Loitering_3_20260602T181500.jpg,vehicle_prompts,done,2026-06-04T14:02:02.433358+00:00,0.042,0.888,0.935,,nvidia/cosmos-reason2-8b,"[date]

[GENERAL VEHICLE SAFETY]
1. Not visible
2. Not visible

[COLLISIONS & NEAR MISSES]
3. Not visible
4. Not visible

[PARKING & ACCESS VIOLATIONS]
5. Not visible
6. Not visible
7. Not visible

[SUSPICIOUS VEHICLE BEHAVIOR]
8. Not visible
9. Not visible
10. Not visible

[VEHICLE IDENTIFICATION]
11. Not visible
12. Not visible
13. A black police car with ""POLICE"" written on its side and a white roof light is parked in a parking lot; a red pickup truck is partially visible in the background.

[PEDESTRIAN & CHILD SAFETY]
14. Not visible
15. Not visible
16. Not visible
17. Not visible
"
20260604T134116Z,LP_Parking_and_Restroom_Loitering_3_20260602T183000.jpg,,,dataset_20260603_063335/LP_Parking_and_Restroom_Loitering_3/LP_Parking_and_Restroom_Loitering_3_20260602T183000.jpg,vehicle_prompts,done,2026-06-04T14:02:02.590646+00:00,0.039,0.901,0.945,,nvidia/cosmos-reason2-8b,"### [GENERAL VEHICLE SAFETY]
1. Not visible
2. Not visible

### [COLLISIONS & NEAR MISSES]
3. Not visible
4. Not visible

### [PARKING & ACCESS VIOLATIONS]
5. Not visible
6. Not visible
7. Not visible

### [SUSPICIOUS VEHICLE BEHAVIOR]
8. Not visible
9. Not visible
10. Not visible

### [VEHICLE IDENTIFICATION]
11. Not visible
12. Not visible
13. Not visible

### [PEDESTRIAN & CHILD SAFETY]
14. Not visible
15. Not visible
16. Not visible
17. Not visible"
20260604T134116Z,LP_Parking_and_Restroom_Loitering_3_20260602T184500.jpg,,,dataset_20260603_063335/LP_Parking_and_Restroom_Loitering_3/LP_Parking_and_Restroom_Loitering_3_20260602T184500.jpg,vehicle_prompts,done,2026-06-04T14:02:02.948308+00:00,0.046,0.698,0.748,,nvidia/cosmos-reason2-8b,"### [GENERAL VEHICLE SAFETY]
1. Not visible
2. Not visible

### [COLLISIONS & NEAR MISSES]
3. Not visible
4. Not visible

### [PARKING & ACCESS VIOLATIONS]
5. Not visible
6. Not visible
7. Not visible

### [SUSPICIOUS VEHICLE BEHAVIOR]
8. Not visible
9. Not visible
10. Not visible

### [VEHICLE IDENTIFICATION]
11. Not visible
12. Not visible
13. Not visible

### [PEDESTRIAN & CHILD SAFETY]
14. Not visible
15. Not visible
16. Not visible
17. Not visible"
20260604T134116Z,LP_Parking_and_Restroom_Loitering_3_20260602T190000.jpg,,,dataset_20260603_063335/LP_Parking_and_Restroom_Loitering_3/LP_Parking_and_Restroom_Loitering_3_20260602T190000.jpg,vehicle_prompts,done,2026-06-04T14:02:03.207085+00:00,0.05,0.72,0.772,,nvidia/cosmos-reason2-8b,"[date]

[GENERAL VEHICLE SAFETY]
1. Not visible
2. Not visible

[COLLISIONS & NEAR MISSES]
3. Not visible
4. Not visible

[PARKING & ACCESS VIOLATIONS]
5. Not visible
6. Not visible
7. Not visible

[SUSPICIOUS VEHICLE BEHAVIOR]
8. Not visible
9. Not visible
10. Not visible

[VEHICLE IDENTIFICATION]
11. Not visible
12. Not visible
13. Not visible

[PEDESTRIAN & CHILD SAFETY]
14. Not visible
15. Not visible
16. Not visible
17. Not visible"
20260604T134116Z,LP_Parking_and_Restroom_Loitering_3_20260602T191500.jpg,,,dataset_20260603_063335/LP_Parking_and_Restroom_Loitering_3/LP_Parking_and_Restroom_Loitering_3_20260602T191500.jpg,vehicle_prompts,done,2026-06-04T14:02:03.371111+00:00,0.051,0.759,0.814,,nvidia/cosmos-reason2-8b,"[GENERAL VEHICLE SAFETY]
1. Not visible
2. Not visible

[COLLISIONS & NEAR MISSES]
3. Not visible
4. Not visible

[PARKING & ACCESS VIOLATIONS]
5. Not visible
6. Not visible
7. Not visible

[SUSPICIOUS VEHICLE BEHAVIOR]
8. Not visible
9. Not visible
10. Not visible

[VEHICLE IDENTIFICATION]
11. Not visible
12. Not visible
13. Not visible

[PEDESTRIAN & CHILD SAFETY]
14. Not visible
15. Not visible
16. Not visible
17. Not visible"
20260604T134116Z,LP_Parking_and_Restroom_Loitering_3_20260602T193000.jpg,,,dataset_20260603_063335/LP_Parking_and_Restroom_Loitering_3/LP_Parking_and_Restroom_Loitering_3_20260602T193000.jpg,vehicle_prompts,done,2026-06-04T14:02:03.538624+00:00,0.047,0.758,0.808,,nvidia/cosmos-reason2-8b,"### [GENERAL VEHICLE SAFETY]
1. Not visible
2. Not visible

### [COLLISIONS & NEAR MISSES]
3. Not visible
4. Not visible

### [PARKING & ACCESS VIOLATIONS]
5. Not visible
6. Not visible
7. Not visible

### [SUSPICIOUS VEHICLE BEHAVIOR]
8. Not visible
9. Not visible
10. Not visible

### [VEHICLE IDENTIFICATION]
11. Not visible
12. Not visible
13. Not visible

### [PEDESTRIAN & CHILD SAFETY]
14. Not visible
15. Not visible
16. Not visible
17. Not visible"
20260604T134116Z,LP_Parking_and_Restroom_Loitering_3_20260602T194500.jpg,,,dataset_20260603_063335/LP_Parking_and_Restroom_Loitering_3/LP_Parking_and_Restroom_Loitering_3_20260602T194500.jpg,vehicle_prompts,done,2026-06-04T14:02:03.698849+00:00,0.043,0.77,0.817,,nvidia/cosmos-reason2-8b,"### [GENERAL VEHICLE SAFETY]
1. Not visible
2. Not visible

### [COLLISIONS & NEAR MISSES]
3. Not visible
4. Not visible

### [PARKING & ACCESS VIOLATIONS]
5. Not visible
6. Not visible
7. Not visible

### [SUSPICIOUS VEHICLE BEHAVIOR]
8. Not visible
9. Not visible
10. Not visible

### [VEHICLE IDENTIFICATION]
11. Not visible
12. Not visible
13. Not visible

### [PEDESTRIAN & CHILD SAFETY]
14. Not visible
15. Not visible
16. Not visible
17. Not visible"
20260604T134116Z,LP_Parking_and_Restroom_Loitering_3_20260602T200000.jpg,,,dataset_20260603_063335/LP_Parking_and_Restroom_Loitering_3/LP_Parking_and_Restroom_Loitering_3_20260602T200000.jpg,vehicle_prompts,done,2026-06-04T14:02:03.982756+00:00,0.045,0.661,0.71,,nvidia/cosmos-reason2-8b,"[date]

[GENERAL VEHICLE SAFETY]
1. Not visible
2. Not visible

[COLLISIONS & NEAR MISSES]
3. Not visible
4. Not visible

[PARKING & ACCESS VIOLATIONS]
5. Not visible
6. Not visible
7. Not visible

[SUSPICIOUS VEHICLE BEHAVIOR]
8. Not visible
9. Not visible
10. Not visible

[VEHICLE IDENTIFICATION]
11. Not visible
12. Not visible
13. Not visible

[PEDESTRIAN & CHILD SAFETY]
14. Not visible
15. Not visible
16. Not visible
17. Not visible"
20260604T134116Z,LP_Parking_and_Restroom_Loitering_3_20260602T201500.jpg,,,dataset_20260603_063335/LP_Parking_and_Restroom_Loitering_3/LP_Parking_and_Restroom_Loitering_3_20260602T201500.jpg,vehicle_prompts,done,2026-06-04T14:02:04.187933+00:00,0.045,0.67,0.718,,nvidia/cosmos-reason2-8b,"[date]

[GENERAL VEHICLE SAFETY]
1. Not visible
2. Not visible

[COLLISIONS & NEAR MISSES]
3. Not visible
4. Not visible

[PARKING & ACCESS VIOLATIONS]
5. Not visible
6. Not visible
7. Not visible

[SUSPICIOUS VEHICLE BEHAVIOR]
8. Not visible
9. Not visible
10. Not visible

[VEHICLE IDENTIFICATION]
11. Not visible
12. Not visible
13. Not visible

[PEDESTRIAN & CHILD SAFETY]
14. Not visible
15. Not visible
16. Not visible
17. Not visible"
20260604T134116Z,LP_Parking_and_Restroom_Loitering_3_20260602T203000.jpg,,,dataset_20260603_063335/LP_Parking_and_Restroom_Loitering_3/LP_Parking_and_Restroom_Loitering_3_20260602T203000.jpg,vehicle_prompts,done,2026-06-04T14:02:04.349360+00:00,0.045,0.781,0.83,,nvidia/cosmos-reason2-8b,"[GENERAL VEHICLE SAFETY]
1. Not visible
2. Not visible

[COLLISIONS & NEAR MISSES]
3. Not visible
4. Not visible

[PARKING & ACCESS VIOLATIONS]
5. Not visible
6. Not visible
7. Not visible

[SUSPICIOUS VEHICLE BEHAVIOR]
8. Not visible
9. Not visible
10. Not visible

[VEHICLE IDENTIFICATION]
11. Not visible
12. Not visible
13. Not visible

[PEDESTRIAN & CHILD SAFETY]
14. Not visible
15. Not visible
16. Not visible
17. Not visible"
20260604T134116Z,LP_Parking_and_Restroom_Loitering_3_20260602T204500.jpg,,,dataset_20260603_063335/LP_Parking_and_Restroom_Loitering_3/LP_Parking_and_Restroom_Loitering_3_20260602T204500.jpg,vehicle_prompts,done,2026-06-04T14:02:04.518129+00:00,0.04,0.766,0.809,,nvidia/cosmos-reason2-8b,"[date]

[GENERAL VEHICLE SAFETY]
1. Not visible
2. Not visible

[COLLISIONS & NEAR MISSES]
3. Not visible
4. Not visible

[PARKING & ACCESS VIOLATIONS]
5. Not visible
6. Not visible
7. Not visible

[SUSPICIOUS VEHICLE BEHAVIOR]
8. Not visible
9. Not visible
10. Not visible

[VEHICLE IDENTIFICATION]
11. Not visible
12. Not visible
13. Not visible

[PEDESTRIAN & CHILD SAFETY]
14. Not visible
15. Not visible
16. Not visible
17. Not visible"
20260604T134116Z,LP_Parking_and_Restroom_Loitering_3_20260602T210000.jpg,,,dataset_20260603_063335/LP_Parking_and_Restroom_Loitering_3/LP_Parking_and_Restroom_Loitering_3_20260602T210000.jpg,vehicle_prompts,done,2026-06-04T14:02:04.695047+00:00,0.05,0.724,0.779,,nvidia/cosmos-reason2-8b,"[date]

[GENERAL VEHICLE SAFETY]
1. Not visible
2. Not visible

[COLLISIONS & NEAR MISSES]
3. Not visible
4. Not visible

[PARKING & ACCESS VIOLATIONS]
5. Not visible
6. Not visible
7. Not visible

[SUSPICIOUS VEHICLE BEHAVIOR]
8. Not visible
9. Not visible
10. Not visible

[VEHICLE IDENTIFICATION]
11. Not visible
12. Not visible
13. Not visible

[PEDESTRIAN & CHILD SAFETY]
14. Not visible
15. Not visible
16. Not visible
17. Not visible"
20260604T134116Z,LP_Parking_and_Restroom_Loitering_3_20260602T211500.jpg,,,dataset_20260603_063335/LP_Parking_and_Restroom_Loitering_3/LP_Parking_and_Restroom_Loitering_3_20260602T211500.jpg,vehicle_prompts,done,2026-06-04T14:02:04.908242+00:00,0.044,0.684,0.743,,nvidia/cosmos-reason2-8b,"### [GENERAL VEHICLE SAFETY]
1. Not visible
2. Not visible

### [COLLISIONS & NEAR MISSES]
3. Not visible
4. Not visible

### [PARKING & ACCESS VIOLATIONS]
5. Not visible
6. Not visible
7. Not visible

### [SUSPICIOUS VEHICLE BEHAVIOR]
8. Not visible
9. Not visible
10. Not visible

### [VEHICLE IDENTIFICATION]
11. Not visible
12. Not visible
13. Not visible

### [PEDESTRIAN & CHILD SAFETY]
14. Not visible
15. Not visible
16. Not visible
17. Not visible"
20260604T134116Z,LP_Parking_and_Restroom_Loitering_3_20260602T213000.jpg,,,dataset_20260603_063335/LP_Parking_and_Restroom_Loitering_3/LP_Parking_and_Restroom_Loitering_3_20260602T213000.jpg,vehicle_prompts,done,2026-06-04T14:02:05.182000+00:00,0.045,0.569,0.618,,nvidia/cosmos-reason2-8b,"### GENERAL VEHICLE SAFETY
1. Not visible

### COLLISIONS & NEAR MISSES
3. Not visible

### PARKING & ACCESS VIOLATIONS
5. Not visible

### SUSPICIOUS VEHICLE BEHAVIOR
8. Not visible

### VEHICLE IDENTIFICATION
11. Not visible

### PEDESTRIAN & CHILD SAFETY
14. Not visible"
20260604T134116Z,LP_Parking_and_Restroom_Loitering_3_20260602T214500.jpg,,,dataset_20260603_063335/LP_Parking_and_Restroom_Loitering_3/LP_Parking_and_Restroom_Loitering_3_20260602T214500.jpg,vehicle_prompts,done,2026-06-04T14:02:05.330294+00:00,0.047,0.775,0.826,,nvidia/cosmos-reason2-8b,"### [GENERAL VEHICLE SAFETY]
1. Not visible
2. Not visible

### [COLLISIONS & NEAR MISSES]
3. Not visible
4. Not visible

### [PARKING & ACCESS VIOLATIONS]
5. Not visible
6. Not visible
7. Not visible

### [SUSPICIOUS VEHICLE BEHAVIOR]
8. Not visible
9. Not visible
10. Not visible

### [VEHICLE IDENTIFICATION]
11. Not visible
12. Not visible
13. Not visible

### [PEDESTRIAN & CHILD SAFETY]
14. Not visible
15. Not visible
16. Not visible
17. Not visible"
20260604T134116Z,LP_Parking_and_Restroom_Loitering_3_20260602T220000.jpg,,,dataset_20260603_063335/LP_Parking_and_Restroom_Loitering_3/LP_Parking_and_Restroom_Loitering_3_20260602T220000.jpg,vehicle_prompts,done,2026-06-04T14:02:05.476396+00:00,0.039,0.781,0.823,,nvidia/cosmos-reason2-8b,"### [GENERAL VEHICLE SAFETY]
1. Not visible
2. Not visible

### [COLLISIONS & NEAR MISSES]
3. Not visible
4. Not visible

### [PARKING & ACCESS VIOLATIONS]
5. Not visible
6. Not visible
7. Not visible

### [SUSPICIOUS VEHICLE BEHAVIOR]
8. Not visible
9. Not visible
10. Not visible

### [VEHICLE IDENTIFICATION]
11. Not visible
12. Not visible
13. Not visible

### [PEDESTRIAN & CHILD SAFETY]
14. Not visible
15. Not visible
16. Not visible
17. Not visible"
20260604T134116Z,LP_Parking_and_Restroom_Loitering_3_20260602T221500.jpg,,,dataset_20260603_063335/LP_Parking_and_Restroom_Loitering_3/LP_Parking_and_Restroom_Loitering_3_20260602T221500.jpg,vehicle_prompts,done,2026-06-04T14:02:05.654677+00:00,0.046,0.826,0.876,,nvidia/cosmos-reason2-8b,"[date]

[GENERAL VEHICLE SAFETY]
1. Not visible
2. Not visible

[COLLISIONS & NEAR MISSES]
3. Not visible
4. Not visible

[PARKING & ACCESS VIOLATIONS]
5. Not visible
6. Not visible
7. Not visible

[SUSPICIOUS VEHICLE BEHAVIOR]
8. Not visible
9. Not visible
10. Not visible

[VEHICLE IDENTIFICATION]
11. Not visible
12. Not visible
13. Not visible

[PEDESTRIAN & CHILD SAFETY]
14. Not visible
15. Not visible
16. Not visible
17. Not visible"
20260604T134116Z,LP_Parking_and_Restroom_Loitering_3_20260602T223000.jpg,,,dataset_20260603_063335/LP_Parking_and_Restroom_Loitering_3/LP_Parking_and_Restroom_Loitering_3_20260602T223000.jpg,vehicle_prompts,done,2026-06-04T14:02:05.802475+00:00,0.048,0.887,0.939,,nvidia/cosmos-reason2-8b,"[date]

[GENERAL VEHICLE SAFETY]
1. Not visible
2. Not visible

[COLLISIONS & NEAR MISSES]
3. Not visible
4. Not visible

[PARKING & ACCESS VIOLATIONS]
5. Not visible
6. Not visible
7. Not visible

[SUSPICIOUS VEHICLE BEHAVIOR]
8. Not visible
9. Not visible
10. Not visible

[VEHICLE IDENTIFICATION]
11. Not visible
12. Not visible
13. Not visible

[PEDESTRIAN & CHILD SAFETY]
14. Not visible
15. Not visible
16. Not visible
17. Not visible"
20260604T134116Z,LP_Parking_and_Restroom_Loitering_3_20260602T224500.jpg,,,dataset_20260603_063335/LP_Parking_and_Restroom_Loitering_3/LP_Parking_and_Restroom_Loitering_3_20260602T224500.jpg,vehicle_prompts,done,2026-06-04T14:02:06.159407+00:00,0.047,0.667,0.717,,nvidia/cosmos-reason2-8b,"[date]

[GENERAL VEHICLE SAFETY]
1. Not visible
2. Not visible

[COLLISIONS & NEAR MISSES]
3. Not visible
4. Not visible

[PARKING & ACCESS VIOLATIONS]
5. Not visible
6. Not visible
7. Not visible

[SUSPICIOUS VEHICLE BEHAVIOR]
8. Not visible
9. Not visible
10. Not visible

[VEHICLE IDENTIFICATION]
11. Not visible
12. Not visible
13. Not visible

[PEDESTRIAN & CHILD SAFETY]
14. Not visible
15. Not visible
16. Not visible
17. Not visible"
20260604T134116Z,LP_Parking_and_Restroom_Loitering_3_20260602T230000.jpg,,,dataset_20260603_063335/LP_Parking_and_Restroom_Loitering_3/LP_Parking_and_Restroom_Loitering_3_20260602T230000.jpg,vehicle_prompts,done,2026-06-04T14:02:06.301875+00:00,0.05,0.729,0.781,,nvidia/cosmos-reason2-8b,"[date]

[GENERAL VEHICLE SAFETY]
1. Not visible
2. Not visible

[COLLISIONS & NEAR MISSES]
3. Not visible
4. Not visible

[PARKING & ACCESS VIOLATIONS]
5. Not visible
6. Not visible
7. Not visible

[SUSPICIOUS VEHICLE BEHAVIOR]
8. Not visible
9. Not visible
10. Not visible

[VEHICLE IDENTIFICATION]
11. Not visible
12. Not visible
13. Not visible

[PEDESTRIAN & CHILD SAFETY]
14. Not visible
15. Not visible
16. Not visible
17. Not visible"
20260604T134116Z,LP_Parking_and_Restroom_Loitering_3_20260602T231500.jpg,,,dataset_20260603_063335/LP_Parking_and_Restroom_Loitering_3/LP_Parking_and_Restroom_Loitering_3_20260602T231500.jpg,vehicle_prompts,done,2026-06-04T14:02:06.533261+00:00,0.053,0.764,0.82,,nvidia/cosmos-reason2-8b,"[date]

[GENERAL VEHICLE SAFETY]
1. Not visible
2. Not visible

[COLLISIONS & NEAR MISSES]
3. Not visible
4. Not visible

[PARKING & ACCESS VIOLATIONS]
5. Not visible
6. Not visible
7. Not visible

[SUSPICIOUS VEHICLE BEHAVIOR]
8. Not visible
9. Not visible
10. Not visible

[VEHICLE IDENTIFICATION]
11. Not visible
12. Not visible
13. Not visible

[PEDESTRIAN & CHILD SAFETY]
14. Not visible
15. Not visible
16. Not visible
17. Not visible"
20260604T134116Z,LP_Parking_and_Restroom_Loitering_3_20260602T233000.jpg,,,dataset_20260603_063335/LP_Parking_and_Restroom_Loitering_3/LP_Parking_and_Restroom_Loitering_3_20260602T233000.jpg,vehicle_prompts,done,2026-06-04T14:02:06.744755+00:00,0.049,0.692,0.743,,nvidia/cosmos-reason2-8b,"[date]

[GENERAL VEHICLE SAFETY]
1. Not visible
2. Not visible

[COLLISIONS & NEAR MISSES]
3. Not visible
4. Not visible

[PARKING & ACCESS VIOLATIONS]
5. Not visible
6. Not visible
7. Not visible

[SUSPICIOUS VEHICLE BEHAVIOR]
8. Not visible
9. Not visible
10. Not visible

[VEHICLE IDENTIFICATION]
11. Not visible
12. Not visible
13. Not visible

[PEDESTRIAN & CHILD SAFETY]
14. Not visible
15. Not visible
16. Not visible
17. Not visible"
20260604T134116Z,LP_Parking_and_Restroom_Loitering_3_20260602T234500.jpg,,,dataset_20260603_063335/LP_Parking_and_Restroom_Loitering_3/LP_Parking_and_Restroom_Loitering_3_20260602T234500.jpg,vehicle_prompts,done,2026-06-04T14:02:06.879185+00:00,0.044,0.732,0.779,,nvidia/cosmos-reason2-8b,"[date]

[GENERAL VEHICLE SAFETY]
1. Not visible
2. Not visible

[COLLISIONS & NEAR MISSES]
3. Not visible
4. Not visible

[PARKING & ACCESS VIOLATIONS]
5. Not visible
6. Not visible
7. Not visible

[SUSPICIOUS VEHICLE BEHAVIOR]
8. Not visible
9. Not visible
10. Not visible

[VEHICLE IDENTIFICATION]
11. Not visible
12. Not visible
13. Not visible

[PEDESTRIAN & CHILD SAFETY]
14. Not visible
15. Not visible
16. Not visible
17. Not visible"
20260604T134116Z,LP_Parking_and_Restroom_Loitering_4_20260602T000000.jpg,,,dataset_20260603_063335/LP_Parking_and_Restroom_Loitering_4/LP_Parking_and_Restroom_Loitering_4_20260602T000000.jpg,vehicle_prompts,done,2026-06-04T14:02:07.685309+00:00,0.151,0.828,0.999,,nvidia/cosmos-reason2-8b,"[date]

[GENERAL VEHICLE SAFETY]
1. Not visible
2. Not visible

[COLLISIONS & NEAR MISSES]
3. Not visible
4. Not visible

[PARKING & ACCESS VIOLATIONS]
5. Not visible
6. Not visible
7. Not visible

[SUSPICIOUS VEHICLE BEHAVIOR]
8. Not visible
9. Not visible
10. Not visible

[VEHICLE IDENTIFICATION]
11. Not visible
12. Not visible
13. Not visible

[PEDESTRIAN & CHILD SAFETY]
14. Not visible
15. Not visible
16. Not visible
17. Not visible"
20260604T134116Z,LP_Parking_and_Restroom_Loitering_4_20260602T001500.jpg,,,dataset_20260603_063335/LP_Parking_and_Restroom_Loitering_4/LP_Parking_and_Restroom_Loitering_4_20260602T001500.jpg,vehicle_prompts,done,2026-06-04T14:02:07.686039+00:00,0.151,1.241,1.411,,nvidia/cosmos-reason2-8b,"[date]

[GENERAL VEHICLE SAFETY]
1. Not visible
2. Not visible

[COLLISIONS & NEAR MISSES]
3. Not visible
4. Not visible

[PARKING & ACCESS VIOLATIONS]
5. Not visible
6. Not visible
7. Not visible

[SUSPICIOUS VEHICLE BEHAVIOR]
8. Not visible
9. Not visible
10. Not visible

[VEHICLE IDENTIFICATION]
11. Not visible
12. Not visible
13. Not visible

[PEDESTRIAN & CHILD SAFETY]
14. Not visible
15. Not visible
16. Not visible
17. Not visible"
20260604T134116Z,LP_Parking_and_Restroom_Loitering_4_20260602T003000.jpg,,,dataset_20260603_063335/LP_Parking_and_Restroom_Loitering_4/LP_Parking_and_Restroom_Loitering_4_20260602T003000.jpg,vehicle_prompts,done,2026-06-04T14:02:07.687083+00:00,0.152,1.044,1.214,,nvidia/cosmos-reason2-8b,"[date]

[GENERAL VEHICLE SAFETY]
1. Not visible
2. Not visible

[COLLISIONS & NEAR MISSES]
3. Not visible
4. Not visible

[PARKING & ACCESS VIOLATIONS]
5. Not visible
6. Not visible
7. Not visible

[SUSPICIOUS VEHICLE BEHAVIOR]
8. Not visible
9. Not visible
10. Not visible

[VEHICLE IDENTIFICATION]
11. Not visible
12. Not visible
13. Not visible

[PEDESTRIAN & CHILD SAFETY]
14. Not visible
15. Not visible
16. Not visible
17. Not visible"
20260604T134116Z,LP_Parking_and_Restroom_Loitering_4_20260602T004500.jpg,,,dataset_20260603_063335/LP_Parking_and_Restroom_Loitering_4/LP_Parking_and_Restroom_Loitering_4_20260602T004500.jpg,vehicle_prompts,done,2026-06-04T14:02:07.687667+00:00,0.151,1.394,1.564,,nvidia/cosmos-reason2-8b,"[date]

[GENERAL VEHICLE SAFETY]
1. Not visible
2. Not visible

[COLLISIONS & NEAR MISSES]
3. Not visible
4. Not visible

[PARKING & ACCESS VIOLATIONS]
5. Not visible
6. Not visible
7. Not visible

[SUSPICIOUS VEHICLE BEHAVIOR]
8. Not visible
9. Not visible
10. Not visible

[VEHICLE IDENTIFICATION]
11. Not visible
12. Not visible
13. Not visible

[PEDESTRIAN & CHILD SAFETY]
14. Not visible
15. Not visible
16. Not visible
17. Not visible"
20260604T134116Z,LP_Parking_and_Restroom_Loitering_4_20260602T010000.jpg,,,dataset_20260603_063335/LP_Parking_and_Restroom_Loitering_4/LP_Parking_and_Restroom_Loitering_4_20260602T010000.jpg,vehicle_prompts,done,2026-06-04T14:02:08.686509+00:00,0.043,0.74,0.787,,nvidia/cosmos-reason2-8b,"[GENERAL VEHICLE SAFETY]
1. Not visible
2. Not visible

[COLLISIONS & NEAR MISSES]
3. Not visible
4. Not visible

[PARKING & ACCESS VIOLATIONS]
5. Not visible
6. Not visible
7. Not visible

[SUSPICIOUS VEHICLE BEHAVIOR]
8. Not visible
9. Not visible
10. Not visible

[VEHICLE IDENTIFICATION]
11. Not visible
12. Not visible
13. Not visible

[PEDESTRIAN & CHILD SAFETY]
14. Not visible
15. Not visible
16. Not visible
17. Not visible"
20260604T134116Z,LP_Parking_and_Restroom_Loitering_4_20260602T011500.jpg,,,dataset_20260603_063335/LP_Parking_and_Restroom_Loitering_4/LP_Parking_and_Restroom_Loitering_4_20260602T011500.jpg,vehicle_prompts,done,2026-06-04T14:02:08.903457+00:00,0.042,0.719,0.764,,nvidia/cosmos-reason2-8b,"[date]

[GENERAL VEHICLE SAFETY]
1. Not visible
2. Not visible

[COLLISIONS & NEAR MISSES]
3. Not visible
4. Not visible

[PARKING & ACCESS VIOLATIONS]
5. Not visible
6. Not visible
7. Not visible

[SUSPICIOUS VEHICLE BEHAVIOR]
8. Not visible
9. Not visible
10. Not visible

[VEHICLE IDENTIFICATION]
11. Not visible
12. Not visible
13. Not visible

[PEDESTRIAN & CHILD SAFETY]
14. Not visible
15. Not visible
16. Not visible
17. Not visible"
20260604T134116Z,LP_Parking_and_Restroom_Loitering_4_20260602T013000.jpg,,,dataset_20260603_063335/LP_Parking_and_Restroom_Loitering_4/LP_Parking_and_Restroom_Loitering_4_20260602T013000.jpg,vehicle_prompts,done,2026-06-04T14:02:09.100050+00:00,0.04,0.671,0.714,,nvidia/cosmos-reason2-8b,"[GENERAL VEHICLE SAFETY]
1. Not visible
2. Not visible

[COLLISIONS & NEAR MISSES]
3. Not visible
4. Not visible

[PARKING & ACCESS VIOLATIONS]
5. Not visible
6. Not visible
7. Not visible

[SUSPICIOUS VEHICLE BEHAVIOR]
8. Not visible
9. Not visible
10. Not visible

[VEHICLE IDENTIFICATION]
11. Not visible
12. Not visible
13. Not visible

[PEDESTRIAN & CHILD SAFETY]
14. Not visible
15. Not visible
16. Not visible
17. Not visible"
20260604T134116Z,LP_Parking_and_Restroom_Loitering_4_20260602T014500.jpg,,,dataset_20260603_063335/LP_Parking_and_Restroom_Loitering_4/LP_Parking_and_Restroom_Loitering_4_20260602T014500.jpg,vehicle_prompts,done,2026-06-04T14:02:09.253985+00:00,0.047,0.695,0.746,,nvidia/cosmos-reason2-8b,"[date]

[GENERAL VEHICLE SAFETY]
1. Not visible
2. Not visible

[COLLISIONS & NEAR MISSES]
3. Not visible
4. Not visible

[PARKING & ACCESS VIOLATIONS]
5. Not visible
6. Not visible
7. Not visible

[SUSPICIOUS VEHICLE BEHAVIOR]
8. Not visible
9. Not visible
10. Not visible

[VEHICLE IDENTIFICATION]
11. Not visible
12. Not visible
13. Not visible

[PEDESTRIAN & CHILD SAFETY]
14. Not visible
15. Not visible
16. Not visible
17. Not visible"
20260604T134116Z,LP_Parking_and_Restroom_Loitering_4_20260602T020000.jpg,,,dataset_20260603_063335/LP_Parking_and_Restroom_Loitering_4/LP_Parking_and_Restroom_Loitering_4_20260602T020000.jpg,vehicle_prompts,done,2026-06-04T14:02:09.475759+00:00,0.045,0.768,0.815,,nvidia/cosmos-reason2-8b,"[date]

[GENERAL VEHICLE SAFETY]
1. Not visible
2. Not visible

[COLLISIONS & NEAR MISSES]
3. Not visible
4. Not visible

[PARKING & ACCESS VIOLATIONS]
5. Not visible
6. Not visible
7. Not visible

[SUSPICIOUS VEHICLE BEHAVIOR]
8. Not visible
9. Not visible
10. Not visible

[VEHICLE IDENTIFICATION]
11. Not visible
12. Not visible
13. Not visible

[PEDESTRIAN & CHILD SAFETY]
14. Not visible
15. Not visible
16. Not visible
17. Not visible"
20260604T134116Z,LP_Parking_and_Restroom_Loitering_4_20260602T021500.jpg,,,dataset_20260603_063335/LP_Parking_and_Restroom_Loitering_4/LP_Parking_and_Restroom_Loitering_4_20260602T021500.jpg,vehicle_prompts,done,2026-06-04T14:02:09.670279+00:00,0.045,0.658,0.706,,nvidia/cosmos-reason2-8b,"[date]

[GENERAL VEHICLE SAFETY]
1. Not visible
2. Not visible

[COLLISIONS & NEAR MISSES]
3. Not visible
4. Not visible

[PARKING & ACCESS VIOLATIONS]
5. Not visible
6. Not visible
7. Not visible

[SUSPICIOUS VEHICLE BEHAVIOR]
8. Not visible
9. Not visible
10. Not visible

[VEHICLE IDENTIFICATION]
11. Not visible
12. Not visible
13. Not visible

[PEDESTRIAN & CHILD SAFETY]
14. Not visible
15. Not visible
16. Not visible
17. Not visible"
20260604T134116Z,LP_Parking_and_Restroom_Loitering_4_20260602T023000.jpg,,,dataset_20260603_063335/LP_Parking_and_Restroom_Loitering_4/LP_Parking_and_Restroom_Loitering_4_20260602T023000.jpg,vehicle_prompts,done,2026-06-04T14:02:09.815841+00:00,0.053,0.785,0.841,,nvidia/cosmos-reason2-8b,"[date]

[GENERAL VEHICLE SAFETY]
1. Not visible
2. Not visible

[COLLISIONS & NEAR MISSES]
3. Not visible
4. Not visible

[PARKING & ACCESS VIOLATIONS]
5. Not visible
6. Not visible
7. Not visible

[SUSPICIOUS VEHICLE BEHAVIOR]
8. Not visible
9. Not visible
10. Not visible

[VEHICLE IDENTIFICATION]
11. Not visible
12. Not visible
13. Not visible

[PEDESTRIAN & CHILD SAFETY]
14. Not visible
15. Not visible
16. Not visible
17. Not visible"
20260604T134116Z,LP_Parking_and_Restroom_Loitering_4_20260602T024500.jpg,,,dataset_20260603_063335/LP_Parking_and_Restroom_Loitering_4/LP_Parking_and_Restroom_Loitering_4_20260602T024500.jpg,vehicle_prompts,done,2026-06-04T14:02:10.002590+00:00,0.042,0.806,0.852,,nvidia/cosmos-reason2-8b,"[date]

[GENERAL VEHICLE SAFETY]
1. Not visible
2. Not visible

[COLLISIONS & NEAR MISSES]
3. Not visible
4. Not visible

[PARKING & ACCESS VIOLATIONS]
5. Not visible
6. Not visible
7. Not visible

[SUSPICIOUS VEHICLE BEHAVIOR]
8. Not visible
9. Not visible
10. Not visible

[VEHICLE IDENTIFICATION]
11. Not visible
12. Not visible
13. Not visible

[PEDESTRIAN & CHILD SAFETY]
14. Not visible
15. Not visible
16. Not visible
17. Not visible"
20260604T134116Z,LP_Parking_and_Restroom_Loitering_4_20260602T030000.jpg,,,dataset_20260603_063335/LP_Parking_and_Restroom_Loitering_4/LP_Parking_and_Restroom_Loitering_4_20260602T030000.jpg,vehicle_prompts,done,2026-06-04T14:02:10.293813+00:00,0.043,0.754,0.801,,nvidia/cosmos-reason2-8b,"[date]

[GENERAL VEHICLE SAFETY]
1. Not visible
2. Not visible

[COLLISIONS & NEAR MISSES]
3. Not visible
4. Not visible

[PARKING & ACCESS VIOLATIONS]
5. Not visible
6. Not visible
7. Not visible

[SUSPICIOUS VEHICLE BEHAVIOR]
8. Not visible
9. Not visible
10. Not visible

[VEHICLE IDENTIFICATION]
11. Not visible
12. Not visible
13. Not visible

[PEDESTRIAN & CHILD SAFETY]
14. Not visible
15. Not visible
16. Not visible
17. Not visible"
20260604T134116Z,LP_Parking_and_Restroom_Loitering_4_20260602T031500.jpg,,,dataset_20260603_063335/LP_Parking_and_Restroom_Loitering_4/LP_Parking_and_Restroom_Loitering_4_20260602T031500.jpg,vehicle_prompts,done,2026-06-04T14:02:10.378304+00:00,0.045,0.855,0.903,,nvidia/cosmos-reason2-8b,"[date]

[GENERAL VEHICLE SAFETY]
1. Not visible
2. Not visible

[COLLISIONS & NEAR MISSES]
3. Not visible
4. Not visible

[PARKING & ACCESS VIOLATIONS]
5. Not visible
6. Not visible
7. Not visible

[SUSPICIOUS VEHICLE BEHAVIOR]
8. Not visible
9. Not visible
10. Not visible

[VEHICLE IDENTIFICATION]
11. Not visible
12. Not visible
13. Not visible

[PEDESTRIAN & CHILD SAFETY]
14. Not visible
15. Not visible
16. Not visible
17. Not visible"
20260604T134116Z,LP_Parking_and_Restroom_Loitering_4_20260602T033000.jpg,,,dataset_20260603_063335/LP_Parking_and_Restroom_Loitering_4/LP_Parking_and_Restroom_Loitering_4_20260602T033000.jpg,vehicle_prompts,done,2026-06-04T14:02:10.659565+00:00,0.046,0.686,0.736,,nvidia/cosmos-reason2-8b,"[date]

[GENERAL VEHICLE SAFETY]
1. Not visible
2. Not visible

[COLLISIONS & NEAR MISSES]
3. Not visible
4. Not visible

[PARKING & ACCESS VIOLATIONS]
5. Not visible
6. Not visible
7. Not visible

[SUSPICIOUS VEHICLE BEHAVIOR]
8. Not visible
9. Not visible
10. Not visible

[VEHICLE IDENTIFICATION]
11. Not visible
12. Not visible
13. Not visible

[PEDESTRIAN & CHILD SAFETY]
14. Not visible
15. Not visible
16. Not visible
17. Not visible"
20260604T134116Z,LP_Parking_and_Restroom_Loitering_4_20260602T034500.jpg,,,dataset_20260603_063335/LP_Parking_and_Restroom_Loitering_4/LP_Parking_and_Restroom_Loitering_4_20260602T034500.jpg,vehicle_prompts,done,2026-06-04T14:02:10.856771+00:00,0.045,0.683,0.732,,nvidia/cosmos-reason2-8b,"[date]

[GENERAL VEHICLE SAFETY]
1. Not visible
2. Not visible

[COLLISIONS & NEAR MISSES]
3. Not visible
4. Not visible

[PARKING & ACCESS VIOLATIONS]
5. Not visible
6. Not visible
7. Not visible

[SUSPICIOUS VEHICLE BEHAVIOR]
8. Not visible
9. Not visible
10. Not visible

[VEHICLE IDENTIFICATION]
11. Not visible
12. Not visible
13. Not visible

[PEDESTRIAN & CHILD SAFETY]
14. Not visible
15. Not visible
16. Not visible
17. Not visible"
20260604T134116Z,LP_Parking_and_Restroom_Loitering_4_20260602T040000.jpg,,,dataset_20260603_063335/LP_Parking_and_Restroom_Loitering_4/LP_Parking_and_Restroom_Loitering_4_20260602T040000.jpg,vehicle_prompts,done,2026-06-04T14:02:11.097762+00:00,0.045,0.664,0.712,,nvidia/cosmos-reason2-8b,"[date]

[GENERAL VEHICLE SAFETY]
1. Not visible
2. Not visible

[COLLISIONS & NEAR MISSES]
3. Not visible
4. Not visible

[PARKING & ACCESS VIOLATIONS]
5. Not visible
6. Not visible
7. Not visible

[SUSPICIOUS VEHICLE BEHAVIOR]
8. Not visible
9. Not visible
10. Not visible

[VEHICLE IDENTIFICATION]
11. Not visible
12. Not visible
13. Not visible

[PEDESTRIAN & CHILD SAFETY]
14. Not visible
15. Not visible
16. Not visible
17. Not visible"
20260604T134116Z,LP_Parking_and_Restroom_Loitering_4_20260602T041500.jpg,,,dataset_20260603_063335/LP_Parking_and_Restroom_Loitering_4/LP_Parking_and_Restroom_Loitering_4_20260602T041500.jpg,vehicle_prompts,done,2026-06-04T14:02:11.284503+00:00,0.046,0.653,0.701,,nvidia/cosmos-reason2-8b,"[date]

[GENERAL VEHICLE SAFETY]
1. Not visible
2. Not visible

[COLLISIONS & NEAR MISSES]
3. Not visible
4. Not visible

[PARKING & ACCESS VIOLATIONS]
5. Not visible
6. Not visible
7. Not visible

[SUSPICIOUS VEHICLE BEHAVIOR]
8. Not visible
9. Not visible
10. Not visible

[VEHICLE IDENTIFICATION]
11. Not visible
12. Not visible
13. Not visible

[PEDESTRIAN & CHILD SAFETY]
14. Not visible
15. Not visible
16. Not visible
17. Not visible"
20260604T134116Z,LP_Parking_and_Restroom_Loitering_4_20260602T043000.jpg,,,dataset_20260603_063335/LP_Parking_and_Restroom_Loitering_4/LP_Parking_and_Restroom_Loitering_4_20260602T043000.jpg,vehicle_prompts,done,2026-06-04T14:02:11.398622+00:00,0.044,0.74,0.787,,nvidia/cosmos-reason2-8b,"[date]

[GENERAL VEHICLE SAFETY]
1. Not visible
2. Not visible

[COLLISIONS & NEAR MISSES]
3. Not visible
4. Not visible

[PARKING & ACCESS VIOLATIONS]
5. Not visible
6. Not visible
7. Not visible

[SUSPICIOUS VEHICLE BEHAVIOR]
8. Not visible
9. Not visible
10. Not visible

[VEHICLE IDENTIFICATION]
11. Not visible
12. Not visible
13. Not visible

[PEDESTRIAN & CHILD SAFETY]
14. Not visible
15. Not visible
16. Not visible
17. Not visible"
20260604T134116Z,LP_Parking_and_Restroom_Loitering_4_20260602T044500.jpg,,,dataset_20260603_063335/LP_Parking_and_Restroom_Loitering_4/LP_Parking_and_Restroom_Loitering_4_20260602T044500.jpg,vehicle_prompts,done,2026-06-04T14:02:11.591022+00:00,0.046,0.8,0.849,,nvidia/cosmos-reason2-8b,"[date]

[GENERAL VEHICLE SAFETY]
1. Not visible
2. Not visible

[COLLISIONS & NEAR MISSES]
3. Not visible
4. Not visible

[PARKING & ACCESS VIOLATIONS]
5. Not visible
6. Not visible
7. Not visible

[SUSPICIOUS VEHICLE BEHAVIOR]
8. Not visible
9. Not visible
10. Not visible

[VEHICLE IDENTIFICATION]
11. Not visible
12. Not visible
13. Not visible

[PEDESTRIAN & CHILD SAFETY]
14. Not visible
15. Not visible
16. Not visible
17. Not visible"
20260604T134116Z,LP_Parking_and_Restroom_Loitering_4_20260602T050000.jpg,,,dataset_20260603_063335/LP_Parking_and_Restroom_Loitering_4/LP_Parking_and_Restroom_Loitering_4_20260602T050000.jpg,vehicle_prompts,done,2026-06-04T14:02:11.812337+00:00,0.044,0.727,0.775,,nvidia/cosmos-reason2-8b,"[date]

[GENERAL VEHICLE SAFETY]
1. Not visible
2. Not visible

[COLLISIONS & NEAR MISSES]
3. Not visible
4. Not visible

[PARKING & ACCESS VIOLATIONS]
5. Not visible
6. Not visible
7. Not visible

[SUSPICIOUS VEHICLE BEHAVIOR]
8. Not visible
9. Not visible
10. Not visible

[VEHICLE IDENTIFICATION]
11. Not visible
12. Not visible
13. Not visible

[PEDESTRIAN & CHILD SAFETY]
14. Not visible
15. Not visible
16. Not visible
17. Not visible"
20260604T134116Z,LP_Parking_and_Restroom_Loitering_4_20260602T051500.jpg,,,dataset_20260603_063335/LP_Parking_and_Restroom_Loitering_4/LP_Parking_and_Restroom_Loitering_4_20260602T051500.jpg,vehicle_prompts,done,2026-06-04T14:02:11.988606+00:00,0.039,0.71,0.752,,nvidia/cosmos-reason2-8b,"[date]

[GENERAL VEHICLE SAFETY]
1. Not visible
2. Not visible

[COLLISIONS & NEAR MISSES]
3. Not visible
4. Not visible

[PARKING & ACCESS VIOLATIONS]
5. Not visible
6. Not visible
7. Not visible

[SUSPICIOUS VEHICLE BEHAVIOR]
8. Not visible
9. Not visible
10. Not visible

[VEHICLE IDENTIFICATION]
11. Not visible
12. Not visible
13. Not visible

[PEDESTRIAN & CHILD SAFETY]
14. Not visible
15. Not visible
16. Not visible
17. Not visible"
20260604T134116Z,LP_Parking_and_Restroom_Loitering_4_20260602T053000.jpg,,,dataset_20260603_063335/LP_Parking_and_Restroom_Loitering_4/LP_Parking_and_Restroom_Loitering_4_20260602T053000.jpg,vehicle_prompts,done,2026-06-04T14:02:12.188586+00:00,0.039,0.737,0.779,,nvidia/cosmos-reason2-8b,"[date]

[GENERAL VEHICLE SAFETY]
1. Not visible
2. Not visible

[COLLISIONS & NEAR MISSES]
3. Not visible
4. Not visible

[PARKING & ACCESS VIOLATIONS]
5. Not visible
6. Not visible
7. Not visible

[SUSPICIOUS VEHICLE BEHAVIOR]
8. Not visible
9. Not visible
10. Not visible

[VEHICLE IDENTIFICATION]
11. Not visible
12. Not visible
13. Not visible

[PEDESTRIAN & CHILD SAFETY]
14. Not visible
15. Not visible
16. Not visible
17. Not visible"
20260604T134116Z,LP_Parking_and_Restroom_Loitering_4_20260602T054500.jpg,,,dataset_20260603_063335/LP_Parking_and_Restroom_Loitering_4/LP_Parking_and_Restroom_Loitering_4_20260602T054500.jpg,vehicle_prompts,done,2026-06-04T14:02:12.442569+00:00,0.04,0.686,0.73,,nvidia/cosmos-reason2-8b,"### GENERAL VEHICLE SAFETY
1. Not visible
2. Not visible

### COLLISIONS & NEAR MISSES
3. Not visible
4. Not visible

### PARKING & ACCESS VIOLATIONS
5. Not visible
6. Not visible
7. Not visible

### SUSPICIOUS VEHICLE BEHAVIOR
8. Not visible
9. Not visible
10. Not visible

### VEHICLE IDENTIFICATION
11. Not visible
12. Not visible
13. Not visible

### PEDESTRIAN & CHILD SAFETY
14. Not visible
15. Not visible
16. Not visible
17. Not visible"
20260604T134116Z,LP_Parking_and_Restroom_Loitering_4_20260602T060000.jpg,,,dataset_20260603_063335/LP_Parking_and_Restroom_Loitering_4/LP_Parking_and_Restroom_Loitering_4_20260602T060000.jpg,vehicle_prompts,done,2026-06-04T14:02:12.589574+00:00,0.038,0.752,0.807,,nvidia/cosmos-reason2-8b,"[GENERAL VEHICLE SAFETY]
1. Not visible
2. Not visible

[COLLISIONS & NEAR MISSES]
3. Not visible
4. Not visible

[PARKING & ACCESS VIOLATIONS]
5. Not visible
6. Not visible
7. Not visible

[SUSPICIOUS VEHICLE BEHAVIOR]
8. Not visible
9. Not visible
10. Not visible

[VEHICLE IDENTIFICATION]
11. Not visible
12. Not visible
13. Not visible

[PEDESTRIAN & CHILD SAFETY]
14. Not visible
15. Not visible
16. Not visible
17. Not visible"
20260604T134116Z,LP_Parking_and_Restroom_Loitering_4_20260602T061500.jpg,,,dataset_20260603_063335/LP_Parking_and_Restroom_Loitering_4/LP_Parking_and_Restroom_Loitering_4_20260602T061500.jpg,vehicle_prompts,done,2026-06-04T14:02:12.744126+00:00,0.051,0.731,0.786,,nvidia/cosmos-reason2-8b,"[date]

[GENERAL VEHICLE SAFETY]
1. Not visible
2. Not visible

[COLLISIONS & NEAR MISSES]
3. Not visible
4. Not visible

[PARKING & ACCESS VIOLATIONS]
5. Not visible
6. Not visible
7. Not visible

[SUSPICIOUS VEHICLE BEHAVIOR]
8. Not visible
9. Not visible
10. Not visible

[VEHICLE IDENTIFICATION]
11. Not visible
12. Not visible
13. Not visible

[PEDESTRIAN & CHILD SAFETY]
14. Not visible
15. Not visible
16. Not visible
17. Not visible"
20260604T134116Z,LP_Parking_and_Restroom_Loitering_4_20260602T063000.jpg,,,dataset_20260603_063335/LP_Parking_and_Restroom_Loitering_4/LP_Parking_and_Restroom_Loitering_4_20260602T063000.jpg,vehicle_prompts,done,2026-06-04T14:02:12.970371+00:00,0.051,0.669,0.723,,nvidia/cosmos-reason2-8b,"### [GENERAL VEHICLE SAFETY]
1. Not visible
2. Not visible

### [COLLISIONS & NEAR MISSES]
3. Not visible
4. Not visible

### [PARKING & ACCESS VIOLATIONS]
5. Not visible
6. Not visible
7. Not visible

### [SUSPICIOUS VEHICLE BEHAVIOR]
8. Not visible
9. Not visible
10. Not visible

### [VEHICLE IDENTIFICATION]
11. Not visible
12. Not visible
13. Not visible

### [PEDESTRIAN & CHILD SAFETY]
14. Not visible
15. Not visible
16. Not visible
17. Not visible"
20260604T134116Z,LP_Parking_and_Restroom_Loitering_4_20260602T064500.jpg,,,dataset_20260603_063335/LP_Parking_and_Restroom_Loitering_4/LP_Parking_and_Restroom_Loitering_4_20260602T064500.jpg,vehicle_prompts,done,2026-06-04T14:02:13.175236+00:00,0.046,0.698,0.747,,nvidia/cosmos-reason2-8b,"[GENERAL VEHICLE SAFETY]
1. Not visible
2. Not visible

[COLLISIONS & NEAR MISSES]
3. Not visible
4. Not visible

[PARKING & ACCESS VIOLATIONS]
5. Not visible
6. Not visible
7. Not visible

[SUSPICIOUS VEHICLE BEHAVIOR]
8. Not visible
9. Not visible
10. Not visible

[VEHICLE IDENTIFICATION]
11. Not visible
12. Not visible
13. Not visible

[PEDESTRIAN & CHILD SAFETY]
14. Not visible
15. Not visible
16. Not visible
17. Not visible"
20260604T134116Z,LP_Parking_and_Restroom_Loitering_4_20260602T070000.jpg,,,dataset_20260603_063335/LP_Parking_and_Restroom_Loitering_4/LP_Parking_and_Restroom_Loitering_4_20260602T070000.jpg,vehicle_prompts,done,2026-06-04T14:02:13.399288+00:00,0.043,0.692,0.74,,nvidia/cosmos-reason2-8b,"[date]

[GENERAL VEHICLE SAFETY]
1. Not visible
2. Not visible

[COLLISIONS & NEAR MISSES]
3. Not visible
4. Not visible

[PARKING & ACCESS VIOLATIONS]
5. Not visible
6. Not visible
7. Not visible

[SUSPICIOUS VEHICLE BEHAVIOR]
8. Not visible
9. Not visible
10. Not visible

[VEHICLE IDENTIFICATION]
11. Not visible
12. Not visible
13. Not visible

[PEDESTRIAN & CHILD SAFETY]
14. Not visible
15. Not visible
16. Not visible
17. Not visible"
20260604T134116Z,LP_Parking_and_Restroom_Loitering_4_20260602T071500.jpg,,,dataset_20260603_063335/LP_Parking_and_Restroom_Loitering_4/LP_Parking_and_Restroom_Loitering_4_20260602T071500.jpg,vehicle_prompts,done,2026-06-04T14:02:13.532815+00:00,0.05,0.818,0.874,,nvidia/cosmos-reason2-8b,"### [GENERAL VEHICLE SAFETY]
1. Not visible
2. Not visible

### [COLLISIONS & NEAR MISSES]
3. Not visible
4. Not visible

### [PARKING & ACCESS VIOLATIONS]
5. Not visible
6. Not visible
7. Not visible

### [SUSPICIOUS VEHICLE BEHAVIOR]
8. Not visible
9. Not visible
10. Not visible

### [VEHICLE IDENTIFICATION]
11. Not visible
12. Not visible
13. Not visible

### [PEDESTRIAN & CHILD SAFETY]
14. Not visible
15. Not visible
16. Not visible
17. Not visible"
20260604T134116Z,LP_Parking_and_Restroom_Loitering_4_20260602T073000.jpg,,,dataset_20260603_063335/LP_Parking_and_Restroom_Loitering_4/LP_Parking_and_Restroom_Loitering_4_20260602T073000.jpg,vehicle_prompts,done,2026-06-04T14:02:13.695873+00:00,0.047,0.773,0.824,,nvidia/cosmos-reason2-8b,"[date]

[GENERAL VEHICLE SAFETY]
1. Not visible
2. Not visible

[COLLISIONS & NEAR MISSES]
3. Not visible
4. Not visible

[PARKING & ACCESS VIOLATIONS]
5. Not visible
6. Not visible
7. Not visible

[SUSPICIOUS VEHICLE BEHAVIOR]
8. Not visible
9. Not visible
10. Not visible

[VEHICLE IDENTIFICATION]
11. Not visible
12. Not visible
13. Not visible

[PEDESTRIAN & CHILD SAFETY]
14. Not visible
15. Not visible
16. Not visible
17. Not visible"
20260604T134116Z,LP_Parking_and_Restroom_Loitering_4_20260602T074500.jpg,,,dataset_20260603_063335/LP_Parking_and_Restroom_Loitering_4/LP_Parking_and_Restroom_Loitering_4_20260602T074500.jpg,vehicle_prompts,done,2026-06-04T14:02:13.925179+00:00,0.045,0.755,0.806,,nvidia/cosmos-reason2-8b,"[GENERAL VEHICLE SAFETY]
1. Not visible
2. Not visible

[COLLISIONS & NEAR MISSES]
3. Not visible
4. Not visible

[PARKING & ACCESS VIOLATIONS]
5. Not visible
6. Not visible
7. Not visible

[SUSPICIOUS VEHICLE BEHAVIOR]
8. Not visible
9. Not visible
10. Not visible

[VEHICLE IDENTIFICATION]
11. Not visible
12. Not visible
13. Not visible
14. Not visible
15. Not visible
16. Not visible
17. Not visible"
20260604T134116Z,LP_Parking_and_Restroom_Loitering_4_20260602T080000.jpg,,,dataset_20260603_063335/LP_Parking_and_Restroom_Loitering_4/LP_Parking_and_Restroom_Loitering_4_20260602T080000.jpg,vehicle_prompts,done,2026-06-04T14:02:14.142706+00:00,0.051,0.81,0.867,,nvidia/cosmos-reason2-8b,"[GENERAL VEHICLE SAFETY]
1. Yes, all vehicles are parked in designated areas, and there are no obstructions or erratic maneuvers observed.
2. Not visible

[COLLISIONS & NEAR MISSES]
3. No collisions or near misses are observed.
4. Not visible

[PARKING & ACCESS VIOLATIONS]
5. No vehicles are parked in fire lanes or restricted zones.
6. Not visible
7. Not visible

[SUSPICIOUS VEHICLE BEHAVIOR]
8. Not visible
9. Not visible
10. Not visible

[VEHICLE IDENTIFICATION]
11. Not visible
12. Not visible
13. Not visible

[PEDESTRIAN & CHILD SAFETY]
14. Not visible
15. Not visible
16. Not visible
17. Not visible"
20260604T134116Z,LP_Parking_and_Restroom_Loitering_4_20260602T081500.jpg,,,dataset_20260603_063335/LP_Parking_and_Restroom_Loitering_4/LP_Parking_and_Restroom_Loitering_4_20260602T081500.jpg,vehicle_prompts,done,2026-06-04T14:02:14.409375+00:00,0.045,0.791,0.842,,nvidia/cosmos-reason2-8b,"[GENERAL VEHICLE SAFETY]
1. Yes, all vehicles are parked in designated areas with no erratic maneuvers or obstruction of emergency routes.
2. Not visible

[COLLISIONS & NEAR MISSES]
3. No
4. Not visible

[PARKING & ACCESS VIOLATIONS]
5. Not visible
6. Not visible
7. Not visible

[SUSPICIOUS VEHICLE BEHAVIOR]
8. Not visible
9. Not visible
10. Not visible

[VEHICLE IDENTIFICATION]
11. Not visible
12. Not visible
13. Not visible

[PEDESTRIAN & CHILD SAFETY]
14. Not visible
15. Not visible
16. Not visible
17. Not visible"
20260604T134116Z,LP_Parking_and_Restroom_Loitering_4_20260602T083000.jpg,,,dataset_20260603_063335/LP_Parking_and_Restroom_Loitering_4/LP_Parking_and_Restroom_Loitering_4_20260602T083000.jpg,vehicle_prompts,done,2026-06-04T14:02:14.523318+00:00,0.048,0.938,0.991,,nvidia/cosmos-reason2-8b,"[GENERAL VEHICLE SAFETY]
1. Yes, all vehicles are parked in designated areas with no erratic maneuvers or obstruction of emergency routes.
2. Not visible

[COLLISIONS & NEAR MISSES]
3. No
4. Not visible

[PARKING & ACCESS VIOLATIONS]
5. Not visible
6. Not visible
7. Not visible

[SUSPICIOUS VEHICLE BEHAVIOR]
8. Not visible
9. Not visible
10. Not visible

[VEHICLE IDENTIFICATION]
11. Not visible
12. Not visible
13. A beige SUV with a visible front grille and headlights is partially in the frame; other vehicles include a blue SUV, a white sedan, and a white pickup truck, all parked in designated areas.
14. Not visible
15. Not visible
16. Not visible
17. Not visible"
20260604T134116Z,LP_Parking_and_Restroom_Loitering_4_20260602T084500.jpg,,,dataset_20260603_063335/LP_Parking_and_Restroom_Loitering_4/LP_Parking_and_Restroom_Loitering_4_20260602T084500.jpg,vehicle_prompts,done,2026-06-04T14:02:14.734575+00:00,0.051,0.673,0.728,,nvidia/cosmos-reason2-8b,"[GENERAL VEHICLE SAFETY]
1. Not visible
2. Not visible

[COLLISIONS & NEAR MISSES]
3. Not visible
4. Not visible

[PARKING & ACCESS VIOLATIONS]
5. Not visible
6. Not visible
7. Not visible

[SUSPICIOUS VEHICLE BEHAVIOR]
8. Not visible
9. Not visible
10. Not visible

[VEHICLE IDENTIFICATION]
11. Not visible
12. Not visible
13. Not visible

[PEDESTRIAN & CHILD SAFETY]
14. Not visible
15. Not visible
16. Not visible
17. Not visible"
20260604T134116Z,LP_Parking_and_Restroom_Loitering_4_20260602T090000.jpg,,,dataset_20260603_063335/LP_Parking_and_Restroom_Loitering_4/LP_Parking_and_Restroom_Loitering_4_20260602T090000.jpg,vehicle_prompts,done,2026-06-04T14:02:15.012563+00:00,0.052,0.629,0.686,,nvidia/cosmos-reason2-8b,"[GENERAL VEHICLE SAFETY]
1. Not visible
2. Not visible

[COLLISIONS & NEAR MISSES]
3. Not visible
4. Not visible

[PARKING & ACCESS VIOLATIONS]
5. Not visible
6. Not visible
7. Not visible

[SUSPICIOUS VEHICLE BEHAVIOR]
8. Not visible
9. Not visible
10. Not visible

[VEHICLE IDENTIFICATION]
11. Not visible
12. Not visible
13. Not visible
14. Not visible
15. Not visible
16. Not visible
17. Not visible"
20260604T134116Z,LP_Parking_and_Restroom_Loitering_4_20260602T091500.jpg,,,dataset_20260603_063335/LP_Parking_and_Restroom_Loitering_4/LP_Parking_and_Restroom_Loitering_4_20260602T091500.jpg,vehicle_prompts,done,2026-06-04T14:02:15.253733+00:00,0.051,0.71,0.765,,nvidia/cosmos-reason2-8b,"### [GENERAL VEHICLE SAFETY]
1. Not visible
2. Not visible

### [COLLISIONS & NEAR MISSES]
3. Not visible
4. Not visible

### [PARKING & ACCESS VIOLATIONS]
5. Not visible
6. Not visible
7. Not visible

### [SUSPICIOUS VEHICLE BEHAVIOR]
8. Not visible
9. Not visible
10. Not visible

### [VEHICLE IDENTIFICATION]
11. Not visible
12. Not visible
13. Not visible

### [PEDESTRIAN & CHILD SAFETY]
14. Not visible
15. Not visible
16. Not visible
17. Not visible"
20260604T134116Z,LP_Parking_and_Restroom_Loitering_4_20260602T093000.jpg,,,dataset_20260603_063335/LP_Parking_and_Restroom_Loitering_4/LP_Parking_and_Restroom_Loitering_4_20260602T093000.jpg,vehicle_prompts,done,2026-06-04T14:02:15.465530+00:00,0.048,0.844,0.897,,nvidia/cosmos-reason2-8b,"[GENERAL VEHICLE SAFETY]
1. All vehicles appear to be parked in designated areas, with no visible erratic maneuvers or obstructions in the parking lot.
2. Not visible

[COLLISIONS & NEAR MISSES]
3. Not visible
4. Not visible

[PARKING & ACCESS VIOLATIONS]
5. Not visible
6. Not visible
7. Not visible

[SUSPICIOUS VEHICLE BEHAVIOR]
8. Not visible
9. Not visible
10. Not visible

[VEHICLE IDENTIFICATION]
11. Not visible
12. Not visible
13. Not visible
14. Not visible
15. Not visible
16. Not visible
17. Not visible"
20260604T134116Z,LP_Parking_and_Restroom_Loitering_4_20260602T094500.jpg,,,dataset_20260603_063335/LP_Parking_and_Restroom_Loitering_4/LP_Parking_and_Restroom_Loitering_4_20260602T094500.jpg,vehicle_prompts,done,2026-06-04T14:02:15.517898+00:00,0.053,0.881,0.939,,nvidia/cosmos-reason2-8b,"[date]

[GENERAL VEHICLE SAFETY]
1. Yes
2. Not visible

[COLLISIONS & NEAR MISSES]
3. No
4. Not visible

[PARKING & ACCESS VIOLATIONS]
5. Not visible
6. Not visible
7. Not visible

[SUSPICIOUS VEHICLE BEHAVIOR]
8. Not visible
9. Not visible
10. Not visible

[VEHICLE IDENTIFICATION]
11. Not visible
12. Not visible
13. Not visible
14. Not visible
15. Not visible
16. Not visible
17. Not visible"
20260604T134116Z,LP_Parking_and_Restroom_Loitering_4_20260602T100000.jpg,,,dataset_20260603_063335/LP_Parking_and_Restroom_Loitering_4/LP_Parking_and_Restroom_Loitering_4_20260602T100000.jpg,vehicle_prompts,done,2026-06-04T14:02:15.701642+00:00,0.041,1.137,1.183,,nvidia/cosmos-reason2-8b,"[GENERAL VEHICLE SAFETY]
1. All vehicles are parked in designated areas, with no visible erratic maneuvers or obstructions in the scene.
2. Not visible

COLLISIONS & NEAR MISSES
3. Not visible
4. Not visible

[PARKING & ACCESS VIOLATIONS]
5. Not visible
6. Not visible
7. Not visible

[SUSPICIOUS VEHICLE BEHAVIOR]
8. Not visible
9. Not visible
10. Not visible

[VEHICLE IDENTIFICATION]
11. Not visible
12. Not visible
13. Vehicles include a beige SUV, a white sedan, a silver pickup truck, and several other sedans and SUVs in various colors.
14. Not visible
15. Not visible
16. Not visible
17. Not visible"
20260604T134116Z,LP_Parking_and_Restroom_Loitering_4_20260602T101500.jpg,,,dataset_20260603_063335/LP_Parking_and_Restroom_Loitering_4/LP_Parking_and_Restroom_Loitering_4_20260602T101500.jpg,vehicle_prompts,done,2026-06-04T14:02:16.021347+00:00,0.054,0.917,0.975,,nvidia/cosmos-reason2-8b,"[GENERAL VEHICLE SAFETY]
1. All vehicles appear to be parked in designated areas, with no visible erratic maneuvers or obstructions in the scene.
2. Not visible

[COLLISIONS & NEAR MISSES]
3. Not visible
4. Not visible

[PARKING & ACCESS VIOLATIONS]
5. Not visible
6. Not visible
7. Not visible

[SUSPICIOUS VEHICLE BEHAVIOR]
8. Not visible
9. Not visible
10. Not visible

[VEHICLE IDENTIFICATION]
11. Not visible
12. Not visible
13. Vehicles include a beige SUV, a white sedan, a silver pickup truck, and several other cars in various colors.
14. Not visible
15. Not visible
16. Not visible
17. Not visible"
20260604T134116Z,LP_Parking_and_Restroom_Loitering_4_20260602T103000.jpg,,,dataset_20260603_063335/LP_Parking_and_Restroom_Loitering_4/LP_Parking_and_Restroom_Loitering_4_20260602T103000.jpg,vehicle_prompts,done,2026-06-04T14:02:16.365652+00:00,0.045,0.867,0.917,,nvidia/cosmos-reason2-8b,"### [GENERAL VEHICLE SAFETY]
1. Not visible
2. Not visible

### [COLLISIONS & NEAR MISSES]
3. Not visible
4. Not visible

### [PARKING & ACCESS VIOLATIONS]
5. Not visible
6. Not visible
7. Not visible

### [SUSPICIOUS VEHICLE BEHAVIOR]
8. Not visible
9. Not visible
10. Not visible

### [VEHICLE IDENTIFICATION]
11. Not visible
12. Not visible
13. Not visible

### [PEDESTRIAN & CHILD SAFETY]
14. Not visible
15. Not visible
16. Not visible
17. Not visible"
20260604T134116Z,LP_Parking_and_Restroom_Loitering_4_20260602T104500.jpg,,,dataset_20260603_063335/LP_Parking_and_Restroom_Loitering_4/LP_Parking_and_Restroom_Loitering_4_20260602T104500.jpg,vehicle_prompts,done,2026-06-04T14:02:16.459604+00:00,0.046,1.191,1.242,,nvidia/cosmos-reason2-8b,"[GENERAL VEHICLE SAFETY]
1. Yes, all vehicles are parked in designated areas, and there are no obstructions or erratic maneuvers observed.
2. Not visible

[COLLISIONS & NEAR MISSES]
3. No, there are no visible collisions or damage to vehicles.
4. Not visible

[PARKING & ACCESS VIOLATIONS]
5. No, all vehicles are parked in designated parking spaces.
6. No, there is no contact between vehicles and obstructions.
7. Not visible

[SUSPICIOUS VEHICLE BEHAVIOR]
8. Not visible
9. Not visible
10. Not visible

[VEHICLE IDENTIFICATION]
11. Not visible
12. Not visible
13. A beige SUV with a visible license plate is parked on the right side of the road. A white sedan is parked next to it. A black SUV is parked further down the road. A gray pickup truck is parked on the left side of the road. A silver sedan is parked next to it.
14. Not visible
15. Not visible
16. Not visible
17. Not visible"
20260604T134116Z,LP_Parking_and_Restroom_Loitering_4_20260602T110000.jpg,,,dataset_20260603_063335/LP_Parking_and_Restroom_Loitering_4/LP_Parking_and_Restroom_Loitering_4_20260602T110000.jpg,vehicle_prompts,done,2026-06-04T14:02:16.888050+00:00,0.047,0.98,1.043,,nvidia/cosmos-reason2-8b,"[GENERAL VEHICLE SAFETY]
1. All vehicles appear to be parked in designated areas, with no visible erratic maneuvers or obstructions in the immediate area.
2. Not visible

[COLLISIONS & NEAR MISSES]
3. Not visible
4. Not visible

[PARKING & ACCESS VIOLATIONS]
5. Not visible
6. Not visible
7. Not visible

[SUSPICIOUS VEHICLE BEHAVIOR]
8. Not visible
9. Not visible
10. Not visible

[VEHICLE IDENTIFICATION]
11. Not visible
12. Not visible
13. Vehicles include a beige SUV, a white sedan, a silver pickup truck, and several other sedans and SUVs in various colors.
14. Not visible
15. Not visible
16. Not visible
17. Not visible"
20260604T134116Z,LP_Parking_and_Restroom_Loitering_4_20260602T111500.jpg,,,dataset_20260603_063335/LP_Parking_and_Restroom_Loitering_4/LP_Parking_and_Restroom_Loitering_4_20260602T111500.jpg,vehicle_prompts,done,2026-06-04T14:02:16.998451+00:00,0.047,1.008,1.058,,nvidia/cosmos-reason2-8b,"[GENERAL VEHICLE SAFETY]
1. All vehicles appear to be parked in designated areas, with no visible erratic maneuvers or obstructions in the immediate area.
2. Not visible

[COLLISIONS & NEAR MISSES]
3. Not visible
4. Not visible

[PARKING & ACCESS VIOLATIONS]
5. Not visible
6. Not visible
7. Not visible

[SUSPICIOUS VEHICLE BEHAVIOR]
8. Not visible
9. Not visible
10. Not visible

[VEHICLE IDENTIFICATION]
11. Not visible
12. Not visible
13. Vehicles include a beige SUV, a white sedan, a black SUV, and a gray pickup truck.
14. Not visible
15. Not visible
16. Not visible
17. Not visible"
20260604T134116Z,LP_Parking_and_Restroom_Loitering_4_20260602T113000.jpg,,,dataset_20260603_063335/LP_Parking_and_Restroom_Loitering_4/LP_Parking_and_Restroom_Loitering_4_20260602T113000.jpg,vehicle_prompts,done,2026-06-04T14:02:17.284975+00:00,0.051,0.668,0.722,,nvidia/cosmos-reason2-8b,"### GENERAL VEHICLE SAFETY
1. Not visible
2. Not visible

### COLLISIONS & NEAR MISSES
3. Not visible
4. Not visible

### PARKING & ACCESS VIOLATIONS
5. Not visible
6. Not visible
7. Not visible

### SUSPICIOUS VEHICLE BEHAVIOR
8. Not visible
9. Not visible
10. Not visible

### VEHICLE IDENTIFICATION
11. Not visible
12. Not visible
13. Not visible

### PEDESTRIAN & CHILD SAFETY
14. Not visible
15. Not visible
16. Not visible
17. Not visible"
20260604T134116Z,LP_Parking_and_Restroom_Loitering_4_20260602T114500.jpg,,,dataset_20260603_063335/LP_Parking_and_Restroom_Loitering_4/LP_Parking_and_Restroom_Loitering_4_20260602T114500.jpg,vehicle_prompts,done,2026-06-04T14:02:17.704140+00:00,0.043,0.702,0.748,,nvidia/cosmos-reason2-8b,"### [GENERAL VEHICLE SAFETY]
1. Not visible
2. Not visible

### [COLLISIONS & NEAR MISSES]
3. Not visible
4. Not visible

### [PARKING & ACCESS VIOLATIONS]
5. Not visible
6. Not visible
7. Not visible

### [SUSPICIOUS VEHICLE BEHAVIOR]
8. Not visible
9. Not visible
10. Not visible

### [VEHICLE IDENTIFICATION]
11. Not visible
12. Not visible
13. Not visible

### [PEDESTRIAN & CHILD SAFETY]
14. Not visible
15. Not visible
16. Not visible
17. Not visible"
20260604T134116Z,LP_Parking_and_Restroom_Loitering_4_20260602T120000.jpg,,,dataset_20260603_063335/LP_Parking_and_Restroom_Loitering_4/LP_Parking_and_Restroom_Loitering_4_20260602T120000.jpg,vehicle_prompts,done,2026-06-04T14:02:17.933178+00:00,0.043,0.958,1.006,,nvidia/cosmos-reason2-8b,"[GENERAL VEHICLE SAFETY]
1. All vehicles appear stationary and properly parked within designated areas, with no obstructions or emergency route blockages.
2. Not visible

[COLLISIONS & NEAR MISSES]
3. No collisions or near misses are observed.
4. Not visible

[PARKING & ACCESS VIOLATIONS]
5. No vehicles are parked in fire lanes or restricted zones.
6. Not visible
7. Not visible

[SUSPICIOUS VEHICLE BEHAVIOR]
8. Not visible
9. Not visible
10. Not visible

[VEHICLE IDENTIFICATION]
11. Not visible
12. Not visible
13. Multiple vehicles of various colors and models are parked in designated areas.
14. Not visible
15. Not visible
16. Not visible
17. Not visible"
20260604T134116Z,LP_Parking_and_Restroom_Loitering_4_20260602T121500.jpg,,,dataset_20260603_063335/LP_Parking_and_Restroom_Loitering_4/LP_Parking_and_Restroom_Loitering_4_20260602T121500.jpg,vehicle_prompts,done,2026-06-04T14:02:18.009916+00:00,0.047,1.147,1.198,,nvidia/cosmos-reason2-8b,"[GENERAL VEHICLE SAFETY]
1. All vehicles are parked in designated areas, with no obstructions or erratic maneuvers observed.
2. Not visible

[COLLISIONS & NEAR MISSES]
3. Not visible
4. Not visible

[PARKING & ACCESS VIOLATIONS]
5. Not visible
6. Not visible
7. Not visible

[SUSPICIOUS VEHICLE BEHAVIOR]
8. Not visible
9. Not visible
10. Not visible

[VEHICLE IDENTIFICATION]
11. Not visible
12. Not visible
13. Vehicles include a beige SUV (foreground), a white sedan, black sedans, and various other cars in the background.
14. Not visible
15. Not visible
16. Not visible
17. Not visible"
20260604T134116Z,LP_Parking_and_Restroom_Loitering_4_20260602T123000.jpg,,,dataset_20260603_063335/LP_Parking_and_Restroom_Loitering_4/LP_Parking_and_Restroom_Loitering_4_20260602T123000.jpg,vehicle_prompts,done,2026-06-04T14:02:18.059983+00:00,0.051,0.967,1.023,,nvidia/cosmos-reason2-8b,"[date]

[GENERAL VEHICLE SAFETY]
1. Yes
2. No

[COLLISIONS & NEAR MISSES]
3. No
4. No

[PARKING & ACCESS VIOLATIONS]
5. No
6. No
7. No

[SUSPICIOUS VEHICLE BEHAVIOR]
8. No
9. No
10. No

[VEHICLE IDENTIFICATION]
11. Not visible
12. Not visible
13. Not visible
14. Not visible
15. Not visible
16. Not visible
17. Not visible"
20260604T134116Z,LP_Parking_and_Restroom_Loitering_4_20260602T124500.jpg,,,dataset_20260603_063335/LP_Parking_and_Restroom_Loitering_4/LP_Parking_and_Restroom_Loitering_4_20260602T124500.jpg,vehicle_prompts,done,2026-06-04T14:02:18.454955+00:00,0.049,1.277,1.331,,nvidia/cosmos-reason2-8b,"### GENERAL VEHICLE SAFETY
1. All vehicles appear stationary and parked in designated areas, with no visible erratic maneuvers or obstructions.
2. No vehicles are traveling at unsafe speeds or inconsistent with parking-lot behavior.

### COLLISIONS & NEAR MISSES
3. No collisions or near misses involving vehicles, city assets, or pedestrians are observed.
4. None.

### PARKING & ACCESS VIOLATIONS
5. Vehicles are parked in designated areas; no obstruction of fire lanes or emergency access is evident.
6. No vehicles are making contact with buildings or obstructions.
7. No vehicles are traveling in the wrong direction or on restricted roads.

### SUSPICIOUS VEHICLE BEHAVIOR
8. No vehicles are operating in reverse or making unexpected maneuvers.
9. No individuals are crouching, crawling, or passing by vehicles suspiciously.
10. No individuals are making contact with parked vehicles in an unusual manner.

### VEHICLE IDENTIFICATION
11. Not visible.
12. Not visible.
13. A beige SUV is parked in the foreground, and several other vehicles are parked in the background, including a black sedan and a silver sedan.

### PEDESTRIAN & CHILD SAFETY
14. None.
15. None.
16. None.
17. None."
20260604T134116Z,LP_Parking_and_Restroom_Loitering_4_20260602T130000.jpg,,,dataset_20260603_063335/LP_Parking_and_Restroom_Loitering_4/LP_Parking_and_Restroom_Loitering_4_20260602T130000.jpg,vehicle_prompts,done,2026-06-04T14:02:18.942522+00:00,0.044,0.732,0.793,,nvidia/cosmos-reason2-8b,"[GENERAL VEHICLE SAFETY]
1. Yes, all vehicles are parked in designated areas with no erratic maneuvers or obstruction of emergency routes.
2. Not visible

[COLLISIONS & NEAR MISSES]
3. No
4. Not visible

[PARKING & ACCESS VIOLATIONS]
5. Not visible
6. Not visible
7. Not visible

[SUSPICIOUS VEHICLE BEHAVIOR]
8. Not visible
9. Not visible
10. Not visible

[VEHICLE IDENTIFICATION]
11. Not visible
12. Not visible
13. Black SUV, beige SUV, silver sedan
14. Not visible
15. Not visible
16. Not visible
17. Not visible"
20260604T134116Z,LP_Parking_and_Restroom_Loitering_4_20260602T131500.jpg,,,dataset_20260603_063335/LP_Parking_and_Restroom_Loitering_4/LP_Parking_and_Restroom_Loitering_4_20260602T131500.jpg,vehicle_prompts,done,2026-06-04T14:02:19.084966+00:00,0.047,0.745,0.795,,nvidia/cosmos-reason2-8b,"### [GENERAL VEHICLE SAFETY]
1. Not visible
2. Not visible

### [COLLISIONS & NEAR MISSES]
3. Not visible
4. Not visible

### [PARKING & ACCESS VIOLATIONS]
5. Not visible
6. Not visible
7. Not visible

### [SUSPICIOUS VEHICLE BEHAVIOR]
8. Not visible
9. Not visible
10. Not visible

### [VEHICLE IDENTIFICATION]
11. Not visible
12. Not visible
13. Not visible

### [PEDESTRIAN & CHILD SAFETY]
14. Not visible
15. Not visible
16. Not visible
17. Not visible"
20260604T134116Z,LP_Parking_and_Restroom_Loitering_4_20260602T133000.jpg,,,dataset_20260603_063335/LP_Parking_and_Restroom_Loitering_4/LP_Parking_and_Restroom_Loitering_4_20260602T133000.jpg,vehicle_prompts,done,2026-06-04T14:02:19.210720+00:00,0.043,0.846,0.892,,nvidia/cosmos-reason2-8b,"### GENERAL VEHICLE SAFETY
1. Not visible
2. Not visible

### COLLISIONS & NEAR MISSES
3. Not visible
4. Not visible

### PARKING & ACCESS VIOLATIONS
5. Not visible
6. Not visible
7. Not visible

### SUSPICIOUS VEHICLE BEHAVIOR
8. Not visible
9. Not visible
10. Not visible

### VEHICLE IDENTIFICATION
11. Not visible
12. Not visible
13. Not visible

### PEDESTRIAN & CHILD SAFETY
14. Not visible
15. Not visible
16. Not visible
17. Not visible"
20260604T134116Z,LP_Parking_and_Restroom_Loitering_4_20260602T134500.jpg,,,dataset_20260603_063335/LP_Parking_and_Restroom_Loitering_4/LP_Parking_and_Restroom_Loitering_4_20260602T134500.jpg,vehicle_prompts,done,2026-06-04T14:02:19.738242+00:00,0.047,0.725,0.776,,nvidia/cosmos-reason2-8b,"[GENERAL VEHICLE SAFETY]
1. Not visible
2. Not visible

[COLLISIONS & NEAR MISSES]
3. Not visible
4. Not visible

[PARKING & ACCESS VIOLATIONS]
5. Not visible
6. Not visible
7. Not visible

[SUSPICIOUS VEHICLE BEHAVIOR]
8. Not visible
9. Not visible
10. Not visible

[VEHICLE IDENTIFICATION]
11. Not visible
12. Not visible
13. Not visible

[PEDESTRIAN & CHILD SAFETY]
14. Not visible
15. Not visible
16. Not visible
17. Not visible"
20260604T134116Z,LP_Parking_and_Restroom_Loitering_4_20260602T140000.jpg,,,dataset_20260603_063335/LP_Parking_and_Restroom_Loitering_4/LP_Parking_and_Restroom_Loitering_4_20260602T140000.jpg,vehicle_prompts,done,2026-06-04T14:02:19.788320+00:00,0.04,1.232,1.276,,nvidia/cosmos-reason2-8b,"[GENERAL VEHICLE SAFETY]
1. Yes, all vehicles are parked in designated parking spaces, and there are no obstructions or erratic maneuvers observed.
2. Not visible

[COLLISIONS & NEAR MISSES]
3. No, there are no visible collisions or damage to vehicles.
4. Not visible

[PARKING & ACCESS VIOLATIONS]
5. No, all vehicles are parked in designated parking spaces, and there are no obstructions or violations observed.
6. Not visible
7. Not visible

[SUSPICIOUS VEHICLE BEHAVIOR]
8. Not visible
9. Not visible
10. Not visible

[VEHICLE IDENTIFICATION]
11. Not visible
12. Not visible
13. Red pickup truck, white sedan, black SUV, beige SUV
14. Not visible
15. Not visible
16. Not visible
17. Not visible"
20260604T134116Z,LP_Parking_and_Restroom_Loitering_4_20260602T141500.jpg,,,dataset_20260603_063335/LP_Parking_and_Restroom_Loitering_4/LP_Parking_and_Restroom_Loitering_4_20260602T141500.jpg,vehicle_prompts,done,2026-06-04T14:02:19.881990+00:00,0.044,1.074,1.122,,nvidia/cosmos-reason2-8b,"[GENERAL VEHICLE SAFETY]
1. Yes, all vehicles are parked in designated areas with no obstructions or erratic movements.
2. Not visible

[COLLISIONS & NEAR MISSES]
3. No
4. Not visible

[PARKING & ACCESS VIOLATIONS]
5. Not visible
6. Not visible
7. Not visible

[SUSPICIOUS VEHICLE BEHAVIOR]
8. Not visible
9. Not visible
10. Not visible

[VEHICLE IDENTIFICATION]
11. Not visible
12. Not visible
13. Not visible

[PEDESTRIAN & CHILD SAFETY]
14. Not visible
15. Not visible
16. Not visible
17. Not visible"
20260604T134116Z,LP_Parking_and_Restroom_Loitering_4_20260602T143000.jpg,,,dataset_20260603_063335/LP_Parking_and_Restroom_Loitering_4/LP_Parking_and_Restroom_Loitering_4_20260602T143000.jpg,vehicle_prompts,done,2026-06-04T14:02:20.104737+00:00,0.052,0.904,0.959,,nvidia/cosmos-reason2-8b,"### GENERAL VEHICLE SAFETY
1. Not visible
2. Not visible

### COLLISIONS & NEAR MISSES
3. Not visible
4. Not visible

### PARKING & ACCESS VIOLATIONS
5. Not visible
6. Not visible
7. Not visible

### SUSPICIOUS VEHICLE BEHAVIOR
8. Not visible
9. Not visible
10. Not visible

### VEHICLE IDENTIFICATION
11. Not visible
12. Not visible
13. Not visible

### PEDESTRIAN & CHILD SAFETY
14. Not visible
15. Not visible
16. Not visible
17. Not visible"
20260604T134116Z,LP_Parking_and_Restroom_Loitering_4_20260602T144500.jpg,,,dataset_20260603_063335/LP_Parking_and_Restroom_Loitering_4/LP_Parking_and_Restroom_Loitering_4_20260602T144500.jpg,vehicle_prompts,done,2026-06-04T14:02:20.516674+00:00,0.058,0.778,0.842,,nvidia/cosmos-reason2-8b,"[GENERAL VEHICLE SAFETY]
1. All vehicles are parked in designated areas, with no visible erratic maneuvers or obstructions in the scene.
2. Not visible

[COLLISIONS & NEAR MISSES]
3. Not visible
4. Not visible

[PARKING & ACCESS VIOLATIONS]
5. Not visible
6. Not visible
7. Not visible

[SUSPICIOUS VEHICLE BEHAVIOR]
8. Not visible
9. Not visible
10. Not visible

[VEHICLE IDENTIFICATION]
11. Not visible
12. Not visible
13. Red pickup truck, silver sedan, black SUV, beige SUV
14. Not visible
15. Not visible
16. Not visible
17. Not visible"
20260604T134116Z,LP_Parking_and_Restroom_Loitering_4_20260602T150000.jpg,,,dataset_20260603_063335/LP_Parking_and_Restroom_Loitering_4/LP_Parking_and_Restroom_Loitering_4_20260602T150000.jpg,vehicle_prompts,done,2026-06-04T14:02:21.006569+00:00,0.059,0.807,0.87,,nvidia/cosmos-reason2-8b,"[GENERAL VEHICLE SAFETY]
1. Yes, all vehicles are parked in designated areas with no obstructions or erratic movements.
2. Not visible

[COLLISIONS & NEAR MISSES]
3. No
4. Not visible

[PARKING & ACCESS VIOLATIONS]
5. Not visible
6. Not visible
7. Not visible

[SUSPICIOUS VEHICLE BEHAVIOR]
8. Not visible
9. Not visible
10. Not visible

[VEHICLE IDENTIFICATION]
11. Not visible
12. Not visible
13. Red pickup truck, silver SUV, black sedan, beige SUV
14. Not visible
15. Not visible
16. Not visible
17. Not visible"
20260604T134116Z,LP_Parking_and_Restroom_Loitering_4_20260602T151500.jpg,,,dataset_20260603_063335/LP_Parking_and_Restroom_Loitering_4/LP_Parking_and_Restroom_Loitering_4_20260602T151500.jpg,vehicle_prompts,done,2026-06-04T14:02:21.067338+00:00,0.051,0.998,1.053,,nvidia/cosmos-reason2-8b,"[GENERAL VEHICLE SAFETY]
1. All vehicles are stationary in designated parking spaces, with no obstructions or emergency route blockages.
2. Not visible

[COLLISIONS & NEAR MISSES]
3. Not visible
4. Not visible

[PARKING & ACCESS VIOLATIONS]
5. Not visible
6. Not visible
7. Not visible

[SUSPICIOUS VEHICLE BEHAVIOR]
8. Not visible
9. Not visible
10. Not visible

[VEHICLE IDENTIFICATION]
11. Not visible
12. Not visible
13. Red pickup truck, silver sedan, black SUV, beige SUV
14. Not visible
15. Not visible
16. Not visible
17. Not visible"
20260604T134116Z,LP_Parking_and_Restroom_Loitering_4_20260602T153000.jpg,,,dataset_20260603_063335/LP_Parking_and_Restroom_Loitering_4/LP_Parking_and_Restroom_Loitering_4_20260602T153000.jpg,vehicle_prompts,done,2026-06-04T14:02:21.068959+00:00,0.035,1.147,1.201,,nvidia/cosmos-reason2-8b,"[GENERAL VEHICLE SAFETY]
1. All vehicles appear stationary in designated parking spaces, with no obstructions or emergency route blockages.
2. Not visible

[COLLISIONS & NEAR MISSES]
3. Not visible
4. Not visible

[PARKING & ACCESS VIOLATIONS]
5. Not visible
6. Not visible
7. Not visible

[SUSPICIOUS VEHICLE BEHAVIOR]
8. Not visible
9. Not visible
10. Not visible

[VEHICLE IDENTIFICATION]
11. Not visible
12. Not visible
13. Red pickup truck, silver sedan, black SUV, beige SUV
14. Not visible
15. Not visible
16. Not visible
17. Not visible"
20260604T134116Z,LP_Parking_and_Restroom_Loitering_4_20260602T154500.jpg,,,dataset_20260603_063335/LP_Parking_and_Restroom_Loitering_4/LP_Parking_and_Restroom_Loitering_4_20260602T154500.jpg,vehicle_prompts,done,2026-06-04T14:02:21.360882+00:00,0.042,0.922,0.968,,nvidia/cosmos-reason2-8b,"### [GENERAL VEHICLE SAFETY]
1. Not visible
2. Not visible

### [COLLISIONS & NEAR MISSES]
3. Not visible
4. Not visible

### [PARKING & ACCESS VIOLATIONS]
5. Not visible
6. Not visible
7. Not visible

### [SUSPICIOUS VEHICLE BEHAVIOR]
8. Not visible
9. Not visible
10. Not visible

### [VEHICLE IDENTIFICATION]
11. Not visible
12. Not visible
13. Not visible

### [PEDESTRIAN & CHILD SAFETY]
14. Not visible
15. Not visible
16. Not visible
17. Not visible"
20260604T134116Z,LP_Parking_and_Restroom_Loitering_4_20260602T160000.jpg,,,dataset_20260603_063335/LP_Parking_and_Restroom_Loitering_4/LP_Parking_and_Restroom_Loitering_4_20260602T160000.jpg,vehicle_prompts,done,2026-06-04T14:02:21.879818+00:00,0.045,0.679,0.729,,nvidia/cosmos-reason2-8b,"[date]

[GENERAL VEHICLE SAFETY]
1. Yes.
2. Not visible.

[COLLISIONS & NEAR MISSES]
3. No.
4. Not visible.

[PARKING & ACCESS VIOLATIONS]
5. Not visible.
6. Not visible.
7. Not visible.

[SUSPICIOUS VEHICLE BEHAVIOR]
8. Not visible.
9. Not visible.
10. Not visible.

[VEHICLE IDENTIFICATION]
11. Not visible.
12. Not visible.
13. Not visible.
14. Not visible.
15. Not visible.
16. Not visible.
17. Not visible."
20260604T134116Z,LP_Parking_and_Restroom_Loitering_4_20260602T161500.jpg,,,dataset_20260603_063335/LP_Parking_and_Restroom_Loitering_4/LP_Parking_and_Restroom_Loitering_4_20260602T161500.jpg,vehicle_prompts,done,2026-06-04T14:02:22.122825+00:00,0.043,0.757,0.805,,nvidia/cosmos-reason2-8b,"[GENERAL VEHICLE SAFETY]
1. Yes, all vehicles are parked in designated areas with no erratic maneuvers or obstruction of emergency routes.
2. Not visible

[COLLISIONS & NEAR MISSES]
3. No
4. Not visible

[PARKING & ACCESS VIOLATIONS]
5. Not visible
6. Not visible
7. Not visible

[SUSPICIOUS VEHICLE BEHAVIOR]
8. Not visible
9. Not visible
10. Not visible

[VEHICLE IDENTIFICATION]
11. Not visible
12. Not visible
13. Red pickup truck, silver sedan, black SUV, beige SUV
14. Not visible
15. Not visible
16. Not visible
17. Not visible"
20260604T134116Z,LP_Parking_and_Restroom_Loitering_4_20260602T163000.jpg,,,dataset_20260603_063335/LP_Parking_and_Restroom_Loitering_4/LP_Parking_and_Restroom_Loitering_4_20260602T163000.jpg,vehicle_prompts,done,2026-06-04T14:02:22.274380+00:00,0.053,0.92,0.978,,nvidia/cosmos-reason2-8b,"[GENERAL VEHICLE SAFETY]
1. Yes, all vehicles are parked in designated areas with no erratic maneuvers or obstruction of emergency routes.
2. Not visible

[COLLISIONS & NEAR MISSES]
3. No
4. Not visible

[PARKING & ACCESS VIOLATIONS]
5. Not visible
6. Not visible
7. Not visible

[SUSPICIOUS VEHICLE BEHAVIOR]
8. Not visible
9. Not visible
10. Not visible

[VEHICLE IDENTIFICATION]
11. Not visible
12. Not visible
13. Red pickup truck, silver sedan, black SUV, beige SUV
14. Not visible
15. Not visible
16. Not visible
17. Not visible"
20260604T134116Z,LP_Parking_and_Restroom_Loitering_4_20260602T164500.jpg,,,dataset_20260603_063335/LP_Parking_and_Restroom_Loitering_4/LP_Parking_and_Restroom_Loitering_4_20260602T164500.jpg,vehicle_prompts,done,2026-06-04T14:02:22.331579+00:00,0.047,0.961,1.012,,nvidia/cosmos-reason2-8b,"[date]

[GENERAL VEHICLE SAFETY]
1. Yes
2. No

[COLLISIONS & NEAR MISSES]
3. No
4. No

[PARKING & ACCESS VIOLATIONS]
5. No
6. No
7. No

[SUSPICIOUS VEHICLE BEHAVIOR]
8. No
9. No
10. No

[VEHICLE IDENTIFICATION]
11. Not visible
12. Not visible
13. Red pickup truck, silver SUV, black SUV, beige SUV
14. Not visible
15. Not visible
16. Not visible
17. Not visible"
20260604T134116Z,LP_Parking_and_Restroom_Loitering_4_20260602T170000.jpg,,,dataset_20260603_063335/LP_Parking_and_Restroom_Loitering_4/LP_Parking_and_Restroom_Loitering_4_20260602T170000.jpg,vehicle_prompts,done,2026-06-04T14:02:22.611418+00:00,0.042,0.896,0.941,,nvidia/cosmos-reason2-8b,"[GENERAL VEHICLE SAFETY]
1. Yes, all vehicles are parked in designated areas with no erratic maneuvers or obstruction of emergency routes.
2. Not visible

[COLLISIONS & NEAR MISSES]
3. No
4. Not visible

[PARKING & ACCESS VIOLATIONS]
5. Not visible
6. Not visible
7. Not visible

[SUSPICIOUS VEHICLE BEHAVIOR]
8. Not visible
9. Not visible
10. Not visible

[VEHICLE IDENTIFICATION]
11. Not visible
12. Not visible
13. Red pickup truck, silver SUV, black SUV, beige SUV
14. Not visible
15. Not visible
16. Not visible
17. Not visible"
20260604T134116Z,LP_Parking_and_Restroom_Loitering_4_20260602T171500.jpg,,,dataset_20260603_063335/LP_Parking_and_Restroom_Loitering_4/LP_Parking_and_Restroom_Loitering_4_20260602T171500.jpg,vehicle_prompts,done,2026-06-04T14:02:22.930466+00:00,0.052,0.677,0.733,,nvidia/cosmos-reason2-8b,"### GENERAL VEHICLE SAFETY
1. Not visible
2. Not visible

### COLLISIONS & NEAR MISSES
3. Not visible
4. Not visible

### PARKING & ACCESS VIOLATIONS
5. Not visible
6. Not visible
7. Not visible

### SUSPICIOUS VEHICLE BEHAVIOR
8. Not visible
9. Not visible
10. Not visible

### VEHICLE IDENTIFICATION
11. Not visible
12. Not visible
13. Not visible

### PEDESTRIAN & CHILD SAFETY
14. Not visible
15. Not visible
16. Not visible
17. Not visible"
20260604T134116Z,LP_Parking_and_Restroom_Loitering_4_20260602T173000.jpg,,,dataset_20260603_063335/LP_Parking_and_Restroom_Loitering_4/LP_Parking_and_Restroom_Loitering_4_20260602T173000.jpg,vehicle_prompts,done,2026-06-04T14:02:23.254874+00:00,0.044,0.861,0.91,,nvidia/cosmos-reason2-8b,"[GENERAL VEHICLE SAFETY]
1. Yes, all vehicles are stationary in designated parking spaces, and there are no obstructions or erratic maneuvers.
2. Not visible

[COLLISIONS & NEAR MISSES]
3. No collisions or near misses are observed.
4. Not visible

[PARKING & ACCESS VIOLATIONS]
5. No vehicles are parked in fire lanes or restricted zones.
6. Not visible
7. Not visible

[SUSPICIOUS VEHICLE BEHAVIOR]
8. Not visible
9. Not visible
10. Not visible

[VEHICLE IDENTIFICATION]
11. Not visible
12. Not visible
13. Red pickup truck, beige SUV, gray SUV
14. Not visible
15. Not visible
16. Not visible
17. Not visible"
20260604T134116Z,LP_Parking_and_Restroom_Loitering_4_20260602T174500.jpg,,,dataset_20260603_063335/LP_Parking_and_Restroom_Loitering_4/LP_Parking_and_Restroom_Loitering_4_20260602T174500.jpg,vehicle_prompts,done,2026-06-04T14:02:23.346341+00:00,0.04,0.839,0.883,,nvidia/cosmos-reason2-8b,"### GENERAL VEHICLE SAFETY
1. Not visible
2. Not visible

### COLLISIONS & NEAR MISSES
3. Not visible
4. Not visible

### PARKING & ACCESS VIOLATIONS
5. Not visible
6. Not visible
7. Not visible

### SUSPICIOUS VEHICLE BEHAVIOR
8. Not visible
9. Not visible
10. Not visible

### VEHICLE IDENTIFICATION
11. Not visible
12. Not visible
13. Not visible

### PEDESTRIAN & CHILD SAFETY
14. Not visible
15. Not visible
16. Not visible
17. Not visible"
20260604T134116Z,LP_Parking_and_Restroom_Loitering_4_20260602T180000.jpg,,,dataset_20260603_063335/LP_Parking_and_Restroom_Loitering_4/LP_Parking_and_Restroom_Loitering_4_20260602T180000.jpg,vehicle_prompts,done,2026-06-04T14:02:23.554938+00:00,0.04,1.059,1.103,,nvidia/cosmos-reason2-8b,"[GENERAL VEHICLE SAFETY]
1. Yes, all vehicles are parked in designated areas without obstruction or erratic behavior.
2. Not visible

[COLLISIONS & NEAR MISSES]
3. No collisions or near misses observed.
4. Not visible

[PARKING & ACCESS VIOLATIONS]
5. Not visible
6. Not visible
7. Not visible

[SUSPICIOUS VEHICLE BEHAVIOR]
8. Not visible
9. Not visible
10. Not visible

[VEHICLE IDENTIFICATION]
11. Not visible
12. Not visible
13. Red pickup truck, gray SUV, beige SUV
14. Not visible
15. Not visible
16. Not visible
17. Not visible"
20260604T134116Z,LP_Parking_and_Restroom_Loitering_4_20260602T181500.jpg,,,dataset_20260603_063335/LP_Parking_and_Restroom_Loitering_4/LP_Parking_and_Restroom_Loitering_4_20260602T181500.jpg,vehicle_prompts,done,2026-06-04T14:02:23.666054+00:00,0.039,0.893,0.935,,nvidia/cosmos-reason2-8b,"### [GENERAL VEHICLE SAFETY]
1. Not visible
2. Not visible

### [COLLISIONS & NEAR MISSES]
3. Not visible
4. Not visible

### [PARKING & ACCESS VIOLATIONS]
5. Not visible
6. Not visible
7. Not visible

### [SUSPICIOUS VEHICLE BEHAVIOR]
8. Not visible
9. Not visible
10. Not visible

### [VEHICLE IDENTIFICATION]
11. Not visible
12. Not visible
13. Not visible

### [PEDESTRIAN & CHILD SAFETY]
14. Not visible
15. Not visible
16. Not visible
17. Not visible"
20260604T134116Z,LP_Parking_and_Restroom_Loitering_4_20260602T183000.jpg,,,dataset_20260603_063335/LP_Parking_and_Restroom_Loitering_4/LP_Parking_and_Restroom_Loitering_4_20260602T183000.jpg,vehicle_prompts,done,2026-06-04T14:02:24.167338+00:00,0.046,0.765,0.814,,nvidia/cosmos-reason2-8b,"### [GENERAL VEHICLE SAFETY]
1. Not visible
2. Not visible

### [COLLISIONS & NEAR MISSES]
3. Not visible
4. Not visible

### [PARKING & ACCESS VIOLATIONS]
5. Not visible
6. Not visible
7. Not visible

### [SUSPICIOUS VEHICLE BEHAVIOR]
8. Not visible
9. Not visible
10. Not visible

### [VEHICLE IDENTIFICATION]
11. Not visible
12. Not visible
13. Not visible

### [PEDESTRIAN & CHILD SAFETY]
14. Not visible
15. Not visible
16. Not visible
17. Not visible"
20260604T134116Z,LP_Parking_and_Restroom_Loitering_4_20260602T184500.jpg,,,dataset_20260603_063335/LP_Parking_and_Restroom_Loitering_4/LP_Parking_and_Restroom_Loitering_4_20260602T184500.jpg,vehicle_prompts,done,2026-06-04T14:02:24.231435+00:00,0.049,0.784,0.848,,nvidia/cosmos-reason2-8b,"### [GENERAL VEHICLE SAFETY]
1. Not visible
2. Not visible

### [COLLISIONS & NEAR MISSES]
3. Not visible
4. Not visible

### [PARKING & ACCESS VIOLATIONS]
5. Not visible
6. Not visible
7. Not visible

### [SUSPICIOUS VEHICLE BEHAVIOR]
8. Not visible
9. Not visible
10. Not visible

### [VEHICLE IDENTIFICATION]
11. Not visible
12. Not visible
13. Not visible

### [PEDESTRIAN & CHILD SAFETY]
14. Not visible
15. Not visible
16. Not visible
17. Not visible"
20260604T134116Z,LP_Parking_and_Restroom_Loitering_4_20260602T190000.jpg,,,dataset_20260603_063335/LP_Parking_and_Restroom_Loitering_4/LP_Parking_and_Restroom_Loitering_4_20260602T190000.jpg,vehicle_prompts,done,2026-06-04T14:02:24.603115+00:00,0.049,0.736,0.79,,nvidia/cosmos-reason2-8b,"[GENERAL VEHICLE SAFETY]
1. Not visible
2. Not visible

[COLLISIONS & NEAR MISSES]
3. Not visible
4. Not visible

[PARKING & ACCESS VIOLATIONS]
5. Not visible
6. Not visible
7. Not visible

[SUSPICIOUS VEHICLE BEHAVIOR]
8. Not visible
9. Not visible
10. Not visible

[VEHICLE IDENTIFICATION]
11. Not visible
12. Not visible
13. Not visible

[PEDESTRIAN & CHILD SAFETY]
14. Not visible
15. Not visible
16. Not visible
17. Not visible"
20260604T134116Z,LP_Parking_and_Restroom_Loitering_4_20260602T191500.jpg,,,dataset_20260603_063335/LP_Parking_and_Restroom_Loitering_4/LP_Parking_and_Restroom_Loitering_4_20260602T191500.jpg,vehicle_prompts,done,2026-06-04T14:02:24.661185+00:00,0.038,0.872,0.914,,nvidia/cosmos-reason2-8b,"### [GENERAL VEHICLE SAFETY]
1. Not visible
2. Not visible

### [COLLISIONS & NEAR MISSES]
3. Not visible
4. Not visible

### [PARKING & ACCESS VIOLATIONS]
5. Not visible
6. Not visible
7. Not visible

### [SUSPICIOUS VEHICLE BEHAVIOR]
8. Not visible
9. Not visible
10. Not visible

### [VEHICLE IDENTIFICATION]
11. Not visible
12. Not visible
13. Not visible

### [PEDESTRIAN & CHILD SAFETY]
14. Not visible
15. Not visible
16. Not visible
17. Not visible"
20260604T134116Z,LP_Parking_and_Restroom_Loitering_4_20260602T193000.jpg,,,dataset_20260603_063335/LP_Parking_and_Restroom_Loitering_4/LP_Parking_and_Restroom_Loitering_4_20260602T193000.jpg,vehicle_prompts,done,2026-06-04T14:02:24.984335+00:00,0.049,0.756,0.809,,nvidia/cosmos-reason2-8b,"### [GENERAL VEHICLE SAFETY]
1. Not visible
2. Not visible

### [COLLISIONS & NEAR MISSES]
3. Not visible
4. Not visible

### [PARKING & ACCESS VIOLATIONS]
5. Not visible
6. Not visible
7. Not visible

### [SUSPICIOUS VEHICLE BEHAVIOR]
8. Not visible
9. Not visible
10. Not visible

### [VEHICLE IDENTIFICATION]
11. Not visible
12. Not visible
13. Not visible

### [PEDESTRIAN & CHILD SAFETY]
14. Not visible
15. Not visible
16. Not visible
17. Not visible"
20260604T134116Z,LP_Parking_and_Restroom_Loitering_4_20260602T194500.jpg,,,dataset_20260603_063335/LP_Parking_and_Restroom_Loitering_4/LP_Parking_and_Restroom_Loitering_4_20260602T194500.jpg,vehicle_prompts,done,2026-06-04T14:02:25.082019+00:00,0.048,0.839,0.89,,nvidia/cosmos-reason2-8b,"### [GENERAL VEHICLE SAFETY]
1. Not visible
2. Not visible

### [COLLISIONS & NEAR MISSES]
3. Not visible
4. Not visible

### [PARKING & ACCESS VIOLATIONS]
5. Not visible
6. Not visible
7. Not visible

### [SUSPICIOUS VEHICLE BEHAVIOR]
8. Not visible
9. Not visible
10. Not visible

### [VEHICLE IDENTIFICATION]
11. Not visible
12. Not visible
13. Not visible

### [PEDESTRIAN & CHILD SAFETY]
14. Not visible
15. Not visible
16. Not visible
17. Not visible"
20260604T134116Z,LP_Parking_and_Restroom_Loitering_4_20260602T200000.jpg,,,dataset_20260603_063335/LP_Parking_and_Restroom_Loitering_4/LP_Parking_and_Restroom_Loitering_4_20260602T200000.jpg,vehicle_prompts,done,2026-06-04T14:02:25.395902+00:00,0.054,1.012,1.07,,nvidia/cosmos-reason2-8b,"[GENERAL VEHICLE SAFETY]
1. Not visible
2. Not visible

[COLLISIONS & NEAR MISSES]
3. Not visible
4. Not visible

[PARKING & ACCESS VIOLATIONS]
5. Not visible
6. Not visible
7. Not visible

[SUSPICIOUS VEHICLE BEHAVIOR]
8. Not visible
9. Not visible
10. Not visible

[VEHICLE IDENTIFICATION]
11. Not visible
12. Not visible
13. Not visible

[PEDESTRIAN & CHILD SAFETY]
14. Not visible
15. Not visible
16. Not visible
17. Not visible"
20260604T134116Z,LP_Parking_and_Restroom_Loitering_4_20260602T201500.jpg,,,dataset_20260603_063335/LP_Parking_and_Restroom_Loitering_4/LP_Parking_and_Restroom_Loitering_4_20260602T201500.jpg,vehicle_prompts,done,2026-06-04T14:02:25.577448+00:00,0.046,0.683,0.732,,nvidia/cosmos-reason2-8b,"### [GENERAL VEHICLE SAFETY]
1. Not visible
2. Not visible

### [COLLISIONS & NEAR MISSES]
3. Not visible
4. Not visible

### [PARKING & ACCESS VIOLATIONS]
5. Not visible
6. Not visible
7. Not visible

### [SUSPICIOUS VEHICLE BEHAVIOR]
8. Not visible
9. Not visible
10. Not visible

### [VEHICLE IDENTIFICATION]
11. Not visible
12. Not visible
13. Not visible

### [PEDESTRIAN & CHILD SAFETY]
14. Not visible
15. Not visible
16. Not visible
17. Not visible"
20260604T134116Z,LP_Parking_and_Restroom_Loitering_4_20260602T203000.jpg,,,dataset_20260603_063335/LP_Parking_and_Restroom_Loitering_4/LP_Parking_and_Restroom_Loitering_4_20260602T203000.jpg,vehicle_prompts,done,2026-06-04T14:02:25.795720+00:00,0.05,0.781,0.835,,nvidia/cosmos-reason2-8b,"[date]

[GENERAL VEHICLE SAFETY]
1. Not visible
2. Not visible

[COLLISIONS & NEAR MISSES]
3. Not visible
4. Not visible

[PARKING & ACCESS VIOLATIONS]
5. Not visible
6. Not visible
7. Not visible

[SUSPICIOUS VEHICLE BEHAVIOR]
8. Not visible
9. Not visible
10. Not visible

[VEHICLE IDENTIFICATION]
11. Not visible
12. Not visible
13. Not visible

[PEDESTRIAN & CHILD SAFETY]
14. Not visible
15. Not visible
16. Not visible
17. Not visible"
20260604T134116Z,LP_Parking_and_Restroom_Loitering_4_20260602T204500.jpg,,,dataset_20260603_063335/LP_Parking_and_Restroom_Loitering_4/LP_Parking_and_Restroom_Loitering_4_20260602T204500.jpg,vehicle_prompts,done,2026-06-04T14:02:25.975042+00:00,0.046,0.689,0.739,,nvidia/cosmos-reason2-8b,"[date]

[GENERAL VEHICLE SAFETY]
1. Not visible
2. Not visible

[COLLISIONS & NEAR MISSES]
3. Not visible
4. Not visible

[PARKING & ACCESS VIOLATIONS]
5. Not visible
6. Not visible
7. Not visible

[SUSPICIOUS VEHICLE BEHAVIOR]
8. Not visible
9. Not visible
10. Not visible

[VEHICLE IDENTIFICATION]
11. Not visible
12. Not visible
13. Not visible

[PEDESTRIAN & CHILD SAFETY]
14. Not visible
15. Not visible
16. Not visible
17. Not visible"
20260604T134116Z,LP_Parking_and_Restroom_Loitering_4_20260602T210000.jpg,,,dataset_20260603_063335/LP_Parking_and_Restroom_Loitering_4/LP_Parking_and_Restroom_Loitering_4_20260602T210000.jpg,vehicle_prompts,done,2026-06-04T14:02:26.312301+00:00,0.048,0.703,0.754,,nvidia/cosmos-reason2-8b,"### GENERAL VEHICLE SAFETY
1. Not visible
2. Not visible

### COLLISIONS & NEAR MISSES
3. Not visible
4. Not visible

### PARKING & ACCESS VIOLATIONS
5. Not visible
6. Not visible
7. Not visible

### SUSPICIOUS VEHICLE BEHAVIOR
8. Not visible
9. Not visible
10. Not visible

### VEHICLE IDENTIFICATION
11. Not visible
12. Not visible
13. Not visible

### PEDESTRIAN & CHILD SAFETY
14. Not visible
15. Not visible
16. Not visible
17. Not visible"
20260604T134116Z,LP_Parking_and_Restroom_Loitering_4_20260602T211500.jpg,,,dataset_20260603_063335/LP_Parking_and_Restroom_Loitering_4/LP_Parking_and_Restroom_Loitering_4_20260602T211500.jpg,vehicle_prompts,done,2026-06-04T14:02:26.468611+00:00,0.042,0.782,0.827,,nvidia/cosmos-reason2-8b,"[date]

[GENERAL VEHICLE SAFETY]
1. Not visible
2. Not visible

[COLLISIONS & NEAR MISSES]
3. Not visible
4. Not visible

[PARKING & ACCESS VIOLATIONS]
5. Not visible
6. Not visible
7. Not visible

[SUSPICIOUS VEHICLE BEHAVIOR]
8. Not visible
9. Not visible
10. Not visible

[VEHICLE IDENTIFICATION]
11. Not visible
12. Not visible
13. Not visible

[PEDESTRIAN & CHILD SAFETY]
14. Not visible
15. Not visible
16. Not visible
17. Not visible"
20260604T134116Z,LP_Parking_and_Restroom_Loitering_4_20260602T213000.jpg,,,dataset_20260603_063335/LP_Parking_and_Restroom_Loitering_4/LP_Parking_and_Restroom_Loitering_4_20260602T213000.jpg,vehicle_prompts,done,2026-06-04T14:02:26.632695+00:00,0.04,1.051,1.094,,nvidia/cosmos-reason2-8b,"[date]

[GENERAL VEHICLE SAFETY]
1. Not visible
2. Not visible

[COLLISIONS & NEAR MISSES]
3. Not visible
4. Not visible

[PARKING & ACCESS VIOLATIONS]
5. Not visible
6. Not visible
7. Not visible

[SUSPICIOUS VEHICLE BEHAVIOR]
8. Not visible
9. Not visible
10. Not visible

[VEHICLE IDENTIFICATION]
11. Not visible
12. Not visible
13. Not visible

[PEDESTRIAN & CHILD SAFETY]
14. Not visible
15. Not visible
16. Not visible
17. Not visible"
20260604T134116Z,LP_Parking_and_Restroom_Loitering_4_20260602T214500.jpg,,,dataset_20260603_063335/LP_Parking_and_Restroom_Loitering_4/LP_Parking_and_Restroom_Loitering_4_20260602T214500.jpg,vehicle_prompts,done,2026-06-04T14:02:26.715758+00:00,0.037,0.825,0.865,,nvidia/cosmos-reason2-8b,"[date]

[GENERAL VEHICLE SAFETY]
1. Not visible
2. Not visible

[COLLISIONS & NEAR MISSES]
3. Not visible
4. Not visible

[PARKING & ACCESS VIOLATIONS]
5. Not visible
6. Not visible
7. Not visible

[SUSPICIOUS VEHICLE BEHAVIOR]
8. Not visible
9. Not visible
10. Not visible

[VEHICLE IDENTIFICATION]
11. Not visible
12. Not visible
13. Not visible

[PEDESTRIAN & CHILD SAFETY]
14. Not visible
15. Not visible
16. Not visible
17. Not visible"
20260604T134116Z,LP_Parking_and_Restroom_Loitering_4_20260602T220000.jpg,,,dataset_20260603_063335/LP_Parking_and_Restroom_Loitering_4/LP_Parking_and_Restroom_Loitering_4_20260602T220000.jpg,vehicle_prompts,done,2026-06-04T14:02:27.069419+00:00,0.053,0.772,0.828,,nvidia/cosmos-reason2-8b,"[date]

[GENERAL VEHICLE SAFETY]
1. Not visible
2. Not visible

[COLLISIONS & NEAR MISSES]
3. Not visible
4. Not visible

[PARKING & ACCESS VIOLATIONS]
5. Not visible
6. Not visible
7. Not visible

[SUSPICIOUS VEHICLE BEHAVIOR]
8. Not visible
9. Not visible
10. Not visible

[VEHICLE IDENTIFICATION]
11. Not visible
12. Not visible
13. Not visible

[PEDESTRIAN & CHILD SAFETY]
14. Not visible
15. Not visible
16. Not visible
17. Not visible"
20260604T134116Z,LP_Parking_and_Restroom_Loitering_4_20260602T221500.jpg,,,dataset_20260603_063335/LP_Parking_and_Restroom_Loitering_4/LP_Parking_and_Restroom_Loitering_4_20260602T221500.jpg,vehicle_prompts,done,2026-06-04T14:02:27.298510+00:00,0.048,0.739,0.79,,nvidia/cosmos-reason2-8b,"[date]

[GENERAL VEHICLE SAFETY]
1. Not visible
2. Not visible

[COLLISIONS & NEAR MISSES]
3. Not visible
4. Not visible

[PARKING & ACCESS VIOLATIONS]
5. Not visible
6. Not visible
7. Not visible

[SUSPICIOUS VEHICLE BEHAVIOR]
8. Not visible
9. Not visible
10. Not visible

[VEHICLE IDENTIFICATION]
11. Not visible
12. Not visible
13. Not visible

[PEDESTRIAN & CHILD SAFETY]
14. Not visible
15. Not visible
16. Not visible
17. Not visible"
20260604T134116Z,LP_Parking_and_Restroom_Loitering_4_20260602T223000.jpg,,,dataset_20260603_063335/LP_Parking_and_Restroom_Loitering_4/LP_Parking_and_Restroom_Loitering_4_20260602T223000.jpg,vehicle_prompts,done,2026-06-04T14:02:27.583288+00:00,0.043,0.674,0.721,,nvidia/cosmos-reason2-8b,"### [GENERAL VEHICLE SAFETY]
1. Not visible
2. Not visible

### [COLLISIONS & NEAR MISSES]
3. Not visible
4. Not visible

### [PARKING & ACCESS VIOLATIONS]
5. Not visible
6. Not visible
7. Not visible

### [SUSPICIOUS VEHICLE BEHAVIOR]
8. Not visible
9. Not visible
10. Not visible

### [VEHICLE IDENTIFICATION]
11. Not visible
12. Not visible
13. Not visible

### [PEDESTRIAN & CHILD SAFETY]
14. Not visible
15. Not visible
16. Not visible
17. Not visible"
20260604T134116Z,LP_Parking_and_Restroom_Loitering_4_20260602T224500.jpg,,,dataset_20260603_063335/LP_Parking_and_Restroom_Loitering_4/LP_Parking_and_Restroom_Loitering_4_20260602T224500.jpg,vehicle_prompts,done,2026-06-04T14:02:27.728997+00:00,0.038,0.765,0.806,,nvidia/cosmos-reason2-8b,"[date]

[GENERAL VEHICLE SAFETY]
1. Not visible
2. Not visible

[COLLISIONS & NEAR MISSES]
3. Not visible
4. Not visible

[PARKING & ACCESS VIOLATIONS]
5. Not visible
6. Not visible
7. Not visible

[SUSPICIOUS VEHICLE BEHAVIOR]
8. Not visible
9. Not visible
10. Not visible

[VEHICLE IDENTIFICATION]
11. Not visible
12. Not visible
13. Not visible

[PEDESTRIAN & CHILD SAFETY]
14. Not visible
15. Not visible
16. Not visible
17. Not visible"
20260604T134116Z,LP_Parking_and_Restroom_Loitering_4_20260602T230000.jpg,,,dataset_20260603_063335/LP_Parking_and_Restroom_Loitering_4/LP_Parking_and_Restroom_Loitering_4_20260602T230000.jpg,vehicle_prompts,done,2026-06-04T14:02:27.899791+00:00,0.04,0.789,0.832,,nvidia/cosmos-reason2-8b,"[date]
[time]

[GENERAL VEHICLE SAFETY]
1. Not visible
2. Not visible

[COLLISIONS & NEAR MISSES]
3. Not visible
4. Not visible

[PARKING & ACCESS VIOLATIONS]
5. Not visible
6. Not visible
7. Not visible

[SUSPICIOUS VEHICLE BEHAVIOR]
8. Not visible
9. Not visible
10. Not visible

[VEHICLE IDENTIFICATION]
11. Not visible
12. Not visible
13. Not visible

[PEDESTRIAN & CHILD SAFETY]
14. Not visible
15. Not visible
16. Not visible
17. Not visible"
20260604T134116Z,LP_Parking_and_Restroom_Loitering_4_20260602T231500.jpg,,,dataset_20260603_063335/LP_Parking_and_Restroom_Loitering_4/LP_Parking_and_Restroom_Loitering_4_20260602T231500.jpg,vehicle_prompts,done,2026-06-04T14:02:28.091461+00:00,0.037,0.858,0.899,,nvidia/cosmos-reason2-8b,"[date: 2024-04-19, time: 19:41:52]

[GENERAL VEHICLE SAFETY]
1. Not visible
2. Not visible

[COLLISIONS & NEAR MISSES]
3. Not visible
4. Not visible

[PARKING & ACCESS VIOLATIONS]
5. Not visible
6. Not visible
7. Not visible

[SUSPICIOUS VEHICLE BEHAVIOR]
8. Not visible
9. Not visible
10. Not visible

[VEHICLE IDENTIFICATION]
11. Not visible
12. Not visible
13. Not visible

[PEDESTRIAN & CHILD SAFETY]
14. Not visible
15. Not visible
16. Not visible
17. Not visible"
20260604T134116Z,LP_Parking_and_Restroom_Loitering_4_20260602T233000.jpg,,,dataset_20260603_063335/LP_Parking_and_Restroom_Loitering_4/LP_Parking_and_Restroom_Loitering_4_20260602T233000.jpg,vehicle_prompts,done,2026-06-04T14:02:28.306978+00:00,0.037,0.734,0.774,,nvidia/cosmos-reason2-8b,"[date]

[GENERAL VEHICLE SAFETY]
1. Not visible
2. Not visible

[COLLISIONS & NEAR MISSES]
3. Not visible
4. Not visible

[PARKING & ACCESS VIOLATIONS]
5. Not visible
6. Not visible
7. Not visible

[SUSPICIOUS VEHICLE BEHAVIOR]
8. Not visible
9. Not visible
10. Not visible

[VEHICLE IDENTIFICATION]
11. Not visible
12. Not visible
13. Not visible

[PEDESTRIAN & CHILD SAFETY]
14. Not visible
15. Not visible
16. Not visible
17. Not visible"
20260604T134116Z,LP_Parking_and_Restroom_Loitering_4_20260602T234500.jpg,,,dataset_20260603_063335/LP_Parking_and_Restroom_Loitering_4/LP_Parking_and_Restroom_Loitering_4_20260602T234500.jpg,vehicle_prompts,done,2026-06-04T14:02:28.537630+00:00,0.045,0.677,0.726,,nvidia/cosmos-reason2-8b,"[date]

[GENERAL VEHICLE SAFETY]
1. Not visible
2. Not visible

[COLLISIONS & NEAR MISSES]
3. Not visible
4. Not visible

[PARKING & ACCESS VIOLATIONS]
5. Not visible
6. Not visible
7. Not visible

[SUSPICIOUS VEHICLE BEHAVIOR]
8. Not visible
9. Not visible
10. Not visible

[VEHICLE IDENTIFICATION]
11. Not visible
12. Not visible
13. Not visible

[PEDESTRIAN & CHILD SAFETY]
14. Not visible
15. Not visible
16. Not visible
17. Not visible"
