date,camera,filename,minio_key,preset,status,started_at,caption_seconds,total_tokens,model,alert_category,full_caption
vlm_runs/2026-06-05,AP_Gate_7_Camera_3,AP_Gate_7_Camera_3_20260605T000000.jpg,vlm_runs/2026-06-05/AP_Gate_7_Camera_3/AP_Gate_7_Camera_3_20260605T000000.jpg,vehicle_prompts,done,2026-06-08T21:16:35.848400+00:00,0.297,0,nvidia/cosmos-reason2-8b,Vehicle Safety,"<0.0> 
Not visible"
vlm_runs/2026-06-05,AP_Gate_7_Camera_3,AP_Gate_7_Camera_3_20260605T001500.jpg,vlm_runs/2026-06-05/AP_Gate_7_Camera_3/AP_Gate_7_Camera_3_20260605T001500.jpg,vehicle_prompts,done,2026-06-08T21:16:36.201002+00:00,0.268,0,nvidia/cosmos-reason2-8b,Vehicle Safety,0.0 Not visible
vlm_runs/2026-06-05,AP_Gate_7_Camera_3,AP_Gate_7_Camera_3_20260605T003000.jpg,vlm_runs/2026-06-05/AP_Gate_7_Camera_3/AP_Gate_7_Camera_3_20260605T003000.jpg,vehicle_prompts,done,2026-06-08T21:16:36.526302+00:00,0.431,0,nvidia/cosmos-reason2-8b,Vehicle Safety,"<0.0> 
1. Not visible
2. Not visible
3. Not visible
4. Not visible
5. Not visible
6. Not visible
7. Not visible
8. Not visible
9. Not visible
10. Not visible
11. Not visible
12. Not visible
13. Not visible
14. Not visible"
vlm_runs/2026-06-05,AP_Gate_7_Camera_3,AP_Gate_7_Camera_3_20260605T004500.jpg,vlm_runs/2026-06-05/AP_Gate_7_Camera_3/AP_Gate_7_Camera_3_20260605T004500.jpg,vehicle_prompts,done,2026-06-08T21:16:37.005149+00:00,0.638,0,nvidia/cosmos-reason2-8b,Vehicle Safety,"<0.0> 

[GENERAL VEHICLE SAFETY]
1. Not visible
2. Not visible

[COLLISIONS & NEAR MISSES]
3. Not visible
4. Not visible

[PARKING & ACCESS VIOLATIONS]
5. Not visible
6. Not visible

[SUSPICIOUS VEHICLE BEHAVIOR]
7. Not visible
8. Not visible

[VEHICLE IDENTIFICATION]
9. Not visible
10. Not visible
11. Not visible

[PEDESTRIAN & CHILD SAFETY]
12. Not visible
13. Not visible
14. Not visible"
vlm_runs/2026-06-05,AP_Gate_7_Camera_3,AP_Gate_7_Camera_3_20260605T010000.jpg,vlm_runs/2026-06-05/AP_Gate_7_Camera_3/AP_Gate_7_Camera_3_20260605T010000.jpg,vehicle_prompts,done,2026-06-08T21:16:37.701876+00:00,0.269,0,nvidia/cosmos-reason2-8b,Vehicle Safety,0.0
vlm_runs/2026-06-05,AP_Gate_7_Camera_3,AP_Gate_7_Camera_3_20260605T011500.jpg,vlm_runs/2026-06-05/AP_Gate_7_Camera_3/AP_Gate_7_Camera_3_20260605T011500.jpg,vehicle_prompts,done,2026-06-08T21:16:38.026508+00:00,0.643,0,nvidia/cosmos-reason2-8b,Vehicle Safety,"<0.0> 

[GENERAL VEHICLE SAFETY]
1. Not visible
2. Not visible

[COLLISIONS & NEAR MISSES]
3. Not visible
4. Not visible

[PARKING & ACCESS VIOLATIONS]
5. Not visible
6. Not visible

[SUSPICIOUS VEHICLE BEHAVIOR]
7. Not visible
8. Not visible

[VEHICLE IDENTIFICATION]
9. Not visible
10. Not visible
11. Not visible

[PEDESTRIAN & CHILD SAFETY]
12. Not visible
13. Not visible
14. Not visible"
vlm_runs/2026-06-05,AP_Gate_7_Camera_3,AP_Gate_7_Camera_3_20260605T013000.jpg,vlm_runs/2026-06-05/AP_Gate_7_Camera_3/AP_Gate_7_Camera_3_20260605T013000.jpg,vehicle_prompts,done,2026-06-08T21:16:38.723100+00:00,0.447,0,nvidia/cosmos-reason2-8b,Vehicle Safety,"<0.0> 
1. Not visible
2. Not visible
3. Not visible
4. Not visible
5. Not visible
6. Not visible
7. Not visible
8. Not visible
9. Not visible
10. Not visible
11. Not visible
12. Not visible
13. Not visible
14. Not visible"
vlm_runs/2026-06-05,AP_Gate_7_Camera_3,AP_Gate_7_Camera_3_20260605T014500.jpg,vlm_runs/2026-06-05/AP_Gate_7_Camera_3/AP_Gate_7_Camera_3_20260605T014500.jpg,vehicle_prompts,done,2026-06-08T21:16:39.222728+00:00,0.45,0,nvidia/cosmos-reason2-8b,Vehicle Safety,"<0.0> 
1. Not visible
2. Not visible
3. Not visible
4. Not visible
5. Not visible
6. Not visible
7. Not visible
8. Not visible
9. Not visible
10. Not visible
11. Not visible
12. Not visible
13. Not visible
14. Not visible"
vlm_runs/2026-06-05,AP_Gate_7_Camera_3,AP_Gate_7_Camera_3_20260605T020000.jpg,vlm_runs/2026-06-05/AP_Gate_7_Camera_3/AP_Gate_7_Camera_3_20260605T020000.jpg,vehicle_prompts,done,2026-06-08T21:16:39.723300+00:00,0.266,0,nvidia/cosmos-reason2-8b,Vehicle Safety,0.0
vlm_runs/2026-06-05,AP_Gate_7_Camera_3,AP_Gate_7_Camera_3_20260605T021500.jpg,vlm_runs/2026-06-05/AP_Gate_7_Camera_3/AP_Gate_7_Camera_3_20260605T021500.jpg,vehicle_prompts,done,2026-06-08T21:16:40.039634+00:00,0.656,0,nvidia/cosmos-reason2-8b,Vehicle Safety,"<0.0> 

[GENERAL VEHICLE SAFETY]
1. Not visible
2. Not visible

[COLLISIONS & NEAR MISSES]
3. Not visible
4. Not visible

[PARKING & ACCESS VIOLATIONS]
5. Not visible
6. Not visible

[SUSPICIOUS VEHICLE BEHAVIOR]
7. Not visible
8. Not visible

[VEHICLE IDENTIFICATION]
9. Not visible
10. Not visible
11. Not visible

[PEDESTRIAN & CHILD SAFETY]
12. Not visible
13. Not visible
14. Not visible"
vlm_runs/2026-06-05,AP_Gate_7_Camera_3,AP_Gate_7_Camera_3_20260605T023000.jpg,vlm_runs/2026-06-05/AP_Gate_7_Camera_3/AP_Gate_7_Camera_3_20260605T023000.jpg,vehicle_prompts,done,2026-06-08T21:16:40.749042+00:00,0.439,0,nvidia/cosmos-reason2-8b,Vehicle Safety,"<0.0> 
1. Not visible
2. Not visible
3. Not visible
4. Not visible
5. Not visible
6. Not visible
7. Not visible
8. Not visible
9. Not visible
10. Not visible
11. Not visible
12. Not visible
13. Not visible
14. Not visible"
vlm_runs/2026-06-05,AP_Gate_7_Camera_3,AP_Gate_7_Camera_3_20260605T024500.jpg,vlm_runs/2026-06-05/AP_Gate_7_Camera_3/AP_Gate_7_Camera_3_20260605T024500.jpg,vehicle_prompts,done,2026-06-08T21:16:41.243384+00:00,0.432,0,nvidia/cosmos-reason2-8b,Vehicle Safety,"<0.0> 
1. Not visible
2. Not visible
3. Not visible
4. Not visible
5. Not visible
6. Not visible
7. Not visible
8. Not visible
9. Not visible
10. Not visible
11. Not visible
12. Not visible
13. Not visible
14. Not visible"
vlm_runs/2026-06-05,AP_Gate_7_Camera_3,AP_Gate_7_Camera_3_20260605T030000.jpg,vlm_runs/2026-06-05/AP_Gate_7_Camera_3/AP_Gate_7_Camera_3_20260605T030000.jpg,vehicle_prompts,done,2026-06-08T21:16:41.729907+00:00,0.284,0,nvidia/cosmos-reason2-8b,Vehicle Safety,"0.0 
Not visible"
vlm_runs/2026-06-05,AP_Gate_7_Camera_3,AP_Gate_7_Camera_3_20260605T031500.jpg,vlm_runs/2026-06-05/AP_Gate_7_Camera_3/AP_Gate_7_Camera_3_20260605T031500.jpg,vehicle_prompts,done,2026-06-08T21:16:42.061020+00:00,0.443,0,nvidia/cosmos-reason2-8b,Vehicle Safety,"<0.0> 
1. Not visible
2. Not visible
3. Not visible
4. Not visible
5. Not visible
6. Not visible
7. Not visible
8. Not visible
9. Not visible
10. Not visible
11. Not visible
12. Not visible
13. Not visible
14. Not visible"
vlm_runs/2026-06-05,AP_Gate_7_Camera_3,AP_Gate_7_Camera_3_20260605T033000.jpg,vlm_runs/2026-06-05/AP_Gate_7_Camera_3/AP_Gate_7_Camera_3_20260605T033000.jpg,vehicle_prompts,done,2026-06-08T21:16:42.556344+00:00,0.643,0,nvidia/cosmos-reason2-8b,Vehicle Safety,"<0.0> 

[GENERAL VEHICLE SAFETY]
1. Not visible
2. Not visible

[COLLISIONS & NEAR MISSES]
3. Not visible
4. Not visible

[PARKING & ACCESS VIOLATIONS]
5. Not visible
6. Not visible

[SUSPICIOUS VEHICLE BEHAVIOR]
7. Not visible
8. Not visible

[VEHICLE IDENTIFICATION]
9. Not visible
10. Not visible
11. Not visible

[PEDESTRIAN & CHILD SAFETY]
12. Not visible
13. Not visible
14. Not visible"
vlm_runs/2026-06-05,AP_Gate_7_Camera_3,AP_Gate_7_Camera_3_20260605T034500.jpg,vlm_runs/2026-06-05/AP_Gate_7_Camera_3/AP_Gate_7_Camera_3_20260605T034500.jpg,vehicle_prompts,done,2026-06-08T21:16:43.247776+00:00,0.448,0,nvidia/cosmos-reason2-8b,Vehicle Safety,"<0.0> 
1. Not visible
2. Not visible
3. Not visible
4. Not visible
5. Not visible
6. Not visible
7. Not visible
8. Not visible
9. Not visible
10. Not visible
11. Not visible
12. Not visible
13. Not visible
14. Not visible"
vlm_runs/2026-06-05,AP_Gate_7_Camera_3,AP_Gate_7_Camera_3_20260605T040000.jpg,vlm_runs/2026-06-05/AP_Gate_7_Camera_3/AP_Gate_7_Camera_3_20260605T040000.jpg,vehicle_prompts,done,2026-06-08T21:16:43.754592+00:00,0.43,0,nvidia/cosmos-reason2-8b,Vehicle Safety,"<0.0> 
1. Not visible
2. Not visible
3. Not visible
4. Not visible
5. Not visible
6. Not visible
7. Not visible
8. Not visible
9. Not visible
10. Not visible
11. Not visible
12. Not visible
13. Not visible
14. Not visible"
vlm_runs/2026-06-05,AP_Gate_7_Camera_3,AP_Gate_7_Camera_3_20260605T041500.jpg,vlm_runs/2026-06-05/AP_Gate_7_Camera_3/AP_Gate_7_Camera_3_20260605T041500.jpg,vehicle_prompts,done,2026-06-08T21:16:44.237509+00:00,0.439,0,nvidia/cosmos-reason2-8b,Vehicle Safety,"<0.0> 
1. Not visible
2. Not visible
3. Not visible
4. Not visible
5. Not visible
6. Not visible
7. Not visible
8. Not visible
9. Not visible
10. Not visible
11. Not visible
12. Not visible
13. Not visible
14. Not visible"
vlm_runs/2026-06-05,AP_Gate_7_Camera_3,AP_Gate_7_Camera_3_20260605T043000.jpg,vlm_runs/2026-06-05/AP_Gate_7_Camera_3/AP_Gate_7_Camera_3_20260605T043000.jpg,vehicle_prompts,done,2026-06-08T21:16:44.732301+00:00,0.438,0,nvidia/cosmos-reason2-8b,Vehicle Safety,"<0.0> 
1. Not visible
2. Not visible
3. Not visible
4. Not visible
5. Not visible
6. Not visible
7. Not visible
8. Not visible
9. Not visible
10. Not visible
11. Not visible
12. Not visible
13. Not visible
14. Not visible"
vlm_runs/2026-06-05,AP_Gate_7_Camera_3,AP_Gate_7_Camera_3_20260605T044500.jpg,vlm_runs/2026-06-05/AP_Gate_7_Camera_3/AP_Gate_7_Camera_3_20260605T044500.jpg,vehicle_prompts,done,2026-06-08T21:16:45.229709+00:00,0.437,0,nvidia/cosmos-reason2-8b,Vehicle Safety,"<0.0> 
1. Not visible
2. Not visible
3. Not visible
4. Not visible
5. Not visible
6. Not visible
7. Not visible
8. Not visible
9. Not visible
10. Not visible
11. Not visible
12. Not visible
13. Not visible
14. Not visible"
vlm_runs/2026-06-05,AP_Gate_7_Camera_3,AP_Gate_7_Camera_3_20260605T050000.jpg,vlm_runs/2026-06-05/AP_Gate_7_Camera_3/AP_Gate_7_Camera_3_20260605T050000.jpg,vehicle_prompts,done,2026-06-08T21:16:45.731217+00:00,0.647,0,nvidia/cosmos-reason2-8b,Vehicle Safety,"<0.0> 

[GENERAL VEHICLE SAFETY]
1. Not visible
2. Not visible

[COLLISIONS & NEAR MISSES]
3. Not visible
4. Not visible

[PARKING & ACCESS VIOLATIONS]
5. Not visible
6. Not visible

[SUSPICIOUS VEHICLE BEHAVIOR]
7. Not visible
8. Not visible

[VEHICLE IDENTIFICATION]
9. Not visible
10. Not visible
11. Not visible

[PEDESTRIAN & CHILD SAFETY]
12. Not visible
13. Not visible
14. Not visible"
vlm_runs/2026-06-05,AP_Gate_7_Camera_3,AP_Gate_7_Camera_3_20260605T051500.jpg,vlm_runs/2026-06-05/AP_Gate_7_Camera_3/AP_Gate_7_Camera_3_20260605T051500.jpg,vehicle_prompts,done,2026-06-08T21:16:46.429488+00:00,0.647,0,nvidia/cosmos-reason2-8b,Vehicle Safety,"<0.0> 

[GENERAL VEHICLE SAFETY]
1. Not visible
2. Not visible

[COLLISIONS & NEAR MISSES]
3. Not visible
4. Not visible

[PARKING & ACCESS VIOLATIONS]
5. Not visible
6. Not visible

[SUSPICIOUS VEHICLE BEHAVIOR]
7. Not visible
8. Not visible

[VEHICLE IDENTIFICATION]
9. Not visible
10. Not visible
11. Not visible

[PEDESTRIAN & CHILD SAFETY]
12. Not visible
13. Not visible
14. Not visible"
vlm_runs/2026-06-05,AP_Gate_7_Camera_3,AP_Gate_7_Camera_3_20260605T053000.jpg,vlm_runs/2026-06-05/AP_Gate_7_Camera_3/AP_Gate_7_Camera_3_20260605T053000.jpg,vehicle_prompts,done,2026-06-08T21:16:47.125630+00:00,0.469,0,nvidia/cosmos-reason2-8b,Vehicle Safety,"<0.0> 
1. Not visible
2. Not visible
3. Not visible
4. Not visible
5. Not visible
6. Not visible
7. Not visible
8. Not visible
9. Not visible
10. Not visible
11. Not visible
12. Not visible
13. Not visible
14. Not visible"
vlm_runs/2026-06-05,AP_Gate_7_Camera_3,AP_Gate_7_Camera_3_20260605T054500.jpg,vlm_runs/2026-06-05/AP_Gate_7_Camera_3/AP_Gate_7_Camera_3_20260605T054500.jpg,vehicle_prompts,done,2026-06-08T21:16:47.643563+00:00,0.293,0,nvidia/cosmos-reason2-8b,Vehicle Safety,0.0 1-2
vlm_runs/2026-06-05,AP_Gate_7_Camera_3,AP_Gate_7_Camera_3_20260605T060000.jpg,vlm_runs/2026-06-05/AP_Gate_7_Camera_3/AP_Gate_7_Camera_3_20260605T060000.jpg,vehicle_prompts,done,2026-06-08T21:16:47.990925+00:00,0.651,0,nvidia/cosmos-reason2-8b,Vehicle Safety,"<0.0> 

[GENERAL VEHICLE SAFETY]
1. Not visible
2. Not visible

[COLLISIONS & NEAR MISSES]
3. Not visible
4. Not visible

[PARKING & ACCESS VIOLATIONS]
5. Not visible
6. Not visible

[SUSPICIOUS VEHICLE BEHAVIOR]
7. Not visible
8. Not visible

[VEHICLE IDENTIFICATION]
9. Not visible
10. Not visible
11. Not visible

[PEDESTRIAN & CHILD SAFETY]
12. Not visible
13. Not visible
14. Not visible"
vlm_runs/2026-06-05,AP_Gate_7_Camera_3,AP_Gate_7_Camera_3_20260605T061500.jpg,vlm_runs/2026-06-05/AP_Gate_7_Camera_3/AP_Gate_7_Camera_3_20260605T061500.jpg,vehicle_prompts,done,2026-06-08T21:16:48.704409+00:00,0.43,0,nvidia/cosmos-reason2-8b,Vehicle Safety,"<0.0> 
1. Not visible
2. Not visible
3. Not visible
4. Not visible
5. Not visible
6. Not visible
7. Not visible
8. Not visible
9. Not visible
10. Not visible
11. Not visible
12. Not visible
13. Not visible
14. Not visible"
vlm_runs/2026-06-05,AP_Gate_7_Camera_3,AP_Gate_7_Camera_3_20260605T063000.jpg,vlm_runs/2026-06-05/AP_Gate_7_Camera_3/AP_Gate_7_Camera_3_20260605T063000.jpg,vehicle_prompts,done,2026-06-08T21:16:49.192733+00:00,0.66,0,nvidia/cosmos-reason2-8b,Vehicle Safety,"<0.0> 

[GENERAL VEHICLE SAFETY]
1. Not visible
2. Not visible

[COLLISIONS & NEAR MISSES]
3. Not visible
4. Not visible

[PARKING & ACCESS VIOLATIONS]
5. Not visible
6. Not visible

[SUSPICIOUS VEHICLE BEHAVIOR]
7. Not visible
8. Not visible

[VEHICLE IDENTIFICATION]
9. Not visible
10. Not visible
11. Not visible

[PEDESTRIAN & CHILD SAFETY]
12. Not visible
13. Not visible
14. Not visible"
vlm_runs/2026-06-05,AP_Gate_7_Camera_3,AP_Gate_7_Camera_3_20260605T064500.jpg,vlm_runs/2026-06-05/AP_Gate_7_Camera_3/AP_Gate_7_Camera_3_20260605T064500.jpg,vehicle_prompts,done,2026-06-08T21:16:49.906671+00:00,0.447,0,nvidia/cosmos-reason2-8b,Vehicle Safety,"<0.0> 
1. Not visible
2. Not visible
3. Not visible
4. Not visible
5. Not visible
6. Not visible
7. Not visible
8. Not visible
9. Not visible
10. Not visible
11. Not visible
12. Not visible
13. Not visible
14. Not visible"
vlm_runs/2026-06-05,AP_Gate_7_Camera_3,AP_Gate_7_Camera_3_20260605T070000.jpg,vlm_runs/2026-06-05/AP_Gate_7_Camera_3/AP_Gate_7_Camera_3_20260605T070000.jpg,vehicle_prompts,done,2026-06-08T21:16:50.409767+00:00,0.275,0,nvidia/cosmos-reason2-8b,Vehicle Safety,0.0 Not visible
vlm_runs/2026-06-05,AP_Gate_7_Camera_3,AP_Gate_7_Camera_3_20260605T071500.jpg,vlm_runs/2026-06-05/AP_Gate_7_Camera_3/AP_Gate_7_Camera_3_20260605T071500.jpg,vehicle_prompts,done,2026-06-08T21:16:50.733170+00:00,0.266,0,nvidia/cosmos-reason2-8b,Vehicle Safety,0.0
vlm_runs/2026-06-05,AP_Gate_7_Camera_3,AP_Gate_7_Camera_3_20260605T073000.jpg,vlm_runs/2026-06-05/AP_Gate_7_Camera_3/AP_Gate_7_Camera_3_20260605T073000.jpg,vehicle_prompts,done,2026-06-08T21:16:51.051802+00:00,0.45,0,nvidia/cosmos-reason2-8b,Vehicle Safety,"<0.0> 
1. Not visible
2. Not visible
3. Not visible
4. Not visible
5. Not visible
6. Not visible
7. Not visible
8. Not visible
9. Not visible
10. Not visible
11. Not visible
12. Not visible
13. Not visible
14. Not visible"
vlm_runs/2026-06-05,AP_Gate_7_Camera_3,AP_Gate_7_Camera_3_20260605T074500.jpg,vlm_runs/2026-06-05/AP_Gate_7_Camera_3/AP_Gate_7_Camera_3_20260605T074500.jpg,vehicle_prompts,done,2026-06-08T21:16:51.561164+00:00,0.443,0,nvidia/cosmos-reason2-8b,Vehicle Safety,"<0.0> 
1. Not visible
2. Not visible
3. Not visible
4. Not visible
5. Not visible
6. Not visible
7. Not visible
8. Not visible
9. Not visible
10. Not visible
11. Not visible
12. Not visible
13. Not visible
14. Not visible"
vlm_runs/2026-06-05,AP_Gate_7_Camera_3,AP_Gate_7_Camera_3_20260605T080000.jpg,vlm_runs/2026-06-05/AP_Gate_7_Camera_3/AP_Gate_7_Camera_3_20260605T080000.jpg,vehicle_prompts,done,2026-06-08T21:16:52.058269+00:00,1.269,0,nvidia/cosmos-reason2-8b,Vehicle Safety,"<0.0> 

[GENERAL VEHICLE SAFETY]
1. Not visible
2. Not visible

[COLLISIONS & NEAR MISSES]
3. Not visible
4. Not visible

[PARKING & ACCESS VIOLATIONS]
5. Not visible
6. Not visible

[SUSPICIOUS VEHICLE BEHAVIOR]
7. Not visible
8. Not visible

[VEHICLE IDENTIFICATION]
9. Not visible
10. Not visible
11. Not visible

[PEDESTRIAN & CHILD SAFETY]
12. Not visible
13. Not visible
14. Not visible"
vlm_runs/2026-06-05,AP_Gate_7_Camera_3,AP_Gate_7_Camera_3_20260605T081500.jpg,vlm_runs/2026-06-05/AP_Gate_7_Camera_3/AP_Gate_7_Camera_3_20260605T081500.jpg,vehicle_prompts,done,2026-06-08T21:16:53.380114+00:00,0.438,0,nvidia/cosmos-reason2-8b,Vehicle Safety,"<0.0> 
1. Not visible
2. Not visible
3. Not visible
4. Not visible
5. Not visible
6. Not visible
7. Not visible
8. Not visible
9. Not visible
10. Not visible
11. Not visible
12. Not visible
13. Not visible
14. Not visible"
vlm_runs/2026-06-05,AP_Gate_7_Camera_3,AP_Gate_7_Camera_3_20260605T083000.jpg,vlm_runs/2026-06-05/AP_Gate_7_Camera_3/AP_Gate_7_Camera_3_20260605T083000.jpg,vehicle_prompts,done,2026-06-08T21:16:53.872089+00:00,0.434,0,nvidia/cosmos-reason2-8b,Vehicle Safety,"<0.0> 
1. Not visible
2. Not visible
3. Not visible
4. Not visible
5. Not visible
6. Not visible
7. Not visible
8. Not visible
9. Not visible
10. Not visible
11. Not visible
12. Not visible
13. Not visible
14. Not visible"
vlm_runs/2026-06-05,AP_Gate_7_Camera_3,AP_Gate_7_Camera_3_20260605T084500.jpg,vlm_runs/2026-06-05/AP_Gate_7_Camera_3/AP_Gate_7_Camera_3_20260605T084500.jpg,vehicle_prompts,done,2026-06-08T21:16:54.365862+00:00,0.655,0,nvidia/cosmos-reason2-8b,Vehicle Safety,"<0.0> 

[GENERAL VEHICLE SAFETY]
1. Not visible
2. Not visible

[COLLISIONS & NEAR MISSES]
3. Not visible
4. Not visible

[PARKING & ACCESS VIOLATIONS]
5. Not visible
6. Not visible

[SUSPICIOUS VEHICLE BEHAVIOR]
7. Not visible
8. Not visible

[VEHICLE IDENTIFICATION]
9. Not visible
10. Not visible
11. Not visible

[PEDESTRIAN & CHILD SAFETY]
12. Not visible
13. Not visible
14. Not visible"
vlm_runs/2026-06-05,AP_Gate_7_Camera_3,AP_Gate_7_Camera_3_20260605T090000.jpg,vlm_runs/2026-06-05/AP_Gate_7_Camera_3/AP_Gate_7_Camera_3_20260605T090000.jpg,vehicle_prompts,done,2026-06-08T21:16:55.073762+00:00,0.647,0,nvidia/cosmos-reason2-8b,Vehicle Safety,"<0.0> 
[GENERAL VEHICLE SAFETY]
1. Not visible
2. Not visible

[COLLISIONS & NEAR MISSES]
3. Not visible
4. Not visible

[PARKING & ACCESS VIOLATIONS]
5. Not visible
6. Not visible

[SUSPICIOUS VEHICLE BEHAVIOR]
7. Not visible
8. Not visible

[VEHICLE IDENTIFICATION]
9. Not visible
10. Not visible
11. Not visible

[PEDESTRIAN & CHILD SAFETY]
12. Not visible
13. Not visible
14. Not visible"
vlm_runs/2026-06-05,AP_Gate_7_Camera_3,AP_Gate_7_Camera_3_20260605T091500.jpg,vlm_runs/2026-06-05/AP_Gate_7_Camera_3/AP_Gate_7_Camera_3_20260605T091500.jpg,vehicle_prompts,done,2026-06-08T21:16:55.776406+00:00,0.446,0,nvidia/cosmos-reason2-8b,Vehicle Safety,"<0.0> 
1. Not visible
2. Not visible
3. Not visible
4. Not visible
5. Not visible
6. Not visible
7. Not visible
8. Not visible
9. Not visible
10. Not visible
11. Not visible
12. Not visible
13. Not visible
14. Not visible"
vlm_runs/2026-06-05,AP_Gate_7_Camera_3,AP_Gate_7_Camera_3_20260605T093000.jpg,vlm_runs/2026-06-05/AP_Gate_7_Camera_3/AP_Gate_7_Camera_3_20260605T093000.jpg,vehicle_prompts,done,2026-06-08T21:16:56.275574+00:00,0.456,0,nvidia/cosmos-reason2-8b,Vehicle Safety,"<0.0> 
1. Not visible
2. Not visible
3. Not visible
4. Not visible
5. Not visible
6. Not visible
7. Not visible
8. Not visible
9. Not visible
10. Not visible
11. Not visible
12. Not visible
13. Not visible
14. Not visible"
vlm_runs/2026-06-05,AP_Gate_7_Camera_3,AP_Gate_7_Camera_3_20260605T094500.jpg,vlm_runs/2026-06-05/AP_Gate_7_Camera_3/AP_Gate_7_Camera_3_20260605T094500.jpg,vehicle_prompts,done,2026-06-08T21:16:56.787652+00:00,0.433,0,nvidia/cosmos-reason2-8b,Vehicle Safety,"<0.0> 
1. Not visible
2. Not visible
3. Not visible
4. Not visible
5. Not visible
6. Not visible
7. Not visible
8. Not visible
9. Not visible
10. Not visible
11. Not visible
12. Not visible
13. Not visible
14. Not visible"
vlm_runs/2026-06-05,AP_Gate_7_Camera_3,AP_Gate_7_Camera_3_20260605T100000.jpg,vlm_runs/2026-06-05/AP_Gate_7_Camera_3/AP_Gate_7_Camera_3_20260605T100000.jpg,vehicle_prompts,done,2026-06-08T21:16:57.272468+00:00,0.65,0,nvidia/cosmos-reason2-8b,Vehicle Safety,"<0.0> 

[GENERAL VEHICLE SAFETY]
1. Not visible
2. Not visible

[COLLISIONS & NEAR MISSES]
3. Not visible
4. Not visible

[PARKING & ACCESS VIOLATIONS]
5. Not visible
6. Not visible

[SUSPICIOUS VEHICLE BEHAVIOR]
7. Not visible
8. Not visible

[VEHICLE IDENTIFICATION]
9. Not visible
10. Not visible
11. Not visible

[PEDESTRIAN & CHILD SAFETY]
12. Not visible
13. Not visible
14. Not visible"
vlm_runs/2026-06-05,AP_Gate_7_Camera_3,AP_Gate_7_Camera_3_20260605T101500.jpg,vlm_runs/2026-06-05/AP_Gate_7_Camera_3/AP_Gate_7_Camera_3_20260605T101500.jpg,vehicle_prompts,done,2026-06-08T21:16:57.976127+00:00,0.643,0,nvidia/cosmos-reason2-8b,Vehicle Safety,"<0.0> 
[GENERAL VEHICLE SAFETY]
1. Not visible
2. Not visible

[COLLISIONS & NEAR MISSES]
3. Not visible
4. Not visible

[PARKING & ACCESS VIOLATIONS]
5. Not visible
6. Not visible

[SUSPICIOUS VEHICLE BEHAVIOR]
7. Not visible
8. Not visible

[VEHICLE IDENTIFICATION]
9. Not visible
10. Not visible
11. Not visible

[PEDESTRIAN & CHILD SAFETY]
12. Not visible
13. Not visible
14. Not visible"
vlm_runs/2026-06-05,AP_Gate_7_Camera_3,AP_Gate_7_Camera_3_20260605T103000.jpg,vlm_runs/2026-06-05/AP_Gate_7_Camera_3/AP_Gate_7_Camera_3_20260605T103000.jpg,vehicle_prompts,done,2026-06-08T21:16:58.679519+00:00,0.448,0,nvidia/cosmos-reason2-8b,Vehicle Safety,"<0.0> 
1. Not visible
2. Not visible
3. Not visible
4. Not visible
5. Not visible
6. Not visible
7. Not visible
8. Not visible
9. Not visible
10. Not visible
11. Not visible
12. Not visible
13. Not visible
14. Not visible"
vlm_runs/2026-06-05,AP_Gate_7_Camera_3,AP_Gate_7_Camera_3_20260605T104500.jpg,vlm_runs/2026-06-05/AP_Gate_7_Camera_3/AP_Gate_7_Camera_3_20260605T104500.jpg,vehicle_prompts,done,2026-06-08T21:16:59.186971+00:00,0.655,0,nvidia/cosmos-reason2-8b,Vehicle Safety,"<0.0> 

[GENERAL VEHICLE SAFETY]
1. Not visible
2. Not visible

[COLLISIONS & NEAR MISSES]
3. Not visible
4. Not visible

[PARKING & ACCESS VIOLATIONS]
5. Not visible
6. Not visible

[SUSPICIOUS VEHICLE BEHAVIOR]
7. Not visible
8. Not visible

[VEHICLE IDENTIFICATION]
9. Not visible
10. Not visible
11. Not visible

[PEDESTRIAN & CHILD SAFETY]
12. Not visible
13. Not visible
14. Not visible"
vlm_runs/2026-06-05,AP_Gate_7_Camera_3,AP_Gate_7_Camera_3_20260605T110000.jpg,vlm_runs/2026-06-05/AP_Gate_7_Camera_3/AP_Gate_7_Camera_3_20260605T110000.jpg,vehicle_prompts,done,2026-06-08T21:16:59.896477+00:00,0.654,0,nvidia/cosmos-reason2-8b,Vehicle Safety,"<0.0> 

[GENERAL VEHICLE SAFETY]
1. Not visible
2. Not visible

[COLLISIONS & NEAR MISSES]
3. Not visible
4. Not visible

[PARKING & ACCESS VIOLATIONS]
5. Not visible
6. Not visible

[SUSPICIOUS VEHICLE BEHAVIOR]
7. Not visible
8. Not visible

[VEHICLE IDENTIFICATION]
9. Not visible
10. Not visible
11. Not visible

[PEDESTRIAN & CHILD SAFETY]
12. Not visible
13. Not visible
14. Not visible"
vlm_runs/2026-06-05,AP_Gate_7_Camera_3,AP_Gate_7_Camera_3_20260605T111500.jpg,vlm_runs/2026-06-05/AP_Gate_7_Camera_3/AP_Gate_7_Camera_3_20260605T111500.jpg,vehicle_prompts,done,2026-06-08T21:17:00.608521+00:00,0.445,0,nvidia/cosmos-reason2-8b,Vehicle Safety,"<0.0> 
1. Not visible
2. Not visible
3. Not visible
4. Not visible
5. Not visible
6. Not visible
7. Not visible
8. Not visible
9. Not visible
10. Not visible
11. Not visible
12. Not visible
13. Not visible
14. Not visible"
vlm_runs/2026-06-05,AP_Gate_7_Camera_3,AP_Gate_7_Camera_3_20260605T113000.jpg,vlm_runs/2026-06-05/AP_Gate_7_Camera_3/AP_Gate_7_Camera_3_20260605T113000.jpg,vehicle_prompts,done,2026-06-08T21:17:01.110743+00:00,0.44,0,nvidia/cosmos-reason2-8b,Vehicle Safety,"<0.0> 
1. Not visible
2. Not visible
3. Not visible
4. Not visible
5. Not visible
6. Not visible
7. Not visible
8. Not visible
9. Not visible
10. Not visible
11. Not visible
12. Not visible
13. Not visible
14. Not visible"
vlm_runs/2026-06-05,AP_Gate_7_Camera_3,AP_Gate_7_Camera_3_20260605T114500.jpg,vlm_runs/2026-06-05/AP_Gate_7_Camera_3/AP_Gate_7_Camera_3_20260605T114500.jpg,vehicle_prompts,done,2026-06-08T21:17:01.615877+00:00,0.641,0,nvidia/cosmos-reason2-8b,Vehicle Safety,"<0.0> 

[GENERAL VEHICLE SAFETY]
1. Not visible
2. Not visible

[COLLISIONS & NEAR MISSES]
3. Not visible
4. Not visible

[PARKING & ACCESS VIOLATIONS]
5. Not visible
6. Not visible

[SUSPICIOUS VEHICLE BEHAVIOR]
7. Not visible
8. Not visible

[VEHICLE IDENTIFICATION]
9. Not visible
10. Not visible
11. Not visible

[PEDESTRIAN & CHILD SAFETY]
12. Not visible
13. Not visible
14. Not visible"
vlm_runs/2026-06-05,AP_Gate_7_Camera_3,AP_Gate_7_Camera_3_20260605T120000.jpg,vlm_runs/2026-06-05/AP_Gate_7_Camera_3/AP_Gate_7_Camera_3_20260605T120000.jpg,vehicle_prompts,done,2026-06-08T21:17:02.308166+00:00,0.654,0,nvidia/cosmos-reason2-8b,Vehicle Safety,"<0.0> 

[GENERAL VEHICLE SAFETY]
1. Not visible
2. Not visible

[COLLISIONS & NEAR MISSES]
3. Not visible
4. Not visible

[PARKING & ACCESS VIOLATIONS]
5. Not visible
6. Not visible

[SUSPICIOUS VEHICLE BEHAVIOR]
7. Not visible
8. Not visible

[VEHICLE IDENTIFICATION]
9. Not visible
10. Not visible
11. Not visible

[PEDESTRIAN & CHILD SAFETY]
12. Not visible
13. Not visible
14. Not visible"
vlm_runs/2026-06-05,AP_Gate_7_Camera_3,AP_Gate_7_Camera_3_20260605T121500.jpg,vlm_runs/2026-06-05/AP_Gate_7_Camera_3/AP_Gate_7_Camera_3_20260605T121500.jpg,vehicle_prompts,done,2026-06-08T21:17:03.008970+00:00,0.666,0,nvidia/cosmos-reason2-8b,Vehicle Safety,"<0.0> 
[GENERAL VEHICLE SAFETY]
1. Not visible
2. Not visible

[COLLISIONS & NEAR MISSES]
3. Not visible
4. Not visible

[PARKING & ACCESS VIOLATIONS]
5. Not visible
6. Not visible

[SUSPICIOUS VEHICLE BEHAVIOR]
7. Not visible
8. Not visible

[VEHICLE IDENTIFICATION]
9. Not visible
10. Not visible
11. White pickup truck

[PEDESTRIAN & CHILD SAFETY]
12. Not visible
13. Not visible
14. Not visible"
vlm_runs/2026-06-05,AP_Gate_7_Camera_3,AP_Gate_7_Camera_3_20260605T123000.jpg,vlm_runs/2026-06-05/AP_Gate_7_Camera_3/AP_Gate_7_Camera_3_20260605T123000.jpg,vehicle_prompts,done,2026-06-08T21:17:03.731208+00:00,0.438,0,nvidia/cosmos-reason2-8b,Vehicle Safety,"<0.0> 
1. Not visible
2. Not visible
3. Not visible
4. Not visible
5. Not visible
6. Not visible
7. Not visible
8. Not visible
9. Not visible
10. Not visible
11. Not visible
12. Not visible
13. Not visible
14. Not visible"
vlm_runs/2026-06-05,AP_Gate_7_Camera_3,AP_Gate_7_Camera_3_20260605T124500.jpg,vlm_runs/2026-06-05/AP_Gate_7_Camera_3/AP_Gate_7_Camera_3_20260605T124500.jpg,vehicle_prompts,done,2026-06-08T21:17:04.221065+00:00,0.448,0,nvidia/cosmos-reason2-8b,Vehicle Safety,"<0.0> 
1. Not visible
2. Not visible
3. Not visible
4. Not visible
5. Not visible
6. Not visible
7. Not visible
8. Not visible
9. Not visible
10. Not visible
11. Not visible
12. Not visible
13. Not visible
14. Not visible"
vlm_runs/2026-06-05,AP_Gate_7_Camera_3,AP_Gate_7_Camera_3_20260605T130000.jpg,vlm_runs/2026-06-05/AP_Gate_7_Camera_3/AP_Gate_7_Camera_3_20260605T130000.jpg,vehicle_prompts,done,2026-06-08T21:17:04.731115+00:00,0.448,0,nvidia/cosmos-reason2-8b,Vehicle Safety,"<0.0> 
1. Not visible
2. Not visible
3. Not visible
4. Not visible
5. Not visible
6. Not visible
7. Not visible
8. Not visible
9. Not visible
10. Not visible
11. Not visible
12. Not visible
13. Not visible
14. Not visible"
vlm_runs/2026-06-05,AP_Gate_7_Camera_3,AP_Gate_7_Camera_3_20260605T131500.jpg,vlm_runs/2026-06-05/AP_Gate_7_Camera_3/AP_Gate_7_Camera_3_20260605T131500.jpg,vehicle_prompts,done,2026-06-08T21:17:05.230677+00:00,0.434,0,nvidia/cosmos-reason2-8b,Vehicle Safety,"<0.0> 
1. Not visible
2. Not visible
3. Not visible
4. Not visible
5. Not visible
6. Not visible
7. Not visible
8. Not visible
9. Not visible
10. Not visible
11. Not visible
12. Not visible
13. Not visible
14. Not visible"
vlm_runs/2026-06-05,AP_Gate_7_Camera_3,AP_Gate_7_Camera_3_20260605T133000.jpg,vlm_runs/2026-06-05/AP_Gate_7_Camera_3/AP_Gate_7_Camera_3_20260605T133000.jpg,vehicle_prompts,done,2026-06-08T21:17:05.713259+00:00,0.643,0,nvidia/cosmos-reason2-8b,Vehicle Safety,"<0.0> 
[GENERAL VEHICLE SAFETY]
1. Not visible
2. Not visible

[COLLISIONS & NEAR MISSES]
3. Not visible
4. Not visible

[PARKING & ACCESS VIOLATIONS]
5. Not visible
6. Not visible

[SUSPICIOUS VEHICLE BEHAVIOR]
7. Not visible
8. Not visible

[VEHICLE IDENTIFICATION]
9. Not visible
10. Not visible
11. Not visible

[PEDESTRIAN & CHILD SAFETY]
12. Not visible
13. Not visible
14. Not visible"
vlm_runs/2026-06-05,AP_Gate_7_Camera_3,AP_Gate_7_Camera_3_20260605T134500.jpg,vlm_runs/2026-06-05/AP_Gate_7_Camera_3/AP_Gate_7_Camera_3_20260605T134500.jpg,vehicle_prompts,done,2026-06-08T21:17:06.406432+00:00,0.429,0,nvidia/cosmos-reason2-8b,Vehicle Safety,"<0.0> 
1. Not visible
2. Not visible
3. Not visible
4. Not visible
5. Not visible
6. Not visible
7. Not visible
8. Not visible
9. Not visible
10. Not visible
11. Not visible
12. Not visible
13. Not visible
14. Not visible"
vlm_runs/2026-06-05,AP_Gate_7_Camera_3,AP_Gate_7_Camera_3_20260605T140000.jpg,vlm_runs/2026-06-05/AP_Gate_7_Camera_3/AP_Gate_7_Camera_3_20260605T140000.jpg,vehicle_prompts,done,2026-06-08T21:17:06.891269+00:00,0.446,0,nvidia/cosmos-reason2-8b,Vehicle Safety,"<0.0> 
1. Not visible
2. Not visible
3. Not visible
4. Not visible
5. Not visible
6. Not visible
7. Not visible
8. Not visible
9. Not visible
10. Not visible
11. Not visible
12. Not visible
13. Not visible
14. Not visible"
vlm_runs/2026-06-05,AP_Gate_7_Camera_3,AP_Gate_7_Camera_3_20260605T141500.jpg,vlm_runs/2026-06-05/AP_Gate_7_Camera_3/AP_Gate_7_Camera_3_20260605T141500.jpg,vehicle_prompts,done,2026-06-08T21:17:07.390318+00:00,0.644,0,nvidia/cosmos-reason2-8b,Vehicle Safety,"<0.0> 

[GENERAL VEHICLE SAFETY]
1. Not visible
2. Not visible

[COLLISIONS & NEAR MISSES]
3. Not visible
4. Not visible

[PARKING & ACCESS VIOLATIONS]
5. Not visible
6. Not visible

[SUSPICIOUS VEHICLE BEHAVIOR]
7. Not visible
8. Not visible

[VEHICLE IDENTIFICATION]
9. Not visible
10. Not visible
11. Not visible

[PEDESTRIAN & CHILD SAFETY]
12. Not visible
13. Not visible
14. Not visible"
vlm_runs/2026-06-05,AP_Gate_7_Camera_3,AP_Gate_7_Camera_3_20260605T143000.jpg,vlm_runs/2026-06-05/AP_Gate_7_Camera_3/AP_Gate_7_Camera_3_20260605T143000.jpg,vehicle_prompts,done,2026-06-08T21:17:08.086592+00:00,0.428,0,nvidia/cosmos-reason2-8b,Vehicle Safety,"<0.0> 
1. Not visible
2. Not visible
3. Not visible
4. Not visible
5. Not visible
6. Not visible
7. Not visible
8. Not visible
9. Not visible
10. Not visible
11. Not visible
12. Not visible
13. Not visible
14. Not visible"
vlm_runs/2026-06-05,AP_Gate_7_Camera_3,AP_Gate_7_Camera_3_20260605T144500.jpg,vlm_runs/2026-06-05/AP_Gate_7_Camera_3/AP_Gate_7_Camera_3_20260605T144500.jpg,vehicle_prompts,done,2026-06-08T21:17:08.569785+00:00,0.651,0,nvidia/cosmos-reason2-8b,Vehicle Safety,"<0.0> 
[GENERAL VEHICLE SAFETY]
1. Not visible
2. Not visible

[COLLISIONS & NEAR MISSES]
3. Not visible
4. Not visible

[PARKING & ACCESS VIOLATIONS]
5. Not visible
6. Not visible

[SUSPICIOUS VEHICLE BEHAVIOR]
7. Not visible
8. Not visible

[VEHICLE IDENTIFICATION]
9. Not visible
10. Not visible
11. Not visible

[PEDESTRIAN & CHILD SAFETY]
12. Not visible
13. Not visible
14. Not visible"
vlm_runs/2026-06-05,AP_Gate_7_Camera_3,AP_Gate_7_Camera_3_20260605T150000.jpg,vlm_runs/2026-06-05/AP_Gate_7_Camera_3/AP_Gate_7_Camera_3_20260605T150000.jpg,vehicle_prompts,done,2026-06-08T21:17:09.274140+00:00,0.666,0,nvidia/cosmos-reason2-8b,Vehicle Safety,"<0.0> 

[GENERAL VEHICLE SAFETY]
1. Not visible
2. Not visible

[COLLISIONS & NEAR MISSES]
3. Not visible
4. Not visible

[PARKING & ACCESS VIOLATIONS]
5. Not visible
6. Not visible

[SUSPICIOUS VEHICLE BEHAVIOR]
7. Not visible
8. Not visible

[VEHICLE IDENTIFICATION]
9. Not visible
10. Not visible
11. Not visible

[PEDESTRIAN & CHILD SAFETY]
12. Not visible
13. Not visible
14. Not visible"
vlm_runs/2026-06-05,AP_Gate_7_Camera_3,AP_Gate_7_Camera_3_20260605T151500.jpg,vlm_runs/2026-06-05/AP_Gate_7_Camera_3/AP_Gate_7_Camera_3_20260605T151500.jpg,vehicle_prompts,done,2026-06-08T21:17:10.000355+00:00,0.654,0,nvidia/cosmos-reason2-8b,Vehicle Safety,"<0.0> 
[GENERAL VEHICLE SAFETY]
1. Not visible
2. Not visible

[COLLISIONS & NEAR MISSES]
3. Not visible
4. Not visible

[PARKING & ACCESS VIOLATIONS]
5. Not visible
6. Not visible

[SUSPICIOUS VEHICLE BEHAVIOR]
7. Not visible
8. Not visible

[VEHICLE IDENTIFICATION]
9. Not visible
10. Not visible
11. Not visible

[PEDESTRIAN & CHILD SAFETY]
12. Not visible
13. Not visible
14. Not visible"
vlm_runs/2026-06-05,AP_Gate_7_Camera_3,AP_Gate_7_Camera_3_20260605T153000.jpg,vlm_runs/2026-06-05/AP_Gate_7_Camera_3/AP_Gate_7_Camera_3_20260605T153000.jpg,vehicle_prompts,done,2026-06-08T21:17:10.714584+00:00,0.44,0,nvidia/cosmos-reason2-8b,Vehicle Safety,"<0.0> 
1. Not visible
2. Not visible
3. Not visible
4. Not visible
5. Not visible
6. Not visible
7. Not visible
8. Not visible
9. Not visible
10. Not visible
11. Not visible
12. Not visible
13. Not visible
14. Not visible"
vlm_runs/2026-06-05,AP_Gate_7_Camera_3,AP_Gate_7_Camera_3_20260605T154500.jpg,vlm_runs/2026-06-05/AP_Gate_7_Camera_3/AP_Gate_7_Camera_3_20260605T154500.jpg,vehicle_prompts,done,2026-06-08T21:17:11.210225+00:00,0.656,0,nvidia/cosmos-reason2-8b,Vehicle Safety,"<0.0> 
[GENERAL VEHICLE SAFETY]
1. Not visible
2. Not visible

[COLLISIONS & NEAR MISSES]
3. Not visible
4. Not visible

[PARKING & ACCESS VIOLATIONS]
5. Not visible
6. Not visible

[SUSPICIOUS VEHICLE BEHAVIOR]
7. Not visible
8. Not visible

[VEHICLE IDENTIFICATION]
9. Not visible
10. Not visible
11. Not visible

[PEDESTRIAN & CHILD SAFETY]
12. Not visible
13. Not visible
14. Not visible"
vlm_runs/2026-06-05,AP_Gate_7_Camera_3,AP_Gate_7_Camera_3_20260605T160000.jpg,vlm_runs/2026-06-05/AP_Gate_7_Camera_3/AP_Gate_7_Camera_3_20260605T160000.jpg,vehicle_prompts,done,2026-06-08T21:17:11.918641+00:00,0.638,0,nvidia/cosmos-reason2-8b,Vehicle Safety,"<0.0> 

[GENERAL VEHICLE SAFETY]
1. Not visible
2. Not visible

[COLLISIONS & NEAR MISSES]
3. Not visible
4. Not visible

[PARKING & ACCESS VIOLATIONS]
5. Not visible
6. Not visible

[SUSPICIOUS VEHICLE BEHAVIOR]
7. Not visible
8. Not visible

[VEHICLE IDENTIFICATION]
9. Not visible
10. Not visible
11. Not visible

[PEDESTRIAN & CHILD SAFETY]
12. Not visible
13. Not visible
14. Not visible"
vlm_runs/2026-06-05,AP_Gate_7_Camera_3,AP_Gate_7_Camera_3_20260605T161500.jpg,vlm_runs/2026-06-05/AP_Gate_7_Camera_3/AP_Gate_7_Camera_3_20260605T161500.jpg,vehicle_prompts,done,2026-06-08T21:17:12.607915+00:00,0.28,0,nvidia/cosmos-reason2-8b,Vehicle Safety,"0.0 
Not visible"
vlm_runs/2026-06-05,AP_Gate_7_Camera_3,AP_Gate_7_Camera_3_20260605T163000.jpg,vlm_runs/2026-06-05/AP_Gate_7_Camera_3/AP_Gate_7_Camera_3_20260605T163000.jpg,vehicle_prompts,done,2026-06-08T21:17:12.940486+00:00,0.643,0,nvidia/cosmos-reason2-8b,Vehicle Safety,"<0.0> 

[GENERAL VEHICLE SAFETY]
1. Not visible
2. Not visible

[COLLISIONS & NEAR MISSES]
3. Not visible
4. Not visible

[PARKING & ACCESS VIOLATIONS]
5. Not visible
6. Not visible

[SUSPICIOUS VEHICLE BEHAVIOR]
7. Not visible
8. Not visible

[VEHICLE IDENTIFICATION]
9. Not visible
10. Not visible
11. Not visible

[PEDESTRIAN & CHILD SAFETY]
12. Not visible
13. Not visible
14. Not visible"
vlm_runs/2026-06-05,AP_Gate_7_Camera_3,AP_Gate_7_Camera_3_20260605T164500.jpg,vlm_runs/2026-06-05/AP_Gate_7_Camera_3/AP_Gate_7_Camera_3_20260605T164500.jpg,vehicle_prompts,done,2026-06-08T21:17:13.634444+00:00,0.639,0,nvidia/cosmos-reason2-8b,Vehicle Safety,"<0.0> 

[GENERAL VEHICLE SAFETY]
1. Not visible
2. Not visible

[COLLISIONS & NEAR MISSES]
3. Not visible
4. Not visible

[PARKING & ACCESS VIOLATIONS]
5. Not visible
6. Not visible

[SUSPICIOUS VEHICLE BEHAVIOR]
7. Not visible
8. Not visible

[VEHICLE IDENTIFICATION]
9. Not visible
10. Not visible
11. Not visible

[PEDESTRIAN & CHILD SAFETY]
12. Not visible
13. Not visible
14. Not visible"
vlm_runs/2026-06-05,AP_Gate_7_Camera_3,AP_Gate_7_Camera_3_20260605T170000.jpg,vlm_runs/2026-06-05/AP_Gate_7_Camera_3/AP_Gate_7_Camera_3_20260605T170000.jpg,vehicle_prompts,done,2026-06-08T21:17:14.324855+00:00,0.658,0,nvidia/cosmos-reason2-8b,Vehicle Safety,"<0.0> 
[GENERAL VEHICLE SAFETY]
1. Not visible
2. Not visible

[COLLISIONS & NEAR MISSES]
3. Not visible
4. Not visible

[PARKING & ACCESS VIOLATIONS]
5. Not visible
6. Not visible

[SUSPICIOUS VEHICLE BEHAVIOR]
7. Not visible
8. Not visible

[VEHICLE IDENTIFICATION]
9. Not visible
10. Not visible
11. Not visible

[PEDESTRIAN & CHILD SAFETY]
12. Not visible
13. Not visible
14. Not visible"
vlm_runs/2026-06-05,AP_Gate_7_Camera_3,AP_Gate_7_Camera_3_20260605T171500.jpg,vlm_runs/2026-06-05/AP_Gate_7_Camera_3/AP_Gate_7_Camera_3_20260605T171500.jpg,vehicle_prompts,done,2026-06-08T21:17:15.031993+00:00,0.65,0,nvidia/cosmos-reason2-8b,Vehicle Safety,"<0.0> 

[GENERAL VEHICLE SAFETY]
1. Not visible
2. Not visible

[COLLISIONS & NEAR MISSES]
3. Not visible
4. Not visible

[PARKING & ACCESS VIOLATIONS]
5. Not visible
6. Not visible

[SUSPICIOUS VEHICLE BEHAVIOR]
7. Not visible
8. Not visible

[VEHICLE IDENTIFICATION]
9. Not visible
10. Not visible
11. Not visible

[PEDESTRIAN & CHILD SAFETY]
12. Not visible
13. Not visible
14. Not visible"
vlm_runs/2026-06-05,AP_Gate_7_Camera_3,AP_Gate_7_Camera_3_20260605T173000.jpg,vlm_runs/2026-06-05/AP_Gate_7_Camera_3/AP_Gate_7_Camera_3_20260605T173000.jpg,vehicle_prompts,done,2026-06-08T21:17:15.726025+00:00,0.653,0,nvidia/cosmos-reason2-8b,Vehicle Safety,"<0.0> 

[GENERAL VEHICLE SAFETY]
1. Not visible
2. Not visible

[COLLISIONS & NEAR MISSES]
3. Not visible
4. Not visible

[PARKING & ACCESS VIOLATIONS]
5. Not visible
6. Not visible

[SUSPICIOUS VEHICLE BEHAVIOR]
7. Not visible
8. Not visible

[VEHICLE IDENTIFICATION]
9. Not visible
10. Not visible
11. Not visible

[PEDESTRIAN & CHILD SAFETY]
12. Not visible
13. Not visible
14. Not visible"
vlm_runs/2026-06-05,AP_Gate_7_Camera_3,AP_Gate_7_Camera_3_20260605T174500.jpg,vlm_runs/2026-06-05/AP_Gate_7_Camera_3/AP_Gate_7_Camera_3_20260605T174500.jpg,vehicle_prompts,done,2026-06-08T21:17:16.428290+00:00,0.454,0,nvidia/cosmos-reason2-8b,Vehicle Safety,"<0.0> 
1. Not visible
2. Not visible
3. Not visible
4. Not visible
5. Not visible
6. Not visible
7. Not visible
8. Not visible
9. Not visible
10. Not visible
11. Not visible
12. Not visible
13. Not visible
14. Not visible"
vlm_runs/2026-06-05,AP_Gate_7_Camera_3,AP_Gate_7_Camera_3_20260605T180000.jpg,vlm_runs/2026-06-05/AP_Gate_7_Camera_3/AP_Gate_7_Camera_3_20260605T180000.jpg,vehicle_prompts,done,2026-06-08T21:17:16.933870+00:00,0.268,0,nvidia/cosmos-reason2-8b,Vehicle Safety,0.0
vlm_runs/2026-06-05,AP_Gate_7_Camera_3,AP_Gate_7_Camera_3_20260605T181500.jpg,vlm_runs/2026-06-05/AP_Gate_7_Camera_3/AP_Gate_7_Camera_3_20260605T181500.jpg,vehicle_prompts,done,2026-06-08T21:17:17.251285+00:00,0.66,0,nvidia/cosmos-reason2-8b,Vehicle Safety,"<0.0> 
[GENERAL VEHICLE SAFETY]
1. Not visible
2. Not visible

[COLLISIONS & NEAR MISSES]
3. Not visible
4. Not visible

[PARKING & ACCESS VIOLATIONS]
5. Not visible
6. Not visible

[SUSPICIOUS VEHICLE BEHAVIOR]
7. Not visible
8. Not visible

[VEHICLE IDENTIFICATION]
9. Not visible
10. Not visible
11. Not visible

[PEDESTRIAN & CHILD SAFETY]
12. Not visible
13. Not visible
14. Not visible"
vlm_runs/2026-06-05,AP_Gate_7_Camera_3,AP_Gate_7_Camera_3_20260605T183000.jpg,vlm_runs/2026-06-05/AP_Gate_7_Camera_3/AP_Gate_7_Camera_3_20260605T183000.jpg,vehicle_prompts,done,2026-06-08T21:17:17.966580+00:00,0.44,0,nvidia/cosmos-reason2-8b,Vehicle Safety,"<0.0> 
1. Not visible
2. Not visible
3. Not visible
4. Not visible
5. Not visible
6. Not visible
7. Not visible
8. Not visible
9. Not visible
10. Not visible
11. Not visible
12. Not visible
13. Not visible
14. Not visible"
vlm_runs/2026-06-05,AP_Gate_7_Camera_3,AP_Gate_7_Camera_3_20260605T184500.jpg,vlm_runs/2026-06-05/AP_Gate_7_Camera_3/AP_Gate_7_Camera_3_20260605T184500.jpg,vehicle_prompts,done,2026-06-08T21:17:18.461750+00:00,0.657,0,nvidia/cosmos-reason2-8b,Vehicle Safety,"<0.0> 
[GENERAL VEHICLE SAFETY]
1. Not visible
2. Not visible

[COLLISIONS & NEAR MISSES]
3. Not visible
4. Not visible

[PARKING & ACCESS VIOLATIONS]
5. Not visible
6. Not visible

[SUSPICIOUS VEHICLE BEHAVIOR]
7. Not visible
8. Not visible

[VEHICLE IDENTIFICATION]
9. Not visible
10. Not visible
11. Not visible

[PEDESTRIAN & CHILD SAFETY]
12. Not visible
13. Not visible
14. Not visible"
vlm_runs/2026-06-05,AP_Gate_7_Camera_3,AP_Gate_7_Camera_3_20260605T190000.jpg,vlm_runs/2026-06-05/AP_Gate_7_Camera_3/AP_Gate_7_Camera_3_20260605T190000.jpg,vehicle_prompts,done,2026-06-08T21:17:19.172461+00:00,0.267,0,nvidia/cosmos-reason2-8b,Vehicle Safety,0.0
vlm_runs/2026-06-05,AP_Gate_7_Camera_3,AP_Gate_7_Camera_3_20260605T191500.jpg,vlm_runs/2026-06-05/AP_Gate_7_Camera_3/AP_Gate_7_Camera_3_20260605T191500.jpg,vehicle_prompts,done,2026-06-08T21:17:19.498304+00:00,0.642,0,nvidia/cosmos-reason2-8b,Vehicle Safety,"<0.0> 

[GENERAL VEHICLE SAFETY]
1. Not visible
2. Not visible

[COLLISIONS & NEAR MISSES]
3. Not visible
4. Not visible

[PARKING & ACCESS VIOLATIONS]
5. Not visible
6. Not visible

[SUSPICIOUS VEHICLE BEHAVIOR]
7. Not visible
8. Not visible

[VEHICLE IDENTIFICATION]
9. Not visible
10. Not visible
11. Not visible

[PEDESTRIAN & CHILD SAFETY]
12. Not visible
13. Not visible
14. Not visible"
vlm_runs/2026-06-05,AP_Gate_7_Camera_3,AP_Gate_7_Camera_3_20260605T193000.jpg,vlm_runs/2026-06-05/AP_Gate_7_Camera_3/AP_Gate_7_Camera_3_20260605T193000.jpg,vehicle_prompts,done,2026-06-08T21:17:20.193421+00:00,0.669,0,nvidia/cosmos-reason2-8b,Vehicle Safety,"<0.0> 
All vehicles are at safe speed in designated areas.
No vehicle is at an unsafe speed.
No vehicle collisions are observed.
No near-misses are observed.
No vehicles are in fire lanes, emergency corridors, or no-stopping zones.
No vehicles are in wrong-way or restricted areas.
No vehicles are making threatening maneuvers or pursuing pedestrians.
No suspicious contact with parked vehicles is observed.
No vehicles with obscured plates are visible.
No plate numbers are visible.
No vehicle colors, makes, or models are visible.
No individuals are struck or injured by vehicles.
No near misses involving individuals are observed.
No children are struck or at risk."
vlm_runs/2026-06-05,AP_Gate_7_Camera_3,AP_Gate_7_Camera_3_20260605T194500.jpg,vlm_runs/2026-06-05/AP_Gate_7_Camera_3/AP_Gate_7_Camera_3_20260605T194500.jpg,vehicle_prompts,done,2026-06-08T21:17:20.913346+00:00,0.271,0,nvidia/cosmos-reason2-8b,Vehicle Safety,0.0
vlm_runs/2026-06-05,AP_Gate_7_Camera_3,AP_Gate_7_Camera_3_20260605T200000.jpg,vlm_runs/2026-06-05/AP_Gate_7_Camera_3/AP_Gate_7_Camera_3_20260605T200000.jpg,vehicle_prompts,done,2026-06-08T21:17:21.236560+00:00,0.426,0,nvidia/cosmos-reason2-8b,Vehicle Safety,"<0.0> 
1. Not visible
2. Not visible
3. Not visible
4. Not visible
5. Not visible
6. Not visible
7. Not visible
8. Not visible
9. Not visible
10. Not visible
11. Not visible
12. Not visible
13. Not visible
14. Not visible"
vlm_runs/2026-06-05,AP_Gate_7_Camera_3,AP_Gate_7_Camera_3_20260605T201500.jpg,vlm_runs/2026-06-05/AP_Gate_7_Camera_3/AP_Gate_7_Camera_3_20260605T201500.jpg,vehicle_prompts,done,2026-06-08T21:17:21.720344+00:00,0.427,0,nvidia/cosmos-reason2-8b,Vehicle Safety,"<0.0> 
1. Not visible
2. Not visible
3. Not visible
4. Not visible
5. Not visible
6. Not visible
7. Not visible
8. Not visible
9. Not visible
10. Not visible
11. Not visible
12. Not visible
13. Not visible
14. Not visible"
vlm_runs/2026-06-05,AP_Gate_7_Camera_3,AP_Gate_7_Camera_3_20260605T203000.jpg,vlm_runs/2026-06-05/AP_Gate_7_Camera_3/AP_Gate_7_Camera_3_20260605T203000.jpg,vehicle_prompts,done,2026-06-08T21:17:22.194846+00:00,0.64,0,nvidia/cosmos-reason2-8b,Vehicle Safety,"<0.0> 

[GENERAL VEHICLE SAFETY]
1. Not visible
2. Not visible

[COLLISIONS & NEAR MISSES]
3. Not visible
4. Not visible

[PARKING & ACCESS VIOLATIONS]
5. Not visible
6. Not visible

[SUSPICIOUS VEHICLE BEHAVIOR]
7. Not visible
8. Not visible

[VEHICLE IDENTIFICATION]
9. Not visible
10. Not visible
11. Not visible

[PEDESTRIAN & CHILD SAFETY]
12. Not visible
13. Not visible
14. Not visible"
vlm_runs/2026-06-05,AP_Gate_7_Camera_3,AP_Gate_7_Camera_3_20260605T204500.jpg,vlm_runs/2026-06-05/AP_Gate_7_Camera_3/AP_Gate_7_Camera_3_20260605T204500.jpg,vehicle_prompts,done,2026-06-08T21:17:22.888194+00:00,0.422,0,nvidia/cosmos-reason2-8b,Vehicle Safety,"<0.0> 
1. Not visible
2. Not visible
3. Not visible
4. Not visible
5. Not visible
6. Not visible
7. Not visible
8. Not visible
9. Not visible
10. Not visible
11. Not visible
12. Not visible
13. Not visible
14. Not visible"
vlm_runs/2026-06-05,AP_Gate_7_Camera_3,AP_Gate_7_Camera_3_20260605T210000.jpg,vlm_runs/2026-06-05/AP_Gate_7_Camera_3/AP_Gate_7_Camera_3_20260605T210000.jpg,vehicle_prompts,done,2026-06-08T21:17:23.364671+00:00,0.278,0,nvidia/cosmos-reason2-8b,Vehicle Safety,0.0 Not visible
vlm_runs/2026-06-05,AP_Gate_7_Camera_3,AP_Gate_7_Camera_3_20260605T211500.jpg,vlm_runs/2026-06-05/AP_Gate_7_Camera_3/AP_Gate_7_Camera_3_20260605T211500.jpg,vehicle_prompts,done,2026-06-08T21:17:23.695128+00:00,0.641,0,nvidia/cosmos-reason2-8b,Vehicle Safety,"<0.0> 

[GENERAL VEHICLE SAFETY]
1. Not visible
2. Not visible

[COLLISIONS & NEAR MISSES]
3. Not visible
4. Not visible

[PARKING & ACCESS VIOLATIONS]
5. Not visible
6. Not visible

[SUSPICIOUS VEHICLE BEHAVIOR]
7. Not visible
8. Not visible

[VEHICLE IDENTIFICATION]
9. Not visible
10. Not visible
11. Not visible

[PEDESTRIAN & CHILD SAFETY]
12. Not visible
13. Not visible
14. Not visible"
vlm_runs/2026-06-05,AP_Gate_7_Camera_3,AP_Gate_7_Camera_3_20260605T213000.jpg,vlm_runs/2026-06-05/AP_Gate_7_Camera_3/AP_Gate_7_Camera_3_20260605T213000.jpg,vehicle_prompts,done,2026-06-08T21:17:24.387467+00:00,0.288,0,nvidia/cosmos-reason2-8b,Vehicle Safety,0.0 - Not visible
vlm_runs/2026-06-05,AP_Gate_7_Camera_3,AP_Gate_7_Camera_3_20260605T214500.jpg,vlm_runs/2026-06-05/AP_Gate_7_Camera_3/AP_Gate_7_Camera_3_20260605T214500.jpg,vehicle_prompts,done,2026-06-08T21:17:24.729275+00:00,0.443,0,nvidia/cosmos-reason2-8b,Vehicle Safety,0.0 1. Not visible 2. Not visible 3. Not visible 4. Not visible 5. Not visible 6. Not visible 7. Not visible 8. Not visible 9. Not visible 10. Not visible 11. Not visible 12. Not visible 13. Not visible 14. Not visible
vlm_runs/2026-06-05,AP_Gate_7_Camera_3,AP_Gate_7_Camera_3_20260605T220000.jpg,vlm_runs/2026-06-05/AP_Gate_7_Camera_3/AP_Gate_7_Camera_3_20260605T220000.jpg,vehicle_prompts,done,2026-06-08T21:17:25.225049+00:00,0.445,0,nvidia/cosmos-reason2-8b,Vehicle Safety,"<0.0> 
1. Not visible
2. Not visible
3. Not visible
4. Not visible
5. Not visible
6. Not visible
7. Not visible
8. Not visible
9. Not visible
10. Not visible
11. Not visible
12. Not visible
13. Not visible
14. Not visible"
vlm_runs/2026-06-05,AP_Gate_7_Camera_3,AP_Gate_7_Camera_3_20260605T221500.jpg,vlm_runs/2026-06-05/AP_Gate_7_Camera_3/AP_Gate_7_Camera_3_20260605T221500.jpg,vehicle_prompts,done,2026-06-08T21:17:25.724939+00:00,0.441,0,nvidia/cosmos-reason2-8b,Vehicle Safety,"<0.0> 
1. Not visible
2. Not visible
3. Not visible
4. Not visible
5. Not visible
6. Not visible
7. Not visible
8. Not visible
9. Not visible
10. Not visible
11. Not visible
12. Not visible
13. Not visible
14. Not visible"
vlm_runs/2026-06-05,AP_Gate_7_Camera_3,AP_Gate_7_Camera_3_20260605T223000.jpg,vlm_runs/2026-06-05/AP_Gate_7_Camera_3/AP_Gate_7_Camera_3_20260605T223000.jpg,vehicle_prompts,done,2026-06-08T21:17:26.216049+00:00,0.345,0,nvidia/cosmos-reason2-8b,Vehicle Safety,"0.0 Vehicles are not visible in the image, so no assessment can be made regarding speed or safety. Not visible"
vlm_runs/2026-06-05,AP_Gate_7_Camera_3,AP_Gate_7_Camera_3_20260605T224500.jpg,vlm_runs/2026-06-05/AP_Gate_7_Camera_3/AP_Gate_7_Camera_3_20260605T224500.jpg,vehicle_prompts,done,2026-06-08T21:17:26.610787+00:00,0.432,0,nvidia/cosmos-reason2-8b,Vehicle Safety,"<0.0> 
1. Not visible
2. Not visible
3. Not visible
4. Not visible
5. Not visible
6. Not visible
7. Not visible
8. Not visible
9. Not visible
10. Not visible
11. Not visible
12. Not visible
13. Not visible
14. Not visible"
vlm_runs/2026-06-05,AP_Gate_7_Camera_3,AP_Gate_7_Camera_3_20260605T230000.jpg,vlm_runs/2026-06-05/AP_Gate_7_Camera_3/AP_Gate_7_Camera_3_20260605T230000.jpg,vehicle_prompts,done,2026-06-08T21:17:27.089344+00:00,0.259,0,nvidia/cosmos-reason2-8b,Vehicle Safety,0.0
vlm_runs/2026-06-05,AP_Gate_7_Camera_3,AP_Gate_7_Camera_3_20260605T231500.jpg,vlm_runs/2026-06-05/AP_Gate_7_Camera_3/AP_Gate_7_Camera_3_20260605T231500.jpg,vehicle_prompts,done,2026-06-08T21:17:27.397032+00:00,0.437,0,nvidia/cosmos-reason2-8b,Vehicle Safety,"<0.0> 
1. Not visible
2. Not visible
3. Not visible
4. Not visible
5. Not visible
6. Not visible
7. Not visible
8. Not visible
9. Not visible
10. Not visible
11. Not visible
12. Not visible
13. Not visible
14. Not visible"
vlm_runs/2026-06-05,AP_Gate_7_Camera_3,AP_Gate_7_Camera_3_20260605T233000.jpg,vlm_runs/2026-06-05/AP_Gate_7_Camera_3/AP_Gate_7_Camera_3_20260605T233000.jpg,vehicle_prompts,done,2026-06-08T21:17:27.886791+00:00,0.439,0,nvidia/cosmos-reason2-8b,Vehicle Safety,"<0.0> 
1. Not visible
2. Not visible
3. Not visible
4. Not visible
5. Not visible
6. Not visible
7. Not visible
8. Not visible
9. Not visible
10. Not visible
11. Not visible
12. Not visible
13. Not visible
14. Not visible"
vlm_runs/2026-06-05,AP_Gate_7_Camera_3,AP_Gate_7_Camera_3_20260605T234500.jpg,vlm_runs/2026-06-05/AP_Gate_7_Camera_3/AP_Gate_7_Camera_3_20260605T234500.jpg,vehicle_prompts,done,2026-06-08T21:17:28.378358+00:00,0.643,0,nvidia/cosmos-reason2-8b,Vehicle Safety,"<0.0> 

[GENERAL VEHICLE SAFETY]
1. Not visible
2. Not visible

[COLLISIONS & NEAR MISSES]
3. Not visible
4. Not visible

[PARKING & ACCESS VIOLATIONS]
5. Not visible
6. Not visible

[SUSPICIOUS VEHICLE BEHAVIOR]
7. Not visible
8. Not visible

[VEHICLE IDENTIFICATION]
9. Not visible
10. Not visible
11. Not visible

[PEDESTRIAN & CHILD SAFETY]
12. Not visible
13. Not visible
14. Not visible"
vlm_runs/2026-06-05,AP_Gate_7_Camera_4,AP_Gate_7_Camera_4_20260605T000000.jpg,vlm_runs/2026-06-05/AP_Gate_7_Camera_4/AP_Gate_7_Camera_4_20260605T000000.jpg,vehicle_prompts,done,2026-06-08T21:18:38.033409+00:00,0.434,0,nvidia/cosmos-reason2-8b,Vehicle Safety,"<answer>  
1. Not visible  
2. Not visible  
3. Not visible  
4. Not visible  
5. Not visible  
6. Not visible  
7. Not visible  
8. Not visible  
9. Not visible  
10. Not visible  
11. Not visible  
12. Not visible  
13. Not visible  
14. Not visible  
</answer>"
vlm_runs/2026-06-05,AP_Gate_7_Camera_4,AP_Gate_7_Camera_4_20260605T001500.jpg,vlm_runs/2026-06-05/AP_Gate_7_Camera_4/AP_Gate_7_Camera_4_20260605T001500.jpg,vehicle_prompts,done,2026-06-08T21:18:38.527234+00:00,0.639,0,nvidia/cosmos-reason2-8b,Vehicle Safety,"<0.0> 

[GENERAL VEHICLE SAFETY]
1. Not visible
2. Not visible

[COLLISIONS & NEAR MISSES]
3. Not visible
4. Not visible

[PARKING & ACCESS VIOLATIONS]
5. Not visible
6. Not visible

[SUSPICIOUS VEHICLE BEHAVIOR]
7. Not visible
8. Not visible

[VEHICLE IDENTIFICATION]
9. Not visible
10. Not visible
11. Not visible

[PEDESTRIAN & CHILD SAFETY]
12. Not visible
13. Not visible
14. Not visible"
vlm_runs/2026-06-05,AP_Gate_7_Camera_4,AP_Gate_7_Camera_4_20260605T003000.jpg,vlm_runs/2026-06-05/AP_Gate_7_Camera_4/AP_Gate_7_Camera_4_20260605T003000.jpg,vehicle_prompts,done,2026-06-08T21:18:39.216707+00:00,0.646,0,nvidia/cosmos-reason2-8b,Vehicle Safety,"<0.0> 

[GENERAL VEHICLE SAFETY]
1. Not visible
2. Not visible

[COLLISIONS & NEAR MISSES]
3. Not visible
4. Not visible

[PARKING & ACCESS VIOLATIONS]
5. Not visible
6. Not visible

[SUSPICIOUS VEHICLE BEHAVIOR]
7. Not visible
8. Not visible

[VEHICLE IDENTIFICATION]
9. Not visible
10. Not visible
11. Not visible

[PEDESTRIAN & CHILD SAFETY]
12. Not visible
13. Not visible
14. Not visible"
vlm_runs/2026-06-05,AP_Gate_7_Camera_4,AP_Gate_7_Camera_4_20260605T004500.jpg,vlm_runs/2026-06-05/AP_Gate_7_Camera_4/AP_Gate_7_Camera_4_20260605T004500.jpg,vehicle_prompts,done,2026-06-08T21:18:39.910661+00:00,0.431,0,nvidia/cosmos-reason2-8b,Vehicle Safety,"<0.0> 
1. Not visible
2. Not visible
3. Not visible
4. Not visible
5. Not visible
6. Not visible
7. Not visible
8. Not visible
9. Not visible
10. Not visible
11. Not visible
12. Not visible
13. Not visible
14. Not visible"
vlm_runs/2026-06-05,AP_Gate_7_Camera_4,AP_Gate_7_Camera_4_20260605T010000.jpg,vlm_runs/2026-06-05/AP_Gate_7_Camera_4/AP_Gate_7_Camera_4_20260605T010000.jpg,vehicle_prompts,done,2026-06-08T21:18:40.393424+00:00,0.637,0,nvidia/cosmos-reason2-8b,Vehicle Safety,"<0.0> 

[GENERAL VEHICLE SAFETY]
1. Not visible
2. Not visible

[COLLISIONS & NEAR MISSES]
3. Not visible
4. Not visible

[PARKING & ACCESS VIOLATIONS]
5. Not visible
6. Not visible

[SUSPICIOUS VEHICLE BEHAVIOR]
7. Not visible
8. Not visible

[VEHICLE IDENTIFICATION]
9. Not visible
10. Not visible
11. Not visible

[PEDESTRIAN & CHILD SAFETY]
12. Not visible
13. Not visible
14. Not visible"
vlm_runs/2026-06-05,AP_Gate_7_Camera_4,AP_Gate_7_Camera_4_20260605T011500.jpg,vlm_runs/2026-06-05/AP_Gate_7_Camera_4/AP_Gate_7_Camera_4_20260605T011500.jpg,vehicle_prompts,done,2026-06-08T21:18:41.077447+00:00,0.422,0,nvidia/cosmos-reason2-8b,Vehicle Safety,"<0.0> 
1. Not visible
2. Not visible
3. Not visible
4. Not visible
5. Not visible
6. Not visible
7. Not visible
8. Not visible
9. Not visible
10. Not visible
11. Not visible
12. Not visible
13. Not visible
14. Not visible"
vlm_runs/2026-06-05,AP_Gate_7_Camera_4,AP_Gate_7_Camera_4_20260605T013000.jpg,vlm_runs/2026-06-05/AP_Gate_7_Camera_4/AP_Gate_7_Camera_4_20260605T013000.jpg,vehicle_prompts,done,2026-06-08T21:18:41.554116+00:00,0.349,0,nvidia/cosmos-reason2-8b,Vehicle Safety,"<0.0> 

[SUSPICIOUS VEHICLE BEHAVIOR]
7. Not visible"
vlm_runs/2026-06-05,AP_Gate_7_Camera_4,AP_Gate_7_Camera_4_20260605T014500.jpg,vlm_runs/2026-06-05/AP_Gate_7_Camera_4/AP_Gate_7_Camera_4_20260605T014500.jpg,vehicle_prompts,done,2026-06-08T21:18:41.958780+00:00,0.64,0,nvidia/cosmos-reason2-8b,Vehicle Safety,"<0.0> 

[GENERAL VEHICLE SAFETY]
1. Not visible
2. Not visible

[COLLISIONS & NEAR MISSES]
3. Not visible
4. Not visible

[PARKING & ACCESS VIOLATIONS]
5. Not visible
6. Not visible

[SUSPICIOUS VEHICLE BEHAVIOR]
7. Not visible
8. Not visible

[VEHICLE IDENTIFICATION]
9. Not visible
10. Not visible
11. Not visible

[PEDESTRIAN & CHILD SAFETY]
12. Not visible
13. Not visible
14. Not visible"
vlm_runs/2026-06-05,AP_Gate_7_Camera_4,AP_Gate_7_Camera_4_20260605T020000.jpg,vlm_runs/2026-06-05/AP_Gate_7_Camera_4/AP_Gate_7_Camera_4_20260605T020000.jpg,vehicle_prompts,done,2026-06-08T21:18:42.652066+00:00,0.644,0,nvidia/cosmos-reason2-8b,Vehicle Safety,"<0.0> 

[GENERAL VEHICLE SAFETY]
1. Not visible
2. Not visible

[COLLISIONS & NEAR MISSES]
3. Not visible
4. Not visible

[PARKING & ACCESS VIOLATIONS]
5. Not visible
6. Not visible

[SUSPICIOUS VEHICLE BEHAVIOR]
7. Not visible
8. Not visible

[VEHICLE IDENTIFICATION]
9. Not visible
10. Not visible
11. Not visible

[PEDESTRIAN & CHILD SAFETY]
12. Not visible
13. Not visible
14. Not visible"
vlm_runs/2026-06-05,AP_Gate_7_Camera_4,AP_Gate_7_Camera_4_20260605T021500.jpg,vlm_runs/2026-06-05/AP_Gate_7_Camera_4/AP_Gate_7_Camera_4_20260605T021500.jpg,vehicle_prompts,done,2026-06-08T21:18:43.350869+00:00,0.636,0,nvidia/cosmos-reason2-8b,Vehicle Safety,"<0.0> 

[GENERAL VEHICLE SAFETY]
1. Not visible
2. Not visible

[COLLISIONS & NEAR MISSES]
3. Not visible
4. Not visible

[PARKING & ACCESS VIOLATIONS]
5. Not visible
6. Not visible

[SUSPICIOUS VEHICLE BEHAVIOR]
7. Not visible
8. Not visible

[VEHICLE IDENTIFICATION]
9. Not visible
10. Not visible
11. Not visible

[PEDESTRIAN & CHILD SAFETY]
12. Not visible
13. Not visible
14. Not visible"
vlm_runs/2026-06-05,AP_Gate_7_Camera_4,AP_Gate_7_Camera_4_20260605T023000.jpg,vlm_runs/2026-06-05/AP_Gate_7_Camera_4/AP_Gate_7_Camera_4_20260605T023000.jpg,vehicle_prompts,done,2026-06-08T21:18:44.038671+00:00,0.632,0,nvidia/cosmos-reason2-8b,Vehicle Safety,"<0.0> 

[GENERAL VEHICLE SAFETY]
1. Not visible
2. Not visible

[COLLISIONS & NEAR MISSES]
3. Not visible
4. Not visible

[PARKING & ACCESS VIOLATIONS]
5. Not visible
6. Not visible

[SUSPICIOUS VEHICLE BEHAVIOR]
7. Not visible
8. Not visible

[VEHICLE IDENTIFICATION]
9. Not visible
10. Not visible
11. Not visible

[PEDESTRIAN & CHILD SAFETY]
12. Not visible
13. Not visible
14. Not visible"
vlm_runs/2026-06-05,AP_Gate_7_Camera_4,AP_Gate_7_Camera_4_20260605T024500.jpg,vlm_runs/2026-06-05/AP_Gate_7_Camera_4/AP_Gate_7_Camera_4_20260605T024500.jpg,vehicle_prompts,done,2026-06-08T21:18:44.723386+00:00,0.645,0,nvidia/cosmos-reason2-8b,Vehicle Safety,"<0.0> 

[GENERAL VEHICLE SAFETY]
1. Not visible
2. Not visible

[COLLISIONS & NEAR MISSES]
3. Not visible
4. Not visible

[PARKING & ACCESS VIOLATIONS]
5. Not visible
6. Not visible

[SUSPICIOUS VEHICLE BEHAVIOR]
7. Not visible
8. Not visible

[VEHICLE IDENTIFICATION]
9. Not visible
10. Not visible
11. Not visible

[PEDESTRIAN & CHILD SAFETY]
12. Not visible
13. Not visible
14. Not visible"
vlm_runs/2026-06-05,AP_Gate_7_Camera_4,AP_Gate_7_Camera_4_20260605T030000.jpg,vlm_runs/2026-06-05/AP_Gate_7_Camera_4/AP_Gate_7_Camera_4_20260605T030000.jpg,vehicle_prompts,done,2026-06-08T21:18:45.418165+00:00,0.643,0,nvidia/cosmos-reason2-8b,Vehicle Safety,"<0.0> 

[GENERAL VEHICLE SAFETY]
1. Not visible
2. Not visible

[COLLISIONS & NEAR MISSES]
3. Not visible
4. Not visible

[PARKING & ACCESS VIOLATIONS]
5. Not visible
6. Not visible

[SUSPICIOUS VEHICLE BEHAVIOR]
7. Not visible
8. Not visible

[VEHICLE IDENTIFICATION]
9. Not visible
10. Not visible
11. Not visible

[PEDESTRIAN & CHILD SAFETY]
12. Not visible
13. Not visible
14. Not visible"
vlm_runs/2026-06-05,AP_Gate_7_Camera_4,AP_Gate_7_Camera_4_20260605T031500.jpg,vlm_runs/2026-06-05/AP_Gate_7_Camera_4/AP_Gate_7_Camera_4_20260605T031500.jpg,vehicle_prompts,done,2026-06-08T21:18:46.109804+00:00,0.65,0,nvidia/cosmos-reason2-8b,Vehicle Safety,"<0.0> 

[GENERAL VEHICLE SAFETY]
1. Not visible
2. Not visible

[COLLISIONS & NEAR MISSES]
3. Not visible
4. Not visible

[PARKING & ACCESS VIOLATIONS]
5. Not visible
6. Not visible

[SUSPICIOUS VEHICLE BEHAVIOR]
7. Not visible
8. Not visible

[VEHICLE IDENTIFICATION]
9. Not visible
10. Not visible
11. Not visible

[PEDESTRIAN & CHILD SAFETY]
12. Not visible
13. Not visible
14. Not visible"
vlm_runs/2026-06-05,AP_Gate_7_Camera_4,AP_Gate_7_Camera_4_20260605T033000.jpg,vlm_runs/2026-06-05/AP_Gate_7_Camera_4/AP_Gate_7_Camera_4_20260605T033000.jpg,vehicle_prompts,done,2026-06-08T21:18:46.808212+00:00,0.644,0,nvidia/cosmos-reason2-8b,Vehicle Safety,"<0.0> 

[GENERAL VEHICLE SAFETY]
1. Not visible
2. Not visible

[COLLISIONS & NEAR MISSES]
3. Not visible
4. Not visible

[PARKING & ACCESS VIOLATIONS]
5. Not visible
6. Not visible

[SUSPICIOUS VEHICLE BEHAVIOR]
7. Not visible
8. Not visible

[VEHICLE IDENTIFICATION]
9. Not visible
10. Not visible
11. Not visible

[PEDESTRIAN & CHILD SAFETY]
12. Not visible
13. Not visible
14. Not visible"
vlm_runs/2026-06-05,AP_Gate_7_Camera_4,AP_Gate_7_Camera_4_20260605T034500.jpg,vlm_runs/2026-06-05/AP_Gate_7_Camera_4/AP_Gate_7_Camera_4_20260605T034500.jpg,vehicle_prompts,done,2026-06-08T21:18:47.505321+00:00,0.651,0,nvidia/cosmos-reason2-8b,Vehicle Safety,"<0.0> 

[GENERAL VEHICLE SAFETY]
1. Not visible
2. Not visible

[COLLISIONS & NEAR MISSES]
3. Not visible
4. Not visible

[PARKING & ACCESS VIOLATIONS]
5. Not visible
6. Not visible

[SUSPICIOUS VEHICLE BEHAVIOR]
7. Not visible
8. Not visible

[VEHICLE IDENTIFICATION]
9. Not visible
10. Not visible
11. Not visible

[PEDESTRIAN & CHILD SAFETY]
12. Not visible
13. Not visible
14. Not visible"
vlm_runs/2026-06-05,AP_Gate_7_Camera_4,AP_Gate_7_Camera_4_20260605T040000.jpg,vlm_runs/2026-06-05/AP_Gate_7_Camera_4/AP_Gate_7_Camera_4_20260605T040000.jpg,vehicle_prompts,done,2026-06-08T21:18:48.208276+00:00,0.644,0,nvidia/cosmos-reason2-8b,Vehicle Safety,"<0.0> 

[GENERAL VEHICLE SAFETY]
1. Not visible
2. Not visible

[COLLISIONS & NEAR MISSES]
3. Not visible
4. Not visible

[PARKING & ACCESS VIOLATIONS]
5. Not visible
6. Not visible

[SUSPICIOUS VEHICLE BEHAVIOR]
7. Not visible
8. Not visible

[VEHICLE IDENTIFICATION]
9. Not visible
10. Not visible
11. Not visible

[PEDESTRIAN & CHILD SAFETY]
12. Not visible
13. Not visible
14. Not visible"
vlm_runs/2026-06-05,AP_Gate_7_Camera_4,AP_Gate_7_Camera_4_20260605T041500.jpg,vlm_runs/2026-06-05/AP_Gate_7_Camera_4/AP_Gate_7_Camera_4_20260605T041500.jpg,vehicle_prompts,done,2026-06-08T21:18:48.908162+00:00,0.669,0,nvidia/cosmos-reason2-8b,Vehicle Safety,"<0.0> 

[GENERAL VEHICLE SAFETY]
1. Not visible
2. Not visible

[COLLISIONS & NEAR MISSES]
3. Not visible
4. Not visible

[PARKING & ACCESS VIOLATIONS]
5. Not visible
6. Not visible

[SUSPICIOUS VEHICLE BEHAVIOR]
7. Not visible
8. Not visible

[VEHICLE IDENTIFICATION]
9. Not visible
10. Not visible
11. Not visible

[PEDESTRIAN & CHILD SAFETY]
12. Not visible
13. Not visible
14. Not visible"
vlm_runs/2026-06-05,AP_Gate_7_Camera_4,AP_Gate_7_Camera_4_20260605T043000.jpg,vlm_runs/2026-06-05/AP_Gate_7_Camera_4/AP_Gate_7_Camera_4_20260605T043000.jpg,vehicle_prompts,done,2026-06-08T21:18:49.636976+00:00,0.659,0,nvidia/cosmos-reason2-8b,Vehicle Safety,"<0.0> 

[GENERAL VEHICLE SAFETY]
1. Not visible
2. Not visible

[COLLISIONS & NEAR MISSES]
3. Not visible
4. Not visible

[PARKING & ACCESS VIOLATIONS]
5. Not visible
6. Not visible

[SUSPICIOUS VEHICLE BEHAVIOR]
7. Not visible
8. Not visible

[VEHICLE IDENTIFICATION]
9. Not visible
10. Not visible
11. Not visible

[PEDESTRIAN & CHILD SAFETY]
12. Not visible
13. Not visible
14. Not visible"
vlm_runs/2026-06-05,AP_Gate_7_Camera_4,AP_Gate_7_Camera_4_20260605T044500.jpg,vlm_runs/2026-06-05/AP_Gate_7_Camera_4/AP_Gate_7_Camera_4_20260605T044500.jpg,vehicle_prompts,done,2026-06-08T21:18:50.356226+00:00,0.424,0,nvidia/cosmos-reason2-8b,Vehicle Safety,"<0.0> 
1. Not visible
2. Not visible
3. Not visible
4. Not visible
5. Not visible
6. Not visible
7. Not visible
8. Not visible
9. Not visible
10. Not visible
11. Not visible
12. Not visible
13. Not visible
14. Not visible"
vlm_runs/2026-06-05,AP_Gate_7_Camera_4,AP_Gate_7_Camera_4_20260605T050000.jpg,vlm_runs/2026-06-05/AP_Gate_7_Camera_4/AP_Gate_7_Camera_4_20260605T050000.jpg,vehicle_prompts,done,2026-06-08T21:18:50.837142+00:00,0.657,0,nvidia/cosmos-reason2-8b,Vehicle Safety,"<0.0> 

[GENERAL VEHICLE SAFETY]
1. Not visible
2. Not visible

[COLLISIONS & NEAR MISSES]
3. Not visible
4. Not visible

[PARKING & ACCESS VIOLATIONS]
5. Not visible
6. Not visible

[SUSPICIOUS VEHICLE BEHAVIOR]
7. Not visible
8. Not visible

[VEHICLE IDENTIFICATION]
9. Not visible
10. Not visible
11. Not visible

[PEDESTRIAN & CHILD SAFETY]
12. Not visible
13. Not visible
14. Not visible"
vlm_runs/2026-06-05,AP_Gate_7_Camera_4,AP_Gate_7_Camera_4_20260605T051500.jpg,vlm_runs/2026-06-05/AP_Gate_7_Camera_4/AP_Gate_7_Camera_4_20260605T051500.jpg,vehicle_prompts,done,2026-06-08T21:18:51.558469+00:00,0.436,0,nvidia/cosmos-reason2-8b,Vehicle Safety,"<0.0> 
1. Not visible
2. Not visible
3. Not visible
4. Not visible
5. Not visible
6. Not visible
7. Not visible
8. Not visible
9. Not visible
10. Not visible
11. Not visible
12. Not visible
13. Not visible
14. Not visible"
vlm_runs/2026-06-05,AP_Gate_7_Camera_4,AP_Gate_7_Camera_4_20260605T053000.jpg,vlm_runs/2026-06-05/AP_Gate_7_Camera_4/AP_Gate_7_Camera_4_20260605T053000.jpg,vehicle_prompts,done,2026-06-08T21:18:52.046565+00:00,0.43,0,nvidia/cosmos-reason2-8b,Vehicle Safety,"<0.0> 
1. Not visible
2. Not visible
3. Not visible
4. Not visible
5. Not visible
6. Not visible
7. Not visible
8. Not visible
9. Not visible
10. Not visible
11. Not visible
12. Not visible
13. Not visible
14. Not visible"
vlm_runs/2026-06-05,AP_Gate_7_Camera_4,AP_Gate_7_Camera_4_20260605T054500.jpg,vlm_runs/2026-06-05/AP_Gate_7_Camera_4/AP_Gate_7_Camera_4_20260605T054500.jpg,vehicle_prompts,done,2026-06-08T21:18:52.533232+00:00,0.654,0,nvidia/cosmos-reason2-8b,Vehicle Safety,"<0.0> 
[GENERAL VEHICLE SAFETY]
1. Not visible
2. Not visible

[COLLISIONS & NEAR MISSES]
3. Not visible
4. Not visible

[PARKING & ACCESS VIOLATIONS]
5. Not visible
6. Not visible

[SUSPICIOUS VEHICLE BEHAVIOR]
7. Not visible
8. Not visible

[VEHICLE IDENTIFICATION]
9. Not visible
10. Not visible
11. Not visible

[PEDESTRIAN & CHILD SAFETY]
12. Not visible
13. Not visible
14. Not visible"
vlm_runs/2026-06-05,AP_Gate_7_Camera_4,AP_Gate_7_Camera_4_20260605T060000.jpg,vlm_runs/2026-06-05/AP_Gate_7_Camera_4/AP_Gate_7_Camera_4_20260605T060000.jpg,vehicle_prompts,done,2026-06-08T21:18:53.248576+00:00,0.274,0,nvidia/cosmos-reason2-8b,Vehicle Safety,"<0.0> 
Not visible"
vlm_runs/2026-06-05,AP_Gate_7_Camera_4,AP_Gate_7_Camera_4_20260605T061500.jpg,vlm_runs/2026-06-05/AP_Gate_7_Camera_4/AP_Gate_7_Camera_4_20260605T061500.jpg,vehicle_prompts,done,2026-06-08T21:18:53.576212+00:00,0.274,0,nvidia/cosmos-reason2-8b,Vehicle Safety,"<0.0> 
Not visible"
vlm_runs/2026-06-05,AP_Gate_7_Camera_4,AP_Gate_7_Camera_4_20260605T063000.jpg,vlm_runs/2026-06-05/AP_Gate_7_Camera_4/AP_Gate_7_Camera_4_20260605T063000.jpg,vehicle_prompts,done,2026-06-08T21:18:53.897897+00:00,0.273,0,nvidia/cosmos-reason2-8b,Vehicle Safety,"<0.0> 
Not visible"
vlm_runs/2026-06-05,AP_Gate_7_Camera_4,AP_Gate_7_Camera_4_20260605T064500.jpg,vlm_runs/2026-06-05/AP_Gate_7_Camera_4/AP_Gate_7_Camera_4_20260605T064500.jpg,vehicle_prompts,done,2026-06-08T21:18:54.223328+00:00,0.774,0,nvidia/cosmos-reason2-8b,Vehicle Safety,"<0.0> 
Not visible"
vlm_runs/2026-06-05,AP_Gate_7_Camera_4,AP_Gate_7_Camera_4_20260605T070000.jpg,vlm_runs/2026-06-05/AP_Gate_7_Camera_4/AP_Gate_7_Camera_4_20260605T070000.jpg,vehicle_prompts,done,2026-06-08T21:18:55.049615+00:00,0.652,0,nvidia/cosmos-reason2-8b,Vehicle Safety,"<0.0> 
[GENERAL VEHICLE SAFETY]
1. Not visible
2. Not visible

[COLLISIONS & NEAR MISSES]
3. Not visible
4. Not visible

[PARKING & ACCESS VIOLATIONS]
5. Not visible
6. Not visible

[SUSPICIOUS VEHICLE BEHAVIOR]
7. Not visible
8. Not visible

[VEHICLE IDENTIFICATION]
9. Not visible
10. Not visible
11. Not visible

[PEDESTRIAN & CHILD SAFETY]
12. Not visible
13. Not visible
14. Not visible"
vlm_runs/2026-06-05,AP_Gate_7_Camera_4,AP_Gate_7_Camera_4_20260605T071500.jpg,vlm_runs/2026-06-05/AP_Gate_7_Camera_4/AP_Gate_7_Camera_4_20260605T071500.jpg,vehicle_prompts,done,2026-06-08T21:18:55.754847+00:00,0.651,0,nvidia/cosmos-reason2-8b,Vehicle Safety,"<0.0> 
[GENERAL VEHICLE SAFETY]
1. Not visible
2. Not visible

[COLLISIONS & NEAR MISSES]
3. Not visible
4. Not visible

[PARKING & ACCESS VIOLATIONS]
5. Not visible
6. Not visible

[SUSPICIOUS VEHICLE BEHAVIOR]
7. Not visible
8. Not visible

[VEHICLE IDENTIFICATION]
9. Not visible
10. Not visible
11. Orange

[PEDESTRIAN & CHILD SAFETY]
12. Not visible
13. Not visible
14. Not visible"
vlm_runs/2026-06-05,AP_Gate_7_Camera_4,AP_Gate_7_Camera_4_20260605T073000.jpg,vlm_runs/2026-06-05/AP_Gate_7_Camera_4/AP_Gate_7_Camera_4_20260605T073000.jpg,vehicle_prompts,done,2026-06-08T21:18:56.459295+00:00,0.643,0,nvidia/cosmos-reason2-8b,Vehicle Safety,"<0.0> 
[GENERAL VEHICLE SAFETY]
1. Not visible
2. Not visible

[COLLISIONS & NEAR MISSES]
3. Not visible
4. Not visible

[PARKING & ACCESS VIOLATIONS]
5. Not visible
6. Not visible

[SUSPICIOUS VEHICLE BEHAVIOR]
7. Not visible
8. Not visible

[VEHICLE IDENTIFICATION]
9. Not visible
10. Not visible
11. Not visible

[PEDESTRIAN & CHILD SAFETY]
12. Not visible
13. Not visible
14. Not visible"
vlm_runs/2026-06-05,AP_Gate_7_Camera_4,AP_Gate_7_Camera_4_20260605T074500.jpg,vlm_runs/2026-06-05/AP_Gate_7_Camera_4/AP_Gate_7_Camera_4_20260605T074500.jpg,vehicle_prompts,done,2026-06-08T21:18:57.159044+00:00,0.26,0,nvidia/cosmos-reason2-8b,Vehicle Safety,0.0
vlm_runs/2026-06-05,AP_Gate_7_Camera_4,AP_Gate_7_Camera_4_20260605T080000.jpg,vlm_runs/2026-06-05/AP_Gate_7_Camera_4/AP_Gate_7_Camera_4_20260605T080000.jpg,vehicle_prompts,done,2026-06-08T21:18:57.473906+00:00,0.645,0,nvidia/cosmos-reason2-8b,Vehicle Safety,"<0.0> 
[GENERAL VEHICLE SAFETY]
1. Not visible
2. Not visible

[COLLISIONS & NEAR MISSES]
3. Not visible
4. Not visible

[PARKING & ACCESS VIOLATIONS]
5. Not visible
6. Not visible

[SUSPICIOUS VEHICLE BEHAVIOR]
7. Not visible
8. Not visible

[VEHICLE IDENTIFICATION]
9. Not visible
10. Not visible
11. Not visible

[PEDESTRIAN & CHILD SAFETY]
12. Not visible
13. Not visible
14. Not visible"
vlm_runs/2026-06-05,AP_Gate_7_Camera_4,AP_Gate_7_Camera_4_20260605T081500.jpg,vlm_runs/2026-06-05/AP_Gate_7_Camera_4/AP_Gate_7_Camera_4_20260605T081500.jpg,vehicle_prompts,done,2026-06-08T21:18:58.177213+00:00,0.653,0,nvidia/cosmos-reason2-8b,Vehicle Safety,"<0.0> 
[GENERAL VEHICLE SAFETY]
1. Not visible
2. Not visible

[COLLISIONS & NEAR MISSES]
3. Not visible
4. Not visible

[PARKING & ACCESS VIOLATIONS]
5. Not visible
6. Not visible

[SUSPICIOUS VEHICLE BEHAVIOR]
7. Not visible
8. Not visible

[VEHICLE IDENTIFICATION]
9. Not visible
10. Not visible
11. Not visible

[PEDESTRIAN & CHILD SAFETY]
12. Not visible
13. Not visible
14. Not visible"
vlm_runs/2026-06-05,AP_Gate_7_Camera_4,AP_Gate_7_Camera_4_20260605T083000.jpg,vlm_runs/2026-06-05/AP_Gate_7_Camera_4/AP_Gate_7_Camera_4_20260605T083000.jpg,vehicle_prompts,done,2026-06-08T21:18:58.890167+00:00,0.288,0,nvidia/cosmos-reason2-8b,Vehicle Safety,"<0.0> 
Not visible"
vlm_runs/2026-06-05,AP_Gate_7_Camera_4,AP_Gate_7_Camera_4_20260605T084500.jpg,vlm_runs/2026-06-05/AP_Gate_7_Camera_4/AP_Gate_7_Camera_4_20260605T084500.jpg,vehicle_prompts,done,2026-06-08T21:18:59.239610+00:00,0.271,0,nvidia/cosmos-reason2-8b,Vehicle Safety,"<0.0> 
Not visible"
vlm_runs/2026-06-05,AP_Gate_7_Camera_4,AP_Gate_7_Camera_4_20260605T090000.jpg,vlm_runs/2026-06-05/AP_Gate_7_Camera_4/AP_Gate_7_Camera_4_20260605T090000.jpg,vehicle_prompts,done,2026-06-08T21:18:59.562339+00:00,0.252,0,nvidia/cosmos-reason2-8b,Vehicle Safety,0.0
vlm_runs/2026-06-05,AP_Gate_7_Camera_4,AP_Gate_7_Camera_4_20260605T091500.jpg,vlm_runs/2026-06-05/AP_Gate_7_Camera_4/AP_Gate_7_Camera_4_20260605T091500.jpg,vehicle_prompts,done,2026-06-08T21:18:59.866416+00:00,0.644,0,nvidia/cosmos-reason2-8b,Vehicle Safety,"<0.0> 
[GENERAL VEHICLE SAFETY]
1. Not visible
2. Not visible

[COLLISIONS & NEAR MISSES]
3. Not visible
4. Not visible

[PARKING & ACCESS VIOLATIONS]
5. Not visible
6. Not visible

[SUSPICIOUS VEHICLE BEHAVIOR]
7. Not visible
8. Not visible

[VEHICLE IDENTIFICATION]
9. Not visible
10. Not visible
11. Not visible

[PEDESTRIAN & CHILD SAFETY]
12. Not visible
13. Not visible
14. Not visible"
vlm_runs/2026-06-05,AP_Gate_7_Camera_4,AP_Gate_7_Camera_4_20260605T093000.jpg,vlm_runs/2026-06-05/AP_Gate_7_Camera_4/AP_Gate_7_Camera_4_20260605T093000.jpg,vehicle_prompts,done,2026-06-08T21:19:00.558193+00:00,0.282,0,nvidia/cosmos-reason2-8b,Vehicle Safety,"<0.0> 
Not visible"
vlm_runs/2026-06-05,AP_Gate_7_Camera_4,AP_Gate_7_Camera_4_20260605T094500.jpg,vlm_runs/2026-06-05/AP_Gate_7_Camera_4/AP_Gate_7_Camera_4_20260605T094500.jpg,vehicle_prompts,done,2026-06-08T21:19:00.892660+00:00,0.623,0,nvidia/cosmos-reason2-8b,Vehicle Safety,"<0.0> 
[GENERAL VEHICLE SAFETY]
1. Not visible
2. Not visible

[COLLISIONS & NEAR MISSES]
3. Not visible
4. Not visible

[PARKING & ACCESS VIOLATIONS]
5. Not visible
6. Not visible

[SUSPICIOUS VEHICLE BEHAVIOR]
7. Not visible
8. Not visible

[VEHICLE IDENTIFICATION]
9. Not visible
10. Not visible
11. Not visible

[PEDESTRIAN & CHILD SAFETY]
12. Not visible
13. Not visible
14. Not visible"
vlm_runs/2026-06-05,AP_Gate_7_Camera_4,AP_Gate_7_Camera_4_20260605T100000.jpg,vlm_runs/2026-06-05/AP_Gate_7_Camera_4/AP_Gate_7_Camera_4_20260605T100000.jpg,vehicle_prompts,done,2026-06-08T21:19:01.569900+00:00,0.663,0,nvidia/cosmos-reason2-8b,Vehicle Safety,"<0.0> 
[GENERAL VEHICLE SAFETY]
1. Not visible
2. Not visible

[COLLISIONS & NEAR MISSES]
3. Not visible
4. 0

[PARKING & ACCESS VIOLATIONS]
5. Not visible
6. Not visible

[SUSPICIOUS VEHICLE BEHAVIOR]
7. Not visible
8. Not visible

[VEHICLE IDENTIFICATION]
9. Not visible
10. Not visible
11. Not visible

[PEDESTRIAN & CHILD SAFETY]
12. 0
13. 0
14. 0"
vlm_runs/2026-06-05,AP_Gate_7_Camera_4,AP_Gate_7_Camera_4_20260605T101500.jpg,vlm_runs/2026-06-05/AP_Gate_7_Camera_4/AP_Gate_7_Camera_4_20260605T101500.jpg,vehicle_prompts,done,2026-06-08T21:19:02.281552+00:00,0.637,0,nvidia/cosmos-reason2-8b,Vehicle Safety,"<0.0> 
[GENERAL VEHICLE SAFETY]
1. Not visible
2. Not visible

[COLLISIONS & NEAR MISSES]
3. Not visible
4. 0

[PARKING & ACCESS VIOLATIONS]
5. Not visible
6. Not visible

[SUSPICIOUS VEHICLE BEHAVIOR]
7. Not visible
8. Not visible

[VEHICLE IDENTIFICATION]
9. Not visible
10. Not visible
11. Not visible

[PEDESTRIAN & CHILD SAFETY]
12. 0
13. 0
14. 0"
vlm_runs/2026-06-05,AP_Gate_7_Camera_4,AP_Gate_7_Camera_4_20260605T103000.jpg,vlm_runs/2026-06-05/AP_Gate_7_Camera_4/AP_Gate_7_Camera_4_20260605T103000.jpg,vehicle_prompts,done,2026-06-08T21:19:02.967812+00:00,0.276,0,nvidia/cosmos-reason2-8b,Vehicle Safety,"<0.0> 
Not visible"
vlm_runs/2026-06-05,AP_Gate_7_Camera_4,AP_Gate_7_Camera_4_20260605T104500.jpg,vlm_runs/2026-06-05/AP_Gate_7_Camera_4/AP_Gate_7_Camera_4_20260605T104500.jpg,vehicle_prompts,done,2026-06-08T21:19:03.293086+00:00,0.629,0,nvidia/cosmos-reason2-8b,Vehicle Safety,"<0.0> 
[GENERAL VEHICLE SAFETY]
1. Not visible
2. Not visible

[COLLISIONS & NEAR MISSES]
3. Not visible
4. Not visible

[PARKING & ACCESS VIOLATIONS]
5. Not visible
6. Not visible

[SUSPICIOUS VEHICLE BEHAVIOR]
7. Not visible
8. Not visible

[VEHICLE IDENTIFICATION]
9. Not visible
10. Not visible
11. Not visible

[PEDESTRIAN & CHILD SAFETY]
12. Not visible
13. Not visible
14. Not visible"
vlm_runs/2026-06-05,AP_Gate_7_Camera_4,AP_Gate_7_Camera_4_20260605T110000.jpg,vlm_runs/2026-06-05/AP_Gate_7_Camera_4/AP_Gate_7_Camera_4_20260605T110000.jpg,vehicle_prompts,done,2026-06-08T21:19:03.981785+00:00,0.651,0,nvidia/cosmos-reason2-8b,Vehicle Safety,"<0.0> 
[GENERAL VEHICLE SAFETY]
1. Not visible
2. Not visible

[COLLISIONS & NEAR MISSES]
3. Not visible
4. Not visible

[PARKING & ACCESS VIOLATIONS]
5. Not visible
6. Not visible

[SUSPICIOUS VEHICLE BEHAVIOR]
7. Not visible
8. Not visible

[VEHICLE IDENTIFICATION]
9. Not visible
10. Not visible
11. Not visible

[PEDESTRIAN & CHILD SAFETY]
12. Not visible
13. Not visible
14. Not visible"
vlm_runs/2026-06-05,AP_Gate_7_Camera_4,AP_Gate_7_Camera_4_20260605T111500.jpg,vlm_runs/2026-06-05/AP_Gate_7_Camera_4/AP_Gate_7_Camera_4_20260605T111500.jpg,vehicle_prompts,done,2026-06-08T21:19:04.681688+00:00,0.661,0,nvidia/cosmos-reason2-8b,Vehicle Safety,"<0.0> 
[GENERAL VEHICLE SAFETY]
1. Not visible
2. Not visible

[COLLISIONS & NEAR MISSES]
3. Not visible
4. 0

[PARKING & ACCESS VIOLATIONS]
5. Not visible
6. Not visible

[SUSPICIOUS VEHICLE BEHAVIOR]
7. Not visible
8. Not visible

[VEHICLE IDENTIFICATION]
9. Not visible
10. Not visible
11. Not visible

[PEDESTRIAN & CHILD SAFETY]
12. 0
13. 0
14. 0"
vlm_runs/2026-06-05,AP_Gate_7_Camera_4,AP_Gate_7_Camera_4_20260605T113000.jpg,vlm_runs/2026-06-05/AP_Gate_7_Camera_4/AP_Gate_7_Camera_4_20260605T113000.jpg,vehicle_prompts,done,2026-06-08T21:19:05.392265+00:00,0.656,0,nvidia/cosmos-reason2-8b,Vehicle Safety,"<0.0> 
[GENERAL VEHICLE SAFETY]
1. Not visible
2. Not visible

[COLLISIONS & NEAR MISSES]
3. Not visible
4. Not visible

[PARKING & ACCESS VIOLATIONS]
5. Not visible
6. Not visible

[SUSPICIOUS VEHICLE BEHAVIOR]
7. Not visible
8. Not visible

[VEHICLE IDENTIFICATION]
9. Not visible
10. Not visible
11. Not visible

[PEDESTRIAN & CHILD SAFETY]
12. Not visible
13. Not visible
14. Not visible"
vlm_runs/2026-06-05,AP_Gate_7_Camera_4,AP_Gate_7_Camera_4_20260605T114500.jpg,vlm_runs/2026-06-05/AP_Gate_7_Camera_4/AP_Gate_7_Camera_4_20260605T114500.jpg,vehicle_prompts,done,2026-06-08T21:19:06.102253+00:00,0.437,0,nvidia/cosmos-reason2-8b,Vehicle Safety,"<0.0> 
1. Not visible
2. Not visible
3. Not visible
4. Not visible
5. Not visible
6. Not visible
7. Not visible
8. Not visible
9. Not visible
10. Not visible
11. Not visible
12. Not visible
13. Not visible
14. Not visible"
vlm_runs/2026-06-05,AP_Gate_7_Camera_4,AP_Gate_7_Camera_4_20260605T120000.jpg,vlm_runs/2026-06-05/AP_Gate_7_Camera_4/AP_Gate_7_Camera_4_20260605T120000.jpg,vehicle_prompts,done,2026-06-08T21:19:06.605886+00:00,0.438,0,nvidia/cosmos-reason2-8b,Vehicle Safety,"<0.0> 
1. Not visible
2. Not visible
3. Not visible
4. Not visible
5. Not visible
6. Not visible
7. Not visible
8. Not visible
9. Not visible
10. Not visible
11. Not visible
12. Not visible
13. Not visible
14. Not visible"
vlm_runs/2026-06-05,AP_Gate_7_Camera_4,AP_Gate_7_Camera_4_20260605T121500.jpg,vlm_runs/2026-06-05/AP_Gate_7_Camera_4/AP_Gate_7_Camera_4_20260605T121500.jpg,vehicle_prompts,done,2026-06-08T21:19:07.099237+00:00,0.631,0,nvidia/cosmos-reason2-8b,Vehicle Safety,"<0.0> 
[GENERAL VEHICLE SAFETY]
1. Not visible
2. Not visible

[COLLISIONS & NEAR MISSES]
3. Not visible
4. Not visible

[PARKING & ACCESS VIOLATIONS]
5. Not visible
6. Not visible

[SUSPICIOUS VEHICLE BEHAVIOR]
7. Not visible
8. Not visible

[VEHICLE IDENTIFICATION]
9. Not visible
10. Not visible
11. Not visible

[PEDESTRIAN & CHILD SAFETY]
12. Not visible
13. Not visible
14. Not visible"
vlm_runs/2026-06-05,AP_Gate_7_Camera_4,AP_Gate_7_Camera_4_20260605T123000.jpg,vlm_runs/2026-06-05/AP_Gate_7_Camera_4/AP_Gate_7_Camera_4_20260605T123000.jpg,vehicle_prompts,done,2026-06-08T21:19:07.785910+00:00,0.288,0,nvidia/cosmos-reason2-8b,Vehicle Safety,"<0.0> 
Not visible"
vlm_runs/2026-06-05,AP_Gate_7_Camera_4,AP_Gate_7_Camera_4_20260605T124500.jpg,vlm_runs/2026-06-05/AP_Gate_7_Camera_4/AP_Gate_7_Camera_4_20260605T124500.jpg,vehicle_prompts,done,2026-06-08T21:19:08.130966+00:00,0.641,0,nvidia/cosmos-reason2-8b,Vehicle Safety,"<0.0> 

[GENERAL VEHICLE SAFETY]
1. Not visible
2. Not visible

[COLLISIONS & NEAR MISSES]
3. Not visible
4. Not visible

[PARKING & ACCESS VIOLATIONS]
5. Not visible
6. Not visible

[SUSPICIOUS VEHICLE BEHAVIOR]
7. Not visible
8. Not visible

[VEHICLE IDENTIFICATION]
9. Not visible
10. Not visible
11. Not visible

[PEDESTRIAN & CHILD SAFETY]
12. Not visible
13. Not visible
14. Not visible"
vlm_runs/2026-06-05,AP_Gate_7_Camera_4,AP_Gate_7_Camera_4_20260605T130000.jpg,vlm_runs/2026-06-05/AP_Gate_7_Camera_4/AP_Gate_7_Camera_4_20260605T130000.jpg,vehicle_prompts,done,2026-06-08T21:19:08.832106+00:00,0.639,0,nvidia/cosmos-reason2-8b,Vehicle Safety,"<0.0> 

[GENERAL VEHICLE SAFETY]
1. Not visible
2. Not visible

[COLLISIONS & NEAR MISSES]
3. Not visible
4. Not visible

[PARKING & ACCESS VIOLATIONS]
5. Not visible
6. Not visible

[SUSPICIOUS VEHICLE BEHAVIOR]
7. Not visible
8. Not visible

[VEHICLE IDENTIFICATION]
9. Not visible
10. Not visible
11. Not visible

[PEDESTRIAN & CHILD SAFETY]
12. Not visible
13. Not visible
14. Not visible"
vlm_runs/2026-06-05,AP_Gate_7_Camera_4,AP_Gate_7_Camera_4_20260605T131500.jpg,vlm_runs/2026-06-05/AP_Gate_7_Camera_4/AP_Gate_7_Camera_4_20260605T131500.jpg,vehicle_prompts,done,2026-06-08T21:19:09.528888+00:00,0.641,0,nvidia/cosmos-reason2-8b,Vehicle Safety,"<0.0> 

[GENERAL VEHICLE SAFETY]
1. Not visible
2. Not visible

[COLLISIONS & NEAR MISSES]
3. Not visible
4. Not visible

[PARKING & ACCESS VIOLATIONS]
5. Not visible
6. Not visible

[SUSPICIOUS VEHICLE BEHAVIOR]
7. Not visible
8. Not visible

[VEHICLE IDENTIFICATION]
9. Not visible
10. Not visible
11. Not visible

[PEDESTRIAN & CHILD SAFETY]
12. Not visible
13. Not visible
14. Not visible"
vlm_runs/2026-06-05,AP_Gate_7_Camera_4,AP_Gate_7_Camera_4_20260605T133000.jpg,vlm_runs/2026-06-05/AP_Gate_7_Camera_4/AP_Gate_7_Camera_4_20260605T133000.jpg,vehicle_prompts,done,2026-06-08T21:19:10.226665+00:00,0.281,0,nvidia/cosmos-reason2-8b,Vehicle Safety,"<0.0> 
Not visible"
vlm_runs/2026-06-05,AP_Gate_7_Camera_4,AP_Gate_7_Camera_4_20260605T134500.jpg,vlm_runs/2026-06-05/AP_Gate_7_Camera_4/AP_Gate_7_Camera_4_20260605T134500.jpg,vehicle_prompts,done,2026-06-08T21:19:10.568179+00:00,0.283,0,nvidia/cosmos-reason2-8b,Vehicle Safety,"<0.0> 
Not visible"
vlm_runs/2026-06-05,AP_Gate_7_Camera_4,AP_Gate_7_Camera_4_20260605T140000.jpg,vlm_runs/2026-06-05/AP_Gate_7_Camera_4/AP_Gate_7_Camera_4_20260605T140000.jpg,vehicle_prompts,done,2026-06-08T21:19:10.900900+00:00,0.639,0,nvidia/cosmos-reason2-8b,Vehicle Safety,"<0.0> 

[GENERAL VEHICLE SAFETY]
1. Not visible
2. Not visible

[COLLISIONS & NEAR MISSES]
3. Not visible
4. Not visible

[PARKING & ACCESS VIOLATIONS]
5. Not visible
6. Not visible

[SUSPICIOUS VEHICLE BEHAVIOR]
7. Not visible
8. Not visible

[VEHICLE IDENTIFICATION]
9. Not visible
10. Not visible
11. Not visible

[PEDESTRIAN & CHILD SAFETY]
12. Not visible
13. Not visible
14. Not visible"
vlm_runs/2026-06-05,AP_Gate_7_Camera_4,AP_Gate_7_Camera_4_20260605T141500.jpg,vlm_runs/2026-06-05/AP_Gate_7_Camera_4/AP_Gate_7_Camera_4_20260605T141500.jpg,vehicle_prompts,done,2026-06-08T21:19:11.583115+00:00,0.285,0,nvidia/cosmos-reason2-8b,Vehicle Safety,"<0.0> 
Not visible"
vlm_runs/2026-06-05,AP_Gate_7_Camera_4,AP_Gate_7_Camera_4_20260605T143000.jpg,vlm_runs/2026-06-05/AP_Gate_7_Camera_4/AP_Gate_7_Camera_4_20260605T143000.jpg,vehicle_prompts,done,2026-06-08T21:19:11.925128+00:00,0.296,0,nvidia/cosmos-reason2-8b,Vehicle Safety,"<0.0> 
Not visible"
vlm_runs/2026-06-05,AP_Gate_7_Camera_4,AP_Gate_7_Camera_4_20260605T144500.jpg,vlm_runs/2026-06-05/AP_Gate_7_Camera_4/AP_Gate_7_Camera_4_20260605T144500.jpg,vehicle_prompts,done,2026-06-08T21:19:12.277834+00:00,0.273,0,nvidia/cosmos-reason2-8b,Vehicle Safety,"<0.0> 
Not visible"
vlm_runs/2026-06-05,AP_Gate_7_Camera_4,AP_Gate_7_Camera_4_20260605T150000.jpg,vlm_runs/2026-06-05/AP_Gate_7_Camera_4/AP_Gate_7_Camera_4_20260605T150000.jpg,vehicle_prompts,done,2026-06-08T21:19:12.600857+00:00,0.283,0,nvidia/cosmos-reason2-8b,Vehicle Safety,"<0.0> 
Not visible"
vlm_runs/2026-06-05,AP_Gate_7_Camera_4,AP_Gate_7_Camera_4_20260605T151500.jpg,vlm_runs/2026-06-05/AP_Gate_7_Camera_4/AP_Gate_7_Camera_4_20260605T151500.jpg,vehicle_prompts,done,2026-06-08T21:19:12.930400+00:00,0.271,0,nvidia/cosmos-reason2-8b,Vehicle Safety,"<0.0> 
Not visible"
vlm_runs/2026-06-05,AP_Gate_7_Camera_4,AP_Gate_7_Camera_4_20260605T153000.jpg,vlm_runs/2026-06-05/AP_Gate_7_Camera_4/AP_Gate_7_Camera_4_20260605T153000.jpg,vehicle_prompts,done,2026-06-08T21:19:13.255838+00:00,0.445,0,nvidia/cosmos-reason2-8b,Vehicle Safety,"<0.0> 
1. Not visible
2. Not visible
3. Not visible
4. Not visible
5. Not visible
6. Not visible
7. Not visible
8. Not visible
9. Not visible
10. Not visible
11. Not visible
12. Not visible
13. Not visible
14. Not visible"
vlm_runs/2026-06-05,AP_Gate_7_Camera_4,AP_Gate_7_Camera_4_20260605T154500.jpg,vlm_runs/2026-06-05/AP_Gate_7_Camera_4/AP_Gate_7_Camera_4_20260605T154500.jpg,vehicle_prompts,done,2026-06-08T21:19:13.760079+00:00,0.282,0,nvidia/cosmos-reason2-8b,Vehicle Safety,"<0.0> 
Not visible"
vlm_runs/2026-06-05,AP_Gate_7_Camera_4,AP_Gate_7_Camera_4_20260605T160000.jpg,vlm_runs/2026-06-05/AP_Gate_7_Camera_4/AP_Gate_7_Camera_4_20260605T160000.jpg,vehicle_prompts,done,2026-06-08T21:19:14.094155+00:00,0.625,0,nvidia/cosmos-reason2-8b,Vehicle Safety,"<0.0> 

[GENERAL VEHICLE SAFETY]
1. Not visible
2. Not visible

[COLLISIONS & NEAR MISSES]
3. Not visible
4. Not visible

[PARKING & ACCESS VIOLATIONS]
5. Not visible
6. Not visible

[SUSPICIOUS VEHICLE BEHAVIOR]
7. Not visible
8. Not visible

[VEHICLE IDENTIFICATION]
9. Not visible
10. Not visible
11. Not visible

[PEDESTRIAN & CHILD SAFETY]
12. Not visible
13. Not visible
14. Not visible"
vlm_runs/2026-06-05,AP_Gate_7_Camera_4,AP_Gate_7_Camera_4_20260605T161500.jpg,vlm_runs/2026-06-05/AP_Gate_7_Camera_4/AP_Gate_7_Camera_4_20260605T161500.jpg,vehicle_prompts,done,2026-06-08T21:19:14.774766+00:00,0.644,0,nvidia/cosmos-reason2-8b,Vehicle Safety,"<0.0> 

All vehicles are at safe speed in designated areas.
No vehicle is at an unsafe speed.
No vehicle collisions are observed.
No near-misses are observed.
No vehicles are in fire lanes, emergency corridors, or no-stopping zones.
No vehicles are in wrong-way or restricted areas.
No vehicles are making threatening maneuvers or pursuing pedestrians.
No suspicious contact with parked vehicles is observed.
No vehicles with obscured or missing plates are visible.
No individuals are struck or injured by vehicles.
No near misses involving individuals are observed.
No children are struck or at risk."
vlm_runs/2026-06-05,AP_Gate_7_Camera_4,AP_Gate_7_Camera_4_20260605T163000.jpg,vlm_runs/2026-06-05/AP_Gate_7_Camera_4/AP_Gate_7_Camera_4_20260605T163000.jpg,vehicle_prompts,done,2026-06-08T21:19:15.476924+00:00,0.284,0,nvidia/cosmos-reason2-8b,Vehicle Safety,"<0.0> 
Not visible"
vlm_runs/2026-06-05,AP_Gate_7_Camera_4,AP_Gate_7_Camera_4_20260605T164500.jpg,vlm_runs/2026-06-05/AP_Gate_7_Camera_4/AP_Gate_7_Camera_4_20260605T164500.jpg,vehicle_prompts,done,2026-06-08T21:19:15.815920+00:00,0.28,0,nvidia/cosmos-reason2-8b,Vehicle Safety,"<0.0> 
Not visible"
vlm_runs/2026-06-05,AP_Gate_7_Camera_4,AP_Gate_7_Camera_4_20260605T170000.jpg,vlm_runs/2026-06-05/AP_Gate_7_Camera_4/AP_Gate_7_Camera_4_20260605T170000.jpg,vehicle_prompts,done,2026-06-08T21:19:16.150016+00:00,0.269,0,nvidia/cosmos-reason2-8b,Vehicle Safety,"<0.0> 
Not visible"
vlm_runs/2026-06-05,AP_Gate_7_Camera_4,AP_Gate_7_Camera_4_20260605T171500.jpg,vlm_runs/2026-06-05/AP_Gate_7_Camera_4/AP_Gate_7_Camera_4_20260605T171500.jpg,vehicle_prompts,done,2026-06-08T21:19:16.460393+00:00,0.631,0,nvidia/cosmos-reason2-8b,Vehicle Safety,"<0.0> 
All vehicles are at safe speed in designated areas.
No vehicle is at an unsafe speed.
No vehicle collisions are observed.
No near-misses are observed.
No vehicles are in fire lanes, emergency corridors, or no-stopping zones.
No vehicles are in wrong-way or restricted areas.
No vehicles are making threatening maneuvers or pursuing pedestrians.
No suspicious contact with parked vehicles is observed.
No vehicles with obscured or missing plates are present.
No individuals are struck or injured by vehicles.
No near misses involving individuals are observed.
No children are struck or at risk."
vlm_runs/2026-06-05,AP_Gate_7_Camera_4,AP_Gate_7_Camera_4_20260605T173000.jpg,vlm_runs/2026-06-05/AP_Gate_7_Camera_4/AP_Gate_7_Camera_4_20260605T173000.jpg,vehicle_prompts,done,2026-06-08T21:19:17.145169+00:00,0.285,0,nvidia/cosmos-reason2-8b,Vehicle Safety,"<0.0> 
Not visible"
vlm_runs/2026-06-05,AP_Gate_7_Camera_4,AP_Gate_7_Camera_4_20260605T174500.jpg,vlm_runs/2026-06-05/AP_Gate_7_Camera_4/AP_Gate_7_Camera_4_20260605T174500.jpg,vehicle_prompts,done,2026-06-08T21:19:17.484083+00:00,0.278,0,nvidia/cosmos-reason2-8b,Vehicle Safety,"<0.0> 
Not visible"
vlm_runs/2026-06-05,AP_Gate_7_Camera_4,AP_Gate_7_Camera_4_20260605T180000.jpg,vlm_runs/2026-06-05/AP_Gate_7_Camera_4/AP_Gate_7_Camera_4_20260605T180000.jpg,vehicle_prompts,done,2026-06-08T21:19:17.813024+00:00,0.279,0,nvidia/cosmos-reason2-8b,Vehicle Safety,"<0.0> 
Not visible"
vlm_runs/2026-06-05,AP_Gate_7_Camera_4,AP_Gate_7_Camera_4_20260605T181500.jpg,vlm_runs/2026-06-05/AP_Gate_7_Camera_4/AP_Gate_7_Camera_4_20260605T181500.jpg,vehicle_prompts,done,2026-06-08T21:19:18.139991+00:00,0.638,0,nvidia/cosmos-reason2-8b,Vehicle Safety,"<0.0> 

[GENERAL VEHICLE SAFETY]
1. Not visible
2. Not visible

[COLLISIONS & NEAR MISSES]
3. Not visible
4. Not visible

[PARKING & ACCESS VIOLATIONS]
5. Not visible
6. Not visible

[SUSPICIOUS VEHICLE BEHAVIOR]
7. Not visible
8. Not visible

[VEHICLE IDENTIFICATION]
9. Not visible
10. Not visible
11. Not visible

[PEDESTRIAN & CHILD SAFETY]
12. Not visible
13. Not visible
14. Not visible"
vlm_runs/2026-06-05,AP_Gate_7_Camera_4,AP_Gate_7_Camera_4_20260605T183000.jpg,vlm_runs/2026-06-05/AP_Gate_7_Camera_4/AP_Gate_7_Camera_4_20260605T183000.jpg,vehicle_prompts,done,2026-06-08T21:19:18.842780+00:00,0.292,0,nvidia/cosmos-reason2-8b,Vehicle Safety,"<0.0> 
Not visible"
vlm_runs/2026-06-05,AP_Gate_7_Camera_4,AP_Gate_7_Camera_4_20260605T184500.jpg,vlm_runs/2026-06-05/AP_Gate_7_Camera_4/AP_Gate_7_Camera_4_20260605T184500.jpg,vehicle_prompts,done,2026-06-08T21:19:19.197611+00:00,0.287,0,nvidia/cosmos-reason2-8b,Vehicle Safety,"<0.0> 
Not visible"
vlm_runs/2026-06-05,AP_Gate_7_Camera_4,AP_Gate_7_Camera_4_20260605T190000.jpg,vlm_runs/2026-06-05/AP_Gate_7_Camera_4/AP_Gate_7_Camera_4_20260605T190000.jpg,vehicle_prompts,done,2026-06-08T21:19:19.545252+00:00,0.431,0,nvidia/cosmos-reason2-8b,Vehicle Safety,"<0.0> 
1. Not visible
2. Not visible
3. Not visible
4. Not visible
5. Not visible
6. Not visible
7. Not visible
8. Not visible
9. Not visible
10. Not visible
11. Not visible
12. Not visible
13. Not visible
14. Not visible"
vlm_runs/2026-06-05,AP_Gate_7_Camera_4,AP_Gate_7_Camera_4_20260605T191500.jpg,vlm_runs/2026-06-05/AP_Gate_7_Camera_4/AP_Gate_7_Camera_4_20260605T191500.jpg,vehicle_prompts,done,2026-06-08T21:19:20.030810+00:00,0.28,0,nvidia/cosmos-reason2-8b,Vehicle Safety,"<0.0> 
Not visible"
vlm_runs/2026-06-05,AP_Gate_7_Camera_4,AP_Gate_7_Camera_4_20260605T193000.jpg,vlm_runs/2026-06-05/AP_Gate_7_Camera_4/AP_Gate_7_Camera_4_20260605T193000.jpg,vehicle_prompts,done,2026-06-08T21:19:20.358766+00:00,0.637,0,nvidia/cosmos-reason2-8b,Vehicle Safety,"<0.0> 

[GENERAL VEHICLE SAFETY]
1. Not visible
2. Not visible

[COLLISIONS & NEAR MISSES]
3. Not visible
4. Not visible

[PARKING & ACCESS VIOLATIONS]
5. Not visible
6. Not visible

[SUSPICIOUS VEHICLE BEHAVIOR]
7. Not visible
8. Not visible

[VEHICLE IDENTIFICATION]
9. Not visible
10. Not visible
11. Not visible

[PEDESTRIAN & CHILD SAFETY]
12. Not visible
13. Not visible
14. Not visible"
vlm_runs/2026-06-05,AP_Gate_7_Camera_4,AP_Gate_7_Camera_4_20260605T194500.jpg,vlm_runs/2026-06-05/AP_Gate_7_Camera_4/AP_Gate_7_Camera_4_20260605T194500.jpg,vehicle_prompts,done,2026-06-08T21:19:21.044697+00:00,0.279,0,nvidia/cosmos-reason2-8b,Vehicle Safety,0.0
vlm_runs/2026-06-05,AP_Gate_7_Camera_4,AP_Gate_7_Camera_4_20260605T200000.jpg,vlm_runs/2026-06-05/AP_Gate_7_Camera_4/AP_Gate_7_Camera_4_20260605T200000.jpg,vehicle_prompts,done,2026-06-08T21:19:21.377859+00:00,0.647,0,nvidia/cosmos-reason2-8b,Vehicle Safety,"<0.0> 

[GENERAL VEHICLE SAFETY]
1. Not visible
2. Not visible

[COLLISIONS & NEAR MISSES]
3. Not visible
4. Not visible

[PARKING & ACCESS VIOLATIONS]
5. Not visible
6. Not visible

[SUSPICIOUS VEHICLE BEHAVIOR]
7. Not visible
8. Not visible

[VEHICLE IDENTIFICATION]
9. Not visible
10. Not visible
11. Not visible

[PEDESTRIAN & CHILD SAFETY]
12. Not visible
13. Not visible
14. Not visible"
vlm_runs/2026-06-05,AP_Gate_7_Camera_4,AP_Gate_7_Camera_4_20260605T201500.jpg,vlm_runs/2026-06-05/AP_Gate_7_Camera_4/AP_Gate_7_Camera_4_20260605T201500.jpg,vehicle_prompts,done,2026-06-08T21:19:22.082604+00:00,0.446,0,nvidia/cosmos-reason2-8b,Vehicle Safety,"<answer>1. Not visible
2. Not visible
3. Not visible
4. Not visible
5. Not visible
6. Not visible
7. Not visible
8. Not visible
9. Not visible
10. Not visible
11. Not visible
12. Not visible
13. Not visible
14. Not visible</answer>"
vlm_runs/2026-06-05,AP_Gate_7_Camera_4,AP_Gate_7_Camera_4_20260605T203000.jpg,vlm_runs/2026-06-05/AP_Gate_7_Camera_4/AP_Gate_7_Camera_4_20260605T203000.jpg,vehicle_prompts,done,2026-06-08T21:19:22.587159+00:00,0.276,0,nvidia/cosmos-reason2-8b,Vehicle Safety,"<0.0> 
Not visible"
vlm_runs/2026-06-05,AP_Gate_7_Camera_4,AP_Gate_7_Camera_4_20260605T204500.jpg,vlm_runs/2026-06-05/AP_Gate_7_Camera_4/AP_Gate_7_Camera_4_20260605T204500.jpg,vehicle_prompts,done,2026-06-08T21:19:22.915937+00:00,0.418,0,nvidia/cosmos-reason2-8b,Vehicle Safety,"<0.0> 

1. Not visible
2. Not visible
3. Not visible
4. Not visible
5. Not visible
6. Not visible
7. Not visible
8. Not visible
9. Not visible
10. Not visible
11. Not visible
12. Not visible
13. Not visible
14. Not visible"
vlm_runs/2026-06-05,AP_Gate_7_Camera_4,AP_Gate_7_Camera_4_20260605T210000.jpg,vlm_runs/2026-06-05/AP_Gate_7_Camera_4/AP_Gate_7_Camera_4_20260605T210000.jpg,vehicle_prompts,done,2026-06-08T21:19:23.388671+00:00,0.449,0,nvidia/cosmos-reason2-8b,Vehicle Safety,"<answer>0.0</answer>

1. Not visible
2. Not visible
3. Not visible
4. Not visible
5. Not visible
6. Not visible
7. Not visible
8. Not visible
9. Not visible
10. Not visible
11. Not visible
12. Not visible
13. Not visible
14. Not visible"
vlm_runs/2026-06-05,AP_Gate_7_Camera_4,AP_Gate_7_Camera_4_20260605T211500.jpg,vlm_runs/2026-06-05/AP_Gate_7_Camera_4/AP_Gate_7_Camera_4_20260605T211500.jpg,vehicle_prompts,done,2026-06-08T21:19:23.886170+00:00,0.646,0,nvidia/cosmos-reason2-8b,Vehicle Safety,"<0.0> 

[GENERAL VEHICLE SAFETY]
1. Not visible
2. Not visible

[COLLISIONS & NEAR MISSES]
3. Not visible
4. Not visible

[PARKING & ACCESS VIOLATIONS]
5. Not visible
6. Not visible

[SUSPICIOUS VEHICLE BEHAVIOR]
7. Not visible
8. Not visible

[VEHICLE IDENTIFICATION]
9. Not visible
10. Not visible
11. Not visible

[PEDESTRIAN & CHILD SAFETY]
12. Not visible
13. Not visible
14. Not visible"
vlm_runs/2026-06-05,AP_Gate_7_Camera_4,AP_Gate_7_Camera_4_20260605T213000.jpg,vlm_runs/2026-06-05/AP_Gate_7_Camera_4/AP_Gate_7_Camera_4_20260605T213000.jpg,vehicle_prompts,done,2026-06-08T21:19:24.583104+00:00,0.437,0,nvidia/cosmos-reason2-8b,Vehicle Safety,"<0.0> 
1. Not visible
2. Not visible
3. Not visible
4. Not visible
5. Not visible
6. Not visible
7. Not visible
8. Not visible
9. Not visible
10. Not visible
11. Not visible
12. Not visible
13. Not visible
14. Not visible"
vlm_runs/2026-06-05,AP_Gate_7_Camera_4,AP_Gate_7_Camera_4_20260605T214500.jpg,vlm_runs/2026-06-05/AP_Gate_7_Camera_4/AP_Gate_7_Camera_4_20260605T214500.jpg,vehicle_prompts,done,2026-06-08T21:19:25.067482+00:00,0.249,0,nvidia/cosmos-reason2-8b,Vehicle Safety,0.0
vlm_runs/2026-06-05,AP_Gate_7_Camera_4,AP_Gate_7_Camera_4_20260605T220000.jpg,vlm_runs/2026-06-05/AP_Gate_7_Camera_4/AP_Gate_7_Camera_4_20260605T220000.jpg,vehicle_prompts,done,2026-06-08T21:19:25.368286+00:00,0.269,0,nvidia/cosmos-reason2-8b,Vehicle Safety,"<0.0> 

Not visible"
vlm_runs/2026-06-05,AP_Gate_7_Camera_4,AP_Gate_7_Camera_4_20260605T221500.jpg,vlm_runs/2026-06-05/AP_Gate_7_Camera_4/AP_Gate_7_Camera_4_20260605T221500.jpg,vehicle_prompts,done,2026-06-08T21:19:25.691961+00:00,0.407,0,nvidia/cosmos-reason2-8b,Vehicle Safety,"<0.0> 
1. Not visible
2. Not visible
3. Not visible
4. Not visible
5. Not visible
6. Not visible
7. Not visible
8. Not visible
9. Not visible
10. Not visible
11. Not visible
12. Not visible
13. Not visible
14. Not visible"
vlm_runs/2026-06-05,AP_Gate_7_Camera_4,AP_Gate_7_Camera_4_20260605T223000.jpg,vlm_runs/2026-06-05/AP_Gate_7_Camera_4/AP_Gate_7_Camera_4_20260605T223000.jpg,vehicle_prompts,done,2026-06-08T21:19:26.158519+00:00,0.432,0,nvidia/cosmos-reason2-8b,Vehicle Safety,"<0.0> 
1. Not visible
2. Not visible
3. Not visible
4. Not visible
5. Not visible
6. Not visible
7. Not visible
8. Not visible
9. Not visible
10. Not visible
11. Not visible
12. Not visible
13. Not visible
14. Not visible"
vlm_runs/2026-06-05,AP_Gate_7_Camera_4,AP_Gate_7_Camera_4_20260605T224500.jpg,vlm_runs/2026-06-05/AP_Gate_7_Camera_4/AP_Gate_7_Camera_4_20260605T224500.jpg,vehicle_prompts,done,2026-06-08T21:19:26.643396+00:00,0.642,0,nvidia/cosmos-reason2-8b,Vehicle Safety,"<0.0> 

[GENERAL VEHICLE SAFETY]
1. Not visible
2. Not visible

[COLLISIONS & NEAR MISSES]
3. Not visible
4. Not visible

[PARKING & ACCESS VIOLATIONS]
5. Not visible
6. Not visible

[SUSPICIOUS VEHICLE BEHAVIOR]
7. Not visible
8. Not visible

[VEHICLE IDENTIFICATION]
9. Not visible
10. Not visible
11. Not visible

[PEDESTRIAN & CHILD SAFETY]
12. Not visible
13. Not visible
14. Not visible"
vlm_runs/2026-06-05,AP_Gate_7_Camera_4,AP_Gate_7_Camera_4_20260605T230000.jpg,vlm_runs/2026-06-05/AP_Gate_7_Camera_4/AP_Gate_7_Camera_4_20260605T230000.jpg,vehicle_prompts,done,2026-06-08T21:19:27.339667+00:00,0.462,0,nvidia/cosmos-reason2-8b,Vehicle Safety,"<answer> The image does not provide sufficient visual information to assess vehicle speed, collisions, parking violations, suspicious behavior, vehicle identification, or pedestrian safety. No vehicles or identifiable features are visible for analysis. </answer>"
vlm_runs/2026-06-05,AP_Gate_7_Camera_4,AP_Gate_7_Camera_4_20260605T231500.jpg,vlm_runs/2026-06-05/AP_Gate_7_Camera_4/AP_Gate_7_Camera_4_20260605T231500.jpg,vehicle_prompts,done,2026-06-08T21:19:27.855399+00:00,0.662,0,nvidia/cosmos-reason2-8b,Vehicle Safety,"<0.0> 

[GENERAL VEHICLE SAFETY]
1. Not visible
2. Not visible

[COLLISIONS & NEAR MISSES]
3. Not visible
4. Not visible

[PARKING & ACCESS VIOLATIONS]
5. Not visible
6. Not visible

[SUSPICIOUS VEHICLE BEHAVIOR]
7. Not visible
8. Not visible

[VEHICLE IDENTIFICATION]
9. Not visible
10. Not visible
11. Not visible

[PEDESTRIAN & CHILD SAFETY]
12. Not visible
13. Not visible
14. Not visible"
vlm_runs/2026-06-05,AP_Gate_7_Camera_4,AP_Gate_7_Camera_4_20260605T233000.jpg,vlm_runs/2026-06-05/AP_Gate_7_Camera_4/AP_Gate_7_Camera_4_20260605T233000.jpg,vehicle_prompts,done,2026-06-08T21:19:28.571224+00:00,0.669,0,nvidia/cosmos-reason2-8b,Vehicle Safety,"<0.0> 

[GENERAL VEHICLE SAFETY]
1. Not visible
2. Not visible

[COLLISIONS & NEAR MISSES]
3. Not visible
4. Not visible

[PARKING & ACCESS VIOLATIONS]
5. Not visible
6. Not visible

[SUSPICIOUS VEHICLE BEHAVIOR]
7. Not visible
8. Not visible

[VEHICLE IDENTIFICATION]
9. Not visible
10. Not visible
11. Not visible

[PEDESTRIAN & CHILD SAFETY]
12. Not visible
13. Not visible
14. Not visible"
vlm_runs/2026-06-05,AP_Gate_7_Camera_4,AP_Gate_7_Camera_4_20260605T234500.jpg,vlm_runs/2026-06-05/AP_Gate_7_Camera_4/AP_Gate_7_Camera_4_20260605T234500.jpg,vehicle_prompts,done,2026-06-08T21:19:29.295437+00:00,0.29,0,nvidia/cosmos-reason2-8b,Vehicle Safety,"<0.0> 

Not visible"
vlm_runs/2026-06-05,LP_Farmers_Market_Restroom_1,LP_Farmers_Market_Restroom_1_20260605T000000.jpg,vlm_runs/2026-06-05/LP_Farmers_Market_Restroom_1/LP_Farmers_Market_Restroom_1_20260605T000000.jpg,vehicle_prompts,done,2026-06-08T22:42:33.154816+00:00,0.46,0,nvidia/cosmos-reason2-8b,Vehicle Safety,"<0.0> 
1. Not visible
2. Not visible
3. Not visible
4. Not visible
5. Not visible
6. Not visible
7. Not visible
8. Not visible
9. Not visible
10. Not visible
11. Not visible
12. Not visible
13. Not visible
14. Not visible"
vlm_runs/2026-06-05,LP_Farmers_Market_Restroom_1,LP_Farmers_Market_Restroom_1_20260605T001500.jpg,vlm_runs/2026-06-05/LP_Farmers_Market_Restroom_1/LP_Farmers_Market_Restroom_1_20260605T001500.jpg,vehicle_prompts,done,2026-06-08T22:42:33.665930+00:00,0.287,0,nvidia/cosmos-reason2-8b,Vehicle Safety,0.0
vlm_runs/2026-06-05,LP_Farmers_Market_Restroom_1,LP_Farmers_Market_Restroom_1_20260605T003000.jpg,vlm_runs/2026-06-05/LP_Farmers_Market_Restroom_1/LP_Farmers_Market_Restroom_1_20260605T003000.jpg,vehicle_prompts,done,2026-06-08T22:42:34.005156+00:00,0.676,0,nvidia/cosmos-reason2-8b,Vehicle Safety,"<0.0> 

[GENERAL VEHICLE SAFETY]
1. Not visible
2. Not visible

[COLLISIONS & NEAR MISSES]
3. Not visible
4. Not visible

[PARKING & ACCESS VIOLATIONS]
5. Not visible
6. Not visible

[SUSPICIOUS VEHICLE BEHAVIOR]
7. Not visible
8. Not visible

[VEHICLE IDENTIFICATION]
9. Not visible
10. Not visible
11. Not visible

[PEDESTRIAN & CHILD SAFETY]
12. Not visible
13. Not visible
14. Not visible"
vlm_runs/2026-06-05,LP_Farmers_Market_Restroom_1,LP_Farmers_Market_Restroom_1_20260605T004500.jpg,vlm_runs/2026-06-05/LP_Farmers_Market_Restroom_1/LP_Farmers_Market_Restroom_1_20260605T004500.jpg,vehicle_prompts,done,2026-06-08T22:42:34.739957+00:00,0.456,0,nvidia/cosmos-reason2-8b,Vehicle Safety,"<0.0> 
1. Not visible
2. Not visible
3. Not visible
4. Not visible
5. Not visible
6. Not visible
7. Not visible
8. Not visible
9. Not visible
10. Not visible
11. Not visible
12. Not visible
13. Not visible
14. Not visible"
vlm_runs/2026-06-05,LP_Farmers_Market_Restroom_1,LP_Farmers_Market_Restroom_1_20260605T010000.jpg,vlm_runs/2026-06-05/LP_Farmers_Market_Restroom_1/LP_Farmers_Market_Restroom_1_20260605T010000.jpg,vehicle_prompts,done,2026-06-08T22:42:35.245436+00:00,0.28,0,nvidia/cosmos-reason2-8b,Vehicle Safety,0.0
vlm_runs/2026-06-05,LP_Farmers_Market_Restroom_1,LP_Farmers_Market_Restroom_1_20260605T011500.jpg,vlm_runs/2026-06-05/LP_Farmers_Market_Restroom_1/LP_Farmers_Market_Restroom_1_20260605T011500.jpg,vehicle_prompts,done,2026-06-08T22:42:35.577154+00:00,0.441,0,nvidia/cosmos-reason2-8b,Vehicle Safety,"<0.0> 
1. Not visible
2. Not visible
3. Not visible
4. Not visible
5. Not visible
6. Not visible
7. Not visible
8. Not visible
9. Not visible
10. Not visible
11. Not visible
12. Not visible
13. Not visible
14. Not visible"
vlm_runs/2026-06-05,LP_Farmers_Market_Restroom_1,LP_Farmers_Market_Restroom_1_20260605T013000.jpg,vlm_runs/2026-06-05/LP_Farmers_Market_Restroom_1/LP_Farmers_Market_Restroom_1_20260605T013000.jpg,vehicle_prompts,done,2026-06-08T22:42:36.069450+00:00,0.678,0,nvidia/cosmos-reason2-8b,Vehicle Safety,"<0.0> 
[GENERAL VEHICLE SAFETY]
1. Not visible
2. Not visible

[COLLISIONS & NEAR MISSES]
3. Not visible
4. Not visible

[PARKING & ACCESS VIOLATIONS]
5. Not visible
6. Not visible

[SUSPICIOUS VEHICLE BEHAVIOR]
7. Not visible
8. Not visible

[VEHICLE IDENTIFICATION]
9. Not visible
10. Not visible
11. Not visible

[PEDESTRIAN & CHILD SAFETY]
12. Not visible
13. Not visible
14. Not visible"
vlm_runs/2026-06-05,LP_Farmers_Market_Restroom_1,LP_Farmers_Market_Restroom_1_20260605T014500.jpg,vlm_runs/2026-06-05/LP_Farmers_Market_Restroom_1/LP_Farmers_Market_Restroom_1_20260605T014500.jpg,vehicle_prompts,done,2026-06-08T22:42:36.807231+00:00,0.485,0,nvidia/cosmos-reason2-8b,Vehicle Safety," timestamp: <0.0> 
1. Not visible
2. Not visible
3. Not visible
4. Not visible
5. Not visible
6. Not visible
7. Not visible
8. Not visible
9. Not visible
10. Not visible
11. Not visible
12. Not visible
13. Not visible
14. Not visible"
vlm_runs/2026-06-05,LP_Farmers_Market_Restroom_1,LP_Farmers_Market_Restroom_1_20260605T020000.jpg,vlm_runs/2026-06-05/LP_Farmers_Market_Restroom_1/LP_Farmers_Market_Restroom_1_20260605T020000.jpg,vehicle_prompts,done,2026-06-08T22:42:37.345512+00:00,0.273,0,nvidia/cosmos-reason2-8b,Vehicle Safety,0.0
vlm_runs/2026-06-05,LP_Farmers_Market_Restroom_1,LP_Farmers_Market_Restroom_1_20260605T021500.jpg,vlm_runs/2026-06-05/LP_Farmers_Market_Restroom_1/LP_Farmers_Market_Restroom_1_20260605T021500.jpg,vehicle_prompts,done,2026-06-08T22:42:37.677918+00:00,0.264,0,nvidia/cosmos-reason2-8b,Vehicle Safety,0.0
vlm_runs/2026-06-05,LP_Farmers_Market_Restroom_1,LP_Farmers_Market_Restroom_1_20260605T023000.jpg,vlm_runs/2026-06-05/LP_Farmers_Market_Restroom_1/LP_Farmers_Market_Restroom_1_20260605T023000.jpg,vehicle_prompts,done,2026-06-08T22:42:37.996433+00:00,0.301,0,nvidia/cosmos-reason2-8b,Vehicle Safety,0.0 1-6. Not visible
vlm_runs/2026-06-05,LP_Farmers_Market_Restroom_1,LP_Farmers_Market_Restroom_1_20260605T024500.jpg,vlm_runs/2026-06-05/LP_Farmers_Market_Restroom_1/LP_Farmers_Market_Restroom_1_20260605T024500.jpg,vehicle_prompts,done,2026-06-08T22:42:38.348283+00:00,0.67,0,nvidia/cosmos-reason2-8b,Vehicle Safety,"<0.0> 
[GENERAL VEHICLE SAFETY]
1. Not visible
2. Not visible

[COLLISIONS & NEAR MISSES]
3. Not visible
4. Not visible

[PARKING & ACCESS VIOLATIONS]
5. Not visible
6. Not visible

[SUSPICIOUS VEHICLE BEHAVIOR]
7. Not visible
8. Not visible

[VEHICLE IDENTIFICATION]
9. Not visible
10. Not visible
11. Not visible

[PEDESTRIAN & CHILD SAFETY]
12. Not visible
13. Not visible
14. Not visible"
vlm_runs/2026-06-05,LP_Farmers_Market_Restroom_1,LP_Farmers_Market_Restroom_1_20260605T030000.jpg,vlm_runs/2026-06-05/LP_Farmers_Market_Restroom_1/LP_Farmers_Market_Restroom_1_20260605T030000.jpg,vehicle_prompts,done,2026-06-08T22:42:39.069270+00:00,0.278,0,nvidia/cosmos-reason2-8b,Vehicle Safety,0.0
vlm_runs/2026-06-05,LP_Farmers_Market_Restroom_1,LP_Farmers_Market_Restroom_1_20260605T031500.jpg,vlm_runs/2026-06-05/LP_Farmers_Market_Restroom_1/LP_Farmers_Market_Restroom_1_20260605T031500.jpg,vehicle_prompts,done,2026-06-08T22:42:39.398069+00:00,0.271,0,nvidia/cosmos-reason2-8b,Vehicle Safety,0.0
vlm_runs/2026-06-05,LP_Farmers_Market_Restroom_1,LP_Farmers_Market_Restroom_1_20260605T033000.jpg,vlm_runs/2026-06-05/LP_Farmers_Market_Restroom_1/LP_Farmers_Market_Restroom_1_20260605T033000.jpg,vehicle_prompts,done,2026-06-08T22:42:39.721993+00:00,0.274,0,nvidia/cosmos-reason2-8b,Vehicle Safety,0.0
vlm_runs/2026-06-05,LP_Farmers_Market_Restroom_1,LP_Farmers_Market_Restroom_1_20260605T034500.jpg,vlm_runs/2026-06-05/LP_Farmers_Market_Restroom_1/LP_Farmers_Market_Restroom_1_20260605T034500.jpg,vehicle_prompts,done,2026-06-08T22:42:40.051240+00:00,0.45,0,nvidia/cosmos-reason2-8b,Vehicle Safety,0.0 1. Not visible 2. Not visible 3. Not visible 4. Not visible 5. Not visible 6. Not visible 7. Not visible 8. Not visible 9. Not visible 10. Not visible 11. Not visible 12. Not visible 13. Not visible 14. Not visible
vlm_runs/2026-06-05,LP_Farmers_Market_Restroom_1,LP_Farmers_Market_Restroom_1_20260605T040000.jpg,vlm_runs/2026-06-05/LP_Farmers_Market_Restroom_1/LP_Farmers_Market_Restroom_1_20260605T040000.jpg,vehicle_prompts,done,2026-06-08T22:42:40.555149+00:00,0.278,0,nvidia/cosmos-reason2-8b,Vehicle Safety,0.0
vlm_runs/2026-06-05,LP_Farmers_Market_Restroom_1,LP_Farmers_Market_Restroom_1_20260605T041500.jpg,vlm_runs/2026-06-05/LP_Farmers_Market_Restroom_1/LP_Farmers_Market_Restroom_1_20260605T041500.jpg,vehicle_prompts,done,2026-06-08T22:42:40.884151+00:00,0.647,0,nvidia/cosmos-reason2-8b,Vehicle Safety,"<0.0> 
[GENERAL VEHICLE SAFETY]
1. Not visible
2. Not visible

[COLLISIONS & NEAR MISSES]
3. Not visible
4. Not visible

[PARKING & ACCESS VIOLATIONS]
5. Not visible
6. Not visible

[SUSPICIOUS VEHICLE BEHAVIOR]
7. Not visible
8. Not visible

[VEHICLE IDENTIFICATION]
9. Not visible
10. Not visible
11. Not visible

[PEDESTRIAN & CHILD SAFETY]
12. Not visible
13. Not visible
14. Not visible"
vlm_runs/2026-06-05,LP_Farmers_Market_Restroom_1,LP_Farmers_Market_Restroom_1_20260605T043000.jpg,vlm_runs/2026-06-05/LP_Farmers_Market_Restroom_1/LP_Farmers_Market_Restroom_1_20260605T043000.jpg,vehicle_prompts,done,2026-06-08T22:42:41.584809+00:00,0.281,0,nvidia/cosmos-reason2-8b,Vehicle Safety,0.0
vlm_runs/2026-06-05,LP_Farmers_Market_Restroom_1,LP_Farmers_Market_Restroom_1_20260605T044500.jpg,vlm_runs/2026-06-05/LP_Farmers_Market_Restroom_1/LP_Farmers_Market_Restroom_1_20260605T044500.jpg,vehicle_prompts,done,2026-06-08T22:42:41.917646+00:00,0.678,0,nvidia/cosmos-reason2-8b,Vehicle Safety,"<0.0> 
[GENERAL VEHICLE SAFETY]
1. Not visible
2. Not visible

[COLLISIONS & NEAR MISSES]
3. Not visible
4. Not visible

[PARKING & ACCESS VIOLATIONS]
5. Not visible
6. Not visible

[SUSPICIOUS VEHICLE BEHAVIOR]
7. Not visible
8. Not visible

[VEHICLE IDENTIFICATION]
9. Not visible
10. Not visible
11. Not visible

[PEDESTRIAN & CHILD SAFETY]
12. Not visible
13. Not visible
14. Not visible"
vlm_runs/2026-06-05,LP_Farmers_Market_Restroom_1,LP_Farmers_Market_Restroom_1_20260605T050000.jpg,vlm_runs/2026-06-05/LP_Farmers_Market_Restroom_1/LP_Farmers_Market_Restroom_1_20260605T050000.jpg,vehicle_prompts,done,2026-06-08T22:42:42.650779+00:00,0.678,0,nvidia/cosmos-reason2-8b,Vehicle Safety,"<0.0> 
[GENERAL VEHICLE SAFETY]
1. Not visible
2. Not visible

[COLLISIONS & NEAR MISSES]
3. Not visible
4. Not visible

[PARKING & ACCESS VIOLATIONS]
5. Not visible
6. Not visible

[SUSPICIOUS VEHICLE BEHAVIOR]
7. Not visible
8. Not visible

[VEHICLE IDENTIFICATION]
9. Not visible
10. Not visible
11. Not visible

[PEDESTRIAN & CHILD SAFETY]
12. Not visible
13. Not visible
14. Not visible"
vlm_runs/2026-06-05,LP_Farmers_Market_Restroom_1,LP_Farmers_Market_Restroom_1_20260605T051500.jpg,vlm_runs/2026-06-05/LP_Farmers_Market_Restroom_1/LP_Farmers_Market_Restroom_1_20260605T051500.jpg,vehicle_prompts,done,2026-06-08T22:42:43.385515+00:00,0.281,0,nvidia/cosmos-reason2-8b,Vehicle Safety,0.0
vlm_runs/2026-06-05,LP_Farmers_Market_Restroom_1,LP_Farmers_Market_Restroom_1_20260605T053000.jpg,vlm_runs/2026-06-05/LP_Farmers_Market_Restroom_1/LP_Farmers_Market_Restroom_1_20260605T053000.jpg,vehicle_prompts,done,2026-06-08T22:42:43.724100+00:00,0.449,0,nvidia/cosmos-reason2-8b,Vehicle Safety,"<0.0> 
1. Not visible
2. Not visible
3. Not visible
4. Not visible
5. Not visible
6. Not visible
7. Not visible
8. Not visible
9. Not visible
10. Not visible
11. Not visible
12. Not visible
13. Not visible
14. Not visible"
vlm_runs/2026-06-05,LP_Farmers_Market_Restroom_1,LP_Farmers_Market_Restroom_1_20260605T054500.jpg,vlm_runs/2026-06-05/LP_Farmers_Market_Restroom_1/LP_Farmers_Market_Restroom_1_20260605T054500.jpg,vehicle_prompts,done,2026-06-08T22:42:44.225725+00:00,0.678,0,nvidia/cosmos-reason2-8b,Vehicle Safety,"<0.0> 
[GENERAL VEHICLE SAFETY]
1. Not visible
2. Not visible

[COLLISIONS & NEAR MISSES]
3. Not visible
4. Not visible

[PARKING & ACCESS VIOLATIONS]
5. Not visible
6. Not visible

[SUSPICIOUS VEHICLE BEHAVIOR]
7. Not visible
8. Not visible

[VEHICLE IDENTIFICATION]
9. Not visible
10. Not visible
11. Not visible

[PEDESTRIAN & CHILD SAFETY]
12. Not visible
13. Not visible
14. Not visible"
vlm_runs/2026-06-05,LP_Farmers_Market_Restroom_1,LP_Farmers_Market_Restroom_1_20260605T060000.jpg,vlm_runs/2026-06-05/LP_Farmers_Market_Restroom_1/LP_Farmers_Market_Restroom_1_20260605T060000.jpg,vehicle_prompts,done,2026-06-08T22:42:44.956583+00:00,0.67,0,nvidia/cosmos-reason2-8b,Vehicle Safety,"<0.0> 
[GENERAL VEHICLE SAFETY]
1. Not visible
2. Not visible

[COLLISIONS & NEAR MISSES]
3. Not visible
4. Not visible

[PARKING & ACCESS VIOLATIONS]
5. Not visible
6. Not visible

[SUSPICIOUS VEHICLE BEHAVIOR]
7. Not visible
8. Not visible

[VEHICLE IDENTIFICATION]
9. Not visible
10. Not visible
11. Not visible

[PEDESTRIAN & CHILD SAFETY]
12. Not visible
13. Not visible
14. Not visible"
vlm_runs/2026-06-05,LP_Farmers_Market_Restroom_1,LP_Farmers_Market_Restroom_1_20260605T061500.jpg,vlm_runs/2026-06-05/LP_Farmers_Market_Restroom_1/LP_Farmers_Market_Restroom_1_20260605T061500.jpg,vehicle_prompts,done,2026-06-08T22:42:45.689546+00:00,0.668,0,nvidia/cosmos-reason2-8b,Vehicle Safety,"<0.0> 
[GENERAL VEHICLE SAFETY]
1. Not visible
2. Not visible

[COLLISIONS & NEAR MISSES]
3. Not visible
4. Not visible

[PARKING & ACCESS VIOLATIONS]
5. Not visible
6. Not visible

[SUSPICIOUS VEHICLE BEHAVIOR]
7. Not visible
8. Not visible

[VEHICLE IDENTIFICATION]
9. Not visible
10. Not visible
11. Not visible

[PEDESTRIAN & CHILD SAFETY]
12. Not visible
13. Not visible
14. Not visible"
vlm_runs/2026-06-05,LP_Farmers_Market_Restroom_1,LP_Farmers_Market_Restroom_1_20260605T063000.jpg,vlm_runs/2026-06-05/LP_Farmers_Market_Restroom_1/LP_Farmers_Market_Restroom_1_20260605T063000.jpg,vehicle_prompts,done,2026-06-08T22:42:46.410045+00:00,0.674,0,nvidia/cosmos-reason2-8b,Vehicle Safety,"<0.0> 
[GENERAL VEHICLE SAFETY]
1. Not visible
2. Not visible

[COLLISIONS & NEAR MISSES]
3. Not visible
4. Not visible

[PARKING & ACCESS VIOLATIONS]
5. Not visible
6. Not visible

[SUSPICIOUS VEHICLE BEHAVIOR]
7. Not visible
8. Not visible

[VEHICLE IDENTIFICATION]
9. Not visible
10. Not visible
11. Not visible

[PEDESTRIAN & CHILD SAFETY]
12. Not visible
13. Not visible
14. Not visible"
vlm_runs/2026-06-05,LP_Farmers_Market_Restroom_1,LP_Farmers_Market_Restroom_1_20260605T064500.jpg,vlm_runs/2026-06-05/LP_Farmers_Market_Restroom_1/LP_Farmers_Market_Restroom_1_20260605T064500.jpg,vehicle_prompts,done,2026-06-08T22:42:47.145449+00:00,0.662,0,nvidia/cosmos-reason2-8b,Vehicle Safety,"<0.0> 

[GENERAL VEHICLE SAFETY]
1. Not visible
2. Not visible

[COLLISIONS & NEAR MISSES]
3. Not visible
4. Not visible

[PARKING & ACCESS VIOLATIONS]
5. Not visible
6. Not visible

[SUSPICIOUS VEHICLE BEHAVIOR]
7. Not visible
8. Not visible

[VEHICLE IDENTIFICATION]
9. Not visible
10. Not visible
11. Not visible

[PEDESTRIAN & CHILD SAFETY]
12. Not visible
13. Not visible
14. Not visible"
vlm_runs/2026-06-05,LP_Farmers_Market_Restroom_1,LP_Farmers_Market_Restroom_1_20260605T070000.jpg,vlm_runs/2026-06-05/LP_Farmers_Market_Restroom_1/LP_Farmers_Market_Restroom_1_20260605T070000.jpg,vehicle_prompts,done,2026-06-08T22:42:47.861115+00:00,0.296,0,nvidia/cosmos-reason2-8b,Vehicle Safety,"<0.0> 
Not visible"
vlm_runs/2026-06-05,LP_Farmers_Market_Restroom_1,LP_Farmers_Market_Restroom_1_20260605T071500.jpg,vlm_runs/2026-06-05/LP_Farmers_Market_Restroom_1/LP_Farmers_Market_Restroom_1_20260605T071500.jpg,vehicle_prompts,done,2026-06-08T22:42:48.211356+00:00,0.68,0,nvidia/cosmos-reason2-8b,Vehicle Safety,"<0.0> 

[GENERAL VEHICLE SAFETY]
1. Not visible
2. Not visible

[COLLISIONS & NEAR MISSES]
3. Not visible
4. Not visible

[PARKING & ACCESS VIOLATIONS]
5. Not visible
6. Not visible

[SUSPICIOUS VEHICLE BEHAVIOR]
7. Not visible
8. Not visible

[VEHICLE IDENTIFICATION]
9. Not visible
10. Not visible
11. Not visible

[PEDESTRIAN & CHILD SAFETY]
12. Not visible
13. Not visible
14. Not visible"
vlm_runs/2026-06-05,LP_Farmers_Market_Restroom_1,LP_Farmers_Market_Restroom_1_20260605T073000.jpg,vlm_runs/2026-06-05/LP_Farmers_Market_Restroom_1/LP_Farmers_Market_Restroom_1_20260605T073000.jpg,vehicle_prompts,done,2026-06-08T22:42:48.948399+00:00,0.299,0,nvidia/cosmos-reason2-8b,Vehicle Safety,"<0.0> 

Not visible"
vlm_runs/2026-06-05,LP_Farmers_Market_Restroom_1,LP_Farmers_Market_Restroom_1_20260605T074500.jpg,vlm_runs/2026-06-05/LP_Farmers_Market_Restroom_1/LP_Farmers_Market_Restroom_1_20260605T074500.jpg,vehicle_prompts,done,2026-06-08T22:42:49.298937+00:00,0.671,0,nvidia/cosmos-reason2-8b,Vehicle Safety,"<0.0> 
[GENERAL VEHICLE SAFETY]
1. Not visible
2. Not visible

[COLLISIONS & NEAR MISSES]
3. Not visible
4. Not visible

[PARKING & ACCESS VIOLATIONS]
5. Not visible
6. Not visible

[SUSPICIOUS VEHICLE BEHAVIOR]
7. Not visible
8. Not visible

[VEHICLE IDENTIFICATION]
9. Not visible
10. Not visible
11. Not visible

[PEDESTRIAN & CHILD SAFETY]
12. Not visible
13. Not visible
14. Not visible"
vlm_runs/2026-06-05,LP_Farmers_Market_Restroom_1,LP_Farmers_Market_Restroom_1_20260605T080000.jpg,vlm_runs/2026-06-05/LP_Farmers_Market_Restroom_1/LP_Farmers_Market_Restroom_1_20260605T080000.jpg,vehicle_prompts,done,2026-06-08T22:42:50.032030+00:00,0.679,0,nvidia/cosmos-reason2-8b,Vehicle Safety,"<0.0> 
[GENERAL VEHICLE SAFETY]
1. Not visible
2. Not visible

[COLLISIONS & NEAR MISSES]
3. Not visible
4. Not visible

[PARKING & ACCESS VIOLATIONS]
5. Not visible
6. Not visible

[SUSPICIOUS VEHICLE BEHAVIOR]
7. Not visible
8. Not visible

[VEHICLE IDENTIFICATION]
9. Not visible
10. Not visible
11. Not visible

[PEDESTRIAN & CHILD SAFETY]
12. Not visible
13. Not visible
14. Not visible"
vlm_runs/2026-06-05,LP_Farmers_Market_Restroom_1,LP_Farmers_Market_Restroom_1_20260605T081500.jpg,vlm_runs/2026-06-05/LP_Farmers_Market_Restroom_1/LP_Farmers_Market_Restroom_1_20260605T081500.jpg,vehicle_prompts,done,2026-06-08T22:42:50.765458+00:00,0.692,0,nvidia/cosmos-reason2-8b,Vehicle Safety,"<0.0> 
[GENERAL VEHICLE SAFETY]
1. Not visible
2. Not visible

[COLLISIONS & NEAR MISSES]
3. Not visible
4. Not visible

[PARKING & ACCESS VIOLATIONS]
5. Not visible
6. Not visible

[SUSPICIOUS VEHICLE BEHAVIOR]
7. Not visible
8. Not visible

[VEHICLE IDENTIFICATION]
9. Not visible
10. Not visible
11. Not visible

[PEDESTRIAN & CHILD SAFETY]
12. Not visible
13. Not visible
14. Not visible"
vlm_runs/2026-06-05,LP_Farmers_Market_Restroom_1,LP_Farmers_Market_Restroom_1_20260605T083000.jpg,vlm_runs/2026-06-05/LP_Farmers_Market_Restroom_1/LP_Farmers_Market_Restroom_1_20260605T083000.jpg,vehicle_prompts,done,2026-06-08T22:42:51.509211+00:00,0.472,0,nvidia/cosmos-reason2-8b,Vehicle Safety,"<0.0> 
1. Not visible
2. Not visible
3. Not visible
4. Not visible
5. Not visible
6. Not visible
7. Not visible
8. Not visible
9. Not visible
10. Not visible
11. Not visible
12. Not visible
13. Not visible
14. Not visible"
vlm_runs/2026-06-05,LP_Farmers_Market_Restroom_1,LP_Farmers_Market_Restroom_1_20260605T084500.jpg,vlm_runs/2026-06-05/LP_Farmers_Market_Restroom_1/LP_Farmers_Market_Restroom_1_20260605T084500.jpg,vehicle_prompts,done,2026-06-08T22:42:52.038391+00:00,0.702,0,nvidia/cosmos-reason2-8b,Vehicle Safety,"<0.0> 
[GENERAL VEHICLE SAFETY]
1. Not visible
2. Not visible

[COLLISIONS & NEAR MISSES]
3. Not visible
4. Not visible

[PARKING & ACCESS VIOLATIONS]
5. Not visible
6. Not visible

[SUSPICIOUS VEHICLE BEHAVIOR]
7. Not visible
8. Not visible

[VEHICLE IDENTIFICATION]
9. Not visible
10. Not visible
11. Not visible

[PEDESTRIAN & CHILD SAFETY]
12. Not visible
13. Not visible
14. Not visible"
vlm_runs/2026-06-05,LP_Farmers_Market_Restroom_1,LP_Farmers_Market_Restroom_1_20260605T090000.jpg,vlm_runs/2026-06-05/LP_Farmers_Market_Restroom_1/LP_Farmers_Market_Restroom_1_20260605T090000.jpg,vehicle_prompts,done,2026-06-08T22:42:52.792534+00:00,0.674,0,nvidia/cosmos-reason2-8b,Vehicle Safety,"<0.0> 

[GENERAL VEHICLE SAFETY]
1. Not visible
2. Not visible

[COLLISIONS & NEAR MISSES]
3. Not visible
4. Not visible

[PARKING & ACCESS VIOLATIONS]
5. Not visible
6. Not visible

[SUSPICIOUS VEHICLE BEHAVIOR]
7. Not visible
8. Not visible

[VEHICLE IDENTIFICATION]
9. Not visible
10. Not visible
11. Not visible

[PEDESTRIAN & CHILD SAFETY]
12. Not visible
13. Not visible
14. Not visible"
vlm_runs/2026-06-05,LP_Farmers_Market_Restroom_1,LP_Farmers_Market_Restroom_1_20260605T091500.jpg,vlm_runs/2026-06-05/LP_Farmers_Market_Restroom_1/LP_Farmers_Market_Restroom_1_20260605T091500.jpg,vehicle_prompts,done,2026-06-08T22:42:53.522848+00:00,0.69,0,nvidia/cosmos-reason2-8b,Vehicle Safety,"<0.0> 
[GENERAL VEHICLE SAFETY]
1. Not visible
2. Not visible

[COLLISIONS & NEAR MISSES]
3. Not visible
4. Not visible

[PARKING & ACCESS VIOLATIONS]
5. Not visible
6. Not visible

[SUSPICIOUS VEHICLE BEHAVIOR]
7. Not visible
8. Not visible

[VEHICLE IDENTIFICATION]
9. Not visible
10. Not visible
11. Not visible

[PEDESTRIAN & CHILD SAFETY]
12. Not visible
13. Not visible
14. Not visible"
vlm_runs/2026-06-05,LP_Farmers_Market_Restroom_1,LP_Farmers_Market_Restroom_1_20260605T093000.jpg,vlm_runs/2026-06-05/LP_Farmers_Market_Restroom_1/LP_Farmers_Market_Restroom_1_20260605T093000.jpg,vehicle_prompts,done,2026-06-08T22:42:54.265679+00:00,0.29,0,nvidia/cosmos-reason2-8b,Vehicle Safety,0.0
vlm_runs/2026-06-05,LP_Farmers_Market_Restroom_1,LP_Farmers_Market_Restroom_1_20260605T094500.jpg,vlm_runs/2026-06-05/LP_Farmers_Market_Restroom_1/LP_Farmers_Market_Restroom_1_20260605T094500.jpg,vehicle_prompts,done,2026-06-08T22:42:54.609568+00:00,0.685,0,nvidia/cosmos-reason2-8b,Vehicle Safety,"<0.0> 

[GENERAL VEHICLE SAFETY]
1. Not visible
2. Not visible

[COLLISIONS & NEAR MISSES]
3. Not visible
4. Not visible

[PARKING & ACCESS VIOLATIONS]
5. Not visible
6. Not visible

[SUSPICIOUS VEHICLE BEHAVIOR]
7. Not visible
8. Not visible

[VEHICLE IDENTIFICATION]
9. Not visible
10. Not visible
11. Not visible

[PEDESTRIAN & CHILD SAFETY]
12. Not visible
13. Not visible
14. Not visible"
vlm_runs/2026-06-05,LP_Farmers_Market_Restroom_1,LP_Farmers_Market_Restroom_1_20260605T100000.jpg,vlm_runs/2026-06-05/LP_Farmers_Market_Restroom_1/LP_Farmers_Market_Restroom_1_20260605T100000.jpg,vehicle_prompts,done,2026-06-08T22:42:55.347219+00:00,0.671,0,nvidia/cosmos-reason2-8b,Vehicle Safety,"<0.0> 

[GENERAL VEHICLE SAFETY]
1. Not visible
2. Not visible

[COLLISIONS & NEAR MISSES]
3. Not visible
4. Not visible

[PARKING & ACCESS VIOLATIONS]
5. Not visible
6. Not visible

[SUSPICIOUS VEHICLE BEHAVIOR]
7. Not visible
8. Not visible

[VEHICLE IDENTIFICATION]
9. Not visible
10. Not visible
11. Not visible

[PEDESTRIAN & CHILD SAFETY]
12. Not visible
13. Not visible
14. Not visible"
vlm_runs/2026-06-05,LP_Farmers_Market_Restroom_1,LP_Farmers_Market_Restroom_1_20260605T101500.jpg,vlm_runs/2026-06-05/LP_Farmers_Market_Restroom_1/LP_Farmers_Market_Restroom_1_20260605T101500.jpg,vehicle_prompts,done,2026-06-08T22:42:56.072555+00:00,0.674,0,nvidia/cosmos-reason2-8b,Vehicle Safety,"<0.0> 
[GENERAL VEHICLE SAFETY]
1. Not visible
2. Not visible

[COLLISIONS & NEAR MISSES]
3. Not visible
4. Not visible

[PARKING & ACCESS VIOLATIONS]
5. Not visible
6. Not visible

[SUSPICIOUS VEHICLE BEHAVIOR]
7. Not visible
8. Not visible

[VEHICLE IDENTIFICATION]
9. Not visible
10. Not visible
11. Not visible

[PEDESTRIAN & CHILD SAFETY]
12. Not visible
13. Not visible
14. Not visible"
vlm_runs/2026-06-05,LP_Farmers_Market_Restroom_1,LP_Farmers_Market_Restroom_1_20260605T103000.jpg,vlm_runs/2026-06-05/LP_Farmers_Market_Restroom_1/LP_Farmers_Market_Restroom_1_20260605T103000.jpg,vehicle_prompts,done,2026-06-08T22:42:56.804550+00:00,0.71,0,nvidia/cosmos-reason2-8b,Vehicle Safety,"<0.0> 
[GENERAL VEHICLE SAFETY] 1. Not visible 2. Not visible
[COLLISIONS & NEAR MISSES] 3. Not visible 4. Not visible
[PARKING & ACCESS VIOLATIONS] 5. Not visible 6. Not visible
[SUSPICIOUS VEHICLE BEHAVIOR] 7. Not visible 8. Not visible
[VEHICLE IDENTIFICATION] 9. Not visible 10. Not visible 11. Not visible
[PEDESTRIAN & CHILD SAFETY] 12. Not visible 13. Not visible 14. Not visible"
vlm_runs/2026-06-05,LP_Farmers_Market_Restroom_1,LP_Farmers_Market_Restroom_1_20260605T104500.jpg,vlm_runs/2026-06-05/LP_Farmers_Market_Restroom_1/LP_Farmers_Market_Restroom_1_20260605T104500.jpg,vehicle_prompts,done,2026-06-08T22:42:57.563769+00:00,0.665,0,nvidia/cosmos-reason2-8b,Vehicle Safety,"<0.0> 
[GENERAL VEHICLE SAFETY]
1. Not visible
2. Not visible

[COLLISIONS & NEAR MISSES]
3. Not visible
4. Not visible

[PARKING & ACCESS VIOLATIONS]
5. Not visible
6. Not visible

[SUSPICIOUS VEHICLE BEHAVIOR]
7. Not visible
8. Not visible

[VEHICLE IDENTIFICATION]
9. Not visible
10. Not visible
11. Not visible

[PEDESTRIAN & CHILD SAFETY]
12. Not visible
13. Not visible
14. Not visible"
vlm_runs/2026-06-05,LP_Farmers_Market_Restroom_1,LP_Farmers_Market_Restroom_1_20260605T110000.jpg,vlm_runs/2026-06-05/LP_Farmers_Market_Restroom_1/LP_Farmers_Market_Restroom_1_20260605T110000.jpg,vehicle_prompts,done,2026-06-08T22:42:58.279706+00:00,0.685,0,nvidia/cosmos-reason2-8b,Vehicle Safety,"<0.0> 

[GENERAL VEHICLE SAFETY]
1. Not visible
2. Not visible

[COLLISIONS & NEAR MISSES]
3. Not visible
4. Not visible

[PARKING & ACCESS VIOLATIONS]
5. Not visible
6. Not visible

[SUSPICIOUS VEHICLE BEHAVIOR]
7. Not visible
8. Not visible

[VEHICLE IDENTIFICATION]
9. Not visible
10. Not visible
11. Not visible

[PEDESTRIAN & CHILD SAFETY]
12. Not visible
13. Not visible
14. Not visible"
vlm_runs/2026-06-05,LP_Farmers_Market_Restroom_1,LP_Farmers_Market_Restroom_1_20260605T111500.jpg,vlm_runs/2026-06-05/LP_Farmers_Market_Restroom_1/LP_Farmers_Market_Restroom_1_20260605T111500.jpg,vehicle_prompts,done,2026-06-08T22:42:59.019515+00:00,0.662,0,nvidia/cosmos-reason2-8b,Vehicle Safety,"<0.0> 
[GENERAL VEHICLE SAFETY]
1. Not visible
2. Not visible

[COLLISIONS & NEAR MISSES]
3. Not visible
4. Not visible

[PARKING & ACCESS VIOLATIONS]
5. Not visible
6. Not visible

[SUSPICIOUS VEHICLE BEHAVIOR]
7. Not visible
8. Not visible

[VEHICLE IDENTIFICATION]
9. Not visible
10. Not visible
11. Not visible

[PEDESTRIAN & CHILD SAFETY]
12. Not visible
13. Not visible
14. Not visible"
vlm_runs/2026-06-05,LP_Farmers_Market_Restroom_1,LP_Farmers_Market_Restroom_1_20260605T113000.jpg,vlm_runs/2026-06-05/LP_Farmers_Market_Restroom_1/LP_Farmers_Market_Restroom_1_20260605T113000.jpg,vehicle_prompts,done,2026-06-08T22:42:59.739436+00:00,0.668,0,nvidia/cosmos-reason2-8b,Vehicle Safety,"<0.0> [GENERAL VEHICLE SAFETY]
1. Not visible
2. Not visible

[COLLISIONS & NEAR MISSES]
3. Not visible
4. Not visible

[PARKING & ACCESS VIOLATIONS]
5. Not visible
6. Not visible

[SUSPICIOUS VEHICLE BEHAVIOR]
7. Not visible
8. Not visible

[VEHICLE IDENTIFICATION]
9. Not visible
10. Not visible
11. Not visible

[PEDESTRIAN & CHILD SAFETY]
12. Not visible
13. Not visible
14. Not visible"
vlm_runs/2026-06-05,LP_Farmers_Market_Restroom_1,LP_Farmers_Market_Restroom_1_20260605T114500.jpg,vlm_runs/2026-06-05/LP_Farmers_Market_Restroom_1/LP_Farmers_Market_Restroom_1_20260605T114500.jpg,vehicle_prompts,done,2026-06-08T22:43:00.462462+00:00,0.664,0,nvidia/cosmos-reason2-8b,Vehicle Safety,"<0.0> 
[GENERAL VEHICLE SAFETY]
1. Not visible
2. Not visible

[COLLISIONS & NEAR MISSES]
3. Not visible
4. Not visible

[PARKING & ACCESS VIOLATIONS]
5. Not visible
6. Not visible

[SUSPICIOUS VEHICLE BEHAVIOR]
7. Not visible
8. Not visible

[VEHICLE IDENTIFICATION]
9. Not visible
10. Not visible
11. Not visible

[PEDESTRIAN & CHILD SAFETY]
12. Not visible
13. Not visible
14. Not visible"
vlm_runs/2026-06-05,LP_Farmers_Market_Restroom_1,LP_Farmers_Market_Restroom_1_20260605T120000.jpg,vlm_runs/2026-06-05/LP_Farmers_Market_Restroom_1/LP_Farmers_Market_Restroom_1_20260605T120000.jpg,vehicle_prompts,done,2026-06-08T22:43:01.177758+00:00,0.651,0,nvidia/cosmos-reason2-8b,Vehicle Safety,"<0.0> 
[GENERAL VEHICLE SAFETY]
1. Not visible
2. Not visible

[COLLISIONS & NEAR MISSES]
3. Not visible
4. Not visible

[PARKING & ACCESS VIOLATIONS]
5. Not visible
6. Not visible

[SUSPICIOUS VEHICLE BEHAVIOR]
7. Not visible
8. Not visible

[VEHICLE IDENTIFICATION]
9. Not visible
10. Not visible
11. Not visible

[PEDESTRIAN & CHILD SAFETY]
12. Not visible
13. Not visible
14. Not visible"
vlm_runs/2026-06-05,LP_Farmers_Market_Restroom_1,LP_Farmers_Market_Restroom_1_20260605T121500.jpg,vlm_runs/2026-06-05/LP_Farmers_Market_Restroom_1/LP_Farmers_Market_Restroom_1_20260605T121500.jpg,vehicle_prompts,done,2026-06-08T22:43:01.884427+00:00,0.677,0,nvidia/cosmos-reason2-8b,Vehicle Safety,"<0.0> 

[GENERAL VEHICLE SAFETY]
1. Not visible
2. Not visible

[COLLISIONS & NEAR MISSES]
3. Not visible
4. Not visible

[PARKING & ACCESS VIOLATIONS]
5. Not visible
6. Not visible

[SUSPICIOUS VEHICLE BEHAVIOR]
7. Not visible
8. Not visible

[VEHICLE IDENTIFICATION]
9. Not visible
10. Not visible
11. Not visible

[PEDESTRIAN & CHILD SAFETY]
12. Not visible
13. Not visible
14. Not visible"
vlm_runs/2026-06-05,LP_Farmers_Market_Restroom_1,LP_Farmers_Market_Restroom_1_20260605T123000.jpg,vlm_runs/2026-06-05/LP_Farmers_Market_Restroom_1/LP_Farmers_Market_Restroom_1_20260605T123000.jpg,vehicle_prompts,done,2026-06-08T22:43:02.612844+00:00,0.68,0,nvidia/cosmos-reason2-8b,Vehicle Safety,"<0.0> 
[GENERAL VEHICLE SAFETY]
1. Not visible
2. Not visible

[COLLISIONS & NEAR MISSES]
3. Not visible
4. Not visible

[PARKING & ACCESS VIOLATIONS]
5. Not visible
6. Not visible

[SUSPICIOUS VEHICLE BEHAVIOR]
7. Not visible
8. Not visible

[VEHICLE IDENTIFICATION]
9. Not visible
10. Not visible
11. Not visible

[PEDESTRIAN & CHILD SAFETY]
12. Not visible
13. Not visible
14. Not visible"
vlm_runs/2026-06-05,LP_Farmers_Market_Restroom_1,LP_Farmers_Market_Restroom_1_20260605T124500.jpg,vlm_runs/2026-06-05/LP_Farmers_Market_Restroom_1/LP_Farmers_Market_Restroom_1_20260605T124500.jpg,vehicle_prompts,done,2026-06-08T22:43:03.349627+00:00,0.681,0,nvidia/cosmos-reason2-8b,Vehicle Safety,"<0.0> 
[GENERAL VEHICLE SAFETY]
1. Not visible
2. Not visible

[COLLISIONS & NEAR MISSES]
3. Not visible
4. Not visible

[PARKING & ACCESS VIOLATIONS]
5. Not visible
6. Not visible

[SUSPICIOUS VEHICLE BEHAVIOR]
7. Not visible
8. Not visible

[VEHICLE IDENTIFICATION]
9. Not visible
10. Not visible
11. Not visible

[PEDESTRIAN & CHILD SAFETY]
12. Not visible
13. Not visible
14. Not visible"
vlm_runs/2026-06-05,LP_Farmers_Market_Restroom_1,LP_Farmers_Market_Restroom_1_20260605T130000.jpg,vlm_runs/2026-06-05/LP_Farmers_Market_Restroom_1/LP_Farmers_Market_Restroom_1_20260605T130000.jpg,vehicle_prompts,done,2026-06-08T22:43:04.087401+00:00,0.67,0,nvidia/cosmos-reason2-8b,Vehicle Safety,"<0.0> 
[GENERAL VEHICLE SAFETY]
1. Not visible
2. Not visible

[COLLISIONS & NEAR MISSES]
3. Not visible
4. Not visible

[PARKING & ACCESS VIOLATIONS]
5. Not visible
6. Not visible

[SUSPICIOUS VEHICLE BEHAVIOR]
7. Not visible
8. Not visible

[VEHICLE IDENTIFICATION]
9. Not visible
10. Not visible
11. Not visible

[PEDESTRIAN & CHILD SAFETY]
12. Not visible
13. Not visible
14. Not visible"
vlm_runs/2026-06-05,LP_Farmers_Market_Restroom_1,LP_Farmers_Market_Restroom_1_20260605T131500.jpg,vlm_runs/2026-06-05/LP_Farmers_Market_Restroom_1/LP_Farmers_Market_Restroom_1_20260605T131500.jpg,vehicle_prompts,done,2026-06-08T22:43:04.814317+00:00,0.294,0,nvidia/cosmos-reason2-8b,Vehicle Safety,"<0.0> 
Not visible"
vlm_runs/2026-06-05,LP_Farmers_Market_Restroom_1,LP_Farmers_Market_Restroom_1_20260605T133000.jpg,vlm_runs/2026-06-05/LP_Farmers_Market_Restroom_1/LP_Farmers_Market_Restroom_1_20260605T133000.jpg,vehicle_prompts,done,2026-06-08T22:43:05.171387+00:00,0.678,0,nvidia/cosmos-reason2-8b,Vehicle Safety,"<0.0> 

[GENERAL VEHICLE SAFETY]
1. Not visible
2. Not visible

[COLLISIONS & NEAR MISSES]
3. Not visible
4. Not visible

[PARKING & ACCESS VIOLATIONS]
5. Not visible
6. Not visible

[SUSPICIOUS VEHICLE BEHAVIOR]
7. Not visible
8. Not visible

[VEHICLE IDENTIFICATION]
9. Not visible
10. Not visible
11. Not visible

[PEDESTRIAN & CHILD SAFETY]
12. Not visible
13. Not visible
14. Not visible"
vlm_runs/2026-06-05,LP_Farmers_Market_Restroom_1,LP_Farmers_Market_Restroom_1_20260605T134500.jpg,vlm_runs/2026-06-05/LP_Farmers_Market_Restroom_1/LP_Farmers_Market_Restroom_1_20260605T134500.jpg,vehicle_prompts,done,2026-06-08T22:43:05.901835+00:00,0.675,0,nvidia/cosmos-reason2-8b,Vehicle Safety,"<0.0> 
[GENERAL VEHICLE SAFETY]
1. Not visible
2. Not visible

[COLLISIONS & NEAR MISSES]
3. Not visible
4. Not visible

[PARKING & ACCESS VIOLATIONS]
5. Not visible
6. Not visible

[SUSPICIOUS VEHICLE BEHAVIOR]
7. Not visible
8. Not visible

[VEHICLE IDENTIFICATION]
9. Not visible
10. Not visible
11. Not visible

[PEDESTRIAN & CHILD SAFETY]
12. Not visible
13. Not visible
14. Not visible"
vlm_runs/2026-06-05,LP_Farmers_Market_Restroom_1,LP_Farmers_Market_Restroom_1_20260605T140000.jpg,vlm_runs/2026-06-05/LP_Farmers_Market_Restroom_1/LP_Farmers_Market_Restroom_1_20260605T140000.jpg,vehicle_prompts,done,2026-06-08T22:43:06.630609+00:00,0.68,0,nvidia/cosmos-reason2-8b,Vehicle Safety,"<0.0> 

[GENERAL VEHICLE SAFETY]
1. Not visible
2. Not visible

[COLLISIONS & NEAR MISSES]
3. Not visible
4. Not visible

[PARKING & ACCESS VIOLATIONS]
5. Not visible
6. Not visible

[SUSPICIOUS VEHICLE BEHAVIOR]
7. Not visible
8. Not visible

[VEHICLE IDENTIFICATION]
9. Not visible
10. Not visible
11. Not visible

[PEDESTRIAN & CHILD SAFETY]
12. Not visible
13. Not visible
14. Not visible"
vlm_runs/2026-06-05,LP_Farmers_Market_Restroom_1,LP_Farmers_Market_Restroom_1_20260605T141500.jpg,vlm_runs/2026-06-05/LP_Farmers_Market_Restroom_1/LP_Farmers_Market_Restroom_1_20260605T141500.jpg,vehicle_prompts,done,2026-06-08T22:43:07.367385+00:00,0.68,0,nvidia/cosmos-reason2-8b,Vehicle Safety,"<0.0> 
[GENERAL VEHICLE SAFETY]
1. Not visible
2. Not visible

[COLLISIONS & NEAR MISSES]
3. Not visible
4. Not visible

[PARKING & ACCESS VIOLATIONS]
5. Not visible
6. Not visible

[SUSPICIOUS VEHICLE BEHAVIOR]
7. Not visible
8. Not visible

[VEHICLE IDENTIFICATION]
9. Not visible
10. Not visible
11. Not visible

[PEDESTRIAN & CHILD SAFETY]
12. Not visible
13. Not visible
14. Not visible"
vlm_runs/2026-06-05,LP_Farmers_Market_Restroom_1,LP_Farmers_Market_Restroom_1_20260605T143000.jpg,vlm_runs/2026-06-05/LP_Farmers_Market_Restroom_1/LP_Farmers_Market_Restroom_1_20260605T143000.jpg,vehicle_prompts,done,2026-06-08T22:43:08.100464+00:00,0.679,0,nvidia/cosmos-reason2-8b,Vehicle Safety,"<0.0> 
[GENERAL VEHICLE SAFETY]
1. Not visible
2. Not visible

[COLLISIONS & NEAR MISSES]
3. Not visible
4. Not visible

[PARKING & ACCESS VIOLATIONS]
5. Not visible
6. Not visible

[SUSPICIOUS VEHICLE BEHAVIOR]
7. Not visible
8. Not visible

[VEHICLE IDENTIFICATION]
9. Not visible
10. Not visible
11. Not visible

[PEDESTRIAN & CHILD SAFETY]
12. Not visible
13. Not visible
14. Not visible"
vlm_runs/2026-06-05,LP_Farmers_Market_Restroom_1,LP_Farmers_Market_Restroom_1_20260605T144500.jpg,vlm_runs/2026-06-05/LP_Farmers_Market_Restroom_1/LP_Farmers_Market_Restroom_1_20260605T144500.jpg,vehicle_prompts,done,2026-06-08T22:43:08.834448+00:00,0.684,0,nvidia/cosmos-reason2-8b,Vehicle Safety,"<0.0> 
[GENERAL VEHICLE SAFETY]
1. Not visible
2. Not visible

[COLLISIONS & NEAR MISSES]
3. Not visible
4. Not visible

[PARKING & ACCESS VIOLATIONS]
5. Not visible
6. Not visible

[SUSPICIOUS VEHICLE BEHAVIOR]
7. Not visible
8. Not visible

[VEHICLE IDENTIFICATION]
9. Not visible
10. Not visible
11. Not visible

[PEDESTRIAN & CHILD SAFETY]
12. Not visible
13. Not visible
14. Not visible"
vlm_runs/2026-06-05,LP_Farmers_Market_Restroom_1,LP_Farmers_Market_Restroom_1_20260605T150000.jpg,vlm_runs/2026-06-05/LP_Farmers_Market_Restroom_1/LP_Farmers_Market_Restroom_1_20260605T150000.jpg,vehicle_prompts,done,2026-06-08T22:43:09.572012+00:00,0.681,0,nvidia/cosmos-reason2-8b,Vehicle Safety,"<0.0> 
[GENERAL VEHICLE SAFETY]
1. Not visible
2. Not visible

[COLLISIONS & NEAR MISSES]
3. Not visible
4. Not visible

[PARKING & ACCESS VIOLATIONS]
5. Not visible
6. Not visible

[SUSPICIOUS VEHICLE BEHAVIOR]
7. Not visible
8. Not visible

[VEHICLE IDENTIFICATION]
9. Not visible
10. Not visible
11. Not visible

[PEDESTRIAN & CHILD SAFETY]
12. Not visible
13. Not visible
14. Not visible"
vlm_runs/2026-06-05,LP_Farmers_Market_Restroom_1,LP_Farmers_Market_Restroom_1_20260605T151500.jpg,vlm_runs/2026-06-05/LP_Farmers_Market_Restroom_1/LP_Farmers_Market_Restroom_1_20260605T151500.jpg,vehicle_prompts,done,2026-06-08T22:43:10.315205+00:00,0.682,0,nvidia/cosmos-reason2-8b,Vehicle Safety,"<0.0> 
[GENERAL VEHICLE SAFETY]
1. Not visible
2. Not visible

[COLLISIONS & NEAR MISSES]
3. Not visible
4. Not visible

[PARKING & ACCESS VIOLATIONS]
5. Not visible
6. Not visible

[SUSPICIOUS VEHICLE BEHAVIOR]
7. Not visible
8. Not visible

[VEHICLE IDENTIFICATION]
9. Not visible
10. Not visible
11. Not visible

[PEDESTRIAN & CHILD SAFETY]
12. Not visible
13. Not visible
14. Not visible"
vlm_runs/2026-06-05,LP_Farmers_Market_Restroom_1,LP_Farmers_Market_Restroom_1_20260605T153000.jpg,vlm_runs/2026-06-05/LP_Farmers_Market_Restroom_1/LP_Farmers_Market_Restroom_1_20260605T153000.jpg,vehicle_prompts,done,2026-06-08T22:43:11.051700+00:00,0.461,0,nvidia/cosmos-reason2-8b,Vehicle Safety,"<0.0> 
1. Not visible
2. Not visible
3. Not visible
4. Not visible
5. Not visible
6. Not visible
7. Not visible
8. Not visible
9. Not visible
10. Not visible
11. Not visible
12. Not visible
13. Not visible
14. Not visible"
vlm_runs/2026-06-05,LP_Farmers_Market_Restroom_1,LP_Farmers_Market_Restroom_1_20260605T154500.jpg,vlm_runs/2026-06-05/LP_Farmers_Market_Restroom_1/LP_Farmers_Market_Restroom_1_20260605T154500.jpg,vehicle_prompts,done,2026-06-08T22:43:11.567073+00:00,0.67,0,nvidia/cosmos-reason2-8b,Vehicle Safety,"<0.0> 
[GENERAL VEHICLE SAFETY]
1. Not visible
2. Not visible

[COLLISIONS & NEAR MISSES]
3. Not visible
4. Not visible

[PARKING & ACCESS VIOLATIONS]
5. Not visible
6. Not visible

[SUSPICIOUS VEHICLE BEHAVIOR]
7. Not visible
8. Not visible

[VEHICLE IDENTIFICATION]
9. Not visible
10. Not visible
11. Not visible

[PEDESTRIAN & CHILD SAFETY]
12. Not visible
13. Not visible
14. Not visible"
vlm_runs/2026-06-05,LP_Farmers_Market_Restroom_1,LP_Farmers_Market_Restroom_1_20260605T160000.jpg,vlm_runs/2026-06-05/LP_Farmers_Market_Restroom_1/LP_Farmers_Market_Restroom_1_20260605T160000.jpg,vehicle_prompts,done,2026-06-08T22:43:12.291090+00:00,0.695,0,nvidia/cosmos-reason2-8b,Vehicle Safety,"<0.0> 

[GENERAL VEHICLE SAFETY]
1. Not visible
2. Not visible

[COLLISIONS & NEAR MISSES]
3. Not visible
4. Not visible

[PARKING & ACCESS VIOLATIONS]
5. Not visible
6. Not visible

[SUSPICIOUS VEHICLE BEHAVIOR]
7. Not visible
8. Not visible

[VEHICLE IDENTIFICATION]
9. Not visible
10. Not visible
11. Not visible

[PEDESTRIAN & CHILD SAFETY]
12. Not visible
13. Not visible
14. Not visible"
vlm_runs/2026-06-05,LP_Farmers_Market_Restroom_1,LP_Farmers_Market_Restroom_1_20260605T161500.jpg,vlm_runs/2026-06-05/LP_Farmers_Market_Restroom_1/LP_Farmers_Market_Restroom_1_20260605T161500.jpg,vehicle_prompts,done,2026-06-08T22:43:13.045299+00:00,0.689,0,nvidia/cosmos-reason2-8b,Vehicle Safety,"<0.0> 
[GENERAL VEHICLE SAFETY]
1. Not visible
2. Not visible

[COLLISIONS & NEAR MISSES]
3. Not visible
4. Not visible

[PARKING & ACCESS VIOLATIONS]
5. Not visible
6. Not visible

[SUSPICIOUS VEHICLE BEHAVIOR]
7. Not visible
8. Not visible

[VEHICLE IDENTIFICATION]
9. Not visible
10. Not visible
11. Not visible

[PEDESTRIAN & CHILD SAFETY]
12. Not visible
13. Not visible
14. Not visible"
vlm_runs/2026-06-05,LP_Farmers_Market_Restroom_1,LP_Farmers_Market_Restroom_1_20260605T163000.jpg,vlm_runs/2026-06-05/LP_Farmers_Market_Restroom_1/LP_Farmers_Market_Restroom_1_20260605T163000.jpg,vehicle_prompts,done,2026-06-08T22:43:13.798149+00:00,1.308,0,nvidia/cosmos-reason2-8b,Vehicle Safety,"<0.0> 
[GENERAL VEHICLE SAFETY]
1. Not visible
2. Not visible

[COLLISIONS & NEAR MISSES]
3. Not visible
4. Not visible

[PARKING & ACCESS VIOLATIONS]
5. Not visible
6. Not visible

[SUSPICIOUS VEHICLE BEHAVIOR]
7. Not visible
8. Not visible

[VEHICLE IDENTIFICATION]
9. Not visible
10. Not visible
11. Not visible

[PEDESTRIAN & CHILD SAFETY]
12. Not visible
13. Not visible
14. Not visible"
vlm_runs/2026-06-05,LP_Farmers_Market_Restroom_1,LP_Farmers_Market_Restroom_1_20260605T164500.jpg,vlm_runs/2026-06-05/LP_Farmers_Market_Restroom_1/LP_Farmers_Market_Restroom_1_20260605T164500.jpg,vehicle_prompts,done,2026-06-08T22:43:15.157589+00:00,0.669,0,nvidia/cosmos-reason2-8b,Vehicle Safety,"<0.0> 
[GENERAL VEHICLE SAFETY]
1. Not visible
2. Not visible

[COLLISIONS & NEAR MISSES]
3. Not visible
4. Not visible

[PARKING & ACCESS VIOLATIONS]
5. Not visible
6. Not visible

[SUSPICIOUS VEHICLE BEHAVIOR]
7. Not visible
8. Not visible

[VEHICLE IDENTIFICATION]
9. Not visible
10. Not visible
11. Not visible

[PEDESTRIAN & CHILD SAFETY]
12. Not visible
13. Not visible
14. Not visible"
vlm_runs/2026-06-05,LP_Farmers_Market_Restroom_1,LP_Farmers_Market_Restroom_1_20260605T170000.jpg,vlm_runs/2026-06-05/LP_Farmers_Market_Restroom_1/LP_Farmers_Market_Restroom_1_20260605T170000.jpg,vehicle_prompts,done,2026-06-08T22:43:15.884565+00:00,0.46,0,nvidia/cosmos-reason2-8b,Vehicle Safety,"<0.0> 
1. Not visible
2. Not visible
3. Not visible
4. Not visible
5. Not visible
6. Not visible
7. Not visible
8. Not visible
9. Not visible
10. Not visible
11. Not visible
12. Not visible
13. Not visible
14. Not visible"
vlm_runs/2026-06-05,LP_Farmers_Market_Restroom_1,LP_Farmers_Market_Restroom_1_20260605T171500.jpg,vlm_runs/2026-06-05/LP_Farmers_Market_Restroom_1/LP_Farmers_Market_Restroom_1_20260605T171500.jpg,vehicle_prompts,done,2026-06-08T22:43:16.402534+00:00,0.74,0,nvidia/cosmos-reason2-8b,Vehicle Safety,"<0.0> 
[GENERAL VEHICLE SAFETY]
1. Not visible
2. Not visible

[COLLISIONS & NEAR MISSES]
3. Not visible
4. Not visible

[PARKING & ACCESS VIOLATIONS]
5. Not visible
6. Not visible

[SUSPICIOUS VEHICLE BEHAVIOR]
7. Not visible
8. Not visible

[VEHICLE IDENTIFICATION]
9. Not visible
10. Not visible
11. Not visible

[PEDESTRIAN & CHILD SAFETY]
12. Not visible
13. Not visible
14. Not visible"
vlm_runs/2026-06-05,LP_Farmers_Market_Restroom_1,LP_Farmers_Market_Restroom_1_20260605T173000.jpg,vlm_runs/2026-06-05/LP_Farmers_Market_Restroom_1/LP_Farmers_Market_Restroom_1_20260605T173000.jpg,vehicle_prompts,done,2026-06-08T22:43:17.196942+00:00,0.68,0,nvidia/cosmos-reason2-8b,Vehicle Safety,"<0.0> 
[GENERAL VEHICLE SAFETY]
1. Not visible
2. Not visible

[COLLISIONS & NEAR MISSES]
3. Not visible
4. Not visible

[PARKING & ACCESS VIOLATIONS]
5. Not visible
6. Not visible

[SUSPICIOUS VEHICLE BEHAVIOR]
7. Not visible
8. Not visible

[VEHICLE IDENTIFICATION]
9. Not visible
10. Not visible
11. Not visible

[PEDESTRIAN & CHILD SAFETY]
12. Not visible
13. Not visible
14. Not visible"
vlm_runs/2026-06-05,LP_Farmers_Market_Restroom_1,LP_Farmers_Market_Restroom_1_20260605T174500.jpg,vlm_runs/2026-06-05/LP_Farmers_Market_Restroom_1/LP_Farmers_Market_Restroom_1_20260605T174500.jpg,vehicle_prompts,done,2026-06-08T22:43:17.933760+00:00,0.456,0,nvidia/cosmos-reason2-8b,Vehicle Safety,"<0.0> 
1. Not visible
2. Not visible
3. Not visible
4. Not visible
5. Not visible
6. Not visible
7. Not visible
8. Not visible
9. Not visible
10. Not visible
11. Not visible
12. Not visible
13. Not visible
14. Not visible"
vlm_runs/2026-06-05,LP_Farmers_Market_Restroom_1,LP_Farmers_Market_Restroom_1_20260605T180000.jpg,vlm_runs/2026-06-05/LP_Farmers_Market_Restroom_1/LP_Farmers_Market_Restroom_1_20260605T180000.jpg,vehicle_prompts,done,2026-06-08T22:43:18.454918+00:00,0.684,0,nvidia/cosmos-reason2-8b,Vehicle Safety,"<0.0> 
[GENERAL VEHICLE SAFETY]
1. Not visible
2. Not visible

[COLLISIONS & NEAR MISSES]
3. Not visible
4. Not visible

[PARKING & ACCESS VIOLATIONS]
5. Not visible
6. Not visible

[SUSPICIOUS VEHICLE BEHAVIOR]
7. Not visible
8. Not visible

[VEHICLE IDENTIFICATION]
9. Not visible
10. Not visible
11. Not visible

[PEDESTRIAN & CHILD SAFETY]
12. Not visible
13. Not visible
14. Not visible"
vlm_runs/2026-06-05,LP_Farmers_Market_Restroom_1,LP_Farmers_Market_Restroom_1_20260605T181500.jpg,vlm_runs/2026-06-05/LP_Farmers_Market_Restroom_1/LP_Farmers_Market_Restroom_1_20260605T181500.jpg,vehicle_prompts,done,2026-06-08T22:43:19.192398+00:00,0.68,0,nvidia/cosmos-reason2-8b,Vehicle Safety,"<0.0> 
[GENERAL VEHICLE SAFETY]
1. Not visible
2. Not visible

[COLLISIONS & NEAR MISSES]
3. Not visible
4. Not visible

[PARKING & ACCESS VIOLATIONS]
5. Not visible
6. Not visible

[SUSPICIOUS VEHICLE BEHAVIOR]
7. Not visible
8. Not visible

[VEHICLE IDENTIFICATION]
9. Not visible
10. Not visible
11. Not visible

[PEDESTRIAN & CHILD SAFETY]
12. Not visible
13. Not visible
14. Not visible"
vlm_runs/2026-06-05,LP_Farmers_Market_Restroom_1,LP_Farmers_Market_Restroom_1_20260605T183000.jpg,vlm_runs/2026-06-05/LP_Farmers_Market_Restroom_1/LP_Farmers_Market_Restroom_1_20260605T183000.jpg,vehicle_prompts,done,2026-06-08T22:43:19.923330+00:00,0.694,0,nvidia/cosmos-reason2-8b,Vehicle Safety,"<0.0> 
[GENERAL VEHICLE SAFETY]
1. Not visible
2. Not visible

[COLLISIONS & NEAR MISSES]
3. Not visible
4. Not visible

[PARKING & ACCESS VIOLATIONS]
5. Not visible
6. Not visible

[SUSPICIOUS VEHICLE BEHAVIOR]
7. Not visible
8. Not visible

[VEHICLE IDENTIFICATION]
9. Not visible
10. Not visible
11. Not visible

[PEDESTRIAN & CHILD SAFETY]
12. Not visible
13. Not visible
14. Not visible"
vlm_runs/2026-06-05,LP_Farmers_Market_Restroom_1,LP_Farmers_Market_Restroom_1_20260605T184500.jpg,vlm_runs/2026-06-05/LP_Farmers_Market_Restroom_1/LP_Farmers_Market_Restroom_1_20260605T184500.jpg,vehicle_prompts,done,2026-06-08T22:43:20.672541+00:00,0.703,0,nvidia/cosmos-reason2-8b,Vehicle Safety,"<0.0> 
[GENERAL VEHICLE SAFETY]
1. Not visible
2. Not visible

[COLLISIONS & NEAR MISSES]
3. Not visible
4. Not visible

[PARKING & ACCESS VIOLATIONS]
5. Not visible
6. Not visible

[SUSPICIOUS VEHICLE BEHAVIOR]
7. Not visible
8. Not visible

[VEHICLE IDENTIFICATION]
9. Not visible
10. Not visible
11. Not visible

[PEDESTRIAN & CHILD SAFETY]
12. Not visible
13. Not visible
14. Not visible"
vlm_runs/2026-06-05,LP_Farmers_Market_Restroom_1,LP_Farmers_Market_Restroom_1_20260605T190000.jpg,vlm_runs/2026-06-05/LP_Farmers_Market_Restroom_1/LP_Farmers_Market_Restroom_1_20260605T190000.jpg,vehicle_prompts,done,2026-06-08T22:43:21.435135+00:00,0.682,0,nvidia/cosmos-reason2-8b,Vehicle Safety,"<0.0> 

[GENERAL VEHICLE SAFETY]
1. Not visible
2. Not visible

[COLLISIONS & NEAR MISSES]
3. Not visible
4. Not visible

[PARKING & ACCESS VIOLATIONS]
5. Not visible
6. Not visible

[SUSPICIOUS VEHICLE BEHAVIOR]
7. Not visible
8. Not visible

[VEHICLE IDENTIFICATION]
9. Not visible
10. Not visible
11. Not visible

[PEDESTRIAN & CHILD SAFETY]
12. Not visible
13. Not visible
14. Not visible"
vlm_runs/2026-06-05,LP_Farmers_Market_Restroom_1,LP_Farmers_Market_Restroom_1_20260605T191500.jpg,vlm_runs/2026-06-05/LP_Farmers_Market_Restroom_1/LP_Farmers_Market_Restroom_1_20260605T191500.jpg,vehicle_prompts,done,2026-06-08T22:43:22.172375+00:00,0.685,0,nvidia/cosmos-reason2-8b,Vehicle Safety,"<0.0> 
[GENERAL VEHICLE SAFETY]
1. Not visible
2. Not visible

[COLLISIONS & NEAR MISSES]
3. Not visible
4. Not visible

[PARKING & ACCESS VIOLATIONS]
5. Not visible
6. Not visible

[SUSPICIOUS VEHICLE BEHAVIOR]
7. Not visible
8. Not visible

[VEHICLE IDENTIFICATION]
9. Not visible
10. Not visible
11. Not visible

[PEDESTRIAN & CHILD SAFETY]
12. Not visible
13. Not visible
14. Not visible"
vlm_runs/2026-06-05,LP_Farmers_Market_Restroom_1,LP_Farmers_Market_Restroom_1_20260605T193000.jpg,vlm_runs/2026-06-05/LP_Farmers_Market_Restroom_1/LP_Farmers_Market_Restroom_1_20260605T193000.jpg,vehicle_prompts,done,2026-06-08T22:43:22.919367+00:00,0.667,0,nvidia/cosmos-reason2-8b,Vehicle Safety,"<0.0> 
[GENERAL VEHICLE SAFETY]
1. Not visible
2. Not visible

[COLLISIONS & NEAR MISSES]
3. Not visible
4. Not visible

[PARKING & ACCESS VIOLATIONS]
5. Not visible
6. Not visible

[SUSPICIOUS VEHICLE BEHAVIOR]
7. Not visible
8. Not visible

[VEHICLE IDENTIFICATION]
9. Not visible
10. Not visible
11. Not visible

[PEDESTRIAN & CHILD SAFETY]
12. Not visible
13. Not visible
14. Not visible"
vlm_runs/2026-06-05,LP_Farmers_Market_Restroom_1,LP_Farmers_Market_Restroom_1_20260605T194500.jpg,vlm_runs/2026-06-05/LP_Farmers_Market_Restroom_1/LP_Farmers_Market_Restroom_1_20260605T194500.jpg,vehicle_prompts,done,2026-06-08T22:43:23.639271+00:00,0.28,0,nvidia/cosmos-reason2-8b,Vehicle Safety,0.0
vlm_runs/2026-06-05,LP_Farmers_Market_Restroom_1,LP_Farmers_Market_Restroom_1_20260605T200000.jpg,vlm_runs/2026-06-05/LP_Farmers_Market_Restroom_1/LP_Farmers_Market_Restroom_1_20260605T200000.jpg,vehicle_prompts,done,2026-06-08T22:43:23.978314+00:00,0.66,0,nvidia/cosmos-reason2-8b,Vehicle Safety,"<0.0> 

[GENERAL VEHICLE SAFETY]
1. Not visible
2. Not visible

[COLLISIONS & NEAR MISSES]
3. Not visible
4. Not visible

[PARKING & ACCESS VIOLATIONS]
5. Not visible
6. Not visible

[SUSPICIOUS VEHICLE BEHAVIOR]
7. Not visible
8. Not visible

[VEHICLE IDENTIFICATION]
9. Not visible
10. Not visible
11. Not visible

[PEDESTRIAN & CHILD SAFETY]
12. Not visible
13. Not visible
14. Not visible"
vlm_runs/2026-06-05,LP_Farmers_Market_Restroom_1,LP_Farmers_Market_Restroom_1_20260605T201500.jpg,vlm_runs/2026-06-05/LP_Farmers_Market_Restroom_1/LP_Farmers_Market_Restroom_1_20260605T201500.jpg,vehicle_prompts,done,2026-06-08T22:43:24.691069+00:00,0.46,0,nvidia/cosmos-reason2-8b,Vehicle Safety,"<0.0> 
1. Not visible
2. Not visible
3. Not visible
4. Not visible
5. Not visible
6. Not visible
7. Not visible
8. Not visible
9. Not visible
10. Not visible
11. Not visible
12. Not visible
13. Not visible
14. Not visible"
vlm_runs/2026-06-05,LP_Farmers_Market_Restroom_1,LP_Farmers_Market_Restroom_1_20260605T203000.jpg,vlm_runs/2026-06-05/LP_Farmers_Market_Restroom_1/LP_Farmers_Market_Restroom_1_20260605T203000.jpg,vehicle_prompts,done,2026-06-08T22:43:25.206477+00:00,0.671,0,nvidia/cosmos-reason2-8b,Vehicle Safety,"<0.0> 

[GENERAL VEHICLE SAFETY]
1. Not visible
2. Not visible

[COLLISIONS & NEAR MISSES]
3. Not visible
4. Not visible

[PARKING & ACCESS VIOLATIONS]
5. Not visible
6. Not visible

[SUSPICIOUS VEHICLE BEHAVIOR]
7. Not visible
8. Not visible

[VEHICLE IDENTIFICATION]
9. Not visible
10. Not visible
11. Not visible

[PEDESTRIAN & CHILD SAFETY]
12. Not visible
13. Not visible
14. Not visible"
vlm_runs/2026-06-05,LP_Farmers_Market_Restroom_1,LP_Farmers_Market_Restroom_1_20260605T204500.jpg,vlm_runs/2026-06-05/LP_Farmers_Market_Restroom_1/LP_Farmers_Market_Restroom_1_20260605T204500.jpg,vehicle_prompts,done,2026-06-08T22:43:25.932211+00:00,0.461,0,nvidia/cosmos-reason2-8b,Vehicle Safety,"<0.0> 
1. Not visible
2. Not visible
3. Not visible
4. Not visible
5. Not visible
6. Not visible
7. Not visible
8. Not visible
9. Not visible
10. Not visible
11. Not visible
12. Not visible
13. Not visible
14. Not visible"
vlm_runs/2026-06-05,LP_Farmers_Market_Restroom_1,LP_Farmers_Market_Restroom_1_20260605T210000.jpg,vlm_runs/2026-06-05/LP_Farmers_Market_Restroom_1/LP_Farmers_Market_Restroom_1_20260605T210000.jpg,vehicle_prompts,done,2026-06-08T22:43:26.458816+00:00,0.44,0,nvidia/cosmos-reason2-8b,Vehicle Safety,"<0.0> 
1. Not visible
2. Not visible
3. Not visible
4. Not visible
5. Not visible
6. Not visible
7. Not visible
8. Not visible
9. Not visible
10. Not visible
11. Not visible
12. Not visible
13. Not visible
14. Not visible"
vlm_runs/2026-06-05,LP_Farmers_Market_Restroom_1,LP_Farmers_Market_Restroom_1_20260605T211500.jpg,vlm_runs/2026-06-05/LP_Farmers_Market_Restroom_1/LP_Farmers_Market_Restroom_1_20260605T211500.jpg,vehicle_prompts,done,2026-06-08T22:43:26.950433+00:00,0.461,0,nvidia/cosmos-reason2-8b,Vehicle Safety,"<0.0> 
1. Not visible
2. Not visible
3. Not visible
4. Not visible
5. Not visible
6. Not visible
7. Not visible
8. Not visible
9. Not visible
10. Not visible
11. Not visible
12. Not visible
13. Not visible
14. Not visible"
vlm_runs/2026-06-05,LP_Farmers_Market_Restroom_1,LP_Farmers_Market_Restroom_1_20260605T213000.jpg,vlm_runs/2026-06-05/LP_Farmers_Market_Restroom_1/LP_Farmers_Market_Restroom_1_20260605T213000.jpg,vehicle_prompts,done,2026-06-08T22:43:27.465239+00:00,0.47,0,nvidia/cosmos-reason2-8b,Vehicle Safety," timestamp: <0.0> 
1. Not visible
2. Not visible
3. Not visible
4. Not visible
5. Not visible
6. Not visible
7. Not visible
8. Not visible
9. Not visible
10. Not visible
11. Not visible
12. Not visible
13. Not visible
14. Not visible"
vlm_runs/2026-06-05,LP_Farmers_Market_Restroom_1,LP_Farmers_Market_Restroom_1_20260605T214500.jpg,vlm_runs/2026-06-05/LP_Farmers_Market_Restroom_1/LP_Farmers_Market_Restroom_1_20260605T214500.jpg,vehicle_prompts,done,2026-06-08T22:43:27.987756+00:00,0.44,0,nvidia/cosmos-reason2-8b,Vehicle Safety,"<0.0> 
1. Not visible
2. Not visible
3. Not visible
4. Not visible
5. Not visible
6. Not visible
7. Not visible
8. Not visible
9. Not visible
10. Not visible
11. Not visible
12. Not visible
13. Not visible
14. Not visible"
vlm_runs/2026-06-05,LP_Farmers_Market_Restroom_1,LP_Farmers_Market_Restroom_1_20260605T220000.jpg,vlm_runs/2026-06-05/LP_Farmers_Market_Restroom_1/LP_Farmers_Market_Restroom_1_20260605T220000.jpg,vehicle_prompts,done,2026-06-08T22:43:28.479380+00:00,0.673,0,nvidia/cosmos-reason2-8b,Vehicle Safety,"<0.0> 
[GENERAL VEHICLE SAFETY]
1. Not visible
2. Not visible

[COLLISIONS & NEAR MISSES]
3. Not visible
4. Not visible

[PARKING & ACCESS VIOLATIONS]
5. Not visible
6. Not visible

[SUSPICIOUS VEHICLE BEHAVIOR]
7. Not visible
8. Not visible

[VEHICLE IDENTIFICATION]
9. Not visible
10. Not visible
11. Not visible

[PEDESTRIAN & CHILD SAFETY]
12. Not visible
13. Not visible
14. Not visible"
vlm_runs/2026-06-05,LP_Farmers_Market_Restroom_1,LP_Farmers_Market_Restroom_1_20260605T221500.jpg,vlm_runs/2026-06-05/LP_Farmers_Market_Restroom_1/LP_Farmers_Market_Restroom_1_20260605T221500.jpg,vehicle_prompts,done,2026-06-08T22:43:29.203086+00:00,0.293,0,nvidia/cosmos-reason2-8b,Vehicle Safety,"<0.0> 
Not visible"
vlm_runs/2026-06-05,LP_Farmers_Market_Restroom_1,LP_Farmers_Market_Restroom_1_20260605T223000.jpg,vlm_runs/2026-06-05/LP_Farmers_Market_Restroom_1/LP_Farmers_Market_Restroom_1_20260605T223000.jpg,vehicle_prompts,done,2026-06-08T22:43:29.555082+00:00,0.674,0,nvidia/cosmos-reason2-8b,Vehicle Safety,"<0.0> 
All vehicles are at safe speed in designated areas.
No vehicle is at an unsafe speed.
No collisions or near misses are observed.
No vehicles are in fire lanes, emergency corridors, or no-stopping zones.
No vehicles are in wrong-way or restricted areas.
No vehicles are making threatening maneuvers or pursuing pedestrians.
No suspicious contact with parked vehicles is observed.
No vehicles have obscured or no plates.
Plate numbers, colors, makes, and models are not visible.
No individuals are struck or injured by vehicles.
No near misses involving individuals are observed.
No children are struck or at risk."
vlm_runs/2026-06-05,LP_Farmers_Market_Restroom_1,LP_Farmers_Market_Restroom_1_20260605T224500.jpg,vlm_runs/2026-06-05/LP_Farmers_Market_Restroom_1/LP_Farmers_Market_Restroom_1_20260605T224500.jpg,vehicle_prompts,done,2026-06-08T22:43:30.277530+00:00,0.285,0,nvidia/cosmos-reason2-8b,Vehicle Safety,0.0
vlm_runs/2026-06-05,LP_Farmers_Market_Restroom_1,LP_Farmers_Market_Restroom_1_20260605T230000.jpg,vlm_runs/2026-06-05/LP_Farmers_Market_Restroom_1/LP_Farmers_Market_Restroom_1_20260605T230000.jpg,vehicle_prompts,done,2026-06-08T22:43:30.616768+00:00,0.448,0,nvidia/cosmos-reason2-8b,Vehicle Safety,"<0.0> 
1. Not visible
2. Not visible
3. Not visible
4. Not visible
5. Not visible
6. Not visible
7. Not visible
8. Not visible
9. Not visible
10. Not visible
11. Not visible
12. Not visible
13. Not visible
14. Not visible"
vlm_runs/2026-06-05,LP_Farmers_Market_Restroom_1,LP_Farmers_Market_Restroom_1_20260605T231500.jpg,vlm_runs/2026-06-05/LP_Farmers_Market_Restroom_1/LP_Farmers_Market_Restroom_1_20260605T231500.jpg,vehicle_prompts,done,2026-06-08T22:43:31.118191+00:00,0.436,0,nvidia/cosmos-reason2-8b,Vehicle Safety,"<0.0> 
1. Not visible
2. Not visible
3. Not visible
4. Not visible
5. Not visible
6. Not visible
7. Not visible
8. Not visible
9. Not visible
10. Not visible
11. Not visible
12. Not visible
13. Not visible
14. Not visible"
vlm_runs/2026-06-05,LP_Farmers_Market_Restroom_1,LP_Farmers_Market_Restroom_1_20260605T233000.jpg,vlm_runs/2026-06-05/LP_Farmers_Market_Restroom_1/LP_Farmers_Market_Restroom_1_20260605T233000.jpg,vehicle_prompts,done,2026-06-08T22:43:31.607731+00:00,0.439,0,nvidia/cosmos-reason2-8b,Vehicle Safety,"<0.0> 
1. Not visible
2. Not visible
3. Not visible
4. Not visible
5. Not visible
6. Not visible
7. Not visible
8. Not visible
9. Not visible
10. Not visible
11. Not visible
12. Not visible
13. Not visible
14. Not visible"
vlm_runs/2026-06-05,LP_Farmers_Market_Restroom_1,LP_Farmers_Market_Restroom_1_20260605T234500.jpg,vlm_runs/2026-06-05/LP_Farmers_Market_Restroom_1/LP_Farmers_Market_Restroom_1_20260605T234500.jpg,vehicle_prompts,done,2026-06-08T22:43:32.102893+00:00,0.673,0,nvidia/cosmos-reason2-8b,Vehicle Safety,"<0.0> 
[GENERAL VEHICLE SAFETY]
1. Not visible
2. Not visible

[COLLISIONS & NEAR MISSES]
3. Not visible
4. Not visible

[PARKING & ACCESS VIOLATIONS]
5. Not visible
6. Not visible

[SUSPICIOUS VEHICLE BEHAVIOR]
7. Not visible
8. Not visible

[VEHICLE IDENTIFICATION]
9. Not visible
10. Not visible
11. Not visible

[PEDESTRIAN & CHILD SAFETY]
12. Not visible
13. Not visible
14. Not visible"
vlm_runs/2026-06-05,LP_Farmers_Market_Restroom_2,LP_Farmers_Market_Restroom_2_20260605T000000.jpg,vlm_runs/2026-06-05/LP_Farmers_Market_Restroom_2/LP_Farmers_Market_Restroom_2_20260605T000000.jpg,vehicle_prompts,done,2026-06-08T22:44:51.953551+00:00,0.46,0,nvidia/cosmos-reason2-8b,Vehicle Safety,"<0.0> 
1. Not visible
2. Not visible
3. Not visible
4. Not visible
5. Not visible
6. Not visible
7. Not visible
8. Not visible
9. Not visible
10. Not visible
11. Not visible
12. Not visible
13. Not visible
14. Not visible"
vlm_runs/2026-06-05,LP_Farmers_Market_Restroom_2,LP_Farmers_Market_Restroom_2_20260605T001500.jpg,vlm_runs/2026-06-05/LP_Farmers_Market_Restroom_2/LP_Farmers_Market_Restroom_2_20260605T001500.jpg,vehicle_prompts,done,2026-06-08T22:44:52.472305+00:00,0.457,0,nvidia/cosmos-reason2-8b,Vehicle Safety,"<0.0> 
1. Not visible
2. Not visible
3. Not visible
4. Not visible
5. Not visible
6. Not visible
7. Not visible
8. Not visible
9. Not visible
10. Not visible
11. Not visible
12. Not visible
13. Not visible
14. Not visible"
vlm_runs/2026-06-05,LP_Farmers_Market_Restroom_2,LP_Farmers_Market_Restroom_2_20260605T003000.jpg,vlm_runs/2026-06-05/LP_Farmers_Market_Restroom_2/LP_Farmers_Market_Restroom_2_20260605T003000.jpg,vehicle_prompts,done,2026-06-08T22:44:52.983965+00:00,0.685,0,nvidia/cosmos-reason2-8b,Vehicle Safety,"Visible timestamps: <0.0> 

[GENERAL VEHICLE SAFETY]
1. Not visible
2. Not visible

[COLLISIONS & NEAR MISSES]
3. Not visible
4. Not visible

[PARKING & ACCESS VIOLATIONS]
5. Not visible
6. Not visible

[SUSPICIOUS VEHICLE BEHAVIOR]
7. Not visible
8. Not visible

[VEHICLE IDENTIFICATION]
9. Not visible
10. Not visible
11. Not visible

[PEDESTRIAN & CHILD SAFETY]
12. Not visible
13. Not visible
14. Not visible"
vlm_runs/2026-06-05,LP_Farmers_Market_Restroom_2,LP_Farmers_Market_Restroom_2_20260605T004500.jpg,vlm_runs/2026-06-05/LP_Farmers_Market_Restroom_2/LP_Farmers_Market_Restroom_2_20260605T004500.jpg,vehicle_prompts,done,2026-06-08T22:44:53.723270+00:00,0.467,0,nvidia/cosmos-reason2-8b,Vehicle Safety," timestamp: <0.0> 
1. Not visible
2. Not visible
3. Not visible
4. Not visible
5. Not visible
6. Not visible
7. Not visible
8. Not visible
9. Not visible
10. Not visible
11. Not visible
12. Not visible
13. Not visible
14. Not visible"
vlm_runs/2026-06-05,LP_Farmers_Market_Restroom_2,LP_Farmers_Market_Restroom_2_20260605T010000.jpg,vlm_runs/2026-06-05/LP_Farmers_Market_Restroom_2/LP_Farmers_Market_Restroom_2_20260605T010000.jpg,vehicle_prompts,done,2026-06-08T22:44:54.243944+00:00,0.505,0,nvidia/cosmos-reason2-8b,Vehicle Safety," timestamp: <0.0> 
Based on the video provided, no vehicles are visible. Therefore, there are no vehicles to assess for speed, collisions, parking violations, or other behaviors. The scene appears to be a quiet urban area with bicycles and street furniture, but no vehicles are present."
vlm_runs/2026-06-05,LP_Farmers_Market_Restroom_2,LP_Farmers_Market_Restroom_2_20260605T011500.jpg,vlm_runs/2026-06-05/LP_Farmers_Market_Restroom_2/LP_Farmers_Market_Restroom_2_20260605T011500.jpg,vehicle_prompts,done,2026-06-08T22:44:54.803183+00:00,0.45,0,nvidia/cosmos-reason2-8b,Vehicle Safety,"<0.0> 
1. Not visible
2. Not visible
3. Not visible
4. Not visible
5. Not visible
6. Not visible
7. Not visible
8. Not visible
9. Not visible
10. Not visible
11. Not visible
12. Not visible
13. Not visible
14. Not visible"
vlm_runs/2026-06-05,LP_Farmers_Market_Restroom_2,LP_Farmers_Market_Restroom_2_20260605T013000.jpg,vlm_runs/2026-06-05/LP_Farmers_Market_Restroom_2/LP_Farmers_Market_Restroom_2_20260605T013000.jpg,vehicle_prompts,done,2026-06-08T22:44:55.309689+00:00,0.464,0,nvidia/cosmos-reason2-8b,Vehicle Safety,"<0.0> 
1. Not visible
2. Not visible
3. Not visible
4. Not visible
5. Not visible
6. Not visible
7. Not visible
8. Not visible
9. Not visible
10. Not visible
11. Not visible
12. Not visible
13. Not visible
14. Not visible"
vlm_runs/2026-06-05,LP_Farmers_Market_Restroom_2,LP_Farmers_Market_Restroom_2_20260605T014500.jpg,vlm_runs/2026-06-05/LP_Farmers_Market_Restroom_2/LP_Farmers_Market_Restroom_2_20260605T014500.jpg,vehicle_prompts,done,2026-06-08T22:44:55.828193+00:00,0.664,0,nvidia/cosmos-reason2-8b,Vehicle Safety,"<0.0> 
[GENERAL VEHICLE SAFETY]
1. Not visible
2. Not visible

[COLLISIONS & NEAR MISSES]
3. Not visible
4. Not visible

[PARKING & ACCESS VIOLATIONS]
5. Not visible
6. Not visible

[SUSPICIOUS VEHICLE BEHAVIOR]
7. Not visible
8. Not visible

[VEHICLE IDENTIFICATION]
9. Not visible
10. Not visible
11. Not visible

[PEDESTRIAN & CHILD SAFETY]
12. Not visible
13. Not visible
14. Not visible"
vlm_runs/2026-06-05,LP_Farmers_Market_Restroom_2,LP_Farmers_Market_Restroom_2_20260605T020000.jpg,vlm_runs/2026-06-05/LP_Farmers_Market_Restroom_2/LP_Farmers_Market_Restroom_2_20260605T020000.jpg,vehicle_prompts,done,2026-06-08T22:44:56.554484+00:00,0.456,0,nvidia/cosmos-reason2-8b,Vehicle Safety,"<0.0> 
1. Not visible
2. Not visible
3. Not visible
4. Not visible
5. Not visible
6. Not visible
7. Not visible
8. Not visible
9. Not visible
10. Not visible
11. Not visible
12. Not visible
13. Not visible
14. Not visible"
vlm_runs/2026-06-05,LP_Farmers_Market_Restroom_2,LP_Farmers_Market_Restroom_2_20260605T021500.jpg,vlm_runs/2026-06-05/LP_Farmers_Market_Restroom_2/LP_Farmers_Market_Restroom_2_20260605T021500.jpg,vehicle_prompts,done,2026-06-08T22:44:57.067196+00:00,0.669,0,nvidia/cosmos-reason2-8b,Vehicle Safety,"<0.0> 
[GENERAL VEHICLE SAFETY]
1. Not visible
2. Not visible

[COLLISIONS & NEAR MISSES]
3. Not visible
4. Not visible

[PARKING & ACCESS VIOLATIONS]
5. Not visible
6. Not visible

[SUSPICIOUS VEHICLE BEHAVIOR]
7. Not visible
8. Not visible

[VEHICLE IDENTIFICATION]
9. Not visible
10. Not visible
11. Not visible

[PEDESTRIAN & CHILD SAFETY]
12. Not visible
13. Not visible
14. Not visible"
vlm_runs/2026-06-05,LP_Farmers_Market_Restroom_2,LP_Farmers_Market_Restroom_2_20260605T023000.jpg,vlm_runs/2026-06-05/LP_Farmers_Market_Restroom_2/LP_Farmers_Market_Restroom_2_20260605T023000.jpg,vehicle_prompts,done,2026-06-08T22:44:57.792234+00:00,0.453,0,nvidia/cosmos-reason2-8b,Vehicle Safety,"<0.0> 
1. Not visible
2. Not visible
3. Not visible
4. Not visible
5. Not visible
6. Not visible
7. Not visible
8. Not visible
9. Not visible
10. Not visible
11. Not visible
12. Not visible
13. Not visible
14. Not visible"
vlm_runs/2026-06-05,LP_Farmers_Market_Restroom_2,LP_Farmers_Market_Restroom_2_20260605T024500.jpg,vlm_runs/2026-06-05/LP_Farmers_Market_Restroom_2/LP_Farmers_Market_Restroom_2_20260605T024500.jpg,vehicle_prompts,done,2026-06-08T22:44:58.301549+00:00,0.441,0,nvidia/cosmos-reason2-8b,Vehicle Safety,"<0.0> 
1. Not visible
2. Not visible
3. Not visible
4. Not visible
5. Not visible
6. Not visible
7. Not visible
8. Not visible
9. Not visible
10. Not visible
11. Not visible
12. Not visible
13. Not visible
14. Not visible"
vlm_runs/2026-06-05,LP_Farmers_Market_Restroom_2,LP_Farmers_Market_Restroom_2_20260605T030000.jpg,vlm_runs/2026-06-05/LP_Farmers_Market_Restroom_2/LP_Farmers_Market_Restroom_2_20260605T030000.jpg,vehicle_prompts,done,2026-06-08T22:44:58.801382+00:00,0.696,0,nvidia/cosmos-reason2-8b,Vehicle Safety,"<0.0> 
[GENERAL VEHICLE SAFETY]
1. Not visible
2. Not visible

[COLLISIONS & NEAR MISSES]
3. Not visible
4. Not visible

[PARKING & ACCESS VIOLATIONS]
5. Not visible
6. Not visible

[SUSPICIOUS VEHICLE BEHAVIOR]
7. Not visible
8. Not visible

[VEHICLE IDENTIFICATION]
9. Not visible
10. Not visible
11. Not visible

[PEDESTRIAN & CHILD SAFETY]
12. Not visible
13. Not visible
14. Not visible"
vlm_runs/2026-06-05,LP_Farmers_Market_Restroom_2,LP_Farmers_Market_Restroom_2_20260605T031500.jpg,vlm_runs/2026-06-05/LP_Farmers_Market_Restroom_2/LP_Farmers_Market_Restroom_2_20260605T031500.jpg,vehicle_prompts,done,2026-06-08T22:44:59.555161+00:00,0.447,0,nvidia/cosmos-reason2-8b,Vehicle Safety,"<0.0> 
1. Not visible
2. Not visible
3. Not visible
4. Not visible
5. Not visible
6. Not visible
7. Not visible
8. Not visible
9. Not visible
10. Not visible
11. Not visible
12. Not visible
13. Not visible
14. Not visible"
vlm_runs/2026-06-05,LP_Farmers_Market_Restroom_2,LP_Farmers_Market_Restroom_2_20260605T033000.jpg,vlm_runs/2026-06-05/LP_Farmers_Market_Restroom_2/LP_Farmers_Market_Restroom_2_20260605T033000.jpg,vehicle_prompts,done,2026-06-08T22:45:00.058279+00:00,0.307,0,nvidia/cosmos-reason2-8b,Vehicle Safety,"Visible timestamps: <0.0>

Not visible"
vlm_runs/2026-06-05,LP_Farmers_Market_Restroom_2,LP_Farmers_Market_Restroom_2_20260605T034500.jpg,vlm_runs/2026-06-05/LP_Farmers_Market_Restroom_2/LP_Farmers_Market_Restroom_2_20260605T034500.jpg,vehicle_prompts,done,2026-06-08T22:45:00.420028+00:00,0.464,0,nvidia/cosmos-reason2-8b,Vehicle Safety," timestamp: <0.0> 
1. Not visible
2. Not visible
3. Not visible
4. Not visible
5. Not visible
6. Not visible
7. Not visible
8. Not visible
9. Not visible
10. Not visible
11. Not visible
12. Not visible
13. Not visible
14. Not visible"
vlm_runs/2026-06-05,LP_Farmers_Market_Restroom_2,LP_Farmers_Market_Restroom_2_20260605T040000.jpg,vlm_runs/2026-06-05/LP_Farmers_Market_Restroom_2/LP_Farmers_Market_Restroom_2_20260605T040000.jpg,vehicle_prompts,done,2026-06-08T22:45:00.940264+00:00,0.669,0,nvidia/cosmos-reason2-8b,Vehicle Safety,"<0.0> 
[GENERAL VEHICLE SAFETY]
1. Not visible
2. Not visible

[COLLISIONS & NEAR MISSES]
3. Not visible
4. Not visible

[PARKING & ACCESS VIOLATIONS]
5. Not visible
6. Not visible

[SUSPICIOUS VEHICLE BEHAVIOR]
7. Not visible
8. Not visible

[VEHICLE IDENTIFICATION]
9. Not visible
10. Not visible
11. Not visible

[PEDESTRIAN & CHILD SAFETY]
12. Not visible
13. Not visible
14. Not visible"
vlm_runs/2026-06-05,LP_Farmers_Market_Restroom_2,LP_Farmers_Market_Restroom_2_20260605T041500.jpg,vlm_runs/2026-06-05/LP_Farmers_Market_Restroom_2/LP_Farmers_Market_Restroom_2_20260605T041500.jpg,vehicle_prompts,done,2026-06-08T22:45:01.666661+00:00,0.662,0,nvidia/cosmos-reason2-8b,Vehicle Safety,"<0.0> 
[GENERAL VEHICLE SAFETY]
1. Not visible
2. Not visible

[COLLISIONS & NEAR MISSES]
3. Not visible
4. Not visible

[PARKING & ACCESS VIOLATIONS]
5. Not visible
6. Not visible

[SUSPICIOUS VEHICLE BEHAVIOR]
7. Not visible
8. Not visible

[VEHICLE IDENTIFICATION]
9. Not visible
10. Not visible
11. Not visible

[PEDESTRIAN & CHILD SAFETY]
12. Not visible
13. Not visible
14. Not visible"
vlm_runs/2026-06-05,LP_Farmers_Market_Restroom_2,LP_Farmers_Market_Restroom_2_20260605T043000.jpg,vlm_runs/2026-06-05/LP_Farmers_Market_Restroom_2/LP_Farmers_Market_Restroom_2_20260605T043000.jpg,vehicle_prompts,done,2026-06-08T22:45:02.379373+00:00,0.631,0,nvidia/cosmos-reason2-8b,Vehicle Safety,"<0.0> 

[GENERAL VEHICLE SAFETY]
1. Not visible
2. Not visible

[COLLISIONS & NEAR MISSES]
3. Not visible
4. Not visible

[PARKING & ACCESS VIOLATIONS]
5. Not visible
6. Not visible

[SUSPICIOUS VEHICLE BEHAVIOR]
7. Not visible
8. Not visible

[VEHICLE IDENTIFICATION]
9. Not visible
10. Not visible
11. Not visible
12. Not visible
13. Not visible
14. Not visible"
vlm_runs/2026-06-05,LP_Farmers_Market_Restroom_2,LP_Farmers_Market_Restroom_2_20260605T044500.jpg,vlm_runs/2026-06-05/LP_Farmers_Market_Restroom_2/LP_Farmers_Market_Restroom_2_20260605T044500.jpg,vehicle_prompts,done,2026-06-08T22:45:03.065871+00:00,0.47,0,nvidia/cosmos-reason2-8b,Vehicle Safety,"Timestamp: <0.0> 
1. Not visible
2. Not visible
3. Not visible
4. Not visible
5. Not visible
6. Not visible
7. Not visible
8. Not visible
9. Not visible
10. Not visible
11. Not visible
12. Not visible
13. Not visible
14. Not visible"
vlm_runs/2026-06-05,LP_Farmers_Market_Restroom_2,LP_Farmers_Market_Restroom_2_20260605T050000.jpg,vlm_runs/2026-06-05/LP_Farmers_Market_Restroom_2/LP_Farmers_Market_Restroom_2_20260605T050000.jpg,vehicle_prompts,done,2026-06-08T22:45:03.592719+00:00,0.668,0,nvidia/cosmos-reason2-8b,Vehicle Safety,"<0.0> 

[GENERAL VEHICLE SAFETY]
1. Not visible
2. Not visible

[COLLISIONS & NEAR MISSES]
3. Not visible
4. Not visible

[PARKING & ACCESS VIOLATIONS]
5. Not visible
6. Not visible

[SUSPICIOUS VEHICLE BEHAVIOR]
7. Not visible
8. Not visible

[VEHICLE IDENTIFICATION]
9. Not visible
10. Not visible
11. Not visible

[PEDESTRIAN & CHILD SAFETY]
12. Not visible
13. Not visible
14. Not visible"
vlm_runs/2026-06-05,LP_Farmers_Market_Restroom_2,LP_Farmers_Market_Restroom_2_20260605T051500.jpg,vlm_runs/2026-06-05/LP_Farmers_Market_Restroom_2/LP_Farmers_Market_Restroom_2_20260605T051500.jpg,vehicle_prompts,done,2026-06-08T22:45:04.312566+00:00,0.694,0,nvidia/cosmos-reason2-8b,Vehicle Safety,"<0.0> 
GENERAL VEHICLE SAFETY
1. Not visible
2. Not visible

COLLISIONS & NEAR MISSES
3. Not visible
4. Not visible

PARKING & ACCESS VIOLATIONS
5. Not visible
6. Not visible

SUSPICIOUS VEHICLE BEHAVIOR
7. Not visible
8. Not visible

VEHICLE IDENTIFICATION
9. Not visible
10. Not visible
11. Not visible

PEDESTRIAN & CHILD SAFETY
12. Not visible
13. Not visible
14. Not visible"
vlm_runs/2026-06-05,LP_Farmers_Market_Restroom_2,LP_Farmers_Market_Restroom_2_20260605T053000.jpg,vlm_runs/2026-06-05/LP_Farmers_Market_Restroom_2/LP_Farmers_Market_Restroom_2_20260605T053000.jpg,vehicle_prompts,done,2026-06-08T22:45:05.063132+00:00,0.694,0,nvidia/cosmos-reason2-8b,Vehicle Safety,"<0.0> 
GENERAL VEHICLE SAFETY
1. Not visible
2. Not visible

COLLISIONS & NEAR MISSES
3. Not visible
4. Not visible

PARKING & ACCESS VIOLATIONS
5. Not visible
6. Not visible

SUSPICIOUS VEHICLE BEHAVIOR
7. Not visible
8. Not visible

VEHICLE IDENTIFICATION
9. Not visible
10. Not visible
11. Not visible

PEDESTRIAN & CHILD SAFETY
12. Not visible
13. Not visible
14. Not visible"
vlm_runs/2026-06-05,LP_Farmers_Market_Restroom_2,LP_Farmers_Market_Restroom_2_20260605T054500.jpg,vlm_runs/2026-06-05/LP_Farmers_Market_Restroom_2/LP_Farmers_Market_Restroom_2_20260605T054500.jpg,vehicle_prompts,done,2026-06-08T22:45:05.816280+00:00,0.661,0,nvidia/cosmos-reason2-8b,Vehicle Safety,"<0.0> 

[GENERAL VEHICLE SAFETY]
1. Not visible
2. Not visible

[COLLISIONS & NEAR MISSES]
3. Not visible
4. Not visible

[PARKING & ACCESS VIOLATIONS]
5. Not visible
6. Not visible

[SUSPICIOUS VEHICLE BEHAVIOR]
7. Not visible
8. Not visible

[VEHICLE IDENTIFICATION]
9. Not visible
10. Not visible
11. Not visible

[PEDESTRIAN & CHILD SAFETY]
12. Not visible
13. Not visible
14. Not visible"
vlm_runs/2026-06-05,LP_Farmers_Market_Restroom_2,LP_Farmers_Market_Restroom_2_20260605T060000.jpg,vlm_runs/2026-06-05/LP_Farmers_Market_Restroom_2/LP_Farmers_Market_Restroom_2_20260605T060000.jpg,vehicle_prompts,done,2026-06-08T22:45:06.544709+00:00,0.668,0,nvidia/cosmos-reason2-8b,Vehicle Safety,"<0.0> 
[GENERAL VEHICLE SAFETY]
1. Not visible
2. Not visible

[COLLISIONS & NEAR MISSES]
3. Not visible
4. Not visible

[PARKING & ACCESS VIOLATIONS]
5. Not visible
6. Not visible

[SUSPICIOUS VEHICLE BEHAVIOR]
7. Not visible
8. Not visible

[VEHICLE IDENTIFICATION]
9. Not visible
10. Not visible
11. Not visible

[PEDESTRIAN & CHILD SAFETY]
12. Not visible
13. Not visible
14. Not visible"
vlm_runs/2026-06-05,LP_Farmers_Market_Restroom_2,LP_Farmers_Market_Restroom_2_20260605T061500.jpg,vlm_runs/2026-06-05/LP_Farmers_Market_Restroom_2/LP_Farmers_Market_Restroom_2_20260605T061500.jpg,vehicle_prompts,done,2026-06-08T22:45:07.267354+00:00,0.67,0,nvidia/cosmos-reason2-8b,Vehicle Safety,"<0.0> 
[GENERAL VEHICLE SAFETY]
1. Not visible
2. Not visible

[COLLISIONS & NEAR MISSES]
3. Not visible
4. Not visible

[PARKING & ACCESS VIOLATIONS]
5. Not visible
6. Not visible

[SUSPICIOUS VEHICLE BEHAVIOR]
7. Not visible
8. Not visible

[VEHICLE IDENTIFICATION]
9. Not visible
10. Not visible
11. Not visible

[PEDESTRIAN & CHILD SAFETY]
12. Not visible
13. Not visible
14. Not visible"
vlm_runs/2026-06-05,LP_Farmers_Market_Restroom_2,LP_Farmers_Market_Restroom_2_20260605T063000.jpg,vlm_runs/2026-06-05/LP_Farmers_Market_Restroom_2/LP_Farmers_Market_Restroom_2_20260605T063000.jpg,vehicle_prompts,done,2026-06-08T22:45:07.997898+00:00,0.676,0,nvidia/cosmos-reason2-8b,Vehicle Safety,"<0.0> 
[GENERAL VEHICLE SAFETY]
1. Not visible
2. Not visible

[COLLISIONS & NEAR MISSES]
3. Not visible
4. Not visible

[PARKING & ACCESS VIOLATIONS]
5. Not visible
6. Not visible

[SUSPICIOUS VEHICLE BEHAVIOR]
7. Not visible
8. Not visible

[VEHICLE IDENTIFICATION]
9. Not visible
10. Not visible
11. Not visible

[PEDESTRIAN & CHILD SAFETY]
12. Not visible
13. Not visible
14. Not visible"
vlm_runs/2026-06-05,LP_Farmers_Market_Restroom_2,LP_Farmers_Market_Restroom_2_20260605T064500.jpg,vlm_runs/2026-06-05/LP_Farmers_Market_Restroom_2/LP_Farmers_Market_Restroom_2_20260605T064500.jpg,vehicle_prompts,done,2026-06-08T22:45:08.738412+00:00,0.672,0,nvidia/cosmos-reason2-8b,Vehicle Safety,"<0.0> 

[GENERAL VEHICLE SAFETY]
1. Not visible
2. Not visible

[COLLISIONS & NEAR MISSES]
3. Not visible
4. Not visible

[PARKING & ACCESS VIOLATIONS]
5. Not visible
6. Not visible

[SUSPICIOUS VEHICLE BEHAVIOR]
7. Not visible
8. Not visible

[VEHICLE IDENTIFICATION]
9. Not visible
10. Not visible
11. Not visible

[PEDESTRIAN & CHILD SAFETY]
12. Not visible
13. Not visible
14. Not visible"
vlm_runs/2026-06-05,LP_Farmers_Market_Restroom_2,LP_Farmers_Market_Restroom_2_20260605T070000.jpg,vlm_runs/2026-06-05/LP_Farmers_Market_Restroom_2/LP_Farmers_Market_Restroom_2_20260605T070000.jpg,vehicle_prompts,done,2026-06-08T22:45:09.466823+00:00,0.283,0,nvidia/cosmos-reason2-8b,Vehicle Safety,Visible timestamps: 0.0
vlm_runs/2026-06-05,LP_Farmers_Market_Restroom_2,LP_Farmers_Market_Restroom_2_20260605T071500.jpg,vlm_runs/2026-06-05/LP_Farmers_Market_Restroom_2/LP_Farmers_Market_Restroom_2_20260605T071500.jpg,vehicle_prompts,done,2026-06-08T22:45:09.805889+00:00,0.673,0,nvidia/cosmos-reason2-8b,Vehicle Safety,"<0.0> 

[GENERAL VEHICLE SAFETY]
1. Not visible
2. Not visible

[COLLISIONS & NEAR MISSES]
3. Not visible
4. Not visible

[PARKING & ACCESS VIOLATIONS]
5. Not visible
6. Not visible

[SUSPICIOUS VEHICLE BEHAVIOR]
7. Not visible
8. Not visible

[VEHICLE IDENTIFICATION]
9. Not visible
10. Not visible
11. Not visible

[PEDESTRIAN & CHILD SAFETY]
12. Not visible
13. Not visible
14. Not visible"
vlm_runs/2026-06-05,LP_Farmers_Market_Restroom_2,LP_Farmers_Market_Restroom_2_20260605T073000.jpg,vlm_runs/2026-06-05/LP_Farmers_Market_Restroom_2/LP_Farmers_Market_Restroom_2_20260605T073000.jpg,vehicle_prompts,done,2026-06-08T22:45:10.535925+00:00,0.71,0,nvidia/cosmos-reason2-8b,Vehicle Safety," timestamp: <0.0> 
[GENERAL VEHICLE SAFETY]
1. Not visible
2. Not visible
[COLLISIONS & NEAR MISSES]
3. Not visible
4. Not visible
[PARKING & ACCESS VIOLATIONS]
5. Not visible
6. Not visible
[SUSPICIOUS VEHICLE BEHAVIOR]
7. Not visible
8. Not visible
[VEHICLE IDENTIFICATION]
9. Not visible
10. Not visible
11. Not visible
[PEDESTRIAN & CHILD SAFETY]
12. Not visible
13. Not visible
14. Not visible"
vlm_runs/2026-06-05,LP_Farmers_Market_Restroom_2,LP_Farmers_Market_Restroom_2_20260605T074500.jpg,vlm_runs/2026-06-05/LP_Farmers_Market_Restroom_2/LP_Farmers_Market_Restroom_2_20260605T074500.jpg,vehicle_prompts,done,2026-06-08T22:45:11.311386+00:00,0.675,0,nvidia/cosmos-reason2-8b,Vehicle Safety,"<0.0> 
[GENERAL VEHICLE SAFETY]
1. Not visible
2. Not visible

[COLLISIONS & NEAR MISSES]
3. Not visible
4. Not visible

[PARKING & ACCESS VIOLATIONS]
5. Not visible
6. Not visible

[SUSPICIOUS VEHICLE BEHAVIOR]
7. Not visible
8. Not visible

[VEHICLE IDENTIFICATION]
9. Not visible
10. Not visible
11. Not visible

[PEDESTRIAN & CHILD SAFETY]
12. Not visible
13. Not visible
14. Not visible"
vlm_runs/2026-06-05,LP_Farmers_Market_Restroom_2,LP_Farmers_Market_Restroom_2_20260605T080000.jpg,vlm_runs/2026-06-05/LP_Farmers_Market_Restroom_2/LP_Farmers_Market_Restroom_2_20260605T080000.jpg,vehicle_prompts,done,2026-06-08T22:45:12.041443+00:00,0.661,0,nvidia/cosmos-reason2-8b,Vehicle Safety,"<0.0> 

[GENERAL VEHICLE SAFETY]
1. Not visible
2. Not visible

[COLLISIONS & NEAR MISSES]
3. Not visible
4. Not visible

[PARKING & ACCESS VIOLATIONS]
5. Not visible
6. Not visible

[SUSPICIOUS VEHICLE BEHAVIOR]
7. Not visible
8. Not visible

[VEHICLE IDENTIFICATION]
9. Not visible
10. Not visible
11. Not visible

[PEDESTRIAN & CHILD SAFETY]
12. Not visible
13. Not visible
14. Not visible"
vlm_runs/2026-06-05,LP_Farmers_Market_Restroom_2,LP_Farmers_Market_Restroom_2_20260605T081500.jpg,vlm_runs/2026-06-05/LP_Farmers_Market_Restroom_2/LP_Farmers_Market_Restroom_2_20260605T081500.jpg,vehicle_prompts,done,2026-06-08T22:45:12.759594+00:00,0.668,0,nvidia/cosmos-reason2-8b,Vehicle Safety,"<0.0> 

[GENERAL VEHICLE SAFETY]
1. Not visible
2. Not visible

[COLLISIONS & NEAR MISSES]
3. Not visible
4. Not visible

[PARKING & ACCESS VIOLATIONS]
5. Not visible
6. Not visible

[SUSPICIOUS VEHICLE BEHAVIOR]
7. Not visible
8. Not visible

[VEHICLE IDENTIFICATION]
9. Not visible
10. Not visible
11. Not visible

[PEDESTRIAN & CHILD SAFETY]
12. Not visible
13. Not visible
14. Not visible"
vlm_runs/2026-06-05,LP_Farmers_Market_Restroom_2,LP_Farmers_Market_Restroom_2_20260605T083000.jpg,vlm_runs/2026-06-05/LP_Farmers_Market_Restroom_2/LP_Farmers_Market_Restroom_2_20260605T083000.jpg,vehicle_prompts,done,2026-06-08T22:45:13.482312+00:00,0.676,0,nvidia/cosmos-reason2-8b,Vehicle Safety,"<0.0> 
[GENERAL VEHICLE SAFETY]
1. Not visible
2. Not visible

[COLLISIONS & NEAR MISSES]
3. Not visible
4. Not visible

[PARKING & ACCESS VIOLATIONS]
5. Not visible
6. Not visible

[SUSPICIOUS VEHICLE BEHAVIOR]
7. Not visible
8. Not visible

[VEHICLE IDENTIFICATION]
9. Not visible
10. Not visible
11. Not visible

[PEDESTRIAN & CHILD SAFETY]
12. Not visible
13. Not visible
14. Not visible"
vlm_runs/2026-06-05,LP_Farmers_Market_Restroom_2,LP_Farmers_Market_Restroom_2_20260605T084500.jpg,vlm_runs/2026-06-05/LP_Farmers_Market_Restroom_2/LP_Farmers_Market_Restroom_2_20260605T084500.jpg,vehicle_prompts,done,2026-06-08T22:45:14.212393+00:00,0.673,0,nvidia/cosmos-reason2-8b,Vehicle Safety,"<0.0> 

[GENERAL VEHICLE SAFETY]
1. Not visible
2. Not visible

[COLLISIONS & NEAR MISSES]
3. Not visible
4. Not visible

[PARKING & ACCESS VIOLATIONS]
5. Not visible
6. Not visible

[SUSPICIOUS VEHICLE BEHAVIOR]
7. Not visible
8. Not visible

[VEHICLE IDENTIFICATION]
9. Not visible
10. Not visible
11. Not visible

[PEDESTRIAN & CHILD SAFETY]
12. Not visible
13. Not visible
14. Not visible"
vlm_runs/2026-06-05,LP_Farmers_Market_Restroom_2,LP_Farmers_Market_Restroom_2_20260605T090000.jpg,vlm_runs/2026-06-05/LP_Farmers_Market_Restroom_2/LP_Farmers_Market_Restroom_2_20260605T090000.jpg,vehicle_prompts,done,2026-06-08T22:45:14.948031+00:00,0.676,0,nvidia/cosmos-reason2-8b,Vehicle Safety,"<0.0> 
[GENERAL VEHICLE SAFETY]
1. Not visible
2. Not visible

[COLLISIONS & NEAR MISSES]
3. Not visible
4. Not visible

[PARKING & ACCESS VIOLATIONS]
5. Not visible
6. Not visible

[SUSPICIOUS VEHICLE BEHAVIOR]
7. Not visible
8. Not visible

[VEHICLE IDENTIFICATION]
9. Not visible
10. Not visible
11. Not visible

[PEDESTRIAN & CHILD SAFETY]
12. Not visible
13. Not visible
14. Not visible"
vlm_runs/2026-06-05,LP_Farmers_Market_Restroom_2,LP_Farmers_Market_Restroom_2_20260605T091500.jpg,vlm_runs/2026-06-05/LP_Farmers_Market_Restroom_2/LP_Farmers_Market_Restroom_2_20260605T091500.jpg,vehicle_prompts,done,2026-06-08T22:45:15.677498+00:00,1.31,0,nvidia/cosmos-reason2-8b,Vehicle Safety,"<0.0> 
[GENERAL VEHICLE SAFETY]
1. Not visible
2. Not visible

[COLLISIONS & NEAR MISSES]
3. Not visible
4. Not visible

[PARKING & ACCESS VIOLATIONS]
5. Not visible
6. Not visible

[SUSPICIOUS VEHICLE BEHAVIOR]
7. Not visible
8. Not visible

[VEHICLE IDENTIFICATION]
9. Not visible
10. Not visible
11. Not visible

[PEDESTRIAN & CHILD SAFETY]
12. Not visible
13. Not visible
14. Not visible"
vlm_runs/2026-06-05,LP_Farmers_Market_Restroom_2,LP_Farmers_Market_Restroom_2_20260605T093000.jpg,vlm_runs/2026-06-05/LP_Farmers_Market_Restroom_2/LP_Farmers_Market_Restroom_2_20260605T093000.jpg,vehicle_prompts,done,2026-06-08T22:45:17.044462+00:00,0.659,0,nvidia/cosmos-reason2-8b,Vehicle Safety,"<0.0> 
[GENERAL VEHICLE SAFETY]
1. Not visible
2. Not visible

[COLLISIONS & NEAR MISSES]
3. Not visible
4. Not visible

[PARKING & ACCESS VIOLATIONS]
5. Not visible
6. Not visible

[SUSPICIOUS VEHICLE BEHAVIOR]
7. Not visible
8. Not visible

[VEHICLE IDENTIFICATION]
9. Not visible
10. Not visible
11. Not visible

[PEDESTRIAN & CHILD SAFETY]
12. Not visible
13. Not visible
14. Not visible"
vlm_runs/2026-06-05,LP_Farmers_Market_Restroom_2,LP_Farmers_Market_Restroom_2_20260605T094500.jpg,vlm_runs/2026-06-05/LP_Farmers_Market_Restroom_2/LP_Farmers_Market_Restroom_2_20260605T094500.jpg,vehicle_prompts,done,2026-06-08T22:45:17.761561+00:00,0.652,0,nvidia/cosmos-reason2-8b,Vehicle Safety,"<0.0> 
[GENERAL VEHICLE SAFETY]
1. Not visible
2. Not visible

[COLLISIONS & NEAR MISSES]
3. Not visible
4. Not visible

[PARKING & ACCESS VIOLATIONS]
5. Not visible
6. Not visible

[SUSPICIOUS VEHICLE BEHAVIOR]
7. Not visible
8. Not visible

[VEHICLE IDENTIFICATION]
9. Not visible
10. Not visible
11. Not visible

[PEDESTRIAN & CHILD SAFETY]
12. Not visible
13. Not visible
14. Not visible"
vlm_runs/2026-06-05,LP_Farmers_Market_Restroom_2,LP_Farmers_Market_Restroom_2_20260605T100000.jpg,vlm_runs/2026-06-05/LP_Farmers_Market_Restroom_2/LP_Farmers_Market_Restroom_2_20260605T100000.jpg,vehicle_prompts,done,2026-06-08T22:45:18.471252+00:00,0.664,0,nvidia/cosmos-reason2-8b,Vehicle Safety,"<0.0> 
[GENERAL VEHICLE SAFETY]
1. Not visible
2. Not visible

[COLLISIONS & NEAR MISSES]
3. Not visible
4. Not visible

[PARKING & ACCESS VIOLATIONS]
5. Not visible
6. Not visible

[SUSPICIOUS VEHICLE BEHAVIOR]
7. Not visible
8. Not visible

[VEHICLE IDENTIFICATION]
9. Not visible
10. Not visible
11. Not visible

[PEDESTRIAN & CHILD SAFETY]
12. Not visible
13. Not visible
14. Not visible"
vlm_runs/2026-06-05,LP_Farmers_Market_Restroom_2,LP_Farmers_Market_Restroom_2_20260605T101500.jpg,vlm_runs/2026-06-05/LP_Farmers_Market_Restroom_2/LP_Farmers_Market_Restroom_2_20260605T101500.jpg,vehicle_prompts,done,2026-06-08T22:45:19.194433+00:00,0.672,0,nvidia/cosmos-reason2-8b,Vehicle Safety,"<0.0> 

[GENERAL VEHICLE SAFETY]
1. Not visible
2. Not visible

[COLLISIONS & NEAR MISSES]
3. Not visible
4. Not visible

[PARKING & ACCESS VIOLATIONS]
5. Not visible
6. Not visible

[SUSPICIOUS VEHICLE BEHAVIOR]
7. Not visible
8. Not visible

[VEHICLE IDENTIFICATION]
9. Not visible
10. Not visible
11. Not visible

[PEDESTRIAN & CHILD SAFETY]
12. Not visible
13. Not visible
14. Not visible"
vlm_runs/2026-06-05,LP_Farmers_Market_Restroom_2,LP_Farmers_Market_Restroom_2_20260605T103000.jpg,vlm_runs/2026-06-05/LP_Farmers_Market_Restroom_2/LP_Farmers_Market_Restroom_2_20260605T103000.jpg,vehicle_prompts,done,2026-06-08T22:45:19.923588+00:00,0.674,0,nvidia/cosmos-reason2-8b,Vehicle Safety,"<0.0> 
[GENERAL VEHICLE SAFETY]
1. Not visible
2. Not visible

[COLLISIONS & NEAR MISSES]
3. Not visible
4. Not visible

[PARKING & ACCESS VIOLATIONS]
5. Not visible
6. Not visible

[SUSPICIOUS VEHICLE BEHAVIOR]
7. Not visible
8. Not visible

[VEHICLE IDENTIFICATION]
9. Not visible
10. Not visible
11. Not visible

[PEDESTRIAN & CHILD SAFETY]
12. Not visible
13. Not visible
14. Not visible"
vlm_runs/2026-06-05,LP_Farmers_Market_Restroom_2,LP_Farmers_Market_Restroom_2_20260605T104500.jpg,vlm_runs/2026-06-05/LP_Farmers_Market_Restroom_2/LP_Farmers_Market_Restroom_2_20260605T104500.jpg,vehicle_prompts,done,2026-06-08T22:45:20.654181+00:00,0.669,0,nvidia/cosmos-reason2-8b,Vehicle Safety,"<0.0> 
[GENERAL VEHICLE SAFETY]
1. Not visible
2. Not visible

[COLLISIONS & NEAR MISSES]
3. Not visible
4. Not visible

[PARKING & ACCESS VIOLATIONS]
5. Not visible
6. Not visible

[SUSPICIOUS VEHICLE BEHAVIOR]
7. Not visible
8. Not visible

[VEHICLE IDENTIFICATION]
9. Not visible
10. Not visible
11. Not visible

[PEDESTRIAN & CHILD SAFETY]
12. Not visible
13. Not visible
14. Not visible"
vlm_runs/2026-06-05,LP_Farmers_Market_Restroom_2,LP_Farmers_Market_Restroom_2_20260605T110000.jpg,vlm_runs/2026-06-05/LP_Farmers_Market_Restroom_2/LP_Farmers_Market_Restroom_2_20260605T110000.jpg,vehicle_prompts,done,2026-06-08T22:45:21.379961+00:00,0.669,0,nvidia/cosmos-reason2-8b,Vehicle Safety,"<0.0> 
[GENERAL VEHICLE SAFETY]
1. Not visible
2. Not visible

[COLLISIONS & NEAR MISSES]
3. Not visible
4. Not visible

[PARKING & ACCESS VIOLATIONS]
5. Not visible
6. Not visible

[SUSPICIOUS VEHICLE BEHAVIOR]
7. Not visible
8. Not visible

[VEHICLE IDENTIFICATION]
9. Not visible
10. Not visible
11. Not visible

[PEDESTRIAN & CHILD SAFETY]
12. Not visible
13. Not visible
14. Not visible"
vlm_runs/2026-06-05,LP_Farmers_Market_Restroom_2,LP_Farmers_Market_Restroom_2_20260605T111500.jpg,vlm_runs/2026-06-05/LP_Farmers_Market_Restroom_2/LP_Farmers_Market_Restroom_2_20260605T111500.jpg,vehicle_prompts,done,2026-06-08T22:45:22.102423+00:00,0.669,0,nvidia/cosmos-reason2-8b,Vehicle Safety,"<0.0> 
[GENERAL VEHICLE SAFETY]
1. Not visible
2. Not visible

[COLLISIONS & NEAR MISSES]
3. Not visible
4. Not visible

[PARKING & ACCESS VIOLATIONS]
5. Not visible
6. Not visible

[SUSPICIOUS VEHICLE BEHAVIOR]
7. Not visible
8. Not visible

[VEHICLE IDENTIFICATION]
9. Not visible
10. Not visible
11. Not visible

[PEDESTRIAN & CHILD SAFETY]
12. Not visible
13. Not visible
14. Not visible"
vlm_runs/2026-06-05,LP_Farmers_Market_Restroom_2,LP_Farmers_Market_Restroom_2_20260605T113000.jpg,vlm_runs/2026-06-05/LP_Farmers_Market_Restroom_2/LP_Farmers_Market_Restroom_2_20260605T113000.jpg,vehicle_prompts,done,2026-06-08T22:45:22.828223+00:00,0.671,0,nvidia/cosmos-reason2-8b,Vehicle Safety,"<0.0> 
[GENERAL VEHICLE SAFETY]
1. Not visible
2. Not visible

[COLLISIONS & NEAR MISSES]
3. Not visible
4. Not visible

[PARKING & ACCESS VIOLATIONS]
5. Not visible
6. Not visible

[SUSPICIOUS VEHICLE BEHAVIOR]
7. Not visible
8. Not visible

[VEHICLE IDENTIFICATION]
9. Not visible
10. Not visible
11. Not visible

[PEDESTRIAN & CHILD SAFETY]
12. Not visible
13. Not visible
14. Not visible"
vlm_runs/2026-06-05,LP_Farmers_Market_Restroom_2,LP_Farmers_Market_Restroom_2_20260605T114500.jpg,vlm_runs/2026-06-05/LP_Farmers_Market_Restroom_2/LP_Farmers_Market_Restroom_2_20260605T114500.jpg,vehicle_prompts,done,2026-06-08T22:45:23.559873+00:00,0.669,0,nvidia/cosmos-reason2-8b,Vehicle Safety,"<0.0> 
[GENERAL VEHICLE SAFETY]
1. Not visible
2. Not visible

[COLLISIONS & NEAR MISSES]
3. Not visible
4. Not visible

[PARKING & ACCESS VIOLATIONS]
5. Not visible
6. Not visible

[SUSPICIOUS VEHICLE BEHAVIOR]
7. Not visible
8. Not visible

[VEHICLE IDENTIFICATION]
9. Not visible
10. Not visible
11. Not visible

[PEDESTRIAN & CHILD SAFETY]
12. Not visible
13. Not visible
14. Not visible"
vlm_runs/2026-06-05,LP_Farmers_Market_Restroom_2,LP_Farmers_Market_Restroom_2_20260605T120000.jpg,vlm_runs/2026-06-05/LP_Farmers_Market_Restroom_2/LP_Farmers_Market_Restroom_2_20260605T120000.jpg,vehicle_prompts,done,2026-06-08T22:45:24.278233+00:00,0.692,0,nvidia/cosmos-reason2-8b,Vehicle Safety,"<0.0> 
[GENERAL VEHICLE SAFETY]
1. Not visible
2. Not visible

[COLLISIONS & NEAR MISSES]
3. Not visible
4. Not visible

[PARKING & ACCESS VIOLATIONS]
5. Not visible
6. Not visible

[SUSPICIOUS VEHICLE BEHAVIOR]
7. Not visible
8. Not visible

[VEHICLE IDENTIFICATION]
9. Not visible
10. Not visible
11. Not visible

[PEDESTRIAN & CHILD SAFETY]
12. Not visible
13. Not visible
14. Not visible"
vlm_runs/2026-06-05,LP_Farmers_Market_Restroom_2,LP_Farmers_Market_Restroom_2_20260605T121500.jpg,vlm_runs/2026-06-05/LP_Farmers_Market_Restroom_2/LP_Farmers_Market_Restroom_2_20260605T121500.jpg,vehicle_prompts,done,2026-06-08T22:45:25.026933+00:00,0.673,0,nvidia/cosmos-reason2-8b,Vehicle Safety,"<0.0> 

[GENERAL VEHICLE SAFETY]
1. Not visible
2. Not visible

[COLLISIONS & NEAR MISSES]
3. Not visible
4. Not visible

[PARKING & ACCESS VIOLATIONS]
5. Not visible
6. Not visible

[SUSPICIOUS VEHICLE BEHAVIOR]
7. Not visible
8. Not visible

[VEHICLE IDENTIFICATION]
9. Not visible
10. Not visible
11. Not visible

[PEDESTRIAN & CHILD SAFETY]
12. Not visible
13. Not visible
14. Not visible"
vlm_runs/2026-06-05,LP_Farmers_Market_Restroom_2,LP_Farmers_Market_Restroom_2_20260605T123000.jpg,vlm_runs/2026-06-05/LP_Farmers_Market_Restroom_2/LP_Farmers_Market_Restroom_2_20260605T123000.jpg,vehicle_prompts,done,2026-06-08T22:45:25.764299+00:00,0.678,0,nvidia/cosmos-reason2-8b,Vehicle Safety,"<0.0> 
[GENERAL VEHICLE SAFETY]
1. Not visible
2. Not visible

[COLLISIONS & NEAR MISSES]
3. Not visible
4. Not visible

[PARKING & ACCESS VIOLATIONS]
5. Not visible
6. Not visible

[SUSPICIOUS VEHICLE BEHAVIOR]
7. Not visible
8. Not visible

[VEHICLE IDENTIFICATION]
9. Not visible
10. Not visible
11. Not visible

[PEDESTRIAN & CHILD SAFETY]
12. Not visible
13. Not visible
14. Not visible"
vlm_runs/2026-06-05,LP_Farmers_Market_Restroom_2,LP_Farmers_Market_Restroom_2_20260605T124500.jpg,vlm_runs/2026-06-05/LP_Farmers_Market_Restroom_2/LP_Farmers_Market_Restroom_2_20260605T124500.jpg,vehicle_prompts,done,2026-06-08T22:45:26.500668+00:00,0.665,0,nvidia/cosmos-reason2-8b,Vehicle Safety,"<0.0> 
[GENERAL VEHICLE SAFETY]
1. Not visible
2. Not visible

[COLLISIONS & NEAR MISSES]
3. Not visible
4. Not visible

[PARKING & ACCESS VIOLATIONS]
5. Not visible
6. Not visible

[SUSPICIOUS VEHICLE BEHAVIOR]
7. Not visible
8. Not visible

[VEHICLE IDENTIFICATION]
9. Not visible
10. Not visible
11. Not visible

[PEDESTRIAN & CHILD SAFETY]
12. Not visible
13. Not visible
14. Not visible"
vlm_runs/2026-06-05,LP_Farmers_Market_Restroom_2,LP_Farmers_Market_Restroom_2_20260605T130000.jpg,vlm_runs/2026-06-05/LP_Farmers_Market_Restroom_2/LP_Farmers_Market_Restroom_2_20260605T130000.jpg,vehicle_prompts,done,2026-06-08T22:45:27.219768+00:00,0.674,0,nvidia/cosmos-reason2-8b,Vehicle Safety,"<0.0> 

[GENERAL VEHICLE SAFETY]
1. Not visible
2. Not visible

[COLLISIONS & NEAR MISSES]
3. Not visible
4. Not visible

[PARKING & ACCESS VIOLATIONS]
5. Not visible
6. Not visible

[SUSPICIOUS VEHICLE BEHAVIOR]
7. Not visible
8. Not visible

[VEHICLE IDENTIFICATION]
9. Not visible
10. Not visible
11. Not visible

[PEDESTRIAN & CHILD SAFETY]
12. Not visible
13. Not visible
14. Not visible"
vlm_runs/2026-06-05,LP_Farmers_Market_Restroom_2,LP_Farmers_Market_Restroom_2_20260605T131500.jpg,vlm_runs/2026-06-05/LP_Farmers_Market_Restroom_2/LP_Farmers_Market_Restroom_2_20260605T131500.jpg,vehicle_prompts,done,2026-06-08T22:45:27.950279+00:00,0.709,0,nvidia/cosmos-reason2-8b,Vehicle Safety,"<0.0> 

GENERAL VEHICLE SAFETY
1. Not visible
2. Not visible

COLLISIONS & NEAR MISSES
3. Not visible
4. Not visible

PARKING & ACCESS VIOLATIONS
5. Not visible
6. Not visible

SUSPICIOUS VEHICLE BEHAVIOR
7. Not visible
8. Not visible

VEHICLE IDENTIFICATION
9. Not visible
10. Not visible
11. Not visible

PEDESTRIAN & CHILD SAFETY
12. Not visible
13. Not visible
14. Not visible"
vlm_runs/2026-06-05,LP_Farmers_Market_Restroom_2,LP_Farmers_Market_Restroom_2_20260605T133000.jpg,vlm_runs/2026-06-05/LP_Farmers_Market_Restroom_2/LP_Farmers_Market_Restroom_2_20260605T133000.jpg,vehicle_prompts,done,2026-06-08T22:45:28.719314+00:00,0.678,0,nvidia/cosmos-reason2-8b,Vehicle Safety,"<0.0> 

[GENERAL VEHICLE SAFETY]
1. Not visible
2. Not visible

[COLLISIONS & NEAR MISSES]
3. Not visible
4. Not visible

[PARKING & ACCESS VIOLATIONS]
5. Not visible
6. Not visible

[SUSPICIOUS VEHICLE BEHAVIOR]
7. Not visible
8. Not visible

[VEHICLE IDENTIFICATION]
9. Not visible
10. Not visible
11. Not visible

[PEDESTRIAN & CHILD SAFETY]
12. Not visible
13. Not visible
14. Not visible"
vlm_runs/2026-06-05,LP_Farmers_Market_Restroom_2,LP_Farmers_Market_Restroom_2_20260605T134500.jpg,vlm_runs/2026-06-05/LP_Farmers_Market_Restroom_2/LP_Farmers_Market_Restroom_2_20260605T134500.jpg,vehicle_prompts,done,2026-06-08T22:45:29.446872+00:00,0.297,0,nvidia/cosmos-reason2-8b,Vehicle Safety,Visible timestamps: 0.0
vlm_runs/2026-06-05,LP_Farmers_Market_Restroom_2,LP_Farmers_Market_Restroom_2_20260605T140000.jpg,vlm_runs/2026-06-05/LP_Farmers_Market_Restroom_2/LP_Farmers_Market_Restroom_2_20260605T140000.jpg,vehicle_prompts,done,2026-06-08T22:45:29.800680+00:00,0.665,0,nvidia/cosmos-reason2-8b,Vehicle Safety,"<0.0> 

[GENERAL VEHICLE SAFETY]
1. Not visible
2. Not visible

[COLLISIONS & NEAR MISSES]
3. Not visible
4. Not visible

[PARKING & ACCESS VIOLATIONS]
5. Not visible
6. Not visible

[SUSPICIOUS VEHICLE BEHAVIOR]
7. Not visible
8. Not visible

[VEHICLE IDENTIFICATION]
9. Not visible
10. Not visible
11. Not visible

[PEDESTRIAN & CHILD SAFETY]
12. Not visible
13. Not visible
14. Not visible"
vlm_runs/2026-06-05,LP_Farmers_Market_Restroom_2,LP_Farmers_Market_Restroom_2_20260605T141500.jpg,vlm_runs/2026-06-05/LP_Farmers_Market_Restroom_2/LP_Farmers_Market_Restroom_2_20260605T141500.jpg,vehicle_prompts,done,2026-06-08T22:45:30.519425+00:00,0.452,0,nvidia/cosmos-reason2-8b,Vehicle Safety,"<0.0> 
1. Not visible
2. Not visible
3. Not visible
4. Not visible
5. Not visible
6. Not visible
7. Not visible
8. Not visible
9. Not visible
10. Not visible
11. Not visible
12. Not visible
13. Not visible
14. Not visible"
vlm_runs/2026-06-05,LP_Farmers_Market_Restroom_2,LP_Farmers_Market_Restroom_2_20260605T143000.jpg,vlm_runs/2026-06-05/LP_Farmers_Market_Restroom_2/LP_Farmers_Market_Restroom_2_20260605T143000.jpg,vehicle_prompts,done,2026-06-08T22:45:31.026358+00:00,0.673,0,nvidia/cosmos-reason2-8b,Vehicle Safety,"<0.0> 

[GENERAL VEHICLE SAFETY]
1. Not visible
2. Not visible

[COLLISIONS & NEAR MISSES]
3. Not visible
4. Not visible

[PARKING & ACCESS VIOLATIONS]
5. Not visible
6. Not visible

[SUSPICIOUS VEHICLE BEHAVIOR]
7. Not visible
8. Not visible

[VEHICLE IDENTIFICATION]
9. Not visible
10. Not visible
11. Not visible

[PEDESTRIAN & CHILD SAFETY]
12. Not visible
13. Not visible
14. Not visible"
vlm_runs/2026-06-05,LP_Farmers_Market_Restroom_2,LP_Farmers_Market_Restroom_2_20260605T144500.jpg,vlm_runs/2026-06-05/LP_Farmers_Market_Restroom_2/LP_Farmers_Market_Restroom_2_20260605T144500.jpg,vehicle_prompts,done,2026-06-08T22:45:31.754245+00:00,0.69,0,nvidia/cosmos-reason2-8b,Vehicle Safety,"<0.0> 
[GENERAL VEHICLE SAFETY]
1. Not visible
2. Not visible

[COLLISIONS & NEAR MISSES]
3. Not visible
4. Not visible

[PARKING & ACCESS VIOLATIONS]
5. Not visible
6. Not visible

[SUSPICIOUS VEHICLE BEHAVIOR]
7. Not visible
8. Not visible

[VEHICLE IDENTIFICATION]
9. Not visible
10. Not visible
11. Not visible

[PEDESTRIAN & CHILD SAFETY]
12. Not visible
13. Not visible
14. Not visible"
vlm_runs/2026-06-05,LP_Farmers_Market_Restroom_2,LP_Farmers_Market_Restroom_2_20260605T150000.jpg,vlm_runs/2026-06-05/LP_Farmers_Market_Restroom_2/LP_Farmers_Market_Restroom_2_20260605T150000.jpg,vehicle_prompts,done,2026-06-08T22:45:32.503555+00:00,0.459,0,nvidia/cosmos-reason2-8b,Vehicle Safety,"<0.0> 
1. Not visible
2. Not visible
3. Not visible
4. Not visible
5. Not visible
6. Not visible
7. Not visible
8. Not visible
9. Not visible
10. Not visible
11. Not visible
12. Not visible
13. Not visible
14. Not visible"
vlm_runs/2026-06-05,LP_Farmers_Market_Restroom_2,LP_Farmers_Market_Restroom_2_20260605T151500.jpg,vlm_runs/2026-06-05/LP_Farmers_Market_Restroom_2/LP_Farmers_Market_Restroom_2_20260605T151500.jpg,vehicle_prompts,done,2026-06-08T22:45:33.018203+00:00,0.675,0,nvidia/cosmos-reason2-8b,Vehicle Safety,"<0.0> 
[GENERAL VEHICLE SAFETY]
1. Not visible
2. Not visible

[COLLISIONS & NEAR MISSES]
3. Not visible
4. Not visible

[PARKING & ACCESS VIOLATIONS]
5. Not visible
6. Not visible

[SUSPICIOUS VEHICLE BEHAVIOR]
7. Not visible
8. Not visible

[VEHICLE IDENTIFICATION]
9. Not visible
10. Not visible
11. Not visible

[PEDESTRIAN & CHILD SAFETY]
12. Not visible
13. Not visible
14. Not visible"
vlm_runs/2026-06-05,LP_Farmers_Market_Restroom_2,LP_Farmers_Market_Restroom_2_20260605T153000.jpg,vlm_runs/2026-06-05/LP_Farmers_Market_Restroom_2/LP_Farmers_Market_Restroom_2_20260605T153000.jpg,vehicle_prompts,done,2026-06-08T22:45:33.747635+00:00,0.663,0,nvidia/cosmos-reason2-8b,Vehicle Safety,"<0.0> 
[GENERAL VEHICLE SAFETY]
1. Not visible
2. Not visible

[COLLISIONS & NEAR MISSES]
3. Not visible
4. Not visible

[PARKING & ACCESS VIOLATIONS]
5. Not visible
6. Not visible

[SUSPICIOUS VEHICLE BEHAVIOR]
7. Not visible
8. Not visible

[VEHICLE IDENTIFICATION]
9. Not visible
10. Not visible
11. Not visible

[PEDESTRIAN & CHILD SAFETY]
12. Not visible
13. Not visible
14. Not visible"
vlm_runs/2026-06-05,LP_Farmers_Market_Restroom_2,LP_Farmers_Market_Restroom_2_20260605T154500.jpg,vlm_runs/2026-06-05/LP_Farmers_Market_Restroom_2/LP_Farmers_Market_Restroom_2_20260605T154500.jpg,vehicle_prompts,done,2026-06-08T22:45:34.464938+00:00,0.299,0,nvidia/cosmos-reason2-8b,Vehicle Safety,Visible timestamps: 0.0
vlm_runs/2026-06-05,LP_Farmers_Market_Restroom_2,LP_Farmers_Market_Restroom_2_20260605T160000.jpg,vlm_runs/2026-06-05/LP_Farmers_Market_Restroom_2/LP_Farmers_Market_Restroom_2_20260605T160000.jpg,vehicle_prompts,done,2026-06-08T22:45:34.815689+00:00,0.679,0,nvidia/cosmos-reason2-8b,Vehicle Safety,"<0.0> 
[GENERAL VEHICLE SAFETY]
1. Not visible
2. Not visible

[COLLISIONS & NEAR MISSES]
3. Not visible
4. Not visible

[PARKING & ACCESS VIOLATIONS]
5. Not visible
6. Not visible

[SUSPICIOUS VEHICLE BEHAVIOR]
7. Not visible
8. Not visible

[VEHICLE IDENTIFICATION]
9. Not visible
10. Not visible
11. Not visible

[PEDESTRIAN & CHILD SAFETY]
12. Not visible
13. Not visible
14. Not visible"
vlm_runs/2026-06-05,LP_Farmers_Market_Restroom_2,LP_Farmers_Market_Restroom_2_20260605T161500.jpg,vlm_runs/2026-06-05/LP_Farmers_Market_Restroom_2/LP_Farmers_Market_Restroom_2_20260605T161500.jpg,vehicle_prompts,done,2026-06-08T22:45:35.545854+00:00,0.681,0,nvidia/cosmos-reason2-8b,Vehicle Safety,"<0.0> 
[GENERAL VEHICLE SAFETY]
1. Not visible
2. Not visible

[COLLISIONS & NEAR MISSES]
3. Not visible
4. Not visible

[PARKING & ACCESS VIOLATIONS]
5. Not visible
6. Not visible

[SUSPICIOUS VEHICLE BEHAVIOR]
7. Not visible
8. Not visible

[VEHICLE IDENTIFICATION]
9. Not visible
10. Not visible
11. Not visible

[PEDESTRIAN & CHILD SAFETY]
12. Not visible
13. Not visible
14. Not visible"
vlm_runs/2026-06-05,LP_Farmers_Market_Restroom_2,LP_Farmers_Market_Restroom_2_20260605T163000.jpg,vlm_runs/2026-06-05/LP_Farmers_Market_Restroom_2/LP_Farmers_Market_Restroom_2_20260605T163000.jpg,vehicle_prompts,done,2026-06-08T22:45:36.283550+00:00,0.674,0,nvidia/cosmos-reason2-8b,Vehicle Safety,"<0.0> 

[GENERAL VEHICLE SAFETY]
1. Not visible
2. Not visible

[COLLISIONS & NEAR MISSES]
3. Not visible
4. Not visible

[PARKING & ACCESS VIOLATIONS]
5. Not visible
6. Not visible

[SUSPICIOUS VEHICLE BEHAVIOR]
7. Not visible
8. Not visible

[VEHICLE IDENTIFICATION]
9. Not visible
10. Not visible
11. Not visible

[PEDESTRIAN & CHILD SAFETY]
12. Not visible
13. Not visible
14. Not visible"
vlm_runs/2026-06-05,LP_Farmers_Market_Restroom_2,LP_Farmers_Market_Restroom_2_20260605T164500.jpg,vlm_runs/2026-06-05/LP_Farmers_Market_Restroom_2/LP_Farmers_Market_Restroom_2_20260605T164500.jpg,vehicle_prompts,done,2026-06-08T22:45:37.015054+00:00,0.687,0,nvidia/cosmos-reason2-8b,Vehicle Safety,"<0.0> 
[GENERAL VEHICLE SAFETY]
1. Not visible
2. Not visible

[COLLISIONS & NEAR MISSES]
3. Not visible
4. Not visible

[PARKING & ACCESS VIOLATIONS]
5. Not visible
6. Not visible

[SUSPICIOUS VEHICLE BEHAVIOR]
7. Not visible
8. Not visible

[VEHICLE IDENTIFICATION]
9. Not visible
10. Not visible
11. Not visible

[PEDESTRIAN & CHILD SAFETY]
12. Not visible
13. Not visible
14. Not visible"
vlm_runs/2026-06-05,LP_Farmers_Market_Restroom_2,LP_Farmers_Market_Restroom_2_20260605T170000.jpg,vlm_runs/2026-06-05/LP_Farmers_Market_Restroom_2/LP_Farmers_Market_Restroom_2_20260605T170000.jpg,vehicle_prompts,done,2026-06-08T22:45:37.756189+00:00,0.678,0,nvidia/cosmos-reason2-8b,Vehicle Safety,"<0.0> 

[GENERAL VEHICLE SAFETY]
1. Not visible
2. Not visible

[COLLISIONS & NEAR MISSES]
3. Not visible
4. Not visible

[PARKING & ACCESS VIOLATIONS]
5. Not visible
6. Not visible

[SUSPICIOUS VEHICLE BEHAVIOR]
7. Not visible
8. Not visible

[VEHICLE IDENTIFICATION]
9. Not visible
10. Not visible
11. Not visible

[PEDESTRIAN & CHILD SAFETY]
12. Not visible
13. Not visible
14. Not visible"
vlm_runs/2026-06-05,LP_Farmers_Market_Restroom_2,LP_Farmers_Market_Restroom_2_20260605T171500.jpg,vlm_runs/2026-06-05/LP_Farmers_Market_Restroom_2/LP_Farmers_Market_Restroom_2_20260605T171500.jpg,vehicle_prompts,done,2026-06-08T22:45:38.490256+00:00,0.669,0,nvidia/cosmos-reason2-8b,Vehicle Safety,"<0.0> 
[GENERAL VEHICLE SAFETY]
1. Not visible
2. Not visible

[COLLISIONS & NEAR MISSES]
3. Not visible
4. Not visible

[PARKING & ACCESS VIOLATIONS]
5. Not visible
6. Not visible

[SUSPICIOUS VEHICLE BEHAVIOR]
7. Not visible
8. Not visible

[VEHICLE IDENTIFICATION]
9. Not visible
10. Not visible
11. Not visible

[PEDESTRIAN & CHILD SAFETY]
12. Not visible
13. Not visible
14. Not visible"
vlm_runs/2026-06-05,LP_Farmers_Market_Restroom_2,LP_Farmers_Market_Restroom_2_20260605T173000.jpg,vlm_runs/2026-06-05/LP_Farmers_Market_Restroom_2/LP_Farmers_Market_Restroom_2_20260605T173000.jpg,vehicle_prompts,done,2026-06-08T22:45:39.209701+00:00,0.68,0,nvidia/cosmos-reason2-8b,Vehicle Safety,"<0.0> 
[GENERAL VEHICLE SAFETY]
1. Not visible
2. Not visible

[COLLISIONS & NEAR MISSES]
3. Not visible
4. Not visible

[PARKING & ACCESS VIOLATIONS]
5. Not visible
6. Not visible

[SUSPICIOUS VEHICLE BEHAVIOR]
7. Not visible
8. Not visible

[VEHICLE IDENTIFICATION]
9. Not visible
10. Not visible
11. Not visible

[PEDESTRIAN & CHILD SAFETY]
12. Not visible
13. Not visible
14. Not visible"
vlm_runs/2026-06-05,LP_Farmers_Market_Restroom_2,LP_Farmers_Market_Restroom_2_20260605T174500.jpg,vlm_runs/2026-06-05/LP_Farmers_Market_Restroom_2/LP_Farmers_Market_Restroom_2_20260605T174500.jpg,vehicle_prompts,done,2026-06-08T22:45:39.946254+00:00,0.307,0,nvidia/cosmos-reason2-8b,Vehicle Safety,Visible timestamps: 0.0
vlm_runs/2026-06-05,LP_Farmers_Market_Restroom_2,LP_Farmers_Market_Restroom_2_20260605T180000.jpg,vlm_runs/2026-06-05/LP_Farmers_Market_Restroom_2/LP_Farmers_Market_Restroom_2_20260605T180000.jpg,vehicle_prompts,done,2026-06-08T22:45:40.316927+00:00,0.686,0,nvidia/cosmos-reason2-8b,Vehicle Safety,"<0.0> 

[GENERAL VEHICLE SAFETY]
1. Not visible
2. Not visible

[COLLISIONS & NEAR MISSES]
3. Not visible
4. Not visible

[PARKING & ACCESS VIOLATIONS]
5. Not visible
6. Not visible

[SUSPICIOUS VEHICLE BEHAVIOR]
7. Not visible
8. Not visible

[VEHICLE IDENTIFICATION]
9. Not visible
10. Not visible
11. Not visible

[PEDESTRIAN & CHILD SAFETY]
12. Not visible
13. Not visible
14. Not visible"
vlm_runs/2026-06-05,LP_Farmers_Market_Restroom_2,LP_Farmers_Market_Restroom_2_20260605T181500.jpg,vlm_runs/2026-06-05/LP_Farmers_Market_Restroom_2/LP_Farmers_Market_Restroom_2_20260605T181500.jpg,vehicle_prompts,done,2026-06-08T22:45:41.057756+00:00,0.675,0,nvidia/cosmos-reason2-8b,Vehicle Safety,"<0.0> 

[GENERAL VEHICLE SAFETY]
1. Not visible
2. Not visible

[COLLISIONS & NEAR MISSES]
3. Not visible
4. Not visible

[PARKING & ACCESS VIOLATIONS]
5. Not visible
6. Not visible

[SUSPICIOUS VEHICLE BEHAVIOR]
7. Not visible
8. Not visible

[VEHICLE IDENTIFICATION]
9. Not visible
10. Not visible
11. Not visible

[PEDESTRIAN & CHILD SAFETY]
12. Not visible
13. Not visible
14. Not visible"
vlm_runs/2026-06-05,LP_Farmers_Market_Restroom_2,LP_Farmers_Market_Restroom_2_20260605T183000.jpg,vlm_runs/2026-06-05/LP_Farmers_Market_Restroom_2/LP_Farmers_Market_Restroom_2_20260605T183000.jpg,vehicle_prompts,done,2026-06-08T22:45:41.787685+00:00,0.672,0,nvidia/cosmos-reason2-8b,Vehicle Safety,"<0.0> 

[GENERAL VEHICLE SAFETY]
1. Not visible
2. Not visible

[COLLISIONS & NEAR MISSES]
3. Not visible
4. Not visible

[PARKING & ACCESS VIOLATIONS]
5. Not visible
6. Not visible

[SUSPICIOUS VEHICLE BEHAVIOR]
7. Not visible
8. Not visible

[VEHICLE IDENTIFICATION]
9. Not visible
10. Not visible
11. Not visible

[PEDESTRIAN & CHILD SAFETY]
12. Not visible
13. Not visible
14. Not visible"
vlm_runs/2026-06-05,LP_Farmers_Market_Restroom_2,LP_Farmers_Market_Restroom_2_20260605T184500.jpg,vlm_runs/2026-06-05/LP_Farmers_Market_Restroom_2/LP_Farmers_Market_Restroom_2_20260605T184500.jpg,vehicle_prompts,done,2026-06-08T22:45:42.515924+00:00,0.66,0,nvidia/cosmos-reason2-8b,Vehicle Safety,"<0.0> 
[GENERAL VEHICLE SAFETY]
1. Not visible
2. Not visible

[COLLISIONS & NEAR MISSES]
3. Not visible
4. Not visible

[PARKING & ACCESS VIOLATIONS]
5. Not visible
6. Not visible

[SUSPICIOUS VEHICLE BEHAVIOR]
7. Not visible
8. Not visible

[VEHICLE IDENTIFICATION]
9. Not visible
10. Not visible
11. Not visible

[PEDESTRIAN & CHILD SAFETY]
12. Not visible
13. Not visible
14. Not visible"
vlm_runs/2026-06-05,LP_Farmers_Market_Restroom_2,LP_Farmers_Market_Restroom_2_20260605T190000.jpg,vlm_runs/2026-06-05/LP_Farmers_Market_Restroom_2/LP_Farmers_Market_Restroom_2_20260605T190000.jpg,vehicle_prompts,done,2026-06-08T22:45:43.231432+00:00,0.673,0,nvidia/cosmos-reason2-8b,Vehicle Safety,"<0.0> 

[GENERAL VEHICLE SAFETY]
1. Not visible
2. Not visible

[COLLISIONS & NEAR MISSES]
3. Not visible
4. Not visible

[PARKING & ACCESS VIOLATIONS]
5. Not visible
6. Not visible

[SUSPICIOUS VEHICLE BEHAVIOR]
7. Not visible
8. Not visible

[VEHICLE IDENTIFICATION]
9. Not visible
10. Not visible
11. Not visible

[PEDESTRIAN & CHILD SAFETY]
12. Not visible
13. Not visible
14. Not visible"
vlm_runs/2026-06-05,LP_Farmers_Market_Restroom_2,LP_Farmers_Market_Restroom_2_20260605T191500.jpg,vlm_runs/2026-06-05/LP_Farmers_Market_Restroom_2/LP_Farmers_Market_Restroom_2_20260605T191500.jpg,vehicle_prompts,done,2026-06-08T22:45:43.960767+00:00,0.291,0,nvidia/cosmos-reason2-8b,Vehicle Safety,<answer>
vlm_runs/2026-06-05,LP_Farmers_Market_Restroom_2,LP_Farmers_Market_Restroom_2_20260605T193000.jpg,vlm_runs/2026-06-05/LP_Farmers_Market_Restroom_2/LP_Farmers_Market_Restroom_2_20260605T193000.jpg,vehicle_prompts,done,2026-06-08T22:45:44.315113+00:00,0.479,0,nvidia/cosmos-reason2-8b,Vehicle Safety,0.0 1. Not visible 2. Not visible 3. Not visible 4. Not visible 5. Not visible 6. Not visible 7. Not visible 8. Not visible 9. Not visible 10. Not visible 11. Not visible 12. Not visible 13. Not visible 14. Not visible
vlm_runs/2026-06-05,LP_Farmers_Market_Restroom_2,LP_Farmers_Market_Restroom_2_20260605T194500.jpg,vlm_runs/2026-06-05/LP_Farmers_Market_Restroom_2/LP_Farmers_Market_Restroom_2_20260605T194500.jpg,vehicle_prompts,done,2026-06-08T22:45:44.847329+00:00,0.455,0,nvidia/cosmos-reason2-8b,Vehicle Safety,"<0.0> 
1. Not visible
2. Not visible
3. Not visible
4. Not visible
5. Not visible
6. Not visible
7. Not visible
8. Not visible
9. Not visible
10. Not visible
11. Not visible
12. Not visible
13. Not visible
14. Not visible"
vlm_runs/2026-06-05,LP_Farmers_Market_Restroom_2,LP_Farmers_Market_Restroom_2_20260605T200000.jpg,vlm_runs/2026-06-05/LP_Farmers_Market_Restroom_2/LP_Farmers_Market_Restroom_2_20260605T200000.jpg,vehicle_prompts,done,2026-06-08T22:45:45.360473+00:00,0.478,0,nvidia/cosmos-reason2-8b,Vehicle Safety," timestamp: <0.0> 
1. Not visible
2. Not visible
3. Not visible
4. Not visible
5. Not visible
6. Not visible
7. Not visible
8. Not visible
9. Not visible
10. Not visible
11. Not visible
12. Not visible
13. Not visible
14. Not visible"
vlm_runs/2026-06-05,LP_Farmers_Market_Restroom_2,LP_Farmers_Market_Restroom_2_20260605T201500.jpg,vlm_runs/2026-06-05/LP_Farmers_Market_Restroom_2/LP_Farmers_Market_Restroom_2_20260605T201500.jpg,vehicle_prompts,done,2026-06-08T22:45:45.889371+00:00,0.676,0,nvidia/cosmos-reason2-8b,Vehicle Safety,"<0.0> 
[GENERAL VEHICLE SAFETY]
1. Not visible
2. Not visible

[COLLISIONS & NEAR MISSES]
3. Not visible
4. Not visible

[PARKING & ACCESS VIOLATIONS]
5. Not visible
6. Not visible

[SUSPICIOUS VEHICLE BEHAVIOR]
7. Not visible
8. Not visible

[VEHICLE IDENTIFICATION]
9. Not visible
10. Not visible
11. Not visible

[PEDESTRIAN & CHILD SAFETY]
12. Not visible
13. Not visible
14. Not visible"
vlm_runs/2026-06-05,LP_Farmers_Market_Restroom_2,LP_Farmers_Market_Restroom_2_20260605T203000.jpg,vlm_runs/2026-06-05/LP_Farmers_Market_Restroom_2/LP_Farmers_Market_Restroom_2_20260605T203000.jpg,vehicle_prompts,done,2026-06-08T22:45:46.623779+00:00,0.452,0,nvidia/cosmos-reason2-8b,Vehicle Safety,"<0.0> 
1. Not visible
2. Not visible
3. Not visible
4. Not visible
5. Not visible
6. Not visible
7. Not visible
8. Not visible
9. Not visible
10. Not visible
11. Not visible
12. Not visible
13. Not visible
14. Not visible"
vlm_runs/2026-06-05,LP_Farmers_Market_Restroom_2,LP_Farmers_Market_Restroom_2_20260605T204500.jpg,vlm_runs/2026-06-05/LP_Farmers_Market_Restroom_2/LP_Farmers_Market_Restroom_2_20260605T204500.jpg,vehicle_prompts,done,2026-06-08T22:45:47.131113+00:00,0.693,0,nvidia/cosmos-reason2-8b,Vehicle Safety,"<0.0> 
GENERAL VEHICLE SAFETY] No vehicles are visible, so no assessment can be made.
COLLISIONS & NEAR MISSES] No vehicles are visible, so no assessment can be made.
PARKING & ACCESS VIOLATIONS] No vehicles are visible, so no assessment can be made.
SUSPICIOUS VEHICLE BEHAVIOR] No vehicles are visible, so no assessment can be made.
VEHICLE IDENTIFICATION] No vehicles are visible, so no assessment can be made.
PEDESTRIAN & CHILD SAFETY] No individuals are visible, so no assessment can be made."
vlm_runs/2026-06-05,LP_Farmers_Market_Restroom_2,LP_Farmers_Market_Restroom_2_20260605T210000.jpg,vlm_runs/2026-06-05/LP_Farmers_Market_Restroom_2/LP_Farmers_Market_Restroom_2_20260605T210000.jpg,vehicle_prompts,done,2026-06-08T22:45:47.878670+00:00,0.685,0,nvidia/cosmos-reason2-8b,Vehicle Safety,"<0.0> 
[GENERAL VEHICLE SAFETY]
1. Not visible
2. Not visible

[COLLISIONS & NEAR MISSES]
3. Not visible
4. Not visible

[PARKING & ACCESS VIOLATIONS]
5. Not visible
6. Not visible

[SUSPICIOUS VEHICLE BEHAVIOR]
7. Not visible
8. Not visible

[VEHICLE IDENTIFICATION]
9. Not visible
10. Not visible
11. Not visible

[PEDESTRIAN & CHILD SAFETY]
12. Not visible
13. Not visible
14. Not visible"
vlm_runs/2026-06-05,LP_Farmers_Market_Restroom_2,LP_Farmers_Market_Restroom_2_20260605T211500.jpg,vlm_runs/2026-06-05/LP_Farmers_Market_Restroom_2/LP_Farmers_Market_Restroom_2_20260605T211500.jpg,vehicle_prompts,done,2026-06-08T22:45:48.617136+00:00,0.45,0,nvidia/cosmos-reason2-8b,Vehicle Safety,0.0 1. Not visible 2. Not visible 3. Not visible 4. Not visible 5. Not visible 6. Not visible 7. Not visible 8. Not visible 9. Not visible 10. Not visible 11. Not visible 12. Not visible 13. Not visible 14. Not visible
vlm_runs/2026-06-05,LP_Farmers_Market_Restroom_2,LP_Farmers_Market_Restroom_2_20260605T213000.jpg,vlm_runs/2026-06-05/LP_Farmers_Market_Restroom_2/LP_Farmers_Market_Restroom_2_20260605T213000.jpg,vehicle_prompts,done,2026-06-08T22:45:49.115038+00:00,0.47,0,nvidia/cosmos-reason2-8b,Vehicle Safety," timestamp: <0.0> 
1. Not visible
2. Not visible
3. Not visible
4. Not visible
5. Not visible
6. Not visible
7. Not visible
8. Not visible
9. Not visible
10. Not visible
11. Not visible
12. Not visible
13. Not visible
14. Not visible"
vlm_runs/2026-06-05,LP_Farmers_Market_Restroom_2,LP_Farmers_Market_Restroom_2_20260605T214500.jpg,vlm_runs/2026-06-05/LP_Farmers_Market_Restroom_2/LP_Farmers_Market_Restroom_2_20260605T214500.jpg,vehicle_prompts,done,2026-06-08T22:45:49.639976+00:00,0.671,0,nvidia/cosmos-reason2-8b,Vehicle Safety,"<0.0> 
[GENERAL VEHICLE SAFETY]
1. Not visible
2. Not visible

[COLLISIONS & NEAR MISSES]
3. Not visible
4. Not visible

[PARKING & ACCESS VIOLATIONS]
5. Not visible
6. Not visible

[SUSPICIOUS VEHICLE BEHAVIOR]
7. Not visible
8. Not visible

[VEHICLE IDENTIFICATION]
9. Not visible
10. Not visible
11. Not visible

[PEDESTRIAN & CHILD SAFETY]
12. Not visible
13. Not visible
14. Not visible"
vlm_runs/2026-06-05,LP_Farmers_Market_Restroom_2,LP_Farmers_Market_Restroom_2_20260605T220000.jpg,vlm_runs/2026-06-05/LP_Farmers_Market_Restroom_2/LP_Farmers_Market_Restroom_2_20260605T220000.jpg,vehicle_prompts,done,2026-06-08T22:45:50.375854+00:00,0.672,0,nvidia/cosmos-reason2-8b,Vehicle Safety,"<0.0> 
[GENERAL VEHICLE SAFETY]
1. Not visible
2. Not visible

[COLLISIONS & NEAR MISSES]
3. Not visible
4. Not visible

[PARKING & ACCESS VIOLATIONS]
5. Not visible
6. Not visible

[SUSPICIOUS VEHICLE BEHAVIOR]
7. Not visible
8. Not visible

[VEHICLE IDENTIFICATION]
9. Not visible
10. Not visible
11. Not visible

[PEDESTRIAN & CHILD SAFETY]
12. Not visible
13. Not visible
14. Not visible"
vlm_runs/2026-06-05,LP_Farmers_Market_Restroom_2,LP_Farmers_Market_Restroom_2_20260605T221500.jpg,vlm_runs/2026-06-05/LP_Farmers_Market_Restroom_2/LP_Farmers_Market_Restroom_2_20260605T221500.jpg,vehicle_prompts,done,2026-06-08T22:45:51.104033+00:00,0.449,0,nvidia/cosmos-reason2-8b,Vehicle Safety,"<0.0> 
1. Not visible
2. Not visible
3. Not visible
4. Not visible
5. Not visible
6. Not visible
7. Not visible
8. Not visible
9. Not visible
10. Not visible
11. Not visible
12. Not visible
13. Not visible
14. Not visible"
vlm_runs/2026-06-05,LP_Farmers_Market_Restroom_2,LP_Farmers_Market_Restroom_2_20260605T223000.jpg,vlm_runs/2026-06-05/LP_Farmers_Market_Restroom_2/LP_Farmers_Market_Restroom_2_20260605T223000.jpg,vehicle_prompts,done,2026-06-08T22:45:51.607774+00:00,0.456,0,nvidia/cosmos-reason2-8b,Vehicle Safety,"<0.0> 
1. Not visible
2. Not visible
3. Not visible
4. Not visible
5. Not visible
6. Not visible
7. Not visible
8. Not visible
9. Not visible
10. Not visible
11. Not visible
12. Not visible
13. Not visible
14. Not visible"
vlm_runs/2026-06-05,LP_Farmers_Market_Restroom_2,LP_Farmers_Market_Restroom_2_20260605T224500.jpg,vlm_runs/2026-06-05/LP_Farmers_Market_Restroom_2/LP_Farmers_Market_Restroom_2_20260605T224500.jpg,vehicle_prompts,done,2026-06-08T22:45:52.117798+00:00,0.679,0,nvidia/cosmos-reason2-8b,Vehicle Safety,"<0.0> 
[GENERAL VEHICLE SAFETY]
1. Not visible
2. Not visible

[COLLISIONS & NEAR MISSES]
3. Not visible
4. Not visible

[PARKING & ACCESS VIOLATIONS]
5. Not visible
6. Not visible

[SUSPICIOUS VEHICLE BEHAVIOR]
7. Not visible
8. Not visible

[VEHICLE IDENTIFICATION]
9. Not visible
10. Not visible
11. Not visible

[PEDESTRIAN & CHILD SAFETY]
12. Not visible
13. Not visible
14. Not visible"
vlm_runs/2026-06-05,LP_Farmers_Market_Restroom_2,LP_Farmers_Market_Restroom_2_20260605T230000.jpg,vlm_runs/2026-06-05/LP_Farmers_Market_Restroom_2/LP_Farmers_Market_Restroom_2_20260605T230000.jpg,vehicle_prompts,done,2026-06-08T22:45:52.850037+00:00,0.439,0,nvidia/cosmos-reason2-8b,Vehicle Safety,"<0.0> 
1. Not visible
2. Not visible
3. Not visible
4. Not visible
5. Not visible
6. Not visible
7. Not visible
8. Not visible
9. Not visible
10. Not visible
11. Not visible
12. Not visible
13. Not visible
14. Not visible"
vlm_runs/2026-06-05,LP_Farmers_Market_Restroom_2,LP_Farmers_Market_Restroom_2_20260605T231500.jpg,vlm_runs/2026-06-05/LP_Farmers_Market_Restroom_2/LP_Farmers_Market_Restroom_2_20260605T231500.jpg,vehicle_prompts,done,2026-06-08T22:45:53.342935+00:00,0.447,0,nvidia/cosmos-reason2-8b,Vehicle Safety,"<0.0> 
1. Not visible
2. Not visible
3. Not visible
4. Not visible
5. Not visible
6. Not visible
7. Not visible
8. Not visible
9. Not visible
10. Not visible
11. Not visible
12. Not visible
13. Not visible
14. Not visible"
vlm_runs/2026-06-05,LP_Farmers_Market_Restroom_2,LP_Farmers_Market_Restroom_2_20260605T233000.jpg,vlm_runs/2026-06-05/LP_Farmers_Market_Restroom_2/LP_Farmers_Market_Restroom_2_20260605T233000.jpg,vehicle_prompts,done,2026-06-08T22:45:53.849247+00:00,0.672,0,nvidia/cosmos-reason2-8b,Vehicle Safety,"<0.0> 
[GENERAL VEHICLE SAFETY]
1. Not visible
2. Not visible

[COLLISIONS & NEAR MISSES]
3. Not visible
4. Not visible

[PARKING & ACCESS VIOLATIONS]
5. Not visible
6. Not visible

[SUSPICIOUS VEHICLE BEHAVIOR]
7. Not visible
8. Not visible

[VEHICLE IDENTIFICATION]
9. Not visible
10. Not visible
11. Not visible

[PEDESTRIAN & CHILD SAFETY]
12. Not visible
13. Not visible
14. Not visible"
vlm_runs/2026-06-05,LP_Farmers_Market_Restroom_2,LP_Farmers_Market_Restroom_2_20260605T234500.jpg,vlm_runs/2026-06-05/LP_Farmers_Market_Restroom_2/LP_Farmers_Market_Restroom_2_20260605T234500.jpg,vehicle_prompts,done,2026-06-08T22:45:54.570479+00:00,0.447,0,nvidia/cosmos-reason2-8b,Vehicle Safety,"<0.0> 
1. Not visible
2. Not visible
3. Not visible
4. Not visible
5. Not visible
6. Not visible
7. Not visible
8. Not visible
9. Not visible
10. Not visible
11. Not visible
12. Not visible
13. Not visible
14. Not visible"
vlm_runs/2026-06-05,LP_Farmers_Market_Restroom_3,LP_Farmers_Market_Restroom_3_20260605T000000.jpg,vlm_runs/2026-06-05/LP_Farmers_Market_Restroom_3/LP_Farmers_Market_Restroom_3_20260605T000000.jpg,vehicle_prompts,done,2026-06-08T22:47:17.288177+00:00,0.477,0,nvidia/cosmos-reason2-8b,Vehicle Safety,0.0 1. Not visible 2. Not visible 3. Not visible 4. Not visible 5. Not visible 6. Not visible 7. Not visible 8. Not visible 9. Not visible 10. Not visible 11. Not visible 12. Not visible 13. Not visible 14. Not visible
vlm_runs/2026-06-05,LP_Farmers_Market_Restroom_3,LP_Farmers_Market_Restroom_3_20260605T001500.jpg,vlm_runs/2026-06-05/LP_Farmers_Market_Restroom_3/LP_Farmers_Market_Restroom_3_20260605T001500.jpg,vehicle_prompts,done,2026-06-08T22:47:17.823106+00:00,1.001,0,nvidia/cosmos-reason2-8b,Vehicle Safety,Visible Timestamp(s): 0.0 Not visible
vlm_runs/2026-06-05,LP_Farmers_Market_Restroom_3,LP_Farmers_Market_Restroom_3_20260605T003000.jpg,vlm_runs/2026-06-05/LP_Farmers_Market_Restroom_3/LP_Farmers_Market_Restroom_3_20260605T003000.jpg,vehicle_prompts,done,2026-06-08T22:47:18.879656+00:00,0.69,0,nvidia/cosmos-reason2-8b,Vehicle Safety,"Visible timestamps: <0.0> 

[GENERAL VEHICLE SAFETY]
1. Not visible
2. Not visible

[COLLISIONS & NEAR MISSES]
3. Not visible
4. Not visible

[PARKING & ACCESS VIOLATIONS]
5. Not visible
6. Not visible

[SUSPICIOUS VEHICLE BEHAVIOR]
7. Not visible
8. Not visible

[VEHICLE IDENTIFICATION]
9. Not visible
10. Not visible
11. Not visible

[PEDESTRIAN & CHILD SAFETY]
12. Not visible
13. Not visible
14. Not visible"
vlm_runs/2026-06-05,LP_Farmers_Market_Restroom_3,LP_Farmers_Market_Restroom_3_20260605T004500.jpg,vlm_runs/2026-06-05/LP_Farmers_Market_Restroom_3/LP_Farmers_Market_Restroom_3_20260605T004500.jpg,vehicle_prompts,done,2026-06-08T22:47:19.626133+00:00,0.478,0,nvidia/cosmos-reason2-8b,Vehicle Safety,"Timestamp: <0.0> 
1. Not visible
2. Not visible
3. Not visible
4. Not visible
5. Not visible
6. Not visible
7. Not visible
8. Not visible
9. Not visible
10. Not visible
11. Not visible
12. Not visible
13. Not visible
14. Not visible"
vlm_runs/2026-06-05,LP_Farmers_Market_Restroom_3,LP_Farmers_Market_Restroom_3_20260605T010000.jpg,vlm_runs/2026-06-05/LP_Farmers_Market_Restroom_3/LP_Farmers_Market_Restroom_3_20260605T010000.jpg,vehicle_prompts,done,2026-06-08T22:47:20.156847+00:00,0.667,0,nvidia/cosmos-reason2-8b,Vehicle Safety,"<0.0> 

[GENERAL VEHICLE SAFETY]
1. Not visible
2. Not visible

[COLLISIONS & NEAR MISSES]
3. Not visible
4. Not visible

[PARKING & ACCESS VIOLATIONS]
5. Not visible
6. Not visible

[SUSPICIOUS VEHICLE BEHAVIOR]
7. Not visible
8. Not visible

[VEHICLE IDENTIFICATION]
9. Not visible
10. Not visible
11. Not visible

[PEDESTRIAN & CHILD SAFETY]
12. Not visible
13. Not visible
14. Not visible"
vlm_runs/2026-06-05,LP_Farmers_Market_Restroom_3,LP_Farmers_Market_Restroom_3_20260605T011500.jpg,vlm_runs/2026-06-05/LP_Farmers_Market_Restroom_3/LP_Farmers_Market_Restroom_3_20260605T011500.jpg,vehicle_prompts,done,2026-06-08T22:47:20.881299+00:00,0.465,0,nvidia/cosmos-reason2-8b,Vehicle Safety,"Timestamp: <0.0> 
1. Not visible
2. Not visible
3. Not visible
4. Not visible
5. Not visible
6. Not visible
7. Not visible
8. Not visible
9. Not visible
10. Not visible
11. Not visible
12. Not visible
13. Not visible
14. Not visible"
vlm_runs/2026-06-05,LP_Farmers_Market_Restroom_3,LP_Farmers_Market_Restroom_3_20260605T013000.jpg,vlm_runs/2026-06-05/LP_Farmers_Market_Restroom_3/LP_Farmers_Market_Restroom_3_20260605T013000.jpg,vehicle_prompts,done,2026-06-08T22:47:21.401903+00:00,0.465,0,nvidia/cosmos-reason2-8b,Vehicle Safety,0.0 1. Not visible 2. Not visible 3. Not visible 4. Not visible 5. Not visible 6. Not visible 7. Not visible 8. Not visible 9. Not visible 10. Not visible 11. Not visible 12. Not visible 13. Not visible 14. Not visible
vlm_runs/2026-06-05,LP_Farmers_Market_Restroom_3,LP_Farmers_Market_Restroom_3_20260605T014500.jpg,vlm_runs/2026-06-05/LP_Farmers_Market_Restroom_3/LP_Farmers_Market_Restroom_3_20260605T014500.jpg,vehicle_prompts,done,2026-06-08T22:47:21.920978+00:00,0.462,0,nvidia/cosmos-reason2-8b,Vehicle Safety,"Timestamp: <0.0> 
1. Not visible
2. Not visible
3. Not visible
4. Not visible
5. Not visible
6. Not visible
7. Not visible
8. Not visible
9. Not visible
10. Not visible
11. Not visible
12. Not visible
13. Not visible
14. Not visible"
vlm_runs/2026-06-05,LP_Farmers_Market_Restroom_3,LP_Farmers_Market_Restroom_3_20260605T020000.jpg,vlm_runs/2026-06-05/LP_Farmers_Market_Restroom_3/LP_Farmers_Market_Restroom_3_20260605T020000.jpg,vehicle_prompts,done,2026-06-08T22:47:22.435408+00:00,0.301,0,nvidia/cosmos-reason2-8b,Vehicle Safety,"Visible timestamps: 0.0s

Not visible"
vlm_runs/2026-06-05,LP_Farmers_Market_Restroom_3,LP_Farmers_Market_Restroom_3_20260605T021500.jpg,vlm_runs/2026-06-05/LP_Farmers_Market_Restroom_3/LP_Farmers_Market_Restroom_3_20260605T021500.jpg,vehicle_prompts,done,2026-06-08T22:47:22.790753+00:00,0.45,0,nvidia/cosmos-reason2-8b,Vehicle Safety,0.0 1. Not visible 2. Not visible 3. Not visible 4. Not visible 5. Not visible 6. Not visible 7. Not visible 8. Not visible 9. Not visible 10. Not visible 11. Not visible 12. Not visible 13. Not visible 14. Not visible
vlm_runs/2026-06-05,LP_Farmers_Market_Restroom_3,LP_Farmers_Market_Restroom_3_20260605T023000.jpg,vlm_runs/2026-06-05/LP_Farmers_Market_Restroom_3/LP_Farmers_Market_Restroom_3_20260605T023000.jpg,vehicle_prompts,done,2026-06-08T22:47:23.296057+00:00,0.274,0,nvidia/cosmos-reason2-8b,Vehicle Safety,0.0
vlm_runs/2026-06-05,LP_Farmers_Market_Restroom_3,LP_Farmers_Market_Restroom_3_20260605T024500.jpg,vlm_runs/2026-06-05/LP_Farmers_Market_Restroom_3/LP_Farmers_Market_Restroom_3_20260605T024500.jpg,vehicle_prompts,done,2026-06-08T22:47:23.625133+00:00,0.435,0,nvidia/cosmos-reason2-8b,Vehicle Safety,"<0.0> 
1. Not visible
2. Not visible
3. Not visible
4. Not visible
5. Not visible
6. Not visible
7. Not visible
8. Not visible
9. Not visible
10. Not visible
11. Not visible
12. Not visible
13. Not visible
14. Not visible"
vlm_runs/2026-06-05,LP_Farmers_Market_Restroom_3,LP_Farmers_Market_Restroom_3_20260605T030000.jpg,vlm_runs/2026-06-05/LP_Farmers_Market_Restroom_3/LP_Farmers_Market_Restroom_3_20260605T030000.jpg,vehicle_prompts,done,2026-06-08T22:47:24.111912+00:00,0.7,0,nvidia/cosmos-reason2-8b,Vehicle Safety,Visible timestamps: 0.0] [GENERAL VEHICLE SAFETY] 1. Not visible 2. Not visible [COLLISIONS & NEAR MISSES] 3. Not visible 4. Not visible [PARKING & ACCESS VIOLATIONS] 5. Not visible 6. Not visible [SUSPICIOUS VEHICLE BEHAVIOR] 7. Not visible 8. Not visible [VEHICLE IDENTIFICATION] 9. Not visible 10. Not visible 11. Not visible [PEDESTRIAN & CHILD SAFETY] 12. Not visible 13. Not visible 14. Not visible
vlm_runs/2026-06-05,LP_Farmers_Market_Restroom_3,LP_Farmers_Market_Restroom_3_20260605T031500.jpg,vlm_runs/2026-06-05/LP_Farmers_Market_Restroom_3/LP_Farmers_Market_Restroom_3_20260605T031500.jpg,vehicle_prompts,done,2026-06-08T22:47:24.867524+00:00,0.301,0,nvidia/cosmos-reason2-8b,Vehicle Safety,"Visible timestamps: <0.0>

Not visible"
vlm_runs/2026-06-05,LP_Farmers_Market_Restroom_3,LP_Farmers_Market_Restroom_3_20260605T033000.jpg,vlm_runs/2026-06-05/LP_Farmers_Market_Restroom_3/LP_Farmers_Market_Restroom_3_20260605T033000.jpg,vehicle_prompts,done,2026-06-08T22:47:25.219931+00:00,0.682,0,nvidia/cosmos-reason2-8b,Vehicle Safety,"Visible timestamps: 0.0s

[GENERAL VEHICLE SAFETY]
1. Not visible
2. Not visible

[COLLISIONS & NEAR MISSES]
3. Not visible
4. Not visible

[PARKING & ACCESS VIOLATIONS]
5. Not visible
6. Not visible

[SUSPICIOUS VEHICLE BEHAVIOR]
7. Not visible
8. Not visible

[VEHICLE IDENTIFICATION]
9. Not visible
10. Not visible
11. Not visible

[PEDESTRIAN & CHILD SAFETY]
12. Not visible
13. Not visible
14. Not visible"
vlm_runs/2026-06-05,LP_Farmers_Market_Restroom_3,LP_Farmers_Market_Restroom_3_20260605T034500.jpg,vlm_runs/2026-06-05/LP_Farmers_Market_Restroom_3/LP_Farmers_Market_Restroom_3_20260605T034500.jpg,vehicle_prompts,done,2026-06-08T22:47:25.957402+00:00,0.441,0,nvidia/cosmos-reason2-8b,Vehicle Safety,"<0.0> 
1. Not visible
2. Not visible
3. Not visible
4. Not visible
5. Not visible
6. Not visible
7. Not visible
8. Not visible
9. Not visible
10. Not visible
11. Not visible
12. Not visible
13. Not visible
14. Not visible"
vlm_runs/2026-06-05,LP_Farmers_Market_Restroom_3,LP_Farmers_Market_Restroom_3_20260605T040000.jpg,vlm_runs/2026-06-05/LP_Farmers_Market_Restroom_3/LP_Farmers_Market_Restroom_3_20260605T040000.jpg,vehicle_prompts,done,2026-06-08T22:47:26.447919+00:00,0.328,0,nvidia/cosmos-reason2-8b,Vehicle Safety,Visible Timestamp(s): 0.0. Not visible.
vlm_runs/2026-06-05,LP_Farmers_Market_Restroom_3,LP_Farmers_Market_Restroom_3_20260605T041500.jpg,vlm_runs/2026-06-05/LP_Farmers_Market_Restroom_3/LP_Farmers_Market_Restroom_3_20260605T041500.jpg,vehicle_prompts,done,2026-06-08T22:47:26.830213+00:00,0.273,0,nvidia/cosmos-reason2-8b,Vehicle Safety,0.0
vlm_runs/2026-06-05,LP_Farmers_Market_Restroom_3,LP_Farmers_Market_Restroom_3_20260605T043000.jpg,vlm_runs/2026-06-05/LP_Farmers_Market_Restroom_3/LP_Farmers_Market_Restroom_3_20260605T043000.jpg,vehicle_prompts,done,2026-06-08T22:47:27.157811+00:00,0.444,0,nvidia/cosmos-reason2-8b,Vehicle Safety,0.0 1. Not visible 2. Not visible 3. Not visible 4. Not visible 5. Not visible 6. Not visible 7. Not visible 8. Not visible 9. Not visible 10. Not visible 11. Not visible 12. Not visible 13. Not visible 14. Not visible
vlm_runs/2026-06-05,LP_Farmers_Market_Restroom_3,LP_Farmers_Market_Restroom_3_20260605T044500.jpg,vlm_runs/2026-06-05/LP_Farmers_Market_Restroom_3/LP_Farmers_Market_Restroom_3_20260605T044500.jpg,vehicle_prompts,done,2026-06-08T22:47:27.651526+00:00,0.673,0,nvidia/cosmos-reason2-8b,Vehicle Safety,"<0.0> 

[GENERAL VEHICLE SAFETY]
1. Not visible
2. Not visible

[COLLISIONS & NEAR MISSES]
3. Not visible
4. Not visible

[PARKING & ACCESS VIOLATIONS]
5. Not visible
6. Not visible

[SUSPICIOUS VEHICLE BEHAVIOR]
7. Not visible
8. Not visible

[VEHICLE IDENTIFICATION]
9. Not visible
10. Not visible
11. Not visible

[PEDESTRIAN & CHILD SAFETY]
12. Not visible
13. Not visible
14. Not visible"
vlm_runs/2026-06-05,LP_Farmers_Market_Restroom_3,LP_Farmers_Market_Restroom_3_20260605T050000.jpg,vlm_runs/2026-06-05/LP_Farmers_Market_Restroom_3/LP_Farmers_Market_Restroom_3_20260605T050000.jpg,vehicle_prompts,done,2026-06-08T22:47:28.375383+00:00,0.311,0,nvidia/cosmos-reason2-8b,Vehicle Safety,"Visible timestamps: 0.0s

Not visible"
vlm_runs/2026-06-05,LP_Farmers_Market_Restroom_3,LP_Farmers_Market_Restroom_3_20260605T051500.jpg,vlm_runs/2026-06-05/LP_Farmers_Market_Restroom_3/LP_Farmers_Market_Restroom_3_20260605T051500.jpg,vehicle_prompts,done,2026-06-08T22:47:28.744762+00:00,0.315,0,nvidia/cosmos-reason2-8b,Vehicle Safety,Visible vehicles: 0; Partially visible vehicles: 0
vlm_runs/2026-06-05,LP_Farmers_Market_Restroom_3,LP_Farmers_Market_Restroom_3_20260605T053000.jpg,vlm_runs/2026-06-05/LP_Farmers_Market_Restroom_3/LP_Farmers_Market_Restroom_3_20260605T053000.jpg,vehicle_prompts,done,2026-06-08T22:47:29.114315+00:00,0.684,0,nvidia/cosmos-reason2-8b,Vehicle Safety,"Visible timestamps: <0.0> 

[GENERAL VEHICLE SAFETY]
1. Not visible
2. Not visible

[COLLISIONS & NEAR MISSES]
3. Not visible
4. Not visible

[PARKING & ACCESS VIOLATIONS]
5. Not visible
6. Not visible

[SUSPICIOUS VEHICLE BEHAVIOR]
7. Not visible
8. Not visible

[VEHICLE IDENTIFICATION]
9. Not visible
10. Not visible
11. Not visible

[PEDESTRIAN & CHILD SAFETY]
12. Not visible
13. Not visible
14. Not visible"
vlm_runs/2026-06-05,LP_Farmers_Market_Restroom_3,LP_Farmers_Market_Restroom_3_20260605T054500.jpg,vlm_runs/2026-06-05/LP_Farmers_Market_Restroom_3/LP_Farmers_Market_Restroom_3_20260605T054500.jpg,vehicle_prompts,done,2026-06-08T22:47:29.844261+00:00,0.453,0,nvidia/cosmos-reason2-8b,Vehicle Safety,"<0.0> 
1. Not visible
2. Not visible
3. Not visible
4. Not visible
5. Not visible
6. Not visible
7. Not visible
8. Not visible
9. Not visible
10. Not visible
11. Not visible
12. Not visible
13. Not visible
14. Not visible"
vlm_runs/2026-06-05,LP_Farmers_Market_Restroom_3,LP_Farmers_Market_Restroom_3_20260605T060000.jpg,vlm_runs/2026-06-05/LP_Farmers_Market_Restroom_3/LP_Farmers_Market_Restroom_3_20260605T060000.jpg,vehicle_prompts,done,2026-06-08T22:47:30.352798+00:00,0.672,0,nvidia/cosmos-reason2-8b,Vehicle Safety,"<0.0> 
[GENERAL VEHICLE SAFETY]
1. Not visible
2. Not visible

[COLLISIONS & NEAR MISSES]
3. Not visible
4. Not visible

[PARKING & ACCESS VIOLATIONS]
5. Not visible
6. Not visible

[SUSPICIOUS VEHICLE BEHAVIOR]
7. Not visible
8. Not visible

[VEHICLE IDENTIFICATION]
9. Not visible
10. Not visible
11. Not visible

[PEDESTRIAN & CHILD SAFETY]
12. Not visible
13. Not visible
14. Not visible"
vlm_runs/2026-06-05,LP_Farmers_Market_Restroom_3,LP_Farmers_Market_Restroom_3_20260605T061500.jpg,vlm_runs/2026-06-05/LP_Farmers_Market_Restroom_3/LP_Farmers_Market_Restroom_3_20260605T061500.jpg,vehicle_prompts,done,2026-06-08T22:47:31.077675+00:00,0.686,0,nvidia/cosmos-reason2-8b,Vehicle Safety,"<0.0> 
GENERAL VEHICLE SAFETY
1. Not visible
2. Not visible

COLLISIONS & NEAR MISSES
3. Not visible
4. Not visible

PARKING & ACCESS VIOLATIONS
5. Not visible
6. Not visible

SUSPICIOUS VEHICLE BEHAVIOR
7. Not visible
8. Not visible

VEHICLE IDENTIFICATION
9. Not visible
10. Not visible
11. Not visible

PEDESTRIAN & CHILD SAFETY
12. Not visible
13. Not visible
14. Not visible"
vlm_runs/2026-06-05,LP_Farmers_Market_Restroom_3,LP_Farmers_Market_Restroom_3_20260605T063000.jpg,vlm_runs/2026-06-05/LP_Farmers_Market_Restroom_3/LP_Farmers_Market_Restroom_3_20260605T063000.jpg,vehicle_prompts,done,2026-06-08T22:47:31.818297+00:00,0.277,0,nvidia/cosmos-reason2-8b,Vehicle Safety,0.0
vlm_runs/2026-06-05,LP_Farmers_Market_Restroom_3,LP_Farmers_Market_Restroom_3_20260605T064500.jpg,vlm_runs/2026-06-05/LP_Farmers_Market_Restroom_3/LP_Farmers_Market_Restroom_3_20260605T064500.jpg,vehicle_prompts,done,2026-06-08T22:47:32.149366+00:00,0.675,0,nvidia/cosmos-reason2-8b,Vehicle Safety,"<0.0> 
[GENERAL VEHICLE SAFETY]
1. Not visible
2. Not visible

[COLLISIONS & NEAR MISSES]
3. Not visible
4. Not visible

[PARKING & ACCESS VIOLATIONS]
5. Not visible
6. Not visible

[SUSPICIOUS VEHICLE BEHAVIOR]
7. Not visible
8. Not visible

[VEHICLE IDENTIFICATION]
9. Not visible
10. Not visible
11. Not visible

[PEDESTRIAN & CHILD SAFETY]
12. Not visible
13. Not visible
14. Not visible"
vlm_runs/2026-06-05,LP_Farmers_Market_Restroom_3,LP_Farmers_Market_Restroom_3_20260605T070000.jpg,vlm_runs/2026-06-05/LP_Farmers_Market_Restroom_3/LP_Farmers_Market_Restroom_3_20260605T070000.jpg,vehicle_prompts,done,2026-06-08T22:47:32.878916+00:00,0.676,0,nvidia/cosmos-reason2-8b,Vehicle Safety,"<0.0> 
[GENERAL VEHICLE SAFETY]
1. Not visible
2. Not visible

[COLLISIONS & NEAR MISSES]
3. Not visible
4. Not visible

[PARKING & ACCESS VIOLATIONS]
5. Not visible
6. Not visible

[SUSPICIOUS VEHICLE BEHAVIOR]
7. Not visible
8. Not visible

[VEHICLE IDENTIFICATION]
9. Not visible
10. Not visible
11. Not visible

[PEDESTRIAN & CHILD SAFETY]
12. Not visible
13. Not visible
14. Not visible"
vlm_runs/2026-06-05,LP_Farmers_Market_Restroom_3,LP_Farmers_Market_Restroom_3_20260605T071500.jpg,vlm_runs/2026-06-05/LP_Farmers_Market_Restroom_3/LP_Farmers_Market_Restroom_3_20260605T071500.jpg,vehicle_prompts,done,2026-06-08T22:47:33.609124+00:00,0.684,0,nvidia/cosmos-reason2-8b,Vehicle Safety,"<0.0> 
[GENERAL VEHICLE SAFETY]
1. Not visible
2. Not visible

[COLLISIONS & NEAR MISSES]
3. Not visible
4. Not visible

[PARKING & ACCESS VIOLATIONS]
5. Not visible
6. Not visible

[SUSPICIOUS VEHICLE BEHAVIOR]
7. Not visible
8. Not visible

[VEHICLE IDENTIFICATION]
9. Not visible
10. Not visible
11. Not visible

[PEDESTRIAN & CHILD SAFETY]
12. Not visible
13. Not visible
14. Not visible"
vlm_runs/2026-06-05,LP_Farmers_Market_Restroom_3,LP_Farmers_Market_Restroom_3_20260605T073000.jpg,vlm_runs/2026-06-05/LP_Farmers_Market_Restroom_3/LP_Farmers_Market_Restroom_3_20260605T073000.jpg,vehicle_prompts,done,2026-06-08T22:47:34.354310+00:00,0.669,0,nvidia/cosmos-reason2-8b,Vehicle Safety,"Visible timestamps: 0.0s

[GENERAL VEHICLE SAFETY]
1. Not visible
2. Not visible

[COLLISIONS & NEAR MISSES]
3. Not visible
4. Not visible

[PARKING & ACCESS VIOLATIONS]
5. Not visible
6. Not visible

[SUSPICIOUS VEHICLE BEHAVIOR]
7. Not visible
8. Not visible

[VEHICLE IDENTIFICATION]
9. Not visible
10. Not visible
11. Not visible

[PEDESTRIAN & CHILD SAFETY]
12. Not visible
13. Not visible
14. Not visible"
vlm_runs/2026-06-05,LP_Farmers_Market_Restroom_3,LP_Farmers_Market_Restroom_3_20260605T074500.jpg,vlm_runs/2026-06-05/LP_Farmers_Market_Restroom_3/LP_Farmers_Market_Restroom_3_20260605T074500.jpg,vehicle_prompts,done,2026-06-08T22:47:35.075080+00:00,0.668,0,nvidia/cosmos-reason2-8b,Vehicle Safety,"<0.0> 
[GENERAL VEHICLE SAFETY]
1. Not visible
2. Not visible

[COLLISIONS & NEAR MISSES]
3. Not visible
4. Not visible

[PARKING & ACCESS VIOLATIONS]
5. Not visible
6. Not visible

[SUSPICIOUS VEHICLE BEHAVIOR]
7. Not visible
8. Not visible

[VEHICLE IDENTIFICATION]
9. Not visible
10. Not visible
11. Not visible

[PEDESTRIAN & CHILD SAFETY]
12. Not visible
13. Not visible
14. Not visible"
vlm_runs/2026-06-05,LP_Farmers_Market_Restroom_3,LP_Farmers_Market_Restroom_3_20260605T080000.jpg,vlm_runs/2026-06-05/LP_Farmers_Market_Restroom_3/LP_Farmers_Market_Restroom_3_20260605T080000.jpg,vehicle_prompts,done,2026-06-08T22:47:35.798299+00:00,0.664,0,nvidia/cosmos-reason2-8b,Vehicle Safety,"<0.0> 
[GENERAL VEHICLE SAFETY]
1. Not visible
2. Not visible

[COLLISIONS & NEAR MISSES]
3. Not visible
4. Not visible

[PARKING & ACCESS VIOLATIONS]
5. Not visible
6. Not visible

[SUSPICIOUS VEHICLE BEHAVIOR]
7. Not visible
8. Not visible

[VEHICLE IDENTIFICATION]
9. Not visible
10. Not visible
11. Not visible

[PEDESTRIAN & CHILD SAFETY]
12. Not visible
13. Not visible
14. Not visible"
vlm_runs/2026-06-05,LP_Farmers_Market_Restroom_3,LP_Farmers_Market_Restroom_3_20260605T081500.jpg,vlm_runs/2026-06-05/LP_Farmers_Market_Restroom_3/LP_Farmers_Market_Restroom_3_20260605T081500.jpg,vehicle_prompts,done,2026-06-08T22:47:36.514024+00:00,0.665,0,nvidia/cosmos-reason2-8b,Vehicle Safety,"<0.0> 
[GENERAL VEHICLE SAFETY]
1. Not visible
2. Not visible

[COLLISIONS & NEAR MISSES]
3. Not visible
4. Not visible

[PARKING & ACCESS VIOLATIONS]
5. Not visible
6. Not visible

[SUSPICIOUS VEHICLE BEHAVIOR]
7. Not visible
8. Not visible

[VEHICLE IDENTIFICATION]
9. Not visible
10. Not visible
11. Not visible

[PEDESTRIAN & CHILD SAFETY]
12. Not visible
13. Not visible
14. Not visible"
vlm_runs/2026-06-05,LP_Farmers_Market_Restroom_3,LP_Farmers_Market_Restroom_3_20260605T083000.jpg,vlm_runs/2026-06-05/LP_Farmers_Market_Restroom_3/LP_Farmers_Market_Restroom_3_20260605T083000.jpg,vehicle_prompts,done,2026-06-08T22:47:37.238421+00:00,0.685,0,nvidia/cosmos-reason2-8b,Vehicle Safety,"<0.0> 
[GENERAL VEHICLE SAFETY]
1. Not visible
2. Not visible

[COLLISIONS & NEAR MISSES]
3. Not visible
4. Not visible

[PARKING & ACCESS VIOLATIONS]
5. Not visible
6. Not visible

[SUSPICIOUS VEHICLE BEHAVIOR]
7. Not visible
8. Not visible

[VEHICLE IDENTIFICATION]
9. Not visible
10. Not visible
11. Not visible

[PEDESTRIAN & CHILD SAFETY]
12. Not visible
13. Not visible
14. Not visible"
vlm_runs/2026-06-05,LP_Farmers_Market_Restroom_3,LP_Farmers_Market_Restroom_3_20260605T084500.jpg,vlm_runs/2026-06-05/LP_Farmers_Market_Restroom_3/LP_Farmers_Market_Restroom_3_20260605T084500.jpg,vehicle_prompts,done,2026-06-08T22:47:37.985994+00:00,0.702,0,nvidia/cosmos-reason2-8b,Vehicle Safety,"<0.0> 

[GENERAL VEHICLE SAFETY]
1. Not visible
2. Not visible

[COLLISIONS & NEAR MISSES]
3. Not visible
4. Not visible

[PARKING & ACCESS VIOLATIONS]
5. Not visible
6. Not visible

[SUSPICIOUS VEHICLE BEHAVIOR]
7. Not visible
8. Not visible

[VEHICLE IDENTIFICATION]
9. Not visible
10. Not visible
11. Not visible

[PEDESTRIAN & CHILD SAFETY]
12. Not visible
13. Not visible
14. Not visible"
vlm_runs/2026-06-05,LP_Farmers_Market_Restroom_3,LP_Farmers_Market_Restroom_3_20260605T090000.jpg,vlm_runs/2026-06-05/LP_Farmers_Market_Restroom_3/LP_Farmers_Market_Restroom_3_20260605T090000.jpg,vehicle_prompts,done,2026-06-08T22:47:38.745189+00:00,0.678,0,nvidia/cosmos-reason2-8b,Vehicle Safety,"<0.0> 

[GENERAL VEHICLE SAFETY]
1. Not visible
2. Not visible

[COLLISIONS & NEAR MISSES]
3. Not visible
4. Not visible

[PARKING & ACCESS VIOLATIONS]
5. Not visible
6. Not visible

[SUSPICIOUS VEHICLE BEHAVIOR]
7. Not visible
8. Not visible

[VEHICLE IDENTIFICATION]
9. Not visible
10. Not visible
11. Not visible

[PEDESTRIAN & CHILD SAFETY]
12. Not visible
13. Not visible
14. Not visible"
vlm_runs/2026-06-05,LP_Farmers_Market_Restroom_3,LP_Farmers_Market_Restroom_3_20260605T091500.jpg,vlm_runs/2026-06-05/LP_Farmers_Market_Restroom_3/LP_Farmers_Market_Restroom_3_20260605T091500.jpg,vehicle_prompts,done,2026-06-08T22:47:39.474683+00:00,0.673,0,nvidia/cosmos-reason2-8b,Vehicle Safety,"<0.0> 
[GENERAL VEHICLE SAFETY]
1. Not visible
2. Not visible

[COLLISIONS & NEAR MISSES]
3. Not visible
4. Not visible

[PARKING & ACCESS VIOLATIONS]
5. Not visible
6. Not visible

[SUSPICIOUS VEHICLE BEHAVIOR]
7. Not visible
8. Not visible

[VEHICLE IDENTIFICATION]
9. Not visible
10. Not visible
11. Not visible

[PEDESTRIAN & CHILD SAFETY]
12. Not visible
13. Not visible
14. Not visible"
vlm_runs/2026-06-05,LP_Farmers_Market_Restroom_3,LP_Farmers_Market_Restroom_3_20260605T093000.jpg,vlm_runs/2026-06-05/LP_Farmers_Market_Restroom_3/LP_Farmers_Market_Restroom_3_20260605T093000.jpg,vehicle_prompts,done,2026-06-08T22:47:40.202170+00:00,0.678,0,nvidia/cosmos-reason2-8b,Vehicle Safety,"<0.0> 

[GENERAL VEHICLE SAFETY]
1. Not visible
2. Not visible

[COLLISIONS & NEAR MISSES]
3. Not visible
4. Not visible

[PARKING & ACCESS VIOLATIONS]
5. Not visible
6. Not visible

[SUSPICIOUS VEHICLE BEHAVIOR]
7. Not visible
8. Not visible

[VEHICLE IDENTIFICATION]
9. Not visible
10. Not visible
11. Not visible

[PEDESTRIAN & CHILD SAFETY]
12. Not visible
13. Not visible
14. Not visible"
vlm_runs/2026-06-05,LP_Farmers_Market_Restroom_3,LP_Farmers_Market_Restroom_3_20260605T094500.jpg,vlm_runs/2026-06-05/LP_Farmers_Market_Restroom_3/LP_Farmers_Market_Restroom_3_20260605T094500.jpg,vehicle_prompts,done,2026-06-08T22:47:40.949869+00:00,0.677,0,nvidia/cosmos-reason2-8b,Vehicle Safety,"<0.0> 
[GENERAL VEHICLE SAFETY]
1. Not visible
2. Not visible

[COLLISIONS & NEAR MISSES]
3. Not visible
4. Not visible

[PARKING & ACCESS VIOLATIONS]
5. Not visible
6. Not visible

[SUSPICIOUS VEHICLE BEHAVIOR]
7. Not visible
8. Not visible

[VEHICLE IDENTIFICATION]
9. Not visible
10. Not visible
11. Not visible

[PEDESTRIAN & CHILD SAFETY]
12. Not visible
13. Not visible
14. Not visible"
vlm_runs/2026-06-05,LP_Farmers_Market_Restroom_3,LP_Farmers_Market_Restroom_3_20260605T100000.jpg,vlm_runs/2026-06-05/LP_Farmers_Market_Restroom_3/LP_Farmers_Market_Restroom_3_20260605T100000.jpg,vehicle_prompts,done,2026-06-08T22:47:41.680999+00:00,0.686,0,nvidia/cosmos-reason2-8b,Vehicle Safety,"<0.0> 

[GENERAL VEHICLE SAFETY]
1. Not visible
2. Not visible

[COLLISIONS & NEAR MISSES]
3. Not visible
4. Not visible

[PARKING & ACCESS VIOLATIONS]
5. Not visible
6. Not visible

[SUSPICIOUS VEHICLE BEHAVIOR]
7. Not visible
8. Not visible

[VEHICLE IDENTIFICATION]
9. Not visible
10. Not visible
11. Not visible

[PEDESTRIAN & CHILD SAFETY]
12. Not visible
13. Not visible
14. Not visible"
vlm_runs/2026-06-05,LP_Farmers_Market_Restroom_3,LP_Farmers_Market_Restroom_3_20260605T101500.jpg,vlm_runs/2026-06-05/LP_Farmers_Market_Restroom_3/LP_Farmers_Market_Restroom_3_20260605T101500.jpg,vehicle_prompts,done,2026-06-08T22:47:42.427419+00:00,0.441,0,nvidia/cosmos-reason2-8b,Vehicle Safety,0.0 1. Not visible 2. Not visible 3. Not visible 4. Not visible 5. Not visible 6. Not visible 7. Not visible 8. Not visible 9. Not visible 10. Not visible 11. Not visible 12. Not visible 13. Not visible 14. Not visible
vlm_runs/2026-06-05,LP_Farmers_Market_Restroom_3,LP_Farmers_Market_Restroom_3_20260605T103000.jpg,vlm_runs/2026-06-05/LP_Farmers_Market_Restroom_3/LP_Farmers_Market_Restroom_3_20260605T103000.jpg,vehicle_prompts,done,2026-06-08T22:47:42.923383+00:00,0.678,0,nvidia/cosmos-reason2-8b,Vehicle Safety,"<0.0> 
[GENERAL VEHICLE SAFETY]
1. Not visible
2. Not visible

[COLLISIONS & NEAR MISSES]
3. Not visible
4. Not visible

[PARKING & ACCESS VIOLATIONS]
5. Not visible
6. Not visible

[SUSPICIOUS VEHICLE BEHAVIOR]
7. Not visible
8. Not visible

[VEHICLE IDENTIFICATION]
9. Not visible
10. Not visible
11. Not visible

[PEDESTRIAN & CHILD SAFETY]
12. Not visible
13. Not visible
14. Not visible"
vlm_runs/2026-06-05,LP_Farmers_Market_Restroom_3,LP_Farmers_Market_Restroom_3_20260605T104500.jpg,vlm_runs/2026-06-05/LP_Farmers_Market_Restroom_3/LP_Farmers_Market_Restroom_3_20260605T104500.jpg,vehicle_prompts,done,2026-06-08T22:47:43.658059+00:00,0.678,0,nvidia/cosmos-reason2-8b,Vehicle Safety,"<0.0> 
[GENERAL VEHICLE SAFETY]
1. Not visible
2. Not visible

[COLLISIONS & NEAR MISSES]
3. Not visible
4. Not visible

[PARKING & ACCESS VIOLATIONS]
5. Not visible
6. Not visible

[SUSPICIOUS VEHICLE BEHAVIOR]
7. Not visible
8. Not visible

[VEHICLE IDENTIFICATION]
9. Not visible
10. Not visible
11. Not visible

[PEDESTRIAN & CHILD SAFETY]
12. Not visible
13. Not visible
14. Not visible"
vlm_runs/2026-06-05,LP_Farmers_Market_Restroom_3,LP_Farmers_Market_Restroom_3_20260605T110000.jpg,vlm_runs/2026-06-05/LP_Farmers_Market_Restroom_3/LP_Farmers_Market_Restroom_3_20260605T110000.jpg,vehicle_prompts,done,2026-06-08T22:47:44.388556+00:00,0.666,0,nvidia/cosmos-reason2-8b,Vehicle Safety,"<0.0> 

[GENERAL VEHICLE SAFETY]
1. Not visible
2. Not visible

[COLLISIONS & NEAR MISSES]
3. Not visible
4. Not visible

[PARKING & ACCESS VIOLATIONS]
5. Not visible
6. Not visible

[SUSPICIOUS VEHICLE BEHAVIOR]
7. Not visible
8. Not visible

[VEHICLE IDENTIFICATION]
9. Not visible
10. Not visible
11. Not visible

[PEDESTRIAN & CHILD SAFETY]
12. Not visible
13. Not visible
14. Not visible"
vlm_runs/2026-06-05,LP_Farmers_Market_Restroom_3,LP_Farmers_Market_Restroom_3_20260605T111500.jpg,vlm_runs/2026-06-05/LP_Farmers_Market_Restroom_3/LP_Farmers_Market_Restroom_3_20260605T111500.jpg,vehicle_prompts,done,2026-06-08T22:47:45.106589+00:00,0.663,0,nvidia/cosmos-reason2-8b,Vehicle Safety,"<0.0> 
[GENERAL VEHICLE SAFETY]
1. Not visible
2. Not visible

[COLLISIONS & NEAR MISSES]
3. Not visible
4. Not visible

[PARKING & ACCESS VIOLATIONS]
5. Not visible
6. Not visible

[SUSPICIOUS VEHICLE BEHAVIOR]
7. Not visible
8. Not visible

[VEHICLE IDENTIFICATION]
9. Not visible
10. Not visible
11. Not visible

[PEDESTRIAN & CHILD SAFETY]
12. Not visible
13. Not visible
14. Not visible"
vlm_runs/2026-06-05,LP_Farmers_Market_Restroom_3,LP_Farmers_Market_Restroom_3_20260605T113000.jpg,vlm_runs/2026-06-05/LP_Farmers_Market_Restroom_3/LP_Farmers_Market_Restroom_3_20260605T113000.jpg,vehicle_prompts,done,2026-06-08T22:47:45.822660+00:00,0.674,0,nvidia/cosmos-reason2-8b,Vehicle Safety,"<0.0> 
[GENERAL VEHICLE SAFETY]
1. Not visible
2. Not visible

[COLLISIONS & NEAR MISSES]
3. Not visible
4. Not visible

[PARKING & ACCESS VIOLATIONS]
5. Not visible
6. Not visible

[SUSPICIOUS VEHICLE BEHAVIOR]
7. Not visible
8. Not visible

[VEHICLE IDENTIFICATION]
9. Not visible
10. Not visible
11. Not visible

[PEDESTRIAN & CHILD SAFETY]
12. Not visible
13. Not visible
14. Not visible"
vlm_runs/2026-06-05,LP_Farmers_Market_Restroom_3,LP_Farmers_Market_Restroom_3_20260605T114500.jpg,vlm_runs/2026-06-05/LP_Farmers_Market_Restroom_3/LP_Farmers_Market_Restroom_3_20260605T114500.jpg,vehicle_prompts,done,2026-06-08T22:47:46.557600+00:00,0.683,0,nvidia/cosmos-reason2-8b,Vehicle Safety,"<0.0> 
[GENERAL VEHICLE SAFETY]
1. Not visible
2. Not visible

[COLLISIONS & NEAR MISSES]
3. Not visible
4. Not visible

[PARKING & ACCESS VIOLATIONS]
5. Not visible
6. Not visible

[SUSPICIOUS VEHICLE BEHAVIOR]
7. Not visible
8. Not visible

[VEHICLE IDENTIFICATION]
9. Not visible
10. Not visible
11. Not visible

[PEDESTRIAN & CHILD SAFETY]
12. Not visible
13. Not visible
14. Not visible"
vlm_runs/2026-06-05,LP_Farmers_Market_Restroom_3,LP_Farmers_Market_Restroom_3_20260605T120000.jpg,vlm_runs/2026-06-05/LP_Farmers_Market_Restroom_3/LP_Farmers_Market_Restroom_3_20260605T120000.jpg,vehicle_prompts,done,2026-06-08T22:47:47.296692+00:00,0.684,0,nvidia/cosmos-reason2-8b,Vehicle Safety,"<0.0> 
[GENERAL VEHICLE SAFETY]
1. Not visible
2. Not visible

[COLLISIONS & NEAR MISSES]
3. Not visible
4. Not visible

[PARKING & ACCESS VIOLATIONS]
5. Not visible
6. Not visible

[SUSPICIOUS VEHICLE BEHAVIOR]
7. Not visible
8. Not visible

[VEHICLE IDENTIFICATION]
9. Not visible
10. Not visible
11. Not visible

[PEDESTRIAN & CHILD SAFETY]
12. Not visible
13. Not visible
14. Not visible"
vlm_runs/2026-06-05,LP_Farmers_Market_Restroom_3,LP_Farmers_Market_Restroom_3_20260605T121500.jpg,vlm_runs/2026-06-05/LP_Farmers_Market_Restroom_3/LP_Farmers_Market_Restroom_3_20260605T121500.jpg,vehicle_prompts,done,2026-06-08T22:47:48.038037+00:00,0.281,0,nvidia/cosmos-reason2-8b,Vehicle Safety,Not visible
vlm_runs/2026-06-05,LP_Farmers_Market_Restroom_3,LP_Farmers_Market_Restroom_3_20260605T123000.jpg,vlm_runs/2026-06-05/LP_Farmers_Market_Restroom_3/LP_Farmers_Market_Restroom_3_20260605T123000.jpg,vehicle_prompts,done,2026-06-08T22:47:48.371502+00:00,0.442,0,nvidia/cosmos-reason2-8b,Vehicle Safety,"<0.0> 
1. Not visible
2. Not visible
3. Not visible
4. Not visible
5. Not visible
6. Not visible
7. Not visible
8. Not visible
9. Not visible
10. Not visible
11. Not visible
12. Not visible
13. Not visible
14. Not visible"
vlm_runs/2026-06-05,LP_Farmers_Market_Restroom_3,LP_Farmers_Market_Restroom_3_20260605T124500.jpg,vlm_runs/2026-06-05/LP_Farmers_Market_Restroom_3/LP_Farmers_Market_Restroom_3_20260605T124500.jpg,vehicle_prompts,done,2026-06-08T22:47:48.867414+00:00,0.728,0,nvidia/cosmos-reason2-8b,Vehicle Safety," timestamp: <0.0> 
[GENERAL VEHICLE SAFETY]
1. Not visible
2. Not visible
[COLLISIONS & NEAR MISSES]
3. Not visible
4. Not visible
[PARKING & ACCESS VIOLATIONS]
5. Not visible
6. Not visible
[SUSPICIOUS VEHICLE BEHAVIOR]
7. Not visible
8. Not visible
[VEHICLE IDENTIFICATION]
9. Not visible
10. Not visible
11. Not visible
[PEDESTRIAN & CHILD SAFETY]
12. Not visible
13. Not visible
14. Not visible"
vlm_runs/2026-06-05,LP_Farmers_Market_Restroom_3,LP_Farmers_Market_Restroom_3_20260605T130000.jpg,vlm_runs/2026-06-05/LP_Farmers_Market_Restroom_3/LP_Farmers_Market_Restroom_3_20260605T130000.jpg,vehicle_prompts,done,2026-06-08T22:47:49.647225+00:00,0.672,0,nvidia/cosmos-reason2-8b,Vehicle Safety,"<0.0> 
[GENERAL VEHICLE SAFETY]
1. Not visible
2. Not visible

[COLLISIONS & NEAR MISSES]
3. Not visible
4. Not visible

[PARKING & ACCESS VIOLATIONS]
5. Not visible
6. Not visible

[SUSPICIOUS VEHICLE BEHAVIOR]
7. Not visible
8. Not visible

[VEHICLE IDENTIFICATION]
9. Not visible
10. Not visible
11. Not visible

[PEDESTRIAN & CHILD SAFETY]
12. Not visible
13. Not visible
14. Not visible"
vlm_runs/2026-06-05,LP_Farmers_Market_Restroom_3,LP_Farmers_Market_Restroom_3_20260605T131500.jpg,vlm_runs/2026-06-05/LP_Farmers_Market_Restroom_3/LP_Farmers_Market_Restroom_3_20260605T131500.jpg,vehicle_prompts,done,2026-06-08T22:47:50.372486+00:00,0.449,0,nvidia/cosmos-reason2-8b,Vehicle Safety,"<0.0> 
1. Not visible
2. Not visible
3. Not visible
4. Not visible
5. Not visible
6. Not visible
7. Not visible
8. Not visible
9. Not visible
10. Not visible
11. Not visible
12. Not visible
13. Not visible
14. Not visible"
vlm_runs/2026-06-05,LP_Farmers_Market_Restroom_3,LP_Farmers_Market_Restroom_3_20260605T133000.jpg,vlm_runs/2026-06-05/LP_Farmers_Market_Restroom_3/LP_Farmers_Market_Restroom_3_20260605T133000.jpg,vehicle_prompts,done,2026-06-08T22:47:50.880235+00:00,0.681,0,nvidia/cosmos-reason2-8b,Vehicle Safety,"<0.0> 
[GENERAL VEHICLE SAFETY]
1. Not visible
2. Not visible

[COLLISIONS & NEAR MISSES]
3. Not visible
4. Not visible

[PARKING & ACCESS VIOLATIONS]
5. Not visible
6. Not visible

[SUSPICIOUS VEHICLE BEHAVIOR]
7. Not visible
8. Not visible

[VEHICLE IDENTIFICATION]
9. Not visible
10. Not visible
11. Not visible

[PEDESTRIAN & CHILD SAFETY]
12. Not visible
13. Not visible
14. Not visible"
vlm_runs/2026-06-05,LP_Farmers_Market_Restroom_3,LP_Farmers_Market_Restroom_3_20260605T134500.jpg,vlm_runs/2026-06-05/LP_Farmers_Market_Restroom_3/LP_Farmers_Market_Restroom_3_20260605T134500.jpg,vehicle_prompts,done,2026-06-08T22:47:51.617795+00:00,0.679,0,nvidia/cosmos-reason2-8b,Vehicle Safety,"<0.0> 

[GENERAL VEHICLE SAFETY]
1. Not visible
2. Not visible

[COLLISIONS & NEAR MISSES]
3. Not visible
4. Not visible

[PARKING & ACCESS VIOLATIONS]
5. Not visible
6. Not visible

[SUSPICIOUS VEHICLE BEHAVIOR]
7. Not visible
8. Not visible

[VEHICLE IDENTIFICATION]
9. Not visible
10. Not visible
11. Not visible

[PEDESTRIAN & CHILD SAFETY]
12. Not visible
13. Not visible
14. Not visible"
vlm_runs/2026-06-05,LP_Farmers_Market_Restroom_3,LP_Farmers_Market_Restroom_3_20260605T140000.jpg,vlm_runs/2026-06-05/LP_Farmers_Market_Restroom_3/LP_Farmers_Market_Restroom_3_20260605T140000.jpg,vehicle_prompts,done,2026-06-08T22:47:52.348321+00:00,0.676,0,nvidia/cosmos-reason2-8b,Vehicle Safety,"<0.0> 

[GENERAL VEHICLE SAFETY]
1. Not visible
2. Not visible

[COLLISIONS & NEAR MISSES]
3. Not visible
4. Not visible

[PARKING & ACCESS VIOLATIONS]
5. Not visible
6. Not visible

[SUSPICIOUS VEHICLE BEHAVIOR]
7. Not visible
8. Not visible

[VEHICLE IDENTIFICATION]
9. Not visible
10. Not visible
11. Not visible

[PEDESTRIAN & CHILD SAFETY]
12. Not visible
13. Not visible
14. Not visible"
vlm_runs/2026-06-05,LP_Farmers_Market_Restroom_3,LP_Farmers_Market_Restroom_3_20260605T141500.jpg,vlm_runs/2026-06-05/LP_Farmers_Market_Restroom_3/LP_Farmers_Market_Restroom_3_20260605T141500.jpg,vehicle_prompts,done,2026-06-08T22:47:53.077584+00:00,0.451,0,nvidia/cosmos-reason2-8b,Vehicle Safety,"<0.0> 
1. Not visible
2. Not visible
3. Not visible
4. Not visible
5. Not visible
6. Not visible
7. Not visible
8. Not visible
9. Not visible
10. Not visible
11. Not visible
12. Not visible
13. Not visible
14. Not visible"
vlm_runs/2026-06-05,LP_Farmers_Market_Restroom_3,LP_Farmers_Market_Restroom_3_20260605T143000.jpg,vlm_runs/2026-06-05/LP_Farmers_Market_Restroom_3/LP_Farmers_Market_Restroom_3_20260605T143000.jpg,vehicle_prompts,done,2026-06-08T22:47:53.589409+00:00,0.675,0,nvidia/cosmos-reason2-8b,Vehicle Safety,"<0.0> 
[GENERAL VEHICLE SAFETY]
1. Not visible
2. Not visible

[COLLISIONS & NEAR MISSES]
3. Not visible
4. Not visible

[PARKING & ACCESS VIOLATIONS]
5. Not visible
6. Not visible

[SUSPICIOUS VEHICLE BEHAVIOR]
7. Not visible
8. Not visible

[VEHICLE IDENTIFICATION]
9. Not visible
10. Not visible
11. Not visible

[PEDESTRIAN & CHILD SAFETY]
12. Not visible
13. Not visible
14. Not visible"
vlm_runs/2026-06-05,LP_Farmers_Market_Restroom_3,LP_Farmers_Market_Restroom_3_20260605T144500.jpg,vlm_runs/2026-06-05/LP_Farmers_Market_Restroom_3/LP_Farmers_Market_Restroom_3_20260605T144500.jpg,vehicle_prompts,done,2026-06-08T22:47:54.314718+00:00,0.657,0,nvidia/cosmos-reason2-8b,Vehicle Safety,"<0.0> 

[GENERAL VEHICLE SAFETY]
1. Not visible
2. Not visible

[COLLISIONS & NEAR MISSES]
3. Not visible
4. Not visible

[PARKING & ACCESS VIOLATIONS]
5. Not visible
6. Not visible

[SUSPICIOUS VEHICLE BEHAVIOR]
7. Not visible
8. Not visible

[VEHICLE IDENTIFICATION]
9. Not visible
10. Not visible
11. Not visible

[PEDESTRIAN & CHILD SAFETY]
12. Not visible
13. Not visible
14. Not visible"
vlm_runs/2026-06-05,LP_Farmers_Market_Restroom_3,LP_Farmers_Market_Restroom_3_20260605T150000.jpg,vlm_runs/2026-06-05/LP_Farmers_Market_Restroom_3/LP_Farmers_Market_Restroom_3_20260605T150000.jpg,vehicle_prompts,done,2026-06-08T22:47:55.026506+00:00,0.667,0,nvidia/cosmos-reason2-8b,Vehicle Safety,"<0.0> 
[GENERAL VEHICLE SAFETY]
1. Not visible
2. Not visible

[COLLISIONS & NEAR MISSES]
3. Not visible
4. Not visible

[PARKING & ACCESS VIOLATIONS]
5. Not visible
6. Not visible

[SUSPICIOUS VEHICLE BEHAVIOR]
7. Not visible
8. Not visible

[VEHICLE IDENTIFICATION]
9. Not visible
10. Not visible
11. Not visible

[PEDESTRIAN & CHILD SAFETY]
12. Not visible
13. Not visible
14. Not visible"
vlm_runs/2026-06-05,LP_Farmers_Market_Restroom_3,LP_Farmers_Market_Restroom_3_20260605T151500.jpg,vlm_runs/2026-06-05/LP_Farmers_Market_Restroom_3/LP_Farmers_Market_Restroom_3_20260605T151500.jpg,vehicle_prompts,done,2026-06-08T22:47:55.745607+00:00,0.667,0,nvidia/cosmos-reason2-8b,Vehicle Safety,"<0.0> 
[GENERAL VEHICLE SAFETY]
1. Not visible
2. Not visible

[COLLISIONS & NEAR MISSES]
3. Not visible
4. Not visible

[PARKING & ACCESS VIOLATIONS]
5. Not visible
6. Not visible

[SUSPICIOUS VEHICLE BEHAVIOR]
7. Not visible
8. Not visible

[VEHICLE IDENTIFICATION]
9. Not visible
10. Not visible
11. Not visible

[PEDESTRIAN & CHILD SAFETY]
12. Not visible
13. Not visible
14. Not visible"
vlm_runs/2026-06-05,LP_Farmers_Market_Restroom_3,LP_Farmers_Market_Restroom_3_20260605T153000.jpg,vlm_runs/2026-06-05/LP_Farmers_Market_Restroom_3/LP_Farmers_Market_Restroom_3_20260605T153000.jpg,vehicle_prompts,done,2026-06-08T22:47:56.470211+00:00,0.666,0,nvidia/cosmos-reason2-8b,Vehicle Safety,"<0.0> 
[GENERAL VEHICLE SAFETY]
1. Not visible
2. Not visible

[COLLISIONS & NEAR MISSES]
3. Not visible
4. Not visible

[PARKING & ACCESS VIOLATIONS]
5. Not visible
6. Not visible

[SUSPICIOUS VEHICLE BEHAVIOR]
7. Not visible
8. Not visible

[VEHICLE IDENTIFICATION]
9. Not visible
10. Not visible
11. Not visible

[PEDESTRIAN & CHILD SAFETY]
12. Not visible
13. Not visible
14. Not visible"
vlm_runs/2026-06-05,LP_Farmers_Market_Restroom_3,LP_Farmers_Market_Restroom_3_20260605T154500.jpg,vlm_runs/2026-06-05/LP_Farmers_Market_Restroom_3/LP_Farmers_Market_Restroom_3_20260605T154500.jpg,vehicle_prompts,done,2026-06-08T22:47:57.200376+00:00,0.664,0,nvidia/cosmos-reason2-8b,Vehicle Safety,"<0.0> 
[GENERAL VEHICLE SAFETY]
1. Not visible
2. Not visible

[COLLISIONS & NEAR MISSES]
3. Not visible
4. Not visible

[PARKING & ACCESS VIOLATIONS]
5. Not visible
6. Not visible

[SUSPICIOUS VEHICLE BEHAVIOR]
7. Not visible
8. Not visible

[VEHICLE IDENTIFICATION]
9. Not visible
10. Not visible
11. Not visible

[PEDESTRIAN & CHILD SAFETY]
12. Not visible
13. Not visible
14. Not visible"
vlm_runs/2026-06-05,LP_Farmers_Market_Restroom_3,LP_Farmers_Market_Restroom_3_20260605T160000.jpg,vlm_runs/2026-06-05/LP_Farmers_Market_Restroom_3/LP_Farmers_Market_Restroom_3_20260605T160000.jpg,vehicle_prompts,done,2026-06-08T22:47:57.923845+00:00,0.661,0,nvidia/cosmos-reason2-8b,Vehicle Safety,"<0.0> 
[GENERAL VEHICLE SAFETY]
1. Not visible
2. Not visible

[COLLISIONS & NEAR MISSES]
3. Not visible
4. Not visible

[PARKING & ACCESS VIOLATIONS]
5. Not visible
6. Not visible

[SUSPICIOUS VEHICLE BEHAVIOR]
7. Not visible
8. Not visible

[VEHICLE IDENTIFICATION]
9. Not visible
10. Not visible
11. Not visible

[PEDESTRIAN & CHILD SAFETY]
12. Not visible
13. Not visible
14. Not visible"
vlm_runs/2026-06-05,LP_Farmers_Market_Restroom_3,LP_Farmers_Market_Restroom_3_20260605T161500.jpg,vlm_runs/2026-06-05/LP_Farmers_Market_Restroom_3/LP_Farmers_Market_Restroom_3_20260605T161500.jpg,vehicle_prompts,done,2026-06-08T22:47:58.644756+00:00,0.677,0,nvidia/cosmos-reason2-8b,Vehicle Safety,"<0.0> 
[GENERAL VEHICLE SAFETY]
1. Not visible
2. Not visible

[COLLISIONS & NEAR MISSES]
3. Not visible
4. Not visible

[PARKING & ACCESS VIOLATIONS]
5. Not visible
6. Not visible

[SUSPICIOUS VEHICLE BEHAVIOR]
7. Not visible
8. Not visible

[VEHICLE IDENTIFICATION]
9. Not visible
10. Not visible
11. Not visible

[PEDESTRIAN & CHILD SAFETY]
12. Not visible
13. Not visible
14. Not visible"
vlm_runs/2026-06-05,LP_Farmers_Market_Restroom_3,LP_Farmers_Market_Restroom_3_20260605T163000.jpg,vlm_runs/2026-06-05/LP_Farmers_Market_Restroom_3/LP_Farmers_Market_Restroom_3_20260605T163000.jpg,vehicle_prompts,done,2026-06-08T22:47:59.372719+00:00,0.656,0,nvidia/cosmos-reason2-8b,Vehicle Safety,"<0.0> 
[GENERAL VEHICLE SAFETY]
1. Not visible
2. Not visible

[COLLISIONS & NEAR MISSES]
3. Not visible
4. Not visible

[PARKING & ACCESS VIOLATIONS]
5. Not visible
6. Not visible

[SUSPICIOUS VEHICLE BEHAVIOR]
7. Not visible
8. Not visible

[VEHICLE IDENTIFICATION]
9. Not visible
10. Not visible
11. Not visible

[PEDESTRIAN & CHILD SAFETY]
12. Not visible
13. Not visible
14. Not visible"
vlm_runs/2026-06-05,LP_Farmers_Market_Restroom_3,LP_Farmers_Market_Restroom_3_20260605T164500.jpg,vlm_runs/2026-06-05/LP_Farmers_Market_Restroom_3/LP_Farmers_Market_Restroom_3_20260605T164500.jpg,vehicle_prompts,done,2026-06-08T22:48:00.079396+00:00,0.667,0,nvidia/cosmos-reason2-8b,Vehicle Safety,"<0.0> 
[GENERAL VEHICLE SAFETY]
1. Not visible
2. Not visible

[COLLISIONS & NEAR MISSES]
3. Not visible
4. Not visible

[PARKING & ACCESS VIOLATIONS]
5. Not visible
6. Not visible

[SUSPICIOUS VEHICLE BEHAVIOR]
7. Not visible
8. Not visible

[VEHICLE IDENTIFICATION]
9. Not visible
10. Not visible
11. Not visible

[PEDESTRIAN & CHILD SAFETY]
12. Not visible
13. Not visible
14. Not visible"
vlm_runs/2026-06-05,LP_Farmers_Market_Restroom_3,LP_Farmers_Market_Restroom_3_20260605T170000.jpg,vlm_runs/2026-06-05/LP_Farmers_Market_Restroom_3/LP_Farmers_Market_Restroom_3_20260605T170000.jpg,vehicle_prompts,done,2026-06-08T22:48:00.847862+00:00,0.664,0,nvidia/cosmos-reason2-8b,Vehicle Safety,"<0.0> 

[GENERAL VEHICLE SAFETY]
1. Not visible
2. Not visible

[COLLISIONS & NEAR MISSES]
3. Not visible
4. Not visible

[PARKING & ACCESS VIOLATIONS]
5. Not visible
6. Not visible

[SUSPICIOUS VEHICLE BEHAVIOR]
7. Not visible
8. Not visible

[VEHICLE IDENTIFICATION]
9. Not visible
10. Not visible
11. Not visible

[PEDESTRIAN & CHILD SAFETY]
12. Not visible
13. Not visible
14. Not visible"
vlm_runs/2026-06-05,LP_Farmers_Market_Restroom_3,LP_Farmers_Market_Restroom_3_20260605T171500.jpg,vlm_runs/2026-06-05/LP_Farmers_Market_Restroom_3/LP_Farmers_Market_Restroom_3_20260605T171500.jpg,vehicle_prompts,done,2026-06-08T22:48:01.569280+00:00,0.665,0,nvidia/cosmos-reason2-8b,Vehicle Safety,"<0.0> 
[GENERAL VEHICLE SAFETY]
1. Not visible
2. Not visible

[COLLISIONS & NEAR MISSES]
3. Not visible
4. Not visible

[PARKING & ACCESS VIOLATIONS]
5. Not visible
6. Not visible

[SUSPICIOUS VEHICLE BEHAVIOR]
7. Not visible
8. Not visible

[VEHICLE IDENTIFICATION]
9. Not visible
10. Not visible
11. Not visible

[PEDESTRIAN & CHILD SAFETY]
12. Not visible
13. Not visible
14. Not visible"
vlm_runs/2026-06-05,LP_Farmers_Market_Restroom_3,LP_Farmers_Market_Restroom_3_20260605T173000.jpg,vlm_runs/2026-06-05/LP_Farmers_Market_Restroom_3/LP_Farmers_Market_Restroom_3_20260605T173000.jpg,vehicle_prompts,done,2026-06-08T22:48:02.292552+00:00,0.665,0,nvidia/cosmos-reason2-8b,Vehicle Safety,"<0.0> 
[GENERAL VEHICLE SAFETY]
1. Not visible
2. Not visible

[COLLISIONS & NEAR MISSES]
3. Not visible
4. Not visible

[PARKING & ACCESS VIOLATIONS]
5. Not visible
6. Not visible

[SUSPICIOUS VEHICLE BEHAVIOR]
7. Not visible
8. Not visible

[VEHICLE IDENTIFICATION]
9. Not visible
10. Not visible
11. Not visible

[PEDESTRIAN & CHILD SAFETY]
12. Not visible
13. Not visible
14. Not visible"
vlm_runs/2026-06-05,LP_Farmers_Market_Restroom_3,LP_Farmers_Market_Restroom_3_20260605T174500.jpg,vlm_runs/2026-06-05/LP_Farmers_Market_Restroom_3/LP_Farmers_Market_Restroom_3_20260605T174500.jpg,vehicle_prompts,done,2026-06-08T22:48:03.015694+00:00,0.672,0,nvidia/cosmos-reason2-8b,Vehicle Safety,"<0.0> 
[GENERAL VEHICLE SAFETY]
1. Not visible
2. Not visible

[COLLISIONS & NEAR MISSES]
3. Not visible
4. Not visible

[PARKING & ACCESS VIOLATIONS]
5. Not visible
6. Not visible

[SUSPICIOUS VEHICLE BEHAVIOR]
7. Not visible
8. Not visible

[VEHICLE IDENTIFICATION]
9. Not visible
10. Not visible
11. Not visible

[PEDESTRIAN & CHILD SAFETY]
12. Not visible
13. Not visible
14. Not visible"
vlm_runs/2026-06-05,LP_Farmers_Market_Restroom_3,LP_Farmers_Market_Restroom_3_20260605T180000.jpg,vlm_runs/2026-06-05/LP_Farmers_Market_Restroom_3/LP_Farmers_Market_Restroom_3_20260605T180000.jpg,vehicle_prompts,done,2026-06-08T22:48:03.749587+00:00,0.666,0,nvidia/cosmos-reason2-8b,Vehicle Safety,"<0.0> 
[GENERAL VEHICLE SAFETY]
1. Not visible
2. Not visible

[COLLISIONS & NEAR MISSES]
3. Not visible
4. Not visible

[PARKING & ACCESS VIOLATIONS]
5. Not visible
6. Not visible

[SUSPICIOUS VEHICLE BEHAVIOR]
7. Not visible
8. Not visible

[VEHICLE IDENTIFICATION]
9. Not visible
10. Not visible
11. Not visible

[PEDESTRIAN & CHILD SAFETY]
12. Not visible
13. Not visible
14. Not visible"
vlm_runs/2026-06-05,LP_Farmers_Market_Restroom_3,LP_Farmers_Market_Restroom_3_20260605T181500.jpg,vlm_runs/2026-06-05/LP_Farmers_Market_Restroom_3/LP_Farmers_Market_Restroom_3_20260605T181500.jpg,vehicle_prompts,done,2026-06-08T22:48:04.476827+00:00,0.671,0,nvidia/cosmos-reason2-8b,Vehicle Safety,"<0.0> 
[GENERAL VEHICLE SAFETY]
1. Not visible
2. Not visible

[COLLISIONS & NEAR MISSES]
3. Not visible
4. Not visible

[PARKING & ACCESS VIOLATIONS]
5. Not visible
6. Not visible

[SUSPICIOUS VEHICLE BEHAVIOR]
7. Not visible
8. Not visible

[VEHICLE IDENTIFICATION]
9. Not visible
10. Not visible
11. Not visible

[PEDESTRIAN & CHILD SAFETY]
12. Not visible
13. Not visible
14. Not visible"
vlm_runs/2026-06-05,LP_Farmers_Market_Restroom_3,LP_Farmers_Market_Restroom_3_20260605T183000.jpg,vlm_runs/2026-06-05/LP_Farmers_Market_Restroom_3/LP_Farmers_Market_Restroom_3_20260605T183000.jpg,vehicle_prompts,done,2026-06-08T22:48:05.204286+00:00,0.671,0,nvidia/cosmos-reason2-8b,Vehicle Safety,"<0.0> 
[GENERAL VEHICLE SAFETY]
1. Not visible
2. Not visible

[COLLISIONS & NEAR MISSES]
3. Not visible
4. Not visible

[PARKING & ACCESS VIOLATIONS]
5. Not visible
6. Not visible

[SUSPICIOUS VEHICLE BEHAVIOR]
7. Not visible
8. Not visible

[VEHICLE IDENTIFICATION]
9. Not visible
10. Not visible
11. Not visible

[PEDESTRIAN & CHILD SAFETY]
12. Not visible
13. Not visible
14. Not visible"
vlm_runs/2026-06-05,LP_Farmers_Market_Restroom_3,LP_Farmers_Market_Restroom_3_20260605T184500.jpg,vlm_runs/2026-06-05/LP_Farmers_Market_Restroom_3/LP_Farmers_Market_Restroom_3_20260605T184500.jpg,vehicle_prompts,done,2026-06-08T22:48:05.930744+00:00,0.678,0,nvidia/cosmos-reason2-8b,Vehicle Safety,"<0.0> 
[GENERAL VEHICLE SAFETY]
1. Not visible
2. Not visible

[COLLISIONS & NEAR MISSES]
3. Not visible
4. Not visible

[PARKING & ACCESS VIOLATIONS]
5. Not visible
6. Not visible

[SUSPICIOUS VEHICLE BEHAVIOR]
7. Not visible
8. Not visible

[VEHICLE IDENTIFICATION]
9. Not visible
10. Not visible
11. Not visible

[PEDESTRIAN & CHILD SAFETY]
12. Not visible
13. Not visible
14. Not visible"
vlm_runs/2026-06-05,LP_Farmers_Market_Restroom_3,LP_Farmers_Market_Restroom_3_20260605T190000.jpg,vlm_runs/2026-06-05/LP_Farmers_Market_Restroom_3/LP_Farmers_Market_Restroom_3_20260605T190000.jpg,vehicle_prompts,done,2026-06-08T22:48:06.673007+00:00,0.67,0,nvidia/cosmos-reason2-8b,Vehicle Safety,"<0.0> 
[GENERAL VEHICLE SAFETY]
1. Not visible
2. Not visible

[COLLISIONS & NEAR MISSES]
3. Not visible
4. Not visible

[PARKING & ACCESS VIOLATIONS]
5. Not visible
6. Not visible

[SUSPICIOUS VEHICLE BEHAVIOR]
7. Not visible
8. Not visible

[VEHICLE IDENTIFICATION]
9. Not visible
10. Not visible
11. Not visible

[PEDESTRIAN & CHILD SAFETY]
12. Not visible
13. Not visible
14. Not visible"
vlm_runs/2026-06-05,LP_Farmers_Market_Restroom_3,LP_Farmers_Market_Restroom_3_20260605T191500.jpg,vlm_runs/2026-06-05/LP_Farmers_Market_Restroom_3/LP_Farmers_Market_Restroom_3_20260605T191500.jpg,vehicle_prompts,done,2026-06-08T22:48:07.400833+00:00,0.699,0,nvidia/cosmos-reason2-8b,Vehicle Safety,"<0.0> 
[GENERAL VEHICLE SAFETY]
1. Not visible
2. Not visible

[COLLISIONS & NEAR MISSES]
3. Not visible
4. Not visible

[PARKING & ACCESS VIOLATIONS]
5. Not visible
6. Not visible

[SUSPICIOUS VEHICLE BEHAVIOR]
7. Not visible
8. Not visible

[VEHICLE IDENTIFICATION]
9. Not visible
10. Not visible
11. Not visible

[PEDESTRIAN & CHILD SAFETY]
12. Not visible
13. Not visible
14. Not visible"
vlm_runs/2026-06-05,LP_Farmers_Market_Restroom_3,LP_Farmers_Market_Restroom_3_20260605T193000.jpg,vlm_runs/2026-06-05/LP_Farmers_Market_Restroom_3/LP_Farmers_Market_Restroom_3_20260605T193000.jpg,vehicle_prompts,done,2026-06-08T22:48:08.164456+00:00,0.462,0,nvidia/cosmos-reason2-8b,Vehicle Safety,"<0.0> 
1. Not visible
2. Not visible
3. Not visible
4. Not visible
5. Not visible
6. Not visible
7. Not visible
8. Not visible
9. Not visible
10. Not visible
11. Not visible
12. Not visible
13. Not visible
14. Not visible"
vlm_runs/2026-06-05,LP_Farmers_Market_Restroom_3,LP_Farmers_Market_Restroom_3_20260605T194500.jpg,vlm_runs/2026-06-05/LP_Farmers_Market_Restroom_3/LP_Farmers_Market_Restroom_3_20260605T194500.jpg,vehicle_prompts,done,2026-06-08T22:48:08.680192+00:00,0.28,0,nvidia/cosmos-reason2-8b,Vehicle Safety,0.0
vlm_runs/2026-06-05,LP_Farmers_Market_Restroom_3,LP_Farmers_Market_Restroom_3_20260605T200000.jpg,vlm_runs/2026-06-05/LP_Farmers_Market_Restroom_3/LP_Farmers_Market_Restroom_3_20260605T200000.jpg,vehicle_prompts,done,2026-06-08T22:48:09.012136+00:00,0.462,0,nvidia/cosmos-reason2-8b,Vehicle Safety,"<0.0> 
1. Not visible
2. Not visible
3. Not visible
4. Not visible
5. Not visible
6. Not visible
7. Not visible
8. Not visible
9. Not visible
10. Not visible
11. Not visible
12. Not visible
13. Not visible
14. Not visible"
vlm_runs/2026-06-05,LP_Farmers_Market_Restroom_3,LP_Farmers_Market_Restroom_3_20260605T201500.jpg,vlm_runs/2026-06-05/LP_Farmers_Market_Restroom_3/LP_Farmers_Market_Restroom_3_20260605T201500.jpg,vehicle_prompts,done,2026-06-08T22:48:09.539494+00:00,0.453,0,nvidia/cosmos-reason2-8b,Vehicle Safety,"<0.0> 
1. Not visible
2. Not visible
3. Not visible
4. Not visible
5. Not visible
6. Not visible
7. Not visible
8. Not visible
9. Not visible
10. Not visible
11. Not visible
12. Not visible
13. Not visible
14. Not visible"
vlm_runs/2026-06-05,LP_Farmers_Market_Restroom_3,LP_Farmers_Market_Restroom_3_20260605T203000.jpg,vlm_runs/2026-06-05/LP_Farmers_Market_Restroom_3/LP_Farmers_Market_Restroom_3_20260605T203000.jpg,vehicle_prompts,done,2026-06-08T22:48:10.049196+00:00,0.473,0,nvidia/cosmos-reason2-8b,Vehicle Safety," timestamp: <0.0> 
1. Not visible
2. Not visible
3. Not visible
4. Not visible
5. Not visible
6. Not visible
7. Not visible
8. Not visible
9. Not visible
10. Not visible
11. Not visible
12. Not visible
13. Not visible
14. Not visible"
vlm_runs/2026-06-05,LP_Farmers_Market_Restroom_3,LP_Farmers_Market_Restroom_3_20260605T204500.jpg,vlm_runs/2026-06-05/LP_Farmers_Market_Restroom_3/LP_Farmers_Market_Restroom_3_20260605T204500.jpg,vehicle_prompts,done,2026-06-08T22:48:10.584717+00:00,0.481,0,nvidia/cosmos-reason2-8b,Vehicle Safety," timestamp: <0.0> 
1. Not visible
2. Not visible
3. Not visible
4. Not visible
5. Not visible
6. Not visible
7. Not visible
8. Not visible
9. Not visible
10. Not visible
11. Not visible
12. Not visible
13. Not visible
14. Not visible"
vlm_runs/2026-06-05,LP_Farmers_Market_Restroom_3,LP_Farmers_Market_Restroom_3_20260605T210000.jpg,vlm_runs/2026-06-05/LP_Farmers_Market_Restroom_3/LP_Farmers_Market_Restroom_3_20260605T210000.jpg,vehicle_prompts,done,2026-06-08T22:48:11.123388+00:00,0.289,0,nvidia/cosmos-reason2-8b,Vehicle Safety,0.0
vlm_runs/2026-06-05,LP_Farmers_Market_Restroom_3,LP_Farmers_Market_Restroom_3_20260605T211500.jpg,vlm_runs/2026-06-05/LP_Farmers_Market_Restroom_3/LP_Farmers_Market_Restroom_3_20260605T211500.jpg,vehicle_prompts,done,2026-06-08T22:48:11.467873+00:00,0.484,0,nvidia/cosmos-reason2-8b,Vehicle Safety," timestamp: <0.0> 
1. Not visible
2. Not visible
3. Not visible
4. Not visible
5. Not visible
6. Not visible
7. Not visible
8. Not visible
9. Not visible
10. Not visible
11. Not visible
12. Not visible
13. Not visible
14. Not visible"
vlm_runs/2026-06-05,LP_Farmers_Market_Restroom_3,LP_Farmers_Market_Restroom_3_20260605T213000.jpg,vlm_runs/2026-06-05/LP_Farmers_Market_Restroom_3/LP_Farmers_Market_Restroom_3_20260605T213000.jpg,vehicle_prompts,done,2026-06-08T22:48:12.006473+00:00,0.676,0,nvidia/cosmos-reason2-8b,Vehicle Safety,"<0.0> 
[GENERAL VEHICLE SAFETY]
1. Not visible
2. Not visible

[COLLISIONS & NEAR MISSES]
3. Not visible
4. Not visible

[PARKING & ACCESS VIOLATIONS]
5. Not visible
6. Not visible

[SUSPICIOUS VEHICLE BEHAVIOR]
7. Not visible
8. Not visible

[VEHICLE IDENTIFICATION]
9. Not visible
10. Not visible
11. Not visible

[PEDESTRIAN & CHILD SAFETY]
12. Not visible
13. Not visible
14. Not visible"
vlm_runs/2026-06-05,LP_Farmers_Market_Restroom_3,LP_Farmers_Market_Restroom_3_20260605T214500.jpg,vlm_runs/2026-06-05/LP_Farmers_Market_Restroom_3/LP_Farmers_Market_Restroom_3_20260605T214500.jpg,vehicle_prompts,done,2026-06-08T22:48:12.736399+00:00,0.282,0,nvidia/cosmos-reason2-8b,Vehicle Safety,0.0
vlm_runs/2026-06-05,LP_Farmers_Market_Restroom_3,LP_Farmers_Market_Restroom_3_20260605T220000.jpg,vlm_runs/2026-06-05/LP_Farmers_Market_Restroom_3/LP_Farmers_Market_Restroom_3_20260605T220000.jpg,vehicle_prompts,done,2026-06-08T22:48:13.080024+00:00,0.461,0,nvidia/cosmos-reason2-8b,Vehicle Safety,0.0 1. Not visible 2. Not visible 3. Not visible 4. Not visible 5. Not visible 6. Not visible 7. Not visible 8. Not visible 9. Not visible 10. Not visible 11. Not visible 12. Not visible 13. Not visible 14. Not visible
vlm_runs/2026-06-05,LP_Farmers_Market_Restroom_3,LP_Farmers_Market_Restroom_3_20260605T221500.jpg,vlm_runs/2026-06-05/LP_Farmers_Market_Restroom_3/LP_Farmers_Market_Restroom_3_20260605T221500.jpg,vehicle_prompts,done,2026-06-08T22:48:13.598440+00:00,0.289,0,nvidia/cosmos-reason2-8b,Vehicle Safety,0.0
vlm_runs/2026-06-05,LP_Farmers_Market_Restroom_3,LP_Farmers_Market_Restroom_3_20260605T223000.jpg,vlm_runs/2026-06-05/LP_Farmers_Market_Restroom_3/LP_Farmers_Market_Restroom_3_20260605T223000.jpg,vehicle_prompts,done,2026-06-08T22:48:13.944177+00:00,0.441,0,nvidia/cosmos-reason2-8b,Vehicle Safety,"<0.0> 
1. Not visible
2. Not visible
3. Not visible
4. Not visible
5. Not visible
6. Not visible
7. Not visible
8. Not visible
9. Not visible
10. Not visible
11. Not visible
12. Not visible
13. Not visible
14. Not visible"
vlm_runs/2026-06-05,LP_Farmers_Market_Restroom_3,LP_Farmers_Market_Restroom_3_20260605T224500.jpg,vlm_runs/2026-06-05/LP_Farmers_Market_Restroom_3/LP_Farmers_Market_Restroom_3_20260605T224500.jpg,vehicle_prompts,done,2026-06-08T22:48:14.447147+00:00,0.442,0,nvidia/cosmos-reason2-8b,Vehicle Safety,0.0 0.0 0.0 0.0 0.0 0.0 0.0 0.0 0.0 0.0 0.0 0.0 0.0 0.0 0.0
vlm_runs/2026-06-05,LP_Farmers_Market_Restroom_3,LP_Farmers_Market_Restroom_3_20260605T230000.jpg,vlm_runs/2026-06-05/LP_Farmers_Market_Restroom_3/LP_Farmers_Market_Restroom_3_20260605T230000.jpg,vehicle_prompts,done,2026-06-08T22:48:14.952390+00:00,0.475,0,nvidia/cosmos-reason2-8b,Vehicle Safety,"Timestamp: <0.0> 
1. Not visible
2. Not visible
3. Not visible
4. Not visible
5. Not visible
6. Not visible
7. Not visible
8. Not visible
9. Not visible
10. Not visible
11. Not visible
12. Not visible
13. Not visible
14. Not visible"
vlm_runs/2026-06-05,LP_Farmers_Market_Restroom_3,LP_Farmers_Market_Restroom_3_20260605T231500.jpg,vlm_runs/2026-06-05/LP_Farmers_Market_Restroom_3/LP_Farmers_Market_Restroom_3_20260605T231500.jpg,vehicle_prompts,done,2026-06-08T22:48:15.487833+00:00,0.302,0,nvidia/cosmos-reason2-8b,Vehicle Safety,Visible timestamps: 0.0.
vlm_runs/2026-06-05,LP_Farmers_Market_Restroom_3,LP_Farmers_Market_Restroom_3_20260605T233000.jpg,vlm_runs/2026-06-05/LP_Farmers_Market_Restroom_3/LP_Farmers_Market_Restroom_3_20260605T233000.jpg,vehicle_prompts,done,2026-06-08T22:48:15.851137+00:00,0.295,0,nvidia/cosmos-reason2-8b,Vehicle Safety,0.0
vlm_runs/2026-06-05,LP_Farmers_Market_Restroom_3,LP_Farmers_Market_Restroom_3_20260605T234500.jpg,vlm_runs/2026-06-05/LP_Farmers_Market_Restroom_3/LP_Farmers_Market_Restroom_3_20260605T234500.jpg,vehicle_prompts,done,2026-06-08T22:48:16.204634+00:00,0.696,0,nvidia/cosmos-reason2-8b,Vehicle Safety,"<0.0> 

[GENERAL VEHICLE SAFETY]
1. Not visible
2. Not visible

[COLLISIONS & NEAR MISSES]
3. Not visible
4. Not visible

[PARKING & ACCESS VIOLATIONS]
5. Not visible
6. Not visible

[SUSPICIOUS VEHICLE BEHAVIOR]
7. Not visible
8. Not visible

[VEHICLE IDENTIFICATION]
9. Not visible
10. Not visible
11. Not visible

[PEDESTRIAN & CHILD SAFETY]
12. Not visible
13. Not visible
14. Not visible"
vlm_runs/2026-06-05,LP_Farmers_Market_Restroom_4,LP_Farmers_Market_Restroom_4_20260605T000000.jpg,vlm_runs/2026-06-05/LP_Farmers_Market_Restroom_4/LP_Farmers_Market_Restroom_4_20260605T000000.jpg,vehicle_prompts,done,2026-06-08T22:49:36.498751+00:00,0.287,0,nvidia/cosmos-reason2-8b,Vehicle Safety,0.0
vlm_runs/2026-06-05,LP_Farmers_Market_Restroom_4,LP_Farmers_Market_Restroom_4_20260605T001500.jpg,vlm_runs/2026-06-05/LP_Farmers_Market_Restroom_4/LP_Farmers_Market_Restroom_4_20260605T001500.jpg,vehicle_prompts,done,2026-06-08T22:49:36.846497+00:00,0.456,0,nvidia/cosmos-reason2-8b,Vehicle Safety,"<0.0> 
1. Not visible
2. Not visible
3. Not visible
4. Not visible
5. Not visible
6. Not visible
7. Not visible
8. Not visible
9. Not visible
10. Not visible
11. Not visible
12. Not visible
13. Not visible
14. Not visible"
vlm_runs/2026-06-05,LP_Farmers_Market_Restroom_4,LP_Farmers_Market_Restroom_4_20260605T003000.jpg,vlm_runs/2026-06-05/LP_Farmers_Market_Restroom_4/LP_Farmers_Market_Restroom_4_20260605T003000.jpg,vehicle_prompts,done,2026-06-08T22:49:37.354760+00:00,0.49,0,nvidia/cosmos-reason2-8b,Vehicle Safety," timestamp: <0.0> 
1. Not visible
2. Not visible
3. Not visible
4. Not visible
5. Not visible
6. Not visible
7. Not visible
8. Not visible
9. Not visible
10. Not visible
11. Not visible
12. Not visible
13. Not visible
14. Not visible"
vlm_runs/2026-06-05,LP_Farmers_Market_Restroom_4,LP_Farmers_Market_Restroom_4_20260605T004500.jpg,vlm_runs/2026-06-05/LP_Farmers_Market_Restroom_4/LP_Farmers_Market_Restroom_4_20260605T004500.jpg,vehicle_prompts,done,2026-06-08T22:49:37.895614+00:00,0.483,0,nvidia/cosmos-reason2-8b,Vehicle Safety," timestamp: <0.0> 
1. Not visible
2. Not visible
3. Not visible
4. Not visible
5. Not visible
6. Not visible
7. Not visible
8. Not visible
9. Not visible
10. Not visible
11. Not visible
12. Not visible
13. Not visible
14. Not visible"
vlm_runs/2026-06-05,LP_Farmers_Market_Restroom_4,LP_Farmers_Market_Restroom_4_20260605T010000.jpg,vlm_runs/2026-06-05/LP_Farmers_Market_Restroom_4/LP_Farmers_Market_Restroom_4_20260605T010000.jpg,vehicle_prompts,done,2026-06-08T22:49:38.437887+00:00,0.455,0,nvidia/cosmos-reason2-8b,Vehicle Safety,"<0.0> 
1. Not visible
2. Not visible
3. Not visible
4. Not visible
5. Not visible
6. Not visible
7. Not visible
8. Not visible
9. Not visible
10. Not visible
11. Not visible
12. Not visible
13. Not visible
14. Not visible"
vlm_runs/2026-06-05,LP_Farmers_Market_Restroom_4,LP_Farmers_Market_Restroom_4_20260605T011500.jpg,vlm_runs/2026-06-05/LP_Farmers_Market_Restroom_4/LP_Farmers_Market_Restroom_4_20260605T011500.jpg,vehicle_prompts,done,2026-06-08T22:49:38.947716+00:00,0.449,0,nvidia/cosmos-reason2-8b,Vehicle Safety,"<0.0> 
1. Not visible
2. Not visible
3. Not visible
4. Not visible
5. Not visible
6. Not visible
7. Not visible
8. Not visible
9. Not visible
10. Not visible
11. Not visible
12. Not visible
13. Not visible
14. Not visible"
vlm_runs/2026-06-05,LP_Farmers_Market_Restroom_4,LP_Farmers_Market_Restroom_4_20260605T013000.jpg,vlm_runs/2026-06-05/LP_Farmers_Market_Restroom_4/LP_Farmers_Market_Restroom_4_20260605T013000.jpg,vehicle_prompts,done,2026-06-08T22:49:39.448744+00:00,0.491,0,nvidia/cosmos-reason2-8b,Vehicle Safety," timestamp: <0.0> 
1. Not visible
2. Not visible
3. Not visible
4. Not visible
5. Not visible
6. Not visible
7. Not visible
8. Not visible
9. Not visible
10. Not visible
11. Not visible
12. Not visible
13. Not visible
14. Not visible"
vlm_runs/2026-06-05,LP_Farmers_Market_Restroom_4,LP_Farmers_Market_Restroom_4_20260605T014500.jpg,vlm_runs/2026-06-05/LP_Farmers_Market_Restroom_4/LP_Farmers_Market_Restroom_4_20260605T014500.jpg,vehicle_prompts,done,2026-06-08T22:49:39.993284+00:00,0.49,0,nvidia/cosmos-reason2-8b,Vehicle Safety," timestamp: <0.0> 
1. Not visible
2. Not visible
3. Not visible
4. Not visible
5. Not visible
6. Not visible
7. Not visible
8. Not visible
9. Not visible
10. Not visible
11. Not visible
12. Not visible
13. Not visible
14. Not visible"
vlm_runs/2026-06-05,LP_Farmers_Market_Restroom_4,LP_Farmers_Market_Restroom_4_20260605T020000.jpg,vlm_runs/2026-06-05/LP_Farmers_Market_Restroom_4/LP_Farmers_Market_Restroom_4_20260605T020000.jpg,vehicle_prompts,done,2026-06-08T22:49:40.542415+00:00,0.478,0,nvidia/cosmos-reason2-8b,Vehicle Safety," timestamp: <0.0> 
1. Not visible
2. Not visible
3. Not visible
4. Not visible
5. Not visible
6. Not visible
7. Not visible
8. Not visible
9. Not visible
10. Not visible
11. Not visible
12. Not visible
13. Not visible
14. Not visible"
vlm_runs/2026-06-05,LP_Farmers_Market_Restroom_4,LP_Farmers_Market_Restroom_4_20260605T021500.jpg,vlm_runs/2026-06-05/LP_Farmers_Market_Restroom_4/LP_Farmers_Market_Restroom_4_20260605T021500.jpg,vehicle_prompts,done,2026-06-08T22:49:41.070665+00:00,0.452,0,nvidia/cosmos-reason2-8b,Vehicle Safety,"<0.0> 
1. Not visible
2. Not visible
3. Not visible
4. Not visible
5. Not visible
6. Not visible
7. Not visible
8. Not visible
9. Not visible
10. Not visible
11. Not visible
12. Not visible
13. Not visible
14. Not visible"
vlm_runs/2026-06-05,LP_Farmers_Market_Restroom_4,LP_Farmers_Market_Restroom_4_20260605T023000.jpg,vlm_runs/2026-06-05/LP_Farmers_Market_Restroom_4/LP_Farmers_Market_Restroom_4_20260605T023000.jpg,vehicle_prompts,done,2026-06-08T22:49:41.581209+00:00,0.461,0,nvidia/cosmos-reason2-8b,Vehicle Safety,"<0.0> 
1. Not visible
2. Not visible
3. Not visible
4. Not visible
5. Not visible
6. Not visible
7. Not visible
8. Not visible
9. Not visible
10. Not visible
11. Not visible
12. Not visible
13. Not visible
14. Not visible"
vlm_runs/2026-06-05,LP_Farmers_Market_Restroom_4,LP_Farmers_Market_Restroom_4_20260605T024500.jpg,vlm_runs/2026-06-05/LP_Farmers_Market_Restroom_4/LP_Farmers_Market_Restroom_4_20260605T024500.jpg,vehicle_prompts,done,2026-06-08T22:49:42.096214+00:00,0.279,0,nvidia/cosmos-reason2-8b,Vehicle Safety,0.0
vlm_runs/2026-06-05,LP_Farmers_Market_Restroom_4,LP_Farmers_Market_Restroom_4_20260605T030000.jpg,vlm_runs/2026-06-05/LP_Farmers_Market_Restroom_4/LP_Farmers_Market_Restroom_4_20260605T030000.jpg,vehicle_prompts,done,2026-06-08T22:49:42.434568+00:00,0.297,0,nvidia/cosmos-reason2-8b,Vehicle Safety,"0.0s

Not visible"
vlm_runs/2026-06-05,LP_Farmers_Market_Restroom_4,LP_Farmers_Market_Restroom_4_20260605T031500.jpg,vlm_runs/2026-06-05/LP_Farmers_Market_Restroom_4/LP_Farmers_Market_Restroom_4_20260605T031500.jpg,vehicle_prompts,done,2026-06-08T22:49:42.786213+00:00,0.454,0,nvidia/cosmos-reason2-8b,Vehicle Safety,"<0.0> 
1. Not visible
2. Not visible
3. Not visible
4. Not visible
5. Not visible
6. Not visible
7. Not visible
8. Not visible
9. Not visible
10. Not visible
11. Not visible
12. Not visible
13. Not visible
14. Not visible"
vlm_runs/2026-06-05,LP_Farmers_Market_Restroom_4,LP_Farmers_Market_Restroom_4_20260605T033000.jpg,vlm_runs/2026-06-05/LP_Farmers_Market_Restroom_4/LP_Farmers_Market_Restroom_4_20260605T033000.jpg,vehicle_prompts,done,2026-06-08T22:49:43.300315+00:00,0.449,0,nvidia/cosmos-reason2-8b,Vehicle Safety,"<0.0> 
1. Not visible
2. Not visible
3. Not visible
4. Not visible
5. Not visible
6. Not visible
7. Not visible
8. Not visible
9. Not visible
10. Not visible
11. Not visible
12. Not visible
13. Not visible
14. Not visible"
vlm_runs/2026-06-05,LP_Farmers_Market_Restroom_4,LP_Farmers_Market_Restroom_4_20260605T034500.jpg,vlm_runs/2026-06-05/LP_Farmers_Market_Restroom_4/LP_Farmers_Market_Restroom_4_20260605T034500.jpg,vehicle_prompts,done,2026-06-08T22:49:43.807065+00:00,0.275,0,nvidia/cosmos-reason2-8b,Vehicle Safety,0.0
vlm_runs/2026-06-05,LP_Farmers_Market_Restroom_4,LP_Farmers_Market_Restroom_4_20260605T040000.jpg,vlm_runs/2026-06-05/LP_Farmers_Market_Restroom_4/LP_Farmers_Market_Restroom_4_20260605T040000.jpg,vehicle_prompts,done,2026-06-08T22:49:44.138467+00:00,0.456,0,nvidia/cosmos-reason2-8b,Vehicle Safety,"<0.0> 
1. Not visible
2. Not visible
3. Not visible
4. Not visible
5. Not visible
6. Not visible
7. Not visible
8. Not visible
9. Not visible
10. Not visible
11. Not visible
12. Not visible
13. Not visible
14. Not visible"
vlm_runs/2026-06-05,LP_Farmers_Market_Restroom_4,LP_Farmers_Market_Restroom_4_20260605T041500.jpg,vlm_runs/2026-06-05/LP_Farmers_Market_Restroom_4/LP_Farmers_Market_Restroom_4_20260605T041500.jpg,vehicle_prompts,done,2026-06-08T22:49:44.647407+00:00,0.744,0,nvidia/cosmos-reason2-8b,Vehicle Safety,"<0.0> 

**[GENERAL VEHICLE SAFETY]** 
1. Not visible
2. Not visible

**[COLLISIONS & NEAR MISSES]** 
3. Not visible
4. Not visible

**[PARKING & ACCESS VIOLATIONS]** 
5. Not visible
6. Not visible

**[SUSPICIOUS VEHICLE BEHAVIOR]** 
7. Not visible
8. Not visible

**[VEHICLE IDENTIFICATION]** 
9. Not visible
10. Not visible
11. Not visible

**[PEDESTRIAN & CHILD SAFETY]** 
12. Not visible
13. Not visible
14. Not visible"
vlm_runs/2026-06-05,LP_Farmers_Market_Restroom_4,LP_Farmers_Market_Restroom_4_20260605T043000.jpg,vlm_runs/2026-06-05/LP_Farmers_Market_Restroom_4/LP_Farmers_Market_Restroom_4_20260605T043000.jpg,vehicle_prompts,done,2026-06-08T22:49:45.445746+00:00,0.494,0,nvidia/cosmos-reason2-8b,Vehicle Safety," timestamp: <0.0> 
1. Not visible
2. Not visible
3. Not visible
4. Not visible
5. Not visible
6. Not visible
7. Not visible
8. Not visible
9. Not visible
10. Not visible
11. Not visible
12. Not visible
13. Not visible
14. Not visible"
vlm_runs/2026-06-05,LP_Farmers_Market_Restroom_4,LP_Farmers_Market_Restroom_4_20260605T044500.jpg,vlm_runs/2026-06-05/LP_Farmers_Market_Restroom_4/LP_Farmers_Market_Restroom_4_20260605T044500.jpg,vehicle_prompts,done,2026-06-08T22:49:45.995557+00:00,0.555,0,nvidia/cosmos-reason2-8b,Vehicle Safety,"The image does not show any vehicles, so it is not possible to assess their speed, behavior, or adherence to traffic rules. There are no visible collisions, near-misses, or interactions involving vehicles. No vehicles are present to evaluate parking violations or suspicious behavior. The scene lacks any identifiable vehicles, pedestrians, or other elements that would require further analysis."
vlm_runs/2026-06-05,LP_Farmers_Market_Restroom_4,LP_Farmers_Market_Restroom_4_20260605T050000.jpg,vlm_runs/2026-06-05/LP_Farmers_Market_Restroom_4/LP_Farmers_Market_Restroom_4_20260605T050000.jpg,vehicle_prompts,done,2026-06-08T22:49:46.602611+00:00,0.279,0,nvidia/cosmos-reason2-8b,Vehicle Safety,0.0
vlm_runs/2026-06-05,LP_Farmers_Market_Restroom_4,LP_Farmers_Market_Restroom_4_20260605T051500.jpg,vlm_runs/2026-06-05/LP_Farmers_Market_Restroom_4/LP_Farmers_Market_Restroom_4_20260605T051500.jpg,vehicle_prompts,done,2026-06-08T22:49:46.947685+00:00,0.276,0,nvidia/cosmos-reason2-8b,Vehicle Safety,0.0
vlm_runs/2026-06-05,LP_Farmers_Market_Restroom_4,LP_Farmers_Market_Restroom_4_20260605T053000.jpg,vlm_runs/2026-06-05/LP_Farmers_Market_Restroom_4/LP_Farmers_Market_Restroom_4_20260605T053000.jpg,vehicle_prompts,done,2026-06-08T22:49:47.283154+00:00,0.457,0,nvidia/cosmos-reason2-8b,Vehicle Safety,"<0.0> 
1. Not visible
2. Not visible
3. Not visible
4. Not visible
5. Not visible
6. Not visible
7. Not visible
8. Not visible
9. Not visible
10. Not visible
11. Not visible
12. Not visible
13. Not visible
14. Not visible"
vlm_runs/2026-06-05,LP_Farmers_Market_Restroom_4,LP_Farmers_Market_Restroom_4_20260605T054500.jpg,vlm_runs/2026-06-05/LP_Farmers_Market_Restroom_4/LP_Farmers_Market_Restroom_4_20260605T054500.jpg,vehicle_prompts,done,2026-06-08T22:49:47.800055+00:00,0.673,0,nvidia/cosmos-reason2-8b,Vehicle Safety,"<0.0> 
[GENERAL VEHICLE SAFETY]
1. Not visible
2. Not visible

[COLLISIONS & NEAR MISSES]
3. Not visible
4. Not visible

[PARKING & ACCESS VIOLATIONS]
5. Not visible
6. Not visible

[SUSPICIOUS VEHICLE BEHAVIOR]
7. Not visible
8. Not visible

[VEHICLE IDENTIFICATION]
9. Not visible
10. Not visible
11. Not visible

[PEDESTRIAN & CHILD SAFETY]
12. Not visible
13. Not visible
14. Not visible"
vlm_runs/2026-06-05,LP_Farmers_Market_Restroom_4,LP_Farmers_Market_Restroom_4_20260605T060000.jpg,vlm_runs/2026-06-05/LP_Farmers_Market_Restroom_4/LP_Farmers_Market_Restroom_4_20260605T060000.jpg,vehicle_prompts,done,2026-06-08T22:49:48.527355+00:00,0.671,0,nvidia/cosmos-reason2-8b,Vehicle Safety,"<0.0> 
[GENERAL VEHICLE SAFETY]
1. Not visible
2. Not visible

[COLLISIONS & NEAR MISSES]
3. Not visible
4. Not visible

[PARKING & ACCESS VIOLATIONS]
5. Not visible
6. Not visible

[SUSPICIOUS VEHICLE BEHAVIOR]
7. Not visible
8. Not visible

[VEHICLE IDENTIFICATION]
9. Not visible
10. Not visible
11. Not visible

[PEDESTRIAN & CHILD SAFETY]
12. Not visible
13. Not visible
14. Not visible"
vlm_runs/2026-06-05,LP_Farmers_Market_Restroom_4,LP_Farmers_Market_Restroom_4_20260605T061500.jpg,vlm_runs/2026-06-05/LP_Farmers_Market_Restroom_4/LP_Farmers_Market_Restroom_4_20260605T061500.jpg,vehicle_prompts,done,2026-06-08T22:49:49.251208+00:00,0.676,0,nvidia/cosmos-reason2-8b,Vehicle Safety,"<0.0> 
[GENERAL VEHICLE SAFETY]
1. Not visible
2. Not visible

[COLLISIONS & NEAR MISSES]
3. Not visible
4. Not visible

[PARKING & ACCESS VIOLATIONS]
5. Not visible
6. Not visible

[SUSPICIOUS VEHICLE BEHAVIOR]
7. Not visible
8. Not visible

[VEHICLE IDENTIFICATION]
9. Not visible
10. Not visible
11. Not visible

[PEDESTRIAN & CHILD SAFETY]
12. Not visible
13. Not visible
14. Not visible"
vlm_runs/2026-06-05,LP_Farmers_Market_Restroom_4,LP_Farmers_Market_Restroom_4_20260605T063000.jpg,vlm_runs/2026-06-05/LP_Farmers_Market_Restroom_4/LP_Farmers_Market_Restroom_4_20260605T063000.jpg,vehicle_prompts,done,2026-06-08T22:49:49.979446+00:00,0.455,0,nvidia/cosmos-reason2-8b,Vehicle Safety,"<0.0> 
1. Not visible
2. Not visible
3. Not visible
4. Not visible
5. Not visible
6. Not visible
7. Not visible
8. Not visible
9. Not visible
10. Not visible
11. Not visible
12. Not visible
13. Not visible
14. Not visible"
vlm_runs/2026-06-05,LP_Farmers_Market_Restroom_4,LP_Farmers_Market_Restroom_4_20260605T064500.jpg,vlm_runs/2026-06-05/LP_Farmers_Market_Restroom_4/LP_Farmers_Market_Restroom_4_20260605T064500.jpg,vehicle_prompts,done,2026-06-08T22:49:50.487297+00:00,0.686,0,nvidia/cosmos-reason2-8b,Vehicle Safety,"<0.0> 
[GENERAL VEHICLE SAFETY]
1. Not visible
2. Not visible

[COLLISIONS & NEAR MISSES]
3. Not visible
4. Not visible

[PARKING & ACCESS VIOLATIONS]
5. Not visible
6. Not visible

[SUSPICIOUS VEHICLE BEHAVIOR]
7. Not visible
8. Not visible

[VEHICLE IDENTIFICATION]
9. Not visible
10. Not visible
11. Not visible

[PEDESTRIAN & CHILD SAFETY]
12. Not visible
13. Not visible
14. Not visible"
vlm_runs/2026-06-05,LP_Farmers_Market_Restroom_4,LP_Farmers_Market_Restroom_4_20260605T070000.jpg,vlm_runs/2026-06-05/LP_Farmers_Market_Restroom_4/LP_Farmers_Market_Restroom_4_20260605T070000.jpg,vehicle_prompts,done,2026-06-08T22:49:51.228250+00:00,0.674,0,nvidia/cosmos-reason2-8b,Vehicle Safety,"<0.0> 
[GENERAL VEHICLE SAFETY]
1. Not visible
2. Not visible

[COLLISIONS & NEAR MISSES]
3. Not visible
4. Not visible

[PARKING & ACCESS VIOLATIONS]
5. Not visible
6. Not visible

[SUSPICIOUS VEHICLE BEHAVIOR]
7. Not visible
8. Not visible

[VEHICLE IDENTIFICATION]
9. Not visible
10. Not visible
11. Not visible

[PEDESTRIAN & CHILD SAFETY]
12. Not visible
13. Not visible
14. Not visible"
vlm_runs/2026-06-05,LP_Farmers_Market_Restroom_4,LP_Farmers_Market_Restroom_4_20260605T071500.jpg,vlm_runs/2026-06-05/LP_Farmers_Market_Restroom_4/LP_Farmers_Market_Restroom_4_20260605T071500.jpg,vehicle_prompts,done,2026-06-08T22:49:51.957716+00:00,0.672,0,nvidia/cosmos-reason2-8b,Vehicle Safety,"<0.0> 
[GENERAL VEHICLE SAFETY]
1. Not visible
2. Not visible

[COLLISIONS & NEAR MISSES]
3. Not visible
4. Not visible

[PARKING & ACCESS VIOLATIONS]
5. Not visible
6. Not visible

[SUSPICIOUS VEHICLE BEHAVIOR]
7. Not visible
8. Not visible

[VEHICLE IDENTIFICATION]
9. Not visible
10. Not visible
11. Not visible

[PEDESTRIAN & CHILD SAFETY]
12. Not visible
13. Not visible
14. Not visible"
vlm_runs/2026-06-05,LP_Farmers_Market_Restroom_4,LP_Farmers_Market_Restroom_4_20260605T073000.jpg,vlm_runs/2026-06-05/LP_Farmers_Market_Restroom_4/LP_Farmers_Market_Restroom_4_20260605T073000.jpg,vehicle_prompts,done,2026-06-08T22:49:52.687284+00:00,0.687,0,nvidia/cosmos-reason2-8b,Vehicle Safety,"<0.0> 
[GENERAL VEHICLE SAFETY]
1. Not visible
2. Not visible

[COLLISIONS & NEAR MISSES]
3. Not visible
4. Not visible

[PARKING & ACCESS VIOLATIONS]
5. Not visible
6. Not visible

[SUSPICIOUS VEHICLE BEHAVIOR]
7. Not visible
8. Not visible

[VEHICLE IDENTIFICATION]
9. Not visible
10. Not visible
11. Not visible

[PEDESTRIAN & CHILD SAFETY]
12. Not visible
13. Not visible
14. Not visible"
vlm_runs/2026-06-05,LP_Farmers_Market_Restroom_4,LP_Farmers_Market_Restroom_4_20260605T074500.jpg,vlm_runs/2026-06-05/LP_Farmers_Market_Restroom_4/LP_Farmers_Market_Restroom_4_20260605T074500.jpg,vehicle_prompts,done,2026-06-08T22:49:53.424860+00:00,0.681,0,nvidia/cosmos-reason2-8b,Vehicle Safety,"<0.0> 
[GENERAL VEHICLE SAFETY]
1. Not visible
2. Not visible

[COLLISIONS & NEAR MISSES]
3. Not visible
4. Not visible

[PARKING & ACCESS VIOLATIONS]
5. Not visible
6. Not visible

[SUSPICIOUS VEHICLE BEHAVIOR]
7. Not visible
8. Not visible

[VEHICLE IDENTIFICATION]
9. Not visible
10. Not visible
11. Not visible

[PEDESTRIAN & CHILD SAFETY]
12. Not visible
13. Not visible
14. Not visible"
vlm_runs/2026-06-05,LP_Farmers_Market_Restroom_4,LP_Farmers_Market_Restroom_4_20260605T080000.jpg,vlm_runs/2026-06-05/LP_Farmers_Market_Restroom_4/LP_Farmers_Market_Restroom_4_20260605T080000.jpg,vehicle_prompts,done,2026-06-08T22:49:54.162407+00:00,0.684,0,nvidia/cosmos-reason2-8b,Vehicle Safety,"<0.0> 
[GENERAL VEHICLE SAFETY]
1. Not visible
2. Not visible

[COLLISIONS & NEAR MISSES]
3. Not visible
4. Not visible

[PARKING & ACCESS VIOLATIONS]
5. Not visible
6. Not visible

[SUSPICIOUS VEHICLE BEHAVIOR]
7. Not visible
8. Not visible

[VEHICLE IDENTIFICATION]
9. Not visible
10. Not visible
11. Not visible

[PEDESTRIAN & CHILD SAFETY]
12. Not visible
13. Not visible
14. Not visible"
vlm_runs/2026-06-05,LP_Farmers_Market_Restroom_4,LP_Farmers_Market_Restroom_4_20260605T081500.jpg,vlm_runs/2026-06-05/LP_Farmers_Market_Restroom_4/LP_Farmers_Market_Restroom_4_20260605T081500.jpg,vehicle_prompts,done,2026-06-08T22:49:54.910565+00:00,0.682,0,nvidia/cosmos-reason2-8b,Vehicle Safety,"<0.0> 
[GENERAL VEHICLE SAFETY]
1. Not visible
2. Not visible

[COLLISIONS & NEAR MISSES]
3. Not visible
4. Not visible

[PARKING & ACCESS VIOLATIONS]
5. Not visible
6. Not visible

[SUSPICIOUS VEHICLE BEHAVIOR]
7. Not visible
8. Not visible

[VEHICLE IDENTIFICATION]
9. Not visible
10. Not visible
11. Not visible

[PEDESTRIAN & CHILD SAFETY]
12. Not visible
13. Not visible
14. Not visible"
vlm_runs/2026-06-05,LP_Farmers_Market_Restroom_4,LP_Farmers_Market_Restroom_4_20260605T083000.jpg,vlm_runs/2026-06-05/LP_Farmers_Market_Restroom_4/LP_Farmers_Market_Restroom_4_20260605T083000.jpg,vehicle_prompts,done,2026-06-08T22:49:55.650636+00:00,0.673,0,nvidia/cosmos-reason2-8b,Vehicle Safety,"<0.0> 
[GENERAL VEHICLE SAFETY]
1. Not visible
2. Not visible

[COLLISIONS & NEAR MISSES]
3. Not visible
4. Not visible

[PARKING & ACCESS VIOLATIONS]
5. Not visible
6. Not visible

[SUSPICIOUS VEHICLE BEHAVIOR]
7. Not visible
8. Not visible

[VEHICLE IDENTIFICATION]
9. Not visible
10. Not visible
11. Not visible

[PEDESTRIAN & CHILD SAFETY]
12. Not visible
13. Not visible
14. Not visible"
vlm_runs/2026-06-05,LP_Farmers_Market_Restroom_4,LP_Farmers_Market_Restroom_4_20260605T084500.jpg,vlm_runs/2026-06-05/LP_Farmers_Market_Restroom_4/LP_Farmers_Market_Restroom_4_20260605T084500.jpg,vehicle_prompts,done,2026-06-08T22:49:56.376140+00:00,0.672,0,nvidia/cosmos-reason2-8b,Vehicle Safety,"<0.0> 
[GENERAL VEHICLE SAFETY]
1. Not visible
2. Not visible

[COLLISIONS & NEAR MISSES]
3. Not visible
4. Not visible

[PARKING & ACCESS VIOLATIONS]
5. Not visible
6. Not visible

[SUSPICIOUS VEHICLE BEHAVIOR]
7. Not visible
8. Not visible

[VEHICLE IDENTIFICATION]
9. Not visible
10. Not visible
11. Not visible

[PEDESTRIAN & CHILD SAFETY]
12. Not visible
13. Not visible
14. Not visible"
vlm_runs/2026-06-05,LP_Farmers_Market_Restroom_4,LP_Farmers_Market_Restroom_4_20260605T090000.jpg,vlm_runs/2026-06-05/LP_Farmers_Market_Restroom_4/LP_Farmers_Market_Restroom_4_20260605T090000.jpg,vehicle_prompts,done,2026-06-08T22:49:57.102893+00:00,0.68,0,nvidia/cosmos-reason2-8b,Vehicle Safety,"<0.0> 
[GENERAL VEHICLE SAFETY]
1. Not visible
2. Not visible

[COLLISIONS & NEAR MISSES]
3. Not visible
4. Not visible

[PARKING & ACCESS VIOLATIONS]
5. Not visible
6. Not visible

[SUSPICIOUS VEHICLE BEHAVIOR]
7. Not visible
8. Not visible

[VEHICLE IDENTIFICATION]
9. Not visible
10. Not visible
11. Not visible

[PEDESTRIAN & CHILD SAFETY]
12. Not visible
13. Not visible
14. Not visible"
vlm_runs/2026-06-05,LP_Farmers_Market_Restroom_4,LP_Farmers_Market_Restroom_4_20260605T091500.jpg,vlm_runs/2026-06-05/LP_Farmers_Market_Restroom_4/LP_Farmers_Market_Restroom_4_20260605T091500.jpg,vehicle_prompts,done,2026-06-08T22:49:57.839705+00:00,0.665,0,nvidia/cosmos-reason2-8b,Vehicle Safety,"<0.0> 
[GENERAL VEHICLE SAFETY]
1. Not visible
2. Not visible

[COLLISIONS & NEAR MISSES]
3. Not visible
4. Not visible

[PARKING & ACCESS VIOLATIONS]
5. Not visible
6. Not visible

[SUSPICIOUS VEHICLE BEHAVIOR]
7. Not visible
8. Not visible

[VEHICLE IDENTIFICATION]
9. Not visible
10. Not visible
11. Not visible

[PEDESTRIAN & CHILD SAFETY]
12. Not visible
13. Not visible
14. Not visible"
vlm_runs/2026-06-05,LP_Farmers_Market_Restroom_4,LP_Farmers_Market_Restroom_4_20260605T093000.jpg,vlm_runs/2026-06-05/LP_Farmers_Market_Restroom_4/LP_Farmers_Market_Restroom_4_20260605T093000.jpg,vehicle_prompts,done,2026-06-08T22:49:58.557573+00:00,0.679,0,nvidia/cosmos-reason2-8b,Vehicle Safety,"<0.0> 
[GENERAL VEHICLE SAFETY]
1. Not visible
2. Not visible

[COLLISIONS & NEAR MISSES]
3. Not visible
4. Not visible

[PARKING & ACCESS VIOLATIONS]
5. Not visible
6. Not visible

[SUSPICIOUS VEHICLE BEHAVIOR]
7. Not visible
8. Not visible

[VEHICLE IDENTIFICATION]
9. Not visible
10. Not visible
11. Not visible

[PEDESTRIAN & CHILD SAFETY]
12. Not visible
13. Not visible
14. Not visible"
vlm_runs/2026-06-05,LP_Farmers_Market_Restroom_4,LP_Farmers_Market_Restroom_4_20260605T094500.jpg,vlm_runs/2026-06-05/LP_Farmers_Market_Restroom_4/LP_Farmers_Market_Restroom_4_20260605T094500.jpg,vehicle_prompts,done,2026-06-08T22:49:59.293237+00:00,0.275,0,nvidia/cosmos-reason2-8b,Vehicle Safety,visible
vlm_runs/2026-06-05,LP_Farmers_Market_Restroom_4,LP_Farmers_Market_Restroom_4_20260605T100000.jpg,vlm_runs/2026-06-05/LP_Farmers_Market_Restroom_4/LP_Farmers_Market_Restroom_4_20260605T100000.jpg,vehicle_prompts,done,2026-06-08T22:49:59.627423+00:00,0.658,0,nvidia/cosmos-reason2-8b,Vehicle Safety,"<0.0> 
[GENERAL VEHICLE SAFETY]
1. Not visible
2. Not visible

[COLLISIONS & NEAR MISSES]
3. Not visible
4. Not visible

[PARKING & ACCESS VIOLATIONS]
5. Not visible
6. Not visible

[SUSPICIOUS VEHICLE BEHAVIOR]
7. Not visible
8. Not visible

[VEHICLE IDENTIFICATION]
9. Not visible
10. Not visible
11. Not visible

[PEDESTRIAN & CHILD SAFETY]
12. Not visible
13. Not visible
14. Not visible"
vlm_runs/2026-06-05,LP_Farmers_Market_Restroom_4,LP_Farmers_Market_Restroom_4_20260605T101500.jpg,vlm_runs/2026-06-05/LP_Farmers_Market_Restroom_4/LP_Farmers_Market_Restroom_4_20260605T101500.jpg,vehicle_prompts,done,2026-06-08T22:50:00.338976+00:00,0.664,0,nvidia/cosmos-reason2-8b,Vehicle Safety,"<0.0> 
[GENERAL VEHICLE SAFETY]
1. Not visible
2. Not visible

[COLLISIONS & NEAR MISSES]
3. Not visible
4. Not visible

[PARKING & ACCESS VIOLATIONS]
5. Not visible
6. Not visible

[SUSPICIOUS VEHICLE BEHAVIOR]
7. Not visible
8. Not visible

[VEHICLE IDENTIFICATION]
9. Not visible
10. Not visible
11. Not visible

[PEDESTRIAN & CHILD SAFETY]
12. Not visible
13. Not visible
14. Not visible"
vlm_runs/2026-06-05,LP_Farmers_Market_Restroom_4,LP_Farmers_Market_Restroom_4_20260605T103000.jpg,vlm_runs/2026-06-05/LP_Farmers_Market_Restroom_4/LP_Farmers_Market_Restroom_4_20260605T103000.jpg,vehicle_prompts,done,2026-06-08T22:50:01.059680+00:00,0.736,0,nvidia/cosmos-reason2-8b,Vehicle Safety,"<0.0> 
[GENERAL VEHICLE SAFETY]
1. Not visible
2. Not visible

[COLLISIONS & NEAR MISSES]
3. Not visible
4. Not visible

[PARKING & ACCESS VIOLATIONS]
5. Not visible
6. Not visible

[SUSPICIOUS VEHICLE BEHAVIOR]
7. Not visible
8. Not visible

[VEHICLE IDENTIFICATION]
9. Not visible
10. Not visible
11. Not visible

[PEDESTRIAN & CHILD SAFETY]
12. Not visible
13. Not visible
14. Not visible"
vlm_runs/2026-06-05,LP_Farmers_Market_Restroom_4,LP_Farmers_Market_Restroom_4_20260605T104500.jpg,vlm_runs/2026-06-05/LP_Farmers_Market_Restroom_4/LP_Farmers_Market_Restroom_4_20260605T104500.jpg,vehicle_prompts,done,2026-06-08T22:50:01.846401+00:00,0.665,0,nvidia/cosmos-reason2-8b,Vehicle Safety,"<0.0>

[GENERAL VEHICLE SAFETY]
1. Not visible
2. Not visible

[COLLISIONS & NEAR MISSES]
3. Not visible
4. Not visible

[PARKING & ACCESS VIOLATIONS]
5. Not visible
6. Not visible

[SUSPICIOUS VEHICLE BEHAVIOR]
7. Not visible
8. Not visible

[VEHICLE IDENTIFICATION]
9. Not visible
10. Not visible
11. Not visible

[PEDESTRIAN & CHILD SAFETY]
12. Not visible
13. Not visible
14. Not visible"
vlm_runs/2026-06-05,LP_Farmers_Market_Restroom_4,LP_Farmers_Market_Restroom_4_20260605T110000.jpg,vlm_runs/2026-06-05/LP_Farmers_Market_Restroom_4/LP_Farmers_Market_Restroom_4_20260605T110000.jpg,vehicle_prompts,done,2026-06-08T22:50:02.568873+00:00,0.67,0,nvidia/cosmos-reason2-8b,Vehicle Safety,"<0.0> 
[GENERAL VEHICLE SAFETY]
1. Not visible
2. Not visible

[COLLISIONS & NEAR MISSES]
3. Not visible
4. Not visible

[PARKING & ACCESS VIOLATIONS]
5. Not visible
6. Not visible

[SUSPICIOUS VEHICLE BEHAVIOR]
7. Not visible
8. Not visible

[VEHICLE IDENTIFICATION]
9. Not visible
10. Not visible
11. Not visible

[PEDESTRIAN & CHILD SAFETY]
12. Not visible
13. Not visible
14. Not visible"
vlm_runs/2026-06-05,LP_Farmers_Market_Restroom_4,LP_Farmers_Market_Restroom_4_20260605T111500.jpg,vlm_runs/2026-06-05/LP_Farmers_Market_Restroom_4/LP_Farmers_Market_Restroom_4_20260605T111500.jpg,vehicle_prompts,done,2026-06-08T22:50:03.289535+00:00,0.44,0,nvidia/cosmos-reason2-8b,Vehicle Safety,"<0.0> 
1. Not visible
2. Not visible
3. Not visible
4. Not visible
5. Not visible
6. Not visible
7. Not visible
8. Not visible
9. Not visible
10. Not visible
11. Not visible
12. Not visible
13. Not visible
14. Not visible"
vlm_runs/2026-06-05,LP_Farmers_Market_Restroom_4,LP_Farmers_Market_Restroom_4_20260605T113000.jpg,vlm_runs/2026-06-05/LP_Farmers_Market_Restroom_4/LP_Farmers_Market_Restroom_4_20260605T113000.jpg,vehicle_prompts,done,2026-06-08T22:50:03.795780+00:00,0.665,0,nvidia/cosmos-reason2-8b,Vehicle Safety,"<0.0> 
[GENERAL VEHICLE SAFETY]
1. Not visible
2. Not visible

[COLLISIONS & NEAR MISSES]
3. Not visible
4. Not visible

[PARKING & ACCESS VIOLATIONS]
5. Not visible
6. Not visible

[SUSPICIOUS VEHICLE BEHAVIOR]
7. Not visible
8. Not visible

[VEHICLE IDENTIFICATION]
9. Not visible
10. Not visible
11. Not visible

[PEDESTRIAN & CHILD SAFETY]
12. Not visible
13. Not visible
14. Not visible"
vlm_runs/2026-06-05,LP_Farmers_Market_Restroom_4,LP_Farmers_Market_Restroom_4_20260605T114500.jpg,vlm_runs/2026-06-05/LP_Farmers_Market_Restroom_4/LP_Farmers_Market_Restroom_4_20260605T114500.jpg,vehicle_prompts,done,2026-06-08T22:50:04.512588+00:00,0.686,0,nvidia/cosmos-reason2-8b,Vehicle Safety,"<0.0> 
[GENERAL VEHICLE SAFETY]
1. Not visible
2. Not visible

[COLLISIONS & NEAR MISSES]
3. Not visible
4. Not visible

[PARKING & ACCESS VIOLATIONS]
5. Not visible
6. Not visible

[SUSPICIOUS VEHICLE BEHAVIOR]
7. Not visible
8. Not visible

[VEHICLE IDENTIFICATION]
9. Not visible
10. Not visible
11. Not visible

[PEDESTRIAN & CHILD SAFETY]
12. Not visible
13. Not visible
14. Not visible"
vlm_runs/2026-06-05,LP_Farmers_Market_Restroom_4,LP_Farmers_Market_Restroom_4_20260605T120000.jpg,vlm_runs/2026-06-05/LP_Farmers_Market_Restroom_4/LP_Farmers_Market_Restroom_4_20260605T120000.jpg,vehicle_prompts,done,2026-06-08T22:50:05.261290+00:00,0.685,0,nvidia/cosmos-reason2-8b,Vehicle Safety,"<0.0> 

[GENERAL VEHICLE SAFETY]
1. Not visible
2. Not visible

[COLLISIONS & NEAR MISSES]
3. Not visible
4. Not visible

[PARKING & ACCESS VIOLATIONS]
5. Not visible
6. Not visible

[SUSPICIOUS VEHICLE BEHAVIOR]
7. Not visible
8. Not visible

[VEHICLE IDENTIFICATION]
9. Not visible
10. Not visible
11. Not visible

[PEDESTRIAN & CHILD SAFETY]
12. Not visible
13. Not visible
14. Not visible"
vlm_runs/2026-06-05,LP_Farmers_Market_Restroom_4,LP_Farmers_Market_Restroom_4_20260605T121500.jpg,vlm_runs/2026-06-05/LP_Farmers_Market_Restroom_4/LP_Farmers_Market_Restroom_4_20260605T121500.jpg,vehicle_prompts,done,2026-06-08T22:50:06.004128+00:00,0.666,0,nvidia/cosmos-reason2-8b,Vehicle Safety,"<0.0> 
[GENERAL VEHICLE SAFETY]
1. Not visible
2. Not visible

[COLLISIONS & NEAR MISSES]
3. Not visible
4. Not visible

[PARKING & ACCESS VIOLATIONS]
5. Not visible
6. Not visible

[SUSPICIOUS VEHICLE BEHAVIOR]
7. Not visible
8. Not visible

[VEHICLE IDENTIFICATION]
9. Not visible
10. Not visible
11. Not visible

[PEDESTRIAN & CHILD SAFETY]
12. Not visible
13. Not visible
14. Not visible"
vlm_runs/2026-06-05,LP_Farmers_Market_Restroom_4,LP_Farmers_Market_Restroom_4_20260605T123000.jpg,vlm_runs/2026-06-05/LP_Farmers_Market_Restroom_4/LP_Farmers_Market_Restroom_4_20260605T123000.jpg,vehicle_prompts,done,2026-06-08T22:50:06.729078+00:00,0.671,0,nvidia/cosmos-reason2-8b,Vehicle Safety,"<0.0> 
[GENERAL VEHICLE SAFETY]
1. Not visible
2. Not visible

[COLLISIONS & NEAR MISSES]
3. Not visible
4. Not visible

[PARKING & ACCESS VIOLATIONS]
5. Not visible
6. Not visible

[SUSPICIOUS VEHICLE BEHAVIOR]
7. Not visible
8. Not visible

[VEHICLE IDENTIFICATION]
9. Not visible
10. Not visible
11. Not visible

[PEDESTRIAN & CHILD SAFETY]
12. Not visible
13. Not visible
14. Not visible"
vlm_runs/2026-06-05,LP_Farmers_Market_Restroom_4,LP_Farmers_Market_Restroom_4_20260605T124500.jpg,vlm_runs/2026-06-05/LP_Farmers_Market_Restroom_4/LP_Farmers_Market_Restroom_4_20260605T124500.jpg,vehicle_prompts,done,2026-06-08T22:50:07.457864+00:00,0.673,0,nvidia/cosmos-reason2-8b,Vehicle Safety,"<0.0> 
[GENERAL VEHICLE SAFETY]
1. Not visible
2. Not visible

[COLLISIONS & NEAR MISSES]
3. Not visible
4. Not visible

[PARKING & ACCESS VIOLATIONS]
5. Not visible
6. Not visible

[SUSPICIOUS VEHICLE BEHAVIOR]
7. Not visible
8. Not visible

[VEHICLE IDENTIFICATION]
9. Not visible
10. Not visible
11. Not visible

[PEDESTRIAN & CHILD SAFETY]
12. Not visible
13. Not visible
14. Not visible"
vlm_runs/2026-06-05,LP_Farmers_Market_Restroom_4,LP_Farmers_Market_Restroom_4_20260605T130000.jpg,vlm_runs/2026-06-05/LP_Farmers_Market_Restroom_4/LP_Farmers_Market_Restroom_4_20260605T130000.jpg,vehicle_prompts,done,2026-06-08T22:50:08.187735+00:00,0.676,0,nvidia/cosmos-reason2-8b,Vehicle Safety,"<0.0> 
[GENERAL VEHICLE SAFETY]
1. Not visible
2. Not visible

[COLLISIONS & NEAR MISSES]
3. Not visible
4. Not visible

[PARKING & ACCESS VIOLATIONS]
5. Not visible
6. Not visible

[SUSPICIOUS VEHICLE BEHAVIOR]
7. Not visible
8. Not visible

[VEHICLE IDENTIFICATION]
9. Not visible
10. Not visible
11. Not visible

[PEDESTRIAN & CHILD SAFETY]
12. Not visible
13. Not visible
14. Not visible"
vlm_runs/2026-06-05,LP_Farmers_Market_Restroom_4,LP_Farmers_Market_Restroom_4_20260605T131500.jpg,vlm_runs/2026-06-05/LP_Farmers_Market_Restroom_4/LP_Farmers_Market_Restroom_4_20260605T131500.jpg,vehicle_prompts,done,2026-06-08T22:50:08.924887+00:00,0.672,0,nvidia/cosmos-reason2-8b,Vehicle Safety,"<0.0> 
[GENERAL VEHICLE SAFETY]
1. Not visible
2. Not visible

[COLLISIONS & NEAR MISSES]
3. Not visible
4. Not visible

[PARKING & ACCESS VIOLATIONS]
5. Not visible
6. Not visible

[SUSPICIOUS VEHICLE BEHAVIOR]
7. Not visible
8. Not visible

[VEHICLE IDENTIFICATION]
9. Not visible
10. Not visible
11. Not visible

[PEDESTRIAN & CHILD SAFETY]
12. Not visible
13. Not visible
14. Not visible"
vlm_runs/2026-06-05,LP_Farmers_Market_Restroom_4,LP_Farmers_Market_Restroom_4_20260605T133000.jpg,vlm_runs/2026-06-05/LP_Farmers_Market_Restroom_4/LP_Farmers_Market_Restroom_4_20260605T133000.jpg,vehicle_prompts,done,2026-06-08T22:50:09.651763+00:00,0.687,0,nvidia/cosmos-reason2-8b,Vehicle Safety,"<0.0> 
[GENERAL VEHICLE SAFETY]
1. Not visible
2. Not visible

[COLLISIONS & NEAR MISSES]
3. Not visible
4. Not visible

[PARKING & ACCESS VIOLATIONS]
5. Not visible
6. Not visible

[SUSPICIOUS VEHICLE BEHAVIOR]
7. Not visible
8. Not visible

[VEHICLE IDENTIFICATION]
9. Not visible
10. Not visible
11. Not visible

[PEDESTRIAN & CHILD SAFETY]
12. Not visible
13. Not visible
14. Not visible"
vlm_runs/2026-06-05,LP_Farmers_Market_Restroom_4,LP_Farmers_Market_Restroom_4_20260605T134500.jpg,vlm_runs/2026-06-05/LP_Farmers_Market_Restroom_4/LP_Farmers_Market_Restroom_4_20260605T134500.jpg,vehicle_prompts,done,2026-06-08T22:50:10.391530+00:00,0.667,0,nvidia/cosmos-reason2-8b,Vehicle Safety,"<0.0> 
[GENERAL VEHICLE SAFETY]
1. Not visible
2. Not visible

[COLLISIONS & NEAR MISSES]
3. Not visible
4. Not visible

[PARKING & ACCESS VIOLATIONS]
5. Not visible
6. Not visible

[SUSPICIOUS VEHICLE BEHAVIOR]
7. Not visible
8. Not visible

[VEHICLE IDENTIFICATION]
9. Not visible
10. Not visible
11. Not visible

[PEDESTRIAN & CHILD SAFETY]
12. Not visible
13. Not visible
14. Not visible"
vlm_runs/2026-06-05,LP_Farmers_Market_Restroom_4,LP_Farmers_Market_Restroom_4_20260605T140000.jpg,vlm_runs/2026-06-05/LP_Farmers_Market_Restroom_4/LP_Farmers_Market_Restroom_4_20260605T140000.jpg,vehicle_prompts,done,2026-06-08T22:50:11.123227+00:00,0.698,0,nvidia/cosmos-reason2-8b,Vehicle Safety,"<0.0> 
[GENERAL VEHICLE SAFETY]
1. Not visible
2. Not visible

[COLLISIONS & NEAR MISSES]
3. Not visible
4. Not visible

[PARKING & ACCESS VIOLATIONS]
5. Not visible
6. Not visible

[SUSPICIOUS VEHICLE BEHAVIOR]
7. Not visible
8. Not visible

[VEHICLE IDENTIFICATION]
9. Not visible
10. Not visible
11. Not visible

[PEDESTRIAN & CHILD SAFETY]
12. Not visible
13. Not visible
14. Not visible"
vlm_runs/2026-06-05,LP_Farmers_Market_Restroom_4,LP_Farmers_Market_Restroom_4_20260605T141500.jpg,vlm_runs/2026-06-05/LP_Farmers_Market_Restroom_4/LP_Farmers_Market_Restroom_4_20260605T141500.jpg,vehicle_prompts,done,2026-06-08T22:50:11.876547+00:00,0.451,0,nvidia/cosmos-reason2-8b,Vehicle Safety,"<0.0> 
1. Not visible
2. Not visible
3. Not visible
4. Not visible
5. Not visible
6. Not visible
7. Not visible
8. Not visible
9. Not visible
10. Not visible
11. Not visible
12. Not visible
13. Not visible
14. Not visible"
vlm_runs/2026-06-05,LP_Farmers_Market_Restroom_4,LP_Farmers_Market_Restroom_4_20260605T143000.jpg,vlm_runs/2026-06-05/LP_Farmers_Market_Restroom_4/LP_Farmers_Market_Restroom_4_20260605T143000.jpg,vehicle_prompts,done,2026-06-08T22:50:12.393235+00:00,0.465,0,nvidia/cosmos-reason2-8b,Vehicle Safety,"<0.0> 
1. Not visible
2. Not visible
3. Not visible
4. Not visible
5. Not visible
6. Not visible
7. Not visible
8. Not visible
9. Not visible
10. Not visible
11. Not visible
12. Not visible
13. Not visible
14. Not visible"
vlm_runs/2026-06-05,LP_Farmers_Market_Restroom_4,LP_Farmers_Market_Restroom_4_20260605T144500.jpg,vlm_runs/2026-06-05/LP_Farmers_Market_Restroom_4/LP_Farmers_Market_Restroom_4_20260605T144500.jpg,vehicle_prompts,done,2026-06-08T22:50:12.912938+00:00,0.689,0,nvidia/cosmos-reason2-8b,Vehicle Safety,"Visible timestamps: 0.0

[GENERAL VEHICLE SAFETY]
1. Not visible
2. Not visible

[COLLISIONS & NEAR MISSES]
3. Not visible
4. Not visible

[PARKING & ACCESS VIOLATIONS]
5. Not visible
6. Not visible

[SUSPICIOUS VEHICLE BEHAVIOR]
7. Not visible
8. Not visible

[VEHICLE IDENTIFICATION]
9. Not visible
10. Not visible
11. Not visible

[PEDESTRIAN & CHILD SAFETY]
12. Not visible
13. Not visible
14. Not visible"
vlm_runs/2026-06-05,LP_Farmers_Market_Restroom_4,LP_Farmers_Market_Restroom_4_20260605T150000.jpg,vlm_runs/2026-06-05/LP_Farmers_Market_Restroom_4/LP_Farmers_Market_Restroom_4_20260605T150000.jpg,vehicle_prompts,done,2026-06-08T22:50:13.657964+00:00,0.685,0,nvidia/cosmos-reason2-8b,Vehicle Safety,"<0.0> 
[GENERAL VEHICLE SAFETY]
1. Not visible
2. Not visible

[COLLISIONS & NEAR MISSES]
3. Not visible
4. Not visible

[PARKING & ACCESS VIOLATIONS]
5. Not visible
6. Not visible

[SUSPICIOUS VEHICLE BEHAVIOR]
7. Not visible
8. Not visible

[VEHICLE IDENTIFICATION]
9. Not visible
10. Not visible
11. Not visible

[PEDESTRIAN & CHILD SAFETY]
12. Not visible
13. Not visible
14. Not visible"
vlm_runs/2026-06-05,LP_Farmers_Market_Restroom_4,LP_Farmers_Market_Restroom_4_20260605T151500.jpg,vlm_runs/2026-06-05/LP_Farmers_Market_Restroom_4/LP_Farmers_Market_Restroom_4_20260605T151500.jpg,vehicle_prompts,done,2026-06-08T22:50:14.393854+00:00,0.687,0,nvidia/cosmos-reason2-8b,Vehicle Safety,"<0.0> 
[GENERAL VEHICLE SAFETY]
1. Not visible
2. Not visible

[COLLISIONS & NEAR MISSES]
3. Not visible
4. Not visible

[PARKING & ACCESS VIOLATIONS]
5. Not visible
6. Not visible

[SUSPICIOUS VEHICLE BEHAVIOR]
7. Not visible
8. Not visible

[VEHICLE IDENTIFICATION]
9. Not visible
10. Not visible
11. Not visible

[PEDESTRIAN & CHILD SAFETY]
12. Not visible
13. Not visible
14. Not visible"
vlm_runs/2026-06-05,LP_Farmers_Market_Restroom_4,LP_Farmers_Market_Restroom_4_20260605T153000.jpg,vlm_runs/2026-06-05/LP_Farmers_Market_Restroom_4/LP_Farmers_Market_Restroom_4_20260605T153000.jpg,vehicle_prompts,done,2026-06-08T22:50:15.132788+00:00,0.673,0,nvidia/cosmos-reason2-8b,Vehicle Safety,"<0.0> 
[GENERAL VEHICLE SAFETY]
1. Not visible
2. Not visible

[COLLISIONS & NEAR MISSES]
3. Not visible
4. Not visible

[PARKING & ACCESS VIOLATIONS]
5. Not visible
6. Not visible

[SUSPICIOUS VEHICLE BEHAVIOR]
7. Not visible
8. Not visible

[VEHICLE IDENTIFICATION]
9. Not visible
10. Not visible
11. Not visible

[PEDESTRIAN & CHILD SAFETY]
12. Not visible
13. Not visible
14. Not visible"
vlm_runs/2026-06-05,LP_Farmers_Market_Restroom_4,LP_Farmers_Market_Restroom_4_20260605T154500.jpg,vlm_runs/2026-06-05/LP_Farmers_Market_Restroom_4/LP_Farmers_Market_Restroom_4_20260605T154500.jpg,vehicle_prompts,done,2026-06-08T22:50:15.867256+00:00,0.455,0,nvidia/cosmos-reason2-8b,Vehicle Safety,"<0.0> 
1. Not visible
2. Not visible
3. Not visible
4. Not visible
5. Not visible
6. Not visible
7. Not visible
8. Not visible
9. Not visible
10. Not visible
11. Not visible
12. Not visible
13. Not visible
14. Not visible"
vlm_runs/2026-06-05,LP_Farmers_Market_Restroom_4,LP_Farmers_Market_Restroom_4_20260605T160000.jpg,vlm_runs/2026-06-05/LP_Farmers_Market_Restroom_4/LP_Farmers_Market_Restroom_4_20260605T160000.jpg,vehicle_prompts,done,2026-06-08T22:50:16.378776+00:00,0.676,0,nvidia/cosmos-reason2-8b,Vehicle Safety,"<0.0> 
[GENERAL VEHICLE SAFETY]
1. Not visible
2. Not visible

[COLLISIONS & NEAR MISSES]
3. Not visible
4. Not visible

[PARKING & ACCESS VIOLATIONS]
5. Not visible
6. Not visible

[SUSPICIOUS VEHICLE BEHAVIOR]
7. Not visible
8. Not visible

[VEHICLE IDENTIFICATION]
9. Not visible
10. Not visible
11. Not visible

[PEDESTRIAN & CHILD SAFETY]
12. Not visible
13. Not visible
14. Not visible"
vlm_runs/2026-06-05,LP_Farmers_Market_Restroom_4,LP_Farmers_Market_Restroom_4_20260605T161500.jpg,vlm_runs/2026-06-05/LP_Farmers_Market_Restroom_4/LP_Farmers_Market_Restroom_4_20260605T161500.jpg,vehicle_prompts,done,2026-06-08T22:50:17.105317+00:00,0.667,0,nvidia/cosmos-reason2-8b,Vehicle Safety,"<0.0> 
[GENERAL VEHICLE SAFETY]
1. Not visible
2. Not visible

[COLLISIONS & NEAR MISSES]
3. Not visible
4. Not visible

[PARKING & ACCESS VIOLATIONS]
5. Not visible
6. Not visible

[SUSPICIOUS VEHICLE BEHAVIOR]
7. Not visible
8. Not visible

[VEHICLE IDENTIFICATION]
9. Not visible
10. Not visible
11. Not visible

[PEDESTRIAN & CHILD SAFETY]
12. Not visible
13. Not visible
14. Not visible"
vlm_runs/2026-06-05,LP_Farmers_Market_Restroom_4,LP_Farmers_Market_Restroom_4_20260605T163000.jpg,vlm_runs/2026-06-05/LP_Farmers_Market_Restroom_4/LP_Farmers_Market_Restroom_4_20260605T163000.jpg,vehicle_prompts,done,2026-06-08T22:50:17.833508+00:00,0.695,0,nvidia/cosmos-reason2-8b,Vehicle Safety,"<0.0> 
[GENERAL VEHICLE SAFETY]
1. Not visible
2. Not visible

[COLLISIONS & NEAR MISSES]
3. Not visible
4. Not visible

[PARKING & ACCESS VIOLATIONS]
5. Not visible
6. Not visible

[SUSPICIOUS VEHICLE BEHAVIOR]
7. Not visible
8. Not visible

[VEHICLE IDENTIFICATION]
9. Not visible
10. Not visible
11. Not visible

[PEDESTRIAN & CHILD SAFETY]
12. Not visible
13. Not visible
14. Not visible"
vlm_runs/2026-06-05,LP_Farmers_Market_Restroom_4,LP_Farmers_Market_Restroom_4_20260605T164500.jpg,vlm_runs/2026-06-05/LP_Farmers_Market_Restroom_4/LP_Farmers_Market_Restroom_4_20260605T164500.jpg,vehicle_prompts,done,2026-06-08T22:50:18.586133+00:00,0.687,0,nvidia/cosmos-reason2-8b,Vehicle Safety,"<0.0> 
[GENERAL VEHICLE SAFETY]
1. Not visible
2. Not visible

[COLLISIONS & NEAR MISSES]
3. Not visible
4. Not visible

[PARKING & ACCESS VIOLATIONS]
5. Not visible
6. Not visible

[SUSPICIOUS VEHICLE BEHAVIOR]
7. Not visible
8. Not visible

[VEHICLE IDENTIFICATION]
9. Not visible
10. Not visible
11. Not visible

[PEDESTRIAN & CHILD SAFETY]
12. Not visible
13. Not visible
14. Not visible"
vlm_runs/2026-06-05,LP_Farmers_Market_Restroom_4,LP_Farmers_Market_Restroom_4_20260605T170000.jpg,vlm_runs/2026-06-05/LP_Farmers_Market_Restroom_4/LP_Farmers_Market_Restroom_4_20260605T170000.jpg,vehicle_prompts,done,2026-06-08T22:50:19.328939+00:00,0.469,0,nvidia/cosmos-reason2-8b,Vehicle Safety,"<0.0> 
1. Not visible
2. Not visible
3. Not visible
4. Not visible
5. Not visible
6. Not visible
7. Not visible
8. Not visible
9. Not visible
10. Not visible
11. Not visible
12. Not visible
13. Not visible
14. Not visible"
vlm_runs/2026-06-05,LP_Farmers_Market_Restroom_4,LP_Farmers_Market_Restroom_4_20260605T171500.jpg,vlm_runs/2026-06-05/LP_Farmers_Market_Restroom_4/LP_Farmers_Market_Restroom_4_20260605T171500.jpg,vehicle_prompts,done,2026-06-08T22:50:19.860173+00:00,0.679,0,nvidia/cosmos-reason2-8b,Vehicle Safety,"<0.0> 
[GENERAL VEHICLE SAFETY]
1. Not visible
2. Not visible

[COLLISIONS & NEAR MISSES]
3. Not visible
4. Not visible

[PARKING & ACCESS VIOLATIONS]
5. Not visible
6. Not visible

[SUSPICIOUS VEHICLE BEHAVIOR]
7. Not visible
8. Not visible

[VEHICLE IDENTIFICATION]
9. Not visible
10. Not visible
11. Not visible

[PEDESTRIAN & CHILD SAFETY]
12. Not visible
13. Not visible
14. Not visible"
vlm_runs/2026-06-05,LP_Farmers_Market_Restroom_4,LP_Farmers_Market_Restroom_4_20260605T173000.jpg,vlm_runs/2026-06-05/LP_Farmers_Market_Restroom_4/LP_Farmers_Market_Restroom_4_20260605T173000.jpg,vehicle_prompts,done,2026-06-08T22:50:20.590284+00:00,0.327,0,nvidia/cosmos-reason2-8b,Vehicle Safety,Visible Timestamp(s): 0.0 <end>
vlm_runs/2026-06-05,LP_Farmers_Market_Restroom_4,LP_Farmers_Market_Restroom_4_20260605T174500.jpg,vlm_runs/2026-06-05/LP_Farmers_Market_Restroom_4/LP_Farmers_Market_Restroom_4_20260605T174500.jpg,vehicle_prompts,done,2026-06-08T22:50:20.969880+00:00,0.901,0,nvidia/cosmos-reason2-8b,Vehicle Safety,"<0.0> 
1. Not visible
2. Not visible
3. Not visible
4. Not visible
5. Not visible
6. Not visible
7. Not visible
8. Not visible
9. Not visible
10. Not visible
11. Not visible
12. Not visible
13. Not visible
14. Not visible"
vlm_runs/2026-06-05,LP_Farmers_Market_Restroom_4,LP_Farmers_Market_Restroom_4_20260605T180000.jpg,vlm_runs/2026-06-05/LP_Farmers_Market_Restroom_4/LP_Farmers_Market_Restroom_4_20260605T180000.jpg,vehicle_prompts,done,2026-06-08T22:50:21.920801+00:00,0.688,0,nvidia/cosmos-reason2-8b,Vehicle Safety,"<0.0> 
[GENERAL VEHICLE SAFETY]
1. Not visible
2. Not visible

[COLLISIONS & NEAR MISSES]
3. Not visible
4. Not visible

[PARKING & ACCESS VIOLATIONS]
5. Not visible
6. Not visible

[SUSPICIOUS VEHICLE BEHAVIOR]
7. Not visible
8. Not visible

[VEHICLE IDENTIFICATION]
9. Not visible
10. Not visible
11. Not visible

[PEDESTRIAN & CHILD SAFETY]
12. Not visible
13. Not visible
14. Not visible"
vlm_runs/2026-06-05,LP_Farmers_Market_Restroom_4,LP_Farmers_Market_Restroom_4_20260605T181500.jpg,vlm_runs/2026-06-05/LP_Farmers_Market_Restroom_4/LP_Farmers_Market_Restroom_4_20260605T181500.jpg,vehicle_prompts,done,2026-06-08T22:50:22.665580+00:00,0.451,0,nvidia/cosmos-reason2-8b,Vehicle Safety,"<0.0> 
1. Not visible
2. Not visible
3. Not visible
4. Not visible
5. Not visible
6. Not visible
7. Not visible
8. Not visible
9. Not visible
10. Not visible
11. Not visible
12. Not visible
13. Not visible
14. Not visible"
vlm_runs/2026-06-05,LP_Farmers_Market_Restroom_4,LP_Farmers_Market_Restroom_4_20260605T183000.jpg,vlm_runs/2026-06-05/LP_Farmers_Market_Restroom_4/LP_Farmers_Market_Restroom_4_20260605T183000.jpg,vehicle_prompts,done,2026-06-08T22:50:23.174069+00:00,0.455,0,nvidia/cosmos-reason2-8b,Vehicle Safety,"<0.0> 
1. Not visible
2. Not visible
3. Not visible
4. Not visible
5. Not visible
6. Not visible
7. Not visible
8. Not visible
9. Not visible
10. Not visible
11. Not visible
12. Not visible
13. Not visible
14. Not visible"
vlm_runs/2026-06-05,LP_Farmers_Market_Restroom_4,LP_Farmers_Market_Restroom_4_20260605T184500.jpg,vlm_runs/2026-06-05/LP_Farmers_Market_Restroom_4/LP_Farmers_Market_Restroom_4_20260605T184500.jpg,vehicle_prompts,done,2026-06-08T22:50:23.685401+00:00,0.465,0,nvidia/cosmos-reason2-8b,Vehicle Safety,"<0.0> 
1. Not visible
2. Not visible
3. Not visible
4. Not visible
5. Not visible
6. Not visible
7. Not visible
8. Not visible
9. Not visible
10. Not visible
11. Not visible
12. Not visible
13. Not visible
14. Not visible"
vlm_runs/2026-06-05,LP_Farmers_Market_Restroom_4,LP_Farmers_Market_Restroom_4_20260605T190000.jpg,vlm_runs/2026-06-05/LP_Farmers_Market_Restroom_4/LP_Farmers_Market_Restroom_4_20260605T190000.jpg,vehicle_prompts,done,2026-06-08T22:50:24.203648+00:00,0.685,0,nvidia/cosmos-reason2-8b,Vehicle Safety,"<0.0> 
[GENERAL VEHICLE SAFETY]
1. Not visible
2. Not visible

[COLLISIONS & NEAR MISSES]
3. Not visible
4. Not visible

[PARKING & ACCESS VIOLATIONS]
5. Not visible
6. Not visible

[SUSPICIOUS VEHICLE BEHAVIOR]
7. Not visible
8. Not visible

[VEHICLE IDENTIFICATION]
9. Not visible
10. Not visible
11. Not visible

[PEDESTRIAN & CHILD SAFETY]
12. Not visible
13. Not visible
14. Not visible"
vlm_runs/2026-06-05,LP_Farmers_Market_Restroom_4,LP_Farmers_Market_Restroom_4_20260605T191500.jpg,vlm_runs/2026-06-05/LP_Farmers_Market_Restroom_4/LP_Farmers_Market_Restroom_4_20260605T191500.jpg,vehicle_prompts,done,2026-06-08T22:50:24.945047+00:00,0.288,0,nvidia/cosmos-reason2-8b,Vehicle Safety,visible
vlm_runs/2026-06-05,LP_Farmers_Market_Restroom_4,LP_Farmers_Market_Restroom_4_20260605T193000.jpg,vlm_runs/2026-06-05/LP_Farmers_Market_Restroom_4/LP_Farmers_Market_Restroom_4_20260605T193000.jpg,vehicle_prompts,done,2026-06-08T22:50:25.286369+00:00,0.383,0,nvidia/cosmos-reason2-8b,Vehicle Safety,"0.0 The scene does not show any vehicles, so there are no unsafe speeds or collisions to report."
vlm_runs/2026-06-05,LP_Farmers_Market_Restroom_4,LP_Farmers_Market_Restroom_4_20260605T194500.jpg,vlm_runs/2026-06-05/LP_Farmers_Market_Restroom_4/LP_Farmers_Market_Restroom_4_20260605T194500.jpg,vehicle_prompts,done,2026-06-08T22:50:25.720038+00:00,0.451,0,nvidia/cosmos-reason2-8b,Vehicle Safety,"<0.0> 
1. Not visible
2. Not visible
3. Not visible
4. Not visible
5. Not visible
6. Not visible
7. Not visible
8. Not visible
9. Not visible
10. Not visible
11. Not visible
12. Not visible
13. Not visible
14. Not visible"
vlm_runs/2026-06-05,LP_Farmers_Market_Restroom_4,LP_Farmers_Market_Restroom_4_20260605T200000.jpg,vlm_runs/2026-06-05/LP_Farmers_Market_Restroom_4/LP_Farmers_Market_Restroom_4_20260605T200000.jpg,vehicle_prompts,done,2026-06-08T22:50:26.223620+00:00,0.455,0,nvidia/cosmos-reason2-8b,Vehicle Safety,"<0.0> 
1. Not visible
2. Not visible
3. Not visible
4. Not visible
5. Not visible
6. Not visible
7. Not visible
8. Not visible
9. Not visible
10. Not visible
11. Not visible
12. Not visible
13. Not visible
14. Not visible"
vlm_runs/2026-06-05,LP_Farmers_Market_Restroom_4,LP_Farmers_Market_Restroom_4_20260605T201500.jpg,vlm_runs/2026-06-05/LP_Farmers_Market_Restroom_4/LP_Farmers_Market_Restroom_4_20260605T201500.jpg,vehicle_prompts,done,2026-06-08T22:50:26.733910+00:00,0.461,0,nvidia/cosmos-reason2-8b,Vehicle Safety,"<0.0> 
1. Not visible
2. Not visible
3. Not visible
4. Not visible
5. Not visible
6. Not visible
7. Not visible
8. Not visible
9. Not visible
10. Not visible
11. Not visible
12. Not visible
13. Not visible
14. Not visible"
vlm_runs/2026-06-05,LP_Farmers_Market_Restroom_4,LP_Farmers_Market_Restroom_4_20260605T203000.jpg,vlm_runs/2026-06-05/LP_Farmers_Market_Restroom_4/LP_Farmers_Market_Restroom_4_20260605T203000.jpg,vehicle_prompts,done,2026-06-08T22:50:27.252613+00:00,0.458,0,nvidia/cosmos-reason2-8b,Vehicle Safety,"<0.0> 
1. Not visible
2. Not visible
3. Not visible
4. Not visible
5. Not visible
6. Not visible
7. Not visible
8. Not visible
9. Not visible
10. Not visible
11. Not visible
12. Not visible
13. Not visible
14. Not visible"
vlm_runs/2026-06-05,LP_Farmers_Market_Restroom_4,LP_Farmers_Market_Restroom_4_20260605T204500.jpg,vlm_runs/2026-06-05/LP_Farmers_Market_Restroom_4/LP_Farmers_Market_Restroom_4_20260605T204500.jpg,vehicle_prompts,done,2026-06-08T22:50:27.770905+00:00,0.462,0,nvidia/cosmos-reason2-8b,Vehicle Safety,"<0.0> 
1. Not visible
2. Not visible
3. Not visible
4. Not visible
5. Not visible
6. Not visible
7. Not visible
8. Not visible
9. Not visible
10. Not visible
11. Not visible
12. Not visible
13. Not visible
14. Not visible"
vlm_runs/2026-06-05,LP_Farmers_Market_Restroom_4,LP_Farmers_Market_Restroom_4_20260605T210000.jpg,vlm_runs/2026-06-05/LP_Farmers_Market_Restroom_4/LP_Farmers_Market_Restroom_4_20260605T210000.jpg,vehicle_prompts,done,2026-06-08T22:50:28.294899+00:00,0.476,0,nvidia/cosmos-reason2-8b,Vehicle Safety,0.0 1. Not visible 2. Not visible 3. Not visible 4. Not visible 5. Not visible 6. Not visible 7. Not visible 8. Not visible 9. Not visible 10. Not visible 11. Not visible 12. Not visible 13. Not visible 14. Not visible
vlm_runs/2026-06-05,LP_Farmers_Market_Restroom_4,LP_Farmers_Market_Restroom_4_20260605T211500.jpg,vlm_runs/2026-06-05/LP_Farmers_Market_Restroom_4/LP_Farmers_Market_Restroom_4_20260605T211500.jpg,vehicle_prompts,done,2026-06-08T22:50:28.815227+00:00,0.475,0,nvidia/cosmos-reason2-8b,Vehicle Safety,0.0 1. Not visible 2. Not visible 3. Not visible 4. Not visible 5. Not visible 6. Not visible 7. Not visible 8. Not visible 9. Not visible 10. Not visible 11. Not visible 12. Not visible 13. Not visible 14. Not visible
vlm_runs/2026-06-05,LP_Farmers_Market_Restroom_4,LP_Farmers_Market_Restroom_4_20260605T213000.jpg,vlm_runs/2026-06-05/LP_Farmers_Market_Restroom_4/LP_Farmers_Market_Restroom_4_20260605T213000.jpg,vehicle_prompts,done,2026-06-08T22:50:29.346422+00:00,0.476,0,nvidia/cosmos-reason2-8b,Vehicle Safety," timestamp: <0.0> 
1. Not visible
2. Not visible
3. Not visible
4. Not visible
5. Not visible
6. Not visible
7. Not visible
8. Not visible
9. Not visible
10. Not visible
11. Not visible
12. Not visible
13. Not visible
14. Not visible"
vlm_runs/2026-06-05,LP_Farmers_Market_Restroom_4,LP_Farmers_Market_Restroom_4_20260605T214500.jpg,vlm_runs/2026-06-05/LP_Farmers_Market_Restroom_4/LP_Farmers_Market_Restroom_4_20260605T214500.jpg,vehicle_prompts,done,2026-06-08T22:50:29.876882+00:00,0.496,0,nvidia/cosmos-reason2-8b,Vehicle Safety," timestamp: <0.0> 
1. Not visible
2. Not visible
3. Not visible
4. Not visible
5. Not visible
6. Not visible
7. Not visible
8. Not visible
9. Not visible
10. Not visible
11. Not visible
12. Not visible
13. Not visible
14. Not visible"
vlm_runs/2026-06-05,LP_Farmers_Market_Restroom_4,LP_Farmers_Market_Restroom_4_20260605T220000.jpg,vlm_runs/2026-06-05/LP_Farmers_Market_Restroom_4/LP_Farmers_Market_Restroom_4_20260605T220000.jpg,vehicle_prompts,done,2026-06-08T22:50:30.429097+00:00,0.458,0,nvidia/cosmos-reason2-8b,Vehicle Safety,"<0.0> 
1. Not visible
2. Not visible
3. Not visible
4. Not visible
5. Not visible
6. Not visible
7. Not visible
8. Not visible
9. Not visible
10. Not visible
11. Not visible
12. Not visible
13. Not visible
14. Not visible"
vlm_runs/2026-06-05,LP_Farmers_Market_Restroom_4,LP_Farmers_Market_Restroom_4_20260605T221500.jpg,vlm_runs/2026-06-05/LP_Farmers_Market_Restroom_4/LP_Farmers_Market_Restroom_4_20260605T221500.jpg,vehicle_prompts,done,2026-06-08T22:50:30.938687+00:00,0.461,0,nvidia/cosmos-reason2-8b,Vehicle Safety,"<0.0> 
1. Not visible
2. Not visible
3. Not visible
4. Not visible
5. Not visible
6. Not visible
7. Not visible
8. Not visible
9. Not visible
10. Not visible
11. Not visible
12. Not visible
13. Not visible
14. Not visible"
vlm_runs/2026-06-05,LP_Farmers_Market_Restroom_4,LP_Farmers_Market_Restroom_4_20260605T223000.jpg,vlm_runs/2026-06-05/LP_Farmers_Market_Restroom_4/LP_Farmers_Market_Restroom_4_20260605T223000.jpg,vehicle_prompts,done,2026-06-08T22:50:31.455329+00:00,0.508,0,nvidia/cosmos-reason2-8b,Vehicle Safety," Timestamp: <0.0> 
1. Not visible
2. Not visible
3. Not visible
4. Not visible
5. Not visible
6. Not visible
7. Not visible
8. Not visible
9. Not visible
10. Not visible
11. Not visible
12. Not visible
13. Not visible
14. Not visible"
vlm_runs/2026-06-05,LP_Farmers_Market_Restroom_4,LP_Farmers_Market_Restroom_4_20260605T224500.jpg,vlm_runs/2026-06-05/LP_Farmers_Market_Restroom_4/LP_Farmers_Market_Restroom_4_20260605T224500.jpg,vehicle_prompts,done,2026-06-08T22:50:32.020328+00:00,0.279,0,nvidia/cosmos-reason2-8b,Vehicle Safety,Not visible
vlm_runs/2026-06-05,LP_Farmers_Market_Restroom_4,LP_Farmers_Market_Restroom_4_20260605T230000.jpg,vlm_runs/2026-06-05/LP_Farmers_Market_Restroom_4/LP_Farmers_Market_Restroom_4_20260605T230000.jpg,vehicle_prompts,done,2026-06-08T22:50:32.352583+00:00,0.702,0,nvidia/cosmos-reason2-8b,Vehicle Safety,"<0.0> 

**[GENERAL VEHICLE SAFETY]**
1. Not visible
2. Not visible

**[COLLISIONS & NEAR MISSES]**
3. Not visible
4. Not visible

**[PARKING & ACCESS VIOLATIONS]**
5. Not visible
6. Not visible

**[SUSPICIOUS VEHICLE BEHAVIOR]**
7. Not visible
8. Not visible

**[VEHICLE IDENTIFICATION]**
9. Not visible
10. Not visible
11. Not visible

**[PEDESTRIAN & CHILD SAFETY]**
12. Not visible
13. Not visible
14. Not visible"
vlm_runs/2026-06-05,LP_Farmers_Market_Restroom_4,LP_Farmers_Market_Restroom_4_20260605T231500.jpg,vlm_runs/2026-06-05/LP_Farmers_Market_Restroom_4/LP_Farmers_Market_Restroom_4_20260605T231500.jpg,vehicle_prompts,done,2026-06-08T22:50:33.110491+00:00,0.655,0,nvidia/cosmos-reason2-8b,Vehicle Safety,"0.0 

[GENERAL VEHICLE SAFETY]
1. Not visible
2. Not visible

[COLLISIONS & NEAR MISSES]
3. Not visible
4. Not visible

[PARKING & ACCESS VIOLATIONS]
5. Not visible
6. Not visible

[SUSPICIOUS VEHICLE BEHAVIOR]
7. Not visible
8. Not visible

[VEHICLE IDENTIFICATION]
9. Not visible
10. Not visible
11. Not visible

[PEDESTRIAN & CHILD SAFETY]
12. Not visible
13. Not visible
14. Not visible"
vlm_runs/2026-06-05,LP_Farmers_Market_Restroom_4,LP_Farmers_Market_Restroom_4_20260605T233000.jpg,vlm_runs/2026-06-05/LP_Farmers_Market_Restroom_4/LP_Farmers_Market_Restroom_4_20260605T233000.jpg,vehicle_prompts,done,2026-06-08T22:50:33.819647+00:00,0.462,0,nvidia/cosmos-reason2-8b,Vehicle Safety,"<0.0> 
1. Not visible
2. Not visible
3. Not visible
4. Not visible
5. Not visible
6. Not visible
7. Not visible
8. Not visible
9. Not visible
10. Not visible
11. Not visible
12. Not visible
13. Not visible
14. Not visible"
vlm_runs/2026-06-05,LP_Farmers_Market_Restroom_4,LP_Farmers_Market_Restroom_4_20260605T234500.jpg,vlm_runs/2026-06-05/LP_Farmers_Market_Restroom_4/LP_Farmers_Market_Restroom_4_20260605T234500.jpg,vehicle_prompts,done,2026-06-08T22:50:34.344440+00:00,0.469,0,nvidia/cosmos-reason2-8b,Vehicle Safety,"<0.0> 
1. Not visible
2. Not visible
3. Not visible
4. Not visible
5. Not visible
6. Not visible
7. Not visible
8. Not visible
9. Not visible
10. Not visible
11. Not visible
12. Not visible
13. Not visible
14. Not visible"
vlm_runs/2026-06-05,LP_Parking_and_Restroom_Loitering_1,LP_Parking_and_Restroom_Loitering_1_20260605T000000.jpg,vlm_runs/2026-06-05/LP_Parking_and_Restroom_Loitering_1/LP_Parking_and_Restroom_Loitering_1_20260605T000000.jpg,vehicle_prompts,done,2026-06-08T22:50:34.892727+00:00,0.297,0,nvidia/cosmos-reason2-8b,Vehicle Safety,0.0 Not visible
vlm_runs/2026-06-05,LP_Parking_and_Restroom_Loitering_1,LP_Parking_and_Restroom_Loitering_1_20260605T001500.jpg,vlm_runs/2026-06-05/LP_Parking_and_Restroom_Loitering_1/LP_Parking_and_Restroom_Loitering_1_20260605T001500.jpg,vehicle_prompts,done,2026-06-08T22:50:35.245034+00:00,0.462,0,nvidia/cosmos-reason2-8b,Vehicle Safety,"<0.0> 
1. Not visible
2. Not visible
3. Not visible
4. Not visible
5. Not visible
6. Not visible
7. Not visible
8. Not visible
9. Not visible
10. Not visible
11. Not visible
12. Not visible
13. Not visible
14. Not visible"
vlm_runs/2026-06-05,LP_Parking_and_Restroom_Loitering_1,LP_Parking_and_Restroom_Loitering_1_20260605T003000.jpg,vlm_runs/2026-06-05/LP_Parking_and_Restroom_Loitering_1/LP_Parking_and_Restroom_Loitering_1_20260605T003000.jpg,vehicle_prompts,done,2026-06-08T22:50:35.765687+00:00,0.691,0,nvidia/cosmos-reason2-8b,Vehicle Safety,"<0.0> 
[GENERAL VEHICLE SAFETY]
1. Not visible
2. Not visible

[COLLISIONS & NEAR MISSES]
3. Not visible
4. Not visible

[PARKING & ACCESS VIOLATIONS]
5. Not visible
6. Not visible

[SUSPICIOUS VEHICLE BEHAVIOR]
7. Not visible
8. Not visible

[VEHICLE IDENTIFICATION]
9. Not visible
10. Not visible
11. Not visible

[PEDESTRIAN & CHILD SAFETY]
12. Not visible
13. Not visible
14. Not visible"
vlm_runs/2026-06-05,LP_Parking_and_Restroom_Loitering_1,LP_Parking_and_Restroom_Loitering_1_20260605T004500.jpg,vlm_runs/2026-06-05/LP_Parking_and_Restroom_Loitering_1/LP_Parking_and_Restroom_Loitering_1_20260605T004500.jpg,vehicle_prompts,done,2026-06-08T22:50:36.513742+00:00,0.49,0,nvidia/cosmos-reason2-8b,Vehicle Safety," timestamp: <0.0> 
1. N/A
2. N/A
3. Not visible
4. Not visible
5. Not visible
6. Not visible
7. Not visible
8. Not visible
9. Not visible
10. Not visible
11. Not visible
12. Not visible
13. Not visible
14. Not visible"
vlm_runs/2026-06-05,LP_Parking_and_Restroom_Loitering_1,LP_Parking_and_Restroom_Loitering_1_20260605T010000.jpg,vlm_runs/2026-06-05/LP_Parking_and_Restroom_Loitering_1/LP_Parking_and_Restroom_Loitering_1_20260605T010000.jpg,vehicle_prompts,done,2026-06-08T22:50:37.070995+00:00,0.475,0,nvidia/cosmos-reason2-8b,Vehicle Safety,"<0.0> 
1. Not visible
2. Not visible
3. Not visible
4. Not visible
5. Not visible
6. Not visible
7. Not visible
8. Not visible
9. Not visible
10. Not visible
11. Not visible
12. Not visible
13. Not visible
14. Not visible"
vlm_runs/2026-06-05,LP_Parking_and_Restroom_Loitering_1,LP_Parking_and_Restroom_Loitering_1_20260605T011500.jpg,vlm_runs/2026-06-05/LP_Parking_and_Restroom_Loitering_1/LP_Parking_and_Restroom_Loitering_1_20260605T011500.jpg,vehicle_prompts,done,2026-06-08T22:50:37.598763+00:00,0.513,0,nvidia/cosmos-reason2-8b,Vehicle Safety,"<0.0> 
1. Not visible
2. Not visible
3. Not visible
4. Not visible
5. Not visible
6. Not visible
7. Not visible
8. Not visible
9. Not visible
10. Not visible
11. Not visible
12. Not visible
13. Not visible
14. Not visible"
vlm_runs/2026-06-05,LP_Parking_and_Restroom_Loitering_1,LP_Parking_and_Restroom_Loitering_1_20260605T013000.jpg,vlm_runs/2026-06-05/LP_Parking_and_Restroom_Loitering_1/LP_Parking_and_Restroom_Loitering_1_20260605T013000.jpg,vehicle_prompts,done,2026-06-08T22:50:38.167272+00:00,0.289,0,nvidia/cosmos-reason2-8b,Vehicle Safety,0.0 Not visible
vlm_runs/2026-06-05,LP_Parking_and_Restroom_Loitering_1,LP_Parking_and_Restroom_Loitering_1_20260605T014500.jpg,vlm_runs/2026-06-05/LP_Parking_and_Restroom_Loitering_1/LP_Parking_and_Restroom_Loitering_1_20260605T014500.jpg,vehicle_prompts,done,2026-06-08T22:50:38.508292+00:00,0.449,0,nvidia/cosmos-reason2-8b,Vehicle Safety,"<0.0> 
1. Not visible
2. Not visible
3. Not visible
4. Not visible
5. Not visible
6. Not visible
7. Not visible
8. Not visible
9. Not visible
10. Not visible
11. Not visible
12. Not visible
13. Not visible
14. Not visible"
vlm_runs/2026-06-05,LP_Parking_and_Restroom_Loitering_1,LP_Parking_and_Restroom_Loitering_1_20260605T020000.jpg,vlm_runs/2026-06-05/LP_Parking_and_Restroom_Loitering_1/LP_Parking_and_Restroom_Loitering_1_20260605T020000.jpg,vehicle_prompts,done,2026-06-08T22:50:39.014069+00:00,0.28,0,nvidia/cosmos-reason2-8b,Vehicle Safety,0.0
vlm_runs/2026-06-05,LP_Parking_and_Restroom_Loitering_1,LP_Parking_and_Restroom_Loitering_1_20260605T021500.jpg,vlm_runs/2026-06-05/LP_Parking_and_Restroom_Loitering_1/LP_Parking_and_Restroom_Loitering_1_20260605T021500.jpg,vehicle_prompts,done,2026-06-08T22:50:39.355181+00:00,0.647,0,nvidia/cosmos-reason2-8b,Vehicle Safety,"Visible timestamps: 0.0s

[GENERAL VEHICLE SAFETY]
1. Not visible
2. Not visible

[COLLISIONS & NEAR MISSES]
3. Not visible
4. Not visible

[PARKING & ACCESS VIOLATIONS]
5. Not visible
6. Not visible

[SUSPICIOUS VEHICLE BEHAVIOR]
7. Not visible
8. Not visible

[VEHICLE IDENTIFICATION]
9. Not visible
10. Not visible
11. Not visible

[PEDESTRIAN & CHILD SAFETY]
12. Not visible
13. Not visible
14. Not visible"
vlm_runs/2026-06-05,LP_Parking_and_Restroom_Loitering_1,LP_Parking_and_Restroom_Loitering_1_20260605T023000.jpg,vlm_runs/2026-06-05/LP_Parking_and_Restroom_Loitering_1/LP_Parking_and_Restroom_Loitering_1_20260605T023000.jpg,vehicle_prompts,done,2026-06-08T22:50:40.060325+00:00,0.474,0,nvidia/cosmos-reason2-8b,Vehicle Safety,"<0.0> 
1. Not visible
2. Not visible
3. Not visible
4. Not visible
5. Not visible
6. Not visible
7. Not visible
8. Not visible
9. Not visible
10. Not visible
11. Not visible
12. Not visible
13. Not visible
14. Not visible"
vlm_runs/2026-06-05,LP_Parking_and_Restroom_Loitering_1,LP_Parking_and_Restroom_Loitering_1_20260605T024500.jpg,vlm_runs/2026-06-05/LP_Parking_and_Restroom_Loitering_1/LP_Parking_and_Restroom_Loitering_1_20260605T024500.jpg,vehicle_prompts,done,2026-06-08T22:50:40.590290+00:00,0.291,0,nvidia/cosmos-reason2-8b,Vehicle Safety,0.0 Not visible
vlm_runs/2026-06-05,LP_Parking_and_Restroom_Loitering_1,LP_Parking_and_Restroom_Loitering_1_20260605T030000.jpg,vlm_runs/2026-06-05/LP_Parking_and_Restroom_Loitering_1/LP_Parking_and_Restroom_Loitering_1_20260605T030000.jpg,vehicle_prompts,done,2026-06-08T22:50:40.937038+00:00,0.679,0,nvidia/cosmos-reason2-8b,Vehicle Safety,"<0.0> 
[GENERAL VEHICLE SAFETY]
1. Not visible
2. Not visible

[COLLISIONS & NEAR MISSES]
3. Not visible
4. Not visible

[PARKING & ACCESS VIOLATIONS]
5. Not visible
6. Not visible

[SUSPICIOUS VEHICLE BEHAVIOR]
7. Not visible
8. Not visible

[VEHICLE IDENTIFICATION]
9. Not visible
10. Not visible
11. Not visible

[PEDESTRIAN & CHILD SAFETY]
12. Not visible
13. Not visible
14. Not visible"
vlm_runs/2026-06-05,LP_Parking_and_Restroom_Loitering_1,LP_Parking_and_Restroom_Loitering_1_20260605T031500.jpg,vlm_runs/2026-06-05/LP_Parking_and_Restroom_Loitering_1/LP_Parking_and_Restroom_Loitering_1_20260605T031500.jpg,vehicle_prompts,done,2026-06-08T22:50:41.673612+00:00,0.517,0,nvidia/cosmos-reason2-8b,Vehicle Safety,"<0.0> 
1. Not visible
2. Not visible
3. Not visible
4. Not visible
5. Not visible
6. Not visible
7. Not visible
8. Not visible
9. Not visible
10. Not visible
11. Not visible
12. Not visible
13. Not visible
14. Not visible"
vlm_runs/2026-06-05,LP_Parking_and_Restroom_Loitering_1,LP_Parking_and_Restroom_Loitering_1_20260605T033000.jpg,vlm_runs/2026-06-05/LP_Parking_and_Restroom_Loitering_1/LP_Parking_and_Restroom_Loitering_1_20260605T033000.jpg,vehicle_prompts,done,2026-06-08T22:50:42.247881+00:00,0.545,0,nvidia/cosmos-reason2-8b,Vehicle Safety,"<0.0> 
1. Not visible
2. Not visible
3. Not visible
4. Not visible
5. Not visible
6. Not visible
7. Not visible
8. Not visible
9. Not visible
10. Not visible
11. Not visible
12. Not visible
13. Not visible
14. Not visible"
vlm_runs/2026-06-05,LP_Parking_and_Restroom_Loitering_1,LP_Parking_and_Restroom_Loitering_1_20260605T034500.jpg,vlm_runs/2026-06-05/LP_Parking_and_Restroom_Loitering_1/LP_Parking_and_Restroom_Loitering_1_20260605T034500.jpg,vehicle_prompts,done,2026-06-08T22:50:42.846114+00:00,0.293,0,nvidia/cosmos-reason2-8b,Vehicle Safety,0.0 Not visible
vlm_runs/2026-06-05,LP_Parking_and_Restroom_Loitering_1,LP_Parking_and_Restroom_Loitering_1_20260605T040000.jpg,vlm_runs/2026-06-05/LP_Parking_and_Restroom_Loitering_1/LP_Parking_and_Restroom_Loitering_1_20260605T040000.jpg,vehicle_prompts,done,2026-06-08T22:50:43.202901+00:00,0.672,0,nvidia/cosmos-reason2-8b,Vehicle Safety,"Visible timestamps: 0.0

[GENERAL VEHICLE SAFETY]
1. Not visible
2. Not visible

[COLLISIONS & NEAR MISSES]
3. Not visible
4. Not visible

[PARKING & ACCESS VIOLATIONS]
5. Not visible
6. Not visible

[SUSPICIOUS VEHICLE BEHAVIOR]
7. Not visible
8. Not visible

[VEHICLE IDENTIFICATION]
9. Not visible
10. Not visible
11. Not visible

[PEDESTRIAN & CHILD SAFETY]
12. Not visible
13. Not visible
14. Not visible"
vlm_runs/2026-06-05,LP_Parking_and_Restroom_Loitering_1,LP_Parking_and_Restroom_Loitering_1_20260605T041500.jpg,vlm_runs/2026-06-05/LP_Parking_and_Restroom_Loitering_1/LP_Parking_and_Restroom_Loitering_1_20260605T041500.jpg,vehicle_prompts,done,2026-06-08T22:50:43.925117+00:00,0.849,0,nvidia/cosmos-reason2-8b,Vehicle Safety,"<0.0> 
[GENERAL VEHICLE SAFETY]
1. Not visible
2. Not visible

[COLLISIONS & NEAR MISSES]
3. Not visible
4. Not visible

[PARKING & ACCESS VIOLATIONS]
5. Not visible
6. Not visible

[SUSPICIOUS VEHICLE BEHAVIOR]
7. Not visible
8. Not visible

[VEHICLE IDENTIFICATION]
9. Not visible
10. Not visible
11. Not visible

[PEDESTRIAN & CHILD SAFETY]
12. Not visible
13. Not visible
14. Not visible"
vlm_runs/2026-06-05,LP_Parking_and_Restroom_Loitering_1,LP_Parking_and_Restroom_Loitering_1_20260605T043000.jpg,vlm_runs/2026-06-05/LP_Parking_and_Restroom_Loitering_1/LP_Parking_and_Restroom_Loitering_1_20260605T043000.jpg,vehicle_prompts,done,2026-06-08T22:50:44.831907+00:00,0.466,0,nvidia/cosmos-reason2-8b,Vehicle Safety,"<0.0> 
1. Not visible
2. Not visible
3. Not visible
4. Not visible
5. Not visible
6. Not visible
7. Not visible
8. Not visible
9. Not visible
10. Not visible
11. Not visible
12. Not visible
13. Not visible
14. Not visible"
vlm_runs/2026-06-05,LP_Parking_and_Restroom_Loitering_1,LP_Parking_and_Restroom_Loitering_1_20260605T044500.jpg,vlm_runs/2026-06-05/LP_Parking_and_Restroom_Loitering_1/LP_Parking_and_Restroom_Loitering_1_20260605T044500.jpg,vehicle_prompts,done,2026-06-08T22:50:45.353656+00:00,0.353,0,nvidia/cosmos-reason2-8b,Vehicle Safety,0.0
vlm_runs/2026-06-05,LP_Parking_and_Restroom_Loitering_1,LP_Parking_and_Restroom_Loitering_1_20260605T050000.jpg,vlm_runs/2026-06-05/LP_Parking_and_Restroom_Loitering_1/LP_Parking_and_Restroom_Loitering_1_20260605T050000.jpg,vehicle_prompts,done,2026-06-08T22:50:45.764379+00:00,0.36,0,nvidia/cosmos-reason2-8b,Vehicle Safety,0.0 Not visible
vlm_runs/2026-06-05,LP_Parking_and_Restroom_Loitering_1,LP_Parking_and_Restroom_Loitering_1_20260605T051500.jpg,vlm_runs/2026-06-05/LP_Parking_and_Restroom_Loitering_1/LP_Parking_and_Restroom_Loitering_1_20260605T051500.jpg,vehicle_prompts,done,2026-06-08T22:50:46.176604+00:00,0.603,0,nvidia/cosmos-reason2-8b,Vehicle Safety,"visible in the image, so it is not possible to assess speed or safety.
Not visible
visible in the image, so it is not possible to assess collisions or near misses.
0
visible in the image, so it is not possible to assess parking violations.
Not visible
visible in the image, so it is not possible to assess suspicious behavior.
Not visible
visible in the image, so it is not possible to identify vehicles.
Not visible
visible in the image, so it is not possible to assess pedestrian safety.
Not visible"
vlm_runs/2026-06-05,LP_Parking_and_Restroom_Loitering_1,LP_Parking_and_Restroom_Loitering_1_20260605T053000.jpg,vlm_runs/2026-06-05/LP_Parking_and_Restroom_Loitering_1/LP_Parking_and_Restroom_Loitering_1_20260605T053000.jpg,vehicle_prompts,done,2026-06-08T22:50:46.840283+00:00,0.353,0,nvidia/cosmos-reason2-8b,Vehicle Safety,0.0
vlm_runs/2026-06-05,LP_Parking_and_Restroom_Loitering_1,LP_Parking_and_Restroom_Loitering_1_20260605T054500.jpg,vlm_runs/2026-06-05/LP_Parking_and_Restroom_Loitering_1/LP_Parking_and_Restroom_Loitering_1_20260605T054500.jpg,vehicle_prompts,done,2026-06-08T22:50:47.249030+00:00,0.47,0,nvidia/cosmos-reason2-8b,Vehicle Safety,"<0.0> 
1. Not visible
2. Not visible
3. Not visible
4. Not visible
5. Not visible
6. Not visible
7. Not visible
8. Not visible
9. Not visible
10. Not visible
11. Not visible
12. Not visible
13. Not visible
14. Not visible"
vlm_runs/2026-06-05,LP_Parking_and_Restroom_Loitering_1,LP_Parking_and_Restroom_Loitering_1_20260605T060000.jpg,vlm_runs/2026-06-05/LP_Parking_and_Restroom_Loitering_1/LP_Parking_and_Restroom_Loitering_1_20260605T060000.jpg,vehicle_prompts,done,2026-06-08T22:50:47.779893+00:00,0.721,0,nvidia/cosmos-reason2-8b,Vehicle Safety,0.0 [GENERAL VEHICLE SAFETY] 1. Not visible 2. Not visible [COLLISIONS & NEAR MISSES] 3. Not visible 4. Not visible [PARKING & ACCESS VIOLATIONS] 5. Not visible 6. Not visible [SUSPICIOUS VEHICLE BEHAVIOR] 7. Not visible 8. Not visible [VEHICLE IDENTIFICATION] 9. Not visible 10. Not visible 11. Not visible [PEDESTRIAN & CHILD SAFETY] 12. Not visible 13. Not visible 14. Not visible
vlm_runs/2026-06-05,LP_Parking_and_Restroom_Loitering_1,LP_Parking_and_Restroom_Loitering_1_20260605T061500.jpg,vlm_runs/2026-06-05/LP_Parking_and_Restroom_Loitering_1/LP_Parking_and_Restroom_Loitering_1_20260605T061500.jpg,vehicle_prompts,done,2026-06-08T22:50:48.559598+00:00,0.505,0,nvidia/cosmos-reason2-8b,Vehicle Safety,"<0.0> 
1. Not visible
2. Not visible
3. Not visible
4. Not visible
5. Not visible
6. Not visible
7. Not visible
8. Not visible
9. Not visible
10. Not visible
11. Not visible
12. Not visible
13. Not visible
14. Not visible"
vlm_runs/2026-06-05,LP_Parking_and_Restroom_Loitering_1,LP_Parking_and_Restroom_Loitering_1_20260605T063000.jpg,vlm_runs/2026-06-05/LP_Parking_and_Restroom_Loitering_1/LP_Parking_and_Restroom_Loitering_1_20260605T063000.jpg,vehicle_prompts,done,2026-06-08T22:50:49.124488+00:00,0.475,0,nvidia/cosmos-reason2-8b,Vehicle Safety,"<0.0> 
1. Not visible
2. Not visible
3. Not visible
4. Not visible
5. Not visible
6. Not visible
7. Not visible
8. Not visible
9. Not visible
10. Not visible
11. Not visible
12. Not visible
13. Not visible
14. Not visible"
vlm_runs/2026-06-05,LP_Parking_and_Restroom_Loitering_1,LP_Parking_and_Restroom_Loitering_1_20260605T064500.jpg,vlm_runs/2026-06-05/LP_Parking_and_Restroom_Loitering_1/LP_Parking_and_Restroom_Loitering_1_20260605T064500.jpg,vehicle_prompts,done,2026-06-08T22:50:49.657737+00:00,0.451,0,nvidia/cosmos-reason2-8b,Vehicle Safety,"<0.0> 
1. Not visible
2. Not visible
3. Not visible
4. Not visible
5. Not visible
6. Not visible
7. Not visible
8. Not visible
9. Not visible
10. Not visible
11. Not visible
12. Not visible
13. Not visible
14. Not visible"
vlm_runs/2026-06-05,LP_Parking_and_Restroom_Loitering_1,LP_Parking_and_Restroom_Loitering_1_20260605T070000.jpg,vlm_runs/2026-06-05/LP_Parking_and_Restroom_Loitering_1/LP_Parking_and_Restroom_Loitering_1_20260605T070000.jpg,vehicle_prompts,done,2026-06-08T22:50:50.162549+00:00,0.673,0,nvidia/cosmos-reason2-8b,Vehicle Safety,"<0.0>

[GENERAL VEHICLE SAFETY]
1. Yes
2. No

[COLLISIONS & NEAR MISSES]
3. No
4. Not visible

[PARKING & ACCESS VIOLATIONS]
5. Not visible
6. Not visible

[SUSPICIOUS VEHICLE BEHAVIOR]
7. No
8. Not visible

[VEHICLE IDENTIFICATION]
9. Not visible
10. Not visible
11. Not visible

[PEDESTRIAN & CHILD SAFETY]
12. Not visible
13. Not visible
14. Not visible"
vlm_runs/2026-06-05,LP_Parking_and_Restroom_Loitering_1,LP_Parking_and_Restroom_Loitering_1_20260605T071500.jpg,vlm_runs/2026-06-05/LP_Parking_and_Restroom_Loitering_1/LP_Parking_and_Restroom_Loitering_1_20260605T071500.jpg,vehicle_prompts,done,2026-06-08T22:50:50.903127+00:00,0.477,0,nvidia/cosmos-reason2-8b,Vehicle Safety,0.0 1. Not visible 2. Not visible 3. Not visible 4. Not visible 5. Not visible 6. Not visible 7. Not visible 8. Not visible 9. Not visible 10. Not visible 11. Not visible 12. Not visible 13. Not visible 14. Not visible
vlm_runs/2026-06-05,LP_Parking_and_Restroom_Loitering_1,LP_Parking_and_Restroom_Loitering_1_20260605T073000.jpg,vlm_runs/2026-06-05/LP_Parking_and_Restroom_Loitering_1/LP_Parking_and_Restroom_Loitering_1_20260605T073000.jpg,vehicle_prompts,done,2026-06-08T22:50:51.443647+00:00,0.469,0,nvidia/cosmos-reason2-8b,Vehicle Safety,0.0 1. Not visible 2. Not visible 3. Not visible 4. Not visible 5. Not visible 6. Not visible 7. Not visible 8. Not visible 9. Not visible 10. Not visible 11. Not visible 12. Not visible 13. Not visible 14. Not visible
vlm_runs/2026-06-05,LP_Parking_and_Restroom_Loitering_1,LP_Parking_and_Restroom_Loitering_1_20260605T074500.jpg,vlm_runs/2026-06-05/LP_Parking_and_Restroom_Loitering_1/LP_Parking_and_Restroom_Loitering_1_20260605T074500.jpg,vehicle_prompts,done,2026-06-08T22:50:51.975216+00:00,0.471,0,nvidia/cosmos-reason2-8b,Vehicle Safety,"<0.0> 
1. Not visible
2. Not visible
3. Not visible
4. Not visible
5. Not visible
6. Not visible
7. Not visible
8. Not visible
9. Not visible
10. Not visible
11. Not visible
12. Not visible
13. Not visible
14. Not visible"
vlm_runs/2026-06-05,LP_Parking_and_Restroom_Loitering_1,LP_Parking_and_Restroom_Loitering_1_20260605T080000.jpg,vlm_runs/2026-06-05/LP_Parking_and_Restroom_Loitering_1/LP_Parking_and_Restroom_Loitering_1_20260605T080000.jpg,vehicle_prompts,done,2026-06-08T22:50:52.507888+00:00,0.48,0,nvidia/cosmos-reason2-8b,Vehicle Safety,"<0.0> 
1. Not visible
2. Not visible
3. Not visible
4. Not visible
5. Not visible
6. Not visible
7. Not visible
8. Not visible
9. Not visible
10. Not visible
11. Not visible
12. Not visible
13. Not visible
14. Not visible"
vlm_runs/2026-06-05,LP_Parking_and_Restroom_Loitering_1,LP_Parking_and_Restroom_Loitering_1_20260605T081500.jpg,vlm_runs/2026-06-05/LP_Parking_and_Restroom_Loitering_1/LP_Parking_and_Restroom_Loitering_1_20260605T081500.jpg,vehicle_prompts,done,2026-06-08T22:50:53.057937+00:00,0.488,0,nvidia/cosmos-reason2-8b,Vehicle Safety,"<0.0> 
1. Not visible
2. Not visible
3. Not visible
4. Not visible
5. Not visible
6. Not visible
7. Not visible
8. Not visible
9. Not visible
10. Not visible
11. Not visible
12. Not visible
13. Not visible
14. Not visible"
vlm_runs/2026-06-05,LP_Parking_and_Restroom_Loitering_1,LP_Parking_and_Restroom_Loitering_1_20260605T083000.jpg,vlm_runs/2026-06-05/LP_Parking_and_Restroom_Loitering_1/LP_Parking_and_Restroom_Loitering_1_20260605T083000.jpg,vehicle_prompts,done,2026-06-08T22:50:53.607636+00:00,0.639,0,nvidia/cosmos-reason2-8b,Vehicle Safety,"0.0 The blue car is parked within a designated parking space, and the white truck is positioned in another parking space. Both vehicles are stationary, and there are no signs of unsafe speed or collisions. There are no visible pedestrians or individuals interacting with the vehicles. The vehicles are correctly placed in their respective parking areas, and there are no indications of fire lanes or restricted zones being violated. No suspicious behavior or threatening maneuvers are observed. The blue car has a visible license plate, but the white truck's plate is obscured."
vlm_runs/2026-06-05,LP_Parking_and_Restroom_Loitering_1,LP_Parking_and_Restroom_Loitering_1_20260605T084500.jpg,vlm_runs/2026-06-05/LP_Parking_and_Restroom_Loitering_1/LP_Parking_and_Restroom_Loitering_1_20260605T084500.jpg,vehicle_prompts,done,2026-06-08T22:50:54.299415+00:00,0.482,0,nvidia/cosmos-reason2-8b,Vehicle Safety,0.0 1. Not visible 2. Not visible 3. Not visible 4. Not visible 5. Not visible 6. Not visible 7. Not visible 8. Not visible 9. Not visible 10. Not visible 11. Not visible 12. Not visible 13. Not visible 14. Not visible
vlm_runs/2026-06-05,LP_Parking_and_Restroom_Loitering_1,LP_Parking_and_Restroom_Loitering_1_20260605T090000.jpg,vlm_runs/2026-06-05/LP_Parking_and_Restroom_Loitering_1/LP_Parking_and_Restroom_Loitering_1_20260605T090000.jpg,vehicle_prompts,done,2026-06-08T22:50:54.843485+00:00,0.66,0,nvidia/cosmos-reason2-8b,Vehicle Safety,"<0.0> 
[GENERAL VEHICLE SAFETY]
1. Yes
2. No

[COLLISIONS & NEAR MISSES]
3. No
4. No

[PARKING & ACCESS VIOLATIONS]
5. No
6. No

[SUSPICIOUS VEHICLE BEHAVIOR]
7. No
8. No

[VEHICLE IDENTIFICATION]
9. No
10. Not visible
11. Gray sedan; white pickup truck
12. No
13. No
14. No"
vlm_runs/2026-06-05,LP_Parking_and_Restroom_Loitering_1,LP_Parking_and_Restroom_Loitering_1_20260605T091500.jpg,vlm_runs/2026-06-05/LP_Parking_and_Restroom_Loitering_1/LP_Parking_and_Restroom_Loitering_1_20260605T091500.jpg,vehicle_prompts,done,2026-06-08T22:50:55.563104+00:00,0.708,0,nvidia/cosmos-reason2-8b,Vehicle Safety,"<0.0> 
[GENERAL VEHICLE SAFETY]
1. Not visible
2. Not visible

[COLLISIONS & NEAR MISSES]
3. Not visible
4. Not visible

[PARKING & ACCESS VIOLATIONS]
5. Not visible
6. Not visible

[SUSPICIOUS VEHICLE BEHAVIOR]
7. Not visible
8. Not visible

[VEHICLE IDENTIFICATION]
9. Not visible
10. Not visible
11. Gray sedan; black pickup truck; white pickup truck
12. Not visible
13. Not visible
14. Not visible"
vlm_runs/2026-06-05,LP_Parking_and_Restroom_Loitering_1,LP_Parking_and_Restroom_Loitering_1_20260605T093000.jpg,vlm_runs/2026-06-05/LP_Parking_and_Restroom_Loitering_1/LP_Parking_and_Restroom_Loitering_1_20260605T093000.jpg,vehicle_prompts,done,2026-06-08T22:50:56.333369+00:00,0.727,0,nvidia/cosmos-reason2-8b,Vehicle Safety,"0.0

[GENERAL VEHICLE SAFETY]
1. Not visible
2. Not visible

[COLLISIONS & NEAR MISSES]
3. Not visible
4. Not visible

[PARKING & ACCESS VIOLATIONS]
5. Not visible
6. Not visible

[SUSPICIOUS VEHICLE BEHAVIOR]
7. Not visible
8. Not visible

[VEHICLE IDENTIFICATION]
9. Not visible
10. Not visible
11. Blue pickup truck with a black bed liner and silver rims; gray sedan with tinted windows and black rims
12. Not visible
13. Not visible
14. Not visible"
vlm_runs/2026-06-05,LP_Parking_and_Restroom_Loitering_1,LP_Parking_and_Restroom_Loitering_1_20260605T094500.jpg,vlm_runs/2026-06-05/LP_Parking_and_Restroom_Loitering_1/LP_Parking_and_Restroom_Loitering_1_20260605T094500.jpg,vehicle_prompts,done,2026-06-08T22:50:57.123041+00:00,0.696,0,nvidia/cosmos-reason2-8b,Vehicle Safety,"0.0

[GENERAL VEHICLE SAFETY]
1. Not visible
2. Not visible

[COLLISIONS & NEAR MISSES]
3. Not visible
4. Not visible

[PARKING & ACCESS VIOLATIONS]
5. Not visible
6. Not visible

[SUSPICIOUS VEHICLE BEHAVIOR]
7. Not visible
8. Not visible

[VEHICLE IDENTIFICATION]
9. Not visible
10. Not visible
11. Black pickup truck with a visible rear license plate; white pickup truck with a visible rear license plate
12. Not visible
13. Not visible
14. Not visible"
vlm_runs/2026-06-05,LP_Parking_and_Restroom_Loitering_1,LP_Parking_and_Restroom_Loitering_1_20260605T100000.jpg,vlm_runs/2026-06-05/LP_Parking_and_Restroom_Loitering_1/LP_Parking_and_Restroom_Loitering_1_20260605T100000.jpg,vehicle_prompts,done,2026-06-08T22:50:57.876665+00:00,0.683,0,nvidia/cosmos-reason2-8b,Vehicle Safety,"<0.0> 
[GENERAL VEHICLE SAFETY]
1. Not visible
2. Not visible

[COLLISIONS & NEAR MISSES]
3. Not visible
4. Not visible

[PARKING & ACCESS VIOLATIONS]
5. Not visible
6. Not visible

[SUSPICIOUS VEHICLE BEHAVIOR]
7. Not visible
8. Not visible

[VEHICLE IDENTIFICATION]
9. Not visible
10. Not visible
11. Not visible

[PEDESTRIAN & CHILD SAFETY]
12. Not visible
13. Not visible
14. Not visible"
vlm_runs/2026-06-05,LP_Parking_and_Restroom_Loitering_1,LP_Parking_and_Restroom_Loitering_1_20260605T101500.jpg,vlm_runs/2026-06-05/LP_Parking_and_Restroom_Loitering_1/LP_Parking_and_Restroom_Loitering_1_20260605T101500.jpg,vehicle_prompts,done,2026-06-08T22:50:58.618017+00:00,0.541,0,nvidia/cosmos-reason2-8b,Vehicle Safety,0.0 1. Not visible 2. Not visible 3. Not visible 4. Not visible 5. Not visible 6. Not visible 7. Not visible 8. Not visible 9. Not visible 10. Not visible 11. Not visible 12. Not visible 13. Not visible 14. Not visible
vlm_runs/2026-06-05,LP_Parking_and_Restroom_Loitering_1,LP_Parking_and_Restroom_Loitering_1_20260605T103000.jpg,vlm_runs/2026-06-05/LP_Parking_and_Restroom_Loitering_1/LP_Parking_and_Restroom_Loitering_1_20260605T103000.jpg,vehicle_prompts,done,2026-06-08T22:50:59.222290+00:00,0.478,0,nvidia/cosmos-reason2-8b,Vehicle Safety,0.0 1. Not visible 2. Not visible 3. Not visible 4. Not visible 5. Not visible 6. Not visible 7. Not visible 8. Not visible 9. Not visible 10. Not visible 11. Not visible 12. Not visible 13. Not visible 14. Not visible
vlm_runs/2026-06-05,LP_Parking_and_Restroom_Loitering_1,LP_Parking_and_Restroom_Loitering_1_20260605T104500.jpg,vlm_runs/2026-06-05/LP_Parking_and_Restroom_Loitering_1/LP_Parking_and_Restroom_Loitering_1_20260605T104500.jpg,vehicle_prompts,done,2026-06-08T22:50:59.766694+00:00,0.519,0,nvidia/cosmos-reason2-8b,Vehicle Safety,"<0.0> 
1. Not visible
2. Not visible
3. Not visible
4. Not visible
5. Not visible
6. Not visible
7. Not visible
8. Not visible
9. Not visible
10. Not visible
11. Black, SUV, modern design with sleek lines and alloy wheels
12. Not visible
13. Not visible
14. Not visible"
vlm_runs/2026-06-05,LP_Parking_and_Restroom_Loitering_1,LP_Parking_and_Restroom_Loitering_1_20260605T110000.jpg,vlm_runs/2026-06-05/LP_Parking_and_Restroom_Loitering_1/LP_Parking_and_Restroom_Loitering_1_20260605T110000.jpg,vehicle_prompts,done,2026-06-08T22:51:00.354481+00:00,0.345,0,nvidia/cosmos-reason2-8b,Vehicle Safety,visible
vlm_runs/2026-06-05,LP_Parking_and_Restroom_Loitering_1,LP_Parking_and_Restroom_Loitering_1_20260605T111500.jpg,vlm_runs/2026-06-05/LP_Parking_and_Restroom_Loitering_1/LP_Parking_and_Restroom_Loitering_1_20260605T111500.jpg,vehicle_prompts,done,2026-06-08T22:51:00.764445+00:00,0.523,0,nvidia/cosmos-reason2-8b,Vehicle Safety,"<0.0> 
1. Not visible
2. Not visible
3. Not visible
4. Not visible
5. Not visible
6. Not visible
7. Not visible
8. Not visible
9. Not visible
10. Not visible
11. Not visible
12. Not visible
13. Not visible
14. Not visible"
vlm_runs/2026-06-05,LP_Parking_and_Restroom_Loitering_1,LP_Parking_and_Restroom_Loitering_1_20260605T113000.jpg,vlm_runs/2026-06-05/LP_Parking_and_Restroom_Loitering_1/LP_Parking_and_Restroom_Loitering_1_20260605T113000.jpg,vehicle_prompts,done,2026-06-08T22:51:01.340447+00:00,0.664,0,nvidia/cosmos-reason2-8b,Vehicle Safety,"<0.0> 
[GENERAL VEHICLE SAFETY]
1. Not visible
2. Not visible

[COLLISIONS & NEAR MISSES]
3. Not visible
4. Not visible

[PARKING & ACCESS VIOLATIONS]
5. Not visible
6. Not visible

[SUSPICIOUS VEHICLE BEHAVIOR]
7. Not visible
8. Not visible

[VEHICLE IDENTIFICATION]
9. Not visible
10. Not visible
11. Not visible

[PEDESTRIAN & CHILD SAFETY]
12. Not visible
13. Not visible
14. Not visible"
vlm_runs/2026-06-05,LP_Parking_and_Restroom_Loitering_1,LP_Parking_and_Restroom_Loitering_1_20260605T114500.jpg,vlm_runs/2026-06-05/LP_Parking_and_Restroom_Loitering_1/LP_Parking_and_Restroom_Loitering_1_20260605T114500.jpg,vehicle_prompts,done,2026-06-08T22:51:02.056569+00:00,0.685,0,nvidia/cosmos-reason2-8b,Vehicle Safety,"<0.0> 
[GENERAL VEHICLE SAFETY]
1. Not visible
2. Not visible

[COLLISIONS & NEAR MISSES]
3. Not visible
4. Not visible

[PARKING & ACCESS VIOLATIONS]
5. Not visible
6. Not visible

[SUSPICIOUS VEHICLE BEHAVIOR]
7. Not visible
8. Not visible

[VEHICLE IDENTIFICATION]
9. Not visible
10. Not visible
11. Not visible

[PEDESTRIAN & CHILD SAFETY]
12. Not visible
13. Not visible
14. Not visible"
vlm_runs/2026-06-05,LP_Parking_and_Restroom_Loitering_1,LP_Parking_and_Restroom_Loitering_1_20260605T120000.jpg,vlm_runs/2026-06-05/LP_Parking_and_Restroom_Loitering_1/LP_Parking_and_Restroom_Loitering_1_20260605T120000.jpg,vehicle_prompts,done,2026-06-08T22:51:02.797918+00:00,0.462,0,nvidia/cosmos-reason2-8b,Vehicle Safety,"<0.0> 
1. Not visible
2. Not visible
3. Not visible
4. Not visible
5. Not visible
6. Not visible
7. Not visible
8. Not visible
9. Not visible
10. Not visible
11. Not visible
12. Not visible
13. Not visible
14. Not visible"
vlm_runs/2026-06-05,LP_Parking_and_Restroom_Loitering_1,LP_Parking_and_Restroom_Loitering_1_20260605T121500.jpg,vlm_runs/2026-06-05/LP_Parking_and_Restroom_Loitering_1/LP_Parking_and_Restroom_Loitering_1_20260605T121500.jpg,vehicle_prompts,done,2026-06-08T22:51:03.319198+00:00,0.471,0,nvidia/cosmos-reason2-8b,Vehicle Safety,"<0.0> 
1. Not visible
2. Not visible
3. Not visible
4. Not visible
5. Not visible
6. Not visible
7. Not visible
8. Not visible
9. Not visible
10. Not visible
11. Not visible
12. Not visible
13. Not visible
14. Not visible"
vlm_runs/2026-06-05,LP_Parking_and_Restroom_Loitering_1,LP_Parking_and_Restroom_Loitering_1_20260605T123000.jpg,vlm_runs/2026-06-05/LP_Parking_and_Restroom_Loitering_1/LP_Parking_and_Restroom_Loitering_1_20260605T123000.jpg,vehicle_prompts,done,2026-06-08T22:51:03.854237+00:00,0.481,0,nvidia/cosmos-reason2-8b,Vehicle Safety,0.0 1. Not visible 2. Not visible 3. Not visible 4. Not visible 5. Not visible 6. Not visible 7. Not visible 8. Not visible 9. Not visible 10. Not visible 11. Not visible 12. Not visible 13. Not visible 14. Not visible
vlm_runs/2026-06-05,LP_Parking_and_Restroom_Loitering_1,LP_Parking_and_Restroom_Loitering_1_20260605T124500.jpg,vlm_runs/2026-06-05/LP_Parking_and_Restroom_Loitering_1/LP_Parking_and_Restroom_Loitering_1_20260605T124500.jpg,vehicle_prompts,done,2026-06-08T22:51:04.393544+00:00,0.5,0,nvidia/cosmos-reason2-8b,Vehicle Safety,0.0 1. Not visible 2. Not visible 3. Not visible 4. Not visible 5. Not visible 6. Not visible 7. Not visible 8. Not visible 9. Not visible 10. Not visible 11. Not visible 12. Not visible 13. Not visible 14. Not visible
vlm_runs/2026-06-05,LP_Parking_and_Restroom_Loitering_1,LP_Parking_and_Restroom_Loitering_1_20260605T130000.jpg,vlm_runs/2026-06-05/LP_Parking_and_Restroom_Loitering_1/LP_Parking_and_Restroom_Loitering_1_20260605T130000.jpg,vehicle_prompts,done,2026-06-08T22:51:04.955977+00:00,0.457,0,nvidia/cosmos-reason2-8b,Vehicle Safety,"<0.0> 
1. Not visible
2. Not visible
3. Not visible
4. Not visible
5. Not visible
6. Not visible
7. Not visible
8. Not visible
9. Not visible
10. Not visible
11. Not visible
12. Not visible
13. Not visible
14. Not visible"
vlm_runs/2026-06-05,LP_Parking_and_Restroom_Loitering_1,LP_Parking_and_Restroom_Loitering_1_20260605T131500.jpg,vlm_runs/2026-06-05/LP_Parking_and_Restroom_Loitering_1/LP_Parking_and_Restroom_Loitering_1_20260605T131500.jpg,vehicle_prompts,done,2026-06-08T22:51:05.474934+00:00,0.673,0,nvidia/cosmos-reason2-8b,Vehicle Safety,"<0.0> 

[GENERAL VEHICLE SAFETY]
1. Not visible
2. Not visible

[COLLISIONS & NEAR MISSES]
3. Not visible
4. Not visible

[PARKING & ACCESS VIOLATIONS]
5. Not visible
6. Not visible

[SUSPICIOUS VEHICLE BEHAVIOR]
7. Not visible
8. Not visible

[VEHICLE IDENTIFICATION]
9. Not visible
10. Not visible
11. Not visible

[PEDESTRIAN & CHILD SAFETY]
12. Not visible
13. Not visible
14. Not visible"
vlm_runs/2026-06-05,LP_Parking_and_Restroom_Loitering_1,LP_Parking_and_Restroom_Loitering_1_20260605T133000.jpg,vlm_runs/2026-06-05/LP_Parking_and_Restroom_Loitering_1/LP_Parking_and_Restroom_Loitering_1_20260605T133000.jpg,vehicle_prompts,done,2026-06-08T22:51:06.205833+00:00,0.288,0,nvidia/cosmos-reason2-8b,Vehicle Safety,0.0
vlm_runs/2026-06-05,LP_Parking_and_Restroom_Loitering_1,LP_Parking_and_Restroom_Loitering_1_20260605T134500.jpg,vlm_runs/2026-06-05/LP_Parking_and_Restroom_Loitering_1/LP_Parking_and_Restroom_Loitering_1_20260605T134500.jpg,vehicle_prompts,done,2026-06-08T22:51:06.551113+00:00,0.352,0,nvidia/cosmos-reason2-8b,Vehicle Safety,0.0
vlm_runs/2026-06-05,LP_Parking_and_Restroom_Loitering_1,LP_Parking_and_Restroom_Loitering_1_20260605T140000.jpg,vlm_runs/2026-06-05/LP_Parking_and_Restroom_Loitering_1/LP_Parking_and_Restroom_Loitering_1_20260605T140000.jpg,vehicle_prompts,done,2026-06-08T22:51:06.963582+00:00,0.467,0,nvidia/cosmos-reason2-8b,Vehicle Safety,"<0.0> 
1. Not visible
2. Not visible
3. Not visible
4. Not visible
5. Not visible
6. Not visible
7. Not visible
8. Not visible
9. Not visible
10. Not visible
11. Not visible
12. Not visible
13. Not visible
14. Not visible"
vlm_runs/2026-06-05,LP_Parking_and_Restroom_Loitering_1,LP_Parking_and_Restroom_Loitering_1_20260605T141500.jpg,vlm_runs/2026-06-05/LP_Parking_and_Restroom_Loitering_1/LP_Parking_and_Restroom_Loitering_1_20260605T141500.jpg,vehicle_prompts,done,2026-06-08T22:51:07.492674+00:00,0.292,0,nvidia/cosmos-reason2-8b,Vehicle Safety,0.0
vlm_runs/2026-06-05,LP_Parking_and_Restroom_Loitering_1,LP_Parking_and_Restroom_Loitering_1_20260605T143000.jpg,vlm_runs/2026-06-05/LP_Parking_and_Restroom_Loitering_1/LP_Parking_and_Restroom_Loitering_1_20260605T143000.jpg,vehicle_prompts,done,2026-06-08T22:51:07.842838+00:00,0.466,0,nvidia/cosmos-reason2-8b,Vehicle Safety,0.0 1. Not visible 2. Not visible 3. Not visible 4. Not visible 5. Not visible 6. Not visible 7. Not visible 8. Not visible 9. Not visible 10. Not visible 11. Not visible 12. Not visible 13. Not visible 14. Not visible
vlm_runs/2026-06-05,LP_Parking_and_Restroom_Loitering_1,LP_Parking_and_Restroom_Loitering_1_20260605T144500.jpg,vlm_runs/2026-06-05/LP_Parking_and_Restroom_Loitering_1/LP_Parking_and_Restroom_Loitering_1_20260605T144500.jpg,vehicle_prompts,done,2026-06-08T22:51:08.372637+00:00,0.289,0,nvidia/cosmos-reason2-8b,Vehicle Safety,0.0
vlm_runs/2026-06-05,LP_Parking_and_Restroom_Loitering_1,LP_Parking_and_Restroom_Loitering_1_20260605T150000.jpg,vlm_runs/2026-06-05/LP_Parking_and_Restroom_Loitering_1/LP_Parking_and_Restroom_Loitering_1_20260605T150000.jpg,vehicle_prompts,done,2026-06-08T22:51:08.718300+00:00,0.287,0,nvidia/cosmos-reason2-8b,Vehicle Safety,0.0
vlm_runs/2026-06-05,LP_Parking_and_Restroom_Loitering_1,LP_Parking_and_Restroom_Loitering_1_20260605T151500.jpg,vlm_runs/2026-06-05/LP_Parking_and_Restroom_Loitering_1/LP_Parking_and_Restroom_Loitering_1_20260605T151500.jpg,vehicle_prompts,done,2026-06-08T22:51:09.062952+00:00,0.461,0,nvidia/cosmos-reason2-8b,Vehicle Safety,"<0.0> 
1. Not visible
2. Not visible
3. Not visible
4. Not visible
5. Not visible
6. Not visible
7. Not visible
8. Not visible
9. Not visible
10. Not visible
11. Not visible
12. Not visible
13. Not visible
14. Not visible"
vlm_runs/2026-06-05,LP_Parking_and_Restroom_Loitering_1,LP_Parking_and_Restroom_Loitering_1_20260605T153000.jpg,vlm_runs/2026-06-05/LP_Parking_and_Restroom_Loitering_1/LP_Parking_and_Restroom_Loitering_1_20260605T153000.jpg,vehicle_prompts,done,2026-06-08T22:51:09.576540+00:00,0.299,0,nvidia/cosmos-reason2-8b,Vehicle Safety,0.0 Not visible
vlm_runs/2026-06-05,LP_Parking_and_Restroom_Loitering_1,LP_Parking_and_Restroom_Loitering_1_20260605T154500.jpg,vlm_runs/2026-06-05/LP_Parking_and_Restroom_Loitering_1/LP_Parking_and_Restroom_Loitering_1_20260605T154500.jpg,vehicle_prompts,done,2026-06-08T22:51:09.928837+00:00,0.315,0,nvidia/cosmos-reason2-8b,Vehicle Safety,"Visible timestamps: 0.0

Not visible"
vlm_runs/2026-06-05,LP_Parking_and_Restroom_Loitering_1,LP_Parking_and_Restroom_Loitering_1_20260605T160000.jpg,vlm_runs/2026-06-05/LP_Parking_and_Restroom_Loitering_1/LP_Parking_and_Restroom_Loitering_1_20260605T160000.jpg,vehicle_prompts,done,2026-06-08T22:51:10.295792+00:00,0.462,0,nvidia/cosmos-reason2-8b,Vehicle Safety,"<0.0> 
1. Not visible
2. Not visible
3. Not visible
4. Not visible
5. Not visible
6. Not visible
7. Not visible
8. Not visible
9. Not visible
10. Not visible
11. Not visible
12. Not visible
13. Not visible
14. Not visible"
vlm_runs/2026-06-05,LP_Parking_and_Restroom_Loitering_1,LP_Parking_and_Restroom_Loitering_1_20260605T161500.jpg,vlm_runs/2026-06-05/LP_Parking_and_Restroom_Loitering_1/LP_Parking_and_Restroom_Loitering_1_20260605T161500.jpg,vehicle_prompts,done,2026-06-08T22:51:10.816769+00:00,0.528,0,nvidia/cosmos-reason2-8b,Vehicle Safety,"<0.0> 
1. Not visible
2. Not visible
3. Not visible
4. Not visible
5. Not visible
6. Not visible
7. Not visible
8. Not visible
9. Not visible
10. Not visible
11. Not visible
12. Not visible
13. Not visible
14. Not visible"
vlm_runs/2026-06-05,LP_Parking_and_Restroom_Loitering_1,LP_Parking_and_Restroom_Loitering_1_20260605T163000.jpg,vlm_runs/2026-06-05/LP_Parking_and_Restroom_Loitering_1/LP_Parking_and_Restroom_Loitering_1_20260605T163000.jpg,vehicle_prompts,done,2026-06-08T22:51:11.402043+00:00,0.442,0,nvidia/cosmos-reason2-8b,Vehicle Safety,"<0.0> 
1. Not visible
2. Not visible
3. Not visible
4. Not visible
5. Not visible
6. Not visible
7. Not visible
8. Not visible
9. Not visible
10. Not visible
11. Not visible
12. Not visible
13. Not visible
14. Not visible"
vlm_runs/2026-06-05,LP_Parking_and_Restroom_Loitering_1,LP_Parking_and_Restroom_Loitering_1_20260605T164500.jpg,vlm_runs/2026-06-05/LP_Parking_and_Restroom_Loitering_1/LP_Parking_and_Restroom_Loitering_1_20260605T164500.jpg,vehicle_prompts,done,2026-06-08T22:51:11.895823+00:00,0.274,0,nvidia/cosmos-reason2-8b,Vehicle Safety,0.0
vlm_runs/2026-06-05,LP_Parking_and_Restroom_Loitering_1,LP_Parking_and_Restroom_Loitering_1_20260605T170000.jpg,vlm_runs/2026-06-05/LP_Parking_and_Restroom_Loitering_1/LP_Parking_and_Restroom_Loitering_1_20260605T170000.jpg,vehicle_prompts,done,2026-06-08T22:51:12.231676+00:00,0.658,0,nvidia/cosmos-reason2-8b,Vehicle Safety,"<0.0> 
[GENERAL VEHICLE SAFETY]
1. Not visible
2. Not visible

[COLLISIONS & NEAR MISSES]
3. Not visible
4. Not visible

[PARKING & ACCESS VIOLATIONS]
5. Not visible
6. Not visible

[SUSPICIOUS VEHICLE BEHAVIOR]
7. Not visible
8. Not visible

[VEHICLE IDENTIFICATION]
9. Not visible
10. Not visible
11. Not visible

[PEDESTRIAN & CHILD SAFETY]
12. Not visible
13. Not visible
14. Not visible"
vlm_runs/2026-06-05,LP_Parking_and_Restroom_Loitering_1,LP_Parking_and_Restroom_Loitering_1_20260605T171500.jpg,vlm_runs/2026-06-05/LP_Parking_and_Restroom_Loitering_1/LP_Parking_and_Restroom_Loitering_1_20260605T171500.jpg,vehicle_prompts,done,2026-06-08T22:51:12.945108+00:00,0.449,0,nvidia/cosmos-reason2-8b,Vehicle Safety,"<0.0> 
1. Not visible
2. Not visible
3. Not visible
4. Not visible
5. Not visible
6. Not visible
7. Not visible
8. Not visible
9. Not visible
10. Not visible
11. Not visible
12. Not visible
13. Not visible
14. Not visible"
vlm_runs/2026-06-05,LP_Parking_and_Restroom_Loitering_1,LP_Parking_and_Restroom_Loitering_1_20260605T173000.jpg,vlm_runs/2026-06-05/LP_Parking_and_Restroom_Loitering_1/LP_Parking_and_Restroom_Loitering_1_20260605T173000.jpg,vehicle_prompts,done,2026-06-08T22:51:13.446986+00:00,0.491,0,nvidia/cosmos-reason2-8b,Vehicle Safety,"<0.0> 
1. Not visible
2. Not visible
3. Not visible
4. Not visible
5. Not visible
6. Not visible
7. Not visible
8. Not visible
9. Not visible
10. Not visible
11. Not visible
12. Not visible
13. Not visible
14. Not visible"
vlm_runs/2026-06-05,LP_Parking_and_Restroom_Loitering_1,LP_Parking_and_Restroom_Loitering_1_20260605T174500.jpg,vlm_runs/2026-06-05/LP_Parking_and_Restroom_Loitering_1/LP_Parking_and_Restroom_Loitering_1_20260605T174500.jpg,vehicle_prompts,done,2026-06-08T22:51:13.997843+00:00,0.549,0,nvidia/cosmos-reason2-8b,Vehicle Safety,"<0.0> 
1. Not visible
2. Not visible
3. Not visible
4. Not visible
5. Not visible
6. Not visible
7. Not visible
8. Not visible
9. Not visible
10. Not visible
11. Not visible
12. Not visible
13. Not visible
14. Not visible"
vlm_runs/2026-06-05,LP_Parking_and_Restroom_Loitering_1,LP_Parking_and_Restroom_Loitering_1_20260605T180000.jpg,vlm_runs/2026-06-05/LP_Parking_and_Restroom_Loitering_1/LP_Parking_and_Restroom_Loitering_1_20260605T180000.jpg,vehicle_prompts,done,2026-06-08T22:51:14.614187+00:00,0.362,0,nvidia/cosmos-reason2-8b,Vehicle Safety,0.0
vlm_runs/2026-06-05,LP_Parking_and_Restroom_Loitering_1,LP_Parking_and_Restroom_Loitering_1_20260605T181500.jpg,vlm_runs/2026-06-05/LP_Parking_and_Restroom_Loitering_1/LP_Parking_and_Restroom_Loitering_1_20260605T181500.jpg,vehicle_prompts,done,2026-06-08T22:51:15.035692+00:00,0.511,0,nvidia/cosmos-reason2-8b,Vehicle Safety,"<0.0> 
1. Not visible
2. Not visible
3. Not visible
4. Not visible
5. Not visible
6. Not visible
7. Not visible
8. Not visible
9. Not visible
10. Not visible
11. Not visible
12. Not visible
13. Not visible
14. Not visible"
vlm_runs/2026-06-05,LP_Parking_and_Restroom_Loitering_1,LP_Parking_and_Restroom_Loitering_1_20260605T183000.jpg,vlm_runs/2026-06-05/LP_Parking_and_Restroom_Loitering_1/LP_Parking_and_Restroom_Loitering_1_20260605T183000.jpg,vehicle_prompts,done,2026-06-08T22:51:15.607700+00:00,0.542,0,nvidia/cosmos-reason2-8b,Vehicle Safety,0.0 1. Not visible 2. Not visible 3. Not visible 4. Not visible 5. Not visible 6. Not visible 7. Not visible 8. Not visible 9. Not visible 10. Not visible 11. Not visible 12. Not visible 13. Not visible 14. Not visible
vlm_runs/2026-06-05,LP_Parking_and_Restroom_Loitering_1,LP_Parking_and_Restroom_Loitering_1_20260605T184500.jpg,vlm_runs/2026-06-05/LP_Parking_and_Restroom_Loitering_1/LP_Parking_and_Restroom_Loitering_1_20260605T184500.jpg,vehicle_prompts,done,2026-06-08T22:51:16.216095+00:00,0.282,0,nvidia/cosmos-reason2-8b,Vehicle Safety,0.0
vlm_runs/2026-06-05,LP_Parking_and_Restroom_Loitering_1,LP_Parking_and_Restroom_Loitering_1_20260605T190000.jpg,vlm_runs/2026-06-05/LP_Parking_and_Restroom_Loitering_1/LP_Parking_and_Restroom_Loitering_1_20260605T190000.jpg,vehicle_prompts,done,2026-06-08T22:51:16.552793+00:00,0.467,0,nvidia/cosmos-reason2-8b,Vehicle Safety,"<0.0> 
1. Not visible
2. Not visible
3. Not visible
4. Not visible
5. Not visible
6. Not visible
7. Not visible
8. Not visible
9. Not visible
10. Not visible
11. Not visible
12. Not visible
13. Not visible
14. Not visible"
vlm_runs/2026-06-05,LP_Parking_and_Restroom_Loitering_1,LP_Parking_and_Restroom_Loitering_1_20260605T191500.jpg,vlm_runs/2026-06-05/LP_Parking_and_Restroom_Loitering_1/LP_Parking_and_Restroom_Loitering_1_20260605T191500.jpg,vehicle_prompts,done,2026-06-08T22:51:17.074968+00:00,0.318,0,nvidia/cosmos-reason2-8b,Vehicle Safety,0.0
vlm_runs/2026-06-05,LP_Parking_and_Restroom_Loitering_1,LP_Parking_and_Restroom_Loitering_1_20260605T193000.jpg,vlm_runs/2026-06-05/LP_Parking_and_Restroom_Loitering_1/LP_Parking_and_Restroom_Loitering_1_20260605T193000.jpg,vehicle_prompts,done,2026-06-08T22:51:17.456063+00:00,0.284,0,nvidia/cosmos-reason2-8b,Vehicle Safety,0.0
vlm_runs/2026-06-05,LP_Parking_and_Restroom_Loitering_1,LP_Parking_and_Restroom_Loitering_1_20260605T194500.jpg,vlm_runs/2026-06-05/LP_Parking_and_Restroom_Loitering_1/LP_Parking_and_Restroom_Loitering_1_20260605T194500.jpg,vehicle_prompts,done,2026-06-08T22:51:17.796492+00:00,0.667,0,nvidia/cosmos-reason2-8b,Vehicle Safety,"Visible timestamps: 0.0s

[GENERAL VEHICLE SAFETY]
1. Not visible
2. Not visible

[COLLISIONS & NEAR MISSES]
3. Not visible
4. Not visible

[PARKING & ACCESS VIOLATIONS]
5. Not visible
6. Not visible

[SUSPICIOUS VEHICLE BEHAVIOR]
7. Not visible
8. Not visible

[VEHICLE IDENTIFICATION]
9. Not visible
10. Not visible
11. Not visible

[PEDESTRIAN & CHILD SAFETY]
12. Not visible
13. Not visible
14. Not visible"
vlm_runs/2026-06-05,LP_Parking_and_Restroom_Loitering_1,LP_Parking_and_Restroom_Loitering_1_20260605T200000.jpg,vlm_runs/2026-06-05/LP_Parking_and_Restroom_Loitering_1/LP_Parking_and_Restroom_Loitering_1_20260605T200000.jpg,vehicle_prompts,done,2026-06-08T22:51:18.519717+00:00,0.298,0,nvidia/cosmos-reason2-8b,Vehicle Safety,visible
vlm_runs/2026-06-05,LP_Parking_and_Restroom_Loitering_1,LP_Parking_and_Restroom_Loitering_1_20260605T201500.jpg,vlm_runs/2026-06-05/LP_Parking_and_Restroom_Loitering_1/LP_Parking_and_Restroom_Loitering_1_20260605T201500.jpg,vehicle_prompts,done,2026-06-08T22:51:18.873783+00:00,0.294,0,nvidia/cosmos-reason2-8b,Vehicle Safety,0.0
vlm_runs/2026-06-05,LP_Parking_and_Restroom_Loitering_1,LP_Parking_and_Restroom_Loitering_1_20260605T203000.jpg,vlm_runs/2026-06-05/LP_Parking_and_Restroom_Loitering_1/LP_Parking_and_Restroom_Loitering_1_20260605T203000.jpg,vehicle_prompts,done,2026-06-08T22:51:19.218846+00:00,0.676,0,nvidia/cosmos-reason2-8b,Vehicle Safety,"Visible timestamps: 0.0

[GENERAL VEHICLE SAFETY]
1. Not visible
2. Not visible

[COLLISIONS & NEAR MISSES]
3. Not visible
4. Not visible

[PARKING & ACCESS VIOLATIONS]
5. Not visible
6. Not visible

[SUSPICIOUS VEHICLE BEHAVIOR]
7. Not visible
8. Not visible

[VEHICLE IDENTIFICATION]
9. Not visible
10. Not visible
11. Not visible

[PEDESTRIAN & CHILD SAFETY]
12. Not visible
13. Not visible
14. Not visible"
vlm_runs/2026-06-05,LP_Parking_and_Restroom_Loitering_1,LP_Parking_and_Restroom_Loitering_1_20260605T204500.jpg,vlm_runs/2026-06-05/LP_Parking_and_Restroom_Loitering_1/LP_Parking_and_Restroom_Loitering_1_20260605T204500.jpg,vehicle_prompts,done,2026-06-08T22:51:19.948048+00:00,0.467,0,nvidia/cosmos-reason2-8b,Vehicle Safety,"<0.0> 
1. Not visible
2. Not visible
3. Not visible
4. Not visible
5. Not visible
6. Not visible
7. Not visible
8. Not visible
9. Not visible
10. Not visible
11. Not visible
12. Not visible
13. Not visible
14. Not visible"
vlm_runs/2026-06-05,LP_Parking_and_Restroom_Loitering_1,LP_Parking_and_Restroom_Loitering_1_20260605T210000.jpg,vlm_runs/2026-06-05/LP_Parking_and_Restroom_Loitering_1/LP_Parking_and_Restroom_Loitering_1_20260605T210000.jpg,vehicle_prompts,done,2026-06-08T22:51:20.470216+00:00,0.324,0,nvidia/cosmos-reason2-8b,Vehicle Safety,0.0
vlm_runs/2026-06-05,LP_Parking_and_Restroom_Loitering_1,LP_Parking_and_Restroom_Loitering_1_20260605T211500.jpg,vlm_runs/2026-06-05/LP_Parking_and_Restroom_Loitering_1/LP_Parking_and_Restroom_Loitering_1_20260605T211500.jpg,vehicle_prompts,done,2026-06-08T22:51:20.852256+00:00,0.272,0,nvidia/cosmos-reason2-8b,Vehicle Safety,visible
vlm_runs/2026-06-05,LP_Parking_and_Restroom_Loitering_1,LP_Parking_and_Restroom_Loitering_1_20260605T213000.jpg,vlm_runs/2026-06-05/LP_Parking_and_Restroom_Loitering_1/LP_Parking_and_Restroom_Loitering_1_20260605T213000.jpg,vehicle_prompts,done,2026-06-08T22:51:21.184285+00:00,0.275,0,nvidia/cosmos-reason2-8b,Vehicle Safety,0.0 Not visible
vlm_runs/2026-06-05,LP_Parking_and_Restroom_Loitering_1,LP_Parking_and_Restroom_Loitering_1_20260605T214500.jpg,vlm_runs/2026-06-05/LP_Parking_and_Restroom_Loitering_1/LP_Parking_and_Restroom_Loitering_1_20260605T214500.jpg,vehicle_prompts,done,2026-06-08T22:51:21.520153+00:00,0.268,0,nvidia/cosmos-reason2-8b,Vehicle Safety,0.0
vlm_runs/2026-06-05,LP_Parking_and_Restroom_Loitering_1,LP_Parking_and_Restroom_Loitering_1_20260605T220000.jpg,vlm_runs/2026-06-05/LP_Parking_and_Restroom_Loitering_1/LP_Parking_and_Restroom_Loitering_1_20260605T220000.jpg,vehicle_prompts,done,2026-06-08T22:51:21.848175+00:00,1.044,0,nvidia/cosmos-reason2-8b,Vehicle Safety," timestamp: <0.0> 
1. Not visible
2. Not visible
3. Not visible
4. Not visible
5. Not visible
6. Not visible
7. Not visible
8. Not visible
9. Not visible
10. Not visible
11. Not visible
12. Not visible
13. Not visible
14. Not visible"
vlm_runs/2026-06-05,LP_Parking_and_Restroom_Loitering_1,LP_Parking_and_Restroom_Loitering_1_20260605T221500.jpg,vlm_runs/2026-06-05/LP_Parking_and_Restroom_Loitering_1/LP_Parking_and_Restroom_Loitering_1_20260605T221500.jpg,vehicle_prompts,done,2026-06-08T22:51:22.951775+00:00,0.27,0,nvidia/cosmos-reason2-8b,Vehicle Safety,0.0
vlm_runs/2026-06-05,LP_Parking_and_Restroom_Loitering_1,LP_Parking_and_Restroom_Loitering_1_20260605T223000.jpg,vlm_runs/2026-06-05/LP_Parking_and_Restroom_Loitering_1/LP_Parking_and_Restroom_Loitering_1_20260605T223000.jpg,vehicle_prompts,done,2026-06-08T22:51:23.274685+00:00,0.27,0,nvidia/cosmos-reason2-8b,Vehicle Safety,0.0
vlm_runs/2026-06-05,LP_Parking_and_Restroom_Loitering_1,LP_Parking_and_Restroom_Loitering_1_20260605T224500.jpg,vlm_runs/2026-06-05/LP_Parking_and_Restroom_Loitering_1/LP_Parking_and_Restroom_Loitering_1_20260605T224500.jpg,vehicle_prompts,done,2026-06-08T22:51:23.600730+00:00,0.448,0,nvidia/cosmos-reason2-8b,Vehicle Safety,"<0.0> 
1. Not visible
2. Not visible
3. Not visible
4. Not visible
5. Not visible
6. Not visible
7. Not visible
8. Not visible
9. Not visible
10. Not visible
11. Not visible
12. Not visible
13. Not visible
14. Not visible"
vlm_runs/2026-06-05,LP_Parking_and_Restroom_Loitering_1,LP_Parking_and_Restroom_Loitering_1_20260605T230000.jpg,vlm_runs/2026-06-05/LP_Parking_and_Restroom_Loitering_1/LP_Parking_and_Restroom_Loitering_1_20260605T230000.jpg,vehicle_prompts,done,2026-06-08T22:51:24.109757+00:00,0.295,0,nvidia/cosmos-reason2-8b,Vehicle Safety,0.0 Vehicles are not visible.
vlm_runs/2026-06-05,LP_Parking_and_Restroom_Loitering_1,LP_Parking_and_Restroom_Loitering_1_20260605T231500.jpg,vlm_runs/2026-06-05/LP_Parking_and_Restroom_Loitering_1/LP_Parking_and_Restroom_Loitering_1_20260605T231500.jpg,vehicle_prompts,done,2026-06-08T22:51:24.462857+00:00,0.462,0,nvidia/cosmos-reason2-8b,Vehicle Safety,"<0.0> 
1. Not visible
2. Not visible
3. Not visible
4. Not visible
5. Not visible
6. Not visible
7. Not visible
8. Not visible
9. Not visible
10. Not visible
11. Not visible
12. Not visible
13. Not visible
14. Not visible"
vlm_runs/2026-06-05,LP_Parking_and_Restroom_Loitering_1,LP_Parking_and_Restroom_Loitering_1_20260605T233000.jpg,vlm_runs/2026-06-05/LP_Parking_and_Restroom_Loitering_1/LP_Parking_and_Restroom_Loitering_1_20260605T233000.jpg,vehicle_prompts,done,2026-06-08T22:51:24.980888+00:00,0.671,0,nvidia/cosmos-reason2-8b,Vehicle Safety,"<0.0> 
[GENERAL VEHICLE SAFETY]
1. Not visible
2. Not visible

[COLLISIONS & NEAR MISSES]
3. Not visible
4. Not visible

[PARKING & ACCESS VIOLATIONS]
5. Not visible
6. Not visible

[SUSPICIOUS VEHICLE BEHAVIOR]
7. Not visible
8. Not visible

[VEHICLE IDENTIFICATION]
9. Not visible
10. Not visible
11. Not visible

[PEDESTRIAN & CHILD SAFETY]
12. Not visible
13. Not visible
14. Not visible"
vlm_runs/2026-06-05,LP_Parking_and_Restroom_Loitering_1,LP_Parking_and_Restroom_Loitering_1_20260605T234500.jpg,vlm_runs/2026-06-05/LP_Parking_and_Restroom_Loitering_1/LP_Parking_and_Restroom_Loitering_1_20260605T234500.jpg,vehicle_prompts,done,2026-06-08T22:51:25.707479+00:00,0.282,0,nvidia/cosmos-reason2-8b,Vehicle Safety,0.0
vlm_runs/2026-06-05,LP_Parking_and_Restroom_Loitering_2,LP_Parking_and_Restroom_Loitering_2_20260605T000000.jpg,vlm_runs/2026-06-05/LP_Parking_and_Restroom_Loitering_2/LP_Parking_and_Restroom_Loitering_2_20260605T000000.jpg,vehicle_prompts,done,2026-06-08T22:52:53.624975+00:00,0.987,0,nvidia/cosmos-reason2-8b,Vehicle Safety,"<0.0> 
[GENERAL VEHICLE SAFETY]
1. Not visible
2. Not visible

[COLLISIONS & NEAR MISSES]
3. Not visible
4. Not visible

[PARKING & ACCESS VIOLATIONS]
5. Not visible
6. Not visible

[SUSPICIOUS VEHICLE BEHAVIOR]
7. Not visible
8. Not visible

[VEHICLE IDENTIFICATION]
9. Not visible
10. Not visible
11. Not visible

[PEDESTRIAN & CHILD SAFETY]
12. Not visible
13. Not visible
14. Not visible"
vlm_runs/2026-06-05,LP_Parking_and_Restroom_Loitering_2,LP_Parking_and_Restroom_Loitering_2_20260605T001500.jpg,vlm_runs/2026-06-05/LP_Parking_and_Restroom_Loitering_2/LP_Parking_and_Restroom_Loitering_2_20260605T001500.jpg,vehicle_prompts,done,2026-06-08T22:52:54.663970+00:00,0.727,0,nvidia/cosmos-reason2-8b,Vehicle Safety,"<0.0> 
[GENERAL VEHICLE SAFETY]
1. Not visible
2. Not visible

[COLLISIONS & NEAR MISSES]
3. Not visible
4. Not visible

[PARKING & ACCESS VIOLATIONS]
5. Not visible
6. Not visible

[SUSPICIOUS VEHICLE BEHAVIOR]
7. Not visible
8. Not visible

[VEHICLE IDENTIFICATION]
9. Not visible
10. Not visible
11. Not visible

[PEDESTRIAN & CHILD SAFETY]
12. Not visible
13. Not visible
14. Not visible"
vlm_runs/2026-06-05,LP_Parking_and_Restroom_Loitering_2,LP_Parking_and_Restroom_Loitering_2_20260605T003000.jpg,vlm_runs/2026-06-05/LP_Parking_and_Restroom_Loitering_2/LP_Parking_and_Restroom_Loitering_2_20260605T003000.jpg,vehicle_prompts,done,2026-06-08T22:52:55.445099+00:00,0.465,0,nvidia/cosmos-reason2-8b,Vehicle Safety,"<0.0> 
1. Not visible
2. Not visible
3. Not visible
4. Not visible
5. Not visible
6. Not visible
7. Not visible
8. Not visible
9. Not visible
10. Not visible
11. Not visible
12. Not visible
13. Not visible
14. Not visible"
vlm_runs/2026-06-05,LP_Parking_and_Restroom_Loitering_2,LP_Parking_and_Restroom_Loitering_2_20260605T004500.jpg,vlm_runs/2026-06-05/LP_Parking_and_Restroom_Loitering_2/LP_Parking_and_Restroom_Loitering_2_20260605T004500.jpg,vehicle_prompts,done,2026-06-08T22:52:55.960055+00:00,0.34,0,nvidia/cosmos-reason2-8b,Vehicle Safety,0.0
vlm_runs/2026-06-05,LP_Parking_and_Restroom_Loitering_2,LP_Parking_and_Restroom_Loitering_2_20260605T010000.jpg,vlm_runs/2026-06-05/LP_Parking_and_Restroom_Loitering_2/LP_Parking_and_Restroom_Loitering_2_20260605T010000.jpg,vehicle_prompts,done,2026-06-08T22:52:56.364780+00:00,0.499,0,nvidia/cosmos-reason2-8b,Vehicle Safety,"<0.0> 
1. Not visible
2. Not visible
3. Not visible
4. Not visible
5. Not visible
6. Not visible
7. Not visible
8. Not visible
9. Not visible
10. Not visible
11. Not visible
12. Not visible
13. Not visible
14. Not visible"
vlm_runs/2026-06-05,LP_Parking_and_Restroom_Loitering_2,LP_Parking_and_Restroom_Loitering_2_20260605T013000.jpg,vlm_runs/2026-06-05/LP_Parking_and_Restroom_Loitering_2/LP_Parking_and_Restroom_Loitering_2_20260605T013000.jpg,vehicle_prompts,done,2026-06-08T22:52:56.920704+00:00,0.749,0,nvidia/cosmos-reason2-8b,Vehicle Safety,"<0.0> 
[GENERAL VEHICLE SAFETY]
1. Not visible
2. Not visible

[COLLISIONS & NEAR MISSES]
3. Not visible
4. Not visible

[PARKING & ACCESS VIOLATIONS]
5. Not visible
6. Not visible

[SUSPICIOUS VEHICLE BEHAVIOR]
7. Not visible
8. Not visible

[VEHICLE IDENTIFICATION]
9. Not visible
10. Not visible
11. Not visible

[PEDESTRIAN & CHILD SAFETY]
12. Not visible
13. Not visible
14. Not visible"
vlm_runs/2026-06-05,LP_Parking_and_Restroom_Loitering_2,LP_Parking_and_Restroom_Loitering_2_20260605T014500.jpg,vlm_runs/2026-06-05/LP_Parking_and_Restroom_Loitering_2/LP_Parking_and_Restroom_Loitering_2_20260605T014500.jpg,vehicle_prompts,done,2026-06-08T22:52:57.723423+00:00,0.697,0,nvidia/cosmos-reason2-8b,Vehicle Safety,"Visible only at <0.0> 

[GENERAL VEHICLE SAFETY]
1. Not visible
2. Not visible

[COLLISIONS & NEAR MISSES]
3. Not visible
4. Not visible

[PARKING & ACCESS VIOLATIONS]
5. Not visible
6. Not visible

[SUSPICIOUS VEHICLE BEHAVIOR]
7. Not visible
8. Not visible

[VEHICLE IDENTIFICATION]
9. Not visible
10. Not visible
11. Not visible

[PEDESTRIAN & CHILD SAFETY]
12. Not visible
13. Not visible
14. Not visible"
vlm_runs/2026-06-05,LP_Parking_and_Restroom_Loitering_2,LP_Parking_and_Restroom_Loitering_2_20260605T020000.jpg,vlm_runs/2026-06-05/LP_Parking_and_Restroom_Loitering_2/LP_Parking_and_Restroom_Loitering_2_20260605T020000.jpg,vehicle_prompts,done,2026-06-08T22:52:58.478189+00:00,0.497,0,nvidia/cosmos-reason2-8b,Vehicle Safety,Timestamp: 0.0 1. Not visible 2. Not visible 3. Not visible 4. Not visible 5. Not visible 6. Not visible 7. Not visible 8. Not visible 9. Not visible 10. Not visible 11. Not visible 12. Not visible 13. Not visible 14. Not visible
vlm_runs/2026-06-05,LP_Parking_and_Restroom_Loitering_2,LP_Parking_and_Restroom_Loitering_2_20260605T021500.jpg,vlm_runs/2026-06-05/LP_Parking_and_Restroom_Loitering_2/LP_Parking_and_Restroom_Loitering_2_20260605T021500.jpg,vehicle_prompts,done,2026-06-08T22:52:59.038980+00:00,0.679,0,nvidia/cosmos-reason2-8b,Vehicle Safety,"<0.0> 
[GENERAL VEHICLE SAFETY]
1. Not visible
2. Not visible

[COLLISIONS & NEAR MISSES]
3. Not visible
4. Not visible

[PARKING & ACCESS VIOLATIONS]
5. Not visible
6. Not visible

[SUSPICIOUS VEHICLE BEHAVIOR]
7. Not visible
8. Not visible

[VEHICLE IDENTIFICATION]
9. Not visible
10. Not visible
11. Not visible

[PEDESTRIAN & CHILD SAFETY]
12. Not visible
13. Not visible
14. Not visible"
vlm_runs/2026-06-05,LP_Parking_and_Restroom_Loitering_2,LP_Parking_and_Restroom_Loitering_2_20260605T023000.jpg,vlm_runs/2026-06-05/LP_Parking_and_Restroom_Loitering_2/LP_Parking_and_Restroom_Loitering_2_20260605T023000.jpg,vehicle_prompts,done,2026-06-08T22:52:59.771080+00:00,0.474,0,nvidia/cosmos-reason2-8b,Vehicle Safety,"<0.0> 
1. Not visible
2. Not visible
3. Not visible
4. Not visible
5. Not visible
6. Not visible
7. Not visible
8. Not visible
9. Not visible
10. Not visible
11. Not visible
12. Not visible
13. Not visible
14. Not visible"
vlm_runs/2026-06-05,LP_Parking_and_Restroom_Loitering_2,LP_Parking_and_Restroom_Loitering_2_20260605T024500.jpg,vlm_runs/2026-06-05/LP_Parking_and_Restroom_Loitering_2/LP_Parking_and_Restroom_Loitering_2_20260605T024500.jpg,vehicle_prompts,done,2026-06-08T22:53:00.302490+00:00,0.416,0,nvidia/cosmos-reason2-8b,Vehicle Safety,"Visible Timestamp(s): 0.0 <br />
The parking lot is empty, with no vehicles present to assess speed, collisions, or other behaviors."
vlm_runs/2026-06-05,LP_Parking_and_Restroom_Loitering_2,LP_Parking_and_Restroom_Loitering_2_20260605T030000.jpg,vlm_runs/2026-06-05/LP_Parking_and_Restroom_Loitering_2/LP_Parking_and_Restroom_Loitering_2_20260605T030000.jpg,vehicle_prompts,done,2026-06-08T22:53:00.775291+00:00,0.466,0,nvidia/cosmos-reason2-8b,Vehicle Safety,"<0.0> 
1. Not visible
2. Not visible
3. Not visible
4. Not visible
5. Not visible
6. Not visible
7. Not visible
8. Not visible
9. Not visible
10. Not visible
11. Not visible
12. Not visible
13. Not visible
14. Not visible"
vlm_runs/2026-06-05,LP_Parking_and_Restroom_Loitering_2,LP_Parking_and_Restroom_Loitering_2_20260605T031500.jpg,vlm_runs/2026-06-05/LP_Parking_and_Restroom_Loitering_2/LP_Parking_and_Restroom_Loitering_2_20260605T031500.jpg,vehicle_prompts,done,2026-06-08T22:53:01.298270+00:00,0.45,0,nvidia/cosmos-reason2-8b,Vehicle Safety,"<0.0> 
1. Not visible
2. Not visible
3. Not visible
4. Not visible
5. Not visible
6. Not visible
7. Not visible
8. Not visible
9. Not visible
10. Not visible
11. Not visible
12. Not visible
13. Not visible
14. Not visible"
vlm_runs/2026-06-05,LP_Parking_and_Restroom_Loitering_2,LP_Parking_and_Restroom_Loitering_2_20260605T033000.jpg,vlm_runs/2026-06-05/LP_Parking_and_Restroom_Loitering_2/LP_Parking_and_Restroom_Loitering_2_20260605T033000.jpg,vehicle_prompts,done,2026-06-08T22:53:01.806801+00:00,0.678,0,nvidia/cosmos-reason2-8b,Vehicle Safety,"<0.0> 
[GENERAL VEHICLE SAFETY]
1. Not visible
2. Not visible

[COLLISIONS & NEAR MISSES]
3. Not visible
4. Not visible

[PARKING & ACCESS VIOLATIONS]
5. Not visible
6. Not visible

[SUSPICIOUS VEHICLE BEHAVIOR]
7. Not visible
8. Not visible

[VEHICLE IDENTIFICATION]
9. Not visible
10. Not visible
11. Not visible

[PEDESTRIAN & CHILD SAFETY]
12. Not visible
13. Not visible
14. Not visible"
vlm_runs/2026-06-05,LP_Parking_and_Restroom_Loitering_2,LP_Parking_and_Restroom_Loitering_2_20260605T034500.jpg,vlm_runs/2026-06-05/LP_Parking_and_Restroom_Loitering_2/LP_Parking_and_Restroom_Loitering_2_20260605T034500.jpg,vehicle_prompts,done,2026-06-08T22:53:02.540795+00:00,0.54,0,nvidia/cosmos-reason2-8b,Vehicle Safety,"<0.0> 
1. Not visible
2. Not visible
3. Not visible
4. Not visible
5. Not visible
6. Not visible
7. Not visible
8. Not visible
9. Not visible
10. Not visible
11. Not visible
12. Not visible
13. Not visible
14. Not visible"
vlm_runs/2026-06-05,LP_Parking_and_Restroom_Loitering_2,LP_Parking_and_Restroom_Loitering_2_20260605T040000.jpg,vlm_runs/2026-06-05/LP_Parking_and_Restroom_Loitering_2/LP_Parking_and_Restroom_Loitering_2_20260605T040000.jpg,vehicle_prompts,done,2026-06-08T22:53:03.138772+00:00,0.449,0,nvidia/cosmos-reason2-8b,Vehicle Safety,"<0.0> 
1. Not visible
2. Not visible
3. Not visible
4. Not visible
5. Not visible
6. Not visible
7. Not visible
8. Not visible
9. Not visible
10. Not visible
11. Not visible
12. Not visible
13. Not visible
14. Not visible"
vlm_runs/2026-06-05,LP_Parking_and_Restroom_Loitering_2,LP_Parking_and_Restroom_Loitering_2_20260605T041500.jpg,vlm_runs/2026-06-05/LP_Parking_and_Restroom_Loitering_2/LP_Parking_and_Restroom_Loitering_2_20260605T041500.jpg,vehicle_prompts,done,2026-06-08T22:53:03.644676+00:00,0.285,0,nvidia/cosmos-reason2-8b,Vehicle Safety,0.0 Not visible
vlm_runs/2026-06-05,LP_Parking_and_Restroom_Loitering_2,LP_Parking_and_Restroom_Loitering_2_20260605T043000.jpg,vlm_runs/2026-06-05/LP_Parking_and_Restroom_Loitering_2/LP_Parking_and_Restroom_Loitering_2_20260605T043000.jpg,vehicle_prompts,done,2026-06-08T22:53:03.984656+00:00,0.292,0,nvidia/cosmos-reason2-8b,Vehicle Safety,0.0 Not visible
vlm_runs/2026-06-05,LP_Parking_and_Restroom_Loitering_2,LP_Parking_and_Restroom_Loitering_2_20260605T044500.jpg,vlm_runs/2026-06-05/LP_Parking_and_Restroom_Loitering_2/LP_Parking_and_Restroom_Loitering_2_20260605T044500.jpg,vehicle_prompts,done,2026-06-08T22:53:04.333614+00:00,0.512,0,nvidia/cosmos-reason2-8b,Vehicle Safety,"<0.0> 
1. Not visible
2. Not visible
3. Not visible
4. Not visible
5. Not visible
6. Not visible
7. Not visible
8. Not visible
9. Not visible
10. Not visible
11. Not visible
12. Not visible
13. Not visible
14. Not visible"
vlm_runs/2026-06-05,LP_Parking_and_Restroom_Loitering_2,LP_Parking_and_Restroom_Loitering_2_20260605T050000.jpg,vlm_runs/2026-06-05/LP_Parking_and_Restroom_Loitering_2/LP_Parking_and_Restroom_Loitering_2_20260605T050000.jpg,vehicle_prompts,done,2026-06-08T22:53:04.906157+00:00,0.673,0,nvidia/cosmos-reason2-8b,Vehicle Safety,"<0.0> 

[GENERAL VEHICLE SAFETY]
1. Not visible
2. Not visible

[COLLISIONS & NEAR MISSES]
3. Not visible
4. Not visible

[PARKING & ACCESS VIOLATIONS]
5. Not visible
6. Not visible

[SUSPICIOUS VEHICLE BEHAVIOR]
7. Not visible
8. Not visible

[VEHICLE IDENTIFICATION]
9. Not visible
10. Not visible
11. Not visible

[PEDESTRIAN & CHILD SAFETY]
12. Not visible
13. Not visible
14. Not visible"
vlm_runs/2026-06-05,LP_Parking_and_Restroom_Loitering_2,LP_Parking_and_Restroom_Loitering_2_20260605T051500.jpg,vlm_runs/2026-06-05/LP_Parking_and_Restroom_Loitering_2/LP_Parking_and_Restroom_Loitering_2_20260605T051500.jpg,vehicle_prompts,done,2026-06-08T22:53:05.637318+00:00,0.489,0,nvidia/cosmos-reason2-8b,Vehicle Safety,"<0.0> 
1. Not visible
2. Not visible
3. Not visible
4. Not visible
5. Not visible
6. Not visible
7. Not visible
8. Not visible
9. Not visible
10. Not visible
11. Not visible
12. Not visible
13. Not visible
14. Not visible"
vlm_runs/2026-06-05,LP_Parking_and_Restroom_Loitering_2,LP_Parking_and_Restroom_Loitering_2_20260605T053000.jpg,vlm_runs/2026-06-05/LP_Parking_and_Restroom_Loitering_2/LP_Parking_and_Restroom_Loitering_2_20260605T053000.jpg,vehicle_prompts,done,2026-06-08T22:53:06.183995+00:00,0.385,0,nvidia/cosmos-reason2-8b,Vehicle Safety,"0.0 The image does not show any vehicles, so it is not possible to assess their speed or safety. Not visible"
vlm_runs/2026-06-05,LP_Parking_and_Restroom_Loitering_2,LP_Parking_and_Restroom_Loitering_2_20260605T054500.jpg,vlm_runs/2026-06-05/LP_Parking_and_Restroom_Loitering_2/LP_Parking_and_Restroom_Loitering_2_20260605T054500.jpg,vehicle_prompts,done,2026-06-08T22:53:06.626419+00:00,0.359,0,nvidia/cosmos-reason2-8b,Vehicle Safety,"0.0 The image does not show any vehicles, so it is not possible to assess their speed or safety. Not visible"
vlm_runs/2026-06-05,LP_Parking_and_Restroom_Loitering_2,LP_Parking_and_Restroom_Loitering_2_20260605T060000.jpg,vlm_runs/2026-06-05/LP_Parking_and_Restroom_Loitering_2/LP_Parking_and_Restroom_Loitering_2_20260605T060000.jpg,vehicle_prompts,done,2026-06-08T22:53:07.043284+00:00,0.366,0,nvidia/cosmos-reason2-8b,Vehicle Safety,"0.0 The image does not show any vehicles, so it is not possible to assess their speed or adherence to traffic rules. Not visible"
vlm_runs/2026-06-05,LP_Parking_and_Restroom_Loitering_2,LP_Parking_and_Restroom_Loitering_2_20260605T061500.jpg,vlm_runs/2026-06-05/LP_Parking_and_Restroom_Loitering_2/LP_Parking_and_Restroom_Loitering_2_20260605T061500.jpg,vehicle_prompts,done,2026-06-08T22:53:07.462769+00:00,0.67,0,nvidia/cosmos-reason2-8b,Vehicle Safety,"<0.0> 

[GENERAL VEHICLE SAFETY]
1. Not visible
2. Not visible

[COLLISIONS & NEAR MISSES]
3. Not visible
4. Not visible

[PARKING & ACCESS VIOLATIONS]
5. Not visible
6. Not visible

[SUSPICIOUS VEHICLE BEHAVIOR]
7. Not visible
8. Not visible

[VEHICLE IDENTIFICATION]
9. Not visible
10. Not visible
11. Not visible

[PEDESTRIAN & CHILD SAFETY]
12. Not visible
13. Not visible
14. Not visible"
vlm_runs/2026-06-05,LP_Parking_and_Restroom_Loitering_2,LP_Parking_and_Restroom_Loitering_2_20260605T063000.jpg,vlm_runs/2026-06-05/LP_Parking_and_Restroom_Loitering_2/LP_Parking_and_Restroom_Loitering_2_20260605T063000.jpg,vehicle_prompts,done,2026-06-08T22:53:08.186870+00:00,0.391,0,nvidia/cosmos-reason2-8b,Vehicle Safety,"0.0 The image does not show any vehicles, so it is not possible to assess their speed or safety. Not visible"
vlm_runs/2026-06-05,LP_Parking_and_Restroom_Loitering_2,LP_Parking_and_Restroom_Loitering_2_20260605T064500.jpg,vlm_runs/2026-06-05/LP_Parking_and_Restroom_Loitering_2/LP_Parking_and_Restroom_Loitering_2_20260605T064500.jpg,vehicle_prompts,done,2026-06-08T22:53:08.629101+00:00,0.439,0,nvidia/cosmos-reason2-8b,Vehicle Safety,"<0.0> 
1. Not visible
2. Not visible
3. Not visible
4. Not visible
5. Not visible
6. Not visible
7. Not visible
8. Not visible
9. Not visible
10. Not visible
11. Not visible
12. Not visible
13. Not visible
14. Not visible"
vlm_runs/2026-06-05,LP_Parking_and_Restroom_Loitering_2,LP_Parking_and_Restroom_Loitering_2_20260605T070000.jpg,vlm_runs/2026-06-05/LP_Parking_and_Restroom_Loitering_2/LP_Parking_and_Restroom_Loitering_2_20260605T070000.jpg,vehicle_prompts,done,2026-06-08T22:53:09.124016+00:00,0.452,0,nvidia/cosmos-reason2-8b,Vehicle Safety,"<0.0> 
1. Not visible
2. Not visible
3. Not visible
4. Not visible
5. Not visible
6. Not visible
7. Not visible
8. Not visible
9. Not visible
10. Not visible
11. Not visible
12. Not visible
13. Not visible
14. Not visible"
vlm_runs/2026-06-05,LP_Parking_and_Restroom_Loitering_2,LP_Parking_and_Restroom_Loitering_2_20260605T071500.jpg,vlm_runs/2026-06-05/LP_Parking_and_Restroom_Loitering_2/LP_Parking_and_Restroom_Loitering_2_20260605T071500.jpg,vehicle_prompts,done,2026-06-08T22:53:09.631185+00:00,0.445,0,nvidia/cosmos-reason2-8b,Vehicle Safety,"<0.0> 
1. Not visible
2. Not visible
3. Not visible
4. Not visible
5. Not visible
6. Not visible
7. Not visible
8. Not visible
9. Not visible
10. Not visible
11. Not visible
12. Not visible
13. Not visible
14. Not visible"
vlm_runs/2026-06-05,LP_Parking_and_Restroom_Loitering_2,LP_Parking_and_Restroom_Loitering_2_20260605T073000.jpg,vlm_runs/2026-06-05/LP_Parking_and_Restroom_Loitering_2/LP_Parking_and_Restroom_Loitering_2_20260605T073000.jpg,vehicle_prompts,done,2026-06-08T22:53:10.130756+00:00,0.444,0,nvidia/cosmos-reason2-8b,Vehicle Safety,"0.0 
1. Not visible
2. Not visible
3. Not visible
4. Not visible
5. Not visible
6. Not visible
7. Not visible
8. Not visible
9. Not visible
10. Not visible
11. Not visible
12. Not visible
13. Not visible
14. Not visible"
vlm_runs/2026-06-05,LP_Parking_and_Restroom_Loitering_2,LP_Parking_and_Restroom_Loitering_2_20260605T074500.jpg,vlm_runs/2026-06-05/LP_Parking_and_Restroom_Loitering_2/LP_Parking_and_Restroom_Loitering_2_20260605T074500.jpg,vehicle_prompts,done,2026-06-08T22:53:10.629988+00:00,0.668,0,nvidia/cosmos-reason2-8b,Vehicle Safety,"<0.0>

[GENERAL VEHICLE SAFETY]
1. Not visible
2. Not visible

[COLLISIONS & NEAR MISSES]
3. Not visible
4. Not visible

[PARKING & ACCESS VIOLATIONS]
5. Not visible
6. Not visible

[SUSPICIOUS VEHICLE BEHAVIOR]
7. Not visible
8. Not visible

[VEHICLE IDENTIFICATION]
9. Not visible
10. Not visible
11. Not visible

[PEDESTRIAN & CHILD SAFETY]
12. Not visible
13. Not visible
14. Not visible"
vlm_runs/2026-06-05,LP_Parking_and_Restroom_Loitering_2,LP_Parking_and_Restroom_Loitering_2_20260605T080000.jpg,vlm_runs/2026-06-05/LP_Parking_and_Restroom_Loitering_2/LP_Parking_and_Restroom_Loitering_2_20260605T080000.jpg,vehicle_prompts,done,2026-06-08T22:53:11.356694+00:00,0.371,0,nvidia/cosmos-reason2-8b,Vehicle Safety,"0.0 The vehicle is parked in a designated parking space, and there are no visible signs of unsafe speed or behavior. Not visible"
vlm_runs/2026-06-05,LP_Parking_and_Restroom_Loitering_2,LP_Parking_and_Restroom_Loitering_2_20260605T081500.jpg,vlm_runs/2026-06-05/LP_Parking_and_Restroom_Loitering_2/LP_Parking_and_Restroom_Loitering_2_20260605T081500.jpg,vehicle_prompts,done,2026-06-08T22:53:11.778274+00:00,0.665,0,nvidia/cosmos-reason2-8b,Vehicle Safety,"0.0

[GENERAL VEHICLE SAFETY]
1. Not visible
2. Not visible

[COLLISIONS & NEAR MISSES]
3. Not visible
4. Not visible

[PARKING & ACCESS VIOLATIONS]
5. Not visible
6. Not visible

[SUSPICIOUS VEHICLE BEHAVIOR]
7. Not visible
8. Not visible

[VEHICLE IDENTIFICATION]
9. Not visible
10. Not visible
11. Not visible

[PEDESTRIAN & CHILD SAFETY]
12. Not visible
13. Not visible
14. Not visible"
vlm_runs/2026-06-05,LP_Parking_and_Restroom_Loitering_2,LP_Parking_and_Restroom_Loitering_2_20260605T083000.jpg,vlm_runs/2026-06-05/LP_Parking_and_Restroom_Loitering_2/LP_Parking_and_Restroom_Loitering_2_20260605T083000.jpg,vehicle_prompts,done,2026-06-08T22:53:12.501097+00:00,0.282,0,nvidia/cosmos-reason2-8b,Vehicle Safety,visible
vlm_runs/2026-06-05,LP_Parking_and_Restroom_Loitering_2,LP_Parking_and_Restroom_Loitering_2_20260605T084500.jpg,vlm_runs/2026-06-05/LP_Parking_and_Restroom_Loitering_2/LP_Parking_and_Restroom_Loitering_2_20260605T084500.jpg,vehicle_prompts,done,2026-06-08T22:53:12.840962+00:00,0.35,0,nvidia/cosmos-reason2-8b,Vehicle Safety,"0.0 The image does not show any vehicles, so it is not possible to assess their speed or safety. Not visible"
vlm_runs/2026-06-05,LP_Parking_and_Restroom_Loitering_2,LP_Parking_and_Restroom_Loitering_2_20260605T090000.jpg,vlm_runs/2026-06-05/LP_Parking_and_Restroom_Loitering_2/LP_Parking_and_Restroom_Loitering_2_20260605T090000.jpg,vehicle_prompts,done,2026-06-08T22:53:13.246027+00:00,0.443,0,nvidia/cosmos-reason2-8b,Vehicle Safety,"<0.0> 
1. Not visible
2. Not visible
3. Not visible
4. Not visible
5. Not visible
6. Not visible
7. Not visible
8. Not visible
9. Not visible
10. Not visible
11. Not visible
12. Not visible
13. Not visible
14. Not visible"
vlm_runs/2026-06-05,LP_Parking_and_Restroom_Loitering_2,LP_Parking_and_Restroom_Loitering_2_20260605T091500.jpg,vlm_runs/2026-06-05/LP_Parking_and_Restroom_Loitering_2/LP_Parking_and_Restroom_Loitering_2_20260605T091500.jpg,vehicle_prompts,done,2026-06-08T22:53:13.746972+00:00,0.652,0,nvidia/cosmos-reason2-8b,Vehicle Safety,"0.0s

[GENERAL VEHICLE SAFETY]
1. Not visible
2. Not visible

[COLLISIONS & NEAR MISSES]
3. Not visible
4. Not visible

[PARKING & ACCESS VIOLATIONS]
5. Not visible
6. Not visible

[SUSPICIOUS VEHICLE BEHAVIOR]
7. Not visible
8. Not visible

[VEHICLE IDENTIFICATION]
9. Not visible
10. Not visible
11. Not visible

[PEDESTRIAN & CHILD SAFETY]
12. Not visible
13. Not visible
14. Not visible"
vlm_runs/2026-06-05,LP_Parking_and_Restroom_Loitering_2,LP_Parking_and_Restroom_Loitering_2_20260605T093000.jpg,vlm_runs/2026-06-05/LP_Parking_and_Restroom_Loitering_2/LP_Parking_and_Restroom_Loitering_2_20260605T093000.jpg,vehicle_prompts,done,2026-06-08T22:53:14.458707+00:00,0.451,0,nvidia/cosmos-reason2-8b,Vehicle Safety,"<0.0> 
1. Not visible
2. Not visible
3. Not visible
4. Not visible
5. Not visible
6. Not visible
7. Not visible
8. Not visible
9. Not visible
10. Not visible
11. Not visible
12. Not visible
13. Not visible
14. Not visible"
vlm_runs/2026-06-05,LP_Parking_and_Restroom_Loitering_2,LP_Parking_and_Restroom_Loitering_2_20260605T094500.jpg,vlm_runs/2026-06-05/LP_Parking_and_Restroom_Loitering_2/LP_Parking_and_Restroom_Loitering_2_20260605T094500.jpg,vehicle_prompts,done,2026-06-08T22:53:14.962463+00:00,0.715,0,nvidia/cosmos-reason2-8b,Vehicle Safety," GENERAL VEHICLE SAFETY
1. Not visible
2. Not visible

COLLISIONS & NEAR MISSES
3. Not visible
4. Not visible

PARKING & ACCESS VIOLATIONS
5. Not visible
6. Not visible

SUSPICIOUS VEHICLE BEHAVIOR
7. Not visible
8. Not visible

VEHICLE IDENTIFICATION
9. Not visible
10. Not visible
11. Not visible

PEDESTRIAN & CHILD SAFETY
12. Not visible
13. Not visible
14. Not visible"
vlm_runs/2026-06-05,LP_Parking_and_Restroom_Loitering_2,LP_Parking_and_Restroom_Loitering_2_20260605T100000.jpg,vlm_runs/2026-06-05/LP_Parking_and_Restroom_Loitering_2/LP_Parking_and_Restroom_Loitering_2_20260605T100000.jpg,vehicle_prompts,done,2026-06-08T22:53:15.730533+00:00,0.732,0,nvidia/cosmos-reason2-8b,Vehicle Safety,"0.0

[GENERAL VEHICLE SAFETY]
1. Not visible

[COLLISIONS & NEAR MISSES]
3. Not visible
4. Not visible

[PARKING & ACCESS VIOLATIONS]
5. Not visible
6. Not visible

[SUSPICIOUS VEHICLE BEHAVIOR]
7. Not visible
8. Not visible

[VEHICLE IDENTIFICATION]
9. Not visible
10. Not visible
11. Not visible

[PEDESTRIAN & CHILD SAFETY]
12. Not visible
13. Not visible
14. Not visible"
vlm_runs/2026-06-05,LP_Parking_and_Restroom_Loitering_2,LP_Parking_and_Restroom_Loitering_2_20260605T101500.jpg,vlm_runs/2026-06-05/LP_Parking_and_Restroom_Loitering_2/LP_Parking_and_Restroom_Loitering_2_20260605T101500.jpg,vehicle_prompts,done,2026-06-08T22:53:16.520208+00:00,0.735,0,nvidia/cosmos-reason2-8b,Vehicle Safety,"<0.0> 
[GENERAL VEHICLE SAFETY]
1. Not visible
2. Not visible

[COLLISIONS & NEAR MISSES]
3. Not visible
4. Not visible

[PARKING & ACCESS VIOLATIONS]
5. Not visible
6. Not visible

[SUSPICIOUS VEHICLE BEHAVIOR]
7. Not visible
8. Not visible

[VEHICLE IDENTIFICATION]
9. Not visible
10. Not visible
11. Not visible

[PEDESTRIAN & CHILD SAFETY]
12. Not visible
13. Not visible
14. Not visible"
vlm_runs/2026-06-05,LP_Parking_and_Restroom_Loitering_2,LP_Parking_and_Restroom_Loitering_2_20260605T103000.jpg,vlm_runs/2026-06-05/LP_Parking_and_Restroom_Loitering_2/LP_Parking_and_Restroom_Loitering_2_20260605T103000.jpg,vehicle_prompts,done,2026-06-08T22:53:17.310437+00:00,0.304,0,nvidia/cosmos-reason2-8b,Vehicle Safety,0.0 Not visible
vlm_runs/2026-06-05,LP_Parking_and_Restroom_Loitering_2,LP_Parking_and_Restroom_Loitering_2_20260605T104500.jpg,vlm_runs/2026-06-05/LP_Parking_and_Restroom_Loitering_2/LP_Parking_and_Restroom_Loitering_2_20260605T104500.jpg,vehicle_prompts,done,2026-06-08T22:53:17.673861+00:00,0.286,0,nvidia/cosmos-reason2-8b,Vehicle Safety,0.0
vlm_runs/2026-06-05,LP_Parking_and_Restroom_Loitering_2,LP_Parking_and_Restroom_Loitering_2_20260605T110000.jpg,vlm_runs/2026-06-05/LP_Parking_and_Restroom_Loitering_2/LP_Parking_and_Restroom_Loitering_2_20260605T110000.jpg,vehicle_prompts,done,2026-06-08T22:53:18.012616+00:00,0.594,0,nvidia/cosmos-reason2-8b,Vehicle Safety,"0.0

[GENERAL VEHICLE SAFETY]
1. Not visible

[COLLISIONS & NEAR MISSES]
3. Not visible

[PARKING & ACCESS VIOLATIONS]
5. Not visible

[SUSPICIOUS VEHICLE BEHAVIOR]
7. Not visible

[VEHICLE IDENTIFICATION]
9. Not visible

[PEDESTRIAN & CHILD SAFETY]
12. Not visible"
vlm_runs/2026-06-05,LP_Parking_and_Restroom_Loitering_2,LP_Parking_and_Restroom_Loitering_2_20260605T111500.jpg,vlm_runs/2026-06-05/LP_Parking_and_Restroom_Loitering_2/LP_Parking_and_Restroom_Loitering_2_20260605T111500.jpg,vehicle_prompts,done,2026-06-08T22:53:18.667102+00:00,0.684,0,nvidia/cosmos-reason2-8b,Vehicle Safety,"0.0 The image does not show any vehicles, so it is not possible to assess their speed or safety. Not visible
0.0 There are no vehicles present in the image, so no collisions or near misses can be observed. Not visible
0.0 No vehicles are visible in the image, so there are no instances of vehicles in restricted areas or violating parking rules. Not visible
0.0 No vehicles are present in the image, so there are no suspicious behaviors to report. Not visible
0.0 No vehicles are visible in the image, so no identification details can be provided. Not visible
0.0 No vehicles are present in the image, so no pedestrian interactions can be observed. Not visible"
vlm_runs/2026-06-05,LP_Parking_and_Restroom_Loitering_2,LP_Parking_and_Restroom_Loitering_2_20260605T113000.jpg,vlm_runs/2026-06-05/LP_Parking_and_Restroom_Loitering_2/LP_Parking_and_Restroom_Loitering_2_20260605T113000.jpg,vehicle_prompts,done,2026-06-08T22:53:19.405061+00:00,0.45,0,nvidia/cosmos-reason2-8b,Vehicle Safety,"<0.0> 
1. Not visible
2. Not visible
3. Not visible
4. Not visible
5. Not visible
6. Not visible
7. Not visible
8. Not visible
9. Not visible
10. Not visible
11. Not visible
12. Not visible
13. Not visible
14. Not visible"
vlm_runs/2026-06-05,LP_Parking_and_Restroom_Loitering_2,LP_Parking_and_Restroom_Loitering_2_20260605T114500.jpg,vlm_runs/2026-06-05/LP_Parking_and_Restroom_Loitering_2/LP_Parking_and_Restroom_Loitering_2_20260605T114500.jpg,vehicle_prompts,done,2026-06-08T22:53:19.911367+00:00,0.629,0,nvidia/cosmos-reason2-8b,Vehicle Safety,"The image does not show any vehicles, so there is no need to assess their speed, behavior, or positioning. There are no collisions, near misses, or violations of parking rules to report. No suspicious activities or interactions involving vehicles or pedestrians are visible. Since no vehicles are present, details such as license plates, colors, makes, or models cannot be provided. There are no pedestrians or children in the scene to evaluate for safety concerns."
vlm_runs/2026-06-05,LP_Parking_and_Restroom_Loitering_2,LP_Parking_and_Restroom_Loitering_2_20260605T120000.jpg,vlm_runs/2026-06-05/LP_Parking_and_Restroom_Loitering_2/LP_Parking_and_Restroom_Loitering_2_20260605T120000.jpg,vehicle_prompts,done,2026-06-08T22:53:20.595783+00:00,0.765,0,nvidia/cosmos-reason2-8b,Vehicle Safety,"0.0

[GENERAL VEHICLE SAFETY]
1. Not visible
2. Not visible

[COLLISIONS & NEAR MISSES]
3. Not visible
4. Not visible

[PARKING & ACCESS VIOLATIONS]
5. Not visible
6. Not visible

[SUSPICIOUS VEHICLE BEHAVIOR]
7. Not visible
8. Not visible

[VEHICLE IDENTIFICATION]
9. Not visible
10. Not visible
11. Not visible

[PEDESTRIAN & CHILD SAFETY]
12. Not visible
13. Not visible
14. Not visible"
vlm_runs/2026-06-05,LP_Parking_and_Restroom_Loitering_2,LP_Parking_and_Restroom_Loitering_2_20260605T121500.jpg,vlm_runs/2026-06-05/LP_Parking_and_Restroom_Loitering_2/LP_Parking_and_Restroom_Loitering_2_20260605T121500.jpg,vehicle_prompts,done,2026-06-08T22:53:21.418276+00:00,0.547,0,nvidia/cosmos-reason2-8b,Vehicle Safety,"<0.0> 
1. Not visible
2. Not visible
3. Not visible
4. Not visible
5. Not visible
6. Not visible
7. Not visible
8. Not visible
9. Not visible
10. Not visible
11. Not visible
12. Not visible
13. Not visible
14. Not visible"
vlm_runs/2026-06-05,LP_Parking_and_Restroom_Loitering_2,LP_Parking_and_Restroom_Loitering_2_20260605T123000.jpg,vlm_runs/2026-06-05/LP_Parking_and_Restroom_Loitering_2/LP_Parking_and_Restroom_Loitering_2_20260605T123000.jpg,vehicle_prompts,done,2026-06-08T22:53:22.016377+00:00,0.668,0,nvidia/cosmos-reason2-8b,Vehicle Safety,"<0.0>

[GENERAL VEHICLE SAFETY]
1. Not visible
2. Not visible

[COLLISIONS & NEAR MISSES]
3. Not visible
4. Not visible

[PARKING & ACCESS VIOLATIONS]
5. Not visible
6. Not visible

[SUSPICIOUS VEHICLE BEHAVIOR]
7. Not visible
8. Not visible

[VEHICLE IDENTIFICATION]
9. Not visible
10. Not visible
11. Not visible

[PEDESTRIAN & CHILD SAFETY]
12. Not visible
13. Not visible
14. Not visible"
vlm_runs/2026-06-05,LP_Parking_and_Restroom_Loitering_2,LP_Parking_and_Restroom_Loitering_2_20260605T124500.jpg,vlm_runs/2026-06-05/LP_Parking_and_Restroom_Loitering_2/LP_Parking_and_Restroom_Loitering_2_20260605T124500.jpg,vehicle_prompts,done,2026-06-08T22:53:22.743700+00:00,0.458,0,nvidia/cosmos-reason2-8b,Vehicle Safety,"0.0 The image does not show any vehicles, so there are no visible violations related to speed, collisions, or parking."
vlm_runs/2026-06-05,LP_Parking_and_Restroom_Loitering_2,LP_Parking_and_Restroom_Loitering_2_20260605T130000.jpg,vlm_runs/2026-06-05/LP_Parking_and_Restroom_Loitering_2/LP_Parking_and_Restroom_Loitering_2_20260605T130000.jpg,vehicle_prompts,done,2026-06-08T22:53:23.256574+00:00,0.692,0,nvidia/cosmos-reason2-8b,Vehicle Safety,"0.0 The image does not show any vehicles, so it is not possible to assess their speed or safety. Not visible
0.0 There are no vehicles present in the image, so no collisions or near-misses can be observed. Not visible
0.0 No vehicles are visible in the image, so there are no instances of parking or access violations. Not visible
0.0 No vehicles are present in the image, so there are no suspicious behaviors to report. Not visible
0.0 No vehicles are visible in the image, so no identification details can be provided. Not visible
0.0 No vehicles are visible in the image, so no pedestrian or child safety issues can be assessed. Not visible"
vlm_runs/2026-06-05,LP_Parking_and_Restroom_Loitering_2,LP_Parking_and_Restroom_Loitering_2_20260605T131500.jpg,vlm_runs/2026-06-05/LP_Parking_and_Restroom_Loitering_2/LP_Parking_and_Restroom_Loitering_2_20260605T131500.jpg,vehicle_prompts,done,2026-06-08T22:53:24.009720+00:00,1.392,0,nvidia/cosmos-reason2-8b,Vehicle Safety,"<0.0>

GENERAL VEHICLE SAFETY
1. Not visible
2. Not visible

COLLISIONS & NEAR MISSES
3. Not visible
4. Not visible

PARKING & ACCESS VIOLATIONS
5. Not visible
6. Not visible

SUSPICIOUS VEHICLE BEHAVIOR
7. Not visible
8. Not visible

VEHICLE IDENTIFICATION
9. Not visible
10. Not visible
11. Not visible

PEDESTRIAN & CHILD SAFETY
12. Not visible
13. Not visible
14. Not visible"
vlm_runs/2026-06-05,LP_Parking_and_Restroom_Loitering_2,LP_Parking_and_Restroom_Loitering_2_20260605T133000.jpg,vlm_runs/2026-06-05/LP_Parking_and_Restroom_Loitering_2/LP_Parking_and_Restroom_Loitering_2_20260605T133000.jpg,vehicle_prompts,done,2026-06-08T22:53:25.461679+00:00,1.124,0,nvidia/cosmos-reason2-8b,Vehicle Safety,"0.0 The image does not show any vehicles, so it is not possible to assess their speed or safety. Not visible.
0.0 There are no vehicles present in the scene, so no collisions or near-misses can be observed. Not visible.
0.0 No vehicles are visible in the image, so there are no instances of parking or access violations. Not visible.
0.0 Since there are no vehicles in the scene, there are no instances of wrong-way driving or restricted area entry. Not visible.
0.0 With no vehicles present, there are no suspicious maneuvers or pursuits to report. Not visible.
0.0 No vehicles are visible in the image, so there are no vehicles with obscured or missing plates. Not visible.
0.0 There are no vehicles in the scene, so no plate numbers can be identified. Not visible.
0.0 No vehicles are visible in the image, so there are no colors, makes, or models to report. Not visible.
0.0 There are no individuals visible in the scene, so no pedestrian safety issues can be assessed. Not visible.
0.0 No individuals are present in the scene, so there are no near misses involving pedestrians. Not visible.
0.0 There are no individuals visible in the scene, so no children at risk can be identified. Not visible."
vlm_runs/2026-06-05,LP_Parking_and_Restroom_Loitering_2,LP_Parking_and_Restroom_Loitering_2_20260605T134500.jpg,vlm_runs/2026-06-05/LP_Parking_and_Restroom_Loitering_2/LP_Parking_and_Restroom_Loitering_2_20260605T134500.jpg,vehicle_prompts,done,2026-06-08T22:53:26.645236+00:00,0.451,0,nvidia/cosmos-reason2-8b,Vehicle Safety,"<0.0> 
1. Not visible
2. Not visible
3. Not visible
4. Not visible
5. Not visible
6. Not visible
7. Not visible
8. Not visible
9. Not visible
10. Not visible
11. Not visible
12. Not visible
13. Not visible
14. Not visible"
vlm_runs/2026-06-05,LP_Parking_and_Restroom_Loitering_2,LP_Parking_and_Restroom_Loitering_2_20260605T140000.jpg,vlm_runs/2026-06-05/LP_Parking_and_Restroom_Loitering_2/LP_Parking_and_Restroom_Loitering_2_20260605T140000.jpg,vehicle_prompts,done,2026-06-08T22:53:27.149441+00:00,0.67,0,nvidia/cosmos-reason2-8b,Vehicle Safety,"<0.0>

[GENERAL VEHICLE SAFETY]
1. Not visible
2. Not visible

[COLLISIONS & NEAR MISSES]
3. Not visible
4. Not visible

[PARKING & ACCESS VIOLATIONS]
5. Not visible
6. Not visible

[SUSPICIOUS VEHICLE BEHAVIOR]
7. Not visible
8. Not visible

[VEHICLE IDENTIFICATION]
9. Not visible
10. Not visible
11. Not visible

[PEDESTRIAN & CHILD SAFETY]
12. Not visible
13. Not visible
14. Not visible"
vlm_runs/2026-06-05,LP_Parking_and_Restroom_Loitering_2,LP_Parking_and_Restroom_Loitering_2_20260605T141500.jpg,vlm_runs/2026-06-05/LP_Parking_and_Restroom_Loitering_2/LP_Parking_and_Restroom_Loitering_2_20260605T141500.jpg,vehicle_prompts,done,2026-06-08T22:53:27.877884+00:00,0.447,0,nvidia/cosmos-reason2-8b,Vehicle Safety,"<0.0> 
1. Not visible
2. Not visible
3. Not visible
4. Not visible
5. Not visible
6. Not visible
7. Not visible
8. Not visible
9. Not visible
10. Not visible
11. Not visible
12. Not visible
13. Not visible
14. Not visible"
vlm_runs/2026-06-05,LP_Parking_and_Restroom_Loitering_2,LP_Parking_and_Restroom_Loitering_2_20260605T143000.jpg,vlm_runs/2026-06-05/LP_Parking_and_Restroom_Loitering_2/LP_Parking_and_Restroom_Loitering_2_20260605T143000.jpg,vehicle_prompts,done,2026-06-08T22:53:28.383969+00:00,0.809,0,nvidia/cosmos-reason2-8b,Vehicle Safety,"<0.0>

[GENERAL VEHICLE SAFETY]
1. Not visible
2. Not visible

[COLLISIONS & NEAR MISSES]
3. Not visible
4. Not visible

[PARKING & ACCESS VIOLATIONS]
5. Not visible
6. Not visible

[SUSPICIOUS VEHICLE BEHAVIOR]
7. Not visible
8. Not visible

[VEHICLE IDENTIFICATION]
9. Not visible
10. Not visible
11. Silver Toyota RAV4 with a roof rack
12. Not visible

[PEDESTRIAN & CHILD SAFETY]
13. Not visible
14. Not visible"
vlm_runs/2026-06-05,LP_Parking_and_Restroom_Loitering_2,LP_Parking_and_Restroom_Loitering_2_20260605T144500.jpg,vlm_runs/2026-06-05/LP_Parking_and_Restroom_Loitering_2/LP_Parking_and_Restroom_Loitering_2_20260605T144500.jpg,vehicle_prompts,done,2026-06-08T22:53:29.255818+00:00,0.774,0,nvidia/cosmos-reason2-8b,Vehicle Safety,"0.0 The image does not show any vehicles, so it is not possible to assess their speed or safety. Not visible
0.0 There are no vehicles present in the image, so no collisions or near-misses can be observed. Not visible
0.0 No vehicles are visible in the image, so there are no instances of parking or access violations. Not visible
0.0 Since there are no vehicles in the image, there are no wrong-way or restricted area violations. Not visible
0.0 There are no vehicles in the image, so no suspicious behavior can be identified. Not visible
0.0 No vehicles are present in the image, so no vehicle identification details can be provided. Not visible
0.0 There are no individuals or pedestrians visible in the image, so no safety concerns can be assessed. Not visible"
vlm_runs/2026-06-05,LP_Parking_and_Restroom_Loitering_2,LP_Parking_and_Restroom_Loitering_2_20260605T150000.jpg,vlm_runs/2026-06-05/LP_Parking_and_Restroom_Loitering_2/LP_Parking_and_Restroom_Loitering_2_20260605T150000.jpg,vehicle_prompts,done,2026-06-08T22:53:30.084576+00:00,0.445,0,nvidia/cosmos-reason2-8b,Vehicle Safety,"<0.0> 
1. Not visible
2. Not visible
3. Not visible
4. Not visible
5. Not visible
6. Not visible
7. Not visible
8. Not visible
9. Not visible
10. Not visible
11. Not visible
12. Not visible
13. Not visible
14. Not visible"
vlm_runs/2026-06-05,LP_Parking_and_Restroom_Loitering_2,LP_Parking_and_Restroom_Loitering_2_20260605T151500.jpg,vlm_runs/2026-06-05/LP_Parking_and_Restroom_Loitering_2/LP_Parking_and_Restroom_Loitering_2_20260605T151500.jpg,vehicle_prompts,done,2026-06-08T22:53:30.592577+00:00,0.688,0,nvidia/cosmos-reason2-8b,Vehicle Safety,"<0.0>

GENERAL VEHICLE SAFETY
1. Not visible
2. Not visible

COLLISIONS & NEAR MISSES
3. Not visible
4. Not visible

PARKING & ACCESS VIOLATIONS
5. Not visible
6. Not visible

SUSPICIOUS VEHICLE BEHAVIOR
7. Not visible
8. Not visible

VEHICLE IDENTIFICATION
9. Not visible
10. Not visible
11. Not visible

PEDESTRIAN & CHILD SAFETY
12. Not visible
13. Not visible
14. Not visible"
vlm_runs/2026-06-05,LP_Parking_and_Restroom_Loitering_2,LP_Parking_and_Restroom_Loitering_2_20260605T153000.jpg,vlm_runs/2026-06-05/LP_Parking_and_Restroom_Loitering_2/LP_Parking_and_Restroom_Loitering_2_20260605T153000.jpg,vehicle_prompts,done,2026-06-08T22:53:31.330499+00:00,0.763,0,nvidia/cosmos-reason2-8b,Vehicle Safety,"<0.0>

GENERAL VEHICLE SAFETY
1. Not visible
2. Not visible

COLLISIONS & NEAR MISSES
3. Not visible
4. Not visible

PARKING & ACCESS VIOLATIONS
5. Not visible
6. Not visible

SUSPICIOUS VEHICLE BEHAVIOR
7. Not visible
8. Not visible

VEHICLE IDENTIFICATION
9. Not visible
10. Not visible
11. Not visible

PEDESTRIAN & CHILD SAFETY
12. Not visible
13. Not visible
14. Not visible"
vlm_runs/2026-06-05,LP_Parking_and_Restroom_Loitering_2,LP_Parking_and_Restroom_Loitering_2_20260605T154500.jpg,vlm_runs/2026-06-05/LP_Parking_and_Restroom_Loitering_2/LP_Parking_and_Restroom_Loitering_2_20260605T154500.jpg,vehicle_prompts,done,2026-06-08T22:53:32.156265+00:00,0.748,0,nvidia/cosmos-reason2-8b,Vehicle Safety,"<0.0> 
[GENERAL VEHICLE SAFETY]
1. Not visible
2. Not visible

[COLLISIONS & NEAR MISSES]
3. Not visible
4. Not visible

[PARKING & ACCESS VIOLATIONS]
5. Not visible
6. Not visible

[SUSPICIOUS VEHICLE BEHAVIOR]
7. Not visible
8. Not visible

[VEHICLE IDENTIFICATION]
9. Not visible
10. Not visible
11. Not visible

[PEDESTRIAN & CHILD SAFETY]
12. Not visible
13. Not visible
14. Not visible"
vlm_runs/2026-06-05,LP_Parking_and_Restroom_Loitering_2,LP_Parking_and_Restroom_Loitering_2_20260605T160000.jpg,vlm_runs/2026-06-05/LP_Parking_and_Restroom_Loitering_2/LP_Parking_and_Restroom_Loitering_2_20260605T160000.jpg,vehicle_prompts,done,2026-06-08T22:53:32.959650+00:00,0.657,0,nvidia/cosmos-reason2-8b,Vehicle Safety,"0.0s

[GENERAL VEHICLE SAFETY]
1. Not visible
2. Not visible

[COLLISIONS & NEAR MISSES]
3. Not visible
4. Not visible

[PARKING & ACCESS VIOLATIONS]
5. Not visible
6. Not visible

[SUSPICIOUS VEHICLE BEHAVIOR]
7. Not visible
8. Not visible

[VEHICLE IDENTIFICATION]
9. Not visible
10. Not visible
11. Not visible

[PEDESTRIAN & CHILD SAFETY]
12. Not visible
13. Not visible
14. Not visible"
vlm_runs/2026-06-05,LP_Parking_and_Restroom_Loitering_2,LP_Parking_and_Restroom_Loitering_2_20260605T161500.jpg,vlm_runs/2026-06-05/LP_Parking_and_Restroom_Loitering_2/LP_Parking_and_Restroom_Loitering_2_20260605T161500.jpg,vehicle_prompts,done,2026-06-08T22:53:33.673572+00:00,0.62,0,nvidia/cosmos-reason2-8b,Vehicle Safety,0.0 1. Not visible 2. Not visible 3. Not visible 4. Not visible 5. Not visible 6. Not visible 7. Not visible 8. Not visible 9. Not visible 10. Not visible 11. Not visible 12. Not visible 13. Not visible 14. Not visible
vlm_runs/2026-06-05,LP_Parking_and_Restroom_Loitering_2,LP_Parking_and_Restroom_Loitering_2_20260605T163000.jpg,vlm_runs/2026-06-05/LP_Parking_and_Restroom_Loitering_2/LP_Parking_and_Restroom_Loitering_2_20260605T163000.jpg,vehicle_prompts,done,2026-06-08T22:53:34.350238+00:00,0.575,0,nvidia/cosmos-reason2-8b,Vehicle Safety," timestamp: <0.0> 
1. Not visible
2. Not visible
3. Not visible
4. Not visible
5. Not visible
6. Not visible
7. Not visible
8. Not visible
9. Not visible
10. Not visible
11. Not visible
12. Not visible
13. Not visible
14. Not visible"
vlm_runs/2026-06-05,LP_Parking_and_Restroom_Loitering_2,LP_Parking_and_Restroom_Loitering_2_20260605T164500.jpg,vlm_runs/2026-06-05/LP_Parking_and_Restroom_Loitering_2/LP_Parking_and_Restroom_Loitering_2_20260605T164500.jpg,vehicle_prompts,done,2026-06-08T22:53:34.975382+00:00,0.322,0,nvidia/cosmos-reason2-8b,Vehicle Safety,0.0 Not visible
vlm_runs/2026-06-05,LP_Parking_and_Restroom_Loitering_2,LP_Parking_and_Restroom_Loitering_2_20260605T170000.jpg,vlm_runs/2026-06-05/LP_Parking_and_Restroom_Loitering_2/LP_Parking_and_Restroom_Loitering_2_20260605T170000.jpg,vehicle_prompts,done,2026-06-08T22:53:35.347524+00:00,0.467,0,nvidia/cosmos-reason2-8b,Vehicle Safety,0.0 1. Not visible 2. Not visible 3. Not visible 4. Not visible 5. Not visible 6. Not visible 7. Not visible 8. Not visible 9. Not visible 10. Not visible 11. Not visible 12. Not visible 13. Not visible 14. Not visible
vlm_runs/2026-06-05,LP_Parking_and_Restroom_Loitering_2,LP_Parking_and_Restroom_Loitering_2_20260605T171500.jpg,vlm_runs/2026-06-05/LP_Parking_and_Restroom_Loitering_2/LP_Parking_and_Restroom_Loitering_2_20260605T171500.jpg,vehicle_prompts,done,2026-06-08T22:53:35.870358+00:00,0.682,0,nvidia/cosmos-reason2-8b,Vehicle Safety,"<0.0>

[GENERAL VEHICLE SAFETY]
1. Not visible
2. Not visible

[COLLISIONS & NEAR MISSES]
3. Not visible
4. Not visible

[PARKING & ACCESS VIOLATIONS]
5. Not visible
6. Not visible

[SUSPICIOUS VEHICLE BEHAVIOR]
7. Not visible
8. Not visible

[VEHICLE IDENTIFICATION]
9. Not visible
10. Not visible
11. Not visible

[PEDESTRIAN & CHILD SAFETY]
12. Not visible
13. Not visible
14. Not visible"
vlm_runs/2026-06-05,LP_Parking_and_Restroom_Loitering_2,LP_Parking_and_Restroom_Loitering_2_20260605T173000.jpg,vlm_runs/2026-06-05/LP_Parking_and_Restroom_Loitering_2/LP_Parking_and_Restroom_Loitering_2_20260605T173000.jpg,vehicle_prompts,done,2026-06-08T22:53:36.602829+00:00,0.455,0,nvidia/cosmos-reason2-8b,Vehicle Safety,"<0.0> 
1. Not visible
2. Not visible
3. Not visible
4. Not visible
5. Not visible
6. Not visible
7. Not visible
8. Not visible
9. Not visible
10. Not visible
11. Not visible
12. Not visible
13. Not visible
14. Not visible"
vlm_runs/2026-06-05,LP_Parking_and_Restroom_Loitering_2,LP_Parking_and_Restroom_Loitering_2_20260605T174500.jpg,vlm_runs/2026-06-05/LP_Parking_and_Restroom_Loitering_2/LP_Parking_and_Restroom_Loitering_2_20260605T174500.jpg,vehicle_prompts,done,2026-06-08T22:53:37.119781+00:00,0.697,0,nvidia/cosmos-reason2-8b,Vehicle Safety,"0.0

[GENERAL VEHICLE SAFETY]
1. Not visible
2. Not visible

[COLLISIONS & NEAR MISSES]
3. Not visible
4. Not visible

[PARKING & ACCESS VIOLATIONS]
5. Not visible
6. Not visible

[SUSPICIOUS VEHICLE BEHAVIOR]
7. Not visible
8. Not visible

[VEHICLE IDENTIFICATION]
9. Not visible
10. Not visible
11. Not visible

[PEDESTRIAN & CHILD SAFETY]
12. Not visible
13. Not visible
14. Not visible"
vlm_runs/2026-06-05,LP_Parking_and_Restroom_Loitering_2,LP_Parking_and_Restroom_Loitering_2_20260605T180000.jpg,vlm_runs/2026-06-05/LP_Parking_and_Restroom_Loitering_2/LP_Parking_and_Restroom_Loitering_2_20260605T180000.jpg,vehicle_prompts,done,2026-06-08T22:53:37.869693+00:00,0.473,0,nvidia/cosmos-reason2-8b,Vehicle Safety," timestamp: <0.0> 
1. Not visible
2. Not visible
3. Not visible
4. Not visible
5. Not visible
6. Not visible
7. Not visible
8. Not visible
9. Not visible
10. Not visible
11. Not visible
12. Not visible
13. Not visible
14. Not visible"
vlm_runs/2026-06-05,LP_Parking_and_Restroom_Loitering_2,LP_Parking_and_Restroom_Loitering_2_20260605T181500.jpg,vlm_runs/2026-06-05/LP_Parking_and_Restroom_Loitering_2/LP_Parking_and_Restroom_Loitering_2_20260605T181500.jpg,vehicle_prompts,done,2026-06-08T22:53:38.401364+00:00,0.471,0,nvidia/cosmos-reason2-8b,Vehicle Safety,"<0.0> 
1. Not visible
2. Not visible
3. Not visible
4. Not visible
5. Not visible
6. Not visible
7. Not visible
8. Not visible
9. Not visible
10. Not visible
11. Not visible
12. Not visible
13. Not visible
14. Not visible"
vlm_runs/2026-06-05,LP_Parking_and_Restroom_Loitering_2,LP_Parking_and_Restroom_Loitering_2_20260605T183000.jpg,vlm_runs/2026-06-05/LP_Parking_and_Restroom_Loitering_2/LP_Parking_and_Restroom_Loitering_2_20260605T183000.jpg,vehicle_prompts,done,2026-06-08T22:53:38.926884+00:00,0.287,0,nvidia/cosmos-reason2-8b,Vehicle Safety,0.0 Not visible
vlm_runs/2026-06-05,LP_Parking_and_Restroom_Loitering_2,LP_Parking_and_Restroom_Loitering_2_20260605T184500.jpg,vlm_runs/2026-06-05/LP_Parking_and_Restroom_Loitering_2/LP_Parking_and_Restroom_Loitering_2_20260605T184500.jpg,vehicle_prompts,done,2026-06-08T22:53:39.266826+00:00,0.365,0,nvidia/cosmos-reason2-8b,Vehicle Safety,"0.0 The image does not show any vehicles, so it is not possible to assess their speed or safety. Not visible"
vlm_runs/2026-06-05,LP_Parking_and_Restroom_Loitering_2,LP_Parking_and_Restroom_Loitering_2_20260605T190000.jpg,vlm_runs/2026-06-05/LP_Parking_and_Restroom_Loitering_2/LP_Parking_and_Restroom_Loitering_2_20260605T190000.jpg,vehicle_prompts,done,2026-06-08T22:53:39.688893+00:00,0.666,0,nvidia/cosmos-reason2-8b,Vehicle Safety,"<0.0> 
[GENERAL VEHICLE SAFETY]
1. Not visible
2. Not visible

[COLLISIONS & NEAR MISSES]
3. Not visible
4. Not visible

[PARKING & ACCESS VIOLATIONS]
5. Not visible
6. Not visible

[SUSPICIOUS VEHICLE BEHAVIOR]
7. Not visible
8. Not visible

[VEHICLE IDENTIFICATION]
9. Not visible
10. Not visible
11. Not visible

[PEDESTRIAN & CHILD SAFETY]
12. Not visible
13. Not visible
14. Not visible"
vlm_runs/2026-06-05,LP_Parking_and_Restroom_Loitering_2,LP_Parking_and_Restroom_Loitering_2_20260605T191500.jpg,vlm_runs/2026-06-05/LP_Parking_and_Restroom_Loitering_2/LP_Parking_and_Restroom_Loitering_2_20260605T191500.jpg,vehicle_prompts,done,2026-06-08T22:53:40.410969+00:00,0.3,0,nvidia/cosmos-reason2-8b,Vehicle Safety,0.0 Not visible
vlm_runs/2026-06-05,LP_Parking_and_Restroom_Loitering_2,LP_Parking_and_Restroom_Loitering_2_20260605T193000.jpg,vlm_runs/2026-06-05/LP_Parking_and_Restroom_Loitering_2/LP_Parking_and_Restroom_Loitering_2_20260605T193000.jpg,vehicle_prompts,done,2026-06-08T22:53:40.774317+00:00,0.59,0,nvidia/cosmos-reason2-8b,Vehicle Safety,"<0.0>

[GENERAL VEHICLE SAFETY]
1. Not visible

[COLLISIONS & NEAR MISSES]
3. Not visible

[PARKING & ACCESS VIOLATIONS]
5. Not visible

[SUSPICIOUS VEHICLE BEHAVIOR]
7. Not visible

[VEHICLE IDENTIFICATION]
9. Not visible

[PEDESTRIAN & CHILD SAFETY]
12. Not visible"
vlm_runs/2026-06-05,LP_Parking_and_Restroom_Loitering_2,LP_Parking_and_Restroom_Loitering_2_20260605T194500.jpg,vlm_runs/2026-06-05/LP_Parking_and_Restroom_Loitering_2/LP_Parking_and_Restroom_Loitering_2_20260605T194500.jpg,vehicle_prompts,done,2026-06-08T22:53:41.426077+00:00,0.672,0,nvidia/cosmos-reason2-8b,Vehicle Safety,"<0.0> 
[GENERAL VEHICLE SAFETY]
1. Not visible
2. Not visible

[COLLISIONS & NEAR MISSES]
3. Not visible
4. Not visible

[PARKING & ACCESS VIOLATIONS]
5. Not visible
6. Not visible

[SUSPICIOUS VEHICLE BEHAVIOR]
7. Not visible
8. Not visible

[VEHICLE IDENTIFICATION]
9. Not visible
10. Not visible
11. Not visible

[PEDESTRIAN & CHILD SAFETY]
12. Not visible
13. Not visible
14. Not visible"
vlm_runs/2026-06-05,LP_Parking_and_Restroom_Loitering_2,LP_Parking_and_Restroom_Loitering_2_20260605T200000.jpg,vlm_runs/2026-06-05/LP_Parking_and_Restroom_Loitering_2/LP_Parking_and_Restroom_Loitering_2_20260605T200000.jpg,vehicle_prompts,done,2026-06-08T22:53:42.154971+00:00,0.525,0,nvidia/cosmos-reason2-8b,Vehicle Safety,"<answer>0.0</answer>
1. Not visible
2. Not visible
3. Not visible
4. Not visible
5. Not visible
6. Not visible
7. Not visible
8. Not visible
9. Not visible
10. Not visible
11. Not visible
12. Not visible
13. Not visible
14. Not visible"
vlm_runs/2026-06-05,LP_Parking_and_Restroom_Loitering_2,LP_Parking_and_Restroom_Loitering_2_20260605T201500.jpg,vlm_runs/2026-06-05/LP_Parking_and_Restroom_Loitering_2/LP_Parking_and_Restroom_Loitering_2_20260605T201500.jpg,vehicle_prompts,done,2026-06-08T22:53:42.737351+00:00,0.508,0,nvidia/cosmos-reason2-8b,Vehicle Safety,"<0.0> 
1. Not visible
2. Not visible
3. Not visible
4. Not visible
5. Not visible
6. Not visible
7. Not visible
8. Not visible
9. Not visible
10. Not visible
11. Not visible
12. Not visible
13. Not visible
14. Not visible"
vlm_runs/2026-06-05,LP_Parking_and_Restroom_Loitering_2,LP_Parking_and_Restroom_Loitering_2_20260605T203000.jpg,vlm_runs/2026-06-05/LP_Parking_and_Restroom_Loitering_2/LP_Parking_and_Restroom_Loitering_2_20260605T203000.jpg,vehicle_prompts,done,2026-06-08T22:53:43.298223+00:00,0.452,0,nvidia/cosmos-reason2-8b,Vehicle Safety,"<0.0> 
1. Not visible
2. Not visible
3. Not visible
4. Not visible
5. Not visible
6. Not visible
7. Not visible
8. Not visible
9. Not visible
10. Not visible
11. Not visible
12. Not visible
13. Not visible
14. Not visible"
vlm_runs/2026-06-05,LP_Parking_and_Restroom_Loitering_2,LP_Parking_and_Restroom_Loitering_2_20260605T204500.jpg,vlm_runs/2026-06-05/LP_Parking_and_Restroom_Loitering_2/LP_Parking_and_Restroom_Loitering_2_20260605T204500.jpg,vehicle_prompts,done,2026-06-08T22:53:43.803038+00:00,0.668,0,nvidia/cosmos-reason2-8b,Vehicle Safety,"<0.0> 
[GENERAL VEHICLE SAFETY]
1. Not visible
2. Not visible

[COLLISIONS & NEAR MISSES]
3. Not visible
4. Not visible

[PARKING & ACCESS VIOLATIONS]
5. Not visible
6. Not visible

[SUSPICIOUS VEHICLE BEHAVIOR]
7. Not visible
8. Not visible

[VEHICLE IDENTIFICATION]
9. Not visible
10. Not visible
11. Not visible

[PEDESTRIAN & CHILD SAFETY]
12. Not visible
13. Not visible
14. Not visible"
vlm_runs/2026-06-05,LP_Parking_and_Restroom_Loitering_2,LP_Parking_and_Restroom_Loitering_2_20260605T210000.jpg,vlm_runs/2026-06-05/LP_Parking_and_Restroom_Loitering_2/LP_Parking_and_Restroom_Loitering_2_20260605T210000.jpg,vehicle_prompts,done,2026-06-08T22:53:44.521718+00:00,0.468,0,nvidia/cosmos-reason2-8b,Vehicle Safety,"<0.0> 
1. Not visible
2. Not visible
3. Not visible
4. Not visible
5. Not visible
6. Not visible
7. Not visible
8. Not visible
9. Not visible
10. Not visible
11. Not visible
12. Not visible
13. Not visible
14. Not visible"
vlm_runs/2026-06-05,LP_Parking_and_Restroom_Loitering_2,LP_Parking_and_Restroom_Loitering_2_20260605T211500.jpg,vlm_runs/2026-06-05/LP_Parking_and_Restroom_Loitering_2/LP_Parking_and_Restroom_Loitering_2_20260605T211500.jpg,vehicle_prompts,done,2026-06-08T22:53:45.048785+00:00,0.448,0,nvidia/cosmos-reason2-8b,Vehicle Safety,"<0.0> 
1. Not visible
2. Not visible
3. Not visible
4. Not visible
5. Not visible
6. Not visible
7. Not visible
8. Not visible
9. Not visible
10. Not visible
11. Not visible
12. Not visible
13. Not visible
14. Not visible"
vlm_runs/2026-06-05,LP_Parking_and_Restroom_Loitering_2,LP_Parking_and_Restroom_Loitering_2_20260605T213000.jpg,vlm_runs/2026-06-05/LP_Parking_and_Restroom_Loitering_2/LP_Parking_and_Restroom_Loitering_2_20260605T213000.jpg,vehicle_prompts,done,2026-06-08T22:53:45.554006+00:00,0.44,0,nvidia/cosmos-reason2-8b,Vehicle Safety,"<0.0> 
1. Not visible
2. Not visible
3. Not visible
4. Not visible
5. Not visible
6. Not visible
7. Not visible
8. Not visible
9. Not visible
10. Not visible
11. Not visible
12. Not visible
13. Not visible
14. Not visible"
vlm_runs/2026-06-05,LP_Parking_and_Restroom_Loitering_2,LP_Parking_and_Restroom_Loitering_2_20260605T214500.jpg,vlm_runs/2026-06-05/LP_Parking_and_Restroom_Loitering_2/LP_Parking_and_Restroom_Loitering_2_20260605T214500.jpg,vehicle_prompts,done,2026-06-08T22:53:46.047056+00:00,0.452,0,nvidia/cosmos-reason2-8b,Vehicle Safety,0.0 1. Not visible 2. Not visible 3. Not visible 4. Not visible 5. Not visible 6. Not visible 7. Not visible 8. Not visible 9. Not visible 10. Not visible 11. Not visible 12. Not visible 13. Not visible 14. Not visible
vlm_runs/2026-06-05,LP_Parking_and_Restroom_Loitering_2,LP_Parking_and_Restroom_Loitering_2_20260605T220000.jpg,vlm_runs/2026-06-05/LP_Parking_and_Restroom_Loitering_2/LP_Parking_and_Restroom_Loitering_2_20260605T220000.jpg,vehicle_prompts,done,2026-06-08T22:53:46.556543+00:00,0.446,0,nvidia/cosmos-reason2-8b,Vehicle Safety,"<0.0> 
1. Not visible
2. Not visible
3. Not visible
4. Not visible
5. Not visible
6. Not visible
7. Not visible
8. Not visible
9. Not visible
10. Not visible
11. Not visible
12. Not visible
13. Not visible
14. Not visible"
vlm_runs/2026-06-05,LP_Parking_and_Restroom_Loitering_2,LP_Parking_and_Restroom_Loitering_2_20260605T221500.jpg,vlm_runs/2026-06-05/LP_Parking_and_Restroom_Loitering_2/LP_Parking_and_Restroom_Loitering_2_20260605T221500.jpg,vehicle_prompts,done,2026-06-08T22:53:47.055488+00:00,0.479,0,nvidia/cosmos-reason2-8b,Vehicle Safety,"The image does not show any vehicles, so no analysis can be performed for the listed categories."
vlm_runs/2026-06-05,LP_Parking_and_Restroom_Loitering_2,LP_Parking_and_Restroom_Loitering_2_20260605T223000.jpg,vlm_runs/2026-06-05/LP_Parking_and_Restroom_Loitering_2/LP_Parking_and_Restroom_Loitering_2_20260605T223000.jpg,vehicle_prompts,done,2026-06-08T22:53:47.584867+00:00,0.457,0,nvidia/cosmos-reason2-8b,Vehicle Safety,"<0.0> 
1. Not visible
2. Not visible
3. Not visible
4. Not visible
5. Not visible
6. Not visible
7. Not visible
8. Not visible
9. Not visible
10. Not visible
11. Not visible
12. Not visible
13. Not visible
14. Not visible"
vlm_runs/2026-06-05,LP_Parking_and_Restroom_Loitering_2,LP_Parking_and_Restroom_Loitering_2_20260605T224500.jpg,vlm_runs/2026-06-05/LP_Parking_and_Restroom_Loitering_2/LP_Parking_and_Restroom_Loitering_2_20260605T224500.jpg,vehicle_prompts,done,2026-06-08T22:53:48.097733+00:00,0.443,0,nvidia/cosmos-reason2-8b,Vehicle Safety,"<0.0> 
1. Not visible
2. Not visible
3. Not visible
4. Not visible
5. Not visible
6. Not visible
7. Not visible
8. Not visible
9. Not visible
10. Not visible
11. Not visible
12. Not visible
13. Not visible
14. Not visible"
vlm_runs/2026-06-05,LP_Parking_and_Restroom_Loitering_2,LP_Parking_and_Restroom_Loitering_2_20260605T230000.jpg,vlm_runs/2026-06-05/LP_Parking_and_Restroom_Loitering_2/LP_Parking_and_Restroom_Loitering_2_20260605T230000.jpg,vehicle_prompts,done,2026-06-08T22:53:48.594443+00:00,0.458,0,nvidia/cosmos-reason2-8b,Vehicle Safety,"<0.0> 
1. Not visible
2. Not visible
3. Not visible
4. Not visible
5. Not visible
6. Not visible
7. Not visible
8. Not visible
9. Not visible
10. Not visible
11. Not visible
12. Not visible
13. Not visible
14. Not visible"
vlm_runs/2026-06-05,LP_Parking_and_Restroom_Loitering_2,LP_Parking_and_Restroom_Loitering_2_20260605T231500.jpg,vlm_runs/2026-06-05/LP_Parking_and_Restroom_Loitering_2/LP_Parking_and_Restroom_Loitering_2_20260605T231500.jpg,vehicle_prompts,done,2026-06-08T22:53:49.105329+00:00,0.35,0,nvidia/cosmos-reason2-8b,Vehicle Safety,"0.0 The image does not show any vehicles, so there is no information to assess regarding speed, collisions, or parking violations."
vlm_runs/2026-06-05,LP_Parking_and_Restroom_Loitering_2,LP_Parking_and_Restroom_Loitering_2_20260605T233000.jpg,vlm_runs/2026-06-05/LP_Parking_and_Restroom_Loitering_2/LP_Parking_and_Restroom_Loitering_2_20260605T233000.jpg,vehicle_prompts,done,2026-06-08T22:53:49.512382+00:00,0.463,0,nvidia/cosmos-reason2-8b,Vehicle Safety,"<0.0> 
1. Not visible
2. Not visible
3. Not visible
4. Not visible
5. Not visible
6. Not visible
7. Not visible
8. Not visible
9. Not visible
10. Not visible
11. Not visible
12. Not visible
13. Not visible
14. Not visible"
vlm_runs/2026-06-05,LP_Parking_and_Restroom_Loitering_2,LP_Parking_and_Restroom_Loitering_2_20260605T234500.jpg,vlm_runs/2026-06-05/LP_Parking_and_Restroom_Loitering_2/LP_Parking_and_Restroom_Loitering_2_20260605T234500.jpg,vehicle_prompts,done,2026-06-08T22:53:50.030922+00:00,0.45,0,nvidia/cosmos-reason2-8b,Vehicle Safety,"<0.0> 
1. Not visible
2. Not visible
3. Not visible
4. Not visible
5. Not visible
6. Not visible
7. Not visible
8. Not visible
9. Not visible
10. Not visible
11. Not visible
12. Not visible
13. Not visible
14. Not visible"
vlm_runs/2026-06-05,LP_Parking_and_Restroom_Loitering_3,LP_Parking_and_Restroom_Loitering_3_20260605T000000.jpg,vlm_runs/2026-06-05/LP_Parking_and_Restroom_Loitering_3/LP_Parking_and_Restroom_Loitering_3_20260605T000000.jpg,vehicle_prompts,done,2026-06-08T22:55:08.925182+00:00,0.445,0,nvidia/cosmos-reason2-8b,Vehicle Safety,Not visible
vlm_runs/2026-06-05,LP_Parking_and_Restroom_Loitering_3,LP_Parking_and_Restroom_Loitering_3_20260605T001500.jpg,vlm_runs/2026-06-05/LP_Parking_and_Restroom_Loitering_3/LP_Parking_and_Restroom_Loitering_3_20260605T001500.jpg,vehicle_prompts,done,2026-06-08T22:55:09.431013+00:00,0.459,0,nvidia/cosmos-reason2-8b,Vehicle Safety,"<0.0>

1. Not visible
2. Not visible
3. Not visible
4. Not visible
5. Not visible
6. Not visible
7. Not visible
8. Not visible
9. Not visible
10. Not visible
11. Not visible
12. Not visible
13. Not visible
14. Not visible"
vlm_runs/2026-06-05,LP_Parking_and_Restroom_Loitering_3,LP_Parking_and_Restroom_Loitering_3_20260605T003000.jpg,vlm_runs/2026-06-05/LP_Parking_and_Restroom_Loitering_3/LP_Parking_and_Restroom_Loitering_3_20260605T003000.jpg,vehicle_prompts,done,2026-06-08T22:55:09.941779+00:00,0.487,0,nvidia/cosmos-reason2-8b,Vehicle Safety,Visible Timestamp(s): 0.0 1. Not visible 2. Not visible 3. Not visible 4. Not visible 5. Not visible 6. Not visible 7. Not visible 8. Not visible 9. Not visible 10. Not visible 11. Not visible 12. Not visible 13. Not visible 14. Not visible
vlm_runs/2026-06-05,LP_Parking_and_Restroom_Loitering_3,LP_Parking_and_Restroom_Loitering_3_20260605T004500.jpg,vlm_runs/2026-06-05/LP_Parking_and_Restroom_Loitering_3/LP_Parking_and_Restroom_Loitering_3_20260605T004500.jpg,vehicle_prompts,done,2026-06-08T22:55:10.484520+00:00,0.482,0,nvidia/cosmos-reason2-8b,Vehicle Safety,"<0.0> 
1. Not visible
2. Not visible
3. Not visible
4. Not visible
5. Not visible
6. Not visible
7. Not visible
8. Not visible
9. Not visible
10. Not visible
11. Not visible
12. Not visible
13. Not visible
14. Not visible"
vlm_runs/2026-06-05,LP_Parking_and_Restroom_Loitering_3,LP_Parking_and_Restroom_Loitering_3_20260605T010000.jpg,vlm_runs/2026-06-05/LP_Parking_and_Restroom_Loitering_3/LP_Parking_and_Restroom_Loitering_3_20260605T010000.jpg,vehicle_prompts,done,2026-06-08T22:55:11.022107+00:00,0.374,0,nvidia/cosmos-reason2-8b,Vehicle Safety,"0.0 The image does not show any vehicles, so it is not possible to assess their speed or safety. Not visible"
vlm_runs/2026-06-05,LP_Parking_and_Restroom_Loitering_3,LP_Parking_and_Restroom_Loitering_3_20260605T013000.jpg,vlm_runs/2026-06-05/LP_Parking_and_Restroom_Loitering_3/LP_Parking_and_Restroom_Loitering_3_20260605T013000.jpg,vehicle_prompts,done,2026-06-08T22:55:11.456027+00:00,0.446,0,nvidia/cosmos-reason2-8b,Vehicle Safety,"<0.0> 
1. Not visible
2. Not visible
3. Not visible
4. Not visible
5. Not visible
6. Not visible
7. Not visible
8. Not visible
9. Not visible
10. Not visible
11. Not visible
12. Not visible
13. Not visible
14. Not visible"
vlm_runs/2026-06-05,LP_Parking_and_Restroom_Loitering_3,LP_Parking_and_Restroom_Loitering_3_20260605T014500.jpg,vlm_runs/2026-06-05/LP_Parking_and_Restroom_Loitering_3/LP_Parking_and_Restroom_Loitering_3_20260605T014500.jpg,vehicle_prompts,done,2026-06-08T22:55:11.958658+00:00,0.441,0,nvidia/cosmos-reason2-8b,Vehicle Safety,"<0.0> 
1. Not visible
2. Not visible
3. Not visible
4. Not visible
5. Not visible
6. Not visible
7. Not visible
8. Not visible
9. Not visible
10. Not visible
11. Not visible
12. Not visible
13. Not visible
14. Not visible"
vlm_runs/2026-06-05,LP_Parking_and_Restroom_Loitering_3,LP_Parking_and_Restroom_Loitering_3_20260605T020000.jpg,vlm_runs/2026-06-05/LP_Parking_and_Restroom_Loitering_3/LP_Parking_and_Restroom_Loitering_3_20260605T020000.jpg,vehicle_prompts,done,2026-06-08T22:55:12.456962+00:00,0.486,0,nvidia/cosmos-reason2-8b,Vehicle Safety,Visible Timestamp(s): 0.0 1. Not visible 2. Not visible 3. Not visible 4. Not visible 5. Not visible 6. Not visible 7. Not visible 8. Not visible 9. Not visible 10. Not visible 11. Not visible 12. Not visible 13. Not visible 14. Not visible
vlm_runs/2026-06-05,LP_Parking_and_Restroom_Loitering_3,LP_Parking_and_Restroom_Loitering_3_20260605T021500.jpg,vlm_runs/2026-06-05/LP_Parking_and_Restroom_Loitering_3/LP_Parking_and_Restroom_Loitering_3_20260605T021500.jpg,vehicle_prompts,done,2026-06-08T22:55:12.996835+00:00,0.306,0,nvidia/cosmos-reason2-8b,Vehicle Safety,0.0 1-6. Not visible
vlm_runs/2026-06-05,LP_Parking_and_Restroom_Loitering_3,LP_Parking_and_Restroom_Loitering_3_20260605T023000.jpg,vlm_runs/2026-06-05/LP_Parking_and_Restroom_Loitering_3/LP_Parking_and_Restroom_Loitering_3_20260605T023000.jpg,vehicle_prompts,done,2026-06-08T22:55:13.360970+00:00,0.445,0,nvidia/cosmos-reason2-8b,Vehicle Safety,"<0.0> 
1. Not visible
2. Not visible
3. Not visible
4. Not visible
5. Not visible
6. Not visible
7. Not visible
8. Not visible
9. Not visible
10. Not visible
11. Not visible
12. Not visible
13. Not visible
14. Not visible"
vlm_runs/2026-06-05,LP_Parking_and_Restroom_Loitering_3,LP_Parking_and_Restroom_Loitering_3_20260605T024500.jpg,vlm_runs/2026-06-05/LP_Parking_and_Restroom_Loitering_3/LP_Parking_and_Restroom_Loitering_3_20260605T024500.jpg,vehicle_prompts,done,2026-06-08T22:55:13.857942+00:00,0.266,0,nvidia/cosmos-reason2-8b,Vehicle Safety,0.0
vlm_runs/2026-06-05,LP_Parking_and_Restroom_Loitering_3,LP_Parking_and_Restroom_Loitering_3_20260605T030000.jpg,vlm_runs/2026-06-05/LP_Parking_and_Restroom_Loitering_3/LP_Parking_and_Restroom_Loitering_3_20260605T030000.jpg,vehicle_prompts,done,2026-06-08T22:55:14.180603+00:00,0.461,0,nvidia/cosmos-reason2-8b,Vehicle Safety,"<0.0> 
1. Not visible
2. Not visible
3. Not visible
4. Not visible
5. Not visible
6. Not visible
7. Not visible
8. Not visible
9. Not visible
10. Not visible
11. Not visible
12. Not visible
13. Not visible
14. Not visible"
vlm_runs/2026-06-05,LP_Parking_and_Restroom_Loitering_3,LP_Parking_and_Restroom_Loitering_3_20260605T031500.jpg,vlm_runs/2026-06-05/LP_Parking_and_Restroom_Loitering_3/LP_Parking_and_Restroom_Loitering_3_20260605T031500.jpg,vehicle_prompts,done,2026-06-08T22:55:14.700042+00:00,0.456,0,nvidia/cosmos-reason2-8b,Vehicle Safety,"<0.0> 
1. Not visible
2. Not visible
3. Not visible
4. Not visible
5. Not visible
6. Not visible
7. Not visible
8. Not visible
9. Not visible
10. Not visible
11. Not visible
12. Not visible
13. Not visible
14. Not visible"
vlm_runs/2026-06-05,LP_Parking_and_Restroom_Loitering_3,LP_Parking_and_Restroom_Loitering_3_20260605T033000.jpg,vlm_runs/2026-06-05/LP_Parking_and_Restroom_Loitering_3/LP_Parking_and_Restroom_Loitering_3_20260605T033000.jpg,vehicle_prompts,done,2026-06-08T22:55:15.214880+00:00,0.451,0,nvidia/cosmos-reason2-8b,Vehicle Safety,"<0.0> 
1. Not visible
2. Not visible
3. Not visible
4. Not visible
5. Not visible
6. Not visible
7. Not visible
8. Not visible
9. Not visible
10. Not visible
11. Not visible
12. Not visible
13. Not visible
14. Not visible"
vlm_runs/2026-06-05,LP_Parking_and_Restroom_Loitering_3,LP_Parking_and_Restroom_Loitering_3_20260605T034500.jpg,vlm_runs/2026-06-05/LP_Parking_and_Restroom_Loitering_3/LP_Parking_and_Restroom_Loitering_3_20260605T034500.jpg,vehicle_prompts,done,2026-06-08T22:55:15.727815+00:00,0.441,0,nvidia/cosmos-reason2-8b,Vehicle Safety,"<0.0> 
1. Not visible
2. Not visible
3. Not visible
4. Not visible
5. Not visible
6. Not visible
7. Not visible
8. Not visible
9. Not visible
10. Not visible
11. Not visible
12. Not visible
13. Not visible
14. Not visible"
vlm_runs/2026-06-05,LP_Parking_and_Restroom_Loitering_3,LP_Parking_and_Restroom_Loitering_3_20260605T040000.jpg,vlm_runs/2026-06-05/LP_Parking_and_Restroom_Loitering_3/LP_Parking_and_Restroom_Loitering_3_20260605T040000.jpg,vehicle_prompts,done,2026-06-08T22:55:16.229974+00:00,0.448,0,nvidia/cosmos-reason2-8b,Vehicle Safety,"<0.0> 
1. Not visible
2. Not visible
3. Not visible
4. Not visible
5. Not visible
6. Not visible
7. Not visible
8. Not visible
9. Not visible
10. Not visible
11. Not visible
12. Not visible
13. Not visible
14. Not visible"
vlm_runs/2026-06-05,LP_Parking_and_Restroom_Loitering_3,LP_Parking_and_Restroom_Loitering_3_20260605T041500.jpg,vlm_runs/2026-06-05/LP_Parking_and_Restroom_Loitering_3/LP_Parking_and_Restroom_Loitering_3_20260605T041500.jpg,vehicle_prompts,done,2026-06-08T22:55:16.738922+00:00,0.45,0,nvidia/cosmos-reason2-8b,Vehicle Safety,"<0.0> 
1. Not visible
2. Not visible
3. Not visible
4. Not visible
5. Not visible
6. Not visible
7. Not visible
8. Not visible
9. Not visible
10. Not visible
11. Not visible
12. Not visible
13. Not visible
14. Not visible"
vlm_runs/2026-06-05,LP_Parking_and_Restroom_Loitering_3,LP_Parking_and_Restroom_Loitering_3_20260605T043000.jpg,vlm_runs/2026-06-05/LP_Parking_and_Restroom_Loitering_3/LP_Parking_and_Restroom_Loitering_3_20260605T043000.jpg,vehicle_prompts,done,2026-06-08T22:55:17.250763+00:00,0.527,0,nvidia/cosmos-reason2-8b,Vehicle Safety,"<0.0> 
1. Not visible
2. Not visible
3. Not visible
4. Not visible
5. Not visible
6. Not visible
7. Not visible
8. Not visible
9. Not visible
10. Not visible
11. Not visible
12. Not visible
13. Not visible
14. Not visible"
vlm_runs/2026-06-05,LP_Parking_and_Restroom_Loitering_3,LP_Parking_and_Restroom_Loitering_3_20260605T044500.jpg,vlm_runs/2026-06-05/LP_Parking_and_Restroom_Loitering_3/LP_Parking_and_Restroom_Loitering_3_20260605T044500.jpg,vehicle_prompts,done,2026-06-08T22:55:17.832288+00:00,0.317,0,nvidia/cosmos-reason2-8b,Vehicle Safety,0.0 1-6. Not visible
vlm_runs/2026-06-05,LP_Parking_and_Restroom_Loitering_3,LP_Parking_and_Restroom_Loitering_3_20260605T050000.jpg,vlm_runs/2026-06-05/LP_Parking_and_Restroom_Loitering_3/LP_Parking_and_Restroom_Loitering_3_20260605T050000.jpg,vehicle_prompts,done,2026-06-08T22:55:18.204960+00:00,0.449,0,nvidia/cosmos-reason2-8b,Vehicle Safety,"<0.0> 
1. Not visible
2. Not visible
3. Not visible
4. Not visible
5. Not visible
6. Not visible
7. Not visible
8. Not visible
9. Not visible
10. Not visible
11. Not visible
12. Not visible
13. Not visible
14. Not visible"
vlm_runs/2026-06-05,LP_Parking_and_Restroom_Loitering_3,LP_Parking_and_Restroom_Loitering_3_20260605T051500.jpg,vlm_runs/2026-06-05/LP_Parking_and_Restroom_Loitering_3/LP_Parking_and_Restroom_Loitering_3_20260605T051500.jpg,vehicle_prompts,done,2026-06-08T22:55:18.709938+00:00,0.456,0,nvidia/cosmos-reason2-8b,Vehicle Safety,Visible Timestamp(s): 0.0 1. Not visible 2. Not visible 3. Not visible 4. Not visible 5. Not visible 6. Not visible 7. Not visible 8. Not visible 9. Not visible 10. Not visible 11. Not visible 12. Not visible 13. Not visible 14. Not visible
vlm_runs/2026-06-05,LP_Parking_and_Restroom_Loitering_3,LP_Parking_and_Restroom_Loitering_3_20260605T053000.jpg,vlm_runs/2026-06-05/LP_Parking_and_Restroom_Loitering_3/LP_Parking_and_Restroom_Loitering_3_20260605T053000.jpg,vehicle_prompts,done,2026-06-08T22:55:19.221811+00:00,0.511,0,nvidia/cosmos-reason2-8b,Vehicle Safety,"<0.0>

1. Not visible
2. Not visible
3. Not visible
4. Not visible
5. Not visible
6. Not visible
7. Not visible
8. Not visible
9. Not visible
10. Not visible
11. Not visible
12. Not visible
13. Not visible
14. Not visible"
vlm_runs/2026-06-05,LP_Parking_and_Restroom_Loitering_3,LP_Parking_and_Restroom_Loitering_3_20260605T054500.jpg,vlm_runs/2026-06-05/LP_Parking_and_Restroom_Loitering_3/LP_Parking_and_Restroom_Loitering_3_20260605T054500.jpg,vehicle_prompts,done,2026-06-08T22:55:19.785592+00:00,0.671,0,nvidia/cosmos-reason2-8b,Vehicle Safety,"<0.0> 
[GENERAL VEHICLE SAFETY]
1. Not visible
2. Not visible

[COLLISIONS & NEAR MISSES]
3. Not visible
4. Not visible

[PARKING & ACCESS VIOLATIONS]
5. Not visible
6. Not visible

[SUSPICIOUS VEHICLE BEHAVIOR]
7. Not visible
8. Not visible

[VEHICLE IDENTIFICATION]
9. Not visible
10. Not visible
11. Not visible

[PEDESTRIAN & CHILD SAFETY]
12. Not visible
13. Not visible
14. Not visible"
vlm_runs/2026-06-05,LP_Parking_and_Restroom_Loitering_3,LP_Parking_and_Restroom_Loitering_3_20260605T060000.jpg,vlm_runs/2026-06-05/LP_Parking_and_Restroom_Loitering_3/LP_Parking_and_Restroom_Loitering_3_20260605T060000.jpg,vehicle_prompts,done,2026-06-08T22:55:20.515026+00:00,0.684,0,nvidia/cosmos-reason2-8b,Vehicle Safety,"<0.0> 

[GENERAL VEHICLE SAFETY]
1. Not visible
2. Not visible

[COLLISIONS & NEAR MISSES]
3. Not visible
4. Not visible

[PARKING & ACCESS VIOLATIONS]
5. Not visible
6. Not visible

[SUSPICIOUS VEHICLE BEHAVIOR]
7. Not visible
8. Not visible

[VEHICLE IDENTIFICATION]
9. Not visible
10. Not visible
11. Not visible

[PEDESTRIAN & CHILD SAFETY]
12. Not visible
13. Not visible
14. Not visible"
vlm_runs/2026-06-05,LP_Parking_and_Restroom_Loitering_3,LP_Parking_and_Restroom_Loitering_3_20260605T061500.jpg,vlm_runs/2026-06-05/LP_Parking_and_Restroom_Loitering_3/LP_Parking_and_Restroom_Loitering_3_20260605T061500.jpg,vehicle_prompts,done,2026-06-08T22:55:21.257427+00:00,0.69,0,nvidia/cosmos-reason2-8b,Vehicle Safety,"<0.0> 
[GENERAL VEHICLE SAFETY]
1. Not visible
2. Not visible

[COLLISIONS & NEAR MISSES]
3. Not visible
4. Not visible

[PARKING & ACCESS VIOLATIONS]
5. Not visible
6. Not visible

[SUSPICIOUS VEHICLE BEHAVIOR]
7. Not visible
8. Not visible

[VEHICLE IDENTIFICATION]
9. Not visible
10. Not visible
11. Not visible

[PEDESTRIAN & CHILD SAFETY]
12. Not visible
13. Not visible
14. Not visible"
vlm_runs/2026-06-05,LP_Parking_and_Restroom_Loitering_3,LP_Parking_and_Restroom_Loitering_3_20260605T063000.jpg,vlm_runs/2026-06-05/LP_Parking_and_Restroom_Loitering_3/LP_Parking_and_Restroom_Loitering_3_20260605T063000.jpg,vehicle_prompts,done,2026-06-08T22:55:22.009181+00:00,0.702,0,nvidia/cosmos-reason2-8b,Vehicle Safety,"<0.0> 
[GENERAL VEHICLE SAFETY]
1. Not visible
2. Not visible

[COLLISIONS & NEAR MISSES]
3. Not visible
4. Not visible

[PARKING & ACCESS VIOLATIONS]
5. Not visible
6. Not visible

[SUSPICIOUS VEHICLE BEHAVIOR]
7. Not visible
8. Not visible

[VEHICLE IDENTIFICATION]
9. Not visible
10. Not visible
11. Not visible

[PEDESTRIAN & CHILD SAFETY]
12. Not visible
13. Not visible
14. Not visible"
vlm_runs/2026-06-05,LP_Parking_and_Restroom_Loitering_3,LP_Parking_and_Restroom_Loitering_3_20260605T064500.jpg,vlm_runs/2026-06-05/LP_Parking_and_Restroom_Loitering_3/LP_Parking_and_Restroom_Loitering_3_20260605T064500.jpg,vehicle_prompts,done,2026-06-08T22:55:22.775299+00:00,0.716,0,nvidia/cosmos-reason2-8b,Vehicle Safety,"<0.0>

[GENERAL VEHICLE SAFETY]
1. Not visible
2. Not visible

[COLLISIONS & NEAR MISSES]
3. Not visible
4. Not visible

[PARKING & ACCESS VIOLATIONS]
5. Not visible
6. Not visible

[SUSPICIOUS VEHICLE BEHAVIOR]
7. Not visible
8. Not visible

[VEHICLE IDENTIFICATION]
9. Not visible
10. Not visible
11. Not visible

[PEDESTRIAN & CHILD SAFETY]
12. Not visible
13. Not visible
14. Not visible"
vlm_runs/2026-06-05,LP_Parking_and_Restroom_Loitering_3,LP_Parking_and_Restroom_Loitering_3_20260605T070000.jpg,vlm_runs/2026-06-05/LP_Parking_and_Restroom_Loitering_3/LP_Parking_and_Restroom_Loitering_3_20260605T070000.jpg,vehicle_prompts,done,2026-06-08T22:55:23.549328+00:00,0.752,0,nvidia/cosmos-reason2-8b,Vehicle Safety,"<0.0> 
[GENERAL VEHICLE SAFETY]
1. Not visible
2. Not visible

[COLLISIONS & NEAR MISSES]
3. Not visible
4. Not visible

[PARKING & ACCESS VIOLATIONS]
5. Not visible
6. Not visible

[SUSPICIOUS VEHICLE BEHAVIOR]
7. Not visible
8. Not visible

[VEHICLE IDENTIFICATION]
9. Not visible
10. Not visible
11. Not visible

[PEDESTRIAN & CHILD SAFETY]
12. Not visible
13. Not visible
14. Not visible"
vlm_runs/2026-06-05,LP_Parking_and_Restroom_Loitering_3,LP_Parking_and_Restroom_Loitering_3_20260605T071500.jpg,vlm_runs/2026-06-05/LP_Parking_and_Restroom_Loitering_3/LP_Parking_and_Restroom_Loitering_3_20260605T071500.jpg,vehicle_prompts,done,2026-06-08T22:55:24.359687+00:00,0.405,0,nvidia/cosmos-reason2-8b,Vehicle Safety,"0.0 The image does not show any vehicles, so there is no information to assess."
vlm_runs/2026-06-05,LP_Parking_and_Restroom_Loitering_3,LP_Parking_and_Restroom_Loitering_3_20260605T073000.jpg,vlm_runs/2026-06-05/LP_Parking_and_Restroom_Loitering_3/LP_Parking_and_Restroom_Loitering_3_20260605T073000.jpg,vehicle_prompts,done,2026-06-08T22:55:24.820326+00:00,0.53,0,nvidia/cosmos-reason2-8b,Vehicle Safety,"<answer>
1. Not visible
2. Not visible
3. Not visible
4. Not visible
5. Not visible
6. Not visible
7. Not visible
8. Not visible
9. Not visible
10. Not visible
11. Not visible
12. Not visible
13. Not visible
14. Not visible
</answer>"
vlm_runs/2026-06-05,LP_Parking_and_Restroom_Loitering_3,LP_Parking_and_Restroom_Loitering_3_20260605T074500.jpg,vlm_runs/2026-06-05/LP_Parking_and_Restroom_Loitering_3/LP_Parking_and_Restroom_Loitering_3_20260605T074500.jpg,vehicle_prompts,done,2026-06-08T22:55:25.408948+00:00,0.769,0,nvidia/cosmos-reason2-8b,Vehicle Safety,"<0.0> 
[GENERAL VEHICLE SAFETY]
1. Not visible
2. Not visible

[COLLISIONS & NEAR MISSES]
3. Not visible
4. Not visible

[PARKING & ACCESS VIOLATIONS]
5. Not visible
6. Not visible

[SUSPICIOUS VEHICLE BEHAVIOR]
7. Not visible
8. Not visible

[VEHICLE IDENTIFICATION]
9. Not visible
10. Not visible
11. Black, SUV, compact
12. Not visible
13. Not visible
14. Not visible"
vlm_runs/2026-06-05,LP_Parking_and_Restroom_Loitering_3,LP_Parking_and_Restroom_Loitering_3_20260605T080000.jpg,vlm_runs/2026-06-05/LP_Parking_and_Restroom_Loitering_3/LP_Parking_and_Restroom_Loitering_3_20260605T080000.jpg,vehicle_prompts,done,2026-06-08T22:55:26.244836+00:00,0.598,0,nvidia/cosmos-reason2-8b,Vehicle Safety,"<0.0> 
1. Not visible
2. Not visible
3. Not visible
4. Not visible
5. Not visible
6. Not visible
7. Not visible
8. Not visible
9. Not visible
10. Not visible
11. Not visible
12. Not visible
13. Not visible
14. Not visible"
vlm_runs/2026-06-05,LP_Parking_and_Restroom_Loitering_3,LP_Parking_and_Restroom_Loitering_3_20260605T081500.jpg,vlm_runs/2026-06-05/LP_Parking_and_Restroom_Loitering_3/LP_Parking_and_Restroom_Loitering_3_20260605T081500.jpg,vehicle_prompts,done,2026-06-08T22:55:26.903551+00:00,0.398,0,nvidia/cosmos-reason2-8b,Vehicle Safety,0.0 The vehicle is traveling at a safe speed within the designated area.
vlm_runs/2026-06-05,LP_Parking_and_Restroom_Loitering_3,LP_Parking_and_Restroom_Loitering_3_20260605T083000.jpg,vlm_runs/2026-06-05/LP_Parking_and_Restroom_Loitering_3/LP_Parking_and_Restroom_Loitering_3_20260605T083000.jpg,vehicle_prompts,done,2026-06-08T22:55:27.358665+00:00,0.768,0,nvidia/cosmos-reason2-8b,Vehicle Safety,"<0.0> 
[GENERAL VEHICLE SAFETY]
1. Not visible
2. Not visible

[COLLISIONS & NEAR MISSES]
3. Not visible
4. Not visible

[PARKING & ACCESS VIOLATIONS]
5. Not visible
6. Not visible

[SUSPICIOUS VEHICLE BEHAVIOR]
7. Not visible
8. Not visible

[VEHICLE IDENTIFICATION]
9. Not visible
10. Not visible
11. Black SUV

[PEDESTRIAN & CHILD SAFETY]
12. Not visible
13. Not visible
14. Not visible"
vlm_runs/2026-06-05,LP_Parking_and_Restroom_Loitering_3,LP_Parking_and_Restroom_Loitering_3_20260605T084500.jpg,vlm_runs/2026-06-05/LP_Parking_and_Restroom_Loitering_3/LP_Parking_and_Restroom_Loitering_3_20260605T084500.jpg,vehicle_prompts,done,2026-06-08T22:55:28.178115+00:00,0.5,0,nvidia/cosmos-reason2-8b,Vehicle Safety,"<0.0> 
1. Not visible
2. Not visible
3. Not visible
4. Not visible
5. Not visible
6. Not visible
7. Not visible
8. Not visible
9. Not visible
10. Not visible
11. Not visible
12. Not visible
13. Not visible
14. Not visible"
vlm_runs/2026-06-05,LP_Parking_and_Restroom_Loitering_3,LP_Parking_and_Restroom_Loitering_3_20260605T090000.jpg,vlm_runs/2026-06-05/LP_Parking_and_Restroom_Loitering_3/LP_Parking_and_Restroom_Loitering_3_20260605T090000.jpg,vehicle_prompts,done,2026-06-08T22:55:28.735742+00:00,0.468,0,nvidia/cosmos-reason2-8b,Vehicle Safety,"<0.0> 
1. Not visible
2. Not visible
3. Not visible
4. Not visible
5. Not visible
6. Not visible
7. Not visible
8. Not visible
9. Not visible
10. Not visible
11. Not visible
12. Not visible
13. Not visible
14. Not visible"
vlm_runs/2026-06-05,LP_Parking_and_Restroom_Loitering_3,LP_Parking_and_Restroom_Loitering_3_20260605T091500.jpg,vlm_runs/2026-06-05/LP_Parking_and_Restroom_Loitering_3/LP_Parking_and_Restroom_Loitering_3_20260605T091500.jpg,vehicle_prompts,done,2026-06-08T22:55:29.264691+00:00,0.282,0,nvidia/cosmos-reason2-8b,Vehicle Safety,0.0
vlm_runs/2026-06-05,LP_Parking_and_Restroom_Loitering_3,LP_Parking_and_Restroom_Loitering_3_20260605T093000.jpg,vlm_runs/2026-06-05/LP_Parking_and_Restroom_Loitering_3/LP_Parking_and_Restroom_Loitering_3_20260605T093000.jpg,vehicle_prompts,done,2026-06-08T22:55:29.601674+00:00,0.678,0,nvidia/cosmos-reason2-8b,Vehicle Safety,"<0.0>

[GENERAL VEHICLE SAFETY]
1. Not visible
2. Not visible

[COLLISIONS & NEAR MISSES]
3. Not visible
4. Not visible

[PARKING & ACCESS VIOLATIONS]
5. Not visible
6. Not visible

[SUSPICIOUS VEHICLE BEHAVIOR]
7. Not visible
8. Not visible

[VEHICLE IDENTIFICATION]
9. Not visible
10. Not visible
11. Black SUV

[PEDESTRIAN & CHILD SAFETY]
12. Not visible
13. Not visible
14. Not visible"
vlm_runs/2026-06-05,LP_Parking_and_Restroom_Loitering_3,LP_Parking_and_Restroom_Loitering_3_20260605T094500.jpg,vlm_runs/2026-06-05/LP_Parking_and_Restroom_Loitering_3/LP_Parking_and_Restroom_Loitering_3_20260605T094500.jpg,vehicle_prompts,done,2026-06-08T22:55:30.335039+00:00,0.7,0,nvidia/cosmos-reason2-8b,Vehicle Safety,"<0.0> 
[GENERAL VEHICLE SAFETY]
1. Not visible
2. Not visible

[COLLISIONS & NEAR MISSES]
3. Not visible
4. Not visible

[PARKING & ACCESS VIOLATIONS]
5. Not visible
6. Not visible

[SUSPICIOUS VEHICLE BEHAVIOR]
7. Not visible
8. Not visible

[VEHICLE IDENTIFICATION]
9. Not visible
10. Not visible
11. Black SUV

[PEDESTRIAN & CHILD SAFETY]
12. Not visible
13. Not visible
14. Not visible"
vlm_runs/2026-06-05,LP_Parking_and_Restroom_Loitering_3,LP_Parking_and_Restroom_Loitering_3_20260605T100000.jpg,vlm_runs/2026-06-05/LP_Parking_and_Restroom_Loitering_3/LP_Parking_and_Restroom_Loitering_3_20260605T100000.jpg,vehicle_prompts,done,2026-06-08T22:55:31.086705+00:00,0.381,0,nvidia/cosmos-reason2-8b,Vehicle Safety,"0.0 The vehicle is parked in a designated parking space, and there are no visible signs of unsafe speed or collisions. Not visible"
vlm_runs/2026-06-05,LP_Parking_and_Restroom_Loitering_3,LP_Parking_and_Restroom_Loitering_3_20260605T101500.jpg,vlm_runs/2026-06-05/LP_Parking_and_Restroom_Loitering_3/LP_Parking_and_Restroom_Loitering_3_20260605T101500.jpg,vehicle_prompts,done,2026-06-08T22:55:31.524654+00:00,0.695,0,nvidia/cosmos-reason2-8b,Vehicle Safety,"<0.0> 
[GENERAL VEHICLE SAFETY]
1. Not visible
2. Not visible

[COLLISIONS & NEAR MISSES]
3. Not visible
4. Not visible

[PARKING & ACCESS VIOLATIONS]
5. Not visible
6. Not visible

[SUSPICIOUS VEHICLE BEHAVIOR]
7. Not visible
8. Not visible

[VEHICLE IDENTIFICATION]
9. Not visible
10. Not visible
11. Black SUV

[PEDESTRIAN & CHILD SAFETY]
12. Not visible
13. Not visible
14. Not visible"
vlm_runs/2026-06-05,LP_Parking_and_Restroom_Loitering_3,LP_Parking_and_Restroom_Loitering_3_20260605T103000.jpg,vlm_runs/2026-06-05/LP_Parking_and_Restroom_Loitering_3/LP_Parking_and_Restroom_Loitering_3_20260605T103000.jpg,vehicle_prompts,done,2026-06-08T22:55:32.296663+00:00,0.707,0,nvidia/cosmos-reason2-8b,Vehicle Safety,"<0.0> 
[GENERAL VEHICLE SAFETY]
1. Not visible
2. Not visible

[COLLISIONS & NEAR MISSES]
3. Not visible
4. Not visible

[PARKING & ACCESS VIOLATIONS]
5. Not visible
6. Not visible

[SUSPICIOUS VEHICLE BEHAVIOR]
7. Not visible
8. Not visible

[VEHICLE IDENTIFICATION]
9. Not visible
10. Not visible
11. Black SUV

[PEDESTRIAN & CHILD SAFETY]
12. Not visible
13. Not visible
14. Not visible"
vlm_runs/2026-06-05,LP_Parking_and_Restroom_Loitering_3,LP_Parking_and_Restroom_Loitering_3_20260605T104500.jpg,vlm_runs/2026-06-05/LP_Parking_and_Restroom_Loitering_3/LP_Parking_and_Restroom_Loitering_3_20260605T104500.jpg,vehicle_prompts,done,2026-06-08T22:55:33.061216+00:00,0.692,0,nvidia/cosmos-reason2-8b,Vehicle Safety,"<0.0> 
[GENERAL VEHICLE SAFETY]
1. Not visible
2. Not visible

[COLLISIONS & NEAR MISSES]
3. Not visible
4. Not visible

[PARKING & ACCESS VIOLATIONS]
5. Not visible
6. Not visible

[SUSPICIOUS VEHICLE BEHAVIOR]
7. Not visible
8. Not visible

[VEHICLE IDENTIFICATION]
9. Not visible
10. Not visible
11. Black SUV

[PEDESTRIAN & CHILD SAFETY]
12. Not visible
13. Not visible
14. Not visible"
vlm_runs/2026-06-05,LP_Parking_and_Restroom_Loitering_3,LP_Parking_and_Restroom_Loitering_3_20260605T110000.jpg,vlm_runs/2026-06-05/LP_Parking_and_Restroom_Loitering_3/LP_Parking_and_Restroom_Loitering_3_20260605T110000.jpg,vehicle_prompts,done,2026-06-08T22:55:33.805555+00:00,0.277,0,nvidia/cosmos-reason2-8b,Vehicle Safety,0.0
vlm_runs/2026-06-05,LP_Parking_and_Restroom_Loitering_3,LP_Parking_and_Restroom_Loitering_3_20260605T111500.jpg,vlm_runs/2026-06-05/LP_Parking_and_Restroom_Loitering_3/LP_Parking_and_Restroom_Loitering_3_20260605T111500.jpg,vehicle_prompts,done,2026-06-08T22:55:34.136628+00:00,0.603,0,nvidia/cosmos-reason2-8b,Vehicle Safety,"The vehicle is parked in a designated parking space, and there are no visible signs of unsafe speed, collisions, or near misses. The vehicle is correctly positioned within the parking area, and there are no indications of suspicious behavior or violations of parking rules. The vehicle appears to be a dark-colored SUV, but the license plate is not visible. There are no pedestrians or other individuals present in the scene."
vlm_runs/2026-06-05,LP_Parking_and_Restroom_Loitering_3,LP_Parking_and_Restroom_Loitering_3_20260605T113000.jpg,vlm_runs/2026-06-05/LP_Parking_and_Restroom_Loitering_3/LP_Parking_and_Restroom_Loitering_3_20260605T113000.jpg,vehicle_prompts,done,2026-06-08T22:55:34.803280+00:00,0.695,0,nvidia/cosmos-reason2-8b,Vehicle Safety,"<0.0> 
[GENERAL VEHICLE SAFETY]
1. Not visible
2. Not visible

[COLLISIONS & NEAR MISSES]
3. Not visible
4. Not visible

[PARKING & ACCESS VIOLATIONS]
5. Not visible
6. Not visible

[SUSPICIOUS VEHICLE BEHAVIOR]
7. Not visible
8. Not visible

[VEHICLE IDENTIFICATION]
9. Not visible
10. Not visible
11. Not visible

[PEDESTRIAN & CHILD SAFETY]
12. Not visible
13. Not visible
14. Not visible"
vlm_runs/2026-06-05,LP_Parking_and_Restroom_Loitering_3,LP_Parking_and_Restroom_Loitering_3_20260605T114500.jpg,vlm_runs/2026-06-05/LP_Parking_and_Restroom_Loitering_3/LP_Parking_and_Restroom_Loitering_3_20260605T114500.jpg,vehicle_prompts,done,2026-06-08T22:55:35.549886+00:00,0.691,0,nvidia/cosmos-reason2-8b,Vehicle Safety,"<0.0> 
[GENERAL VEHICLE SAFETY]
1. Not visible
2. Not visible

[COLLISIONS & NEAR MISSES]
3. Not visible
4. Not visible

[PARKING & ACCESS VIOLATIONS]
5. Not visible
6. Not visible

[SUSPICIOUS VEHICLE BEHAVIOR]
7. Not visible
8. Not visible

[VEHICLE IDENTIFICATION]
9. Not visible
10. Not visible
11. Not visible

[PEDESTRIAN & CHILD SAFETY]
12. Not visible
13. Not visible
14. Not visible"
vlm_runs/2026-06-05,LP_Parking_and_Restroom_Loitering_3,LP_Parking_and_Restroom_Loitering_3_20260605T120000.jpg,vlm_runs/2026-06-05/LP_Parking_and_Restroom_Loitering_3/LP_Parking_and_Restroom_Loitering_3_20260605T120000.jpg,vehicle_prompts,done,2026-06-08T22:55:36.295591+00:00,0.38,0,nvidia/cosmos-reason2-8b,Vehicle Safety,"0.0 The black SUV is parked in a designated parking space, and there are no visible signs of unsafe speed, collisions, or parking violations."
vlm_runs/2026-06-05,LP_Parking_and_Restroom_Loitering_3,LP_Parking_and_Restroom_Loitering_3_20260605T121500.jpg,vlm_runs/2026-06-05/LP_Parking_and_Restroom_Loitering_3/LP_Parking_and_Restroom_Loitering_3_20260605T121500.jpg,vehicle_prompts,done,2026-06-08T22:55:36.736649+00:00,0.673,0,nvidia/cosmos-reason2-8b,Vehicle Safety,"<0.0> 
[GENERAL VEHICLE SAFETY]
1. Not visible
2. Not visible

[COLLISIONS & NEAR MISSES]
3. Not visible
4. Not visible

[PARKING & ACCESS VIOLATIONS]
5. Not visible
6. Not visible

[SUSPICIOUS VEHICLE BEHAVIOR]
7. Not visible
8. Not visible

[VEHICLE IDENTIFICATION]
9. Not visible
10. Not visible
11. Not visible

[PEDESTRIAN & CHILD SAFETY]
12. Not visible
13. Not visible
14. Not visible"
vlm_runs/2026-06-05,LP_Parking_and_Restroom_Loitering_3,LP_Parking_and_Restroom_Loitering_3_20260605T123000.jpg,vlm_runs/2026-06-05/LP_Parking_and_Restroom_Loitering_3/LP_Parking_and_Restroom_Loitering_3_20260605T123000.jpg,vehicle_prompts,done,2026-06-08T22:55:37.464383+00:00,0.457,0,nvidia/cosmos-reason2-8b,Vehicle Safety,"<0.0> 
1. Not visible
2. Not visible
3. Not visible
4. Not visible
5. Not visible
6. Not visible
7. Not visible
8. Not visible
9. Not visible
10. Not visible
11. Not visible
12. Not visible
13. Not visible
14. Not visible"
vlm_runs/2026-06-05,LP_Parking_and_Restroom_Loitering_3,LP_Parking_and_Restroom_Loitering_3_20260605T124500.jpg,vlm_runs/2026-06-05/LP_Parking_and_Restroom_Loitering_3/LP_Parking_and_Restroom_Loitering_3_20260605T124500.jpg,vehicle_prompts,done,2026-06-08T22:55:37.979030+00:00,0.34,0,nvidia/cosmos-reason2-8b,Vehicle Safety,"0.0 The vehicle is parked in a designated parking space, and there are no visible signs of unsafe speed or collisions. Not visible"
vlm_runs/2026-06-05,LP_Parking_and_Restroom_Loitering_3,LP_Parking_and_Restroom_Loitering_3_20260605T130000.jpg,vlm_runs/2026-06-05/LP_Parking_and_Restroom_Loitering_3/LP_Parking_and_Restroom_Loitering_3_20260605T130000.jpg,vehicle_prompts,done,2026-06-08T22:55:38.372517+00:00,0.669,0,nvidia/cosmos-reason2-8b,Vehicle Safety,"<0.0>

[GENERAL VEHICLE SAFETY]
1. Not visible
2. Not visible

[COLLISIONS & NEAR MISSES]
3. Not visible
4. Not visible

[PARKING & ACCESS VIOLATIONS]
5. Not visible
6. Not visible

[SUSPICIOUS VEHICLE BEHAVIOR]
7. Not visible
8. Not visible

[VEHICLE IDENTIFICATION]
9. Not visible
10. Not visible
11. Not visible

[PEDESTRIAN & CHILD SAFETY]
12. Not visible
13. Not visible
14. Not visible"
vlm_runs/2026-06-05,LP_Parking_and_Restroom_Loitering_3,LP_Parking_and_Restroom_Loitering_3_20260605T131500.jpg,vlm_runs/2026-06-05/LP_Parking_and_Restroom_Loitering_3/LP_Parking_and_Restroom_Loitering_3_20260605T131500.jpg,vehicle_prompts,done,2026-06-08T22:55:39.095193+00:00,0.689,0,nvidia/cosmos-reason2-8b,Vehicle Safety,"<0.0> 
[GENERAL VEHICLE SAFETY]
1. Not visible
2. Not visible

[COLLISIONS & NEAR MISSES]
3. Not visible
4. Not visible

[PARKING & ACCESS VIOLATIONS]
5. Not visible
6. Not visible

[SUSPICIOUS VEHICLE BEHAVIOR]
7. Not visible
8. Not visible

[VEHICLE IDENTIFICATION]
9. Not visible
10. Not visible
11. Red pickup truck
12. Not visible

[PEDESTRIAN & CHILD SAFETY]
13. Not visible
14. Not visible"
vlm_runs/2026-06-05,LP_Parking_and_Restroom_Loitering_3,LP_Parking_and_Restroom_Loitering_3_20260605T133000.jpg,vlm_runs/2026-06-05/LP_Parking_and_Restroom_Loitering_3/LP_Parking_and_Restroom_Loitering_3_20260605T133000.jpg,vehicle_prompts,done,2026-06-08T22:55:39.850206+00:00,0.712,0,nvidia/cosmos-reason2-8b,Vehicle Safety,"<0.0> 
[GENERAL VEHICLE SAFETY]
1. Yes
2. No

[COLLISIONS & NEAR MISSES]
3. No
4. 0

[PARKING & ACCESS VIOLATIONS]
5. No
6. No

[SUSPICIOUS VEHICLE BEHAVIOR]
7. No
8. No

[VEHICLE IDENTIFICATION]
9. No
10. Not visible
11. Silver SUV; Red pickup truck
12. 0
13. 0
14. 0"
vlm_runs/2026-06-05,LP_Parking_and_Restroom_Loitering_3,LP_Parking_and_Restroom_Loitering_3_20260605T134500.jpg,vlm_runs/2026-06-05/LP_Parking_and_Restroom_Loitering_3/LP_Parking_and_Restroom_Loitering_3_20260605T134500.jpg,vehicle_prompts,done,2026-06-08T22:55:40.617464+00:00,0.697,0,nvidia/cosmos-reason2-8b,Vehicle Safety,"<0.0>

[GENERAL VEHICLE SAFETY]
1. Not visible
2. Not visible

[COLLISIONS & NEAR MISSES]
3. Not visible
4. Not visible

[PARKING & ACCESS VIOLATIONS]
5. Not visible
6. Not visible

[SUSPICIOUS VEHICLE BEHAVIOR]
7. Not visible
8. Not visible

[VEHICLE IDENTIFICATION]
9. Not visible
10. Not visible
11. Red pickup truck
12. Not visible

[PEDESTRIAN & CHILD SAFETY]
13. Not visible
14. Not visible"
vlm_runs/2026-06-05,LP_Parking_and_Restroom_Loitering_3,LP_Parking_and_Restroom_Loitering_3_20260605T140000.jpg,vlm_runs/2026-06-05/LP_Parking_and_Restroom_Loitering_3/LP_Parking_and_Restroom_Loitering_3_20260605T140000.jpg,vehicle_prompts,done,2026-06-08T22:55:41.372114+00:00,0.474,0,nvidia/cosmos-reason2-8b,Vehicle Safety,"<0.0> 
1. Not visible
2. Not visible
3. Not visible
4. Not visible
5. Not visible
6. Not visible
7. Not visible
8. Not visible
9. Not visible
10. Not visible
11. Red pickup truck
12. Not visible
13. Not visible
14. Not visible"
vlm_runs/2026-06-05,LP_Parking_and_Restroom_Loitering_3,LP_Parking_and_Restroom_Loitering_3_20260605T141500.jpg,vlm_runs/2026-06-05/LP_Parking_and_Restroom_Loitering_3/LP_Parking_and_Restroom_Loitering_3_20260605T141500.jpg,vehicle_prompts,done,2026-06-08T22:55:41.897561+00:00,0.687,0,nvidia/cosmos-reason2-8b,Vehicle Safety,"<0.0> 
[GENERAL VEHICLE SAFETY]
1. Not visible
2. Not visible

[COLLISIONS & NEAR MISSES]
3. Not visible
4. Not visible

[PARKING & ACCESS VIOLATIONS]
5. Not visible
6. Not visible

[SUSPICIOUS VEHICLE BEHAVIOR]
7. Not visible
8. Not visible

[VEHICLE IDENTIFICATION]
9. Not visible
10. Not visible
11. Red pickup truck

[PEDESTRIAN & CHILD SAFETY]
12. Not visible
13. Not visible
14. Not visible"
vlm_runs/2026-06-05,LP_Parking_and_Restroom_Loitering_3,LP_Parking_and_Restroom_Loitering_3_20260605T143000.jpg,vlm_runs/2026-06-05/LP_Parking_and_Restroom_Loitering_3/LP_Parking_and_Restroom_Loitering_3_20260605T143000.jpg,vehicle_prompts,done,2026-06-08T22:55:42.646361+00:00,0.721,0,nvidia/cosmos-reason2-8b,Vehicle Safety,"<0.0> 
[GENERAL VEHICLE SAFETY]
1. Not visible
2. Not visible

[COLLISIONS & NEAR MISSES]
3. Not visible
4. Not visible

[PARKING & ACCESS VIOLATIONS]
5. Not visible
6. Not visible

[SUSPICIOUS VEHICLE BEHAVIOR]
7. Not visible
8. Not visible

[VEHICLE IDENTIFICATION]
9. Not visible
10. Not visible
11. Not visible

[PEDESTRIAN & CHILD SAFETY]
12. Not visible
13. Not visible
14. Not visible"
vlm_runs/2026-06-05,LP_Parking_and_Restroom_Loitering_3,LP_Parking_and_Restroom_Loitering_3_20260605T144500.jpg,vlm_runs/2026-06-05/LP_Parking_and_Restroom_Loitering_3/LP_Parking_and_Restroom_Loitering_3_20260605T144500.jpg,vehicle_prompts,done,2026-06-08T22:55:43.423391+00:00,0.354,0,nvidia/cosmos-reason2-8b,Vehicle Safety,"<0.0>

[SUSPICIOUS VEHICLE BEHAVIOR]
7. Not visible"
vlm_runs/2026-06-05,LP_Parking_and_Restroom_Loitering_3,LP_Parking_and_Restroom_Loitering_3_20260605T150000.jpg,vlm_runs/2026-06-05/LP_Parking_and_Restroom_Loitering_3/LP_Parking_and_Restroom_Loitering_3_20260605T150000.jpg,vehicle_prompts,done,2026-06-08T22:55:43.835485+00:00,0.685,0,nvidia/cosmos-reason2-8b,Vehicle Safety,"<0.0>

[GENERAL VEHICLE SAFETY]
1. Not visible
2. Not visible

[COLLISIONS & NEAR MISSES]
3. Not visible
4. Not visible

[PARKING & ACCESS VIOLATIONS]
5. Not visible
6. Not visible

[SUSPICIOUS VEHICLE BEHAVIOR]
7. Not visible
8. Not visible

[VEHICLE IDENTIFICATION]
9. Not visible
10. Not visible
11. Red pickup truck
12. Not visible

[PEDESTRIAN & CHILD SAFETY]
13. Not visible
14. Not visible"
vlm_runs/2026-06-05,LP_Parking_and_Restroom_Loitering_3,LP_Parking_and_Restroom_Loitering_3_20260605T151500.jpg,vlm_runs/2026-06-05/LP_Parking_and_Restroom_Loitering_3/LP_Parking_and_Restroom_Loitering_3_20260605T151500.jpg,vehicle_prompts,done,2026-06-08T22:55:44.572977+00:00,0.663,0,nvidia/cosmos-reason2-8b,Vehicle Safety,"<0.0> 
[GENERAL VEHICLE SAFETY]
1. Not visible
2. Not visible

[COLLISIONS & NEAR MISSES]
3. Not visible
4. Not visible

[PARKING & ACCESS VIOLATIONS]
5. Not visible
6. Not visible

[SUSPICIOUS VEHICLE BEHAVIOR]
7. Not visible
8. Not visible

[VEHICLE IDENTIFICATION]
9. Not visible
10. Not visible
11. Not visible

[PEDESTRIAN & CHILD SAFETY]
12. Not visible
13. Not visible
14. Not visible"
vlm_runs/2026-06-05,LP_Parking_and_Restroom_Loitering_3,LP_Parking_and_Restroom_Loitering_3_20260605T153000.jpg,vlm_runs/2026-06-05/LP_Parking_and_Restroom_Loitering_3/LP_Parking_and_Restroom_Loitering_3_20260605T153000.jpg,vehicle_prompts,done,2026-06-08T22:55:45.298617+00:00,0.673,0,nvidia/cosmos-reason2-8b,Vehicle Safety,"<0.0>

GENERAL VEHICLE SAFETY
1. Yes
2. No

COLLISIONS & NEAR MISSES
3. No
4. No

PARKING & ACCESS VIOLATIONS
5. No
6. No

SUSPICIOUS VEHICLE BEHAVIOR
7. No
8. No

VEHICLE IDENTIFICATION
9. No
10. Not visible
11. Not visible

PEDESTRIAN & CHILD SAFETY
12. No
13. No
14. No"
vlm_runs/2026-06-05,LP_Parking_and_Restroom_Loitering_3,LP_Parking_and_Restroom_Loitering_3_20260605T154500.jpg,vlm_runs/2026-06-05/LP_Parking_and_Restroom_Loitering_3/LP_Parking_and_Restroom_Loitering_3_20260605T154500.jpg,vehicle_prompts,done,2026-06-08T22:55:46.036156+00:00,0.671,0,nvidia/cosmos-reason2-8b,Vehicle Safety,"<0.0> 
[GENERAL VEHICLE SAFETY]
1. Not visible
2. Not visible

[COLLISIONS & NEAR MISSES]
3. Not visible
4. Not visible

[PARKING & ACCESS VIOLATIONS]
5. Not visible
6. Not visible

[SUSPICIOUS VEHICLE BEHAVIOR]
7. Not visible
8. Not visible

[VEHICLE IDENTIFICATION]
9. Not visible
10. Not visible
11. Not visible

[PEDESTRIAN & CHILD SAFETY]
12. Not visible
13. Not visible
14. Not visible"
vlm_runs/2026-06-05,LP_Parking_and_Restroom_Loitering_3,LP_Parking_and_Restroom_Loitering_3_20260605T160000.jpg,vlm_runs/2026-06-05/LP_Parking_and_Restroom_Loitering_3/LP_Parking_and_Restroom_Loitering_3_20260605T160000.jpg,vehicle_prompts,done,2026-06-08T22:55:46.764215+00:00,0.699,0,nvidia/cosmos-reason2-8b,Vehicle Safety,"<0.0> 
[GENERAL VEHICLE SAFETY]
1. Not visible
2. Not visible

[COLLISIONS & NEAR MISSES]
3. Not visible
4. Not visible

[PARKING & ACCESS VIOLATIONS]
5. Not visible
6. Not visible

[SUSPICIOUS VEHICLE BEHAVIOR]
7. Not visible
8. Not visible

[VEHICLE IDENTIFICATION]
9. Not visible
10. Not visible
11. Not visible

[PEDESTRIAN & CHILD SAFETY]
12. Not visible
13. Not visible
14. Not visible"
vlm_runs/2026-06-05,LP_Parking_and_Restroom_Loitering_3,LP_Parking_and_Restroom_Loitering_3_20260605T161500.jpg,vlm_runs/2026-06-05/LP_Parking_and_Restroom_Loitering_3/LP_Parking_and_Restroom_Loitering_3_20260605T161500.jpg,vehicle_prompts,done,2026-06-08T22:55:47.516000+00:00,0.669,0,nvidia/cosmos-reason2-8b,Vehicle Safety,"<0.0> 

[GENERAL VEHICLE SAFETY]
1. Not visible
2. Not visible

[COLLISIONS & NEAR MISSES]
3. Not visible
4. Not visible

[PARKING & ACCESS VIOLATIONS]
5. Not visible
6. Not visible

[SUSPICIOUS VEHICLE BEHAVIOR]
7. Not visible
8. Not visible

[VEHICLE IDENTIFICATION]
9. Not visible
10. Not visible
11. Not visible

[PEDESTRIAN & CHILD SAFETY]
12. Not visible
13. Not visible
14. Not visible"
vlm_runs/2026-06-05,LP_Parking_and_Restroom_Loitering_3,LP_Parking_and_Restroom_Loitering_3_20260605T163000.jpg,vlm_runs/2026-06-05/LP_Parking_and_Restroom_Loitering_3/LP_Parking_and_Restroom_Loitering_3_20260605T163000.jpg,vehicle_prompts,done,2026-06-08T22:55:48.243847+00:00,0.445,0,nvidia/cosmos-reason2-8b,Vehicle Safety,"<0.0> 
1. Not visible
2. Not visible
3. Not visible
4. Not visible
5. Not visible
6. Not visible
7. Not visible
8. Not visible
9. Not visible
10. Not visible
11. Not visible
12. Not visible
13. Not visible
14. Not visible"
vlm_runs/2026-06-05,LP_Parking_and_Restroom_Loitering_3,LP_Parking_and_Restroom_Loitering_3_20260605T164500.jpg,vlm_runs/2026-06-05/LP_Parking_and_Restroom_Loitering_3/LP_Parking_and_Restroom_Loitering_3_20260605T164500.jpg,vehicle_prompts,done,2026-06-08T22:55:48.754002+00:00,0.518,0,nvidia/cosmos-reason2-8b,Vehicle Safety,"<0.0> 
1. Not visible
2. Not visible
3. Not visible
4. Not visible
5. Not visible
6. Not visible
7. Not visible
8. Not visible
9. Not visible
10. Not visible
11. Not visible
12. Not visible
13. Not visible
14. Not visible"
vlm_runs/2026-06-05,LP_Parking_and_Restroom_Loitering_3,LP_Parking_and_Restroom_Loitering_3_20260605T170000.jpg,vlm_runs/2026-06-05/LP_Parking_and_Restroom_Loitering_3/LP_Parking_and_Restroom_Loitering_3_20260605T170000.jpg,vehicle_prompts,done,2026-06-08T22:55:49.323747+00:00,0.737,0,nvidia/cosmos-reason2-8b,Vehicle Safety,"<0.0> 

[GENERAL VEHICLE SAFETY]
1. Not visible
2. Not visible

[COLLISIONS & NEAR MISSES]
3. Not visible
4. Not visible

[PARKING & ACCESS VIOLATIONS]
5. Not visible
6. Not visible

[SUSPICIOUS VEHICLE BEHAVIOR]
7. Not visible
8. Not visible

[VEHICLE IDENTIFICATION]
9. Not visible
10. Not visible
11. Not visible

[PEDESTRIAN & CHILD SAFETY]
12. Not visible
13. Not visible
14. Not visible"
vlm_runs/2026-06-05,LP_Parking_and_Restroom_Loitering_3,LP_Parking_and_Restroom_Loitering_3_20260605T171500.jpg,vlm_runs/2026-06-05/LP_Parking_and_Restroom_Loitering_3/LP_Parking_and_Restroom_Loitering_3_20260605T171500.jpg,vehicle_prompts,done,2026-06-08T22:55:50.116900+00:00,0.35,0,nvidia/cosmos-reason2-8b,Vehicle Safety,0.0 Not visible
vlm_runs/2026-06-05,LP_Parking_and_Restroom_Loitering_3,LP_Parking_and_Restroom_Loitering_3_20260605T173000.jpg,vlm_runs/2026-06-05/LP_Parking_and_Restroom_Loitering_3/LP_Parking_and_Restroom_Loitering_3_20260605T173000.jpg,vehicle_prompts,done,2026-06-08T22:55:50.526708+00:00,0.548,0,nvidia/cosmos-reason2-8b,Vehicle Safety,"<0.0> 
1. Not visible
2. Not visible
3. Not visible
4. Not visible
5. Not visible
6. Not visible
7. Not visible
8. Not visible
9. Not visible
10. Not visible
11. Not visible
12. Not visible
13. Not visible
14. Not visible"
vlm_runs/2026-06-05,LP_Parking_and_Restroom_Loitering_3,LP_Parking_and_Restroom_Loitering_3_20260605T174500.jpg,vlm_runs/2026-06-05/LP_Parking_and_Restroom_Loitering_3/LP_Parking_and_Restroom_Loitering_3_20260605T174500.jpg,vehicle_prompts,done,2026-06-08T22:55:51.123274+00:00,0.49,0,nvidia/cosmos-reason2-8b,Vehicle Safety,"<0.0> 
1. Not visible
2. Not visible
3. Not visible
4. Not visible
5. Not visible
6. Not visible
7. Not visible
8. Not visible
9. Not visible
10. Not visible
11. Not visible
12. Not visible
13. Not visible
14. Not visible"
vlm_runs/2026-06-05,LP_Parking_and_Restroom_Loitering_3,LP_Parking_and_Restroom_Loitering_3_20260605T180000.jpg,vlm_runs/2026-06-05/LP_Parking_and_Restroom_Loitering_3/LP_Parking_and_Restroom_Loitering_3_20260605T180000.jpg,vehicle_prompts,done,2026-06-08T22:55:51.669526+00:00,0.449,0,nvidia/cosmos-reason2-8b,Vehicle Safety,"<0.0> 
1. Not visible
2. Not visible
3. Not visible
4. Not visible
5. Not visible
6. Not visible
7. Not visible
8. Not visible
9. Not visible
10. Not visible
11. Not visible
12. Not visible
13. Not visible
14. Not visible"
vlm_runs/2026-06-05,LP_Parking_and_Restroom_Loitering_3,LP_Parking_and_Restroom_Loitering_3_20260605T181500.jpg,vlm_runs/2026-06-05/LP_Parking_and_Restroom_Loitering_3/LP_Parking_and_Restroom_Loitering_3_20260605T181500.jpg,vehicle_prompts,done,2026-06-08T22:55:52.168978+00:00,0.462,0,nvidia/cosmos-reason2-8b,Vehicle Safety,"<0.0> 
1. Not visible
2. Not visible
3. Not visible
4. Not visible
5. Not visible
6. Not visible
7. Not visible
8. Not visible
9. Not visible
10. Not visible
11. Not visible
12. Not visible
13. Not visible
14. Not visible"
vlm_runs/2026-06-05,LP_Parking_and_Restroom_Loitering_3,LP_Parking_and_Restroom_Loitering_3_20260605T183000.jpg,vlm_runs/2026-06-05/LP_Parking_and_Restroom_Loitering_3/LP_Parking_and_Restroom_Loitering_3_20260605T183000.jpg,vehicle_prompts,done,2026-06-08T22:55:52.694311+00:00,0.441,0,nvidia/cosmos-reason2-8b,Vehicle Safety,"<0.0> 
1. Not visible
2. Not visible
3. Not visible
4. Not visible
5. Not visible
6. Not visible
7. Not visible
8. Not visible
9. Not visible
10. Not visible
11. Not visible
12. Not visible
13. Not visible
14. Not visible"
vlm_runs/2026-06-05,LP_Parking_and_Restroom_Loitering_3,LP_Parking_and_Restroom_Loitering_3_20260605T184500.jpg,vlm_runs/2026-06-05/LP_Parking_and_Restroom_Loitering_3/LP_Parking_and_Restroom_Loitering_3_20260605T184500.jpg,vehicle_prompts,done,2026-06-08T22:55:53.189929+00:00,0.456,0,nvidia/cosmos-reason2-8b,Vehicle Safety,"<0.0> 
1. Not visible
2. Not visible
3. Not visible
4. Not visible
5. Not visible
6. Not visible
7. Not visible
8. Not visible
9. Not visible
10. Not visible
11. Not visible
12. Not visible
13. Not visible
14. Not visible"
vlm_runs/2026-06-05,LP_Parking_and_Restroom_Loitering_3,LP_Parking_and_Restroom_Loitering_3_20260605T190000.jpg,vlm_runs/2026-06-05/LP_Parking_and_Restroom_Loitering_3/LP_Parking_and_Restroom_Loitering_3_20260605T190000.jpg,vehicle_prompts,done,2026-06-08T22:55:53.703290+00:00,0.68,0,nvidia/cosmos-reason2-8b,Vehicle Safety,"<0.0> 
[GENERAL VEHICLE SAFETY]
1. Not visible
2. Not visible

[COLLISIONS & NEAR MISSES]
3. Not visible
4. Not visible

[PARKING & ACCESS VIOLATIONS]
5. Not visible
6. Not visible

[SUSPICIOUS VEHICLE BEHAVIOR]
7. Not visible
8. Not visible

[VEHICLE IDENTIFICATION]
9. Not visible
10. Not visible
11. Black sedan

[PEDESTRIAN & CHILD SAFETY]
12. Not visible
13. Not visible
14. Not visible"
vlm_runs/2026-06-05,LP_Parking_and_Restroom_Loitering_3,LP_Parking_and_Restroom_Loitering_3_20260605T191500.jpg,vlm_runs/2026-06-05/LP_Parking_and_Restroom_Loitering_3/LP_Parking_and_Restroom_Loitering_3_20260605T191500.jpg,vehicle_prompts,done,2026-06-08T22:55:54.439642+00:00,0.658,0,nvidia/cosmos-reason2-8b,Vehicle Safety,"<0.0> 
[GENERAL VEHICLE SAFETY]
1. Not visible
2. Not visible

[COLLISIONS & NEAR MISSES]
3. Not visible
4. Not visible

[PARKING & ACCESS VIOLATIONS]
5. Not visible
6. Not visible

[SUSPICIOUS VEHICLE BEHAVIOR]
7. Not visible
8. Not visible

[VEHICLE IDENTIFICATION]
9. Not visible
10. Not visible
11. Not visible

[PEDESTRIAN & CHILD SAFETY]
12. Not visible
13. Not visible
14. Not visible"
vlm_runs/2026-06-05,LP_Parking_and_Restroom_Loitering_3,LP_Parking_and_Restroom_Loitering_3_20260605T193000.jpg,vlm_runs/2026-06-05/LP_Parking_and_Restroom_Loitering_3/LP_Parking_and_Restroom_Loitering_3_20260605T193000.jpg,vehicle_prompts,done,2026-06-08T22:55:55.154188+00:00,0.453,0,nvidia/cosmos-reason2-8b,Vehicle Safety,"<0.0> 
1. Not visible
2. Not visible
3. Not visible
4. Not visible
5. Not visible
6. Not visible
7. Not visible
8. Not visible
9. Not visible
10. Not visible
11. Not visible
12. Not visible
13. Not visible
14. Not visible"
vlm_runs/2026-06-05,LP_Parking_and_Restroom_Loitering_3,LP_Parking_and_Restroom_Loitering_3_20260605T194500.jpg,vlm_runs/2026-06-05/LP_Parking_and_Restroom_Loitering_3/LP_Parking_and_Restroom_Loitering_3_20260605T194500.jpg,vehicle_prompts,done,2026-06-08T22:55:55.659034+00:00,0.66,0,nvidia/cosmos-reason2-8b,Vehicle Safety,"<0.0> 

[GENERAL VEHICLE SAFETY]
1. Not visible
2. Not visible

[COLLISIONS & NEAR MISSES]
3. Not visible
4. Not visible

[PARKING & ACCESS VIOLATIONS]
5. Not visible
6. Not visible

[SUSPICIOUS VEHICLE BEHAVIOR]
7. Not visible
8. Not visible

[VEHICLE IDENTIFICATION]
9. Not visible
10. Not visible
11. Not visible

[PEDESTRIAN & CHILD SAFETY]
12. Not visible
13. Not visible
14. Not visible"
vlm_runs/2026-06-05,LP_Parking_and_Restroom_Loitering_3,LP_Parking_and_Restroom_Loitering_3_20260605T200000.jpg,vlm_runs/2026-06-05/LP_Parking_and_Restroom_Loitering_3/LP_Parking_and_Restroom_Loitering_3_20260605T200000.jpg,vehicle_prompts,done,2026-06-08T22:55:56.375664+00:00,0.402,0,nvidia/cosmos-reason2-8b,Vehicle Safety,"The image does not show any vehicles, so no analysis can be performed for the listed categories."
vlm_runs/2026-06-05,LP_Parking_and_Restroom_Loitering_3,LP_Parking_and_Restroom_Loitering_3_20260605T201500.jpg,vlm_runs/2026-06-05/LP_Parking_and_Restroom_Loitering_3/LP_Parking_and_Restroom_Loitering_3_20260605T201500.jpg,vehicle_prompts,done,2026-06-08T22:55:56.833788+00:00,0.675,0,nvidia/cosmos-reason2-8b,Vehicle Safety,"<0.0> 
[GENERAL VEHICLE SAFETY]
1. Not visible
2. Not visible

[COLLISIONS & NEAR MISSES]
3. Not visible
4. Not visible

[PARKING & ACCESS VIOLATIONS]
5. Not visible
6. Not visible

[SUSPICIOUS VEHICLE BEHAVIOR]
7. Not visible
8. Not visible

[VEHICLE IDENTIFICATION]
9. Not visible
10. Not visible
11. Not visible

[PEDESTRIAN & CHILD SAFETY]
12. Not visible
13. Not visible
14. Not visible"
vlm_runs/2026-06-05,LP_Parking_and_Restroom_Loitering_3,LP_Parking_and_Restroom_Loitering_3_20260605T203000.jpg,vlm_runs/2026-06-05/LP_Parking_and_Restroom_Loitering_3/LP_Parking_and_Restroom_Loitering_3_20260605T203000.jpg,vehicle_prompts,done,2026-06-08T22:55:57.563808+00:00,0.459,0,nvidia/cosmos-reason2-8b,Vehicle Safety,"<0.0> 
1. Not visible
2. Not visible
3. Not visible
4. Not visible
5. Not visible
6. Not visible
7. Not visible
8. Not visible
9. Not visible
10. Not visible
11. Not visible
12. Not visible
13. Not visible
14. Not visible"
vlm_runs/2026-06-05,LP_Parking_and_Restroom_Loitering_3,LP_Parking_and_Restroom_Loitering_3_20260605T204500.jpg,vlm_runs/2026-06-05/LP_Parking_and_Restroom_Loitering_3/LP_Parking_and_Restroom_Loitering_3_20260605T204500.jpg,vehicle_prompts,done,2026-06-08T22:55:58.074478+00:00,0.318,0,nvidia/cosmos-reason2-8b,Vehicle Safety,Visible Timestamp(s): 0.0 Not visible
vlm_runs/2026-06-05,LP_Parking_and_Restroom_Loitering_3,LP_Parking_and_Restroom_Loitering_3_20260605T210000.jpg,vlm_runs/2026-06-05/LP_Parking_and_Restroom_Loitering_3/LP_Parking_and_Restroom_Loitering_3_20260605T210000.jpg,vehicle_prompts,done,2026-06-08T22:55:58.450663+00:00,0.438,0,nvidia/cosmos-reason2-8b,Vehicle Safety,"<0.0> 
1. Not visible
2. Not visible
3. Not visible
4. Not visible
5. Not visible
6. Not visible
7. Not visible
8. Not visible
9. Not visible
10. Not visible
11. Not visible
12. Not visible
13. Not visible
14. Not visible"
vlm_runs/2026-06-05,LP_Parking_and_Restroom_Loitering_3,LP_Parking_and_Restroom_Loitering_3_20260605T211500.jpg,vlm_runs/2026-06-05/LP_Parking_and_Restroom_Loitering_3/LP_Parking_and_Restroom_Loitering_3_20260605T211500.jpg,vehicle_prompts,done,2026-06-08T22:55:58.940714+00:00,0.297,0,nvidia/cosmos-reason2-8b,Vehicle Safety,0.0 [1]
vlm_runs/2026-06-05,LP_Parking_and_Restroom_Loitering_3,LP_Parking_and_Restroom_Loitering_3_20260605T213000.jpg,vlm_runs/2026-06-05/LP_Parking_and_Restroom_Loitering_3/LP_Parking_and_Restroom_Loitering_3_20260605T213000.jpg,vehicle_prompts,done,2026-06-08T22:55:59.295197+00:00,0.663,0,nvidia/cosmos-reason2-8b,Vehicle Safety,"Visible timestamps: 0.0s

[GENERAL VEHICLE SAFETY]
1. Not visible
2. Not visible

[COLLISIONS & NEAR MISSES]
3. Not visible
4. Not visible

[PARKING & ACCESS VIOLATIONS]
5. Not visible
6. Not visible

[SUSPICIOUS VEHICLE BEHAVIOR]
7. Not visible
8. Not visible

[VEHICLE IDENTIFICATION]
9. Not visible
10. Not visible
11. Not visible

[PEDESTRIAN & CHILD SAFETY]
12. Not visible
13. Not visible
14. Not visible"
vlm_runs/2026-06-05,LP_Parking_and_Restroom_Loitering_3,LP_Parking_and_Restroom_Loitering_3_20260605T214500.jpg,vlm_runs/2026-06-05/LP_Parking_and_Restroom_Loitering_3/LP_Parking_and_Restroom_Loitering_3_20260605T214500.jpg,vehicle_prompts,done,2026-06-08T22:56:00.015184+00:00,0.341,0,nvidia/cosmos-reason2-8b,Vehicle Safety,Visible Timestamps: 0.0 Additional Contexts: Not visible
vlm_runs/2026-06-05,LP_Parking_and_Restroom_Loitering_3,LP_Parking_and_Restroom_Loitering_3_20260605T220000.jpg,vlm_runs/2026-06-05/LP_Parking_and_Restroom_Loitering_3/LP_Parking_and_Restroom_Loitering_3_20260605T220000.jpg,vehicle_prompts,done,2026-06-08T22:56:00.416612+00:00,0.441,0,nvidia/cosmos-reason2-8b,Vehicle Safety,"<0.0> 
1. Not visible
2. Not visible
3. Not visible
4. Not visible
5. Not visible
6. Not visible
7. Not visible
8. Not visible
9. Not visible
10. Not visible
11. Not visible
12. Not visible
13. Not visible
14. Not visible"
vlm_runs/2026-06-05,LP_Parking_and_Restroom_Loitering_3,LP_Parking_and_Restroom_Loitering_3_20260605T221500.jpg,vlm_runs/2026-06-05/LP_Parking_and_Restroom_Loitering_3/LP_Parking_and_Restroom_Loitering_3_20260605T221500.jpg,vehicle_prompts,done,2026-06-08T22:56:00.915086+00:00,0.462,0,nvidia/cosmos-reason2-8b,Vehicle Safety,"<0.0> 
1. Not visible
2. Not visible
3. Not visible
4. Not visible
5. Not visible
6. Not visible
7. Not visible
8. Not visible
9. Not visible
10. Not visible
11. Not visible
12. Not visible
13. Not visible
14. Not visible"
vlm_runs/2026-06-05,LP_Parking_and_Restroom_Loitering_3,LP_Parking_and_Restroom_Loitering_3_20260605T223000.jpg,vlm_runs/2026-06-05/LP_Parking_and_Restroom_Loitering_3/LP_Parking_and_Restroom_Loitering_3_20260605T223000.jpg,vehicle_prompts,done,2026-06-08T22:56:01.434006+00:00,0.456,0,nvidia/cosmos-reason2-8b,Vehicle Safety,"<0.0> 
1. Not visible
2. Not visible
3. Not visible
4. Not visible
5. Not visible
6. Not visible
7. Not visible
8. Not visible
9. Not visible
10. Not visible
11. Not visible
12. Not visible
13. Not visible
14. Not visible"
vlm_runs/2026-06-05,LP_Parking_and_Restroom_Loitering_3,LP_Parking_and_Restroom_Loitering_3_20260605T224500.jpg,vlm_runs/2026-06-05/LP_Parking_and_Restroom_Loitering_3/LP_Parking_and_Restroom_Loitering_3_20260605T224500.jpg,vehicle_prompts,done,2026-06-08T22:56:01.948426+00:00,0.482,0,nvidia/cosmos-reason2-8b,Vehicle Safety,"<0.0> 
1. Not visible
2. Not visible
3. Not visible
4. Not visible
5. Not visible
6. Not visible
7. Not visible
8. Not visible
9. Not visible
10. Not visible
11. Not visible
12. Not visible
13. Not visible
14. Not visible"
vlm_runs/2026-06-05,LP_Parking_and_Restroom_Loitering_3,LP_Parking_and_Restroom_Loitering_3_20260605T230000.jpg,vlm_runs/2026-06-05/LP_Parking_and_Restroom_Loitering_3/LP_Parking_and_Restroom_Loitering_3_20260605T230000.jpg,vehicle_prompts,done,2026-06-08T22:56:02.484171+00:00,0.455,0,nvidia/cosmos-reason2-8b,Vehicle Safety,"<0.0> 
1. Not visible
2. Not visible
3. Not visible
4. Not visible
5. Not visible
6. Not visible
7. Not visible
8. Not visible
9. Not visible
10. Not visible
11. Not visible
12. Not visible
13. Not visible
14. Not visible"
vlm_runs/2026-06-05,LP_Parking_and_Restroom_Loitering_3,LP_Parking_and_Restroom_Loitering_3_20260605T231500.jpg,vlm_runs/2026-06-05/LP_Parking_and_Restroom_Loitering_3/LP_Parking_and_Restroom_Loitering_3_20260605T231500.jpg,vehicle_prompts,done,2026-06-08T22:56:02.999016+00:00,0.27,0,nvidia/cosmos-reason2-8b,Vehicle Safety,0.0
vlm_runs/2026-06-05,LP_Parking_and_Restroom_Loitering_3,LP_Parking_and_Restroom_Loitering_3_20260605T233000.jpg,vlm_runs/2026-06-05/LP_Parking_and_Restroom_Loitering_3/LP_Parking_and_Restroom_Loitering_3_20260605T233000.jpg,vehicle_prompts,done,2026-06-08T22:56:03.322528+00:00,0.454,0,nvidia/cosmos-reason2-8b,Vehicle Safety,"<0.0> 
1. Not visible
2. Not visible
3. Not visible
4. Not visible
5. Not visible
6. Not visible
7. Not visible
8. Not visible
9. Not visible
10. Not visible
11. Not visible
12. Not visible
13. Not visible
14. Not visible"
vlm_runs/2026-06-05,LP_Parking_and_Restroom_Loitering_3,LP_Parking_and_Restroom_Loitering_3_20260605T234500.jpg,vlm_runs/2026-06-05/LP_Parking_and_Restroom_Loitering_3/LP_Parking_and_Restroom_Loitering_3_20260605T234500.jpg,vehicle_prompts,done,2026-06-08T22:56:03.834708+00:00,0.51,0,nvidia/cosmos-reason2-8b,Vehicle Safety,"<0.0> 
1. Not visible
2. Not visible
3. Not visible
4. Not visible
5. Not visible
6. Not visible
7. Not visible
8. Not visible
9. Not visible
10. Not visible
11. Not visible
12. Not visible
13. Not visible
14. Not visible"
vlm_runs/2026-06-05,LP_Parking_and_Restroom_Loitering_4,LP_Parking_and_Restroom_Loitering_4_20260605T000000.jpg,vlm_runs/2026-06-05/LP_Parking_and_Restroom_Loitering_4/LP_Parking_and_Restroom_Loitering_4_20260605T000000.jpg,vehicle_prompts,done,2026-06-08T22:57:33.812074+00:00,0.456,0,nvidia/cosmos-reason2-8b,Vehicle Safety,Visible only at <0.0>.
vlm_runs/2026-06-05,LP_Parking_and_Restroom_Loitering_4,LP_Parking_and_Restroom_Loitering_4_20260605T001500.jpg,vlm_runs/2026-06-05/LP_Parking_and_Restroom_Loitering_4/LP_Parking_and_Restroom_Loitering_4_20260605T001500.jpg,vehicle_prompts,done,2026-06-08T22:57:34.323482+00:00,0.291,0,nvidia/cosmos-reason2-8b,Vehicle Safety,0.0 Not visible
vlm_runs/2026-06-05,LP_Parking_and_Restroom_Loitering_4,LP_Parking_and_Restroom_Loitering_4_20260605T003000.jpg,vlm_runs/2026-06-05/LP_Parking_and_Restroom_Loitering_4/LP_Parking_and_Restroom_Loitering_4_20260605T003000.jpg,vehicle_prompts,done,2026-06-08T22:57:34.675174+00:00,0.319,0,nvidia/cosmos-reason2-8b,Vehicle Safety,Visible Timestamps: 0.0 Additional Context: Not visible
vlm_runs/2026-06-05,LP_Parking_and_Restroom_Loitering_4,LP_Parking_and_Restroom_Loitering_4_20260605T004500.jpg,vlm_runs/2026-06-05/LP_Parking_and_Restroom_Loitering_4/LP_Parking_and_Restroom_Loitering_4_20260605T004500.jpg,vehicle_prompts,done,2026-06-08T22:57:35.048556+00:00,0.449,0,nvidia/cosmos-reason2-8b,Vehicle Safety,"<0.0> 
1. Not visible
2. Not visible
3. Not visible
4. Not visible
5. Not visible
6. Not visible
7. Not visible
8. Not visible
9. Not visible
10. Not visible
11. Not visible
12. Not visible
13. Not visible
14. Not visible"
vlm_runs/2026-06-05,LP_Parking_and_Restroom_Loitering_4,LP_Parking_and_Restroom_Loitering_4_20260605T010000.jpg,vlm_runs/2026-06-05/LP_Parking_and_Restroom_Loitering_4/LP_Parking_and_Restroom_Loitering_4_20260605T010000.jpg,vehicle_prompts,done,2026-06-08T22:57:35.553915+00:00,0.377,0,nvidia/cosmos-reason2-8b,Vehicle Safety,Visible timestamps: 0.0 
vlm_runs/2026-06-05,LP_Parking_and_Restroom_Loitering_4,LP_Parking_and_Restroom_Loitering_4_20260605T011500.jpg,vlm_runs/2026-06-05/LP_Parking_and_Restroom_Loitering_4/LP_Parking_and_Restroom_Loitering_4_20260605T011500.jpg,vehicle_prompts,done,2026-06-08T22:57:35.982807+00:00,0.43,0,nvidia/cosmos-reason2-8b,Vehicle Safety,"Visible Timestamp(s): 0.0 The image shows a parking lot with clear lane markings and no vehicles or pedestrians present. There are no visible signs of unsafe behavior, collisions, or violations. The scene appears calm and orderly, with no immediate safety concerns."
vlm_runs/2026-06-05,LP_Parking_and_Restroom_Loitering_4,LP_Parking_and_Restroom_Loitering_4_20260605T013000.jpg,vlm_runs/2026-06-05/LP_Parking_and_Restroom_Loitering_4/LP_Parking_and_Restroom_Loitering_4_20260605T013000.jpg,vehicle_prompts,done,2026-06-08T22:57:36.468141+00:00,0.467,0,nvidia/cosmos-reason2-8b,Vehicle Safety,Visible Timestamp(s): 0.0 1. Not visible 2. Not visible 3. Not visible 4. Not visible 5. Not visible 6. Not visible 7. Not visible 8. Not visible 9. Not visible 10. Not visible 11. Not visible 12. Not visible 13. Not visible 14. Not visible
vlm_runs/2026-06-05,LP_Parking_and_Restroom_Loitering_4,LP_Parking_and_Restroom_Loitering_4_20260605T014500.jpg,vlm_runs/2026-06-05/LP_Parking_and_Restroom_Loitering_4/LP_Parking_and_Restroom_Loitering_4_20260605T014500.jpg,vehicle_prompts,done,2026-06-08T22:57:36.988432+00:00,0.505,0,nvidia/cosmos-reason2-8b,Vehicle Safety,"<0.0> 
1. Not visible
2. Not visible
3. Not visible
4. Not visible
5. Not visible
6. Not visible
7. Not visible
8. Not visible
9. Not visible
10. Not visible
11. Not visible
12. Not visible
13. Not visible
14. Not visible"
vlm_runs/2026-06-05,LP_Parking_and_Restroom_Loitering_4,LP_Parking_and_Restroom_Loitering_4_20260605T020000.jpg,vlm_runs/2026-06-05/LP_Parking_and_Restroom_Loitering_4/LP_Parking_and_Restroom_Loitering_4_20260605T020000.jpg,vehicle_prompts,done,2026-06-08T22:57:37.550404+00:00,0.291,0,nvidia/cosmos-reason2-8b,Vehicle Safety,Visible in the image.
vlm_runs/2026-06-05,LP_Parking_and_Restroom_Loitering_4,LP_Parking_and_Restroom_Loitering_4_20260605T021500.jpg,vlm_runs/2026-06-05/LP_Parking_and_Restroom_Loitering_4/LP_Parking_and_Restroom_Loitering_4_20260605T021500.jpg,vehicle_prompts,done,2026-06-08T22:57:37.896201+00:00,0.441,0,nvidia/cosmos-reason2-8b,Vehicle Safety,Visible Timestamp(s): 0.0 Not visible
vlm_runs/2026-06-05,LP_Parking_and_Restroom_Loitering_4,LP_Parking_and_Restroom_Loitering_4_20260605T023000.jpg,vlm_runs/2026-06-05/LP_Parking_and_Restroom_Loitering_4/LP_Parking_and_Restroom_Loitering_4_20260605T023000.jpg,vehicle_prompts,done,2026-06-08T22:57:38.394688+00:00,0.431,0,nvidia/cosmos-reason2-8b,Vehicle Safety,"<0.0> 
1. Not visible
2. Not visible
3. Not visible
4. Not visible
5. Not visible
6. Not visible
7. Not visible
8. Not visible
9. Not visible
10. Not visible
11. Not visible
12. Not visible
13. Not visible
14. Not visible"
vlm_runs/2026-06-05,LP_Parking_and_Restroom_Loitering_4,LP_Parking_and_Restroom_Loitering_4_20260605T024500.jpg,vlm_runs/2026-06-05/LP_Parking_and_Restroom_Loitering_4/LP_Parking_and_Restroom_Loitering_4_20260605T024500.jpg,vehicle_prompts,done,2026-06-08T22:57:38.877750+00:00,0.292,0,nvidia/cosmos-reason2-8b,Vehicle Safety,0.0 Not visible
vlm_runs/2026-06-05,LP_Parking_and_Restroom_Loitering_4,LP_Parking_and_Restroom_Loitering_4_20260605T030000.jpg,vlm_runs/2026-06-05/LP_Parking_and_Restroom_Loitering_4/LP_Parking_and_Restroom_Loitering_4_20260605T030000.jpg,vehicle_prompts,done,2026-06-08T22:57:39.220420+00:00,0.649,0,nvidia/cosmos-reason2-8b,Vehicle Safety,"<0.0> 
[GENERAL VEHICLE SAFETY]
1. Not visible
2. Not visible

[COLLISIONS & NEAR MISSES]
3. Not visible
4. Not visible

[PARKING & ACCESS VIOLATIONS]
5. Not visible
6. Not visible

[SUSPICIOUS VEHICLE BEHAVIOR]
7. Not visible
8. Not visible

[VEHICLE IDENTIFICATION]
9. Not visible
10. Not visible
11. Not visible

[PEDESTRIAN & CHILD SAFETY]
12. Not visible
13. Not visible
14. Not visible"
vlm_runs/2026-06-05,LP_Parking_and_Restroom_Loitering_4,LP_Parking_and_Restroom_Loitering_4_20260605T031500.jpg,vlm_runs/2026-06-05/LP_Parking_and_Restroom_Loitering_4/LP_Parking_and_Restroom_Loitering_4_20260605T031500.jpg,vehicle_prompts,done,2026-06-08T22:57:39.928205+00:00,0.421,0,nvidia/cosmos-reason2-8b,Vehicle Safety,Visible Timestamp(s): 0.0 Not visible
vlm_runs/2026-06-05,LP_Parking_and_Restroom_Loitering_4,LP_Parking_and_Restroom_Loitering_4_20260605T033000.jpg,vlm_runs/2026-06-05/LP_Parking_and_Restroom_Loitering_4/LP_Parking_and_Restroom_Loitering_4_20260605T033000.jpg,vehicle_prompts,done,2026-06-08T22:57:40.407198+00:00,0.459,0,nvidia/cosmos-reason2-8b,Vehicle Safety,"<0.0> 
1. Not visible
2. Not visible
3. Not visible
4. Not visible
5. Not visible
6. Not visible
7. Not visible
8. Not visible
9. Not visible
10. Not visible
11. Not visible
12. Not visible
13. Not visible
14. Not visible"
vlm_runs/2026-06-05,LP_Parking_and_Restroom_Loitering_4,LP_Parking_and_Restroom_Loitering_4_20260605T034500.jpg,vlm_runs/2026-06-05/LP_Parking_and_Restroom_Loitering_4/LP_Parking_and_Restroom_Loitering_4_20260605T034500.jpg,vehicle_prompts,done,2026-06-08T22:57:40.923931+00:00,0.444,0,nvidia/cosmos-reason2-8b,Vehicle Safety,Visible Timestamp(s): 0.0 1. Not visible 2. Not visible 3. Not visible 4. Not visible 5. Not visible 6. Not visible 7. Not visible 8. Not visible 9. Not visible 10. Not visible 11. Not visible 12. Not visible 13. Not visible 14. Not visible
vlm_runs/2026-06-05,LP_Parking_and_Restroom_Loitering_4,LP_Parking_and_Restroom_Loitering_4_20260605T040000.jpg,vlm_runs/2026-06-05/LP_Parking_and_Restroom_Loitering_4/LP_Parking_and_Restroom_Loitering_4_20260605T040000.jpg,vehicle_prompts,done,2026-06-08T22:57:41.430443+00:00,0.45,0,nvidia/cosmos-reason2-8b,Vehicle Safety,"<0.0> 
1. Not visible
2. Not visible
3. Not visible
4. Not visible
5. Not visible
6. Not visible
7. Not visible
8. Not visible
9. Not visible
10. Not visible
11. Not visible
12. Not visible
13. Not visible
14. Not visible"
vlm_runs/2026-06-05,LP_Parking_and_Restroom_Loitering_4,LP_Parking_and_Restroom_Loitering_4_20260605T041500.jpg,vlm_runs/2026-06-05/LP_Parking_and_Restroom_Loitering_4/LP_Parking_and_Restroom_Loitering_4_20260605T041500.jpg,vehicle_prompts,done,2026-06-08T22:57:41.937014+00:00,0.658,0,nvidia/cosmos-reason2-8b,Vehicle Safety,"Visible Timestamp: 0.0

[GENERAL VEHICLE SAFETY]
1. Not visible
2. Not visible

[COLLISIONS & NEAR MISSES]
3. Not visible
4. Not visible

[PARKING & ACCESS VIOLATIONS]
5. Not visible
6. Not visible

[SUSPICIOUS VEHICLE BEHAVIOR]
7. Not visible
8. Not visible

[VEHICLE IDENTIFICATION]
9. Not visible
10. Not visible
11. Not visible

[PEDESTRIAN & CHILD SAFETY]
12. Not visible
13. Not visible
14. Not visible"
vlm_runs/2026-06-05,LP_Parking_and_Restroom_Loitering_4,LP_Parking_and_Restroom_Loitering_4_20260605T043000.jpg,vlm_runs/2026-06-05/LP_Parking_and_Restroom_Loitering_4/LP_Parking_and_Restroom_Loitering_4_20260605T043000.jpg,vehicle_prompts,done,2026-06-08T22:57:42.651578+00:00,0.365,0,nvidia/cosmos-reason2-8b,Vehicle Safety,Visible Timestamp(s): 0.0 The image shows an empty parking lot with no vehicles present.
vlm_runs/2026-06-05,LP_Parking_and_Restroom_Loitering_4,LP_Parking_and_Restroom_Loitering_4_20260605T044500.jpg,vlm_runs/2026-06-05/LP_Parking_and_Restroom_Loitering_4/LP_Parking_and_Restroom_Loitering_4_20260605T044500.jpg,vehicle_prompts,done,2026-06-08T22:57:43.070898+00:00,0.655,0,nvidia/cosmos-reason2-8b,Vehicle Safety,"Visible timestamps: 0.0

[GENERAL VEHICLE SAFETY]
1. Not visible
2. Not visible

[COLLISIONS & NEAR MISSES]
3. Not visible
4. Not visible

[PARKING & ACCESS VIOLATIONS]
5. Not visible
6. Not visible

[SUSPICIOUS VEHICLE BEHAVIOR]
7. Not visible
8. Not visible

[VEHICLE IDENTIFICATION]
9. Not visible
10. Not visible
11. Not visible

[PEDESTRIAN & CHILD SAFETY]
12. Not visible
13. Not visible
14. Not visible"
vlm_runs/2026-06-05,LP_Parking_and_Restroom_Loitering_4,LP_Parking_and_Restroom_Loitering_4_20260605T050000.jpg,vlm_runs/2026-06-05/LP_Parking_and_Restroom_Loitering_4/LP_Parking_and_Restroom_Loitering_4_20260605T050000.jpg,vehicle_prompts,done,2026-06-08T22:57:43.778622+00:00,0.542,0,nvidia/cosmos-reason2-8b,Vehicle Safety,Visible Timestamp(s): 0.0 1. Not visible 2. Not visible 3. Not visible 4. Not visible 5. Not visible 6. Not visible 7. Not visible 8. Not visible 9. Not visible 10. Not visible 11. Not visible 12. Not visible 13. Not visible 14. Not visible
vlm_runs/2026-06-05,LP_Parking_and_Restroom_Loitering_4,LP_Parking_and_Restroom_Loitering_4_20260605T051500.jpg,vlm_runs/2026-06-05/LP_Parking_and_Restroom_Loitering_4/LP_Parking_and_Restroom_Loitering_4_20260605T051500.jpg,vehicle_prompts,done,2026-06-08T22:57:44.373989+00:00,0.371,0,nvidia/cosmos-reason2-8b,Vehicle Safety,Visible Timestamp(s): 0.0 
vlm_runs/2026-06-05,LP_Parking_and_Restroom_Loitering_4,LP_Parking_and_Restroom_Loitering_4_20260605T053000.jpg,vlm_runs/2026-06-05/LP_Parking_and_Restroom_Loitering_4/LP_Parking_and_Restroom_Loitering_4_20260605T053000.jpg,vehicle_prompts,done,2026-06-08T22:57:44.801908+00:00,0.746,0,nvidia/cosmos-reason2-8b,Vehicle Safety,"<0.0> 
GENERAL VEHICLE SAFETY] 1. Not visible. 2. Not visible.
COLLISIONS & NEAR MISSES] 3. Not visible. 4. Not visible.
PARKING & ACCESS VIOLATIONS] 5. Not visible. 6. Not visible.
SUSPICIOUS VEHICLE BEHAVIOR] 7. Not visible. 8. Not visible.
VEHICLE IDENTIFICATION] 9. Not visible. 10. Not visible. 11. Not visible.
PEDESTRIAN & CHILD SAFETY] 12. Not visible. 13. Not visible. 14. Not visible."
vlm_runs/2026-06-05,LP_Parking_and_Restroom_Loitering_4,LP_Parking_and_Restroom_Loitering_4_20260605T054500.jpg,vlm_runs/2026-06-05/LP_Parking_and_Restroom_Loitering_4/LP_Parking_and_Restroom_Loitering_4_20260605T054500.jpg,vehicle_prompts,done,2026-06-08T22:57:45.604002+00:00,0.72,0,nvidia/cosmos-reason2-8b,Vehicle Safety,"<0.0> 
[GENERAL VEHICLE SAFETY]
1. Not visible
2. Not visible

[COLLISIONS & NEAR MISSES]
3. Not visible
4. Not visible

[PARKING & ACCESS VIOLATIONS]
5. Not visible
6. Not visible

[SUSPICIOUS VEHICLE BEHAVIOR]
7. Not visible
8. Not visible

[VEHICLE IDENTIFICATION]
9. Not visible
10. Not visible
11. Not visible

[PEDESTRIAN & CHILD SAFETY]
12. Not visible
13. Not visible
14. Not visible"
vlm_runs/2026-06-05,LP_Parking_and_Restroom_Loitering_4,LP_Parking_and_Restroom_Loitering_4_20260605T060000.jpg,vlm_runs/2026-06-05/LP_Parking_and_Restroom_Loitering_4/LP_Parking_and_Restroom_Loitering_4_20260605T060000.jpg,vehicle_prompts,done,2026-06-08T22:57:46.385195+00:00,0.464,0,nvidia/cosmos-reason2-8b,Vehicle Safety,"<0.0> 
1. Not visible
2. Not visible
3. Not visible
4. Not visible
5. Not visible
6. Not visible
7. Not visible
8. Not visible
9. Not visible
10. Not visible
11. Not visible
12. Not visible
13. Not visible
14. Not visible"
vlm_runs/2026-06-05,LP_Parking_and_Restroom_Loitering_4,LP_Parking_and_Restroom_Loitering_4_20260605T061500.jpg,vlm_runs/2026-06-05/LP_Parking_and_Restroom_Loitering_4/LP_Parking_and_Restroom_Loitering_4_20260605T061500.jpg,vehicle_prompts,done,2026-06-08T22:57:46.912000+00:00,0.736,0,nvidia/cosmos-reason2-8b,Vehicle Safety,"0.0 The image does not show any vehicles, so it is not possible to assess their speed or safety. Not visible.
0.0 No collisions or near-misses are observed in the image. Not visible.
0.0 There are no vehicles present in the image to evaluate for parking or access violations. Not visible.
0.0 No vehicles are present in the image to assess for wrong-way driving or restricted area entry. Not visible.
0.0 No vehicles are present in the image to evaluate for suspicious behavior. Not visible.
0.0 No vehicles are present in the image to assess for plate visibility or color. Not visible.
0.0 No pedestrians or children are present in the image to assess for safety. Not visible."
vlm_runs/2026-06-05,LP_Parking_and_Restroom_Loitering_4,LP_Parking_and_Restroom_Loitering_4_20260605T063000.jpg,vlm_runs/2026-06-05/LP_Parking_and_Restroom_Loitering_4/LP_Parking_and_Restroom_Loitering_4_20260605T063000.jpg,vehicle_prompts,done,2026-06-08T22:57:47.702738+00:00,0.695,0,nvidia/cosmos-reason2-8b,Vehicle Safety,"0.0 The image shows a parking lot with several vehicles parked in designated spaces, and there are no visible signs of unsafe speeds, collisions, or near-misses. Vehicles are appropriately parked within marked areas, and no one is seen making suspicious contact with parked vehicles. There are no vehicles in fire lanes or emergency corridors, and no vehicles are parked in restricted areas. No vehicles are making threatening maneuvers or pursuing pedestrians. The vehicles present have visible license plates, but their numbers are not discernible. No pedestrians are visible in the scene, so there are no instances of individuals being struck or injured by vehicles."
vlm_runs/2026-06-05,LP_Parking_and_Restroom_Loitering_4,LP_Parking_and_Restroom_Loitering_4_20260605T064500.jpg,vlm_runs/2026-06-05/LP_Parking_and_Restroom_Loitering_4/LP_Parking_and_Restroom_Loitering_4_20260605T064500.jpg,vehicle_prompts,done,2026-06-08T22:57:48.463889+00:00,0.575,0,nvidia/cosmos-reason2-8b,Vehicle Safety,"Visible in the image, but no specific details can be provided about their speed or safety. Not visible in the image. Not visible in the image. Not visible in the image. Not visible in the image. Not visible in the image. Not visible in the image. Not visible in the image. Not visible in the image. Not visible in the image. Not visible in the image. Not visible in the image. Not visible in the image. Not visible in the image. Not visible in the image."
vlm_runs/2026-06-05,LP_Parking_and_Restroom_Loitering_4,LP_Parking_and_Restroom_Loitering_4_20260605T070000.jpg,vlm_runs/2026-06-05/LP_Parking_and_Restroom_Loitering_4/LP_Parking_and_Restroom_Loitering_4_20260605T070000.jpg,vehicle_prompts,done,2026-06-08T22:57:49.090640+00:00,0.658,0,nvidia/cosmos-reason2-8b,Vehicle Safety,"<0.0> 
[GENERAL VEHICLE SAFETY]
1. Not visible
2. Not visible

[COLLISIONS & NEAR MISSES]
3. Not visible
4. Not visible

[PARKING & ACCESS VIOLATIONS]
5. Not visible
6. Not visible

[SUSPICIOUS VEHICLE BEHAVIOR]
7. Not visible
8. Not visible

[VEHICLE IDENTIFICATION]
9. Not visible
10. Not visible
11. Not visible
12. Not visible
13. Not visible
14. Not visible"
vlm_runs/2026-06-05,LP_Parking_and_Restroom_Loitering_4,LP_Parking_and_Restroom_Loitering_4_20260605T071500.jpg,vlm_runs/2026-06-05/LP_Parking_and_Restroom_Loitering_4/LP_Parking_and_Restroom_Loitering_4_20260605T071500.jpg,vehicle_prompts,done,2026-06-08T22:57:49.805257+00:00,0.673,0,nvidia/cosmos-reason2-8b,Vehicle Safety,"0.0s

[GENERAL VEHICLE SAFETY]
1. Not visible
2. Not visible

[COLLISIONS & NEAR MISSES]
3. Not visible
4. Not visible

[PARKING & ACCESS VIOLATIONS]
5. Not visible
6. Not visible

[SUSPICIOUS VEHICLE BEHAVIOR]
7. Not visible
8. Not visible

[VEHICLE IDENTIFICATION]
9. Not visible
10. Not visible
11. Not visible
12. Not visible
13. Not visible
14. Not visible"
vlm_runs/2026-06-05,LP_Parking_and_Restroom_Loitering_4,LP_Parking_and_Restroom_Loitering_4_20260605T073000.jpg,vlm_runs/2026-06-05/LP_Parking_and_Restroom_Loitering_4/LP_Parking_and_Restroom_Loitering_4_20260605T073000.jpg,vehicle_prompts,done,2026-06-08T22:57:50.542214+00:00,0.666,0,nvidia/cosmos-reason2-8b,Vehicle Safety,"<0.0>

[GENERAL VEHICLE SAFETY]
1. Not visible
2. Not visible

[COLLISIONS & NEAR MISSES]
3. Not visible
4. Not visible

[PARKING & ACCESS VIOLATIONS]
5. Not visible
6. Not visible

[SUSPICIOUS VEHICLE BEHAVIOR]
7. Not visible
8. Not visible

[VEHICLE IDENTIFICATION]
9. Not visible
10. Not visible
11. Not visible
12. Not visible
13. Not visible
14. Not visible"
vlm_runs/2026-06-05,LP_Parking_and_Restroom_Loitering_4,LP_Parking_and_Restroom_Loitering_4_20260605T074500.jpg,vlm_runs/2026-06-05/LP_Parking_and_Restroom_Loitering_4/LP_Parking_and_Restroom_Loitering_4_20260605T074500.jpg,vehicle_prompts,done,2026-06-08T22:57:51.275708+00:00,0.683,0,nvidia/cosmos-reason2-8b,Vehicle Safety,"<0.0>

GENERAL VEHICLE SAFETY
1. Yes
2. No

COLLISIONS & NEAR MISSES
3. No
4. 0

PARKING & ACCESS VIOLATIONS
5. No
6. No

SUSPICIOUS VEHICLE BEHAVIOR
7. No
8. No

VEHICLE IDENTIFICATION
9. 0
10. Not visible
11. Not visible
12. 0
13. 0
14. 0"
vlm_runs/2026-06-05,LP_Parking_and_Restroom_Loitering_4,LP_Parking_and_Restroom_Loitering_4_20260605T080000.jpg,vlm_runs/2026-06-05/LP_Parking_and_Restroom_Loitering_4/LP_Parking_and_Restroom_Loitering_4_20260605T080000.jpg,vehicle_prompts,done,2026-06-08T22:57:52.025912+00:00,0.701,0,nvidia/cosmos-reason2-8b,Vehicle Safety,"<0.0> 
[GENERAL VEHICLE SAFETY]
1. Not visible
2. Not visible

[COLLISIONS & NEAR MISSES]
3. Not visible
4. Not visible

[PARKING & ACCESS VIOLATIONS]
5. Not visible
6. Not visible

[SUSPICIOUS VEHICLE BEHAVIOR]
7. Not visible
8. Not visible

[VEHICLE IDENTIFICATION]
9. Not visible
10. Not visible
11. Not visible
12. Not visible
13. Not visible
14. Not visible"
vlm_runs/2026-06-05,LP_Parking_and_Restroom_Loitering_4,LP_Parking_and_Restroom_Loitering_4_20260605T081500.jpg,vlm_runs/2026-06-05/LP_Parking_and_Restroom_Loitering_4/LP_Parking_and_Restroom_Loitering_4_20260605T081500.jpg,vehicle_prompts,done,2026-06-08T22:57:52.785233+00:00,0.637,0,nvidia/cosmos-reason2-8b,Vehicle Safety,"<0.0> 
[GENERAL VEHICLE SAFETY]
1. Not visible
2. Not visible

[COLLISIONS & NEAR MISSES]
3. Not visible
4. Not visible

[PARKING & ACCESS VIOLATIONS]
5. Not visible
6. Not visible

[SUSPICIOUS VEHICLE BEHAVIOR]
7. Not visible
8. Not visible

[VEHICLE IDENTIFICATION]
9. Not visible
10. Not visible
11. Not visible
12. Not visible
13. Not visible
14. Not visible"
vlm_runs/2026-06-05,LP_Parking_and_Restroom_Loitering_4,LP_Parking_and_Restroom_Loitering_4_20260605T083000.jpg,vlm_runs/2026-06-05/LP_Parking_and_Restroom_Loitering_4/LP_Parking_and_Restroom_Loitering_4_20260605T083000.jpg,vehicle_prompts,done,2026-06-08T22:57:53.487278+00:00,0.652,0,nvidia/cosmos-reason2-8b,Vehicle Safety,"<0.0> 
[GENERAL VEHICLE SAFETY]
1. Not visible
2. Not visible

[COLLISIONS & NEAR MISSES]
3. Not visible
4. Not visible

[PARKING & ACCESS VIOLATIONS]
5. Not visible
6. Not visible

[SUSPICIOUS VEHICLE BEHAVIOR]
7. Not visible
8. Not visible

[VEHICLE IDENTIFICATION]
9. Not visible
10. Not visible
11. Not visible
12. Not visible
13. Not visible
14. Not visible"
vlm_runs/2026-06-05,LP_Parking_and_Restroom_Loitering_4,LP_Parking_and_Restroom_Loitering_4_20260605T084500.jpg,vlm_runs/2026-06-05/LP_Parking_and_Restroom_Loitering_4/LP_Parking_and_Restroom_Loitering_4_20260605T084500.jpg,vehicle_prompts,done,2026-06-08T22:57:54.197540+00:00,0.649,0,nvidia/cosmos-reason2-8b,Vehicle Safety,"<0.0>

GENERAL VEHICLE SAFETY
1. Yes
2. No

COLLISIONS & NEAR MISSES
3. No
4. No

PARKING & ACCESS VIOLATIONS
5. No
6. No

SUSPICIOUS VEHICLE BEHAVIOR
7. No
8. No

VEHICLE IDENTIFICATION
9. No
10. Not visible
11. Not visible
12. No
13. No
14. No"
vlm_runs/2026-06-05,LP_Parking_and_Restroom_Loitering_4,LP_Parking_and_Restroom_Loitering_4_20260605T090000.jpg,vlm_runs/2026-06-05/LP_Parking_and_Restroom_Loitering_4/LP_Parking_and_Restroom_Loitering_4_20260605T090000.jpg,vehicle_prompts,done,2026-06-08T22:57:54.905749+00:00,0.635,0,nvidia/cosmos-reason2-8b,Vehicle Safety,"<0.0>

[GENERAL VEHICLE SAFETY]
1. Not visible
2. Not visible

[COLLISIONS & NEAR MISSES]
3. Not visible
4. Not visible

[PARKING & ACCESS VIOLATIONS]
5. Not visible
6. Not visible

[SUSPICIOUS VEHICLE BEHAVIOR]
7. Not visible
8. Not visible

[VEHICLE IDENTIFICATION]
9. Not visible
10. Not visible
11. Not visible
12. Not visible
13. Not visible
14. Not visible"
vlm_runs/2026-06-05,LP_Parking_and_Restroom_Loitering_4,LP_Parking_and_Restroom_Loitering_4_20260605T091500.jpg,vlm_runs/2026-06-05/LP_Parking_and_Restroom_Loitering_4/LP_Parking_and_Restroom_Loitering_4_20260605T091500.jpg,vehicle_prompts,done,2026-06-08T22:57:55.604356+00:00,0.65,0,nvidia/cosmos-reason2-8b,Vehicle Safety,"<0.0> 
[GENERAL VEHICLE SAFETY]
1. Not visible
2. Not visible

[COLLISIONS & NEAR MISSES]
3. Not visible
4. Not visible

[PARKING & ACCESS VIOLATIONS]
5. Not visible
6. Not visible

[SUSPICIOUS VEHICLE BEHAVIOR]
7. Not visible
8. Not visible

[VEHICLE IDENTIFICATION]
9. Not visible
10. Not visible
11. Not visible
12. Not visible
13. Not visible
14. Not visible"
vlm_runs/2026-06-05,LP_Parking_and_Restroom_Loitering_4,LP_Parking_and_Restroom_Loitering_4_20260605T093000.jpg,vlm_runs/2026-06-05/LP_Parking_and_Restroom_Loitering_4/LP_Parking_and_Restroom_Loitering_4_20260605T093000.jpg,vehicle_prompts,done,2026-06-08T22:57:56.315625+00:00,0.696,0,nvidia/cosmos-reason2-8b,Vehicle Safety,"0.0s

[GENERAL VEHICLE SAFETY]
1. Not visible
2. Not visible

[COLLISIONS & NEAR MISSES]
3. Not visible
4. Not visible

[PARKING & ACCESS VIOLATIONS]
5. Not visible
6. Not visible

[SUSPICIOUS VEHICLE BEHAVIOR]
7. Not visible
8. Not visible

[VEHICLE IDENTIFICATION]
9. Not visible
10. Not visible
11. Not visible
12. Not visible
13. Not visible
14. Not visible"
vlm_runs/2026-06-05,LP_Parking_and_Restroom_Loitering_4,LP_Parking_and_Restroom_Loitering_4_20260605T094500.jpg,vlm_runs/2026-06-05/LP_Parking_and_Restroom_Loitering_4/LP_Parking_and_Restroom_Loitering_4_20260605T094500.jpg,vehicle_prompts,done,2026-06-08T22:57:57.071654+00:00,0.629,0,nvidia/cosmos-reason2-8b,Vehicle Safety,"<0.0>

[GENERAL VEHICLE SAFETY]
1. Not visible
2. Not visible

[COLLISIONS & NEAR MISSES]
3. Not visible
4. Not visible

[PARKING & ACCESS VIOLATIONS]
5. Not visible
6. Not visible

[SUSPICIOUS VEHICLE BEHAVIOR]
7. Not visible
8. Not visible

[VEHICLE IDENTIFICATION]
9. Not visible
10. Not visible
11. Not visible
12. Not visible
13. Not visible
14. Not visible"
vlm_runs/2026-06-05,LP_Parking_and_Restroom_Loitering_4,LP_Parking_and_Restroom_Loitering_4_20260605T100000.jpg,vlm_runs/2026-06-05/LP_Parking_and_Restroom_Loitering_4/LP_Parking_and_Restroom_Loitering_4_20260605T100000.jpg,vehicle_prompts,done,2026-06-08T22:57:57.752590+00:00,0.638,0,nvidia/cosmos-reason2-8b,Vehicle Safety,"<0.0>

GENERAL VEHICLE SAFETY
1. Yes
2. No

COLLISIONS & NEAR MISSES
3. No
4. No

PARKING & ACCESS VIOLATIONS
5. No
6. No

SUSPICIOUS VEHICLE BEHAVIOR
7. No
8. No

VEHICLE IDENTIFICATION
9. No
10. Not visible
11. Not visible
12. No
13. No
14. No"
vlm_runs/2026-06-05,LP_Parking_and_Restroom_Loitering_4,LP_Parking_and_Restroom_Loitering_4_20260605T101500.jpg,vlm_runs/2026-06-05/LP_Parking_and_Restroom_Loitering_4/LP_Parking_and_Restroom_Loitering_4_20260605T101500.jpg,vehicle_prompts,done,2026-06-08T22:57:58.449667+00:00,0.713,0,nvidia/cosmos-reason2-8b,Vehicle Safety,"<0.0> 
[GENERAL VEHICLE SAFETY]
1. Not visible
2. Not visible

[COLLISIONS & NEAR MISSES]
3. Not visible
4. Not visible

[PARKING & ACCESS VIOLATIONS]
5. Not visible
6. Not visible

[SUSPICIOUS VEHICLE BEHAVIOR]
7. Not visible
8. Not visible

[VEHICLE IDENTIFICATION]
9. Not visible
10. Not visible
11. Not visible
12. Not visible
13. Not visible
14. Not visible"
vlm_runs/2026-06-05,LP_Parking_and_Restroom_Loitering_4,LP_Parking_and_Restroom_Loitering_4_20260605T103000.jpg,vlm_runs/2026-06-05/LP_Parking_and_Restroom_Loitering_4/LP_Parking_and_Restroom_Loitering_4_20260605T103000.jpg,vehicle_prompts,done,2026-06-08T22:57:59.218779+00:00,0.647,0,nvidia/cosmos-reason2-8b,Vehicle Safety,"<0.0>

[GENERAL VEHICLE SAFETY]
1. Not visible
2. Not visible

[COLLISIONS & NEAR MISSES]
3. Not visible
4. Not visible

[PARKING & ACCESS VIOLATIONS]
5. Not visible
6. Not visible

[SUSPICIOUS VEHICLE BEHAVIOR]
7. Not visible
8. Not visible

[VEHICLE IDENTIFICATION]
9. Not visible
10. Not visible
11. Not visible
12. Not visible
13. Not visible
14. Not visible"
vlm_runs/2026-06-05,LP_Parking_and_Restroom_Loitering_4,LP_Parking_and_Restroom_Loitering_4_20260605T104500.jpg,vlm_runs/2026-06-05/LP_Parking_and_Restroom_Loitering_4/LP_Parking_and_Restroom_Loitering_4_20260605T104500.jpg,vehicle_prompts,done,2026-06-08T22:57:59.930282+00:00,0.648,0,nvidia/cosmos-reason2-8b,Vehicle Safety,"<0.0>

GENERAL VEHICLE SAFETY
1. Yes
2. No

COLLISIONS & NEAR MISSES
3. No
4. 0

PARKING & ACCESS VIOLATIONS
5. No
6. No

SUSPICIOUS VEHICLE BEHAVIOR
7. No
8. No

VEHICLE IDENTIFICATION
9. 0
10. Not visible
11. Not visible
12. 0
13. 0
14. 0"
vlm_runs/2026-06-05,LP_Parking_and_Restroom_Loitering_4,LP_Parking_and_Restroom_Loitering_4_20260605T110000.jpg,vlm_runs/2026-06-05/LP_Parking_and_Restroom_Loitering_4/LP_Parking_and_Restroom_Loitering_4_20260605T110000.jpg,vehicle_prompts,done,2026-06-08T22:58:00.635915+00:00,0.972,0,nvidia/cosmos-reason2-8b,Vehicle Safety,"<0.0> 
[GENERAL VEHICLE SAFETY]
1. Yes
2. No

[COLLISIONS & NEAR MISSES]
3. No
4. Not visible

[PARKING & ACCESS VIOLATIONS]
5. No
6. No

[SUSPICIOUS VEHICLE BEHAVIOR]
7. No
8. No

[VEHICLE IDENTIFICATION]
9. Not visible
10. Not visible
11. Not visible
<0.0> 
[GENERAL VEHICLE SAFETY]
1. Yes
2. No

[COLLISIONS & NEAR MISSES]
3. No
4. Not visible

[PARKING & ACCESS VIOLATIONS]
5. No
6. No

[SUSPICIOUS VEHICLE BEHAVIOR]
7. No
8. No

[VEHICLE IDENTIFICATION]
9. Not visible
10. Not visible
11. Not visible"
vlm_runs/2026-06-05,LP_Parking_and_Restroom_Loitering_4,LP_Parking_and_Restroom_Loitering_4_20260605T111500.jpg,vlm_runs/2026-06-05/LP_Parking_and_Restroom_Loitering_4/LP_Parking_and_Restroom_Loitering_4_20260605T111500.jpg,vehicle_prompts,done,2026-06-08T22:58:01.666340+00:00,0.525,0,nvidia/cosmos-reason2-8b,Vehicle Safety,0.0 1. Not visible 2. Not visible 3. Not visible 4. Not visible 5. Not visible 6. Not visible 7. Not visible 8. Not visible 9. Not visible 10. Not visible 11. Not visible 12. Not visible 13. Not visible 14. Not visible
vlm_runs/2026-06-05,LP_Parking_and_Restroom_Loitering_4,LP_Parking_and_Restroom_Loitering_4_20260605T113000.jpg,vlm_runs/2026-06-05/LP_Parking_and_Restroom_Loitering_4/LP_Parking_and_Restroom_Loitering_4_20260605T113000.jpg,vehicle_prompts,done,2026-06-08T22:58:02.250467+00:00,0.69,0,nvidia/cosmos-reason2-8b,Vehicle Safety,"<0.0>

[GENERAL VEHICLE SAFETY]
1. Not visible
2. Not visible

[COLLISIONS & NEAR MISSES]
3. Not visible
4. Not visible

[PARKING & ACCESS VIOLATIONS]
5. Not visible
6. Not visible

[SUSPICIOUS VEHICLE BEHAVIOR]
7. Not visible
8. Not visible

[VEHICLE IDENTIFICATION]
9. Not visible
10. Not visible
11. Not visible
12. Not visible
13. Not visible
14. Not visible"
vlm_runs/2026-06-05,LP_Parking_and_Restroom_Loitering_4,LP_Parking_and_Restroom_Loitering_4_20260605T114500.jpg,vlm_runs/2026-06-05/LP_Parking_and_Restroom_Loitering_4/LP_Parking_and_Restroom_Loitering_4_20260605T114500.jpg,vehicle_prompts,done,2026-06-08T22:58:02.993524+00:00,0.88,0,nvidia/cosmos-reason2-8b,Vehicle Safety,"<0.0> 
[GENERAL VEHICLE SAFETY]
1. Yes
2. No

[COLLISIONS & NEAR MISSES]
3. No
4. Not visible

[PARKING & ACCESS VIOLATIONS]
5. No
6. No

[SUSPICIOUS VEHICLE BEHAVIOR]
7. No
8. No

[VEHICLE IDENTIFICATION]
9. Not visible
10. Not visible
11. Not visible
<0.0> 
[GENERAL VEHICLE SAFETY]
1. Yes
2. No

[COLLISIONS & NEAR MISSES]
3. No
4. Not visible

[PARKING & ACCESS VIOLATIONS]
5. No
6. No

[SUSPICIOUS VEHICLE BEHAVIOR]
7. No
8. No

[VEHICLE IDENTIFICATION]
9. Not visible
10. Not visible
11. Not visible"
vlm_runs/2026-06-05,LP_Parking_and_Restroom_Loitering_4,LP_Parking_and_Restroom_Loitering_4_20260605T120000.jpg,vlm_runs/2026-06-05/LP_Parking_and_Restroom_Loitering_4/LP_Parking_and_Restroom_Loitering_4_20260605T120000.jpg,vehicle_prompts,done,2026-06-08T22:58:03.932177+00:00,0.69,0,nvidia/cosmos-reason2-8b,Vehicle Safety,"<0.0>

[GENERAL VEHICLE SAFETY]
1. Not visible
2. Not visible

[COLLISIONS & NEAR MISSES]
3. Not visible
4. Not visible

[PARKING & ACCESS VIOLATIONS]
5. Not visible
6. Not visible

[SUSPICIOUS VEHICLE BEHAVIOR]
7. Not visible
8. Not visible

[VEHICLE IDENTIFICATION]
9. Not visible
10. Not visible
11. Not visible
12. Not visible
13. Not visible
14. Not visible"
vlm_runs/2026-06-05,LP_Parking_and_Restroom_Loitering_4,LP_Parking_and_Restroom_Loitering_4_20260605T121500.jpg,vlm_runs/2026-06-05/LP_Parking_and_Restroom_Loitering_4/LP_Parking_and_Restroom_Loitering_4_20260605T121500.jpg,vehicle_prompts,done,2026-06-08T22:58:04.678866+00:00,0.658,0,nvidia/cosmos-reason2-8b,Vehicle Safety,"<0.0> 
[GENERAL VEHICLE SAFETY]
1. Not visible
2. Not visible

[COLLISIONS & NEAR MISSES]
3. Not visible
4. Not visible

[PARKING & ACCESS VIOLATIONS]
5. Not visible
6. Not visible

[SUSPICIOUS VEHICLE BEHAVIOR]
7. Not visible
8. Not visible

[VEHICLE IDENTIFICATION]
9. Not visible
10. Not visible
11. Not visible
12. Not visible
13. Not visible
14. Not visible"
vlm_runs/2026-06-05,LP_Parking_and_Restroom_Loitering_4,LP_Parking_and_Restroom_Loitering_4_20260605T123000.jpg,vlm_runs/2026-06-05/LP_Parking_and_Restroom_Loitering_4/LP_Parking_and_Restroom_Loitering_4_20260605T123000.jpg,vehicle_prompts,done,2026-06-08T22:58:05.397972+00:00,0.641,0,nvidia/cosmos-reason2-8b,Vehicle Safety,"<0.0>

[GENERAL VEHICLE SAFETY]
1. Not visible
2. Not visible

[COLLISIONS & NEAR MISSES]
3. Not visible
4. Not visible

[PARKING & ACCESS VIOLATIONS]
5. Not visible
6. Not visible

[SUSPICIOUS VEHICLE BEHAVIOR]
7. Not visible
8. Not visible

[VEHICLE IDENTIFICATION]
9. Not visible
10. Not visible
11. Not visible
12. Not visible
13. Not visible
14. Not visible"
vlm_runs/2026-06-05,LP_Parking_and_Restroom_Loitering_4,LP_Parking_and_Restroom_Loitering_4_20260605T124500.jpg,vlm_runs/2026-06-05/LP_Parking_and_Restroom_Loitering_4/LP_Parking_and_Restroom_Loitering_4_20260605T124500.jpg,vehicle_prompts,done,2026-06-08T22:58:06.095964+00:00,0.615,0,nvidia/cosmos-reason2-8b,Vehicle Safety,"<0.0>

[GENERAL VEHICLE SAFETY]
1. Not visible
2. Not visible

[COLLISIONS & NEAR MISSES]
3. Not visible
4. Not visible

[PARKING & ACCESS VIOLATIONS]
5. Not visible
6. Not visible

[SUSPICIOUS VEHICLE BEHAVIOR]
7. Not visible
8. Not visible

[VEHICLE IDENTIFICATION]
9. Not visible
10. Not visible
11. Not visible
12. Not visible
13. Not visible
14. Not visible"
vlm_runs/2026-06-05,LP_Parking_and_Restroom_Loitering_4,LP_Parking_and_Restroom_Loitering_4_20260605T130000.jpg,vlm_runs/2026-06-05/LP_Parking_and_Restroom_Loitering_4/LP_Parking_and_Restroom_Loitering_4_20260605T130000.jpg,vehicle_prompts,done,2026-06-08T22:58:06.765345+00:00,0.643,0,nvidia/cosmos-reason2-8b,Vehicle Safety,"<0.0>

[GENERAL VEHICLE SAFETY]
1. Not visible
2. Not visible

[COLLISIONS & NEAR MISSES]
3. Not visible
4. Not visible

[PARKING & ACCESS VIOLATIONS]
5. Not visible
6. Not visible

[SUSPICIOUS VEHICLE BEHAVIOR]
7. Not visible
8. Not visible

[VEHICLE IDENTIFICATION]
9. Not visible
10. Not visible
11. Not visible
12. Not visible
13. Not visible
14. Not visible"
vlm_runs/2026-06-05,LP_Parking_and_Restroom_Loitering_4,LP_Parking_and_Restroom_Loitering_4_20260605T131500.jpg,vlm_runs/2026-06-05/LP_Parking_and_Restroom_Loitering_4/LP_Parking_and_Restroom_Loitering_4_20260605T131500.jpg,vehicle_prompts,done,2026-06-08T22:58:07.468835+00:00,0.668,0,nvidia/cosmos-reason2-8b,Vehicle Safety,"0.0 Vehicles are parked in designated parking spaces, and there is no visible movement indicating unsafe speed. No collisions or near-misses are observed. Vehicles are properly parked within marked spaces, and no vehicles are in restricted areas. No suspicious behavior or threatening maneuvers are observed. Plate numbers are not visible on any vehicles. Colors, makes, and models include a red pickup truck, a beige SUV, and various sedans in shades of blue, gray, and white. No pedestrians or individuals are present in the scene."
vlm_runs/2026-06-05,LP_Parking_and_Restroom_Loitering_4,LP_Parking_and_Restroom_Loitering_4_20260605T133000.jpg,vlm_runs/2026-06-05/LP_Parking_and_Restroom_Loitering_4/LP_Parking_and_Restroom_Loitering_4_20260605T133000.jpg,vehicle_prompts,done,2026-06-08T22:58:08.192450+00:00,0.638,0,nvidia/cosmos-reason2-8b,Vehicle Safety,"<0.0>

[GENERAL VEHICLE SAFETY]
1. Not visible
2. Not visible

[COLLISIONS & NEAR MISSES]
3. Not visible
4. Not visible

[PARKING & ACCESS VIOLATIONS]
5. Not visible
6. Not visible

[SUSPICIOUS VEHICLE BEHAVIOR]
7. Not visible
8. Not visible

[VEHICLE IDENTIFICATION]
9. Not visible
10. Not visible
11. Not visible
12. Not visible
13. Not visible
14. Not visible"
vlm_runs/2026-06-05,LP_Parking_and_Restroom_Loitering_4,LP_Parking_and_Restroom_Loitering_4_20260605T134500.jpg,vlm_runs/2026-06-05/LP_Parking_and_Restroom_Loitering_4/LP_Parking_and_Restroom_Loitering_4_20260605T134500.jpg,vehicle_prompts,done,2026-06-08T22:58:08.887489+00:00,0.678,0,nvidia/cosmos-reason2-8b,Vehicle Safety,"<0.0> 
[GENERAL VEHICLE SAFETY]
1. Not visible
2. Not visible

[COLLISIONS & NEAR MISSES]
3. Not visible
4. Not visible

[PARKING & ACCESS VIOLATIONS]
5. Not visible
6. Not visible

[SUSPICIOUS VEHICLE BEHAVIOR]
7. Not visible
8. Not visible

[VEHICLE IDENTIFICATION]
9. Not visible
10. Not visible
11. Not visible
12. Not visible
13. Not visible
14. Not visible"
vlm_runs/2026-06-05,LP_Parking_and_Restroom_Loitering_4,LP_Parking_and_Restroom_Loitering_4_20260605T140000.jpg,vlm_runs/2026-06-05/LP_Parking_and_Restroom_Loitering_4/LP_Parking_and_Restroom_Loitering_4_20260605T140000.jpg,vehicle_prompts,done,2026-06-08T22:58:09.618328+00:00,0.557,0,nvidia/cosmos-reason2-8b,Vehicle Safety,"0.0s

[COLLISIONS & NEAR MISSES]
3. No collision or near-miss is visible.

[PARKING & ACCESS VIOLATIONS]
5. Not visible.

[SUSPICIOUS VEHICLE BEHAVIOR]
7. Not visible.

[VEHICLE IDENTIFICATION]
11. Not visible."
vlm_runs/2026-06-05,LP_Parking_and_Restroom_Loitering_4,LP_Parking_and_Restroom_Loitering_4_20260605T141500.jpg,vlm_runs/2026-06-05/LP_Parking_and_Restroom_Loitering_4/LP_Parking_and_Restroom_Loitering_4_20260605T141500.jpg,vehicle_prompts,done,2026-06-08T22:58:10.230562+00:00,0.656,0,nvidia/cosmos-reason2-8b,Vehicle Safety,"0.0s

[GENERAL VEHICLE SAFETY]
1. Not visible
2. Not visible

[COLLISIONS & NEAR MISSES]
3. Not visible
4. Not visible

[PARKING & ACCESS VIOLATIONS]
5. Not visible
6. Not visible

[SUSPICIOUS VEHICLE BEHAVIOR]
7. Not visible
8. Not visible

[VEHICLE IDENTIFICATION]
9. Not visible
10. Not visible
11. Not visible
12. Not visible
13. Not visible
14. Not visible"
vlm_runs/2026-06-05,LP_Parking_and_Restroom_Loitering_4,LP_Parking_and_Restroom_Loitering_4_20260605T143000.jpg,vlm_runs/2026-06-05/LP_Parking_and_Restroom_Loitering_4/LP_Parking_and_Restroom_Loitering_4_20260605T143000.jpg,vehicle_prompts,done,2026-06-08T22:58:10.945291+00:00,0.647,0,nvidia/cosmos-reason2-8b,Vehicle Safety,"<0.0>

[GENERAL VEHICLE SAFETY]
1. Not visible
2. Not visible

[COLLISIONS & NEAR MISSES]
3. Not visible
4. Not visible

[PARKING & ACCESS VIOLATIONS]
5. Not visible
6. Not visible

[SUSPICIOUS VEHICLE BEHAVIOR]
7. Not visible
8. Not visible

[VEHICLE IDENTIFICATION]
9. Not visible
10. Not visible
11. Not visible
12. Not visible
13. Not visible
14. Not visible"
vlm_runs/2026-06-05,LP_Parking_and_Restroom_Loitering_4,LP_Parking_and_Restroom_Loitering_4_20260605T144500.jpg,vlm_runs/2026-06-05/LP_Parking_and_Restroom_Loitering_4/LP_Parking_and_Restroom_Loitering_4_20260605T144500.jpg,vehicle_prompts,done,2026-06-08T22:58:11.650166+00:00,0.463,0,nvidia/cosmos-reason2-8b,Vehicle Safety,"<0.0> 
1. Not visible
2. Not visible
3. Not visible
4. Not visible
5. Not visible
6. Not visible
7. Not visible
8. Not visible
9. Not visible
10. Not visible
11. Not visible
12. Not visible
13. Not visible
14. Not visible"
vlm_runs/2026-06-05,LP_Parking_and_Restroom_Loitering_4,LP_Parking_and_Restroom_Loitering_4_20260605T150000.jpg,vlm_runs/2026-06-05/LP_Parking_and_Restroom_Loitering_4/LP_Parking_and_Restroom_Loitering_4_20260605T150000.jpg,vehicle_prompts,done,2026-06-08T22:58:12.164787+00:00,0.633,0,nvidia/cosmos-reason2-8b,Vehicle Safety,"0.0s

[GENERAL VEHICLE SAFETY]
1. Not visible
2. Not visible

[COLLISIONS & NEAR MISSES]
3. Not visible
4. Not visible

[PARKING & ACCESS VIOLATIONS]
5. Not visible
6. Not visible

[SUSPICIOUS VEHICLE BEHAVIOR]
7. Not visible
8. Not visible

[VEHICLE IDENTIFICATION]
9. Not visible
10. Not visible
11. Not visible
12. Not visible
13. Not visible
14. Not visible"
vlm_runs/2026-06-05,LP_Parking_and_Restroom_Loitering_4,LP_Parking_and_Restroom_Loitering_4_20260605T151500.jpg,vlm_runs/2026-06-05/LP_Parking_and_Restroom_Loitering_4/LP_Parking_and_Restroom_Loitering_4_20260605T151500.jpg,vehicle_prompts,done,2026-06-08T22:58:12.850605+00:00,0.644,0,nvidia/cosmos-reason2-8b,Vehicle Safety,"<0.0> 
[GENERAL VEHICLE SAFETY]
1. Yes
2. No

[COLLISIONS & NEAR MISSES]
3. No
4. Not visible

[PARKING & ACCESS VIOLATIONS]
5. Not visible
6. Not visible

[SUSPICIOUS VEHICLE BEHAVIOR]
7. Not visible
8. Not visible

[VEHICLE IDENTIFICATION]
9. Not visible
10. Not visible
11. Not visible
12. Not visible
13. Not visible
14. Not visible"
vlm_runs/2026-06-05,LP_Parking_and_Restroom_Loitering_4,LP_Parking_and_Restroom_Loitering_4_20260605T153000.jpg,vlm_runs/2026-06-05/LP_Parking_and_Restroom_Loitering_4/LP_Parking_and_Restroom_Loitering_4_20260605T153000.jpg,vehicle_prompts,done,2026-06-08T22:58:13.551866+00:00,0.615,0,nvidia/cosmos-reason2-8b,Vehicle Safety,"0.0 Vehicles are stationary in designated parking spaces, and no unsafe speed is evident. No collisions or near-misses are observed. No vehicles are in restricted areas or violating parking rules. No suspicious behavior or vehicle contact is noted. Plate numbers are not visible. Colors, makes, and models are visible but not specified. No pedestrians or near-miss incidents involving individuals are observed. No children are present or at risk.
"
vlm_runs/2026-06-05,LP_Parking_and_Restroom_Loitering_4,LP_Parking_and_Restroom_Loitering_4_20260605T154500.jpg,vlm_runs/2026-06-05/LP_Parking_and_Restroom_Loitering_4/LP_Parking_and_Restroom_Loitering_4_20260605T154500.jpg,vehicle_prompts,done,2026-06-08T22:58:14.222313+00:00,0.643,0,nvidia/cosmos-reason2-8b,Vehicle Safety,"0.0s

[GENERAL VEHICLE SAFETY]
1. Not visible
2. Not visible

[COLLISIONS & NEAR MISSES]
3. Not visible
4. Not visible

[PARKING & ACCESS VIOLATIONS]
5. Not visible
6. Not visible

[SUSPICIOUS VEHICLE BEHAVIOR]
7. Not visible
8. Not visible

[VEHICLE IDENTIFICATION]
9. Not visible
10. Not visible
11. Not visible
12. Not visible
13. Not visible
14. Not visible"
vlm_runs/2026-06-05,LP_Parking_and_Restroom_Loitering_4,LP_Parking_and_Restroom_Loitering_4_20260605T160000.jpg,vlm_runs/2026-06-05/LP_Parking_and_Restroom_Loitering_4/LP_Parking_and_Restroom_Loitering_4_20260605T160000.jpg,vehicle_prompts,done,2026-06-08T22:58:14.928416+00:00,0.696,0,nvidia/cosmos-reason2-8b,Vehicle Safety,"<0.0>

GENERAL VEHICLE SAFETY
1. Yes
2. No

COLLISIONS & NEAR MISSES
3. No
4. Not visible

PARKING & ACCESS VIOLATIONS
5. No
6. No

SUSPICIOUS VEHICLE BEHAVIOR
7. No
8. No

VEHICLE IDENTIFICATION
9. Not visible
10. Not visible
11. Not visible

PEDESTRIAN & CHILD SAFETY
12. Not visible
13. Not visible
14. Not visible"
vlm_runs/2026-06-05,LP_Parking_and_Restroom_Loitering_4,LP_Parking_and_Restroom_Loitering_4_20260605T161500.jpg,vlm_runs/2026-06-05/LP_Parking_and_Restroom_Loitering_4/LP_Parking_and_Restroom_Loitering_4_20260605T161500.jpg,vehicle_prompts,done,2026-06-08T22:58:15.678274+00:00,0.652,0,nvidia/cosmos-reason2-8b,Vehicle Safety,"<0.0>

[GENERAL VEHICLE SAFETY]
1. Not visible
2. Not visible

[COLLISIONS & NEAR MISSES]
3. Not visible
4. Not visible

[PARKING & ACCESS VIOLATIONS]
5. Not visible
6. Not visible

[SUSPICIOUS VEHICLE BEHAVIOR]
7. Not visible
8. Not visible

[VEHICLE IDENTIFICATION]
9. Not visible
10. Not visible
11. Not visible
12. Not visible
13. Not visible
14. Not visible"
vlm_runs/2026-06-05,LP_Parking_and_Restroom_Loitering_4,LP_Parking_and_Restroom_Loitering_4_20260605T163000.jpg,vlm_runs/2026-06-05/LP_Parking_and_Restroom_Loitering_4/LP_Parking_and_Restroom_Loitering_4_20260605T163000.jpg,vehicle_prompts,done,2026-06-08T22:58:16.391424+00:00,0.81,0,nvidia/cosmos-reason2-8b,Vehicle Safety,"<0.0>

[GENERAL VEHICLE SAFETY]
1. Not visible
2. Not visible

[COLLISIONS & NEAR MISSES]
3. Not visible
4. Not visible

[PARKING & ACCESS VIOLATIONS]
5. Not visible
6. Not visible

[SUSPICIOUS VEHICLE BEHAVIOR]
7. Not visible
8. Not visible

[VEHICLE IDENTIFICATION]
9. Not visible
10. Not visible
11. Not visible

[PEDESTRIAN & CHILD SAFETY]
12. Not visible
13. Not visible
14. Not visible"
vlm_runs/2026-06-05,LP_Parking_and_Restroom_Loitering_4,LP_Parking_and_Restroom_Loitering_4_20260605T164500.jpg,vlm_runs/2026-06-05/LP_Parking_and_Restroom_Loitering_4/LP_Parking_and_Restroom_Loitering_4_20260605T164500.jpg,vehicle_prompts,done,2026-06-08T22:58:17.255696+00:00,0.624,0,nvidia/cosmos-reason2-8b,Vehicle Safety,"<0.0> 
1. Not visible
2. Not visible
3. Not visible
4. Not visible
5. Not visible
6. Not visible
7. Not visible
8. Not visible
9. Not visible
10. Not visible
11. Not visible
12. Not visible
13. Not visible
14. Not visible"
vlm_runs/2026-06-05,LP_Parking_and_Restroom_Loitering_4,LP_Parking_and_Restroom_Loitering_4_20260605T170000.jpg,vlm_runs/2026-06-05/LP_Parking_and_Restroom_Loitering_4/LP_Parking_and_Restroom_Loitering_4_20260605T170000.jpg,vehicle_prompts,done,2026-06-08T22:58:17.947104+00:00,0.618,0,nvidia/cosmos-reason2-8b,Vehicle Safety,"<0.0>

[GENERAL VEHICLE SAFETY]
1. Not visible
2. Not visible

[COLLISIONS & NEAR MISSES]
3. Not visible
4. Not visible

[PARKING & ACCESS VIOLATIONS]
5. Not visible
6. Not visible

[SUSPICIOUS VEHICLE BEHAVIOR]
7. Not visible
8. Not visible

[VEHICLE IDENTIFICATION]
9. Not visible
10. Not visible
11. Not visible
12. Not visible
13. Not visible
14. Not visible"
vlm_runs/2026-06-05,LP_Parking_and_Restroom_Loitering_4,LP_Parking_and_Restroom_Loitering_4_20260605T171500.jpg,vlm_runs/2026-06-05/LP_Parking_and_Restroom_Loitering_4/LP_Parking_and_Restroom_Loitering_4_20260605T171500.jpg,vehicle_prompts,done,2026-06-08T22:58:18.621037+00:00,0.432,0,nvidia/cosmos-reason2-8b,Vehicle Safety,"<0.0>

1. Not visible
2. Not visible
3. Not visible
4. Not visible
5. Not visible
6. Not visible
7. Not visible
8. Not visible
9. Not visible
10. Not visible
11. Not visible
12. Not visible
13. Not visible
14. Not visible"
vlm_runs/2026-06-05,LP_Parking_and_Restroom_Loitering_4,LP_Parking_and_Restroom_Loitering_4_20260605T173000.jpg,vlm_runs/2026-06-05/LP_Parking_and_Restroom_Loitering_4/LP_Parking_and_Restroom_Loitering_4_20260605T173000.jpg,vehicle_prompts,done,2026-06-08T22:58:19.111372+00:00,0.502,0,nvidia/cosmos-reason2-8b,Vehicle Safety,"<0.0> 
1. Not visible
2. Not visible
3. Not visible
4. Not visible
5. Not visible
6. Not visible
7. Not visible
8. Not visible
9. Not visible
10. Not visible
11. Not visible
12. Not visible
13. Not visible
14. Not visible"
vlm_runs/2026-06-05,LP_Parking_and_Restroom_Loitering_4,LP_Parking_and_Restroom_Loitering_4_20260605T174500.jpg,vlm_runs/2026-06-05/LP_Parking_and_Restroom_Loitering_4/LP_Parking_and_Restroom_Loitering_4_20260605T174500.jpg,vehicle_prompts,done,2026-06-08T22:58:19.671109+00:00,0.653,0,nvidia/cosmos-reason2-8b,Vehicle Safety,"<0.0> 
[GENERAL VEHICLE SAFETY]
1. Not visible
2. Not visible

[COLLISIONS & NEAR MISSES]
3. Not visible
4. Not visible

[PARKING & ACCESS VIOLATIONS]
5. Not visible
6. Not visible

[SUSPICIOUS VEHICLE BEHAVIOR]
7. Not visible
8. Not visible

[VEHICLE IDENTIFICATION]
9. Not visible
10. Not visible
11. Not visible
12. Not visible
13. Not visible
14. Not visible"
vlm_runs/2026-06-05,LP_Parking_and_Restroom_Loitering_4,LP_Parking_and_Restroom_Loitering_4_20260605T180000.jpg,vlm_runs/2026-06-05/LP_Parking_and_Restroom_Loitering_4/LP_Parking_and_Restroom_Loitering_4_20260605T180000.jpg,vehicle_prompts,done,2026-06-08T22:58:20.379210+00:00,0.476,0,nvidia/cosmos-reason2-8b,Vehicle Safety,0.0 1. Not visible 2. Not visible 3. Not visible 4. Not visible 5. Not visible 6. Not visible 7. Not visible 8. Not visible 9. Not visible 10. Not visible 11. Not visible 12. Not visible 13. Not visible 14. Not visible
vlm_runs/2026-06-05,LP_Parking_and_Restroom_Loitering_4,LP_Parking_and_Restroom_Loitering_4_20260605T181500.jpg,vlm_runs/2026-06-05/LP_Parking_and_Restroom_Loitering_4/LP_Parking_and_Restroom_Loitering_4_20260605T181500.jpg,vehicle_prompts,done,2026-06-08T22:58:20.922109+00:00,0.72,0,nvidia/cosmos-reason2-8b,Vehicle Safety,"<0.0>

[GENERAL VEHICLE SAFETY]
1. Not visible
2. Not visible

[COLLISIONS & NEAR MISSES]
3. Not visible
4. Not visible

[PARKING & ACCESS VIOLATIONS]
5. Not visible
6. Not visible

[SUSPICIOUS VEHICLE BEHAVIOR]
7. Not visible
8. Not visible

[VEHICLE IDENTIFICATION]
9. Not visible
10. Not visible
11. Not visible

[PEDESTRIAN & CHILD SAFETY]
12. Not visible
13. Not visible
14. Not visible"
vlm_runs/2026-06-05,LP_Parking_and_Restroom_Loitering_4,LP_Parking_and_Restroom_Loitering_4_20260605T183000.jpg,vlm_runs/2026-06-05/LP_Parking_and_Restroom_Loitering_4/LP_Parking_and_Restroom_Loitering_4_20260605T183000.jpg,vehicle_prompts,done,2026-06-08T22:58:21.702594+00:00,0.696,0,nvidia/cosmos-reason2-8b,Vehicle Safety,"<0.0> 
[GENERAL VEHICLE SAFETY]
1. Not visible
2. Not visible

[COLLISIONS & NEAR MISSES]
3. Not visible
4. Not visible

[PARKING & ACCESS VIOLATIONS]
5. Not visible
6. Not visible

[SUSPICIOUS VEHICLE BEHAVIOR]
7. Not visible
8. Not visible

[VEHICLE IDENTIFICATION]
9. Not visible
10. Not visible
11. Not visible

[PEDESTRIAN & CHILD SAFETY]
12. Not visible
13. Not visible
14. Not visible"
vlm_runs/2026-06-05,LP_Parking_and_Restroom_Loitering_4,LP_Parking_and_Restroom_Loitering_4_20260605T184500.jpg,vlm_runs/2026-06-05/LP_Parking_and_Restroom_Loitering_4/LP_Parking_and_Restroom_Loitering_4_20260605T184500.jpg,vehicle_prompts,done,2026-06-08T22:58:22.457041+00:00,0.523,0,nvidia/cosmos-reason2-8b,Vehicle Safety,"<0.0> 
1. Not visible
2. Not visible
3. Not visible
4. Not visible
5. Not visible
6. Not visible
7. Not visible
8. Not visible
9. Not visible
10. Not visible
11. Not visible
12. Not visible
13. Not visible
14. Not visible"
vlm_runs/2026-06-05,LP_Parking_and_Restroom_Loitering_4,LP_Parking_and_Restroom_Loitering_4_20260605T190000.jpg,vlm_runs/2026-06-05/LP_Parking_and_Restroom_Loitering_4/LP_Parking_and_Restroom_Loitering_4_20260605T190000.jpg,vehicle_prompts,done,2026-06-08T22:58:23.033015+00:00,0.699,0,nvidia/cosmos-reason2-8b,Vehicle Safety,"<0.0> 
[GENERAL VEHICLE SAFETY]
1. Not visible
2. Not visible

[COLLISIONS & NEAR MISSES]
3. Not visible
4. Not visible

[PARKING & ACCESS VIOLATIONS]
5. Not visible
6. Not visible

[SUSPICIOUS VEHICLE BEHAVIOR]
7. Not visible
8. Not visible

[VEHICLE IDENTIFICATION]
9. Not visible
10. Not visible
11. Not visible
12. Not visible
13. Not visible
14. Not visible"
vlm_runs/2026-06-05,LP_Parking_and_Restroom_Loitering_4,LP_Parking_and_Restroom_Loitering_4_20260605T191500.jpg,vlm_runs/2026-06-05/LP_Parking_and_Restroom_Loitering_4/LP_Parking_and_Restroom_Loitering_4_20260605T191500.jpg,vehicle_prompts,done,2026-06-08T22:58:23.789406+00:00,0.457,0,nvidia/cosmos-reason2-8b,Vehicle Safety,"<0.0> 
1. Not visible
2. Not visible
3. Not visible
4. Not visible
5. Not visible
6. Not visible
7. Not visible
8. Not visible
9. Not visible
10. Not visible
11. Not visible
12. Not visible
13. Not visible
14. Not visible"
vlm_runs/2026-06-05,LP_Parking_and_Restroom_Loitering_4,LP_Parking_and_Restroom_Loitering_4_20260605T193000.jpg,vlm_runs/2026-06-05/LP_Parking_and_Restroom_Loitering_4/LP_Parking_and_Restroom_Loitering_4_20260605T193000.jpg,vehicle_prompts,done,2026-06-08T22:58:24.301599+00:00,0.557,0,nvidia/cosmos-reason2-8b,Vehicle Safety,"<0.0> 
1. Not visible
2. Not visible
3. Not visible
4. Not visible
5. Not visible
6. Not visible
7. Not visible
8. Not visible
9. Not visible
10. Not visible
11. Not visible
12. Not visible
13. Not visible
14. Not visible"
vlm_runs/2026-06-05,LP_Parking_and_Restroom_Loitering_4,LP_Parking_and_Restroom_Loitering_4_20260605T194500.jpg,vlm_runs/2026-06-05/LP_Parking_and_Restroom_Loitering_4/LP_Parking_and_Restroom_Loitering_4_20260605T194500.jpg,vehicle_prompts,done,2026-06-08T22:58:24.915764+00:00,0.856,0,nvidia/cosmos-reason2-8b,Vehicle Safety,"<0.0> 
[GENERAL VEHICLE SAFETY]
1. Not visible
2. Not visible

[COLLISIONS & NEAR MISSES]
3. Not visible
4. Not visible

[PARKING & ACCESS VIOLATIONS]
5. Not visible
6. Not visible

[SUSPICIOUS VEHICLE BEHAVIOR]
7. Not visible
8. Not visible

[VEHICLE IDENTIFICATION]
9. Not visible
10. Not visible
11. Not visible

[PEDESTRIAN & CHILD SAFETY]
12. Not visible
13. Not visible
14. Not visible"
vlm_runs/2026-06-05,LP_Parking_and_Restroom_Loitering_4,LP_Parking_and_Restroom_Loitering_4_20260605T200000.jpg,vlm_runs/2026-06-05/LP_Parking_and_Restroom_Loitering_4/LP_Parking_and_Restroom_Loitering_4_20260605T200000.jpg,vehicle_prompts,done,2026-06-08T22:58:25.826735+00:00,0.294,0,nvidia/cosmos-reason2-8b,Vehicle Safety,0.0 Not visible
vlm_runs/2026-06-05,LP_Parking_and_Restroom_Loitering_4,LP_Parking_and_Restroom_Loitering_4_20260605T201500.jpg,vlm_runs/2026-06-05/LP_Parking_and_Restroom_Loitering_4/LP_Parking_and_Restroom_Loitering_4_20260605T201500.jpg,vehicle_prompts,done,2026-06-08T22:58:26.169022+00:00,0.694,0,nvidia/cosmos-reason2-8b,Vehicle Safety,"Visible in the image, there is a black SUV parked in a designated parking space on the left side of the frame. The vehicle appears stationary and properly aligned within the parking lines. No other vehicles are visible in motion or improperly parked. The SUV is positioned in a way that does not obstruct any pathways or emergency access points. There are no signs of collisions, near misses, or suspicious behavior involving the vehicle. The scene appears calm and orderly, with no immediate safety concerns related to vehicle positioning or movement."
vlm_runs/2026-06-05,LP_Parking_and_Restroom_Loitering_4,LP_Parking_and_Restroom_Loitering_4_20260605T203000.jpg,vlm_runs/2026-06-05/LP_Parking_and_Restroom_Loitering_4/LP_Parking_and_Restroom_Loitering_4_20260605T203000.jpg,vehicle_prompts,done,2026-06-08T22:58:26.917744+00:00,1.086,0,nvidia/cosmos-reason2-8b,Vehicle Safety,"0.0 [GENERAL VEHICLE SAFETY] 1. Yes, all vehicles are parked at a safe speed in designated areas. 2. No, there are no vehicles moving at an unsafe speed. [COLLISIONS & NEAR MISSES] 3. No, there are no collisions or near misses involving vehicles, city assets, or pedestrians. 4. 0 near misses. [PARKING & ACCESS VIOLATIONS] 5. No, there are no vehicles in fire lanes, emergency corridors, or no-stopping zones. 6. No, there are no vehicles in restricted areas. [SUSPICIOUS VEHICLE BEHAVIOR] 7. No, there are no vehicles making threatening maneuvers or pursuing pedestrians. 8. No, there are no instances of suspicious contact with parked vehicles. [VEHICLE IDENTIFICATION] 9. 0 vehicles with no or obscured plates. 10. Not visible. 11. Not visible. [PEDESTRIAN & CHILD SAFETY] 12. 0 individuals struck or injured by vehicles. 13. 0 near misses involving individuals. 14. 0 children struck or at risk."
vlm_runs/2026-06-05,LP_Parking_and_Restroom_Loitering_4,LP_Parking_and_Restroom_Loitering_4_20260605T204500.jpg,vlm_runs/2026-06-05/LP_Parking_and_Restroom_Loitering_4/LP_Parking_and_Restroom_Loitering_4_20260605T204500.jpg,vehicle_prompts,done,2026-06-08T22:58:28.060415+00:00,0.701,0,nvidia/cosmos-reason2-8b,Vehicle Safety,"<0.0> 
[GENERAL VEHICLE SAFETY]
1. Not visible
2. Not visible

[COLLISIONS & NEAR MISSES]
3. Not visible
4. Not visible

[PARKING & ACCESS VIOLATIONS]
5. Not visible
6. Not visible

[SUSPICIOUS VEHICLE BEHAVIOR]
7. Not visible
8. Not visible

[VEHICLE IDENTIFICATION]
9. Not visible
10. Not visible
11. Not visible
12. Not visible
13. Not visible
14. Not visible"
vlm_runs/2026-06-05,LP_Parking_and_Restroom_Loitering_4,LP_Parking_and_Restroom_Loitering_4_20260605T210000.jpg,vlm_runs/2026-06-05/LP_Parking_and_Restroom_Loitering_4/LP_Parking_and_Restroom_Loitering_4_20260605T210000.jpg,vehicle_prompts,done,2026-06-08T22:58:28.814740+00:00,0.791,0,nvidia/cosmos-reason2-8b,Vehicle Safety,"0.0 The scene shows an empty parking lot with no vehicles or pedestrians present, so there are no visible collisions, near misses, or unsafe behaviors."
vlm_runs/2026-06-05,LP_Parking_and_Restroom_Loitering_4,LP_Parking_and_Restroom_Loitering_4_20260605T211500.jpg,vlm_runs/2026-06-05/LP_Parking_and_Restroom_Loitering_4/LP_Parking_and_Restroom_Loitering_4_20260605T211500.jpg,vehicle_prompts,done,2026-06-08T22:58:29.666854+00:00,0.455,0,nvidia/cosmos-reason2-8b,Vehicle Safety,"<0.0> 
1. Not visible
2. Not visible
3. Not visible
4. Not visible
5. Not visible
6. Not visible
7. Not visible
8. Not visible
9. Not visible
10. Not visible
11. Not visible
12. Not visible
13. Not visible
14. Not visible"
vlm_runs/2026-06-05,LP_Parking_and_Restroom_Loitering_4,LP_Parking_and_Restroom_Loitering_4_20260605T213000.jpg,vlm_runs/2026-06-05/LP_Parking_and_Restroom_Loitering_4/LP_Parking_and_Restroom_Loitering_4_20260605T213000.jpg,vehicle_prompts,done,2026-06-08T22:58:30.174856+00:00,0.448,0,nvidia/cosmos-reason2-8b,Vehicle Safety,"<0.0> 
1. Not visible
2. Not visible
3. Not visible
4. Not visible
5. Not visible
6. Not visible
7. Not visible
8. Not visible
9. Not visible
10. Not visible
11. Not visible
12. Not visible
13. Not visible
14. Not visible"
vlm_runs/2026-06-05,LP_Parking_and_Restroom_Loitering_4,LP_Parking_and_Restroom_Loitering_4_20260605T214500.jpg,vlm_runs/2026-06-05/LP_Parking_and_Restroom_Loitering_4/LP_Parking_and_Restroom_Loitering_4_20260605T214500.jpg,vehicle_prompts,done,2026-06-08T22:58:30.674817+00:00,0.669,0,nvidia/cosmos-reason2-8b,Vehicle Safety,"Visible timestamps: 0.0s

[GENERAL VEHICLE SAFETY]
1. Not visible
2. Not visible

[COLLISIONS & NEAR MISSES]
3. Not visible
4. Not visible

[PARKING & ACCESS VIOLATIONS]
5. Not visible
6. Not visible

[SUSPICIOUS VEHICLE BEHAVIOR]
7. Not visible
8. Not visible

[VEHICLE IDENTIFICATION]
9. Not visible
10. Not visible
11. Not visible

[PEDESTRIAN & CHILD SAFETY]
12. Not visible
13. Not visible
14. Not visible"
vlm_runs/2026-06-05,LP_Parking_and_Restroom_Loitering_4,LP_Parking_and_Restroom_Loitering_4_20260605T220000.jpg,vlm_runs/2026-06-05/LP_Parking_and_Restroom_Loitering_4/LP_Parking_and_Restroom_Loitering_4_20260605T220000.jpg,vehicle_prompts,done,2026-06-08T22:58:31.399573+00:00,0.676,0,nvidia/cosmos-reason2-8b,Vehicle Safety," timestamp: <0.0> 
[GENERAL VEHICLE SAFETY]
1. Not visible
2. Not visible
[COLLISIONS & NEAR MISSES]
3. Not visible
4. Not visible
[PARKING & ACCESS VIOLATIONS]
5. Not visible
6. Not visible
[SUSPICIOUS VEHICLE BEHAVIOR]
7. Not visible
8. Not visible
[VEHICLE IDENTIFICATION]
9. Not visible
10. Not visible
11. Not visible
[PEDESTRIAN & CHILD SAFETY]
12. Not visible
13. Not visible
14. Not visible"
vlm_runs/2026-06-05,LP_Parking_and_Restroom_Loitering_4,LP_Parking_and_Restroom_Loitering_4_20260605T221500.jpg,vlm_runs/2026-06-05/LP_Parking_and_Restroom_Loitering_4/LP_Parking_and_Restroom_Loitering_4_20260605T221500.jpg,vehicle_prompts,done,2026-06-08T22:58:32.128579+00:00,0.348,0,nvidia/cosmos-reason2-8b,Vehicle Safety,0.0
vlm_runs/2026-06-05,LP_Parking_and_Restroom_Loitering_4,LP_Parking_and_Restroom_Loitering_4_20260605T223000.jpg,vlm_runs/2026-06-05/LP_Parking_and_Restroom_Loitering_4/LP_Parking_and_Restroom_Loitering_4_20260605T223000.jpg,vehicle_prompts,done,2026-06-08T22:58:32.532032+00:00,0.294,0,nvidia/cosmos-reason2-8b,Vehicle Safety,Visible timestamps: 0.0
vlm_runs/2026-06-05,LP_Parking_and_Restroom_Loitering_4,LP_Parking_and_Restroom_Loitering_4_20260605T224500.jpg,vlm_runs/2026-06-05/LP_Parking_and_Restroom_Loitering_4/LP_Parking_and_Restroom_Loitering_4_20260605T224500.jpg,vehicle_prompts,done,2026-06-08T22:58:32.885075+00:00,0.308,0,nvidia/cosmos-reason2-8b,Vehicle Safety,Visible Timestamp(s): 0.0 
vlm_runs/2026-06-05,LP_Parking_and_Restroom_Loitering_4,LP_Parking_and_Restroom_Loitering_4_20260605T230000.jpg,vlm_runs/2026-06-05/LP_Parking_and_Restroom_Loitering_4/LP_Parking_and_Restroom_Loitering_4_20260605T230000.jpg,vehicle_prompts,done,2026-06-08T22:58:33.252560+00:00,0.267,0,nvidia/cosmos-reason2-8b,Vehicle Safety,0.0
vlm_runs/2026-06-05,LP_Parking_and_Restroom_Loitering_4,LP_Parking_and_Restroom_Loitering_4_20260605T231500.jpg,vlm_runs/2026-06-05/LP_Parking_and_Restroom_Loitering_4/LP_Parking_and_Restroom_Loitering_4_20260605T231500.jpg,vehicle_prompts,done,2026-06-08T22:58:33.571849+00:00,0.468,0,nvidia/cosmos-reason2-8b,Vehicle Safety,"<0.0> 
1. Not visible
2. Not visible
3. Not visible
4. Not visible
5. Not visible
6. Not visible
7. Not visible
8. Not visible
9. Not visible
10. Not visible
11. Not visible
12. Not visible
13. Not visible
14. Not visible"
vlm_runs/2026-06-05,LP_Parking_and_Restroom_Loitering_4,LP_Parking_and_Restroom_Loitering_4_20260605T233000.jpg,vlm_runs/2026-06-05/LP_Parking_and_Restroom_Loitering_4/LP_Parking_and_Restroom_Loitering_4_20260605T233000.jpg,vehicle_prompts,done,2026-06-08T22:58:34.091405+00:00,0.318,0,nvidia/cosmos-reason2-8b,Vehicle Safety,Visible Timestamp(s): 0.0 
vlm_runs/2026-06-05,LP_Parking_and_Restroom_Loitering_4,LP_Parking_and_Restroom_Loitering_4_20260605T234500.jpg,vlm_runs/2026-06-05/LP_Parking_and_Restroom_Loitering_4/LP_Parking_and_Restroom_Loitering_4_20260605T234500.jpg,vehicle_prompts,done,2026-06-08T22:58:34.462698+00:00,0.302,0,nvidia/cosmos-reason2-8b,Vehicle Safety,0.0 Not visible
