run_id,file_name,source,local_path,minio_key,preset,status,started_at,upload_seconds,caption_seconds,total_seconds,total_tokens,model,full_caption
20260604T134116Z,DT_10th_and_2nd_St_1_20260602T000000.jpg,,,dataset_20260603_063335/DT_10th_and_2nd_St_1/DT_10th_and_2nd_St_1_20260602T000000.jpg,illegal_dumping,done,2026-06-04T13:48:18.773861+00:00,0.154,1.207,1.379,,nvidia/cosmos-reason2-8b,"DUMPING PRESENT: No
ORDINANCE VIOLATION: No
WASTE TYPE: mixed
WASTE VOLUME: small (pickup truck)
WASTE ORIGIN: residential
PROPERTY TYPE: vacant-lot
ADDRESS MARKERS: NONE
GUTTER/ALLEY: No
WATER PROXIMITY: No
CHRONIC SITE: No
VEHICLES: NONE
IDENTIFIERS: NONE
SEVERITY: 1
ORDINANCE: N/A
PRIORITY: LOW
SUMMARY: No illegal dumping is observed in the video."
20260604T134116Z,DT_10th_and_2nd_St_1_20260602T001500.jpg,,,dataset_20260603_063335/DT_10th_and_2nd_St_1/DT_10th_and_2nd_St_1_20260602T001500.jpg,illegal_dumping,done,2026-06-04T13:48:18.774568+00:00,0.156,0.916,1.09,,nvidia/cosmos-reason2-8b,"DUMPING PRESENT: No
ORDINANCE VIOLATION: No
WASTE TYPE: mixed
WASTE VOLUME: small
WASTE ORIGIN: residential
PROPERTY TYPE: vacant-lot
ADDRESS MARKERS: NONE
GUTTER/ALLEY: No
WATER PROXIMITY: No
CHRONIC SITE: No
VEHICLES: NONE
IDENTIFIERS: NONE
SEVERITY: 1
ORDINANCE: N/A
PRIORITY: LOW
SUMMARY: No illegal dumping is observed in the video."
20260604T134116Z,DT_10th_and_2nd_St_1_20260602T003000.jpg,,,dataset_20260603_063335/DT_10th_and_2nd_St_1/DT_10th_and_2nd_St_1_20260602T003000.jpg,illegal_dumping,done,2026-06-04T13:48:18.774883+00:00,0.155,1.011,1.184,,nvidia/cosmos-reason2-8b,"DUMPING PRESENT: No
ORDINANCE VIOLATION: No
WASTE TYPE: mixed
WASTE VOLUME: small (pickup truck)
WASTE ORIGIN: residential
PROPERTY TYPE: vacant-lot
ADDRESS MARKERS: NONE
GUTTER/ALLEY: No
WATER PROXIMITY: No
CHRONIC SITE: No
VEHICLES: NONE
IDENTIFIERS: NONE
SEVERITY: 1
ORDINANCE: N/A
PRIORITY: LOW
SUMMARY: No illegal dumping detected in the video."
20260604T134116Z,DT_10th_and_2nd_St_1_20260602T004500.jpg,,,dataset_20260603_063335/DT_10th_and_2nd_St_1/DT_10th_and_2nd_St_1_20260602T004500.jpg,illegal_dumping,done,2026-06-04T13:48:18.776693+00:00,0.155,1.276,1.448,,nvidia/cosmos-reason2-8b,"DUMPING PRESENT: No
ORDINANCE VIOLATION: No
WASTE TYPE: mixed
WASTE VOLUME: small (pickup truck)
WASTE ORIGIN: residential
PROPERTY TYPE: vacant-lot
ADDRESS MARKERS: NONE
GUTTER/ALLEY: No
WATER PROXIMITY: No
CHRONIC SITE: No
VEHICLES: NONE
IDENTIFIERS: NONE
SEVERITY: 1
ORDINANCE: N/A
PRIORITY: LOW
SUMMARY: No illegal dumping is observed in the video; the scene appears to be a blurred outdoor area without clear evidence of waste disposal violations."
20260604T134116Z,DT_10th_and_2nd_St_1_20260602T010000.jpg,,,dataset_20260603_063335/DT_10th_and_2nd_St_1/DT_10th_and_2nd_St_1_20260602T010000.jpg,illegal_dumping,done,2026-06-04T13:48:19.867256+00:00,0.045,0.612,0.661,,nvidia/cosmos-reason2-8b,"DUMPING PRESENT: No
ORDINANCE VIOLATION: No
WASTE TYPE: mixed
WASTE VOLUME: small (pickup truck)
WASTE ORIGIN: residential
PROPERTY TYPE: vacant-lot
ADDRESS MARKERS: NONE
GUTTER/ALLEY: No
WATER PROXIMITY: No
CHRONIC SITE: No
VEHICLES: NONE
IDENTIFIERS: NONE
SEVERITY: 1
ORDINANCE: N/A
PRIORITY: LOW
SUMMARY: No illegal dumping is observed in the video."
20260604T134116Z,DT_10th_and_2nd_St_1_20260602T011500.jpg,,,dataset_20260603_063335/DT_10th_and_2nd_St_1/DT_10th_and_2nd_St_1_20260602T011500.jpg,illegal_dumping,done,2026-06-04T13:48:19.962117+00:00,0.048,0.737,0.788,,nvidia/cosmos-reason2-8b,"DUMPING PRESENT: No
ORDINANCE VIOLATION: No
WASTE TYPE: mixed
WASTE VOLUME: small (pickup truck)
WASTE ORIGIN: residential
PROPERTY TYPE: vacant-lot
ADDRESS MARKERS: NONE
GUTTER/ALLEY: No
WATER PROXIMITY: No
CHRONIC SITE: No
VEHICLES: NONE
IDENTIFIERS: NONE
SEVERITY: 1
ORDINANCE: N/A
PRIORITY: LOW
SUMMARY: No illegal dumping detected in the video."
20260604T134116Z,DT_10th_and_2nd_St_1_20260602T013000.jpg,,,dataset_20260603_063335/DT_10th_and_2nd_St_1/DT_10th_and_2nd_St_1_20260602T013000.jpg,illegal_dumping,done,2026-06-04T13:48:20.155860+00:00,0.046,0.989,1.039,,nvidia/cosmos-reason2-8b,"DUMPING PRESENT: No
ORDINANCE VIOLATION: No
WASTE TYPE: mixed
WASTE VOLUME: small (pickup truck)
WASTE ORIGIN: residential
PROPERTY TYPE: vacant-lot
ADDRESS MARKERS: NONE
GUTTER/ALLEY: No
WATER PROXIMITY: No
CHRONIC SITE: No
VEHICLES: NONE
IDENTIFIERS: NONE
SEVERITY: 1
ORDINANCE: N/A
PRIORITY: LOW
SUMMARY: No illegal dumping detected in the video."
20260604T134116Z,DT_10th_and_2nd_St_1_20260602T014500.jpg,,,dataset_20260603_063335/DT_10th_and_2nd_St_1/DT_10th_and_2nd_St_1_20260602T014500.jpg,illegal_dumping,done,2026-06-04T13:48:20.226692+00:00,0.043,0.754,0.8,,nvidia/cosmos-reason2-8b,"DUMPING PRESENT: No
ORDINANCE VIOLATION: No
WASTE TYPE: mixed
WASTE VOLUME: small (pickup truck)
WASTE ORIGIN: residential
PROPERTY TYPE: occupied-private
ADDRESS MARKERS: NONE
GUTTER/ALLEY: No
WATER PROXIMITY: No
CHRONIC SITE: No
VEHICLES: NONE
IDENTIFIERS: NONE
SEVERITY: 1
ORDINANCE: N/A
PRIORITY: LOW
SUMMARY: No illegal dumping detected in the video."
20260604T134116Z,DT_10th_and_2nd_St_1_20260602T020000.jpg,,,dataset_20260603_063335/DT_10th_and_2nd_St_1/DT_10th_and_2nd_St_1_20260602T020000.jpg,illegal_dumping,done,2026-06-04T13:48:20.530671+00:00,0.049,0.735,0.787,,nvidia/cosmos-reason2-8b,"DUMPING PRESENT: No
ORDINANCE VIOLATION: No
WASTE TYPE: mixed
WASTE VOLUME: small
WASTE ORIGIN: unknown
PROPERTY TYPE: right-of-way
ADDRESS MARKERS: NONE
GUTTER/ALLEY: No
WATER PROXIMITY: No
CHRONIC SITE: No
VEHICLES: NONE
IDENTIFIERS: NONE
SEVERITY: 1
ORDINANCE: N/A
PRIORITY: LOW
SUMMARY: No illegal dumping is observed in the video."
20260604T134116Z,DT_10th_and_2nd_St_1_20260602T021500.jpg,,,dataset_20260603_063335/DT_10th_and_2nd_St_1/DT_10th_and_2nd_St_1_20260602T021500.jpg,illegal_dumping,done,2026-06-04T13:48:20.753264+00:00,0.048,0.705,0.755,,nvidia/cosmos-reason2-8b,"DUMPING PRESENT: No
ORDINANCE VIOLATION: No
WASTE TYPE: mixed
WASTE VOLUME: small (pickup truck)
WASTE ORIGIN: residential
PROPERTY TYPE: vacant-lot
ADDRESS MARKERS: NONE
GUTTER/ALLEY: No
WATER PROXIMITY: No
CHRONIC SITE: No
VEHICLES: NONE
IDENTIFIERS: NONE
SEVERITY: 1
ORDINANCE: N/A
PRIORITY: LOW
SUMMARY: No illegal dumping detected in the video."
20260604T134116Z,DT_10th_and_2nd_St_1_20260602T023000.jpg,,,dataset_20260603_063335/DT_10th_and_2nd_St_1/DT_10th_and_2nd_St_1_20260602T023000.jpg,illegal_dumping,done,2026-06-04T13:48:21.029042+00:00,0.051,0.6,0.653,,nvidia/cosmos-reason2-8b,"DUMPING PRESENT: No
ORDINANCE VIOLATION: No
WASTE TYPE: mixed
WASTE VOLUME: small (pickup truck)
WASTE ORIGIN: residential
PROPERTY TYPE: vacant-lot
ADDRESS MARKERS: NONE
GUTTER/ALLEY: No
WATER PROXIMITY: No
CHRONIC SITE: No
VEHICLES: NONE
IDENTIFIERS: NONE
SEVERITY: 1
ORDINANCE: N/A
PRIORITY: LOW
SUMMARY: No illegal dumping is observed in the video."
20260604T134116Z,DT_10th_and_2nd_St_1_20260602T024500.jpg,,,dataset_20260603_063335/DT_10th_and_2nd_St_1/DT_10th_and_2nd_St_1_20260602T024500.jpg,illegal_dumping,done,2026-06-04T13:48:21.197462+00:00,0.04,0.685,0.727,,nvidia/cosmos-reason2-8b,"DUMPING PRESENT: No
ORDINANCE VIOLATION: No
WASTE TYPE: mixed
WASTE VOLUME: small (pickup truck)
WASTE ORIGIN: residential
PROPERTY TYPE: vacant-lot
ADDRESS MARKERS: NONE
GUTTER/ALLEY: No
WATER PROXIMITY: No
CHRONIC SITE: No
VEHICLES: NONE
IDENTIFIERS: NONE
SEVERITY: 1
ORDINANCE: N/A
PRIORITY: LOW
SUMMARY: No illegal dumping is observed in the video."
20260604T134116Z,DT_10th_and_2nd_St_1_20260602T030000.jpg,,,dataset_20260603_063335/DT_10th_and_2nd_St_1/DT_10th_and_2nd_St_1_20260602T030000.jpg,illegal_dumping,done,2026-06-04T13:48:21.319924+00:00,0.047,0.762,0.811,,nvidia/cosmos-reason2-8b,"DUMPING PRESENT: No
ORDINANCE VIOLATION: No
WASTE TYPE: mixed
WASTE VOLUME: small (pickup truck)
WASTE ORIGIN: residential
PROPERTY TYPE: vacant-lot
ADDRESS MARKERS: NONE
GUTTER/ALLEY: No
WATER PROXIMITY: No
CHRONIC SITE: No
VEHICLES: NONE
IDENTIFIERS: NONE
SEVERITY: 1
ORDINANCE: N/A
PRIORITY: LOW
SUMMARY: No illegal dumping detected in the video."
20260604T134116Z,DT_10th_and_2nd_St_1_20260602T031500.jpg,,,dataset_20260603_063335/DT_10th_and_2nd_St_1/DT_10th_and_2nd_St_1_20260602T031500.jpg,illegal_dumping,done,2026-06-04T13:48:21.510368+00:00,0.036,0.699,0.737,,nvidia/cosmos-reason2-8b,"DUMPING PRESENT: No
ORDINANCE VIOLATION: No
WASTE TYPE: mixed
WASTE VOLUME: small
WASTE ORIGIN: residential
PROPERTY TYPE: right-of-way
ADDRESS MARKERS: NONE
GUTTER/ALLEY: No
WATER PROXIMITY: No
CHRONIC SITE: No
VEHICLES: NONE
IDENTIFIERS: NONE
SEVERITY: 1
ORDINANCE: N/A
PRIORITY: LOW
SUMMARY: No illegal dumping is observed in the video."
20260604T134116Z,DT_10th_and_2nd_St_1_20260602T033000.jpg,,,dataset_20260603_063335/DT_10th_and_2nd_St_1/DT_10th_and_2nd_St_1_20260602T033000.jpg,illegal_dumping,done,2026-06-04T13:48:21.684471+00:00,0.048,0.825,0.875,,nvidia/cosmos-reason2-8b,"DUMPING PRESENT: No
ORDINANCE VIOLATION: No
WASTE TYPE: mixed
WASTE VOLUME: small (pickup truck)
WASTE ORIGIN: residential
PROPERTY TYPE: vacant-lot
ADDRESS MARKERS: NONE
GUTTER/ALLEY: No
WATER PROXIMITY: No
CHRONIC SITE: No
VEHICLES: NONE
IDENTIFIERS: NONE
SEVERITY: 1
ORDINANCE: N/A
PRIORITY: LOW
SUMMARY: No illegal dumping detected in the video."
20260604T134116Z,DT_10th_and_2nd_St_1_20260602T034500.jpg,,,dataset_20260603_063335/DT_10th_and_2nd_St_1/DT_10th_and_2nd_St_1_20260602T034500.jpg,illegal_dumping,done,2026-06-04T13:48:21.927205+00:00,0.049,0.707,0.758,,nvidia/cosmos-reason2-8b,"DUMPING PRESENT: No
ORDINANCE VIOLATION: No
WASTE TYPE: mixed
WASTE VOLUME: small
WASTE ORIGIN: residential
PROPERTY TYPE: vacant-lot
ADDRESS MARKERS: NONE
GUTTER/ALLEY: No
WATER PROXIMITY: No
CHRONIC SITE: No
VEHICLES: NONE
IDENTIFIERS: NONE
SEVERITY: 1
ORDINANCE: N/A
PRIORITY: LOW
SUMMARY: No illegal dumping is observed in the video."
20260604T134116Z,DT_10th_and_2nd_St_1_20260602T040000.jpg,,,dataset_20260603_063335/DT_10th_and_2nd_St_1/DT_10th_and_2nd_St_1_20260602T040000.jpg,illegal_dumping,done,2026-06-04T13:48:22.133331+00:00,0.051,0.69,0.744,,nvidia/cosmos-reason2-8b,"DUMPING PRESENT: No
ORDINANCE VIOLATION: No
WASTE TYPE: mixed
WASTE VOLUME: small (pickup truck)
WASTE ORIGIN: residential
PROPERTY TYPE: vacant-lot
ADDRESS MARKERS: NONE
GUTTER/ALLEY: No
WATER PROXIMITY: No
CHRONIC SITE: No
VEHICLES: NONE
IDENTIFIERS: NONE
SEVERITY: 1
ORDINANCE: N/A
PRIORITY: LOW
SUMMARY: No illegal dumping detected in the video."
20260604T134116Z,DT_10th_and_2nd_St_1_20260602T041500.jpg,,,dataset_20260603_063335/DT_10th_and_2nd_St_1/DT_10th_and_2nd_St_1_20260602T041500.jpg,illegal_dumping,done,2026-06-04T13:48:22.249995+00:00,0.042,0.85,0.894,,nvidia/cosmos-reason2-8b,"DUMPING PRESENT: No
ORDINANCE VIOLATION: No
WASTE TYPE: mixed
WASTE VOLUME: small (pickup truck)
WASTE ORIGIN: residential
PROPERTY TYPE: vacant-lot
ADDRESS MARKERS: NONE
GUTTER/ALLEY: No
WATER PROXIMITY: No
CHRONIC SITE: No
VEHICLES: NONE
IDENTIFIERS: NONE
SEVERITY: 1
ORDINANCE: N/A
PRIORITY: LOW
SUMMARY: No illegal dumping is observed in the video."
20260604T134116Z,DT_10th_and_2nd_St_1_20260602T043000.jpg,,,dataset_20260603_063335/DT_10th_and_2nd_St_1/DT_10th_and_2nd_St_1_20260602T043000.jpg,illegal_dumping,done,2026-06-04T13:48:22.562096+00:00,0.044,0.769,0.815,,nvidia/cosmos-reason2-8b,"DUMPING PRESENT: No
ORDINANCE VIOLATION: No
WASTE TYPE: mixed
WASTE VOLUME: small (pickup truck)
WASTE ORIGIN: residential
PROPERTY TYPE: vacant-lot
ADDRESS MARKERS: NONE
GUTTER/ALLEY: No
WATER PROXIMITY: No
CHRONIC SITE: No
VEHICLES: NONE
IDENTIFIERS: NONE
SEVERITY: 1
ORDINANCE: N/A
PRIORITY: LOW
SUMMARY: No illegal dumping is observed in the video."
20260604T134116Z,DT_10th_and_2nd_St_1_20260602T044500.jpg,,,dataset_20260603_063335/DT_10th_and_2nd_St_1/DT_10th_and_2nd_St_1_20260602T044500.jpg,illegal_dumping,done,2026-06-04T13:48:22.687537+00:00,0.038,0.791,0.831,,nvidia/cosmos-reason2-8b,"DUMPING PRESENT: No
ORDINANCE VIOLATION: No
WASTE TYPE: mixed
WASTE VOLUME: small (pickup truck)
WASTE ORIGIN: residential
PROPERTY TYPE: vacant-lot
ADDRESS MARKERS: NONE
GUTTER/ALLEY: No
WATER PROXIMITY: No
CHRONIC SITE: No
VEHICLES: NONE
IDENTIFIERS: NONE
SEVERITY: 1
ORDINANCE: N/A
PRIORITY: LOW
SUMMARY: No illegal dumping detected in the video."
20260604T134116Z,DT_10th_and_2nd_St_1_20260602T050000.jpg,,,dataset_20260603_063335/DT_10th_and_2nd_St_1/DT_10th_and_2nd_St_1_20260602T050000.jpg,illegal_dumping,done,2026-06-04T13:48:22.879856+00:00,0.04,0.819,0.862,,nvidia/cosmos-reason2-8b,"DUMPING PRESENT: No
ORDINANCE VIOLATION: No
WASTE TYPE: mixed
WASTE VOLUME: small
WASTE ORIGIN: residential
PROPERTY TYPE: vacant-lot
ADDRESS MARKERS: NONE
GUTTER/ALLEY: No
WATER PROXIMITY: No
CHRONIC SITE: No
VEHICLES: NONE
IDENTIFIERS: NONE
SEVERITY: 1
ORDINANCE: N/A
PRIORITY: LOW
SUMMARY: No illegal dumping is observed in the video."
20260604T134116Z,DT_10th_and_2nd_St_1_20260602T051500.jpg,,,dataset_20260603_063335/DT_10th_and_2nd_St_1/DT_10th_and_2nd_St_1_20260602T051500.jpg,illegal_dumping,done,2026-06-04T13:48:23.147074+00:00,0.045,0.755,0.802,,nvidia/cosmos-reason2-8b,"DUMPING PRESENT: No
ORDINANCE VIOLATION: No
WASTE TYPE: mixed
WASTE VOLUME: small (pickup truck)
WASTE ORIGIN: residential
PROPERTY TYPE: vacant-lot
ADDRESS MARKERS: NONE
GUTTER/ALLEY: No
WATER PROXIMITY: No
CHRONIC SITE: No
VEHICLES: NONE
IDENTIFIERS: NONE
SEVERITY: 1
ORDINANCE: N/A
PRIORITY: LOW
SUMMARY: No illegal dumping detected in the video."
20260604T134116Z,DT_10th_and_2nd_St_1_20260602T053000.jpg,,,dataset_20260603_063335/DT_10th_and_2nd_St_1/DT_10th_and_2nd_St_1_20260602T053000.jpg,illegal_dumping,done,2026-06-04T13:48:23.379392+00:00,0.039,0.723,0.765,,nvidia/cosmos-reason2-8b,"DUMPING PRESENT: No
ORDINANCE VIOLATION: No
WASTE TYPE: mixed
WASTE VOLUME: small (pickup truck)
WASTE ORIGIN: residential
PROPERTY TYPE: vacant-lot
ADDRESS MARKERS: NONE
GUTTER/ALLEY: No
WATER PROXIMITY: No
CHRONIC SITE: No
VEHICLES: NONE
IDENTIFIERS: NONE
SEVERITY: 1
ORDINANCE: N/A
PRIORITY: LOW
SUMMARY: No illegal dumping is observed in the video."
20260604T134116Z,DT_10th_and_2nd_St_1_20260602T054500.jpg,,,dataset_20260603_063335/DT_10th_and_2nd_St_1/DT_10th_and_2nd_St_1_20260602T054500.jpg,illegal_dumping,done,2026-06-04T13:48:23.521108+00:00,0.04,0.766,0.808,,nvidia/cosmos-reason2-8b,"DUMPING PRESENT: No
ORDINANCE VIOLATION: No
WASTE TYPE: mixed
WASTE VOLUME: small (pickup truck)
WASTE ORIGIN: residential
PROPERTY TYPE: vacant-lot
ADDRESS MARKERS: NONE
GUTTER/ALLEY: No
WATER PROXIMITY: No
CHRONIC SITE: No
VEHICLES: NONE
IDENTIFIERS: NONE
SEVERITY: 1
ORDINANCE: N/A
PRIORITY: LOW
SUMMARY: No illegal dumping detected in the video."
20260604T134116Z,DT_10th_and_2nd_St_1_20260602T060000.jpg,,,dataset_20260603_063335/DT_10th_and_2nd_St_1/DT_10th_and_2nd_St_1_20260602T060000.jpg,illegal_dumping,done,2026-06-04T13:48:23.744987+00:00,0.045,0.773,0.82,,nvidia/cosmos-reason2-8b,"DUMPING PRESENT: No
ORDINANCE VIOLATION: No
WASTE TYPE: mixed
WASTE VOLUME: small (pickup truck)
WASTE ORIGIN: residential
PROPERTY TYPE: vacant-lot
ADDRESS MARKERS: NONE
GUTTER/ALLEY: No
WATER PROXIMITY: No
CHRONIC SITE: No
VEHICLES: NONE
IDENTIFIERS: NONE
SEVERITY: 1
ORDINANCE: N/A
PRIORITY: LOW
SUMMARY: No illegal dumping is observed in the video; the scene appears to be a blurred outdoor area without clear evidence of waste disposal violations."
20260604T134116Z,DT_10th_and_2nd_St_1_20260602T061500.jpg,,,dataset_20260603_063335/DT_10th_and_2nd_St_1/DT_10th_and_2nd_St_1_20260602T061500.jpg,illegal_dumping,done,2026-06-04T13:48:23.952706+00:00,0.047,0.784,0.834,,nvidia/cosmos-reason2-8b,"DUMPING PRESENT: No
ORDINANCE VIOLATION: No
WASTE TYPE: mixed
WASTE VOLUME: small (pickup truck)
WASTE ORIGIN: residential
PROPERTY TYPE: vacant-lot
ADDRESS MARKERS: NONE
GUTTER/ALLEY: No
WATER PROXIMITY: No
CHRONIC SITE: No
VEHICLES: NONE
IDENTIFIERS: NONE
SEVERITY: 1
ORDINANCE: N/A
PRIORITY: LOW
SUMMARY: No illegal dumping detected in the video."
20260604T134116Z,DT_10th_and_2nd_St_1_20260602T063000.jpg,,,dataset_20260603_063335/DT_10th_and_2nd_St_1/DT_10th_and_2nd_St_1_20260602T063000.jpg,illegal_dumping,done,2026-06-04T13:48:24.147375+00:00,0.045,0.808,0.856,,nvidia/cosmos-reason2-8b,"DUMPING PRESENT: No
ORDINANCE VIOLATION: No
WASTE TYPE: mixed
WASTE VOLUME: small (pickup truck)
WASTE ORIGIN: residential
PROPERTY TYPE: vacant-lot
ADDRESS MARKERS: NONE
GUTTER/ALLEY: No
WATER PROXIMITY: No
CHRONIC SITE: No
VEHICLES: NONE
IDENTIFIERS: NONE
SEVERITY: 1
ORDINANCE: N/A
PRIORITY: LOW
SUMMARY: No illegal dumping is observed in the video; the scene appears to be a natural landscape without any visible waste or debris."
20260604T134116Z,DT_10th_and_2nd_St_1_20260602T064500.jpg,,,dataset_20260603_063335/DT_10th_and_2nd_St_1/DT_10th_and_2nd_St_1_20260602T064500.jpg,illegal_dumping,done,2026-06-04T13:48:24.331678+00:00,0.05,0.74,0.792,,nvidia/cosmos-reason2-8b,"DUMPING PRESENT: No
ORDINANCE VIOLATION: No
WASTE TYPE: mixed
WASTE VOLUME: small (pickup truck)
WASTE ORIGIN: residential
PROPERTY TYPE: vacant-lot
ADDRESS MARKERS: NONE
GUTTER/ALLEY: No
WATER PROXIMITY: No
CHRONIC SITE: No
VEHICLES: NONE
IDENTIFIERS: NONE
SEVERITY: 1
ORDINANCE: N/A
PRIORITY: LOW
SUMMARY: No illegal dumping detected in the video."
20260604T134116Z,DT_10th_and_2nd_St_1_20260602T070000.jpg,,,dataset_20260603_063335/DT_10th_and_2nd_St_1/DT_10th_and_2nd_St_1_20260602T070000.jpg,illegal_dumping,done,2026-06-04T13:48:24.567750+00:00,0.038,0.712,0.753,,nvidia/cosmos-reason2-8b,"DUMPING PRESENT: No
ORDINANCE VIOLATION: No
WASTE TYPE: mixed
WASTE VOLUME: small (pickup truck)
WASTE ORIGIN: residential
PROPERTY TYPE: vacant-lot
ADDRESS MARKERS: NONE
GUTTER/ALLEY: No
WATER PROXIMITY: No
CHRONIC SITE: No
VEHICLES: NONE
IDENTIFIERS: NONE
SEVERITY: 1
ORDINANCE: N/A
PRIORITY: LOW
SUMMARY: No illegal dumping detected in the video."
20260604T134116Z,DT_10th_and_2nd_St_1_20260602T071500.jpg,,,dataset_20260603_063335/DT_10th_and_2nd_St_1/DT_10th_and_2nd_St_1_20260602T071500.jpg,illegal_dumping,done,2026-06-04T13:48:24.789101+00:00,0.049,0.664,0.717,,nvidia/cosmos-reason2-8b,"DUMPING PRESENT: No
ORDINANCE VIOLATION: No
WASTE TYPE: mixed
WASTE VOLUME: small (pickup truck)
WASTE ORIGIN: residential
PROPERTY TYPE: vacant-lot
ADDRESS MARKERS: NONE
GUTTER/ALLEY: No
WATER PROXIMITY: No
CHRONIC SITE: No
VEHICLES: NONE
IDENTIFIERS: NONE
SEVERITY: 1
ORDINANCE: N/A
PRIORITY: LOW
SUMMARY: No illegal dumping detected in the video."
20260604T134116Z,DT_10th_and_2nd_St_1_20260602T073000.jpg,,,dataset_20260603_063335/DT_10th_and_2nd_St_1/DT_10th_and_2nd_St_1_20260602T073000.jpg,illegal_dumping,done,2026-06-04T13:48:25.005905+00:00,0.047,0.81,0.859,,nvidia/cosmos-reason2-8b,"DUMPING PRESENT: No
ORDINANCE VIOLATION: No
WASTE TYPE: mixed
WASTE VOLUME: small (pickup truck)
WASTE ORIGIN: residential
PROPERTY TYPE: vacant-lot
ADDRESS MARKERS: NONE
GUTTER/ALLEY: No
WATER PROXIMITY: No
CHRONIC SITE: No
VEHICLES: NONE
IDENTIFIERS: NONE
SEVERITY: 1
ORDINANCE: N/A
PRIORITY: LOW
SUMMARY: No illegal dumping observed; the area appears to be a natural, undisturbed environment with no visible waste or debris."
20260604T134116Z,DT_10th_and_2nd_St_1_20260602T074500.jpg,,,dataset_20260603_063335/DT_10th_and_2nd_St_1/DT_10th_and_2nd_St_1_20260602T074500.jpg,illegal_dumping,done,2026-06-04T13:48:25.125561+00:00,0.043,0.739,0.785,,nvidia/cosmos-reason2-8b,"DUMPING PRESENT: No
ORDINANCE VIOLATION: No
WASTE TYPE: mixed
WASTE VOLUME: small (pickup truck)
WASTE ORIGIN: residential
PROPERTY TYPE: vacant-lot
ADDRESS MARKERS: NONE
GUTTER/ALLEY: No
WATER PROXIMITY: No
CHRONIC SITE: No
VEHICLES: NONE
IDENTIFIERS: NONE
SEVERITY: 1
ORDINANCE: N/A
PRIORITY: LOW
SUMMARY: No illegal dumping is observed in the video."
20260604T134116Z,DT_10th_and_2nd_St_1_20260602T080000.jpg,,,dataset_20260603_063335/DT_10th_and_2nd_St_1/DT_10th_and_2nd_St_1_20260602T080000.jpg,illegal_dumping,done,2026-06-04T13:48:25.322841+00:00,0.046,0.774,0.823,,nvidia/cosmos-reason2-8b,"DUMPING PRESENT: No
ORDINANCE VIOLATION: No
WASTE TYPE: mixed
WASTE VOLUME: small (pickup truck)
WASTE ORIGIN: residential
PROPERTY TYPE: vacant-lot
ADDRESS MARKERS: NONE
GUTTER/ALLEY: No
WATER PROXIMITY: No
CHRONIC SITE: No
VEHICLES: NONE
IDENTIFIERS: NONE
SEVERITY: 1
ORDINANCE: N/A
PRIORITY: LOW
SUMMARY: No illegal dumping detected in the video."
20260604T134116Z,DT_10th_and_2nd_St_1_20260602T081500.jpg,,,dataset_20260603_063335/DT_10th_and_2nd_St_1/DT_10th_and_2nd_St_1_20260602T081500.jpg,illegal_dumping,done,2026-06-04T13:48:25.508972+00:00,0.05,0.713,0.766,,nvidia/cosmos-reason2-8b,"DUMPING PRESENT: No
ORDINANCE VIOLATION: No
WASTE TYPE: mixed
WASTE VOLUME: small (pickup truck)
WASTE ORIGIN: residential
PROPERTY TYPE: vacant-lot
ADDRESS MARKERS: NONE
GUTTER/ALLEY: No
WATER PROXIMITY: No
CHRONIC SITE: No
VEHICLES: NONE
IDENTIFIERS: NONE
SEVERITY: 1
ORDINANCE: N/A
PRIORITY: LOW
SUMMARY: No illegal dumping detected in the video."
20260604T134116Z,DT_10th_and_2nd_St_1_20260602T083000.jpg,,,dataset_20260603_063335/DT_10th_and_2nd_St_1/DT_10th_and_2nd_St_1_20260602T083000.jpg,illegal_dumping,done,2026-06-04T13:48:25.868232+00:00,0.043,0.94,0.986,,nvidia/cosmos-reason2-8b,"DUMPING PRESENT: No
ORDINANCE VIOLATION: No
WASTE TYPE: <none detected>
WASTE VOLUME: <not applicable>
WASTE ORIGIN: <unknown>
PROPERTY TYPE: right-of-way
ADDRESS MARKERS: NONE
GUTTER/ALLEY: No
WATER PROXIMITY: No
CHRONIC SITE: No
VEHICLES: NONE
IDENTIFIERS: NONE
SEVERITY: 1
ORDINANCE: N/A
PRIORITY: LOW
SUMMARY: No illegal dumping observed; the area appears to be a natural landscape with no visible waste or debris."
20260604T134116Z,DT_10th_and_2nd_St_1_20260602T084500.jpg,,,dataset_20260603_063335/DT_10th_and_2nd_St_1/DT_10th_and_2nd_St_1_20260602T084500.jpg,illegal_dumping,done,2026-06-04T13:48:25.913208+00:00,0.042,0.949,0.993,,nvidia/cosmos-reason2-8b,"DUMPING PRESENT: No
ORDINANCE VIOLATION: No
WASTE TYPE: mixed
WASTE VOLUME: small (pickup truck)
WASTE ORIGIN: residential
PROPERTY TYPE: vacant-lot
ADDRESS MARKERS: NONE
GUTTER/ALLEY: No
WATER PROXIMITY: No
CHRONIC SITE: No
VEHICLES: NONE
IDENTIFIERS: NONE
SEVERITY: 1
ORDINANCE: N/A
PRIORITY: LOW
SUMMARY: No illegal dumping detected; the area appears to be a natural, undisturbed environment with no visible waste or debris."
20260604T134116Z,DT_10th_and_2nd_St_1_20260602T090000.jpg,,,dataset_20260603_063335/DT_10th_and_2nd_St_1/DT_10th_and_2nd_St_1_20260602T090000.jpg,illegal_dumping,done,2026-06-04T13:48:26.148537+00:00,0.05,1.958,2.012,,nvidia/cosmos-reason2-8b,"DUMPING PRESENT: No
ORDINANCE VIOLATION: No
WASTE TYPE: mixed
WASTE VOLUME: small (pickup truck)
WASTE ORIGIN: residential
PROPERTY TYPE: vacant-lot
ADDRESS MARKERS: NONE
GUTTER/ALLEY: No
WATER PROXIMITY: No
CHRONIC SITE: No
VEHICLES: NONE
IDENTIFIERS: NONE
SEVERITY: 1
ORDINANCE: N/A
PRIORITY: LOW
SUMMARY: No illegal dumping is observed in the video."
20260604T134116Z,DT_10th_and_2nd_St_1_20260602T091500.jpg,,,dataset_20260603_063335/DT_10th_and_2nd_St_1/DT_10th_and_2nd_St_1_20260602T091500.jpg,illegal_dumping,done,2026-06-04T13:48:26.276813+00:00,0.043,1.946,1.993,,nvidia/cosmos-reason2-8b,"DUMPING PRESENT: No
ORDINANCE VIOLATION: No
WASTE TYPE: mixed
WASTE VOLUME: small (pickup truck)
WASTE ORIGIN: residential
PROPERTY TYPE: vacant-lot
ADDRESS MARKERS: NONE
GUTTER/ALLEY: No
WATER PROXIMITY: No
CHRONIC SITE: No
VEHICLES: NONE
IDENTIFIERS: NONE
SEVERITY: 1
ORDINANCE: N/A
PRIORITY: LOW
SUMMARY: No illegal dumping observed; the area appears to be a natural, overgrown vacant lot without visible waste or debris."
20260604T134116Z,DT_10th_and_2nd_St_1_20260602T093000.jpg,,,dataset_20260603_063335/DT_10th_and_2nd_St_1/DT_10th_and_2nd_St_1_20260602T093000.jpg,illegal_dumping,done,2026-06-04T13:48:26.857372+00:00,0.051,1.71,1.764,,nvidia/cosmos-reason2-8b,"DUMPING PRESENT: No
ORDINANCE VIOLATION: No
WASTE TYPE: mixed
WASTE VOLUME: small (pickup truck)
WASTE ORIGIN: residential
PROPERTY TYPE: vacant-lot
ADDRESS MARKERS: NONE
GUTTER/ALLEY: No
WATER PROXIMITY: No
CHRONIC SITE: No
VEHICLES: NONE
IDENTIFIERS: NONE
SEVERITY: 1
ORDINANCE: N/A
PRIORITY: LOW
SUMMARY: No illegal dumping detected; the area appears to be a natural, overgrown vacant lot without visible waste or debris."
20260604T134116Z,DT_10th_and_2nd_St_1_20260602T094500.jpg,,,dataset_20260603_063335/DT_10th_and_2nd_St_1/DT_10th_and_2nd_St_1_20260602T094500.jpg,illegal_dumping,done,2026-06-04T13:48:26.910384+00:00,0.035,1.371,1.409,,nvidia/cosmos-reason2-8b,"DUMPING PRESENT: No
ORDINANCE VIOLATION: No
WASTE TYPE: mixed
WASTE VOLUME: small (pickup truck)
WASTE ORIGIN: residential
PROPERTY TYPE: vacant-lot
ADDRESS MARKERS: NONE
GUTTER/ALLEY: No
WATER PROXIMITY: No
CHRONIC SITE: No
VEHICLES: NONE
IDENTIFIERS: NONE
SEVERITY: 1
ORDINANCE: N/A
PRIORITY: LOW
SUMMARY: No illegal dumping detected; the area appears to be a natural, overgrown vacant lot with no visible waste or debris."
20260604T134116Z,DT_10th_and_2nd_St_1_20260602T100000.jpg,,,dataset_20260603_063335/DT_10th_and_2nd_St_1/DT_10th_and_2nd_St_1_20260602T100000.jpg,illegal_dumping,done,2026-06-04T13:48:28.163353+00:00,0.046,0.676,0.725,,nvidia/cosmos-reason2-8b,"DUMPING PRESENT: No
ORDINANCE VIOLATION: No
WASTE TYPE: mixed
WASTE VOLUME: small (pickup truck)
WASTE ORIGIN: residential
PROPERTY TYPE: vacant-lot
ADDRESS MARKERS: NONE
GUTTER/ALLEY: No
WATER PROXIMITY: No
CHRONIC SITE: No
VEHICLES: NONE
IDENTIFIERS: NONE
SEVERITY: 1
ORDINANCE: N/A
PRIORITY: LOW
SUMMARY: No illegal dumping is observed in the scene."
20260604T134116Z,DT_10th_and_2nd_St_1_20260602T101500.jpg,,,dataset_20260603_063335/DT_10th_and_2nd_St_1/DT_10th_and_2nd_St_1_20260602T101500.jpg,illegal_dumping,done,2026-06-04T13:48:28.271961+00:00,0.049,0.957,1.009,,nvidia/cosmos-reason2-8b,"DUMPING PRESENT: No
ORDINANCE VIOLATION: No
WASTE TYPE: mixed
WASTE VOLUME: small (pickup truck)
WASTE ORIGIN: residential
PROPERTY TYPE: vacant-lot
ADDRESS MARKERS: NONE
GUTTER/ALLEY: No
WATER PROXIMITY: No
CHRONIC SITE: No
VEHICLES: NONE
IDENTIFIERS: NONE
SEVERITY: 1
ORDINANCE: N/A
PRIORITY: LOW
SUMMARY: No illegal dumping detected; the area appears to be a natural, undisturbed landscape with no visible waste or debris."
20260604T134116Z,DT_10th_and_2nd_St_1_20260602T103000.jpg,,,dataset_20260603_063335/DT_10th_and_2nd_St_1/DT_10th_and_2nd_St_1_20260602T103000.jpg,illegal_dumping,done,2026-06-04T13:48:28.322554+00:00,0.047,0.999,1.049,,nvidia/cosmos-reason2-8b,"DUMPING PRESENT: No
ORDINANCE VIOLATION: No
WASTE TYPE: mixed
WASTE VOLUME: small (pickup truck)
WASTE ORIGIN: residential
PROPERTY TYPE: vacant-lot
ADDRESS MARKERS: NONE
GUTTER/ALLEY: No
WATER PROXIMITY: No
CHRONIC SITE: No
VEHICLES: NONE
IDENTIFIERS: NONE
SEVERITY: 1
ORDINANCE: N/A
PRIORITY: LOW
SUMMARY: No illegal dumping detected in the scene."
20260604T134116Z,DT_10th_and_2nd_St_1_20260602T104500.jpg,,,dataset_20260603_063335/DT_10th_and_2nd_St_1/DT_10th_and_2nd_St_1_20260602T104500.jpg,illegal_dumping,done,2026-06-04T13:48:28.624215+00:00,0.06,0.911,0.984,,nvidia/cosmos-reason2-8b,"DUMPING PRESENT: No
ORDINANCE VIOLATION: No
WASTE TYPE: mixed
WASTE VOLUME: small (pickup truck)
WASTE ORIGIN: residential
PROPERTY TYPE: vacant-lot
ADDRESS MARKERS: NONE
GUTTER/ALLEY: No
WATER PROXIMITY: No
CHRONIC SITE: No
VEHICLES: NONE
IDENTIFIERS: NONE
SEVERITY: 1
ORDINANCE: N/A
PRIORITY: LOW
SUMMARY: No illegal dumping detected; the area appears to be a natural, undisturbed vacant lot with no visible waste or debris."
20260604T134116Z,DT_10th_and_2nd_St_1_20260602T110000.jpg,,,dataset_20260603_063335/DT_10th_and_2nd_St_1/DT_10th_and_2nd_St_1_20260602T110000.jpg,illegal_dumping,done,2026-06-04T13:48:28.891288+00:00,0.044,0.757,0.803,,nvidia/cosmos-reason2-8b,"DUMPING PRESENT: No
ORDINANCE VIOLATION: No
WASTE TYPE: mixed
WASTE VOLUME: small (pickup truck)
WASTE ORIGIN: residential
PROPERTY TYPE: vacant-lot
ADDRESS MARKERS: NONE
GUTTER/ALLEY: No
WATER PROXIMITY: No
CHRONIC SITE: No
VEHICLES: NONE
IDENTIFIERS: NONE
SEVERITY: 1
ORDINANCE: N/A
PRIORITY: LOW
SUMMARY: No illegal dumping is observed in the image."
20260604T134116Z,DT_10th_and_2nd_St_1_20260602T111500.jpg,,,dataset_20260603_063335/DT_10th_and_2nd_St_1/DT_10th_and_2nd_St_1_20260602T111500.jpg,illegal_dumping,done,2026-06-04T13:48:29.284059+00:00,0.048,0.68,0.73,,nvidia/cosmos-reason2-8b,"DUMPING PRESENT: No
ORDINANCE VIOLATION: No
WASTE TYPE: mixed
WASTE VOLUME: small (pickup truck)
WASTE ORIGIN: residential
PROPERTY TYPE: vacant-lot
ADDRESS MARKERS: NONE
GUTTER/ALLEY: No
WATER PROXIMITY: No
CHRONIC SITE: No
VEHICLES: NONE
IDENTIFIERS: NONE
SEVERITY: 1
ORDINANCE: N/A
PRIORITY: LOW
SUMMARY: No illegal dumping is observed in the scene."
20260604T134116Z,DT_10th_and_2nd_St_1_20260602T113000.jpg,,,dataset_20260603_063335/DT_10th_and_2nd_St_1/DT_10th_and_2nd_St_1_20260602T113000.jpg,illegal_dumping,done,2026-06-04T13:48:29.374372+00:00,0.046,0.78,0.828,,nvidia/cosmos-reason2-8b,"DUMPING PRESENT: No
ORDINANCE VIOLATION: No
WASTE TYPE: mixed
WASTE VOLUME: small (pickup truck)
WASTE ORIGIN: residential
PROPERTY TYPE: vacant-lot
ADDRESS MARKERS: NONE
GUTTER/ALLEY: No
WATER PROXIMITY: No
CHRONIC SITE: No
VEHICLES: NONE
IDENTIFIERS: NONE
SEVERITY: 1
ORDINANCE: N/A
PRIORITY: LOW
SUMMARY: No illegal dumping detected; the area appears to be a natural, undisturbed landscape with no visible waste or debris."
20260604T134116Z,DT_10th_and_2nd_St_1_20260602T114500.jpg,,,dataset_20260603_063335/DT_10th_and_2nd_St_1/DT_10th_and_2nd_St_1_20260602T114500.jpg,illegal_dumping,done,2026-06-04T13:48:29.610634+00:00,0.047,0.797,0.846,,nvidia/cosmos-reason2-8b,"DUMPING PRESENT: No
ORDINANCE VIOLATION: No
WASTE TYPE: mixed
WASTE VOLUME: small (pickup truck)
WASTE ORIGIN: residential
PROPERTY TYPE: vacant-lot
ADDRESS MARKERS: NONE
GUTTER/ALLEY: No
WATER PROXIMITY: No
CHRONIC SITE: No
VEHICLES: NONE
IDENTIFIERS: NONE
SEVERITY: 1
ORDINANCE: N/A
PRIORITY: LOW
SUMMARY: No illegal dumping is observed in the image."
20260604T134116Z,DT_10th_and_2nd_St_1_20260602T120000.jpg,,,dataset_20260603_063335/DT_10th_and_2nd_St_1/DT_10th_and_2nd_St_1_20260602T120000.jpg,illegal_dumping,done,2026-06-04T13:48:29.697013+00:00,0.046,0.815,0.863,,nvidia/cosmos-reason2-8b,"DUMPING PRESENT: No
ORDINANCE VIOLATION: No
WASTE TYPE: mixed
WASTE VOLUME: small (pickup truck)
WASTE ORIGIN: residential
PROPERTY TYPE: vacant-lot
ADDRESS MARKERS: NONE
GUTTER/ALLEY: No
WATER PROXIMITY: No
CHRONIC SITE: No
VEHICLES: NONE
IDENTIFIERS: NONE
SEVERITY: 1
ORDINANCE: N/A
PRIORITY: LOW
SUMMARY: No illegal dumping detected in the scene."
20260604T134116Z,DT_10th_and_2nd_St_1_20260602T121500.jpg,,,dataset_20260603_063335/DT_10th_and_2nd_St_1/DT_10th_and_2nd_St_1_20260602T121500.jpg,illegal_dumping,done,2026-06-04T13:48:30.017097+00:00,0.047,0.817,0.867,,nvidia/cosmos-reason2-8b,"DUMPING PRESENT: No
ORDINANCE VIOLATION: No
WASTE TYPE: mixed
WASTE VOLUME: small (pickup truck)
WASTE ORIGIN: residential
PROPERTY TYPE: vacant-lot
ADDRESS MARKERS: NONE
GUTTER/ALLEY: No
WATER PROXIMITY: No
CHRONIC SITE: No
VEHICLES: NONE
IDENTIFIERS: NONE
SEVERITY: 1
ORDINANCE: N/A
PRIORITY: LOW
SUMMARY: No illegal dumping detected; the area appears to be a natural, undisturbed vacant lot with no visible waste or debris."
20260604T134116Z,DT_10th_and_2nd_St_1_20260602T123000.jpg,,,dataset_20260603_063335/DT_10th_and_2nd_St_1/DT_10th_and_2nd_St_1_20260602T123000.jpg,illegal_dumping,done,2026-06-04T13:48:30.205200+00:00,0.044,0.755,0.801,,nvidia/cosmos-reason2-8b,"DUMPING PRESENT: No
ORDINANCE VIOLATION: No
WASTE TYPE: mixed
WASTE VOLUME: small (pickup truck)
WASTE ORIGIN: residential
PROPERTY TYPE: vacant-lot
ADDRESS MARKERS: NONE
GUTTER/ALLEY: No
WATER PROXIMITY: No
CHRONIC SITE: No
VEHICLES: NONE
IDENTIFIERS: NONE
SEVERITY: 1
ORDINANCE: N/A
PRIORITY: LOW
SUMMARY: No illegal dumping observed; the area appears to be a natural, undisturbed landscape with no visible waste or debris."
20260604T134116Z,DT_10th_and_2nd_St_1_20260602T124500.jpg,,,dataset_20260603_063335/DT_10th_and_2nd_St_1/DT_10th_and_2nd_St_1_20260602T124500.jpg,illegal_dumping,done,2026-06-04T13:48:30.459314+00:00,0.045,0.757,0.805,,nvidia/cosmos-reason2-8b,"DUMPING PRESENT: No
ORDINANCE VIOLATION: No
WASTE TYPE: mixed
WASTE VOLUME: small (pickup truck)
WASTE ORIGIN: residential
PROPERTY TYPE: vacant-lot
ADDRESS MARKERS: NONE
GUTTER/ALLEY: No
WATER PROXIMITY: No
CHRONIC SITE: No
VEHICLES: NONE
IDENTIFIERS: NONE
SEVERITY: 1
ORDINANCE: N/A
PRIORITY: LOW
SUMMARY: No illegal dumping detected; the area appears to be a vacant lot with no visible waste or debris."
20260604T134116Z,DT_10th_and_2nd_St_1_20260602T130000.jpg,,,dataset_20260603_063335/DT_10th_and_2nd_St_1/DT_10th_and_2nd_St_1_20260602T130000.jpg,illegal_dumping,done,2026-06-04T13:48:30.562361+00:00,0.047,0.74,0.789,,nvidia/cosmos-reason2-8b,"DUMPING PRESENT: No
ORDINANCE VIOLATION: No
WASTE TYPE: mixed
WASTE VOLUME: small (pickup truck)
WASTE ORIGIN: residential
PROPERTY TYPE: vacant-lot
ADDRESS MARKERS: NONE
GUTTER/ALLEY: No
WATER PROXIMITY: No
CHRONIC SITE: No
VEHICLES: NONE
IDENTIFIERS: NONE
SEVERITY: 1
ORDINANCE: N/A
PRIORITY: LOW
SUMMARY: No illegal dumping is observed in the scene."
20260604T134116Z,DT_10th_and_2nd_St_1_20260602T131500.jpg,,,dataset_20260603_063335/DT_10th_and_2nd_St_1/DT_10th_and_2nd_St_1_20260602T131500.jpg,illegal_dumping,done,2026-06-04T13:48:30.886563+00:00,0.043,0.694,0.741,,nvidia/cosmos-reason2-8b,"DUMPING PRESENT: No
ORDINANCE VIOLATION: No
WASTE TYPE: mixed
WASTE VOLUME: small (pickup truck)
WASTE ORIGIN: residential
PROPERTY TYPE: vacant-lot
ADDRESS MARKERS: NONE
GUTTER/ALLEY: No
WATER PROXIMITY: No
CHRONIC SITE: No
VEHICLES: NONE
IDENTIFIERS: NONE
SEVERITY: 1
ORDINANCE: N/A
PRIORITY: LOW
SUMMARY: No illegal dumping detected in the scene."
20260604T134116Z,DT_10th_and_2nd_St_1_20260602T133000.jpg,,,dataset_20260603_063335/DT_10th_and_2nd_St_1/DT_10th_and_2nd_St_1_20260602T133000.jpg,illegal_dumping,done,2026-06-04T13:48:31.009194+00:00,0.048,0.772,0.823,,nvidia/cosmos-reason2-8b,"DUMPING PRESENT: No
ORDINANCE VIOLATION: No
WASTE TYPE: mixed
WASTE VOLUME: small (pickup truck)
WASTE ORIGIN: residential
PROPERTY TYPE: vacant-lot
ADDRESS MARKERS: NONE
GUTTER/ALLEY: No
WATER PROXIMITY: No
CHRONIC SITE: No
VEHICLES: NONE
IDENTIFIERS: NONE
SEVERITY: 1
ORDINANCE: N/A
PRIORITY: LOW
SUMMARY: No illegal dumping detected in the scene."
20260604T134116Z,DT_10th_and_2nd_St_1_20260602T134500.jpg,,,dataset_20260603_063335/DT_10th_and_2nd_St_1/DT_10th_and_2nd_St_1_20260602T134500.jpg,illegal_dumping,done,2026-06-04T13:48:31.266491+00:00,0.053,0.806,0.872,,nvidia/cosmos-reason2-8b,"DUMPING PRESENT: No
ORDINANCE VIOLATION: No
WASTE TYPE: mixed
WASTE VOLUME: small (pickup truck)
WASTE ORIGIN: residential
PROPERTY TYPE: vacant-lot
ADDRESS MARKERS: NONE
GUTTER/ALLEY: No
WATER PROXIMITY: No
CHRONIC SITE: No
VEHICLES: NONE
IDENTIFIERS: NONE
SEVERITY: 1
ORDINANCE: N/A
PRIORITY: LOW
SUMMARY: No illegal dumping is observed in the image."
20260604T134116Z,DT_10th_and_2nd_St_1_20260602T140000.jpg,,,dataset_20260603_063335/DT_10th_and_2nd_St_1/DT_10th_and_2nd_St_1_20260602T140000.jpg,illegal_dumping,done,2026-06-04T13:48:31.354661+00:00,0.045,0.809,0.857,,nvidia/cosmos-reason2-8b,"DUMPING PRESENT: No
ORDINANCE VIOLATION: No
WASTE TYPE: mixed
WASTE VOLUME: small (pickup truck)
WASTE ORIGIN: residential
PROPERTY TYPE: vacant-lot
ADDRESS MARKERS: NONE
GUTTER/ALLEY: No
WATER PROXIMITY: No
CHRONIC SITE: No
VEHICLES: NONE
IDENTIFIERS: NONE
SEVERITY: 1
ORDINANCE: N/A
PRIORITY: LOW
SUMMARY: No illegal dumping is observed in the video; the area appears to be a natural, undisturbed environment with no visible waste or debris."
20260604T134116Z,DT_10th_and_2nd_St_1_20260602T141500.jpg,,,dataset_20260603_063335/DT_10th_and_2nd_St_1/DT_10th_and_2nd_St_1_20260602T141500.jpg,illegal_dumping,done,2026-06-04T13:48:31.630797+00:00,0.053,0.759,0.816,,nvidia/cosmos-reason2-8b,"DUMPING PRESENT: No
ORDINANCE VIOLATION: No
WASTE TYPE: mixed
WASTE VOLUME: small (pickup truck)
WASTE ORIGIN: residential
PROPERTY TYPE: vacant-lot
ADDRESS MARKERS: NONE
GUTTER/ALLEY: No
WATER PROXIMITY: No
CHRONIC SITE: No
VEHICLES: NONE
IDENTIFIERS: NONE
SEVERITY: 1
ORDINANCE: N/A
PRIORITY: LOW
SUMMARY: No illegal dumping is observed in the video."
20260604T134116Z,DT_10th_and_2nd_St_1_20260602T143000.jpg,,,dataset_20260603_063335/DT_10th_and_2nd_St_1/DT_10th_and_2nd_St_1_20260602T143000.jpg,illegal_dumping,done,2026-06-04T13:48:31.834383+00:00,0.048,0.7,0.751,,nvidia/cosmos-reason2-8b,"DUMPING PRESENT: No
ORDINANCE VIOLATION: No
WASTE TYPE: mixed
WASTE VOLUME: small (pickup truck)
WASTE ORIGIN: residential
PROPERTY TYPE: vacant-lot
ADDRESS MARKERS: NONE
GUTTER/ALLEY: No
WATER PROXIMITY: No
CHRONIC SITE: No
VEHICLES: NONE
IDENTIFIERS: NONE
SEVERITY: 1
ORDINANCE: N/A
PRIORITY: LOW
SUMMARY: No illegal dumping detected in the video."
20260604T134116Z,DT_10th_and_2nd_St_1_20260602T144500.jpg,,,dataset_20260603_063335/DT_10th_and_2nd_St_1/DT_10th_and_2nd_St_1_20260602T144500.jpg,illegal_dumping,done,2026-06-04T13:48:32.142058+00:00,0.054,0.731,0.789,,nvidia/cosmos-reason2-8b,"DUMPING PRESENT: No
ORDINANCE VIOLATION: No
WASTE TYPE: mixed
WASTE VOLUME: small (pickup truck)
WASTE ORIGIN: residential
PROPERTY TYPE: vacant-lot
ADDRESS MARKERS: NONE
GUTTER/ALLEY: No
WATER PROXIMITY: No
CHRONIC SITE: No
VEHICLES: NONE
IDENTIFIERS: NONE
SEVERITY: 1
ORDINANCE: N/A
PRIORITY: LOW
SUMMARY: No illegal dumping detected; the area appears to be a natural, undisturbed vacant lot with no visible waste or debris."
20260604T134116Z,DT_10th_and_2nd_St_1_20260602T150000.jpg,,,dataset_20260603_063335/DT_10th_and_2nd_St_1/DT_10th_and_2nd_St_1_20260602T150000.jpg,illegal_dumping,done,2026-06-04T13:48:32.213739+00:00,0.04,0.813,0.856,,nvidia/cosmos-reason2-8b,"DUMPING PRESENT: No
ORDINANCE VIOLATION: No
WASTE TYPE: mixed
WASTE VOLUME: small (pickup truck)
WASTE ORIGIN: residential
PROPERTY TYPE: vacant-lot
ADDRESS MARKERS: NONE
GUTTER/ALLEY: No
WATER PROXIMITY: No
CHRONIC SITE: No
VEHICLES: NONE
IDENTIFIERS: NONE
SEVERITY: 1
ORDINANCE: N/A
PRIORITY: LOW
SUMMARY: No illegal dumping is observed in the scene."
20260604T134116Z,DT_10th_and_2nd_St_1_20260602T151500.jpg,,,dataset_20260603_063335/DT_10th_and_2nd_St_1/DT_10th_and_2nd_St_1_20260602T151500.jpg,illegal_dumping,done,2026-06-04T13:48:32.450026+00:00,0.046,0.817,0.867,,nvidia/cosmos-reason2-8b,"DUMPING PRESENT: No
ORDINANCE VIOLATION: No
WASTE TYPE: <none detected>
WASTE VOLUME: <not applicable>
WASTE ORIGIN: <unknown>
PROPERTY TYPE: vacant-lot
ADDRESS MARKERS: NONE
GUTTER/ALLEY: No
WATER PROXIMITY: No
CHRONIC SITE: No
VEHICLES: NONE
IDENTIFIERS: <none>
SEVERITY: 1
ORDINANCE: N/A
PRIORITY: LOW
SUMMARY: No illegal dumping observed; the area appears to be an overgrown vacant lot with no visible waste or debris."
20260604T134116Z,DT_10th_and_2nd_St_1_20260602T153000.jpg,,,dataset_20260603_063335/DT_10th_and_2nd_St_1/DT_10th_and_2nd_St_1_20260602T153000.jpg,illegal_dumping,done,2026-06-04T13:48:32.588194+00:00,0.047,0.816,0.866,,nvidia/cosmos-reason2-8b,"DUMPING PRESENT: No
ORDINANCE VIOLATION: No
WASTE TYPE: mixed
WASTE VOLUME: small (pickup truck)
WASTE ORIGIN: residential
PROPERTY TYPE: vacant-lot
ADDRESS MARKERS: NONE
GUTTER/ALLEY: No
WATER PROXIMITY: No
CHRONIC SITE: No
VEHICLES: NONE
IDENTIFIERS: NONE
SEVERITY: 1
ORDINANCE: N/A
PRIORITY: LOW
SUMMARY: No illegal dumping detected; the area appears to be a natural, undisturbed vacant lot with no visible waste or debris."
20260604T134116Z,DT_10th_and_2nd_St_1_20260602T154500.jpg,,,dataset_20260603_063335/DT_10th_and_2nd_St_1/DT_10th_and_2nd_St_1_20260602T154500.jpg,illegal_dumping,done,2026-06-04T13:48:32.933863+00:00,0.052,0.721,0.776,,nvidia/cosmos-reason2-8b,"DUMPING PRESENT: No
ORDINANCE VIOLATION: No
WASTE TYPE: mixed
WASTE VOLUME: small (pickup truck)
WASTE ORIGIN: residential
PROPERTY TYPE: vacant-lot
ADDRESS MARKERS: NONE
GUTTER/ALLEY: No
WATER PROXIMITY: No
CHRONIC SITE: No
VEHICLES: NONE
IDENTIFIERS: NONE
SEVERITY: 1
ORDINANCE: N/A
PRIORITY: LOW
SUMMARY: No illegal dumping detected; the area appears to be a natural, overgrown vacant lot without visible waste or debris."
20260604T134116Z,DT_10th_and_2nd_St_1_20260602T160000.jpg,,,dataset_20260603_063335/DT_10th_and_2nd_St_1/DT_10th_and_2nd_St_1_20260602T160000.jpg,illegal_dumping,done,2026-06-04T13:48:33.072734+00:00,0.046,0.781,0.829,,nvidia/cosmos-reason2-8b,"DUMPING PRESENT: No
ORDINANCE VIOLATION: No
WASTE TYPE: mixed
WASTE VOLUME: small (pickup truck)
WASTE ORIGIN: residential
PROPERTY TYPE: vacant-lot
ADDRESS MARKERS: NONE
GUTTER/ALLEY: No
WATER PROXIMITY: No
CHRONIC SITE: No
VEHICLES: NONE
IDENTIFIERS: NONE
SEVERITY: 1
ORDINANCE: N/A
PRIORITY: LOW
SUMMARY: No illegal dumping detected; the area appears to be a natural, undisturbed vacant lot with no visible waste or debris."
20260604T134116Z,DT_10th_and_2nd_St_1_20260602T161500.jpg,,,dataset_20260603_063335/DT_10th_and_2nd_St_1/DT_10th_and_2nd_St_1_20260602T161500.jpg,illegal_dumping,done,2026-06-04T13:48:33.319234+00:00,0.044,0.714,0.761,,nvidia/cosmos-reason2-8b,"DUMPING PRESENT: No
ORDINANCE VIOLATION: No
WASTE TYPE: mixed
WASTE VOLUME: small (pickup truck)
WASTE ORIGIN: residential
PROPERTY TYPE: vacant-lot
ADDRESS MARKERS: NONE
GUTTER/ALLEY: No
WATER PROXIMITY: No
CHRONIC SITE: No
VEHICLES: NONE
IDENTIFIERS: NONE
SEVERITY: 1
ORDINANCE: N/A
PRIORITY: LOW
SUMMARY: No illegal dumping observed; the area appears to be a natural, overgrown vacant lot without visible waste or debris."
20260604T134116Z,DT_10th_and_2nd_St_1_20260602T163000.jpg,,,dataset_20260603_063335/DT_10th_and_2nd_St_1/DT_10th_and_2nd_St_1_20260602T163000.jpg,illegal_dumping,done,2026-06-04T13:48:33.457208+00:00,0.044,0.734,0.781,,nvidia/cosmos-reason2-8b,"DUMPING PRESENT: No
ORDINANCE VIOLATION: No
WASTE TYPE: mixed
WASTE VOLUME: small (pickup truck)
WASTE ORIGIN: residential
PROPERTY TYPE: vacant-lot
ADDRESS MARKERS: NONE
GUTTER/ALLEY: No
WATER PROXIMITY: No
CHRONIC SITE: No
VEHICLES: NONE
IDENTIFIERS: NONE
SEVERITY: 1
ORDINANCE: N/A
PRIORITY: LOW
SUMMARY: No illegal dumping observed; the area appears to be a natural, overgrown vacant lot without any visible waste or debris."
20260604T134116Z,DT_10th_and_2nd_St_1_20260602T164500.jpg,,,dataset_20260603_063335/DT_10th_and_2nd_St_1/DT_10th_and_2nd_St_1_20260602T164500.jpg,illegal_dumping,done,2026-06-04T13:48:33.712704+00:00,0.043,0.762,0.808,,nvidia/cosmos-reason2-8b,"DUMPING PRESENT: No
ORDINANCE VIOLATION: No
WASTE TYPE: mixed
WASTE VOLUME: small (pickup truck)
WASTE ORIGIN: residential
PROPERTY TYPE: vacant-lot
ADDRESS MARKERS: NONE
GUTTER/ALLEY: No
WATER PROXIMITY: No
CHRONIC SITE: No
VEHICLES: NONE
IDENTIFIERS: NONE
SEVERITY: 1
ORDINANCE: N/A
PRIORITY: LOW
SUMMARY: No illegal dumping detected; the area appears to be a natural, undisturbed vacant lot with no visible waste or debris."
20260604T134116Z,DT_10th_and_2nd_St_1_20260602T170000.jpg,,,dataset_20260603_063335/DT_10th_and_2nd_St_1/DT_10th_and_2nd_St_1_20260602T170000.jpg,illegal_dumping,done,2026-06-04T13:48:33.905199+00:00,0.044,0.742,0.789,,nvidia/cosmos-reason2-8b,"DUMPING PRESENT: No
ORDINANCE VIOLATION: No
WASTE TYPE: mixed
WASTE VOLUME: small (pickup truck)
WASTE ORIGIN: residential
PROPERTY TYPE: vacant-lot
ADDRESS MARKERS: NONE
GUTTER/ALLEY: No
WATER PROXIMITY: No
CHRONIC SITE: No
VEHICLES: NONE
IDENTIFIERS: NONE
SEVERITY: 1
ORDINANCE: N/A
PRIORITY: LOW
SUMMARY: No illegal dumping observed; the area appears to be a natural, undisturbed landscape with no visible waste or debris."
20260604T134116Z,DT_10th_and_2nd_St_1_20260602T171500.jpg,,,dataset_20260603_063335/DT_10th_and_2nd_St_1/DT_10th_and_2nd_St_1_20260602T171500.jpg,illegal_dumping,done,2026-06-04T13:48:34.083024+00:00,0.048,0.829,0.88,,nvidia/cosmos-reason2-8b,"DUMPING PRESENT: No
ORDINANCE VIOLATION: No
WASTE TYPE: mixed
WASTE VOLUME: small (pickup truck)
WASTE ORIGIN: residential
PROPERTY TYPE: vacant-lot
ADDRESS MARKERS: NONE
GUTTER/ALLEY: No
WATER PROXIMITY: No
CHRONIC SITE: No
VEHICLES: NONE
IDENTIFIERS: NONE
SEVERITY: 1
ORDINANCE: N/A
PRIORITY: LOW
SUMMARY: No illegal dumping detected; the area appears to be a natural, overgrown vacant lot with no visible waste or debris."
20260604T134116Z,DT_10th_and_2nd_St_1_20260602T173000.jpg,,,dataset_20260603_063335/DT_10th_and_2nd_St_1/DT_10th_and_2nd_St_1_20260602T173000.jpg,illegal_dumping,done,2026-06-04T13:48:34.241250+00:00,0.045,0.748,0.795,,nvidia/cosmos-reason2-8b,"DUMPING PRESENT: No
ORDINANCE VIOLATION: No
WASTE TYPE: mixed
WASTE VOLUME: small (pickup truck)
WASTE ORIGIN: residential
PROPERTY TYPE: vacant-lot
ADDRESS MARKERS: NONE
GUTTER/ALLEY: No
WATER PROXIMITY: No
CHRONIC SITE: No
VEHICLES: NONE
IDENTIFIERS: NONE
SEVERITY: 1
ORDINANCE: N/A
PRIORITY: LOW
SUMMARY: No illegal dumping detected; the area appears to be a natural, undisturbed landscape with no visible waste or debris."
20260604T134116Z,DT_10th_and_2nd_St_1_20260602T174500.jpg,,,dataset_20260603_063335/DT_10th_and_2nd_St_1/DT_10th_and_2nd_St_1_20260602T174500.jpg,illegal_dumping,done,2026-06-04T13:48:34.522586+00:00,0.055,0.755,0.814,,nvidia/cosmos-reason2-8b,"DUMPING PRESENT: No
ORDINANCE VIOLATION: No
WASTE TYPE: mixed
WASTE VOLUME: small (pickup truck)
WASTE ORIGIN: residential
PROPERTY TYPE: vacant-lot
ADDRESS MARKERS: NONE
GUTTER/ALLEY: No
WATER PROXIMITY: No
CHRONIC SITE: No
VEHICLES: NONE
IDENTIFIERS: NONE
SEVERITY: 1
ORDINANCE: N/A
PRIORITY: LOW
SUMMARY: No illegal dumping is observed in the scene."
20260604T134116Z,DT_10th_and_2nd_St_1_20260602T180000.jpg,,,dataset_20260603_063335/DT_10th_and_2nd_St_1/DT_10th_and_2nd_St_1_20260602T180000.jpg,illegal_dumping,done,2026-06-04T13:48:34.696756+00:00,0.047,0.746,0.796,,nvidia/cosmos-reason2-8b,"DUMPING PRESENT: No
ORDINANCE VIOLATION: No
WASTE TYPE: mixed
WASTE VOLUME: small (pickup truck)
WASTE ORIGIN: residential
PROPERTY TYPE: vacant-lot
ADDRESS MARKERS: NONE
GUTTER/ALLEY: No
WATER PROXIMITY: No
CHRONIC SITE: No
VEHICLES: NONE
IDENTIFIERS: NONE
SEVERITY: 1
ORDINANCE: N/A
PRIORITY: LOW
SUMMARY: No illegal dumping detected; the scene shows a natural landscape with vegetation and no visible waste or debris."
20260604T134116Z,DT_10th_and_2nd_St_1_20260602T181500.jpg,,,dataset_20260603_063335/DT_10th_and_2nd_St_1/DT_10th_and_2nd_St_1_20260602T181500.jpg,illegal_dumping,done,2026-06-04T13:48:34.965350+00:00,0.047,0.737,0.788,,nvidia/cosmos-reason2-8b,"DUMPING PRESENT: No
ORDINANCE VIOLATION: No
WASTE TYPE: mixed
WASTE VOLUME: small (pickup truck)
WASTE ORIGIN: residential
PROPERTY TYPE: vacant-lot
ADDRESS MARKERS: NONE
GUTTER/ALLEY: No
WATER PROXIMITY: No
CHRONIC SITE: No
VEHICLES: NONE
IDENTIFIERS: NONE
SEVERITY: 1
ORDINANCE: N/A
PRIORITY: LOW
SUMMARY: No illegal dumping observed; the area appears to be a natural, overgrown vacant lot without any visible waste or debris."
20260604T134116Z,DT_10th_and_2nd_St_1_20260602T183000.jpg,,,dataset_20260603_063335/DT_10th_and_2nd_St_1/DT_10th_and_2nd_St_1_20260602T183000.jpg,illegal_dumping,done,2026-06-04T13:48:35.038601+00:00,0.048,0.884,0.934,,nvidia/cosmos-reason2-8b,"DUMPING PRESENT: No
ORDINANCE VIOLATION: No
WASTE TYPE: mixed
WASTE VOLUME: small (pickup truck)
WASTE ORIGIN: residential
PROPERTY TYPE: vacant-lot
ADDRESS MARKERS: NONE
GUTTER/ALLEY: No
WATER PROXIMITY: No
CHRONIC SITE: No
VEHICLES: NONE
IDENTIFIERS: NONE
SEVERITY: 1
ORDINANCE: N/A
PRIORITY: LOW
SUMMARY: No illegal dumping is observed in the video; the area appears to be a natural, undisturbed environment with no visible waste or debris."
20260604T134116Z,DT_10th_and_2nd_St_1_20260602T184500.jpg,,,dataset_20260603_063335/DT_10th_and_2nd_St_1/DT_10th_and_2nd_St_1_20260602T184500.jpg,illegal_dumping,done,2026-06-04T13:48:35.339825+00:00,0.052,0.708,0.763,,nvidia/cosmos-reason2-8b,"DUMPING PRESENT: No
ORDINANCE VIOLATION: No
WASTE TYPE: mixed
WASTE VOLUME: small (pickup truck)
WASTE ORIGIN: residential
PROPERTY TYPE: vacant-lot
ADDRESS MARKERS: NONE
GUTTER/ALLEY: No
WATER PROXIMITY: No
CHRONIC SITE: No
VEHICLES: NONE
IDENTIFIERS: NONE
SEVERITY: 1
ORDINANCE: N/A
PRIORITY: LOW
SUMMARY: No illegal dumping detected; the area appears to be a natural, undisturbed vacant lot with no visible waste or debris."
20260604T134116Z,DT_10th_and_2nd_St_1_20260602T190000.jpg,,,dataset_20260603_063335/DT_10th_and_2nd_St_1/DT_10th_and_2nd_St_1_20260602T190000.jpg,illegal_dumping,done,2026-06-04T13:48:35.494528+00:00,0.039,0.687,0.728,,nvidia/cosmos-reason2-8b,"DUMPING PRESENT: No
ORDINANCE VIOLATION: No
WASTE TYPE: mixed
WASTE VOLUME: small (pickup truck)
WASTE ORIGIN: residential
PROPERTY TYPE: vacant-lot
ADDRESS MARKERS: NONE
GUTTER/ALLEY: No
WATER PROXIMITY: No
CHRONIC SITE: No
VEHICLES: NONE
IDENTIFIERS: NONE
SEVERITY: 1
ORDINANCE: N/A
PRIORITY: LOW
SUMMARY: No illegal dumping detected; the area appears to be a natural landscape with no visible waste or debris."
20260604T134116Z,DT_10th_and_2nd_St_1_20260602T191500.jpg,,,dataset_20260603_063335/DT_10th_and_2nd_St_1/DT_10th_and_2nd_St_1_20260602T191500.jpg,illegal_dumping,done,2026-06-04T13:48:35.756793+00:00,0.047,0.762,0.813,,nvidia/cosmos-reason2-8b,"DUMPING PRESENT: No
ORDINANCE VIOLATION: No
WASTE TYPE: mixed
WASTE VOLUME: small (pickup truck)
WASTE ORIGIN: residential
PROPERTY TYPE: vacant-lot
ADDRESS MARKERS: NONE
GUTTER/ALLEY: No
WATER PROXIMITY: No
CHRONIC SITE: No
VEHICLES: NONE
IDENTIFIERS: NONE
SEVERITY: 1
ORDINANCE: N/A
PRIORITY: LOW
SUMMARY: No illegal dumping detected; the area appears to be a natural, undisturbed landscape with no visible waste or debris."
20260604T134116Z,DT_10th_and_2nd_St_1_20260602T193000.jpg,,,dataset_20260603_063335/DT_10th_and_2nd_St_1/DT_10th_and_2nd_St_1_20260602T193000.jpg,illegal_dumping,done,2026-06-04T13:48:35.976088+00:00,0.043,0.769,0.824,,nvidia/cosmos-reason2-8b,"DUMPING PRESENT: No
ORDINANCE VIOLATION: No
WASTE TYPE: mixed
WASTE VOLUME: small (pickup truck)
WASTE ORIGIN: residential
PROPERTY TYPE: vacant-lot
ADDRESS MARKERS: NONE
GUTTER/ALLEY: No
WATER PROXIMITY: No
CHRONIC SITE: No
VEHICLES: NONE
IDENTIFIERS: NONE
SEVERITY: 1
ORDINANCE: N/A
PRIORITY: LOW
SUMMARY: No illegal dumping detected; the area appears to be a natural, undisturbed environment with no visible waste or debris."
20260604T134116Z,DT_10th_and_2nd_St_1_20260602T194500.jpg,,,dataset_20260603_063335/DT_10th_and_2nd_St_1/DT_10th_and_2nd_St_1_20260602T194500.jpg,illegal_dumping,done,2026-06-04T13:48:36.105554+00:00,0.046,0.783,0.832,,nvidia/cosmos-reason2-8b,"DUMPING PRESENT: No
ORDINANCE VIOLATION: No
WASTE TYPE: mixed
WASTE VOLUME: small (pickup truck)
WASTE ORIGIN: residential
PROPERTY TYPE: vacant-lot
ADDRESS MARKERS: NONE
GUTTER/ALLEY: No
WATER PROXIMITY: No
CHRONIC SITE: No
VEHICLES: NONE
IDENTIFIERS: NONE
SEVERITY: 1
ORDINANCE: N/A
PRIORITY: LOW
SUMMARY: No illegal dumping is observed in the scene."
20260604T134116Z,DT_10th_and_2nd_St_1_20260602T200000.jpg,,,dataset_20260603_063335/DT_10th_and_2nd_St_1/DT_10th_and_2nd_St_1_20260602T200000.jpg,illegal_dumping,done,2026-06-04T13:48:36.224410+00:00,0.037,0.82,0.86,,nvidia/cosmos-reason2-8b,"DUMPING PRESENT: No
ORDINANCE VIOLATION: No
WASTE TYPE: mixed
WASTE VOLUME: small (pickup truck)
WASTE ORIGIN: residential
PROPERTY TYPE: vacant-lot
ADDRESS MARKERS: NONE
GUTTER/ALLEY: No
WATER PROXIMITY: No
CHRONIC SITE: No
VEHICLES: NONE
IDENTIFIERS: NONE
SEVERITY: 1
ORDINANCE: N/A
PRIORITY: LOW
SUMMARY: No illegal dumping detected; the area appears to be a natural, undisturbed landscape with no visible waste or debris."
20260604T134116Z,DT_10th_and_2nd_St_1_20260602T201500.jpg,,,dataset_20260603_063335/DT_10th_and_2nd_St_1/DT_10th_and_2nd_St_1_20260602T201500.jpg,illegal_dumping,done,2026-06-04T13:48:36.572964+00:00,0.043,0.67,0.716,,nvidia/cosmos-reason2-8b,"DUMPING PRESENT: No
ORDINANCE VIOLATION: No
WASTE TYPE: mixed
WASTE VOLUME: small (pickup truck)
WASTE ORIGIN: residential
PROPERTY TYPE: vacant-lot
ADDRESS MARKERS: NONE
GUTTER/ALLEY: No
WATER PROXIMITY: No
CHRONIC SITE: No
VEHICLES: NONE
IDENTIFIERS: NONE
SEVERITY: 1
ORDINANCE: N/A
PRIORITY: LOW
SUMMARY: No illegal dumping is observed in the scene."
20260604T134116Z,DT_10th_and_2nd_St_1_20260602T203000.jpg,,,dataset_20260603_063335/DT_10th_and_2nd_St_1/DT_10th_and_2nd_St_1_20260602T203000.jpg,illegal_dumping,done,2026-06-04T13:48:36.803345+00:00,0.046,0.756,0.805,,nvidia/cosmos-reason2-8b,"DUMPING PRESENT: No
ORDINANCE VIOLATION: No
WASTE TYPE: mixed
WASTE VOLUME: small (pickup truck)
WASTE ORIGIN: residential
PROPERTY TYPE: vacant-lot
ADDRESS MARKERS: NONE
GUTTER/ALLEY: No
WATER PROXIMITY: No
CHRONIC SITE: No
VEHICLES: NONE
IDENTIFIERS: NONE
SEVERITY: 1
ORDINANCE: N/A
PRIORITY: LOW
SUMMARY: No illegal dumping detected; the scene shows a natural landscape with no visible waste or debris."
20260604T134116Z,DT_10th_and_2nd_St_1_20260602T210000.jpg,,,dataset_20260603_063335/DT_10th_and_2nd_St_1/DT_10th_and_2nd_St_1_20260602T210000.jpg,illegal_dumping,done,2026-06-04T13:48:36.940871+00:00,0.051,0.716,0.77,,nvidia/cosmos-reason2-8b,"DUMPING PRESENT: No
ORDINANCE VIOLATION: No
WASTE TYPE: mixed
WASTE VOLUME: small (pickup truck)
WASTE ORIGIN: residential
PROPERTY TYPE: vacant-lot
ADDRESS MARKERS: NONE
GUTTER/ALLEY: No
WATER PROXIMITY: No
CHRONIC SITE: No
VEHICLES: NONE
IDENTIFIERS: NONE
SEVERITY: 1
ORDINANCE: N/A
PRIORITY: LOW
SUMMARY: No illegal dumping detected in the video."
20260604T134116Z,DT_10th_and_2nd_St_1_20260602T211500.jpg,,,dataset_20260603_063335/DT_10th_and_2nd_St_1/DT_10th_and_2nd_St_1_20260602T211500.jpg,illegal_dumping,done,2026-06-04T13:48:37.086275+00:00,0.046,0.711,0.759,,nvidia/cosmos-reason2-8b,"DUMPING PRESENT: No
ORDINANCE VIOLATION: No
WASTE TYPE: mixed
WASTE VOLUME: small (pickup truck)
WASTE ORIGIN: residential
PROPERTY TYPE: vacant-lot
ADDRESS MARKERS: NONE
GUTTER/ALLEY: No
WATER PROXIMITY: No
CHRONIC SITE: No
VEHICLES: NONE
IDENTIFIERS: NONE
SEVERITY: 1
ORDINANCE: N/A
PRIORITY: LOW
SUMMARY: No illegal dumping is observed in the video."
20260604T134116Z,DT_10th_and_2nd_St_1_20260602T213000.jpg,,,dataset_20260603_063335/DT_10th_and_2nd_St_1/DT_10th_and_2nd_St_1_20260602T213000.jpg,illegal_dumping,done,2026-06-04T13:48:37.291592+00:00,0.044,0.663,0.709,,nvidia/cosmos-reason2-8b,"DUMPING PRESENT: No
ORDINANCE VIOLATION: No
WASTE TYPE: mixed
WASTE VOLUME: small (pickup truck)
WASTE ORIGIN: residential
PROPERTY TYPE: vacant-lot
ADDRESS MARKERS: NONE
GUTTER/ALLEY: No
WATER PROXIMITY: No
CHRONIC SITE: No
VEHICLES: NONE
IDENTIFIERS: NONE
SEVERITY: 1
ORDINANCE: N/A
PRIORITY: LOW
SUMMARY: No illegal dumping is observed in the video."
20260604T134116Z,DT_10th_and_2nd_St_1_20260602T214500.jpg,,,dataset_20260603_063335/DT_10th_and_2nd_St_1/DT_10th_and_2nd_St_1_20260602T214500.jpg,illegal_dumping,done,2026-06-04T13:48:37.611523+00:00,0.049,0.738,0.79,,nvidia/cosmos-reason2-8b,"DUMPING PRESENT: No
ORDINANCE VIOLATION: No
WASTE TYPE: mixed
WASTE VOLUME: small
WASTE ORIGIN: unknown
PROPERTY TYPE: right-of-way
ADDRESS MARKERS: NONE
GUTTER/ALLEY: No
WATER PROXIMITY: No
CHRONIC SITE: No
VEHICLES: NONE
IDENTIFIERS: NONE
SEVERITY: 1
ORDINANCE: N/A
PRIORITY: LOW
SUMMARY: No illegal dumping detected in the video."
20260604T134116Z,DT_10th_and_2nd_St_1_20260602T221500.jpg,,,dataset_20260603_063335/DT_10th_and_2nd_St_1/DT_10th_and_2nd_St_1_20260602T221500.jpg,illegal_dumping,done,2026-06-04T13:48:37.713368+00:00,0.051,0.761,0.814,,nvidia/cosmos-reason2-8b,"DUMPING PRESENT: No
ORDINANCE VIOLATION: No
WASTE TYPE: mixed
WASTE VOLUME: small
WASTE ORIGIN: residential
PROPERTY TYPE: vacant-lot
ADDRESS MARKERS: NONE
GUTTER/ALLEY: No
WATER PROXIMITY: No
CHRONIC SITE: No
VEHICLES: NONE
IDENTIFIERS: NONE
SEVERITY: 1
ORDINANCE: N/A
PRIORITY: LOW
SUMMARY: No illegal dumping detected in the video."
20260604T134116Z,DT_10th_and_2nd_St_1_20260602T223000.jpg,,,dataset_20260603_063335/DT_10th_and_2nd_St_1/DT_10th_and_2nd_St_1_20260602T223000.jpg,illegal_dumping,done,2026-06-04T13:48:37.848449+00:00,0.05,0.895,0.948,,nvidia/cosmos-reason2-8b,"DUMPING PRESENT: No
ORDINANCE VIOLATION: No
WASTE TYPE: mixed
WASTE VOLUME: small (pickup truck)
WASTE ORIGIN: residential
PROPERTY TYPE: vacant-lot
ADDRESS MARKERS: NONE
GUTTER/ALLEY: No
WATER PROXIMITY: No
CHRONIC SITE: No
VEHICLES: NONE
IDENTIFIERS: NONE
SEVERITY: 1
ORDINANCE: N/A
PRIORITY: LOW
SUMMARY: No illegal dumping detected in the video."
20260604T134116Z,DT_10th_and_2nd_St_1_20260602T224500.jpg,,,dataset_20260603_063335/DT_10th_and_2nd_St_1/DT_10th_and_2nd_St_1_20260602T224500.jpg,illegal_dumping,done,2026-06-04T13:48:38.003866+00:00,0.051,0.875,0.929,,nvidia/cosmos-reason2-8b,"DUMPING PRESENT: No
ORDINANCE VIOLATION: No
WASTE TYPE: mixed
WASTE VOLUME: small (pickup truck)
WASTE ORIGIN: residential
PROPERTY TYPE: vacant-lot
ADDRESS MARKERS: NONE
GUTTER/ALLEY: No
WATER PROXIMITY: No
CHRONIC SITE: No
VEHICLES: NONE
IDENTIFIERS: NONE
SEVERITY: 1
ORDINANCE: N/A
PRIORITY: LOW
SUMMARY: No illegal dumping is observed in the video."
20260604T134116Z,DT_10th_and_2nd_St_1_20260602T230000.jpg,,,dataset_20260603_063335/DT_10th_and_2nd_St_1/DT_10th_and_2nd_St_1_20260602T230000.jpg,illegal_dumping,done,2026-06-04T13:48:38.403997+00:00,0.051,0.653,0.706,,nvidia/cosmos-reason2-8b,"DUMPING PRESENT: No
ORDINANCE VIOLATION: No
WASTE TYPE: mixed
WASTE VOLUME: small
WASTE ORIGIN: unknown
PROPERTY TYPE: vacant-lot
ADDRESS MARKERS: NONE
GUTTER/ALLEY: No
WATER PROXIMITY: No
CHRONIC SITE: No
VEHICLES: NONE
IDENTIFIERS: NONE
SEVERITY: 1
ORDINANCE: N/A
PRIORITY: LOW
SUMMARY: No illegal dumping is observed in the video."
20260604T134116Z,DT_10th_and_2nd_St_1_20260602T231500.jpg,,,dataset_20260603_063335/DT_10th_and_2nd_St_1/DT_10th_and_2nd_St_1_20260602T231500.jpg,illegal_dumping,done,2026-06-04T13:48:38.530075+00:00,0.048,0.712,0.762,,nvidia/cosmos-reason2-8b,"DUMPING PRESENT: No
ORDINANCE VIOLATION: No
WASTE TYPE: mixed
WASTE VOLUME: small (pickup truck)
WASTE ORIGIN: residential
PROPERTY TYPE: vacant-lot
ADDRESS MARKERS: NONE
GUTTER/ALLEY: No
WATER PROXIMITY: No
CHRONIC SITE: No
VEHICLES: NONE
IDENTIFIERS: NONE
SEVERITY: 1
ORDINANCE: N/A
PRIORITY: LOW
SUMMARY: No illegal dumping detected in the video."
20260604T134116Z,DT_10th_and_2nd_St_1_20260602T233000.jpg,,,dataset_20260603_063335/DT_10th_and_2nd_St_1/DT_10th_and_2nd_St_1_20260602T233000.jpg,illegal_dumping,done,2026-06-04T13:48:38.798983+00:00,0.047,0.678,0.727,,nvidia/cosmos-reason2-8b,"DUMPING PRESENT: No
ORDINANCE VIOLATION: No
WASTE TYPE: mixed
WASTE VOLUME: small (pickup truck)
WASTE ORIGIN: residential
PROPERTY TYPE: vacant-lot
ADDRESS MARKERS: NONE
GUTTER/ALLEY: No
WATER PROXIMITY: No
CHRONIC SITE: No
VEHICLES: NONE
IDENTIFIERS: NONE
SEVERITY: 1
ORDINANCE: N/A
PRIORITY: LOW
SUMMARY: No illegal dumping is observed in the video; the scene appears to be a blurred, indistinct area without clear evidence of waste disposal violations."
20260604T134116Z,DT_10th_and_2nd_St_1_20260602T234500.jpg,,,dataset_20260603_063335/DT_10th_and_2nd_St_1/DT_10th_and_2nd_St_1_20260602T234500.jpg,illegal_dumping,done,2026-06-04T13:48:38.935263+00:00,0.043,0.704,0.749,,nvidia/cosmos-reason2-8b,"DUMPING PRESENT: No
ORDINANCE VIOLATION: No
WASTE TYPE: mixed
WASTE VOLUME: small
WASTE ORIGIN: unknown
PROPERTY TYPE: right-of-way
ADDRESS MARKERS: NONE
GUTTER/ALLEY: No
WATER PROXIMITY: No
CHRONIC SITE: No
VEHICLES: NONE
IDENTIFIERS: NONE
SEVERITY: 1
ORDINANCE: N/A
PRIORITY: LOW
SUMMARY: No illegal dumping is observed in the video."
20260604T134116Z,DT_10th_and_2nd_St_4_20260602T000000.jpg,,,dataset_20260603_063335/DT_10th_and_2nd_St_4/DT_10th_and_2nd_St_4_20260602T000000.jpg,illegal_dumping,done,2026-06-04T13:48:39.709987+00:00,0.17,1.656,1.842,,nvidia/cosmos-reason2-8b,"DUMPING PRESENT: No
ORDINANCE VIOLATION: No
WASTE TYPE: mixed
WASTE VOLUME: small (pickup truck)
WASTE ORIGIN: residential
PROPERTY TYPE: alley
ADDRESS MARKERS: NONE
GUTTER/ALLEY: Yes
WATER PROXIMITY: No
CHRONIC SITE: No
VEHICLES: NONE
IDENTIFIERS: NONE
SEVERITY: 1
ORDINANCE: N/A
PRIORITY: LOW
SUMMARY: No illegal dumping detected in the alleyway."
20260604T134116Z,DT_10th_and_2nd_St_4_20260602T001500.jpg,,,dataset_20260603_063335/DT_10th_and_2nd_St_4/DT_10th_and_2nd_St_4_20260602T001500.jpg,illegal_dumping,done,2026-06-04T13:48:39.710587+00:00,0.169,1.203,1.388,,nvidia/cosmos-reason2-8b,"DUMPING PRESENT: No
ORDINANCE VIOLATION: No
WASTE TYPE: mixed
WASTE VOLUME: small (pickup truck)
WASTE ORIGIN: residential
PROPERTY TYPE: alley
ADDRESS MARKERS: NONE
GUTTER/ALLEY: Yes
WATER PROXIMITY: No
CHRONIC SITE: No
VEHICLES: NONE
IDENTIFIERS: NONE
SEVERITY: 1
ORDINANCE: N/A
PRIORITY: LOW
SUMMARY: No illegal dumping detected in the alleyway."
20260604T134116Z,DT_10th_and_2nd_St_4_20260602T003000.jpg,,,dataset_20260603_063335/DT_10th_and_2nd_St_4/DT_10th_and_2nd_St_4_20260602T003000.jpg,illegal_dumping,done,2026-06-04T13:48:39.711459+00:00,0.169,1.588,1.773,,nvidia/cosmos-reason2-8b,"DUMPING PRESENT: No
ORDINANCE VIOLATION: No
WASTE TYPE: mixed
WASTE VOLUME: small (pickup truck)
WASTE ORIGIN: residential
PROPERTY TYPE: alley
ADDRESS MARKERS: NONE
GUTTER/ALLEY: Yes
WATER PROXIMITY: No
CHRONIC SITE: No
VEHICLES: NONE
IDENTIFIERS: NONE
SEVERITY: 1
ORDINANCE: N/A
PRIORITY: LOW
SUMMARY: No illegal dumping is observed in the alleyway; the scene appears to be a narrow, overgrown path with no visible waste or debris."
20260604T134116Z,DT_10th_and_2nd_St_4_20260602T004500.jpg,,,dataset_20260603_063335/DT_10th_and_2nd_St_4/DT_10th_and_2nd_St_4_20260602T004500.jpg,illegal_dumping,done,2026-06-04T13:48:39.712461+00:00,0.168,1.323,1.506,,nvidia/cosmos-reason2-8b,"DUMPING PRESENT: No
ORDINANCE VIOLATION: No
WASTE TYPE: mixed
WASTE VOLUME: small (pickup truck)
WASTE ORIGIN: residential
PROPERTY TYPE: alley
ADDRESS MARKERS: NONE
GUTTER/ALLEY: Yes
WATER PROXIMITY: No
CHRONIC SITE: No
VEHICLES: NONE
IDENTIFIERS: NONE
SEVERITY: 1
ORDINANCE: N/A
PRIORITY: LOW
SUMMARY: No illegal dumping is observed in the alleyway; the area appears to be a natural, overgrown space without any visible waste or debris."
20260604T134116Z,DT_10th_and_2nd_St_4_20260602T010000.jpg,,,dataset_20260603_063335/DT_10th_and_2nd_St_4/DT_10th_and_2nd_St_4_20260602T010000.jpg,illegal_dumping,done,2026-06-04T13:48:41.101886+00:00,0.046,0.705,0.754,,nvidia/cosmos-reason2-8b,"DUMPING PRESENT: No
ORDINANCE VIOLATION: No
WASTE TYPE: mixed
WASTE VOLUME: small (pickup truck)
WASTE ORIGIN: residential
PROPERTY TYPE: alley
ADDRESS MARKERS: NONE
GUTTER/ALLEY: Yes
WATER PROXIMITY: No
CHRONIC SITE: No
VEHICLES: NONE
IDENTIFIERS: NONE
SEVERITY: 1
ORDINANCE: N/A
PRIORITY: LOW
SUMMARY: No illegal dumping observed in the alleyway."
20260604T134116Z,DT_10th_and_2nd_St_4_20260602T011500.jpg,,,dataset_20260603_063335/DT_10th_and_2nd_St_4/DT_10th_and_2nd_St_4_20260602T011500.jpg,illegal_dumping,done,2026-06-04T13:48:41.220741+00:00,0.045,0.802,0.851,,nvidia/cosmos-reason2-8b,"DUMPING PRESENT: No
ORDINANCE VIOLATION: No
WASTE TYPE: mixed
WASTE VOLUME: medium
WASTE ORIGIN: residential
PROPERTY TYPE: vacant-lot
ADDRESS MARKERS: NONE
GUTTER/ALLEY: No
WATER PROXIMITY: No
CHRONIC SITE: No
VEHICLES: NONE
IDENTIFIERS: NONE
SEVERITY: 1
ORDINANCE: N/A
PRIORITY: LOW
SUMMARY: No illegal dumping detected; the scene shows a mix of household and yard waste on a vacant lot, but no violations of local ordinances are observed."
20260604T134116Z,DT_10th_and_2nd_St_4_20260602T013000.jpg,,,dataset_20260603_063335/DT_10th_and_2nd_St_4/DT_10th_and_2nd_St_4_20260602T013000.jpg,illegal_dumping,done,2026-06-04T13:48:41.486830+00:00,0.041,0.721,0.765,,nvidia/cosmos-reason2-8b,"DUMPING PRESENT: No
ORDINANCE VIOLATION: No
WASTE TYPE: mixed
WASTE VOLUME: small (pickup truck)
WASTE ORIGIN: residential
PROPERTY TYPE: alley
ADDRESS MARKERS: NONE
GUTTER/ALLEY: Yes
WATER PROXIMITY: No
CHRONIC SITE: No
VEHICLES: NONE
IDENTIFIERS: NONE
SEVERITY: 1
ORDINANCE: N/A
PRIORITY: LOW
SUMMARY: No illegal dumping observed in the alleyway."
20260604T134116Z,DT_10th_and_2nd_St_4_20260602T014500.jpg,,,dataset_20260603_063335/DT_10th_and_2nd_St_4/DT_10th_and_2nd_St_4_20260602T014500.jpg,illegal_dumping,done,2026-06-04T13:48:41.555059+00:00,0.048,0.867,0.918,,nvidia/cosmos-reason2-8b,"DUMPING PRESENT: No
ORDINANCE VIOLATION: No
WASTE TYPE: mixed
WASTE VOLUME: small (pickup truck)
WASTE ORIGIN: residential
PROPERTY TYPE: alley
ADDRESS MARKERS: NONE
GUTTER/ALLEY: Yes
WATER PROXIMITY: No
CHRONIC SITE: No
VEHICLES: NONE
IDENTIFIERS: NONE
SEVERITY: 1
ORDINANCE: N/A
PRIORITY: LOW
SUMMARY: No illegal dumping observed in the alleyway."
20260604T134116Z,DT_10th_and_2nd_St_4_20260602T020000.jpg,,,dataset_20260603_063335/DT_10th_and_2nd_St_4/DT_10th_and_2nd_St_4_20260602T020000.jpg,illegal_dumping,done,2026-06-04T13:48:41.858795+00:00,0.043,0.741,0.788,,nvidia/cosmos-reason2-8b,"DUMPING PRESENT: No
ORDINANCE VIOLATION: No
WASTE TYPE: mixed
WASTE VOLUME: small (pickup truck)
WASTE ORIGIN: residential
PROPERTY TYPE: alley
ADDRESS MARKERS: NONE
GUTTER/ALLEY: Yes
WATER PROXIMITY: No
CHRONIC SITE: No
VEHICLES: NONE
IDENTIFIERS: NONE
SEVERITY: 1
ORDINANCE: N/A
PRIORITY: LOW
SUMMARY: No illegal dumping detected in the alleyway."
20260604T134116Z,DT_10th_and_2nd_St_4_20260602T021500.jpg,,,dataset_20260603_063335/DT_10th_and_2nd_St_4/DT_10th_and_2nd_St_4_20260602T021500.jpg,illegal_dumping,done,2026-06-04T13:48:42.074009+00:00,0.046,0.675,0.724,,nvidia/cosmos-reason2-8b,"DUMPING PRESENT: No
ORDINANCE VIOLATION: No
WASTE TYPE: mixed
WASTE VOLUME: small (pickup truck)
WASTE ORIGIN: residential
PROPERTY TYPE: alley
ADDRESS MARKERS: NONE
GUTTER/ALLEY: Yes
WATER PROXIMITY: No
CHRONIC SITE: No
VEHICLES: NONE
IDENTIFIERS: NONE
SEVERITY: 1
ORDINANCE: N/A
PRIORITY: LOW
SUMMARY: No illegal dumping observed in the alleyway."
20260604T134116Z,DT_10th_and_2nd_St_4_20260602T023000.jpg,,,dataset_20260603_063335/DT_10th_and_2nd_St_4/DT_10th_and_2nd_St_4_20260602T023000.jpg,illegal_dumping,done,2026-06-04T13:48:42.254942+00:00,0.043,0.798,0.844,,nvidia/cosmos-reason2-8b,"DUMPING PRESENT: No
ORDINANCE VIOLATION: No
WASTE TYPE: mixed
WASTE VOLUME: small (pickup truck)
WASTE ORIGIN: residential
PROPERTY TYPE: alley
ADDRESS MARKERS: NONE
GUTTER/ALLEY: Yes
WATER PROXIMITY: No
CHRONIC SITE: No
VEHICLES: NONE
IDENTIFIERS: NONE
SEVERITY: 1
ORDINANCE: N/A
PRIORITY: LOW
SUMMARY: No illegal dumping observed in the alleyway."
20260604T134116Z,DT_10th_and_2nd_St_4_20260602T024500.jpg,,,dataset_20260603_063335/DT_10th_and_2nd_St_4/DT_10th_and_2nd_St_4_20260602T024500.jpg,illegal_dumping,done,2026-06-04T13:48:42.475801+00:00,0.049,0.713,0.765,,nvidia/cosmos-reason2-8b,"DUMPING PRESENT: No
ORDINANCE VIOLATION: No
WASTE TYPE: mixed
WASTE VOLUME: small (pickup truck)
WASTE ORIGIN: residential
PROPERTY TYPE: alley
ADDRESS MARKERS: NONE
GUTTER/ALLEY: Yes
WATER PROXIMITY: No
CHRONIC SITE: No
VEHICLES: NONE
IDENTIFIERS: NONE
SEVERITY: 1
ORDINANCE: N/A
PRIORITY: LOW
SUMMARY: No illegal dumping observed in the alleyway."
20260604T134116Z,DT_10th_and_2nd_St_4_20260602T030000.jpg,,,dataset_20260603_063335/DT_10th_and_2nd_St_4/DT_10th_and_2nd_St_4_20260602T030000.jpg,illegal_dumping,done,2026-06-04T13:48:42.649261+00:00,0.048,0.721,0.773,,nvidia/cosmos-reason2-8b,"DUMPING PRESENT: No
ORDINANCE VIOLATION: No
WASTE TYPE: mixed
WASTE VOLUME: small (pickup truck)
WASTE ORIGIN: residential
PROPERTY TYPE: alley
ADDRESS MARKERS: NONE
GUTTER/ALLEY: Yes
WATER PROXIMITY: No
CHRONIC SITE: No
VEHICLES: NONE
IDENTIFIERS: NONE
SEVERITY: 1
ORDINANCE: N/A
PRIORITY: LOW
SUMMARY: No illegal dumping detected in the alleyway."
20260604T134116Z,DT_10th_and_2nd_St_4_20260602T031500.jpg,,,dataset_20260603_063335/DT_10th_and_2nd_St_4/DT_10th_and_2nd_St_4_20260602T031500.jpg,illegal_dumping,done,2026-06-04T13:48:42.800000+00:00,0.043,0.76,0.806,,nvidia/cosmos-reason2-8b,"DUMPING PRESENT: No
ORDINANCE VIOLATION: No
WASTE TYPE: mixed
WASTE VOLUME: small (pickup truck)
WASTE ORIGIN: residential
PROPERTY TYPE: alley
ADDRESS MARKERS: NONE
GUTTER/ALLEY: Yes
WATER PROXIMITY: No
CHRONIC SITE: No
VEHICLES: NONE
IDENTIFIERS: NONE
SEVERITY: 1
ORDINANCE: N/A
PRIORITY: LOW
SUMMARY: No illegal dumping is observed in the alleyway."
20260604T134116Z,DT_10th_and_2nd_St_4_20260602T033000.jpg,,,dataset_20260603_063335/DT_10th_and_2nd_St_4/DT_10th_and_2nd_St_4_20260602T033000.jpg,illegal_dumping,done,2026-06-04T13:48:43.101782+00:00,0.046,0.692,0.74,,nvidia/cosmos-reason2-8b,"DUMPING PRESENT: No
ORDINANCE VIOLATION: No
WASTE TYPE: mixed
WASTE VOLUME: small (pickup truck)
WASTE ORIGIN: residential
PROPERTY TYPE: alley
ADDRESS MARKERS: NONE
GUTTER/ALLEY: Yes
WATER PROXIMITY: No
CHRONIC SITE: No
VEHICLES: NONE
IDENTIFIERS: NONE
SEVERITY: 1
ORDINANCE: N/A
PRIORITY: LOW
SUMMARY: No illegal dumping detected in the alleyway."
20260604T134116Z,DT_10th_and_2nd_St_4_20260602T034500.jpg,,,dataset_20260603_063335/DT_10th_and_2nd_St_4/DT_10th_and_2nd_St_4_20260602T034500.jpg,illegal_dumping,done,2026-06-04T13:48:43.242360+00:00,0.052,0.702,0.758,,nvidia/cosmos-reason2-8b,"DUMPING PRESENT: No
ORDINANCE VIOLATION: No
WASTE TYPE: mixed
WASTE VOLUME: small (pickup truck)
WASTE ORIGIN: residential
PROPERTY TYPE: alley
ADDRESS MARKERS: NONE
GUTTER/ALLEY: Yes
WATER PROXIMITY: No
CHRONIC SITE: No
VEHICLES: NONE
IDENTIFIERS: NONE
SEVERITY: 1
ORDINANCE: N/A
PRIORITY: LOW
SUMMARY: No illegal dumping detected in the alleyway."
20260604T134116Z,DT_10th_and_2nd_St_4_20260602T040000.jpg,,,dataset_20260603_063335/DT_10th_and_2nd_St_4/DT_10th_and_2nd_St_4_20260602T040000.jpg,illegal_dumping,done,2026-06-04T13:48:43.424755+00:00,0.039,0.788,0.83,,nvidia/cosmos-reason2-8b,"DUMPING PRESENT: No
ORDINANCE VIOLATION: No
WASTE TYPE: mixed
WASTE VOLUME: small (pickup truck)
WASTE ORIGIN: residential
PROPERTY TYPE: alley
ADDRESS MARKERS: NONE
GUTTER/ALLEY: Yes
WATER PROXIMITY: No
CHRONIC SITE: No
VEHICLES: NONE
IDENTIFIERS: NONE
SEVERITY: 1
ORDINANCE: N/A
PRIORITY: LOW
SUMMARY: No illegal dumping detected in the alleyway."
20260604T134116Z,DT_10th_and_2nd_St_4_20260602T041500.jpg,,,dataset_20260603_063335/DT_10th_and_2nd_St_4/DT_10th_and_2nd_St_4_20260602T041500.jpg,illegal_dumping,done,2026-06-04T13:48:43.609065+00:00,0.047,0.784,0.834,,nvidia/cosmos-reason2-8b,"DUMPING PRESENT: No
ORDINANCE VIOLATION: No
WASTE TYPE: mixed
WASTE VOLUME: small (pickup truck)
WASTE ORIGIN: residential
PROPERTY TYPE: alley
ADDRESS MARKERS: NONE
GUTTER/ALLEY: Yes
WATER PROXIMITY: No
CHRONIC SITE: No
VEHICLES: NONE
IDENTIFIERS: NONE
SEVERITY: 1
ORDINANCE: N/A
PRIORITY: LOW
SUMMARY: No illegal dumping detected in the alleyway."
20260604T134116Z,DT_10th_and_2nd_St_4_20260602T043000.jpg,,,dataset_20260603_063335/DT_10th_and_2nd_St_4/DT_10th_and_2nd_St_4_20260602T043000.jpg,illegal_dumping,done,2026-06-04T13:48:43.845621+00:00,0.046,0.744,0.793,,nvidia/cosmos-reason2-8b,"DUMPING PRESENT: No
ORDINANCE VIOLATION: No
WASTE TYPE: mixed
WASTE VOLUME: small (pickup truck)
WASTE ORIGIN: residential
PROPERTY TYPE: alley
ADDRESS MARKERS: NONE
GUTTER/ALLEY: Yes
WATER PROXIMITY: No
CHRONIC SITE: No
VEHICLES: NONE
IDENTIFIERS: NONE
SEVERITY: 1
ORDINANCE: N/A
PRIORITY: LOW
SUMMARY: No illegal dumping is observed in the alleyway."
20260604T134116Z,DT_10th_and_2nd_St_4_20260602T044500.jpg,,,dataset_20260603_063335/DT_10th_and_2nd_St_4/DT_10th_and_2nd_St_4_20260602T044500.jpg,illegal_dumping,done,2026-06-04T13:48:44.002605+00:00,0.048,0.759,0.81,,nvidia/cosmos-reason2-8b,"DUMPING PRESENT: No
ORDINANCE VIOLATION: No
WASTE TYPE: mixed
WASTE VOLUME: small (pickup truck)
WASTE ORIGIN: residential
PROPERTY TYPE: alley
ADDRESS MARKERS: NONE
GUTTER/ALLEY: Yes
WATER PROXIMITY: No
CHRONIC SITE: No
VEHICLES: NONE
IDENTIFIERS: NONE
SEVERITY: 1
ORDINANCE: N/A
PRIORITY: LOW
SUMMARY: No illegal dumping is observed in the alleyway; the area appears clear with no visible waste or debris."
20260604T134116Z,DT_10th_and_2nd_St_4_20260602T050000.jpg,,,dataset_20260603_063335/DT_10th_and_2nd_St_4/DT_10th_and_2nd_St_4_20260602T050000.jpg,illegal_dumping,done,2026-06-04T13:48:44.258639+00:00,0.049,0.718,0.771,,nvidia/cosmos-reason2-8b,"DUMPING PRESENT: No
ORDINANCE VIOLATION: No
WASTE TYPE: mixed
WASTE VOLUME: small (pickup truck)
WASTE ORIGIN: residential
PROPERTY TYPE: alley
ADDRESS MARKERS: NONE
GUTTER/ALLEY: Yes
WATER PROXIMITY: No
CHRONIC SITE: No
VEHICLES: NONE
IDENTIFIERS: NONE
SEVERITY: 1
ORDINANCE: N/A
PRIORITY: LOW
SUMMARY: No illegal dumping is observed in the alleyway; the area appears clear with no visible waste or debris."
20260604T134116Z,DT_10th_and_2nd_St_4_20260602T051500.jpg,,,dataset_20260603_063335/DT_10th_and_2nd_St_4/DT_10th_and_2nd_St_4_20260602T051500.jpg,illegal_dumping,done,2026-06-04T13:48:44.445377+00:00,0.044,0.882,0.928,,nvidia/cosmos-reason2-8b,"```json
{
  ""DUMPING PRESENT"": ""No"",
  ""ORDINANCE VIOLATION"": ""No"",
  ""WASTE TYPE"": [],
  ""WASTE VOLUME"": ""small (pickup truck)"",
  ""WASTE ORIGIN"": ""unknown"",
  ""PROPERTY TYPE"": ""right-of-way"",
  ""ADDRESS MARKERS"": ""NONE"",
  ""GUTTER/ALLEY"": ""Yes"",
  ""WATER PROXIMITY"": ""No"",
  ""CHRONIC SITE"": ""No"",
  ""VEHICLES"": ""NONE"",
  ""IDENTIFIERS"": ""NONE"",
  ""SEVERITY"": ""1"",
  ""ORDINANCE"": ""N/A"",
  ""PRIORITY"": ""LOW"",
  ""SUMMARY"": ""No illegal dumping is observed in the video; the area appears to be a narrow alley with grass and a wall, showing no signs of waste or debris.""
}
```"
20260604T134116Z,DT_10th_and_2nd_St_4_20260602T053000.jpg,,,dataset_20260603_063335/DT_10th_and_2nd_St_4/DT_10th_and_2nd_St_4_20260602T053000.jpg,illegal_dumping,done,2026-06-04T13:48:44.642002+00:00,0.046,0.732,0.782,,nvidia/cosmos-reason2-8b,"DUMPING PRESENT: No
ORDINANCE VIOLATION: No
WASTE TYPE: mixed
WASTE VOLUME: small (pickup truck)
WASTE ORIGIN: residential
PROPERTY TYPE: alley
ADDRESS MARKERS: NONE
GUTTER/ALLEY: Yes
WATER PROXIMITY: No
CHRONIC SITE: No
VEHICLES: NONE
IDENTIFIERS: NONE
SEVERITY: 1
ORDINANCE: N/A
PRIORITY: LOW
SUMMARY: No illegal dumping detected in the alleyway."
20260604T134116Z,DT_10th_and_2nd_St_4_20260602T054500.jpg,,,dataset_20260603_063335/DT_10th_and_2nd_St_4/DT_10th_and_2nd_St_4_20260602T054500.jpg,illegal_dumping,done,2026-06-04T13:48:44.815170+00:00,0.046,0.796,0.846,,nvidia/cosmos-reason2-8b,"DUMPING PRESENT: No
ORDINANCE VIOLATION: No
WASTE TYPE: mixed
WASTE VOLUME: small (pickup truck)
WASTE ORIGIN: residential
PROPERTY TYPE: alley
ADDRESS MARKERS: NONE
GUTTER/ALLEY: Yes
WATER PROXIMITY: No
CHRONIC SITE: No
VEHICLES: NONE
IDENTIFIERS: NONE
SEVERITY: 1
ORDINANCE: N/A
PRIORITY: LOW
SUMMARY: No illegal dumping observed in the alleyway."
20260604T134116Z,DT_10th_and_2nd_St_4_20260602T060000.jpg,,,dataset_20260603_063335/DT_10th_and_2nd_St_4/DT_10th_and_2nd_St_4_20260602T060000.jpg,illegal_dumping,done,2026-06-04T13:48:45.032613+00:00,0.053,0.778,0.834,,nvidia/cosmos-reason2-8b,"DUMPING PRESENT: No
ORDINANCE VIOLATION: No
WASTE TYPE: mixed
WASTE VOLUME: small (pickup truck)
WASTE ORIGIN: residential
PROPERTY TYPE: alley
ADDRESS MARKERS: NONE
GUTTER/ALLEY: Yes
WATER PROXIMITY: No
CHRONIC SITE: No
VEHICLES: NONE
IDENTIFIERS: NONE
SEVERITY: 1
ORDINANCE: N/A
PRIORITY: LOW
SUMMARY: No illegal dumping observed in the alleyway."
20260604T134116Z,DT_10th_and_2nd_St_4_20260602T061500.jpg,,,dataset_20260603_063335/DT_10th_and_2nd_St_4/DT_10th_and_2nd_St_4_20260602T061500.jpg,illegal_dumping,done,2026-06-04T13:48:45.376726+00:00,0.048,0.664,0.715,,nvidia/cosmos-reason2-8b,"DUMPING PRESENT: No
ORDINANCE VIOLATION: No
WASTE TYPE: mixed
WASTE VOLUME: small (pickup truck)
WASTE ORIGIN: residential
PROPERTY TYPE: alley
ADDRESS MARKERS: NONE
GUTTER/ALLEY: Yes
WATER PROXIMITY: No
CHRONIC SITE: No
VEHICLES: NONE
IDENTIFIERS: NONE
SEVERITY: 1
ORDINANCE: N/A
PRIORITY: LOW
SUMMARY: No illegal dumping is observed in the alleyway."
20260604T134116Z,DT_10th_and_2nd_St_4_20260602T063000.jpg,,,dataset_20260603_063335/DT_10th_and_2nd_St_4/DT_10th_and_2nd_St_4_20260602T063000.jpg,illegal_dumping,done,2026-06-04T13:48:45.426665+00:00,0.049,0.836,0.889,,nvidia/cosmos-reason2-8b,"DUMPING PRESENT: No
ORDINANCE VIOLATION: No
WASTE TYPE: mixed
WASTE VOLUME: small (pickup truck)
WASTE ORIGIN: residential
PROPERTY TYPE: alley
ADDRESS MARKERS: NONE
GUTTER/ALLEY: Yes
WATER PROXIMITY: No
CHRONIC SITE: No
VEHICLES: NONE
IDENTIFIERS: NONE
SEVERITY: 1
ORDINANCE: N/A
PRIORITY: LOW
SUMMARY: No illegal dumping observed in the alleyway."
20260604T134116Z,DT_10th_and_2nd_St_4_20260602T064500.jpg,,,dataset_20260603_063335/DT_10th_and_2nd_St_4/DT_10th_and_2nd_St_4_20260602T064500.jpg,illegal_dumping,done,2026-06-04T13:48:45.663760+00:00,0.039,0.796,0.838,,nvidia/cosmos-reason2-8b,"DUMPING PRESENT: No
ORDINANCE VIOLATION: No
WASTE TYPE: mixed
WASTE VOLUME: small (pickup truck)
WASTE ORIGIN: residential
PROPERTY TYPE: vacant-lot
ADDRESS MARKERS: NONE
GUTTER/ALLEY: No
WATER PROXIMITY: No
CHRONIC SITE: No
VEHICLES: NONE
IDENTIFIERS: NONE
SEVERITY: 1
ORDINANCE: N/A
PRIORITY: LOW
SUMMARY: No illegal dumping is observed in the video."
20260604T134116Z,DT_10th_and_2nd_St_4_20260602T070000.jpg,,,dataset_20260603_063335/DT_10th_and_2nd_St_4/DT_10th_and_2nd_St_4_20260602T070000.jpg,illegal_dumping,done,2026-06-04T13:48:45.869006+00:00,0.048,0.82,0.87,,nvidia/cosmos-reason2-8b,"DUMPING PRESENT: No
ORDINANCE VIOLATION: No
WASTE TYPE: mixed
WASTE VOLUME: small (pickup truck)
WASTE ORIGIN: residential
PROPERTY TYPE: alley
ADDRESS MARKERS: NONE
GUTTER/ALLEY: Yes
WATER PROXIMITY: No
CHRONIC SITE: No
VEHICLES: NONE
IDENTIFIERS: NONE
SEVERITY: 1
ORDINANCE: N/A
PRIORITY: LOW
SUMMARY: No illegal dumping detected in the alleyway; the area appears clean with no visible waste or debris."
20260604T134116Z,DT_10th_and_2nd_St_4_20260602T071500.jpg,,,dataset_20260603_063335/DT_10th_and_2nd_St_4/DT_10th_and_2nd_St_4_20260602T071500.jpg,illegal_dumping,done,2026-06-04T13:48:46.095047+00:00,0.048,0.753,0.804,,nvidia/cosmos-reason2-8b,"DUMPING PRESENT: No
ORDINANCE VIOLATION: No
WASTE TYPE: mixed
WASTE VOLUME: small (pickup truck)
WASTE ORIGIN: residential
PROPERTY TYPE: alley
ADDRESS MARKERS: NONE
GUTTER/ALLEY: Yes
WATER PROXIMITY: No
CHRONIC SITE: No
VEHICLES: NONE
IDENTIFIERS: NONE
SEVERITY: 1
ORDINANCE: N/A
PRIORITY: LOW
SUMMARY: No illegal dumping detected in the alleyway; the area appears clean with no visible waste or debris."
20260604T134116Z,DT_10th_and_2nd_St_4_20260602T073000.jpg,,,dataset_20260603_063335/DT_10th_and_2nd_St_4/DT_10th_and_2nd_St_4_20260602T073000.jpg,illegal_dumping,done,2026-06-04T13:48:46.318265+00:00,0.045,0.714,0.762,,nvidia/cosmos-reason2-8b,"DUMPING PRESENT: No
ORDINANCE VIOLATION: No
WASTE TYPE: mixed
WASTE VOLUME: small (pickup truck)
WASTE ORIGIN: residential
PROPERTY TYPE: alley
ADDRESS MARKERS: NONE
GUTTER/ALLEY: Yes
WATER PROXIMITY: No
CHRONIC SITE: No
VEHICLES: NONE
IDENTIFIERS: NONE
SEVERITY: 1
ORDINANCE: N/A
PRIORITY: LOW
SUMMARY: No illegal dumping detected in the alleyway; the area appears clean with no visible waste or debris."
20260604T134116Z,DT_10th_and_2nd_St_4_20260602T074500.jpg,,,dataset_20260603_063335/DT_10th_and_2nd_St_4/DT_10th_and_2nd_St_4_20260602T074500.jpg,illegal_dumping,done,2026-06-04T13:48:46.504998+00:00,0.052,0.786,0.841,,nvidia/cosmos-reason2-8b,"DUMPING PRESENT: No
ORDINANCE VIOLATION: No
WASTE TYPE: mixed
WASTE VOLUME: small (pickup truck)
WASTE ORIGIN: residential
PROPERTY TYPE: alley
ADDRESS MARKERS: NONE
GUTTER/ALLEY: Yes
WATER PROXIMITY: No
CHRONIC SITE: No
VEHICLES: NONE
IDENTIFIERS: NONE
SEVERITY: 1
ORDINANCE: N/A
PRIORITY: LOW
SUMMARY: No illegal dumping is observed in the alleyway; the area appears clean with no visible waste or debris."
20260604T134116Z,DT_10th_and_2nd_St_4_20260602T080000.jpg,,,dataset_20260603_063335/DT_10th_and_2nd_St_4/DT_10th_and_2nd_St_4_20260602T080000.jpg,illegal_dumping,done,2026-06-04T13:48:46.742489+00:00,0.05,0.683,0.737,,nvidia/cosmos-reason2-8b,"DUMPING PRESENT: No
ORDINANCE VIOLATION: No
WASTE TYPE: mixed
WASTE VOLUME: small (pickup truck)
WASTE ORIGIN: residential
PROPERTY TYPE: alley
ADDRESS MARKERS: NONE
GUTTER/ALLEY: Yes
WATER PROXIMITY: No
CHRONIC SITE: No
VEHICLES: NONE
IDENTIFIERS: NONE
SEVERITY: 1
ORDINANCE: N/A
PRIORITY: LOW
SUMMARY: No illegal dumping detected in the alleyway; the area appears clean with no visible waste or debris."
20260604T134116Z,DT_10th_and_2nd_St_4_20260602T081500.jpg,,,dataset_20260603_063335/DT_10th_and_2nd_St_4/DT_10th_and_2nd_St_4_20260602T081500.jpg,illegal_dumping,done,2026-06-04T13:48:46.901586+00:00,0.048,0.729,0.78,,nvidia/cosmos-reason2-8b,"DUMPING PRESENT: No
ORDINANCE VIOLATION: No
WASTE TYPE: mixed
WASTE VOLUME: small (pickup truck)
WASTE ORIGIN: residential
PROPERTY TYPE: alley
ADDRESS MARKERS: NONE
GUTTER/ALLEY: Yes
WATER PROXIMITY: No
CHRONIC SITE: No
VEHICLES: NONE
IDENTIFIERS: NONE
SEVERITY: 1
ORDINANCE: N/A
PRIORITY: LOW
SUMMARY: No illegal dumping detected in the alleyway; the area appears clean with no visible waste or debris."
20260604T134116Z,DT_10th_and_2nd_St_4_20260602T083000.jpg,,,dataset_20260603_063335/DT_10th_and_2nd_St_4/DT_10th_and_2nd_St_4_20260602T083000.jpg,illegal_dumping,done,2026-06-04T13:48:47.083210+00:00,0.045,0.79,0.838,,nvidia/cosmos-reason2-8b,"DUMPING PRESENT: No
ORDINANCE VIOLATION: No
WASTE TYPE: mixed
WASTE VOLUME: small (pickup truck)
WASTE ORIGIN: residential
PROPERTY TYPE: alley
ADDRESS MARKERS: NONE
GUTTER/ALLEY: Yes
WATER PROXIMITY: No
CHRONIC SITE: No
VEHICLES: NONE
IDENTIFIERS: NONE
SEVERITY: 1
ORDINANCE: N/A
PRIORITY: LOW
SUMMARY: No illegal dumping observed in the alleyway; the area appears clean with no visible waste or debris."
20260604T134116Z,DT_10th_and_2nd_St_4_20260602T084500.jpg,,,dataset_20260603_063335/DT_10th_and_2nd_St_4/DT_10th_and_2nd_St_4_20260602T084500.jpg,illegal_dumping,done,2026-06-04T13:48:47.348940+00:00,0.048,0.687,0.739,,nvidia/cosmos-reason2-8b,"DUMPING PRESENT: No
ORDINANCE VIOLATION: No
WASTE TYPE: mixed
WASTE VOLUME: small (pickup truck)
WASTE ORIGIN: residential
PROPERTY TYPE: alley
ADDRESS MARKERS: NONE
GUTTER/ALLEY: Yes
WATER PROXIMITY: No
CHRONIC SITE: No
VEHICLES: NONE
IDENTIFIERS: NONE
SEVERITY: 1
ORDINANCE: N/A
PRIORITY: LOW
SUMMARY: No illegal dumping detected in the alleyway; the area appears clear of waste materials."
20260604T134116Z,DT_10th_and_2nd_St_4_20260602T090000.jpg,,,dataset_20260603_063335/DT_10th_and_2nd_St_4/DT_10th_and_2nd_St_4_20260602T090000.jpg,illegal_dumping,done,2026-06-04T13:48:47.482279+00:00,0.042,0.768,0.813,,nvidia/cosmos-reason2-8b,"DUMPING PRESENT: No
ORDINANCE VIOLATION: No
WASTE TYPE: mixed
WASTE VOLUME: small (pickup truck)
WASTE ORIGIN: residential
PROPERTY TYPE: alley
ADDRESS MARKERS: NONE
GUTTER/ALLEY: Yes
WATER PROXIMITY: No
CHRONIC SITE: No
VEHICLES: NONE
IDENTIFIERS: NONE
SEVERITY: 1
ORDINANCE: N/A
PRIORITY: LOW
SUMMARY: No illegal dumping detected in the alleyway; the area appears clean with no visible waste or debris."
20260604T134116Z,DT_10th_and_2nd_St_4_20260602T091500.jpg,,,dataset_20260603_063335/DT_10th_and_2nd_St_4/DT_10th_and_2nd_St_4_20260602T091500.jpg,illegal_dumping,done,2026-06-04T13:48:47.684709+00:00,0.044,0.819,0.866,,nvidia/cosmos-reason2-8b,"DUMPING PRESENT: No
ORDINANCE VIOLATION: No
WASTE TYPE: mixed
WASTE VOLUME: small (pickup truck)
WASTE ORIGIN: residential
PROPERTY TYPE: alley
ADDRESS MARKERS: NONE
GUTTER/ALLEY: Yes
WATER PROXIMITY: No
CHRONIC SITE: No
VEHICLES: NONE
IDENTIFIERS: NONE
SEVERITY: 1
ORDINANCE: N/A
PRIORITY: LOW
SUMMARY: No illegal dumping detected in the alleyway; the area appears clean with no visible waste or debris."
20260604T134116Z,DT_10th_and_2nd_St_4_20260602T093000.jpg,,,dataset_20260603_063335/DT_10th_and_2nd_St_4/DT_10th_and_2nd_St_4_20260602T093000.jpg,illegal_dumping,done,2026-06-04T13:48:47.923627+00:00,0.051,0.758,0.813,,nvidia/cosmos-reason2-8b,"DUMPING PRESENT: No
ORDINANCE VIOLATION: No
WASTE TYPE: mixed
WASTE VOLUME: small (pickup truck)
WASTE ORIGIN: residential
PROPERTY TYPE: alley
ADDRESS MARKERS: NONE
GUTTER/ALLEY: Yes
WATER PROXIMITY: No
CHRONIC SITE: No
VEHICLES: NONE
IDENTIFIERS: NONE
SEVERITY: 1
ORDINANCE: N/A
PRIORITY: LOW
SUMMARY: No illegal dumping observed in the alleyway; the area appears clean with no visible waste or debris."
20260604T134116Z,DT_10th_and_2nd_St_4_20260602T094500.jpg,,,dataset_20260603_063335/DT_10th_and_2nd_St_4/DT_10th_and_2nd_St_4_20260602T094500.jpg,illegal_dumping,done,2026-06-04T13:48:48.090152+00:00,0.041,0.728,0.772,,nvidia/cosmos-reason2-8b,"DUMPING PRESENT: No
ORDINANCE VIOLATION: No
WASTE TYPE: mixed
WASTE VOLUME: small (pickup truck)
WASTE ORIGIN: residential
PROPERTY TYPE: vacant-lot
ADDRESS MARKERS: NONE
GUTTER/ALLEY: No
WATER PROXIMITY: No
CHRONIC SITE: No
VEHICLES: NONE
IDENTIFIERS: NONE
SEVERITY: 1
ORDINANCE: N/A
PRIORITY: LOW
SUMMARY: No illegal dumping detected; the scene shows a mix of natural and urban elements without visible waste or violations."
20260604T134116Z,DT_10th_and_2nd_St_4_20260602T100000.jpg,,,dataset_20260603_063335/DT_10th_and_2nd_St_4/DT_10th_and_2nd_St_4_20260602T100000.jpg,illegal_dumping,done,2026-06-04T13:48:48.297620+00:00,0.049,0.752,0.803,,nvidia/cosmos-reason2-8b,"DUMPING PRESENT: No
ORDINANCE VIOLATION: No
WASTE TYPE: mixed
WASTE VOLUME: small (pickup truck)
WASTE ORIGIN: residential
PROPERTY TYPE: alley
ADDRESS MARKERS: NONE
GUTTER/ALLEY: Yes
WATER PROXIMITY: No
CHRONIC SITE: No
VEHICLES: NONE
IDENTIFIERS: NONE
SEVERITY: 1
ORDINANCE: N/A
PRIORITY: LOW
SUMMARY: No illegal dumping detected in the alleyway; the area appears clean with no visible waste or debris."
20260604T134116Z,DT_10th_and_2nd_St_4_20260602T101500.jpg,,,dataset_20260603_063335/DT_10th_and_2nd_St_4/DT_10th_and_2nd_St_4_20260602T101500.jpg,illegal_dumping,done,2026-06-04T13:48:48.553508+00:00,0.044,0.685,0.732,,nvidia/cosmos-reason2-8b,"DUMPING PRESENT: No
ORDINANCE VIOLATION: No
WASTE TYPE: mixed
WASTE VOLUME: small (pickup truck)
WASTE ORIGIN: residential
PROPERTY TYPE: alley
ADDRESS MARKERS: NONE
GUTTER/ALLEY: Yes
WATER PROXIMITY: No
CHRONIC SITE: No
VEHICLES: NONE
IDENTIFIERS: NONE
SEVERITY: 1
ORDINANCE: N/A
PRIORITY: LOW
SUMMARY: No illegal dumping observed in the alleyway; the area appears clean with no visible waste or debris."
20260604T134116Z,DT_10th_and_2nd_St_4_20260602T103000.jpg,,,dataset_20260603_063335/DT_10th_and_2nd_St_4/DT_10th_and_2nd_St_4_20260602T103000.jpg,illegal_dumping,done,2026-06-04T13:48:48.739341+00:00,0.045,0.808,0.858,,nvidia/cosmos-reason2-8b,"DUMPING PRESENT: No
ORDINANCE VIOLATION: No
WASTE TYPE: mixed
WASTE VOLUME: small (pickup truck)
WASTE ORIGIN: residential
PROPERTY TYPE: alley
ADDRESS MARKERS: NONE
GUTTER/ALLEY: Yes
WATER PROXIMITY: No
CHRONIC SITE: No
VEHICLES: NONE
IDENTIFIERS: NONE
SEVERITY: 1
ORDINANCE: N/A
PRIORITY: LOW
SUMMARY: No illegal dumping detected in the alleyway; the area appears clean with no visible waste or debris."
20260604T134116Z,DT_10th_and_2nd_St_4_20260602T104500.jpg,,,dataset_20260603_063335/DT_10th_and_2nd_St_4/DT_10th_and_2nd_St_4_20260602T104500.jpg,illegal_dumping,done,2026-06-04T13:48:48.865136+00:00,0.048,0.835,0.886,,nvidia/cosmos-reason2-8b,"DUMPING PRESENT: No
ORDINANCE VIOLATION: No
WASTE TYPE: mixed
WASTE VOLUME: small (pickup truck)
WASTE ORIGIN: residential
PROPERTY TYPE: alley
ADDRESS MARKERS: NONE
GUTTER/ALLEY: Yes
WATER PROXIMITY: No
CHRONIC SITE: No
VEHICLES: NONE
IDENTIFIERS: NONE
SEVERITY: 1
ORDINANCE: N/A
PRIORITY: LOW
SUMMARY: No illegal dumping observed in the alleyway; the area appears clean with no visible waste or debris."
20260604T134116Z,DT_10th_and_2nd_St_4_20260602T110000.jpg,,,dataset_20260603_063335/DT_10th_and_2nd_St_4/DT_10th_and_2nd_St_4_20260602T110000.jpg,illegal_dumping,done,2026-06-04T13:48:49.103508+00:00,0.051,0.736,0.79,,nvidia/cosmos-reason2-8b,"DUMPING PRESENT: No
ORDINANCE VIOLATION: No
WASTE TYPE: mixed
WASTE VOLUME: small (pickup truck)
WASTE ORIGIN: residential
PROPERTY TYPE: alley
ADDRESS MARKERS: NONE
GUTTER/ALLEY: Yes
WATER PROXIMITY: No
CHRONIC SITE: No
VEHICLES: NONE
IDENTIFIERS: NONE
SEVERITY: 1
ORDINANCE: N/A
PRIORITY: LOW
SUMMARY: No illegal dumping observed in the alleyway."
20260604T134116Z,DT_10th_and_2nd_St_4_20260602T111500.jpg,,,dataset_20260603_063335/DT_10th_and_2nd_St_4/DT_10th_and_2nd_St_4_20260602T111500.jpg,illegal_dumping,done,2026-06-04T13:48:49.288335+00:00,0.041,0.728,0.772,,nvidia/cosmos-reason2-8b,"DUMPING PRESENT: No
ORDINANCE VIOLATION: No
WASTE TYPE: mixed
WASTE VOLUME: small (pickup truck)
WASTE ORIGIN: residential
PROPERTY TYPE: alley
ADDRESS MARKERS: NONE
GUTTER/ALLEY: Yes
WATER PROXIMITY: No
CHRONIC SITE: No
VEHICLES: NONE
IDENTIFIERS: NONE
SEVERITY: 1
ORDINANCE: N/A
PRIORITY: LOW
SUMMARY: No illegal dumping detected in the alleyway; the area appears clean with no visible waste or debris."
20260604T134116Z,DT_10th_and_2nd_St_4_20260602T113000.jpg,,,dataset_20260603_063335/DT_10th_and_2nd_St_4/DT_10th_and_2nd_St_4_20260602T113000.jpg,illegal_dumping,done,2026-06-04T13:48:49.599708+00:00,0.044,0.686,0.734,,nvidia/cosmos-reason2-8b,"DUMPING PRESENT: No
ORDINANCE VIOLATION: No
WASTE TYPE: mixed
WASTE VOLUME: small (pickup truck)
WASTE ORIGIN: residential
PROPERTY TYPE: alley
ADDRESS MARKERS: NONE
GUTTER/ALLEY: Yes
WATER PROXIMITY: No
CHRONIC SITE: No
VEHICLES: NONE
IDENTIFIERS: NONE
SEVERITY: 1
ORDINANCE: N/A
PRIORITY: LOW
SUMMARY: No illegal dumping detected in the alleyway; the area appears clean with no visible waste or debris."
20260604T134116Z,DT_10th_and_2nd_St_4_20260602T114500.jpg,,,dataset_20260603_063335/DT_10th_and_2nd_St_4/DT_10th_and_2nd_St_4_20260602T114500.jpg,illegal_dumping,done,2026-06-04T13:48:49.754029+00:00,0.047,0.747,0.799,,nvidia/cosmos-reason2-8b,"DUMPING PRESENT: No
ORDINANCE VIOLATION: No
WASTE TYPE: mixed
WASTE VOLUME: small (pickup truck)
WASTE ORIGIN: residential
PROPERTY TYPE: right-of-way
ADDRESS MARKERS: NONE
GUTTER/ALLEY: Yes
WATER PROXIMITY: No
CHRONIC SITE: No
VEHICLES: NONE
IDENTIFIERS: NONE
SEVERITY: 1
ORDINANCE: N/A
PRIORITY: LOW
SUMMARY: No illegal dumping detected in the right-of-way area."
20260604T134116Z,DT_10th_and_2nd_St_4_20260602T120000.jpg,,,dataset_20260603_063335/DT_10th_and_2nd_St_4/DT_10th_and_2nd_St_4_20260602T120000.jpg,illegal_dumping,done,2026-06-04T13:48:49.896724+00:00,0.049,0.885,0.938,,nvidia/cosmos-reason2-8b,"DUMPING PRESENT: No
ORDINANCE VIOLATION: No
WASTE TYPE: mixed
WASTE VOLUME: small (pickup truck)
WASTE ORIGIN: residential
PROPERTY TYPE: alley
ADDRESS MARKERS: NONE
GUTTER/ALLEY: Yes
WATER PROXIMITY: No
CHRONIC SITE: No
VEHICLES: NONE
IDENTIFIERS: NONE
SEVERITY: 1
ORDINANCE: N/A
PRIORITY: LOW
SUMMARY: No illegal dumping observed in the alleyway; the area appears clean with no visible waste or debris."
20260604T134116Z,DT_10th_and_2nd_St_4_20260602T121500.jpg,,,dataset_20260603_063335/DT_10th_and_2nd_St_4/DT_10th_and_2nd_St_4_20260602T121500.jpg,illegal_dumping,done,2026-06-04T13:48:50.062466+00:00,0.047,0.838,0.889,,nvidia/cosmos-reason2-8b,"DUMPING PRESENT: No
ORDINANCE VIOLATION: No
WASTE TYPE: mixed
WASTE VOLUME: small (pickup truck)
WASTE ORIGIN: residential
PROPERTY TYPE: alley
ADDRESS MARKERS: NONE
GUTTER/ALLEY: Yes
WATER PROXIMITY: No
CHRONIC SITE: No
VEHICLES: <color, type, any text visible — or NONE>
IDENTIFIERS: <plates, signage, labels, individuals — or NONE>
SEVERITY: 1
ORDINANCE: N/A
PRIORITY: LOW
SUMMARY: No illegal dumping observed in the alleyway."
20260604T134116Z,DT_10th_and_2nd_St_4_20260602T123000.jpg,,,dataset_20260603_063335/DT_10th_and_2nd_St_4/DT_10th_and_2nd_St_4_20260602T123000.jpg,illegal_dumping,done,2026-06-04T13:48:50.336084+00:00,0.048,0.833,0.885,,nvidia/cosmos-reason2-8b,"DUMPING PRESENT: No
ORDINANCE VIOLATION: No
WASTE TYPE: mixed
WASTE VOLUME: small (pickup truck)
WASTE ORIGIN: residential
PROPERTY TYPE: alley
ADDRESS MARKERS: NONE
GUTTER/ALLEY: Yes
WATER PROXIMITY: No
CHRONIC SITE: No
VEHICLES: NONE
IDENTIFIERS: NONE
SEVERITY: 1
ORDINANCE: N/A
PRIORITY: LOW
SUMMARY: No illegal dumping detected in the alleyway; the area appears clean with no visible waste or debris."
20260604T134116Z,DT_10th_and_2nd_St_4_20260602T124500.jpg,,,dataset_20260603_063335/DT_10th_and_2nd_St_4/DT_10th_and_2nd_St_4_20260602T124500.jpg,illegal_dumping,done,2026-06-04T13:48:50.555186+00:00,0.042,0.835,0.88,,nvidia/cosmos-reason2-8b,"DUMPING PRESENT: No
ORDINANCE VIOLATION: No
WASTE TYPE: mixed
WASTE VOLUME: small (pickup truck)
WASTE ORIGIN: residential
PROPERTY TYPE: alley
ADDRESS MARKERS: NONE
GUTTER/ALLEY: Yes
WATER PROXIMITY: No
CHRONIC SITE: No
VEHICLES: NONE
IDENTIFIERS: NONE
SEVERITY: 1
ORDINANCE: N/A
PRIORITY: LOW
SUMMARY: No illegal dumping detected in the alleyway; the area appears clean with no visible waste or debris."
20260604T134116Z,DT_10th_and_2nd_St_4_20260602T130000.jpg,,,dataset_20260603_063335/DT_10th_and_2nd_St_4/DT_10th_and_2nd_St_4_20260602T130000.jpg,illegal_dumping,done,2026-06-04T13:48:50.837575+00:00,0.037,0.642,0.683,,nvidia/cosmos-reason2-8b,"DUMPING PRESENT: No
ORDINANCE VIOLATION: No
WASTE TYPE: mixed
WASTE VOLUME: small (pickup truck)
WASTE ORIGIN: residential
PROPERTY TYPE: vacant-lot
ADDRESS MARKERS: NONE
GUTTER/ALLEY: No
WATER PROXIMITY: No
CHRONIC SITE: No
VEHICLES: NONE
IDENTIFIERS: NONE
SEVERITY: 1
ORDINANCE: N/A
PRIORITY: LOW
SUMMARY: No illegal dumping detected in the scene."
20260604T134116Z,DT_10th_and_2nd_St_4_20260602T131500.jpg,,,dataset_20260603_063335/DT_10th_and_2nd_St_4/DT_10th_and_2nd_St_4_20260602T131500.jpg,illegal_dumping,done,2026-06-04T13:48:50.953432+00:00,0.047,0.743,0.794,,nvidia/cosmos-reason2-8b,"DUMPING PRESENT: No
ORDINANCE VIOLATION: No
WASTE TYPE: mixed
WASTE VOLUME: small (pickup truck)
WASTE ORIGIN: residential
PROPERTY TYPE: vacant-lot
ADDRESS MARKERS: NONE
GUTTER/ALLEY: No
WATER PROXIMITY: No
CHRONIC SITE: No
VEHICLES: NONE
IDENTIFIERS: NONE
SEVERITY: 1
ORDINANCE: N/A
PRIORITY: LOW
SUMMARY: No illegal dumping is observed in the video."
20260604T134116Z,DT_10th_and_2nd_St_4_20260602T133000.jpg,,,dataset_20260603_063335/DT_10th_and_2nd_St_4/DT_10th_and_2nd_St_4_20260602T133000.jpg,illegal_dumping,done,2026-06-04T13:48:51.223390+00:00,0.049,0.628,0.681,,nvidia/cosmos-reason2-8b,"DUMPING PRESENT: No
ORDINANCE VIOLATION: No
WASTE TYPE: mixed
WASTE VOLUME: small (pickup truck)
WASTE ORIGIN: residential
PROPERTY TYPE: right-of-way
ADDRESS MARKERS: NONE
GUTTER/ALLEY: No
WATER PROXIMITY: No
CHRONIC SITE: No
VEHICLES: NONE
IDENTIFIERS: NONE
SEVERITY: 1
ORDINANCE: N/A
PRIORITY: LOW
SUMMARY: No illegal dumping is observed in the video."
20260604T134116Z,DT_10th_and_2nd_St_4_20260602T134500.jpg,,,dataset_20260603_063335/DT_10th_and_2nd_St_4/DT_10th_and_2nd_St_4_20260602T134500.jpg,illegal_dumping,done,2026-06-04T13:48:51.438604+00:00,0.048,0.771,0.823,,nvidia/cosmos-reason2-8b,"DUMPING PRESENT: No
ORDINANCE VIOLATION: No
WASTE TYPE: 
WASTE VOLUME: 
WASTE ORIGIN: 
PROPERTY TYPE: vacant-lot
ADDRESS MARKERS: NONE
GUTTER/ALLEY: No
WATER PROXIMITY: No
CHRONIC SITE: No
VEHICLES: NONE
IDENTIFIERS: 
SEVERITY: 1
ORDINANCE: N/A
PRIORITY: LOW
SUMMARY: No illegal dumping detected in the scene."
20260604T134116Z,DT_10th_and_2nd_St_4_20260602T140000.jpg,,,dataset_20260603_063335/DT_10th_and_2nd_St_4/DT_10th_and_2nd_St_4_20260602T140000.jpg,illegal_dumping,done,2026-06-04T13:48:51.522422+00:00,0.048,0.83,0.88,,nvidia/cosmos-reason2-8b,"DUMPING PRESENT: No
ORDINANCE VIOLATION: No
WASTE TYPE:
WASTE VOLUME:
WASTE ORIGIN:
PROPERTY TYPE: right-of-way
ADDRESS MARKERS: NONE
GUTTER/ALLEY: No
WATER PROXIMITY: No
CHRONIC SITE: No
VEHICLES: NONE
IDENTIFIERS: NONE
SEVERITY: 1
ORDINANCE: N/A
PRIORITY: LOW
SUMMARY: No illegal dumping detected in the right-of-way area."
20260604T134116Z,DT_10th_and_2nd_St_4_20260602T141500.jpg,,,dataset_20260603_063335/DT_10th_and_2nd_St_4/DT_10th_and_2nd_St_4_20260602T141500.jpg,illegal_dumping,done,2026-06-04T13:48:51.750582+00:00,0.047,0.957,1.007,,nvidia/cosmos-reason2-8b,"DUMPING PRESENT: No
ORDINANCE VIOLATION: No
WASTE TYPE: mixed
WASTE VOLUME: small (pickup truck)
WASTE ORIGIN: residential
PROPERTY TYPE: alley
ADDRESS MARKERS: NONE
GUTTER/ALLEY: Yes
WATER PROXIMITY: No
CHRONIC SITE: No
VEHICLES: NONE
IDENTIFIERS: NONE
SEVERITY: 1
ORDINANCE: N/A
PRIORITY: LOW
SUMMARY: No illegal dumping detected in the alleyway; the area appears clean with no visible waste or debris."
20260604T134116Z,DT_10th_and_2nd_St_4_20260602T143000.jpg,,,dataset_20260603_063335/DT_10th_and_2nd_St_4/DT_10th_and_2nd_St_4_20260602T143000.jpg,illegal_dumping,done,2026-06-04T13:48:51.906938+00:00,0.043,0.978,1.024,,nvidia/cosmos-reason2-8b,"DUMPING PRESENT: No
ORDINANCE VIOLATION: No
WASTE TYPE: mixed
WASTE VOLUME: small (pickup truck)
WASTE ORIGIN: residential
PROPERTY TYPE: vacant-lot
ADDRESS MARKERS: NONE
GUTTER/ALLEY: No
WATER PROXIMITY: No
CHRONIC SITE: No
VEHICLES: NONE
IDENTIFIERS: NONE
SEVERITY: 1
ORDINANCE: N/A
PRIORITY: LOW
SUMMARY: No illegal dumping detected in the scene."
20260604T134116Z,DT_10th_and_2nd_St_4_20260602T144500.jpg,,,dataset_20260603_063335/DT_10th_and_2nd_St_4/DT_10th_and_2nd_St_4_20260602T144500.jpg,illegal_dumping,done,2026-06-04T13:48:52.264126+00:00,0.045,0.671,0.719,,nvidia/cosmos-reason2-8b,"DUMPING PRESENT: No
ORDINANCE VIOLATION: No
WASTE TYPE: mixed
WASTE VOLUME: small (pickup truck)
WASTE ORIGIN: residential
PROPERTY TYPE: vacant-lot
ADDRESS MARKERS: NONE
GUTTER/ALLEY: No
WATER PROXIMITY: No
CHRONIC SITE: No
VEHICLES: NONE
IDENTIFIERS: NONE
SEVERITY: 1
ORDINANCE: N/A
PRIORITY: LOW
SUMMARY: No illegal dumping detected in the scene."
20260604T134116Z,DT_10th_and_2nd_St_4_20260602T150000.jpg,,,dataset_20260603_063335/DT_10th_and_2nd_St_4/DT_10th_and_2nd_St_4_20260602T150000.jpg,illegal_dumping,done,2026-06-04T13:48:52.405465+00:00,0.048,0.765,0.817,,nvidia/cosmos-reason2-8b,"DUMPING PRESENT: No
ORDINANCE VIOLATION: No
WASTE TYPE: mixed
WASTE VOLUME: small (pickup truck)
WASTE ORIGIN: residential
PROPERTY TYPE: alley
ADDRESS MARKERS: NONE
GUTTER/ALLEY: Yes
WATER PROXIMITY: No
CHRONIC SITE: No
VEHICLES: NONE
IDENTIFIERS: NONE
SEVERITY: 1
ORDINANCE: N/A
PRIORITY: LOW
SUMMARY: No illegal dumping observed in the alleyway; the area appears clean with no visible waste or debris."
20260604T134116Z,DT_10th_and_2nd_St_4_20260602T151500.jpg,,,dataset_20260603_063335/DT_10th_and_2nd_St_4/DT_10th_and_2nd_St_4_20260602T151500.jpg,illegal_dumping,done,2026-06-04T13:48:52.760550+00:00,0.048,0.694,0.745,,nvidia/cosmos-reason2-8b,"DUMPING PRESENT: No
ORDINANCE VIOLATION: No
WASTE TYPE: mixed
WASTE VOLUME: small (pickup truck)
WASTE ORIGIN: residential
PROPERTY TYPE: alley
ADDRESS MARKERS: NONE
GUTTER/ALLEY: Yes
WATER PROXIMITY: No
CHRONIC SITE: No
VEHICLES: NONE
IDENTIFIERS: NONE
SEVERITY: 1
ORDINANCE: N/A
PRIORITY: LOW
SUMMARY: No illegal dumping detected in the alleyway; the area appears clean with no visible waste or debris."
20260604T134116Z,DT_10th_and_2nd_St_4_20260602T153000.jpg,,,dataset_20260603_063335/DT_10th_and_2nd_St_4/DT_10th_and_2nd_St_4_20260602T153000.jpg,illegal_dumping,done,2026-06-04T13:48:52.933538+00:00,0.05,0.951,1.004,,nvidia/cosmos-reason2-8b,"DUMPING PRESENT: No
ORDINANCE VIOLATION: No
WASTE TYPE: mixed
WASTE VOLUME: small (pickup truck)
WASTE ORIGIN: residential
PROPERTY TYPE: alley
ADDRESS MARKERS: NONE
GUTTER/ALLEY: Yes
WATER PROXIMITY: No
CHRONIC SITE: No
VEHICLES: NONE
IDENTIFIERS: NONE
SEVERITY: 1
ORDINANCE: N/A
PRIORITY: LOW
SUMMARY: No illegal dumping observed in the alleyway; the area appears clean with no visible waste or debris."
20260604T134116Z,DT_10th_and_2nd_St_4_20260602T154500.jpg,,,dataset_20260603_063335/DT_10th_and_2nd_St_4/DT_10th_and_2nd_St_4_20260602T154500.jpg,illegal_dumping,done,2026-06-04T13:48:52.986170+00:00,0.042,0.856,0.901,,nvidia/cosmos-reason2-8b,"DUMPING PRESENT: No
ORDINANCE VIOLATION: No
WASTE TYPE: mixed
WASTE VOLUME: small (pickup truck)
WASTE ORIGIN: residential
PROPERTY TYPE: alley
ADDRESS MARKERS: NONE
GUTTER/ALLEY: Yes
WATER PROXIMITY: No
CHRONIC SITE: No
VEHICLES: NONE
IDENTIFIERS: NONE
SEVERITY: 1
ORDINANCE: N/A
PRIORITY: LOW
SUMMARY: No illegal dumping detected in the alleyway; the area appears clean with no visible waste or debris."
20260604T134116Z,DT_10th_and_2nd_St_4_20260602T160000.jpg,,,dataset_20260603_063335/DT_10th_and_2nd_St_4/DT_10th_and_2nd_St_4_20260602T160000.jpg,illegal_dumping,done,2026-06-04T13:48:53.225426+00:00,0.052,0.939,0.994,,nvidia/cosmos-reason2-8b,"DUMPING PRESENT: No
ORDINANCE VIOLATION: No
WASTE TYPE: mixed
WASTE VOLUME: small (pickup truck)
WASTE ORIGIN: residential
PROPERTY TYPE: alley
ADDRESS MARKERS: NONE
GUTTER/ALLEY: Yes
WATER PROXIMITY: No
CHRONIC SITE: No
VEHICLES: NONE
IDENTIFIERS: NONE
SEVERITY: 1
ORDINANCE: N/A
PRIORITY: LOW
SUMMARY: No illegal dumping detected in the alleyway."
20260604T134116Z,DT_10th_and_2nd_St_4_20260602T161500.jpg,,,dataset_20260603_063335/DT_10th_and_2nd_St_4/DT_10th_and_2nd_St_4_20260602T161500.jpg,illegal_dumping,done,2026-06-04T13:48:53.508745+00:00,0.044,0.795,0.842,,nvidia/cosmos-reason2-8b,"DUMPING PRESENT: No
ORDINANCE VIOLATION: No
WASTE TYPE: mixed
WASTE VOLUME: small (pickup truck)
WASTE ORIGIN: residential
PROPERTY TYPE: vacant-lot
ADDRESS MARKERS: NONE
GUTTER/ALLEY: No
WATER PROXIMITY: No
CHRONIC SITE: No
VEHICLES: NONE
IDENTIFIERS: NONE
SEVERITY: 1
ORDINANCE: N/A
PRIORITY: LOW
SUMMARY: No illegal dumping observed; the area appears to be a vacant lot with natural vegetation and no visible waste or debris."
20260604T134116Z,DT_10th_and_2nd_St_4_20260602T163000.jpg,,,dataset_20260603_063335/DT_10th_and_2nd_St_4/DT_10th_and_2nd_St_4_20260602T163000.jpg,illegal_dumping,done,2026-06-04T13:48:53.890158+00:00,0.047,0.747,0.799,,nvidia/cosmos-reason2-8b,"DUMPING PRESENT: No
ORDINANCE VIOLATION: No
WASTE TYPE: mixed
WASTE VOLUME: small (pickup truck)
WASTE ORIGIN: residential
PROPERTY TYPE: alley
ADDRESS MARKERS: NONE
GUTTER/ALLEY: Yes
WATER PROXIMITY: No
CHRONIC SITE: No
VEHICLES: NONE
IDENTIFIERS: NONE
SEVERITY: 1
ORDINANCE: N/A
PRIORITY: LOW
SUMMARY: No illegal dumping observed in the alleyway; the area appears clean with no visible waste or debris."
20260604T134116Z,DT_10th_and_2nd_St_4_20260602T164500.jpg,,,dataset_20260603_063335/DT_10th_and_2nd_St_4/DT_10th_and_2nd_St_4_20260602T164500.jpg,illegal_dumping,done,2026-06-04T13:48:53.942228+00:00,0.048,0.822,0.874,,nvidia/cosmos-reason2-8b,"DUMPING PRESENT: No
ORDINANCE VIOLATION: No
WASTE TYPE: mixed
WASTE VOLUME: small (pickup truck)
WASTE ORIGIN: residential
PROPERTY TYPE: alley
ADDRESS MARKERS: NONE
GUTTER/ALLEY: Yes
WATER PROXIMITY: No
CHRONIC SITE: No
VEHICLES: NONE
IDENTIFIERS: NONE
SEVERITY: 1
ORDINANCE: N/A
PRIORITY: LOW
SUMMARY: No illegal dumping detected in the alleyway; the area appears clean with no visible waste or debris."
20260604T134116Z,DT_10th_and_2nd_St_4_20260602T170000.jpg,,,dataset_20260603_063335/DT_10th_and_2nd_St_4/DT_10th_and_2nd_St_4_20260602T170000.jpg,illegal_dumping,done,2026-06-04T13:48:54.222297+00:00,0.051,0.815,0.87,,nvidia/cosmos-reason2-8b,"DUMPING PRESENT: No
ORDINANCE VIOLATION: No
WASTE TYPE: mixed
WASTE VOLUME: small (pickup truck)
WASTE ORIGIN: residential
PROPERTY TYPE: alley
ADDRESS MARKERS: NONE
GUTTER/ALLEY: Yes
WATER PROXIMITY: No
CHRONIC SITE: No
VEHICLES: NONE
IDENTIFIERS: NONE
SEVERITY: 1
ORDINANCE: N/A
PRIORITY: LOW
SUMMARY: No illegal dumping is observed in the alleyway; the area appears clean with no visible waste or debris."
20260604T134116Z,DT_10th_and_2nd_St_4_20260602T171500.jpg,,,dataset_20260603_063335/DT_10th_and_2nd_St_4/DT_10th_and_2nd_St_4_20260602T171500.jpg,illegal_dumping,done,2026-06-04T13:48:54.353350+00:00,0.038,0.784,0.825,,nvidia/cosmos-reason2-8b,"DUMPING PRESENT: No
ORDINANCE VIOLATION: No
WASTE TYPE: mixed
WASTE VOLUME: small (pickup truck)
WASTE ORIGIN: residential
PROPERTY TYPE: alley
ADDRESS MARKERS: NONE
GUTTER/ALLEY: Yes
WATER PROXIMITY: No
CHRONIC SITE: No
VEHICLES: NONE
IDENTIFIERS: NONE
SEVERITY: 1
ORDINANCE: N/A
PRIORITY: LOW
SUMMARY: No illegal dumping detected in the alleyway; the area appears clean with no visible waste or debris."
20260604T134116Z,DT_10th_and_2nd_St_4_20260602T173000.jpg,,,dataset_20260603_063335/DT_10th_and_2nd_St_4/DT_10th_and_2nd_St_4_20260602T173000.jpg,illegal_dumping,done,2026-06-04T13:48:54.691419+00:00,0.044,0.736,0.785,,nvidia/cosmos-reason2-8b,"DUMPING PRESENT: No
ORDINANCE VIOLATION: No
WASTE TYPE: mixed
WASTE VOLUME: small (pickup truck)
WASTE ORIGIN: residential
PROPERTY TYPE: alley
ADDRESS MARKERS: NONE
GUTTER/ALLEY: Yes
WATER PROXIMITY: No
CHRONIC SITE: No
VEHICLES: NONE
IDENTIFIERS: NONE
SEVERITY: 1
ORDINANCE: N/A
PRIORITY: LOW
SUMMARY: No illegal dumping detected in the alleyway; the area appears clean with no visible waste or debris."
20260604T134116Z,DT_10th_and_2nd_St_4_20260602T174500.jpg,,,dataset_20260603_063335/DT_10th_and_2nd_St_4/DT_10th_and_2nd_St_4_20260602T174500.jpg,illegal_dumping,done,2026-06-04T13:48:54.818302+00:00,0.042,0.733,0.778,,nvidia/cosmos-reason2-8b,"DUMPING PRESENT: No
ORDINANCE VIOLATION: No
WASTE TYPE: mixed
WASTE VOLUME: small (pickup truck)
WASTE ORIGIN: residential
PROPERTY TYPE: alley
ADDRESS MARKERS: NONE
GUTTER/ALLEY: Yes
WATER PROXIMITY: No
CHRONIC SITE: No
VEHICLES: NONE
IDENTIFIERS: NONE
SEVERITY: 1
ORDINANCE: N/A
PRIORITY: LOW
SUMMARY: No illegal dumping observed in the alleyway."
20260604T134116Z,DT_10th_and_2nd_St_4_20260602T180000.jpg,,,dataset_20260603_063335/DT_10th_and_2nd_St_4/DT_10th_and_2nd_St_4_20260602T180000.jpg,illegal_dumping,done,2026-06-04T13:48:55.094656+00:00,0.043,0.768,0.816,,nvidia/cosmos-reason2-8b,"DUMPING PRESENT: No
ORDINANCE VIOLATION: No
WASTE TYPE: mixed
WASTE VOLUME: small (pickup truck)
WASTE ORIGIN: residential
PROPERTY TYPE: vacant-lot
ADDRESS MARKERS: NONE
GUTTER/ALLEY: No
WATER PROXIMITY: No
CHRONIC SITE: No
VEHICLES: NONE
IDENTIFIERS: NONE
SEVERITY: 1
ORDINANCE: N/A
PRIORITY: LOW
SUMMARY: No illegal dumping observed; the area appears to be a vacant lot with natural vegetation and no visible waste or debris."
20260604T134116Z,DT_10th_and_2nd_St_4_20260602T181500.jpg,,,dataset_20260603_063335/DT_10th_and_2nd_St_4/DT_10th_and_2nd_St_4_20260602T181500.jpg,illegal_dumping,done,2026-06-04T13:48:55.180749+00:00,0.046,0.899,0.948,,nvidia/cosmos-reason2-8b,"DUMPING PRESENT: No
ORDINANCE VIOLATION: No
WASTE TYPE: mixed
WASTE VOLUME: small (pickup truck)
WASTE ORIGIN: residential
PROPERTY TYPE: vacant-lot
ADDRESS MARKERS: NONE
GUTTER/ALLEY: No
WATER PROXIMITY: No
CHRONIC SITE: No
VEHICLES: NONE
IDENTIFIERS: NONE
SEVERITY: 1
ORDINANCE: N/A
PRIORITY: LOW
SUMMARY: No illegal dumping detected in the scene."
20260604T134116Z,DT_10th_and_2nd_St_4_20260602T183000.jpg,,,dataset_20260603_063335/DT_10th_and_2nd_St_4/DT_10th_and_2nd_St_4_20260602T183000.jpg,illegal_dumping,done,2026-06-04T13:48:55.479308+00:00,0.044,0.644,0.692,,nvidia/cosmos-reason2-8b,"DUMPING PRESENT: No
ORDINANCE VIOLATION: No
WASTE TYPE: mixed
WASTE VOLUME: small (pickup truck)
WASTE ORIGIN: residential
PROPERTY TYPE: vacant-lot
ADDRESS MARKERS: NONE
GUTTER/ALLEY: No
WATER PROXIMITY: No
CHRONIC SITE: No
VEHICLES: NONE
IDENTIFIERS: NONE
SEVERITY: 1
ORDINANCE: N/A
PRIORITY: LOW
SUMMARY: No illegal dumping detected in the scene."
20260604T134116Z,DT_10th_and_2nd_St_4_20260602T184500.jpg,,,dataset_20260603_063335/DT_10th_and_2nd_St_4/DT_10th_and_2nd_St_4_20260602T184500.jpg,illegal_dumping,done,2026-06-04T13:48:55.599180+00:00,0.048,0.849,0.901,,nvidia/cosmos-reason2-8b,"DUMPING PRESENT: No
ORDINANCE VIOLATION: No
WASTE TYPE: mixed
WASTE VOLUME: small (pickup truck)
WASTE ORIGIN: residential
PROPERTY TYPE: alley
ADDRESS MARKERS: NONE
GUTTER/ALLEY: Yes
WATER PROXIMITY: No
CHRONIC SITE: No
VEHICLES: NONE
IDENTIFIERS: NONE
SEVERITY: 1
ORDINANCE: N/A
PRIORITY: LOW
SUMMARY: No illegal dumping detected in the alleyway; the area appears clean with no visible waste or debris."
20260604T134116Z,DT_10th_and_2nd_St_4_20260602T190000.jpg,,,dataset_20260603_063335/DT_10th_and_2nd_St_4/DT_10th_and_2nd_St_4_20260602T190000.jpg,illegal_dumping,done,2026-06-04T13:48:55.913930+00:00,0.053,0.648,0.715,,nvidia/cosmos-reason2-8b,"DUMPING PRESENT: No
ORDINANCE VIOLATION: No
WASTE TYPE: mixed
WASTE VOLUME: small (pickup truck)
WASTE ORIGIN: residential
PROPERTY TYPE: vacant-lot
ADDRESS MARKERS: NONE
GUTTER/ALLEY: No
WATER PROXIMITY: No
CHRONIC SITE: No
VEHICLES: NONE
IDENTIFIERS: NONE
SEVERITY: 1
ORDINANCE: N/A
PRIORITY: LOW
SUMMARY: No illegal dumping detected in the scene."
20260604T134116Z,DT_10th_and_2nd_St_4_20260602T191500.jpg,,,dataset_20260603_063335/DT_10th_and_2nd_St_4/DT_10th_and_2nd_St_4_20260602T191500.jpg,illegal_dumping,done,2026-06-04T13:48:56.131310+00:00,0.04,0.729,0.773,,nvidia/cosmos-reason2-8b,"DUMPING PRESENT: No
ORDINANCE VIOLATION: No
WASTE TYPE: mixed
WASTE VOLUME: small (pickup truck)
WASTE ORIGIN: residential
PROPERTY TYPE: alley
ADDRESS MARKERS: NONE
GUTTER/ALLEY: Yes
WATER PROXIMITY: No
CHRONIC SITE: No
VEHICLES: NONE
IDENTIFIERS: NONE
SEVERITY: 1
ORDINANCE: N/A
PRIORITY: LOW
SUMMARY: No illegal dumping detected in the alleyway; the area appears clean with no visible waste or debris."
20260604T134116Z,DT_10th_and_2nd_St_4_20260602T193000.jpg,,,dataset_20260603_063335/DT_10th_and_2nd_St_4/DT_10th_and_2nd_St_4_20260602T193000.jpg,illegal_dumping,done,2026-06-04T13:48:56.173761+00:00,0.047,0.75,0.801,,nvidia/cosmos-reason2-8b,"DUMPING PRESENT: No
ORDINANCE VIOLATION: No
WASTE TYPE: mixed
WASTE VOLUME: small (pickup truck)
WASTE ORIGIN: residential
PROPERTY TYPE: vacant-lot
ADDRESS MARKERS: NONE
GUTTER/ALLEY: No
WATER PROXIMITY: No
CHRONIC SITE: No
VEHICLES: NONE
IDENTIFIERS: NONE
SEVERITY: 1
ORDINANCE: N/A
PRIORITY: LOW
SUMMARY: No illegal dumping is observed in the analyzed footage."
20260604T134116Z,DT_10th_and_2nd_St_4_20260602T194500.jpg,,,dataset_20260603_063335/DT_10th_and_2nd_St_4/DT_10th_and_2nd_St_4_20260602T194500.jpg,illegal_dumping,done,2026-06-04T13:48:56.502489+00:00,0.051,0.738,0.793,,nvidia/cosmos-reason2-8b,"DUMPING PRESENT: No
ORDINANCE VIOLATION: No
WASTE TYPE: mixed
WASTE VOLUME: small (pickup truck)
WASTE ORIGIN: residential
PROPERTY TYPE: vacant-lot
ADDRESS MARKERS: NONE
GUTTER/ALLEY: No
WATER PROXIMITY: No
CHRONIC SITE: No
VEHICLES: NONE
IDENTIFIERS: NONE
SEVERITY: 1
ORDINANCE: N/A
PRIORITY: LOW
SUMMARY: No illegal dumping detected; the area appears to be a vacant lot with natural vegetation and no visible waste or debris."
20260604T134116Z,DT_10th_and_2nd_St_4_20260602T200000.jpg,,,dataset_20260603_063335/DT_10th_and_2nd_St_4/DT_10th_and_2nd_St_4_20260602T200000.jpg,illegal_dumping,done,2026-06-04T13:48:56.631355+00:00,0.047,0.796,0.847,,nvidia/cosmos-reason2-8b,"DUMPING PRESENT: No
ORDINANCE VIOLATION: No
WASTE TYPE: mixed
WASTE VOLUME: small (pickup truck)
WASTE ORIGIN: residential
PROPERTY TYPE: alley
ADDRESS MARKERS: NONE
GUTTER/ALLEY: Yes
WATER PROXIMITY: No
CHRONIC SITE: No
VEHICLES: NONE
IDENTIFIERS: NONE
SEVERITY: 1
ORDINANCE: N/A
PRIORITY: LOW
SUMMARY: No illegal dumping observed in the alleyway."
20260604T134116Z,DT_10th_and_2nd_St_4_20260602T201500.jpg,,,dataset_20260603_063335/DT_10th_and_2nd_St_4/DT_10th_and_2nd_St_4_20260602T201500.jpg,illegal_dumping,done,2026-06-04T13:48:56.906684+00:00,0.047,0.697,0.748,,nvidia/cosmos-reason2-8b,"DUMPING PRESENT: No
ORDINANCE VIOLATION: No
WASTE TYPE: mixed
WASTE VOLUME: small (pickup truck)
WASTE ORIGIN: residential
PROPERTY TYPE: alley
ADDRESS MARKERS: NONE
GUTTER/ALLEY: Yes
WATER PROXIMITY: No
CHRONIC SITE: No
VEHICLES: NONE
IDENTIFIERS: NONE
SEVERITY: 1
ORDINANCE: N/A
PRIORITY: LOW
SUMMARY: No illegal dumping observed in the alleyway."
20260604T134116Z,DT_10th_and_2nd_St_4_20260602T203000.jpg,,,dataset_20260603_063335/DT_10th_and_2nd_St_4/DT_10th_and_2nd_St_4_20260602T203000.jpg,illegal_dumping,done,2026-06-04T13:48:56.977397+00:00,0.045,0.807,0.855,,nvidia/cosmos-reason2-8b,"DUMPING PRESENT: No
ORDINANCE VIOLATION: No
WASTE TYPE: mixed
WASTE VOLUME: small (pickup truck)
WASTE ORIGIN: residential
PROPERTY TYPE: alley
ADDRESS MARKERS: NONE
GUTTER/ALLEY: Yes
WATER PROXIMITY: No
CHRONIC SITE: No
VEHICLES: NONE
IDENTIFIERS: NONE
SEVERITY: 1
ORDINANCE: N/A
PRIORITY: LOW
SUMMARY: No illegal dumping observed in the alleyway."
20260604T134116Z,DT_10th_and_2nd_St_4_20260602T204500.jpg,,,dataset_20260603_063335/DT_10th_and_2nd_St_4/DT_10th_and_2nd_St_4_20260602T204500.jpg,illegal_dumping,done,2026-06-04T13:48:57.298476+00:00,0.051,0.709,0.764,,nvidia/cosmos-reason2-8b,"DUMPING PRESENT: No
ORDINANCE VIOLATION: No
WASTE TYPE: mixed
WASTE VOLUME: small (pickup truck)
WASTE ORIGIN: residential
PROPERTY TYPE: alley
ADDRESS MARKERS: NONE
GUTTER/ALLEY: Yes
WATER PROXIMITY: No
CHRONIC SITE: No
VEHICLES: NONE
IDENTIFIERS: NONE
SEVERITY: 1
ORDINANCE: N/A
PRIORITY: LOW
SUMMARY: No illegal dumping detected in the alleyway."
20260604T134116Z,DT_10th_and_2nd_St_4_20260602T210000.jpg,,,dataset_20260603_063335/DT_10th_and_2nd_St_4/DT_10th_and_2nd_St_4_20260602T210000.jpg,illegal_dumping,done,2026-06-04T13:48:57.481422+00:00,0.044,0.663,0.71,,nvidia/cosmos-reason2-8b,"DUMPING PRESENT: No
ORDINANCE VIOLATION: No
WASTE TYPE: mixed
WASTE VOLUME: small (pickup truck)
WASTE ORIGIN: residential
PROPERTY TYPE: alley
ADDRESS MARKERS: NONE
GUTTER/ALLEY: Yes
WATER PROXIMITY: No
CHRONIC SITE: No
VEHICLES: NONE
IDENTIFIERS: NONE
SEVERITY: 1
ORDINANCE: N/A
PRIORITY: LOW
SUMMARY: No illegal dumping observed in the alleyway."
20260604T134116Z,DT_10th_and_2nd_St_4_20260602T211500.jpg,,,dataset_20260603_063335/DT_10th_and_2nd_St_4/DT_10th_and_2nd_St_4_20260602T211500.jpg,illegal_dumping,done,2026-06-04T13:48:57.657423+00:00,0.043,0.74,0.785,,nvidia/cosmos-reason2-8b,"DUMPING PRESENT: No
ORDINANCE VIOLATION: No
WASTE TYPE: mixed
WASTE VOLUME: small (pickup truck)
WASTE ORIGIN: residential
PROPERTY TYPE: alley
ADDRESS MARKERS: NONE
GUTTER/ALLEY: Yes
WATER PROXIMITY: No
CHRONIC SITE: No
VEHICLES: NONE
IDENTIFIERS: NONE
SEVERITY: 1
ORDINANCE: N/A
PRIORITY: LOW
SUMMARY: No illegal dumping detected in the alleyway."
20260604T134116Z,DT_10th_and_2nd_St_4_20260602T213000.jpg,,,dataset_20260603_063335/DT_10th_and_2nd_St_4/DT_10th_and_2nd_St_4_20260602T213000.jpg,illegal_dumping,done,2026-06-04T13:48:57.834725+00:00,0.05,0.703,0.756,,nvidia/cosmos-reason2-8b,"DUMPING PRESENT: No
ORDINANCE VIOLATION: No
WASTE TYPE: mixed
WASTE VOLUME: small
WASTE ORIGIN: residential
PROPERTY TYPE: alley
ADDRESS MARKERS: NONE
GUTTER/ALLEY: Yes
WATER PROXIMITY: No
CHRONIC SITE: No
VEHICLES: NONE
IDENTIFIERS: NONE
SEVERITY: 1
ORDINANCE: N/A
PRIORITY: LOW
SUMMARY: No illegal dumping is observed in the alleyway; the area appears clear with no visible waste or debris."
20260604T134116Z,DT_10th_and_2nd_St_4_20260602T214500.jpg,,,dataset_20260603_063335/DT_10th_and_2nd_St_4/DT_10th_and_2nd_St_4_20260602T214500.jpg,illegal_dumping,done,2026-06-04T13:48:58.064682+00:00,0.048,0.702,0.753,,nvidia/cosmos-reason2-8b,"DUMPING PRESENT: No
ORDINANCE VIOLATION: No
WASTE TYPE: mixed
WASTE VOLUME: small (pickup truck)
WASTE ORIGIN: residential
PROPERTY TYPE: alley
ADDRESS MARKERS: NONE
GUTTER/ALLEY: Yes
WATER PROXIMITY: No
CHRONIC SITE: No
VEHICLES: NONE
IDENTIFIERS: NONE
SEVERITY: 1
ORDINANCE: N/A
PRIORITY: LOW
SUMMARY: No illegal dumping detected in the alleyway."
20260604T134116Z,DT_10th_and_2nd_St_4_20260602T220000.jpg,,,dataset_20260603_063335/DT_10th_and_2nd_St_4/DT_10th_and_2nd_St_4_20260602T220000.jpg,illegal_dumping,done,2026-06-04T13:48:58.193793+00:00,0.043,0.85,0.896,,nvidia/cosmos-reason2-8b,"```json
{
  ""DUMPING PRESENT"": ""No"",
  ""ORDINANCE VIOLATION"": ""No"",
  ""WASTE TYPE"": [],
  ""WASTE VOLUME"": ""small (pickup truck)"",
  ""WASTE ORIGIN"": ""unknown"",
  ""PROPERTY TYPE"": ""right-of-way"",
  ""ADDRESS MARKERS"": ""NONE"",
  ""GUTTER/ALLEY"": ""Yes"",
  ""WATER PROXIMITY"": ""No"",
  ""CHRONIC SITE"": ""No"",
  ""VEHICLES"": ""NONE"",
  ""IDENTIFIERS"": ""NONE"",
  ""SEVERITY"": ""1"",
  ""ORDINANCE"": ""N/A"",
  ""PRIORITY"": ""LOW"",
  ""SUMMARY"": ""No illegal dumping detected; the scene shows a narrow alleyway with grass and debris, but no waste materials are visible.""
}
```"
20260604T134116Z,DT_10th_and_2nd_St_4_20260602T221500.jpg,,,dataset_20260603_063335/DT_10th_and_2nd_St_4/DT_10th_and_2nd_St_4_20260602T221500.jpg,illegal_dumping,done,2026-06-04T13:48:58.445701+00:00,0.043,0.758,0.804,,nvidia/cosmos-reason2-8b,"```json
{
  ""DUMPING PRESENT"": ""No"",
  ""ORDINANCE VIOLATION"": ""No"",
  ""WASTE TYPE"": [],
  ""WASTE VOLUME"": ""small (pickup truck)"",
  ""WASTE ORIGIN"": ""unknown"",
  ""PROPERTY TYPE"": ""alley"",
  ""ADDRESS MARKERS"": ""NONE"",
  ""GUTTER/ALLEY"": ""Yes"",
  ""WATER PROXIMITY"": ""No"",
  ""CHRONIC SITE"": ""No"",
  ""VEHICLES"": ""NONE"",
  ""IDENTIFIERS"": ""NONE"",
  ""SEVERITY"": ""1"",
  ""ORDINANCE"": ""N/A"",
  ""PRIORITY"": ""LOW"",
  ""SUMMARY"": ""No illegal dumping detected; the alley appears clear with no visible waste or debris.""
}
```"
20260604T134116Z,DT_10th_and_2nd_St_4_20260602T223000.jpg,,,dataset_20260603_063335/DT_10th_and_2nd_St_4/DT_10th_and_2nd_St_4_20260602T223000.jpg,illegal_dumping,done,2026-06-04T13:48:58.593010+00:00,0.043,0.686,0.731,,nvidia/cosmos-reason2-8b,"DUMPING PRESENT: No
ORDINANCE VIOLATION: No
WASTE TYPE: mixed
WASTE VOLUME: small (pickup truck)
WASTE ORIGIN: residential
PROPERTY TYPE: alley
ADDRESS MARKERS: NONE
GUTTER/ALLEY: Yes
WATER PROXIMITY: No
CHRONIC SITE: No
VEHICLES: NONE
IDENTIFIERS: NONE
SEVERITY: 1
ORDINANCE: N/A
PRIORITY: LOW
SUMMARY: No illegal dumping observed in the alleyway."
20260604T134116Z,DT_10th_and_2nd_St_4_20260602T224500.jpg,,,dataset_20260603_063335/DT_10th_and_2nd_St_4/DT_10th_and_2nd_St_4_20260602T224500.jpg,illegal_dumping,done,2026-06-04T13:48:58.820156+00:00,0.044,0.716,0.763,,nvidia/cosmos-reason2-8b,"DUMPING PRESENT: No
ORDINANCE VIOLATION: No
WASTE TYPE: mixed
WASTE VOLUME: small (pickup truck)
WASTE ORIGIN: residential
PROPERTY TYPE: alley
ADDRESS MARKERS: NONE
GUTTER/ALLEY: Yes
WATER PROXIMITY: No
CHRONIC SITE: No
VEHICLES: NONE
IDENTIFIERS: NONE
SEVERITY: 1
ORDINANCE: N/A
PRIORITY: LOW
SUMMARY: No illegal dumping observed in the alleyway."
20260604T134116Z,DT_10th_and_2nd_St_4_20260602T230000.jpg,,,dataset_20260603_063335/DT_10th_and_2nd_St_4/DT_10th_and_2nd_St_4_20260602T230000.jpg,illegal_dumping,done,2026-06-04T13:48:59.092694+00:00,0.045,0.645,0.692,,nvidia/cosmos-reason2-8b,"DUMPING PRESENT: No
ORDINANCE VIOLATION: No
WASTE TYPE: mixed
WASTE VOLUME: small
WASTE ORIGIN: unknown
PROPERTY TYPE: alley
ADDRESS MARKERS: NONE
GUTTER/ALLEY: Yes
WATER PROXIMITY: No
CHRONIC SITE: No
VEHICLES: NONE
IDENTIFIERS: NONE
SEVERITY: 1
ORDINANCE: N/A
PRIORITY: LOW
SUMMARY: No illegal dumping observed in the alleyway."
20260604T134116Z,DT_10th_and_2nd_St_4_20260602T231500.jpg,,,dataset_20260603_063335/DT_10th_and_2nd_St_4/DT_10th_and_2nd_St_4_20260602T231500.jpg,illegal_dumping,done,2026-06-04T13:48:59.253177+00:00,0.046,0.883,0.932,,nvidia/cosmos-reason2-8b,"```json
{
  ""DUMPING PRESENT"": ""No"",
  ""ORDINANCE VIOLATION"": ""No"",
  ""WASTE TYPE"": [],
  ""WASTE VOLUME"": ""small (pickup truck)"",
  ""WASTE ORIGIN"": ""residential"",
  ""PROPERTY TYPE"": ""right-of-way"",
  ""ADDRESS MARKERS"": ""NONE"",
  ""GUTTER/ALLEY"": ""Yes"",
  ""WATER PROXIMITY"": ""No"",
  ""CHRONIC SITE"": ""No"",
  ""VEHICLES"": ""NONE"",
  ""IDENTIFIERS"": ""NONE"",
  ""SEVERITY"": ""1"",
  ""ORDINANCE"": ""N/A"",
  ""PRIORITY"": ""LOW"",
  ""SUMMARY"": ""No illegal dumping detected; the scene shows a narrow alley with grass and dirt, no waste or debris visible.""
}
```"
20260604T134116Z,DT_10th_and_2nd_St_4_20260602T233000.jpg,,,dataset_20260603_063335/DT_10th_and_2nd_St_4/DT_10th_and_2nd_St_4_20260602T233000.jpg,illegal_dumping,done,2026-06-04T13:48:59.326663+00:00,0.044,0.811,0.859,,nvidia/cosmos-reason2-8b,"DUMPING PRESENT: No
ORDINANCE VIOLATION: No
WASTE TYPE: mixed
WASTE VOLUME: small (pickup truck)
WASTE ORIGIN: residential
PROPERTY TYPE: alley
ADDRESS MARKERS: NONE
GUTTER/ALLEY: Yes
WATER PROXIMITY: No
CHRONIC SITE: No
VEHICLES: NONE
IDENTIFIERS: NONE
SEVERITY: 1
ORDINANCE: N/A
PRIORITY: LOW
SUMMARY: No illegal dumping observed in the alleyway."
20260604T134116Z,DT_10th_and_2nd_St_4_20260602T234500.jpg,,,dataset_20260603_063335/DT_10th_and_2nd_St_4/DT_10th_and_2nd_St_4_20260602T234500.jpg,illegal_dumping,done,2026-06-04T13:48:59.585646+00:00,0.043,0.78,0.826,,nvidia/cosmos-reason2-8b,"DUMPING PRESENT: No
ORDINANCE VIOLATION: No
WASTE TYPE: mixed
WASTE VOLUME: small
WASTE ORIGIN: residential
PROPERTY TYPE: alley
ADDRESS MARKERS: NONE
GUTTER/ALLEY: Yes
WATER PROXIMITY: No
CHRONIC SITE: No
VEHICLES: NONE
IDENTIFIERS: NONE
SEVERITY: 1
ORDINANCE: N/A
PRIORITY: LOW
SUMMARY: No illegal dumping observed in the alleyway."
20260604T134116Z,DT_10th_and_Madison_Jefferson_1_20260602T000000.jpg,,,dataset_20260603_063335/DT_10th_and_Madison_Jefferson_1/DT_10th_and_Madison_Jefferson_1_20260602T000000.jpg,illegal_dumping,done,2026-06-04T13:49:00.435860+00:00,0.172,1.264,1.455,,nvidia/cosmos-reason2-8b,"DUMPING PRESENT: No
ORDINANCE VIOLATION: No
WASTE TYPE: mixed
WASTE VOLUME: small (pickup truck)
WASTE ORIGIN: residential
PROPERTY TYPE: alley
ADDRESS MARKERS: NONE
GUTTER/ALLEY: Yes
WATER PROXIMITY: No
CHRONIC SITE: No
VEHICLES: <color, type, any text visible — or NONE>
IDENTIFIERS: <plates, signage, labels, individuals — or NONE>
SEVERITY: 1
ORDINANCE: N/A
PRIORITY: LOW
SUMMARY: No illegal dumping observed in the alleyway."
20260604T134116Z,DT_10th_and_Madison_Jefferson_1_20260602T001500.jpg,,,dataset_20260603_063335/DT_10th_and_Madison_Jefferson_1/DT_10th_and_Madison_Jefferson_1_20260602T001500.jpg,illegal_dumping,done,2026-06-04T13:49:00.436753+00:00,0.173,1.202,1.393,,nvidia/cosmos-reason2-8b,"DUMPING PRESENT: No
ORDINANCE VIOLATION: No
WASTE TYPE: mixed
WASTE VOLUME: small (pickup truck)
WASTE ORIGIN: residential
PROPERTY TYPE: alley
ADDRESS MARKERS: NONE
GUTTER/ALLEY: Yes
WATER PROXIMITY: No
CHRONIC SITE: No
VEHICLES: <color, type, any text visible — or NONE>
IDENTIFIERS: <plates, signage, labels, individuals — or NONE>
SEVERITY: 1
ORDINANCE: N/A
PRIORITY: LOW
SUMMARY: No illegal dumping observed in the alleyway; the scene appears clear with no visible waste or debris."
20260604T134116Z,DT_10th_and_Madison_Jefferson_1_20260602T003000.jpg,,,dataset_20260603_063335/DT_10th_and_Madison_Jefferson_1/DT_10th_and_Madison_Jefferson_1_20260602T003000.jpg,illegal_dumping,done,2026-06-04T13:49:00.437114+00:00,0.172,1.262,1.453,,nvidia/cosmos-reason2-8b,"DUMPING PRESENT: No
ORDINANCE VIOLATION: No
WASTE TYPE: mixed
WASTE VOLUME: small (pickup truck)
WASTE ORIGIN: residential
PROPERTY TYPE: alley
ADDRESS MARKERS: NONE
GUTTER/ALLEY: Yes
WATER PROXIMITY: No
CHRONIC SITE: No
VEHICLES: <color, type, any text visible — or NONE>
IDENTIFIERS: <plates, signage, labels, individuals — or NONE>
SEVERITY: 1
ORDINANCE: N/A
PRIORITY: LOW
SUMMARY: No illegal dumping observed in the alleyway; no waste or debris present on the ground or around the parked vehicle."
20260604T134116Z,DT_10th_and_Madison_Jefferson_1_20260602T004500.jpg,,,dataset_20260603_063335/DT_10th_and_Madison_Jefferson_1/DT_10th_and_Madison_Jefferson_1_20260602T004500.jpg,illegal_dumping,done,2026-06-04T13:49:00.439181+00:00,0.173,1.367,1.556,,nvidia/cosmos-reason2-8b,"DUMPING PRESENT: No
ORDINANCE VIOLATION: No
WASTE TYPE: mixed
WASTE VOLUME: small (pickup truck)
WASTE ORIGIN: residential
PROPERTY TYPE: alley
ADDRESS MARKERS: NONE
GUTTER/ALLEY: Yes
WATER PROXIMITY: No
CHRONIC SITE: No
VEHICLES: <color, type, any text visible — or NONE>
IDENTIFIERS: <plates, signage, labels, individuals — or NONE>
SEVERITY: 1
ORDINANCE: N/A
PRIORITY: LOW
SUMMARY: No illegal dumping observed in the alleyway."
20260604T134116Z,DT_10th_and_Madison_Jefferson_1_20260602T010000.jpg,,,dataset_20260603_063335/DT_10th_and_Madison_Jefferson_1/DT_10th_and_Madison_Jefferson_1_20260602T010000.jpg,illegal_dumping,done,2026-06-04T13:49:01.833281+00:00,0.058,0.781,0.844,,nvidia/cosmos-reason2-8b,"DUMPING PRESENT: No
ORDINANCE VIOLATION: No
WASTE TYPE: mixed
WASTE VOLUME: small (pickup truck)
WASTE ORIGIN: residential
PROPERTY TYPE: alley
ADDRESS MARKERS: NONE
GUTTER/ALLEY: Yes
WATER PROXIMITY: No
CHRONIC SITE: No
VEHICLES: <color, type, any text visible — or NONE>
IDENTIFIERS: <plates, signage, labels, individuals — or NONE>
SEVERITY: 1
ORDINANCE: N/A
PRIORITY: LOW
SUMMARY: No illegal dumping observed in the alleyway."
20260604T134116Z,DT_10th_and_Madison_Jefferson_1_20260602T011500.jpg,,,dataset_20260603_063335/DT_10th_and_Madison_Jefferson_1/DT_10th_and_Madison_Jefferson_1_20260602T011500.jpg,illegal_dumping,done,2026-06-04T13:49:01.893301+00:00,0.089,1.189,1.283,,nvidia/cosmos-reason2-8b,"DUMPING PRESENT: No
ORDINANCE VIOLATION: No
WASTE TYPE: mixed
WASTE VOLUME: small (pickup truck)
WASTE ORIGIN: residential
PROPERTY TYPE: alley
ADDRESS MARKERS: NONE
GUTTER/ALLEY: Yes
WATER PROXIMITY: No
CHRONIC SITE: No
VEHICLES: <color, type, any text visible — or NONE>
IDENTIFIERS: <plates, signage, labels, individuals — or NONE>
SEVERITY: 1
ORDINANCE: N/A
PRIORITY: LOW
SUMMARY: No illegal dumping is observed in the alleyway."
20260604T134116Z,DT_10th_and_Madison_Jefferson_1_20260602T013000.jpg,,,dataset_20260603_063335/DT_10th_and_Madison_Jefferson_1/DT_10th_and_Madison_Jefferson_1_20260602T013000.jpg,illegal_dumping,done,2026-06-04T13:49:01.894669+00:00,0.089,0.866,0.96,,nvidia/cosmos-reason2-8b,"DUMPING PRESENT: No
ORDINANCE VIOLATION: No
WASTE TYPE: mixed
WASTE VOLUME: small (pickup truck)
WASTE ORIGIN: residential
PROPERTY TYPE: alley
ADDRESS MARKERS: NONE
GUTTER/ALLEY: Yes
WATER PROXIMITY: No
CHRONIC SITE: No
VEHICLES: NONE
IDENTIFIERS: NONE
SEVERITY: 1
ORDINANCE: N/A
PRIORITY: LOW
SUMMARY: No illegal dumping is observed in the alleyway."
20260604T134116Z,DT_10th_and_Madison_Jefferson_1_20260602T014500.jpg,,,dataset_20260603_063335/DT_10th_and_Madison_Jefferson_1/DT_10th_and_Madison_Jefferson_1_20260602T014500.jpg,illegal_dumping,done,2026-06-04T13:49:01.997668+00:00,0.046,0.891,0.939,,nvidia/cosmos-reason2-8b,"DUMPING PRESENT: No
ORDINANCE VIOLATION: No
WASTE TYPE: mixed
WASTE VOLUME: small (pickup truck)
WASTE ORIGIN: residential
PROPERTY TYPE: alley
ADDRESS MARKERS: NONE
GUTTER/ALLEY: Yes
WATER PROXIMITY: No
CHRONIC SITE: No
VEHICLES: NONE
IDENTIFIERS: NONE
SEVERITY: 1
ORDINANCE: N/A
PRIORITY: LOW
SUMMARY: No illegal dumping detected in the alleyway."
20260604T134116Z,DT_10th_and_Madison_Jefferson_1_20260602T020000.jpg,,,dataset_20260603_063335/DT_10th_and_Madison_Jefferson_1/DT_10th_and_Madison_Jefferson_1_20260602T020000.jpg,illegal_dumping,done,2026-06-04T13:49:02.680000+00:00,0.044,0.649,0.697,,nvidia/cosmos-reason2-8b,"DUMPING PRESENT: No
ORDINANCE VIOLATION: No
WASTE TYPE: mixed
WASTE VOLUME: small (pickup truck)
WASTE ORIGIN: residential
PROPERTY TYPE: alley
ADDRESS MARKERS: NONE
GUTTER/ALLEY: Yes
WATER PROXIMITY: No
CHRONIC SITE: No
VEHICLES: NONE
IDENTIFIERS: NONE
SEVERITY: 1
ORDINANCE: N/A
PRIORITY: LOW
SUMMARY: No illegal dumping detected in the alleyway."
20260604T134116Z,DT_10th_and_Madison_Jefferson_1_20260602T021500.jpg,,,dataset_20260603_063335/DT_10th_and_Madison_Jefferson_1/DT_10th_and_Madison_Jefferson_1_20260602T021500.jpg,illegal_dumping,done,2026-06-04T13:49:02.856801+00:00,0.048,0.838,0.89,,nvidia/cosmos-reason2-8b,"DUMPING PRESENT: No
ORDINANCE VIOLATION: No
WASTE TYPE: mixed
WASTE VOLUME: small (pickup truck)
WASTE ORIGIN: residential
PROPERTY TYPE: alley
ADDRESS MARKERS: NONE
GUTTER/ALLEY: Yes
WATER PROXIMITY: No
CHRONIC SITE: No
VEHICLES: <color, type, any text visible — or NONE>
IDENTIFIERS: <plates, signage, labels, individuals — or NONE>
SEVERITY: 1
ORDINANCE: N/A
PRIORITY: LOW
SUMMARY: No illegal dumping observed; scene shows a residential alley with parked vehicles and no visible waste or debris."
20260604T134116Z,DT_10th_and_Madison_Jefferson_1_20260602T023000.jpg,,,dataset_20260603_063335/DT_10th_and_Madison_Jefferson_1/DT_10th_and_Madison_Jefferson_1_20260602T023000.jpg,illegal_dumping,done,2026-06-04T13:49:02.940201+00:00,0.046,0.855,0.904,,nvidia/cosmos-reason2-8b,"DUMPING PRESENT: No
ORDINANCE VIOLATION: No
WASTE TYPE: mixed
WASTE VOLUME: small (pickup truck)
WASTE ORIGIN: residential
PROPERTY TYPE: alley
ADDRESS MARKERS: NONE
GUTTER/ALLEY: Yes
WATER PROXIMITY: No
CHRONIC SITE: No
VEHICLES: <NONE>
IDENTIFIERS: <NONE>
SEVERITY: 1
ORDINANCE: N/A
PRIORITY: LOW
SUMMARY: No illegal dumping detected in the alleyway."
20260604T134116Z,DT_10th_and_Madison_Jefferson_1_20260602T024500.jpg,,,dataset_20260603_063335/DT_10th_and_Madison_Jefferson_1/DT_10th_and_Madison_Jefferson_1_20260602T024500.jpg,illegal_dumping,done,2026-06-04T13:49:03.178415+00:00,0.049,0.761,0.814,,nvidia/cosmos-reason2-8b,"DUMPING PRESENT: No
ORDINANCE VIOLATION: No
WASTE TYPE: mixed
WASTE VOLUME: small (pickup truck)
WASTE ORIGIN: residential
PROPERTY TYPE: alley
ADDRESS MARKERS: NONE
GUTTER/ALLEY: Yes
WATER PROXIMITY: No
CHRONIC SITE: No
VEHICLES: <color, type, any text visible — or NONE>
IDENTIFIERS: <plates, signage, labels, individuals — or NONE>
SEVERITY: 1
ORDINANCE: N/A
PRIORITY: LOW
SUMMARY: No illegal dumping observed; scene shows a parked vehicle and trees in an alley with no visible waste or debris."
20260604T134116Z,DT_10th_and_Madison_Jefferson_1_20260602T030000.jpg,,,dataset_20260603_063335/DT_10th_and_Madison_Jefferson_1/DT_10th_and_Madison_Jefferson_1_20260602T030000.jpg,illegal_dumping,done,2026-06-04T13:49:03.379367+00:00,0.042,0.844,0.89,,nvidia/cosmos-reason2-8b,"DUMPING PRESENT: No
ORDINANCE VIOLATION: No
WASTE TYPE: mixed
WASTE VOLUME: small (pickup truck)
WASTE ORIGIN: residential
PROPERTY TYPE: alley
ADDRESS MARKERS: NONE
GUTTER/ALLEY: Yes
WATER PROXIMITY: No
CHRONIC SITE: No
VEHICLES: <color, type, any text visible — or NONE>
IDENTIFIERS: <plates, signage, labels, individuals — or NONE>
SEVERITY: 1
ORDINANCE: N/A
PRIORITY: LOW
SUMMARY: No illegal dumping observed in the alleyway; the scene appears clean with no visible waste or debris."
20260604T134116Z,DT_10th_and_Madison_Jefferson_1_20260602T031500.jpg,,,dataset_20260603_063335/DT_10th_and_Madison_Jefferson_1/DT_10th_and_Madison_Jefferson_1_20260602T031500.jpg,illegal_dumping,done,2026-06-04T13:49:03.749645+00:00,0.051,0.783,0.838,,nvidia/cosmos-reason2-8b,"DUMPING PRESENT: No
ORDINANCE VIOLATION: No
WASTE TYPE: mixed
WASTE VOLUME: small (pickup truck)
WASTE ORIGIN: residential
PROPERTY TYPE: alley
ADDRESS MARKERS: NONE
GUTTER/ALLEY: Yes
WATER PROXIMITY: No
CHRONIC SITE: No
VEHICLES: NONE
IDENTIFIERS: NONE
SEVERITY: 1
ORDINANCE: N/A
PRIORITY: LOW
SUMMARY: No illegal dumping detected in the alleyway; the scene appears clean with no visible waste or debris."
20260604T134116Z,DT_10th_and_Madison_Jefferson_1_20260602T033000.jpg,,,dataset_20260603_063335/DT_10th_and_Madison_Jefferson_1/DT_10th_and_Madison_Jefferson_1_20260602T033000.jpg,illegal_dumping,done,2026-06-04T13:49:03.847212+00:00,0.04,0.769,0.813,,nvidia/cosmos-reason2-8b,"DUMPING PRESENT: No
ORDINANCE VIOLATION: No
WASTE TYPE: mixed
WASTE VOLUME: small (pickup truck)
WASTE ORIGIN: residential
PROPERTY TYPE: alley
ADDRESS MARKERS: NONE
GUTTER/ALLEY: Yes
WATER PROXIMITY: No
CHRONIC SITE: No
VEHICLES: <NONE>
IDENTIFIERS: <NONE>
SEVERITY: 1
ORDINANCE: N/A
PRIORITY: LOW
SUMMARY: No illegal dumping observed in the alleyway."
20260604T134116Z,DT_10th_and_Madison_Jefferson_1_20260602T034500.jpg,,,dataset_20260603_063335/DT_10th_and_Madison_Jefferson_1/DT_10th_and_Madison_Jefferson_1_20260602T034500.jpg,illegal_dumping,done,2026-06-04T13:49:03.994978+00:00,0.041,0.942,0.986,,nvidia/cosmos-reason2-8b,"DUMPING PRESENT: No
ORDINANCE VIOLATION: No
WASTE TYPE: mixed
WASTE VOLUME: small (pickup truck)
WASTE ORIGIN: residential
PROPERTY TYPE: alley
ADDRESS MARKERS: NONE
GUTTER/ALLEY: Yes
WATER PROXIMITY: No
CHRONIC SITE: No
VEHICLES: <color, type, any text visible — or NONE>
IDENTIFIERS: <plates, signage, labels, individuals — or NONE>
SEVERITY: 1
ORDINANCE: N/A
PRIORITY: LOW
SUMMARY: No illegal dumping observed in the alleyway; the scene shows a parked vehicle and trees without visible waste or debris."
20260604T134116Z,DT_10th_and_Madison_Jefferson_1_20260602T040000.jpg,,,dataset_20260603_063335/DT_10th_and_Madison_Jefferson_1/DT_10th_and_Madison_Jefferson_1_20260602T040000.jpg,illegal_dumping,done,2026-06-04T13:49:04.271732+00:00,0.043,0.786,0.833,,nvidia/cosmos-reason2-8b,"DUMPING PRESENT: No
ORDINANCE VIOLATION: No
WASTE TYPE: mixed
WASTE VOLUME: small (pickup truck)
WASTE ORIGIN: residential
PROPERTY TYPE: alley
ADDRESS MARKERS: NONE
GUTTER/ALLEY: Yes
WATER PROXIMITY: No
CHRONIC SITE: No
VEHICLES: NONE
IDENTIFIERS: NONE
SEVERITY: 1
ORDINANCE: N/A
PRIORITY: LOW
SUMMARY: No illegal dumping observed in the alleyway."
20260604T134116Z,DT_10th_and_Madison_Jefferson_1_20260602T041500.jpg,,,dataset_20260603_063335/DT_10th_and_Madison_Jefferson_1/DT_10th_and_Madison_Jefferson_1_20260602T041500.jpg,illegal_dumping,done,2026-06-04T13:49:04.590190+00:00,0.044,0.778,0.825,,nvidia/cosmos-reason2-8b,"DUMPING PRESENT: No
ORDINANCE VIOLATION: No
WASTE TYPE: mixed
WASTE VOLUME: small (pickup truck)
WASTE ORIGIN: residential
PROPERTY TYPE: alley
ADDRESS MARKERS: NONE
GUTTER/ALLEY: Yes
WATER PROXIMITY: No
CHRONIC SITE: No
VEHICLES: <NONE>
IDENTIFIERS: <NONE>
SEVERITY: 1
ORDINANCE: N/A
PRIORITY: LOW
SUMMARY: No illegal dumping detected in the alleyway; the scene appears clean with no visible waste or debris."
20260604T134116Z,DT_10th_and_Madison_Jefferson_1_20260602T043000.jpg,,,dataset_20260603_063335/DT_10th_and_Madison_Jefferson_1/DT_10th_and_Madison_Jefferson_1_20260602T043000.jpg,illegal_dumping,done,2026-06-04T13:49:04.662458+00:00,0.049,0.868,0.92,,nvidia/cosmos-reason2-8b,"DUMPING PRESENT: No
ORDINANCE VIOLATION: No
WASTE TYPE: mixed
WASTE VOLUME: small (pickup truck)
WASTE ORIGIN: residential
PROPERTY TYPE: alley
ADDRESS MARKERS: NONE
GUTTER/ALLEY: Yes
WATER PROXIMITY: No
CHRONIC SITE: No
VEHICLES: <color, type, any text visible — or NONE>
IDENTIFIERS: <plates, signage, labels, individuals — or NONE>
SEVERITY: 1
ORDINANCE: N/A
PRIORITY: LOW
SUMMARY: No illegal dumping observed in the alleyway; the scene appears clean with no visible waste or debris."
20260604T134116Z,DT_10th_and_Madison_Jefferson_1_20260602T044500.jpg,,,dataset_20260603_063335/DT_10th_and_Madison_Jefferson_1/DT_10th_and_Madison_Jefferson_1_20260602T044500.jpg,illegal_dumping,done,2026-06-04T13:49:04.984269+00:00,0.05,0.736,0.79,,nvidia/cosmos-reason2-8b,"DUMPING PRESENT: No
ORDINANCE VIOLATION: No
WASTE TYPE: mixed
WASTE VOLUME: small (pickup truck)
WASTE ORIGIN: residential
PROPERTY TYPE: alley
ADDRESS MARKERS: NONE
GUTTER/ALLEY: Yes
WATER PROXIMITY: No
CHRONIC SITE: No
VEHICLES: <color, type, any text visible — or NONE>
IDENTIFIERS: <plates, signage, labels, individuals — or NONE>
SEVERITY: 1
ORDINANCE: N/A
PRIORITY: LOW
SUMMARY: No illegal dumping observed in the alleyway."
20260604T134116Z,DT_10th_and_Madison_Jefferson_1_20260602T050000.jpg,,,dataset_20260603_063335/DT_10th_and_Madison_Jefferson_1/DT_10th_and_Madison_Jefferson_1_20260602T050000.jpg,illegal_dumping,done,2026-06-04T13:49:05.106852+00:00,0.049,0.786,0.839,,nvidia/cosmos-reason2-8b,"DUMPING PRESENT: No
ORDINANCE VIOLATION: No
WASTE TYPE: mixed
WASTE VOLUME: small (pickup truck)
WASTE ORIGIN: residential
PROPERTY TYPE: alley
ADDRESS MARKERS: NONE
GUTTER/ALLEY: Yes
WATER PROXIMITY: No
CHRONIC SITE: No
VEHICLES: <color, type, any text visible — or NONE>
IDENTIFIERS: <plates, signage, labels, individuals — or NONE>
SEVERITY: 1
ORDINANCE: N/A
PRIORITY: LOW
SUMMARY: No illegal dumping observed; the scene shows a parked vehicle in an alley with no visible waste or debris."
20260604T134116Z,DT_10th_and_Madison_Jefferson_1_20260602T051500.jpg,,,dataset_20260603_063335/DT_10th_and_Madison_Jefferson_1/DT_10th_and_Madison_Jefferson_1_20260602T051500.jpg,illegal_dumping,done,2026-06-04T13:49:05.418453+00:00,0.049,0.726,0.779,,nvidia/cosmos-reason2-8b,"DUMPING PRESENT: No
ORDINANCE VIOLATION: No
WASTE TYPE: mixed
WASTE VOLUME: small (pickup truck)
WASTE ORIGIN: residential
PROPERTY TYPE: alley
ADDRESS MARKERS: NONE
GUTTER/ALLEY: Yes
WATER PROXIMITY: No
CHRONIC SITE: No
VEHICLES: <NONE>
IDENTIFIERS: <NONE>
SEVERITY: 1
ORDINANCE: N/A
PRIORITY: LOW
SUMMARY: No illegal dumping observed; the scene shows a parked vehicle and trees in an alley with no visible waste or debris."
20260604T134116Z,DT_10th_and_Madison_Jefferson_1_20260602T053000.jpg,,,dataset_20260603_063335/DT_10th_and_Madison_Jefferson_1/DT_10th_and_Madison_Jefferson_1_20260602T053000.jpg,illegal_dumping,done,2026-06-04T13:49:05.585065+00:00,0.039,0.685,0.727,,nvidia/cosmos-reason2-8b,"DUMPING PRESENT: No
ORDINANCE VIOLATION: No
WASTE TYPE: mixed
WASTE VOLUME: small (pickup truck)
WASTE ORIGIN: residential
PROPERTY TYPE: alley
ADDRESS MARKERS: NONE
GUTTER/ALLEY: Yes
WATER PROXIMITY: No
CHRONIC SITE: No
VEHICLES: NONE
IDENTIFIERS: NONE
SEVERITY: 1
ORDINANCE: N/A
PRIORITY: LOW
SUMMARY: No illegal dumping observed in the alleyway."
20260604T134116Z,DT_10th_and_Madison_Jefferson_1_20260602T054500.jpg,,,dataset_20260603_063335/DT_10th_and_Madison_Jefferson_1/DT_10th_and_Madison_Jefferson_1_20260602T054500.jpg,illegal_dumping,done,2026-06-04T13:49:05.776297+00:00,0.042,0.755,0.8,,nvidia/cosmos-reason2-8b,"DUMPING PRESENT: No
ORDINANCE VIOLATION: No
WASTE TYPE: mixed
WASTE VOLUME: small (pickup truck)
WASTE ORIGIN: residential
PROPERTY TYPE: alley
ADDRESS MARKERS: NONE
GUTTER/ALLEY: Yes
WATER PROXIMITY: No
CHRONIC SITE: No
VEHICLES: <color, type, any text visible — or NONE>
IDENTIFIERS: <plates, signage, labels, individuals — or NONE>
SEVERITY: 1
ORDINANCE: N/A
PRIORITY: LOW
SUMMARY: No illegal dumping observed in the alleyway."
20260604T134116Z,DT_10th_and_Madison_Jefferson_1_20260602T060000.jpg,,,dataset_20260603_063335/DT_10th_and_Madison_Jefferson_1/DT_10th_and_Madison_Jefferson_1_20260602T060000.jpg,illegal_dumping,done,2026-06-04T13:49:05.949286+00:00,0.046,0.949,0.998,,nvidia/cosmos-reason2-8b,"```json
{
  ""DUMPING PRESENT"": ""No"",
  ""ORDINANCE VIOLATION"": ""No"",
  ""WASTE TYPE"": [],
  ""WASTE VOLUME"": ""small (pickup truck)"",
  ""WASTE ORIGIN"": ""residential"",
  ""PROPERTY TYPE"": ""right-of-way"",
  ""ADDRESS MARKERS"": ""NONE"",
  ""GUTTER/ALLEY"": ""Yes"",
  ""WATER PROXIMITY"": ""No"",
  ""CHRONIC SITE"": ""No"",
  ""VEHICLES"": ""black, dark-colored vehicles parked along the right side of the road"",
  ""IDENTIFIERS"": ""NONE"",
  ""SEVERITY"": ""1"",
  ""ORDINANCE"": ""N/A"",
  ""PRIORITY"": ""LOW"",
  ""SUMMARY"": ""No illegal dumping detected; the scene shows parked vehicles along a right-of-way with no visible waste or debris.""
}
```"
20260604T134116Z,DT_10th_and_Madison_Jefferson_1_20260602T061500.jpg,,,dataset_20260603_063335/DT_10th_and_Madison_Jefferson_1/DT_10th_and_Madison_Jefferson_1_20260602T061500.jpg,illegal_dumping,done,2026-06-04T13:49:06.199440+00:00,0.046,0.863,0.913,,nvidia/cosmos-reason2-8b,"DUMPING PRESENT: No
ORDINANCE VIOLATION: No
WASTE TYPE: mixed
WASTE VOLUME: small (pickup truck)
WASTE ORIGIN: residential
PROPERTY TYPE: alley
ADDRESS MARKERS: NONE
GUTTER/ALLEY: Yes
WATER PROXIMITY: No
CHRONIC SITE: No
VEHICLES: <color, type, any text visible — or NONE>
IDENTIFIERS: <plates, signage, labels, individuals — or NONE>
SEVERITY: 1
ORDINANCE: N/A
PRIORITY: LOW
SUMMARY: No illegal dumping observed in the alleyway."
20260604T134116Z,DT_10th_and_Madison_Jefferson_1_20260602T063000.jpg,,,dataset_20260603_063335/DT_10th_and_Madison_Jefferson_1/DT_10th_and_Madison_Jefferson_1_20260602T063000.jpg,illegal_dumping,done,2026-06-04T13:49:06.314534+00:00,0.047,0.815,0.865,,nvidia/cosmos-reason2-8b,"DUMPING PRESENT: No
ORDINANCE VIOLATION: No
WASTE TYPE: N/A
WASTE VOLUME: N/A
WASTE ORIGIN: N/A
PROPERTY TYPE: alley
ADDRESS MARKERS: NONE
GUTTER/ALLEY: Yes
WATER PROXIMITY: No
CHRONIC SITE: No
VEHICLES: <color, type, any text visible — or NONE>
IDENTIFIERS: <plates, signage, labels, individuals — or NONE>
SEVERITY: 1
ORDINANCE: N/A
PRIORITY: LOW
SUMMARY: No illegal dumping observed in the alleyway."
20260604T134116Z,DT_10th_and_Madison_Jefferson_1_20260602T064500.jpg,,,dataset_20260603_063335/DT_10th_and_Madison_Jefferson_1/DT_10th_and_Madison_Jefferson_1_20260602T064500.jpg,illegal_dumping,done,2026-06-04T13:49:06.579214+00:00,0.049,0.825,0.877,,nvidia/cosmos-reason2-8b,"DUMPING PRESENT: No
ORDINANCE VIOLATION: No
WASTE TYPE: <none detected>
WASTE VOLUME: <not applicable>
WASTE ORIGIN: <not applicable>
PROPERTY TYPE: right-of-way
ADDRESS MARKERS: NONE
GUTTER/ALLEY: No
WATER PROXIMITY: No
CHRONIC SITE: No
VEHICLES: <none>
IDENTIFIERS: <none>
SEVERITY: 1
ORDINANCE: N/A
PRIORITY: LOW
SUMMARY: No illegal dumping detected; the scene shows a residential area with parked cars and greenery along a dirt path."
20260604T134116Z,DT_10th_and_Madison_Jefferson_1_20260602T070000.jpg,,,dataset_20260603_063335/DT_10th_and_Madison_Jefferson_1/DT_10th_and_Madison_Jefferson_1_20260602T070000.jpg,illegal_dumping,done,2026-06-04T13:49:06.950384+00:00,0.048,0.694,0.746,,nvidia/cosmos-reason2-8b,"DUMPING PRESENT: No
ORDINANCE VIOLATION: No
WASTE TYPE: N/A
WASTE VOLUME: N/A
WASTE ORIGIN: N/A
PROPERTY TYPE: right-of-way
ADDRESS MARKERS: NONE
GUTTER/ALLEY: No
WATER PROXIMITY: No
CHRONIC SITE: No
VEHICLES: <color, type, any text visible — or NONE>
IDENTIFIERS: <plates, signage, labels, individuals — or NONE>
SEVERITY: 1
ORDINANCE: N/A
PRIORITY: LOW
SUMMARY: No illegal dumping observed in the scene."
20260604T134116Z,DT_10th_and_Madison_Jefferson_1_20260602T071500.jpg,,,dataset_20260603_063335/DT_10th_and_Madison_Jefferson_1/DT_10th_and_Madison_Jefferson_1_20260602T071500.jpg,illegal_dumping,done,2026-06-04T13:49:07.115263+00:00,0.055,0.749,0.818,,nvidia/cosmos-reason2-8b,"DUMPING PRESENT: No
ORDINANCE VIOLATION: No
WASTE TYPE: 
WASTE VOLUME: 
WASTE ORIGIN: 
PROPERTY TYPE: right-of-way
ADDRESS MARKERS: NONE
GUTTER/ALLEY: Yes
WATER PROXIMITY: No
CHRONIC SITE: No
VEHICLES: None
IDENTIFIERS: 
SEVERITY: 1
ORDINANCE: N/A
PRIORITY: LOW
SUMMARY: No illegal dumping is observed in the alleyway."
20260604T134116Z,DT_10th_and_Madison_Jefferson_1_20260602T073000.jpg,,,dataset_20260603_063335/DT_10th_and_Madison_Jefferson_1/DT_10th_and_Madison_Jefferson_1_20260602T073000.jpg,illegal_dumping,done,2026-06-04T13:49:07.182818+00:00,0.047,0.869,0.92,,nvidia/cosmos-reason2-8b,"DUMPING PRESENT: No
ORDINANCE VIOLATION: No
WASTE TYPE: mixed
WASTE VOLUME: small (pickup truck)
WASTE ORIGIN: residential
PROPERTY TYPE: alley
ADDRESS MARKERS: NONE
GUTTER/ALLEY: Yes
WATER PROXIMITY: No
CHRONIC SITE: No
VEHICLES: <color, type, any text visible — or NONE>
IDENTIFIERS: <plates, signage, labels, individuals — or NONE>
SEVERITY: 1
ORDINANCE: N/A
PRIORITY: LOW
SUMMARY: No illegal dumping observed in the alleyway."
20260604T134116Z,DT_10th_and_Madison_Jefferson_1_20260602T074500.jpg,,,dataset_20260603_063335/DT_10th_and_Madison_Jefferson_1/DT_10th_and_Madison_Jefferson_1_20260602T074500.jpg,illegal_dumping,done,2026-06-04T13:49:07.459370+00:00,0.045,0.842,0.89,,nvidia/cosmos-reason2-8b,"DUMPING PRESENT: No
ORDINANCE VIOLATION: No
WASTE TYPE: mixed
WASTE VOLUME: small (pickup truck)
WASTE ORIGIN: residential
PROPERTY TYPE: alley
ADDRESS MARKERS: NONE
GUTTER/ALLEY: Yes
WATER PROXIMITY: No
CHRONIC SITE: No
VEHICLES: <color, type, any text visible — or NONE>
IDENTIFIERS: <plates, signage, labels, individuals — or NONE>
SEVERITY: 1
ORDINANCE: N/A
PRIORITY: LOW
SUMMARY: No illegal dumping observed in the alleyway; vehicles are parked along the side of the road with no visible waste or debris on the ground."
20260604T134116Z,DT_10th_and_Madison_Jefferson_1_20260602T080000.jpg,,,dataset_20260603_063335/DT_10th_and_Madison_Jefferson_1/DT_10th_and_Madison_Jefferson_1_20260602T080000.jpg,illegal_dumping,done,2026-06-04T13:49:07.698773+00:00,0.048,0.777,0.829,,nvidia/cosmos-reason2-8b,"DUMPING PRESENT: No
ORDINANCE VIOLATION: No
WASTE TYPE: N/A
WASTE VOLUME: N/A
WASTE ORIGIN: N/A
PROPERTY TYPE: alley
ADDRESS MARKERS: NONE
GUTTER/ALLEY: Yes
WATER PROXIMITY: No
CHRONIC SITE: No
VEHICLES: <color, type, any text visible — or NONE>
IDENTIFIERS: <plates, signage, labels, individuals — or NONE>
SEVERITY: 1
ORDINANCE: N/A
PRIORITY: LOW
SUMMARY: No illegal dumping detected in the alleyway; the area appears clean with no visible waste or debris."
20260604T134116Z,DT_10th_and_Madison_Jefferson_1_20260602T081500.jpg,,,dataset_20260603_063335/DT_10th_and_Madison_Jefferson_1/DT_10th_and_Madison_Jefferson_1_20260602T081500.jpg,illegal_dumping,done,2026-06-04T13:49:07.936660+00:00,0.048,0.844,0.896,,nvidia/cosmos-reason2-8b,"DUMPING PRESENT: Yes
ORDINANCE VIOLATION: Yes
WASTE TYPE: mixed
WASTE VOLUME: small (pickup truck)
WASTE ORIGIN: residential
PROPERTY TYPE: alley
ADDRESS MARKERS: NONE
GUTTER/ALLEY: Yes
WATER PROXIMITY: No
CHRONIC SITE: No
VEHICLES: NONE
IDENTIFIERS: NONE
SEVERITY: 3
ORDINANCE: Sec-46-45
PRIORITY: MEDIUM
SUMMARY: A pile of mixed waste is illegally dumped on the alley, violating Brownsville's property owner liability ordinance (Sec. 46-45)."
20260604T134116Z,DT_10th_and_Madison_Jefferson_1_20260602T083000.jpg,,,dataset_20260603_063335/DT_10th_and_Madison_Jefferson_1/DT_10th_and_Madison_Jefferson_1_20260602T083000.jpg,illegal_dumping,done,2026-06-04T13:49:08.105160+00:00,0.046,0.666,0.716,,nvidia/cosmos-reason2-8b,"DUMPING PRESENT: No
ORDINANCE VIOLATION: No
WASTE TYPE: mixed
WASTE VOLUME: small (pickup truck)
WASTE ORIGIN: residential
PROPERTY TYPE: occupied-private
ADDRESS MARKERS: NONE
GUTTER/ALLEY: No
WATER PROXIMITY: No
CHRONIC SITE: No
VEHICLES: NONE
IDENTIFIERS: NONE
SEVERITY: 1
ORDINANCE: N/A
PRIORITY: LOW
SUMMARY: No illegal dumping detected in the video."
20260604T134116Z,DT_10th_and_Madison_Jefferson_1_20260602T084500.jpg,,,dataset_20260603_063335/DT_10th_and_Madison_Jefferson_1/DT_10th_and_Madison_Jefferson_1_20260602T084500.jpg,illegal_dumping,done,2026-06-04T13:49:08.352150+00:00,0.043,0.801,0.847,,nvidia/cosmos-reason2-8b,"DUMPING PRESENT: Yes
ORDINANCE VIOLATION: Yes
WASTE TYPE: mixed
WASTE VOLUME: small (pickup truck)
WASTE ORIGIN: residential
PROPERTY TYPE: alley
ADDRESS MARKERS: NONE
GUTTER/ALLEY: Yes
WATER PROXIMITY: No
CHRONIC SITE: No
VEHICLES: NONE
IDENTIFIERS: NONE
SEVERITY: 3
ORDINANCE: Sec-46-45
PRIORITY: MEDIUM
SUMMARY: A pile of mixed waste is illegally dumped in the alley, violating Brownsville's property owner liability ordinance (Sec. 46-45)."
20260604T134116Z,DT_10th_and_Madison_Jefferson_1_20260602T090000.jpg,,,dataset_20260603_063335/DT_10th_and_Madison_Jefferson_1/DT_10th_and_Madison_Jefferson_1_20260602T090000.jpg,illegal_dumping,done,2026-06-04T13:49:08.530432+00:00,0.051,0.759,0.814,,nvidia/cosmos-reason2-8b,"DUMPING PRESENT: No
ORDINANCE VIOLATION: No
WASTE TYPE: mixed
WASTE VOLUME: small (pickup truck)
WASTE ORIGIN: residential
PROPERTY TYPE: alley
ADDRESS MARKERS: NONE
GUTTER/ALLEY: Yes
WATER PROXIMITY: No
CHRONIC SITE: No
VEHICLES: <color, type, any text visible — or NONE>
IDENTIFIERS: <plates, signage, labels, individuals — or NONE>
SEVERITY: 1
ORDINANCE: N/A
PRIORITY: LOW
SUMMARY: No illegal dumping observed in the alleyway."
20260604T134116Z,DT_10th_and_Madison_Jefferson_1_20260602T091500.jpg,,,dataset_20260603_063335/DT_10th_and_Madison_Jefferson_1/DT_10th_and_Madison_Jefferson_1_20260602T091500.jpg,illegal_dumping,done,2026-06-04T13:49:08.823800+00:00,0.093,0.942,1.049,,nvidia/cosmos-reason2-8b,"DUMPING PRESENT: No
ORDINANCE VIOLATION: No
WASTE TYPE: mixed
WASTE VOLUME: small (pickup truck)
WASTE ORIGIN: residential
PROPERTY TYPE: alley
ADDRESS MARKERS: NONE
GUTTER/ALLEY: Yes
WATER PROXIMITY: No
CHRONIC SITE: No
VEHICLES: <color, type, any text visible — or NONE>
IDENTIFIERS: <plates, signage, labels, individuals — or NONE>
SEVERITY: 1
ORDINANCE: N/A
PRIORITY: LOW
SUMMARY: No illegal dumping observed in the alleyway; no waste or debris present on the ground or near the parked vehicles."
20260604T134116Z,DT_10th_and_Madison_Jefferson_1_20260602T093000.jpg,,,dataset_20260603_063335/DT_10th_and_Madison_Jefferson_1/DT_10th_and_Madison_Jefferson_1_20260602T093000.jpg,illegal_dumping,done,2026-06-04T13:49:08.834311+00:00,0.092,0.997,1.094,,nvidia/cosmos-reason2-8b,"DUMPING PRESENT: Yes
ORDINANCE VIOLATION: Yes
WASTE TYPE: mixed
WASTE VOLUME: small (pickup truck)
WASTE ORIGIN: residential
PROPERTY TYPE: alley
ADDRESS MARKERS: NONE
GUTTER/ALLEY: Yes
WATER PROXIMITY: No
CHRONIC SITE: No
VEHICLES: NONE
IDENTIFIERS: NONE
SEVERITY: 3
ORDINANCE: Sec-46-45
PRIORITY: MEDIUM
SUMMARY: A pile of mixed waste is illegally dumped in the alley, violating Brownsville's property owner liability ordinance.
"
20260604T134116Z,DT_10th_and_Madison_Jefferson_1_20260602T094500.jpg,,,dataset_20260603_063335/DT_10th_and_Madison_Jefferson_1/DT_10th_and_Madison_Jefferson_1_20260602T094500.jpg,illegal_dumping,done,2026-06-04T13:49:09.201290+00:00,0.045,1.069,1.117,,nvidia/cosmos-reason2-8b,"```json
{
  ""DUMPING PRESENT"": ""Yes"",
  ""ORDINANCE VIOLATION"": ""Yes"",
  ""WASTE TYPE"": [
    ""mixed""
  ],
  ""WASTE VOLUME"": ""small (pickup truck)"",
  ""WASTE ORIGIN"": ""residential"",
  ""PROPERTY TYPE"": ""right-of-way"",
  ""ADDRESS MARKERS"": ""NONE"",
  ""GUTTER/ALLEY"": ""No"",
  ""WATER PROXIMITY"": ""No"",
  ""CHRONIC SITE"": ""No"",
  ""VEHICLES"": ""NONE"",
  ""IDENTIFIERS"": ""NONE"",
  ""SEVERITY"": ""2"",
  ""ORDINANCE"": ""Sec-46-45"",
  ""PRIORITY"": ""MEDIUM"",
  ""SUMMARY"": ""Illegal dumping of mixed waste is observed in the right-of-way, violating Brownsville\u2019s property owner liability ordinance.""
}
```"
20260604T134116Z,DT_10th_and_Madison_Jefferson_1_20260602T100000.jpg,,,dataset_20260603_063335/DT_10th_and_Madison_Jefferson_1/DT_10th_and_Madison_Jefferson_1_20260602T100000.jpg,illegal_dumping,done,2026-06-04T13:49:09.347028+00:00,0.042,0.849,0.895,,nvidia/cosmos-reason2-8b,"DUMPING PRESENT: No
ORDINANCE VIOLATION: No
WASTE TYPE: mixed
WASTE VOLUME: small (pickup truck)
WASTE ORIGIN: residential
PROPERTY TYPE: alley
ADDRESS MARKERS: NONE
GUTTER/ALLEY: Yes
WATER PROXIMITY: No
CHRONIC SITE: No
VEHICLES: <NONE>
IDENTIFIERS: <NONE>
SEVERITY: 1
ORDINANCE: N/A
PRIORITY: LOW
SUMMARY: No illegal dumping detected in the alleyway; the scene shows parked vehicles and greenery without visible waste or debris."
20260604T134116Z,DT_10th_and_Madison_Jefferson_1_20260602T101500.jpg,,,dataset_20260603_063335/DT_10th_and_Madison_Jefferson_1/DT_10th_and_Madison_Jefferson_1_20260602T101500.jpg,illegal_dumping,done,2026-06-04T13:49:09.875895+00:00,0.052,0.693,0.75,,nvidia/cosmos-reason2-8b,"DUMPING PRESENT: No
ORDINANCE VIOLATION: No
WASTE TYPE: mixed
WASTE VOLUME: small (pickup truck)
WASTE ORIGIN: residential
PROPERTY TYPE: alley
ADDRESS MARKERS: NONE
GUTTER/ALLEY: Yes
WATER PROXIMITY: No
CHRONIC SITE: No
VEHICLES: <color, type, any text visible — or NONE>
IDENTIFIERS: <plates, signage, labels, individuals — or NONE>
SEVERITY: 1
ORDINANCE: N/A
PRIORITY: LOW
SUMMARY: No illegal dumping observed in the alleyway."
20260604T134116Z,DT_10th_and_Madison_Jefferson_1_20260602T103000.jpg,,,dataset_20260603_063335/DT_10th_and_Madison_Jefferson_1/DT_10th_and_Madison_Jefferson_1_20260602T103000.jpg,illegal_dumping,done,2026-06-04T13:49:09.931394+00:00,0.045,0.923,0.973,,nvidia/cosmos-reason2-8b,"DUMPING PRESENT: No
ORDINANCE VIOLATION: No
WASTE TYPE: mixed
WASTE VOLUME: small (pickup truck)
WASTE ORIGIN: residential
PROPERTY TYPE: alley
ADDRESS MARKERS: NONE
GUTTER/ALLEY: Yes
WATER PROXIMITY: No
CHRONIC SITE: No
VEHICLES: <color, type, any text visible — or NONE>
IDENTIFIERS: <plates, signage, labels, individuals — or NONE>
SEVERITY: 1
ORDINANCE: N/A
PRIORITY: LOW
SUMMARY: No illegal dumping observed in the alleyway."
20260604T134116Z,DT_10th_and_Madison_Jefferson_1_20260602T104500.jpg,,,dataset_20260603_063335/DT_10th_and_Madison_Jefferson_1/DT_10th_and_Madison_Jefferson_1_20260602T104500.jpg,illegal_dumping,done,2026-06-04T13:49:10.245763+00:00,0.05,0.813,0.866,,nvidia/cosmos-reason2-8b,"DUMPING PRESENT: No
ORDINANCE VIOLATION: No
WASTE TYPE: mixed
WASTE VOLUME: small (pickup truck)
WASTE ORIGIN: residential
PROPERTY TYPE: vacant-lot
ADDRESS MARKERS: NONE
GUTTER/ALLEY: No
WATER PROXIMITY: No
CHRONIC SITE: No
VEHICLES: NONE
IDENTIFIERS: NONE
SEVERITY: 1
ORDINANCE: N/A
PRIORITY: LOW
SUMMARY: No illegal dumping detected; the image shows a mix of colors and patterns without clear evidence of waste disposal violations."
20260604T134116Z,DT_10th_and_Madison_Jefferson_1_20260602T110000.jpg,,,dataset_20260603_063335/DT_10th_and_Madison_Jefferson_1/DT_10th_and_Madison_Jefferson_1_20260602T110000.jpg,illegal_dumping,done,2026-06-04T13:49:10.320873+00:00,0.043,0.932,0.978,,nvidia/cosmos-reason2-8b,"DUMPING PRESENT: Yes
ORDINANCE VIOLATION: Yes
WASTE TYPE: mixed
WASTE VOLUME: small (pickup truck)
WASTE ORIGIN: residential
PROPERTY TYPE: alley
ADDRESS MARKERS: NONE
GUTTER/ALLEY: Yes
WATER PROXIMITY: No
CHRONIC SITE: No
VEHICLES: NONE
IDENTIFIERS: NONE
SEVERITY: 3
ORDINANCE: Sec-46-45
PRIORITY: MEDIUM
SUMMARY: A pile of mixed waste is illegally dumped in the alley, violating Brownsville's property owner liability ordinance.
"
20260604T134116Z,DT_10th_and_Madison_Jefferson_1_20260602T111500.jpg,,,dataset_20260603_063335/DT_10th_and_Madison_Jefferson_1/DT_10th_and_Madison_Jefferson_1_20260602T111500.jpg,illegal_dumping,done,2026-06-04T13:49:10.628548+00:00,0.038,0.781,0.823,,nvidia/cosmos-reason2-8b,"DUMPING PRESENT: Yes
ORDINANCE VIOLATION: Yes
WASTE TYPE: mixed
WASTE VOLUME: small (pickup truck)
WASTE ORIGIN: residential
PROPERTY TYPE: vacant-lot
ADDRESS MARKERS: NONE
GUTTER/ALLEY: No
WATER PROXIMITY: No
CHRONIC SITE: No
VEHICLES: NONE
IDENTIFIERS: NONE
SEVERITY: 3
ORDINANCE: Sec-46-45
PRIORITY: MEDIUM
SUMMARY: A pile of mixed waste is illegally dumped on a residential property, violating Brownsville's property owner liability ordinance."
20260604T134116Z,DT_10th_and_Madison_Jefferson_1_20260602T113000.jpg,,,dataset_20260603_063335/DT_10th_and_Madison_Jefferson_1/DT_10th_and_Madison_Jefferson_1_20260602T113000.jpg,illegal_dumping,done,2026-06-04T13:49:10.906725+00:00,0.043,0.732,0.779,,nvidia/cosmos-reason2-8b,"DUMPING PRESENT: No
ORDINANCE VIOLATION: No
WASTE TYPE: mixed
WASTE VOLUME: small (pickup truck)
WASTE ORIGIN: residential
PROPERTY TYPE: right-of-way
ADDRESS MARKERS: NONE
GUTTER/ALLEY: Yes
WATER PROXIMITY: No
CHRONIC SITE: No
VEHICLES: <NONE>
IDENTIFIERS: <NONE>
SEVERITY: 1
ORDINANCE: N/A
PRIORITY: LOW
SUMMARY: No illegal dumping detected; the scene shows a residential area with vehicles and greenery."
20260604T134116Z,DT_10th_and_Madison_Jefferson_1_20260602T114500.jpg,,,dataset_20260603_063335/DT_10th_and_Madison_Jefferson_1/DT_10th_and_Madison_Jefferson_1_20260602T114500.jpg,illegal_dumping,done,2026-06-04T13:49:11.114111+00:00,0.038,0.694,0.735,,nvidia/cosmos-reason2-8b,"DUMPING PRESENT: No
ORDINANCE VIOLATION: No
WASTE TYPE: mixed
WASTE VOLUME: small (pickup truck)
WASTE ORIGIN: residential
PROPERTY TYPE: right-of-way
ADDRESS MARKERS: NONE
GUTTER/ALLEY: No
WATER PROXIMITY: No
CHRONIC SITE: No
VEHICLES: <color, type, any text visible — or NONE>
IDENTIFIERS: <plates, signage, labels, individuals — or NONE>
SEVERITY: 1
ORDINANCE: N/A
PRIORITY: LOW
SUMMARY: No illegal dumping detected in the scene."
20260604T134116Z,DT_10th_and_Madison_Jefferson_1_20260602T120000.jpg,,,dataset_20260603_063335/DT_10th_and_Madison_Jefferson_1/DT_10th_and_Madison_Jefferson_1_20260602T120000.jpg,illegal_dumping,done,2026-06-04T13:49:11.301721+00:00,0.047,0.883,0.934,,nvidia/cosmos-reason2-8b,"DUMPING PRESENT: Yes
ORDINANCE VIOLATION: Yes
WASTE TYPE: mixed
WASTE VOLUME: small (pickup truck)
WASTE ORIGIN: residential
PROPERTY TYPE: right-of-way
ADDRESS MARKERS: NONE
GUTTER/ALLEY: Yes
WATER PROXIMITY: No
CHRONIC SITE: No
VEHICLES: <color, type, any text visible — or NONE>
IDENTIFIERS: <plates, signage, labels, individuals — or NONE>
SEVERITY: 2
ORDINANCE: Sec-46-45
PRIORITY: MEDIUM
SUMMARY: A pile of mixed waste is illegally dumped in the right-of-way, violating Brownsville's property owner liability ordinance.
"
20260604T134116Z,DT_10th_and_Madison_Jefferson_1_20260602T121500.jpg,,,dataset_20260603_063335/DT_10th_and_Madison_Jefferson_1/DT_10th_and_Madison_Jefferson_1_20260602T121500.jpg,illegal_dumping,done,2026-06-04T13:49:11.454564+00:00,0.043,0.671,0.717,,nvidia/cosmos-reason2-8b,"DUMPING PRESENT: No
ORDINANCE VIOLATION: No
WASTE TYPE: mixed
WASTE VOLUME: small (pickup truck)
WASTE ORIGIN: residential
PROPERTY TYPE: alley
ADDRESS MARKERS: NONE
GUTTER/ALLEY: Yes
WATER PROXIMITY: No
CHRONIC SITE: No
VEHICLES: NONE
IDENTIFIERS: NONE
SEVERITY: 1
ORDINANCE: N/A
PRIORITY: LOW
SUMMARY: No illegal dumping is observed in the alleyway."
20260604T134116Z,DT_10th_and_Madison_Jefferson_1_20260602T123000.jpg,,,dataset_20260603_063335/DT_10th_and_Madison_Jefferson_1/DT_10th_and_Madison_Jefferson_1_20260602T123000.jpg,illegal_dumping,done,2026-06-04T13:49:11.688551+00:00,0.045,0.827,0.876,,nvidia/cosmos-reason2-8b,"DUMPING PRESENT: No
ORDINANCE VIOLATION: No
WASTE TYPE: mixed
WASTE VOLUME: small (pickup truck)
WASTE ORIGIN: residential
PROPERTY TYPE: alley
ADDRESS MARKERS: NONE
GUTTER/ALLEY: Yes
WATER PROXIMITY: No
CHRONIC SITE: No
VEHICLES: NONE
IDENTIFIERS: NONE
SEVERITY: 1
ORDINANCE: N/A
PRIORITY: LOW
SUMMARY: No illegal dumping observed in the alleyway; no waste or debris present."
20260604T134116Z,DT_10th_and_Madison_Jefferson_1_20260602T124500.jpg,,,dataset_20260603_063335/DT_10th_and_Madison_Jefferson_1/DT_10th_and_Madison_Jefferson_1_20260602T124500.jpg,illegal_dumping,done,2026-06-04T13:49:11.851432+00:00,0.04,0.75,0.793,,nvidia/cosmos-reason2-8b,"DUMPING PRESENT: No
ORDINANCE VIOLATION: No
WASTE TYPE: mixed
WASTE VOLUME: small (pickup truck)
WASTE ORIGIN: residential
PROPERTY TYPE: occupied-private
ADDRESS MARKERS: NONE
GUTTER/ALLEY: No
WATER PROXIMITY: No
CHRONIC SITE: No
VEHICLES: NONE
IDENTIFIERS: NONE
SEVERITY: 1
ORDINANCE: N/A
PRIORITY: LOW
SUMMARY: No illegal dumping detected in the video."
20260604T134116Z,DT_10th_and_Madison_Jefferson_1_20260602T130000.jpg,,,dataset_20260603_063335/DT_10th_and_Madison_Jefferson_1/DT_10th_and_Madison_Jefferson_1_20260602T130000.jpg,illegal_dumping,done,2026-06-04T13:49:12.174611+00:00,0.051,0.783,0.85,,nvidia/cosmos-reason2-8b,"DUMPING PRESENT: No
ORDINANCE VIOLATION: No
WASTE TYPE: mixed
WASTE VOLUME: small (pickup truck)
WASTE ORIGIN: residential
PROPERTY TYPE: alley
ADDRESS MARKERS: NONE
GUTTER/ALLEY: Yes
WATER PROXIMITY: No
CHRONIC SITE: No
VEHICLES: <color, type, any text visible — or NONE>
IDENTIFIERS: <plates, signage, labels, individuals — or NONE>
SEVERITY: 1
ORDINANCE: N/A
PRIORITY: LOW
SUMMARY: No illegal dumping observed in the alleyway; no waste or debris present on the ground or near the parked vehicles."
20260604T134116Z,DT_10th_and_Madison_Jefferson_1_20260602T131500.jpg,,,dataset_20260603_063335/DT_10th_and_Madison_Jefferson_1/DT_10th_and_Madison_Jefferson_1_20260602T131500.jpg,illegal_dumping,done,2026-06-04T13:49:12.240056+00:00,0.051,0.865,0.92,,nvidia/cosmos-reason2-8b,"DUMPING PRESENT: No
ORDINANCE VIOLATION: No
WASTE TYPE: mixed
WASTE VOLUME: small (pickup truck)
WASTE ORIGIN: residential
PROPERTY TYPE: vacant-lot
ADDRESS MARKERS: NONE
GUTTER/ALLEY: No
WATER PROXIMITY: No
CHRONIC SITE: No
VEHICLES: NONE
IDENTIFIERS: NONE
SEVERITY: 1
ORDINANCE: N/A
PRIORITY: LOW
SUMMARY: No illegal dumping detected in the video."
20260604T134116Z,DT_10th_and_Madison_Jefferson_1_20260602T133000.jpg,,,dataset_20260603_063335/DT_10th_and_Madison_Jefferson_1/DT_10th_and_Madison_Jefferson_1_20260602T133000.jpg,illegal_dumping,done,2026-06-04T13:49:12.566938+00:00,0.049,0.797,0.851,,nvidia/cosmos-reason2-8b,"DUMPING PRESENT: No
ORDINANCE VIOLATION: No
WASTE TYPE: mixed
WASTE VOLUME: small (pickup truck)
WASTE ORIGIN: residential
PROPERTY TYPE: right-of-way
ADDRESS MARKERS: NONE
GUTTER/ALLEY: Yes
WATER PROXIMITY: No
CHRONIC SITE: No
VEHICLES: <color=N/A, type=car>
IDENTIFIERS: <plates=N/A>
SEVERITY: 1
ORDINANCE: N/A
PRIORITY: LOW
SUMMARY: No illegal dumping is observed in the video."
20260604T134116Z,DT_10th_and_Madison_Jefferson_1_20260602T134500.jpg,,,dataset_20260603_063335/DT_10th_and_Madison_Jefferson_1/DT_10th_and_Madison_Jefferson_1_20260602T134500.jpg,illegal_dumping,done,2026-06-04T13:49:12.647127+00:00,0.048,0.794,0.844,,nvidia/cosmos-reason2-8b,"DUMPING PRESENT: No
ORDINANCE VIOLATION: No
WASTE TYPE: mixed
WASTE VOLUME: small (pickup truck)
WASTE ORIGIN: residential
PROPERTY TYPE: vacant-lot
ADDRESS MARKERS: NONE
GUTTER/ALLEY: No
WATER PROXIMITY: No
CHRONIC SITE: No
VEHICLES: NONE
IDENTIFIERS: NONE
SEVERITY: 1
ORDINANCE: N/A
PRIORITY: LOW
SUMMARY: No illegal dumping detected in the video."
20260604T134116Z,DT_10th_and_Madison_Jefferson_1_20260602T140000.jpg,,,dataset_20260603_063335/DT_10th_and_Madison_Jefferson_1/DT_10th_and_Madison_Jefferson_1_20260602T140000.jpg,illegal_dumping,done,2026-06-04T13:49:13.027331+00:00,0.045,0.67,0.718,,nvidia/cosmos-reason2-8b,"DUMPING PRESENT: No
ORDINANCE VIOLATION: No
WASTE TYPE: mixed
WASTE VOLUME: small (pickup truck)
WASTE ORIGIN: residential
PROPERTY TYPE: right-of-way
ADDRESS MARKERS: NONE
GUTTER/ALLEY: Yes
WATER PROXIMITY: No
CHRONIC SITE: No
VEHICLES: NONE
IDENTIFIERS: NONE
SEVERITY: 1
ORDINANCE: N/A
PRIORITY: LOW
SUMMARY: No illegal dumping detected in the right-of-way area."
20260604T134116Z,DT_10th_and_Madison_Jefferson_1_20260602T141500.jpg,,,dataset_20260603_063335/DT_10th_and_Madison_Jefferson_1/DT_10th_and_Madison_Jefferson_1_20260602T141500.jpg,illegal_dumping,done,2026-06-04T13:49:13.162086+00:00,0.043,0.737,0.783,,nvidia/cosmos-reason2-8b,"DUMPING PRESENT: No
ORDINANCE VIOLATION: No
WASTE TYPE: mixed
WASTE VOLUME: small (pickup truck)
WASTE ORIGIN: residential
PROPERTY TYPE: alley
ADDRESS MARKERS: NONE
GUTTER/ALLEY: Yes
WATER PROXIMITY: No
CHRONIC SITE: No
VEHICLES: NONE
IDENTIFIERS: NONE
SEVERITY: 1
ORDINANCE: N/A
PRIORITY: LOW
SUMMARY: No illegal dumping detected in the alleyway; no visible waste or debris on the ground."
20260604T134116Z,DT_10th_and_Madison_Jefferson_1_20260602T143000.jpg,,,dataset_20260603_063335/DT_10th_and_Madison_Jefferson_1/DT_10th_and_Madison_Jefferson_1_20260602T143000.jpg,illegal_dumping,done,2026-06-04T13:49:13.420978+00:00,0.041,0.784,0.828,,nvidia/cosmos-reason2-8b,"DUMPING PRESENT: No
ORDINANCE VIOLATION: No
WASTE TYPE: mixed
WASTE VOLUME: small (pickup truck)
WASTE ORIGIN: residential
PROPERTY TYPE: alley
ADDRESS MARKERS: NONE
GUTTER/ALLEY: Yes
WATER PROXIMITY: No
CHRONIC SITE: No
VEHICLES: <color, type, any text visible — or NONE>
IDENTIFIERS: <plates, signage, labels, individuals — or NONE>
SEVERITY: 1
ORDINANCE: N/A
PRIORITY: LOW
SUMMARY: No illegal dumping detected in the alleyway."
20260604T134116Z,DT_10th_and_Madison_Jefferson_1_20260602T144500.jpg,,,dataset_20260603_063335/DT_10th_and_Madison_Jefferson_1/DT_10th_and_Madison_Jefferson_1_20260602T144500.jpg,illegal_dumping,done,2026-06-04T13:49:13.494593+00:00,0.038,0.938,0.979,,nvidia/cosmos-reason2-8b,"DUMPING PRESENT: Yes
ORDINANCE VIOLATION: Yes
WASTE TYPE: mixed
WASTE VOLUME: small (pickup truck)
WASTE ORIGIN: residential
PROPERTY TYPE: right-of-way
ADDRESS MARKERS: NONE
GUTTER/ALLEY: Yes
WATER PROXIMITY: No
CHRONIC SITE: No
VEHICLES: <color, type, any text visible — or NONE>
IDENTIFIERS: <plates, signage, labels, individuals — or NONE>
SEVERITY: 2
ORDINANCE: Sec-46-45
PRIORITY: MEDIUM
SUMMARY: A small pile of mixed waste is illegally dumped in the right-of-way, violating Brownsville's ordinance against improper disposal on private or public property.
"
20260604T134116Z,DT_10th_and_Madison_Jefferson_1_20260602T150000.jpg,,,dataset_20260603_063335/DT_10th_and_Madison_Jefferson_1/DT_10th_and_Madison_Jefferson_1_20260602T150000.jpg,illegal_dumping,done,2026-06-04T13:49:13.748323+00:00,0.043,0.725,0.771,,nvidia/cosmos-reason2-8b,"DUMPING PRESENT: No
ORDINANCE VIOLATION: No
WASTE TYPE: mixed
WASTE VOLUME: small (pickup truck)
WASTE ORIGIN: residential
PROPERTY TYPE: right-of-way
ADDRESS MARKERS: NONE
GUTTER/ALLEY: No
WATER PROXIMITY: No
CHRONIC SITE: No
VEHICLES: <color, type, any text visible — or NONE>
IDENTIFIERS: <plates, signage, labels, individuals — or NONE>
SEVERITY: 1
ORDINANCE: N/A
PRIORITY: LOW
SUMMARY: No illegal dumping is observed in the video."
20260604T134116Z,DT_10th_and_Madison_Jefferson_1_20260602T151500.jpg,,,dataset_20260603_063335/DT_10th_and_Madison_Jefferson_1/DT_10th_and_Madison_Jefferson_1_20260602T151500.jpg,illegal_dumping,done,2026-06-04T13:49:13.949454+00:00,0.045,0.851,0.9,,nvidia/cosmos-reason2-8b,"DUMPING PRESENT: Yes
ORDINANCE VIOLATION: Yes
WASTE TYPE: mixed
WASTE VOLUME: small (pickup truck)
WASTE ORIGIN: residential
PROPERTY TYPE: right-of-way
ADDRESS MARKERS: NONE
GUTTER/ALLEY: Yes
WATER PROXIMITY: No
CHRONIC SITE: No
VEHICLES: NONE
IDENTIFIERS: NONE
SEVERITY: 2
ORDINANCE: Sec-46-45
PRIORITY: MEDIUM
SUMMARY: Illegal dumping of mixed waste is observed in the right-of-way, violating Brownsville's property owner liability ordinance.
"
20260604T134116Z,DT_10th_and_Madison_Jefferson_1_20260602T153000.jpg,,,dataset_20260603_063335/DT_10th_and_Madison_Jefferson_1/DT_10th_and_Madison_Jefferson_1_20260602T153000.jpg,illegal_dumping,done,2026-06-04T13:49:14.251915+00:00,0.047,0.763,0.813,,nvidia/cosmos-reason2-8b,"DUMPING PRESENT: No
ORDINANCE VIOLATION: No
WASTE TYPE: N/A
WASTE VOLUME: N/A
WASTE ORIGIN: N/A
PROPERTY TYPE: right-of-way
ADDRESS MARKERS: NONE
GUTTER/ALLEY: No
WATER PROXIMITY: No
CHRONIC SITE: No
VEHICLES: <color, type, any text visible — or NONE>
IDENTIFIERS: N/A
SEVERITY: 1
ORDINANCE: N/A
PRIORITY: LOW
SUMMARY: No dumping observed; scene shows a residential area with parked vehicles and greenery."
20260604T134116Z,DT_10th_and_Madison_Jefferson_1_20260602T154500.jpg,,,dataset_20260603_063335/DT_10th_and_Madison_Jefferson_1/DT_10th_and_Madison_Jefferson_1_20260602T154500.jpg,illegal_dumping,done,2026-06-04T13:49:14.476799+00:00,0.043,0.698,0.744,,nvidia/cosmos-reason2-8b,"DUMPING PRESENT: No
ORDINANCE VIOLATION: No
WASTE TYPE: mixed
WASTE VOLUME: small (pickup truck)
WASTE ORIGIN: residential
PROPERTY TYPE: alley
ADDRESS MARKERS: NONE
GUTTER/ALLEY: Yes
WATER PROXIMITY: No
CHRONIC SITE: No
VEHICLES: None
IDENTIFIERS: None
SEVERITY: 1
ORDINANCE: N/A
PRIORITY: LOW
SUMMARY: No illegal dumping is observed in the alleyway."
20260604T134116Z,DT_10th_and_Madison_Jefferson_1_20260602T160000.jpg,,,dataset_20260603_063335/DT_10th_and_Madison_Jefferson_1/DT_10th_and_Madison_Jefferson_1_20260602T160000.jpg,illegal_dumping,done,2026-06-04T13:49:14.522122+00:00,0.052,0.942,0.997,,nvidia/cosmos-reason2-8b,"DUMPING PRESENT: No
ORDINANCE VIOLATION: No
WASTE TYPE: mixed
WASTE VOLUME: small (pickup truck)
WASTE ORIGIN: residential
PROPERTY TYPE: alley
ADDRESS MARKERS: NONE
GUTTER/ALLEY: Yes
WATER PROXIMITY: No
CHRONIC SITE: No
VEHICLES: <color, type, any text visible — or NONE>
IDENTIFIERS: <plates, signage, labels, individuals — or NONE>
SEVERITY: 1
ORDINANCE: N/A
PRIORITY: LOW
SUMMARY: No illegal dumping detected in the alleyway; no waste or debris visible on the ground or in the immediate vicinity of the vehicles."
20260604T134116Z,DT_10th_and_Madison_Jefferson_1_20260602T161500.jpg,,,dataset_20260603_063335/DT_10th_and_Madison_Jefferson_1/DT_10th_and_Madison_Jefferson_1_20260602T161500.jpg,illegal_dumping,done,2026-06-04T13:49:14.851481+00:00,0.05,0.709,0.762,,nvidia/cosmos-reason2-8b,"DUMPING PRESENT: No
ORDINANCE VIOLATION: No
WASTE TYPE: mixed
WASTE VOLUME: small (pickup truck)
WASTE ORIGIN: residential
PROPERTY TYPE: alley
ADDRESS MARKERS: NONE
GUTTER/ALLEY: Yes
WATER PROXIMITY: No
CHRONIC SITE: No
VEHICLES: <color, type, any text visible — or NONE>
IDENTIFIERS: <plates, signage, labels, individuals — or NONE>
SEVERITY: 1
ORDINANCE: N/A
PRIORITY: LOW
SUMMARY: No illegal dumping observed in the alleyway."
20260604T134116Z,DT_10th_and_Madison_Jefferson_1_20260602T163000.jpg,,,dataset_20260603_063335/DT_10th_and_Madison_Jefferson_1/DT_10th_and_Madison_Jefferson_1_20260602T163000.jpg,illegal_dumping,done,2026-06-04T13:49:15.068240+00:00,0.041,0.684,0.729,,nvidia/cosmos-reason2-8b,"DUMPING PRESENT: No
ORDINANCE VIOLATION: No
WASTE TYPE: mixed
WASTE VOLUME: small (pickup truck)
WASTE ORIGIN: residential
PROPERTY TYPE: alley
ADDRESS MARKERS: NONE
GUTTER/ALLEY: Yes
WATER PROXIMITY: No
CHRONIC SITE: No
VEHICLES: <color, type, any text visible — or NONE>
IDENTIFIERS: <plates, signage, labels, individuals — or NONE>
SEVERITY: 1
ORDINANCE: N/A
PRIORITY: LOW
SUMMARY: No illegal dumping observed in the alleyway."
20260604T134116Z,DT_10th_and_Madison_Jefferson_1_20260602T164500.jpg,,,dataset_20260603_063335/DT_10th_and_Madison_Jefferson_1/DT_10th_and_Madison_Jefferson_1_20260602T164500.jpg,illegal_dumping,done,2026-06-04T13:49:15.223208+00:00,0.036,0.728,0.778,,nvidia/cosmos-reason2-8b,"DUMPING PRESENT: No
ORDINANCE VIOLATION: No
WASTE TYPE: mixed
WASTE VOLUME: small (pickup truck)
WASTE ORIGIN: residential
PROPERTY TYPE: alley
ADDRESS MARKERS: NONE
GUTTER/ALLEY: Yes
WATER PROXIMITY: No
CHRONIC SITE: No
VEHICLES: <color, type, any text visible — or NONE>
IDENTIFIERS: <plates, signage, labels, individuals — or NONE>
SEVERITY: 1
ORDINANCE: N/A
PRIORITY: LOW
SUMMARY: No illegal dumping is observed in the alleyway."
20260604T134116Z,DT_10th_and_Madison_Jefferson_1_20260602T170000.jpg,,,dataset_20260603_063335/DT_10th_and_Madison_Jefferson_1/DT_10th_and_Madison_Jefferson_1_20260602T170000.jpg,illegal_dumping,done,2026-06-04T13:49:15.521682+00:00,0.039,0.728,0.77,,nvidia/cosmos-reason2-8b,"DUMPING PRESENT: No
ORDINANCE VIOLATION: No
WASTE TYPE: mixed
WASTE VOLUME: small (pickup truck)
WASTE ORIGIN: residential
PROPERTY TYPE: alley
ADDRESS MARKERS: NONE
GUTTER/ALLEY: Yes
WATER PROXIMITY: No
CHRONIC SITE: No
VEHICLES: NONE
IDENTIFIERS: NONE
SEVERITY: 1
ORDINANCE: N/A
PRIORITY: LOW
SUMMARY: No illegal dumping detected in the alleyway; the scene appears clean with no visible waste or debris."
20260604T134116Z,DT_10th_and_Madison_Jefferson_1_20260602T171500.jpg,,,dataset_20260603_063335/DT_10th_and_Madison_Jefferson_1/DT_10th_and_Madison_Jefferson_1_20260602T171500.jpg,illegal_dumping,done,2026-06-04T13:49:15.615719+00:00,0.039,0.854,0.897,,nvidia/cosmos-reason2-8b,"DUMPING PRESENT: No
ORDINANCE VIOLATION: No
WASTE TYPE: N/A
WASTE VOLUME: N/A
WASTE ORIGIN: N/A
PROPERTY TYPE: right-of-way
ADDRESS MARKERS: NONE
GUTTER/ALLEY: Yes
WATER PROXIMITY: No
CHRONIC SITE: No
VEHICLES: <color, type, any text visible — or NONE>
IDENTIFIERS: <plates, signage, labels, individuals — or NONE>
SEVERITY: 1
ORDINANCE: N/A
PRIORITY: LOW
SUMMARY: No dumping observed in the right-of-way area."
20260604T134116Z,DT_10th_and_Madison_Jefferson_1_20260602T173000.jpg,,,dataset_20260603_063335/DT_10th_and_Madison_Jefferson_1/DT_10th_and_Madison_Jefferson_1_20260602T173000.jpg,illegal_dumping,done,2026-06-04T13:49:15.799472+00:00,0.04,0.784,0.828,,nvidia/cosmos-reason2-8b,"DUMPING PRESENT: No
ORDINANCE VIOLATION: No
WASTE TYPE: mixed
WASTE VOLUME: small (pickup truck)
WASTE ORIGIN: residential
PROPERTY TYPE: alley
ADDRESS MARKERS: NONE
GUTTER/ALLEY: Yes
WATER PROXIMITY: No
CHRONIC SITE: No
VEHICLES: None
IDENTIFIERS: None
SEVERITY: 1
ORDINANCE: N/A
PRIORITY: LOW
SUMMARY: No illegal dumping observed in the alleyway; the scene appears clean with no visible waste or debris."
20260604T134116Z,DT_10th_and_Madison_Jefferson_1_20260602T174500.jpg,,,dataset_20260603_063335/DT_10th_and_Madison_Jefferson_1/DT_10th_and_Madison_Jefferson_1_20260602T174500.jpg,illegal_dumping,done,2026-06-04T13:49:16.003498+00:00,0.044,0.777,0.824,,nvidia/cosmos-reason2-8b,"DUMPING PRESENT: No
ORDINANCE VIOLATION: No
WASTE TYPE: mixed
WASTE VOLUME: small (pickup truck)
WASTE ORIGIN: residential
PROPERTY TYPE: alley
ADDRESS MARKERS: NONE
GUTTER/ALLEY: Yes
WATER PROXIMITY: No
CHRONIC SITE: No
VEHICLES: NONE
IDENTIFIERS: NONE
SEVERITY: 1
ORDINANCE: N/A
PRIORITY: LOW
SUMMARY: No illegal dumping detected in the alleyway; the scene appears clean with no visible waste or debris."
20260604T134116Z,DT_10th_and_Madison_Jefferson_1_20260602T180000.jpg,,,dataset_20260603_063335/DT_10th_and_Madison_Jefferson_1/DT_10th_and_Madison_Jefferson_1_20260602T180000.jpg,illegal_dumping,done,2026-06-04T13:49:16.294621+00:00,0.042,0.698,0.743,,nvidia/cosmos-reason2-8b,"DUMPING PRESENT: No
ORDINANCE VIOLATION: No
WASTE TYPE: mixed
WASTE VOLUME: small (pickup truck)
WASTE ORIGIN: residential
PROPERTY TYPE: alley
ADDRESS MARKERS: NONE
GUTTER/ALLEY: Yes
WATER PROXIMITY: No
CHRONIC SITE: No
VEHICLES: NONE
IDENTIFIERS: NONE
SEVERITY: 1
ORDINANCE: N/A
PRIORITY: LOW
SUMMARY: No illegal dumping detected in the alleyway; the scene appears clean with no visible waste or debris."
20260604T134116Z,DT_10th_and_Madison_Jefferson_1_20260602T181500.jpg,,,dataset_20260603_063335/DT_10th_and_Madison_Jefferson_1/DT_10th_and_Madison_Jefferson_1_20260602T181500.jpg,illegal_dumping,done,2026-06-04T13:49:16.514925+00:00,0.038,0.765,0.806,,nvidia/cosmos-reason2-8b,"DUMPING PRESENT: No
ORDINANCE VIOLATION: No
WASTE TYPE: mixed
WASTE VOLUME: small (pickup truck)
WASTE ORIGIN: residential
PROPERTY TYPE: alley
ADDRESS MARKERS: NONE
GUTTER/ALLEY: Yes
WATER PROXIMITY: No
CHRONIC SITE: No
VEHICLES: NONE
IDENTIFIERS: NONE
SEVERITY: 1
ORDINANCE: N/A
PRIORITY: LOW
SUMMARY: No illegal dumping detected in the alleyway; the scene appears clean with no visible waste or debris."
20260604T134116Z,DT_10th_and_Madison_Jefferson_1_20260602T183000.jpg,,,dataset_20260603_063335/DT_10th_and_Madison_Jefferson_1/DT_10th_and_Madison_Jefferson_1_20260602T183000.jpg,illegal_dumping,done,2026-06-04T13:49:16.629323+00:00,0.052,0.768,0.822,,nvidia/cosmos-reason2-8b,"DUMPING PRESENT: No
ORDINANCE VIOLATION: No
WASTE TYPE: mixed
WASTE VOLUME: small (pickup truck)
WASTE ORIGIN: residential
PROPERTY TYPE: right-of-way
ADDRESS MARKERS: NONE
GUTTER/ALLEY: Yes
WATER PROXIMITY: No
CHRONIC SITE: No
VEHICLES: <color, type, any text visible — or NONE>
IDENTIFIERS: <plates, signage, labels, individuals — or NONE>
SEVERITY: 1
ORDINANCE: N/A
PRIORITY: LOW
SUMMARY: No illegal dumping detected in the right-of-way area."
20260604T134116Z,DT_10th_and_Madison_Jefferson_1_20260602T184500.jpg,,,dataset_20260603_063335/DT_10th_and_Madison_Jefferson_1/DT_10th_and_Madison_Jefferson_1_20260602T184500.jpg,illegal_dumping,done,2026-06-04T13:49:16.830425+00:00,0.038,0.777,0.818,,nvidia/cosmos-reason2-8b,"DUMPING PRESENT: No
ORDINANCE VIOLATION: No
WASTE TYPE: mixed
WASTE VOLUME: small (pickup truck)
WASTE ORIGIN: residential
PROPERTY TYPE: alley
ADDRESS MARKERS: NONE
GUTTER/ALLEY: Yes
WATER PROXIMITY: No
CHRONIC SITE: No
VEHICLES: <color, type, any text visible — or NONE>
IDENTIFIERS: <plates, signage, labels, individuals — or NONE>
SEVERITY: 1
ORDINANCE: N/A
PRIORITY: LOW
SUMMARY: No illegal dumping observed in the alleyway."
20260604T134116Z,DT_10th_and_Madison_Jefferson_1_20260602T190000.jpg,,,dataset_20260603_063335/DT_10th_and_Madison_Jefferson_1/DT_10th_and_Madison_Jefferson_1_20260602T190000.jpg,illegal_dumping,done,2026-06-04T13:49:17.040451+00:00,0.043,0.789,0.835,,nvidia/cosmos-reason2-8b,"DUMPING PRESENT: Yes
ORDINANCE VIOLATION: Yes
WASTE TYPE: mixed
WASTE VOLUME: small (pickup truck)
WASTE ORIGIN: residential
PROPERTY TYPE: alley
ADDRESS MARKERS: NONE
GUTTER/ALLEY: Yes
WATER PROXIMITY: No
CHRONIC SITE: No
VEHICLES: NONE
IDENTIFIERS: NONE
SEVERITY: 2
ORDINANCE: Sec-46-45
PRIORITY: MEDIUM
SUMMARY: A small amount of mixed waste is illegally dumped in an alley, violating Brownsville's property owner liability ordinance.
"
20260604T134116Z,DT_10th_and_Madison_Jefferson_1_20260602T191500.jpg,,,dataset_20260603_063335/DT_10th_and_Madison_Jefferson_1/DT_10th_and_Madison_Jefferson_1_20260602T191500.jpg,illegal_dumping,done,2026-06-04T13:49:17.323778+00:00,0.043,0.729,0.774,,nvidia/cosmos-reason2-8b,"DUMPING PRESENT: No
ORDINANCE VIOLATION: No
WASTE TYPE:
WASTE VOLUME:
WASTE ORIGIN:
PROPERTY TYPE: alley
ADDRESS MARKERS: NONE
GUTTER/ALLEY: Yes
WATER PROXIMITY: No
CHRONIC SITE: No
VEHICLES: <color, type, any text visible — or NONE>
IDENTIFIERS: <plates, signage, labels, individuals — or NONE>
SEVERITY: 1
ORDINANCE: N/A
PRIORITY: LOW
SUMMARY: No illegal dumping detected in the alleyway; the area appears clean with no visible waste or debris."
20260604T134116Z,DT_10th_and_Madison_Jefferson_1_20260602T193000.jpg,,,dataset_20260603_063335/DT_10th_and_Madison_Jefferson_1/DT_10th_and_Madison_Jefferson_1_20260602T193000.jpg,illegal_dumping,done,2026-06-04T13:49:17.454014+00:00,0.04,0.783,0.825,,nvidia/cosmos-reason2-8b,"DUMPING PRESENT: No
ORDINANCE VIOLATION: No
WASTE TYPE: mixed
WASTE VOLUME: small (pickup truck)
WASTE ORIGIN: residential
PROPERTY TYPE: alley
ADDRESS MARKERS: NONE
GUTTER/ALLEY: Yes
WATER PROXIMITY: No
CHRONIC SITE: No
VEHICLES: <color, type, any text visible — or NONE>
IDENTIFIERS: <plates, signage, labels, individuals — or NONE>
SEVERITY: 1
ORDINANCE: N/A
PRIORITY: LOW
SUMMARY: No illegal dumping observed in the alleyway."
20260604T134116Z,DT_10th_and_Madison_Jefferson_1_20260602T194500.jpg,,,dataset_20260603_063335/DT_10th_and_Madison_Jefferson_1/DT_10th_and_Madison_Jefferson_1_20260602T194500.jpg,illegal_dumping,done,2026-06-04T13:49:17.650988+00:00,0.042,0.829,0.873,,nvidia/cosmos-reason2-8b,"DUMPING PRESENT: No
ORDINANCE VIOLATION: No
WASTE TYPE: mixed
WASTE VOLUME: small (pickup truck)
WASTE ORIGIN: residential
PROPERTY TYPE: alley
ADDRESS MARKERS: NONE
GUTTER/ALLEY: Yes
WATER PROXIMITY: No
CHRONIC SITE: No
VEHICLES: <color, type, any text visible — or NONE>
IDENTIFIERS: <plates, signage, labels, individuals — or NONE>
SEVERITY: 1
ORDINANCE: N/A
PRIORITY: LOW
SUMMARY: No illegal dumping observed in the alleyway."
20260604T134116Z,DT_10th_and_Madison_Jefferson_1_20260602T200000.jpg,,,dataset_20260603_063335/DT_10th_and_Madison_Jefferson_1/DT_10th_and_Madison_Jefferson_1_20260602T200000.jpg,illegal_dumping,done,2026-06-04T13:49:17.878448+00:00,0.043,0.81,0.866,,nvidia/cosmos-reason2-8b,"DUMPING PRESENT: No
ORDINANCE VIOLATION: No
WASTE TYPE: mixed
WASTE VOLUME: small (pickup truck)
WASTE ORIGIN: residential
PROPERTY TYPE: alley
ADDRESS MARKERS: NONE
GUTTER/ALLEY: Yes
WATER PROXIMITY: No
CHRONIC SITE: No
VEHICLES: <color, type, any text visible — or NONE>
IDENTIFIERS: <plates, signage, labels, individuals — or NONE>
SEVERITY: 1
ORDINANCE: N/A
PRIORITY: LOW
SUMMARY: No illegal dumping observed in the alleyway."
20260604T134116Z,DT_10th_and_Madison_Jefferson_1_20260602T201500.jpg,,,dataset_20260603_063335/DT_10th_and_Madison_Jefferson_1/DT_10th_and_Madison_Jefferson_1_20260602T201500.jpg,illegal_dumping,done,2026-06-04T13:49:18.100783+00:00,0.038,0.76,0.801,,nvidia/cosmos-reason2-8b,"DUMPING PRESENT: No
ORDINANCE VIOLATION: No
WASTE TYPE: mixed
WASTE VOLUME: small (pickup truck)
WASTE ORIGIN: residential
PROPERTY TYPE: alley
ADDRESS MARKERS: NONE
GUTTER/ALLEY: Yes
WATER PROXIMITY: No
CHRONIC SITE: No
VEHICLES: None
IDENTIFIERS: None
SEVERITY: 1
ORDINANCE: N/A
PRIORITY: LOW
SUMMARY: No illegal dumping detected in the alleyway; the scene appears clean with no visible waste or debris."
20260604T134116Z,DT_10th_and_Madison_Jefferson_1_20260602T203000.jpg,,,dataset_20260603_063335/DT_10th_and_Madison_Jefferson_1/DT_10th_and_Madison_Jefferson_1_20260602T203000.jpg,illegal_dumping,done,2026-06-04T13:49:18.281395+00:00,0.046,0.811,0.859,,nvidia/cosmos-reason2-8b,"DUMPING PRESENT: No
ORDINANCE VIOLATION: No
WASTE TYPE: mixed
WASTE VOLUME: small (pickup truck)
WASTE ORIGIN: residential
PROPERTY TYPE: alley
ADDRESS MARKERS: NONE
GUTTER/ALLEY: Yes
WATER PROXIMITY: No
CHRONIC SITE: No
VEHICLES: <color, type, any text visible — or NONE>
IDENTIFIERS: <plates, signage, labels, individuals — or NONE>
SEVERITY: 1
ORDINANCE: N/A
PRIORITY: LOW
SUMMARY: No illegal dumping detected in the alleyway; no waste or debris observed on the ground."
20260604T134116Z,DT_10th_and_Madison_Jefferson_1_20260602T204500.jpg,,,dataset_20260603_063335/DT_10th_and_Madison_Jefferson_1/DT_10th_and_Madison_Jefferson_1_20260602T204500.jpg,illegal_dumping,done,2026-06-04T13:49:18.527150+00:00,0.051,0.778,0.831,,nvidia/cosmos-reason2-8b,"DUMPING PRESENT: Yes
ORDINANCE VIOLATION: Yes
WASTE TYPE: mixed
WASTE VOLUME: small (pickup truck)
WASTE ORIGIN: residential
PROPERTY TYPE: alley
ADDRESS MARKERS: NONE
GUTTER/ALLEY: Yes
WATER PROXIMITY: No
CHRONIC SITE: No
VEHICLES: NONE
IDENTIFIERS: NONE
SEVERITY: 2
ORDINANCE: Sec-46-45
PRIORITY: MEDIUM
SUMMARY: A vehicle is parked in the alley with debris visible on the ground, indicating illegal dumping on private property that violates Brownsville's ordinance.
"
20260604T134116Z,DT_10th_and_Madison_Jefferson_1_20260602T210000.jpg,,,dataset_20260603_063335/DT_10th_and_Madison_Jefferson_1/DT_10th_and_Madison_Jefferson_1_20260602T210000.jpg,illegal_dumping,done,2026-06-04T13:49:18.746941+00:00,0.041,0.715,0.759,,nvidia/cosmos-reason2-8b,"DUMPING PRESENT: No
ORDINANCE VIOLATION: No
WASTE TYPE: mixed
WASTE VOLUME: small (pickup truck)
WASTE ORIGIN: residential
PROPERTY TYPE: alley
ADDRESS MARKERS: NONE
GUTTER/ALLEY: Yes
WATER PROXIMITY: No
CHRONIC SITE: No
VEHICLES: <color, type, any text visible — or NONE>
IDENTIFIERS: <plates, signage, labels, individuals — or NONE>
SEVERITY: 1
ORDINANCE: N/A
PRIORITY: LOW
SUMMARY: No illegal dumping detected in the alleyway."
20260604T134116Z,DT_10th_and_Madison_Jefferson_1_20260602T211500.jpg,,,dataset_20260603_063335/DT_10th_and_Madison_Jefferson_1/DT_10th_and_Madison_Jefferson_1_20260602T211500.jpg,illegal_dumping,done,2026-06-04T13:49:18.904109+00:00,0.039,0.806,0.848,,nvidia/cosmos-reason2-8b,"```json
{
  ""DUMPING PRESENT"": ""No"",
  ""ORDINANCE VIOLATION"": ""No"",
  ""WASTE TYPE"": [],
  ""WASTE VOLUME"": ""small (pickup truck)"",
  ""WASTE ORIGIN"": ""residential"",
  ""PROPERTY TYPE"": ""right-of-way"",
  ""ADDRESS MARKERS"": ""NONE"",
  ""GUTTER/ALLEY"": ""Yes"",
  ""WATER PROXIMITY"": ""No"",
  ""CHRONIC SITE"": ""No"",
  ""VEHICLES"": ""NONE"",
  ""IDENTIFIERS"": ""NONE"",
  ""SEVERITY"": ""1"",
  ""ORDINANCE"": ""N/A"",
  ""PRIORITY"": ""LOW"",
  ""SUMMARY"": ""No illegal dumping detected; the scene shows a quiet alleyway with no visible waste or violations.""
}
```"
20260604T134116Z,DT_10th_and_Madison_Jefferson_1_20260602T213000.jpg,,,dataset_20260603_063335/DT_10th_and_Madison_Jefferson_1/DT_10th_and_Madison_Jefferson_1_20260602T213000.jpg,illegal_dumping,done,2026-06-04T13:49:19.144068+00:00,0.044,0.767,0.814,,nvidia/cosmos-reason2-8b,"DUMPING PRESENT: No
ORDINANCE VIOLATION: No
WASTE TYPE: mixed
WASTE VOLUME: small (pickup truck)
WASTE ORIGIN: residential
PROPERTY TYPE: alley
ADDRESS MARKERS: NONE
GUTTER/ALLEY: Yes
WATER PROXIMITY: No
CHRONIC SITE: No
VEHICLES: <color, type, any text visible — or NONE>
IDENTIFIERS: <plates, signage, labels, individuals — or NONE>
SEVERITY: 1
ORDINANCE: N/A
PRIORITY: LOW
SUMMARY: No illegal dumping observed in the alleyway."
20260604T134116Z,DT_10th_and_Madison_Jefferson_1_20260602T214500.jpg,,,dataset_20260603_063335/DT_10th_and_Madison_Jefferson_1/DT_10th_and_Madison_Jefferson_1_20260602T214500.jpg,illegal_dumping,done,2026-06-04T13:49:19.360798+00:00,0.046,0.656,0.705,,nvidia/cosmos-reason2-8b,"DUMPING PRESENT: No
ORDINANCE VIOLATION: No
WASTE TYPE: mixed
WASTE VOLUME: small (pickup truck)
WASTE ORIGIN: residential
PROPERTY TYPE: occupied-private
ADDRESS MARKERS: <NONE>
GUTTER/ALLEY: No
WATER PROXIMITY: No
CHRONIC SITE: No
VEHICLES: <NONE>
IDENTIFIERS: <NONE>
SEVERITY: 1
ORDINANCE: N/A
PRIORITY: LOW
SUMMARY: No illegal dumping detected in the video."
20260604T134116Z,DT_10th_and_Madison_Jefferson_1_20260602T220000.jpg,,,dataset_20260603_063335/DT_10th_and_Madison_Jefferson_1/DT_10th_and_Madison_Jefferson_1_20260602T220000.jpg,illegal_dumping,done,2026-06-04T13:49:19.507747+00:00,0.042,0.754,0.798,,nvidia/cosmos-reason2-8b,"DUMPING PRESENT: No
ORDINANCE VIOLATION: No
WASTE TYPE: mixed
WASTE VOLUME: small (pickup truck)
WASTE ORIGIN: residential
PROPERTY TYPE: alley
ADDRESS MARKERS: NONE
GUTTER/ALLEY: Yes
WATER PROXIMITY: No
CHRONIC SITE: No
VEHICLES: <color, type, any text visible — or NONE>
IDENTIFIERS: <plates, signage, labels, individuals — or NONE>
SEVERITY: 1
ORDINANCE: N/A
PRIORITY: LOW
SUMMARY: No illegal dumping observed in the alleyway."
20260604T134116Z,DT_10th_and_Madison_Jefferson_1_20260602T221500.jpg,,,dataset_20260603_063335/DT_10th_and_Madison_Jefferson_1/DT_10th_and_Madison_Jefferson_1_20260602T221500.jpg,illegal_dumping,done,2026-06-04T13:49:19.755584+00:00,0.047,0.686,0.736,,nvidia/cosmos-reason2-8b,"DUMPING PRESENT: No
ORDINANCE VIOLATION: No
WASTE TYPE: mixed
WASTE VOLUME: small (pickup truck)
WASTE ORIGIN: residential
PROPERTY TYPE: alley
ADDRESS MARKERS: NONE
GUTTER/ALLEY: Yes
WATER PROXIMITY: No
CHRONIC SITE: No
VEHICLES: NONE
IDENTIFIERS: NONE
SEVERITY: 1
ORDINANCE: N/A
PRIORITY: LOW
SUMMARY: No illegal dumping detected in the alleyway; the scene appears clean with no visible waste or debris."
20260604T134116Z,DT_10th_and_Madison_Jefferson_1_20260602T223000.jpg,,,dataset_20260603_063335/DT_10th_and_Madison_Jefferson_1/DT_10th_and_Madison_Jefferson_1_20260602T223000.jpg,illegal_dumping,done,2026-06-04T13:49:19.960293+00:00,0.045,0.944,0.992,,nvidia/cosmos-reason2-8b,"DUMPING PRESENT: No
ORDINANCE VIOLATION: No
WASTE TYPE: mixed
WASTE VOLUME: small (pickup truck)
WASTE ORIGIN: residential
PROPERTY TYPE: alley
ADDRESS MARKERS: NONE
GUTTER/ALLEY: Yes
WATER PROXIMITY: No
CHRONIC SITE: No
VEHICLES: <color, type, any text visible — or NONE>
IDENTIFIERS: <plates, signage, labels, individuals — or NONE>
SEVERITY: 1
ORDINANCE: N/A
PRIORITY: LOW
SUMMARY: No illegal dumping observed in the alleyway."
20260604T134116Z,DT_10th_and_Madison_Jefferson_1_20260602T224500.jpg,,,dataset_20260603_063335/DT_10th_and_Madison_Jefferson_1/DT_10th_and_Madison_Jefferson_1_20260602T224500.jpg,illegal_dumping,done,2026-06-04T13:49:20.067842+00:00,0.033,0.749,0.785,,nvidia/cosmos-reason2-8b,"DUMPING PRESENT: No
ORDINANCE VIOLATION: No
WASTE TYPE: mixed
WASTE VOLUME: small (pickup truck)
WASTE ORIGIN: residential
PROPERTY TYPE: alley
ADDRESS MARKERS: NONE
GUTTER/ALLEY: Yes
WATER PROXIMITY: No
CHRONIC SITE: No
VEHICLES: NONE
IDENTIFIERS: NONE
SEVERITY: 1
ORDINANCE: N/A
PRIORITY: LOW
SUMMARY: No illegal dumping observed in the alleyway; environment appears clean with no visible waste or debris."
20260604T134116Z,DT_10th_and_Madison_Jefferson_1_20260602T230000.jpg,,,dataset_20260603_063335/DT_10th_and_Madison_Jefferson_1/DT_10th_and_Madison_Jefferson_1_20260602T230000.jpg,illegal_dumping,done,2026-06-04T13:49:20.308182+00:00,0.047,0.812,0.862,,nvidia/cosmos-reason2-8b,"DUMPING PRESENT: No
ORDINANCE VIOLATION: No
WASTE TYPE: mixed
WASTE VOLUME: small (pickup truck)
WASTE ORIGIN: residential
PROPERTY TYPE: alley
ADDRESS MARKERS: NONE
GUTTER/ALLEY: Yes
WATER PROXIMITY: No
CHRONIC SITE: No
VEHICLES: <color, type, any text visible — or NONE>
IDENTIFIERS: <plates, signage, labels, individuals — or NONE>
SEVERITY: 1
ORDINANCE: N/A
PRIORITY: LOW
SUMMARY: No illegal dumping observed in the alleyway."
20260604T134116Z,DT_10th_and_Madison_Jefferson_1_20260602T231500.jpg,,,dataset_20260603_063335/DT_10th_and_Madison_Jefferson_1/DT_10th_and_Madison_Jefferson_1_20260602T231500.jpg,illegal_dumping,done,2026-06-04T13:49:20.494207+00:00,0.049,0.733,0.784,,nvidia/cosmos-reason2-8b,"DUMPING PRESENT: No
ORDINANCE VIOLATION: No
WASTE TYPE: mixed
WASTE VOLUME: small (pickup truck)
WASTE ORIGIN: residential
PROPERTY TYPE: alley
ADDRESS MARKERS: NONE
GUTTER/ALLEY: Yes
WATER PROXIMITY: No
CHRONIC SITE: No
VEHICLES: <color, type, any text visible — or NONE>
IDENTIFIERS: <plates, signage, labels, individuals — or NONE>
SEVERITY: 1
ORDINANCE: N/A
PRIORITY: LOW
SUMMARY: No illegal dumping observed in the alleyway."
20260604T134116Z,DT_10th_and_Madison_Jefferson_1_20260602T233000.jpg,,,dataset_20260603_063335/DT_10th_and_Madison_Jefferson_1/DT_10th_and_Madison_Jefferson_1_20260602T233000.jpg,illegal_dumping,done,2026-06-04T13:49:20.855641+00:00,0.043,0.728,0.774,,nvidia/cosmos-reason2-8b,"DUMPING PRESENT: No
ORDINANCE VIOLATION: No
WASTE TYPE: mixed
WASTE VOLUME: small (pickup truck)
WASTE ORIGIN: residential
PROPERTY TYPE: alley
ADDRESS MARKERS: NONE
GUTTER/ALLEY: Yes
WATER PROXIMITY: No
CHRONIC SITE: No
VEHICLES: NONE
IDENTIFIERS: NONE
SEVERITY: 1
ORDINANCE: N/A
PRIORITY: LOW
SUMMARY: No illegal dumping detected in the alleyway; no waste or debris visible on the ground or in the immediate vicinity."
20260604T134116Z,DT_10th_and_Madison_Jefferson_1_20260602T234500.jpg,,,dataset_20260603_063335/DT_10th_and_Madison_Jefferson_1/DT_10th_and_Madison_Jefferson_1_20260602T234500.jpg,illegal_dumping,done,2026-06-04T13:49:20.954307+00:00,0.051,0.773,0.826,,nvidia/cosmos-reason2-8b,"DUMPING PRESENT: No
ORDINANCE VIOLATION: No
WASTE TYPE: mixed
WASTE VOLUME: small (pickup truck)
WASTE ORIGIN: residential
PROPERTY TYPE: alley
ADDRESS MARKERS: NONE
GUTTER/ALLEY: Yes
WATER PROXIMITY: No
CHRONIC SITE: No
VEHICLES: NONE
IDENTIFIERS: NONE
SEVERITY: 1
ORDINANCE: N/A
PRIORITY: LOW
SUMMARY: No illegal dumping detected in the alleyway; the scene appears clean with no visible waste or debris."
20260604T134116Z,DT_10th_and_Madison_Jefferson_4_20260602T000000.jpg,,,dataset_20260603_063335/DT_10th_and_Madison_Jefferson_4/DT_10th_and_Madison_Jefferson_4_20260602T000000.jpg,illegal_dumping,done,2026-06-04T13:49:21.805402+00:00,0.158,1.178,1.355,,nvidia/cosmos-reason2-8b,"DUMPING PRESENT: No
ORDINANCE VIOLATION: No
WASTE TYPE: mixed
WASTE VOLUME: small (pickup truck)
WASTE ORIGIN: residential
PROPERTY TYPE: alley
ADDRESS MARKERS: NONE
GUTTER/ALLEY: Yes
WATER PROXIMITY: No
CHRONIC SITE: No
VEHICLES: <color, type, any text visible — or NONE>
IDENTIFIERS: <plates, signage, labels, individuals — or NONE>
SEVERITY: 1
ORDINANCE: N/A
PRIORITY: LOW
SUMMARY: No illegal dumping observed; the scene shows a dark alleyway with a vehicle and no visible waste or debris."
20260604T134116Z,DT_10th_and_Madison_Jefferson_4_20260602T001500.jpg,,,dataset_20260603_063335/DT_10th_and_Madison_Jefferson_4/DT_10th_and_Madison_Jefferson_4_20260602T001500.jpg,illegal_dumping,done,2026-06-04T13:49:21.805988+00:00,0.159,1.228,1.405,,nvidia/cosmos-reason2-8b,"DUMPING PRESENT: No
ORDINANCE VIOLATION: No
WASTE TYPE: N/A
WASTE VOLUME: N/A
WASTE ORIGIN: N/A
PROPERTY TYPE: right-of-way
ADDRESS MARKERS: NONE
GUTTER/ALLEY: No
WATER PROXIMITY: No
CHRONIC SITE: No
VEHICLES: NONE
IDENTIFIERS: N/A
SEVERITY: 1
ORDINANCE: N/A
PRIORITY: LOW
SUMMARY: No dumping observed; scene shows a dark, foggy environment with no visible waste or vehicles."
20260604T134116Z,DT_10th_and_Madison_Jefferson_4_20260602T003000.jpg,,,dataset_20260603_063335/DT_10th_and_Madison_Jefferson_4/DT_10th_and_Madison_Jefferson_4_20260602T003000.jpg,illegal_dumping,done,2026-06-04T13:49:21.806541+00:00,0.157,1.364,1.539,,nvidia/cosmos-reason2-8b,"DUMPING PRESENT: No
ORDINANCE VIOLATION: No
WASTE TYPE: mixed
WASTE VOLUME: small (pickup truck)
WASTE ORIGIN: residential
PROPERTY TYPE: right-of-way
ADDRESS MARKERS: NONE
GUTTER/ALLEY: Yes
WATER PROXIMITY: No
CHRONIC SITE: No
VEHICLES: <NONE>
IDENTIFIERS: <NONE>
SEVERITY: 1
ORDINANCE: N/A
PRIORITY: LOW
SUMMARY: No illegal dumping detected in the video."
20260604T134116Z,DT_10th_and_Madison_Jefferson_4_20260602T004500.jpg,,,dataset_20260603_063335/DT_10th_and_Madison_Jefferson_4/DT_10th_and_Madison_Jefferson_4_20260602T004500.jpg,illegal_dumping,done,2026-06-04T13:49:21.808030+00:00,0.158,1.292,1.467,,nvidia/cosmos-reason2-8b,"DUMPING PRESENT: No
ORDINANCE VIOLATION: No
WASTE TYPE: mixed
WASTE VOLUME: small (pickup truck)
WASTE ORIGIN: residential
PROPERTY TYPE: alley
ADDRESS MARKERS: NONE
GUTTER/ALLEY: Yes
WATER PROXIMITY: No
CHRONIC SITE: No
VEHICLES: <color, type, any text visible — or NONE>
IDENTIFIERS: <plates, signage, labels, individuals — or NONE>
SEVERITY: 1
ORDINANCE: N/A
PRIORITY: LOW
SUMMARY: No illegal dumping observed in the alleyway."
20260604T134116Z,DT_10th_and_Madison_Jefferson_4_20260602T010000.jpg,,,dataset_20260603_063335/DT_10th_and_Madison_Jefferson_4/DT_10th_and_Madison_Jefferson_4_20260602T010000.jpg,illegal_dumping,done,2026-06-04T13:49:23.162997+00:00,0.047,0.858,0.908,,nvidia/cosmos-reason2-8b,"DUMPING PRESENT: No
ORDINANCE VIOLATION: No
WASTE TYPE: N/A
WASTE VOLUME: N/A
WASTE ORIGIN: N/A
PROPERTY TYPE: right-of-way
ADDRESS MARKERS: NONE
GUTTER/ALLEY: No
WATER PROXIMITY: No
CHRONIC SITE: No
VEHICLES: NONE
IDENTIFIERS: N/A
SEVERITY: 1
ORDINANCE: N/A
PRIORITY: LOW
SUMMARY: No illegal dumping is observed in the video."
20260604T134116Z,DT_10th_and_Madison_Jefferson_4_20260602T011500.jpg,,,dataset_20260603_063335/DT_10th_and_Madison_Jefferson_4/DT_10th_and_Madison_Jefferson_4_20260602T011500.jpg,illegal_dumping,done,2026-06-04T13:49:23.213926+00:00,0.049,0.958,1.01,,nvidia/cosmos-reason2-8b,"DUMPING PRESENT: No
ORDINANCE VIOLATION: No
WASTE TYPE: mixed
WASTE VOLUME: small (pickup truck)
WASTE ORIGIN: residential
PROPERTY TYPE: vacant-lot
ADDRESS MARKERS: NONE
GUTTER/ALLEY: No
WATER PROXIMITY: No
CHRONIC SITE: No
VEHICLES: <color, type, any text visible — or NONE>
IDENTIFIERS: <plates, signage, labels, individuals — or NONE>
SEVERITY: 1
ORDINANCE: N/A
PRIORITY: LOW
SUMMARY: No illegal dumping observed; the scene shows a dark vehicle on a road with no visible waste or debris."
20260604T134116Z,DT_10th_and_Madison_Jefferson_4_20260602T013000.jpg,,,dataset_20260603_063335/DT_10th_and_Madison_Jefferson_4/DT_10th_and_Madison_Jefferson_4_20260602T013000.jpg,illegal_dumping,done,2026-06-04T13:49:23.277269+00:00,0.042,1.226,1.271,,nvidia/cosmos-reason2-8b,"DUMPING PRESENT: No
ORDINANCE VIOLATION: No
WASTE TYPE: mixed
WASTE VOLUME: small (pickup truck)
WASTE ORIGIN: residential
PROPERTY TYPE: alley
ADDRESS MARKERS: NONE
GUTTER/ALLEY: Yes
WATER PROXIMITY: No
CHRONIC SITE: No
VEHICLES: <color, type, any text visible — or NONE>
IDENTIFIERS: <plates, signage, labels, individuals — or NONE>
SEVERITY: 1
ORDINANCE: N/A
PRIORITY: LOW
SUMMARY: No illegal dumping observed in the alleyway; no waste or debris present."
20260604T134116Z,DT_10th_and_Madison_Jefferson_4_20260602T014500.jpg,,,dataset_20260603_063335/DT_10th_and_Madison_Jefferson_4/DT_10th_and_Madison_Jefferson_4_20260602T014500.jpg,illegal_dumping,done,2026-06-04T13:49:23.347854+00:00,0.046,0.933,0.982,,nvidia/cosmos-reason2-8b,"DUMPING PRESENT: No
ORDINANCE VIOLATION: No
WASTE TYPE: mixed
WASTE VOLUME: small (pickup truck)
WASTE ORIGIN: residential
PROPERTY TYPE: vacant-lot
ADDRESS MARKERS: NONE
GUTTER/ALLEY: No
WATER PROXIMITY: No
CHRONIC SITE: No
VEHICLES: <color, type, any text visible — or NONE>
IDENTIFIERS: <plates, signage, labels, individuals — or NONE>
SEVERITY: 1
ORDINANCE: N/A
PRIORITY: LOW
SUMMARY: No illegal dumping is observed in the video."
20260604T134116Z,DT_10th_and_Madison_Jefferson_4_20260602T020000.jpg,,,dataset_20260603_063335/DT_10th_and_Madison_Jefferson_4/DT_10th_and_Madison_Jefferson_4_20260602T020000.jpg,illegal_dumping,done,2026-06-04T13:49:24.073453+00:00,0.049,0.715,0.767,,nvidia/cosmos-reason2-8b,"DUMPING PRESENT: No
ORDINANCE VIOLATION: No
WASTE TYPE: mixed
WASTE VOLUME: small (pickup truck)
WASTE ORIGIN: residential
PROPERTY TYPE: right-of-way
ADDRESS MARKERS: NONE
GUTTER/ALLEY: Yes
WATER PROXIMITY: No
CHRONIC SITE: No
VEHICLES: <color, type, any text visible — or NONE>
IDENTIFIERS: <plates, signage, labels, individuals — or NONE>
SEVERITY: 1
ORDINANCE: N/A
PRIORITY: LOW
SUMMARY: No illegal dumping observed; scene shows a vehicle on a road with no visible waste or debris."
20260604T134116Z,DT_10th_and_Madison_Jefferson_4_20260602T021500.jpg,,,dataset_20260603_063335/DT_10th_and_Madison_Jefferson_4/DT_10th_and_Madison_Jefferson_4_20260602T021500.jpg,illegal_dumping,done,2026-06-04T13:49:24.226261+00:00,0.052,0.801,0.856,,nvidia/cosmos-reason2-8b,"DUMPING PRESENT: No
ORDINANCE VIOLATION: No
WASTE TYPE: mixed
WASTE VOLUME: small (pickup truck)
WASTE ORIGIN: residential
PROPERTY TYPE: vacant-lot
ADDRESS MARKERS: NONE
GUTTER/ALLEY: No
WATER PROXIMITY: No
CHRONIC SITE: No
VEHICLES: <color, type, any text visible — or NONE>
IDENTIFIERS: <plates, signage, labels, individuals — or NONE>
SEVERITY: 1
ORDINANCE: N/A
PRIORITY: LOW
SUMMARY: No illegal dumping observed; the scene appears to be a dark, indistinct outdoor area with no clear evidence of waste disposal violations."
20260604T134116Z,DT_10th_and_Madison_Jefferson_4_20260602T023000.jpg,,,dataset_20260603_063335/DT_10th_and_Madison_Jefferson_4/DT_10th_and_Madison_Jefferson_4_20260602T023000.jpg,illegal_dumping,done,2026-06-04T13:49:24.332450+00:00,0.053,0.816,0.872,,nvidia/cosmos-reason2-8b,"DUMPING PRESENT: No
ORDINANCE VIOLATION: No
WASTE TYPE: mixed
WASTE VOLUME: small (pickup truck)
WASTE ORIGIN: residential
PROPERTY TYPE: alley
ADDRESS MARKERS: NONE
GUTTER/ALLEY: Yes
WATER PROXIMITY: No
CHRONIC SITE: No
VEHICLES: <color, type, any text visible — or NONE>
IDENTIFIERS: <plates, signage, labels, individuals — or NONE>
SEVERITY: 1
ORDINANCE: N/A
PRIORITY: LOW
SUMMARY: No illegal dumping observed in the alleyway."
20260604T134116Z,DT_10th_and_Madison_Jefferson_4_20260602T024500.jpg,,,dataset_20260603_063335/DT_10th_and_Madison_Jefferson_4/DT_10th_and_Madison_Jefferson_4_20260602T024500.jpg,illegal_dumping,done,2026-06-04T13:49:24.550889+00:00,0.043,0.838,0.883,,nvidia/cosmos-reason2-8b,"DUMPING PRESENT: No
ORDINANCE VIOLATION: No
WASTE TYPE: mixed
WASTE VOLUME: small (pickup truck)
WASTE ORIGIN: residential
PROPERTY TYPE: right-of-way
ADDRESS MARKERS: NONE
GUTTER/ALLEY: Yes
WATER PROXIMITY: No
CHRONIC SITE: No
VEHICLES: <color, type, any text visible — or NONE>
IDENTIFIERS: <plates, signage, labels, individuals — or NONE>
SEVERITY: 1
ORDINANCE: N/A
PRIORITY: LOW
SUMMARY: No illegal dumping observed; the scene shows a vehicle on a right-of-way with no visible waste or debris."
20260604T134116Z,DT_10th_and_Madison_Jefferson_4_20260602T030000.jpg,,,dataset_20260603_063335/DT_10th_and_Madison_Jefferson_4/DT_10th_and_Madison_Jefferson_4_20260602T030000.jpg,illegal_dumping,done,2026-06-04T13:49:24.843501+00:00,0.051,0.675,0.73,,nvidia/cosmos-reason2-8b,"DUMPING PRESENT: No
ORDINANCE VIOLATION: No
WASTE TYPE: mixed
WASTE VOLUME: small (pickup truck)
WASTE ORIGIN: residential
PROPERTY TYPE: right-of-way
ADDRESS MARKERS: NONE
GUTTER/ALLEY: No
WATER PROXIMITY: No
CHRONIC SITE: No
VEHICLES: <NONE>
IDENTIFIERS: <NONE>
SEVERITY: 1
ORDINANCE: N/A
PRIORITY: LOW
SUMMARY: No illegal dumping observed; the scene shows a vehicle on a road with no visible waste or debris."
20260604T134116Z,DT_10th_and_Madison_Jefferson_4_20260602T031500.jpg,,,dataset_20260603_063335/DT_10th_and_Madison_Jefferson_4/DT_10th_and_Madison_Jefferson_4_20260602T031500.jpg,illegal_dumping,done,2026-06-04T13:49:25.085037+00:00,0.046,0.721,0.77,,nvidia/cosmos-reason2-8b,"DUMPING PRESENT: No
ORDINANCE VIOLATION: No
WASTE TYPE: mixed
WASTE VOLUME: small (pickup truck)
WASTE ORIGIN: residential
PROPERTY TYPE: alley
ADDRESS MARKERS: NONE
GUTTER/ALLEY: Yes
WATER PROXIMITY: No
CHRONIC SITE: No
VEHICLES: <color, type, any text visible — or NONE>
IDENTIFIERS: <plates, signage, labels, individuals — or NONE>
SEVERITY: 1
ORDINANCE: N/A
PRIORITY: LOW
SUMMARY: No illegal dumping observed in the alleyway; no waste materials or vehicles indicating improper disposal are present."
20260604T134116Z,DT_10th_and_Madison_Jefferson_4_20260602T033000.jpg,,,dataset_20260603_063335/DT_10th_and_Madison_Jefferson_4/DT_10th_and_Madison_Jefferson_4_20260602T033000.jpg,illegal_dumping,done,2026-06-04T13:49:25.207000+00:00,0.047,0.827,0.877,,nvidia/cosmos-reason2-8b,"DUMPING PRESENT: No
ORDINANCE VIOLATION: No
WASTE TYPE: mixed
WASTE VOLUME: small (pickup truck)
WASTE ORIGIN: residential
PROPERTY TYPE: alley
ADDRESS MARKERS: NONE
GUTTER/ALLEY: Yes
WATER PROXIMITY: No
CHRONIC SITE: No
VEHICLES: <color, type, any text visible — or NONE>
IDENTIFIERS: <plates, signage, labels, individuals — or NONE>
SEVERITY: 1
ORDINANCE: N/A
PRIORITY: LOW
SUMMARY: No illegal dumping observed in the alleyway; the scene appears clear with no visible waste or debris."
20260604T134116Z,DT_10th_and_Madison_Jefferson_4_20260602T034500.jpg,,,dataset_20260603_063335/DT_10th_and_Madison_Jefferson_4/DT_10th_and_Madison_Jefferson_4_20260602T034500.jpg,illegal_dumping,done,2026-06-04T13:49:25.437425+00:00,0.044,0.747,0.795,,nvidia/cosmos-reason2-8b,"DUMPING PRESENT: No
ORDINANCE VIOLATION: No
WASTE TYPE: mixed
WASTE VOLUME: small (pickup truck)
WASTE ORIGIN: residential
PROPERTY TYPE: right-of-way
ADDRESS MARKERS: NONE
GUTTER/ALLEY: Yes
WATER PROXIMITY: No
CHRONIC SITE: No
VEHICLES: <color, type, any text visible — or NONE>
IDENTIFIERS: <plates, signage, labels, individuals — or NONE>
SEVERITY: 1
ORDINANCE: N/A
PRIORITY: LOW
SUMMARY: No illegal dumping observed; scene shows a vehicle on a right-of-way with no visible waste or debris."
20260604T134116Z,DT_10th_and_Madison_Jefferson_4_20260602T040000.jpg,,,dataset_20260603_063335/DT_10th_and_Madison_Jefferson_4/DT_10th_and_Madison_Jefferson_4_20260602T040000.jpg,illegal_dumping,done,2026-06-04T13:49:25.576030+00:00,0.048,0.671,0.721,,nvidia/cosmos-reason2-8b,"DUMPING PRESENT: No
ORDINANCE VIOLATION: No
WASTE TYPE: mixed
WASTE VOLUME: small (pickup truck)
WASTE ORIGIN: residential
PROPERTY TYPE: alley
ADDRESS MARKERS: NONE
GUTTER/ALLEY: Yes
WATER PROXIMITY: No
CHRONIC SITE: No
VEHICLES: <NONE>
IDENTIFIERS: <NONE>
SEVERITY: 1
ORDINANCE: N/A
PRIORITY: LOW
SUMMARY: No illegal dumping is observed in the alleyway."
20260604T134116Z,DT_10th_and_Madison_Jefferson_4_20260602T041500.jpg,,,dataset_20260603_063335/DT_10th_and_Madison_Jefferson_4/DT_10th_and_Madison_Jefferson_4_20260602T041500.jpg,illegal_dumping,done,2026-06-04T13:49:25.857857+00:00,0.045,0.719,0.767,,nvidia/cosmos-reason2-8b,"DUMPING PRESENT: No
ORDINANCE VIOLATION: No
WASTE TYPE: mixed
WASTE VOLUME: small (pickup truck)
WASTE ORIGIN: residential
PROPERTY TYPE: vacant-lot
ADDRESS MARKERS: NONE
GUTTER/ALLEY: No
WATER PROXIMITY: No
CHRONIC SITE: No
VEHICLES: <color, type, any text visible — or NONE>
IDENTIFIERS: <plates, signage, labels, individuals — or NONE>
SEVERITY: 1
ORDINANCE: N/A
PRIORITY: LOW
SUMMARY: No illegal dumping observed; the scene shows a dark vehicle on a road with no visible waste or debris."
20260604T134116Z,DT_10th_and_Madison_Jefferson_4_20260602T043000.jpg,,,dataset_20260603_063335/DT_10th_and_Madison_Jefferson_4/DT_10th_and_Madison_Jefferson_4_20260602T043000.jpg,illegal_dumping,done,2026-06-04T13:49:26.087200+00:00,0.044,0.691,0.739,,nvidia/cosmos-reason2-8b,"DUMPING PRESENT: No
ORDINANCE VIOLATION: No
WASTE TYPE: N/A
WASTE VOLUME: N/A
WASTE ORIGIN: N/A
PROPERTY TYPE: right-of-way
ADDRESS MARKERS: NONE
GUTTER/ALLEY: No
WATER PROXIMITY: No
CHRONIC SITE: No
VEHICLES: <NONE>
IDENTIFIERS: <NONE>
SEVERITY: 1
ORDINANCE: N/A
PRIORITY: LOW
SUMMARY: No dumping observed; scene shows a dimly lit area with a vehicle and trees, no waste or violations apparent."
20260604T134116Z,DT_10th_and_Madison_Jefferson_4_20260602T044500.jpg,,,dataset_20260603_063335/DT_10th_and_Madison_Jefferson_4/DT_10th_and_Madison_Jefferson_4_20260602T044500.jpg,illegal_dumping,done,2026-06-04T13:49:26.234843+00:00,0.05,0.835,0.887,,nvidia/cosmos-reason2-8b,"DUMPING PRESENT: No
ORDINANCE VIOLATION: No
WASTE TYPE: mixed
WASTE VOLUME: small (pickup truck)
WASTE ORIGIN: residential
PROPERTY TYPE: right-of-way
ADDRESS MARKERS: <NONE>
GUTTER/ALLEY: Yes
WATER PROXIMITY: No
CHRONIC SITE: No
VEHICLES: <NONE>
IDENTIFIERS: <NONE>
SEVERITY: 1
ORDINANCE: N/A
PRIORITY: LOW
SUMMARY: No illegal dumping detected in the video."
20260604T134116Z,DT_10th_and_Madison_Jefferson_4_20260602T050000.jpg,,,dataset_20260603_063335/DT_10th_and_Madison_Jefferson_4/DT_10th_and_Madison_Jefferson_4_20260602T050000.jpg,illegal_dumping,done,2026-06-04T13:49:26.299734+00:00,0.04,0.884,0.927,,nvidia/cosmos-reason2-8b,"DUMPING PRESENT: No
ORDINANCE VIOLATION: No
WASTE TYPE: mixed
WASTE VOLUME: small (pickup truck)
WASTE ORIGIN: residential
PROPERTY TYPE: alley
ADDRESS MARKERS: NONE
GUTTER/ALLEY: Yes
WATER PROXIMITY: No
CHRONIC SITE: No
VEHICLES: <color, type, any text visible — or NONE>
IDENTIFIERS: <plates, signage, labels, individuals — or NONE>
SEVERITY: 1
ORDINANCE: N/A
PRIORITY: LOW
SUMMARY: No illegal dumping observed in the alleyway."
20260604T134116Z,DT_10th_and_Madison_Jefferson_4_20260602T051500.jpg,,,dataset_20260603_063335/DT_10th_and_Madison_Jefferson_4/DT_10th_and_Madison_Jefferson_4_20260602T051500.jpg,illegal_dumping,done,2026-06-04T13:49:26.627103+00:00,0.052,0.89,0.945,,nvidia/cosmos-reason2-8b,"```json
DUMPING PRESENT: No
ORDINANCE VIOLATION: No
WASTE TYPE: mixed
WASTE VOLUME: small (pickup truck)
WASTE ORIGIN: residential
PROPERTY TYPE: right-of-way
ADDRESS MARKERS: NONE
GUTTER/ALLEY: Yes
WATER PROXIMITY: No
CHRONIC SITE: No
VEHICLES: <color, type, any text visible — or NONE>
IDENTIFIERS: <plates, signage, labels, individuals — or NONE>
SEVERITY: 1
ORDINANCE: N/A
PRIORITY: LOW
SUMMARY: No illegal dumping detected; the scene shows a dark, indistinct area with no visible waste or vehicles.
```"
20260604T134116Z,DT_10th_and_Madison_Jefferson_4_20260602T053000.jpg,,,dataset_20260603_063335/DT_10th_and_Madison_Jefferson_4/DT_10th_and_Madison_Jefferson_4_20260602T053000.jpg,illegal_dumping,done,2026-06-04T13:49:26.828701+00:00,0.048,0.734,0.785,,nvidia/cosmos-reason2-8b,"DUMPING PRESENT: No
ORDINANCE VIOLATION: No
WASTE TYPE: mixed
WASTE VOLUME: small (pickup truck)
WASTE ORIGIN: residential
PROPERTY TYPE: alley
ADDRESS MARKERS: NONE
GUTTER/ALLEY: Yes
WATER PROXIMITY: No
CHRONIC SITE: No
VEHICLES: <NONE>
IDENTIFIERS: <NONE>
SEVERITY: 1
ORDINANCE: N/A
PRIORITY: LOW
SUMMARY: No illegal dumping observed in the alleyway."
20260604T134116Z,DT_10th_and_Madison_Jefferson_4_20260602T054500.jpg,,,dataset_20260603_063335/DT_10th_and_Madison_Jefferson_4/DT_10th_and_Madison_Jefferson_4_20260602T054500.jpg,illegal_dumping,done,2026-06-04T13:49:27.124852+00:00,0.044,0.751,0.798,,nvidia/cosmos-reason2-8b,"DUMPING PRESENT: No
ORDINANCE VIOLATION: No
WASTE TYPE: mixed
WASTE VOLUME: small (pickup truck)
WASTE ORIGIN: residential
PROPERTY TYPE: right-of-way
ADDRESS MARKERS: NONE
GUTTER/ALLEY: No
WATER PROXIMITY: No
CHRONIC SITE: No
VEHICLES: <color, type, any text visible — or NONE>
IDENTIFIERS: <plates, signage, labels, individuals — or NONE>
SEVERITY: 1
ORDINANCE: N/A
PRIORITY: LOW
SUMMARY: No illegal dumping observed; scene shows a vehicle on a road with no visible waste or debris."
20260604T134116Z,DT_10th_and_Madison_Jefferson_4_20260602T060000.jpg,,,dataset_20260603_063335/DT_10th_and_Madison_Jefferson_4/DT_10th_and_Madison_Jefferson_4_20260602T060000.jpg,illegal_dumping,done,2026-06-04T13:49:27.228998+00:00,0.037,1.752,1.793,,nvidia/cosmos-reason2-8b,"DUMPING PRESENT: No
ORDINANCE VIOLATION: No
WASTE TYPE: mixed
WASTE VOLUME: small (pickup truck)
WASTE ORIGIN: residential
PROPERTY TYPE: occupied-private
ADDRESS MARKERS: NONE
GUTTER/ALLEY: No
WATER PROXIMITY: No
CHRONIC SITE: No
VEHICLES: NONE
IDENTIFIERS: NONE
SEVERITY: 1
ORDINANCE: N/A
PRIORITY: LOW
SUMMARY: No illegal dumping detected in the video."
20260604T134116Z,DT_10th_and_Madison_Jefferson_4_20260602T061500.jpg,,,dataset_20260603_063335/DT_10th_and_Madison_Jefferson_4/DT_10th_and_Madison_Jefferson_4_20260602T061500.jpg,illegal_dumping,done,2026-06-04T13:49:27.575220+00:00,0.039,1.572,1.614,,nvidia/cosmos-reason2-8b,"```json
DUMPING PRESENT: No
ORDINANCE VIOLATION: No
WASTE TYPE: mixed
WASTE VOLUME: small (pickup truck)
WASTE ORIGIN: residential
PROPERTY TYPE: right-of-way
ADDRESS MARKERS: NONE
GUTTER/ALLEY: No
WATER PROXIMITY: No
CHRONIC SITE: No
VEHICLES: <color, type, any text visible — or NONE>
IDENTIFIERS: <plates, signage, labels, individuals — or NONE>
SEVERITY: 1
ORDINANCE: N/A
PRIORITY: LOW
SUMMARY: None detected
```"
20260604T134116Z,DT_10th_and_Madison_Jefferson_4_20260602T063000.jpg,,,dataset_20260603_063335/DT_10th_and_Madison_Jefferson_4/DT_10th_and_Madison_Jefferson_4_20260602T063000.jpg,illegal_dumping,done,2026-06-04T13:49:27.615907+00:00,0.052,1.748,1.803,,nvidia/cosmos-reason2-8b,"DUMPING PRESENT: No
ORDINANCE VIOLATION: No
WASTE TYPE: mixed
WASTE VOLUME: small (pickup truck)
WASTE ORIGIN: residential
PROPERTY TYPE: right-of-way
ADDRESS MARKERS: NONE
GUTTER/ALLEY: Yes
WATER PROXIMITY: No
CHRONIC SITE: No
VEHICLES: <color, type, any text visible — or NONE>
IDENTIFIERS: <plates, signage, labels, individuals — or NONE>
SEVERITY: 1
ORDINANCE: N/A
PRIORITY: LOW
SUMMARY: No illegal dumping observed in the right-of-way area."
20260604T134116Z,DT_10th_and_Madison_Jefferson_4_20260602T064500.jpg,,,dataset_20260603_063335/DT_10th_and_Madison_Jefferson_4/DT_10th_and_Madison_Jefferson_4_20260602T064500.jpg,illegal_dumping,done,2026-06-04T13:49:27.925607+00:00,0.044,1.266,1.314,,nvidia/cosmos-reason2-8b,"DUMPING PRESENT: Yes
ORDINANCE VIOLATION: Yes
WASTE TYPE: mixed
WASTE VOLUME: small (pickup truck)
WASTE ORIGIN: residential
PROPERTY TYPE: right-of-way
ADDRESS MARKERS: NONE
GUTTER/ALLEY: Yes
WATER PROXIMITY: No
CHRONIC SITE: No
VEHICLES: NONE
IDENTIFIERS: NONE
SEVERITY: 3
ORDINANCE: Sec-46-45
PRIORITY: MEDIUM
SUMMARY: A pile of mixed waste is illegally dumped in the right-of-way, violating Brownsville's property owner liability ordinance.
"
20260604T134116Z,DT_10th_and_Madison_Jefferson_4_20260602T070000.jpg,,,dataset_20260603_063335/DT_10th_and_Madison_Jefferson_4/DT_10th_and_Madison_Jefferson_4_20260602T070000.jpg,illegal_dumping,done,2026-06-04T13:49:29.024371+00:00,0.043,0.765,0.811,,nvidia/cosmos-reason2-8b,"DUMPING PRESENT: Yes
ORDINANCE VIOLATION: Yes
WASTE TYPE: mixed
WASTE VOLUME: small (pickup truck)
WASTE ORIGIN: residential
PROPERTY TYPE: alley
ADDRESS MARKERS: NONE
GUTTER/ALLEY: Yes
WATER PROXIMITY: No
CHRONIC SITE: No
VEHICLES: NONE
IDENTIFIERS: NONE
SEVERITY: 2
ORDINANCE: Sec-46-45
PRIORITY: MEDIUM
SUMMARY: A pile of mixed waste is illegally dumped in the alley, violating Brownsville's property owner liability ordinance.
"
20260604T134116Z,DT_10th_and_Madison_Jefferson_4_20260602T071500.jpg,,,dataset_20260603_063335/DT_10th_and_Madison_Jefferson_4/DT_10th_and_Madison_Jefferson_4_20260602T071500.jpg,illegal_dumping,done,2026-06-04T13:49:29.191862+00:00,0.039,0.809,0.851,,nvidia/cosmos-reason2-8b,"DUMPING PRESENT: Yes
ORDINANCE VIOLATION: Yes
WASTE TYPE: mixed
WASTE VOLUME: small (pickup truck)
WASTE ORIGIN: residential
PROPERTY TYPE: alley
ADDRESS MARKERS: NONE
GUTTER/ALLEY: Yes
WATER PROXIMITY: No
CHRONIC SITE: No
VEHICLES: NONE
IDENTIFIERS: NONE
SEVERITY: 2
ORDINANCE: Sec-46-45
PRIORITY: MEDIUM
SUMMARY: A pile of mixed waste is located in an alley, violating property owner liability under Sec. 46-45.
"
20260604T134116Z,DT_10th_and_Madison_Jefferson_4_20260602T073000.jpg,,,dataset_20260603_063335/DT_10th_and_Madison_Jefferson_4/DT_10th_and_Madison_Jefferson_4_20260602T073000.jpg,illegal_dumping,done,2026-06-04T13:49:29.242478+00:00,0.051,0.987,1.041,,nvidia/cosmos-reason2-8b,"DUMPING PRESENT: Yes
ORDINANCE VIOLATION: Yes
WASTE TYPE: mixed
WASTE VOLUME: small (pickup truck)
WASTE ORIGIN: residential
PROPERTY TYPE: alley
ADDRESS MARKERS: NONE
GUTTER/ALLEY: Yes
WATER PROXIMITY: No
CHRONIC SITE: No
VEHICLES: NONE
IDENTIFIERS: NONE
SEVERITY: 2
ORDINANCE: Sec-46-45
PRIORITY: MEDIUM
SUMMARY: A small amount of mixed waste is illegally dumped in an alley, violating Brownsville's property owner liability ordinance."
20260604T134116Z,DT_10th_and_Madison_Jefferson_4_20260602T074500.jpg,,,dataset_20260603_063335/DT_10th_and_Madison_Jefferson_4/DT_10th_and_Madison_Jefferson_4_20260602T074500.jpg,illegal_dumping,done,2026-06-04T13:49:29.420906+00:00,0.042,1.045,1.09,,nvidia/cosmos-reason2-8b,"DUMPING PRESENT: Yes
ORDINANCE VIOLATION: Yes
WASTE TYPE: mixed
WASTE VOLUME: small (pickup truck)
WASTE ORIGIN: residential
PROPERTY TYPE: alley
ADDRESS MARKERS: NONE
GUTTER/ALLEY: Yes
WATER PROXIMITY: No
CHRONIC SITE: No
VEHICLES: NONE
IDENTIFIERS: NONE
SEVERITY: 2
ORDINANCE: Sec-46-45
PRIORITY: MEDIUM
SUMMARY: A black trash bin is improperly placed on the alleyway, violating Brownsville's property owner liability ordinance.
"
20260604T134116Z,DT_10th_and_Madison_Jefferson_4_20260602T080000.jpg,,,dataset_20260603_063335/DT_10th_and_Madison_Jefferson_4/DT_10th_and_Madison_Jefferson_4_20260602T080000.jpg,illegal_dumping,done,2026-06-04T13:49:29.837694+00:00,0.044,0.844,0.89,,nvidia/cosmos-reason2-8b,"DUMPING PRESENT: Yes
ORDINANCE VIOLATION: Yes
WASTE TYPE: mixed
WASTE VOLUME: small (pickup truck)
WASTE ORIGIN: residential
PROPERTY TYPE: alley
ADDRESS MARKERS: NONE
GUTTER/ALLEY: Yes
WATER PROXIMITY: No
CHRONIC SITE: No
VEHICLES: NONE
IDENTIFIERS: NONE
SEVERITY: 2
ORDINANCE: Sec-46-45
PRIORITY: MEDIUM
SUMMARY: A small pile of mixed waste is illegally dumped in the alley, violating Brownsville's property owner liability ordinance.
"
20260604T134116Z,DT_10th_and_Madison_Jefferson_4_20260602T081500.jpg,,,dataset_20260603_063335/DT_10th_and_Madison_Jefferson_4/DT_10th_and_Madison_Jefferson_4_20260602T081500.jpg,illegal_dumping,done,2026-06-04T13:49:30.045224+00:00,0.043,0.745,0.792,,nvidia/cosmos-reason2-8b,"DUMPING PRESENT: Yes
ORDINANCE VIOLATION: Yes
WASTE TYPE: mixed
WASTE VOLUME: small (pickup truck)
WASTE ORIGIN: residential
PROPERTY TYPE: alley
ADDRESS MARKERS: NONE
GUTTER/ALLEY: Yes
WATER PROXIMITY: No
CHRONIC SITE: No
VEHICLES: NONE
IDENTIFIERS: NONE
SEVERITY: 1
ORDINANCE: Sec-46-45
PRIORITY: LOW
SUMMARY: A small pile of mixed waste is located in an alley, which may be considered illegal dumping under Sec-46-45.
"
20260604T134116Z,DT_10th_and_Madison_Jefferson_4_20260602T083000.jpg,,,dataset_20260603_063335/DT_10th_and_Madison_Jefferson_4/DT_10th_and_Madison_Jefferson_4_20260602T083000.jpg,illegal_dumping,done,2026-06-04T13:49:30.287012+00:00,0.04,0.739,0.782,,nvidia/cosmos-reason2-8b,"DUMPING PRESENT: Yes
ORDINANCE VIOLATION: Yes
WASTE TYPE: mixed
WASTE VOLUME: small (pickup truck)
WASTE ORIGIN: residential
PROPERTY TYPE: alley
ADDRESS MARKERS: NONE
GUTTER/ALLEY: Yes
WATER PROXIMITY: No
CHRONIC SITE: No
VEHICLES: NONE
IDENTIFIERS: NONE
SEVERITY: 2
ORDINANCE: Sec-46-45
PRIORITY: MEDIUM
SUMMARY: A pile of mixed waste is located in the alley, which is considered illegal dumping on private property according to Sec. 46-45.
"
20260604T134116Z,DT_10th_and_Madison_Jefferson_4_20260602T084500.jpg,,,dataset_20260603_063335/DT_10th_and_Madison_Jefferson_4/DT_10th_and_Madison_Jefferson_4_20260602T084500.jpg,illegal_dumping,done,2026-06-04T13:49:30.513829+00:00,0.046,0.79,0.838,,nvidia/cosmos-reason2-8b,"DUMPING PRESENT: Yes
ORDINANCE VIOLATION: Yes
WASTE TYPE: mixed
WASTE VOLUME: small (pickup truck)
WASTE ORIGIN: residential
PROPERTY TYPE: alley
ADDRESS MARKERS: NONE
GUTTER/ALLEY: Yes
WATER PROXIMITY: No
CHRONIC SITE: No
VEHICLES: NONE
IDENTIFIERS: NONE
SEVERITY: 2
ORDINANCE: Sec-46-45
PRIORITY: MEDIUM
SUMMARY: A pile of mixed waste is illegally dumped on a residential alley, violating Brownsville's property owner liability ordinance.
"
20260604T134116Z,DT_10th_and_Madison_Jefferson_4_20260602T090000.jpg,,,dataset_20260603_063335/DT_10th_and_Madison_Jefferson_4/DT_10th_and_Madison_Jefferson_4_20260602T090000.jpg,illegal_dumping,done,2026-06-04T13:49:30.730599+00:00,0.044,0.936,0.982,,nvidia/cosmos-reason2-8b,"DUMPING PRESENT: Yes
ORDINANCE VIOLATION: Yes
WASTE TYPE: mixed
WASTE VOLUME: small (pickup truck)
WASTE ORIGIN: residential
PROPERTY TYPE: right-of-way
ADDRESS MARKERS: NONE
GUTTER/ALLEY: Yes
WATER PROXIMITY: No
CHRONIC SITE: No
VEHICLES: NONE
IDENTIFIERS: NONE
SEVERITY: 2
ORDINANCE: Sec-46-45
PRIORITY: MEDIUM
SUMMARY: A pile of mixed waste is present on the right-of-way, violating Brownsville's property owner liability ordinance.
"
20260604T134116Z,DT_10th_and_Madison_Jefferson_4_20260602T091500.jpg,,,dataset_20260603_063335/DT_10th_and_Madison_Jefferson_4/DT_10th_and_Madison_Jefferson_4_20260602T091500.jpg,illegal_dumping,done,2026-06-04T13:49:30.839860+00:00,0.047,0.835,0.884,,nvidia/cosmos-reason2-8b,"DUMPING PRESENT: Yes
ORDINANCE VIOLATION: Yes
WASTE TYPE: mixed
WASTE VOLUME: medium
WASTE ORIGIN: residential
PROPERTY TYPE: vacant-lot
ADDRESS MARKERS: NONE
GUTTER/ALLEY: No
WATER PROXIMITY: No
CHRONIC SITE: No
VEHICLES: NONE
IDENTIFIERS: NONE
SEVERITY: 2
ORDINANCE: Sec-46-45
PRIORITY: MEDIUM
SUMMARY: A pile of mixed waste is illegally dumped on a vacant lot, violating Brownsville's property owner liability ordinance.
"
20260604T134116Z,DT_10th_and_Madison_Jefferson_4_20260602T093000.jpg,,,dataset_20260603_063335/DT_10th_and_Madison_Jefferson_4/DT_10th_and_Madison_Jefferson_4_20260602T093000.jpg,illegal_dumping,done,2026-06-04T13:49:31.071817+00:00,0.045,0.848,0.896,,nvidia/cosmos-reason2-8b,"DUMPING PRESENT: Yes
ORDINANCE VIOLATION: Yes
WASTE TYPE: mixed
WASTE VOLUME: small (pickup truck)
WASTE ORIGIN: residential
PROPERTY TYPE: alley
ADDRESS MARKERS: NONE
GUTTER/ALLEY: Yes
WATER PROXIMITY: No
CHRONIC SITE: No
VEHICLES: NONE
IDENTIFIERS: NONE
SEVERITY: 2
ORDINANCE: Sec-46-45
PRIORITY: MEDIUM
SUMMARY: A pile of mixed waste is illegally dumped in the alley, violating Brownsville's property owner liability ordinance.
"
20260604T134116Z,DT_10th_and_Madison_Jefferson_4_20260602T094500.jpg,,,dataset_20260603_063335/DT_10th_and_Madison_Jefferson_4/DT_10th_and_Madison_Jefferson_4_20260602T094500.jpg,illegal_dumping,done,2026-06-04T13:49:31.354677+00:00,0.044,0.764,0.812,,nvidia/cosmos-reason2-8b,"DUMPING PRESENT: Yes
ORDINANCE VIOLATION: Yes
WASTE TYPE: mixed
WASTE VOLUME: small (pickup truck)
WASTE ORIGIN: residential
PROPERTY TYPE: right-of-way
ADDRESS MARKERS: NONE
GUTTER/ALLEY: Yes
WATER PROXIMITY: No
CHRONIC SITE: No
VEHICLES: NONE
IDENTIFIERS: NONE
SEVERITY: 3
ORDINANCE: Sec-46-45
PRIORITY: MEDIUM
SUMMARY: A pile of mixed waste is illegally dumped in the right-of-way, violating Brownsville's property owner liability ordinance.
"
20260604T134116Z,DT_10th_and_Madison_Jefferson_4_20260602T100000.jpg,,,dataset_20260603_063335/DT_10th_and_Madison_Jefferson_4/DT_10th_and_Madison_Jefferson_4_20260602T100000.jpg,illegal_dumping,done,2026-06-04T13:49:31.715664+00:00,0.095,1.141,1.252,,nvidia/cosmos-reason2-8b,"DUMPING PRESENT: Yes
ORDINANCE VIOLATION: Yes
WASTE TYPE: mixed
WASTE VOLUME: medium
WASTE ORIGIN: residential
PROPERTY TYPE: alley
ADDRESS MARKERS: NONE
GUTTER/ALLEY: Yes
WATER PROXIMITY: No
CHRONIC SITE: No
VEHICLES: NONE
IDENTIFIERS: NONE
SEVERITY: 2
ORDINANCE: Sec-46-45
PRIORITY: MEDIUM
SUMMARY: A pile of mixed waste is illegally dumped in the alley, violating Brownsville's property owner liability ordinance.
"
20260604T134116Z,DT_10th_and_Madison_Jefferson_4_20260602T101500.jpg,,,dataset_20260603_063335/DT_10th_and_Madison_Jefferson_4/DT_10th_and_Madison_Jefferson_4_20260602T101500.jpg,illegal_dumping,done,2026-06-04T13:49:31.726234+00:00,0.094,0.673,0.772,,nvidia/cosmos-reason2-8b,"DUMPING PRESENT: No
ORDINANCE VIOLATION: No
WASTE TYPE: mixed
WASTE VOLUME: small (pickup truck)
WASTE ORIGIN: residential
PROPERTY TYPE: vacant-lot
ADDRESS MARKERS: NONE
GUTTER/ALLEY: No
WATER PROXIMITY: No
CHRONIC SITE: No
VEHICLES: NONE
IDENTIFIERS: NONE
SEVERITY: 1
ORDINANCE: N/A
PRIORITY: LOW
SUMMARY: No illegal dumping detected in the video."
20260604T134116Z,DT_10th_and_Madison_Jefferson_4_20260602T103000.jpg,,,dataset_20260603_063335/DT_10th_and_Madison_Jefferson_4/DT_10th_and_Madison_Jefferson_4_20260602T103000.jpg,illegal_dumping,done,2026-06-04T13:49:31.970804+00:00,0.044,0.893,0.941,,nvidia/cosmos-reason2-8b,"DUMPING PRESENT: No
ORDINANCE VIOLATION: No
WASTE TYPE: mixed
WASTE VOLUME: small (pickup truck)
WASTE ORIGIN: residential
PROPERTY TYPE: vacant-lot
ADDRESS MARKERS: NONE
GUTTER/ALLEY: No
WATER PROXIMITY: No
CHRONIC SITE: No
VEHICLES: NONE
IDENTIFIERS: NONE
SEVERITY: 1
ORDINANCE: N/A
PRIORITY: LOW
SUMMARY: No illegal dumping observed; the scene shows a green screen with no discernible waste or property details."
20260604T134116Z,DT_10th_and_Madison_Jefferson_4_20260602T104500.jpg,,,dataset_20260603_063335/DT_10th_and_Madison_Jefferson_4/DT_10th_and_Madison_Jefferson_4_20260602T104500.jpg,illegal_dumping,done,2026-06-04T13:49:32.168802+00:00,0.048,1.139,1.192,,nvidia/cosmos-reason2-8b,"DUMPING PRESENT: Yes
ORDINANCE VIOLATION: Yes
WASTE TYPE: mixed
WASTE VOLUME: small (pickup truck)
WASTE ORIGIN: residential
PROPERTY TYPE: right-of-way
ADDRESS MARKERS: NONE
GUTTER/ALLEY: Yes
WATER PROXIMITY: No
CHRONIC SITE: No
VEHICLES: NONE
IDENTIFIERS: NONE
SEVERITY: 2
ORDINANCE: Sec-46-45
PRIORITY: MEDIUM
SUMMARY: Mixed waste is illegally dumped in the right-of-way, violating property owner liability under Sec. 46-45.
"
20260604T134116Z,DT_10th_and_Madison_Jefferson_4_20260602T110000.jpg,,,dataset_20260603_063335/DT_10th_and_Madison_Jefferson_4/DT_10th_and_Madison_Jefferson_4_20260602T110000.jpg,illegal_dumping,done,2026-06-04T13:49:32.501624+00:00,0.047,0.902,0.953,,nvidia/cosmos-reason2-8b,"DUMPING PRESENT: Yes
ORDINANCE VIOLATION: Yes
WASTE TYPE: mixed
WASTE VOLUME: small (pickup truck)
WASTE ORIGIN: residential
PROPERTY TYPE: right-of-way
ADDRESS MARKERS: NONE
GUTTER/ALLEY: Yes
WATER PROXIMITY: No
CHRONIC SITE: No
VEHICLES: NONE
IDENTIFIERS: NONE
SEVERITY: 2
ORDINANCE: Sec-46-45
PRIORITY: MEDIUM
SUMMARY: Mixed waste is illegally dumped in the right-of-way, violating property owner liability under Sec. 46-45.
"
20260604T134116Z,DT_10th_and_Madison_Jefferson_4_20260602T111500.jpg,,,dataset_20260603_063335/DT_10th_and_Madison_Jefferson_4/DT_10th_and_Madison_Jefferson_4_20260602T111500.jpg,illegal_dumping,done,2026-06-04T13:49:32.914468+00:00,0.053,0.754,0.811,,nvidia/cosmos-reason2-8b,"DUMPING PRESENT: Yes
ORDINANCE VIOLATION: Yes
WASTE TYPE: mixed
WASTE VOLUME: medium
WASTE ORIGIN: residential
PROPERTY TYPE: alley
ADDRESS MARKERS: NONE
GUTTER/ALLEY: Yes
WATER PROXIMITY: No
CHRONIC SITE: No
VEHICLES: NONE
IDENTIFIERS: NONE
SEVERITY: 2
ORDINANCE: Sec-46-45
PRIORITY: MEDIUM
SUMMARY: A pile of mixed waste is illegally dumped in the alley, violating Brownsville's property owner liability ordinance.
"
20260604T134116Z,DT_10th_and_Madison_Jefferson_4_20260602T113000.jpg,,,dataset_20260603_063335/DT_10th_and_Madison_Jefferson_4/DT_10th_and_Madison_Jefferson_4_20260602T113000.jpg,illegal_dumping,done,2026-06-04T13:49:32.970282+00:00,0.047,0.841,0.89,,nvidia/cosmos-reason2-8b,"DUMPING PRESENT: Yes
ORDINANCE VIOLATION: Yes
WASTE TYPE: mixed
WASTE VOLUME: small (pickup truck)
WASTE ORIGIN: residential
PROPERTY TYPE: right-of-way
ADDRESS MARKERS: NONE
GUTTER/ALLEY: Yes
WATER PROXIMITY: No
CHRONIC SITE: No
VEHICLES: NONE
IDENTIFIERS: NONE
SEVERITY: 1
ORDINANCE: Sec-46-45
PRIORITY: LOW
SUMMARY: Mixed waste is illegally dumped in the right-of-way, violating Sec-46-45.
"
20260604T134116Z,DT_10th_and_Madison_Jefferson_4_20260602T114500.jpg,,,dataset_20260603_063335/DT_10th_and_Madison_Jefferson_4/DT_10th_and_Madison_Jefferson_4_20260602T114500.jpg,illegal_dumping,done,2026-06-04T13:49:33.363945+00:00,0.043,0.92,0.967,,nvidia/cosmos-reason2-8b,"DUMPING PRESENT: Yes
ORDINANCE VIOLATION: Yes
WASTE TYPE: mixed
WASTE VOLUME: small (pickup truck)
WASTE ORIGIN: residential
PROPERTY TYPE: right-of-way
ADDRESS MARKERS: NONE
GUTTER/ALLEY: Yes
WATER PROXIMITY: No
CHRONIC SITE: No
VEHICLES: NONE
IDENTIFIERS: NONE
SEVERITY: 1
ORDINANCE: Sec-46-45
PRIORITY: LOW
SUMMARY: A pile of mixed waste is located in the right-of-way, violating property owner liability under Sec. 46-45.
"
20260604T134116Z,DT_10th_and_Madison_Jefferson_4_20260602T120000.jpg,,,dataset_20260603_063335/DT_10th_and_Madison_Jefferson_4/DT_10th_and_Madison_Jefferson_4_20260602T120000.jpg,illegal_dumping,done,2026-06-04T13:49:33.457309+00:00,0.046,0.878,0.927,,nvidia/cosmos-reason2-8b,"DUMPING PRESENT: Yes
ORDINANCE VIOLATION: Yes
WASTE TYPE: mixed
WASTE VOLUME: medium
WASTE ORIGIN: residential
PROPERTY TYPE: right-of-way
ADDRESS MARKERS: NONE
GUTTER/ALLEY: Yes
WATER PROXIMITY: No
CHRONIC SITE: No
VEHICLES: NONE
IDENTIFIERS: NONE
SEVERITY: 2
ORDINANCE: Sec-46-45
PRIORITY: MEDIUM
SUMMARY: Mixed waste is illegally dumped in the right-of-way, violating property owner liability under Sec. 46-45.
"
20260604T134116Z,DT_10th_and_Madison_Jefferson_4_20260602T121500.jpg,,,dataset_20260603_063335/DT_10th_and_Madison_Jefferson_4/DT_10th_and_Madison_Jefferson_4_20260602T121500.jpg,illegal_dumping,done,2026-06-04T13:49:33.727625+00:00,0.052,0.728,0.783,,nvidia/cosmos-reason2-8b,"DUMPING PRESENT: Yes
ORDINANCE VIOLATION: Yes
WASTE TYPE: mixed
WASTE VOLUME: small (pickup truck)
WASTE ORIGIN: residential
PROPERTY TYPE: vacant-lot
ADDRESS MARKERS: NONE
GUTTER/ALLEY: No
WATER PROXIMITY: No
CHRONIC SITE: No
VEHICLES: NONE
IDENTIFIERS: NONE
SEVERITY: 2
ORDINANCE: Sec-46-45
PRIORITY: MEDIUM
SUMMARY: A pile of mixed waste is illegally dumped on a private lot, violating Brownsville's property owner liability ordinance.
"
20260604T134116Z,DT_10th_and_Madison_Jefferson_4_20260602T123000.jpg,,,dataset_20260603_063335/DT_10th_and_Madison_Jefferson_4/DT_10th_and_Madison_Jefferson_4_20260602T123000.jpg,illegal_dumping,done,2026-06-04T13:49:33.862819+00:00,0.046,0.697,0.746,,nvidia/cosmos-reason2-8b,"DUMPING PRESENT: No
ORDINANCE VIOLATION: No
WASTE TYPE: mixed
WASTE VOLUME: small (pickup truck)
WASTE ORIGIN: residential
PROPERTY TYPE: occupied-private
ADDRESS MARKERS: NONE
GUTTER/ALLEY: No
WATER PROXIMITY: No
CHRONIC SITE: No
VEHICLES: NONE
IDENTIFIERS: NONE
SEVERITY: 1
ORDINANCE: N/A
PRIORITY: LOW
SUMMARY: No illegal dumping detected in the video."
20260604T134116Z,DT_10th_and_Madison_Jefferson_4_20260602T124500.jpg,,,dataset_20260603_063335/DT_10th_and_Madison_Jefferson_4/DT_10th_and_Madison_Jefferson_4_20260602T124500.jpg,illegal_dumping,done,2026-06-04T13:49:34.333559+00:00,0.038,0.667,0.709,,nvidia/cosmos-reason2-8b,"DUMPING PRESENT: No
ORDINANCE VIOLATION: No
WASTE TYPE: mixed
WASTE VOLUME: small (pickup truck)
WASTE ORIGIN: residential
PROPERTY TYPE: right-of-way
ADDRESS MARKERS: NONE
GUTTER/ALLEY: No
WATER PROXIMITY: No
CHRONIC SITE: No
VEHICLES: NONE
IDENTIFIERS: NONE
SEVERITY: 1
ORDINANCE: N/A
PRIORITY: LOW
SUMMARY: No illegal dumping is observed in the video."
20260604T134116Z,DT_10th_and_Madison_Jefferson_4_20260602T130000.jpg,,,dataset_20260603_063335/DT_10th_and_Madison_Jefferson_4/DT_10th_and_Madison_Jefferson_4_20260602T130000.jpg,illegal_dumping,done,2026-06-04T13:49:34.385958+00:00,0.043,1.044,1.093,,nvidia/cosmos-reason2-8b,"DUMPING PRESENT: Yes
ORDINANCE VIOLATION: Yes
WASTE TYPE: mixed
WASTE VOLUME: small (pickup truck)
WASTE ORIGIN: residential
PROPERTY TYPE: right-of-way
ADDRESS MARKERS: NONE
GUTTER/ALLEY: Yes
WATER PROXIMITY: No
CHRONIC SITE: No
VEHICLES: NONE
IDENTIFIERS: NONE
SEVERITY: 2
ORDINANCE: Sec-46-45
PRIORITY: MEDIUM
SUMMARY: Mixed waste is illegally dumped in the right-of-way, violating property owner liability under Sec. 46-45.
"
20260604T134116Z,DT_10th_and_Madison_Jefferson_4_20260602T131500.jpg,,,dataset_20260603_063335/DT_10th_and_Madison_Jefferson_4/DT_10th_and_Madison_Jefferson_4_20260602T131500.jpg,illegal_dumping,done,2026-06-04T13:49:34.513664+00:00,0.05,0.983,1.038,,nvidia/cosmos-reason2-8b,"DUMPING PRESENT: No
ORDINANCE VIOLATION: No
WASTE TYPE: mixed
WASTE VOLUME: small (pickup truck)
WASTE ORIGIN: residential
PROPERTY TYPE: vacant-lot
ADDRESS MARKERS: NONE
GUTTER/ALLEY: No
WATER PROXIMITY: No
CHRONIC SITE: No
VEHICLES: NONE
IDENTIFIERS: NONE
SEVERITY: 1
ORDINANCE: N/A
PRIORITY: LOW
SUMMARY: No illegal dumping detected in the video."
20260604T134116Z,DT_10th_and_Madison_Jefferson_4_20260602T133000.jpg,,,dataset_20260603_063335/DT_10th_and_Madison_Jefferson_4/DT_10th_and_Madison_Jefferson_4_20260602T133000.jpg,illegal_dumping,done,2026-06-04T13:49:34.610987+00:00,0.041,1.03,1.076,,nvidia/cosmos-reason2-8b,"DUMPING PRESENT: Yes
ORDINANCE VIOLATION: Yes
WASTE TYPE: mixed
WASTE VOLUME: medium
WASTE ORIGIN: residential
PROPERTY TYPE: right-of-way
ADDRESS MARKERS: NONE
GUTTER/ALLEY: No
WATER PROXIMITY: No
CHRONIC SITE: No
VEHICLES: NONE
IDENTIFIERS: NONE
SEVERITY: 2
ORDINANCE: Sec-46-45
PRIORITY: MEDIUM
SUMMARY: Mixed waste is illegally dumped on a right-of-way, violating property owner liability under Sec. 46-45.
"
20260604T134116Z,DT_10th_and_Madison_Jefferson_4_20260602T134500.jpg,,,dataset_20260603_063335/DT_10th_and_Madison_Jefferson_4/DT_10th_and_Madison_Jefferson_4_20260602T134500.jpg,illegal_dumping,done,2026-06-04T13:49:35.045598+00:00,0.047,0.761,0.813,,nvidia/cosmos-reason2-8b,"DUMPING PRESENT: No
ORDINANCE VIOLATION: No
WASTE TYPE: mixed
WASTE VOLUME: small (pickup truck)
WASTE ORIGIN: residential
PROPERTY TYPE: vacant-lot
ADDRESS MARKERS: NONE
GUTTER/ALLEY: No
WATER PROXIMITY: No
CHRONIC SITE: No
VEHICLES: NONE
IDENTIFIERS: NONE
SEVERITY: 1
ORDINANCE: N/A
PRIORITY: LOW
SUMMARY: No illegal dumping detected in the analyzed footage."
20260604T134116Z,DT_10th_and_Madison_Jefferson_4_20260602T140000.jpg,,,dataset_20260603_063335/DT_10th_and_Madison_Jefferson_4/DT_10th_and_Madison_Jefferson_4_20260602T140000.jpg,illegal_dumping,done,2026-06-04T13:49:35.481952+00:00,0.045,0.798,0.848,,nvidia/cosmos-reason2-8b,"DUMPING PRESENT: Yes
ORDINANCE VIOLATION: Yes
WASTE TYPE: mixed
WASTE VOLUME: small (pickup truck)
WASTE ORIGIN: residential
PROPERTY TYPE: vacant-lot
ADDRESS MARKERS: NONE
GUTTER/ALLEY: No
WATER PROXIMITY: No
CHRONIC SITE: No
VEHICLES: NONE
IDENTIFIERS: NONE
SEVERITY: 3
ORDINANCE: Sec-46-45
PRIORITY: MEDIUM
SUMMARY: A pile of mixed waste is illegally dumped on a vacant lot, violating Brownsville's property owner liability ordinance.
"
20260604T134116Z,DT_10th_and_Madison_Jefferson_4_20260602T141500.jpg,,,dataset_20260603_063335/DT_10th_and_Madison_Jefferson_4/DT_10th_and_Madison_Jefferson_4_20260602T141500.jpg,illegal_dumping,done,2026-06-04T13:49:35.555040+00:00,0.048,0.953,1.008,,nvidia/cosmos-reason2-8b,"DUMPING PRESENT: Yes
ORDINANCE VIOLATION: Yes
WASTE TYPE: mixed
WASTE VOLUME: small (pickup truck)
WASTE ORIGIN: residential
PROPERTY TYPE: right-of-way
ADDRESS MARKERS: NONE
GUTTER/ALLEY: Yes
WATER PROXIMITY: No
CHRONIC SITE: No
VEHICLES: NONE
IDENTIFIERS: NONE
SEVERITY: 2
ORDINANCE: Sec-46-45
PRIORITY: MEDIUM
SUMMARY: Mixed waste is illegally dumped on a right-of-way, violating Brownsville's property owner liability ordinance (Sec. 46-45)."
20260604T134116Z,DT_10th_and_Madison_Jefferson_4_20260602T143000.jpg,,,dataset_20260603_063335/DT_10th_and_Madison_Jefferson_4/DT_10th_and_Madison_Jefferson_4_20260602T143000.jpg,illegal_dumping,done,2026-06-04T13:49:35.689654+00:00,0.045,1.115,1.164,,nvidia/cosmos-reason2-8b,"DUMPING PRESENT: Yes
ORDINANCE VIOLATION: Yes
WASTE TYPE: mixed
WASTE VOLUME: small (pickup truck)
WASTE ORIGIN: residential
PROPERTY TYPE: right-of-way
ADDRESS MARKERS: NONE
GUTTER/ALLEY: Yes
WATER PROXIMITY: No
CHRONIC SITE: No
VEHICLES: NONE
IDENTIFIERS: NONE
SEVERITY: 2
ORDINANCE: Sec-46-45
PRIORITY: MEDIUM
SUMMARY: Mixed waste is illegally dumped on a right-of-way, violating property owner liability under Sec. 46-45.
"
20260604T134116Z,DT_10th_and_Madison_Jefferson_4_20260602T144500.jpg,,,dataset_20260603_063335/DT_10th_and_Madison_Jefferson_4/DT_10th_and_Madison_Jefferson_4_20260602T144500.jpg,illegal_dumping,done,2026-06-04T13:49:35.861399+00:00,0.044,1.151,1.199,,nvidia/cosmos-reason2-8b,"DUMPING PRESENT: Yes
ORDINANCE VIOLATION: Yes
WASTE TYPE: mixed
WASTE VOLUME: small (pickup truck)
WASTE ORIGIN: residential
PROPERTY TYPE: right-of-way
ADDRESS MARKERS: NONE
GUTTER/ALLEY: Yes
WATER PROXIMITY: No
CHRONIC SITE: No
VEHICLES: NONE
IDENTIFIERS: NONE
SEVERITY: 2
ORDINANCE: Sec-46-45
PRIORITY: MEDIUM
SUMMARY: Mixed waste is illegally dumped in the right-of-way, violating property owner liability under Sec. 46-45.
"
20260604T134116Z,DT_10th_and_Madison_Jefferson_4_20260602T150000.jpg,,,dataset_20260603_063335/DT_10th_and_Madison_Jefferson_4/DT_10th_and_Madison_Jefferson_4_20260602T150000.jpg,illegal_dumping,done,2026-06-04T13:49:36.332927+00:00,0.052,0.749,0.806,,nvidia/cosmos-reason2-8b,"DUMPING PRESENT: Yes
ORDINANCE VIOLATION: Yes
WASTE TYPE: mixed
WASTE VOLUME: small (pickup truck)
WASTE ORIGIN: residential
PROPERTY TYPE: alley
ADDRESS MARKERS: NONE
GUTTER/ALLEY: Yes
WATER PROXIMITY: No
CHRONIC SITE: No
VEHICLES: NONE
IDENTIFIERS: NONE
SEVERITY: 2
ORDINANCE: Sec-46-45
PRIORITY: MEDIUM
SUMMARY: A pile of mixed waste is illegally dumped in the alley, violating Brownsville's property owner liability ordinance.
"
20260604T134116Z,DT_10th_and_Madison_Jefferson_4_20260602T151500.jpg,,,dataset_20260603_063335/DT_10th_and_Madison_Jefferson_4/DT_10th_and_Madison_Jefferson_4_20260602T151500.jpg,illegal_dumping,done,2026-06-04T13:49:36.566074+00:00,0.045,0.803,0.851,,nvidia/cosmos-reason2-8b,"DUMPING PRESENT: Yes
ORDINANCE VIOLATION: Yes
WASTE TYPE: mixed
WASTE VOLUME: medium
WASTE ORIGIN: residential
PROPERTY TYPE: right-of-way
ADDRESS MARKERS: NONE
GUTTER/ALLEY: Yes
WATER PROXIMITY: No
CHRONIC SITE: No
VEHICLES: NONE
IDENTIFIERS: NONE
SEVERITY: 2
ORDINANCE: Sec-46-45
PRIORITY: MEDIUM
SUMMARY: Mixed waste is illegally dumped in the right-of-way, violating Brownsville's property owner liability ordinance.
"
20260604T134116Z,DT_10th_and_Madison_Jefferson_4_20260602T153000.jpg,,,dataset_20260603_063335/DT_10th_and_Madison_Jefferson_4/DT_10th_and_Madison_Jefferson_4_20260602T153000.jpg,illegal_dumping,done,2026-06-04T13:49:36.856614+00:00,0.046,0.743,0.792,,nvidia/cosmos-reason2-8b,"DUMPING PRESENT: Yes
ORDINANCE VIOLATION: Yes
WASTE TYPE: mixed
WASTE VOLUME: small (pickup truck)
WASTE ORIGIN: residential
PROPERTY TYPE: vacant-lot
ADDRESS MARKERS: NONE
GUTTER/ALLEY: No
WATER PROXIMITY: No
CHRONIC SITE: No
VEHICLES: NONE
IDENTIFIERS: NONE
SEVERITY: 2
ORDINANCE: Sec-46-45
PRIORITY: MEDIUM
SUMMARY: A pile of mixed waste is illegally dumped on a vacant lot, violating Brownsville's property owner liability ordinance.
"
20260604T134116Z,DT_10th_and_Madison_Jefferson_4_20260602T154500.jpg,,,dataset_20260603_063335/DT_10th_and_Madison_Jefferson_4/DT_10th_and_Madison_Jefferson_4_20260602T154500.jpg,illegal_dumping,done,2026-06-04T13:49:37.063748+00:00,0.05,0.831,0.884,,nvidia/cosmos-reason2-8b,"DUMPING PRESENT: Yes
ORDINANCE VIOLATION: Yes
WASTE TYPE: mixed
WASTE VOLUME: small (pickup truck)
WASTE ORIGIN: residential
PROPERTY TYPE: vacant-lot
ADDRESS MARKERS: NONE
GUTTER/ALLEY: No
WATER PROXIMITY: No
CHRONIC SITE: No
VEHICLES: NONE
IDENTIFIERS: NONE
SEVERITY: 1
ORDINANCE: Sec-46-45
PRIORITY: LOW
SUMMARY: A small pile of mixed waste is located on a vacant lot, which violates Brownsville's property owner liability ordinance."
20260604T134116Z,DT_10th_and_Madison_Jefferson_4_20260602T160000.jpg,,,dataset_20260603_063335/DT_10th_and_Madison_Jefferson_4/DT_10th_and_Madison_Jefferson_4_20260602T160000.jpg,illegal_dumping,done,2026-06-04T13:49:37.140963+00:00,0.048,0.86,0.911,,nvidia/cosmos-reason2-8b,"DUMPING PRESENT: Yes
ORDINANCE VIOLATION: Yes
WASTE TYPE: mixed
WASTE VOLUME: medium
WASTE ORIGIN: residential
PROPERTY TYPE: alley
ADDRESS MARKERS: NONE
GUTTER/ALLEY: Yes
WATER PROXIMITY: No
CHRONIC SITE: No
VEHICLES: NONE
IDENTIFIERS: NONE
SEVERITY: 2
ORDINANCE: Sec-46-45
PRIORITY: MEDIUM
SUMMARY: Mixed waste is illegally dumped in the alley, violating property owner liability under Sec. 46-45.
"
20260604T134116Z,DT_10th_and_Madison_Jefferson_4_20260602T161500.jpg,,,dataset_20260603_063335/DT_10th_and_Madison_Jefferson_4/DT_10th_and_Madison_Jefferson_4_20260602T161500.jpg,illegal_dumping,done,2026-06-04T13:49:37.419514+00:00,0.032,0.835,0.87,,nvidia/cosmos-reason2-8b,"DUMPING PRESENT: Yes
ORDINANCE VIOLATION: Yes
WASTE TYPE: mixed
WASTE VOLUME: medium
WASTE ORIGIN: residential
PROPERTY TYPE: alley
ADDRESS MARKERS: NONE
GUTTER/ALLEY: Yes
WATER PROXIMITY: No
CHRONIC SITE: No
VEHICLES: NONE
IDENTIFIERS: NONE
SEVERITY: 2
ORDINANCE: Sec-46-45
PRIORITY: MEDIUM
SUMMARY: A pile of mixed waste is illegally dumped in the alley, violating Brownsville's property owner liability ordinance.
"
20260604T134116Z,DT_10th_and_Madison_Jefferson_4_20260602T163000.jpg,,,dataset_20260603_063335/DT_10th_and_Madison_Jefferson_4/DT_10th_and_Madison_Jefferson_4_20260602T163000.jpg,illegal_dumping,done,2026-06-04T13:49:37.651399+00:00,0.04,0.855,0.909,,nvidia/cosmos-reason2-8b,"DUMPING PRESENT: Yes
ORDINANCE VIOLATION: Yes
WASTE TYPE: mixed
WASTE VOLUME: small (pickup truck)
WASTE ORIGIN: residential
PROPERTY TYPE: alley
ADDRESS MARKERS: NONE
GUTTER/ALLEY: Yes
WATER PROXIMITY: No
CHRONIC SITE: No
VEHICLES: NONE
IDENTIFIERS: NONE
SEVERITY: 2
ORDINANCE: Sec-46-45
PRIORITY: MEDIUM
SUMMARY: A pile of mixed waste is illegally dumped in the alley, violating Brownsville's property owner liability ordinance.
"
20260604T134116Z,DT_10th_and_Madison_Jefferson_4_20260602T164500.jpg,,,dataset_20260603_063335/DT_10th_and_Madison_Jefferson_4/DT_10th_and_Madison_Jefferson_4_20260602T164500.jpg,illegal_dumping,done,2026-06-04T13:49:37.950368+00:00,0.041,0.871,0.915,,nvidia/cosmos-reason2-8b,"DUMPING PRESENT: Yes
ORDINANCE VIOLATION: Yes
WASTE TYPE: mixed
WASTE VOLUME: small (pickup truck)
WASTE ORIGIN: residential
PROPERTY TYPE: alley
ADDRESS MARKERS: NONE
GUTTER/ALLEY: Yes
WATER PROXIMITY: No
CHRONIC SITE: No
VEHICLES: NONE
IDENTIFIERS: NONE
SEVERITY: 2
ORDINANCE: Sec-46-45
PRIORITY: MEDIUM
SUMMARY: A green dumpster is present in the alley, indicating potential illegal dumping activity that violates Brownsville's property owner liability ordinance.
"
20260604T134116Z,DT_10th_and_Madison_Jefferson_4_20260602T170000.jpg,,,dataset_20260603_063335/DT_10th_and_Madison_Jefferson_4/DT_10th_and_Madison_Jefferson_4_20260602T170000.jpg,illegal_dumping,done,2026-06-04T13:49:38.055093+00:00,0.039,1.017,1.059,,nvidia/cosmos-reason2-8b,"DUMPING PRESENT: Yes
ORDINANCE VIOLATION: Yes
WASTE TYPE: mixed
WASTE VOLUME: small (pickup truck)
WASTE ORIGIN: residential
PROPERTY TYPE: alley
ADDRESS MARKERS: NONE
GUTTER/ALLEY: Yes
WATER PROXIMITY: No
CHRONIC SITE: No
VEHICLES: NONE
IDENTIFIERS: NONE
SEVERITY: 3
ORDINANCE: Sec-46-45
PRIORITY: MEDIUM
SUMMARY: A pile of mixed waste is illegally dumped in the alley, violating Brownsville's property owner liability ordinance.
"
20260604T134116Z,DT_10th_and_Madison_Jefferson_4_20260602T171500.jpg,,,dataset_20260603_063335/DT_10th_and_Madison_Jefferson_4/DT_10th_and_Madison_Jefferson_4_20260602T171500.jpg,illegal_dumping,done,2026-06-04T13:49:38.291670+00:00,0.046,0.855,0.904,,nvidia/cosmos-reason2-8b,"```json
{
  ""DUMPING PRESENT"": ""No"",
  ""ORDINANCE VIOLATION"": ""No"",
  ""WASTE TYPE"": [],
  ""WASTE VOLUME"": ""small (pickup truck)"",
  ""WASTE ORIGIN"": ""residential"",
  ""PROPERTY TYPE"": ""vacant-lot"",
  ""ADDRESS MARKERS"": ""NONE"",
  ""GUTTER/ALLEY"": ""No"",
  ""WATER PROXIMITY"": ""No"",
  ""CHRONIC SITE"": ""No"",
  ""VEHICLES"": ""NONE"",
  ""IDENTIFIERS"": ""NONE"",
  ""SEVERITY"": ""1"",
  ""ORDINANCE"": ""N/A"",
  ""PRIORITY"": ""LOW"",
  ""SUMMARY"": ""No illegal dumping detected; the scene shows a green textured surface with no visible waste or debris.""
}
```"
20260604T134116Z,DT_10th_and_Madison_Jefferson_4_20260602T173000.jpg,,,dataset_20260603_063335/DT_10th_and_Madison_Jefferson_4/DT_10th_and_Madison_Jefferson_4_20260602T173000.jpg,illegal_dumping,done,2026-06-04T13:49:38.563022+00:00,0.046,0.933,0.983,,nvidia/cosmos-reason2-8b,"DUMPING PRESENT: Yes
ORDINANCE VIOLATION: Yes
WASTE TYPE: mixed
WASTE VOLUME: medium
WASTE ORIGIN: residential
PROPERTY TYPE: alley
ADDRESS MARKERS: NONE
GUTTER/ALLEY: Yes
WATER PROXIMITY: No
CHRONIC SITE: No
VEHICLES: NONE
IDENTIFIERS: NONE
SEVERITY: 2
ORDINANCE: Sec-46-45
PRIORITY: MEDIUM
SUMMARY: A medium-sized mixed waste pile is illegally dumped in an alley, violating Brownsville's property owner liability ordinance (Sec. 46-45).
"
20260604T134116Z,DT_10th_and_Madison_Jefferson_4_20260602T174500.jpg,,,dataset_20260603_063335/DT_10th_and_Madison_Jefferson_4/DT_10th_and_Madison_Jefferson_4_20260602T174500.jpg,illegal_dumping,done,2026-06-04T13:49:38.868008+00:00,0.049,0.697,0.749,,nvidia/cosmos-reason2-8b,"DUMPING PRESENT: No
ORDINANCE VIOLATION: No
WASTE TYPE: mixed
WASTE VOLUME: medium
WASTE ORIGIN: residential
PROPERTY TYPE: vacant-lot
ADDRESS MARKERS: NONE
GUTTER/ALLEY: No
WATER PROXIMITY: No
CHRONIC SITE: No
VEHICLES: NONE
IDENTIFIERS: NONE
SEVERITY: 1
ORDINANCE: N/A
PRIORITY: LOW
SUMMARY: No illegal dumping detected; the scene shows a mix of colors and textures without clear evidence of waste disposal violations."
20260604T134116Z,DT_10th_and_Madison_Jefferson_4_20260602T180000.jpg,,,dataset_20260603_063335/DT_10th_and_Madison_Jefferson_4/DT_10th_and_Madison_Jefferson_4_20260602T180000.jpg,illegal_dumping,done,2026-06-04T13:49:39.116949+00:00,0.047,0.764,0.815,,nvidia/cosmos-reason2-8b,"DUMPING PRESENT: No
ORDINANCE VIOLATION: No
WASTE TYPE: mixed
WASTE VOLUME: small (pickup truck)
WASTE ORIGIN: residential
PROPERTY TYPE: occupied-private
ADDRESS MARKERS: NONE
GUTTER/ALLEY: No
WATER PROXIMITY: No
CHRONIC SITE: No
VEHICLES: NONE
IDENTIFIERS: NONE
SEVERITY: 1
ORDINANCE: N/A
PRIORITY: LOW
SUMMARY: No illegal dumping detected in the video."
20260604T134116Z,DT_10th_and_Madison_Jefferson_4_20260602T181500.jpg,,,dataset_20260603_063335/DT_10th_and_Madison_Jefferson_4/DT_10th_and_Madison_Jefferson_4_20260602T181500.jpg,illegal_dumping,done,2026-06-04T13:49:39.197502+00:00,0.051,0.771,0.826,,nvidia/cosmos-reason2-8b,"DUMPING PRESENT: No
ORDINANCE VIOLATION: No
WASTE TYPE: mixed
WASTE VOLUME: small (pickup truck)
WASTE ORIGIN: residential
PROPERTY TYPE: vacant-lot
ADDRESS MARKERS: NONE
GUTTER/ALLEY: No
WATER PROXIMITY: No
CHRONIC SITE: No
VEHICLES: NONE
IDENTIFIERS: NONE
SEVERITY: 1
ORDINANCE: N/A
PRIORITY: LOW
SUMMARY: No illegal dumping observed; no ordinance violations detected."
20260604T134116Z,DT_10th_and_Madison_Jefferson_4_20260602T183000.jpg,,,dataset_20260603_063335/DT_10th_and_Madison_Jefferson_4/DT_10th_and_Madison_Jefferson_4_20260602T183000.jpg,illegal_dumping,done,2026-06-04T13:49:39.548614+00:00,0.049,0.703,0.757,,nvidia/cosmos-reason2-8b,"DUMPING PRESENT: No
ORDINANCE VIOLATION: No
WASTE TYPE: mixed
WASTE VOLUME: small (pickup truck)
WASTE ORIGIN: residential
PROPERTY TYPE: occupied-private
ADDRESS MARKERS: NONE
GUTTER/ALLEY: No
WATER PROXIMITY: No
CHRONIC SITE: No
VEHICLES: NONE
IDENTIFIERS: NONE
SEVERITY: 1
ORDINANCE: N/A
PRIORITY: LOW
SUMMARY: No illegal dumping detected in the video."
20260604T134116Z,DT_10th_and_Madison_Jefferson_4_20260602T184500.jpg,,,dataset_20260603_063335/DT_10th_and_Madison_Jefferson_4/DT_10th_and_Madison_Jefferson_4_20260602T184500.jpg,illegal_dumping,done,2026-06-04T13:49:39.619092+00:00,0.042,0.78,0.825,,nvidia/cosmos-reason2-8b,"DUMPING PRESENT: No
ORDINANCE VIOLATION: No
WASTE TYPE: mixed
WASTE VOLUME: small (pickup truck)
WASTE ORIGIN: residential
PROPERTY TYPE: occupied-private
ADDRESS MARKERS: NONE
GUTTER/ALLEY: No
WATER PROXIMITY: No
CHRONIC SITE: No
VEHICLES: NONE
IDENTIFIERS: NONE
SEVERITY: 1
ORDINANCE: N/A
PRIORITY: LOW
SUMMARY: No illegal dumping detected in the video."
20260604T134116Z,DT_10th_and_Madison_Jefferson_4_20260602T190000.jpg,,,dataset_20260603_063335/DT_10th_and_Madison_Jefferson_4/DT_10th_and_Madison_Jefferson_4_20260602T190000.jpg,illegal_dumping,done,2026-06-04T13:49:39.934585+00:00,0.047,0.739,0.789,,nvidia/cosmos-reason2-8b,"DUMPING PRESENT: No
ORDINANCE VIOLATION: No
WASTE TYPE: mixed
WASTE VOLUME: small (pickup truck)
WASTE ORIGIN: residential
PROPERTY TYPE: alley
ADDRESS MARKERS: NONE
GUTTER/ALLEY: Yes
WATER PROXIMITY: No
CHRONIC SITE: No
VEHICLES: NONE
IDENTIFIERS: NONE
SEVERITY: 1
ORDINANCE: N/A
PRIORITY: LOW
SUMMARY: No illegal dumping detected in the alleyway; the scene appears clean with no visible waste or debris."
20260604T134116Z,DT_10th_and_Madison_Jefferson_4_20260602T191500.jpg,,,dataset_20260603_063335/DT_10th_and_Madison_Jefferson_4/DT_10th_and_Madison_Jefferson_4_20260602T191500.jpg,illegal_dumping,done,2026-06-04T13:49:40.025363+00:00,0.044,0.968,1.016,,nvidia/cosmos-reason2-8b,"DUMPING PRESENT: Yes
ORDINANCE VIOLATION: Yes
WASTE TYPE: mixed
WASTE VOLUME: small (pickup truck)
WASTE ORIGIN: residential
PROPERTY TYPE: alley
ADDRESS MARKERS: NONE
GUTTER/ALLEY: Yes
WATER PROXIMITY: No
CHRONIC SITE: No
VEHICLES: NONE
IDENTIFIERS: NONE
SEVERITY: 2
ORDINANCE: Sec-46-45
PRIORITY: MEDIUM
SUMMARY: A small pile of mixed waste is illegally dumped in the alley, violating Brownsville's property owner liability ordinance.
"
20260604T134116Z,DT_10th_and_Madison_Jefferson_4_20260602T193000.jpg,,,dataset_20260603_063335/DT_10th_and_Madison_Jefferson_4/DT_10th_and_Madison_Jefferson_4_20260602T193000.jpg,illegal_dumping,done,2026-06-04T13:49:40.308282+00:00,0.041,0.904,0.948,,nvidia/cosmos-reason2-8b,"DUMPING PRESENT: Yes
ORDINANCE VIOLATION: Yes
WASTE TYPE: mixed
WASTE VOLUME: small (pickup truck)
WASTE ORIGIN: residential
PROPERTY TYPE: vacant-lot
ADDRESS MARKERS: NONE
GUTTER/ALLEY: No
WATER PROXIMITY: Yes
CHRONIC SITE: No
VEHICLES: NONE
IDENTIFIERS: NONE
SEVERITY: 2
ORDINANCE: Sec-46-45
PRIORITY: MEDIUM
SUMMARY: A small pile of mixed waste is illegally dumped on a vacant lot, violating Brownsville's property owner liability ordinance.
"
20260604T134116Z,DT_10th_and_Madison_Jefferson_4_20260602T194500.jpg,,,dataset_20260603_063335/DT_10th_and_Madison_Jefferson_4/DT_10th_and_Madison_Jefferson_4_20260602T194500.jpg,illegal_dumping,done,2026-06-04T13:49:40.447377+00:00,0.044,0.761,0.808,,nvidia/cosmos-reason2-8b,"DUMPING PRESENT: No
ORDINANCE VIOLATION: No
WASTE TYPE: mixed
WASTE VOLUME: small (pickup truck)
WASTE ORIGIN: residential
PROPERTY TYPE: alley
ADDRESS MARKERS: NONE
GUTTER/ALLEY: Yes
WATER PROXIMITY: No
CHRONIC SITE: No
VEHICLES: NONE
IDENTIFIERS: NONE
SEVERITY: 1
ORDINANCE: N/A
PRIORITY: LOW
SUMMARY: No illegal dumping detected in the alleyway; the area appears clean with no visible waste or debris."
20260604T134116Z,DT_10th_and_Madison_Jefferson_4_20260602T200000.jpg,,,dataset_20260603_063335/DT_10th_and_Madison_Jefferson_4/DT_10th_and_Madison_Jefferson_4_20260602T200000.jpg,illegal_dumping,done,2026-06-04T13:49:40.727945+00:00,0.041,0.808,0.853,,nvidia/cosmos-reason2-8b,"DUMPING PRESENT: Yes
ORDINANCE VIOLATION: Yes
WASTE TYPE: mixed
WASTE VOLUME: small (pickup truck)
WASTE ORIGIN: residential
PROPERTY TYPE: right-of-way
ADDRESS MARKERS: NONE
GUTTER/ALLEY: Yes
WATER PROXIMITY: No
CHRONIC SITE: No
VEHICLES: NONE
IDENTIFIERS: NONE
SEVERITY: 2
ORDINANCE: Sec-46-45
PRIORITY: MEDIUM
SUMMARY: A black trash bin is improperly placed in the right-of-way, violating Brownsville's ordinance that prohibits waste disposal on private, vacant, or public property.
"
20260604T134116Z,DT_10th_and_Madison_Jefferson_4_20260602T201500.jpg,,,dataset_20260603_063335/DT_10th_and_Madison_Jefferson_4/DT_10th_and_Madison_Jefferson_4_20260602T201500.jpg,illegal_dumping,done,2026-06-04T13:49:41.044482+00:00,0.051,0.722,0.776,,nvidia/cosmos-reason2-8b,"DUMPING PRESENT: No
ORDINANCE VIOLATION: No
WASTE TYPE: mixed
WASTE VOLUME: small (pickup truck)
WASTE ORIGIN: residential
PROPERTY TYPE: alley
ADDRESS MARKERS: NONE
GUTTER/ALLEY: Yes
WATER PROXIMITY: No
CHRONIC SITE: No
VEHICLES: NONE
IDENTIFIERS: NONE
SEVERITY: 1
ORDINANCE: N/A
PRIORITY: LOW
SUMMARY: No illegal dumping detected in the alleyway; the scene appears clean with no visible waste or debris."
20260604T134116Z,DT_10th_and_Madison_Jefferson_4_20260602T203000.jpg,,,dataset_20260603_063335/DT_10th_and_Madison_Jefferson_4/DT_10th_and_Madison_Jefferson_4_20260602T203000.jpg,illegal_dumping,done,2026-06-04T13:49:41.259713+00:00,0.084,0.951,1.039,,nvidia/cosmos-reason2-8b,"DUMPING PRESENT: Yes
ORDINANCE VIOLATION: Yes
WASTE TYPE: mixed
WASTE VOLUME: small (pickup truck)
WASTE ORIGIN: unknown
PROPERTY TYPE: vacant-lot
ADDRESS MARKERS: NONE
GUTTER/ALLEY: No
WATER PROXIMITY: No
CHRONIC SITE: No
VEHICLES: <color, type, any text visible — or NONE>
IDENTIFIERS: <plates, signage, labels, individuals — or NONE>
SEVERITY: 3
ORDINANCE: Sec-46-45
PRIORITY: MEDIUM
SUMMARY: A pickup truck is parked on a private property with a pile of debris next to it, indicating potential illegal dumping on private land.
"
20260604T134116Z,DT_10th_and_Madison_Jefferson_4_20260602T204500.jpg,,,dataset_20260603_063335/DT_10th_and_Madison_Jefferson_4/DT_10th_and_Madison_Jefferson_4_20260602T204500.jpg,illegal_dumping,done,2026-06-04T13:49:41.260897+00:00,0.084,0.942,1.028,,nvidia/cosmos-reason2-8b,"```json
DUMPING PRESENT: No
ORDINANCE VIOLATION: No
WASTE TYPE: mixed
WASTE VOLUME: small (pickup truck)
WASTE ORIGIN: residential
PROPERTY TYPE: alley
ADDRESS MARKERS: NONE
GUTTER/ALLEY: Yes
WATER PROXIMITY: No
CHRONIC SITE: No
VEHICLES: <color, type, any text visible — or NONE>
IDENTIFIERS: <plates, signage, labels, individuals — or NONE>
SEVERITY: 1
ORDINANCE: N/A
PRIORITY: LOW
SUMMARY: No illegal dumping observed; the scene shows a quiet alleyway with no visible waste or violations.
```"
20260604T134116Z,DT_10th_and_Madison_Jefferson_4_20260602T210000.jpg,,,dataset_20260603_063335/DT_10th_and_Madison_Jefferson_4/DT_10th_and_Madison_Jefferson_4_20260602T210000.jpg,illegal_dumping,done,2026-06-04T13:49:41.583886+00:00,0.045,0.88,0.928,,nvidia/cosmos-reason2-8b,"DUMPING PRESENT: No
ORDINANCE VIOLATION: No
WASTE TYPE: mixed
WASTE VOLUME: small (pickup truck)
WASTE ORIGIN: residential
PROPERTY TYPE: vacant-lot
ADDRESS MARKERS: NONE
GUTTER/ALLEY: No
WATER PROXIMITY: No
CHRONIC SITE: No
VEHICLES: NONE
IDENTIFIERS: NONE
SEVERITY: 1
ORDINANCE: N/A
PRIORITY: LOW
SUMMARY: No illegal dumping is observed in the video."
20260604T134116Z,DT_10th_and_Madison_Jefferson_4_20260602T211500.jpg,,,dataset_20260603_063335/DT_10th_and_Madison_Jefferson_4/DT_10th_and_Madison_Jefferson_4_20260602T211500.jpg,illegal_dumping,done,2026-06-04T13:49:41.822894+00:00,0.046,1.01,1.059,,nvidia/cosmos-reason2-8b,"```json
{
  ""DUMPING PRESENT"": ""No"",
  ""ORDINANCE VIOLATION"": ""No"",
  ""WASTE TYPE"": [],
  ""WASTE VOLUME"": ""small (pickup truck)"",
  ""WASTE ORIGIN"": ""unknown"",
  ""PROPERTY TYPE"": ""right-of-way"",
  ""ADDRESS MARKERS"": ""NONE"",
  ""GUTTER/ALLEY"": ""Yes"",
  ""WATER PROXIMITY"": ""No"",
  ""CHRONIC SITE"": ""No"",
  ""VEHICLES"": ""NONE"",
  ""IDENTIFIERS"": ""NONE"",
  ""SEVERITY"": ""1"",
  ""ORDINANCE"": ""N/A"",
  ""PRIORITY"": ""LOW"",
  ""SUMMARY"": ""No illegal dumping detected; the scene shows a dark, foggy environment with a vehicle's headlights visible but no waste materials or violations observed.""
}
```"
20260604T134116Z,DT_10th_and_Madison_Jefferson_4_20260602T213000.jpg,,,dataset_20260603_063335/DT_10th_and_Madison_Jefferson_4/DT_10th_and_Madison_Jefferson_4_20260602T213000.jpg,illegal_dumping,done,2026-06-04T13:49:42.292172+00:00,0.043,0.694,0.741,,nvidia/cosmos-reason2-8b,"DUMPING PRESENT: No
ORDINANCE VIOLATION: No
WASTE TYPE: mixed
WASTE VOLUME: medium
WASTE ORIGIN: residential
PROPERTY TYPE: alley
ADDRESS MARKERS: NONE
GUTTER/ALLEY: Yes
WATER PROXIMITY: No
CHRONIC SITE: No
VEHICLES: NONE
IDENTIFIERS: NONE
SEVERITY: 1
ORDINANCE: N/A
PRIORITY: LOW
SUMMARY: No illegal dumping observed in the alleyway."
20260604T134116Z,DT_10th_and_Madison_Jefferson_4_20260602T214500.jpg,,,dataset_20260603_063335/DT_10th_and_Madison_Jefferson_4/DT_10th_and_Madison_Jefferson_4_20260602T214500.jpg,illegal_dumping,done,2026-06-04T13:49:42.336414+00:00,0.05,0.851,0.905,,nvidia/cosmos-reason2-8b,"DUMPING PRESENT: No
ORDINANCE VIOLATION: No
WASTE TYPE: mixed
WASTE VOLUME: small (pickup truck)
WASTE ORIGIN: residential
PROPERTY TYPE: alley
ADDRESS MARKERS: NONE
GUTTER/ALLEY: Yes
WATER PROXIMITY: No
CHRONIC SITE: No
VEHICLES: NONE
IDENTIFIERS: NONE
SEVERITY: 1
ORDINANCE: N/A
PRIORITY: LOW
SUMMARY: No illegal dumping observed in the alleyway; environment appears clear with no visible waste or debris."
20260604T134116Z,DT_10th_and_Madison_Jefferson_4_20260602T220000.jpg,,,dataset_20260603_063335/DT_10th_and_Madison_Jefferson_4/DT_10th_and_Madison_Jefferson_4_20260602T220000.jpg,illegal_dumping,done,2026-06-04T13:49:42.515600+00:00,0.041,0.949,0.993,,nvidia/cosmos-reason2-8b,"```json
{
  ""DUMPING PRESENT"": ""No"",
  ""ORDINANCE VIOLATION"": ""No"",
  ""WASTE TYPE"": [],
  ""WASTE VOLUME"": ""small (pickup truck)"",
  ""WASTE ORIGIN"": ""unknown"",
  ""PROPERTY TYPE"": ""right-of-way"",
  ""ADDRESS MARKERS"": ""NONE"",
  ""GUTTER/ALLEY"": ""Yes"",
  ""WATER PROXIMITY"": ""No"",
  ""CHRONIC SITE"": ""No"",
  ""VEHICLES"": ""NONE"",
  ""IDENTIFIERS"": ""NONE"",
  ""SEVERITY"": ""1"",
  ""ORDINANCE"": ""N/A"",
  ""PRIORITY"": ""LOW"",
  ""SUMMARY"": ""No illegal dumping detected; the scene shows a dimly lit alley with no visible waste or vehicles.""
}
```"
20260604T134116Z,DT_10th_and_Madison_Jefferson_4_20260602T221500.jpg,,,dataset_20260603_063335/DT_10th_and_Madison_Jefferson_4/DT_10th_and_Madison_Jefferson_4_20260602T221500.jpg,illegal_dumping,done,2026-06-04T13:49:42.884204+00:00,0.043,0.829,0.874,,nvidia/cosmos-reason2-8b,"```json
{
  ""DUMPING PRESENT"": ""No"",
  ""ORDINANCE VIOLATION"": ""No"",
  ""WASTE TYPE"": [],
  ""WASTE VOLUME"": ""small (pickup truck)"",
  ""WASTE ORIGIN"": ""unknown"",
  ""PROPERTY TYPE"": ""vacant-lot"",
  ""ADDRESS MARKERS"": ""NONE"",
  ""GUTTER/ALLEY"": ""Yes"",
  ""WATER PROXIMITY"": ""No"",
  ""CHRONIC SITE"": ""No"",
  ""VEHICLES"": ""NONE"",
  ""IDENTIFIERS"": ""NONE"",
  ""SEVERITY"": ""1"",
  ""ORDINANCE"": ""N/A"",
  ""PRIORITY"": ""LOW"",
  ""SUMMARY"": ""No illegal dumping detected in the video; the scene shows a dark, indistinct area with no visible waste or vehicles.""
}
```"
20260604T134116Z,DT_10th_and_Madison_Jefferson_4_20260602T223000.jpg,,,dataset_20260603_063335/DT_10th_and_Madison_Jefferson_4/DT_10th_and_Madison_Jefferson_4_20260602T223000.jpg,illegal_dumping,done,2026-06-04T13:49:43.035335+00:00,0.037,0.871,0.911,,nvidia/cosmos-reason2-8b,"DUMPING PRESENT: No
ORDINANCE VIOLATION: No
WASTE TYPE: <none detected>
WASTE VOLUME: <not applicable>
WASTE ORIGIN: <unknown>
PROPERTY TYPE: right-of-way
ADDRESS MARKERS: NONE
GUTTER/ALLEY: Yes
WATER PROXIMITY: No
CHRONIC SITE: No
VEHICLES: NONE
IDENTIFIERS: <none detected>
SEVERITY: 1
ORDINANCE: N/A
PRIORITY: LOW
SUMMARY: No illegal dumping observed; the scene appears to be a dark, indistinct alleyway with no visible waste or violations."
20260604T134116Z,DT_10th_and_Madison_Jefferson_4_20260602T224500.jpg,,,dataset_20260603_063335/DT_10th_and_Madison_Jefferson_4/DT_10th_and_Madison_Jefferson_4_20260602T224500.jpg,illegal_dumping,done,2026-06-04T13:49:43.244510+00:00,0.045,0.698,0.745,,nvidia/cosmos-reason2-8b,"DUMPING PRESENT: No
ORDINANCE VIOLATION: No
WASTE TYPE: mixed
WASTE VOLUME: small (pickup truck)
WASTE ORIGIN: residential
PROPERTY TYPE: alley
ADDRESS MARKERS: NONE
GUTTER/ALLEY: Yes
WATER PROXIMITY: No
CHRONIC SITE: No
VEHICLES: NONE
IDENTIFIERS: NONE
SEVERITY: 1
ORDINANCE: N/A
PRIORITY: LOW
SUMMARY: No illegal dumping is observed in the video."
20260604T134116Z,DT_10th_and_Madison_Jefferson_4_20260602T230000.jpg,,,dataset_20260603_063335/DT_10th_and_Madison_Jefferson_4/DT_10th_and_Madison_Jefferson_4_20260602T230000.jpg,illegal_dumping,done,2026-06-04T13:49:43.511105+00:00,0.042,0.695,0.739,,nvidia/cosmos-reason2-8b,"DUMPING PRESENT: No
ORDINANCE VIOLATION: No
WASTE TYPE: mixed
WASTE VOLUME: small (pickup truck)
WASTE ORIGIN: residential
PROPERTY TYPE: vacant-lot
ADDRESS MARKERS: NONE
GUTTER/ALLEY: No
WATER PROXIMITY: No
CHRONIC SITE: No
VEHICLES: NONE
IDENTIFIERS: NONE
SEVERITY: 1
ORDINANCE: N/A
PRIORITY: LOW
SUMMARY: No illegal dumping is observed in the video."
20260604T134116Z,DT_10th_and_Madison_Jefferson_4_20260602T231500.jpg,,,dataset_20260603_063335/DT_10th_and_Madison_Jefferson_4/DT_10th_and_Madison_Jefferson_4_20260602T231500.jpg,illegal_dumping,done,2026-06-04T13:49:43.761408+00:00,0.05,0.684,0.736,,nvidia/cosmos-reason2-8b,"DUMPING PRESENT: No
ORDINANCE VIOLATION: No
WASTE TYPE: mixed
WASTE VOLUME: small (pickup truck)
WASTE ORIGIN: residential
PROPERTY TYPE: alley
ADDRESS MARKERS: NONE
GUTTER/ALLEY: Yes
WATER PROXIMITY: No
CHRONIC SITE: No
VEHICLES: NONE
IDENTIFIERS: NONE
SEVERITY: 1
ORDINANCE: N/A
PRIORITY: LOW
SUMMARY: No illegal dumping detected in the alleyway; environment appears clear with no visible waste or debris."
20260604T134116Z,DT_10th_and_Madison_Jefferson_4_20260602T233000.jpg,,,dataset_20260603_063335/DT_10th_and_Madison_Jefferson_4/DT_10th_and_Madison_Jefferson_4_20260602T233000.jpg,illegal_dumping,done,2026-06-04T13:49:43.948711+00:00,0.041,0.697,0.742,,nvidia/cosmos-reason2-8b,"DUMPING PRESENT: No
ORDINANCE VIOLATION: No
WASTE TYPE: mixed
WASTE VOLUME: small (pickup truck)
WASTE ORIGIN: residential
PROPERTY TYPE: alley
ADDRESS MARKERS: NONE
GUTTER/ALLEY: Yes
WATER PROXIMITY: No
CHRONIC SITE: No
VEHICLES: NONE
IDENTIFIERS: NONE
SEVERITY: 1
ORDINANCE: N/A
PRIORITY: LOW
SUMMARY: No illegal dumping observed in the alleyway."
20260604T134116Z,DT_10th_and_Madison_Jefferson_4_20260602T234500.jpg,,,dataset_20260603_063335/DT_10th_and_Madison_Jefferson_4/DT_10th_and_Madison_Jefferson_4_20260602T234500.jpg,illegal_dumping,done,2026-06-04T13:49:43.992788+00:00,0.049,0.849,0.902,,nvidia/cosmos-reason2-8b,"DUMPING PRESENT: No
ORDINANCE VIOLATION: No
WASTE TYPE: mixed
WASTE VOLUME: small (pickup truck)
WASTE ORIGIN: residential
PROPERTY TYPE: right-of-way
ADDRESS MARKERS: NONE
GUTTER/ALLEY: Yes
WATER PROXIMITY: No
CHRONIC SITE: No
VEHICLES: NONE
IDENTIFIERS: NONE
SEVERITY: 1
ORDINANCE: N/A
PRIORITY: LOW
SUMMARY: No illegal dumping is observed in the video; the scene appears to be a dark, foggy alleyway with no visible waste or vehicles."
20260604T134116Z,DT_12th_and_Madison_1_20260602T000000.jpg,,,dataset_20260603_063335/DT_12th_and_Madison_1/DT_12th_and_Madison_1_20260602T000000.jpg,illegal_dumping,done,2026-06-04T13:49:44.921365+00:00,0.184,0.998,1.199,,nvidia/cosmos-reason2-8b,"DUMPING PRESENT: No
ORDINANCE VIOLATION: No
WASTE TYPE: mixed
WASTE VOLUME: small (pickup truck)
WASTE ORIGIN: residential
PROPERTY TYPE: alley
ADDRESS MARKERS: NONE
GUTTER/ALLEY: Yes
WATER PROXIMITY: No
CHRONIC SITE: No
VEHICLES: NONE
IDENTIFIERS: NONE
SEVERITY: 1
ORDINANCE: N/A
PRIORITY: LOW
SUMMARY: No illegal dumping detected in the alleyway; the scene appears clear with no visible waste or debris."
20260604T134116Z,DT_12th_and_Madison_1_20260602T001500.jpg,,,dataset_20260603_063335/DT_12th_and_Madison_1/DT_12th_and_Madison_1_20260602T001500.jpg,illegal_dumping,done,2026-06-04T13:49:44.922020+00:00,0.182,1.364,1.564,,nvidia/cosmos-reason2-8b,"DUMPING PRESENT: No
ORDINANCE VIOLATION: No
WASTE TYPE: mixed
WASTE VOLUME: small (pickup truck)
WASTE ORIGIN: residential
PROPERTY TYPE: right-of-way
ADDRESS MARKERS: NONE
GUTTER/ALLEY: Yes
WATER PROXIMITY: No
CHRONIC SITE: No
VEHICLES: NONE
IDENTIFIERS: NONE
SEVERITY: 1
ORDINANCE: N/A
PRIORITY: LOW
SUMMARY: No illegal dumping detected in the right-of-way area."
20260604T134116Z,DT_12th_and_Madison_1_20260602T003000.jpg,,,dataset_20260603_063335/DT_12th_and_Madison_1/DT_12th_and_Madison_1_20260602T003000.jpg,illegal_dumping,done,2026-06-04T13:49:44.922522+00:00,0.183,0.944,1.144,,nvidia/cosmos-reason2-8b,"DUMPING PRESENT: No
ORDINANCE VIOLATION: No
WASTE TYPE: mixed
WASTE VOLUME: small (pickup truck)
WASTE ORIGIN: residential
PROPERTY TYPE: alley
ADDRESS MARKERS: NONE
GUTTER/ALLEY: Yes
WATER PROXIMITY: No
CHRONIC SITE: No
VEHICLES: NONE
IDENTIFIERS: NONE
SEVERITY: 1
ORDINANCE: N/A
PRIORITY: LOW
SUMMARY: No illegal dumping detected in the alleyway; the scene appears clean with no visible waste or debris."
20260604T134116Z,DT_12th_and_Madison_1_20260602T004500.jpg,,,dataset_20260603_063335/DT_12th_and_Madison_1/DT_12th_and_Madison_1_20260602T004500.jpg,illegal_dumping,done,2026-06-04T13:49:44.924151+00:00,0.183,1.204,1.403,,nvidia/cosmos-reason2-8b,"DUMPING PRESENT: No
ORDINANCE VIOLATION: No
WASTE TYPE: mixed
WASTE VOLUME: small (pickup truck)
WASTE ORIGIN: residential
PROPERTY TYPE: vacant-lot
ADDRESS MARKERS: NONE
GUTTER/ALLEY: No
WATER PROXIMITY: No
CHRONIC SITE: No
VEHICLES: NONE
IDENTIFIERS: NONE
SEVERITY: 1
ORDINANCE: N/A
PRIORITY: LOW
SUMMARY: No illegal dumping detected; the scene shows a mix of objects without clear evidence of waste disposal violations."
20260604T134116Z,DT_12th_and_Madison_1_20260602T010000.jpg,,,dataset_20260603_063335/DT_12th_and_Madison_1/DT_12th_and_Madison_1_20260602T010000.jpg,illegal_dumping,done,2026-06-04T13:49:46.069693+00:00,0.046,0.687,0.737,,nvidia/cosmos-reason2-8b,"DUMPING PRESENT: No
ORDINANCE VIOLATION: No
WASTE TYPE: mixed
WASTE VOLUME: small (pickup truck)
WASTE ORIGIN: residential
PROPERTY TYPE: right-of-way
ADDRESS MARKERS: NONE
GUTTER/ALLEY: Yes
WATER PROXIMITY: No
CHRONIC SITE: No
VEHICLES: NONE
IDENTIFIERS: NONE
SEVERITY: 1
ORDINANCE: N/A
PRIORITY: LOW
SUMMARY: No illegal dumping detected in the video. The scene shows a quiet, dimly lit alleyway with no visible waste or debris."
20260604T134116Z,DT_12th_and_Madison_1_20260602T011500.jpg,,,dataset_20260603_063335/DT_12th_and_Madison_1/DT_12th_and_Madison_1_20260602T011500.jpg,illegal_dumping,done,2026-06-04T13:49:46.123784+00:00,0.052,0.878,0.933,,nvidia/cosmos-reason2-8b,"DUMPING PRESENT: No
ORDINANCE VIOLATION: No
WASTE TYPE: mixed
WASTE VOLUME: small (pickup truck)
WASTE ORIGIN: residential
PROPERTY TYPE: alley
ADDRESS MARKERS: NONE
GUTTER/ALLEY: Yes
WATER PROXIMITY: No
CHRONIC SITE: No
VEHICLES: NONE
IDENTIFIERS: NONE
SEVERITY: 1
ORDINANCE: N/A
PRIORITY: LOW
SUMMARY: No illegal dumping detected in the alleyway."
20260604T134116Z,DT_12th_and_Madison_1_20260602T013000.jpg,,,dataset_20260603_063335/DT_12th_and_Madison_1/DT_12th_and_Madison_1_20260602T013000.jpg,illegal_dumping,done,2026-06-04T13:49:46.329038+00:00,0.039,1.114,1.155,,nvidia/cosmos-reason2-8b,"DUMPING PRESENT: No
ORDINANCE VIOLATION: No
WASTE TYPE: mixed
WASTE VOLUME: small (pickup truck)
WASTE ORIGIN: residential
PROPERTY TYPE: alley
ADDRESS MARKERS: NONE
GUTTER/ALLEY: Yes
WATER PROXIMITY: No
CHRONIC SITE: No
VEHICLES: NONE
IDENTIFIERS: NONE
SEVERITY: 1
ORDINANCE: N/A
PRIORITY: LOW
SUMMARY: No illegal dumping observed in the alleyway; the scene appears clean with no visible waste or debris."
20260604T134116Z,DT_12th_and_Madison_1_20260602T014500.jpg,,,dataset_20260603_063335/DT_12th_and_Madison_1/DT_12th_and_Madison_1_20260602T014500.jpg,illegal_dumping,done,2026-06-04T13:49:46.488413+00:00,0.04,0.898,0.942,,nvidia/cosmos-reason2-8b,"DUMPING PRESENT: No
ORDINANCE VIOLATION: No
WASTE TYPE: mixed
WASTE VOLUME: small (pickup truck)
WASTE ORIGIN: residential
PROPERTY TYPE: right-of-way
ADDRESS MARKERS: NONE
GUTTER/ALLEY: Yes
WATER PROXIMITY: No
CHRONIC SITE: No
VEHICLES: NONE
IDENTIFIERS: NONE
SEVERITY: 1
ORDINANCE: N/A
PRIORITY: LOW
SUMMARY: No illegal dumping detected; the scene shows a quiet street with no visible waste or debris."
20260604T134116Z,DT_12th_and_Madison_1_20260602T020000.jpg,,,dataset_20260603_063335/DT_12th_and_Madison_1/DT_12th_and_Madison_1_20260602T020000.jpg,illegal_dumping,done,2026-06-04T13:49:46.809260+00:00,0.038,0.711,0.753,,nvidia/cosmos-reason2-8b,"DUMPING PRESENT: No
ORDINANCE VIOLATION: No
WASTE TYPE:
WASTE VOLUME:
WASTE ORIGIN:
PROPERTY TYPE: right-of-way
ADDRESS MARKERS: NONE
GUTTER/ALLEY: Yes
WATER PROXIMITY: No
CHRONIC SITE: No
VEHICLES: NONE
IDENTIFIERS: NONE
SEVERITY: 1
ORDINANCE: N/A
PRIORITY: LOW
SUMMARY: No dumping observed; scene shows a quiet alleyway with vegetation and streetlights."
20260604T134116Z,DT_12th_and_Madison_1_20260602T021500.jpg,,,dataset_20260603_063335/DT_12th_and_Madison_1/DT_12th_and_Madison_1_20260602T021500.jpg,illegal_dumping,done,2026-06-04T13:49:47.059515+00:00,0.044,0.727,0.774,,nvidia/cosmos-reason2-8b,"DUMPING PRESENT: No
ORDINANCE VIOLATION: No
WASTE TYPE: mixed
WASTE VOLUME: small (pickup truck)
WASTE ORIGIN: residential
PROPERTY TYPE: right-of-way
ADDRESS MARKERS: NONE
GUTTER/ALLEY: Yes
WATER PROXIMITY: No
CHRONIC SITE: No
VEHICLES: NONE
IDENTIFIERS: NONE
SEVERITY: 1
ORDINANCE: N/A
PRIORITY: LOW
SUMMARY: No illegal dumping is observed in the scene."
20260604T134116Z,DT_12th_and_Madison_1_20260602T023000.jpg,,,dataset_20260603_063335/DT_12th_and_Madison_1/DT_12th_and_Madison_1_20260602T023000.jpg,illegal_dumping,done,2026-06-04T13:49:47.433038+00:00,0.051,0.701,0.756,,nvidia/cosmos-reason2-8b,"DUMPING PRESENT: No
ORDINANCE VIOLATION: No
WASTE TYPE: mixed
WASTE VOLUME: small (pickup truck)
WASTE ORIGIN: residential
PROPERTY TYPE: right-of-way
ADDRESS MARKERS: NONE
GUTTER/ALLEY: Yes
WATER PROXIMITY: No
CHRONIC SITE: No
VEHICLES: NONE
IDENTIFIERS: NONE
SEVERITY: 1
ORDINANCE: N/A
PRIORITY: LOW
SUMMARY: No illegal dumping detected; the scene shows a quiet alleyway with no visible waste or debris."
20260604T134116Z,DT_12th_and_Madison_1_20260602T024500.jpg,,,dataset_20260603_063335/DT_12th_and_Madison_1/DT_12th_and_Madison_1_20260602T024500.jpg,illegal_dumping,done,2026-06-04T13:49:47.486617+00:00,0.047,0.969,1.019,,nvidia/cosmos-reason2-8b,"```json
{
  ""DUMPING PRESENT"": ""No"",
  ""ORDINANCE VIOLATION"": ""No"",
  ""WASTE TYPE"": [],
  ""WASTE VOLUME"": ""small (pickup truck)"",
  ""WASTE ORIGIN"": ""residential"",
  ""PROPERTY TYPE"": ""right-of-way"",
  ""ADDRESS MARKERS"": ""NONE"",
  ""GUTTER/ALLEY"": ""Yes"",
  ""WATER PROXIMITY"": ""No"",
  ""CHRONIC SITE"": ""No"",
  ""VEHICLES"": ""NONE"",
  ""IDENTIFIERS"": ""NONE"",
  ""SEVERITY"": ""1"",
  ""ORDINANCE"": ""N/A"",
  ""PRIORITY"": ""LOW"",
  ""SUMMARY"": ""No illegal dumping detected; the scene shows a quiet alleyway with no visible waste or debris.""
}
```"
20260604T134116Z,DT_12th_and_Madison_1_20260602T030000.jpg,,,dataset_20260603_063335/DT_12th_and_Madison_1/DT_12th_and_Madison_1_20260602T030000.jpg,illegal_dumping,done,2026-06-04T13:49:47.565576+00:00,0.047,1.095,1.146,,nvidia/cosmos-reason2-8b,"DUMPING PRESENT: No
ORDINANCE VIOLATION: No
WASTE TYPE: mixed
WASTE VOLUME: small (pickup truck)
WASTE ORIGIN: residential
PROPERTY TYPE: alley
ADDRESS MARKERS: NONE
GUTTER/ALLEY: Yes
WATER PROXIMITY: No
CHRONIC SITE: No
VEHICLES: NONE
IDENTIFIERS: NONE
SEVERITY: 1
ORDINANCE: N/A
PRIORITY: LOW
SUMMARY: No illegal dumping detected in the alleyway; the scene appears clean with no visible waste or debris."
20260604T134116Z,DT_12th_and_Madison_1_20260602T031500.jpg,,,dataset_20260603_063335/DT_12th_and_Madison_1/DT_12th_and_Madison_1_20260602T031500.jpg,illegal_dumping,done,2026-06-04T13:49:47.836417+00:00,0.054,0.893,0.95,,nvidia/cosmos-reason2-8b,"DUMPING PRESENT: No
ORDINANCE VIOLATION: No
WASTE TYPE: mixed
WASTE VOLUME: small (pickup truck)
WASTE ORIGIN: residential
PROPERTY TYPE: vacant-lot
ADDRESS MARKERS: NONE
GUTTER/ALLEY: No
WATER PROXIMITY: No
CHRONIC SITE: No
VEHICLES: NONE
IDENTIFIERS: NONE
SEVERITY: 1
ORDINANCE: N/A
PRIORITY: LOW
SUMMARY: No illegal dumping detected; the scene shows a green screen with no discernible waste or property details."
20260604T134116Z,DT_12th_and_Madison_1_20260602T033000.jpg,,,dataset_20260603_063335/DT_12th_and_Madison_1/DT_12th_and_Madison_1_20260602T033000.jpg,illegal_dumping,done,2026-06-04T13:49:48.191692+00:00,0.048,0.735,0.786,,nvidia/cosmos-reason2-8b,"DUMPING PRESENT: No
ORDINANCE VIOLATION: No
WASTE TYPE: mixed
WASTE VOLUME: small (pickup truck)
WASTE ORIGIN: residential
PROPERTY TYPE: vacant-lot
ADDRESS MARKERS: NONE
GUTTER/ALLEY: No
WATER PROXIMITY: No
CHRONIC SITE: No
VEHICLES: NONE
IDENTIFIERS: NONE
SEVERITY: 1
ORDINANCE: N/A
PRIORITY: LOW
SUMMARY: No illegal dumping detected in the video."
20260604T134116Z,DT_12th_and_Madison_1_20260602T034500.jpg,,,dataset_20260603_063335/DT_12th_and_Madison_1/DT_12th_and_Madison_1_20260602T034500.jpg,illegal_dumping,done,2026-06-04T13:49:48.508684+00:00,0.046,0.695,0.746,,nvidia/cosmos-reason2-8b,"DUMPING PRESENT: No
ORDINANCE VIOLATION: No
WASTE TYPE: mixed
WASTE VOLUME: small (pickup truck)
WASTE ORIGIN: residential
PROPERTY TYPE: vacant-lot
ADDRESS MARKERS: NONE
GUTTER/ALLEY: No
WATER PROXIMITY: No
CHRONIC SITE: No
VEHICLES: NONE
IDENTIFIERS: NONE
SEVERITY: 1
ORDINANCE: N/A
PRIORITY: LOW
SUMMARY: No illegal dumping detected in the analyzed footage."
20260604T134116Z,DT_12th_and_Madison_1_20260602T040000.jpg,,,dataset_20260603_063335/DT_12th_and_Madison_1/DT_12th_and_Madison_1_20260602T040000.jpg,illegal_dumping,done,2026-06-04T13:49:48.714593+00:00,0.046,0.722,0.771,,nvidia/cosmos-reason2-8b,"DUMPING PRESENT: No
ORDINANCE VIOLATION: No
WASTE TYPE: mixed
WASTE VOLUME: small (pickup truck)
WASTE ORIGIN: residential
PROPERTY TYPE: right-of-way
ADDRESS MARKERS: NONE
GUTTER/ALLEY: Yes
WATER PROXIMITY: No
CHRONIC SITE: No
VEHICLES: NONE
IDENTIFIERS: NONE
SEVERITY: 1
ORDINANCE: N/A
PRIORITY: LOW
SUMMARY: No illegal dumping observed; the scene shows a quiet alleyway with no visible waste or debris."
20260604T134116Z,DT_12th_and_Madison_1_20260602T041500.jpg,,,dataset_20260603_063335/DT_12th_and_Madison_1/DT_12th_and_Madison_1_20260602T041500.jpg,illegal_dumping,done,2026-06-04T13:49:48.788889+00:00,0.049,0.816,0.868,,nvidia/cosmos-reason2-8b,"DUMPING PRESENT: No
ORDINANCE VIOLATION: No
WASTE TYPE: mixed
WASTE VOLUME: small (pickup truck)
WASTE ORIGIN: residential
PROPERTY TYPE: alley
ADDRESS MARKERS: NONE
GUTTER/ALLEY: Yes
WATER PROXIMITY: No
CHRONIC SITE: No
VEHICLES: NONE
IDENTIFIERS: NONE
SEVERITY: 1
ORDINANCE: N/A
PRIORITY: LOW
SUMMARY: No illegal dumping detected in the alleyway; the scene appears clean with no visible waste or debris."
20260604T134116Z,DT_12th_and_Madison_1_20260602T043000.jpg,,,dataset_20260603_063335/DT_12th_and_Madison_1/DT_12th_and_Madison_1_20260602T043000.jpg,illegal_dumping,done,2026-06-04T13:49:48.979927+00:00,0.044,0.757,0.804,,nvidia/cosmos-reason2-8b,"DUMPING PRESENT: No
ORDINANCE VIOLATION: No
WASTE TYPE: mixed
WASTE VOLUME: small (pickup truck)
WASTE ORIGIN: residential
PROPERTY TYPE: vacant-lot
ADDRESS MARKERS: NONE
GUTTER/ALLEY: No
WATER PROXIMITY: No
CHRONIC SITE: No
VEHICLES: NONE
IDENTIFIERS: NONE
SEVERITY: 1
ORDINANCE: N/A
PRIORITY: LOW
SUMMARY: No illegal dumping detected in the analyzed footage."
20260604T134116Z,DT_12th_and_Madison_1_20260602T044500.jpg,,,dataset_20260603_063335/DT_12th_and_Madison_1/DT_12th_and_Madison_1_20260602T044500.jpg,illegal_dumping,done,2026-06-04T13:49:49.256873+00:00,0.05,0.681,0.734,,nvidia/cosmos-reason2-8b,"DUMPING PRESENT: No
ORDINANCE VIOLATION: No
WASTE TYPE: mixed
WASTE VOLUME: small (pickup truck)
WASTE ORIGIN: residential
PROPERTY TYPE: occupied-private
ADDRESS MARKERS: NONE
GUTTER/ALLEY: No
WATER PROXIMITY: No
CHRONIC SITE: No
VEHICLES: NONE
IDENTIFIERS: NONE
SEVERITY: 1
ORDINANCE: N/A
PRIORITY: LOW
SUMMARY: No illegal dumping detected; the scene shows a residential area with no visible waste or debris on the property."
20260604T134116Z,DT_12th_and_Madison_1_20260602T050000.jpg,,,dataset_20260603_063335/DT_12th_and_Madison_1/DT_12th_and_Madison_1_20260602T050000.jpg,illegal_dumping,done,2026-06-04T13:49:49.488322+00:00,0.046,0.768,0.817,,nvidia/cosmos-reason2-8b,"DUMPING PRESENT: No
ORDINANCE VIOLATION: No
WASTE TYPE: mixed
WASTE VOLUME: small (pickup truck)
WASTE ORIGIN: residential
PROPERTY TYPE: right-of-way
ADDRESS MARKERS: NONE
GUTTER/ALLEY: Yes
WATER PROXIMITY: No
CHRONIC SITE: No
VEHICLES: NONE
IDENTIFIERS: NONE
SEVERITY: 1
ORDINANCE: N/A
PRIORITY: LOW
SUMMARY: No illegal dumping observed; the scene shows a quiet street with no visible waste or debris."
20260604T134116Z,DT_12th_and_Madison_1_20260602T051500.jpg,,,dataset_20260603_063335/DT_12th_and_Madison_1/DT_12th_and_Madison_1_20260602T051500.jpg,illegal_dumping,done,2026-06-04T13:49:49.660123+00:00,0.045,0.77,0.818,,nvidia/cosmos-reason2-8b,"DUMPING PRESENT: No
ORDINANCE VIOLATION: No
WASTE TYPE: mixed
WASTE VOLUME: small (pickup truck)
WASTE ORIGIN: residential
PROPERTY TYPE: right-of-way
ADDRESS MARKERS: NONE
GUTTER/ALLEY: Yes
WATER PROXIMITY: No
CHRONIC SITE: No
VEHICLES: NONE
IDENTIFIERS: NONE
SEVERITY: 1
ORDINANCE: N/A
PRIORITY: LOW
SUMMARY: No illegal dumping detected in the right-of-way area."
20260604T134116Z,DT_12th_and_Madison_1_20260602T053000.jpg,,,dataset_20260603_063335/DT_12th_and_Madison_1/DT_12th_and_Madison_1_20260602T053000.jpg,illegal_dumping,done,2026-06-04T13:49:49.786356+00:00,0.044,0.745,0.792,,nvidia/cosmos-reason2-8b,"DUMPING PRESENT: No
ORDINANCE VIOLATION: No
WASTE TYPE: mixed
WASTE VOLUME: small (pickup truck)
WASTE ORIGIN: residential
PROPERTY TYPE: right-of-way
ADDRESS MARKERS: NONE
GUTTER/ALLEY: Yes
WATER PROXIMITY: No
CHRONIC SITE: No
VEHICLES: NONE
IDENTIFIERS: NONE
SEVERITY: 1
ORDINANCE: N/A
PRIORITY: LOW
SUMMARY: No illegal dumping detected; the scene shows a quiet alleyway with no visible waste or debris."
20260604T134116Z,DT_12th_and_Madison_1_20260602T054500.jpg,,,dataset_20260603_063335/DT_12th_and_Madison_1/DT_12th_and_Madison_1_20260602T054500.jpg,illegal_dumping,done,2026-06-04T13:49:49.994079+00:00,0.045,0.764,0.813,,nvidia/cosmos-reason2-8b,"DUMPING PRESENT: No
ORDINANCE VIOLATION: No
WASTE TYPE: mixed
WASTE VOLUME: small (pickup truck)
WASTE ORIGIN: residential
PROPERTY TYPE: occupied-private
ADDRESS MARKERS: NONE
GUTTER/ALLEY: No
WATER PROXIMITY: No
CHRONIC SITE: No
VEHICLES: NONE
IDENTIFIERS: NONE
SEVERITY: 1
ORDINANCE: N/A
PRIORITY: LOW
SUMMARY: No illegal dumping detected; the scene shows a normal residential area without any visible waste or debris."
20260604T134116Z,DT_12th_and_Madison_1_20260602T060000.jpg,,,dataset_20260603_063335/DT_12th_and_Madison_1/DT_12th_and_Madison_1_20260602T060000.jpg,illegal_dumping,done,2026-06-04T13:49:50.308268+00:00,0.05,0.655,0.709,,nvidia/cosmos-reason2-8b,"DUMPING PRESENT: No
ORDINANCE VIOLATION: No
WASTE TYPE: mixed
WASTE VOLUME: small (pickup truck)
WASTE ORIGIN: residential
PROPERTY TYPE: right-of-way
ADDRESS MARKERS: NONE
GUTTER/ALLEY: No
WATER PROXIMITY: No
CHRONIC SITE: No
VEHICLES: NONE
IDENTIFIERS: NONE
SEVERITY: 1
ORDINANCE: N/A
PRIORITY: LOW
SUMMARY: No illegal dumping detected in the video."
20260604T134116Z,DT_12th_and_Madison_1_20260602T061500.jpg,,,dataset_20260603_063335/DT_12th_and_Madison_1/DT_12th_and_Madison_1_20260602T061500.jpg,illegal_dumping,done,2026-06-04T13:49:50.480388+00:00,0.044,0.874,0.921,,nvidia/cosmos-reason2-8b,"```json
{
  ""DUMPING PRESENT"": ""No"",
  ""ORDINANCE VIOLATION"": ""No"",
  ""WASTE TYPE"": [],
  ""WASTE VOLUME"": ""small (pickup truck)"",
  ""WASTE ORIGIN"": ""residential"",
  ""PROPERTY TYPE"": ""right-of-way"",
  ""ADDRESS MARKERS"": ""NONE"",
  ""GUTTER/ALLEY"": ""Yes"",
  ""WATER PROXIMITY"": ""No"",
  ""CHRONIC SITE"": ""No"",
  ""VEHICLES"": ""NONE"",
  ""IDENTIFIERS"": ""NONE"",
  ""SEVERITY"": ""1"",
  ""ORDINANCE"": ""N/A"",
  ""PRIORITY"": ""LOW"",
  ""SUMMARY"": ""No illegal dumping detected; the scene shows a narrow pathway bordered by dense vegetation with no visible waste or debris.""
}
```"
20260604T134116Z,DT_12th_and_Madison_1_20260602T063000.jpg,,,dataset_20260603_063335/DT_12th_and_Madison_1/DT_12th_and_Madison_1_20260602T063000.jpg,illegal_dumping,done,2026-06-04T13:49:50.580725+00:00,0.046,1.001,1.05,,nvidia/cosmos-reason2-8b,"```json
{
  ""DUMPING PRESENT"": ""Yes"",
  ""ORDINANCE VIOLATION"": ""Yes"",
  ""WASTE TYPE"": [
    ""mixed""
  ],
  ""WASTE VOLUME"": ""small (pickup truck)"",
  ""WASTE ORIGIN"": ""unknown"",
  ""PROPERTY TYPE"": ""vacant-lot"",
  ""ADDRESS MARKERS"": ""NONE"",
  ""GUTTER/ALLEY"": ""No"",
  ""WATER PROXIMITY"": ""No"",
  ""CHRONIC SITE"": ""No"",
  ""VEHICLES"": ""NONE"",
  ""IDENTIFIERS"": ""NONE"",
  ""SEVERITY"": ""2"",
  ""ORDINANCE"": ""Sec-46-45"",
  ""PRIORITY"": ""MEDIUM"",
  ""SUMMARY"": ""Illegal dumping of mixed waste is observed on a vacant lot, violating property owner liability under Sec. 46-45.""
}
```"
20260604T134116Z,DT_12th_and_Madison_1_20260602T064500.jpg,,,dataset_20260603_063335/DT_12th_and_Madison_1/DT_12th_and_Madison_1_20260602T064500.jpg,illegal_dumping,done,2026-06-04T13:49:50.809423+00:00,0.04,0.849,0.893,,nvidia/cosmos-reason2-8b,"DUMPING PRESENT: Yes
ORDINANCE VIOLATION: Yes
WASTE TYPE: mixed
WASTE VOLUME: small (pickup truck)
WASTE ORIGIN: residential
PROPERTY TYPE: vacant-lot
ADDRESS MARKERS: NONE
GUTTER/ALLEY: No
WATER PROXIMITY: No
CHRONIC SITE: No
VEHICLES: NONE
IDENTIFIERS: NONE
SEVERITY: 2
ORDINANCE: Sec-46-45
PRIORITY: MEDIUM
SUMMARY: A small pile of mixed waste is illegally dumped on a vacant lot, violating property owner liability under Sec. 46-45.
"
20260604T134116Z,DT_12th_and_Madison_1_20260602T070000.jpg,,,dataset_20260603_063335/DT_12th_and_Madison_1/DT_12th_and_Madison_1_20260602T070000.jpg,illegal_dumping,done,2026-06-04T13:49:51.019809+00:00,0.05,0.801,0.857,,nvidia/cosmos-reason2-8b,"DUMPING PRESENT: Yes
ORDINANCE VIOLATION: Yes
WASTE TYPE: mixed
WASTE VOLUME: small (pickup truck)
WASTE ORIGIN: residential
PROPERTY TYPE: vacant-lot
ADDRESS MARKERS: NONE
GUTTER/ALLEY: No
WATER PROXIMITY: No
CHRONIC SITE: No
VEHICLES: NONE
IDENTIFIERS: NONE
SEVERITY: 2
ORDINANCE: Sec-46-45
PRIORITY: MEDIUM
SUMMARY: A small pile of mixed waste is illegally dumped on a vacant lot, violating property owner liability under Sec. 46-45.
"
20260604T134116Z,DT_12th_and_Madison_1_20260602T071500.jpg,,,dataset_20260603_063335/DT_12th_and_Madison_1/DT_12th_and_Madison_1_20260602T071500.jpg,illegal_dumping,done,2026-06-04T13:49:51.404416+00:00,0.046,0.643,0.692,,nvidia/cosmos-reason2-8b,"DUMPING PRESENT: No
ORDINANCE VIOLATION: No
WASTE TYPE: mixed
WASTE VOLUME: small (pickup truck)
WASTE ORIGIN: residential
PROPERTY TYPE: vacant-lot
ADDRESS MARKERS: NONE
GUTTER/ALLEY: No
WATER PROXIMITY: No
CHRONIC SITE: No
VEHICLES: NONE
IDENTIFIERS: NONE
SEVERITY: 1
ORDINANCE: N/A
PRIORITY: LOW
SUMMARY: No illegal dumping detected in the video."
20260604T134116Z,DT_12th_and_Madison_1_20260602T073000.jpg,,,dataset_20260603_063335/DT_12th_and_Madison_1/DT_12th_and_Madison_1_20260602T073000.jpg,illegal_dumping,done,2026-06-04T13:49:51.633361+00:00,0.043,0.733,0.78,,nvidia/cosmos-reason2-8b,"DUMPING PRESENT: No
ORDINANCE VIOLATION: No
WASTE TYPE: mixed
WASTE VOLUME: small (pickup truck)
WASTE ORIGIN: residential
PROPERTY TYPE: vacant-lot
ADDRESS MARKERS: NONE
GUTTER/ALLEY: No
WATER PROXIMITY: No
CHRONIC SITE: No
VEHICLES: NONE
IDENTIFIERS: NONE
SEVERITY: 1
ORDINANCE: N/A
PRIORITY: LOW
SUMMARY: No illegal dumping detected in the scene."
20260604T134116Z,DT_12th_and_Madison_1_20260602T074500.jpg,,,dataset_20260603_063335/DT_12th_and_Madison_1/DT_12th_and_Madison_1_20260602T074500.jpg,illegal_dumping,done,2026-06-04T13:49:51.704121+00:00,0.037,0.776,0.817,,nvidia/cosmos-reason2-8b,"DUMPING PRESENT: No
ORDINANCE VIOLATION: No
WASTE TYPE: mixed
WASTE VOLUME: small (pickup truck)
WASTE ORIGIN: residential
PROPERTY TYPE: vacant-lot
ADDRESS MARKERS: NONE
GUTTER/ALLEY: No
WATER PROXIMITY: No
CHRONIC SITE: No
VEHICLES: NONE
IDENTIFIERS: NONE
SEVERITY: 1
ORDINANCE: N/A
PRIORITY: LOW
SUMMARY: No illegal dumping detected; no visible waste or violations on the vacant lot."
20260604T134116Z,DT_12th_and_Madison_1_20260602T080000.jpg,,,dataset_20260603_063335/DT_12th_and_Madison_1/DT_12th_and_Madison_1_20260602T080000.jpg,illegal_dumping,done,2026-06-04T13:49:51.878995+00:00,0.047,0.818,0.871,,nvidia/cosmos-reason2-8b,"DUMPING PRESENT: No
ORDINANCE VIOLATION: No
WASTE TYPE: N/A
WASTE VOLUME: N/A
WASTE ORIGIN: N/A
PROPERTY TYPE: right-of-way
ADDRESS MARKERS: NONE
GUTTER/ALLEY: No
WATER PROXIMITY: No
CHRONIC SITE: No
VEHICLES: NONE
IDENTIFIERS: N/A
SEVERITY: 1
ORDINANCE: N/A
PRIORITY: LOW
SUMMARY: No illegal dumping detected in the scene."
20260604T134116Z,DT_12th_and_Madison_1_20260602T081500.jpg,,,dataset_20260603_063335/DT_12th_and_Madison_1/DT_12th_and_Madison_1_20260602T081500.jpg,illegal_dumping,done,2026-06-04T13:49:52.098938+00:00,0.039,0.797,0.84,,nvidia/cosmos-reason2-8b,"DUMPING PRESENT: No
ORDINANCE VIOLATION: No
WASTE TYPE: mixed
WASTE VOLUME: small (pickup truck)
WASTE ORIGIN: residential
PROPERTY TYPE: vacant-lot
ADDRESS MARKERS: NONE
GUTTER/ALLEY: No
WATER PROXIMITY: No
CHRONIC SITE: No
VEHICLES: NONE
IDENTIFIERS: NONE
SEVERITY: 1
ORDINANCE: N/A
PRIORITY: LOW
SUMMARY: No illegal dumping observed; the scene shows a green background with no discernible waste or property details."
20260604T134116Z,DT_12th_and_Madison_1_20260602T083000.jpg,,,dataset_20260603_063335/DT_12th_and_Madison_1/DT_12th_and_Madison_1_20260602T083000.jpg,illegal_dumping,done,2026-06-04T13:49:52.416318+00:00,0.051,0.688,0.744,,nvidia/cosmos-reason2-8b,"DUMPING PRESENT: No
ORDINANCE VIOLATION: No
WASTE TYPE: mixed
WASTE VOLUME: small (pickup truck)
WASTE ORIGIN: residential
PROPERTY TYPE: vacant-lot
ADDRESS MARKERS: NONE
GUTTER/ALLEY: No
WATER PROXIMITY: No
CHRONIC SITE: No
VEHICLES: NONE
IDENTIFIERS: NONE
SEVERITY: 1
ORDINANCE: N/A
PRIORITY: LOW
SUMMARY: No illegal dumping detected in the scene."
20260604T134116Z,DT_12th_and_Madison_1_20260602T084500.jpg,,,dataset_20260603_063335/DT_12th_and_Madison_1/DT_12th_and_Madison_1_20260602T084500.jpg,illegal_dumping,done,2026-06-04T13:49:52.523236+00:00,0.048,0.731,0.782,,nvidia/cosmos-reason2-8b,"DUMPING PRESENT: No
ORDINANCE VIOLATION: No
WASTE TYPE: mixed
WASTE VOLUME: small (pickup truck)
WASTE ORIGIN: residential
PROPERTY TYPE: vacant-lot
ADDRESS MARKERS: NONE
GUTTER/ALLEY: No
WATER PROXIMITY: No
CHRONIC SITE: No
VEHICLES: NONE
IDENTIFIERS: NONE
SEVERITY: 1
ORDINANCE: N/A
PRIORITY: LOW
SUMMARY: No illegal dumping detected in the video."
20260604T134116Z,DT_12th_and_Madison_1_20260602T090000.jpg,,,dataset_20260603_063335/DT_12th_and_Madison_1/DT_12th_and_Madison_1_20260602T090000.jpg,illegal_dumping,done,2026-06-04T13:49:52.753285+00:00,0.049,0.724,0.779,,nvidia/cosmos-reason2-8b,"DUMPING PRESENT: No
ORDINANCE VIOLATION: No
WASTE TYPE: mixed
WASTE VOLUME: small (pickup truck)
WASTE ORIGIN: residential
PROPERTY TYPE: vacant-lot
ADDRESS MARKERS: NONE
GUTTER/ALLEY: No
WATER PROXIMITY: No
CHRONIC SITE: No
VEHICLES: NONE
IDENTIFIERS: NONE
SEVERITY: 1
ORDINANCE: N/A
PRIORITY: LOW
SUMMARY: No illegal dumping detected in the scene."
20260604T134116Z,DT_12th_and_Madison_1_20260602T091500.jpg,,,dataset_20260603_063335/DT_12th_and_Madison_1/DT_12th_and_Madison_1_20260602T091500.jpg,illegal_dumping,done,2026-06-04T13:49:52.942525+00:00,0.051,0.699,0.754,,nvidia/cosmos-reason2-8b,"DUMPING PRESENT: No
ORDINANCE VIOLATION: No
WASTE TYPE: mixed
WASTE VOLUME: small (pickup truck)
WASTE ORIGIN: residential
PROPERTY TYPE: vacant-lot
ADDRESS MARKERS: NONE
GUTTER/ALLEY: No
WATER PROXIMITY: No
CHRONIC SITE: No
VEHICLES: NONE
IDENTIFIERS: NONE
SEVERITY: 1
ORDINANCE: N/A
PRIORITY: LOW
SUMMARY: No illegal dumping detected in the video."
20260604T134116Z,DT_12th_and_Madison_1_20260602T093000.jpg,,,dataset_20260603_063335/DT_12th_and_Madison_1/DT_12th_and_Madison_1_20260602T093000.jpg,illegal_dumping,done,2026-06-04T13:49:53.163756+00:00,0.049,0.761,0.825,,nvidia/cosmos-reason2-8b,"DUMPING PRESENT: No
ORDINANCE VIOLATION: No
WASTE TYPE: mixed
WASTE VOLUME: small (pickup truck)
WASTE ORIGIN: residential
PROPERTY TYPE: vacant-lot
ADDRESS MARKERS: < NONE >
GUTTER/ALLEY: No
WATER PROXIMITY: No
CHRONIC SITE: No
VEHICLES: < NONE >
IDENTIFIERS: < NONE >
SEVERITY: 1
ORDINANCE: N/A
PRIORITY: LOW
SUMMARY: No illegal dumping is observed in the scene."
20260604T134116Z,DT_12th_and_Madison_1_20260602T094500.jpg,,,dataset_20260603_063335/DT_12th_and_Madison_1/DT_12th_and_Madison_1_20260602T094500.jpg,illegal_dumping,done,2026-06-04T13:49:53.307882+00:00,0.046,0.827,0.879,,nvidia/cosmos-reason2-8b,"DUMPING PRESENT: Yes
ORDINANCE VIOLATION: Yes
WASTE TYPE: mixed
WASTE VOLUME: small (pickup truck)
WASTE ORIGIN: residential
PROPERTY TYPE: vacant-lot
ADDRESS MARKERS: NONE
GUTTER/ALLEY: No
WATER PROXIMITY: No
CHRONIC SITE: No
VEHICLES: NONE
IDENTIFIERS: NONE
SEVERITY: 1
ORDINANCE: Sec-46-45
PRIORITY: LOW
SUMMARY: Illegal dumping of mixed waste is observed on a vacant lot, violating Brownsville's property owner liability ordinance.
"
20260604T134116Z,DT_12th_and_Madison_1_20260602T100000.jpg,,,dataset_20260603_063335/DT_12th_and_Madison_1/DT_12th_and_Madison_1_20260602T100000.jpg,illegal_dumping,done,2026-06-04T13:49:53.534755+00:00,0.044,0.86,0.909,,nvidia/cosmos-reason2-8b,"DUMPING PRESENT: Yes
ORDINANCE VIOLATION: Yes
WASTE TYPE: mixed
WASTE VOLUME: small (pickup truck)
WASTE ORIGIN: residential
PROPERTY TYPE: vacant-lot
ADDRESS MARKERS: NONE
GUTTER/ALLEY: No
WATER PROXIMITY: No
CHRONIC SITE: No
VEHICLES: NONE
IDENTIFIERS: NONE
SEVERITY: 2
ORDINANCE: Sec-46-45
PRIORITY: MEDIUM
SUMMARY: Illegal dumping is observed on a vacant lot, violating Brownsville's property owner liability ordinance.
"
20260604T134116Z,DT_12th_and_Madison_1_20260602T101500.jpg,,,dataset_20260603_063335/DT_12th_and_Madison_1/DT_12th_and_Madison_1_20260602T101500.jpg,illegal_dumping,done,2026-06-04T13:49:53.698637+00:00,0.057,0.805,0.867,,nvidia/cosmos-reason2-8b,"DUMPING PRESENT: No
ORDINANCE VIOLATION: No
WASTE TYPE: mixed
WASTE VOLUME: small (pickup truck)
WASTE ORIGIN: residential
PROPERTY TYPE: right-of-way
ADDRESS MARKERS: NONE
GUTTER/ALLEY: No
WATER PROXIMITY: No
CHRONIC SITE: No
VEHICLES: NONE
IDENTIFIERS: NONE
SEVERITY: 1
ORDINANCE: N/A
PRIORITY: LOW
SUMMARY: No illegal dumping detected in the footage."
20260604T134116Z,DT_12th_and_Madison_1_20260602T103000.jpg,,,dataset_20260603_063335/DT_12th_and_Madison_1/DT_12th_and_Madison_1_20260602T103000.jpg,illegal_dumping,done,2026-06-04T13:49:53.992143+00:00,0.044,0.702,0.75,,nvidia/cosmos-reason2-8b,"DUMPING PRESENT: No
ORDINANCE VIOLATION: No
WASTE TYPE: mixed
WASTE VOLUME: small (pickup truck)
WASTE ORIGIN: residential
PROPERTY TYPE: vacant-lot
ADDRESS MARKERS: NONE
GUTTER/ALLEY: No
WATER PROXIMITY: No
CHRONIC SITE: No
VEHICLES: NONE
IDENTIFIERS: NONE
SEVERITY: 1
ORDINANCE: N/A
PRIORITY: LOW
SUMMARY: No illegal dumping detected in the video."
20260604T134116Z,DT_12th_and_Madison_1_20260602T104500.jpg,,,dataset_20260603_063335/DT_12th_and_Madison_1/DT_12th_and_Madison_1_20260602T104500.jpg,illegal_dumping,done,2026-06-04T13:49:54.190579+00:00,0.053,0.778,0.838,,nvidia/cosmos-reason2-8b,"DUMPING PRESENT: No
ORDINANCE VIOLATION: No
WASTE TYPE: mixed
WASTE VOLUME: small (pickup truck)
WASTE ORIGIN: residential
PROPERTY TYPE: right-of-way
ADDRESS MARKERS: NONE
GUTTER/ALLEY: No
WATER PROXIMITY: No
CHRONIC SITE: No
VEHICLES: NONE
IDENTIFIERS: <plates, signage, labels, individuals — or NONE>
SEVERITY: 1
ORDINANCE: N/A
PRIORITY: LOW
SUMMARY: No illegal dumping observed in the footage."
20260604T134116Z,DT_12th_and_Madison_1_20260602T110000.jpg,,,dataset_20260603_063335/DT_12th_and_Madison_1/DT_12th_and_Madison_1_20260602T110000.jpg,illegal_dumping,done,2026-06-04T13:49:54.447319+00:00,0.044,0.863,0.911,,nvidia/cosmos-reason2-8b,"DUMPING PRESENT: Yes
ORDINANCE VIOLATION: Yes
WASTE TYPE: mixed
WASTE VOLUME: small (pickup truck)
WASTE ORIGIN: residential
PROPERTY TYPE: right-of-way
ADDRESS MARKERS: NONE
GUTTER/ALLEY: No
WATER PROXIMITY: No
CHRONIC SITE: No
VEHICLES: NONE
IDENTIFIERS: NONE
SEVERITY: 1
ORDINANCE: Sec-46-45
PRIORITY: LOW
SUMMARY: A small pile of mixed waste is located on the right-of-way, which is considered an illegal dumping violation under Sec-46-45.
"
20260604T134116Z,DT_12th_and_Madison_1_20260602T111500.jpg,,,dataset_20260603_063335/DT_12th_and_Madison_1/DT_12th_and_Madison_1_20260602T111500.jpg,illegal_dumping,done,2026-06-04T13:49:54.568431+00:00,0.043,0.835,0.882,,nvidia/cosmos-reason2-8b,"DUMPING PRESENT: No
ORDINANCE VIOLATION: No
WASTE TYPE: mixed
WASTE VOLUME: small (pickup truck)
WASTE ORIGIN: residential
PROPERTY TYPE: vacant-lot
ADDRESS MARKERS: NONE
GUTTER/ALLEY: No
WATER PROXIMITY: No
CHRONIC SITE: No
VEHICLES: NONE
IDENTIFIERS: NONE
SEVERITY: 1
ORDINANCE: N/A
PRIORITY: LOW
SUMMARY: No illegal dumping detected in the scene."
20260604T134116Z,DT_12th_and_Madison_1_20260602T113000.jpg,,,dataset_20260603_063335/DT_12th_and_Madison_1/DT_12th_and_Madison_1_20260602T113000.jpg,illegal_dumping,done,2026-06-04T13:49:54.744326+00:00,0.048,0.748,0.799,,nvidia/cosmos-reason2-8b,"DUMPING PRESENT: No
ORDINANCE VIOLATION: No
WASTE TYPE: mixed
WASTE VOLUME: small (pickup truck)
WASTE ORIGIN: residential
PROPERTY TYPE: vacant-lot
ADDRESS MARKERS: NONE
GUTTER/ALLEY: No
WATER PROXIMITY: No
CHRONIC SITE: No
VEHICLES: NONE
IDENTIFIERS: NONE
SEVERITY: 1
ORDINANCE: N/A
PRIORITY: LOW
SUMMARY: No illegal dumping detected in the provided frames."
20260604T134116Z,DT_12th_and_Madison_1_20260602T114500.jpg,,,dataset_20260603_063335/DT_12th_and_Madison_1/DT_12th_and_Madison_1_20260602T114500.jpg,illegal_dumping,done,2026-06-04T13:49:55.031342+00:00,0.047,0.69,0.741,,nvidia/cosmos-reason2-8b,"DUMPING PRESENT: No
ORDINANCE VIOLATION: No
WASTE TYPE: mixed
WASTE VOLUME: small (pickup truck)
WASTE ORIGIN: residential
PROPERTY TYPE: right-of-way
ADDRESS MARKERS: NONE
GUTTER/ALLEY: No
WATER PROXIMITY: No
CHRONIC SITE: No
VEHICLES: NONE
IDENTIFIERS: NONE
SEVERITY: 1
ORDINANCE: N/A
PRIORITY: LOW
SUMMARY: No illegal dumping detected in the video."
20260604T134116Z,DT_12th_and_Madison_1_20260602T120000.jpg,,,dataset_20260603_063335/DT_12th_and_Madison_1/DT_12th_and_Madison_1_20260602T120000.jpg,illegal_dumping,done,2026-06-04T13:49:55.361327+00:00,0.043,0.821,0.878,,nvidia/cosmos-reason2-8b,"DUMPING PRESENT: Yes
ORDINANCE VIOLATION: Yes
WASTE TYPE: mixed
WASTE VOLUME: small (pickup truck)
WASTE ORIGIN: residential
PROPERTY TYPE: right-of-way
ADDRESS MARKERS: NONE
GUTTER/ALLEY: Yes
WATER PROXIMITY: No
CHRONIC SITE: No
VEHICLES: NONE
IDENTIFIERS: NONE
SEVERITY: 2
ORDINANCE: Sec-46-45
PRIORITY: MEDIUM
SUMMARY: Illegal dumping is present in the right-of-way, violating Brownsville's property owner liability ordinance (Sec. 46-45).
"
20260604T134116Z,DT_12th_and_Madison_1_20260602T121500.jpg,,,dataset_20260603_063335/DT_12th_and_Madison_1/DT_12th_and_Madison_1_20260602T121500.jpg,illegal_dumping,done,2026-06-04T13:49:55.453367+00:00,0.047,1.011,1.061,,nvidia/cosmos-reason2-8b,"DUMPING PRESENT: No
ORDINANCE VIOLATION: No
WASTE TYPE: mixed
WASTE VOLUME: small (pickup truck)
WASTE ORIGIN: residential
PROPERTY TYPE: occupied-private
ADDRESS MARKERS: NONE
GUTTER/ALLEY: No
WATER PROXIMITY: No
CHRONIC SITE: No
VEHICLES: NONE
IDENTIFIERS: NONE
SEVERITY: 1
ORDINANCE: N/A
PRIORITY: LOW
SUMMARY: No illegal dumping detected in the video."
20260604T134116Z,DT_12th_and_Madison_1_20260602T123000.jpg,,,dataset_20260603_063335/DT_12th_and_Madison_1/DT_12th_and_Madison_1_20260602T123000.jpg,illegal_dumping,done,2026-06-04T13:49:55.546110+00:00,0.048,0.851,0.903,,nvidia/cosmos-reason2-8b,"DUMPING PRESENT: No
ORDINANCE VIOLATION: No
WASTE TYPE: mixed
WASTE VOLUME: small (pickup truck)
WASTE ORIGIN: residential
PROPERTY TYPE: occupied-private
ADDRESS MARKERS: <NONE>
GUTTER/ALLEY: No
WATER PROXIMITY: No
CHRONIC SITE: No
VEHICLES: <NONE>
IDENTIFIERS: <NONE>
SEVERITY: 1
ORDINANCE: N/A
PRIORITY: LOW
SUMMARY: No illegal dumping detected in the video."
20260604T134116Z,DT_12th_and_Madison_1_20260602T124500.jpg,,,dataset_20260603_063335/DT_12th_and_Madison_1/DT_12th_and_Madison_1_20260602T124500.jpg,illegal_dumping,done,2026-06-04T13:49:55.774533+00:00,0.039,0.895,0.937,,nvidia/cosmos-reason2-8b,"DUMPING PRESENT: No
ORDINANCE VIOLATION: No
WASTE TYPE: mixed
WASTE VOLUME: small (pickup truck)
WASTE ORIGIN: residential
PROPERTY TYPE: occupied-private
ADDRESS MARKERS: <NONE>
GUTTER/ALLEY: No
WATER PROXIMITY: No
CHRONIC SITE: No
VEHICLES: <NONE>
IDENTIFIERS: <NONE>
SEVERITY: 1
ORDINANCE: N/A
PRIORITY: LOW
SUMMARY: No illegal dumping detected in the video."
20260604T134116Z,DT_12th_and_Madison_1_20260602T130000.jpg,,,dataset_20260603_063335/DT_12th_and_Madison_1/DT_12th_and_Madison_1_20260602T130000.jpg,illegal_dumping,done,2026-06-04T13:49:56.243498+00:00,0.05,0.747,0.804,,nvidia/cosmos-reason2-8b,"DUMPING PRESENT: Yes
ORDINANCE VIOLATION: Yes
WASTE TYPE: mixed
WASTE VOLUME: small (pickup truck)
WASTE ORIGIN: residential
PROPERTY TYPE: right-of-way
ADDRESS MARKERS: NONE
GUTTER/ALLEY: No
WATER PROXIMITY: No
CHRONIC SITE: No
VEHICLES: NONE
IDENTIFIERS: NONE
SEVERITY: 1
ORDINANCE: Sec-46-45
PRIORITY: LOW
SUMMARY: Mixed waste is illegally dumped on a right-of-way, violating property owner liability under Sec. 46-45."
20260604T134116Z,DT_12th_and_Madison_1_20260602T131500.jpg,,,dataset_20260603_063335/DT_12th_and_Madison_1/DT_12th_and_Madison_1_20260602T131500.jpg,illegal_dumping,done,2026-06-04T13:49:56.451736+00:00,0.049,0.821,0.889,,nvidia/cosmos-reason2-8b,"DUMPING PRESENT: Yes
ORDINANCE VIOLATION: Yes
WASTE TYPE: mixed
WASTE VOLUME: small (pickup truck)
WASTE ORIGIN: residential
PROPERTY TYPE: right-of-way
ADDRESS MARKERS: NONE
GUTTER/ALLEY: No
WATER PROXIMITY: No
CHRONIC SITE: No
VEHICLES: NONE
IDENTIFIERS: NONE
SEVERITY: 2
ORDINANCE: Sec-46-45
PRIORITY: MEDIUM
SUMMARY: A small pile of mixed waste is located on the right-of-way, violating Brownsville's property owner liability ordinance.
"
20260604T134116Z,DT_12th_and_Madison_1_20260602T133000.jpg,,,dataset_20260603_063335/DT_12th_and_Madison_1/DT_12th_and_Madison_1_20260602T133000.jpg,illegal_dumping,done,2026-06-04T13:49:56.518161+00:00,0.049,0.829,0.883,,nvidia/cosmos-reason2-8b,"DUMPING PRESENT: No
ORDINANCE VIOLATION: No
WASTE TYPE: mixed
WASTE VOLUME: small (pickup truck)
WASTE ORIGIN: residential
PROPERTY TYPE: vacant-lot
ADDRESS MARKERS: NONE
GUTTER/ALLEY: No
WATER PROXIMITY: No
CHRONIC SITE: No
VEHICLES: NONE
IDENTIFIERS: NONE
SEVERITY: 1
ORDINANCE: N/A
PRIORITY: LOW
SUMMARY: No illegal dumping detected in the video."
20260604T134116Z,DT_12th_and_Madison_1_20260602T134500.jpg,,,dataset_20260603_063335/DT_12th_and_Madison_1/DT_12th_and_Madison_1_20260602T134500.jpg,illegal_dumping,done,2026-06-04T13:49:56.714502+00:00,0.044,1.011,1.06,,nvidia/cosmos-reason2-8b,"DUMPING PRESENT: Yes
ORDINANCE VIOLATION: Yes
WASTE TYPE: mixed
WASTE VOLUME: small (pickup truck)
WASTE ORIGIN: residential
PROPERTY TYPE: right-of-way
ADDRESS MARKERS: NONE
GUTTER/ALLEY: No
WATER PROXIMITY: No
CHRONIC SITE: No
VEHICLES: NONE
IDENTIFIERS: NONE
SEVERITY: 1
ORDINANCE: Sec-46-45
PRIORITY: LOW
SUMMARY: Mixed waste is illegally dumped on a right-of-way, violating property owner liability under Sec. 46-45.
"
20260604T134116Z,DT_12th_and_Madison_1_20260602T140000.jpg,,,dataset_20260603_063335/DT_12th_and_Madison_1/DT_12th_and_Madison_1_20260602T140000.jpg,illegal_dumping,done,2026-06-04T13:49:57.050193+00:00,0.045,0.802,0.85,,nvidia/cosmos-reason2-8b,"DUMPING PRESENT: Yes
ORDINANCE VIOLATION: Yes
WASTE TYPE: mixed
WASTE VOLUME: small (pickup truck)
WASTE ORIGIN: residential
PROPERTY TYPE: right-of-way
ADDRESS MARKERS: NONE
GUTTER/ALLEY: No
WATER PROXIMITY: No
CHRONIC SITE: No
VEHICLES: NONE
IDENTIFIERS: NONE
SEVERITY: 1
ORDINANCE: Sec-46-45
PRIORITY: LOW
SUMMARY: Mixed waste is illegally dumped on a right-of-way, violating property owner liability under Sec. 46-45.
"
20260604T134116Z,DT_12th_and_Madison_1_20260602T141500.jpg,,,dataset_20260603_063335/DT_12th_and_Madison_1/DT_12th_and_Madison_1_20260602T141500.jpg,illegal_dumping,done,2026-06-04T13:49:57.343885+00:00,0.047,0.634,0.685,,nvidia/cosmos-reason2-8b,"DUMPING PRESENT: No
ORDINANCE VIOLATION: No
WASTE TYPE: mixed
WASTE VOLUME: small (pickup truck)
WASTE ORIGIN: residential
PROPERTY TYPE: vacant-lot
ADDRESS MARKERS: NONE
GUTTER/ALLEY: No
WATER PROXIMITY: No
CHRONIC SITE: No
VEHICLES: NONE
IDENTIFIERS: NONE
SEVERITY: 1
ORDINANCE: N/A
PRIORITY: LOW
SUMMARY: No illegal dumping detected in the video."
20260604T134116Z,DT_12th_and_Madison_1_20260602T143000.jpg,,,dataset_20260603_063335/DT_12th_and_Madison_1/DT_12th_and_Madison_1_20260602T143000.jpg,illegal_dumping,done,2026-06-04T13:49:57.403391+00:00,0.045,0.895,0.943,,nvidia/cosmos-reason2-8b,"DUMPING PRESENT: Yes
ORDINANCE VIOLATION: Yes
WASTE TYPE: mixed
WASTE VOLUME: small (pickup truck)
WASTE ORIGIN: residential
PROPERTY TYPE: vacant-lot
ADDRESS MARKERS: NONE
GUTTER/ALLEY: No
WATER PROXIMITY: No
CHRONIC SITE: No
VEHICLES: NONE
IDENTIFIERS: NONE
SEVERITY: 2
ORDINANCE: Sec-46-45
PRIORITY: MEDIUM
SUMMARY: A small pile of mixed waste is illegally dumped on a vacant lot, violating property owner liability under Sec. 46-45.
"
20260604T134116Z,DT_12th_and_Madison_1_20260602T144500.jpg,,,dataset_20260603_063335/DT_12th_and_Madison_1/DT_12th_and_Madison_1_20260602T144500.jpg,illegal_dumping,done,2026-06-04T13:49:57.777316+00:00,0.044,0.745,0.793,,nvidia/cosmos-reason2-8b,"DUMPING PRESENT: Yes
ORDINANCE VIOLATION: Yes
WASTE TYPE: mixed
WASTE VOLUME: small (pickup truck)
WASTE ORIGIN: residential
PROPERTY TYPE: right-of-way
ADDRESS MARKERS: NONE
GUTTER/ALLEY: No
WATER PROXIMITY: No
CHRONIC SITE: No
VEHICLES: NONE
IDENTIFIERS: NONE
SEVERITY: 1
ORDINANCE: Sec-46-45
PRIORITY: LOW
SUMMARY: A small pile of mixed waste is located on the right-of-way, which is considered a minor violation under Sec-46-45.
"
20260604T134116Z,DT_12th_and_Madison_1_20260602T150000.jpg,,,dataset_20260603_063335/DT_12th_and_Madison_1/DT_12th_and_Madison_1_20260602T150000.jpg,illegal_dumping,done,2026-06-04T13:49:57.902447+00:00,0.051,0.853,0.908,,nvidia/cosmos-reason2-8b,"DUMPING PRESENT: Yes
ORDINANCE VIOLATION: Yes
WASTE TYPE: mixed
WASTE VOLUME: small (pickup truck)
WASTE ORIGIN: residential
PROPERTY TYPE: vacant-lot
ADDRESS MARKERS: NONE
GUTTER/ALLEY: No
WATER PROXIMITY: No
CHRONIC SITE: No
VEHICLES: NONE
IDENTIFIERS: NONE
SEVERITY: 2
ORDINANCE: Sec-46-45
PRIORITY: MEDIUM
SUMMARY: A small pile of mixed waste is located on a vacant lot, violating property owner liability under Sec. 46-45.
"
20260604T134116Z,DT_12th_and_Madison_1_20260602T151500.jpg,,,dataset_20260603_063335/DT_12th_and_Madison_1/DT_12th_and_Madison_1_20260602T151500.jpg,illegal_dumping,done,2026-06-04T13:49:58.031256+00:00,0.045,0.922,0.971,,nvidia/cosmos-reason2-8b,"DUMPING PRESENT: Yes
ORDINANCE VIOLATION: Yes
WASTE TYPE: mixed
WASTE VOLUME: small (pickup truck)
WASTE ORIGIN: residential
PROPERTY TYPE: vacant-lot
ADDRESS MARKERS: NONE
GUTTER/ALLEY: No
WATER PROXIMITY: No
CHRONIC SITE: No
VEHICLES: NONE
IDENTIFIERS: NONE
SEVERITY: 2
ORDINANCE: Sec-46-45
PRIORITY: MEDIUM
SUMMARY: Illegal dumping is present on a vacant lot, violating Brownsville's property owner liability ordinance (Sec. 46-45).
"
20260604T134116Z,DT_12th_and_Madison_1_20260602T153000.jpg,,,dataset_20260603_063335/DT_12th_and_Madison_1/DT_12th_and_Madison_1_20260602T153000.jpg,illegal_dumping,done,2026-06-04T13:49:58.349496+00:00,0.043,0.687,0.733,,nvidia/cosmos-reason2-8b,"DUMPING PRESENT: No
ORDINANCE VIOLATION: No
WASTE TYPE: mixed
WASTE VOLUME: small (pickup truck)
WASTE ORIGIN: residential
PROPERTY TYPE: vacant-lot
ADDRESS MARKERS: NONE
GUTTER/ALLEY: No
WATER PROXIMITY: No
CHRONIC SITE: No
VEHICLES: NONE
IDENTIFIERS: NONE
SEVERITY: 1
ORDINANCE: N/A
PRIORITY: LOW
SUMMARY: No illegal dumping detected in the video."
20260604T134116Z,DT_12th_and_Madison_1_20260602T154500.jpg,,,dataset_20260603_063335/DT_12th_and_Madison_1/DT_12th_and_Madison_1_20260602T154500.jpg,illegal_dumping,done,2026-06-04T13:49:58.572952+00:00,0.044,0.787,0.834,,nvidia/cosmos-reason2-8b,"DUMPING PRESENT: Yes
ORDINANCE VIOLATION: Yes
WASTE TYPE: mixed
WASTE VOLUME: small (pickup truck)
WASTE ORIGIN: residential
PROPERTY TYPE: vacant-lot
ADDRESS MARKERS: NONE
GUTTER/ALLEY: No
WATER PROXIMITY: No
CHRONIC SITE: No
VEHICLES: NONE
IDENTIFIERS: NONE
SEVERITY: 2
ORDINANCE: Sec-46-45
PRIORITY: MEDIUM
SUMMARY: A small pile of mixed waste is illegally dumped on a vacant lot, violating Brownsville's property owner liability ordinance.
"
20260604T134116Z,DT_12th_and_Madison_1_20260602T160000.jpg,,,dataset_20260603_063335/DT_12th_and_Madison_1/DT_12th_and_Madison_1_20260602T160000.jpg,illegal_dumping,done,2026-06-04T13:49:58.813198+00:00,0.049,0.731,0.783,,nvidia/cosmos-reason2-8b,"DUMPING PRESENT: Yes
ORDINANCE VIOLATION: Yes
WASTE TYPE: mixed
WASTE VOLUME: small (pickup truck)
WASTE ORIGIN: residential
PROPERTY TYPE: vacant-lot
ADDRESS MARKERS: NONE
GUTTER/ALLEY: No
WATER PROXIMITY: No
CHRONIC SITE: No
VEHICLES: NONE
IDENTIFIERS: NONE
SEVERITY: 3
ORDINANCE: Sec-46-45
PRIORITY: MEDIUM
SUMMARY: A small pile of mixed waste is illegally dumped on a vacant lot, violating Brownsville's property owner liability ordinance.
"
20260604T134116Z,DT_12th_and_Madison_1_20260602T161500.jpg,,,dataset_20260603_063335/DT_12th_and_Madison_1/DT_12th_and_Madison_1_20260602T161500.jpg,illegal_dumping,done,2026-06-04T13:49:59.004370+00:00,0.041,0.702,0.746,,nvidia/cosmos-reason2-8b,"DUMPING PRESENT: No
ORDINANCE VIOLATION: No
WASTE TYPE: mixed
WASTE VOLUME: small (pickup truck)
WASTE ORIGIN: residential
PROPERTY TYPE: alley
ADDRESS MARKERS: NONE
GUTTER/ALLEY: Yes
WATER PROXIMITY: No
CHRONIC SITE: No
VEHICLES: NONE
IDENTIFIERS: NONE
SEVERITY: 1
ORDINANCE: N/A
PRIORITY: LOW
SUMMARY: No illegal dumping observed in the alleyway; no waste or debris present."
20260604T134116Z,DT_12th_and_Madison_1_20260602T163000.jpg,,,dataset_20260603_063335/DT_12th_and_Madison_1/DT_12th_and_Madison_1_20260602T163000.jpg,illegal_dumping,done,2026-06-04T13:49:59.084979+00:00,0.041,0.856,0.9,,nvidia/cosmos-reason2-8b,"DUMPING PRESENT: Yes
ORDINANCE VIOLATION: Yes
WASTE TYPE: mixed
WASTE VOLUME: small (pickup truck)
WASTE ORIGIN: residential
PROPERTY TYPE: vacant-lot
ADDRESS MARKERS: NONE
GUTTER/ALLEY: No
WATER PROXIMITY: No
CHRONIC SITE: No
VEHICLES: NONE
IDENTIFIERS: NONE
SEVERITY: 1
ORDINANCE: Sec-46-45
PRIORITY: LOW
SUMMARY: A small pile of mixed waste is located on a vacant lot, violating Brownsville's property owner liability ordinance (Sec. 46-45)."
20260604T134116Z,DT_12th_and_Madison_1_20260602T164500.jpg,,,dataset_20260603_063335/DT_12th_and_Madison_1/DT_12th_and_Madison_1_20260602T164500.jpg,illegal_dumping,done,2026-06-04T13:49:59.409896+00:00,0.042,0.672,0.717,,nvidia/cosmos-reason2-8b,"DUMPING PRESENT: No
ORDINANCE VIOLATION: No
WASTE TYPE: mixed
WASTE VOLUME: small (pickup truck)
WASTE ORIGIN: residential
PROPERTY TYPE: vacant-lot
ADDRESS MARKERS: NONE
GUTTER/ALLEY: No
WATER PROXIMITY: No
CHRONIC SITE: No
VEHICLES: NONE
IDENTIFIERS: NONE
SEVERITY: 1
ORDINANCE: N/A
PRIORITY: LOW
SUMMARY: No illegal dumping is observed in the scene."
20260604T134116Z,DT_12th_and_Madison_1_20260602T170000.jpg,,,dataset_20260603_063335/DT_12th_and_Madison_1/DT_12th_and_Madison_1_20260602T170000.jpg,illegal_dumping,done,2026-06-04T13:49:59.599429+00:00,0.05,0.661,0.714,,nvidia/cosmos-reason2-8b,"DUMPING PRESENT: No
ORDINANCE VIOLATION: No
WASTE TYPE: mixed
WASTE VOLUME: small (pickup truck)
WASTE ORIGIN: residential
PROPERTY TYPE: right-of-way
ADDRESS MARKERS: NONE
GUTTER/ALLEY: No
WATER PROXIMITY: No
CHRONIC SITE: No
VEHICLES: NONE
IDENTIFIERS: NONE
SEVERITY: 1
ORDINANCE: N/A
PRIORITY: LOW
SUMMARY: No illegal dumping detected in the right-of-way area."
20260604T134116Z,DT_12th_and_Madison_1_20260602T171500.jpg,,,dataset_20260603_063335/DT_12th_and_Madison_1/DT_12th_and_Madison_1_20260602T171500.jpg,illegal_dumping,done,2026-06-04T13:49:59.752660+00:00,0.037,0.763,0.803,,nvidia/cosmos-reason2-8b,"DUMPING PRESENT: No
ORDINANCE VIOLATION: No
WASTE TYPE: mixed
WASTE VOLUME: small (pickup truck)
WASTE ORIGIN: residential
PROPERTY TYPE: vacant-lot
ADDRESS MARKERS: NONE
GUTTER/ALLEY: No
WATER PROXIMITY: No
CHRONIC SITE: No
VEHICLES: NONE
IDENTIFIERS: NONE
SEVERITY: 1
ORDINANCE: N/A
PRIORITY: LOW
SUMMARY: No illegal dumping detected in the video."
20260604T134116Z,DT_12th_and_Madison_1_20260602T173000.jpg,,,dataset_20260603_063335/DT_12th_and_Madison_1/DT_12th_and_Madison_1_20260602T173000.jpg,illegal_dumping,done,2026-06-04T13:49:59.988041+00:00,0.047,0.675,0.725,,nvidia/cosmos-reason2-8b,"DUMPING PRESENT: No
ORDINANCE VIOLATION: No
WASTE TYPE: mixed
WASTE VOLUME: small (pickup truck)
WASTE ORIGIN: residential
PROPERTY TYPE: vacant-lot
ADDRESS MARKERS: < NONE >
GUTTER/ALLEY: No
WATER PROXIMITY: No
CHRONIC SITE: No
VEHICLES: < NONE >
IDENTIFIERS: < NONE >
SEVERITY: 1
ORDINANCE: N/A
PRIORITY: LOW
SUMMARY: No illegal dumping is observed in the scene."
20260604T134116Z,DT_12th_and_Madison_1_20260602T174500.jpg,,,dataset_20260603_063335/DT_12th_and_Madison_1/DT_12th_and_Madison_1_20260602T174500.jpg,illegal_dumping,done,2026-06-04T13:50:00.130605+00:00,0.051,0.856,0.91,,nvidia/cosmos-reason2-8b,"DUMPING PRESENT: Yes
ORDINANCE VIOLATION: Yes
WASTE TYPE: mixed
WASTE VOLUME: small (pickup truck)
WASTE ORIGIN: residential
PROPERTY TYPE: right-of-way
ADDRESS MARKERS: NONE
GUTTER/ALLEY: Yes
WATER PROXIMITY: No
CHRONIC SITE: No
VEHICLES: NONE
IDENTIFIERS: NONE
SEVERITY: 2
ORDINANCE: Sec-46-45
PRIORITY: MEDIUM
SUMMARY: Illegal dumping is present on the right-of-way, violating Brownsville's property owner liability ordinance.
"
20260604T134116Z,DT_12th_and_Madison_1_20260602T180000.jpg,,,dataset_20260603_063335/DT_12th_and_Madison_1/DT_12th_and_Madison_1_20260602T180000.jpg,illegal_dumping,done,2026-06-04T13:50:00.315762+00:00,0.05,0.729,0.782,,nvidia/cosmos-reason2-8b,"DUMPING PRESENT: No
ORDINANCE VIOLATION: No
WASTE TYPE: mixed
WASTE VOLUME: small (pickup truck)
WASTE ORIGIN: residential
PROPERTY TYPE: right-of-way
ADDRESS MARKERS: NONE
GUTTER/ALLEY: No
WATER PROXIMITY: No
CHRONIC SITE: No
VEHICLES: NONE
IDENTIFIERS: NONE
SEVERITY: 1
ORDINANCE: N/A
PRIORITY: LOW
SUMMARY: No illegal dumping detected in the video."
20260604T134116Z,DT_12th_and_Madison_1_20260602T181500.jpg,,,dataset_20260603_063335/DT_12th_and_Madison_1/DT_12th_and_Madison_1_20260602T181500.jpg,illegal_dumping,done,2026-06-04T13:50:00.558480+00:00,0.051,0.747,0.801,,nvidia/cosmos-reason2-8b,"DUMPING PRESENT: No
ORDINANCE VIOLATION: No
WASTE TYPE: mixed
WASTE VOLUME: small (pickup truck)
WASTE ORIGIN: residential
PROPERTY TYPE: vacant-lot
ADDRESS MARKERS: NONE
GUTTER/ALLEY: No
WATER PROXIMITY: No
CHRONIC SITE: No
VEHICLES: NONE
IDENTIFIERS: NONE
SEVERITY: 1
ORDINANCE: N/A
PRIORITY: LOW
SUMMARY: No illegal dumping detected in the scene."
20260604T134116Z,DT_12th_and_Madison_1_20260602T183000.jpg,,,dataset_20260603_063335/DT_12th_and_Madison_1/DT_12th_and_Madison_1_20260602T183000.jpg,illegal_dumping,done,2026-06-04T13:50:00.715759+00:00,0.048,0.871,0.923,,nvidia/cosmos-reason2-8b,"DUMPING PRESENT: Yes
ORDINANCE VIOLATION: Yes
WASTE TYPE: mixed
WASTE VOLUME: small (pickup truck)
WASTE ORIGIN: residential
PROPERTY TYPE: vacant-lot
ADDRESS MARKERS: NONE
GUTTER/ALLEY: No
WATER PROXIMITY: No
CHRONIC SITE: No
VEHICLES: NONE
IDENTIFIERS: NONE
SEVERITY: 2
ORDINANCE: Sec-46-45
PRIORITY: MEDIUM
SUMMARY: Illegal dumping of mixed waste is observed on a vacant lot, violating Brownsville's property owner liability ordinance (Sec. 46-45).
"
20260604T134116Z,DT_12th_and_Madison_1_20260602T184500.jpg,,,dataset_20260603_063335/DT_12th_and_Madison_1/DT_12th_and_Madison_1_20260602T184500.jpg,illegal_dumping,done,2026-06-04T13:50:01.044369+00:00,0.054,0.906,0.964,,nvidia/cosmos-reason2-8b,"DUMPING PRESENT: Yes
ORDINANCE VIOLATION: Yes
WASTE TYPE: mixed
WASTE VOLUME: small (pickup truck)
WASTE ORIGIN: residential
PROPERTY TYPE: vacant-lot
ADDRESS MARKERS: NONE
GUTTER/ALLEY: No
WATER PROXIMITY: No
CHRONIC SITE: No
VEHICLES: NONE
IDENTIFIERS: NONE
SEVERITY: 2
ORDINANCE: Sec-46-45
PRIORITY: MEDIUM
SUMMARY: A small pile of mixed waste is illegally dumped on a vacant lot, violating Brownsville's property owner liability ordinance.
"
20260604T134116Z,DT_12th_and_Madison_1_20260602T190000.jpg,,,dataset_20260603_063335/DT_12th_and_Madison_1/DT_12th_and_Madison_1_20260602T190000.jpg,illegal_dumping,done,2026-06-04T13:50:01.101304+00:00,0.049,0.9,0.966,,nvidia/cosmos-reason2-8b,"DUMPING PRESENT: Yes
ORDINANCE VIOLATION: Yes
WASTE TYPE: mixed
WASTE VOLUME: small (pickup truck)
WASTE ORIGIN: residential
PROPERTY TYPE: right-of-way
ADDRESS MARKERS: NONE
GUTTER/ALLEY: No
WATER PROXIMITY: No
CHRONIC SITE: No
VEHICLES: NONE
IDENTIFIERS: NONE
SEVERITY: 2
ORDINANCE: Sec-46-45
PRIORITY: MEDIUM
SUMMARY: Illegal dumping is present on a right-of-way, violating Brownsville's property owner liability ordinance (Sec. 46-45).
"
20260604T134116Z,DT_12th_and_Madison_1_20260602T191500.jpg,,,dataset_20260603_063335/DT_12th_and_Madison_1/DT_12th_and_Madison_1_20260602T191500.jpg,illegal_dumping,done,2026-06-04T13:50:01.362527+00:00,0.047,0.699,0.749,,nvidia/cosmos-reason2-8b,"DUMPING PRESENT: No
ORDINANCE VIOLATION: No
WASTE TYPE: mixed
WASTE VOLUME: small (pickup truck)
WASTE ORIGIN: residential
PROPERTY TYPE: occupied-private
ADDRESS MARKERS: NONE
GUTTER/ALLEY: No
WATER PROXIMITY: No
CHRONIC SITE: No
VEHICLES: NONE
IDENTIFIERS: NONE
SEVERITY: 1
ORDINANCE: N/A
PRIORITY: LOW
SUMMARY: No illegal dumping detected in the video."
20260604T134116Z,DT_12th_and_Madison_1_20260602T193000.jpg,,,dataset_20260603_063335/DT_12th_and_Madison_1/DT_12th_and_Madison_1_20260602T193000.jpg,illegal_dumping,done,2026-06-04T13:50:01.642472+00:00,0.043,0.975,1.022,,nvidia/cosmos-reason2-8b,"DUMPING PRESENT: Yes
ORDINANCE VIOLATION: Yes
WASTE TYPE: mixed
WASTE VOLUME: small (pickup truck)
WASTE ORIGIN: residential
PROPERTY TYPE: vacant-lot
ADDRESS MARKERS: NONE
GUTTER/ALLEY: No
WATER PROXIMITY: No
CHRONIC SITE: No
VEHICLES: NONE
IDENTIFIERS: NONE
SEVERITY: 1
ORDINANCE: Sec-46-45
PRIORITY: LOW
SUMMARY: A pickup truck is parked on a vacant lot with its bed filled with mixed waste, including bags and other debris, which violates Brownsville's property owner liability ordinance (Sec. 46-45)."
20260604T134116Z,DT_12th_and_Madison_1_20260602T194500.jpg,,,dataset_20260603_063335/DT_12th_and_Madison_1/DT_12th_and_Madison_1_20260602T194500.jpg,illegal_dumping,done,2026-06-04T13:50:02.011339+00:00,0.048,0.855,0.906,,nvidia/cosmos-reason2-8b,"DUMPING PRESENT: No
ORDINANCE VIOLATION: No
WASTE TYPE: mixed
WASTE VOLUME: small (pickup truck)
WASTE ORIGIN: residential
PROPERTY TYPE: vacant-lot
ADDRESS MARKERS: NONE
GUTTER/ALLEY: No
WATER PROXIMITY: No
CHRONIC SITE: No
VEHICLES: NONE
IDENTIFIERS: NONE
SEVERITY: 1
ORDINANCE: N/A
PRIORITY: LOW
SUMMARY: No illegal dumping detected in the video."
20260604T134116Z,DT_12th_and_Madison_1_20260602T200000.jpg,,,dataset_20260603_063335/DT_12th_and_Madison_1/DT_12th_and_Madison_1_20260602T200000.jpg,illegal_dumping,done,2026-06-04T13:50:02.070156+00:00,0.041,1.101,1.146,,nvidia/cosmos-reason2-8b,"DUMPING PRESENT: Yes
ORDINANCE VIOLATION: Yes
WASTE TYPE: mixed
WASTE VOLUME: small (pickup truck)
WASTE ORIGIN: residential
PROPERTY TYPE: right-of-way
ADDRESS MARKERS: NONE
GUTTER/ALLEY: No
WATER PROXIMITY: No
CHRONIC SITE: No
VEHICLES: NONE
IDENTIFIERS: NONE
SEVERITY: 1
ORDINANCE: Sec-46-45
PRIORITY: LOW
SUMMARY: A small pile of mixed waste is located in the right-of-way, which is considered illegal dumping under Sec-46-45.
"
20260604T134116Z,DT_12th_and_Madison_1_20260602T201500.jpg,,,dataset_20260603_063335/DT_12th_and_Madison_1/DT_12th_and_Madison_1_20260602T201500.jpg,illegal_dumping,done,2026-06-04T13:50:02.113940+00:00,0.041,0.802,0.847,,nvidia/cosmos-reason2-8b,"DUMPING PRESENT: No
ORDINANCE VIOLATION: No
WASTE TYPE: N/A
WASTE VOLUME: N/A
WASTE ORIGIN: N/A
PROPERTY TYPE: N/A
ADDRESS MARKERS: NONE
GUTTER/ALLEY: No
WATER PROXIMITY: No
CHRONIC SITE: No
VEHICLES: NONE
IDENTIFIERS: N/A
SEVERITY: 1
ORDINANCE: N/A
PRIORITY: LOW
SUMMARY: No illegal dumping detected in the video."
20260604T134116Z,DT_12th_and_Madison_1_20260602T203000.jpg,,,dataset_20260603_063335/DT_12th_and_Madison_1/DT_12th_and_Madison_1_20260602T203000.jpg,illegal_dumping,done,2026-06-04T13:50:02.666903+00:00,0.051,0.711,0.766,,nvidia/cosmos-reason2-8b,"DUMPING PRESENT: No
ORDINANCE VIOLATION: No
WASTE TYPE: mixed
WASTE VOLUME: small (pickup truck)
WASTE ORIGIN: residential
PROPERTY TYPE: vacant-lot
ADDRESS MARKERS: < NONE >
GUTTER/ALLEY: No
WATER PROXIMITY: No
CHRONIC SITE: No
VEHICLES: < NONE >
IDENTIFIERS: < NONE >
SEVERITY: 1
ORDINANCE: N/A
PRIORITY: LOW
SUMMARY: No illegal dumping detected; the scene shows a natural landscape with no visible waste or violations."
20260604T134116Z,DT_12th_and_Madison_1_20260602T204500.jpg,,,dataset_20260603_063335/DT_12th_and_Madison_1/DT_12th_and_Madison_1_20260602T204500.jpg,illegal_dumping,done,2026-06-04T13:50:02.920181+00:00,0.042,0.709,0.754,,nvidia/cosmos-reason2-8b,"DUMPING PRESENT: No
ORDINANCE VIOLATION: No
WASTE TYPE: mixed
WASTE VOLUME: small (pickup truck)
WASTE ORIGIN: residential
PROPERTY TYPE: vacant-lot
ADDRESS MARKERS: NONE
GUTTER/ALLEY: No
WATER PROXIMITY: No
CHRONIC SITE: No
VEHICLES: NONE
IDENTIFIERS: NONE
SEVERITY: 1
ORDINANCE: N/A
PRIORITY: LOW
SUMMARY: No illegal dumping detected; the scene shows a mix of objects without clear evidence of waste disposal violations."
20260604T134116Z,DT_12th_and_Madison_1_20260602T210000.jpg,,,dataset_20260603_063335/DT_12th_and_Madison_1/DT_12th_and_Madison_1_20260602T210000.jpg,illegal_dumping,done,2026-06-04T13:50:02.964272+00:00,0.052,0.966,1.023,,nvidia/cosmos-reason2-8b,"```json
{
  ""DUMPING PRESENT"": ""No"",
  ""ORDINANCE VIOLATION"": ""No"",
  ""WASTE TYPE"": [],
  ""WASTE VOLUME"": ""small (pickup truck)"",
  ""WASTE ORIGIN"": ""residential"",
  ""PROPERTY TYPE"": ""right-of-way"",
  ""ADDRESS MARKERS"": ""NONE"",
  ""GUTTER/ALLEY"": ""Yes"",
  ""WATER PROXIMITY"": ""No"",
  ""CHRONIC SITE"": ""No"",
  ""VEHICLES"": ""NONE"",
  ""IDENTIFIERS"": ""NONE"",
  ""SEVERITY"": ""1"",
  ""ORDINANCE"": ""N/A"",
  ""PRIORITY"": ""LOW"",
  ""SUMMARY"": ""No illegal dumping detected; the scene shows a quiet alleyway with no visible waste or debris.""
}
```"
20260604T134116Z,DT_12th_and_Madison_1_20260602T211500.jpg,,,dataset_20260603_063335/DT_12th_and_Madison_1/DT_12th_and_Madison_1_20260602T211500.jpg,illegal_dumping,done,2026-06-04T13:50:03.218358+00:00,0.051,0.815,0.87,,nvidia/cosmos-reason2-8b,"DUMPING PRESENT: No
ORDINANCE VIOLATION: No
WASTE TYPE: mixed
WASTE VOLUME: small (pickup truck)
WASTE ORIGIN: residential
PROPERTY TYPE: alley
ADDRESS MARKERS: NONE
GUTTER/ALLEY: Yes
WATER PROXIMITY: No
CHRONIC SITE: No
VEHICLES: NONE
IDENTIFIERS: NONE
SEVERITY: 1
ORDINANCE: N/A
PRIORITY: LOW
SUMMARY: No illegal dumping detected in the alleyway; the scene appears clean with no visible waste or debris."
20260604T134116Z,DT_12th_and_Madison_1_20260602T213000.jpg,,,dataset_20260603_063335/DT_12th_and_Madison_1/DT_12th_and_Madison_1_20260602T213000.jpg,illegal_dumping,done,2026-06-04T13:50:03.435204+00:00,0.046,0.771,0.82,,nvidia/cosmos-reason2-8b,"DUMPING PRESENT: No
ORDINANCE VIOLATION: No
WASTE TYPE: mixed
WASTE VOLUME: small (pickup truck)
WASTE ORIGIN: residential
PROPERTY TYPE: occupied-private
ADDRESS MARKERS: <street signs, address numbers, utility poles visible — or NONE>
GUTTER/ALLEY: No
WATER PROXIMITY: No
CHRONIC SITE: No
VEHICLES: <color, type, any text visible — or NONE>
IDENTIFIERS: <plates, signage, labels, individuals — or NONE>
SEVERITY: 1
ORDINANCE: N/A
PRIORITY: LOW
SUMMARY: No illegal dumping observed; no ordinance violations detected."
20260604T134116Z,DT_12th_and_Madison_1_20260602T214500.jpg,,,dataset_20260603_063335/DT_12th_and_Madison_1/DT_12th_and_Madison_1_20260602T214500.jpg,illegal_dumping,done,2026-06-04T13:50:03.676955+00:00,0.049,0.806,0.859,,nvidia/cosmos-reason2-8b,"```json
{
  ""DUMPING PRESENT"": ""No"",
  ""ORDINANCE VIOLATION"": ""No"",
  ""WASTE TYPE"": [],
  ""WASTE VOLUME"": ""small (pickup truck)"",
  ""WASTE ORIGIN"": ""unknown"",
  ""PROPERTY TYPE"": ""right-of-way"",
  ""ADDRESS MARKERS"": ""NONE"",
  ""GUTTER/ALLEY"": ""Yes"",
  ""WATER PROXIMITY"": ""No"",
  ""CHRONIC SITE"": ""No"",
  ""VEHICLES"": ""NONE"",
  ""IDENTIFIERS"": ""NONE"",
  ""SEVERITY"": ""1"",
  ""ORDINANCE"": ""N/A"",
  ""PRIORITY"": ""LOW"",
  ""SUMMARY"": ""No illegal dumping detected; the area appears clean with no visible waste or debris.""
}
```"
20260604T134116Z,DT_12th_and_Madison_1_20260602T220000.jpg,,,dataset_20260603_063335/DT_12th_and_Madison_1/DT_12th_and_Madison_1_20260602T220000.jpg,illegal_dumping,done,2026-06-04T13:50:03.989747+00:00,0.046,0.684,0.735,,nvidia/cosmos-reason2-8b,"DUMPING PRESENT: No
ORDINANCE VIOLATION: No
WASTE TYPE: mixed
WASTE VOLUME: small (pickup truck)
WASTE ORIGIN: residential
PROPERTY TYPE: right-of-way
ADDRESS MARKERS: NONE
GUTTER/ALLEY: No
WATER PROXIMITY: No
CHRONIC SITE: No
VEHICLES: NONE
IDENTIFIERS: NONE
SEVERITY: 1
ORDINANCE: N/A
PRIORITY: LOW
SUMMARY: No illegal dumping is observed in the video."
20260604T134116Z,DT_12th_and_Madison_1_20260602T221500.jpg,,,dataset_20260603_063335/DT_12th_and_Madison_1/DT_12th_and_Madison_1_20260602T221500.jpg,illegal_dumping,done,2026-06-04T13:50:04.090867+00:00,0.048,0.84,0.892,,nvidia/cosmos-reason2-8b,"DUMPING PRESENT: No
ORDINANCE VIOLATION: No
WASTE TYPE: mixed
WASTE VOLUME: small (pickup truck)
WASTE ORIGIN: residential
PROPERTY TYPE: alley
ADDRESS MARKERS: NONE
GUTTER/ALLEY: Yes
WATER PROXIMITY: No
CHRONIC SITE: No
VEHICLES: NONE
IDENTIFIERS: NONE
SEVERITY: 1
ORDINANCE: N/A
PRIORITY: LOW
SUMMARY: No illegal dumping is observed in the alleyway; the area appears clean with no visible waste or debris."
20260604T134116Z,DT_12th_and_Madison_1_20260602T223000.jpg,,,dataset_20260603_063335/DT_12th_and_Madison_1/DT_12th_and_Madison_1_20260602T223000.jpg,illegal_dumping,done,2026-06-04T13:50:04.257553+00:00,0.048,0.718,0.827,,nvidia/cosmos-reason2-8b,"DUMPING PRESENT: No
ORDINANCE VIOLATION: No
WASTE TYPE: N/A
WASTE VOLUME: N/A
WASTE ORIGIN: N/A
PROPERTY TYPE: N/A
ADDRESS MARKERS: NONE
GUTTER/ALLEY: No
WATER PROXIMITY: No
CHRONIC SITE: No
VEHICLES: NONE
IDENTIFIERS: NONE
SEVERITY: 1
ORDINANCE: N/A
PRIORITY: LOW
SUMMARY: No dumping detected; image shows a green screen with no discernible features or objects."
20260604T134116Z,DT_12th_and_Madison_1_20260602T224500.jpg,,,dataset_20260603_063335/DT_12th_and_Madison_1/DT_12th_and_Madison_1_20260602T224500.jpg,illegal_dumping,done,2026-06-04T13:50:04.539372+00:00,0.053,0.716,0.774,,nvidia/cosmos-reason2-8b,"DUMPING PRESENT: No
ORDINANCE VIOLATION: No
WASTE TYPE: mixed
WASTE VOLUME: small (pickup truck)
WASTE ORIGIN: residential
PROPERTY TYPE: right-of-way
ADDRESS MARKERS: NONE
GUTTER/ALLEY: Yes
WATER PROXIMITY: No
CHRONIC SITE: No
VEHICLES: NONE
IDENTIFIERS: NONE
SEVERITY: 1
ORDINANCE: N/A
PRIORITY: LOW
SUMMARY: No illegal dumping is observed in the video."
20260604T134116Z,DT_12th_and_Madison_1_20260602T230000.jpg,,,dataset_20260603_063335/DT_12th_and_Madison_1/DT_12th_and_Madison_1_20260602T230000.jpg,illegal_dumping,done,2026-06-04T13:50:04.727948+00:00,0.054,0.675,0.732,,nvidia/cosmos-reason2-8b,"DUMPING PRESENT: No
ORDINANCE VIOLATION: No
WASTE TYPE: mixed
WASTE VOLUME: small (pickup truck)
WASTE ORIGIN: residential
PROPERTY TYPE: alley
ADDRESS MARKERS: NONE
GUTTER/ALLEY: Yes
WATER PROXIMITY: No
CHRONIC SITE: No
VEHICLES: NONE
IDENTIFIERS: NONE
SEVERITY: 1
ORDINANCE: N/A
PRIORITY: LOW
SUMMARY: No illegal dumping observed in the alleyway."
20260604T134116Z,DT_12th_and_Madison_1_20260602T231500.jpg,,,dataset_20260603_063335/DT_12th_and_Madison_1/DT_12th_and_Madison_1_20260602T231500.jpg,illegal_dumping,done,2026-06-04T13:50:04.985702+00:00,0.043,0.747,0.793,,nvidia/cosmos-reason2-8b,"DUMPING PRESENT: No
ORDINANCE VIOLATION: No
WASTE TYPE: mixed
WASTE VOLUME: small (pickup truck)
WASTE ORIGIN: residential
PROPERTY TYPE: right-of-way
ADDRESS MARKERS: NONE
GUTTER/ALLEY: No
WATER PROXIMITY: No
CHRONIC SITE: No
VEHICLES: NONE
IDENTIFIERS: NONE
SEVERITY: 1
ORDINANCE: N/A
PRIORITY: LOW
SUMMARY: No illegal dumping detected in the video. The scene shows a quiet street with no visible waste or debris."
20260604T134116Z,DT_12th_and_Madison_1_20260602T233000.jpg,,,dataset_20260603_063335/DT_12th_and_Madison_1/DT_12th_and_Madison_1_20260602T233000.jpg,illegal_dumping,done,2026-06-04T13:50:05.086972+00:00,0.041,0.811,0.856,,nvidia/cosmos-reason2-8b,"DUMPING PRESENT: No
ORDINANCE VIOLATION: No
WASTE TYPE: mixed
WASTE VOLUME: small (pickup truck)
WASTE ORIGIN: residential
PROPERTY TYPE: alley
ADDRESS MARKERS: NONE
GUTTER/ALLEY: Yes
WATER PROXIMITY: No
CHRONIC SITE: No
VEHICLES: NONE
IDENTIFIERS: NONE
SEVERITY: 1
ORDINANCE: N/A
PRIORITY: LOW
SUMMARY: No illegal dumping detected in the alleyway; the scene appears clear with no visible waste or debris."
20260604T134116Z,DT_12th_and_Madison_1_20260602T234500.jpg,,,dataset_20260603_063335/DT_12th_and_Madison_1/DT_12th_and_Madison_1_20260602T234500.jpg,illegal_dumping,done,2026-06-04T13:50:05.315824+00:00,0.049,0.711,0.763,,nvidia/cosmos-reason2-8b,"DUMPING PRESENT: No
ORDINANCE VIOLATION: No
WASTE TYPE: mixed
WASTE VOLUME: small (pickup truck)
WASTE ORIGIN: residential
PROPERTY TYPE: right-of-way
ADDRESS MARKERS: NONE
GUTTER/ALLEY: Yes
WATER PROXIMITY: No
CHRONIC SITE: No
VEHICLES: NONE
IDENTIFIERS: NONE
SEVERITY: 1
ORDINANCE: N/A
PRIORITY: LOW
SUMMARY: No illegal dumping detected; the scene shows a quiet street with no visible waste or debris."
20260604T134116Z,DT_12th_and_Madison_4_20260602T000000.jpg,,,dataset_20260603_063335/DT_12th_and_Madison_4/DT_12th_and_Madison_4_20260602T000000.jpg,illegal_dumping,done,2026-06-04T13:50:06.105633+00:00,0.178,1.296,1.492,,nvidia/cosmos-reason2-8b,"DUMPING PRESENT: No
ORDINANCE VIOLATION: No
WASTE TYPE: mixed
WASTE VOLUME: small (pickup truck)
WASTE ORIGIN: residential
PROPERTY TYPE: alley
ADDRESS MARKERS: NONE
GUTTER/ALLEY: Yes
WATER PROXIMITY: No
CHRONIC SITE: No
VEHICLES: NONE
IDENTIFIERS: NONE
SEVERITY: 1
ORDINANCE: N/A
PRIORITY: LOW
SUMMARY: No illegal dumping is observed in the alleyway."
20260604T134116Z,DT_12th_and_Madison_4_20260602T001500.jpg,,,dataset_20260603_063335/DT_12th_and_Madison_4/DT_12th_and_Madison_4_20260602T001500.jpg,illegal_dumping,done,2026-06-04T13:50:06.106193+00:00,0.177,1.18,1.374,,nvidia/cosmos-reason2-8b,"DUMPING PRESENT: No
ORDINANCE VIOLATION: No
WASTE TYPE: mixed
WASTE VOLUME: small (pickup truck)
WASTE ORIGIN: residential
PROPERTY TYPE: alley
ADDRESS MARKERS: NONE
GUTTER/ALLEY: Yes
WATER PROXIMITY: No
CHRONIC SITE: No
VEHICLES: NONE
IDENTIFIERS: NONE
SEVERITY: 1
ORDINANCE: N/A
PRIORITY: LOW
SUMMARY: No illegal dumping is observed in the alleyway."
20260604T134116Z,DT_12th_and_Madison_4_20260602T003000.jpg,,,dataset_20260603_063335/DT_12th_and_Madison_4/DT_12th_and_Madison_4_20260602T003000.jpg,illegal_dumping,done,2026-06-04T13:50:06.106876+00:00,0.176,0.78,0.973,,nvidia/cosmos-reason2-8b,"DUMPING PRESENT: No
ORDINANCE VIOLATION: No
WASTE TYPE: mixed
WASTE VOLUME: small (pickup truck)
WASTE ORIGIN: residential
PROPERTY TYPE: alley
ADDRESS MARKERS: NONE
GUTTER/ALLEY: Yes
WATER PROXIMITY: No
CHRONIC SITE: No
VEHICLES: NONE
IDENTIFIERS: NONE
SEVERITY: 1
ORDINANCE: N/A
PRIORITY: LOW
SUMMARY: No illegal dumping detected in the alleyway; the scene appears clear with no visible waste or debris."
20260604T134116Z,DT_12th_and_Madison_4_20260602T004500.jpg,,,dataset_20260603_063335/DT_12th_and_Madison_4/DT_12th_and_Madison_4_20260602T004500.jpg,illegal_dumping,done,2026-06-04T13:50:06.108724+00:00,0.178,0.943,1.137,,nvidia/cosmos-reason2-8b,"DUMPING PRESENT: No
ORDINANCE VIOLATION: No
WASTE TYPE: mixed
WASTE VOLUME: small (pickup truck)
WASTE ORIGIN: residential
PROPERTY TYPE: alley
ADDRESS MARKERS: NONE
GUTTER/ALLEY: Yes
WATER PROXIMITY: No
CHRONIC SITE: No
VEHICLES: NONE
IDENTIFIERS: NONE
SEVERITY: 1
ORDINANCE: N/A
PRIORITY: LOW
SUMMARY: No illegal dumping is observed in the alleyway."
20260604T134116Z,DT_12th_and_Madison_4_20260602T010000.jpg,,,dataset_20260603_063335/DT_12th_and_Madison_4/DT_12th_and_Madison_4_20260602T010000.jpg,illegal_dumping,done,2026-06-04T13:50:07.082886+00:00,0.045,0.698,0.746,,nvidia/cosmos-reason2-8b,"DUMPING PRESENT: No
ORDINANCE VIOLATION: No
WASTE TYPE: mixed
WASTE VOLUME: small (pickup truck)
WASTE ORIGIN: residential
PROPERTY TYPE: alley
ADDRESS MARKERS: NONE
GUTTER/ALLEY: Yes
WATER PROXIMITY: No
CHRONIC SITE: No
VEHICLES: NONE
IDENTIFIERS: NONE
SEVERITY: 1
ORDINANCE: N/A
PRIORITY: LOW
SUMMARY: No illegal dumping is observed in the alleyway; the area appears clear of waste materials."
20260604T134116Z,DT_12th_and_Madison_4_20260602T011500.jpg,,,dataset_20260603_063335/DT_12th_and_Madison_4/DT_12th_and_Madison_4_20260602T011500.jpg,illegal_dumping,done,2026-06-04T13:50:07.247984+00:00,0.045,0.652,0.701,,nvidia/cosmos-reason2-8b,"DUMPING PRESENT: No
ORDINANCE VIOLATION: No
WASTE TYPE: mixed
WASTE VOLUME: medium
WASTE ORIGIN: residential
PROPERTY TYPE: alley
ADDRESS MARKERS: NONE
GUTTER/ALLEY: Yes
WATER PROXIMITY: No
CHRONIC SITE: No
VEHICLES: NONE
IDENTIFIERS: NONE
SEVERITY: 1
ORDINANCE: N/A
PRIORITY: LOW
SUMMARY: No illegal dumping is observed in the alleyway; the scene appears clear with no visible waste or debris."
20260604T134116Z,DT_12th_and_Madison_4_20260602T013000.jpg,,,dataset_20260603_063335/DT_12th_and_Madison_4/DT_12th_and_Madison_4_20260602T013000.jpg,illegal_dumping,done,2026-06-04T13:50:07.483928+00:00,0.047,0.711,0.762,,nvidia/cosmos-reason2-8b,"DUMPING PRESENT: No
ORDINANCE VIOLATION: No
WASTE TYPE: mixed
WASTE VOLUME: small (pickup truck)
WASTE ORIGIN: residential
PROPERTY TYPE: alley
ADDRESS MARKERS: NONE
GUTTER/ALLEY: Yes
WATER PROXIMITY: No
CHRONIC SITE: No
VEHICLES: NONE
IDENTIFIERS: NONE
SEVERITY: 1
ORDINANCE: N/A
PRIORITY: LOW
SUMMARY: No illegal dumping is observed in the alleyway; the scene appears clear with no visible waste or debris."
20260604T134116Z,DT_12th_and_Madison_4_20260602T014500.jpg,,,dataset_20260603_063335/DT_12th_and_Madison_4/DT_12th_and_Madison_4_20260602T014500.jpg,illegal_dumping,done,2026-06-04T13:50:07.600307+00:00,0.044,0.699,0.745,,nvidia/cosmos-reason2-8b,"DUMPING PRESENT: No
ORDINANCE VIOLATION: No
WASTE TYPE: mixed
WASTE VOLUME: small (pickup truck)
WASTE ORIGIN: residential
PROPERTY TYPE: alley
ADDRESS MARKERS: NONE
GUTTER/ALLEY: Yes
WATER PROXIMITY: No
CHRONIC SITE: No
VEHICLES: NONE
IDENTIFIERS: NONE
SEVERITY: 1
ORDINANCE: N/A
PRIORITY: LOW
SUMMARY: No illegal dumping is observed in the video."
20260604T134116Z,DT_12th_and_Madison_4_20260602T020000.jpg,,,dataset_20260603_063335/DT_12th_and_Madison_4/DT_12th_and_Madison_4_20260602T020000.jpg,illegal_dumping,done,2026-06-04T13:50:07.831158+00:00,0.055,0.681,0.739,,nvidia/cosmos-reason2-8b,"DUMPING PRESENT: No
ORDINANCE VIOLATION: No
WASTE TYPE: mixed
WASTE VOLUME: small (pickup truck)
WASTE ORIGIN: residential
PROPERTY TYPE: alley
ADDRESS MARKERS: NONE
GUTTER/ALLEY: Yes
WATER PROXIMITY: No
CHRONIC SITE: No
VEHICLES: NONE
IDENTIFIERS: NONE
SEVERITY: 1
ORDINANCE: N/A
PRIORITY: LOW
SUMMARY: No illegal dumping is observed in the video."
20260604T134116Z,DT_12th_and_Madison_4_20260602T021500.jpg,,,dataset_20260603_063335/DT_12th_and_Madison_4/DT_12th_and_Madison_4_20260602T021500.jpg,illegal_dumping,done,2026-06-04T13:50:07.951307+00:00,0.049,0.742,0.793,,nvidia/cosmos-reason2-8b,"DUMPING PRESENT: No
ORDINANCE VIOLATION: No
WASTE TYPE: mixed
WASTE VOLUME: small (pickup truck)
WASTE ORIGIN: residential
PROPERTY TYPE: alley
ADDRESS MARKERS: NONE
GUTTER/ALLEY: Yes
WATER PROXIMITY: No
CHRONIC SITE: No
VEHICLES: NONE
IDENTIFIERS: NONE
SEVERITY: 1
ORDINANCE: N/A
PRIORITY: LOW
SUMMARY: No illegal dumping is observed in the alleyway."
20260604T134116Z,DT_12th_and_Madison_4_20260602T023000.jpg,,,dataset_20260603_063335/DT_12th_and_Madison_4/DT_12th_and_Madison_4_20260602T023000.jpg,illegal_dumping,done,2026-06-04T13:50:08.248616+00:00,0.049,0.764,0.815,,nvidia/cosmos-reason2-8b,"DUMPING PRESENT: Yes
ORDINANCE VIOLATION: Yes
WASTE TYPE: mixed
WASTE VOLUME: small (pickup truck)
WASTE ORIGIN: residential
PROPERTY TYPE: alley
ADDRESS MARKERS: NONE
GUTTER/ALLEY: Yes
WATER PROXIMITY: No
CHRONIC SITE: No
VEHICLES: NONE
IDENTIFIERS: NONE
SEVERITY: 2
ORDINANCE: Sec-46-45
PRIORITY: MEDIUM
SUMMARY: A small pile of mixed waste is illegally dumped in an alley, violating Brownsville's property owner liability ordinance.
"
20260604T134116Z,DT_12th_and_Madison_4_20260602T024500.jpg,,,dataset_20260603_063335/DT_12th_and_Madison_4/DT_12th_and_Madison_4_20260602T024500.jpg,illegal_dumping,done,2026-06-04T13:50:08.348055+00:00,0.043,0.941,0.986,,nvidia/cosmos-reason2-8b,"DUMPING PRESENT: No
ORDINANCE VIOLATION: No
WASTE TYPE: mixed
WASTE VOLUME: small (pickup truck)
WASTE ORIGIN: residential
PROPERTY TYPE: alley
ADDRESS MARKERS: NONE
GUTTER/ALLEY: Yes
WATER PROXIMITY: No
CHRONIC SITE: No
VEHICLES: NONE
IDENTIFIERS: NONE
SEVERITY: 1
ORDINANCE: N/A
PRIORITY: LOW
SUMMARY: No illegal dumping is observed in the alleyway."
20260604T134116Z,DT_12th_and_Madison_4_20260602T030000.jpg,,,dataset_20260603_063335/DT_12th_and_Madison_4/DT_12th_and_Madison_4_20260602T030000.jpg,illegal_dumping,done,2026-06-04T13:50:08.572532+00:00,0.044,0.934,0.982,,nvidia/cosmos-reason2-8b,"DUMPING PRESENT: Yes
ORDINANCE VIOLATION: Yes
WASTE TYPE: mixed
WASTE VOLUME: medium
WASTE ORIGIN: residential
PROPERTY TYPE: alley
ADDRESS MARKERS: NONE
GUTTER/ALLEY: Yes
WATER PROXIMITY: No
CHRONIC SITE: No
VEHICLES: NONE
IDENTIFIERS: NONE
SEVERITY: 2
ORDINANCE: Sec-46-45
PRIORITY: MEDIUM
SUMMARY: Illegal dumping of mixed waste is observed in an alleyway, violating Brownsville's ordinance against improper disposal on private or public property.
"
20260604T134116Z,DT_12th_and_Madison_4_20260602T031500.jpg,,,dataset_20260603_063335/DT_12th_and_Madison_4/DT_12th_and_Madison_4_20260602T031500.jpg,illegal_dumping,done,2026-06-04T13:50:08.747815+00:00,0.047,0.838,0.888,,nvidia/cosmos-reason2-8b,"DUMPING PRESENT: No
ORDINANCE VIOLATION: No
WASTE TYPE: mixed
WASTE VOLUME: small (pickup truck)
WASTE ORIGIN: residential
PROPERTY TYPE: alley
ADDRESS MARKERS: NONE
GUTTER/ALLEY: Yes
WATER PROXIMITY: No
CHRONIC SITE: No
VEHICLES: NONE
IDENTIFIERS: NONE
SEVERITY: 1
ORDINANCE: N/A
PRIORITY: LOW
SUMMARY: No illegal dumping is observed in the alleyway."
20260604T134116Z,DT_12th_and_Madison_4_20260602T033000.jpg,,,dataset_20260603_063335/DT_12th_and_Madison_4/DT_12th_and_Madison_4_20260602T033000.jpg,illegal_dumping,done,2026-06-04T13:50:09.066664+00:00,0.051,0.704,0.758,,nvidia/cosmos-reason2-8b,"DUMPING PRESENT: No
ORDINANCE VIOLATION: No
WASTE TYPE: mixed
WASTE VOLUME: small (pickup truck)
WASTE ORIGIN: residential
PROPERTY TYPE: alley
ADDRESS MARKERS: NONE
GUTTER/ALLEY: Yes
WATER PROXIMITY: No
CHRONIC SITE: No
VEHICLES: NONE
IDENTIFIERS: NONE
SEVERITY: 1
ORDINANCE: N/A
PRIORITY: LOW
SUMMARY: No illegal dumping is observed in the alleyway; the scene appears clear with no visible waste or debris."
20260604T134116Z,DT_12th_and_Madison_4_20260602T034500.jpg,,,dataset_20260603_063335/DT_12th_and_Madison_4/DT_12th_and_Madison_4_20260602T034500.jpg,illegal_dumping,done,2026-06-04T13:50:09.336480+00:00,0.044,0.728,0.775,,nvidia/cosmos-reason2-8b,"DUMPING PRESENT: Yes
ORDINANCE VIOLATION: Yes
WASTE TYPE: mixed
WASTE VOLUME: medium
WASTE ORIGIN: unknown
PROPERTY TYPE: alley
ADDRESS MARKERS: NONE
GUTTER/ALLEY: Yes
WATER PROXIMITY: No
CHRONIC SITE: No
VEHICLES: NONE
IDENTIFIERS: NONE
SEVERITY: 2
ORDINANCE: Sec-46-45
PRIORITY: MEDIUM
SUMMARY: Illegal dumping is present in the alley, violating Brownsville's property owner liability ordinance (Sec. 46-45)."
20260604T134116Z,DT_12th_and_Madison_4_20260602T040000.jpg,,,dataset_20260603_063335/DT_12th_and_Madison_4/DT_12th_and_Madison_4_20260602T040000.jpg,illegal_dumping,done,2026-06-04T13:50:09.556837+00:00,0.039,0.722,0.764,,nvidia/cosmos-reason2-8b,"DUMPING PRESENT: No
ORDINANCE VIOLATION: No
WASTE TYPE: mixed
WASTE VOLUME: small (pickup truck)
WASTE ORIGIN: residential
PROPERTY TYPE: alley
ADDRESS MARKERS: NONE
GUTTER/ALLEY: Yes
WATER PROXIMITY: No
CHRONIC SITE: No
VEHICLES: NONE
IDENTIFIERS: NONE
SEVERITY: 1
ORDINANCE: N/A
PRIORITY: LOW
SUMMARY: No illegal dumping is observed in the alleyway; the area appears clear with no visible waste or debris."
20260604T134116Z,DT_12th_and_Madison_4_20260602T041500.jpg,,,dataset_20260603_063335/DT_12th_and_Madison_4/DT_12th_and_Madison_4_20260602T041500.jpg,illegal_dumping,done,2026-06-04T13:50:09.637671+00:00,0.043,0.877,0.922,,nvidia/cosmos-reason2-8b,"DUMPING PRESENT: No
ORDINANCE VIOLATION: No
WASTE TYPE: mixed
WASTE VOLUME: small (pickup truck)
WASTE ORIGIN: residential
PROPERTY TYPE: alley
ADDRESS MARKERS: NONE
GUTTER/ALLEY: Yes
WATER PROXIMITY: No
CHRONIC SITE: No
VEHICLES: NONE
IDENTIFIERS: NONE
SEVERITY: 1
ORDINANCE: N/A
PRIORITY: LOW
SUMMARY: No illegal dumping is observed in the alleyway; the scene appears clear with no visible waste or debris."
20260604T134116Z,DT_12th_and_Madison_4_20260602T043000.jpg,,,dataset_20260603_063335/DT_12th_and_Madison_4/DT_12th_and_Madison_4_20260602T043000.jpg,illegal_dumping,done,2026-06-04T13:50:09.827269+00:00,0.047,0.768,0.818,,nvidia/cosmos-reason2-8b,"DUMPING PRESENT: No
ORDINANCE VIOLATION: No
WASTE TYPE: mixed
WASTE VOLUME: small (pickup truck)
WASTE ORIGIN: residential
PROPERTY TYPE: alley
ADDRESS MARKERS: NONE
GUTTER/ALLEY: Yes
WATER PROXIMITY: No
CHRONIC SITE: No
VEHICLES: NONE
IDENTIFIERS: NONE
SEVERITY: 1
ORDINANCE: N/A
PRIORITY: LOW
SUMMARY: No illegal dumping detected in the alleyway; the scene appears clear with no visible waste or debris."
20260604T134116Z,DT_12th_and_Madison_4_20260602T044500.jpg,,,dataset_20260603_063335/DT_12th_and_Madison_4/DT_12th_and_Madison_4_20260602T044500.jpg,illegal_dumping,done,2026-06-04T13:50:10.114065+00:00,0.054,0.677,0.733,,nvidia/cosmos-reason2-8b,"DUMPING PRESENT: No
ORDINANCE VIOLATION: No
WASTE TYPE: mixed
WASTE VOLUME: small (pickup truck)
WASTE ORIGIN: residential
PROPERTY TYPE: alley
ADDRESS MARKERS: NONE
GUTTER/ALLEY: Yes
WATER PROXIMITY: No
CHRONIC SITE: No
VEHICLES: NONE
IDENTIFIERS: NONE
SEVERITY: 1
ORDINANCE: N/A
PRIORITY: LOW
SUMMARY: No illegal dumping is observed in the alleyway; the scene appears clear with no visible waste or debris."
20260604T134116Z,DT_12th_and_Madison_4_20260602T050000.jpg,,,dataset_20260603_063335/DT_12th_and_Madison_4/DT_12th_and_Madison_4_20260602T050000.jpg,illegal_dumping,done,2026-06-04T13:50:10.323977+00:00,0.04,0.68,0.722,,nvidia/cosmos-reason2-8b,"DUMPING PRESENT: No
ORDINANCE VIOLATION: No
WASTE TYPE: mixed
WASTE VOLUME: small (pickup truck)
WASTE ORIGIN: residential
PROPERTY TYPE: alley
ADDRESS MARKERS: NONE
GUTTER/ALLEY: Yes
WATER PROXIMITY: No
CHRONIC SITE: No
VEHICLES: NONE
IDENTIFIERS: NONE
SEVERITY: 1
ORDINANCE: N/A
PRIORITY: LOW
SUMMARY: No illegal dumping is observed in the alleyway; the scene appears clear with no visible waste or debris."
20260604T134116Z,DT_12th_and_Madison_4_20260602T051500.jpg,,,dataset_20260603_063335/DT_12th_and_Madison_4/DT_12th_and_Madison_4_20260602T051500.jpg,illegal_dumping,done,2026-06-04T13:50:10.562195+00:00,0.042,0.74,0.785,,nvidia/cosmos-reason2-8b,"DUMPING PRESENT: No
ORDINANCE VIOLATION: No
WASTE TYPE: mixed
WASTE VOLUME: small (pickup truck)
WASTE ORIGIN: residential
PROPERTY TYPE: alley
ADDRESS MARKERS: NONE
GUTTER/ALLEY: Yes
WATER PROXIMITY: No
CHRONIC SITE: No
VEHICLES: NONE
IDENTIFIERS: NONE
SEVERITY: 1
ORDINANCE: N/A
PRIORITY: LOW
SUMMARY: No illegal dumping is observed in the alleyway; the area appears clear of waste materials."
20260604T134116Z,DT_12th_and_Madison_4_20260602T053000.jpg,,,dataset_20260603_063335/DT_12th_and_Madison_4/DT_12th_and_Madison_4_20260602T053000.jpg,illegal_dumping,done,2026-06-04T13:50:10.647229+00:00,0.037,0.819,0.859,,nvidia/cosmos-reason2-8b,"DUMPING PRESENT: No
ORDINANCE VIOLATION: No
WASTE TYPE: mixed
WASTE VOLUME: small (pickup truck)
WASTE ORIGIN: residential
PROPERTY TYPE: alley
ADDRESS MARKERS: NONE
GUTTER/ALLEY: Yes
WATER PROXIMITY: No
CHRONIC SITE: No
VEHICLES: NONE
IDENTIFIERS: NONE
SEVERITY: 1
ORDINANCE: N/A
PRIORITY: LOW
SUMMARY: No illegal dumping is observed in the alleyway."
20260604T134116Z,DT_12th_and_Madison_4_20260602T054500.jpg,,,dataset_20260603_063335/DT_12th_and_Madison_4/DT_12th_and_Madison_4_20260602T054500.jpg,illegal_dumping,done,2026-06-04T13:50:10.849680+00:00,0.046,0.72,0.769,,nvidia/cosmos-reason2-8b,"DUMPING PRESENT: No
ORDINANCE VIOLATION: No
WASTE TYPE: mixed
WASTE VOLUME: small (pickup truck)
WASTE ORIGIN: residential
PROPERTY TYPE: alley
ADDRESS MARKERS: NONE
GUTTER/ALLEY: Yes
WATER PROXIMITY: No
CHRONIC SITE: No
VEHICLES: NONE
IDENTIFIERS: NONE
SEVERITY: 1
ORDINANCE: N/A
PRIORITY: LOW
SUMMARY: No illegal dumping is observed in the alleyway."
20260604T134116Z,DT_12th_and_Madison_4_20260602T060000.jpg,,,dataset_20260603_063335/DT_12th_and_Madison_4/DT_12th_and_Madison_4_20260602T060000.jpg,illegal_dumping,done,2026-06-04T13:50:11.048644+00:00,0.048,0.738,0.789,,nvidia/cosmos-reason2-8b,"DUMPING PRESENT: No
ORDINANCE VIOLATION: No
WASTE TYPE: mixed
WASTE VOLUME: small (pickup truck)
WASTE ORIGIN: residential
PROPERTY TYPE: alley
ADDRESS MARKERS: <NONE>
GUTTER/ALLEY: Yes
WATER PROXIMITY: No
CHRONIC SITE: No
VEHICLES: <NONE>
IDENTIFIERS: <NONE>
SEVERITY: 1
ORDINANCE: N/A
PRIORITY: LOW
SUMMARY: No illegal dumping observed in the alleyway."
20260604T134116Z,DT_12th_and_Madison_4_20260602T061500.jpg,,,dataset_20260603_063335/DT_12th_and_Madison_4/DT_12th_and_Madison_4_20260602T061500.jpg,illegal_dumping,done,2026-06-04T13:50:11.350243+00:00,0.043,0.673,0.719,,nvidia/cosmos-reason2-8b,"DUMPING PRESENT: No
ORDINANCE VIOLATION: No
WASTE TYPE: mixed
WASTE VOLUME: small (pickup truck)
WASTE ORIGIN: residential
PROPERTY TYPE: alley
ADDRESS MARKERS: NONE
GUTTER/ALLEY: Yes
WATER PROXIMITY: No
CHRONIC SITE: No
VEHICLES: NONE
IDENTIFIERS: NONE
SEVERITY: 1
ORDINANCE: N/A
PRIORITY: LOW
SUMMARY: No illegal dumping is observed in the alleyway; the area appears clear with no visible waste or debris."
20260604T134116Z,DT_12th_and_Madison_4_20260602T063000.jpg,,,dataset_20260603_063335/DT_12th_and_Madison_4/DT_12th_and_Madison_4_20260602T063000.jpg,illegal_dumping,done,2026-06-04T13:50:11.508815+00:00,0.041,0.76,0.804,,nvidia/cosmos-reason2-8b,"DUMPING PRESENT: Yes
ORDINANCE VIOLATION: Yes
WASTE TYPE: mixed
WASTE VOLUME: small (pickup truck)
WASTE ORIGIN: residential
PROPERTY TYPE: alley
ADDRESS MARKERS: NONE
GUTTER/ALLEY: Yes
WATER PROXIMITY: No
CHRONIC SITE: No
VEHICLES: NONE
IDENTIFIERS: NONE
SEVERITY: 2
ORDINANCE: Sec-46-45
PRIORITY: MEDIUM
SUMMARY: Illegal dumping is observed in the alley, with mixed waste scattered on the ground, violating property owner liability under Sec-46-45.
"
20260604T134116Z,DT_12th_and_Madison_4_20260602T064500.jpg,,,dataset_20260603_063335/DT_12th_and_Madison_4/DT_12th_and_Madison_4_20260602T064500.jpg,illegal_dumping,done,2026-06-04T13:50:11.620588+00:00,0.037,0.994,1.033,,nvidia/cosmos-reason2-8b,"DUMPING PRESENT: Yes
ORDINANCE VIOLATION: Yes
WASTE TYPE: mixed
WASTE VOLUME: small (pickup truck)
WASTE ORIGIN: residential
PROPERTY TYPE: alley
ADDRESS MARKERS: NONE
GUTTER/ALLEY: Yes
WATER PROXIMITY: No
CHRONIC SITE: No
VEHICLES: NONE
IDENTIFIERS: NONE
SEVERITY: 2
ORDINANCE: Sec-46-45
PRIORITY: MEDIUM
SUMMARY: Illegal dumping is observed in the alley, violating Brownsville's property owner liability ordinance (Sec. 46-45).
"
20260604T134116Z,DT_12th_and_Madison_4_20260602T070000.jpg,,,dataset_20260603_063335/DT_12th_and_Madison_4/DT_12th_and_Madison_4_20260602T070000.jpg,illegal_dumping,done,2026-06-04T13:50:11.841172+00:00,0.046,0.872,0.922,,nvidia/cosmos-reason2-8b,"DUMPING PRESENT: Yes
ORDINANCE VIOLATION: Yes
WASTE TYPE: mixed
WASTE VOLUME: small (pickup truck)
WASTE ORIGIN: residential
PROPERTY TYPE: alley
ADDRESS MARKERS: NONE
GUTTER/ALLEY: Yes
WATER PROXIMITY: No
CHRONIC SITE: No
VEHICLES: NONE
IDENTIFIERS: NONE
SEVERITY: 2
ORDINANCE: Sec-46-45
PRIORITY: MEDIUM
SUMMARY: Illegal dumping of mixed waste is observed in the alley, violating Brownsville's property owner liability ordinance.
"
20260604T134116Z,DT_12th_and_Madison_4_20260602T071500.jpg,,,dataset_20260603_063335/DT_12th_and_Madison_4/DT_12th_and_Madison_4_20260602T071500.jpg,illegal_dumping,done,2026-06-04T13:50:12.072267+00:00,0.045,0.821,0.87,,nvidia/cosmos-reason2-8b,"DUMPING PRESENT: Yes
ORDINANCE VIOLATION: Yes
WASTE TYPE: mixed
WASTE VOLUME: medium
WASTE ORIGIN: residential
PROPERTY TYPE: alley
ADDRESS MARKERS: NONE
GUTTER/ALLEY: Yes
WATER PROXIMITY: No
CHRONIC SITE: No
VEHICLES: NONE
IDENTIFIERS: NONE
SEVERITY: 2
ORDINANCE: Sec-46-45
PRIORITY: MEDIUM
SUMMARY: Illegal dumping is present in the alley, violating Brownsville's property owner liability ordinance (Sec. 46-45).
"
20260604T134116Z,DT_12th_and_Madison_4_20260602T073000.jpg,,,dataset_20260603_063335/DT_12th_and_Madison_4/DT_12th_and_Madison_4_20260602T073000.jpg,illegal_dumping,done,2026-06-04T13:50:12.315613+00:00,0.046,0.767,0.816,,nvidia/cosmos-reason2-8b,"DUMPING PRESENT: Yes
ORDINANCE VIOLATION: Yes
WASTE TYPE: mixed
WASTE VOLUME: small (pickup truck)
WASTE ORIGIN: residential
PROPERTY TYPE: alley
ADDRESS MARKERS: NONE
GUTTER/ALLEY: Yes
WATER PROXIMITY: No
CHRONIC SITE: No
VEHICLES: NONE
IDENTIFIERS: NONE
SEVERITY: 2
ORDINANCE: Sec-46-45
PRIORITY: MEDIUM
SUMMARY: Illegal dumping is present in the alley, violating Brownsville's property owner liability ordinance (Sec. 46-45)."
20260604T134116Z,DT_12th_and_Madison_4_20260602T074500.jpg,,,dataset_20260603_063335/DT_12th_and_Madison_4/DT_12th_and_Madison_4_20260602T074500.jpg,illegal_dumping,done,2026-06-04T13:50:12.656605+00:00,0.043,0.744,0.79,,nvidia/cosmos-reason2-8b,"DUMPING PRESENT: Yes
ORDINANCE VIOLATION: Yes
WASTE TYPE: mixed
WASTE VOLUME: small (pickup truck)
WASTE ORIGIN: residential
PROPERTY TYPE: alley
ADDRESS MARKERS: NONE
GUTTER/ALLEY: Yes
WATER PROXIMITY: No
CHRONIC SITE: No
VEHICLES: NONE
IDENTIFIERS: NONE
SEVERITY: 2
ORDINANCE: Sec-46-45
PRIORITY: MEDIUM
SUMMARY: A small pile of mixed waste is illegally dumped in the alley, violating Brownsville's property owner liability ordinance.
"
20260604T134116Z,DT_12th_and_Madison_4_20260602T080000.jpg,,,dataset_20260603_063335/DT_12th_and_Madison_4/DT_12th_and_Madison_4_20260602T080000.jpg,illegal_dumping,done,2026-06-04T13:50:12.765494+00:00,0.038,0.952,0.993,,nvidia/cosmos-reason2-8b,"DUMPING PRESENT: Yes
ORDINANCE VIOLATION: Yes
WASTE TYPE: mixed
WASTE VOLUME: medium
WASTE ORIGIN: residential
PROPERTY TYPE: alley
ADDRESS MARKERS: NONE
GUTTER/ALLEY: Yes
WATER PROXIMITY: No
CHRONIC SITE: No
VEHICLES: NONE
IDENTIFIERS: NONE
SEVERITY: 2
ORDINANCE: Sec-46-45
PRIORITY: MEDIUM
SUMMARY: Mixed waste is illegally dumped in the alley, violating property owner liability under Sec. 46-45.
"
20260604T134116Z,DT_12th_and_Madison_4_20260602T081500.jpg,,,dataset_20260603_063335/DT_12th_and_Madison_4/DT_12th_and_Madison_4_20260602T081500.jpg,illegal_dumping,done,2026-06-04T13:50:12.944961+00:00,0.046,0.976,1.024,,nvidia/cosmos-reason2-8b,"DUMPING PRESENT: Yes
ORDINANCE VIOLATION: Yes
WASTE TYPE: mixed
WASTE VOLUME: small (pickup truck)
WASTE ORIGIN: residential
PROPERTY TYPE: alley
ADDRESS MARKERS: NONE
GUTTER/ALLEY: Yes
WATER PROXIMITY: No
CHRONIC SITE: No
VEHICLES: NONE
IDENTIFIERS: NONE
SEVERITY: 2
ORDINANCE: Sec-46-45
PRIORITY: MEDIUM
SUMMARY: Illegal dumping is present in the alley, with mixed waste scattered on the ground, violating Brownsville's ordinance on property owner liability for waste disposal.
"
20260604T134116Z,DT_12th_and_Madison_4_20260602T083000.jpg,,,dataset_20260603_063335/DT_12th_and_Madison_4/DT_12th_and_Madison_4_20260602T083000.jpg,illegal_dumping,done,2026-06-04T13:50:13.133813+00:00,0.051,0.895,0.949,,nvidia/cosmos-reason2-8b,"```json
{
  ""DUMPING PRESENT"": ""No"",
  ""ORDINANCE VIOLATION"": ""No"",
  ""WASTE TYPE"": [],
  ""WASTE VOLUME"": ""small (pickup truck)"",
  ""WASTE ORIGIN"": ""residential"",
  ""PROPERTY TYPE"": ""occupied-private"",
  ""ADDRESS MARKERS"": ""NONE"",
  ""GUTTER/ALLEY"": ""No"",
  ""WATER PROXIMITY"": ""No"",
  ""CHRONIC SITE"": ""No"",
  ""VEHICLES"": ""NONE"",
  ""IDENTIFIERS"": ""NONE"",
  ""SEVERITY"": ""1"",
  ""ORDINANCE"": ""N/A"",
  ""PRIORITY"": ""LOW"",
  ""SUMMARY"": ""No illegal dumping detected; the scene shows a residential area with no visible waste or debris.""
}
```"
20260604T134116Z,DT_12th_and_Madison_4_20260602T084500.jpg,,,dataset_20260603_063335/DT_12th_and_Madison_4/DT_12th_and_Madison_4_20260602T084500.jpg,illegal_dumping,done,2026-06-04T13:50:13.449368+00:00,0.043,0.787,0.833,,nvidia/cosmos-reason2-8b,"DUMPING PRESENT: Yes
ORDINANCE VIOLATION: Yes
WASTE TYPE: mixed
WASTE VOLUME: small (pickup truck)
WASTE ORIGIN: residential
PROPERTY TYPE: alley
ADDRESS MARKERS: NONE
GUTTER/ALLEY: Yes
WATER PROXIMITY: No
CHRONIC SITE: No
VEHICLES: NONE
IDENTIFIERS: NONE
SEVERITY: 2
ORDINANCE: Sec-46-45
PRIORITY: MEDIUM
SUMMARY: Illegal dumping is observed in the alley, violating Brownsville's property owner liability ordinance (Sec. 46-45).
"
20260604T134116Z,DT_12th_and_Madison_4_20260602T090000.jpg,,,dataset_20260603_063335/DT_12th_and_Madison_4/DT_12th_and_Madison_4_20260602T090000.jpg,illegal_dumping,done,2026-06-04T13:50:13.761989+00:00,0.049,0.733,0.785,,nvidia/cosmos-reason2-8b,"DUMPING PRESENT: Yes
ORDINANCE VIOLATION: Yes
WASTE TYPE: mixed
WASTE VOLUME: small (pickup truck)
WASTE ORIGIN: residential
PROPERTY TYPE: alley
ADDRESS MARKERS: NONE
GUTTER/ALLEY: Yes
WATER PROXIMITY: No
CHRONIC SITE: No
VEHICLES: NONE
IDENTIFIERS: NONE
SEVERITY: 2
ORDINANCE: Sec-46-45
PRIORITY: MEDIUM
SUMMARY: Illegal dumping is present in the alley, with mixed waste scattered on the ground, violating Brownsville's property owner liability ordinance.
"
20260604T134116Z,DT_12th_and_Madison_4_20260602T091500.jpg,,,dataset_20260603_063335/DT_12th_and_Madison_4/DT_12th_and_Madison_4_20260602T091500.jpg,illegal_dumping,done,2026-06-04T13:50:13.971712+00:00,0.05,0.908,0.961,,nvidia/cosmos-reason2-8b,"DUMPING PRESENT: Yes
ORDINANCE VIOLATION: Yes
WASTE TYPE: mixed
WASTE VOLUME: small (pickup truck)
WASTE ORIGIN: residential
PROPERTY TYPE: alley
ADDRESS MARKERS: NONE
GUTTER/ALLEY: Yes
WATER PROXIMITY: No
CHRONIC SITE: No
VEHICLES: NONE
IDENTIFIERS: NONE
SEVERITY: 2
ORDINANCE: Sec-46-45
PRIORITY: MEDIUM
SUMMARY: Illegal dumping is observed in the alley, violating Brownsville's property owner liability ordinance (Sec. 46-45).
"
20260604T134116Z,DT_12th_and_Madison_4_20260602T093000.jpg,,,dataset_20260603_063335/DT_12th_and_Madison_4/DT_12th_and_Madison_4_20260602T093000.jpg,illegal_dumping,done,2026-06-04T13:50:14.085018+00:00,0.042,0.748,0.793,,nvidia/cosmos-reason2-8b,"DUMPING PRESENT: No
ORDINANCE VIOLATION: No
WASTE TYPE: mixed
WASTE VOLUME: medium
WASTE ORIGIN: residential
PROPERTY TYPE: vacant-lot
ADDRESS MARKERS: NONE
GUTTER/ALLEY: No
WATER PROXIMITY: No
CHRONIC SITE: No
VEHICLES: NONE
IDENTIFIERS: NONE
SEVERITY: 1
ORDINANCE: N/A
PRIORITY: LOW
SUMMARY: No illegal dumping detected in the video."
20260604T134116Z,DT_12th_and_Madison_4_20260602T094500.jpg,,,dataset_20260603_063335/DT_12th_and_Madison_4/DT_12th_and_Madison_4_20260602T094500.jpg,illegal_dumping,done,2026-06-04T13:50:14.285172+00:00,0.043,0.842,0.888,,nvidia/cosmos-reason2-8b,"DUMPING PRESENT: No
ORDINANCE VIOLATION: No
WASTE TYPE: mixed
WASTE VOLUME: small (pickup truck)
WASTE ORIGIN: residential
PROPERTY TYPE: alley
ADDRESS MARKERS: NONE
GUTTER/ALLEY: Yes
WATER PROXIMITY: No
CHRONIC SITE: No
VEHICLES: NONE
IDENTIFIERS: NONE
SEVERITY: 1
ORDINANCE: N/A
PRIORITY: LOW
SUMMARY: No illegal dumping detected in the alleyway; the area appears clean with no visible waste or debris."
20260604T134116Z,DT_12th_and_Madison_4_20260602T100000.jpg,,,dataset_20260603_063335/DT_12th_and_Madison_4/DT_12th_and_Madison_4_20260602T100000.jpg,illegal_dumping,done,2026-06-04T13:50:14.550099+00:00,0.05,0.864,0.917,,nvidia/cosmos-reason2-8b,"DUMPING PRESENT: Yes
ORDINANCE VIOLATION: Yes
WASTE TYPE: mixed
WASTE VOLUME: small (pickup truck)
WASTE ORIGIN: residential
PROPERTY TYPE: alley
ADDRESS MARKERS: NONE
GUTTER/ALLEY: Yes
WATER PROXIMITY: No
CHRONIC SITE: No
VEHICLES: NONE
IDENTIFIERS: NONE
SEVERITY: 2
ORDINANCE: Sec-46-45
PRIORITY: MEDIUM
SUMMARY: A small pile of mixed waste is illegally dumped in the alley, violating Brownsville's property owner liability ordinance (Sec. 46-45).
"
20260604T134116Z,DT_12th_and_Madison_4_20260602T101500.jpg,,,dataset_20260603_063335/DT_12th_and_Madison_4/DT_12th_and_Madison_4_20260602T101500.jpg,illegal_dumping,done,2026-06-04T13:50:14.880600+00:00,0.053,0.835,0.891,,nvidia/cosmos-reason2-8b,"DUMPING PRESENT: Yes
ORDINANCE VIOLATION: Yes
WASTE TYPE: mixed
WASTE VOLUME: small (pickup truck)
WASTE ORIGIN: residential
PROPERTY TYPE: alley
ADDRESS MARKERS: NONE
GUTTER/ALLEY: Yes
WATER PROXIMITY: No
CHRONIC SITE: No
VEHICLES: NONE
IDENTIFIERS: NONE
SEVERITY: 1
ORDINANCE: Sec-46-45
PRIORITY: LOW
SUMMARY: A small pile of mixed waste is located in the alley, which is considered a minor violation under Sec-46-45 due to its residential origin and small volume.
"
20260604T134116Z,DT_12th_and_Madison_4_20260602T103000.jpg,,,dataset_20260603_063335/DT_12th_and_Madison_4/DT_12th_and_Madison_4_20260602T103000.jpg,illegal_dumping,done,2026-06-04T13:50:14.935389+00:00,0.049,1.016,1.068,,nvidia/cosmos-reason2-8b,"DUMPING PRESENT: Yes
ORDINANCE VIOLATION: Yes
WASTE TYPE: mixed
WASTE VOLUME: small (pickup truck)
WASTE ORIGIN: residential
PROPERTY TYPE: alley
ADDRESS MARKERS: NONE
GUTTER/ALLEY: Yes
WATER PROXIMITY: No
CHRONIC SITE: No
VEHICLES: NONE
IDENTIFIERS: NONE
SEVERITY: 2
ORDINANCE: Sec-46-45
PRIORITY: MEDIUM
SUMMARY: Illegal dumping is present in the alley, violating Brownsville's property owner liability ordinance (Sec. 46-45)."
20260604T134116Z,DT_12th_and_Madison_4_20260602T104500.jpg,,,dataset_20260603_063335/DT_12th_and_Madison_4/DT_12th_and_Madison_4_20260602T104500.jpg,illegal_dumping,done,2026-06-04T13:50:15.175871+00:00,0.047,0.832,0.882,,nvidia/cosmos-reason2-8b,"DUMPING PRESENT: Yes
ORDINANCE VIOLATION: Yes
WASTE TYPE: mixed
WASTE VOLUME: small (pickup truck)
WASTE ORIGIN: residential
PROPERTY TYPE: alley
ADDRESS MARKERS: NONE
GUTTER/ALLEY: Yes
WATER PROXIMITY: No
CHRONIC SITE: No
VEHICLES: NONE
IDENTIFIERS: NONE
SEVERITY: 2
ORDINANCE: Sec-46-45
PRIORITY: MEDIUM
SUMMARY: Illegal dumping of mixed waste is observed in the alley, violating Brownsville's property owner liability ordinance (Sec. 46-45)."
20260604T134116Z,DT_12th_and_Madison_4_20260602T110000.jpg,,,dataset_20260603_063335/DT_12th_and_Madison_4/DT_12th_and_Madison_4_20260602T110000.jpg,illegal_dumping,done,2026-06-04T13:50:15.470234+00:00,0.048,0.74,0.791,,nvidia/cosmos-reason2-8b,"DUMPING PRESENT: Yes
ORDINANCE VIOLATION: Yes
WASTE TYPE: mixed
WASTE VOLUME: small (pickup truck)
WASTE ORIGIN: residential
PROPERTY TYPE: alley
ADDRESS MARKERS: NONE
GUTTER/ALLEY: Yes
WATER PROXIMITY: No
CHRONIC SITE: No
VEHICLES: NONE
IDENTIFIERS: NONE
SEVERITY: 1
ORDINANCE: Sec-46-45
PRIORITY: LOW
SUMMARY: Mixed waste is illegally dumped in the alley, violating Brownsville's property owner liability ordinance.
"
20260604T134116Z,DT_12th_and_Madison_4_20260602T111500.jpg,,,dataset_20260603_063335/DT_12th_and_Madison_4/DT_12th_and_Madison_4_20260602T111500.jpg,illegal_dumping,done,2026-06-04T13:50:15.774269+00:00,0.045,0.777,0.825,,nvidia/cosmos-reason2-8b,"DUMPING PRESENT: Yes
ORDINANCE VIOLATION: Yes
WASTE TYPE: mixed
WASTE VOLUME: small (pickup truck)
WASTE ORIGIN: residential
PROPERTY TYPE: alley
ADDRESS MARKERS: NONE
GUTTER/ALLEY: Yes
WATER PROXIMITY: No
CHRONIC SITE: No
VEHICLES: NONE
IDENTIFIERS: NONE
SEVERITY: 2
ORDINANCE: Sec-46-45
PRIORITY: MEDIUM
SUMMARY: A small pile of mixed waste is illegally dumped in the alley, violating Brownsville's property owner liability ordinance (Sec. 46-45).
"
20260604T134116Z,DT_12th_and_Madison_4_20260602T113000.jpg,,,dataset_20260603_063335/DT_12th_and_Madison_4/DT_12th_and_Madison_4_20260602T113000.jpg,illegal_dumping,done,2026-06-04T13:50:16.006496+00:00,0.044,0.829,0.876,,nvidia/cosmos-reason2-8b,"DUMPING PRESENT: Yes
ORDINANCE VIOLATION: Yes
WASTE TYPE: mixed
WASTE VOLUME: small (pickup truck)
WASTE ORIGIN: residential
PROPERTY TYPE: alley
ADDRESS MARKERS: NONE
GUTTER/ALLEY: Yes
WATER PROXIMITY: No
CHRONIC SITE: No
VEHICLES: NONE
IDENTIFIERS: NONE
SEVERITY: 2
ORDINANCE: Sec-46-45
PRIORITY: MEDIUM
SUMMARY: Illegal dumping of mixed waste is observed in an alleyway, violating Brownsville's property owner liability ordinance (Sec. 46-45)."
20260604T134116Z,DT_12th_and_Madison_4_20260602T114500.jpg,,,dataset_20260603_063335/DT_12th_and_Madison_4/DT_12th_and_Madison_4_20260602T114500.jpg,illegal_dumping,done,2026-06-04T13:50:16.062468+00:00,0.054,0.991,1.048,,nvidia/cosmos-reason2-8b,"DUMPING PRESENT: Yes
ORDINANCE VIOLATION: Yes
WASTE TYPE: mixed
WASTE VOLUME: small (pickup truck)
WASTE ORIGIN: residential
PROPERTY TYPE: alley
ADDRESS MARKERS: NONE
GUTTER/ALLEY: Yes
WATER PROXIMITY: No
CHRONIC SITE: No
VEHICLES: NONE
IDENTIFIERS: NONE
SEVERITY: 1
ORDINANCE: Sec-46-45
PRIORITY: LOW
SUMMARY: A small pile of mixed waste is located in the alley, which is considered a minor violation under Sec-46-45 due to its size and residential origin.
"
20260604T134116Z,DT_12th_and_Madison_4_20260602T120000.jpg,,,dataset_20260603_063335/DT_12th_and_Madison_4/DT_12th_and_Madison_4_20260602T120000.jpg,illegal_dumping,done,2026-06-04T13:50:16.264359+00:00,0.041,0.859,0.902,,nvidia/cosmos-reason2-8b,"DUMPING PRESENT: Yes
ORDINANCE VIOLATION: Yes
WASTE TYPE: mixed
WASTE VOLUME: small (pickup truck)
WASTE ORIGIN: residential
PROPERTY TYPE: alley
ADDRESS MARKERS: NONE
GUTTER/ALLEY: Yes
WATER PROXIMITY: No
CHRONIC SITE: No
VEHICLES: NONE
IDENTIFIERS: NONE
SEVERITY: 1
ORDINANCE: Sec-46-45
PRIORITY: LOW
SUMMARY: A small pile of mixed waste is located in the alley, which is considered a minor violation under Sec-46-45.
"
20260604T134116Z,DT_12th_and_Madison_4_20260602T121500.jpg,,,dataset_20260603_063335/DT_12th_and_Madison_4/DT_12th_and_Madison_4_20260602T121500.jpg,illegal_dumping,done,2026-06-04T13:50:16.602504+00:00,0.044,0.776,0.823,,nvidia/cosmos-reason2-8b,"DUMPING PRESENT: Yes
ORDINANCE VIOLATION: Yes
WASTE TYPE: mixed
WASTE VOLUME: small (pickup truck)
WASTE ORIGIN: residential
PROPERTY TYPE: alley
ADDRESS MARKERS: NONE
GUTTER/ALLEY: Yes
WATER PROXIMITY: No
CHRONIC SITE: No
VEHICLES: NONE
IDENTIFIERS: NONE
SEVERITY: 2
ORDINANCE: Sec-46-45
PRIORITY: MEDIUM
SUMMARY: A small amount of mixed waste is illegally dumped in an alley, violating Brownsville's property owner liability ordinance.
"
20260604T134116Z,DT_12th_and_Madison_4_20260602T123000.jpg,,,dataset_20260603_063335/DT_12th_and_Madison_4/DT_12th_and_Madison_4_20260602T123000.jpg,illegal_dumping,done,2026-06-04T13:50:16.884913+00:00,0.045,0.794,0.842,,nvidia/cosmos-reason2-8b,"DUMPING PRESENT: Yes
ORDINANCE VIOLATION: Yes
WASTE TYPE: mixed
WASTE VOLUME: small (pickup truck)
WASTE ORIGIN: residential
PROPERTY TYPE: alley
ADDRESS MARKERS: NONE
GUTTER/ALLEY: Yes
WATER PROXIMITY: No
CHRONIC SITE: No
VEHICLES: NONE
IDENTIFIERS: NONE
SEVERITY: 2
ORDINANCE: Sec-46-45
PRIORITY: MEDIUM
SUMMARY: Illegal dumping is observed in the alley, with waste scattered along the dirt path and near the property line, violating property owner liability under Sec-46-45.
"
20260604T134116Z,DT_12th_and_Madison_4_20260602T124500.jpg,,,dataset_20260603_063335/DT_12th_and_Madison_4/DT_12th_and_Madison_4_20260602T124500.jpg,illegal_dumping,done,2026-06-04T13:50:17.112904+00:00,0.043,0.808,0.864,,nvidia/cosmos-reason2-8b,"DUMPING PRESENT: Yes
ORDINANCE VIOLATION: Yes
WASTE TYPE: mixed
WASTE VOLUME: small (pickup truck)
WASTE ORIGIN: residential
PROPERTY TYPE: alley
ADDRESS MARKERS: NONE
GUTTER/ALLEY: Yes
WATER PROXIMITY: No
CHRONIC SITE: No
VEHICLES: NONE
IDENTIFIERS: NONE
SEVERITY: 2
ORDINANCE: Sec-46-45
PRIORITY: MEDIUM
SUMMARY: Illegal dumping of mixed waste is observed in the alley, violating Brownsville's property owner liability ordinance (Sec. 46-45).
"
20260604T134116Z,DT_12th_and_Madison_4_20260602T130000.jpg,,,dataset_20260603_063335/DT_12th_and_Madison_4/DT_12th_and_Madison_4_20260602T130000.jpg,illegal_dumping,done,2026-06-04T13:50:17.168651+00:00,0.039,0.953,0.996,,nvidia/cosmos-reason2-8b,"DUMPING PRESENT: Yes
ORDINANCE VIOLATION: Yes
WASTE TYPE: mixed
WASTE VOLUME: small (pickup truck)
WASTE ORIGIN: residential
PROPERTY TYPE: alley
ADDRESS MARKERS: NONE
GUTTER/ALLEY: Yes
WATER PROXIMITY: No
CHRONIC SITE: No
VEHICLES: NONE
IDENTIFIERS: NONE
SEVERITY: 2
ORDINANCE: Sec-46-45
PRIORITY: MEDIUM
SUMMARY: Illegal dumping of mixed waste is present in the alley, violating Brownsville's property owner liability ordinance.
"
20260604T134116Z,DT_12th_and_Madison_4_20260602T131500.jpg,,,dataset_20260603_063335/DT_12th_and_Madison_4/DT_12th_and_Madison_4_20260602T131500.jpg,illegal_dumping,done,2026-06-04T13:50:17.429169+00:00,0.042,0.861,0.906,,nvidia/cosmos-reason2-8b,"DUMPING PRESENT: Yes
ORDINANCE VIOLATION: Yes
WASTE TYPE: mixed
WASTE VOLUME: small (pickup truck)
WASTE ORIGIN: residential
PROPERTY TYPE: alley
ADDRESS MARKERS: NONE
GUTTER/ALLEY: Yes
WATER PROXIMITY: No
CHRONIC SITE: No
VEHICLES: NONE
IDENTIFIERS: NONE
SEVERITY: 2
ORDINANCE: Sec-46-45
PRIORITY: MEDIUM
SUMMARY: Illegal dumping is observed in the alley, with mixed waste scattered along the dirt path, violating property owner liability under Sec. 46-45.
"
20260604T134116Z,DT_12th_and_Madison_4_20260602T133000.jpg,,,dataset_20260603_063335/DT_12th_and_Madison_4/DT_12th_and_Madison_4_20260602T133000.jpg,illegal_dumping,done,2026-06-04T13:50:17.729574+00:00,0.044,0.78,0.828,,nvidia/cosmos-reason2-8b,"DUMPING PRESENT: Yes
ORDINANCE VIOLATION: Yes
WASTE TYPE: mixed
WASTE VOLUME: small (pickup truck)
WASTE ORIGIN: residential
PROPERTY TYPE: alley
ADDRESS MARKERS: NONE
GUTTER/ALLEY: Yes
WATER PROXIMITY: No
CHRONIC SITE: No
VEHICLES: NONE
IDENTIFIERS: NONE
SEVERITY: 1
ORDINANCE: Sec-46-45
PRIORITY: LOW
SUMMARY: A small pile of mixed waste is located in the alley, which is considered a minor violation under Sec-46-45 due to its size and residential origin.
"
20260604T134116Z,DT_12th_and_Madison_4_20260602T134500.jpg,,,dataset_20260603_063335/DT_12th_and_Madison_4/DT_12th_and_Madison_4_20260602T134500.jpg,illegal_dumping,done,2026-06-04T13:50:17.980174+00:00,0.043,0.849,0.896,,nvidia/cosmos-reason2-8b,"DUMPING PRESENT: Yes
ORDINANCE VIOLATION: Yes
WASTE TYPE: mixed
WASTE VOLUME: small (pickup truck)
WASTE ORIGIN: residential
PROPERTY TYPE: alley
ADDRESS MARKERS: NONE
GUTTER/ALLEY: Yes
WATER PROXIMITY: No
CHRONIC SITE: No
VEHICLES: NONE
IDENTIFIERS: NONE
SEVERITY: 2
ORDINANCE: Sec-46-45
PRIORITY: MEDIUM
SUMMARY: Illegal dumping is present in the alley, violating Brownsville's property owner liability ordinance (Sec. 46-45), with mixed waste scattered along the dirt path.
"
20260604T134116Z,DT_12th_and_Madison_4_20260602T140000.jpg,,,dataset_20260603_063335/DT_12th_and_Madison_4/DT_12th_and_Madison_4_20260602T140000.jpg,illegal_dumping,done,2026-06-04T13:50:18.166970+00:00,0.041,0.808,0.853,,nvidia/cosmos-reason2-8b,"DUMPING PRESENT: Yes
ORDINANCE VIOLATION: Yes
WASTE TYPE: mixed
WASTE VOLUME: small (pickup truck)
WASTE ORIGIN: residential
PROPERTY TYPE: alley
ADDRESS MARKERS: NONE
GUTTER/ALLEY: Yes
WATER PROXIMITY: No
CHRONIC SITE: No
VEHICLES: NONE
IDENTIFIERS: NONE
SEVERITY: 2
ORDINANCE: Sec-46-45
PRIORITY: MEDIUM
SUMMARY: Illegal dumping of mixed waste is observed in the alley, violating Brownsville's property owner liability ordinance (Sec. 46-45)."
20260604T134116Z,DT_12th_and_Madison_4_20260602T141500.jpg,,,dataset_20260603_063335/DT_12th_and_Madison_4/DT_12th_and_Madison_4_20260602T141500.jpg,illegal_dumping,done,2026-06-04T13:50:18.338414+00:00,0.05,0.757,0.81,,nvidia/cosmos-reason2-8b,"DUMPING PRESENT: Yes
ORDINANCE VIOLATION: Yes
WASTE TYPE: mixed
WASTE VOLUME: small (pickup truck)
WASTE ORIGIN: residential
PROPERTY TYPE: right-of-way
ADDRESS MARKERS: NONE
GUTTER/ALLEY: Yes
WATER PROXIMITY: No
CHRONIC SITE: No
VEHICLES: NONE
IDENTIFIERS: NONE
SEVERITY: 1
ORDINANCE: Sec-46-45
PRIORITY: LOW
SUMMARY: Mixed waste is illegally dumped in the alley, violating property owner liability under Sec. 46-45.
"
20260604T134116Z,DT_12th_and_Madison_4_20260602T143000.jpg,,,dataset_20260603_063335/DT_12th_and_Madison_4/DT_12th_and_Madison_4_20260602T143000.jpg,illegal_dumping,done,2026-06-04T13:50:18.560649+00:00,0.044,0.87,0.916,,nvidia/cosmos-reason2-8b,"DUMPING PRESENT: Yes
ORDINANCE VIOLATION: Yes
WASTE TYPE: mixed
WASTE VOLUME: small (pickup truck)
WASTE ORIGIN: residential
PROPERTY TYPE: alley
ADDRESS MARKERS: NONE
GUTTER/ALLEY: Yes
WATER PROXIMITY: No
CHRONIC SITE: No
VEHICLES: NONE
IDENTIFIERS: NONE
SEVERITY: 2
ORDINANCE: Sec-46-45
PRIORITY: MEDIUM
SUMMARY: Illegal dumping is observed in the alley, with waste scattered along the dirt path; the property owner is liable under Sec. 46-45 for failing to prevent this violation.
"
20260604T134116Z,DT_12th_and_Madison_4_20260602T144500.jpg,,,dataset_20260603_063335/DT_12th_and_Madison_4/DT_12th_and_Madison_4_20260602T144500.jpg,illegal_dumping,done,2026-06-04T13:50:18.878684+00:00,0.042,0.749,0.794,,nvidia/cosmos-reason2-8b,"DUMPING PRESENT: Yes
ORDINANCE VIOLATION: Yes
WASTE TYPE: mixed
WASTE VOLUME: small (pickup truck)
WASTE ORIGIN: residential
PROPERTY TYPE: alley
ADDRESS MARKERS: NONE
GUTTER/ALLEY: Yes
WATER PROXIMITY: No
CHRONIC SITE: No
VEHICLES: NONE
IDENTIFIERS: NONE
SEVERITY: 2
ORDINANCE: Sec-46-45
PRIORITY: MEDIUM
SUMMARY: Illegal dumping is present in the alley, violating Brownsville's ordinance, with waste scattered along the dirt path.
"
20260604T134116Z,DT_12th_and_Madison_4_20260602T150000.jpg,,,dataset_20260603_063335/DT_12th_and_Madison_4/DT_12th_and_Madison_4_20260602T150000.jpg,illegal_dumping,done,2026-06-04T13:50:19.021934+00:00,0.043,0.864,0.91,,nvidia/cosmos-reason2-8b,"DUMPING PRESENT: Yes
ORDINANCE VIOLATION: Yes
WASTE TYPE: mixed
WASTE VOLUME: small (pickup truck)
WASTE ORIGIN: residential
PROPERTY TYPE: alley
ADDRESS MARKERS: NONE
GUTTER/ALLEY: Yes
WATER PROXIMITY: No
CHRONIC SITE: No
VEHICLES: NONE
IDENTIFIERS: NONE
SEVERITY: 2
ORDINANCE: Sec-46-45
PRIORITY: MEDIUM
SUMMARY: Illegal dumping is observed in the alley, with waste scattered across the dirt path, violating property owner liability under Sec. 46-45.
"
20260604T134116Z,DT_12th_and_Madison_4_20260602T151500.jpg,,,dataset_20260603_063335/DT_12th_and_Madison_4/DT_12th_and_Madison_4_20260602T151500.jpg,illegal_dumping,done,2026-06-04T13:50:19.151350+00:00,0.049,0.888,0.94,,nvidia/cosmos-reason2-8b,"```json
{
  ""DUMPING PRESENT"": ""No"",
  ""ORDINANCE VIOLATION"": ""No"",
  ""WASTE TYPE"": [],
  ""WASTE VOLUME"": ""small (pickup truck)"",
  ""WASTE ORIGIN"": ""residential"",
  ""PROPERTY TYPE"": ""occupied-private"",
  ""ADDRESS MARKERS"": ""NONE"",
  ""GUTTER/ALLEY"": ""No"",
  ""WATER PROXIMITY"": ""No"",
  ""CHRONIC SITE"": ""No"",
  ""VEHICLES"": ""NONE"",
  ""IDENTIFIERS"": ""NONE"",
  ""SEVERITY"": ""1"",
  ""ORDINANCE"": ""N/A"",
  ""PRIORITY"": ""LOW"",
  ""SUMMARY"": ""No illegal dumping detected; the scene shows a residential area with no visible waste or debris.""
}
```"
20260604T134116Z,DT_12th_and_Madison_4_20260602T153000.jpg,,,dataset_20260603_063335/DT_12th_and_Madison_4/DT_12th_and_Madison_4_20260602T153000.jpg,illegal_dumping,done,2026-06-04T13:50:19.480291+00:00,0.045,0.8,0.848,,nvidia/cosmos-reason2-8b,"```json
{
  ""DUMPING PRESENT"": ""No"",
  ""ORDINANCE VIOLATION"": ""No"",
  ""WASTE TYPE"": [],
  ""WASTE VOLUME"": ""small (pickup truck)"",
  ""WASTE ORIGIN"": ""residential"",
  ""PROPERTY TYPE"": ""vacant-lot"",
  ""ADDRESS MARKERS"": ""NONE"",
  ""GUTTER/ALLEY"": ""Yes"",
  ""WATER PROXIMITY"": ""No"",
  ""CHRONIC SITE"": ""No"",
  ""VEHICLES"": ""NONE"",
  ""IDENTIFIERS"": ""NONE"",
  ""SEVERITY"": ""1"",
  ""ORDINANCE"": ""N/A"",
  ""PRIORITY"": ""LOW"",
  ""SUMMARY"": ""No illegal dumping detected; the area appears clean with no visible waste or debris.""
}
```"
20260604T134116Z,DT_12th_and_Madison_4_20260602T154500.jpg,,,dataset_20260603_063335/DT_12th_and_Madison_4/DT_12th_and_Madison_4_20260602T154500.jpg,illegal_dumping,done,2026-06-04T13:50:19.675396+00:00,0.04,0.828,0.871,,nvidia/cosmos-reason2-8b,"DUMPING PRESENT: Yes
ORDINANCE VIOLATION: Yes
WASTE TYPE: mixed
WASTE VOLUME: small (pickup truck)
WASTE ORIGIN: residential
PROPERTY TYPE: alley
ADDRESS MARKERS: NONE
GUTTER/ALLEY: Yes
WATER PROXIMITY: No
CHRONIC SITE: No
VEHICLES: NONE
IDENTIFIERS: NONE
SEVERITY: 2
ORDINANCE: Sec-46-45
PRIORITY: MEDIUM
SUMMARY: Illegal dumping is observed in the alley, with waste scattered across the ground, violating property owner liability under Sec. 46-45.
"
20260604T134116Z,DT_12th_and_Madison_4_20260602T160000.jpg,,,dataset_20260603_063335/DT_12th_and_Madison_4/DT_12th_and_Madison_4_20260602T160000.jpg,illegal_dumping,done,2026-06-04T13:50:19.935099+00:00,0.049,0.756,0.808,,nvidia/cosmos-reason2-8b,"DUMPING PRESENT: Yes
ORDINANCE VIOLATION: Yes
WASTE TYPE: mixed
WASTE VOLUME: small (pickup truck)
WASTE ORIGIN: residential
PROPERTY TYPE: alley
ADDRESS MARKERS: NONE
GUTTER/ALLEY: Yes
WATER PROXIMITY: No
CHRONIC SITE: No
VEHICLES: NONE
IDENTIFIERS: NONE
SEVERITY: 2
ORDINANCE: Sec-46-45
PRIORITY: MEDIUM
SUMMARY: Illegal dumping is observed in the alley, with mixed waste scattered on the ground, violating property owner liability under Sec. 46-45.
"
20260604T134116Z,DT_12th_and_Madison_4_20260602T161500.jpg,,,dataset_20260603_063335/DT_12th_and_Madison_4/DT_12th_and_Madison_4_20260602T161500.jpg,illegal_dumping,done,2026-06-04T13:50:20.094445+00:00,0.047,0.766,0.816,,nvidia/cosmos-reason2-8b,"DUMPING PRESENT: Yes
ORDINANCE VIOLATION: Yes
WASTE TYPE: mixed
WASTE VOLUME: small (pickup truck)
WASTE ORIGIN: residential
PROPERTY TYPE: alley
ADDRESS MARKERS: NONE
GUTTER/ALLEY: Yes
WATER PROXIMITY: No
CHRONIC SITE: No
VEHICLES: NONE
IDENTIFIERS: NONE
SEVERITY: 1
ORDINANCE: Sec-46-45
PRIORITY: LOW
SUMMARY: A small pile of mixed waste is located in the alley, which is considered a minor violation under Sec-46-45.
"
20260604T134116Z,DT_12th_and_Madison_4_20260602T163000.jpg,,,dataset_20260603_063335/DT_12th_and_Madison_4/DT_12th_and_Madison_4_20260602T163000.jpg,illegal_dumping,done,2026-06-04T13:50:20.330477+00:00,0.048,0.756,0.807,,nvidia/cosmos-reason2-8b,"DUMPING PRESENT: Yes
ORDINANCE VIOLATION: Yes
WASTE TYPE: mixed
WASTE VOLUME: small (pickup truck)
WASTE ORIGIN: residential
PROPERTY TYPE: alley
ADDRESS MARKERS: NONE
GUTTER/ALLEY: Yes
WATER PROXIMITY: No
CHRONIC SITE: No
VEHICLES: NONE
IDENTIFIERS: NONE
SEVERITY: 1
ORDINANCE: Sec-46-45
PRIORITY: LOW
SUMMARY: A small amount of mixed waste is illegally dumped in the alley, violating Brownsville's property owner liability ordinance (Sec. 46-45)."
20260604T134116Z,DT_12th_and_Madison_4_20260602T164500.jpg,,,dataset_20260603_063335/DT_12th_and_Madison_4/DT_12th_and_Madison_4_20260602T164500.jpg,illegal_dumping,done,2026-06-04T13:50:20.548757+00:00,0.041,0.67,0.714,,nvidia/cosmos-reason2-8b,"DUMPING PRESENT: No
ORDINANCE VIOLATION: No
WASTE TYPE: mixed
WASTE VOLUME: small (pickup truck)
WASTE ORIGIN: residential
PROPERTY TYPE: alley
ADDRESS MARKERS: NONE
GUTTER/ALLEY: Yes
WATER PROXIMITY: No
CHRONIC SITE: No
VEHICLES: NONE
IDENTIFIERS: NONE
SEVERITY: 1
ORDINANCE: N/A
PRIORITY: LOW
SUMMARY: No illegal dumping detected in the alleyway; the area appears clean with no visible waste or debris."
20260604T134116Z,DT_12th_and_Madison_4_20260602T170000.jpg,,,dataset_20260603_063335/DT_12th_and_Madison_4/DT_12th_and_Madison_4_20260602T170000.jpg,illegal_dumping,done,2026-06-04T13:50:20.745582+00:00,0.052,0.758,0.812,,nvidia/cosmos-reason2-8b,"DUMPING PRESENT: Yes
ORDINANCE VIOLATION: Yes
WASTE TYPE: mixed
WASTE VOLUME: small (pickup truck)
WASTE ORIGIN: residential
PROPERTY TYPE: alley
ADDRESS MARKERS: NONE
GUTTER/ALLEY: Yes
WATER PROXIMITY: No
CHRONIC SITE: No
VEHICLES: NONE
IDENTIFIERS: NONE
SEVERITY: 2
ORDINANCE: Sec-46-45
PRIORITY: MEDIUM
SUMMARY: Illegal dumping is observed in the alley, with mixed waste scattered on the ground, violating Brownsville's property owner liability ordinance.
"
20260604T134116Z,DT_12th_and_Madison_4_20260602T171500.jpg,,,dataset_20260603_063335/DT_12th_and_Madison_4/DT_12th_and_Madison_4_20260602T171500.jpg,illegal_dumping,done,2026-06-04T13:50:20.912580+00:00,0.044,0.764,0.81,,nvidia/cosmos-reason2-8b,"DUMPING PRESENT: Yes
ORDINANCE VIOLATION: Yes
WASTE TYPE: mixed
WASTE VOLUME: small (pickup truck)
WASTE ORIGIN: residential
PROPERTY TYPE: alley
ADDRESS MARKERS: NONE
GUTTER/ALLEY: Yes
WATER PROXIMITY: No
CHRONIC SITE: No
VEHICLES: NONE
IDENTIFIERS: NONE
SEVERITY: 2
ORDINANCE: Sec-46-45
PRIORITY: MEDIUM
SUMMARY: Illegal dumping is present in the alley, with mixed waste scattered on the ground, violating Brownsville's property owner liability ordinance.
"
20260604T134116Z,DT_12th_and_Madison_4_20260602T173000.jpg,,,dataset_20260603_063335/DT_12th_and_Madison_4/DT_12th_and_Madison_4_20260602T173000.jpg,illegal_dumping,done,2026-06-04T13:50:21.140991+00:00,0.046,0.841,0.891,,nvidia/cosmos-reason2-8b,"```json
{
  ""DUMPING PRESENT"": false,
  ""ORDINANCE VIOLATION"": false,
  ""WASTE TYPE"": [],
  ""WASTE VOLUME"": ""small (pickup truck)"",
  ""WASTE ORIGIN"": ""unknown"",
  ""PROPERTY TYPE"": ""occupied-private"",
  ""ADDRESS MARKERS"": ""NONE"",
  ""GUTTER/ALLEY"": ""No"",
  ""WATER PROXIMITY"": ""No"",
  ""CHRONIC SITE"": ""No"",
  ""VEHICLES"": ""NONE"",
  ""IDENTIFIERS"": ""NONE"",
  ""SEVERITY"": 1,
  ""ORDINANCE"": ""N/A"",
  ""PRIORITY"": ""LOW"",
  ""SUMMARY"": ""No illegal dumping or ordinance violations detected in the video frames provided.""
}
```"
20260604T134116Z,DT_12th_and_Madison_4_20260602T174500.jpg,,,dataset_20260603_063335/DT_12th_and_Madison_4/DT_12th_and_Madison_4_20260602T174500.jpg,illegal_dumping,done,2026-06-04T13:50:21.265745+00:00,0.046,0.821,0.87,,nvidia/cosmos-reason2-8b,"DUMPING PRESENT: Yes
ORDINANCE VIOLATION: Yes
WASTE TYPE: mixed
WASTE VOLUME: small (pickup truck)
WASTE ORIGIN: residential
PROPERTY TYPE: alley
ADDRESS MARKERS: NONE
GUTTER/ALLEY: Yes
WATER PROXIMITY: No
CHRONIC SITE: No
VEHICLES: NONE
IDENTIFIERS: NONE
SEVERITY: 2
ORDINANCE: Sec-46-45
PRIORITY: MEDIUM
SUMMARY: Illegal dumping is present in the alley, violating Brownsville's property owner liability ordinance (Sec. 46-45).
"
20260604T134116Z,DT_12th_and_Madison_4_20260602T180000.jpg,,,dataset_20260603_063335/DT_12th_and_Madison_4/DT_12th_and_Madison_4_20260602T180000.jpg,illegal_dumping,done,2026-06-04T13:50:21.560540+00:00,0.047,0.705,0.755,,nvidia/cosmos-reason2-8b,"DUMPING PRESENT: No
ORDINANCE VIOLATION: No
WASTE TYPE: mixed
WASTE VOLUME: small (pickup truck)
WASTE ORIGIN: residential
PROPERTY TYPE: alley
ADDRESS MARKERS: NONE
GUTTER/ALLEY: Yes
WATER PROXIMITY: No
CHRONIC SITE: No
VEHICLES: NONE
IDENTIFIERS: <plates, signage, labels, individuals — or NONE>
SEVERITY: 1
ORDINANCE: N/A
PRIORITY: LOW
SUMMARY: No illegal dumping detected in the alleyway; no waste or debris visible on the ground."
20260604T134116Z,DT_12th_and_Madison_4_20260602T181500.jpg,,,dataset_20260603_063335/DT_12th_and_Madison_4/DT_12th_and_Madison_4_20260602T181500.jpg,illegal_dumping,done,2026-06-04T13:50:21.725046+00:00,0.046,0.678,0.726,,nvidia/cosmos-reason2-8b,"DUMPING PRESENT: No
ORDINANCE VIOLATION: No
WASTE TYPE: mixed
WASTE VOLUME: small (pickup truck)
WASTE ORIGIN: residential
PROPERTY TYPE: vacant-lot
ADDRESS MARKERS: NONE
GUTTER/ALLEY: No
WATER PROXIMITY: No
CHRONIC SITE: No
VEHICLES: NONE
IDENTIFIERS: NONE
SEVERITY: 1
ORDINANCE: N/A
PRIORITY: LOW
SUMMARY: No illegal dumping detected in the video."
20260604T134116Z,DT_12th_and_Madison_4_20260602T183000.jpg,,,dataset_20260603_063335/DT_12th_and_Madison_4/DT_12th_and_Madison_4_20260602T183000.jpg,illegal_dumping,done,2026-06-04T13:50:22.034416+00:00,0.047,0.671,0.721,,nvidia/cosmos-reason2-8b,"DUMPING PRESENT: No
ORDINANCE VIOLATION: No
WASTE TYPE: N/A
WASTE VOLUME: N/A
WASTE ORIGIN: N/A
PROPERTY TYPE: N/A
ADDRESS MARKERS: NONE
GUTTER/ALLEY: No
WATER PROXIMITY: No
CHRONIC SITE: No
VEHICLES: NONE
IDENTIFIERS: N/A
SEVERITY: 1
ORDINANCE: N/A
PRIORITY: LOW
SUMMARY: No illegal dumping is observed in the video."
20260604T134116Z,DT_12th_and_Madison_4_20260602T184500.jpg,,,dataset_20260603_063335/DT_12th_and_Madison_4/DT_12th_and_Madison_4_20260602T184500.jpg,illegal_dumping,done,2026-06-04T13:50:22.138170+00:00,0.053,0.841,0.897,,nvidia/cosmos-reason2-8b,"DUMPING PRESENT: No
ORDINANCE VIOLATION: No
WASTE TYPE: mixed
WASTE VOLUME: small (pickup truck)
WASTE ORIGIN: residential
PROPERTY TYPE: vacant-lot
ADDRESS MARKERS: NONE
GUTTER/ALLEY: No
WATER PROXIMITY: No
CHRONIC SITE: No
VEHICLES: NONE
IDENTIFIERS: NONE
SEVERITY: 1
ORDINANCE: N/A
PRIORITY: LOW
SUMMARY: No illegal dumping detected in the video."
20260604T134116Z,DT_12th_and_Madison_4_20260602T190000.jpg,,,dataset_20260603_063335/DT_12th_and_Madison_4/DT_12th_and_Madison_4_20260602T190000.jpg,illegal_dumping,done,2026-06-04T13:50:22.318926+00:00,0.046,0.786,0.835,,nvidia/cosmos-reason2-8b,"DUMPING PRESENT: No
ORDINANCE VIOLATION: No
WASTE TYPE: mixed
WASTE VOLUME: small (pickup truck)
WASTE ORIGIN: residential
PROPERTY TYPE: alley
ADDRESS MARKERS: NONE
GUTTER/ALLEY: Yes
WATER PROXIMITY: No
CHRONIC SITE: No
VEHICLES: NONE
IDENTIFIERS: NONE
SEVERITY: 1
ORDINANCE: N/A
PRIORITY: LOW
SUMMARY: No illegal dumping is observed in the alleyway."
20260604T134116Z,DT_12th_and_Madison_4_20260602T191500.jpg,,,dataset_20260603_063335/DT_12th_and_Madison_4/DT_12th_and_Madison_4_20260602T191500.jpg,illegal_dumping,done,2026-06-04T13:50:22.454713+00:00,0.046,0.947,0.996,,nvidia/cosmos-reason2-8b,"DUMPING PRESENT: Yes
ORDINANCE VIOLATION: Yes
WASTE TYPE: mixed
WASTE VOLUME: small (pickup truck)
WASTE ORIGIN: residential
PROPERTY TYPE: alley
ADDRESS MARKERS: NONE
GUTTER/ALLEY: Yes
WATER PROXIMITY: No
CHRONIC SITE: No
VEHICLES: NONE
IDENTIFIERS: NONE
SEVERITY: 2
ORDINANCE: Sec-46-45
PRIORITY: MEDIUM
SUMMARY: Illegal dumping is present in the alley, violating Brownsville's property owner liability ordinance (Sec. 46-45)."
20260604T134116Z,DT_12th_and_Madison_4_20260602T193000.jpg,,,dataset_20260603_063335/DT_12th_and_Madison_4/DT_12th_and_Madison_4_20260602T193000.jpg,illegal_dumping,done,2026-06-04T13:50:22.759302+00:00,0.047,0.738,0.789,,nvidia/cosmos-reason2-8b,"DUMPING PRESENT: No
ORDINANCE VIOLATION: No
WASTE TYPE: mixed
WASTE VOLUME: small (pickup truck)
WASTE ORIGIN: residential
PROPERTY TYPE: alley
ADDRESS MARKERS: NONE
GUTTER/ALLEY: Yes
WATER PROXIMITY: No
CHRONIC SITE: No
VEHICLES: NONE
IDENTIFIERS: NONE
SEVERITY: 1
ORDINANCE: N/A
PRIORITY: LOW
SUMMARY: No illegal dumping detected in the alleyway; the area appears clean with no visible waste or debris."
20260604T134116Z,DT_12th_and_Madison_4_20260602T194500.jpg,,,dataset_20260603_063335/DT_12th_and_Madison_4/DT_12th_and_Madison_4_20260602T194500.jpg,illegal_dumping,done,2026-06-04T13:50:23.037879+00:00,0.048,0.746,0.797,,nvidia/cosmos-reason2-8b,"DUMPING PRESENT: Yes
ORDINANCE VIOLATION: Yes
WASTE TYPE: mixed
WASTE VOLUME: small (pickup truck)
WASTE ORIGIN: residential
PROPERTY TYPE: alley
ADDRESS MARKERS: NONE
GUTTER/ALLEY: Yes
WATER PROXIMITY: No
CHRONIC SITE: No
VEHICLES: NONE
IDENTIFIERS: NONE
SEVERITY: 1
ORDINANCE: Sec-46-45
PRIORITY: LOW
SUMMARY: A small pile of mixed waste is located in the alley, which is considered a minor violation under Sec-46-45.
"
20260604T134116Z,DT_12th_and_Madison_4_20260602T200000.jpg,,,dataset_20260603_063335/DT_12th_and_Madison_4/DT_12th_and_Madison_4_20260602T200000.jpg,illegal_dumping,done,2026-06-04T13:50:23.156331+00:00,0.047,0.799,0.848,,nvidia/cosmos-reason2-8b,"DUMPING PRESENT: Yes
ORDINANCE VIOLATION: Yes
WASTE TYPE: mixed
WASTE VOLUME: small (pickup truck)
WASTE ORIGIN: residential
PROPERTY TYPE: alley
ADDRESS MARKERS: NONE
GUTTER/ALLEY: Yes
WATER PROXIMITY: No
CHRONIC SITE: No
VEHICLES: NONE
IDENTIFIERS: NONE
SEVERITY: 1
ORDINANCE: Sec-46-45
PRIORITY: LOW
SUMMARY: Illegal dumping is present in the alley, violating Brownsville's ordinance on property owner liability for waste disposal.
"
20260604T134116Z,DT_12th_and_Madison_4_20260602T201500.jpg,,,dataset_20260603_063335/DT_12th_and_Madison_4/DT_12th_and_Madison_4_20260602T201500.jpg,illegal_dumping,done,2026-06-04T13:50:23.454067+00:00,0.046,0.803,0.853,,nvidia/cosmos-reason2-8b,"DUMPING PRESENT: Yes
ORDINANCE VIOLATION: Yes
WASTE TYPE: mixed
WASTE VOLUME: small (pickup truck)
WASTE ORIGIN: residential
PROPERTY TYPE: alley
ADDRESS MARKERS: NONE
GUTTER/ALLEY: Yes
WATER PROXIMITY: No
CHRONIC SITE: No
VEHICLES: NONE
IDENTIFIERS: NONE
SEVERITY: 2
ORDINANCE: Sec-46-45
PRIORITY: MEDIUM
SUMMARY: Illegal dumping of mixed waste is present in the alley, violating Brownsville's property owner liability ordinance.
"
20260604T134116Z,DT_12th_and_Madison_4_20260602T203000.jpg,,,dataset_20260603_063335/DT_12th_and_Madison_4/DT_12th_and_Madison_4_20260602T203000.jpg,illegal_dumping,done,2026-06-04T13:50:23.550302+00:00,0.049,0.813,0.865,,nvidia/cosmos-reason2-8b,"DUMPING PRESENT: Yes
ORDINANCE VIOLATION: Yes
WASTE TYPE: mixed
WASTE VOLUME: small (pickup truck)
WASTE ORIGIN: residential
PROPERTY TYPE: alley
ADDRESS MARKERS: NONE
GUTTER/ALLEY: Yes
WATER PROXIMITY: No
CHRONIC SITE: No
VEHICLES: NONE
IDENTIFIERS: NONE
SEVERITY: 2
ORDINANCE: Sec-46-45
PRIORITY: MEDIUM
SUMMARY: A small amount of mixed waste is illegally dumped in an alley, violating Brownsville's property owner liability ordinance.
"
20260604T134116Z,DT_12th_and_Madison_4_20260602T204500.jpg,,,dataset_20260603_063335/DT_12th_and_Madison_4/DT_12th_and_Madison_4_20260602T204500.jpg,illegal_dumping,done,2026-06-04T13:50:23.837791+00:00,0.052,0.64,0.696,,nvidia/cosmos-reason2-8b,"DUMPING PRESENT: No
ORDINANCE VIOLATION: No
WASTE TYPE: mixed
WASTE VOLUME: small (pickup truck)
WASTE ORIGIN: residential
PROPERTY TYPE: alley
ADDRESS MARKERS: NONE
GUTTER/ALLEY: Yes
WATER PROXIMITY: No
CHRONIC SITE: No
VEHICLES: NONE
IDENTIFIERS: NONE
SEVERITY: 1
ORDINANCE: N/A
PRIORITY: LOW
SUMMARY: No illegal dumping is observed in the alleyway."
20260604T134116Z,DT_12th_and_Madison_4_20260602T210000.jpg,,,dataset_20260603_063335/DT_12th_and_Madison_4/DT_12th_and_Madison_4_20260602T210000.jpg,illegal_dumping,done,2026-06-04T13:50:24.006903+00:00,0.04,0.893,0.936,,nvidia/cosmos-reason2-8b,"DUMPING PRESENT: Yes
ORDINANCE VIOLATION: Yes
WASTE TYPE: mixed
WASTE VOLUME: small (pickup truck)
WASTE ORIGIN: residential
PROPERTY TYPE: alley
ADDRESS MARKERS: NONE
GUTTER/ALLEY: Yes
WATER PROXIMITY: No
CHRONIC SITE: No
VEHICLES: NONE
IDENTIFIERS: NONE
SEVERITY: 2
ORDINANCE: Sec-46-45
PRIORITY: MEDIUM
SUMMARY: Illegal dumping is observed in the alley, with mixed waste scattered on the ground, violating Brownsville's property owner liability ordinance (Sec. 46-45).
"
20260604T134116Z,DT_12th_and_Madison_4_20260602T211500.jpg,,,dataset_20260603_063335/DT_12th_and_Madison_4/DT_12th_and_Madison_4_20260602T211500.jpg,illegal_dumping,done,2026-06-04T13:50:24.309489+00:00,0.047,0.791,0.841,,nvidia/cosmos-reason2-8b,"DUMPING PRESENT: Yes
ORDINANCE VIOLATION: Yes
WASTE TYPE: mixed
WASTE VOLUME: small (pickup truck)
WASTE ORIGIN: residential
PROPERTY TYPE: alley
ADDRESS MARKERS: NONE
GUTTER/ALLEY: Yes
WATER PROXIMITY: No
CHRONIC SITE: No
VEHICLES: NONE
IDENTIFIERS: NONE
SEVERITY: 2
ORDINANCE: Sec-46-45
PRIORITY: MEDIUM
SUMMARY: Illegal dumping is observed in the alley, violating Brownsville's ordinance, with waste scattered across the area.
"
20260604T134116Z,DT_12th_and_Madison_4_20260602T213000.jpg,,,dataset_20260603_063335/DT_12th_and_Madison_4/DT_12th_and_Madison_4_20260602T213000.jpg,illegal_dumping,done,2026-06-04T13:50:24.417522+00:00,0.052,0.792,0.847,,nvidia/cosmos-reason2-8b,"DUMPING PRESENT: No
ORDINANCE VIOLATION: No
WASTE TYPE: mixed
WASTE VOLUME: medium
WASTE ORIGIN: residential
PROPERTY TYPE: alley
ADDRESS MARKERS: NONE
GUTTER/ALLEY: Yes
WATER PROXIMITY: No
CHRONIC SITE: No
VEHICLES: NONE
IDENTIFIERS: NONE
SEVERITY: 1
ORDINANCE: N/A
PRIORITY: LOW
SUMMARY: No illegal dumping is observed in the alleyway."
20260604T134116Z,DT_12th_and_Madison_4_20260602T214500.jpg,,,dataset_20260603_063335/DT_12th_and_Madison_4/DT_12th_and_Madison_4_20260602T214500.jpg,illegal_dumping,done,2026-06-04T13:50:24.535576+00:00,0.04,0.882,0.925,,nvidia/cosmos-reason2-8b,"DUMPING PRESENT: Yes
ORDINANCE VIOLATION: Yes
WASTE TYPE: mixed
WASTE VOLUME: medium
WASTE ORIGIN: unknown
PROPERTY TYPE: alley
ADDRESS MARKERS: NONE
GUTTER/ALLEY: Yes
WATER PROXIMITY: No
CHRONIC SITE: No
VEHICLES: NONE
IDENTIFIERS: NONE
SEVERITY: 3
ORDINANCE: Sec-46-45
PRIORITY: MEDIUM
SUMMARY: Illegal dumping is present in the alley, violating Brownsville's property owner liability ordinance, with mixed waste scattered across the area."
20260604T134116Z,DT_12th_and_Madison_4_20260602T220000.jpg,,,dataset_20260603_063335/DT_12th_and_Madison_4/DT_12th_and_Madison_4_20260602T220000.jpg,illegal_dumping,done,2026-06-04T13:50:24.946057+00:00,0.05,0.654,0.707,,nvidia/cosmos-reason2-8b,"DUMPING PRESENT: No
ORDINANCE VIOLATION: No
WASTE TYPE: mixed
WASTE VOLUME: small (pickup truck)
WASTE ORIGIN: residential
PROPERTY TYPE: alley
ADDRESS MARKERS: NONE
GUTTER/ALLEY: Yes
WATER PROXIMITY: No
CHRONIC SITE: No
VEHICLES: NONE
IDENTIFIERS: NONE
SEVERITY: 1
ORDINANCE: N/A
PRIORITY: LOW
SUMMARY: No illegal dumping is observed in the alleyway; the scene appears clear with no visible waste or debris."
20260604T134116Z,DT_12th_and_Madison_4_20260602T221500.jpg,,,dataset_20260603_063335/DT_12th_and_Madison_4/DT_12th_and_Madison_4_20260602T221500.jpg,illegal_dumping,done,2026-06-04T13:50:25.153249+00:00,0.044,0.684,0.731,,nvidia/cosmos-reason2-8b,"DUMPING PRESENT: No
ORDINANCE VIOLATION: No
WASTE TYPE: mixed
WASTE VOLUME: small (pickup truck)
WASTE ORIGIN: residential
PROPERTY TYPE: alley
ADDRESS MARKERS: NONE
GUTTER/ALLEY: Yes
WATER PROXIMITY: No
CHRONIC SITE: No
VEHICLES: NONE
IDENTIFIERS: NONE
SEVERITY: 1
ORDINANCE: N/A
PRIORITY: LOW
SUMMARY: No illegal dumping detected in the alleyway; the scene appears clear with no visible waste or debris."
20260604T134116Z,DT_12th_and_Madison_4_20260602T223000.jpg,,,dataset_20260603_063335/DT_12th_and_Madison_4/DT_12th_and_Madison_4_20260602T223000.jpg,illegal_dumping,done,2026-06-04T13:50:25.267741+00:00,0.043,0.809,0.855,,nvidia/cosmos-reason2-8b,"DUMPING PRESENT: Yes
ORDINANCE VIOLATION: Yes
WASTE TYPE: mixed
WASTE VOLUME: medium
WASTE ORIGIN: residential
PROPERTY TYPE: alley
ADDRESS MARKERS: NONE
GUTTER/ALLEY: Yes
WATER PROXIMITY: No
CHRONIC SITE: No
VEHICLES: NONE
IDENTIFIERS: NONE
SEVERITY: 2
ORDINANCE: Sec-46-45
PRIORITY: MEDIUM
SUMMARY: Illegal dumping of mixed waste is observed in an alley, violating Brownsville's ordinance on property owner liability for waste disposal.
"
20260604T134116Z,DT_12th_and_Madison_4_20260602T224500.jpg,,,dataset_20260603_063335/DT_12th_and_Madison_4/DT_12th_and_Madison_4_20260602T224500.jpg,illegal_dumping,done,2026-06-04T13:50:25.463676+00:00,0.047,0.765,0.815,,nvidia/cosmos-reason2-8b,"DUMPING PRESENT: No
ORDINANCE VIOLATION: No
WASTE TYPE: mixed
WASTE VOLUME: small (pickup truck)
WASTE ORIGIN: residential
PROPERTY TYPE: alley
ADDRESS MARKERS: NONE
GUTTER/ALLEY: Yes
WATER PROXIMITY: No
CHRONIC SITE: No
VEHICLES: NONE
IDENTIFIERS: NONE
SEVERITY: 1
ORDINANCE: N/A
PRIORITY: LOW
SUMMARY: No illegal dumping is observed in the alleyway."
20260604T134116Z,DT_12th_and_Madison_4_20260602T230000.jpg,,,dataset_20260603_063335/DT_12th_and_Madison_4/DT_12th_and_Madison_4_20260602T230000.jpg,illegal_dumping,done,2026-06-04T13:50:25.655646+00:00,0.044,0.715,0.761,,nvidia/cosmos-reason2-8b,"DUMPING PRESENT: No
ORDINANCE VIOLATION: No
WASTE TYPE: mixed
WASTE VOLUME: small (pickup truck)
WASTE ORIGIN: residential
PROPERTY TYPE: alley
ADDRESS MARKERS: NONE
GUTTER/ALLEY: Yes
WATER PROXIMITY: No
CHRONIC SITE: No
VEHICLES: NONE
IDENTIFIERS: NONE
SEVERITY: 1
ORDINANCE: N/A
PRIORITY: LOW
SUMMARY: No illegal dumping is observed in the alleyway."
20260604T134116Z,DT_12th_and_Madison_4_20260602T231500.jpg,,,dataset_20260603_063335/DT_12th_and_Madison_4/DT_12th_and_Madison_4_20260602T231500.jpg,illegal_dumping,done,2026-06-04T13:50:25.886539+00:00,0.041,0.791,0.835,,nvidia/cosmos-reason2-8b,"DUMPING PRESENT: Yes
ORDINANCE VIOLATION: Yes
WASTE TYPE: mixed
WASTE VOLUME: small (pickup truck)
WASTE ORIGIN: residential
PROPERTY TYPE: alley
ADDRESS MARKERS: NONE
GUTTER/ALLEY: Yes
WATER PROXIMITY: No
CHRONIC SITE: No
VEHICLES: NONE
IDENTIFIERS: NONE
SEVERITY: 2
ORDINANCE: Sec-46-45
PRIORITY: MEDIUM
SUMMARY: Illegal dumping is observed in the alley, violating Brownsville's property owner liability ordinance (Sec. 46-45)."
20260604T134116Z,DT_12th_and_Madison_4_20260602T233000.jpg,,,dataset_20260603_063335/DT_12th_and_Madison_4/DT_12th_and_Madison_4_20260602T233000.jpg,illegal_dumping,done,2026-06-04T13:50:26.125154+00:00,0.04,0.649,0.692,,nvidia/cosmos-reason2-8b,"DUMPING PRESENT: No
ORDINANCE VIOLATION: No
WASTE TYPE: mixed
WASTE VOLUME: small (pickup truck)
WASTE ORIGIN: residential
PROPERTY TYPE: alley
ADDRESS MARKERS: NONE
GUTTER/ALLEY: Yes
WATER PROXIMITY: No
CHRONIC SITE: No
VEHICLES: NONE
IDENTIFIERS: NONE
SEVERITY: 1
ORDINANCE: N/A
PRIORITY: LOW
SUMMARY: No illegal dumping is observed in the alleyway."
20260604T134116Z,DT_12th_and_Madison_4_20260602T234500.jpg,,,dataset_20260603_063335/DT_12th_and_Madison_4/DT_12th_and_Madison_4_20260602T234500.jpg,illegal_dumping,done,2026-06-04T13:50:26.280992+00:00,0.041,0.741,0.784,,nvidia/cosmos-reason2-8b,"DUMPING PRESENT: No
ORDINANCE VIOLATION: No
WASTE TYPE: mixed
WASTE VOLUME: small (pickup truck)
WASTE ORIGIN: residential
PROPERTY TYPE: alley
ADDRESS MARKERS: NONE
GUTTER/ALLEY: Yes
WATER PROXIMITY: No
CHRONIC SITE: No
VEHICLES: NONE
IDENTIFIERS: NONE
SEVERITY: 1
ORDINANCE: N/A
PRIORITY: LOW
SUMMARY: No illegal dumping detected in the alleyway; no visible waste or debris on the ground."
20260604T134116Z,DT_14th_and_Madison_New_1_20260602T000000.jpg,,,dataset_20260603_063335/DT_14th_and_Madison_New_1/DT_14th_and_Madison_New_1_20260602T000000.jpg,illegal_dumping,done,2026-06-04T13:50:27.090680+00:00,0.17,1.058,1.245,,nvidia/cosmos-reason2-8b,"DUMPING PRESENT: Yes
ORDINANCE VIOLATION: Yes
WASTE TYPE: mixed
WASTE VOLUME: small (pickup truck)
WASTE ORIGIN: residential
PROPERTY TYPE: vacant-lot
ADDRESS MARKERS: NONE
GUTTER/ALLEY: No
WATER PROXIMITY: No
CHRONIC SITE: No
VEHICLES: NONE
IDENTIFIERS: NONE
SEVERITY: 2
ORDINANCE: Sec-46-45
PRIORITY: MEDIUM
SUMMARY: Illegal dumping is observed on a vacant lot, violating Brownsville's property owner liability ordinance (Sec. 46-45)."
20260604T134116Z,DT_14th_and_Madison_New_1_20260602T001500.jpg,,,dataset_20260603_063335/DT_14th_and_Madison_New_1/DT_14th_and_Madison_New_1_20260602T001500.jpg,illegal_dumping,done,2026-06-04T13:50:27.091312+00:00,0.171,1.188,1.376,,nvidia/cosmos-reason2-8b,"DUMPING PRESENT: Yes
ORDINANCE VIOLATION: Yes
WASTE TYPE: mixed
WASTE VOLUME: small (pickup truck)
WASTE ORIGIN: residential
PROPERTY TYPE: vacant-lot
ADDRESS MARKERS: NONE
GUTTER/ALLEY: Yes
WATER PROXIMITY: No
CHRONIC SITE: No
VEHICLES: NONE
IDENTIFIERS: NONE
SEVERITY: 2
ORDINANCE: Sec-46-45
PRIORITY: MEDIUM
SUMMARY: Illegal dumping is observed on a vacant lot, violating Brownsville's property owner liability ordinance (Sec. 46-45)."
20260604T134116Z,DT_14th_and_Madison_New_1_20260602T003000.jpg,,,dataset_20260603_063335/DT_14th_and_Madison_New_1/DT_14th_and_Madison_New_1_20260602T003000.jpg,illegal_dumping,done,2026-06-04T13:50:27.092326+00:00,0.171,1.302,1.49,,nvidia/cosmos-reason2-8b,"DUMPING PRESENT: Yes
ORDINANCE VIOLATION: Yes
WASTE TYPE: mixed
WASTE VOLUME: small (pickup truck)
WASTE ORIGIN: residential
PROPERTY TYPE: vacant-lot
ADDRESS MARKERS: NONE
GUTTER/ALLEY: Yes
WATER PROXIMITY: No
CHRONIC SITE: No
VEHICLES: NONE
IDENTIFIERS: NONE
SEVERITY: 2
ORDINANCE: Sec-46-45
PRIORITY: MEDIUM
SUMMARY: Illegal dumping of mixed waste is observed on a vacant lot adjacent to a residential property, violating property owner liability under Sec. 46-45.
"
20260604T134116Z,DT_14th_and_Madison_New_1_20260602T004500.jpg,,,dataset_20260603_063335/DT_14th_and_Madison_New_1/DT_14th_and_Madison_New_1_20260602T004500.jpg,illegal_dumping,done,2026-06-04T13:50:27.093152+00:00,0.171,1.252,1.438,,nvidia/cosmos-reason2-8b,"DUMPING PRESENT: No
ORDINANCE VIOLATION: No
WASTE TYPE: mixed
WASTE VOLUME: small (pickup truck)
WASTE ORIGIN: residential
PROPERTY TYPE: alley
ADDRESS MARKERS: NONE
GUTTER/ALLEY: Yes
WATER PROXIMITY: No
CHRONIC SITE: No
VEHICLES: NONE
IDENTIFIERS: NONE
SEVERITY: 1
ORDINANCE: N/A
PRIORITY: LOW
SUMMARY: No illegal dumping is observed in the alleyway; the area appears clean with no visible waste or debris."
20260604T134116Z,DT_14th_and_Madison_New_1_20260602T010000.jpg,,,dataset_20260603_063335/DT_14th_and_Madison_New_1/DT_14th_and_Madison_New_1_20260602T010000.jpg,illegal_dumping,done,2026-06-04T13:50:28.339434+00:00,0.052,1.531,1.587,,nvidia/cosmos-reason2-8b,"DUMPING PRESENT: Yes
ORDINANCE VIOLATION: Yes
WASTE TYPE: mixed
WASTE VOLUME: small (pickup truck)
WASTE ORIGIN: residential
PROPERTY TYPE: vacant-lot
ADDRESS MARKERS: NONE
GUTTER/ALLEY: Yes
WATER PROXIMITY: No
CHRONIC SITE: No
VEHICLES: NONE
IDENTIFIERS: NONE
SEVERITY: 2
ORDINANCE: Sec-46-45
PRIORITY: MEDIUM
SUMMARY: Illegal dumping is observed on a vacant lot, with mixed waste scattered across the area, violating property owner liability under Sec. 46-45.
"
20260604T134116Z,DT_14th_and_Madison_New_1_20260602T011500.jpg,,,dataset_20260603_063335/DT_14th_and_Madison_New_1/DT_14th_and_Madison_New_1_20260602T011500.jpg,illegal_dumping,done,2026-06-04T13:50:28.470066+00:00,0.045,1.549,1.597,,nvidia/cosmos-reason2-8b,"DUMPING PRESENT: No
ORDINANCE VIOLATION: No
WASTE TYPE: mixed
WASTE VOLUME: small (pickup truck)
WASTE ORIGIN: residential
PROPERTY TYPE: alley
ADDRESS MARKERS: NONE
GUTTER/ALLEY: Yes
WATER PROXIMITY: No
CHRONIC SITE: No
VEHICLES: NONE
IDENTIFIERS: NONE
SEVERITY: 1
ORDINANCE: N/A
PRIORITY: LOW
SUMMARY: No illegal dumping detected in the alley; the area appears clean with no visible waste or debris."
20260604T134116Z,DT_14th_and_Madison_New_1_20260602T013000.jpg,,,dataset_20260603_063335/DT_14th_and_Madison_New_1/DT_14th_and_Madison_New_1_20260602T013000.jpg,illegal_dumping,done,2026-06-04T13:50:28.534316+00:00,0.05,1.745,1.797,,nvidia/cosmos-reason2-8b,"DUMPING PRESENT: Yes
ORDINANCE VIOLATION: Yes
WASTE TYPE: mixed
WASTE VOLUME: small (pickup truck)
WASTE ORIGIN: residential
PROPERTY TYPE: alley
ADDRESS MARKERS: NONE
GUTTER/ALLEY: Yes
WATER PROXIMITY: No
CHRONIC SITE: No
VEHICLES: NONE
IDENTIFIERS: NONE
SEVERITY: 1
ORDINANCE: Sec-46-45
PRIORITY: LOW
SUMMARY: Mixed waste is illegally dumped in an alley, violating property owner liability under Sec. 46-45."
20260604T134116Z,DT_14th_and_Madison_New_1_20260602T014500.jpg,,,dataset_20260603_063335/DT_14th_and_Madison_New_1/DT_14th_and_Madison_New_1_20260602T014500.jpg,illegal_dumping,done,2026-06-04T13:50:28.584998+00:00,0.044,1.516,1.562,,nvidia/cosmos-reason2-8b,"DUMPING PRESENT: Yes
ORDINANCE VIOLATION: Yes
WASTE TYPE: mixed
WASTE VOLUME: small (pickup truck)
WASTE ORIGIN: residential
PROPERTY TYPE: alley
ADDRESS MARKERS: NONE
GUTTER/ALLEY: Yes
WATER PROXIMITY: No
CHRONIC SITE: No
VEHICLES: NONE
IDENTIFIERS: NONE
SEVERITY: 1
ORDINANCE: Sec-46-45
PRIORITY: LOW
SUMMARY: Illegal dumping is present in the alley, violating Brownsville's ordinance on property owner liability for waste disposal."
20260604T134116Z,DT_14th_and_Madison_New_1_20260602T020000.jpg,,,dataset_20260603_063335/DT_14th_and_Madison_New_1/DT_14th_and_Madison_New_1_20260602T020000.jpg,illegal_dumping,done,2026-06-04T13:50:29.930077+00:00,0.06,0.845,0.908,,nvidia/cosmos-reason2-8b,"DUMPING PRESENT: Yes
ORDINANCE VIOLATION: Yes
WASTE TYPE: mixed
WASTE VOLUME: small (pickup truck)
WASTE ORIGIN: residential
PROPERTY TYPE: alley
ADDRESS MARKERS: NONE
GUTTER/ALLEY: Yes
WATER PROXIMITY: No
CHRONIC SITE: No
VEHICLES: NONE
IDENTIFIERS: NONE
SEVERITY: 2
ORDINANCE: Sec-46-45
PRIORITY: MEDIUM
SUMMARY: Illegal dumping of mixed waste is observed in the alley, violating Brownsville's property owner liability ordinance (Sec. 46-45)."
20260604T134116Z,DT_14th_and_Madison_New_1_20260602T021500.jpg,,,dataset_20260603_063335/DT_14th_and_Madison_New_1/DT_14th_and_Madison_New_1_20260602T021500.jpg,illegal_dumping,done,2026-06-04T13:50:30.069136+00:00,0.047,1.112,1.161,,nvidia/cosmos-reason2-8b,"DUMPING PRESENT: Yes
ORDINANCE VIOLATION: Yes
WASTE TYPE: mixed
WASTE VOLUME: small (pickup truck)
WASTE ORIGIN: residential
PROPERTY TYPE: alley
ADDRESS MARKERS: NONE
GUTTER/ALLEY: Yes
WATER PROXIMITY: No
CHRONIC SITE: No
VEHICLES: NONE
IDENTIFIERS: NONE
SEVERITY: 2
ORDINANCE: Sec-46-45
PRIORITY: MEDIUM
SUMMARY: Illegal dumping is observed in the alley, with mixed waste scattered on the ground, violating property owner liability under Sec-46-45.
"
20260604T134116Z,DT_14th_and_Madison_New_1_20260602T023000.jpg,,,dataset_20260603_063335/DT_14th_and_Madison_New_1/DT_14th_and_Madison_New_1_20260602T023000.jpg,illegal_dumping,done,2026-06-04T13:50:30.150191+00:00,0.045,1.089,1.137,,nvidia/cosmos-reason2-8b,"DUMPING PRESENT: Yes
ORDINANCE VIOLATION: Yes
WASTE TYPE: mixed
WASTE VOLUME: small (pickup truck)
WASTE ORIGIN: residential
PROPERTY TYPE: vacant-lot
ADDRESS MARKERS: NONE
GUTTER/ALLEY: No
WATER PROXIMITY: No
CHRONIC SITE: No
VEHICLES: NONE
IDENTIFIERS: NONE
SEVERITY: 3
ORDINANCE: Sec-46-45
PRIORITY: MEDIUM
SUMMARY: Illegal dumping of mixed waste is observed on a vacant lot, violating Brownsville's property owner liability ordinance.
"
20260604T134116Z,DT_14th_and_Madison_New_1_20260602T024500.jpg,,,dataset_20260603_063335/DT_14th_and_Madison_New_1/DT_14th_and_Madison_New_1_20260602T024500.jpg,illegal_dumping,done,2026-06-04T13:50:30.333412+00:00,0.052,0.986,1.041,,nvidia/cosmos-reason2-8b,"DUMPING PRESENT: Yes
ORDINANCE VIOLATION: Yes
WASTE TYPE: mixed
WASTE VOLUME: small (pickup truck)
WASTE ORIGIN: residential
PROPERTY TYPE: alley
ADDRESS MARKERS: NONE
GUTTER/ALLEY: Yes
WATER PROXIMITY: No
CHRONIC SITE: No
VEHICLES: NONE
IDENTIFIERS: NONE
SEVERITY: 1
ORDINANCE: Sec-46-45
PRIORITY: LOW
SUMMARY: Mixed waste is illegally dumped in the alley, violating property owner liability under Sec. 46-45.
"
20260604T134116Z,DT_14th_and_Madison_New_1_20260602T030000.jpg,,,dataset_20260603_063335/DT_14th_and_Madison_New_1/DT_14th_and_Madison_New_1_20260602T030000.jpg,illegal_dumping,done,2026-06-04T13:50:30.841277+00:00,0.049,0.733,0.786,,nvidia/cosmos-reason2-8b,"DUMPING PRESENT: Yes
ORDINANCE VIOLATION: Yes
WASTE TYPE: mixed
WASTE VOLUME: small (pickup truck)
WASTE ORIGIN: residential
PROPERTY TYPE: alley
ADDRESS MARKERS: NONE
GUTTER/ALLEY: Yes
WATER PROXIMITY: No
CHRONIC SITE: No
VEHICLES: NONE
IDENTIFIERS: NONE
SEVERITY: 2
ORDINANCE: Sec-46-45
PRIORITY: MEDIUM
SUMMARY: Illegal dumping of mixed waste is observed in the alley, violating Brownsville's property owner liability ordinance.
"
20260604T134116Z,DT_14th_and_Madison_New_1_20260602T031500.jpg,,,dataset_20260603_063335/DT_14th_and_Madison_New_1/DT_14th_and_Madison_New_1_20260602T031500.jpg,illegal_dumping,done,2026-06-04T13:50:31.233382+00:00,0.055,0.832,0.889,,nvidia/cosmos-reason2-8b,"DUMPING PRESENT: No
ORDINANCE VIOLATION: No
WASTE TYPE: mixed
WASTE VOLUME: small (pickup truck)
WASTE ORIGIN: residential
PROPERTY TYPE: alley
ADDRESS MARKERS: NONE
GUTTER/ALLEY: Yes
WATER PROXIMITY: No
CHRONIC SITE: No
VEHICLES: NONE
IDENTIFIERS: NONE
SEVERITY: 1
ORDINANCE: N/A
PRIORITY: LOW
SUMMARY: No illegal dumping detected in the alleyway; the area appears clean with no visible waste or debris."
20260604T134116Z,DT_14th_and_Madison_New_1_20260602T033000.jpg,,,dataset_20260603_063335/DT_14th_and_Madison_New_1/DT_14th_and_Madison_New_1_20260602T033000.jpg,illegal_dumping,done,2026-06-04T13:50:31.289884+00:00,0.045,0.83,0.878,,nvidia/cosmos-reason2-8b,"DUMPING PRESENT: No
ORDINANCE VIOLATION: No
WASTE TYPE: mixed
WASTE VOLUME: small (pickup truck)
WASTE ORIGIN: residential
PROPERTY TYPE: vacant-lot
ADDRESS MARKERS: NONE
GUTTER/ALLEY: No
WATER PROXIMITY: No
CHRONIC SITE: No
VEHICLES: NONE
IDENTIFIERS: NONE
SEVERITY: 1
ORDINANCE: N/A
PRIORITY: LOW
SUMMARY: No illegal dumping is observed in the scene."
20260604T134116Z,DT_14th_and_Madison_New_1_20260602T034500.jpg,,,dataset_20260603_063335/DT_14th_and_Madison_New_1/DT_14th_and_Madison_New_1_20260602T034500.jpg,illegal_dumping,done,2026-06-04T13:50:31.377088+00:00,0.051,1.043,1.107,,nvidia/cosmos-reason2-8b,"DUMPING PRESENT: Yes
ORDINANCE VIOLATION: Yes
WASTE TYPE: mixed
WASTE VOLUME: small (pickup truck)
WASTE ORIGIN: residential
PROPERTY TYPE: vacant-lot
ADDRESS MARKERS: NONE
GUTTER/ALLEY: Yes
WATER PROXIMITY: No
CHRONIC SITE: No
VEHICLES: NONE
IDENTIFIERS: NONE
SEVERITY: 2
ORDINANCE: Sec-46-45
PRIORITY: MEDIUM
SUMMARY: Illegal dumping of mixed waste is observed on a vacant lot, violating Brownsville's property owner liability ordinance.
"
20260604T134116Z,DT_14th_and_Madison_New_1_20260602T040000.jpg,,,dataset_20260603_063335/DT_14th_and_Madison_New_1/DT_14th_and_Madison_New_1_20260602T040000.jpg,illegal_dumping,done,2026-06-04T13:50:31.629998+00:00,0.05,0.908,0.961,,nvidia/cosmos-reason2-8b,"DUMPING PRESENT: Yes
ORDINANCE VIOLATION: Yes
WASTE TYPE: mixed
WASTE VOLUME: small (pickup truck)
WASTE ORIGIN: residential
PROPERTY TYPE: alley
ADDRESS MARKERS: NONE
GUTTER/ALLEY: Yes
WATER PROXIMITY: No
CHRONIC SITE: No
VEHICLES: NONE
IDENTIFIERS: NONE
SEVERITY: 2
ORDINANCE: Sec-46-45
PRIORITY: MEDIUM
SUMMARY: Mixed waste is illegally dumped in an alley, violating property owner liability under Sec. 46-45.
"
20260604T134116Z,DT_14th_and_Madison_New_1_20260602T041500.jpg,,,dataset_20260603_063335/DT_14th_and_Madison_New_1/DT_14th_and_Madison_New_1_20260602T041500.jpg,illegal_dumping,done,2026-06-04T13:50:32.125530+00:00,0.043,0.853,0.9,,nvidia/cosmos-reason2-8b,"DUMPING PRESENT: Yes
ORDINANCE VIOLATION: Yes
WASTE TYPE: mixed
WASTE VOLUME: small (pickup truck)
WASTE ORIGIN: residential
PROPERTY TYPE: alley
ADDRESS MARKERS: NONE
GUTTER/ALLEY: Yes
WATER PROXIMITY: No
CHRONIC SITE: No
VEHICLES: NONE
IDENTIFIERS: NONE
SEVERITY: 1
ORDINANCE: Sec-46-45
PRIORITY: LOW
SUMMARY: Mixed waste is illegally dumped in an alleyway, violating property owner liability under Sec. 46-45.
"
20260604T134116Z,DT_14th_and_Madison_New_1_20260602T043000.jpg,,,dataset_20260603_063335/DT_14th_and_Madison_New_1/DT_14th_and_Madison_New_1_20260602T043000.jpg,illegal_dumping,done,2026-06-04T13:50:32.170435+00:00,0.051,0.964,1.018,,nvidia/cosmos-reason2-8b,"DUMPING PRESENT: Yes
ORDINANCE VIOLATION: Yes
WASTE TYPE: mixed
WASTE VOLUME: small (pickup truck)
WASTE ORIGIN: residential
PROPERTY TYPE: alley
ADDRESS MARKERS: NONE
GUTTER/ALLEY: Yes
WATER PROXIMITY: No
CHRONIC SITE: No
VEHICLES: NONE
IDENTIFIERS: NONE
SEVERITY: 2
ORDINANCE: Sec-46-45
PRIORITY: MEDIUM
SUMMARY: Illegal dumping of mixed waste is observed in an alley, violating Brownsville's property owner liability ordinance.
"
20260604T134116Z,DT_14th_and_Madison_New_1_20260602T044500.jpg,,,dataset_20260603_063335/DT_14th_and_Madison_New_1/DT_14th_and_Madison_New_1_20260602T044500.jpg,illegal_dumping,done,2026-06-04T13:50:32.487000+00:00,0.05,0.837,0.889,,nvidia/cosmos-reason2-8b,"DUMPING PRESENT: Yes
ORDINANCE VIOLATION: Yes
WASTE TYPE: mixed
WASTE VOLUME: small (pickup truck)
WASTE ORIGIN: residential
PROPERTY TYPE: vacant-lot
ADDRESS MARKERS: NONE
GUTTER/ALLEY: No
WATER PROXIMITY: No
CHRONIC SITE: No
VEHICLES: NONE
IDENTIFIERS: NONE
SEVERITY: 2
ORDINANCE: Sec-46-45
PRIORITY: MEDIUM
SUMMARY: Illegal dumping of mixed waste is present on a vacant lot, violating Brownsville's property owner liability ordinance (Sec. 46-45)."
20260604T134116Z,DT_14th_and_Madison_New_1_20260602T050000.jpg,,,dataset_20260603_063335/DT_14th_and_Madison_New_1/DT_14th_and_Madison_New_1_20260602T050000.jpg,illegal_dumping,done,2026-06-04T13:50:32.607975+00:00,0.046,0.962,1.01,,nvidia/cosmos-reason2-8b,"DUMPING PRESENT: Yes
ORDINANCE VIOLATION: Yes
WASTE TYPE: mixed
WASTE VOLUME: small (pickup truck)
WASTE ORIGIN: residential
PROPERTY TYPE: vacant-lot
ADDRESS MARKERS: NONE
GUTTER/ALLEY: No
WATER PROXIMITY: No
CHRONIC SITE: No
VEHICLES: NONE
IDENTIFIERS: NONE
SEVERITY: 3
ORDINANCE: Sec-46-45
PRIORITY: MEDIUM
SUMMARY: Illegal dumping is present on a vacant lot, violating property owner liability under Sec. 46-45, with mixed waste visible on the ground.
"
20260604T134116Z,DT_14th_and_Madison_New_1_20260602T051500.jpg,,,dataset_20260603_063335/DT_14th_and_Madison_New_1/DT_14th_and_Madison_New_1_20260602T051500.jpg,illegal_dumping,done,2026-06-04T13:50:33.027799+00:00,0.05,0.673,0.726,,nvidia/cosmos-reason2-8b,"DUMPING PRESENT: No
ORDINANCE VIOLATION: No
WASTE TYPE: mixed
WASTE VOLUME: small (pickup truck)
WASTE ORIGIN: residential
PROPERTY TYPE: alley
ADDRESS MARKERS: NONE
GUTTER/ALLEY: Yes
WATER PROXIMITY: No
CHRONIC SITE: No
VEHICLES: NONE
IDENTIFIERS: NONE
SEVERITY: 1
ORDINANCE: N/A
PRIORITY: LOW
SUMMARY: No illegal dumping detected in the alleyway; the area appears clean with no visible waste or debris."
20260604T134116Z,DT_14th_and_Madison_New_1_20260602T053000.jpg,,,dataset_20260603_063335/DT_14th_and_Madison_New_1/DT_14th_and_Madison_New_1_20260602T053000.jpg,illegal_dumping,done,2026-06-04T13:50:33.190712+00:00,0.036,0.725,0.764,,nvidia/cosmos-reason2-8b,"DUMPING PRESENT: No
ORDINANCE VIOLATION: No
WASTE TYPE: mixed
WASTE VOLUME: small (pickup truck)
WASTE ORIGIN: residential
PROPERTY TYPE: alley
ADDRESS MARKERS: NONE
GUTTER/ALLEY: Yes
WATER PROXIMITY: No
CHRONIC SITE: No
VEHICLES: NONE
IDENTIFIERS: NONE
SEVERITY: 1
ORDINANCE: N/A
PRIORITY: LOW
SUMMARY: No illegal dumping detected in the alleyway; the area appears clean with no visible waste or debris."
20260604T134116Z,DT_14th_and_Madison_New_1_20260602T054500.jpg,,,dataset_20260603_063335/DT_14th_and_Madison_New_1/DT_14th_and_Madison_New_1_20260602T054500.jpg,illegal_dumping,done,2026-06-04T13:50:33.379082+00:00,0.044,0.76,0.806,,nvidia/cosmos-reason2-8b,"DUMPING PRESENT: Yes
ORDINANCE VIOLATION: Yes
WASTE TYPE: mixed
WASTE VOLUME: small (pickup truck)
WASTE ORIGIN: residential
PROPERTY TYPE: alley
ADDRESS MARKERS: NONE
GUTTER/ALLEY: Yes
WATER PROXIMITY: No
CHRONIC SITE: No
VEHICLES: NONE
IDENTIFIERS: NONE
SEVERITY: 2
ORDINANCE: Sec-46-45
PRIORITY: MEDIUM
SUMMARY: Illegal dumping of mixed waste is observed in an alley, violating Brownsville's property owner liability ordinance.
"
20260604T134116Z,DT_14th_and_Madison_New_1_20260602T060000.jpg,,,dataset_20260603_063335/DT_14th_and_Madison_New_1/DT_14th_and_Madison_New_1_20260602T060000.jpg,illegal_dumping,done,2026-06-04T13:50:33.620506+00:00,0.041,0.819,0.862,,nvidia/cosmos-reason2-8b,"DUMPING PRESENT: Yes
ORDINANCE VIOLATION: Yes
WASTE TYPE: mixed
WASTE VOLUME: small (pickup truck)
WASTE ORIGIN: residential
PROPERTY TYPE: vacant-lot
ADDRESS MARKERS: NONE
GUTTER/ALLEY: No
WATER PROXIMITY: No
CHRONIC SITE: No
VEHICLES: NONE
IDENTIFIERS: NONE
SEVERITY: 2
ORDINANCE: Sec-46-45
PRIORITY: MEDIUM
SUMMARY: Illegal dumping of mixed waste is observed on a vacant lot, violating Brownsville's property owner liability ordinance (Sec. 46-45)."
20260604T134116Z,DT_14th_and_Madison_New_1_20260602T061500.jpg,,,dataset_20260603_063335/DT_14th_and_Madison_New_1/DT_14th_and_Madison_New_1_20260602T061500.jpg,illegal_dumping,done,2026-06-04T13:50:33.755615+00:00,0.047,0.854,0.903,,nvidia/cosmos-reason2-8b,"DUMPING PRESENT: Yes
ORDINANCE VIOLATION: Yes
WASTE TYPE: mixed
WASTE VOLUME: small (pickup truck)
WASTE ORIGIN: residential
PROPERTY TYPE: vacant-lot
ADDRESS MARKERS: NONE
GUTTER/ALLEY: No
WATER PROXIMITY: No
CHRONIC SITE: No
VEHICLES: NONE
IDENTIFIERS: NONE
SEVERITY: 2
ORDINANCE: Sec-46-45
PRIORITY: MEDIUM
SUMMARY: Illegal dumping is observed on a vacant lot, violating Brownsville's property owner liability ordinance, with mixed waste scattered across the area.
"
20260604T134116Z,DT_14th_and_Madison_New_1_20260602T063000.jpg,,,dataset_20260603_063335/DT_14th_and_Madison_New_1/DT_14th_and_Madison_New_1_20260602T063000.jpg,illegal_dumping,done,2026-06-04T13:50:33.957984+00:00,0.048,0.778,0.829,,nvidia/cosmos-reason2-8b,"DUMPING PRESENT: Yes
ORDINANCE VIOLATION: Yes
WASTE TYPE: mixed
WASTE VOLUME: small (pickup truck)
WASTE ORIGIN: residential
PROPERTY TYPE: vacant-lot
ADDRESS MARKERS: NONE
GUTTER/ALLEY: No
WATER PROXIMITY: No
CHRONIC SITE: No
VEHICLES: NONE
IDENTIFIERS: NONE
SEVERITY: 2
ORDINANCE: Sec-46-45
PRIORITY: MEDIUM
SUMMARY: Illegal dumping is observed on a vacant lot, with mixed waste scattered across the area, violating property owner liability under Sec-46-45.
"
20260604T134116Z,DT_14th_and_Madison_New_1_20260602T064500.jpg,,,dataset_20260603_063335/DT_14th_and_Madison_New_1/DT_14th_and_Madison_New_1_20260602T064500.jpg,illegal_dumping,done,2026-06-04T13:50:34.188074+00:00,0.045,0.902,0.949,,nvidia/cosmos-reason2-8b,"DUMPING PRESENT: Yes
ORDINANCE VIOLATION: Yes
WASTE TYPE: mixed
WASTE VOLUME: small (pickup truck)
WASTE ORIGIN: residential
PROPERTY TYPE: vacant-lot
ADDRESS MARKERS: NONE
GUTTER/ALLEY: No
WATER PROXIMITY: No
CHRONIC SITE: No
VEHICLES: NONE
IDENTIFIERS: NONE
SEVERITY: 2
ORDINANCE: Sec-46-45
PRIORITY: MEDIUM
SUMMARY: Illegal dumping is present on a vacant lot, violating Brownsville's property owner liability ordinance (Sec. 46-45).
"
20260604T134116Z,DT_14th_and_Madison_New_1_20260602T070000.jpg,,,dataset_20260603_063335/DT_14th_and_Madison_New_1/DT_14th_and_Madison_New_1_20260602T070000.jpg,illegal_dumping,done,2026-06-04T13:50:34.484885+00:00,0.049,0.737,0.79,,nvidia/cosmos-reason2-8b,"DUMPING PRESENT: Yes
ORDINANCE VIOLATION: Yes
WASTE TYPE: mixed
WASTE VOLUME: small (pickup truck)
WASTE ORIGIN: residential
PROPERTY TYPE: vacant-lot
ADDRESS MARKERS: NONE
GUTTER/ALLEY: No
WATER PROXIMITY: No
CHRONIC SITE: No
VEHICLES: NONE
IDENTIFIERS: NONE
SEVERITY: 2
ORDINANCE: Sec-46-45
PRIORITY: MEDIUM
SUMMARY: Illegal dumping of mixed waste is observed on a vacant lot, violating Brownsville's property owner liability ordinance.
"
20260604T134116Z,DT_14th_and_Madison_New_1_20260602T071500.jpg,,,dataset_20260603_063335/DT_14th_and_Madison_New_1/DT_14th_and_Madison_New_1_20260602T071500.jpg,illegal_dumping,done,2026-06-04T13:50:34.662413+00:00,0.047,0.878,0.929,,nvidia/cosmos-reason2-8b,"DUMPING PRESENT: Yes
ORDINANCE VIOLATION: Yes
WASTE TYPE: mixed
WASTE VOLUME: small (pickup truck)
WASTE ORIGIN: residential
PROPERTY TYPE: vacant-lot
ADDRESS MARKERS: NONE
GUTTER/ALLEY: No
WATER PROXIMITY: No
CHRONIC SITE: No
VEHICLES: NONE
IDENTIFIERS: NONE
SEVERITY: 2
ORDINANCE: Sec-46-45
PRIORITY: MEDIUM
SUMMARY: Illegal dumping of mixed waste is observed on a vacant lot, violating Brownsville's property owner liability ordinance (Sec. 46-45)."
20260604T134116Z,DT_14th_and_Madison_New_1_20260602T073000.jpg,,,dataset_20260603_063335/DT_14th_and_Madison_New_1/DT_14th_and_Madison_New_1_20260602T073000.jpg,illegal_dumping,done,2026-06-04T13:50:34.789271+00:00,0.045,0.773,0.821,,nvidia/cosmos-reason2-8b,"DUMPING PRESENT: No
ORDINANCE VIOLATION: No
WASTE TYPE: mixed
WASTE VOLUME: small (pickup truck)
WASTE ORIGIN: residential
PROPERTY TYPE: occupied-private
ADDRESS MARKERS: NONE
GUTTER/ALLEY: No
WATER PROXIMITY: No
CHRONIC SITE: No
VEHICLES: NONE
IDENTIFIERS: NONE
SEVERITY: 1
ORDINANCE: N/A
PRIORITY: LOW
SUMMARY: No illegal dumping detected; the scene shows a mix of household and construction debris on a residential property without any visible violations of local ordinances."
20260604T134116Z,DT_14th_and_Madison_New_1_20260602T074500.jpg,,,dataset_20260603_063335/DT_14th_and_Madison_New_1/DT_14th_and_Madison_New_1_20260602T074500.jpg,illegal_dumping,done,2026-06-04T13:50:35.141331+00:00,0.046,0.773,0.822,,nvidia/cosmos-reason2-8b,"DUMPING PRESENT: Yes
ORDINANCE VIOLATION: Yes
WASTE TYPE: mixed
WASTE VOLUME: small (pickup truck)
WASTE ORIGIN: residential
PROPERTY TYPE: vacant-lot
ADDRESS MARKERS: NONE
GUTTER/ALLEY: No
WATER PROXIMITY: No
CHRONIC SITE: No
VEHICLES: NONE
IDENTIFIERS: NONE
SEVERITY: 2
ORDINANCE: Sec-46-45
PRIORITY: MEDIUM
SUMMARY: Illegal dumping is observed on a vacant lot, with mixed waste scattered across the area, violating property owner liability under Sec. 46-45.
"
20260604T134116Z,DT_14th_and_Madison_New_1_20260602T080000.jpg,,,dataset_20260603_063335/DT_14th_and_Madison_New_1/DT_14th_and_Madison_New_1_20260602T080000.jpg,illegal_dumping,done,2026-06-04T13:50:35.277613+00:00,0.051,0.903,0.961,,nvidia/cosmos-reason2-8b,"DUMPING PRESENT: Yes
ORDINANCE VIOLATION: Yes
WASTE TYPE: mixed
WASTE VOLUME: small (pickup truck)
WASTE ORIGIN: residential
PROPERTY TYPE: vacant-lot
ADDRESS MARKERS: NONE
GUTTER/ALLEY: No
WATER PROXIMITY: No
CHRONIC SITE: No
VEHICLES: NONE
IDENTIFIERS: <individuals>
SEVERITY: 2
ORDINANCE: Sec-46-45
PRIORITY: MEDIUM
SUMMARY: A person is standing near a pile of mixed waste on a vacant lot, which is an illegal dumping violation under Sec-46-45.
"
20260604T134116Z,DT_14th_and_Madison_New_1_20260602T081500.jpg,,,dataset_20260603_063335/DT_14th_and_Madison_New_1/DT_14th_and_Madison_New_1_20260602T081500.jpg,illegal_dumping,done,2026-06-04T13:50:35.593768+00:00,0.045,0.906,0.966,,nvidia/cosmos-reason2-8b,"DUMPING PRESENT: No
ORDINANCE VIOLATION: No
WASTE TYPE: mixed
WASTE VOLUME: small (pickup truck)
WASTE ORIGIN: residential
PROPERTY TYPE: occupied-private
ADDRESS MARKERS: NONE
GUTTER/ALLEY: No
WATER PROXIMITY: No
CHRONIC SITE: No
VEHICLES: NONE
IDENTIFIERS: NONE
SEVERITY: 1
ORDINANCE: N/A
PRIORITY: LOW
SUMMARY: No illegal dumping detected in the video."
20260604T134116Z,DT_14th_and_Madison_New_1_20260602T083000.jpg,,,dataset_20260603_063335/DT_14th_and_Madison_New_1/DT_14th_and_Madison_New_1_20260602T083000.jpg,illegal_dumping,done,2026-06-04T13:50:35.650667+00:00,0.048,0.758,0.809,,nvidia/cosmos-reason2-8b,"DUMPING PRESENT: No
ORDINANCE VIOLATION: No
WASTE TYPE: mixed
WASTE VOLUME: small (pickup truck)
WASTE ORIGIN: residential
PROPERTY TYPE: occupied-private
ADDRESS MARKERS: <NONE>
GUTTER/ALLEY: No
WATER PROXIMITY: No
CHRONIC SITE: No
VEHICLES: <NONE>
IDENTIFIERS: <NONE>
SEVERITY: 1
ORDINANCE: N/A
PRIORITY: LOW
SUMMARY: No illegal dumping detected in the video."
20260604T134116Z,DT_14th_and_Madison_New_1_20260602T084500.jpg,,,dataset_20260603_063335/DT_14th_and_Madison_New_1/DT_14th_and_Madison_New_1_20260602T084500.jpg,illegal_dumping,done,2026-06-04T13:50:35.965695+00:00,0.049,0.842,0.896,,nvidia/cosmos-reason2-8b,"DUMPING PRESENT: Yes
ORDINANCE VIOLATION: Yes
WASTE TYPE: mixed
WASTE VOLUME: small (pickup truck)
WASTE ORIGIN: residential
PROPERTY TYPE: vacant-lot
ADDRESS MARKERS: NONE
GUTTER/ALLEY: No
WATER PROXIMITY: No
CHRONIC SITE: No
VEHICLES: NONE
IDENTIFIERS: NONE
SEVERITY: 1
ORDINANCE: Sec-46-45
PRIORITY: LOW
SUMMARY: Illegal dumping is present on a vacant lot, violating Brownsville's property owner liability ordinance (Sec. 46-45)."
20260604T134116Z,DT_14th_and_Madison_New_1_20260602T090000.jpg,,,dataset_20260603_063335/DT_14th_and_Madison_New_1/DT_14th_and_Madison_New_1_20260602T090000.jpg,illegal_dumping,done,2026-06-04T13:50:36.241612+00:00,0.042,0.782,0.827,,nvidia/cosmos-reason2-8b,"DUMPING PRESENT: Yes
ORDINANCE VIOLATION: Yes
WASTE TYPE: mixed
WASTE VOLUME: small (pickup truck)
WASTE ORIGIN: residential
PROPERTY TYPE: vacant-lot
ADDRESS MARKERS: NONE
GUTTER/ALLEY: No
WATER PROXIMITY: No
CHRONIC SITE: No
VEHICLES: NONE
IDENTIFIERS: NONE
SEVERITY: 2
ORDINANCE: Sec-46-45
PRIORITY: MEDIUM
SUMMARY: Illegal dumping is observed on a vacant lot, violating Brownsville's property owner liability ordinance (Sec. 46-45)."
20260604T134116Z,DT_14th_and_Madison_New_1_20260602T091500.jpg,,,dataset_20260603_063335/DT_14th_and_Madison_New_1/DT_14th_and_Madison_New_1_20260602T091500.jpg,illegal_dumping,done,2026-06-04T13:50:36.461831+00:00,0.039,0.928,0.97,,nvidia/cosmos-reason2-8b,"DUMPING PRESENT: Yes
ORDINANCE VIOLATION: Yes
WASTE TYPE: mixed
WASTE VOLUME: small (pickup truck)
WASTE ORIGIN: residential
PROPERTY TYPE: vacant-lot
ADDRESS MARKERS: NONE
GUTTER/ALLEY: No
WATER PROXIMITY: No
CHRONIC SITE: No
VEHICLES: NONE
IDENTIFIERS: NONE
SEVERITY: 3
ORDINANCE: Sec-46-45
PRIORITY: MEDIUM
SUMMARY: Illegal dumping of mixed waste is present on a vacant lot, violating property owner liability under Sec. 46-45.
"
20260604T134116Z,DT_14th_and_Madison_New_1_20260602T093000.jpg,,,dataset_20260603_063335/DT_14th_and_Madison_New_1/DT_14th_and_Madison_New_1_20260602T093000.jpg,illegal_dumping,done,2026-06-04T13:50:36.562623+00:00,0.041,0.932,0.977,,nvidia/cosmos-reason2-8b,"DUMPING PRESENT: Yes
ORDINANCE VIOLATION: Yes
WASTE TYPE: mixed
WASTE VOLUME: small (pickup truck)
WASTE ORIGIN: residential
PROPERTY TYPE: vacant-lot
ADDRESS MARKERS: NONE
GUTTER/ALLEY: No
WATER PROXIMITY: No
CHRONIC SITE: No
VEHICLES: NONE
IDENTIFIERS: NONE
SEVERITY: 2
ORDINANCE: Sec-46-45
PRIORITY: MEDIUM
SUMMARY: Illegal dumping is present on a vacant lot, violating Brownsville's property owner liability ordinance (Sec. 46-45). Mixed waste is visible, and the property is unoccupied, indicating potential neglect."
20260604T134116Z,DT_14th_and_Madison_New_1_20260602T094500.jpg,,,dataset_20260603_063335/DT_14th_and_Madison_New_1/DT_14th_and_Madison_New_1_20260602T094500.jpg,illegal_dumping,done,2026-06-04T13:50:36.864253+00:00,0.042,0.774,0.819,,nvidia/cosmos-reason2-8b,"DUMPING PRESENT: Yes
ORDINANCE VIOLATION: Yes
WASTE TYPE: mixed
WASTE VOLUME: small (pickup truck)
WASTE ORIGIN: residential
PROPERTY TYPE: vacant-lot
ADDRESS MARKERS: NONE
GUTTER/ALLEY: No
WATER PROXIMITY: No
CHRONIC SITE: No
VEHICLES: NONE
IDENTIFIERS: NONE
SEVERITY: 2
ORDINANCE: Sec-46-45
PRIORITY: MEDIUM
SUMMARY: Illegal dumping of mixed waste is observed on a vacant lot, violating Brownsville's property owner liability ordinance (Sec. 46-45).
"
20260604T134116Z,DT_14th_and_Madison_New_1_20260602T100000.jpg,,,dataset_20260603_063335/DT_14th_and_Madison_New_1/DT_14th_and_Madison_New_1_20260602T100000.jpg,illegal_dumping,done,2026-06-04T13:50:37.071211+00:00,0.043,0.81,0.857,,nvidia/cosmos-reason2-8b,"DUMPING PRESENT: Yes
ORDINANCE VIOLATION: Yes
WASTE TYPE: mixed
WASTE VOLUME: small (pickup truck)
WASTE ORIGIN: residential
PROPERTY TYPE: right-of-way
ADDRESS MARKERS: NONE
GUTTER/ALLEY: Yes
WATER PROXIMITY: No
CHRONIC SITE: No
VEHICLES: NONE
IDENTIFIERS: NONE
SEVERITY: 2
ORDINANCE: Sec-46-45
PRIORITY: MEDIUM
SUMMARY: Illegal dumping is present in the right-of-way, violating Brownsville's ordinance that holds property owners responsible for waste on their land.
"
20260604T134116Z,DT_14th_and_Madison_New_1_20260602T101500.jpg,,,dataset_20260603_063335/DT_14th_and_Madison_New_1/DT_14th_and_Madison_New_1_20260602T101500.jpg,illegal_dumping,done,2026-06-04T13:50:37.434665+00:00,0.043,0.888,0.934,,nvidia/cosmos-reason2-8b,"DUMPING PRESENT: Yes
ORDINANCE VIOLATION: Yes
WASTE TYPE: mixed
WASTE VOLUME: small (pickup truck)
WASTE ORIGIN: residential
PROPERTY TYPE: vacant-lot
ADDRESS MARKERS: NONE
GUTTER/ALLEY: No
WATER PROXIMITY: No
CHRONIC SITE: No
VEHICLES: NONE
IDENTIFIERS: NONE
SEVERITY: 2
ORDINANCE: Sec-46-45
PRIORITY: MEDIUM
SUMMARY: Illegal dumping of mixed waste is observed on a vacant lot, violating Brownsville's property owner liability ordinance (Sec. 46-45)."
20260604T134116Z,DT_14th_and_Madison_New_1_20260602T103000.jpg,,,dataset_20260603_063335/DT_14th_and_Madison_New_1/DT_14th_and_Madison_New_1_20260602T103000.jpg,illegal_dumping,done,2026-06-04T13:50:37.541430+00:00,0.04,0.903,0.945,,nvidia/cosmos-reason2-8b,"DUMPING PRESENT: Yes
ORDINANCE VIOLATION: Yes
WASTE TYPE: mixed
WASTE VOLUME: small (pickup truck)
WASTE ORIGIN: residential
PROPERTY TYPE: vacant-lot
ADDRESS MARKERS: NONE
GUTTER/ALLEY: No
WATER PROXIMITY: No
CHRONIC SITE: No
VEHICLES: NONE
IDENTIFIERS: NONE
SEVERITY: 2
ORDINANCE: Sec-46-45
PRIORITY: MEDIUM
SUMMARY: Illegal dumping of mixed waste is present on a vacant lot, violating Brownsville's property owner liability ordinance.
"
20260604T134116Z,DT_14th_and_Madison_New_1_20260602T104500.jpg,,,dataset_20260603_063335/DT_14th_and_Madison_New_1/DT_14th_and_Madison_New_1_20260602T104500.jpg,illegal_dumping,done,2026-06-04T13:50:37.685060+00:00,0.044,0.843,0.89,,nvidia/cosmos-reason2-8b,"DUMPING PRESENT: Yes
ORDINANCE VIOLATION: Yes
WASTE TYPE: mixed
WASTE VOLUME: medium
WASTE ORIGIN: unknown
PROPERTY TYPE: right-of-way
ADDRESS MARKERS: NONE
GUTTER/ALLEY: No
WATER PROXIMITY: No
CHRONIC SITE: No
VEHICLES: NONE
IDENTIFIERS: NONE
SEVERITY: 2
ORDINANCE: Sec-46-45
PRIORITY: MEDIUM
SUMMARY: Mixed waste is illegally dumped on a right-of-way, violating property owner liability under Sec. 46-45."
20260604T134116Z,DT_14th_and_Madison_New_1_20260602T110000.jpg,,,dataset_20260603_063335/DT_14th_and_Madison_New_1/DT_14th_and_Madison_New_1_20260602T110000.jpg,illegal_dumping,done,2026-06-04T13:50:37.930399+00:00,0.05,0.834,0.887,,nvidia/cosmos-reason2-8b,"DUMPING PRESENT: Yes
ORDINANCE VIOLATION: Yes
WASTE TYPE: mixed
WASTE VOLUME: medium
WASTE ORIGIN: residential
PROPERTY TYPE: vacant-lot
ADDRESS MARKERS: NONE
GUTTER/ALLEY: No
WATER PROXIMITY: No
CHRONIC SITE: No
VEHICLES: NONE
IDENTIFIERS: NONE
SEVERITY: 2
ORDINANCE: Sec-46-45
PRIORITY: MEDIUM
SUMMARY: Illegal dumping of mixed waste is present on a vacant lot, violating Brownsville's property owner liability ordinance (Sec. 46-45).
"
20260604T134116Z,DT_14th_and_Madison_New_1_20260602T111500.jpg,,,dataset_20260603_063335/DT_14th_and_Madison_New_1/DT_14th_and_Madison_New_1_20260602T111500.jpg,illegal_dumping,done,2026-06-04T13:50:38.372038+00:00,0.05,0.816,0.868,,nvidia/cosmos-reason2-8b,"DUMPING PRESENT: Yes
ORDINANCE VIOLATION: Yes
WASTE TYPE: mixed
WASTE VOLUME: small (pickup truck)
WASTE ORIGIN: residential
PROPERTY TYPE: vacant-lot
ADDRESS MARKERS: NONE
GUTTER/ALLEY: No
WATER PROXIMITY: No
CHRONIC SITE: No
VEHICLES: NONE
IDENTIFIERS: NONE
SEVERITY: 3
ORDINANCE: Sec-46-45
PRIORITY: MEDIUM
SUMMARY: Illegal dumping of mixed waste is observed on a vacant lot, violating Brownsville's property owner liability ordinance.
"
20260604T134116Z,DT_14th_and_Madison_New_1_20260602T113000.jpg,,,dataset_20260603_063335/DT_14th_and_Madison_New_1/DT_14th_and_Madison_New_1_20260602T113000.jpg,illegal_dumping,done,2026-06-04T13:50:38.489148+00:00,0.044,0.921,0.967,,nvidia/cosmos-reason2-8b,"DUMPING PRESENT: Yes
ORDINANCE VIOLATION: Yes
WASTE TYPE: mixed
WASTE VOLUME: small (pickup truck)
WASTE ORIGIN: residential
PROPERTY TYPE: vacant-lot
ADDRESS MARKERS: NONE
GUTTER/ALLEY: No
WATER PROXIMITY: No
CHRONIC SITE: No
VEHICLES: NONE
IDENTIFIERS: NONE
SEVERITY: 3
ORDINANCE: Sec-46-45
PRIORITY: MEDIUM
SUMMARY: Illegal dumping of mixed waste is present on a vacant lot, violating property owner liability under Sec. 46-45.
"
20260604T134116Z,DT_14th_and_Madison_New_1_20260602T114500.jpg,,,dataset_20260603_063335/DT_14th_and_Madison_New_1/DT_14th_and_Madison_New_1_20260602T114500.jpg,illegal_dumping,done,2026-06-04T13:50:38.577229+00:00,0.04,0.958,1.0,,nvidia/cosmos-reason2-8b,"DUMPING PRESENT: Yes
ORDINANCE VIOLATION: Yes
WASTE TYPE: mixed
WASTE VOLUME: small (pickup truck)
WASTE ORIGIN: residential
PROPERTY TYPE: right-of-way
ADDRESS MARKERS: NONE
GUTTER/ALLEY: No
WATER PROXIMITY: No
CHRONIC SITE: No
VEHICLES: NONE
IDENTIFIERS: NONE
SEVERITY: 2
ORDINANCE: Sec-46-45
PRIORITY: MEDIUM
SUMMARY: Mixed waste is illegally dumped on a right-of-way, violating Brownsville's property owner liability ordinance.
"
20260604T134116Z,DT_14th_and_Madison_New_1_20260602T120000.jpg,,,dataset_20260603_063335/DT_14th_and_Madison_New_1/DT_14th_and_Madison_New_1_20260602T120000.jpg,illegal_dumping,done,2026-06-04T13:50:38.820145+00:00,0.05,0.958,1.022,,nvidia/cosmos-reason2-8b,"DUMPING PRESENT: Yes
ORDINANCE VIOLATION: Yes
WASTE TYPE: mixed
WASTE VOLUME: small (pickup truck)
WASTE ORIGIN: residential
PROPERTY TYPE: right-of-way
ADDRESS MARKERS: NONE
GUTTER/ALLEY: Yes
WATER PROXIMITY: No
CHRONIC SITE: No
VEHICLES: NONE
IDENTIFIERS: NONE
SEVERITY: 2
ORDINANCE: Sec-46-45
PRIORITY: MEDIUM
SUMMARY: Illegal dumping of mixed waste is observed in the right-of-way, violating Brownsville's property owner liability ordinance, with no clear origin point visible."
20260604T134116Z,DT_14th_and_Madison_New_1_20260602T121500.jpg,,,dataset_20260603_063335/DT_14th_and_Madison_New_1/DT_14th_and_Madison_New_1_20260602T121500.jpg,illegal_dumping,done,2026-06-04T13:50:39.243028+00:00,0.046,0.74,0.789,,nvidia/cosmos-reason2-8b,"DUMPING PRESENT: Yes
ORDINANCE VIOLATION: Yes
WASTE TYPE: mixed
WASTE VOLUME: small (pickup truck)
WASTE ORIGIN: residential
PROPERTY TYPE: vacant-lot
ADDRESS MARKERS: NONE
GUTTER/ALLEY: No
WATER PROXIMITY: No
CHRONIC SITE: No
VEHICLES: NONE
IDENTIFIERS: NONE
SEVERITY: 2
ORDINANCE: Sec-46-45
PRIORITY: MEDIUM
SUMMARY: Illegal dumping of mixed waste is present on a vacant lot, violating Brownsville's property owner liability ordinance."
20260604T134116Z,DT_14th_and_Madison_New_1_20260602T123000.jpg,,,dataset_20260603_063335/DT_14th_and_Madison_New_1/DT_14th_and_Madison_New_1_20260602T123000.jpg,illegal_dumping,done,2026-06-04T13:50:39.458621+00:00,0.043,0.806,0.853,,nvidia/cosmos-reason2-8b,"DUMPING PRESENT: Yes
ORDINANCE VIOLATION: Yes
WASTE TYPE: mixed
WASTE VOLUME: small (pickup truck)
WASTE ORIGIN: residential
PROPERTY TYPE: vacant-lot
ADDRESS MARKERS: NONE
GUTTER/ALLEY: No
WATER PROXIMITY: No
CHRONIC SITE: No
VEHICLES: NONE
IDENTIFIERS: NONE
SEVERITY: 2
ORDINANCE: Sec-46-45
PRIORITY: MEDIUM
SUMMARY: Illegal dumping of mixed waste is observed on a vacant lot, violating Brownsville's property owner liability ordinance.
"
20260604T134116Z,DT_14th_and_Madison_New_1_20260602T124500.jpg,,,dataset_20260603_063335/DT_14th_and_Madison_New_1/DT_14th_and_Madison_New_1_20260602T124500.jpg,illegal_dumping,done,2026-06-04T13:50:39.579922+00:00,0.042,0.85,0.894,,nvidia/cosmos-reason2-8b,"DUMPING PRESENT: Yes
ORDINANCE VIOLATION: Yes
WASTE TYPE: mixed
WASTE VOLUME: small (pickup truck)
WASTE ORIGIN: residential
PROPERTY TYPE: vacant-lot
ADDRESS MARKERS: NONE
GUTTER/ALLEY: No
WATER PROXIMITY: No
CHRONIC SITE: No
VEHICLES: NONE
IDENTIFIERS: NONE
SEVERITY: 2
ORDINANCE: Sec-46-45
PRIORITY: MEDIUM
SUMMARY: Illegal dumping of mixed waste is observed on a vacant lot, violating Brownsville's property owner liability ordinance (Sec. 46-45)."
20260604T134116Z,DT_14th_and_Madison_New_1_20260602T130000.jpg,,,dataset_20260603_063335/DT_14th_and_Madison_New_1/DT_14th_and_Madison_New_1_20260602T130000.jpg,illegal_dumping,done,2026-06-04T13:50:39.845178+00:00,0.043,0.779,0.825,,nvidia/cosmos-reason2-8b,"DUMPING PRESENT: Yes
ORDINANCE VIOLATION: Yes
WASTE TYPE: mixed
WASTE VOLUME: small (pickup truck)
WASTE ORIGIN: residential
PROPERTY TYPE: vacant-lot
ADDRESS MARKERS: NONE
GUTTER/ALLEY: No
WATER PROXIMITY: No
CHRONIC SITE: No
VEHICLES: NONE
IDENTIFIERS: NONE
SEVERITY: 2
ORDINANCE: Sec-46-45
PRIORITY: MEDIUM
SUMMARY: Illegal dumping of mixed waste is present on a vacant lot, violating Brownsville's property owner liability ordinance.
"
20260604T134116Z,DT_14th_and_Madison_New_1_20260602T131500.jpg,,,dataset_20260603_063335/DT_14th_and_Madison_New_1/DT_14th_and_Madison_New_1_20260602T131500.jpg,illegal_dumping,done,2026-06-04T13:50:40.034416+00:00,0.049,0.859,0.912,,nvidia/cosmos-reason2-8b,"DUMPING PRESENT: Yes
ORDINANCE VIOLATION: Yes
WASTE TYPE: mixed
WASTE VOLUME: small (pickup truck)
WASTE ORIGIN: residential
PROPERTY TYPE: vacant-lot
ADDRESS MARKERS: NONE
GUTTER/ALLEY: No
WATER PROXIMITY: No
CHRONIC SITE: No
VEHICLES: NONE
IDENTIFIERS: NONE
SEVERITY: 2
ORDINANCE: Sec-46-45
PRIORITY: MEDIUM
SUMMARY: Illegal dumping of mixed waste is present on a vacant lot, violating Brownsville's property owner liability ordinance (Sec. 46-45)."
20260604T134116Z,DT_14th_and_Madison_New_1_20260602T133000.jpg,,,dataset_20260603_063335/DT_14th_and_Madison_New_1/DT_14th_and_Madison_New_1_20260602T133000.jpg,illegal_dumping,done,2026-06-04T13:50:40.314905+00:00,0.042,0.747,0.792,,nvidia/cosmos-reason2-8b,"DUMPING PRESENT: Yes
ORDINANCE VIOLATION: Yes
WASTE TYPE: mixed
WASTE VOLUME: small (pickup truck)
WASTE ORIGIN: residential
PROPERTY TYPE: vacant-lot
ADDRESS MARKERS: NONE
GUTTER/ALLEY: No
WATER PROXIMITY: No
CHRONIC SITE: No
VEHICLES: NONE
IDENTIFIERS: NONE
SEVERITY: 3
ORDINANCE: Sec-46-45
PRIORITY: MEDIUM
SUMMARY: Illegal dumping of mixed waste is present on a vacant lot, violating Brownsville's property owner liability ordinance.
"
20260604T134116Z,DT_14th_and_Madison_New_1_20260602T134500.jpg,,,dataset_20260603_063335/DT_14th_and_Madison_New_1/DT_14th_and_Madison_New_1_20260602T134500.jpg,illegal_dumping,done,2026-06-04T13:50:40.476829+00:00,0.045,0.75,0.798,,nvidia/cosmos-reason2-8b,"DUMPING PRESENT: Yes
ORDINANCE VIOLATION: Yes
WASTE TYPE: mixed
WASTE VOLUME: small (pickup truck)
WASTE ORIGIN: residential
PROPERTY TYPE: vacant-lot
ADDRESS MARKERS: NONE
GUTTER/ALLEY: No
WATER PROXIMITY: No
CHRONIC SITE: No
VEHICLES: NONE
IDENTIFIERS: NONE
SEVERITY: 2
ORDINANCE: Sec-46-45
PRIORITY: MEDIUM
SUMMARY: Illegal dumping of mixed waste is present on a vacant lot, violating Brownsville's property owner liability ordinance."
20260604T134116Z,DT_14th_and_Madison_New_1_20260602T140000.jpg,,,dataset_20260603_063335/DT_14th_and_Madison_New_1/DT_14th_and_Madison_New_1_20260602T140000.jpg,illegal_dumping,done,2026-06-04T13:50:40.672805+00:00,0.046,0.809,0.858,,nvidia/cosmos-reason2-8b,"DUMPING PRESENT: Yes
ORDINANCE VIOLATION: Yes
WASTE TYPE: mixed
WASTE VOLUME: small (pickup truck)
WASTE ORIGIN: residential
PROPERTY TYPE: vacant-lot
ADDRESS MARKERS: NONE
GUTTER/ALLEY: No
WATER PROXIMITY: No
CHRONIC SITE: No
VEHICLES: NONE
IDENTIFIERS: NONE
SEVERITY: 3
ORDINANCE: Sec-46-45
PRIORITY: MEDIUM
SUMMARY: Illegal dumping of mixed waste is observed on a vacant lot, violating Brownsville's property owner liability ordinance (Sec. 46-45)."
20260604T134116Z,DT_14th_and_Madison_New_1_20260602T141500.jpg,,,dataset_20260603_063335/DT_14th_and_Madison_New_1/DT_14th_and_Madison_New_1_20260602T141500.jpg,illegal_dumping,done,2026-06-04T13:50:40.949012+00:00,0.048,0.781,0.832,,nvidia/cosmos-reason2-8b,"DUMPING PRESENT: Yes
ORDINANCE VIOLATION: Yes
WASTE TYPE: construction-debris
WASTE VOLUME: medium (dump truck)
WASTE ORIGIN: commercial-contractor
PROPERTY TYPE: vacant-lot
ADDRESS MARKERS: NONE
GUTTER/ALLEY: No
WATER PROXIMITY: No
CHRONIC SITE: No
VEHICLES: NONE
IDENTIFIERS: NONE
SEVERITY: 2
ORDINANCE: Sec-46-46
PRIORITY: MEDIUM
SUMMARY: Construction debris is illegally dumped on a vacant lot, violating Sec-46-46 and requiring enforcement action.
"
20260604T134116Z,DT_14th_and_Madison_New_1_20260602T143000.jpg,,,dataset_20260603_063335/DT_14th_and_Madison_New_1/DT_14th_and_Madison_New_1_20260602T143000.jpg,illegal_dumping,done,2026-06-04T13:50:41.109107+00:00,0.05,0.775,0.828,,nvidia/cosmos-reason2-8b,"DUMPING PRESENT: Yes
ORDINANCE VIOLATION: Yes
WASTE TYPE: mixed
WASTE VOLUME: small (pickup truck)
WASTE ORIGIN: residential
PROPERTY TYPE: vacant-lot
ADDRESS MARKERS: NONE
GUTTER/ALLEY: No
WATER PROXIMITY: No
CHRONIC SITE: No
VEHICLES: NONE
IDENTIFIERS: NONE
SEVERITY: 2
ORDINANCE: Sec-46-45
PRIORITY: MEDIUM
SUMMARY: Illegal dumping of mixed waste is present on a vacant lot, violating Brownsville's property owner liability ordinance.
"
20260604T134116Z,DT_14th_and_Madison_New_1_20260602T144500.jpg,,,dataset_20260603_063335/DT_14th_and_Madison_New_1/DT_14th_and_Madison_New_1_20260602T144500.jpg,illegal_dumping,done,2026-06-04T13:50:41.277266+00:00,0.045,0.857,0.904,,nvidia/cosmos-reason2-8b,"DUMPING PRESENT: Yes
ORDINANCE VIOLATION: Yes
WASTE TYPE: mixed
WASTE VOLUME: small (pickup truck)
WASTE ORIGIN: residential
PROPERTY TYPE: vacant-lot
ADDRESS MARKERS: NONE
GUTTER/ALLEY: No
WATER PROXIMITY: No
CHRONIC SITE: No
VEHICLES: NONE
IDENTIFIERS: NONE
SEVERITY: 3
ORDINANCE: Sec-46-45
PRIORITY: MEDIUM
SUMMARY: Illegal dumping of mixed waste is present on a vacant lot, violating Brownsville's property owner liability ordinance.
"
20260604T134116Z,DT_14th_and_Madison_New_1_20260602T150000.jpg,,,dataset_20260603_063335/DT_14th_and_Madison_New_1/DT_14th_and_Madison_New_1_20260602T150000.jpg,illegal_dumping,done,2026-06-04T13:50:41.533415+00:00,0.047,0.742,0.804,,nvidia/cosmos-reason2-8b,"DUMPING PRESENT: Yes
ORDINANCE VIOLATION: Yes
WASTE TYPE: mixed
WASTE VOLUME: small (pickup truck)
WASTE ORIGIN: residential
PROPERTY TYPE: vacant-lot
ADDRESS MARKERS: NONE
GUTTER/ALLEY: No
WATER PROXIMITY: No
CHRONIC SITE: No
VEHICLES: NONE
IDENTIFIERS: NONE
SEVERITY: 2
ORDINANCE: Sec-46-45
PRIORITY: MEDIUM
SUMMARY: Illegal dumping is present on a vacant lot, violating Brownsville's property owner liability ordinance.
"
20260604T134116Z,DT_14th_and_Madison_New_1_20260602T151500.jpg,,,dataset_20260603_063335/DT_14th_and_Madison_New_1/DT_14th_and_Madison_New_1_20260602T151500.jpg,illegal_dumping,done,2026-06-04T13:50:41.783529+00:00,0.046,0.817,0.866,,nvidia/cosmos-reason2-8b,"DUMPING PRESENT: Yes
ORDINANCE VIOLATION: Yes
WASTE TYPE: mixed
WASTE VOLUME: small (pickup truck)
WASTE ORIGIN: residential
PROPERTY TYPE: vacant-lot
ADDRESS MARKERS: NONE
GUTTER/ALLEY: No
WATER PROXIMITY: No
CHRONIC SITE: No
VEHICLES: NONE
IDENTIFIERS: NONE
SEVERITY: 2
ORDINANCE: Sec-46-45
PRIORITY: MEDIUM
SUMMARY: Illegal dumping of mixed waste is observed on a vacant lot, violating property owner liability under Sec. 46-45.
"
20260604T134116Z,DT_14th_and_Madison_New_1_20260602T153000.jpg,,,dataset_20260603_063335/DT_14th_and_Madison_New_1/DT_14th_and_Madison_New_1_20260602T153000.jpg,illegal_dumping,done,2026-06-04T13:50:41.940072+00:00,0.05,0.787,0.84,,nvidia/cosmos-reason2-8b,"DUMPING PRESENT: Yes
ORDINANCE VIOLATION: Yes
WASTE TYPE: mixed
WASTE VOLUME: small (pickup truck)
WASTE ORIGIN: residential
PROPERTY TYPE: vacant-lot
ADDRESS MARKERS: NONE
GUTTER/ALLEY: No
WATER PROXIMITY: No
CHRONIC SITE: No
VEHICLES: NONE
IDENTIFIERS: NONE
SEVERITY: 2
ORDINANCE: Sec-46-45
PRIORITY: MEDIUM
SUMMARY: Illegal dumping of mixed waste is observed on a vacant lot, violating Brownsville's property owner liability ordinance.
"
20260604T134116Z,DT_14th_and_Madison_New_1_20260602T154500.jpg,,,dataset_20260603_063335/DT_14th_and_Madison_New_1/DT_14th_and_Madison_New_1_20260602T154500.jpg,illegal_dumping,done,2026-06-04T13:50:42.184675+00:00,0.048,0.89,0.941,,nvidia/cosmos-reason2-8b,"DUMPING PRESENT: Yes
ORDINANCE VIOLATION: Yes
WASTE TYPE: mixed
WASTE VOLUME: small (pickup truck)
WASTE ORIGIN: residential
PROPERTY TYPE: vacant-lot
ADDRESS MARKERS: NONE
GUTTER/ALLEY: No
WATER PROXIMITY: No
CHRONIC SITE: No
VEHICLES: NONE
IDENTIFIERS: NONE
SEVERITY: 2
ORDINANCE: Sec-46-45
PRIORITY: MEDIUM
SUMMARY: Illegal dumping of mixed waste is present on a vacant lot, violating Brownsville's property owner liability ordinance.
"
20260604T134116Z,DT_14th_and_Madison_New_1_20260602T160000.jpg,,,dataset_20260603_063335/DT_14th_and_Madison_New_1/DT_14th_and_Madison_New_1_20260602T160000.jpg,illegal_dumping,done,2026-06-04T13:50:42.340368+00:00,0.05,0.908,0.96,,nvidia/cosmos-reason2-8b,"DUMPING PRESENT: Yes
ORDINANCE VIOLATION: Yes
WASTE TYPE: mixed
WASTE VOLUME: small (pickup truck)
WASTE ORIGIN: residential
PROPERTY TYPE: right-of-way
ADDRESS MARKERS: NONE
GUTTER/ALLEY: No
WATER PROXIMITY: No
CHRONIC SITE: No
VEHICLES: NONE
IDENTIFIERS: NONE
SEVERITY: 2
ORDINANCE: Sec-46-45
PRIORITY: MEDIUM
SUMMARY: A small pile of mixed waste is illegally dumped on a right-of-way, violating Brownsville's property owner liability ordinance (Sec. 46-45)."
20260604T134116Z,DT_14th_and_Madison_New_1_20260602T161500.jpg,,,dataset_20260603_063335/DT_14th_and_Madison_New_1/DT_14th_and_Madison_New_1_20260602T161500.jpg,illegal_dumping,done,2026-06-04T13:50:42.652287+00:00,0.047,0.745,0.794,,nvidia/cosmos-reason2-8b,"DUMPING PRESENT: Yes
ORDINANCE VIOLATION: Yes
WASTE TYPE: mixed
WASTE VOLUME: small (pickup truck)
WASTE ORIGIN: residential
PROPERTY TYPE: vacant-lot
ADDRESS MARKERS: NONE
GUTTER/ALLEY: No
WATER PROXIMITY: No
CHRONIC SITE: No
VEHICLES: NONE
IDENTIFIERS: NONE
SEVERITY: 3
ORDINANCE: Sec-46-45
PRIORITY: MEDIUM
SUMMARY: A small pile of mixed waste is illegally dumped on a vacant lot, violating property owner liability under Sec. 46-45.
"
20260604T134116Z,DT_14th_and_Madison_New_1_20260602T163000.jpg,,,dataset_20260603_063335/DT_14th_and_Madison_New_1/DT_14th_and_Madison_New_1_20260602T163000.jpg,illegal_dumping,done,2026-06-04T13:50:42.782617+00:00,0.044,0.807,0.854,,nvidia/cosmos-reason2-8b,"DUMPING PRESENT: Yes
ORDINANCE VIOLATION: Yes
WASTE TYPE: mixed
WASTE VOLUME: small (pickup truck)
WASTE ORIGIN: residential
PROPERTY TYPE: vacant-lot
ADDRESS MARKERS: NONE
GUTTER/ALLEY: No
WATER PROXIMITY: No
CHRONIC SITE: No
VEHICLES: NONE
IDENTIFIERS: NONE
SEVERITY: 2
ORDINANCE: Sec-46-45
PRIORITY: MEDIUM
SUMMARY: Illegal dumping of mixed waste is observed on a vacant lot, violating Brownsville's property owner liability ordinance.
"
20260604T134116Z,DT_14th_and_Madison_New_1_20260602T164500.jpg,,,dataset_20260603_063335/DT_14th_and_Madison_New_1/DT_14th_and_Madison_New_1_20260602T164500.jpg,illegal_dumping,done,2026-06-04T13:50:43.128357+00:00,0.048,0.891,0.942,,nvidia/cosmos-reason2-8b,"DUMPING PRESENT: Yes
ORDINANCE VIOLATION: Yes
WASTE TYPE: mixed
WASTE VOLUME: small (pickup truck)
WASTE ORIGIN: residential
PROPERTY TYPE: vacant-lot
ADDRESS MARKERS: NONE
GUTTER/ALLEY: No
WATER PROXIMITY: No
CHRONIC SITE: No
VEHICLES: NONE
IDENTIFIERS: NONE
SEVERITY: 3
ORDINANCE: Sec-46-45 / Sec-46-46
PRIORITY: MEDIUM
SUMMARY: Illegal dumping of mixed waste is present on a vacant lot, violating both property owner liability (Sec-46-45) and deposit on vacant lots (Sec-46-46) ordinances.
"
20260604T134116Z,DT_14th_and_Madison_New_1_20260602T170000.jpg,,,dataset_20260603_063335/DT_14th_and_Madison_New_1/DT_14th_and_Madison_New_1_20260602T170000.jpg,illegal_dumping,done,2026-06-04T13:50:43.303341+00:00,0.047,0.803,0.853,,nvidia/cosmos-reason2-8b,"DUMPING PRESENT: Yes
ORDINANCE VIOLATION: Yes
WASTE TYPE: mixed
WASTE VOLUME: small (pickup truck)
WASTE ORIGIN: residential
PROPERTY TYPE: alley
ADDRESS MARKERS: NONE
GUTTER/ALLEY: Yes
WATER PROXIMITY: No
CHRONIC SITE: No
VEHICLES: NONE
IDENTIFIERS: NONE
SEVERITY: 2
ORDINANCE: Sec-46-45
PRIORITY: MEDIUM
SUMMARY: A small pile of mixed waste is illegally dumped in an alley, violating Brownsville's property owner liability ordinance.
"
20260604T134116Z,DT_14th_and_Madison_New_1_20260602T171500.jpg,,,dataset_20260603_063335/DT_14th_and_Madison_New_1/DT_14th_and_Madison_New_1_20260602T171500.jpg,illegal_dumping,done,2026-06-04T13:50:43.449948+00:00,0.047,0.789,0.839,,nvidia/cosmos-reason2-8b,"DUMPING PRESENT: No
ORDINANCE VIOLATION: No
WASTE TYPE: mixed
WASTE VOLUME: small (pickup truck)
WASTE ORIGIN: residential
PROPERTY TYPE: occupied-private
ADDRESS MARKERS: NONE
GUTTER/ALLEY: No
WATER PROXIMITY: No
CHRONIC SITE: No
VEHICLES: NONE
IDENTIFIERS: NONE
SEVERITY: 1
ORDINANCE: N/A
PRIORITY: LOW
SUMMARY: No illegal dumping detected in the analyzed frames."
20260604T134116Z,DT_14th_and_Madison_New_1_20260602T173000.jpg,,,dataset_20260603_063335/DT_14th_and_Madison_New_1/DT_14th_and_Madison_New_1_20260602T173000.jpg,illegal_dumping,done,2026-06-04T13:50:43.638970+00:00,0.043,0.869,0.915,,nvidia/cosmos-reason2-8b,"DUMPING PRESENT: Yes
ORDINANCE VIOLATION: Yes
WASTE TYPE: mixed
WASTE VOLUME: small (pickup truck)
WASTE ORIGIN: residential
PROPERTY TYPE: right-of-way
ADDRESS MARKERS: NONE
GUTTER/ALLEY: Yes
WATER PROXIMITY: No
CHRONIC SITE: No
VEHICLES: NONE
IDENTIFIERS: NONE
SEVERITY: 3
ORDINANCE: Sec-46-45
PRIORITY: MEDIUM
SUMMARY: Illegal dumping of mixed waste is observed in the right-of-way, violating Brownsville's property owner liability ordinance.
"
20260604T134116Z,DT_14th_and_Madison_New_1_20260602T174500.jpg,,,dataset_20260603_063335/DT_14th_and_Madison_New_1/DT_14th_and_Madison_New_1_20260602T174500.jpg,illegal_dumping,done,2026-06-04T13:50:44.073085+00:00,0.047,0.776,0.826,,nvidia/cosmos-reason2-8b,"DUMPING PRESENT: Yes
ORDINANCE VIOLATION: Yes
WASTE TYPE: mixed
WASTE VOLUME: small (pickup truck)
WASTE ORIGIN: residential
PROPERTY TYPE: alley
ADDRESS MARKERS: NONE
GUTTER/ALLEY: Yes
WATER PROXIMITY: No
CHRONIC SITE: No
VEHICLES: NONE
IDENTIFIERS: NONE
SEVERITY: 2
ORDINANCE: Sec-46-45
PRIORITY: MEDIUM
SUMMARY: Illegal dumping of mixed waste is present in the alley, violating Brownsville's property owner liability ordinance (Sec. 46-45).
"
20260604T134116Z,DT_14th_and_Madison_New_1_20260602T180000.jpg,,,dataset_20260603_063335/DT_14th_and_Madison_New_1/DT_14th_and_Madison_New_1_20260602T180000.jpg,illegal_dumping,done,2026-06-04T13:50:44.159925+00:00,0.048,1.143,1.194,,nvidia/cosmos-reason2-8b,"DUMPING PRESENT: Yes
ORDINANCE VIOLATION: Yes
WASTE TYPE: mixed
WASTE VOLUME: small (pickup truck)
WASTE ORIGIN: residential
PROPERTY TYPE: right-of-way
ADDRESS MARKERS: NONE
GUTTER/ALLEY: Yes
WATER PROXIMITY: No
CHRONIC SITE: No
VEHICLES: NONE
IDENTIFIERS: NONE
SEVERITY: 1
ORDINANCE: Sec-46-45
PRIORITY: LOW
SUMMARY: Mixed waste is illegally dumped in the right-of-way, violating property owner liability under Sec. 46-45."
20260604T134116Z,DT_14th_and_Madison_New_1_20260602T181500.jpg,,,dataset_20260603_063335/DT_14th_and_Madison_New_1/DT_14th_and_Madison_New_1_20260602T181500.jpg,illegal_dumping,done,2026-06-04T13:50:44.291936+00:00,0.046,0.959,1.007,,nvidia/cosmos-reason2-8b,"DUMPING PRESENT: Yes
ORDINANCE VIOLATION: Yes
WASTE TYPE: mixed
WASTE VOLUME: small (pickup truck)
WASTE ORIGIN: residential
PROPERTY TYPE: alley
ADDRESS MARKERS: NONE
GUTTER/ALLEY: Yes
WATER PROXIMITY: No
CHRONIC SITE: No
VEHICLES: NONE
IDENTIFIERS: NONE
SEVERITY: 1
ORDINANCE: Sec-46-45
PRIORITY: LOW
SUMMARY: Mixed waste is illegally dumped in an alley, violating property owner liability under Sec. 46-45."
20260604T134116Z,DT_14th_and_Madison_New_1_20260602T183000.jpg,,,dataset_20260603_063335/DT_14th_and_Madison_New_1/DT_14th_and_Madison_New_1_20260602T183000.jpg,illegal_dumping,done,2026-06-04T13:50:44.556508+00:00,0.046,0.83,0.879,,nvidia/cosmos-reason2-8b,"DUMPING PRESENT: Yes
ORDINANCE VIOLATION: Yes
WASTE TYPE: mixed
WASTE VOLUME: small (pickup truck)
WASTE ORIGIN: residential
PROPERTY TYPE: vacant-lot
ADDRESS MARKERS: NONE
GUTTER/ALLEY: Yes
WATER PROXIMITY: No
CHRONIC SITE: No
VEHICLES: NONE
IDENTIFIERS: NONE
SEVERITY: 2
ORDINANCE: Sec-46-45
PRIORITY: MEDIUM
SUMMARY: Illegal dumping of mixed waste is present on a vacant lot, violating Brownsville's property owner liability ordinance.
"
20260604T134116Z,DT_14th_and_Madison_New_1_20260602T184500.jpg,,,dataset_20260603_063335/DT_14th_and_Madison_New_1/DT_14th_and_Madison_New_1_20260602T184500.jpg,illegal_dumping,done,2026-06-04T13:50:44.901767+00:00,0.042,0.797,0.843,,nvidia/cosmos-reason2-8b,"DUMPING PRESENT: Yes
ORDINANCE VIOLATION: Yes
WASTE TYPE: mixed
WASTE VOLUME: small (pickup truck)
WASTE ORIGIN: residential
PROPERTY TYPE: vacant-lot
ADDRESS MARKERS: NONE
GUTTER/ALLEY: No
WATER PROXIMITY: No
CHRONIC SITE: No
VEHICLES: NONE
IDENTIFIERS: NONE
SEVERITY: 2
ORDINANCE: Sec-46-45
PRIORITY: MEDIUM
SUMMARY: Illegal dumping of mixed waste is observed on a vacant lot, violating Brownsville's property owner liability ordinance.
"
20260604T134116Z,DT_14th_and_Madison_New_1_20260602T190000.jpg,,,dataset_20260603_063335/DT_14th_and_Madison_New_1/DT_14th_and_Madison_New_1_20260602T190000.jpg,illegal_dumping,done,2026-06-04T13:50:45.301861+00:00,0.053,0.814,0.87,,nvidia/cosmos-reason2-8b,"DUMPING PRESENT: Yes
ORDINANCE VIOLATION: Yes
WASTE TYPE: mixed
WASTE VOLUME: small (pickup truck)
WASTE ORIGIN: residential
PROPERTY TYPE: vacant-lot
ADDRESS MARKERS: NONE
GUTTER/ALLEY: Yes
WATER PROXIMITY: No
CHRONIC SITE: No
VEHICLES: NONE
IDENTIFIERS: NONE
SEVERITY: 3
ORDINANCE: Sec-46-45
PRIORITY: MEDIUM
SUMMARY: Illegal dumping of mixed waste is present on a vacant lot, violating Brownsville's property owner liability ordinance.
"
20260604T134116Z,DT_14th_and_Madison_New_1_20260602T191500.jpg,,,dataset_20260603_063335/DT_14th_and_Madison_New_1/DT_14th_and_Madison_New_1_20260602T191500.jpg,illegal_dumping,done,2026-06-04T13:50:45.356600+00:00,0.045,1.072,1.12,,nvidia/cosmos-reason2-8b,"DUMPING PRESENT: Yes
ORDINANCE VIOLATION: Yes
WASTE TYPE: mixed
WASTE VOLUME: small (pickup truck)
WASTE ORIGIN: residential
PROPERTY TYPE: vacant-lot
ADDRESS MARKERS: NONE
GUTTER/ALLEY: No
WATER PROXIMITY: No
CHRONIC SITE: No
VEHICLES: NONE
IDENTIFIERS: NONE
SEVERITY: 3
ORDINANCE: Sec-46-45
PRIORITY: MEDIUM
SUMMARY: Illegal dumping of mixed waste is observed on a vacant lot, violating Brownsville's property owner liability ordinance (Sec. 46-45)."
20260604T134116Z,DT_14th_and_Madison_New_1_20260602T193000.jpg,,,dataset_20260603_063335/DT_14th_and_Madison_New_1/DT_14th_and_Madison_New_1_20260602T193000.jpg,illegal_dumping,done,2026-06-04T13:50:45.438366+00:00,0.048,1.107,1.157,,nvidia/cosmos-reason2-8b,"DUMPING PRESENT: Yes
ORDINANCE VIOLATION: Yes
WASTE TYPE: mixed
WASTE VOLUME: small (pickup truck)
WASTE ORIGIN: residential
PROPERTY TYPE: vacant-lot
ADDRESS MARKERS: NONE
GUTTER/ALLEY: No
WATER PROXIMITY: No
CHRONIC SITE: No
VEHICLES: NONE
IDENTIFIERS: NONE
SEVERITY: 3
ORDINANCE: Sec-46-45
PRIORITY: MEDIUM
SUMMARY: Illegal dumping of mixed waste is observed on a vacant lot, violating Brownsville's property owner liability ordinance (Sec. 46-45)."
20260604T134116Z,DT_14th_and_Madison_New_1_20260602T194500.jpg,,,dataset_20260603_063335/DT_14th_and_Madison_New_1/DT_14th_and_Madison_New_1_20260602T194500.jpg,illegal_dumping,done,2026-06-04T13:50:45.747296+00:00,0.04,0.89,0.933,,nvidia/cosmos-reason2-8b,"DUMPING PRESENT: No
ORDINANCE VIOLATION: No
WASTE TYPE: mixed
WASTE VOLUME: medium
WASTE ORIGIN: residential
PROPERTY TYPE: vacant-lot
ADDRESS MARKERS: NONE
GUTTER/ALLEY: No
WATER PROXIMITY: No
CHRONIC SITE: No
VEHICLES: NONE
IDENTIFIERS: NONE
SEVERITY: 1
ORDINANCE: N/A
PRIORITY: LOW
SUMMARY: No illegal dumping detected; the image shows a green screen with no discernible waste or property details."
20260604T134116Z,DT_14th_and_Madison_New_1_20260602T200000.jpg,,,dataset_20260603_063335/DT_14th_and_Madison_New_1/DT_14th_and_Madison_New_1_20260602T200000.jpg,illegal_dumping,done,2026-06-04T13:50:46.175172+00:00,0.046,0.734,0.784,,nvidia/cosmos-reason2-8b,"DUMPING PRESENT: Yes
ORDINANCE VIOLATION: Yes
WASTE TYPE: mixed
WASTE VOLUME: small (pickup truck)
WASTE ORIGIN: residential
PROPERTY TYPE: vacant-lot
ADDRESS MARKERS: NONE
GUTTER/ALLEY: No
WATER PROXIMITY: No
CHRONIC SITE: No
VEHICLES: NONE
IDENTIFIERS: NONE
SEVERITY: 3
ORDINANCE: Sec-46-45
PRIORITY: MEDIUM
SUMMARY: Illegal dumping of mixed waste is observed on a vacant lot, violating Brownsville's property owner liability ordinance.
"
20260604T134116Z,DT_14th_and_Madison_New_1_20260602T201500.jpg,,,dataset_20260603_063335/DT_14th_and_Madison_New_1/DT_14th_and_Madison_New_1_20260602T201500.jpg,illegal_dumping,done,2026-06-04T13:50:46.479242+00:00,0.043,0.786,0.832,,nvidia/cosmos-reason2-8b,"DUMPING PRESENT: Yes
ORDINANCE VIOLATION: Yes
WASTE TYPE: mixed
WASTE VOLUME: small (pickup truck)
WASTE ORIGIN: residential
PROPERTY TYPE: vacant-lot
ADDRESS MARKERS: NONE
GUTTER/ALLEY: No
WATER PROXIMITY: No
CHRONIC SITE: No
VEHICLES: NONE
IDENTIFIERS: NONE
SEVERITY: 3
ORDINANCE: Sec-46-45
PRIORITY: MEDIUM
SUMMARY: Illegal dumping of mixed waste is observed on a vacant lot, violating Brownsville's property owner liability ordinance.
"
20260604T134116Z,DT_14th_and_Madison_New_1_20260602T203000.jpg,,,dataset_20260603_063335/DT_14th_and_Madison_New_1/DT_14th_and_Madison_New_1_20260602T203000.jpg,illegal_dumping,done,2026-06-04T13:50:46.597038+00:00,0.04,1.035,1.077,,nvidia/cosmos-reason2-8b,"DUMPING PRESENT: Yes
ORDINANCE VIOLATION: Yes
WASTE TYPE: mixed
WASTE VOLUME: small (pickup truck)
WASTE ORIGIN: residential
PROPERTY TYPE: vacant-lot
ADDRESS MARKERS: NONE
GUTTER/ALLEY: No
WATER PROXIMITY: No
CHRONIC SITE: No
VEHICLES: NONE
IDENTIFIERS: NONE
SEVERITY: 2
ORDINANCE: Sec-46-45
PRIORITY: MEDIUM
SUMMARY: Illegal dumping of mixed waste is present on a vacant lot, violating Brownsville's property owner liability ordinance (Sec. 46-45)."
20260604T134116Z,DT_14th_and_Madison_New_1_20260602T204500.jpg,,,dataset_20260603_063335/DT_14th_and_Madison_New_1/DT_14th_and_Madison_New_1_20260602T204500.jpg,illegal_dumping,done,2026-06-04T13:50:46.682283+00:00,0.038,0.867,0.908,,nvidia/cosmos-reason2-8b,"DUMPING PRESENT: Yes
ORDINANCE VIOLATION: Yes
WASTE TYPE: mixed
WASTE VOLUME: small (pickup truck)
WASTE ORIGIN: residential
PROPERTY TYPE: vacant-lot
ADDRESS MARKERS: NONE
GUTTER/ALLEY: Yes
WATER PROXIMITY: No
CHRONIC SITE: No
VEHICLES: NONE
IDENTIFIERS: NONE
SEVERITY: 3
ORDINANCE: Sec-46-45
PRIORITY: MEDIUM
SUMMARY: Illegal dumping is present on a vacant lot, violating Brownsville's property owner liability ordinance, with mixed waste scattered across the area.
"
20260604T134116Z,DT_14th_and_Madison_New_1_20260602T210000.jpg,,,dataset_20260603_063335/DT_14th_and_Madison_New_1/DT_14th_and_Madison_New_1_20260602T210000.jpg,illegal_dumping,done,2026-06-04T13:50:46.961371+00:00,0.043,0.888,0.935,,nvidia/cosmos-reason2-8b,"DUMPING PRESENT: Yes
ORDINANCE VIOLATION: Yes
WASTE TYPE: mixed
WASTE VOLUME: small (pickup truck)
WASTE ORIGIN: residential
PROPERTY TYPE: vacant-lot
ADDRESS MARKERS: NONE
GUTTER/ALLEY: No
WATER PROXIMITY: No
CHRONIC SITE: No
VEHICLES: NONE
IDENTIFIERS: NONE
SEVERITY: 2
ORDINANCE: Sec-46-45
PRIORITY: MEDIUM
SUMMARY: Illegal dumping of mixed waste is observed on a vacant lot, violating property owner liability under Sec. 46-45.
"
20260604T134116Z,DT_14th_and_Madison_New_1_20260602T211500.jpg,,,dataset_20260603_063335/DT_14th_and_Madison_New_1/DT_14th_and_Madison_New_1_20260602T211500.jpg,illegal_dumping,done,2026-06-04T13:50:47.313999+00:00,0.043,0.803,0.849,,nvidia/cosmos-reason2-8b,"DUMPING PRESENT: Yes
ORDINANCE VIOLATION: Yes
WASTE TYPE: mixed
WASTE VOLUME: small (pickup truck)
WASTE ORIGIN: residential
PROPERTY TYPE: alley
ADDRESS MARKERS: NONE
GUTTER/ALLEY: Yes
WATER PROXIMITY: No
CHRONIC SITE: No
VEHICLES: NONE
IDENTIFIERS: NONE
SEVERITY: 2
ORDINANCE: Sec-46-45
PRIORITY: MEDIUM
SUMMARY: Illegal dumping of mixed waste is present in the alley, violating Brownsville's property owner liability ordinance (Sec. 46-45)."
20260604T134116Z,DT_14th_and_Madison_New_1_20260602T213000.jpg,,,dataset_20260603_063335/DT_14th_and_Madison_New_1/DT_14th_and_Madison_New_1_20260602T213000.jpg,illegal_dumping,done,2026-06-04T13:50:47.592518+00:00,0.048,0.824,0.875,,nvidia/cosmos-reason2-8b,"DUMPING PRESENT: Yes
ORDINANCE VIOLATION: Yes
WASTE TYPE: mixed
WASTE VOLUME: small (pickup truck)
WASTE ORIGIN: residential
PROPERTY TYPE: vacant-lot
ADDRESS MARKERS: NONE
GUTTER/ALLEY: Yes
WATER PROXIMITY: No
CHRONIC SITE: No
VEHICLES: NONE
IDENTIFIERS: NONE
SEVERITY: 3
ORDINANCE: Sec-46-45
PRIORITY: MEDIUM
SUMMARY: Illegal dumping of mixed waste is observed in a vacant lot, violating Brownsville's property owner liability ordinance (Sec. 46-45)."
20260604T134116Z,DT_14th_and_Madison_New_1_20260602T214500.jpg,,,dataset_20260603_063335/DT_14th_and_Madison_New_1/DT_14th_and_Madison_New_1_20260602T214500.jpg,illegal_dumping,done,2026-06-04T13:50:47.676560+00:00,0.045,0.971,1.019,,nvidia/cosmos-reason2-8b,"DUMPING PRESENT: Yes
ORDINANCE VIOLATION: Yes
WASTE TYPE: mixed
WASTE VOLUME: small (pickup truck)
WASTE ORIGIN: residential
PROPERTY TYPE: vacant-lot
ADDRESS MARKERS: NONE
GUTTER/ALLEY: Yes
WATER PROXIMITY: No
CHRONIC SITE: No
VEHICLES: NONE
IDENTIFIERS: NONE
SEVERITY: 2
ORDINANCE: Sec-46-45
PRIORITY: MEDIUM
SUMMARY: Illegal dumping of mixed waste is observed in a vacant lot, violating Brownsville's property owner liability ordinance (Sec. 46-45)."
20260604T134116Z,DT_14th_and_Madison_New_1_20260602T220000.jpg,,,dataset_20260603_063335/DT_14th_and_Madison_New_1/DT_14th_and_Madison_New_1_20260602T220000.jpg,illegal_dumping,done,2026-06-04T13:50:47.898428+00:00,0.043,0.864,0.91,,nvidia/cosmos-reason2-8b,"DUMPING PRESENT: Yes
ORDINANCE VIOLATION: Yes
WASTE TYPE: mixed
WASTE VOLUME: small (pickup truck)
WASTE ORIGIN: residential
PROPERTY TYPE: vacant-lot
ADDRESS MARKERS: NONE
GUTTER/ALLEY: No
WATER PROXIMITY: No
CHRONIC SITE: No
VEHICLES: NONE
IDENTIFIERS: NONE
SEVERITY: 2
ORDINANCE: Sec-46-45
PRIORITY: MEDIUM
SUMMARY: Illegal dumping of mixed waste is observed on a vacant lot, violating Brownsville's property owner liability ordinance (Sec. 46-45)."
20260604T134116Z,DT_14th_and_Madison_New_1_20260602T221500.jpg,,,dataset_20260603_063335/DT_14th_and_Madison_New_1/DT_14th_and_Madison_New_1_20260602T221500.jpg,illegal_dumping,done,2026-06-04T13:50:48.165314+00:00,0.044,0.806,0.852,,nvidia/cosmos-reason2-8b,"DUMPING PRESENT: Yes
ORDINANCE VIOLATION: Yes
WASTE TYPE: mixed
WASTE VOLUME: small (pickup truck)
WASTE ORIGIN: residential
PROPERTY TYPE: alley
ADDRESS MARKERS: NONE
GUTTER/ALLEY: Yes
WATER PROXIMITY: No
CHRONIC SITE: No
VEHICLES: NONE
IDENTIFIERS: NONE
SEVERITY: 2
ORDINANCE: Sec-46-45
PRIORITY: MEDIUM
SUMMARY: Illegal dumping of mixed waste is observed in an alleyway, violating Brownsville's property owner liability ordinance."
20260604T134116Z,DT_14th_and_Madison_New_1_20260602T223000.jpg,,,dataset_20260603_063335/DT_14th_and_Madison_New_1/DT_14th_and_Madison_New_1_20260602T223000.jpg,illegal_dumping,done,2026-06-04T13:50:48.469912+00:00,0.043,0.795,0.842,,nvidia/cosmos-reason2-8b,"DUMPING PRESENT: Yes
ORDINANCE VIOLATION: Yes
WASTE TYPE: mixed
WASTE VOLUME: small (pickup truck)
WASTE ORIGIN: residential
PROPERTY TYPE: alley
ADDRESS MARKERS: NONE
GUTTER/ALLEY: Yes
WATER PROXIMITY: No
CHRONIC SITE: No
VEHICLES: NONE
IDENTIFIERS: NONE
SEVERITY: 2
ORDINANCE: Sec-46-45
PRIORITY: MEDIUM
SUMMARY: Illegal dumping of mixed waste is observed in an alley, violating Brownsville's property owner liability ordinance (Sec. 46-45)."
20260604T134116Z,DT_14th_and_Madison_New_1_20260602T224500.jpg,,,dataset_20260603_063335/DT_14th_and_Madison_New_1/DT_14th_and_Madison_New_1_20260602T224500.jpg,illegal_dumping,done,2026-06-04T13:50:48.698135+00:00,0.051,0.643,0.697,,nvidia/cosmos-reason2-8b,"DUMPING PRESENT: No
ORDINANCE VIOLATION: No
WASTE TYPE: mixed
WASTE VOLUME: small (pickup truck)
WASTE ORIGIN: residential
PROPERTY TYPE: occupied-private
ADDRESS MARKERS: NONE
GUTTER/ALLEY: No
WATER PROXIMITY: No
CHRONIC SITE: No
VEHICLES: NONE
IDENTIFIERS: NONE
SEVERITY: 1
ORDINANCE: N/A
PRIORITY: LOW
SUMMARY: No illegal dumping detected in the video."
20260604T134116Z,DT_14th_and_Madison_New_1_20260602T230000.jpg,,,dataset_20260603_063335/DT_14th_and_Madison_New_1/DT_14th_and_Madison_New_1_20260602T230000.jpg,illegal_dumping,done,2026-06-04T13:50:48.810569+00:00,0.044,0.933,0.98,,nvidia/cosmos-reason2-8b,"DUMPING PRESENT: Yes
ORDINANCE VIOLATION: Yes
WASTE TYPE: mixed
WASTE VOLUME: small (pickup truck)
WASTE ORIGIN: residential
PROPERTY TYPE: alley
ADDRESS MARKERS: NONE
GUTTER/ALLEY: Yes
WATER PROXIMITY: No
CHRONIC SITE: No
VEHICLES: NONE
IDENTIFIERS: NONE
SEVERITY: 2
ORDINANCE: Sec-46-45
PRIORITY: MEDIUM
SUMMARY: Illegal dumping of mixed waste is observed in an alleyway, violating Brownsville's property owner liability ordinance, with no clear indication of the waste source.
"
20260604T134116Z,DT_14th_and_Madison_New_1_20260602T231500.jpg,,,dataset_20260603_063335/DT_14th_and_Madison_New_1/DT_14th_and_Madison_New_1_20260602T231500.jpg,illegal_dumping,done,2026-06-04T13:50:49.019175+00:00,0.039,0.805,0.847,,nvidia/cosmos-reason2-8b,"DUMPING PRESENT: Yes
ORDINANCE VIOLATION: Yes
WASTE TYPE: mixed
WASTE VOLUME: small (pickup truck)
WASTE ORIGIN: residential
PROPERTY TYPE: vacant-lot
ADDRESS MARKERS: NONE
GUTTER/ALLEY: Yes
WATER PROXIMITY: No
CHRONIC SITE: No
VEHICLES: NONE
IDENTIFIERS: NONE
SEVERITY: 2
ORDINANCE: Sec-46-45
PRIORITY: MEDIUM
SUMMARY: Illegal dumping of mixed waste is observed in a residential vacant lot, violating Brownsville's property owner liability ordinance."
20260604T134116Z,DT_14th_and_Madison_New_1_20260602T233000.jpg,,,dataset_20260603_063335/DT_14th_and_Madison_New_1/DT_14th_and_Madison_New_1_20260602T233000.jpg,illegal_dumping,done,2026-06-04T13:50:49.313943+00:00,0.044,1.018,1.065,,nvidia/cosmos-reason2-8b,"DUMPING PRESENT: Yes
ORDINANCE VIOLATION: Yes
WASTE TYPE: mixed
WASTE VOLUME: small (pickup truck)
WASTE ORIGIN: residential
PROPERTY TYPE: vacant-lot
ADDRESS MARKERS: NONE
GUTTER/ALLEY: Yes
WATER PROXIMITY: No
CHRONIC SITE: No
VEHICLES: NONE
IDENTIFIERS: NONE
SEVERITY: 2
ORDINANCE: Sec-46-45
PRIORITY: MEDIUM
SUMMARY: Illegal dumping of mixed waste is observed in a vacant lot adjacent to a residential area, violating property owner liability under Sec. 46-45.
"
20260604T134116Z,DT_14th_and_Madison_New_1_20260602T234500.jpg,,,dataset_20260603_063335/DT_14th_and_Madison_New_1/DT_14th_and_Madison_New_1_20260602T234500.jpg,illegal_dumping,done,2026-06-04T13:50:49.397667+00:00,0.038,0.921,0.961,,nvidia/cosmos-reason2-8b,"DUMPING PRESENT: Yes
ORDINANCE VIOLATION: Yes
WASTE TYPE: mixed
WASTE VOLUME: small (pickup truck)
WASTE ORIGIN: residential
PROPERTY TYPE: vacant-lot
ADDRESS MARKERS: NONE
GUTTER/ALLEY: No
WATER PROXIMITY: No
CHRONIC SITE: No
VEHICLES: NONE
IDENTIFIERS: NONE
SEVERITY: 2
ORDINANCE: Sec-46-45
PRIORITY: MEDIUM
SUMMARY: Illegal dumping is occurring on a vacant lot, violating Brownsville's property owner liability ordinance.
"
20260604T134116Z,DT_14th_and_Madison_New_4_20260602T000000.jpg,,,dataset_20260603_063335/DT_14th_and_Madison_New_4/DT_14th_and_Madison_New_4_20260602T000000.jpg,illegal_dumping,done,2026-06-04T13:50:50.403035+00:00,0.171,0.918,1.105,,nvidia/cosmos-reason2-8b,"DUMPING PRESENT: Yes
ORDINANCE VIOLATION: Yes
WASTE TYPE: mixed
WASTE VOLUME: small (pickup truck)
WASTE ORIGIN: residential
PROPERTY TYPE: alley
ADDRESS MARKERS: NONE
GUTTER/ALLEY: Yes
WATER PROXIMITY: No
CHRONIC SITE: No
VEHICLES: NONE
IDENTIFIERS: NONE
SEVERITY: 1
ORDINANCE: Sec-46-45
PRIORITY: LOW
SUMMARY: A small amount of mixed waste is illegally dumped in an alley, violating Brownsville's property owner liability ordinance.
"
20260604T134116Z,DT_14th_and_Madison_New_4_20260602T001500.jpg,,,dataset_20260603_063335/DT_14th_and_Madison_New_4/DT_14th_and_Madison_New_4_20260602T001500.jpg,illegal_dumping,done,2026-06-04T13:50:50.403648+00:00,0.171,1.139,1.327,,nvidia/cosmos-reason2-8b,"DUMPING PRESENT: Yes
ORDINANCE VIOLATION: Yes
WASTE TYPE: mixed
WASTE VOLUME: small (pickup truck)
WASTE ORIGIN: residential
PROPERTY TYPE: alley
ADDRESS MARKERS: NONE
GUTTER/ALLEY: Yes
WATER PROXIMITY: No
CHRONIC SITE: No
VEHICLES: NONE
IDENTIFIERS: NONE
SEVERITY: 2
ORDINANCE: Sec-46-45
PRIORITY: MEDIUM
SUMMARY: Illegal dumping of mixed waste is present in an alley, violating Brownsville's property owner liability ordinance.
"
20260604T134116Z,DT_14th_and_Madison_New_4_20260602T003000.jpg,,,dataset_20260603_063335/DT_14th_and_Madison_New_4/DT_14th_and_Madison_New_4_20260602T003000.jpg,illegal_dumping,done,2026-06-04T13:50:50.404577+00:00,0.171,1.269,1.456,,nvidia/cosmos-reason2-8b,"DUMPING PRESENT: Yes
ORDINANCE VIOLATION: Yes
WASTE TYPE: mixed
WASTE VOLUME: small (pickup truck)
WASTE ORIGIN: residential
PROPERTY TYPE: alley
ADDRESS MARKERS: NONE
GUTTER/ALLEY: Yes
WATER PROXIMITY: No
CHRONIC SITE: No
VEHICLES: NONE
IDENTIFIERS: NONE
SEVERITY: 2
ORDINANCE: Sec-46-45
PRIORITY: MEDIUM
SUMMARY: Illegal dumping is observed in an alleyway, with waste scattered across the ground, violating property owner liability under Sec-46-45.
"
20260604T134116Z,DT_14th_and_Madison_New_4_20260602T004500.jpg,,,dataset_20260603_063335/DT_14th_and_Madison_New_4/DT_14th_and_Madison_New_4_20260602T004500.jpg,illegal_dumping,done,2026-06-04T13:50:50.405445+00:00,0.171,1.36,1.546,,nvidia/cosmos-reason2-8b,"DUMPING PRESENT: Yes
ORDINANCE VIOLATION: Yes
WASTE TYPE: mixed
WASTE VOLUME: small (pickup truck)
WASTE ORIGIN: residential
PROPERTY TYPE: vacant-lot
ADDRESS MARKERS: NONE
GUTTER/ALLEY: No
WATER PROXIMITY: No
CHRONIC SITE: No
VEHICLES: NONE
IDENTIFIERS: NONE
SEVERITY: 2
ORDINANCE: Sec-46-45
PRIORITY: MEDIUM
SUMMARY: Illegal dumping of mixed waste is observed on a vacant lot, violating Brownsville's property owner liability ordinance (Sec. 46-45)."
20260604T134116Z,DT_14th_and_Madison_New_4_20260602T010000.jpg,,,dataset_20260603_063335/DT_14th_and_Madison_New_4/DT_14th_and_Madison_New_4_20260602T010000.jpg,illegal_dumping,done,2026-06-04T13:50:51.511123+00:00,0.046,0.849,0.898,,nvidia/cosmos-reason2-8b,"DUMPING PRESENT: Yes
ORDINANCE VIOLATION: Yes
WASTE TYPE: mixed
WASTE VOLUME: small (pickup truck)
WASTE ORIGIN: residential
PROPERTY TYPE: alley
ADDRESS MARKERS: NONE
GUTTER/ALLEY: Yes
WATER PROXIMITY: No
CHRONIC SITE: No
VEHICLES: NONE
IDENTIFIERS: NONE
SEVERITY: 2
ORDINANCE: Sec-46-45
PRIORITY: MEDIUM
SUMMARY: Illegal dumping of mixed waste is present in the alley, violating Brownsville's property owner liability ordinance.
"
20260604T134116Z,DT_14th_and_Madison_New_4_20260602T011500.jpg,,,dataset_20260603_063335/DT_14th_and_Madison_New_4/DT_14th_and_Madison_New_4_20260602T011500.jpg,illegal_dumping,done,2026-06-04T13:50:51.733102+00:00,0.038,0.756,0.797,,nvidia/cosmos-reason2-8b,"DUMPING PRESENT: Yes
ORDINANCE VIOLATION: Yes
WASTE TYPE: mixed
WASTE VOLUME: small (pickup truck)
WASTE ORIGIN: residential
PROPERTY TYPE: alley
ADDRESS MARKERS: NONE
GUTTER/ALLEY: Yes
WATER PROXIMITY: No
CHRONIC SITE: No
VEHICLES: NONE
IDENTIFIERS: NONE
SEVERITY: 2
ORDINANCE: Sec-46-45
PRIORITY: MEDIUM
SUMMARY: Illegal dumping of mixed waste is present in the alley, violating Brownsville's property owner liability ordinance.
"
20260604T134116Z,DT_14th_and_Madison_New_4_20260602T013000.jpg,,,dataset_20260603_063335/DT_14th_and_Madison_New_4/DT_14th_and_Madison_New_4_20260602T013000.jpg,illegal_dumping,done,2026-06-04T13:50:51.863337+00:00,0.051,0.825,0.879,,nvidia/cosmos-reason2-8b,"DUMPING PRESENT: Yes
ORDINANCE VIOLATION: Yes
WASTE TYPE: mixed
WASTE VOLUME: small (pickup truck)
WASTE ORIGIN: residential
PROPERTY TYPE: alley
ADDRESS MARKERS: NONE
GUTTER/ALLEY: Yes
WATER PROXIMITY: No
CHRONIC SITE: No
VEHICLES: NONE
IDENTIFIERS: NONE
SEVERITY: 2
ORDINANCE: Sec-46-45
PRIORITY: MEDIUM
SUMMARY: Illegal dumping of mixed waste is present in an alleyway, violating Brownsville's property owner liability ordinance.
"
20260604T134116Z,DT_14th_and_Madison_New_4_20260602T014500.jpg,,,dataset_20260603_063335/DT_14th_and_Madison_New_4/DT_14th_and_Madison_New_4_20260602T014500.jpg,illegal_dumping,done,2026-06-04T13:50:51.954310+00:00,0.044,0.881,0.927,,nvidia/cosmos-reason2-8b,"DUMPING PRESENT: Yes
ORDINANCE VIOLATION: Yes
WASTE TYPE: mixed
WASTE VOLUME: small (pickup truck)
WASTE ORIGIN: residential
PROPERTY TYPE: vacant-lot
ADDRESS MARKERS: NONE
GUTTER/ALLEY: No
WATER PROXIMITY: No
CHRONIC SITE: No
VEHICLES: NONE
IDENTIFIERS: NONE
SEVERITY: 2
ORDINANCE: Sec-46-45
PRIORITY: MEDIUM
SUMMARY: Illegal dumping of mixed waste is present on a vacant lot, violating Brownsville's property owner liability ordinance.
"
20260604T134116Z,DT_14th_and_Madison_New_4_20260602T020000.jpg,,,dataset_20260603_063335/DT_14th_and_Madison_New_4/DT_14th_and_Madison_New_4_20260602T020000.jpg,illegal_dumping,done,2026-06-04T13:50:52.411623+00:00,0.052,0.758,0.812,,nvidia/cosmos-reason2-8b,"DUMPING PRESENT: Yes
ORDINANCE VIOLATION: Yes
WASTE TYPE: mixed
WASTE VOLUME: small (pickup truck)
WASTE ORIGIN: unknown
PROPERTY TYPE: right-of-way
ADDRESS MARKERS: NONE
GUTTER/ALLEY: Yes
WATER PROXIMITY: No
CHRONIC SITE: No
VEHICLES: NONE
IDENTIFIERS: NONE
SEVERITY: 1
ORDINANCE: Sec-46-45
PRIORITY: LOW
SUMMARY: Illegal dumping is present on the right-of-way, violating Brownsville's property owner liability ordinance (Sec. 46-45)."
20260604T134116Z,DT_14th_and_Madison_New_4_20260602T021500.jpg,,,dataset_20260603_063335/DT_14th_and_Madison_New_4/DT_14th_and_Madison_New_4_20260602T021500.jpg,illegal_dumping,done,2026-06-04T13:50:52.532300+00:00,0.049,0.966,1.018,,nvidia/cosmos-reason2-8b,"```json
{
  ""DUMPING PRESENT"": ""Yes"",
  ""ORDINANCE VIOLATION"": ""Yes"",
  ""WASTE TYPE"": [
    ""mixed""
  ],
  ""WASTE VOLUME"": ""small (pickup truck)"",
  ""WASTE ORIGIN"": ""unknown"",
  ""PROPERTY TYPE"": ""vacant-lot"",
  ""ADDRESS MARKERS"": ""NONE"",
  ""GUTTER/ALLEY"": ""No"",
  ""WATER PROXIMITY"": ""No"",
  ""CHRONIC SITE"": ""No"",
  ""VEHICLES"": ""NONE"",
  ""IDENTIFIERS"": ""NONE"",
  ""SEVERITY"": ""2"",
  ""ORDINANCE"": ""Sec-46-45"",
  ""PRIORITY"": ""MEDIUM"",
  ""SUMMARY"": ""Illegal dumping of mixed waste is observed on a vacant lot, violating property owner liability under Sec. 46-45.""
}
```"
20260604T134116Z,DT_14th_and_Madison_New_4_20260602T023000.jpg,,,dataset_20260603_063335/DT_14th_and_Madison_New_4/DT_14th_and_Madison_New_4_20260602T023000.jpg,illegal_dumping,done,2026-06-04T13:50:52.744785+00:00,0.047,0.824,0.874,,nvidia/cosmos-reason2-8b,"DUMPING PRESENT: Yes
ORDINANCE VIOLATION: Yes
WASTE TYPE: mixed
WASTE VOLUME: small (pickup truck)
WASTE ORIGIN: unknown
PROPERTY TYPE: vacant-lot
ADDRESS MARKERS: NONE
GUTTER/ALLEY: Yes
WATER PROXIMITY: No
CHRONIC SITE: No
VEHICLES: NONE
IDENTIFIERS: NONE
SEVERITY: 3
ORDINANCE: Sec-46-45
PRIORITY: MEDIUM
SUMMARY: Illegal dumping of mixed waste is present on a vacant lot, violating Brownsville's property owner liability ordinance.
"
20260604T134116Z,DT_14th_and_Madison_New_4_20260602T024500.jpg,,,dataset_20260603_063335/DT_14th_and_Madison_New_4/DT_14th_and_Madison_New_4_20260602T024500.jpg,illegal_dumping,done,2026-06-04T13:50:52.883956+00:00,0.045,0.866,0.914,,nvidia/cosmos-reason2-8b,"DUMPING PRESENT: Yes
ORDINANCE VIOLATION: Yes
WASTE TYPE: mixed
WASTE VOLUME: small (pickup truck)
WASTE ORIGIN: residential
PROPERTY TYPE: vacant-lot
ADDRESS MARKERS: NONE
GUTTER/ALLEY: Yes
WATER PROXIMITY: No
CHRONIC SITE: No
VEHICLES: NONE
IDENTIFIERS: NONE
SEVERITY: 2
ORDINANCE: Sec-46-45
PRIORITY: MEDIUM
SUMMARY: Illegal dumping of mixed waste is observed in a vacant lot, violating Brownsville's property owner liability ordinance (Sec. 46-45)."
20260604T134116Z,DT_14th_and_Madison_New_4_20260602T030000.jpg,,,dataset_20260603_063335/DT_14th_and_Madison_New_4/DT_14th_and_Madison_New_4_20260602T030000.jpg,illegal_dumping,done,2026-06-04T13:50:53.226323+00:00,0.046,0.723,0.772,,nvidia/cosmos-reason2-8b,"DUMPING PRESENT: Yes
ORDINANCE VIOLATION: Yes
WASTE TYPE: mixed
WASTE VOLUME: medium
WASTE ORIGIN: unknown
PROPERTY TYPE: right-of-way
ADDRESS MARKERS: NONE
GUTTER/ALLEY: Yes
WATER PROXIMITY: No
CHRONIC SITE: No
VEHICLES: NONE
IDENTIFIERS: NONE
SEVERITY: 2
ORDINANCE: Sec-46-45
PRIORITY: MEDIUM
SUMMARY: Mixed waste is illegally dumped in a right-of-way, violating Brownsville's property owner liability ordinance.
"
20260604T134116Z,DT_14th_and_Madison_New_4_20260602T031500.jpg,,,dataset_20260603_063335/DT_14th_and_Madison_New_4/DT_14th_and_Madison_New_4_20260602T031500.jpg,illegal_dumping,done,2026-06-04T13:50:53.553101+00:00,0.049,0.955,1.008,,nvidia/cosmos-reason2-8b,"```json
{
  ""DUMPING PRESENT"": ""Yes"",
  ""ORDINANCE VIOLATION"": ""Yes"",
  ""WASTE TYPE"": [
    ""mixed""
  ],
  ""WASTE VOLUME"": ""small"",
  ""WASTE ORIGIN"": ""unknown"",
  ""PROPERTY TYPE"": ""vacant-lot"",
  ""ADDRESS MARKERS"": ""NONE"",
  ""GUTTER/ALLEY"": ""No"",
  ""WATER PROXIMITY"": ""No"",
  ""CHRONIC SITE"": ""No"",
  ""VEHICLES"": ""NONE"",
  ""IDENTIFIERS"": ""NONE"",
  ""SEVERITY"": ""2"",
  ""ORDINANCE"": ""Sec-46-45"",
  ""PRIORITY"": ""MEDIUM"",
  ""SUMMARY"": ""Illegal dumping of mixed waste is observed on a vacant lot, violating Brownsville\u2019s property owner liability ordinance.""
}
```"
20260604T134116Z,DT_14th_and_Madison_New_4_20260602T033000.jpg,,,dataset_20260603_063335/DT_14th_and_Madison_New_4/DT_14th_and_Madison_New_4_20260602T033000.jpg,illegal_dumping,done,2026-06-04T13:50:53.621258+00:00,0.045,0.939,0.986,,nvidia/cosmos-reason2-8b,"DUMPING PRESENT: Yes
ORDINANCE VIOLATION: Yes
WASTE TYPE: mixed
WASTE VOLUME: small (pickup truck)
WASTE ORIGIN: residential
PROPERTY TYPE: vacant-lot
ADDRESS MARKERS: NONE
GUTTER/ALLEY: No
WATER PROXIMITY: No
CHRONIC SITE: No
VEHICLES: NONE
IDENTIFIERS: NONE
SEVERITY: 2
ORDINANCE: Sec-46-45
PRIORITY: MEDIUM
SUMMARY: Illegal dumping of mixed waste is observed on a vacant lot, violating Brownsville's property owner liability ordinance (Sec. 46-45).
"
20260604T134116Z,DT_14th_and_Madison_New_4_20260602T034500.jpg,,,dataset_20260603_063335/DT_14th_and_Madison_New_4/DT_14th_and_Madison_New_4_20260602T034500.jpg,illegal_dumping,done,2026-06-04T13:50:53.800451+00:00,0.039,0.911,0.963,,nvidia/cosmos-reason2-8b,"DUMPING PRESENT: Yes
ORDINANCE VIOLATION: Yes
WASTE TYPE: mixed
WASTE VOLUME: small (pickup truck)
WASTE ORIGIN: residential
PROPERTY TYPE: vacant-lot
ADDRESS MARKERS: NONE
GUTTER/ALLEY: No
WATER PROXIMITY: No
CHRONIC SITE: No
VEHICLES: NONE
IDENTIFIERS: NONE
SEVERITY: 2
ORDINANCE: Sec-46-45
PRIORITY: MEDIUM
SUMMARY: Illegal dumping of mixed waste is present on a vacant lot, violating Brownsville's property owner liability ordinance.
"
20260604T134116Z,DT_14th_and_Madison_New_4_20260602T040000.jpg,,,dataset_20260603_063335/DT_14th_and_Madison_New_4/DT_14th_and_Madison_New_4_20260602T040000.jpg,illegal_dumping,done,2026-06-04T13:50:54.000425+00:00,0.041,0.934,0.977,,nvidia/cosmos-reason2-8b,"DUMPING PRESENT: Yes
ORDINANCE VIOLATION: Yes
WASTE TYPE: mixed
WASTE VOLUME: small (pickup truck)
WASTE ORIGIN: residential
PROPERTY TYPE: vacant-lot
ADDRESS MARKERS: NONE
GUTTER/ALLEY: No
WATER PROXIMITY: No
CHRONIC SITE: No
VEHICLES: NONE
IDENTIFIERS: NONE
SEVERITY: 2
ORDINANCE: Sec-46-45
PRIORITY: MEDIUM
SUMMARY: Illegal dumping is observed on a vacant lot, with mixed waste scattered across the area, violating property owner liability under Sec-46-45.
"
20260604T134116Z,DT_14th_and_Madison_New_4_20260602T041500.jpg,,,dataset_20260603_063335/DT_14th_and_Madison_New_4/DT_14th_and_Madison_New_4_20260602T041500.jpg,illegal_dumping,done,2026-06-04T13:50:54.563456+00:00,0.045,0.741,0.789,,nvidia/cosmos-reason2-8b,"DUMPING PRESENT: Yes
ORDINANCE VIOLATION: Yes
WASTE TYPE: mixed
WASTE VOLUME: small (pickup truck)
WASTE ORIGIN: unknown
PROPERTY TYPE: alley
ADDRESS MARKERS: NONE
GUTTER/ALLEY: Yes
WATER PROXIMITY: No
CHRONIC SITE: No
VEHICLES: NONE
IDENTIFIERS: NONE
SEVERITY: 2
ORDINANCE: Sec-46-45
PRIORITY: MEDIUM
SUMMARY: Illegal dumping of mixed waste is present in the alley, violating Brownsville's property owner liability ordinance.
"
20260604T134116Z,DT_14th_and_Madison_New_4_20260602T043000.jpg,,,dataset_20260603_063335/DT_14th_and_Madison_New_4/DT_14th_and_Madison_New_4_20260602T043000.jpg,illegal_dumping,done,2026-06-04T13:50:54.610294+00:00,0.049,1.128,1.18,,nvidia/cosmos-reason2-8b,"DUMPING PRESENT: Yes
ORDINANCE VIOLATION: Yes
WASTE TYPE: mixed
WASTE VOLUME: small (pickup truck)
WASTE ORIGIN: residential
PROPERTY TYPE: alley
ADDRESS MARKERS: NONE
GUTTER/ALLEY: Yes
WATER PROXIMITY: No
CHRONIC SITE: No
VEHICLES: NONE
IDENTIFIERS: NONE
SEVERITY: 3
ORDINANCE: Sec-46-45
PRIORITY: MEDIUM
SUMMARY: Illegal dumping of mixed waste is observed in an alley, violating Brownsville's property owner liability ordinance.
"
20260604T134116Z,DT_14th_and_Madison_New_4_20260602T044500.jpg,,,dataset_20260603_063335/DT_14th_and_Madison_New_4/DT_14th_and_Madison_New_4_20260602T044500.jpg,illegal_dumping,done,2026-06-04T13:50:54.765634+00:00,0.041,0.925,0.969,,nvidia/cosmos-reason2-8b,"DUMPING PRESENT: Yes
ORDINANCE VIOLATION: Yes
WASTE TYPE: mixed
WASTE VOLUME: small (pickup truck)
WASTE ORIGIN: residential
PROPERTY TYPE: alley
ADDRESS MARKERS: NONE
GUTTER/ALLEY: Yes
WATER PROXIMITY: No
CHRONIC SITE: No
VEHICLES: NONE
IDENTIFIERS: NONE
SEVERITY: 2
ORDINANCE: Sec-46-45
PRIORITY: MEDIUM
SUMMARY: Illegal dumping of mixed waste is present in the alley, violating Brownsville's property owner liability ordinance.
"
20260604T134116Z,DT_14th_and_Madison_New_4_20260602T050000.jpg,,,dataset_20260603_063335/DT_14th_and_Madison_New_4/DT_14th_and_Madison_New_4_20260602T050000.jpg,illegal_dumping,done,2026-06-04T13:50:54.979546+00:00,0.044,0.998,1.044,,nvidia/cosmos-reason2-8b,"DUMPING PRESENT: Yes
ORDINANCE VIOLATION: Yes
WASTE TYPE: mixed
WASTE VOLUME: small (pickup truck)
WASTE ORIGIN: residential
PROPERTY TYPE: alley
ADDRESS MARKERS: NONE
GUTTER/ALLEY: Yes
WATER PROXIMITY: No
CHRONIC SITE: No
VEHICLES: NONE
IDENTIFIERS: NONE
SEVERITY: 2
ORDINANCE: Sec-46-45
PRIORITY: MEDIUM
SUMMARY: Illegal dumping of mixed waste is observed in an alleyway, violating Brownsville's property owner liability ordinance (Sec. 46-45).
"
20260604T134116Z,DT_14th_and_Madison_New_4_20260602T051500.jpg,,,dataset_20260603_063335/DT_14th_and_Madison_New_4/DT_14th_and_Madison_New_4_20260602T051500.jpg,illegal_dumping,done,2026-06-04T13:50:55.356586+00:00,0.043,0.806,0.852,,nvidia/cosmos-reason2-8b,"DUMPING PRESENT: Yes
ORDINANCE VIOLATION: Yes
WASTE TYPE: mixed
WASTE VOLUME: small (pickup truck)
WASTE ORIGIN: residential
PROPERTY TYPE: vacant-lot
ADDRESS MARKERS: NONE
GUTTER/ALLEY: No
WATER PROXIMITY: No
CHRONIC SITE: No
VEHICLES: NONE
IDENTIFIERS: NONE
SEVERITY: 2
ORDINANCE: Sec-46-45
PRIORITY: MEDIUM
SUMMARY: Illegal dumping of mixed waste is present on a vacant lot, violating property owner liability under Sec. 46-45.
"
20260604T134116Z,DT_14th_and_Madison_New_4_20260602T053000.jpg,,,dataset_20260603_063335/DT_14th_and_Madison_New_4/DT_14th_and_Madison_New_4_20260602T053000.jpg,illegal_dumping,done,2026-06-04T13:50:55.738015+00:00,0.052,0.766,0.822,,nvidia/cosmos-reason2-8b,"DUMPING PRESENT: Yes
ORDINANCE VIOLATION: Yes
WASTE TYPE: mixed
WASTE VOLUME: small (pickup truck)
WASTE ORIGIN: residential
PROPERTY TYPE: alley
ADDRESS MARKERS: NONE
GUTTER/ALLEY: Yes
WATER PROXIMITY: No
CHRONIC SITE: No
VEHICLES: NONE
IDENTIFIERS: NONE
SEVERITY: 2
ORDINANCE: Sec-46-45
PRIORITY: MEDIUM
SUMMARY: Illegal dumping of mixed waste is present in the alley, violating Brownsville's ordinance against improper disposal on private or public property.
"
20260604T134116Z,DT_14th_and_Madison_New_4_20260602T054500.jpg,,,dataset_20260603_063335/DT_14th_and_Madison_New_4/DT_14th_and_Madison_New_4_20260602T054500.jpg,illegal_dumping,done,2026-06-04T13:50:55.792979+00:00,0.046,0.9,0.948,,nvidia/cosmos-reason2-8b,"DUMPING PRESENT: Yes
ORDINANCE VIOLATION: Yes
WASTE TYPE: mixed
WASTE VOLUME: small (pickup truck)
WASTE ORIGIN: residential
PROPERTY TYPE: alley
ADDRESS MARKERS: NONE
GUTTER/ALLEY: Yes
WATER PROXIMITY: No
CHRONIC SITE: No
VEHICLES: NONE
IDENTIFIERS: NONE
SEVERITY: 2
ORDINANCE: Sec-46-45
PRIORITY: MEDIUM
SUMMARY: Illegal dumping of mixed waste is present in an alley, violating Brownsville's property owner liability ordinance.
"
20260604T134116Z,DT_14th_and_Madison_New_4_20260602T060000.jpg,,,dataset_20260603_063335/DT_14th_and_Madison_New_4/DT_14th_and_Madison_New_4_20260602T060000.jpg,illegal_dumping,done,2026-06-04T13:50:56.026362+00:00,0.045,0.826,0.874,,nvidia/cosmos-reason2-8b,"DUMPING PRESENT: Yes
ORDINANCE VIOLATION: Yes
WASTE TYPE: mixed
WASTE VOLUME: small (pickup truck)
WASTE ORIGIN: unknown
PROPERTY TYPE: alley
ADDRESS MARKERS: NONE
GUTTER/ALLEY: Yes
WATER PROXIMITY: No
CHRONIC SITE: No
VEHICLES: NONE
IDENTIFIERS: NONE
SEVERITY: 2
ORDINANCE: Sec-46-45
PRIORITY: MEDIUM
SUMMARY: Illegal dumping of mixed waste is present in the alley, violating Brownsville's property owner liability ordinance.
"
20260604T134116Z,DT_14th_and_Madison_New_4_20260602T061500.jpg,,,dataset_20260603_063335/DT_14th_and_Madison_New_4/DT_14th_and_Madison_New_4_20260602T061500.jpg,illegal_dumping,done,2026-06-04T13:50:56.211093+00:00,0.042,1.031,1.076,,nvidia/cosmos-reason2-8b,"```json
{
  ""DUMPING PRESENT"": ""Yes"",
  ""ORDINANCE VIOLATION"": ""Yes"",
  ""WASTE TYPE"": [
    ""mixed""
  ],
  ""WASTE VOLUME"": ""small (pickup truck)"",
  ""WASTE ORIGIN"": ""unknown"",
  ""PROPERTY TYPE"": ""vacant-lot"",
  ""ADDRESS MARKERS"": ""NONE"",
  ""GUTTER/ALLEY"": ""No"",
  ""WATER PROXIMITY"": ""No"",
  ""CHRONIC SITE"": ""No"",
  ""VEHICLES"": ""NONE"",
  ""IDENTIFIERS"": ""NONE"",
  ""SEVERITY"": ""2"",
  ""ORDINANCE"": ""Sec-46-45"",
  ""PRIORITY"": ""MEDIUM"",
  ""SUMMARY"": ""Illegal dumping of mixed waste is observed on a vacant lot, violating Brownsville\u2019s property owner liability ordinance.""
}
```"
20260604T134116Z,DT_14th_and_Madison_New_4_20260602T063000.jpg,,,dataset_20260603_063335/DT_14th_and_Madison_New_4/DT_14th_and_Madison_New_4_20260602T063000.jpg,illegal_dumping,done,2026-06-04T13:50:56.562344+00:00,0.041,0.745,0.789,,nvidia/cosmos-reason2-8b,"DUMPING PRESENT: Yes
ORDINANCE VIOLATION: Yes
WASTE TYPE: mixed
WASTE VOLUME: small (pickup truck)
WASTE ORIGIN: residential
PROPERTY TYPE: alley
ADDRESS MARKERS: NONE
GUTTER/ALLEY: Yes
WATER PROXIMITY: No
CHRONIC SITE: No
VEHICLES: NONE
IDENTIFIERS: NONE
SEVERITY: 2
ORDINANCE: Sec-46-45
PRIORITY: MEDIUM
SUMMARY: Illegal dumping of mixed waste is observed in an alley, violating Brownsville's property owner liability ordinance.
"
20260604T134116Z,DT_14th_and_Madison_New_4_20260602T064500.jpg,,,dataset_20260603_063335/DT_14th_and_Madison_New_4/DT_14th_and_Madison_New_4_20260602T064500.jpg,illegal_dumping,done,2026-06-04T13:50:56.743662+00:00,0.045,0.773,0.82,,nvidia/cosmos-reason2-8b,"DUMPING PRESENT: Yes
ORDINANCE VIOLATION: Yes
WASTE TYPE: mixed
WASTE VOLUME: small (pickup truck)
WASTE ORIGIN: residential
PROPERTY TYPE: alley
ADDRESS MARKERS: NONE
GUTTER/ALLEY: Yes
WATER PROXIMITY: No
CHRONIC SITE: No
VEHICLES: NONE
IDENTIFIERS: NONE
SEVERITY: 2
ORDINANCE: Sec-46-45
PRIORITY: MEDIUM
SUMMARY: Illegal dumping of mixed waste is present in the alley, violating Brownsville's ordinance on property owner liability.
"
20260604T134116Z,DT_14th_and_Madison_New_4_20260602T070000.jpg,,,dataset_20260603_063335/DT_14th_and_Madison_New_4/DT_14th_and_Madison_New_4_20260602T070000.jpg,illegal_dumping,done,2026-06-04T13:50:56.902943+00:00,0.052,0.855,0.911,,nvidia/cosmos-reason2-8b,"DUMPING PRESENT: Yes
ORDINANCE VIOLATION: Yes
WASTE TYPE: mixed
WASTE VOLUME: small (pickup truck)
WASTE ORIGIN: residential
PROPERTY TYPE: alley
ADDRESS MARKERS: NONE
GUTTER/ALLEY: Yes
WATER PROXIMITY: No
CHRONIC SITE: No
VEHICLES: NONE
IDENTIFIERS: NONE
SEVERITY: 2
ORDINANCE: Sec-46-45
PRIORITY: MEDIUM
SUMMARY: Illegal dumping is present in the alley, violating Brownsville's property owner liability ordinance (Sec. 46-45). Mixed waste is visible, indicating a potential chronic issue requiring enforcement action.
"
20260604T134116Z,DT_14th_and_Madison_New_4_20260602T071500.jpg,,,dataset_20260603_063335/DT_14th_and_Madison_New_4/DT_14th_and_Madison_New_4_20260602T071500.jpg,illegal_dumping,done,2026-06-04T13:50:57.289465+00:00,0.042,0.673,0.718,,nvidia/cosmos-reason2-8b,"DUMPING PRESENT: No
ORDINANCE VIOLATION: No
WASTE TYPE: mixed
WASTE VOLUME: small (pickup truck)
WASTE ORIGIN: residential
PROPERTY TYPE: vacant-lot
ADDRESS MARKERS: NONE
GUTTER/ALLEY: No
WATER PROXIMITY: No
CHRONIC SITE: No
VEHICLES: NONE
IDENTIFIERS: NONE
SEVERITY: 1
ORDINANCE: N/A
PRIORITY: LOW
SUMMARY: No illegal dumping detected in the video."
20260604T134116Z,DT_14th_and_Madison_New_4_20260602T073000.jpg,,,dataset_20260603_063335/DT_14th_and_Madison_New_4/DT_14th_and_Madison_New_4_20260602T073000.jpg,illegal_dumping,done,2026-06-04T13:50:57.353089+00:00,0.048,0.848,0.899,,nvidia/cosmos-reason2-8b,"DUMPING PRESENT: No
ORDINANCE VIOLATION: No
WASTE TYPE: mixed
WASTE VOLUME: small (pickup truck)
WASTE ORIGIN: residential
PROPERTY TYPE: occupied-private
ADDRESS MARKERS: <NONE>
GUTTER/ALLEY: No
WATER PROXIMITY: No
CHRONIC SITE: No
VEHICLES: <NONE>
IDENTIFIERS: <NONE>
SEVERITY: 1
ORDINANCE: N/A
PRIORITY: LOW
SUMMARY: No illegal dumping observed; the scene shows a green background with no discernible waste or property details."
20260604T134116Z,DT_14th_and_Madison_New_4_20260602T074500.jpg,,,dataset_20260603_063335/DT_14th_and_Madison_New_4/DT_14th_and_Madison_New_4_20260602T074500.jpg,illegal_dumping,done,2026-06-04T13:50:57.566440+00:00,0.045,0.798,0.859,,nvidia/cosmos-reason2-8b,"DUMPING PRESENT: Yes
ORDINANCE VIOLATION: Yes
WASTE TYPE: mixed
WASTE VOLUME: small (pickup truck)
WASTE ORIGIN: residential
PROPERTY TYPE: alley
ADDRESS MARKERS: NONE
GUTTER/ALLEY: Yes
WATER PROXIMITY: No
CHRONIC SITE: No
VEHICLES: NONE
IDENTIFIERS: NONE
SEVERITY: 1
ORDINANCE: Sec-46-45
PRIORITY: LOW
SUMMARY: Illegal dumping of mixed waste is present in the alley, violating Brownsville's property owner liability ordinance."
20260604T134116Z,DT_14th_and_Madison_New_4_20260602T080000.jpg,,,dataset_20260603_063335/DT_14th_and_Madison_New_4/DT_14th_and_Madison_New_4_20260602T080000.jpg,illegal_dumping,done,2026-06-04T13:50:57.817174+00:00,0.048,0.756,0.808,,nvidia/cosmos-reason2-8b,"DUMPING PRESENT: Yes
ORDINANCE VIOLATION: Yes
WASTE TYPE: mixed
WASTE VOLUME: small (pickup truck)
WASTE ORIGIN: residential
PROPERTY TYPE: alley
ADDRESS MARKERS: NONE
GUTTER/ALLEY: Yes
WATER PROXIMITY: No
CHRONIC SITE: No
VEHICLES: NONE
IDENTIFIERS: NONE
SEVERITY: 2
ORDINANCE: Sec-46-45
PRIORITY: MEDIUM
SUMMARY: Illegal dumping of mixed waste is present in the alley, violating Brownsville's property owner liability ordinance."
20260604T134116Z,DT_14th_and_Madison_New_4_20260602T081500.jpg,,,dataset_20260603_063335/DT_14th_and_Madison_New_4/DT_14th_and_Madison_New_4_20260602T081500.jpg,illegal_dumping,done,2026-06-04T13:50:58.010386+00:00,0.039,0.824,0.866,,nvidia/cosmos-reason2-8b,"```json
{
  ""DUMPING PRESENT"": ""No"",
  ""ORDINANCE VIOLATION"": ""No"",
  ""WASTE TYPE"": [],
  ""WASTE VOLUME"": ""small (pickup truck)"",
  ""WASTE ORIGIN"": ""residential"",
  ""PROPERTY TYPE"": ""vacant-lot"",
  ""ADDRESS MARKERS"": ""NONE"",
  ""GUTTER/ALLEY"": ""No"",
  ""WATER PROXIMITY"": ""No"",
  ""CHRONIC SITE"": ""No"",
  ""VEHICLES"": ""NONE"",
  ""IDENTIFIERS"": ""NONE"",
  ""SEVERITY"": ""1"",
  ""ORDINANCE"": ""N/A"",
  ""PRIORITY"": ""LOW"",
  ""SUMMARY"": ""No illegal dumping detected; the area appears clean and free of waste materials.""
}
```"
20260604T134116Z,DT_14th_and_Madison_New_4_20260602T083000.jpg,,,dataset_20260603_063335/DT_14th_and_Madison_New_4/DT_14th_and_Madison_New_4_20260602T083000.jpg,illegal_dumping,done,2026-06-04T13:50:58.254499+00:00,0.051,0.732,0.786,,nvidia/cosmos-reason2-8b,"DUMPING PRESENT: Yes
ORDINANCE VIOLATION: Yes
WASTE TYPE: mixed
WASTE VOLUME: small (pickup truck)
WASTE ORIGIN: residential
PROPERTY TYPE: alley
ADDRESS MARKERS: NONE
GUTTER/ALLEY: Yes
WATER PROXIMITY: No
CHRONIC SITE: No
VEHICLES: NONE
IDENTIFIERS: NONE
SEVERITY: 2
ORDINANCE: Sec-46-45
PRIORITY: MEDIUM
SUMMARY: Illegal dumping of mixed waste is present in the alley, violating Brownsville's property owner liability ordinance.
"
20260604T134116Z,DT_14th_and_Madison_New_4_20260602T084500.jpg,,,dataset_20260603_063335/DT_14th_and_Madison_New_4/DT_14th_and_Madison_New_4_20260602T084500.jpg,illegal_dumping,done,2026-06-04T13:50:58.428897+00:00,0.045,0.914,0.962,,nvidia/cosmos-reason2-8b,"```json
{
  ""DUMPING PRESENT"": ""No"",
  ""ORDINANCE VIOLATION"": ""No"",
  ""WASTE TYPE"": [],
  ""WASTE VOLUME"": ""small (pickup truck)"",
  ""WASTE ORIGIN"": ""residential"",
  ""PROPERTY TYPE"": ""vacant-lot"",
  ""ADDRESS MARKERS"": ""NONE"",
  ""GUTTER/ALLEY"": ""No"",
  ""WATER PROXIMITY"": ""No"",
  ""CHRONIC SITE"": ""No"",
  ""VEHICLES"": ""NONE"",
  ""IDENTIFIERS"": ""NONE"",
  ""SEVERITY"": ""1"",
  ""ORDINANCE"": ""N/A"",
  ""PRIORITY"": ""LOW"",
  ""SUMMARY"": ""No illegal dumping detected; the scene shows a landscaped area with palm trees and a paved path, indicating proper land use.""
}
```"
20260604T134116Z,DT_14th_and_Madison_New_4_20260602T090000.jpg,,,dataset_20260603_063335/DT_14th_and_Madison_New_4/DT_14th_and_Madison_New_4_20260602T090000.jpg,illegal_dumping,done,2026-06-04T13:50:58.627211+00:00,0.042,1.408,1.453,,nvidia/cosmos-reason2-8b,"DUMPING PRESENT: Yes
ORDINANCE VIOLATION: Yes
WASTE TYPE: mixed
WASTE VOLUME: small (pickup truck)
WASTE ORIGIN: residential
PROPERTY TYPE: alley
ADDRESS MARKERS: NONE
GUTTER/ALLEY: Yes
WATER PROXIMITY: No
CHRONIC SITE: No
VEHICLES: NONE
IDENTIFIERS: NONE
SEVERITY: 3
ORDINANCE: Sec-46-45
PRIORITY: MEDIUM
SUMMARY: Illegal dumping of mixed waste is present in the alley, violating Brownsville's property owner liability ordinance.
"
20260604T134116Z,DT_14th_and_Madison_New_4_20260602T091500.jpg,,,dataset_20260603_063335/DT_14th_and_Madison_New_4/DT_14th_and_Madison_New_4_20260602T091500.jpg,illegal_dumping,done,2026-06-04T13:50:58.879357+00:00,0.042,0.752,0.797,,nvidia/cosmos-reason2-8b,"DUMPING PRESENT: No
ORDINANCE VIOLATION: No
WASTE TYPE: mixed
WASTE VOLUME: small (pickup truck)
WASTE ORIGIN: residential
PROPERTY TYPE: occupied-private
ADDRESS MARKERS: NONE
GUTTER/ALLEY: No
WATER PROXIMITY: No
CHRONIC SITE: No
VEHICLES: NONE
IDENTIFIERS: NONE
SEVERITY: 1
ORDINANCE: N/A
PRIORITY: LOW
SUMMARY: No illegal dumping is observed in the video."
20260604T134116Z,DT_14th_and_Madison_New_4_20260602T093000.jpg,,,dataset_20260603_063335/DT_14th_and_Madison_New_4/DT_14th_and_Madison_New_4_20260602T093000.jpg,illegal_dumping,done,2026-06-04T13:50:59.043110+00:00,0.038,0.952,0.993,,nvidia/cosmos-reason2-8b,"DUMPING PRESENT: No
ORDINANCE VIOLATION: No
WASTE TYPE: mixed
WASTE VOLUME: small (pickup truck)
WASTE ORIGIN: residential
PROPERTY TYPE: occupied-private
ADDRESS MARKERS: NONE
GUTTER/ALLEY: No
WATER PROXIMITY: No
CHRONIC SITE: No
VEHICLES: NONE
IDENTIFIERS: NONE
SEVERITY: 1
ORDINANCE: N/A
PRIORITY: LOW
SUMMARY: No illegal dumping detected; the scene shows a mix of green and pink hues without clear waste or property violations."
20260604T134116Z,DT_14th_and_Madison_New_4_20260602T094500.jpg,,,dataset_20260603_063335/DT_14th_and_Madison_New_4/DT_14th_and_Madison_New_4_20260602T094500.jpg,illegal_dumping,done,2026-06-04T13:50:59.394041+00:00,0.051,0.875,0.93,,nvidia/cosmos-reason2-8b,"DUMPING PRESENT: Yes
ORDINANCE VIOLATION: Yes
WASTE TYPE: mixed
WASTE VOLUME: small (pickup truck)
WASTE ORIGIN: residential
PROPERTY TYPE: alley
ADDRESS MARKERS: NONE
GUTTER/ALLEY: Yes
WATER PROXIMITY: No
CHRONIC SITE: No
VEHICLES: <color, type, any text visible — or NONE>
IDENTIFIERS: <plates, signage, labels, individuals — or NONE>
SEVERITY: 2
ORDINANCE: Sec-46-45
PRIORITY: MEDIUM
SUMMARY: Illegal dumping of mixed waste is present in the alley, violating Brownsville's ordinance, with debris scattered along the dirt path.
"
20260604T134116Z,DT_14th_and_Madison_New_4_20260602T100000.jpg,,,dataset_20260603_063335/DT_14th_and_Madison_New_4/DT_14th_and_Madison_New_4_20260602T100000.jpg,illegal_dumping,done,2026-06-04T13:50:59.678986+00:00,0.042,0.737,0.782,,nvidia/cosmos-reason2-8b,"DUMPING PRESENT: Yes
ORDINANCE VIOLATION: Yes
WASTE TYPE: mixed
WASTE VOLUME: small (pickup truck)
WASTE ORIGIN: residential
PROPERTY TYPE: alley
ADDRESS MARKERS: NONE
GUTTER/ALLEY: Yes
WATER PROXIMITY: No
CHRONIC SITE: No
VEHICLES: NONE
IDENTIFIERS: <plates, signage, labels, individuals — or NONE>
SEVERITY: 2
ORDINANCE: Sec-46-45
PRIORITY: MEDIUM
SUMMARY: Illegal dumping of mixed waste is present in the alley, violating Brownsville's property owner liability ordinance.
"
20260604T134116Z,DT_14th_and_Madison_New_4_20260602T101500.jpg,,,dataset_20260603_063335/DT_14th_and_Madison_New_4/DT_14th_and_Madison_New_4_20260602T101500.jpg,illegal_dumping,done,2026-06-04T13:51:00.038658+00:00,0.042,0.76,0.805,,nvidia/cosmos-reason2-8b,"DUMPING PRESENT: No
ORDINANCE VIOLATION: No
WASTE TYPE: mixed
WASTE VOLUME: medium
WASTE ORIGIN: residential
PROPERTY TYPE: vacant-lot
ADDRESS MARKERS: NONE
GUTTER/ALLEY: No
WATER PROXIMITY: No
CHRONIC SITE: No
VEHICLES: NONE
IDENTIFIERS: NONE
SEVERITY: 1
ORDINANCE: N/A
PRIORITY: LOW
SUMMARY: No illegal dumping detected in the analyzed frames."
20260604T134116Z,DT_14th_and_Madison_New_4_20260602T103000.jpg,,,dataset_20260603_063335/DT_14th_and_Madison_New_4/DT_14th_and_Madison_New_4_20260602T103000.jpg,illegal_dumping,done,2026-06-04T13:51:00.082640+00:00,0.04,1.033,1.077,,nvidia/cosmos-reason2-8b,"DUMPING PRESENT: Yes
ORDINANCE VIOLATION: Yes
WASTE TYPE: mixed
WASTE VOLUME: small (pickup truck)
WASTE ORIGIN: residential
PROPERTY TYPE: alley
ADDRESS MARKERS: NONE
GUTTER/ALLEY: Yes
WATER PROXIMITY: No
CHRONIC SITE: No
VEHICLES: NONE
IDENTIFIERS: <plates, signage, labels, individuals — or NONE>
SEVERITY: 2
ORDINANCE: Sec-46-45
PRIORITY: MEDIUM
SUMMARY: Illegal dumping of mixed waste is present in the alley, violating Brownsville's ordinance Sec-46-45, which holds property owners liable for waste on their land.
"
20260604T134116Z,DT_14th_and_Madison_New_4_20260602T104500.jpg,,,dataset_20260603_063335/DT_14th_and_Madison_New_4/DT_14th_and_Madison_New_4_20260602T104500.jpg,illegal_dumping,done,2026-06-04T13:51:00.326200+00:00,0.034,0.815,0.851,,nvidia/cosmos-reason2-8b,"DUMPING PRESENT: No
ORDINANCE VIOLATION: No
WASTE TYPE: mixed
WASTE VOLUME: small (pickup truck)
WASTE ORIGIN: residential
PROPERTY TYPE: occupied-private
ADDRESS MARKERS: NONE
GUTTER/ALLEY: No
WATER PROXIMITY: No
CHRONIC SITE: No
VEHICLES: NONE
IDENTIFIERS: NONE
SEVERITY: 1
ORDINANCE: N/A
PRIORITY: LOW
SUMMARY: No illegal dumping detected; the scene shows a mix of household items and debris on a residential property without clear evidence of violation."
20260604T134116Z,DT_14th_and_Madison_New_4_20260602T110000.jpg,,,dataset_20260603_063335/DT_14th_and_Madison_New_4/DT_14th_and_Madison_New_4_20260602T110000.jpg,illegal_dumping,done,2026-06-04T13:51:00.464164+00:00,0.049,1.048,1.113,,nvidia/cosmos-reason2-8b,"DUMPING PRESENT: Yes
ORDINANCE VIOLATION: Yes
WASTE TYPE: mixed
WASTE VOLUME: small (pickup truck)
WASTE ORIGIN: residential
PROPERTY TYPE: right-of-way
ADDRESS MARKERS: NONE
GUTTER/ALLEY: Yes
WATER PROXIMITY: No
CHRONIC SITE: No
VEHICLES: <color, type, any text visible — or NONE>
IDENTIFIERS: <plates, signage, labels, individuals — or NONE>
SEVERITY: 3
ORDINANCE: Sec-46-45
PRIORITY: MEDIUM
SUMMARY: Illegal dumping of mixed waste is present in the right-of-way, violating Brownsville's ordinance, with debris scattered across the area.
"
20260604T134116Z,DT_14th_and_Madison_New_4_20260602T111500.jpg,,,dataset_20260603_063335/DT_14th_and_Madison_New_4/DT_14th_and_Madison_New_4_20260602T111500.jpg,illegal_dumping,done,2026-06-04T13:51:00.846378+00:00,0.044,0.886,0.936,,nvidia/cosmos-reason2-8b,"DUMPING PRESENT: Yes
ORDINANCE VIOLATION: Yes
WASTE TYPE: mixed
WASTE VOLUME: small (pickup truck)
WASTE ORIGIN: residential
PROPERTY TYPE: right-of-way
ADDRESS MARKERS: NONE
GUTTER/ALLEY: Yes
WATER PROXIMITY: No
CHRONIC SITE: No
VEHICLES: NONE
IDENTIFIERS: <plates, signage, labels, individuals — or NONE>
SEVERITY: 2
ORDINANCE: Sec-46-45
PRIORITY: MEDIUM
SUMMARY: Illegal dumping of mixed waste is present in the right-of-way, violating Brownsville's ordinance Sec-46-45, which holds property owners liable for such activities.
"
20260604T134116Z,DT_14th_and_Madison_New_4_20260602T113000.jpg,,,dataset_20260603_063335/DT_14th_and_Madison_New_4/DT_14th_and_Madison_New_4_20260602T113000.jpg,illegal_dumping,done,2026-06-04T13:51:01.161956+00:00,0.087,0.917,1.021,,nvidia/cosmos-reason2-8b,"DUMPING PRESENT: Yes
ORDINANCE VIOLATION: Yes
WASTE TYPE: mixed
WASTE VOLUME: small (pickup truck)
WASTE ORIGIN: residential
PROPERTY TYPE: right-of-way
ADDRESS MARKERS: NONE
GUTTER/ALLEY: Yes
WATER PROXIMITY: No
CHRONIC SITE: No
VEHICLES: <color, type, any text visible — or NONE>
IDENTIFIERS: <plates, signage, labels, individuals — or NONE>
SEVERITY: 2
ORDINANCE: Sec-46-45
PRIORITY: MEDIUM
SUMMARY: Illegal dumping of mixed waste is present in the right-of-way, violating Brownsville's ordinance against improper disposal on private or public property.
"
20260604T134116Z,DT_14th_and_Madison_New_4_20260602T114500.jpg,,,dataset_20260603_063335/DT_14th_and_Madison_New_4/DT_14th_and_Madison_New_4_20260602T114500.jpg,illegal_dumping,done,2026-06-04T13:51:01.179902+00:00,0.087,1.08,1.172,,nvidia/cosmos-reason2-8b,"DUMPING PRESENT: Yes
ORDINANCE VIOLATION: Yes
WASTE TYPE: mixed
WASTE VOLUME: small (pickup truck)
WASTE ORIGIN: residential
PROPERTY TYPE: right-of-way
ADDRESS MARKERS: NONE
GUTTER/ALLEY: Yes
WATER PROXIMITY: No
CHRONIC SITE: No
VEHICLES: NONE
IDENTIFIERS: NONE
SEVERITY: 2
ORDINANCE: Sec-46-45
PRIORITY: MEDIUM
SUMMARY: Illegal dumping of mixed waste is present in the right-of-way, violating Brownsville's property owner liability ordinance.
"
20260604T134116Z,DT_14th_and_Madison_New_4_20260602T120000.jpg,,,dataset_20260603_063335/DT_14th_and_Madison_New_4/DT_14th_and_Madison_New_4_20260602T120000.jpg,illegal_dumping,done,2026-06-04T13:51:01.580263+00:00,0.043,0.777,0.825,,nvidia/cosmos-reason2-8b,"DUMPING PRESENT: Yes
ORDINANCE VIOLATION: Yes
WASTE TYPE: mixed
WASTE VOLUME: small (pickup truck)
WASTE ORIGIN: residential
PROPERTY TYPE: alley
ADDRESS MARKERS: NONE
GUTTER/ALLEY: Yes
WATER PROXIMITY: No
CHRONIC SITE: No
VEHICLES: NONE
IDENTIFIERS: NONE
SEVERITY: 2
ORDINANCE: Sec-46-45
PRIORITY: MEDIUM
SUMMARY: Illegal dumping of mixed waste is present in the alley, violating Brownsville's property owner liability ordinance.
"
20260604T134116Z,DT_14th_and_Madison_New_4_20260602T121500.jpg,,,dataset_20260603_063335/DT_14th_and_Madison_New_4/DT_14th_and_Madison_New_4_20260602T121500.jpg,illegal_dumping,done,2026-06-04T13:51:01.785065+00:00,0.045,0.774,0.821,,nvidia/cosmos-reason2-8b,"DUMPING PRESENT: No
ORDINANCE VIOLATION: No
WASTE TYPE: mixed
WASTE VOLUME: small (pickup truck)
WASTE ORIGIN: residential
PROPERTY TYPE: occupied-private
ADDRESS MARKERS: NONE
GUTTER/ALLEY: No
WATER PROXIMITY: No
CHRONIC SITE: No
VEHICLES: NONE
IDENTIFIERS: NONE
SEVERITY: 1
ORDINANCE: N/A
PRIORITY: LOW
SUMMARY: No illegal dumping detected; the scene shows a vibrant abstract pattern with no discernible waste or property violations."
20260604T134116Z,DT_14th_and_Madison_New_4_20260602T123000.jpg,,,dataset_20260603_063335/DT_14th_and_Madison_New_4/DT_14th_and_Madison_New_4_20260602T123000.jpg,illegal_dumping,done,2026-06-04T13:51:02.186212+00:00,0.051,0.63,0.697,,nvidia/cosmos-reason2-8b,"DUMPING PRESENT: No
ORDINANCE VIOLATION: No
WASTE TYPE: mixed
WASTE VOLUME: small (pickup truck)
WASTE ORIGIN: residential
PROPERTY TYPE: vacant-lot
ADDRESS MARKERS: NONE
GUTTER/ALLEY: No
WATER PROXIMITY: No
CHRONIC SITE: No
VEHICLES: NONE
IDENTIFIERS: NONE
SEVERITY: 1
ORDINANCE: N/A
PRIORITY: LOW
SUMMARY: No illegal dumping detected in the provided frames."
20260604T134116Z,DT_14th_and_Madison_New_4_20260602T124500.jpg,,,dataset_20260603_063335/DT_14th_and_Madison_New_4/DT_14th_and_Madison_New_4_20260602T124500.jpg,illegal_dumping,done,2026-06-04T13:51:02.354584+00:00,0.051,0.923,0.979,,nvidia/cosmos-reason2-8b,"DUMPING PRESENT: Yes
ORDINANCE VIOLATION: Yes
WASTE TYPE: mixed
WASTE VOLUME: small (pickup truck)
WASTE ORIGIN: residential
PROPERTY TYPE: alley
ADDRESS MARKERS: NONE
GUTTER/ALLEY: Yes
WATER PROXIMITY: No
CHRONIC SITE: No
VEHICLES: NONE
IDENTIFIERS: NONE
SEVERITY: 2
ORDINANCE: Sec-46-45
PRIORITY: MEDIUM
SUMMARY: Illegal dumping of mixed waste is present in the alley, violating Brownsville's ordinance, with debris scattered across the dirt path.
"
20260604T134116Z,DT_14th_and_Madison_New_4_20260602T130000.jpg,,,dataset_20260603_063335/DT_14th_and_Madison_New_4/DT_14th_and_Madison_New_4_20260602T130000.jpg,illegal_dumping,done,2026-06-04T13:51:02.409047+00:00,0.051,1.104,1.16,,nvidia/cosmos-reason2-8b,"DUMPING PRESENT: Yes
ORDINANCE VIOLATION: Yes
WASTE TYPE: mixed
WASTE VOLUME: small (pickup truck)
WASTE ORIGIN: residential
PROPERTY TYPE: right-of-way
ADDRESS MARKERS: NONE
GUTTER/ALLEY: Yes
WATER PROXIMITY: No
CHRONIC SITE: No
VEHICLES: Black SUV
IDENTIFIERS: NONE
SEVERITY: 2
ORDINANCE: Sec-46-45
PRIORITY: MEDIUM
SUMMARY: Illegal dumping of mixed waste is present in the right-of-way, violating Sec. 46-45, with potential liability for the property owner.
"
20260604T134116Z,DT_14th_and_Madison_New_4_20260602T131500.jpg,,,dataset_20260603_063335/DT_14th_and_Madison_New_4/DT_14th_and_Madison_New_4_20260602T131500.jpg,illegal_dumping,done,2026-06-04T13:51:02.609103+00:00,0.043,0.971,1.018,,nvidia/cosmos-reason2-8b,"DUMPING PRESENT: Yes
ORDINANCE VIOLATION: Yes
WASTE TYPE: mixed
WASTE VOLUME: small (pickup truck)
WASTE ORIGIN: residential
PROPERTY TYPE: alley
ADDRESS MARKERS: NONE
GUTTER/ALLEY: Yes
WATER PROXIMITY: No
CHRONIC SITE: No
VEHICLES: NONE
IDENTIFIERS: NONE
SEVERITY: 2
ORDINANCE: Sec-46-45
PRIORITY: MEDIUM
SUMMARY: Illegal dumping is present in the alleyway, violating Brownsville's property owner liability ordinance.
"
20260604T134116Z,DT_14th_and_Madison_New_4_20260602T133000.jpg,,,dataset_20260603_063335/DT_14th_and_Madison_New_4/DT_14th_and_Madison_New_4_20260602T133000.jpg,illegal_dumping,done,2026-06-04T13:51:02.886093+00:00,0.049,0.743,0.796,,nvidia/cosmos-reason2-8b,"DUMPING PRESENT: No
ORDINANCE VIOLATION: No
WASTE TYPE: mixed
WASTE VOLUME: small (pickup truck)
WASTE ORIGIN: residential
PROPERTY TYPE: occupied-private
ADDRESS MARKERS: NONE
GUTTER/ALLEY: No
WATER PROXIMITY: No
CHRONIC SITE: No
VEHICLES: NONE
IDENTIFIERS: NONE
SEVERITY: 1
ORDINANCE: N/A
PRIORITY: LOW
SUMMARY: No illegal dumping detected in the video."
20260604T134116Z,DT_14th_and_Madison_New_4_20260602T134500.jpg,,,dataset_20260603_063335/DT_14th_and_Madison_New_4/DT_14th_and_Madison_New_4_20260602T134500.jpg,illegal_dumping,done,2026-06-04T13:51:03.337242+00:00,0.046,0.74,0.804,,nvidia/cosmos-reason2-8b,"DUMPING PRESENT: Yes
ORDINANCE VIOLATION: Yes
WASTE TYPE: mixed
WASTE VOLUME: small (pickup truck)
WASTE ORIGIN: residential
PROPERTY TYPE: alley
ADDRESS MARKERS: NONE
GUTTER/ALLEY: Yes
WATER PROXIMITY: No
CHRONIC SITE: No
VEHICLES: NONE
IDENTIFIERS: <plates, signage, labels, individuals — or NONE>
SEVERITY: 2
ORDINANCE: Sec-46-45
PRIORITY: MEDIUM
SUMMARY: Illegal dumping of mixed waste is present in the alley, violating Brownsville's property owner liability ordinance.
"
20260604T134116Z,DT_14th_and_Madison_New_4_20260602T140000.jpg,,,dataset_20260603_063335/DT_14th_and_Madison_New_4/DT_14th_and_Madison_New_4_20260602T140000.jpg,illegal_dumping,done,2026-06-04T13:51:03.571856+00:00,0.056,1.001,1.062,,nvidia/cosmos-reason2-8b,"DUMPING PRESENT: Yes
ORDINANCE VIOLATION: Yes
WASTE TYPE: mixed
WASTE VOLUME: small (pickup truck)
WASTE ORIGIN: residential
PROPERTY TYPE: vacant-lot
ADDRESS MARKERS: < NONE >
GUTTER/ALLEY: No
WATER PROXIMITY: No
CHRONIC SITE: No
VEHICLES: < NONE >
IDENTIFIERS: < NONE >
SEVERITY: 3
ORDINANCE: Sec-46-45
PRIORITY: MEDIUM
SUMMARY: Illegal dumping of mixed waste is present on a vacant lot, violating Brownsville's property owner liability ordinance.
"
20260604T134116Z,DT_14th_and_Madison_New_4_20260602T141500.jpg,,,dataset_20260603_063335/DT_14th_and_Madison_New_4/DT_14th_and_Madison_New_4_20260602T141500.jpg,illegal_dumping,done,2026-06-04T13:51:03.630916+00:00,0.052,1.175,1.229,,nvidia/cosmos-reason2-8b,"DUMPING PRESENT: No
ORDINANCE VIOLATION: No
WASTE TYPE: mixed
WASTE VOLUME: small (pickup truck)
WASTE ORIGIN: residential
PROPERTY TYPE: vacant-lot
ADDRESS MARKERS: NONE
GUTTER/ALLEY: No
WATER PROXIMITY: No
CHRONIC SITE: No
VEHICLES: NONE
IDENTIFIERS: NONE
SEVERITY: 1
ORDINANCE: N/A
PRIORITY: LOW
SUMMARY: No illegal dumping detected in the video."
20260604T134116Z,DT_14th_and_Madison_New_4_20260602T143000.jpg,,,dataset_20260603_063335/DT_14th_and_Madison_New_4/DT_14th_and_Madison_New_4_20260602T143000.jpg,illegal_dumping,done,2026-06-04T13:51:03.684745+00:00,0.044,0.758,0.806,,nvidia/cosmos-reason2-8b,"DUMPING PRESENT: No
ORDINANCE VIOLATION: No
WASTE TYPE: mixed
WASTE VOLUME: small (pickup truck)
WASTE ORIGIN: residential
PROPERTY TYPE: vacant-lot
ADDRESS MARKERS: NONE
GUTTER/ALLEY: No
WATER PROXIMITY: No
CHRONIC SITE: No
VEHICLES: NONE
IDENTIFIERS: NONE
SEVERITY: 1
ORDINANCE: N/A
PRIORITY: LOW
SUMMARY: No illegal dumping detected; the image shows a solid green background with no discernible waste or property details."
20260604T134116Z,DT_14th_and_Madison_New_4_20260602T144500.jpg,,,dataset_20260603_063335/DT_14th_and_Madison_New_4/DT_14th_and_Madison_New_4_20260602T144500.jpg,illegal_dumping,done,2026-06-04T13:51:04.144209+00:00,0.046,0.885,0.935,,nvidia/cosmos-reason2-8b,"DUMPING PRESENT: No
ORDINANCE VIOLATION: No
WASTE TYPE: mixed
WASTE VOLUME: small (pickup truck)
WASTE ORIGIN: residential
PROPERTY TYPE: vacant-lot
ADDRESS MARKERS: NONE
GUTTER/ALLEY: No
WATER PROXIMITY: No
CHRONIC SITE: No
VEHICLES: NONE
IDENTIFIERS: NONE
SEVERITY: 1
ORDINANCE: N/A
PRIORITY: LOW
SUMMARY: No illegal dumping detected in the video."
20260604T134116Z,DT_14th_and_Madison_New_4_20260602T150000.jpg,,,dataset_20260603_063335/DT_14th_and_Madison_New_4/DT_14th_and_Madison_New_4_20260602T150000.jpg,illegal_dumping,done,2026-06-04T13:51:04.493836+00:00,0.043,0.766,0.812,,nvidia/cosmos-reason2-8b,"DUMPING PRESENT: Yes
ORDINANCE VIOLATION: Yes
WASTE TYPE: mixed
WASTE VOLUME: small (pickup truck)
WASTE ORIGIN: residential
PROPERTY TYPE: alley
ADDRESS MARKERS: NONE
GUTTER/ALLEY: Yes
WATER PROXIMITY: No
CHRONIC SITE: No
VEHICLES: NONE
IDENTIFIERS: NONE
SEVERITY: 3
ORDINANCE: Sec-46-45
PRIORITY: MEDIUM
SUMMARY: Illegal dumping of mixed waste is present in the alley, violating Brownsville's property owner liability ordinance.
"
20260604T134116Z,DT_14th_and_Madison_New_4_20260602T151500.jpg,,,dataset_20260603_063335/DT_14th_and_Madison_New_4/DT_14th_and_Madison_New_4_20260602T151500.jpg,illegal_dumping,done,2026-06-04T13:51:04.636136+00:00,0.039,0.858,0.899,,nvidia/cosmos-reason2-8b,"DUMPING PRESENT: Yes
ORDINANCE VIOLATION: Yes
WASTE TYPE: mixed
WASTE VOLUME: small (pickup truck)
WASTE ORIGIN: residential
PROPERTY TYPE: alley
ADDRESS MARKERS: NONE
GUTTER/ALLEY: Yes
WATER PROXIMITY: No
CHRONIC SITE: No
VEHICLES: NONE
IDENTIFIERS: NONE
SEVERITY: 2
ORDINANCE: Sec-46-45
PRIORITY: MEDIUM
SUMMARY: Illegal dumping of mixed waste is present in the alley, violating Brownsville's ordinance on property owner liability.
"
20260604T134116Z,DT_14th_and_Madison_New_4_20260602T153000.jpg,,,dataset_20260603_063335/DT_14th_and_Madison_New_4/DT_14th_and_Madison_New_4_20260602T153000.jpg,illegal_dumping,done,2026-06-04T13:51:04.863087+00:00,0.048,0.75,0.801,,nvidia/cosmos-reason2-8b,"DUMPING PRESENT: Yes
ORDINANCE VIOLATION: Yes
WASTE TYPE: mixed
WASTE VOLUME: small (pickup truck)
WASTE ORIGIN: residential
PROPERTY TYPE: alley
ADDRESS MARKERS: NONE
GUTTER/ALLEY: Yes
WATER PROXIMITY: No
CHRONIC SITE: No
VEHICLES: NONE
IDENTIFIERS: NONE
SEVERITY: 2
ORDINANCE: Sec-46-45
PRIORITY: MEDIUM
SUMMARY: Illegal dumping is present in the alley, violating Brownsville's ordinance, with waste scattered across the dirt path.
"
20260604T134116Z,DT_14th_and_Madison_New_4_20260602T154500.jpg,,,dataset_20260603_063335/DT_14th_and_Madison_New_4/DT_14th_and_Madison_New_4_20260602T154500.jpg,illegal_dumping,done,2026-06-04T13:51:05.081752+00:00,0.044,0.876,0.923,,nvidia/cosmos-reason2-8b,"```json
{
  ""DUMPING PRESENT"": ""No"",
  ""ORDINANCE VIOLATION"": ""No"",
  ""WASTE TYPE"": [],
  ""WASTE VOLUME"": ""small (pickup truck)"",
  ""WASTE ORIGIN"": ""residential"",
  ""PROPERTY TYPE"": ""occupied-private"",
  ""ADDRESS MARKERS"": ""NONE"",
  ""GUTTER/ALLEY"": ""No"",
  ""WATER PROXIMITY"": ""No"",
  ""CHRONIC SITE"": ""No"",
  ""VEHICLES"": ""NONE"",
  ""IDENTIFIERS"": ""NONE"",
  ""SEVERITY"": ""1"",
  ""ORDINANCE"": ""N/A"",
  ""PRIORITY"": ""LOW"",
  ""SUMMARY"": ""No illegal dumping detected; the scene appears to be a normal residential area without any visible waste or debris.""
}
```"
20260604T134116Z,DT_14th_and_Madison_New_4_20260602T160000.jpg,,,dataset_20260603_063335/DT_14th_and_Madison_New_4/DT_14th_and_Madison_New_4_20260602T160000.jpg,illegal_dumping,done,2026-06-04T13:51:05.308258+00:00,0.05,0.855,0.923,,nvidia/cosmos-reason2-8b,"DUMPING PRESENT: Yes
ORDINANCE VIOLATION: Yes
WASTE TYPE: mixed
WASTE VOLUME: small (pickup truck)
WASTE ORIGIN: residential
PROPERTY TYPE: alley
ADDRESS MARKERS: NONE
GUTTER/ALLEY: Yes
WATER PROXIMITY: No
CHRONIC SITE: No
VEHICLES: NONE
IDENTIFIERS: NONE
SEVERITY: 2
ORDINANCE: Sec-46-45
PRIORITY: MEDIUM
SUMMARY: Illegal dumping is present in the alley, violating Brownsville's ordinance, with mixed waste scattered on the ground.
"
20260604T134116Z,DT_14th_and_Madison_New_4_20260602T161500.jpg,,,dataset_20260603_063335/DT_14th_and_Madison_New_4/DT_14th_and_Madison_New_4_20260602T161500.jpg,illegal_dumping,done,2026-06-04T13:51:05.537769+00:00,0.045,0.727,0.776,,nvidia/cosmos-reason2-8b,"DUMPING PRESENT: Yes
ORDINANCE VIOLATION: Yes
WASTE TYPE: mixed
WASTE VOLUME: small (pickup truck)
WASTE ORIGIN: residential
PROPERTY TYPE: alley
ADDRESS MARKERS: NONE
GUTTER/ALLEY: Yes
WATER PROXIMITY: No
CHRONIC SITE: No
VEHICLES: NONE
IDENTIFIERS: NONE
SEVERITY: 2
ORDINANCE: Sec-46-45
PRIORITY: MEDIUM
SUMMARY: Illegal dumping of mixed waste is observed in an alley, violating Brownsville's property owner liability ordinance.
"
20260604T134116Z,DT_14th_and_Madison_New_4_20260602T163000.jpg,,,dataset_20260603_063335/DT_14th_and_Madison_New_4/DT_14th_and_Madison_New_4_20260602T163000.jpg,illegal_dumping,done,2026-06-04T13:51:05.667423+00:00,0.049,0.838,0.891,,nvidia/cosmos-reason2-8b,"DUMPING PRESENT: Yes
ORDINANCE VIOLATION: Yes
WASTE TYPE: mixed
WASTE VOLUME: small (pickup truck)
WASTE ORIGIN: residential
PROPERTY TYPE: alley
ADDRESS MARKERS: NONE
GUTTER/ALLEY: Yes
WATER PROXIMITY: No
CHRONIC SITE: No
VEHICLES: NONE
IDENTIFIERS: NONE
SEVERITY: 2
ORDINANCE: Sec-46-45
PRIORITY: MEDIUM
SUMMARY: Illegal dumping is present in the alley, with mixed waste scattered along the dirt path, violating property owner liability under Sec-46-45.
"
20260604T134116Z,DT_14th_and_Madison_New_4_20260602T164500.jpg,,,dataset_20260603_063335/DT_14th_and_Madison_New_4/DT_14th_and_Madison_New_4_20260602T164500.jpg,illegal_dumping,done,2026-06-04T13:51:06.007146+00:00,0.048,0.776,0.84,,nvidia/cosmos-reason2-8b,"DUMPING PRESENT: Yes
ORDINANCE VIOLATION: Yes
WASTE TYPE: mixed
WASTE VOLUME: small (pickup truck)
WASTE ORIGIN: residential
PROPERTY TYPE: alley
ADDRESS MARKERS: NONE
GUTTER/ALLEY: Yes
WATER PROXIMITY: No
CHRONIC SITE: No
VEHICLES: NONE
IDENTIFIERS: NONE
SEVERITY: 2
ORDINANCE: Sec-46-45
PRIORITY: MEDIUM
SUMMARY: Illegal dumping is present in the alley, violating Brownsville's property owner liability ordinance (Sec. 46-45).
"
20260604T134116Z,DT_14th_and_Madison_New_4_20260602T170000.jpg,,,dataset_20260603_063335/DT_14th_and_Madison_New_4/DT_14th_and_Madison_New_4_20260602T170000.jpg,illegal_dumping,done,2026-06-04T13:51:06.233551+00:00,0.051,0.939,0.996,,nvidia/cosmos-reason2-8b,"DUMPING PRESENT: Yes
ORDINANCE VIOLATION: Yes
WASTE TYPE: mixed
WASTE VOLUME: small (pickup truck)
WASTE ORIGIN: residential
PROPERTY TYPE: alley
ADDRESS MARKERS: <street signs, address numbers, utility poles visible — or NONE>
GUTTER/ALLEY: Yes
WATER PROXIMITY: No
CHRONIC SITE: No
VEHICLES: NONE
IDENTIFIERS: NONE
SEVERITY: 2
ORDINANCE: Sec-46-45
PRIORITY: MEDIUM
SUMMARY: Illegal dumping of mixed waste is present in the alley, violating Brownsville's property owner liability ordinance (Sec. 46-45)."
20260604T134116Z,DT_14th_and_Madison_New_4_20260602T171500.jpg,,,dataset_20260603_063335/DT_14th_and_Madison_New_4/DT_14th_and_Madison_New_4_20260602T171500.jpg,illegal_dumping,done,2026-06-04T13:51:06.316446+00:00,0.05,0.812,0.866,,nvidia/cosmos-reason2-8b,"DUMPING PRESENT: No
ORDINANCE VIOLATION: No
WASTE TYPE: mixed
WASTE VOLUME: small (pickup truck)
WASTE ORIGIN: residential
PROPERTY TYPE: occupied-private
ADDRESS MARKERS: NONE
GUTTER/ALLEY: No
WATER PROXIMITY: No
CHRONIC SITE: No
VEHICLES: NONE
IDENTIFIERS: NONE
SEVERITY: 1
ORDINANCE: N/A
PRIORITY: LOW
SUMMARY: No illegal dumping detected in the video."
20260604T134116Z,DT_14th_and_Madison_New_4_20260602T173000.jpg,,,dataset_20260603_063335/DT_14th_and_Madison_New_4/DT_14th_and_Madison_New_4_20260602T173000.jpg,illegal_dumping,done,2026-06-04T13:51:06.561427+00:00,0.046,0.803,0.852,,nvidia/cosmos-reason2-8b,"DUMPING PRESENT: No
ORDINANCE VIOLATION: No
WASTE TYPE: mixed
WASTE VOLUME: small (pickup truck)
WASTE ORIGIN: residential
PROPERTY TYPE: right-of-way
ADDRESS MARKERS: NONE
GUTTER/ALLEY: No
WATER PROXIMITY: No
CHRONIC SITE: No
VEHICLES: NONE
IDENTIFIERS: NONE
SEVERITY: 1
ORDINANCE: N/A
PRIORITY: LOW
SUMMARY: No illegal dumping detected in the video."
20260604T134116Z,DT_14th_and_Madison_New_4_20260602T174500.jpg,,,dataset_20260603_063335/DT_14th_and_Madison_New_4/DT_14th_and_Madison_New_4_20260602T174500.jpg,illegal_dumping,done,2026-06-04T13:51:06.850375+00:00,0.043,0.671,0.717,,nvidia/cosmos-reason2-8b,"DUMPING PRESENT: No
ORDINANCE VIOLATION: No
WASTE TYPE: mixed
WASTE VOLUME: small (pickup truck)
WASTE ORIGIN: residential
PROPERTY TYPE: vacant-lot
ADDRESS MARKERS: NONE
GUTTER/ALLEY: No
WATER PROXIMITY: No
CHRONIC SITE: No
VEHICLES: NONE
IDENTIFIERS: NONE
SEVERITY: 1
ORDINANCE: N/A
PRIORITY: LOW
SUMMARY: No illegal dumping detected in the video."
20260604T134116Z,DT_14th_and_Madison_New_4_20260602T180000.jpg,,,dataset_20260603_063335/DT_14th_and_Madison_New_4/DT_14th_and_Madison_New_4_20260602T180000.jpg,illegal_dumping,done,2026-06-04T13:51:07.185208+00:00,0.045,0.842,0.89,,nvidia/cosmos-reason2-8b,"DUMPING PRESENT: Yes
ORDINANCE VIOLATION: Yes
WASTE TYPE: mixed
WASTE VOLUME: small (pickup truck)
WASTE ORIGIN: residential
PROPERTY TYPE: alley
ADDRESS MARKERS: NONE
GUTTER/ALLEY: Yes
WATER PROXIMITY: No
CHRONIC SITE: No
VEHICLES: NONE
IDENTIFIERS: NONE
SEVERITY: 2
ORDINANCE: Sec-46-45
PRIORITY: MEDIUM
SUMMARY: Illegal dumping of mixed waste is observed in an alleyway, violating Brownsville's property owner liability ordinance (Sec. 46-45)."
20260604T134116Z,DT_14th_and_Madison_New_4_20260602T181500.jpg,,,dataset_20260603_063335/DT_14th_and_Madison_New_4/DT_14th_and_Madison_New_4_20260602T181500.jpg,illegal_dumping,done,2026-06-04T13:51:07.232814+00:00,0.04,0.907,0.95,,nvidia/cosmos-reason2-8b,"DUMPING PRESENT: No
ORDINANCE VIOLATION: No
WASTE TYPE: mixed
WASTE VOLUME: small (pickup truck)
WASTE ORIGIN: residential
PROPERTY TYPE: right-of-way
ADDRESS MARKERS: NONE
GUTTER/ALLEY: No
WATER PROXIMITY: No
CHRONIC SITE: No
VEHICLES: NONE
IDENTIFIERS: NONE
SEVERITY: 1
ORDINANCE: N/A
PRIORITY: LOW
SUMMARY: No illegal dumping detected in the right-of-way area."
20260604T134116Z,DT_14th_and_Madison_New_4_20260602T183000.jpg,,,dataset_20260603_063335/DT_14th_and_Madison_New_4/DT_14th_and_Madison_New_4_20260602T183000.jpg,illegal_dumping,done,2026-06-04T13:51:07.415496+00:00,0.037,0.889,0.929,,nvidia/cosmos-reason2-8b,"DUMPING PRESENT: Yes
ORDINANCE VIOLATION: Yes
WASTE TYPE: mixed
WASTE VOLUME: small (pickup truck)
WASTE ORIGIN: residential
PROPERTY TYPE: alley
ADDRESS MARKERS: NONE
GUTTER/ALLEY: Yes
WATER PROXIMITY: No
CHRONIC SITE: No
VEHICLES: NONE
IDENTIFIERS: NONE
SEVERITY: 2
ORDINANCE: Sec-46-45
PRIORITY: MEDIUM
SUMMARY: Illegal dumping of mixed waste is observed in the alley, violating Brownsville's property owner liability ordinance.
"
20260604T134116Z,DT_14th_and_Madison_New_4_20260602T184500.jpg,,,dataset_20260603_063335/DT_14th_and_Madison_New_4/DT_14th_and_Madison_New_4_20260602T184500.jpg,illegal_dumping,done,2026-06-04T13:51:07.569315+00:00,0.042,0.884,0.928,,nvidia/cosmos-reason2-8b,"DUMPING PRESENT: No
ORDINANCE VIOLATION: No
WASTE TYPE: mixed
WASTE VOLUME: small (pickup truck)
WASTE ORIGIN: residential
PROPERTY TYPE: vacant-lot
ADDRESS MARKERS: NONE
GUTTER/ALLEY: No
WATER PROXIMITY: No
CHRONIC SITE: No
VEHICLES: NONE
IDENTIFIERS: NONE
SEVERITY: 1
ORDINANCE: N/A
PRIORITY: LOW
SUMMARY: No illegal dumping or ordinance violations detected in the analyzed frames."
20260604T134116Z,DT_14th_and_Madison_New_4_20260602T190000.jpg,,,dataset_20260603_063335/DT_14th_and_Madison_New_4/DT_14th_and_Madison_New_4_20260602T190000.jpg,illegal_dumping,done,2026-06-04T13:51:08.078213+00:00,0.044,0.776,0.822,,nvidia/cosmos-reason2-8b,"DUMPING PRESENT: Yes
ORDINANCE VIOLATION: Yes
WASTE TYPE: mixed
WASTE VOLUME: small (pickup truck)
WASTE ORIGIN: residential
PROPERTY TYPE: alley
ADDRESS MARKERS: NONE
GUTTER/ALLEY: Yes
WATER PROXIMITY: No
CHRONIC SITE: No
VEHICLES: NONE
IDENTIFIERS: NONE
SEVERITY: 2
ORDINANCE: Sec-46-45
PRIORITY: MEDIUM
SUMMARY: Illegal dumping is present in the alley, with mixed waste scattered on the ground, violating Brownsville's ordinance on property owner liability for waste disposal.
"
20260604T134116Z,DT_14th_and_Madison_New_4_20260602T191500.jpg,,,dataset_20260603_063335/DT_14th_and_Madison_New_4/DT_14th_and_Madison_New_4_20260602T191500.jpg,illegal_dumping,done,2026-06-04T13:51:08.184922+00:00,0.044,0.912,0.959,,nvidia/cosmos-reason2-8b,"DUMPING PRESENT: Yes
ORDINANCE VIOLATION: Yes
WASTE TYPE: mixed
WASTE VOLUME: small (pickup truck)
WASTE ORIGIN: residential
PROPERTY TYPE: alley
ADDRESS MARKERS: NONE
GUTTER/ALLEY: Yes
WATER PROXIMITY: No
CHRONIC SITE: No
VEHICLES: NONE
IDENTIFIERS: NONE
SEVERITY: 2
ORDINANCE: Sec-46-45
PRIORITY: MEDIUM
SUMMARY: Illegal dumping of mixed waste is present in the alley, violating Brownsville's property owner liability ordinance.
"
20260604T134116Z,DT_14th_and_Madison_New_4_20260602T193000.jpg,,,dataset_20260603_063335/DT_14th_and_Madison_New_4/DT_14th_and_Madison_New_4_20260602T193000.jpg,illegal_dumping,done,2026-06-04T13:51:08.347002+00:00,0.044,0.865,0.912,,nvidia/cosmos-reason2-8b,"DUMPING PRESENT: Yes
ORDINANCE VIOLATION: Yes
WASTE TYPE: mixed
WASTE VOLUME: small (pickup truck)
WASTE ORIGIN: residential
PROPERTY TYPE: alley
ADDRESS MARKERS: NONE
GUTTER/ALLEY: Yes
WATER PROXIMITY: No
CHRONIC SITE: No
VEHICLES: NONE
IDENTIFIERS: NONE
SEVERITY: 2
ORDINANCE: Sec-46-45
PRIORITY: MEDIUM
SUMMARY: Illegal dumping of mixed waste is present in the alley, violating Brownsville's property owner liability ordinance.
"
20260604T134116Z,DT_14th_and_Madison_New_4_20260602T194500.jpg,,,dataset_20260603_063335/DT_14th_and_Madison_New_4/DT_14th_and_Madison_New_4_20260602T194500.jpg,illegal_dumping,done,2026-06-04T13:51:08.500422+00:00,0.047,0.896,0.946,,nvidia/cosmos-reason2-8b,"DUMPING PRESENT: Yes
ORDINANCE VIOLATION: Yes
WASTE TYPE: mixed
WASTE VOLUME: small (pickup truck)
WASTE ORIGIN: residential
PROPERTY TYPE: alley
ADDRESS MARKERS: NONE
GUTTER/ALLEY: Yes
WATER PROXIMITY: No
CHRONIC SITE: No
VEHICLES: NONE
IDENTIFIERS: NONE
SEVERITY: 3
ORDINANCE: Sec-46-45
PRIORITY: MEDIUM
SUMMARY: Illegal dumping of mixed waste is observed in an alleyway, violating Brownsville's property owner liability ordinance.
"
20260604T134116Z,DT_14th_and_Madison_New_4_20260602T200000.jpg,,,dataset_20260603_063335/DT_14th_and_Madison_New_4/DT_14th_and_Madison_New_4_20260602T200000.jpg,illegal_dumping,done,2026-06-04T13:51:08.903777+00:00,0.046,0.797,0.846,,nvidia/cosmos-reason2-8b,"DUMPING PRESENT: Yes
ORDINANCE VIOLATION: Yes
WASTE TYPE: mixed
WASTE VOLUME: small (pickup truck)
WASTE ORIGIN: residential
PROPERTY TYPE: alley
ADDRESS MARKERS: NONE
GUTTER/ALLEY: Yes
WATER PROXIMITY: No
CHRONIC SITE: No
VEHICLES: NONE
IDENTIFIERS: NONE
SEVERITY: 2
ORDINANCE: Sec-46-45
PRIORITY: MEDIUM
SUMMARY: Illegal dumping of mixed waste is present in the alley, violating Brownsville's ordinance on property owner liability.
"
20260604T134116Z,DT_14th_and_Madison_New_4_20260602T201500.jpg,,,dataset_20260603_063335/DT_14th_and_Madison_New_4/DT_14th_and_Madison_New_4_20260602T201500.jpg,illegal_dumping,done,2026-06-04T13:51:09.146922+00:00,0.048,0.753,0.803,,nvidia/cosmos-reason2-8b,"DUMPING PRESENT: Yes
ORDINANCE VIOLATION: Yes
WASTE TYPE: mixed
WASTE VOLUME: small (pickup truck)
WASTE ORIGIN: residential
PROPERTY TYPE: alley
ADDRESS MARKERS: NONE
GUTTER/ALLEY: Yes
WATER PROXIMITY: No
CHRONIC SITE: No
VEHICLES: NONE
IDENTIFIERS: NONE
SEVERITY: 2
ORDINANCE: Sec-46-45
PRIORITY: MEDIUM
SUMMARY: Illegal dumping of mixed waste is present in the alley, violating Brownsville's property owner liability ordinance.
"
20260604T134116Z,DT_14th_and_Madison_New_4_20260602T203000.jpg,,,dataset_20260603_063335/DT_14th_and_Madison_New_4/DT_14th_and_Madison_New_4_20260602T203000.jpg,illegal_dumping,done,2026-06-04T13:51:09.261451+00:00,0.041,0.809,0.852,,nvidia/cosmos-reason2-8b,"DUMPING PRESENT: Yes
ORDINANCE VIOLATION: Yes
WASTE TYPE: mixed
WASTE VOLUME: small (pickup truck)
WASTE ORIGIN: residential
PROPERTY TYPE: vacant-lot
ADDRESS MARKERS: NONE
GUTTER/ALLEY: No
WATER PROXIMITY: No
CHRONIC SITE: No
VEHICLES: NONE
IDENTIFIERS: NONE
SEVERITY: 2
ORDINANCE: Sec-46-45
PRIORITY: MEDIUM
SUMMARY: Illegal dumping of mixed waste is observed on a vacant lot, violating Brownsville's property owner liability ordinance.
"
20260604T134116Z,DT_14th_and_Madison_New_4_20260602T204500.jpg,,,dataset_20260603_063335/DT_14th_and_Madison_New_4/DT_14th_and_Madison_New_4_20260602T204500.jpg,illegal_dumping,done,2026-06-04T13:51:09.449047+00:00,0.048,0.879,0.93,,nvidia/cosmos-reason2-8b,"```json
{
  ""DUMPING PRESENT"": No,
  ""ORDINANCE VIOLATION"": No,
  ""WASTE TYPE"": [],
  ""WASTE VOLUME"": ""small (pickup truck)"",
  ""WASTE ORIGIN"": ""residential"",
  ""PROPERTY TYPE"": ""occupied-private"",
  ""ADDRESS MARKERS"": ""<NONE>"",
  ""GUTTER/ALLEY"": No,
  ""WATER PROXIMITY"": No,
  ""CHRONIC SITE"": No,
  ""VEHICLES"": ""NONE"",
  ""IDENTIFIERS"": ""NONE"",
  ""SEVERITY"": 1,
  ""ORDINANCE"": ""N/A"",
  ""PRIORITY"": ""LOW"",
  ""SUMMARY"": ""No illegal dumping detected; the scene appears to be a normal urban environment without visible waste or debris.""
}
```"
20260604T134116Z,DT_14th_and_Madison_New_4_20260602T210000.jpg,,,dataset_20260603_063335/DT_14th_and_Madison_New_4/DT_14th_and_Madison_New_4_20260602T210000.jpg,illegal_dumping,done,2026-06-04T13:51:09.752964+00:00,0.043,0.765,0.811,,nvidia/cosmos-reason2-8b,"```json
DUMPING PRESENT: Yes
ORDINANCE VIOLATION: Yes
WASTE TYPE: mixed
WASTE VOLUME: small (pickup truck)
WASTE ORIGIN: unknown
PROPERTY TYPE: alley
ADDRESS MARKERS: NONE
GUTTER/ALLEY: Yes
WATER PROXIMITY: No
CHRONIC SITE: No
VEHICLES: NONE
IDENTIFIERS: NONE
SEVERITY: 2
ORDINANCE: Sec-46-45
PRIORITY: MEDIUM
SUMMARY: Illegal dumping is present in the alley, violating Brownsville's ordinance against waste disposal on private or public property.
```"
20260604T134116Z,DT_14th_and_Madison_New_4_20260602T211500.jpg,,,dataset_20260603_063335/DT_14th_and_Madison_New_4/DT_14th_and_Madison_New_4_20260602T211500.jpg,illegal_dumping,done,2026-06-04T13:51:09.952531+00:00,0.042,0.76,0.804,,nvidia/cosmos-reason2-8b,"DUMPING PRESENT: Yes
ORDINANCE VIOLATION: Yes
WASTE TYPE: mixed
WASTE VOLUME: small (pickup truck)
WASTE ORIGIN: residential
PROPERTY TYPE: alley
ADDRESS MARKERS: NONE
GUTTER/ALLEY: Yes
WATER PROXIMITY: No
CHRONIC SITE: No
VEHICLES: NONE
IDENTIFIERS: NONE
SEVERITY: 2
ORDINANCE: Sec-46-45
PRIORITY: MEDIUM
SUMMARY: Illegal dumping of mixed waste is observed in an alley, violating Brownsville's ordinance on property owner liability for waste disposal.
"
20260604T134116Z,DT_14th_and_Madison_New_4_20260602T213000.jpg,,,dataset_20260603_063335/DT_14th_and_Madison_New_4/DT_14th_and_Madison_New_4_20260602T213000.jpg,illegal_dumping,done,2026-06-04T13:51:10.117166+00:00,0.046,0.8,0.848,,nvidia/cosmos-reason2-8b,"DUMPING PRESENT: Yes
ORDINANCE VIOLATION: Yes
WASTE TYPE: mixed
WASTE VOLUME: small (pickup truck)
WASTE ORIGIN: unknown
PROPERTY TYPE: vacant-lot
ADDRESS MARKERS: NONE
GUTTER/ALLEY: No
WATER PROXIMITY: No
CHRONIC SITE: No
VEHICLES: NONE
IDENTIFIERS: NONE
SEVERITY: 1
ORDINANCE: Sec-46-45
PRIORITY: LOW
SUMMARY: Illegal dumping of mixed waste is observed on a vacant lot, violating Brownsville's property owner liability ordinance (Sec. 46-45)."
20260604T134116Z,DT_14th_and_Madison_New_4_20260602T214500.jpg,,,dataset_20260603_063335/DT_14th_and_Madison_New_4/DT_14th_and_Madison_New_4_20260602T214500.jpg,illegal_dumping,done,2026-06-04T13:51:10.381436+00:00,0.045,0.777,0.825,,nvidia/cosmos-reason2-8b,"DUMPING PRESENT: Yes
ORDINANCE VIOLATION: Yes
WASTE TYPE: mixed
WASTE VOLUME: small (pickup truck)
WASTE ORIGIN: residential
PROPERTY TYPE: vacant-lot
ADDRESS MARKERS: NONE
GUTTER/ALLEY: No
WATER PROXIMITY: No
CHRONIC SITE: No
VEHICLES: NONE
IDENTIFIERS: NONE
SEVERITY: 2
ORDINANCE: Sec-46-45
PRIORITY: MEDIUM
SUMMARY: Illegal dumping is present on a vacant lot, violating Brownsville's property owner liability ordinance (Sec. 46-45)."
20260604T134116Z,DT_14th_and_Madison_New_4_20260602T220000.jpg,,,dataset_20260603_063335/DT_14th_and_Madison_New_4/DT_14th_and_Madison_New_4_20260602T220000.jpg,illegal_dumping,done,2026-06-04T13:51:10.566108+00:00,0.045,0.766,0.813,,nvidia/cosmos-reason2-8b,"DUMPING PRESENT: Yes
ORDINANCE VIOLATION: Yes
WASTE TYPE: mixed
WASTE VOLUME: small (pickup truck)
WASTE ORIGIN: residential
PROPERTY TYPE: vacant-lot
ADDRESS MARKERS: NONE
GUTTER/ALLEY: No
WATER PROXIMITY: No
CHRONIC SITE: No
VEHICLES: NONE
IDENTIFIERS: NONE
SEVERITY: 2
ORDINANCE: Sec-46-45
PRIORITY: MEDIUM
SUMMARY: Illegal dumping is present on a vacant lot, violating Brownsville's property owner liability ordinance (Sec. 46-45)."
20260604T134116Z,DT_14th_and_Madison_New_4_20260602T221500.jpg,,,dataset_20260603_063335/DT_14th_and_Madison_New_4/DT_14th_and_Madison_New_4_20260602T221500.jpg,illegal_dumping,done,2026-06-04T13:51:10.759155+00:00,0.046,0.749,0.811,,nvidia/cosmos-reason2-8b,"DUMPING PRESENT: Yes
ORDINANCE VIOLATION: Yes
WASTE TYPE: mixed
WASTE VOLUME: small (pickup truck)
WASTE ORIGIN: residential
PROPERTY TYPE: alley
ADDRESS MARKERS: NONE
GUTTER/ALLEY: Yes
WATER PROXIMITY: No
CHRONIC SITE: No
VEHICLES: NONE
IDENTIFIERS: NONE
SEVERITY: 2
ORDINANCE: Sec-46-45
PRIORITY: MEDIUM
SUMMARY: Illegal dumping of mixed waste is observed in an alleyway, violating Brownsville's property owner liability ordinance (Sec. 46-45).
"
20260604T134116Z,DT_14th_and_Madison_New_4_20260602T223000.jpg,,,dataset_20260603_063335/DT_14th_and_Madison_New_4/DT_14th_and_Madison_New_4_20260602T223000.jpg,illegal_dumping,done,2026-06-04T13:51:10.968055+00:00,0.046,0.751,0.8,,nvidia/cosmos-reason2-8b,"DUMPING PRESENT: Yes
ORDINANCE VIOLATION: Yes
WASTE TYPE: mixed
WASTE VOLUME: small (pickup truck)
WASTE ORIGIN: residential
PROPERTY TYPE: alley
ADDRESS MARKERS: NONE
GUTTER/ALLEY: Yes
WATER PROXIMITY: No
CHRONIC SITE: No
VEHICLES: NONE
IDENTIFIERS: NONE
SEVERITY: 2
ORDINANCE: Sec-46-45
PRIORITY: MEDIUM
SUMMARY: Illegal dumping is present in the alley, with mixed waste scattered on the ground, violating property owner liability under Sec-46-45.
"
20260604T134116Z,DT_14th_and_Madison_New_4_20260602T224500.jpg,,,dataset_20260603_063335/DT_14th_and_Madison_New_4/DT_14th_and_Madison_New_4_20260602T224500.jpg,illegal_dumping,done,2026-06-04T13:51:11.209220+00:00,0.049,0.724,0.777,,nvidia/cosmos-reason2-8b,"DUMPING PRESENT: Yes
ORDINANCE VIOLATION: Yes
WASTE TYPE: mixed
WASTE VOLUME: small (pickup truck)
WASTE ORIGIN: residential
PROPERTY TYPE: alley
ADDRESS MARKERS: NONE
GUTTER/ALLEY: Yes
WATER PROXIMITY: No
CHRONIC SITE: No
VEHICLES: NONE
IDENTIFIERS: NONE
SEVERITY: 2
ORDINANCE: Sec-46-45
PRIORITY: MEDIUM
SUMMARY: Illegal dumping of mixed waste is observed in an alley, violating Brownsville's property owner liability ordinance.
"
20260604T134116Z,DT_14th_and_Madison_New_4_20260602T230000.jpg,,,dataset_20260603_063335/DT_14th_and_Madison_New_4/DT_14th_and_Madison_New_4_20260602T230000.jpg,illegal_dumping,done,2026-06-04T13:51:11.382020+00:00,0.041,0.736,0.78,,nvidia/cosmos-reason2-8b,"DUMPING PRESENT: Yes
ORDINANCE VIOLATION: Yes
WASTE TYPE: mixed
WASTE VOLUME: small (pickup truck)
WASTE ORIGIN: residential
PROPERTY TYPE: right-of-way
ADDRESS MARKERS: NONE
GUTTER/ALLEY: Yes
WATER PROXIMITY: No
CHRONIC SITE: No
VEHICLES: NONE
IDENTIFIERS: NONE
SEVERITY: 1
ORDINANCE: Sec-46-45
PRIORITY: LOW
SUMMARY: Illegal dumping of mixed waste is observed in the right-of-way, violating Brownsville's property owner liability ordinance.
"
20260604T134116Z,DT_14th_and_Madison_New_4_20260602T231500.jpg,,,dataset_20260603_063335/DT_14th_and_Madison_New_4/DT_14th_and_Madison_New_4_20260602T231500.jpg,illegal_dumping,done,2026-06-04T13:51:11.572311+00:00,0.045,0.786,0.834,,nvidia/cosmos-reason2-8b,"DUMPING PRESENT: Yes
ORDINANCE VIOLATION: Yes
WASTE TYPE: mixed
WASTE VOLUME: small (pickup truck)
WASTE ORIGIN: residential
PROPERTY TYPE: vacant-lot
ADDRESS MARKERS: NONE
GUTTER/ALLEY: No
WATER PROXIMITY: No
CHRONIC SITE: No
VEHICLES: NONE
IDENTIFIERS: NONE
SEVERITY: 2
ORDINANCE: Sec-46-45
PRIORITY: MEDIUM
SUMMARY: Illegal dumping is present on a vacant lot, violating Brownsville's property owner liability ordinance (Sec. 46-45)."
20260604T134116Z,DT_14th_and_Madison_New_4_20260602T233000.jpg,,,dataset_20260603_063335/DT_14th_and_Madison_New_4/DT_14th_and_Madison_New_4_20260602T233000.jpg,illegal_dumping,done,2026-06-04T13:51:11.771068+00:00,0.043,0.732,0.778,,nvidia/cosmos-reason2-8b,"DUMPING PRESENT: Yes
ORDINANCE VIOLATION: Yes
WASTE TYPE: mixed
WASTE VOLUME: small (pickup truck)
WASTE ORIGIN: residential
PROPERTY TYPE: vacant-lot
ADDRESS MARKERS: NONE
GUTTER/ALLEY: Yes
WATER PROXIMITY: No
CHRONIC SITE: No
VEHICLES: NONE
IDENTIFIERS: NONE
SEVERITY: 1
ORDINANCE: Sec-46-45
PRIORITY: LOW
SUMMARY: Illegal dumping is present on a vacant lot, violating property owner liability under Sec. 46-45.
"
20260604T134116Z,DT_14th_and_Madison_New_4_20260602T234500.jpg,,,dataset_20260603_063335/DT_14th_and_Madison_New_4/DT_14th_and_Madison_New_4_20260602T234500.jpg,illegal_dumping,done,2026-06-04T13:51:11.988551+00:00,0.048,0.753,0.804,,nvidia/cosmos-reason2-8b,"DUMPING PRESENT: Yes
ORDINANCE VIOLATION: Yes
WASTE TYPE: mixed
WASTE VOLUME: small (pickup truck)
WASTE ORIGIN: residential
PROPERTY TYPE: vacant-lot
ADDRESS MARKERS: NONE
GUTTER/ALLEY: No
WATER PROXIMITY: No
CHRONIC SITE: No
VEHICLES: NONE
IDENTIFIERS: NONE
SEVERITY: 2
ORDINANCE: Sec-46-45
PRIORITY: MEDIUM
SUMMARY: Illegal dumping of mixed waste is observed on a vacant lot, violating Brownsville's property owner liability ordinance (Sec. 46-45)."
20260604T134116Z,DT_6th_and_2nd_St_1_20260602T063000.jpg,,,dataset_20260603_063335/DT_6th_and_2nd_St_1/DT_6th_and_2nd_St_1_20260602T063000.jpg,illegal_dumping,done,2026-06-04T13:51:12.808570+00:00,0.089,1.314,1.413,,nvidia/cosmos-reason2-8b,"DUMPING PRESENT: Yes
ORDINANCE VIOLATION: Yes
WASTE TYPE: mixed
WASTE VOLUME: medium
WASTE ORIGIN: unknown
PROPERTY TYPE: vacant-lot
ADDRESS MARKERS: NONE
GUTTER/ALLEY: No
WATER PROXIMITY: No
CHRONIC SITE: No
VEHICLES: NONE
IDENTIFIERS: NONE
SEVERITY: 2
ORDINANCE: Sec-46-45
PRIORITY: MEDIUM
SUMMARY: Illegal dumping is present on a vacant lot, violating Brownsville's property owner liability ordinance (Sec. 46-45)."
20260604T134116Z,DT_6th_and_2nd_St_1_20260602T064500.jpg,,,dataset_20260603_063335/DT_6th_and_2nd_St_1/DT_6th_and_2nd_St_1_20260602T064500.jpg,illegal_dumping,done,2026-06-04T13:51:12.809129+00:00,0.09,1.359,1.46,,nvidia/cosmos-reason2-8b,"DUMPING PRESENT: Yes
ORDINANCE VIOLATION: Yes
WASTE TYPE: mixed
WASTE VOLUME: medium
WASTE ORIGIN: unknown
PROPERTY TYPE: vacant-lot
ADDRESS MARKERS: NONE
GUTTER/ALLEY: No
WATER PROXIMITY: No
CHRONIC SITE: No
VEHICLES: NONE
IDENTIFIERS: NONE
SEVERITY: 2
ORDINANCE: Sec-46-45
PRIORITY: MEDIUM
SUMMARY: A medium-sized illegal dumping site is present on a vacant lot, with mixed waste scattered across the area, violating property owner liability under Sec-46-45.
"
20260604T134116Z,DT_6th_and_2nd_St_1_20260602T070000.jpg,,,dataset_20260603_063335/DT_6th_and_2nd_St_1/DT_6th_and_2nd_St_1_20260602T070000.jpg,illegal_dumping,done,2026-06-04T13:51:12.809653+00:00,0.046,0.863,1.015,,nvidia/cosmos-reason2-8b,"DUMPING PRESENT: No
ORDINANCE VIOLATION: No
WASTE TYPE: mixed
WASTE VOLUME: small (pickup truck)
WASTE ORIGIN: residential
PROPERTY TYPE: vacant-lot
ADDRESS MARKERS: NONE
GUTTER/ALLEY: No
WATER PROXIMITY: No
CHRONIC SITE: No
VEHICLES: NONE
IDENTIFIERS: NONE
SEVERITY: 1
ORDINANCE: N/A
PRIORITY: LOW
SUMMARY: No illegal dumping detected in the video."
20260604T134116Z,DT_6th_and_2nd_St_1_20260602T071500.jpg,,,dataset_20260603_063335/DT_6th_and_2nd_St_1/DT_6th_and_2nd_St_1_20260602T071500.jpg,illegal_dumping,done,2026-06-04T13:51:12.811512+00:00,0.043,1.214,1.364,,nvidia/cosmos-reason2-8b,"DUMPING PRESENT: No
ORDINANCE VIOLATION: No
WASTE TYPE: mixed
WASTE VOLUME: small (pickup truck)
WASTE ORIGIN: residential
PROPERTY TYPE: vacant-lot
ADDRESS MARKERS: NONE
GUTTER/ALLEY: No
WATER PROXIMITY: Yes
CHRONIC SITE: No
VEHICLES: NONE
IDENTIFIERS: NONE
SEVERITY: 1
ORDINANCE: N/A
PRIORITY: LOW
SUMMARY: No illegal dumping detected in the video."
20260604T134116Z,DT_6th_and_2nd_St_1_20260602T073000.jpg,,,dataset_20260603_063335/DT_6th_and_2nd_St_1/DT_6th_and_2nd_St_1_20260602T073000.jpg,illegal_dumping,done,2026-06-04T13:51:13.827058+00:00,0.044,0.669,0.717,,nvidia/cosmos-reason2-8b,"DUMPING PRESENT: No
ORDINANCE VIOLATION: No
WASTE TYPE: mixed
WASTE VOLUME: small (pickup truck)
WASTE ORIGIN: residential
PROPERTY TYPE: vacant-lot
ADDRESS MARKERS: NONE
GUTTER/ALLEY: No
WATER PROXIMITY: Yes
CHRONIC SITE: No
VEHICLES: NONE
IDENTIFIERS: NONE
SEVERITY: 1
ORDINANCE: N/A
PRIORITY: LOW
SUMMARY: No illegal dumping is observed in the video."
20260604T134116Z,DT_6th_and_2nd_St_1_20260602T074500.jpg,,,dataset_20260603_063335/DT_6th_and_2nd_St_1/DT_6th_and_2nd_St_1_20260602T074500.jpg,illegal_dumping,done,2026-06-04T13:51:14.177855+00:00,0.044,0.783,0.831,,nvidia/cosmos-reason2-8b,"DUMPING PRESENT: No
ORDINANCE VIOLATION: No
WASTE TYPE: mixed
WASTE VOLUME: small (pickup truck)
WASTE ORIGIN: residential
PROPERTY TYPE: vacant-lot
ADDRESS MARKERS: NONE
GUTTER/ALLEY: No
WATER PROXIMITY: Yes
CHRONIC SITE: No
VEHICLES: NONE
IDENTIFIERS: NONE
SEVERITY: 1
ORDINANCE: N/A
PRIORITY: LOW
SUMMARY: No illegal dumping observed; the scene shows a sandy area near water with no visible waste or debris."
20260604T134116Z,DT_6th_and_2nd_St_1_20260602T080000.jpg,,,dataset_20260603_063335/DT_6th_and_2nd_St_1/DT_6th_and_2nd_St_1_20260602T080000.jpg,illegal_dumping,done,2026-06-04T13:51:14.224838+00:00,0.044,0.911,0.958,,nvidia/cosmos-reason2-8b,"DUMPING PRESENT: No
ORDINANCE VIOLATION: No
WASTE TYPE: mixed
WASTE VOLUME: small (pickup truck)
WASTE ORIGIN: residential
PROPERTY TYPE: vacant-lot
ADDRESS MARKERS: NONE
GUTTER/ALLEY: No
WATER PROXIMITY: Yes
CHRONIC SITE: No
VEHICLES: NONE
IDENTIFIERS: NONE
SEVERITY: 1
ORDINANCE: N/A
PRIORITY: LOW
SUMMARY: No illegal dumping is observed in the scene."
20260604T134116Z,DT_6th_and_2nd_St_1_20260602T081500.jpg,,,dataset_20260603_063335/DT_6th_and_2nd_St_1/DT_6th_and_2nd_St_1_20260602T081500.jpg,illegal_dumping,done,2026-06-04T13:51:14.271040+00:00,0.044,1.02,1.067,,nvidia/cosmos-reason2-8b,"DUMPING PRESENT: No
ORDINANCE VIOLATION: No
WASTE TYPE: mixed
WASTE VOLUME: small (pickup truck)
WASTE ORIGIN: residential
PROPERTY TYPE: vacant-lot
ADDRESS MARKERS: NONE
GUTTER/ALLEY: No
WATER PROXIMITY: Yes
CHRONIC SITE: No
VEHICLES: NONE
IDENTIFIERS: NONE
SEVERITY: 1
ORDINANCE: N/A
PRIORITY: LOW
SUMMARY: No illegal dumping is observed in the image."
20260604T134116Z,DT_6th_and_2nd_St_1_20260602T083000.jpg,,,dataset_20260603_063335/DT_6th_and_2nd_St_1/DT_6th_and_2nd_St_1_20260602T083000.jpg,illegal_dumping,done,2026-06-04T13:51:14.546572+00:00,0.046,0.893,0.942,,nvidia/cosmos-reason2-8b,"DUMPING PRESENT: No
ORDINANCE VIOLATION: No
WASTE TYPE: mixed
WASTE VOLUME: small (pickup truck)
WASTE ORIGIN: residential
PROPERTY TYPE: vacant-lot
ADDRESS MARKERS: NONE
GUTTER/ALLEY: No
WATER PROXIMITY: Yes
CHRONIC SITE: No
VEHICLES: NONE
IDENTIFIERS: NONE
SEVERITY: 1
ORDINANCE: N/A
PRIORITY: LOW
SUMMARY: No illegal dumping detected; the area appears to be a vacant lot with no visible waste or debris."
20260604T134116Z,DT_6th_and_2nd_St_1_20260602T084500.jpg,,,dataset_20260603_063335/DT_6th_and_2nd_St_1/DT_6th_and_2nd_St_1_20260602T084500.jpg,illegal_dumping,done,2026-06-04T13:51:15.011339+00:00,0.045,0.704,0.754,,nvidia/cosmos-reason2-8b,"DUMPING PRESENT: No
ORDINANCE VIOLATION: No
WASTE TYPE: mixed
WASTE VOLUME: small (pickup truck)
WASTE ORIGIN: residential
PROPERTY TYPE: vacant-lot
ADDRESS MARKERS: NONE
GUTTER/ALLEY: No
WATER PROXIMITY: Yes
CHRONIC SITE: No
VEHICLES: NONE
IDENTIFIERS: NONE
SEVERITY: 1
ORDINANCE: N/A
PRIORITY: LOW
SUMMARY: No illegal dumping observed; the area appears to be a vacant lot with no visible waste or debris."
20260604T134116Z,DT_6th_and_2nd_St_1_20260602T090000.jpg,,,dataset_20260603_063335/DT_6th_and_2nd_St_1/DT_6th_and_2nd_St_1_20260602T090000.jpg,illegal_dumping,done,2026-06-04T13:51:15.185120+00:00,0.044,0.79,0.837,,nvidia/cosmos-reason2-8b,"DUMPING PRESENT: No
ORDINANCE VIOLATION: No
WASTE TYPE: mixed
WASTE VOLUME: small (pickup truck)
WASTE ORIGIN: residential
PROPERTY TYPE: vacant-lot
ADDRESS MARKERS: NONE
GUTTER/ALLEY: No
WATER PROXIMITY: Yes
CHRONIC SITE: No
VEHICLES: NONE
IDENTIFIERS: NONE
SEVERITY: 1
ORDINANCE: N/A
PRIORITY: LOW
SUMMARY: No illegal dumping is observed in the scene."
20260604T134116Z,DT_6th_and_2nd_St_1_20260602T091500.jpg,,,dataset_20260603_063335/DT_6th_and_2nd_St_1/DT_6th_and_2nd_St_1_20260602T091500.jpg,illegal_dumping,done,2026-06-04T13:51:15.341385+00:00,0.047,0.815,0.864,,nvidia/cosmos-reason2-8b,"DUMPING PRESENT: No
ORDINANCE VIOLATION: No
WASTE TYPE: mixed
WASTE VOLUME: medium
WASTE ORIGIN: commercial-contractor
PROPERTY TYPE: vacant-lot
ADDRESS MARKERS: NONE
GUTTER/ALLEY: No
WATER PROXIMITY: Yes
CHRONIC SITE: No
VEHICLES: NONE
IDENTIFIERS: NONE
SEVERITY: 1
ORDINANCE: N/A
PRIORITY: LOW
SUMMARY: No illegal dumping is observed in the video."
20260604T134116Z,DT_6th_and_2nd_St_1_20260602T093000.jpg,,,dataset_20260603_063335/DT_6th_and_2nd_St_1/DT_6th_and_2nd_St_1_20260602T093000.jpg,illegal_dumping,done,2026-06-04T13:51:15.490777+00:00,0.046,1.022,1.072,,nvidia/cosmos-reason2-8b,"DUMPING PRESENT: Yes
ORDINANCE VIOLATION: Yes
WASTE TYPE: mixed
WASTE VOLUME: medium
WASTE ORIGIN: commercial-contractor
PROPERTY TYPE: vacant-lot
ADDRESS MARKERS: NONE
GUTTER/ALLEY: No
WATER PROXIMITY: No
CHRONIC SITE: No
VEHICLES: NONE
IDENTIFIERS: NONE
SEVERITY: 2
ORDINANCE: Sec-46-45
PRIORITY: MEDIUM
SUMMARY: A medium-sized mixed waste pile is present on a vacant lot, violating Brownsville's property owner liability ordinance (Sec. 46-45)."
20260604T134116Z,DT_6th_and_2nd_St_1_20260602T094500.jpg,,,dataset_20260603_063335/DT_6th_and_2nd_St_1/DT_6th_and_2nd_St_1_20260602T094500.jpg,illegal_dumping,done,2026-06-04T13:51:15.768122+00:00,0.048,0.928,0.979,,nvidia/cosmos-reason2-8b,"```json
{
  ""DUMPING PRESENT"": ""No"",
  ""ORDINANCE VIOLATION"": ""No"",
  ""WASTE TYPE"": [],
  ""WASTE VOLUME"": ""small (pickup truck)"",
  ""WASTE ORIGIN"": ""residential"",
  ""PROPERTY TYPE"": ""vacant-lot"",
  ""ADDRESS MARKERS"": ""NONE"",
  ""GUTTER/ALLEY"": ""No"",
  ""WATER PROXIMITY"": ""No"",
  ""CHRONIC SITE"": ""No"",
  ""VEHICLES"": ""NONE"",
  ""IDENTIFIERS"": ""NONE"",
  ""SEVERITY"": ""1"",
  ""ORDINANCE"": ""N/A"",
  ""PRIORITY"": ""LOW"",
  ""SUMMARY"": ""No illegal dumping detected; the area appears clean and free of waste materials.""
}
```"
20260604T134116Z,DT_6th_and_2nd_St_1_20260602T100000.jpg,,,dataset_20260603_063335/DT_6th_and_2nd_St_1/DT_6th_and_2nd_St_1_20260602T100000.jpg,illegal_dumping,done,2026-06-04T13:51:16.024683+00:00,0.048,0.673,0.724,,nvidia/cosmos-reason2-8b,"DUMPING PRESENT: No
ORDINANCE VIOLATION: No
WASTE TYPE: mixed
WASTE VOLUME: medium
WASTE ORIGIN: commercial-contractor
PROPERTY TYPE: vacant-lot
ADDRESS MARKERS: NONE
GUTTER/ALLEY: No
WATER PROXIMITY: No
CHRONIC SITE: No
VEHICLES: NONE
IDENTIFIERS: NONE
SEVERITY: 1
ORDINANCE: N/A
PRIORITY: LOW
SUMMARY: No illegal dumping is observed in the scene."
20260604T134116Z,DT_6th_and_2nd_St_1_20260602T101500.jpg,,,dataset_20260603_063335/DT_6th_and_2nd_St_1/DT_6th_and_2nd_St_1_20260602T101500.jpg,illegal_dumping,done,2026-06-04T13:51:16.207699+00:00,0.039,0.687,0.728,,nvidia/cosmos-reason2-8b,"DUMPING PRESENT: No
ORDINANCE VIOLATION: No
WASTE TYPE: mixed
WASTE VOLUME: medium
WASTE ORIGIN: commercial-contractor
PROPERTY TYPE: vacant-lot
ADDRESS MARKERS: NONE
GUTTER/ALLEY: No
WATER PROXIMITY: No
CHRONIC SITE: No
VEHICLES: NONE
IDENTIFIERS: NONE
SEVERITY: 1
ORDINANCE: N/A
PRIORITY: LOW
SUMMARY: No illegal dumping is observed in the scene."
20260604T134116Z,DT_6th_and_2nd_St_1_20260602T103000.jpg,,,dataset_20260603_063335/DT_6th_and_2nd_St_1/DT_6th_and_2nd_St_1_20260602T103000.jpg,illegal_dumping,done,2026-06-04T13:51:16.565284+00:00,0.046,0.691,0.74,,nvidia/cosmos-reason2-8b,"DUMPING PRESENT: No
ORDINANCE VIOLATION: No
WASTE TYPE: mixed
WASTE VOLUME: small (pickup truck)
WASTE ORIGIN: residential
PROPERTY TYPE: vacant-lot
ADDRESS MARKERS: NONE
GUTTER/ALLEY: No
WATER PROXIMITY: No
CHRONIC SITE: No
VEHICLES: NONE
IDENTIFIERS: NONE
SEVERITY: 1
ORDINANCE: N/A
PRIORITY: LOW
SUMMARY: No illegal dumping detected in the video."
20260604T134116Z,DT_6th_and_2nd_St_1_20260602T104500.jpg,,,dataset_20260603_063335/DT_6th_and_2nd_St_1/DT_6th_and_2nd_St_1_20260602T104500.jpg,illegal_dumping,done,2026-06-04T13:51:16.751072+00:00,0.04,1.013,1.056,,nvidia/cosmos-reason2-8b,"DUMPING PRESENT: No
ORDINANCE VIOLATION: No
WASTE TYPE: mixed
WASTE VOLUME: medium
WASTE ORIGIN: commercial-contractor
PROPERTY TYPE: vacant-lot
ADDRESS MARKERS: NONE
GUTTER/ALLEY: No
WATER PROXIMITY: No
CHRONIC SITE: No
VEHICLES: <color, type, any text visible — or NONE>
IDENTIFIERS: <plates, signage, labels, individuals — or NONE>
SEVERITY: 1
ORDINANCE: N/A
PRIORITY: LOW
SUMMARY: No illegal dumping is observed in the video."
20260604T134116Z,DT_6th_and_2nd_St_1_20260602T110000.jpg,,,dataset_20260603_063335/DT_6th_and_2nd_St_1/DT_6th_and_2nd_St_1_20260602T110000.jpg,illegal_dumping,done,2026-06-04T13:51:16.752179+00:00,0.038,1.021,1.064,,nvidia/cosmos-reason2-8b,"DUMPING PRESENT: No
ORDINANCE VIOLATION: No
WASTE TYPE:
WASTE VOLUME:
WASTE ORIGIN:
PROPERTY TYPE: right-of-way
ADDRESS MARKERS: NONE
GUTTER/ALLEY: No
WATER PROXIMITY: No
CHRONIC SITE: No
VEHICLES: <color, type, any text visible — or NONE>
IDENTIFIERS: <plates, signage, labels, individuals — or NONE>
SEVERITY: 1
ORDINANCE: N/A
PRIORITY: LOW
SUMMARY: No illegal dumping observed; the scene shows a white dump truck on a dirt road with no visible waste or debris."
20260604T134116Z,DT_6th_and_2nd_St_1_20260602T111500.jpg,,,dataset_20260603_063335/DT_6th_and_2nd_St_1/DT_6th_and_2nd_St_1_20260602T111500.jpg,illegal_dumping,done,2026-06-04T13:51:16.938747+00:00,0.046,0.924,0.973,,nvidia/cosmos-reason2-8b,"DUMPING PRESENT: No
ORDINANCE VIOLATION: No
WASTE TYPE: N/A
WASTE VOLUME: N/A
WASTE ORIGIN: N/A
PROPERTY TYPE: N/A
ADDRESS MARKERS: NONE
GUTTER/ALLEY: No
WATER PROXIMITY: No
CHRONIC SITE: No
VEHICLES: NONE
IDENTIFIERS: NONE
SEVERITY: 1
ORDINANCE: N/A
PRIORITY: LOW
SUMMARY: No illegal dumping detected in the video."
20260604T134116Z,DT_6th_and_2nd_St_1_20260602T113000.jpg,,,dataset_20260603_063335/DT_6th_and_2nd_St_1/DT_6th_and_2nd_St_1_20260602T113000.jpg,illegal_dumping,done,2026-06-04T13:51:17.307972+00:00,0.042,0.79,0.835,,nvidia/cosmos-reason2-8b,"DUMPING PRESENT: No
ORDINANCE VIOLATION: No
WASTE TYPE: mixed
WASTE VOLUME: small (pickup truck)
WASTE ORIGIN: residential
PROPERTY TYPE: vacant-lot
ADDRESS MARKERS: NONE
GUTTER/ALLEY: No
WATER PROXIMITY: No
CHRONIC SITE: No
VEHICLES: NONE
IDENTIFIERS: NONE
SEVERITY: 1
ORDINANCE: N/A
PRIORITY: LOW
SUMMARY: No illegal dumping detected in the video."
20260604T134116Z,DT_6th_and_2nd_St_1_20260602T114500.jpg,,,dataset_20260603_063335/DT_6th_and_2nd_St_1/DT_6th_and_2nd_St_1_20260602T114500.jpg,illegal_dumping,done,2026-06-04T13:51:17.810479+00:00,0.051,1.165,1.219,,nvidia/cosmos-reason2-8b,"DUMPING PRESENT: No
ORDINANCE VIOLATION: No
WASTE TYPE: mixed
WASTE VOLUME: small (pickup truck)
WASTE ORIGIN: residential
PROPERTY TYPE: vacant-lot
ADDRESS MARKERS: NONE
GUTTER/ALLEY: No
WATER PROXIMITY: No
CHRONIC SITE: No
VEHICLES: NONE
IDENTIFIERS: NONE
SEVERITY: 1
ORDINANCE: N/A
PRIORITY: LOW
SUMMARY: No illegal dumping observed; the scene shows a green screen with no discernible waste or property details."
20260604T134116Z,DT_6th_and_2nd_St_1_20260602T120000.jpg,,,dataset_20260603_063335/DT_6th_and_2nd_St_1/DT_6th_and_2nd_St_1_20260602T120000.jpg,illegal_dumping,done,2026-06-04T13:51:17.862953+00:00,0.05,0.996,1.05,,nvidia/cosmos-reason2-8b,"DUMPING PRESENT: No
ORDINANCE VIOLATION: No
WASTE TYPE: mixed
WASTE VOLUME: small (pickup truck)
WASTE ORIGIN: residential
PROPERTY TYPE: vacant-lot
ADDRESS MARKERS: NONE
GUTTER/ALLEY: No
WATER PROXIMITY: No
CHRONIC SITE: No
VEHICLES: NONE
IDENTIFIERS: NONE
SEVERITY: 1
ORDINANCE: N/A
PRIORITY: LOW
SUMMARY: No illegal dumping is observed in the scene."
20260604T134116Z,DT_6th_and_2nd_St_1_20260602T121500.jpg,,,dataset_20260603_063335/DT_6th_and_2nd_St_1/DT_6th_and_2nd_St_1_20260602T121500.jpg,illegal_dumping,done,2026-06-04T13:51:17.914801+00:00,0.044,1.023,1.069,,nvidia/cosmos-reason2-8b,"DUMPING PRESENT: No
ORDINANCE VIOLATION: No
WASTE TYPE: mixed
WASTE VOLUME: small (pickup truck)
WASTE ORIGIN: residential
PROPERTY TYPE: vacant-lot
ADDRESS MARKERS: NONE
GUTTER/ALLEY: No
WATER PROXIMITY: No
CHRONIC SITE: No
VEHICLES: NONE
IDENTIFIERS: NONE
SEVERITY: 1
ORDINANCE: N/A
PRIORITY: LOW
SUMMARY: No illegal dumping detected in the video."
20260604T134116Z,DT_6th_and_2nd_St_1_20260602T123000.jpg,,,dataset_20260603_063335/DT_6th_and_2nd_St_1/DT_6th_and_2nd_St_1_20260602T123000.jpg,illegal_dumping,done,2026-06-04T13:51:18.145956+00:00,0.049,1.116,1.169,,nvidia/cosmos-reason2-8b,"```json
{
  ""DUMPING PRESENT"": ""No"",
  ""ORDINANCE VIOLATION"": ""No"",
  ""WASTE TYPE"": [],
  ""WASTE VOLUME"": ""small (pickup truck)"",
  ""WASTE ORIGIN"": ""unknown"",
  ""PROPERTY TYPE"": ""right-of-way"",
  ""ADDRESS MARKERS"": ""NONE"",
  ""GUTTER/ALLEY"": ""Yes"",
  ""WATER PROXIMITY"": ""No"",
  ""CHRONIC SITE"": ""No"",
  ""VEHICLES"": ""NONE"",
  ""IDENTIFIERS"": ""NONE"",
  ""SEVERITY"": ""1"",
  ""ORDINANCE"": ""N/A"",
  ""PRIORITY"": ""LOW"",
  ""SUMMARY"": ""No illegal dumping detected; the scene shows a dirt road with scattered debris and no clear waste origin.""
}
```"
20260604T134116Z,DT_6th_and_2nd_St_1_20260602T124500.jpg,,,dataset_20260603_063335/DT_6th_and_2nd_St_1/DT_6th_and_2nd_St_1_20260602T124500.jpg,illegal_dumping,done,2026-06-04T13:51:18.915504+00:00,0.05,0.915,0.968,,nvidia/cosmos-reason2-8b,"DUMPING PRESENT: Yes
ORDINANCE VIOLATION: Yes
WASTE TYPE: mixed
WASTE VOLUME: medium
WASTE ORIGIN: commercial-contractor
PROPERTY TYPE: vacant-lot
ADDRESS MARKERS: NONE
GUTTER/ALLEY: No
WATER PROXIMITY: No
CHRONIC SITE: No
VEHICLES: NONE
IDENTIFIERS: NONE
SEVERITY: 2
ORDINANCE: Sec-46-45
PRIORITY: MEDIUM
SUMMARY: A medium-sized mixed waste pile is present on a vacant lot, violating Brownsville's property owner liability ordinance (Sec. 46-45)."
20260604T134116Z,DT_6th_and_2nd_St_1_20260602T130000.jpg,,,dataset_20260603_063335/DT_6th_and_2nd_St_1/DT_6th_and_2nd_St_1_20260602T130000.jpg,illegal_dumping,done,2026-06-04T13:51:18.986001+00:00,0.043,1.099,1.145,,nvidia/cosmos-reason2-8b,"DUMPING PRESENT: No
ORDINANCE VIOLATION: No
WASTE TYPE: mixed
WASTE VOLUME: medium
WASTE ORIGIN: commercial-contractor
PROPERTY TYPE: vacant-lot
ADDRESS MARKERS: NONE
GUTTER/ALLEY: No
WATER PROXIMITY: No
CHRONIC SITE: No
VEHICLES: NONE
IDENTIFIERS: NONE
SEVERITY: 1
ORDINANCE: N/A
PRIORITY: LOW
SUMMARY: No illegal dumping is observed in the scene."
20260604T134116Z,DT_6th_and_2nd_St_1_20260602T131500.jpg,,,dataset_20260603_063335/DT_6th_and_2nd_St_1/DT_6th_and_2nd_St_1_20260602T131500.jpg,illegal_dumping,done,2026-06-04T13:51:19.033183+00:00,0.048,0.952,1.004,,nvidia/cosmos-reason2-8b,"DUMPING PRESENT: Yes
ORDINANCE VIOLATION: Yes
WASTE TYPE: mixed
WASTE VOLUME: medium
WASTE ORIGIN: unknown
PROPERTY TYPE: vacant-lot
ADDRESS MARKERS: NONE
GUTTER/ALLEY: No
WATER PROXIMITY: No
CHRONIC SITE: No
VEHICLES: NONE
IDENTIFIERS: NONE
SEVERITY: 2
ORDINANCE: Sec-46-45
PRIORITY: MEDIUM
SUMMARY: A pile of mixed waste is present on a vacant lot, violating Brownsville's property owner liability ordinance (Sec. 46-45)."
20260604T134116Z,DT_6th_and_2nd_St_1_20260602T133000.jpg,,,dataset_20260603_063335/DT_6th_and_2nd_St_1/DT_6th_and_2nd_St_1_20260602T133000.jpg,illegal_dumping,done,2026-06-04T13:51:19.317566+00:00,0.047,0.877,0.927,,nvidia/cosmos-reason2-8b,"DUMPING PRESENT: No
ORDINANCE VIOLATION: No
WASTE TYPE: mixed
WASTE VOLUME: medium
WASTE ORIGIN: commercial-contractor
PROPERTY TYPE: vacant-lot
ADDRESS MARKERS: NONE
GUTTER/ALLEY: No
WATER PROXIMITY: No
CHRONIC SITE: No
VEHICLES: NONE
IDENTIFIERS: NONE
SEVERITY: 1
ORDINANCE: N/A
PRIORITY: LOW
SUMMARY: No illegal dumping detected in the video."
20260604T134116Z,DT_6th_and_2nd_St_1_20260602T134500.jpg,,,dataset_20260603_063335/DT_6th_and_2nd_St_1/DT_6th_and_2nd_St_1_20260602T134500.jpg,illegal_dumping,done,2026-06-04T13:51:19.885864+00:00,0.046,0.888,0.938,,nvidia/cosmos-reason2-8b,"DUMPING PRESENT: Yes
ORDINANCE VIOLATION: Yes
WASTE TYPE: mixed
WASTE VOLUME: small (pickup truck)
WASTE ORIGIN: commercial-contractor
PROPERTY TYPE: vacant-lot
ADDRESS MARKERS: NONE
GUTTER/ALLEY: No
WATER PROXIMITY: No
CHRONIC SITE: No
VEHICLES: <NONE>
IDENTIFIERS: <NONE>
SEVERITY: 3
ORDINANCE: Sec-46-45
PRIORITY: MEDIUM
SUMMARY: A pickup truck is parked on a vacant lot with its bed open, suggesting potential illegal dumping activity, which violates Brownsville's property owner liability ordinance (Sec. 46-45)."
20260604T134116Z,DT_6th_and_2nd_St_1_20260602T140000.jpg,,,dataset_20260603_063335/DT_6th_and_2nd_St_1/DT_6th_and_2nd_St_1_20260602T140000.jpg,illegal_dumping,done,2026-06-04T13:51:20.040037+00:00,0.04,0.79,0.833,,nvidia/cosmos-reason2-8b,"DUMPING PRESENT: No
ORDINANCE VIOLATION: No
WASTE TYPE: mixed
WASTE VOLUME: medium
WASTE ORIGIN: commercial-contractor
PROPERTY TYPE: vacant-lot
ADDRESS MARKERS: NONE
GUTTER/ALLEY: No
WATER PROXIMITY: No
CHRONIC SITE: No
VEHICLES: <color, type, any text visible — or NONE>
IDENTIFIERS: <plates, signage, labels, individuals — or NONE>
SEVERITY: 1
ORDINANCE: N/A
PRIORITY: LOW
SUMMARY: No illegal dumping is observed in the video."
20260604T134116Z,DT_6th_and_2nd_St_1_20260602T141500.jpg,,,dataset_20260603_063335/DT_6th_and_2nd_St_1/DT_6th_and_2nd_St_1_20260602T141500.jpg,illegal_dumping,done,2026-06-04T13:51:20.133607+00:00,0.048,0.981,1.032,,nvidia/cosmos-reason2-8b,"DUMPING PRESENT: No
ORDINANCE VIOLATION: No
WASTE TYPE: mixed
WASTE VOLUME: small (pickup truck)
WASTE ORIGIN: residential
PROPERTY TYPE: alley
ADDRESS MARKERS: NONE
GUTTER/ALLEY: Yes
WATER PROXIMITY: No
CHRONIC SITE: No
VEHICLES: NONE
IDENTIFIERS: NONE
SEVERITY: 1
ORDINANCE: N/A
PRIORITY: LOW
SUMMARY: No illegal dumping detected in the alleyway; no visible waste or violations observed."
20260604T134116Z,DT_6th_and_2nd_St_1_20260602T143000.jpg,,,dataset_20260603_063335/DT_6th_and_2nd_St_1/DT_6th_and_2nd_St_1_20260602T143000.jpg,illegal_dumping,done,2026-06-04T13:51:20.247423+00:00,0.041,0.786,0.83,,nvidia/cosmos-reason2-8b,"DUMPING PRESENT: No
ORDINANCE VIOLATION: No
WASTE TYPE: mixed
WASTE VOLUME: small (pickup truck)
WASTE ORIGIN: commercial-contractor
PROPERTY TYPE: vacant-lot
ADDRESS MARKERS: NONE
GUTTER/ALLEY: No
WATER PROXIMITY: No
CHRONIC SITE: No
VEHICLES: NONE
IDENTIFIERS: NONE
SEVERITY: 1
ORDINANCE: N/A
PRIORITY: LOW
SUMMARY: No illegal dumping is observed in the scene."
20260604T134116Z,DT_6th_and_2nd_St_1_20260602T144500.jpg,,,dataset_20260603_063335/DT_6th_and_2nd_St_1/DT_6th_and_2nd_St_1_20260602T144500.jpg,illegal_dumping,done,2026-06-04T13:51:20.826617+00:00,0.041,0.749,0.793,,nvidia/cosmos-reason2-8b,"DUMPING PRESENT: No
ORDINANCE VIOLATION: No
WASTE TYPE: mixed
WASTE VOLUME: small (pickup truck)
WASTE ORIGIN: residential
PROPERTY TYPE: vacant-lot
ADDRESS MARKERS: NONE
GUTTER/ALLEY: No
WATER PROXIMITY: No
CHRONIC SITE: No
VEHICLES: NONE
IDENTIFIERS: NONE
SEVERITY: 1
ORDINANCE: N/A
PRIORITY: LOW
SUMMARY: No illegal dumping is observed in the video."
20260604T134116Z,DT_6th_and_2nd_St_1_20260602T150000.jpg,,,dataset_20260603_063335/DT_6th_and_2nd_St_1/DT_6th_and_2nd_St_1_20260602T150000.jpg,illegal_dumping,done,2026-06-04T13:51:20.876966+00:00,0.042,0.922,0.969,,nvidia/cosmos-reason2-8b,"DUMPING PRESENT: No
ORDINANCE VIOLATION: No
WASTE TYPE: mixed
WASTE VOLUME: small (pickup truck)
WASTE ORIGIN: commercial-contractor
PROPERTY TYPE: vacant-lot
ADDRESS MARKERS: NONE
GUTTER/ALLEY: No
WATER PROXIMITY: No
CHRONIC SITE: No
VEHICLES: <color, type, any text visible — or NONE>
IDENTIFIERS: <plates, signage, labels, individuals — or NONE>
SEVERITY: 1
ORDINANCE: N/A
PRIORITY: LOW
SUMMARY: No illegal dumping observed; the area appears to be a construction site with no visible waste or debris."
20260604T134116Z,DT_6th_and_2nd_St_1_20260602T151500.jpg,,,dataset_20260603_063335/DT_6th_and_2nd_St_1/DT_6th_and_2nd_St_1_20260602T151500.jpg,illegal_dumping,done,2026-06-04T13:51:21.079536+00:00,0.043,0.776,0.822,,nvidia/cosmos-reason2-8b,"DUMPING PRESENT: No
ORDINANCE VIOLATION: No
WASTE TYPE: mixed
WASTE VOLUME: small (pickup truck)
WASTE ORIGIN: residential
PROPERTY TYPE: vacant-lot
ADDRESS MARKERS: NONE
GUTTER/ALLEY: No
WATER PROXIMITY: No
CHRONIC SITE: No
VEHICLES: NONE
IDENTIFIERS: NONE
SEVERITY: 1
ORDINANCE: N/A
PRIORITY: LOW
SUMMARY: No illegal dumping detected in the video."
20260604T134116Z,DT_6th_and_2nd_St_1_20260602T153000.jpg,,,dataset_20260603_063335/DT_6th_and_2nd_St_1/DT_6th_and_2nd_St_1_20260602T153000.jpg,illegal_dumping,done,2026-06-04T13:51:21.168618+00:00,0.043,0.929,0.975,,nvidia/cosmos-reason2-8b,"DUMPING PRESENT: No
ORDINANCE VIOLATION: No
WASTE TYPE: mixed
WASTE VOLUME: small (pickup truck)
WASTE ORIGIN: residential
PROPERTY TYPE: vacant-lot
ADDRESS MARKERS: NONE
GUTTER/ALLEY: No
WATER PROXIMITY: No
CHRONIC SITE: No
VEHICLES: NONE
IDENTIFIERS: NONE
SEVERITY: 1
ORDINANCE: N/A
PRIORITY: LOW
SUMMARY: No illegal dumping detected in the video."
20260604T134116Z,DT_6th_and_2nd_St_1_20260602T154500.jpg,,,dataset_20260603_063335/DT_6th_and_2nd_St_1/DT_6th_and_2nd_St_1_20260602T154500.jpg,illegal_dumping,done,2026-06-04T13:51:21.622477+00:00,0.049,0.902,0.955,,nvidia/cosmos-reason2-8b,"DUMPING PRESENT: Yes
ORDINANCE VIOLATION: Yes
WASTE TYPE: mixed
WASTE VOLUME: small (pickup truck)
WASTE ORIGIN: commercial-contractor
PROPERTY TYPE: vacant-lot
ADDRESS MARKERS: NONE
GUTTER/ALLEY: No
WATER PROXIMITY: No
CHRONIC SITE: No
VEHICLES: <color, type, any text visible — or NONE>
IDENTIFIERS: <plates, signage, labels, individuals — or NONE>
SEVERITY: 2
ORDINANCE: Sec-46-45
PRIORITY: MEDIUM
SUMMARY: A pickup truck is parked on a vacant lot with visible debris, indicating illegal dumping that violates property owner liability under Sec. 46-45.
"
20260604T134116Z,DT_6th_and_2nd_St_1_20260602T160000.jpg,,,dataset_20260603_063335/DT_6th_and_2nd_St_1/DT_6th_and_2nd_St_1_20260602T160000.jpg,illegal_dumping,done,2026-06-04T13:51:21.848094+00:00,0.043,0.825,0.871,,nvidia/cosmos-reason2-8b,"DUMPING PRESENT: Yes
ORDINANCE VIOLATION: Yes
WASTE TYPE: construction-debris
WASTE VOLUME: medium (dump truck)
WASTE ORIGIN: commercial-contractor
PROPERTY TYPE: vacant-lot
ADDRESS MARKERS: NONE
GUTTER/ALLEY: No
WATER PROXIMITY: No
CHRONIC SITE: No
VEHICLES: NONE
IDENTIFIERS: NONE
SEVERITY: 2
ORDINANCE: Sec-46-45
PRIORITY: MEDIUM
SUMMARY: Construction debris is illegally dumped on a vacant lot, violating property owner liability under Sec. 46-45."
20260604T134116Z,DT_6th_and_2nd_St_1_20260602T161500.jpg,,,dataset_20260603_063335/DT_6th_and_2nd_St_1/DT_6th_and_2nd_St_1_20260602T161500.jpg,illegal_dumping,done,2026-06-04T13:51:21.903264+00:00,0.041,0.869,0.912,,nvidia/cosmos-reason2-8b,"DUMPING PRESENT: No
ORDINANCE VIOLATION: No
WASTE TYPE: mixed
WASTE VOLUME: medium (dump truck)
WASTE ORIGIN: commercial-contractor
PROPERTY TYPE: vacant-lot
ADDRESS MARKERS: NONE
GUTTER/ALLEY: No
WATER PROXIMITY: No
CHRONIC SITE: No
VEHICLES: NONE
IDENTIFIERS: NONE
SEVERITY: 1
ORDINANCE: N/A
PRIORITY: LOW
SUMMARY: No illegal dumping is observed in the scene."
20260604T134116Z,DT_6th_and_2nd_St_1_20260602T163000.jpg,,,dataset_20260603_063335/DT_6th_and_2nd_St_1/DT_6th_and_2nd_St_1_20260602T163000.jpg,illegal_dumping,done,2026-06-04T13:51:22.146542+00:00,0.042,0.728,0.774,,nvidia/cosmos-reason2-8b,"DUMPING PRESENT: No
ORDINANCE VIOLATION: No
WASTE TYPE: mixed
WASTE VOLUME: small (pickup truck)
WASTE ORIGIN: residential
PROPERTY TYPE: vacant-lot
ADDRESS MARKERS: NONE
GUTTER/ALLEY: No
WATER PROXIMITY: No
CHRONIC SITE: No
VEHICLES: NONE
IDENTIFIERS: NONE
SEVERITY: 1
ORDINANCE: N/A
PRIORITY: LOW
SUMMARY: No illegal dumping detected in the video."
20260604T134116Z,DT_6th_and_2nd_St_1_20260602T164500.jpg,,,dataset_20260603_063335/DT_6th_and_2nd_St_1/DT_6th_and_2nd_St_1_20260602T164500.jpg,illegal_dumping,done,2026-06-04T13:51:22.580488+00:00,0.043,0.63,0.676,,nvidia/cosmos-reason2-8b,"DUMPING PRESENT: No
ORDINANCE VIOLATION: No
WASTE TYPE: mixed
WASTE VOLUME: small (pickup truck)
WASTE ORIGIN: residential
PROPERTY TYPE: right-of-way
ADDRESS MARKERS: NONE
GUTTER/ALLEY: No
WATER PROXIMITY: No
CHRONIC SITE: No
VEHICLES: NONE
IDENTIFIERS: NONE
SEVERITY: 1
ORDINANCE: N/A
PRIORITY: LOW
SUMMARY: No illegal dumping detected in the video."
20260604T134116Z,DT_6th_and_2nd_St_1_20260602T170000.jpg,,,dataset_20260603_063335/DT_6th_and_2nd_St_1/DT_6th_and_2nd_St_1_20260602T170000.jpg,illegal_dumping,done,2026-06-04T13:51:22.721282+00:00,0.044,0.919,0.966,,nvidia/cosmos-reason2-8b,"DUMPING PRESENT: Yes
ORDINANCE VIOLATION: Yes
WASTE TYPE: mixed
WASTE VOLUME: medium
WASTE ORIGIN: commercial-contractor
PROPERTY TYPE: vacant-lot
ADDRESS MARKERS: NONE
GUTTER/ALLEY: No
WATER PROXIMITY: No
CHRONIC SITE: No
VEHICLES: NONE
IDENTIFIERS: NONE
SEVERITY: 2
ORDINANCE: Sec-46-45
PRIORITY: MEDIUM
SUMMARY: A medium-sized mixed waste pile is present on a vacant lot, violating Brownsville's property owner liability ordinance (Sec. 46-45)."
20260604T134116Z,DT_6th_and_2nd_St_1_20260602T171500.jpg,,,dataset_20260603_063335/DT_6th_and_2nd_St_1/DT_6th_and_2nd_St_1_20260602T171500.jpg,illegal_dumping,done,2026-06-04T13:51:22.817437+00:00,0.045,0.875,0.924,,nvidia/cosmos-reason2-8b,"DUMPING PRESENT: Yes
ORDINANCE VIOLATION: Yes
WASTE TYPE: mixed
WASTE VOLUME: small (pickup truck)
WASTE ORIGIN: unknown
PROPERTY TYPE: vacant-lot
ADDRESS MARKERS: NONE
GUTTER/ALLEY: No
WATER PROXIMITY: No
CHRONIC SITE: No
VEHICLES: NONE
IDENTIFIERS: NONE
SEVERITY: 3
ORDINANCE: Sec-46-45
PRIORITY: MEDIUM
SUMMARY: A small pile of mixed waste is illegally dumped on a vacant lot, violating property owner liability under Sec. 46-45.
"
20260604T134116Z,DT_6th_and_2nd_St_1_20260602T173000.jpg,,,dataset_20260603_063335/DT_6th_and_2nd_St_1/DT_6th_and_2nd_St_1_20260602T173000.jpg,illegal_dumping,done,2026-06-04T13:51:22.922425+00:00,0.037,0.943,0.984,,nvidia/cosmos-reason2-8b,"DUMPING PRESENT: No
ORDINANCE VIOLATION: No
WASTE TYPE: mixed
WASTE VOLUME: small (pickup truck)
WASTE ORIGIN: residential
PROPERTY TYPE: vacant-lot
ADDRESS MARKERS: NONE
GUTTER/ALLEY: No
WATER PROXIMITY: No
CHRONIC SITE: No
VEHICLES: NONE
IDENTIFIERS: NONE
SEVERITY: 1
ORDINANCE: N/A
PRIORITY: LOW
SUMMARY: No illegal dumping detected in the scene."
20260604T134116Z,DT_6th_and_2nd_St_1_20260602T174500.jpg,,,dataset_20260603_063335/DT_6th_and_2nd_St_1/DT_6th_and_2nd_St_1_20260602T174500.jpg,illegal_dumping,done,2026-06-04T13:51:23.259666+00:00,0.051,0.925,0.979,,nvidia/cosmos-reason2-8b,"DUMPING PRESENT: Yes
ORDINANCE VIOLATION: Yes
WASTE TYPE: mixed
WASTE VOLUME: medium
WASTE ORIGIN: commercial-contractor
PROPERTY TYPE: vacant-lot
ADDRESS MARKERS: NONE
GUTTER/ALLEY: No
WATER PROXIMITY: No
CHRONIC SITE: No
VEHICLES: NONE
IDENTIFIERS: NONE
SEVERITY: 2
ORDINANCE: Sec-46-45
PRIORITY: MEDIUM
SUMMARY: A medium-sized mixed waste pile is present on a vacant lot, violating Brownsville's property owner liability ordinance (Sec. 46-45)."
20260604T134116Z,DT_6th_and_2nd_St_1_20260602T180000.jpg,,,dataset_20260603_063335/DT_6th_and_2nd_St_1/DT_6th_and_2nd_St_1_20260602T180000.jpg,illegal_dumping,done,2026-06-04T13:51:23.690782+00:00,0.044,0.695,0.743,,nvidia/cosmos-reason2-8b,"DUMPING PRESENT: No
ORDINANCE VIOLATION: No
WASTE TYPE: mixed
WASTE VOLUME: small (pickup truck)
WASTE ORIGIN: residential
PROPERTY TYPE: vacant-lot
ADDRESS MARKERS: NONE
GUTTER/ALLEY: No
WATER PROXIMITY: No
CHRONIC SITE: No
VEHICLES: NONE
IDENTIFIERS: NONE
SEVERITY: 1
ORDINANCE: N/A
PRIORITY: LOW
SUMMARY: No illegal dumping detected in the scene."
20260604T134116Z,DT_6th_and_2nd_St_1_20260602T181500.jpg,,,dataset_20260603_063335/DT_6th_and_2nd_St_1/DT_6th_and_2nd_St_1_20260602T181500.jpg,illegal_dumping,done,2026-06-04T13:51:23.745664+00:00,0.045,0.84,0.888,,nvidia/cosmos-reason2-8b,"DUMPING PRESENT: No
ORDINANCE VIOLATION: No
WASTE TYPE: mixed
WASTE VOLUME: small (pickup truck)
WASTE ORIGIN: residential
PROPERTY TYPE: vacant-lot
ADDRESS MARKERS: NONE
GUTTER/ALLEY: No
WATER PROXIMITY: No
CHRONIC SITE: No
VEHICLES: NONE
IDENTIFIERS: NONE
SEVERITY: 1
ORDINANCE: N/A
PRIORITY: LOW
SUMMARY: No illegal dumping detected in the scene."
20260604T134116Z,DT_6th_and_2nd_St_1_20260602T183000.jpg,,,dataset_20260603_063335/DT_6th_and_2nd_St_1/DT_6th_and_2nd_St_1_20260602T183000.jpg,illegal_dumping,done,2026-06-04T13:51:23.909024+00:00,0.044,0.79,0.837,,nvidia/cosmos-reason2-8b,"DUMPING PRESENT: No
ORDINANCE VIOLATION: No
WASTE TYPE: mixed
WASTE VOLUME: small (pickup truck)
WASTE ORIGIN: residential
PROPERTY TYPE: vacant-lot
ADDRESS MARKERS: NONE
GUTTER/ALLEY: No
WATER PROXIMITY: No
CHRONIC SITE: No
VEHICLES: NONE
IDENTIFIERS: NONE
SEVERITY: 1
ORDINANCE: N/A
PRIORITY: LOW
SUMMARY: No illegal dumping detected in the video."
20260604T134116Z,DT_6th_and_2nd_St_1_20260602T184500.jpg,,,dataset_20260603_063335/DT_6th_and_2nd_St_1/DT_6th_and_2nd_St_1_20260602T184500.jpg,illegal_dumping,done,2026-06-04T13:51:24.242340+00:00,0.047,0.748,0.799,,nvidia/cosmos-reason2-8b,"DUMPING PRESENT: Yes
ORDINANCE VIOLATION: Yes
WASTE TYPE: mixed
WASTE VOLUME: medium
WASTE ORIGIN: commercial-contractor
PROPERTY TYPE: vacant-lot
ADDRESS MARKERS: NONE
GUTTER/ALLEY: No
WATER PROXIMITY: No
CHRONIC SITE: No
VEHICLES: NONE
IDENTIFIERS: NONE
SEVERITY: 2
ORDINANCE: Sec-46-45
PRIORITY: MEDIUM
SUMMARY: Mixed waste is illegally dumped on a vacant lot, violating Brownsville's property owner liability ordinance."
20260604T134116Z,DT_6th_and_2nd_St_1_20260602T190000.jpg,,,dataset_20260603_063335/DT_6th_and_2nd_St_1/DT_6th_and_2nd_St_1_20260602T190000.jpg,illegal_dumping,done,2026-06-04T13:51:24.436475+00:00,0.047,0.684,0.735,,nvidia/cosmos-reason2-8b,"DUMPING PRESENT: No
ORDINANCE VIOLATION: No
WASTE TYPE: mixed
WASTE VOLUME: small (pickup truck)
WASTE ORIGIN: residential
PROPERTY TYPE: vacant-lot
ADDRESS MARKERS: NONE
GUTTER/ALLEY: No
WATER PROXIMITY: No
CHRONIC SITE: No
VEHICLES: NONE
IDENTIFIERS: NONE
SEVERITY: 1
ORDINANCE: N/A
PRIORITY: LOW
SUMMARY: No illegal dumping detected in the scene."
20260604T134116Z,DT_6th_and_2nd_St_1_20260602T191500.jpg,,,dataset_20260603_063335/DT_6th_and_2nd_St_1/DT_6th_and_2nd_St_1_20260602T191500.jpg,illegal_dumping,done,2026-06-04T13:51:24.636875+00:00,0.041,0.654,0.699,,nvidia/cosmos-reason2-8b,"DUMPING PRESENT: No
ORDINANCE VIOLATION: No
WASTE TYPE: mixed
WASTE VOLUME: small (pickup truck)
WASTE ORIGIN: residential
PROPERTY TYPE: vacant-lot
ADDRESS MARKERS: NONE
GUTTER/ALLEY: No
WATER PROXIMITY: No
CHRONIC SITE: No
VEHICLES: NONE
IDENTIFIERS: NONE
SEVERITY: 1
ORDINANCE: N/A
PRIORITY: LOW
SUMMARY: No illegal dumping detected in the scene."
20260604T134116Z,DT_6th_and_2nd_St_1_20260602T193000.jpg,,,dataset_20260603_063335/DT_6th_and_2nd_St_1/DT_6th_and_2nd_St_1_20260602T193000.jpg,illegal_dumping,done,2026-06-04T13:51:24.748642+00:00,0.04,0.874,0.917,,nvidia/cosmos-reason2-8b,"DUMPING PRESENT: Yes
ORDINANCE VIOLATION: Yes
WASTE TYPE: construction-debris
WASTE VOLUME: medium (dump truck)
WASTE ORIGIN: commercial-contractor
PROPERTY TYPE: vacant-lot
ADDRESS MARKERS: NONE
GUTTER/ALLEY: No
WATER PROXIMITY: No
CHRONIC SITE: No
VEHICLES: NONE
IDENTIFIERS: NONE
SEVERITY: 2
ORDINANCE: Sec-46-45
PRIORITY: MEDIUM
SUMMARY: Construction debris is illegally dumped on a vacant lot, violating property owner liability under Sec. 46-45."
20260604T134116Z,DT_6th_and_2nd_St_1_20260602T194500.jpg,,,dataset_20260603_063335/DT_6th_and_2nd_St_1/DT_6th_and_2nd_St_1_20260602T194500.jpg,illegal_dumping,done,2026-06-04T13:51:25.043950+00:00,0.043,0.656,0.703,,nvidia/cosmos-reason2-8b,"DUMPING PRESENT: No
ORDINANCE VIOLATION: No
WASTE TYPE: mixed
WASTE VOLUME: small (pickup truck)
WASTE ORIGIN: residential
PROPERTY TYPE: vacant-lot
ADDRESS MARKERS: NONE
GUTTER/ALLEY: No
WATER PROXIMITY: No
CHRONIC SITE: No
VEHICLES: NONE
IDENTIFIERS: NONE
SEVERITY: 1
ORDINANCE: N/A
PRIORITY: LOW
SUMMARY: No illegal dumping detected in the scene."
20260604T134116Z,DT_6th_and_2nd_St_1_20260602T200000.jpg,,,dataset_20260603_063335/DT_6th_and_2nd_St_1/DT_6th_and_2nd_St_1_20260602T200000.jpg,illegal_dumping,done,2026-06-04T13:51:25.177515+00:00,0.052,0.711,0.766,,nvidia/cosmos-reason2-8b,"DUMPING PRESENT: No
ORDINANCE VIOLATION: No
WASTE TYPE: mixed
WASTE VOLUME: small (pickup truck)
WASTE ORIGIN: residential
PROPERTY TYPE: vacant-lot
ADDRESS MARKERS: NONE
GUTTER/ALLEY: No
WATER PROXIMITY: No
CHRONIC SITE: No
VEHICLES: NONE
IDENTIFIERS: NONE
SEVERITY: 1
ORDINANCE: N/A
PRIORITY: LOW
SUMMARY: No illegal dumping detected in the video."
20260604T134116Z,DT_6th_and_2nd_St_1_20260602T201500.jpg,,,dataset_20260603_063335/DT_6th_and_2nd_St_1/DT_6th_and_2nd_St_1_20260602T201500.jpg,illegal_dumping,done,2026-06-04T13:51:25.339256+00:00,0.049,0.75,0.802,,nvidia/cosmos-reason2-8b,"DUMPING PRESENT: No
ORDINANCE VIOLATION: No
WASTE TYPE: mixed
WASTE VOLUME: medium
WASTE ORIGIN: commercial-contractor
PROPERTY TYPE: vacant-lot
ADDRESS MARKERS: NONE
GUTTER/ALLEY: No
WATER PROXIMITY: No
CHRONIC SITE: No
VEHICLES: NONE
IDENTIFIERS: NONE
SEVERITY: 1
ORDINANCE: N/A
PRIORITY: LOW
SUMMARY: No illegal dumping detected in the video."
20260604T134116Z,DT_6th_and_2nd_St_4_20260602T000000.jpg,,,dataset_20260603_063335/DT_6th_and_2nd_St_4/DT_6th_and_2nd_St_4_20260602T000000.jpg,illegal_dumping,done,2026-06-04T13:51:26.164932+00:00,0.162,1.409,1.588,,nvidia/cosmos-reason2-8b,"DUMPING PRESENT: Yes
ORDINANCE VIOLATION: Yes
WASTE TYPE: mixed
WASTE VOLUME: small (pickup truck)
WASTE ORIGIN: residential
PROPERTY TYPE: vacant-lot
ADDRESS MARKERS: NONE
GUTTER/ALLEY: No
WATER PROXIMITY: No
CHRONIC SITE: No
VEHICLES: NONE
IDENTIFIERS: NONE
SEVERITY: 1
ORDINANCE: Sec-46-45
PRIORITY: LOW
SUMMARY: A small pile of mixed waste is present on a vacant lot, violating property owner liability under Sec. 46-45."
20260604T134116Z,DT_6th_and_2nd_St_4_20260602T001500.jpg,,,dataset_20260603_063335/DT_6th_and_2nd_St_4/DT_6th_and_2nd_St_4_20260602T001500.jpg,illegal_dumping,done,2026-06-04T13:51:26.165532+00:00,0.162,1.363,1.542,,nvidia/cosmos-reason2-8b,"DUMPING PRESENT: No
ORDINANCE VIOLATION: No
WASTE TYPE: mixed
WASTE VOLUME: small (pickup truck)
WASTE ORIGIN: residential
PROPERTY TYPE: vacant-lot
ADDRESS MARKERS: NONE
GUTTER/ALLEY: No
WATER PROXIMITY: No
CHRONIC SITE: No
VEHICLES: NONE
IDENTIFIERS: NONE
SEVERITY: 1
ORDINANCE: N/A
PRIORITY: LOW
SUMMARY: No illegal dumping detected; the image shows a green screen with no discernible waste or property details."
20260604T134116Z,DT_6th_and_2nd_St_4_20260602T003000.jpg,,,dataset_20260603_063335/DT_6th_and_2nd_St_4/DT_6th_and_2nd_St_4_20260602T003000.jpg,illegal_dumping,done,2026-06-04T13:51:26.166361+00:00,0.162,1.183,1.361,,nvidia/cosmos-reason2-8b,"DUMPING PRESENT: Yes
ORDINANCE VIOLATION: Yes
WASTE TYPE: mixed
WASTE VOLUME: medium
WASTE ORIGIN: residential
PROPERTY TYPE: vacant-lot
ADDRESS MARKERS: NONE
GUTTER/ALLEY: No
WATER PROXIMITY: No
CHRONIC SITE: No
VEHICLES: NONE
IDENTIFIERS: NONE
SEVERITY: 2
ORDINANCE: Sec-46-45
PRIORITY: MEDIUM
SUMMARY: A medium-sized pile of mixed waste is illegally dumped on a vacant lot, violating property owner liability under Sec-46-45.
"
20260604T134116Z,DT_6th_and_2nd_St_4_20260602T004500.jpg,,,dataset_20260603_063335/DT_6th_and_2nd_St_4/DT_6th_and_2nd_St_4_20260602T004500.jpg,illegal_dumping,done,2026-06-04T13:51:26.167775+00:00,0.162,1.358,1.535,,nvidia/cosmos-reason2-8b,"```json
{
  ""DUMPING PRESENT"": ""Yes"",
  ""ORDINANCE VIOLATION"": ""Yes"",
  ""WASTE TYPE"": [
    ""mixed""
  ],
  ""WASTE VOLUME"": ""medium (dump truck)"",
  ""WASTE ORIGIN"": ""unknown"",
  ""PROPERTY TYPE"": ""vacant-lot"",
  ""ADDRESS MARKERS"": ""NONE"",
  ""GUTTER/ALLEY"": ""No"",
  ""WATER PROXIMITY"": ""No"",
  ""CHRONIC SITE"": ""No"",
  ""VEHICLES"": ""NONE"",
  ""IDENTIFIERS"": ""NONE"",
  ""SEVERITY"": 3,
  ""ORDINANCE"": ""Sec-46-45"",
  ""PRIORITY"": ""MEDIUM"",
  ""SUMMARY"": ""Illegal dumping of mixed waste is present on a vacant lot, violating property owner liability under Sec. 46-45.""
}
```"
20260604T134116Z,DT_6th_and_2nd_St_4_20260602T010000.jpg,,,dataset_20260603_063335/DT_6th_and_2nd_St_4/DT_6th_and_2nd_St_4_20260602T010000.jpg,illegal_dumping,done,2026-06-04T13:51:27.530462+00:00,0.044,0.867,0.914,,nvidia/cosmos-reason2-8b,"DUMPING PRESENT: Yes
ORDINANCE VIOLATION: Yes
WASTE TYPE: mixed
WASTE VOLUME: medium (dump truck)
WASTE ORIGIN: unknown
PROPERTY TYPE: vacant-lot
ADDRESS MARKERS: NONE
GUTTER/ALLEY: No
WATER PROXIMITY: No
CHRONIC SITE: No
VEHICLES: NONE
IDENTIFIERS: NONE
SEVERITY: 2
ORDINANCE: Sec-46-45
PRIORITY: MEDIUM
SUMMARY: A medium-sized dump of mixed waste is present on a vacant lot, violating property owner liability under Sec. 46-45."
20260604T134116Z,DT_6th_and_2nd_St_4_20260602T011500.jpg,,,dataset_20260603_063335/DT_6th_and_2nd_St_4/DT_6th_and_2nd_St_4_20260602T011500.jpg,illegal_dumping,done,2026-06-04T13:51:27.705250+00:00,0.044,0.861,0.908,,nvidia/cosmos-reason2-8b,"DUMPING PRESENT: Yes
ORDINANCE VIOLATION: Yes
WASTE TYPE: mixed
WASTE VOLUME: medium
WASTE ORIGIN: unknown
PROPERTY TYPE: vacant-lot
ADDRESS MARKERS: NONE
GUTTER/ALLEY: Yes
WATER PROXIMITY: No
CHRONIC SITE: No
VEHICLES: NONE
IDENTIFIERS: NONE
SEVERITY: 2
ORDINANCE: Sec-46-45
PRIORITY: MEDIUM
SUMMARY: A medium volume of mixed waste is illegally dumped on a vacant lot, violating property owner liability under Sec-46-45.
"
20260604T134116Z,DT_6th_and_2nd_St_4_20260602T013000.jpg,,,dataset_20260603_063335/DT_6th_and_2nd_St_4/DT_6th_and_2nd_St_4_20260602T013000.jpg,illegal_dumping,done,2026-06-04T13:51:27.709776+00:00,0.041,1.17,1.212,,nvidia/cosmos-reason2-8b,"DUMPING PRESENT: Yes
ORDINANCE VIOLATION: Yes
WASTE TYPE: mixed
WASTE VOLUME: medium
WASTE ORIGIN: residential
PROPERTY TYPE: vacant-lot
ADDRESS MARKERS: NONE
GUTTER/ALLEY: Yes
WATER PROXIMITY: No
CHRONIC SITE: No
VEHICLES: NONE
IDENTIFIERS: NONE
SEVERITY: 2
ORDINANCE: Sec-46-45
PRIORITY: MEDIUM
SUMMARY: A medium-sized mixed waste pile is present on a vacant lot, violating property owner liability under Sec-46-45."
20260604T134116Z,DT_6th_and_2nd_St_4_20260602T014500.jpg,,,dataset_20260603_063335/DT_6th_and_2nd_St_4/DT_6th_and_2nd_St_4_20260602T014500.jpg,illegal_dumping,done,2026-06-04T13:51:27.757019+00:00,0.046,1.071,1.119,,nvidia/cosmos-reason2-8b,"DUMPING PRESENT: Yes
ORDINANCE VIOLATION: Yes
WASTE TYPE: mixed
WASTE VOLUME: medium (dump truck)
WASTE ORIGIN: unknown
PROPERTY TYPE: vacant-lot
ADDRESS MARKERS: NONE
GUTTER/ALLEY: No
WATER PROXIMITY: No
CHRONIC SITE: No
VEHICLES: NONE
IDENTIFIERS: NONE
SEVERITY: 3
ORDINANCE: Sec-46-45
PRIORITY: MEDIUM
SUMMARY: A medium-sized dump of mixed waste is present on a vacant lot, violating Brownsville's property owner liability ordinance (Sec. 46-45).
"
20260604T134116Z,DT_6th_and_2nd_St_4_20260602T020000.jpg,,,dataset_20260603_063335/DT_6th_and_2nd_St_4/DT_6th_and_2nd_St_4_20260602T020000.jpg,illegal_dumping,done,2026-06-04T13:51:28.447779+00:00,0.051,0.739,0.794,,nvidia/cosmos-reason2-8b,"DUMPING PRESENT: Yes
ORDINANCE VIOLATION: Yes
WASTE TYPE: mixed
WASTE VOLUME: small (pickup truck)
WASTE ORIGIN: unknown
PROPERTY TYPE: vacant-lot
ADDRESS MARKERS: NONE
GUTTER/ALLEY: No
WATER PROXIMITY: No
CHRONIC SITE: No
VEHICLES: NONE
IDENTIFIERS: NONE
SEVERITY: 1
ORDINANCE: Sec-46-45
PRIORITY: LOW
SUMMARY: A small pile of mixed waste is present on a vacant lot, violating property owner liability under Sec. 46-45."
20260604T134116Z,DT_6th_and_2nd_St_4_20260602T021500.jpg,,,dataset_20260603_063335/DT_6th_and_2nd_St_4/DT_6th_and_2nd_St_4_20260602T021500.jpg,illegal_dumping,done,2026-06-04T13:51:28.615721+00:00,0.044,0.785,0.832,,nvidia/cosmos-reason2-8b,"DUMPING PRESENT: Yes
ORDINANCE VIOLATION: Yes
WASTE TYPE: mixed
WASTE VOLUME: medium
WASTE ORIGIN: unknown
PROPERTY TYPE: vacant-lot
ADDRESS MARKERS: NONE
GUTTER/ALLEY: No
WATER PROXIMITY: No
CHRONIC SITE: No
VEHICLES: NONE
IDENTIFIERS: NONE
SEVERITY: 2
ORDINANCE: Sec-46-45
PRIORITY: MEDIUM
SUMMARY: Illegal dumping of mixed waste is present on a vacant lot, violating Brownsville's property owner liability ordinance."
20260604T134116Z,DT_6th_and_2nd_St_4_20260602T023000.jpg,,,dataset_20260603_063335/DT_6th_and_2nd_St_4/DT_6th_and_2nd_St_4_20260602T023000.jpg,illegal_dumping,done,2026-06-04T13:51:28.878735+00:00,0.045,0.86,0.908,,nvidia/cosmos-reason2-8b,"DUMPING PRESENT: Yes
ORDINANCE VIOLATION: Yes
WASTE TYPE: mixed
WASTE VOLUME: medium
WASTE ORIGIN: residential
PROPERTY TYPE: vacant-lot
ADDRESS MARKERS: NONE
GUTTER/ALLEY: No
WATER PROXIMITY: No
CHRONIC SITE: No
VEHICLES: NONE
IDENTIFIERS: NONE
SEVERITY: 2
ORDINANCE: Sec-46-45
PRIORITY: MEDIUM
SUMMARY: A medium-sized illegal dumping site is present on a vacant lot, with mixed waste scattered across the area, violating property owner liability under Sec-46-45."
20260604T134116Z,DT_6th_and_2nd_St_4_20260602T024500.jpg,,,dataset_20260603_063335/DT_6th_and_2nd_St_4/DT_6th_and_2nd_St_4_20260602T024500.jpg,illegal_dumping,done,2026-06-04T13:51:28.924897+00:00,0.045,0.941,0.989,,nvidia/cosmos-reason2-8b,"DUMPING PRESENT: Yes
ORDINANCE VIOLATION: Yes
WASTE TYPE: mixed
WASTE VOLUME: medium
WASTE ORIGIN: unknown
PROPERTY TYPE: vacant-lot
ADDRESS MARKERS: NONE
GUTTER/ALLEY: No
WATER PROXIMITY: No
CHRONIC SITE: No
VEHICLES: NONE
IDENTIFIERS: NONE
SEVERITY: 2
ORDINANCE: Sec-46-45
PRIORITY: MEDIUM
SUMMARY: A medium volume of mixed waste is illegally dumped on a vacant lot, violating Brownsville's property owner liability ordinance (Sec. 46-45)."
20260604T134116Z,DT_6th_and_2nd_St_4_20260602T030000.jpg,,,dataset_20260603_063335/DT_6th_and_2nd_St_4/DT_6th_and_2nd_St_4_20260602T030000.jpg,illegal_dumping,done,2026-06-04T13:51:29.244992+00:00,0.045,1.969,2.017,,nvidia/cosmos-reason2-8b,"DUMPING PRESENT: Yes
ORDINANCE VIOLATION: Yes
WASTE TYPE: mixed
WASTE VOLUME: small (pickup truck)
WASTE ORIGIN: residential
PROPERTY TYPE: vacant-lot
ADDRESS MARKERS: NONE
GUTTER/ALLEY: Yes
WATER PROXIMITY: No
CHRONIC SITE: No
VEHICLES: NONE
IDENTIFIERS: NONE
SEVERITY: 1
ORDINANCE: Sec-46-45
PRIORITY: LOW
SUMMARY: A small pile of mixed waste is located on a vacant lot, violating property owner liability under Sec. 46-45."
20260604T134116Z,DT_6th_and_2nd_St_4_20260602T031500.jpg,,,dataset_20260603_063335/DT_6th_and_2nd_St_4/DT_6th_and_2nd_St_4_20260602T031500.jpg,illegal_dumping,done,2026-06-04T13:51:29.450648+00:00,0.05,1.928,1.981,,nvidia/cosmos-reason2-8b,"```json
{
  ""DUMPING PRESENT"": ""Yes"",
  ""ORDINANCE VIOLATION"": ""Yes"",
  ""WASTE TYPE"": [
    ""mixed""
  ],
  ""WASTE VOLUME"": ""small"",
  ""WASTE ORIGIN"": ""residential"",
  ""PROPERTY TYPE"": ""vacant-lot"",
  ""ADDRESS MARKERS"": ""NONE"",
  ""GUTTER/ALLEY"": ""No"",
  ""WATER PROXIMITY"": ""No"",
  ""CHRONIC SITE"": ""No"",
  ""VEHICLES"": ""NONE"",
  ""IDENTIFIERS"": ""NONE"",
  ""SEVERITY"": ""2"",
  ""ORDINANCE"": ""Sec-46-45"",
  ""PRIORITY"": ""MEDIUM"",
  ""SUMMARY"": ""Illegal dumping of mixed waste is present on a vacant lot, violating Brownsville\u2019s property owner liability ordinance.""
}
```"
20260604T134116Z,DT_6th_and_2nd_St_4_20260602T033000.jpg,,,dataset_20260603_063335/DT_6th_and_2nd_St_4/DT_6th_and_2nd_St_4_20260602T033000.jpg,illegal_dumping,done,2026-06-04T13:51:29.789485+00:00,0.047,1.374,1.423,,nvidia/cosmos-reason2-8b,"DUMPING PRESENT: Yes
ORDINANCE VIOLATION: Yes
WASTE TYPE: mixed
WASTE VOLUME: medium
WASTE ORIGIN: unknown
PROPERTY TYPE: vacant-lot
ADDRESS MARKERS: NONE
GUTTER/ALLEY: Yes
WATER PROXIMITY: No
CHRONIC SITE: No
VEHICLES: NONE
IDENTIFIERS: NONE
SEVERITY: 2
ORDINANCE: Sec-46-45
PRIORITY: MEDIUM
SUMMARY: A medium-sized mixed waste pile is present on a vacant lot, violating Brownsville's property owner liability ordinance (Sec. 46-45)."
20260604T134116Z,DT_6th_and_2nd_St_4_20260602T034500.jpg,,,dataset_20260603_063335/DT_6th_and_2nd_St_4/DT_6th_and_2nd_St_4_20260602T034500.jpg,illegal_dumping,done,2026-06-04T13:51:29.917017+00:00,0.05,1.293,1.345,,nvidia/cosmos-reason2-8b,"```json
{
  ""DUMPING PRESENT"": ""Yes"",
  ""ORDINANCE VIOLATION"": ""Yes"",
  ""WASTE TYPE"": [
    ""mixed""
  ],
  ""WASTE VOLUME"": ""small (pickup truck)"",
  ""WASTE ORIGIN"": ""residential"",
  ""PROPERTY TYPE"": ""vacant-lot"",
  ""ADDRESS MARKERS"": ""NONE"",
  ""GUTTER/ALLEY"": ""No"",
  ""WATER PROXIMITY"": ""No"",
  ""CHRONIC SITE"": ""No"",
  ""VEHICLES"": ""NONE"",
  ""IDENTIFIERS"": ""NONE"",
  ""SEVERITY"": ""3"",
  ""ORDINANCE"": ""Sec-46-45"",
  ""PRIORITY"": ""HIGH"",
  ""SUMMARY"": ""Illegal dumping of mixed waste is present on a vacant lot, violating property owner liability under Sec. 46-45.""
}
```"
20260604T134116Z,DT_6th_and_2nd_St_4_20260602T040000.jpg,,,dataset_20260603_063335/DT_6th_and_2nd_St_4/DT_6th_and_2nd_St_4_20260602T040000.jpg,illegal_dumping,done,2026-06-04T13:51:31.215682+00:00,0.049,1.175,1.227,,nvidia/cosmos-reason2-8b,"DUMPING PRESENT: Yes
ORDINANCE VIOLATION: Yes
WASTE TYPE: mixed
WASTE VOLUME: small (pickup truck)
WASTE ORIGIN: unknown
PROPERTY TYPE: vacant-lot
ADDRESS MARKERS: NONE
GUTTER/ALLEY: Yes
WATER PROXIMITY: No
CHRONIC SITE: No
VEHICLES: NONE
IDENTIFIERS: NONE
SEVERITY: 1
ORDINANCE: Sec-46-45
PRIORITY: LOW
SUMMARY: A small pile of mixed waste is present on a vacant lot, which violates Brownsville's property owner liability ordinance (Sec. 46-45)."
20260604T134116Z,DT_6th_and_2nd_St_4_20260602T041500.jpg,,,dataset_20260603_063335/DT_6th_and_2nd_St_4/DT_6th_and_2nd_St_4_20260602T041500.jpg,illegal_dumping,done,2026-06-04T13:51:31.265530+00:00,0.089,1.325,1.418,,nvidia/cosmos-reason2-8b,"DUMPING PRESENT: Yes
ORDINANCE VIOLATION: Yes
WASTE TYPE: mixed
WASTE VOLUME: medium
WASTE ORIGIN: residential
PROPERTY TYPE: vacant-lot
ADDRESS MARKERS: NONE
GUTTER/ALLEY: Yes
WATER PROXIMITY: No
CHRONIC SITE: No
VEHICLES: NONE
IDENTIFIERS: NONE
SEVERITY: 3
ORDINANCE: Sec-46-45
PRIORITY: MEDIUM
SUMMARY: A medium volume of mixed waste is illegally dumped on a vacant lot, violating Brownsville's property owner liability ordinance (Sec. 46-45)."
20260604T134116Z,DT_6th_and_2nd_St_4_20260602T043000.jpg,,,dataset_20260603_063335/DT_6th_and_2nd_St_4/DT_6th_and_2nd_St_4_20260602T043000.jpg,illegal_dumping,done,2026-06-04T13:51:31.266621+00:00,0.088,1.279,1.37,,nvidia/cosmos-reason2-8b,"DUMPING PRESENT: Yes
ORDINANCE VIOLATION: Yes
WASTE TYPE: mixed
WASTE VOLUME: medium
WASTE ORIGIN: residential
PROPERTY TYPE: alley
ADDRESS MARKERS: NONE
GUTTER/ALLEY: Yes
WATER PROXIMITY: No
CHRONIC SITE: No
VEHICLES: NONE
IDENTIFIERS: NONE
SEVERITY: 2
ORDINANCE: Sec-46-45
PRIORITY: MEDIUM
SUMMARY: A medium-sized mixed waste pile is present in an alley, violating property owner liability under Sec-46-45.
"
20260604T134116Z,DT_6th_and_2nd_St_4_20260602T044500.jpg,,,dataset_20260603_063335/DT_6th_and_2nd_St_4/DT_6th_and_2nd_St_4_20260602T044500.jpg,illegal_dumping,done,2026-06-04T13:51:31.434100+00:00,0.044,1.293,1.34,,nvidia/cosmos-reason2-8b,"DUMPING PRESENT: Yes
ORDINANCE VIOLATION: Yes
WASTE TYPE: mixed
WASTE VOLUME: small (pickup truck)
WASTE ORIGIN: residential
PROPERTY TYPE: vacant-lot
ADDRESS MARKERS: NONE
GUTTER/ALLEY: Yes
WATER PROXIMITY: No
CHRONIC SITE: No
VEHICLES: NONE
IDENTIFIERS: NONE
SEVERITY: 3
ORDINANCE: Sec-46-45
PRIORITY: MEDIUM
SUMMARY: A small pile of mixed waste is illegally dumped on a vacant lot, violating property owner liability under Sec. 46-45."
20260604T134116Z,DT_6th_and_2nd_St_4_20260602T050000.jpg,,,dataset_20260603_063335/DT_6th_and_2nd_St_4/DT_6th_and_2nd_St_4_20260602T050000.jpg,illegal_dumping,done,2026-06-04T13:51:32.445688+00:00,0.042,0.868,0.912,,nvidia/cosmos-reason2-8b,"DUMPING PRESENT: Yes
ORDINANCE VIOLATION: Yes
WASTE TYPE: mixed
WASTE VOLUME: medium
WASTE ORIGIN: unknown
PROPERTY TYPE: vacant-lot
ADDRESS MARKERS: NONE
GUTTER/ALLEY: Yes
WATER PROXIMITY: No
CHRONIC SITE: No
VEHICLES: NONE
IDENTIFIERS: NONE
SEVERITY: 2
ORDINANCE: Sec-46-45
PRIORITY: MEDIUM
SUMMARY: A medium volume of mixed waste is illegally dumped on a vacant lot, violating Brownsville's property owner liability ordinance (Sec. 46-45)."
20260604T134116Z,DT_6th_and_2nd_St_4_20260602T051500.jpg,,,dataset_20260603_063335/DT_6th_and_2nd_St_4/DT_6th_and_2nd_St_4_20260602T051500.jpg,illegal_dumping,done,2026-06-04T13:51:32.639663+00:00,0.045,1.067,1.115,,nvidia/cosmos-reason2-8b,"```json
{
  ""DUMPING PRESENT"": ""Yes"",
  ""ORDINANCE VIOLATION"": ""Yes"",
  ""WASTE TYPE"": [
    ""mixed""
  ],
  ""WASTE VOLUME"": ""medium (dump truck)"",
  ""WASTE ORIGIN"": ""unknown"",
  ""PROPERTY TYPE"": ""vacant-lot"",
  ""ADDRESS MARKERS"": ""NONE"",
  ""GUTTER/ALLEY"": ""No"",
  ""WATER PROXIMITY"": ""No"",
  ""CHRONIC SITE"": ""No"",
  ""VEHICLES"": ""NONE"",
  ""IDENTIFIERS"": ""NONE"",
  ""SEVERITY"": 3,
  ""ORDINANCE"": ""Sec-46-45"",
  ""PRIORITY"": ""HIGH"",
  ""SUMMARY"": ""Illegal dumping of mixed waste is present on a vacant lot, violating Brownsville\u2019s property owner liability ordinance.""
}
```"
20260604T134116Z,DT_6th_and_2nd_St_4_20260602T053000.jpg,,,dataset_20260603_063335/DT_6th_and_2nd_St_4/DT_6th_and_2nd_St_4_20260602T053000.jpg,illegal_dumping,done,2026-06-04T13:51:32.686309+00:00,0.045,1.023,1.069,,nvidia/cosmos-reason2-8b,"DUMPING PRESENT: Yes
ORDINANCE VIOLATION: Yes
WASTE TYPE: mixed
WASTE VOLUME: small (pickup truck)
WASTE ORIGIN: residential
PROPERTY TYPE: vacant-lot
ADDRESS MARKERS: NONE
GUTTER/ALLEY: Yes
WATER PROXIMITY: No
CHRONIC SITE: No
VEHICLES: NONE
IDENTIFIERS: NONE
SEVERITY: 1
ORDINANCE: Sec-46-45
PRIORITY: LOW
SUMMARY: A small pile of mixed waste is present on a vacant lot, violating Brownsville's property owner liability ordinance."
20260604T134116Z,DT_6th_and_2nd_St_4_20260602T054500.jpg,,,dataset_20260603_063335/DT_6th_and_2nd_St_4/DT_6th_and_2nd_St_4_20260602T054500.jpg,illegal_dumping,done,2026-06-04T13:51:32.776610+00:00,0.043,1.062,1.108,,nvidia/cosmos-reason2-8b,"DUMPING PRESENT: Yes
ORDINANCE VIOLATION: Yes
WASTE TYPE: mixed
WASTE VOLUME: medium
WASTE ORIGIN: unknown
PROPERTY TYPE: alley
ADDRESS MARKERS: NONE
GUTTER/ALLEY: Yes
WATER PROXIMITY: No
CHRONIC SITE: No
VEHICLES: NONE
IDENTIFIERS: NONE
SEVERITY: 2
ORDINANCE: Sec-46-45
PRIORITY: MEDIUM
SUMMARY: A medium-sized pile of mixed waste is illegally dumped in an alley, violating Brownsville's property owner liability ordinance (Sec. 46-45)."
20260604T134116Z,DT_6th_and_2nd_St_4_20260602T060000.jpg,,,dataset_20260603_063335/DT_6th_and_2nd_St_4/DT_6th_and_2nd_St_4_20260602T060000.jpg,illegal_dumping,done,2026-06-04T13:51:33.360798+00:00,0.043,0.758,0.804,,nvidia/cosmos-reason2-8b,"DUMPING PRESENT: No
ORDINANCE VIOLATION: No
WASTE TYPE: <none detected>
WASTE VOLUME: <not applicable>
WASTE ORIGIN: <unknown>
PROPERTY TYPE: vacant-lot
ADDRESS MARKERS: NONE
GUTTER/ALLEY: No
WATER PROXIMITY: No
CHRONIC SITE: No
VEHICLES: NONE
IDENTIFIERS: <none>
SEVERITY: 1
ORDINANCE: N/A
PRIORITY: LOW
SUMMARY: No illegal dumping observed; the area appears to be a vacant lot with no visible waste or debris."
20260604T134116Z,DT_6th_and_2nd_St_4_20260602T061500.jpg,,,dataset_20260603_063335/DT_6th_and_2nd_St_4/DT_6th_and_2nd_St_4_20260602T061500.jpg,illegal_dumping,done,2026-06-04T13:51:33.759616+00:00,0.088,1.213,1.304,,nvidia/cosmos-reason2-8b,"DUMPING PRESENT: Yes
ORDINANCE VIOLATION: Yes
WASTE TYPE: mixed
WASTE VOLUME: medium
WASTE ORIGIN: unknown
PROPERTY TYPE: vacant-lot
ADDRESS MARKERS: NONE
GUTTER/ALLEY: No
WATER PROXIMITY: No
CHRONIC SITE: No
VEHICLES: NONE
IDENTIFIERS: NONE
SEVERITY: 3
ORDINANCE: Sec-46-45
PRIORITY: MEDIUM
SUMMARY: A medium-sized pile of mixed waste is illegally dumped on a vacant lot, violating property owner liability under Sec. 46-45."
20260604T134116Z,DT_6th_and_2nd_St_4_20260602T063000.jpg,,,dataset_20260603_063335/DT_6th_and_2nd_St_4/DT_6th_and_2nd_St_4_20260602T063000.jpg,illegal_dumping,done,2026-06-04T13:51:33.759714+00:00,0.087,0.967,1.058,,nvidia/cosmos-reason2-8b,"DUMPING PRESENT: Yes
ORDINANCE VIOLATION: Yes
WASTE TYPE: mixed
WASTE VOLUME: medium
WASTE ORIGIN: commercial-contractor
PROPERTY TYPE: vacant-lot
ADDRESS MARKERS: NONE
GUTTER/ALLEY: No
WATER PROXIMITY: No
CHRONIC SITE: No
VEHICLES: NONE
IDENTIFIERS: NONE
SEVERITY: 3
ORDINANCE: Sec-46-45
PRIORITY: MEDIUM
SUMMARY: A medium-sized pile of mixed waste is illegally dumped on a vacant lot, violating Brownsville's property owner liability ordinance.
"
20260604T134116Z,DT_6th_and_2nd_St_4_20260602T064500.jpg,,,dataset_20260603_063335/DT_6th_and_2nd_St_4/DT_6th_and_2nd_St_4_20260602T064500.jpg,illegal_dumping,done,2026-06-04T13:51:33.886548+00:00,0.047,1.306,1.356,,nvidia/cosmos-reason2-8b,"DUMPING PRESENT: Yes
ORDINANCE VIOLATION: Yes
WASTE TYPE: mixed
WASTE VOLUME: medium
WASTE ORIGIN: unknown
PROPERTY TYPE: vacant-lot
ADDRESS MARKERS: NONE
GUTTER/ALLEY: No
WATER PROXIMITY: No
CHRONIC SITE: No
VEHICLES: NONE
IDENTIFIERS: NONE
SEVERITY: 2
ORDINANCE: Sec-46-45
PRIORITY: MEDIUM
SUMMARY: A medium volume of mixed waste is illegally dumped on a vacant lot, violating property owner liability under Sec-46-45.
"
20260604T134116Z,DT_6th_and_2nd_St_4_20260602T070000.jpg,,,dataset_20260603_063335/DT_6th_and_2nd_St_4/DT_6th_and_2nd_St_4_20260602T070000.jpg,illegal_dumping,done,2026-06-04T13:51:34.167633+00:00,0.047,0.802,0.851,,nvidia/cosmos-reason2-8b,"DUMPING PRESENT: No
ORDINANCE VIOLATION: No
WASTE TYPE: mixed
WASTE VOLUME: small (pickup truck)
WASTE ORIGIN: residential
PROPERTY TYPE: vacant-lot
ADDRESS MARKERS: NONE
GUTTER/ALLEY: No
WATER PROXIMITY: No
CHRONIC SITE: No
VEHICLES: NONE
IDENTIFIERS: NONE
SEVERITY: 1
ORDINANCE: N/A
PRIORITY: LOW
SUMMARY: No illegal dumping is observed in the video."
20260604T134116Z,DT_6th_and_2nd_St_4_20260602T071500.jpg,,,dataset_20260603_063335/DT_6th_and_2nd_St_4/DT_6th_and_2nd_St_4_20260602T071500.jpg,illegal_dumping,done,2026-06-04T13:51:34.820804+00:00,0.048,0.696,0.747,,nvidia/cosmos-reason2-8b,"DUMPING PRESENT: No
ORDINANCE VIOLATION: No
WASTE TYPE: mixed
WASTE VOLUME: small (pickup truck)
WASTE ORIGIN: residential
PROPERTY TYPE: vacant-lot
ADDRESS MARKERS: NONE
GUTTER/ALLEY: No
WATER PROXIMITY: Yes
CHRONIC SITE: No
VEHICLES: NONE
IDENTIFIERS: NONE
SEVERITY: 1
ORDINANCE: N/A
PRIORITY: LOW
SUMMARY: No illegal dumping detected in the scene."
20260604T134116Z,DT_6th_and_2nd_St_4_20260602T073000.jpg,,,dataset_20260603_063335/DT_6th_and_2nd_St_4/DT_6th_and_2nd_St_4_20260602T073000.jpg,illegal_dumping,done,2026-06-04T13:51:35.021609+00:00,0.044,0.69,0.736,,nvidia/cosmos-reason2-8b,"DUMPING PRESENT: No
ORDINANCE VIOLATION: No
WASTE TYPE: mixed
WASTE VOLUME: small (pickup truck)
WASTE ORIGIN: residential
PROPERTY TYPE: vacant-lot
ADDRESS MARKERS: NONE
GUTTER/ALLEY: No
WATER PROXIMITY: Yes
CHRONIC SITE: No
VEHICLES: NONE
IDENTIFIERS: NONE
SEVERITY: 1
ORDINANCE: N/A
PRIORITY: LOW
SUMMARY: No illegal dumping is observed in the scene."
20260604T134116Z,DT_6th_and_2nd_St_4_20260602T074500.jpg,,,dataset_20260603_063335/DT_6th_and_2nd_St_4/DT_6th_and_2nd_St_4_20260602T074500.jpg,illegal_dumping,done,2026-06-04T13:51:35.066585+00:00,0.047,1.12,1.169,,nvidia/cosmos-reason2-8b,"DUMPING PRESENT: Yes
ORDINANCE VIOLATION: Yes
WASTE TYPE: mixed
WASTE VOLUME: medium
WASTE ORIGIN: commercial-contractor
PROPERTY TYPE: vacant-lot
ADDRESS MARKERS: NONE
GUTTER/ALLEY: No
WATER PROXIMITY: Yes
CHRONIC SITE: No
VEHICLES: NONE
IDENTIFIERS: NONE
SEVERITY: 3
ORDINANCE: Sec-46-45
PRIORITY: MEDIUM
SUMMARY: A medium-sized mixed waste pile is illegally dumped on a vacant lot, violating Brownsville's property owner liability ordinance.
"
20260604T134116Z,DT_6th_and_2nd_St_4_20260602T080000.jpg,,,dataset_20260603_063335/DT_6th_and_2nd_St_4/DT_6th_and_2nd_St_4_20260602T080000.jpg,illegal_dumping,done,2026-06-04T13:51:35.245436+00:00,0.04,0.761,0.803,,nvidia/cosmos-reason2-8b,"DUMPING PRESENT: No
ORDINANCE VIOLATION: No
WASTE TYPE: mixed
WASTE VOLUME: small (pickup truck)
WASTE ORIGIN: residential
PROPERTY TYPE: vacant-lot
ADDRESS MARKERS: NONE
GUTTER/ALLEY: No
WATER PROXIMITY: Yes
CHRONIC SITE: No
VEHICLES: NONE
IDENTIFIERS: NONE
SEVERITY: 1
ORDINANCE: N/A
PRIORITY: LOW
SUMMARY: No illegal dumping is observed in the video."
20260604T134116Z,DT_6th_and_2nd_St_4_20260602T081500.jpg,,,dataset_20260603_063335/DT_6th_and_2nd_St_4/DT_6th_and_2nd_St_4_20260602T081500.jpg,illegal_dumping,done,2026-06-04T13:51:35.570756+00:00,0.049,0.767,0.818,,nvidia/cosmos-reason2-8b,"DUMPING PRESENT: No
ORDINANCE VIOLATION: No
WASTE TYPE: mixed
WASTE VOLUME: medium
WASTE ORIGIN: unknown
PROPERTY TYPE: vacant-lot
ADDRESS MARKERS: NONE
GUTTER/ALLEY: No
WATER PROXIMITY: Yes
CHRONIC SITE: No
VEHICLES: NONE
IDENTIFIERS: NONE
SEVERITY: 1
ORDINANCE: N/A
PRIORITY: LOW
SUMMARY: No illegal dumping is observed in the video."
20260604T134116Z,DT_6th_and_2nd_St_4_20260602T083000.jpg,,,dataset_20260603_063335/DT_6th_and_2nd_St_4/DT_6th_and_2nd_St_4_20260602T083000.jpg,illegal_dumping,done,2026-06-04T13:51:35.760509+00:00,0.047,0.773,0.823,,nvidia/cosmos-reason2-8b,"DUMPING PRESENT: No
ORDINANCE VIOLATION: No
WASTE TYPE: mixed
WASTE VOLUME: medium
WASTE ORIGIN: residential
PROPERTY TYPE: vacant-lot
ADDRESS MARKERS: NONE
GUTTER/ALLEY: No
WATER PROXIMITY: Yes
CHRONIC SITE: No
VEHICLES: NONE
IDENTIFIERS: NONE
SEVERITY: 1
ORDINANCE: N/A
PRIORITY: LOW
SUMMARY: No illegal dumping is observed in the video."
20260604T134116Z,DT_6th_and_2nd_St_4_20260602T084500.jpg,,,dataset_20260603_063335/DT_6th_and_2nd_St_4/DT_6th_and_2nd_St_4_20260602T084500.jpg,illegal_dumping,done,2026-06-04T13:51:36.051362+00:00,0.047,0.771,0.821,,nvidia/cosmos-reason2-8b,"DUMPING PRESENT: No
ORDINANCE VIOLATION: No
WASTE TYPE: mixed
WASTE VOLUME: small (pickup truck)
WASTE ORIGIN: residential
PROPERTY TYPE: vacant-lot
ADDRESS MARKERS: NONE
GUTTER/ALLEY: No
WATER PROXIMITY: Yes
CHRONIC SITE: No
VEHICLES: NONE
IDENTIFIERS: NONE
SEVERITY: 1
ORDINANCE: N/A
PRIORITY: LOW
SUMMARY: No illegal dumping is observed in the video; the area appears to be a sandy, open lot with no visible waste or debris."
20260604T134116Z,DT_6th_and_2nd_St_4_20260602T090000.jpg,,,dataset_20260603_063335/DT_6th_and_2nd_St_4/DT_6th_and_2nd_St_4_20260602T090000.jpg,illegal_dumping,done,2026-06-04T13:51:36.238038+00:00,0.045,0.734,0.782,,nvidia/cosmos-reason2-8b,"DUMPING PRESENT: No
ORDINANCE VIOLATION: No
WASTE TYPE: mixed
WASTE VOLUME: small (pickup truck)
WASTE ORIGIN: residential
PROPERTY TYPE: vacant-lot
ADDRESS MARKERS: NONE
GUTTER/ALLEY: No
WATER PROXIMITY: Yes
CHRONIC SITE: No
VEHICLES: NONE
IDENTIFIERS: NONE
SEVERITY: 1
ORDINANCE: N/A
PRIORITY: LOW
SUMMARY: No illegal dumping is observed in the video."
20260604T134116Z,DT_6th_and_2nd_St_4_20260602T091500.jpg,,,dataset_20260603_063335/DT_6th_and_2nd_St_4/DT_6th_and_2nd_St_4_20260602T091500.jpg,illegal_dumping,done,2026-06-04T13:51:36.391613+00:00,0.041,0.739,0.783,,nvidia/cosmos-reason2-8b,"DUMPING PRESENT: No
ORDINANCE VIOLATION: No
WASTE TYPE: mixed
WASTE VOLUME: small (pickup truck)
WASTE ORIGIN: residential
PROPERTY TYPE: vacant-lot
ADDRESS MARKERS: NONE
GUTTER/ALLEY: No
WATER PROXIMITY: Yes
CHRONIC SITE: No
VEHICLES: NONE
IDENTIFIERS: NONE
SEVERITY: 1
ORDINANCE: N/A
PRIORITY: LOW
SUMMARY: No illegal dumping is observed in the scene."
20260604T134116Z,DT_6th_and_2nd_St_4_20260602T093000.jpg,,,dataset_20260603_063335/DT_6th_and_2nd_St_4/DT_6th_and_2nd_St_4_20260602T093000.jpg,illegal_dumping,done,2026-06-04T13:51:36.586194+00:00,0.046,0.722,0.771,,nvidia/cosmos-reason2-8b,"DUMPING PRESENT: No
ORDINANCE VIOLATION: No
WASTE TYPE: mixed
WASTE VOLUME: small (pickup truck)
WASTE ORIGIN: residential
PROPERTY TYPE: vacant-lot
ADDRESS MARKERS: NONE
GUTTER/ALLEY: No
WATER PROXIMITY: Yes
CHRONIC SITE: No
VEHICLES: NONE
IDENTIFIERS: NONE
SEVERITY: 1
ORDINANCE: N/A
PRIORITY: LOW
SUMMARY: No illegal dumping is observed in the scene."
20260604T134116Z,DT_6th_and_2nd_St_4_20260602T094500.jpg,,,dataset_20260603_063335/DT_6th_and_2nd_St_4/DT_6th_and_2nd_St_4_20260602T094500.jpg,illegal_dumping,done,2026-06-04T13:51:36.875169+00:00,0.052,0.723,0.778,,nvidia/cosmos-reason2-8b,"DUMPING PRESENT: No
ORDINANCE VIOLATION: No
WASTE TYPE:
WASTE VOLUME:
WASTE ORIGIN:
PROPERTY TYPE: vacant-lot
ADDRESS MARKERS: NONE
GUTTER/ALLEY: No
WATER PROXIMITY: No
CHRONIC SITE: No
VEHICLES: NONE
IDENTIFIERS: NONE
SEVERITY: 1
ORDINANCE: N/A
PRIORITY: LOW
SUMMARY: No dumping observed; the scene shows a barren lot with tire tracks and sparse vegetation."
20260604T134116Z,DT_6th_and_2nd_St_4_20260602T100000.jpg,,,dataset_20260603_063335/DT_6th_and_2nd_St_4/DT_6th_and_2nd_St_4_20260602T100000.jpg,illegal_dumping,done,2026-06-04T13:51:37.022611+00:00,0.043,0.731,0.777,,nvidia/cosmos-reason2-8b,"DUMPING PRESENT: No
ORDINANCE VIOLATION: No
WASTE TYPE: mixed
WASTE VOLUME: small (pickup truck)
WASTE ORIGIN: residential
PROPERTY TYPE: vacant-lot
ADDRESS MARKERS: NONE
GUTTER/ALLEY: No
WATER PROXIMITY: No
CHRONIC SITE: No
VEHICLES: NONE
IDENTIFIERS: NONE
SEVERITY: 1
ORDINANCE: N/A
PRIORITY: LOW
SUMMARY: No illegal dumping detected in the scene."
20260604T134116Z,DT_6th_and_2nd_St_4_20260602T101500.jpg,,,dataset_20260603_063335/DT_6th_and_2nd_St_4/DT_6th_and_2nd_St_4_20260602T101500.jpg,illegal_dumping,done,2026-06-04T13:51:37.176777+00:00,0.039,0.858,0.9,,nvidia/cosmos-reason2-8b,"DUMPING PRESENT: No
ORDINANCE VIOLATION: No
WASTE TYPE: mixed
WASTE VOLUME: large (heavy equipment)
WASTE ORIGIN: commercial-contractor
PROPERTY TYPE: vacant-lot
ADDRESS MARKERS: NONE
GUTTER/ALLEY: No
WATER PROXIMITY: Yes
CHRONIC SITE: No
VEHICLES: NONE
IDENTIFIERS: NONE
SEVERITY: 1
ORDINANCE: N/A
PRIORITY: LOW
SUMMARY: No illegal dumping observed; the scene shows a vacant lot with tire tracks and water puddles but no visible waste or debris."
20260604T134116Z,DT_6th_and_2nd_St_4_20260602T103000.jpg,,,dataset_20260603_063335/DT_6th_and_2nd_St_4/DT_6th_and_2nd_St_4_20260602T103000.jpg,illegal_dumping,done,2026-06-04T13:51:37.359229+00:00,0.039,0.759,0.8,,nvidia/cosmos-reason2-8b,"DUMPING PRESENT: No
ORDINANCE VIOLATION: No
WASTE TYPE: mixed
WASTE VOLUME: medium
WASTE ORIGIN: commercial-contractor
PROPERTY TYPE: vacant-lot
ADDRESS MARKERS: NONE
GUTTER/ALLEY: No
WATER PROXIMITY: No
CHRONIC SITE: No
VEHICLES: NONE
IDENTIFIERS: NONE
SEVERITY: 1
ORDINANCE: N/A
PRIORITY: LOW
SUMMARY: No illegal dumping observed in the video."
20260604T134116Z,DT_6th_and_2nd_St_4_20260602T104500.jpg,,,dataset_20260603_063335/DT_6th_and_2nd_St_4/DT_6th_and_2nd_St_4_20260602T104500.jpg,illegal_dumping,done,2026-06-04T13:51:37.656781+00:00,0.046,0.655,0.705,,nvidia/cosmos-reason2-8b,"DUMPING PRESENT: No
ORDINANCE VIOLATION: No
WASTE TYPE: mixed
WASTE VOLUME: small (pickup truck)
WASTE ORIGIN: residential
PROPERTY TYPE: vacant-lot
ADDRESS MARKERS: NONE
GUTTER/ALLEY: No
WATER PROXIMITY: No
CHRONIC SITE: No
VEHICLES: NONE
IDENTIFIERS: NONE
SEVERITY: 1
ORDINANCE: N/A
PRIORITY: LOW
SUMMARY: No illegal dumping detected in the scene."
20260604T134116Z,DT_6th_and_2nd_St_4_20260602T110000.jpg,,,dataset_20260603_063335/DT_6th_and_2nd_St_4/DT_6th_and_2nd_St_4_20260602T110000.jpg,illegal_dumping,done,2026-06-04T13:51:37.802009+00:00,0.044,0.683,0.731,,nvidia/cosmos-reason2-8b,"DUMPING PRESENT: No
ORDINANCE VIOLATION: No
WASTE TYPE: mixed
WASTE VOLUME: small (pickup truck)
WASTE ORIGIN: residential
PROPERTY TYPE: vacant-lot
ADDRESS MARKERS: NONE
GUTTER/ALLEY: No
WATER PROXIMITY: No
CHRONIC SITE: No
VEHICLES: NONE
IDENTIFIERS: NONE
SEVERITY: 1
ORDINANCE: N/A
PRIORITY: LOW
SUMMARY: No illegal dumping detected in the scene."
20260604T134116Z,DT_6th_and_2nd_St_4_20260602T111500.jpg,,,dataset_20260603_063335/DT_6th_and_2nd_St_4/DT_6th_and_2nd_St_4_20260602T111500.jpg,illegal_dumping,done,2026-06-04T13:51:38.079898+00:00,0.049,0.619,0.671,,nvidia/cosmos-reason2-8b,"DUMPING PRESENT: No
ORDINANCE VIOLATION: No
WASTE TYPE: mixed
WASTE VOLUME: small (pickup truck)
WASTE ORIGIN: residential
PROPERTY TYPE: vacant-lot
ADDRESS MARKERS: NONE
GUTTER/ALLEY: No
WATER PROXIMITY: No
CHRONIC SITE: No
VEHICLES: NONE
IDENTIFIERS: NONE
SEVERITY: 1
ORDINANCE: N/A
PRIORITY: LOW
SUMMARY: No illegal dumping detected in the video."
20260604T134116Z,DT_6th_and_2nd_St_4_20260602T113000.jpg,,,dataset_20260603_063335/DT_6th_and_2nd_St_4/DT_6th_and_2nd_St_4_20260602T113000.jpg,illegal_dumping,done,2026-06-04T13:51:38.161474+00:00,0.042,0.737,0.782,,nvidia/cosmos-reason2-8b,"DUMPING PRESENT: No
ORDINANCE VIOLATION: No
WASTE TYPE: mixed
WASTE VOLUME: small (pickup truck)
WASTE ORIGIN: residential
PROPERTY TYPE: vacant-lot
ADDRESS MARKERS: NONE
GUTTER/ALLEY: No
WATER PROXIMITY: No
CHRONIC SITE: No
VEHICLES: NONE
IDENTIFIERS: NONE
SEVERITY: 1
ORDINANCE: N/A
PRIORITY: LOW
SUMMARY: No illegal dumping detected in the video."
20260604T134116Z,DT_6th_and_2nd_St_4_20260602T114500.jpg,,,dataset_20260603_063335/DT_6th_and_2nd_St_4/DT_6th_and_2nd_St_4_20260602T114500.jpg,illegal_dumping,done,2026-06-04T13:51:38.363898+00:00,0.043,0.754,0.814,,nvidia/cosmos-reason2-8b,"DUMPING PRESENT: No
ORDINANCE VIOLATION: No
WASTE TYPE: mixed
WASTE VOLUME: small (pickup truck)
WASTE ORIGIN: residential
PROPERTY TYPE: vacant-lot
ADDRESS MARKERS: NONE
GUTTER/ALLEY: No
WATER PROXIMITY: No
CHRONIC SITE: No
VEHICLES: NONE
IDENTIFIERS: NONE
SEVERITY: 1
ORDINANCE: N/A
PRIORITY: LOW
SUMMARY: No illegal dumping detected; the scene shows a green screen with no discernible waste or property details."
20260604T134116Z,DT_6th_and_2nd_St_4_20260602T120000.jpg,,,dataset_20260603_063335/DT_6th_and_2nd_St_4/DT_6th_and_2nd_St_4_20260602T120000.jpg,illegal_dumping,done,2026-06-04T13:51:38.536655+00:00,0.048,0.858,0.909,,nvidia/cosmos-reason2-8b,"DUMPING PRESENT: No
ORDINANCE VIOLATION: No
WASTE TYPE: mixed
WASTE VOLUME: small (pickup truck)
WASTE ORIGIN: residential
PROPERTY TYPE: vacant-lot
ADDRESS MARKERS: NONE
GUTTER/ALLEY: No
WATER PROXIMITY: No
CHRONIC SITE: No
VEHICLES: NONE
IDENTIFIERS: NONE
SEVERITY: 1
ORDINANCE: N/A
PRIORITY: LOW
SUMMARY: No illegal dumping detected in the scene."
20260604T134116Z,DT_6th_and_2nd_St_4_20260602T121500.jpg,,,dataset_20260603_063335/DT_6th_and_2nd_St_4/DT_6th_and_2nd_St_4_20260602T121500.jpg,illegal_dumping,done,2026-06-04T13:51:38.753723+00:00,0.047,0.743,0.793,,nvidia/cosmos-reason2-8b,"DUMPING PRESENT: No
ORDINANCE VIOLATION: No
WASTE TYPE: mixed
WASTE VOLUME: medium
WASTE ORIGIN: residential
PROPERTY TYPE: vacant-lot
ADDRESS MARKERS: NONE
GUTTER/ALLEY: No
WATER PROXIMITY: No
CHRONIC SITE: No
VEHICLES: NONE
IDENTIFIERS: NONE
SEVERITY: 1
ORDINANCE: N/A
PRIORITY: LOW
SUMMARY: No illegal dumping detected in the scene."
20260604T134116Z,DT_6th_and_2nd_St_4_20260602T123000.jpg,,,dataset_20260603_063335/DT_6th_and_2nd_St_4/DT_6th_and_2nd_St_4_20260602T123000.jpg,illegal_dumping,done,2026-06-04T13:51:38.945441+00:00,0.043,0.688,0.734,,nvidia/cosmos-reason2-8b,"DUMPING PRESENT: No
ORDINANCE VIOLATION: No
WASTE TYPE: mixed
WASTE VOLUME: small (pickup truck)
WASTE ORIGIN: residential
PROPERTY TYPE: vacant-lot
ADDRESS MARKERS: NONE
GUTTER/ALLEY: No
WATER PROXIMITY: No
CHRONIC SITE: No
VEHICLES: NONE
IDENTIFIERS: NONE
SEVERITY: 1
ORDINANCE: N/A
PRIORITY: LOW
SUMMARY: No illegal dumping is observed in the video."
20260604T134116Z,DT_6th_and_2nd_St_4_20260602T124500.jpg,,,dataset_20260603_063335/DT_6th_and_2nd_St_4/DT_6th_and_2nd_St_4_20260602T124500.jpg,illegal_dumping,done,2026-06-04T13:51:39.180638+00:00,0.048,0.804,0.856,,nvidia/cosmos-reason2-8b,"DUMPING PRESENT: Yes
ORDINANCE VIOLATION: Yes
WASTE TYPE: mixed
WASTE VOLUME: medium
WASTE ORIGIN: commercial-contractor
PROPERTY TYPE: vacant-lot
ADDRESS MARKERS: NONE
GUTTER/ALLEY: No
WATER PROXIMITY: No
CHRONIC SITE: No
VEHICLES: NONE
IDENTIFIERS: NONE
SEVERITY: 3
ORDINANCE: Sec-46-45
PRIORITY: MEDIUM
SUMMARY: A medium-sized pile of mixed waste is illegally dumped on a vacant lot, violating Brownsville's property owner liability ordinance.
"
20260604T134116Z,DT_6th_and_2nd_St_4_20260602T130000.jpg,,,dataset_20260603_063335/DT_6th_and_2nd_St_4/DT_6th_and_2nd_St_4_20260602T130000.jpg,illegal_dumping,done,2026-06-04T13:51:39.448249+00:00,0.047,0.77,0.82,,nvidia/cosmos-reason2-8b,"DUMPING PRESENT: No
ORDINANCE VIOLATION: No
WASTE TYPE: mixed
WASTE VOLUME: small (pickup truck)
WASTE ORIGIN: residential
PROPERTY TYPE: vacant-lot
ADDRESS MARKERS: NONE
GUTTER/ALLEY: No
WATER PROXIMITY: No
CHRONIC SITE: No
VEHICLES: NONE
IDENTIFIERS: NONE
SEVERITY: 1
ORDINANCE: N/A
PRIORITY: LOW
SUMMARY: No illegal dumping detected in the scene."
20260604T134116Z,DT_6th_and_2nd_St_4_20260602T131500.jpg,,,dataset_20260603_063335/DT_6th_and_2nd_St_4/DT_6th_and_2nd_St_4_20260602T131500.jpg,illegal_dumping,done,2026-06-04T13:51:39.549402+00:00,0.049,0.904,0.956,,nvidia/cosmos-reason2-8b,"DUMPING PRESENT: Yes
ORDINANCE VIOLATION: Yes
WASTE TYPE: mixed
WASTE VOLUME: medium
WASTE ORIGIN: commercial-contractor
PROPERTY TYPE: vacant-lot
ADDRESS MARKERS: NONE
GUTTER/ALLEY: No
WATER PROXIMITY: No
CHRONIC SITE: No
VEHICLES: NONE
IDENTIFIERS: NONE
SEVERITY: 3
ORDINANCE: Sec-46-45
PRIORITY: MEDIUM
SUMMARY: A medium volume of mixed waste is illegally dumped on a vacant lot, violating Brownsville's property owner liability ordinance.
"
20260604T134116Z,DT_6th_and_2nd_St_4_20260602T133000.jpg,,,dataset_20260603_063335/DT_6th_and_2nd_St_4/DT_6th_and_2nd_St_4_20260602T133000.jpg,illegal_dumping,done,2026-06-04T13:51:39.682856+00:00,0.044,0.981,1.027,,nvidia/cosmos-reason2-8b,"DUMPING PRESENT: Yes
ORDINANCE VIOLATION: Yes
WASTE TYPE: mixed
WASTE VOLUME: medium
WASTE ORIGIN: commercial-contractor
PROPERTY TYPE: vacant-lot
ADDRESS MARKERS: NONE
GUTTER/ALLEY: No
WATER PROXIMITY: No
CHRONIC SITE: No
VEHICLES: NONE
IDENTIFIERS: NONE
SEVERITY: 3
ORDINANCE: Sec-46-45
PRIORITY: MEDIUM
SUMMARY: A medium-sized pile of mixed waste is illegally dumped on a vacant lot, violating Brownsville's property owner liability ordinance.
"
20260604T134116Z,DT_6th_and_2nd_St_4_20260602T134500.jpg,,,dataset_20260603_063335/DT_6th_and_2nd_St_4/DT_6th_and_2nd_St_4_20260602T134500.jpg,illegal_dumping,done,2026-06-04T13:51:40.039957+00:00,0.049,0.667,0.719,,nvidia/cosmos-reason2-8b,"DUMPING PRESENT: No
ORDINANCE VIOLATION: No
WASTE TYPE: mixed
WASTE VOLUME: small (pickup truck)
WASTE ORIGIN: residential
PROPERTY TYPE: vacant-lot
ADDRESS MARKERS: NONE
GUTTER/ALLEY: No
WATER PROXIMITY: No
CHRONIC SITE: No
VEHICLES: NONE
IDENTIFIERS: NONE
SEVERITY: 1
ORDINANCE: N/A
PRIORITY: LOW
SUMMARY: No illegal dumping detected in the scene."
20260604T134116Z,DT_6th_and_2nd_St_4_20260602T140000.jpg,,,dataset_20260603_063335/DT_6th_and_2nd_St_4/DT_6th_and_2nd_St_4_20260602T140000.jpg,illegal_dumping,done,2026-06-04T13:51:40.271064+00:00,0.051,0.638,0.706,,nvidia/cosmos-reason2-8b,"DUMPING PRESENT: No
ORDINANCE VIOLATION: No
WASTE TYPE: mixed
WASTE VOLUME: small (pickup truck)
WASTE ORIGIN: residential
PROPERTY TYPE: vacant-lot
ADDRESS MARKERS: NONE
GUTTER/ALLEY: No
WATER PROXIMITY: No
CHRONIC SITE: No
VEHICLES: NONE
IDENTIFIERS: NONE
SEVERITY: 1
ORDINANCE: N/A
PRIORITY: LOW
SUMMARY: No illegal dumping detected in the video."
20260604T134116Z,DT_6th_and_2nd_St_4_20260602T141500.jpg,,,dataset_20260603_063335/DT_6th_and_2nd_St_4/DT_6th_and_2nd_St_4_20260602T141500.jpg,illegal_dumping,done,2026-06-04T13:51:40.507719+00:00,0.048,0.647,0.699,,nvidia/cosmos-reason2-8b,"DUMPING PRESENT: No
ORDINANCE VIOLATION: No
WASTE TYPE: mixed
WASTE VOLUME: small (pickup truck)
WASTE ORIGIN: residential
PROPERTY TYPE: vacant-lot
ADDRESS MARKERS: NONE
GUTTER/ALLEY: No
WATER PROXIMITY: No
CHRONIC SITE: No
VEHICLES: NONE
IDENTIFIERS: NONE
SEVERITY: 1
ORDINANCE: N/A
PRIORITY: LOW
SUMMARY: No illegal dumping detected in the video."
20260604T134116Z,DT_6th_and_2nd_St_4_20260602T143000.jpg,,,dataset_20260603_063335/DT_6th_and_2nd_St_4/DT_6th_and_2nd_St_4_20260602T143000.jpg,illegal_dumping,done,2026-06-04T13:51:40.712946+00:00,0.046,0.703,0.754,,nvidia/cosmos-reason2-8b,"DUMPING PRESENT: No
ORDINANCE VIOLATION: No
WASTE TYPE: mixed
WASTE VOLUME: small (pickup truck)
WASTE ORIGIN: residential
PROPERTY TYPE: vacant-lot
ADDRESS MARKERS: NONE
GUTTER/ALLEY: No
WATER PROXIMITY: No
CHRONIC SITE: No
VEHICLES: NONE
IDENTIFIERS: NONE
SEVERITY: 1
ORDINANCE: N/A
PRIORITY: LOW
SUMMARY: No illegal dumping detected in the video."
20260604T134116Z,DT_6th_and_2nd_St_4_20260602T144500.jpg,,,dataset_20260603_063335/DT_6th_and_2nd_St_4/DT_6th_and_2nd_St_4_20260602T144500.jpg,illegal_dumping,done,2026-06-04T13:51:40.762292+00:00,0.057,0.848,0.908,,nvidia/cosmos-reason2-8b,"DUMPING PRESENT: No
ORDINANCE VIOLATION: No
WASTE TYPE: mixed
WASTE VOLUME: small (pickup truck)
WASTE ORIGIN: residential
PROPERTY TYPE: occupied-private
ADDRESS MARKERS: NONE
GUTTER/ALLEY: No
WATER PROXIMITY: No
CHRONIC SITE: No
VEHICLES: NONE
IDENTIFIERS: NONE
SEVERITY: 1
ORDINANCE: N/A
PRIORITY: LOW
SUMMARY: No illegal dumping detected in the video."
20260604T134116Z,DT_6th_and_2nd_St_4_20260602T150000.jpg,,,dataset_20260603_063335/DT_6th_and_2nd_St_4/DT_6th_and_2nd_St_4_20260602T150000.jpg,illegal_dumping,done,2026-06-04T13:51:40.979789+00:00,0.05,1.0,1.053,,nvidia/cosmos-reason2-8b,"DUMPING PRESENT: Yes
ORDINANCE VIOLATION: Yes
WASTE TYPE: mixed
WASTE VOLUME: medium
WASTE ORIGIN: residential
PROPERTY TYPE: vacant-lot
ADDRESS MARKERS: NONE
GUTTER/ALLEY: No
WATER PROXIMITY: No
CHRONIC SITE: No
VEHICLES: NONE
IDENTIFIERS: NONE
SEVERITY: 3
ORDINANCE: Sec-46-45
PRIORITY: MEDIUM
SUMMARY: A medium-sized pile of mixed waste is illegally dumped on a vacant lot, violating Brownsville's property owner liability ordinance.
"
20260604T134116Z,DT_6th_and_2nd_St_4_20260602T151500.jpg,,,dataset_20260603_063335/DT_6th_and_2nd_St_4/DT_6th_and_2nd_St_4_20260602T151500.jpg,illegal_dumping,done,2026-06-04T13:51:41.209465+00:00,0.048,0.929,0.98,,nvidia/cosmos-reason2-8b,"DUMPING PRESENT: No
ORDINANCE VIOLATION: No
WASTE TYPE: mixed
WASTE VOLUME: medium
WASTE ORIGIN: commercial-contractor
PROPERTY TYPE: vacant-lot
ADDRESS MARKERS: NONE
GUTTER/ALLEY: No
WATER PROXIMITY: No
CHRONIC SITE: No
VEHICLES: NONE
IDENTIFIERS: NONE
SEVERITY: 1
ORDINANCE: N/A
PRIORITY: LOW
SUMMARY: No illegal dumping detected in the video."
20260604T134116Z,DT_6th_and_2nd_St_4_20260602T153000.jpg,,,dataset_20260603_063335/DT_6th_and_2nd_St_4/DT_6th_and_2nd_St_4_20260602T153000.jpg,illegal_dumping,done,2026-06-04T13:51:41.470131+00:00,0.049,0.84,0.892,,nvidia/cosmos-reason2-8b,"DUMPING PRESENT: No
ORDINANCE VIOLATION: No
WASTE TYPE: mixed
WASTE VOLUME: small (pickup truck)
WASTE ORIGIN: residential
PROPERTY TYPE: vacant-lot
ADDRESS MARKERS: NONE
GUTTER/ALLEY: No
WATER PROXIMITY: No
CHRONIC SITE: No
VEHICLES: NONE
IDENTIFIERS: NONE
SEVERITY: 1
ORDINANCE: N/A
PRIORITY: LOW
SUMMARY: No illegal dumping detected in the scene."
20260604T134116Z,DT_6th_and_2nd_St_4_20260602T154500.jpg,,,dataset_20260603_063335/DT_6th_and_2nd_St_4/DT_6th_and_2nd_St_4_20260602T154500.jpg,illegal_dumping,done,2026-06-04T13:51:41.673392+00:00,0.048,1.022,1.073,,nvidia/cosmos-reason2-8b,"DUMPING PRESENT: Yes
ORDINANCE VIOLATION: Yes
WASTE TYPE: mixed
WASTE VOLUME: medium
WASTE ORIGIN: commercial-contractor
PROPERTY TYPE: vacant-lot
ADDRESS MARKERS: NONE
GUTTER/ALLEY: No
WATER PROXIMITY: No
CHRONIC SITE: No
VEHICLES: NONE
IDENTIFIERS: NONE
SEVERITY: 3
ORDINANCE: Sec-46-45
PRIORITY: MEDIUM
SUMMARY: A medium volume of mixed waste is illegally dumped on a vacant lot, violating Brownsville's property owner liability ordinance.
"
20260604T134116Z,DT_6th_and_2nd_St_4_20260602T160000.jpg,,,dataset_20260603_063335/DT_6th_and_2nd_St_4/DT_6th_and_2nd_St_4_20260602T160000.jpg,illegal_dumping,done,2026-06-04T13:51:42.037045+00:00,0.054,0.792,0.849,,nvidia/cosmos-reason2-8b,"DUMPING PRESENT: Yes
ORDINANCE VIOLATION: Yes
WASTE TYPE: mixed
WASTE VOLUME: medium
WASTE ORIGIN: unknown
PROPERTY TYPE: vacant-lot
ADDRESS MARKERS: NONE
GUTTER/ALLEY: No
WATER PROXIMITY: No
CHRONIC SITE: No
VEHICLES: NONE
IDENTIFIERS: NONE
SEVERITY: 2
ORDINANCE: Sec-46-45
PRIORITY: MEDIUM
SUMMARY: A medium-sized pile of mixed waste is illegally dumped on a vacant lot, violating Brownsville's property owner liability ordinance (Sec. 46-45).
"
20260604T134116Z,DT_6th_and_2nd_St_4_20260602T161500.jpg,,,dataset_20260603_063335/DT_6th_and_2nd_St_4/DT_6th_and_2nd_St_4_20260602T161500.jpg,illegal_dumping,done,2026-06-04T13:51:42.191403+00:00,0.042,0.72,0.765,,nvidia/cosmos-reason2-8b,"DUMPING PRESENT: No
ORDINANCE VIOLATION: No
WASTE TYPE: mixed
WASTE VOLUME: medium
WASTE ORIGIN: residential
PROPERTY TYPE: vacant-lot
ADDRESS MARKERS: NONE
GUTTER/ALLEY: No
WATER PROXIMITY: No
CHRONIC SITE: No
VEHICLES: NONE
IDENTIFIERS: NONE
SEVERITY: 1
ORDINANCE: N/A
PRIORITY: LOW
SUMMARY: No illegal dumping detected in the scene."
20260604T134116Z,DT_6th_and_2nd_St_4_20260602T163000.jpg,,,dataset_20260603_063335/DT_6th_and_2nd_St_4/DT_6th_and_2nd_St_4_20260602T163000.jpg,illegal_dumping,done,2026-06-04T13:51:42.364746+00:00,0.042,0.796,0.84,,nvidia/cosmos-reason2-8b,"DUMPING PRESENT: Yes
ORDINANCE VIOLATION: Yes
WASTE TYPE: mixed
WASTE VOLUME: medium
WASTE ORIGIN: commercial-contractor
PROPERTY TYPE: vacant-lot
ADDRESS MARKERS: NONE
GUTTER/ALLEY: No
WATER PROXIMITY: No
CHRONIC SITE: No
VEHICLES: NONE
IDENTIFIERS: NONE
SEVERITY: 2
ORDINANCE: Sec-46-45
PRIORITY: MEDIUM
SUMMARY: A medium-sized pile of mixed waste is illegally dumped on a vacant lot, violating property owner liability under Sec. 46-45.
"
20260604T134116Z,DT_6th_and_2nd_St_4_20260602T164500.jpg,,,dataset_20260603_063335/DT_6th_and_2nd_St_4/DT_6th_and_2nd_St_4_20260602T164500.jpg,illegal_dumping,done,2026-06-04T13:51:42.749774+00:00,0.045,0.774,0.822,,nvidia/cosmos-reason2-8b,"DUMPING PRESENT: Yes
ORDINANCE VIOLATION: Yes
WASTE TYPE: mixed
WASTE VOLUME: medium
WASTE ORIGIN: commercial-contractor
PROPERTY TYPE: vacant-lot
ADDRESS MARKERS: NONE
GUTTER/ALLEY: No
WATER PROXIMITY: No
CHRONIC SITE: No
VEHICLES: NONE
IDENTIFIERS: NONE
SEVERITY: 3
ORDINANCE: Sec-46-45
PRIORITY: MEDIUM
SUMMARY: A medium-sized pile of mixed waste is illegally dumped on a vacant lot, violating property owner liability under Sec. 46-45.
"
20260604T134116Z,DT_6th_and_2nd_St_4_20260602T170000.jpg,,,dataset_20260603_063335/DT_6th_and_2nd_St_4/DT_6th_and_2nd_St_4_20260602T170000.jpg,illegal_dumping,done,2026-06-04T13:51:42.888050+00:00,0.044,0.827,0.874,,nvidia/cosmos-reason2-8b,"DUMPING PRESENT: No
ORDINANCE VIOLATION: No
WASTE TYPE: mixed
WASTE VOLUME: medium
WASTE ORIGIN: residential
PROPERTY TYPE: vacant-lot
ADDRESS MARKERS: NONE
GUTTER/ALLEY: No
WATER PROXIMITY: No
CHRONIC SITE: No
VEHICLES: NONE
IDENTIFIERS: NONE
SEVERITY: 1
ORDINANCE: N/A
PRIORITY: LOW
SUMMARY: No illegal dumping detected in the scene."
20260604T134116Z,DT_6th_and_2nd_St_4_20260602T171500.jpg,,,dataset_20260603_063335/DT_6th_and_2nd_St_4/DT_6th_and_2nd_St_4_20260602T171500.jpg,illegal_dumping,done,2026-06-04T13:51:42.958063+00:00,0.041,0.825,0.868,,nvidia/cosmos-reason2-8b,"DUMPING PRESENT: No
ORDINANCE VIOLATION: No
WASTE TYPE: mixed
WASTE VOLUME: small (pickup truck)
WASTE ORIGIN: residential
PROPERTY TYPE: vacant-lot
ADDRESS MARKERS: NONE
GUTTER/ALLEY: No
WATER PROXIMITY: No
CHRONIC SITE: No
VEHICLES: NONE
IDENTIFIERS: NONE
SEVERITY: 1
ORDINANCE: N/A
PRIORITY: LOW
SUMMARY: No illegal dumping detected in the scene."
20260604T134116Z,DT_6th_and_2nd_St_4_20260602T173000.jpg,,,dataset_20260603_063335/DT_6th_and_2nd_St_4/DT_6th_and_2nd_St_4_20260602T173000.jpg,illegal_dumping,done,2026-06-04T13:51:43.207447+00:00,0.049,0.891,0.942,,nvidia/cosmos-reason2-8b,"DUMPING PRESENT: Yes
ORDINANCE VIOLATION: Yes
WASTE TYPE: mixed
WASTE VOLUME: medium
WASTE ORIGIN: commercial-contractor
PROPERTY TYPE: vacant-lot
ADDRESS MARKERS: NONE
GUTTER/ALLEY: No
WATER PROXIMITY: No
CHRONIC SITE: No
VEHICLES: NONE
IDENTIFIERS: NONE
SEVERITY: 3
ORDINANCE: Sec-46-45
PRIORITY: MEDIUM
SUMMARY: A medium-sized pile of mixed waste is illegally dumped on a vacant lot, violating property owner liability under Sec. 46-45.
"
20260604T134116Z,DT_6th_and_2nd_St_4_20260602T174500.jpg,,,dataset_20260603_063335/DT_6th_and_2nd_St_4/DT_6th_and_2nd_St_4_20260602T174500.jpg,illegal_dumping,done,2026-06-04T13:51:43.574913+00:00,0.044,0.648,0.695,,nvidia/cosmos-reason2-8b,"DUMPING PRESENT: No
ORDINANCE VIOLATION: No
WASTE TYPE: mixed
WASTE VOLUME: small (pickup truck)
WASTE ORIGIN: residential
PROPERTY TYPE: vacant-lot
ADDRESS MARKERS: NONE
GUTTER/ALLEY: No
WATER PROXIMITY: No
CHRONIC SITE: No
VEHICLES: NONE
IDENTIFIERS: NONE
SEVERITY: 1
ORDINANCE: N/A
PRIORITY: LOW
SUMMARY: No illegal dumping detected in the scene."
20260604T134116Z,DT_6th_and_2nd_St_4_20260602T180000.jpg,,,dataset_20260603_063335/DT_6th_and_2nd_St_4/DT_6th_and_2nd_St_4_20260602T180000.jpg,illegal_dumping,done,2026-06-04T13:51:43.764075+00:00,0.048,0.804,0.857,,nvidia/cosmos-reason2-8b,"DUMPING PRESENT: Yes
ORDINANCE VIOLATION: Yes
WASTE TYPE: mixed
WASTE VOLUME: medium
WASTE ORIGIN: commercial-contractor
PROPERTY TYPE: vacant-lot
ADDRESS MARKERS: NONE
GUTTER/ALLEY: No
WATER PROXIMITY: No
CHRONIC SITE: No
VEHICLES: NONE
IDENTIFIERS: NONE
SEVERITY: 3
ORDINANCE: Sec-46-45
PRIORITY: MEDIUM
SUMMARY: A medium-sized pile of mixed waste is illegally dumped on a vacant lot, violating Brownsville's property owner liability ordinance (Sec. 46-45)."
20260604T134116Z,DT_6th_and_2nd_St_4_20260602T181500.jpg,,,dataset_20260603_063335/DT_6th_and_2nd_St_4/DT_6th_and_2nd_St_4_20260602T181500.jpg,illegal_dumping,done,2026-06-04T13:51:43.828621+00:00,0.047,0.784,0.834,,nvidia/cosmos-reason2-8b,"DUMPING PRESENT: No
ORDINANCE VIOLATION: No
WASTE TYPE: mixed
WASTE VOLUME: small (pickup truck)
WASTE ORIGIN: residential
PROPERTY TYPE: vacant-lot
ADDRESS MARKERS: NONE
GUTTER/ALLEY: No
WATER PROXIMITY: No
CHRONIC SITE: No
VEHICLES: NONE
IDENTIFIERS: NONE
SEVERITY: 1
ORDINANCE: N/A
PRIORITY: LOW
SUMMARY: No illegal dumping detected in the video."
20260604T134116Z,DT_6th_and_2nd_St_4_20260602T183000.jpg,,,dataset_20260603_063335/DT_6th_and_2nd_St_4/DT_6th_and_2nd_St_4_20260602T183000.jpg,illegal_dumping,done,2026-06-04T13:51:44.152793+00:00,0.045,0.695,0.744,,nvidia/cosmos-reason2-8b,"DUMPING PRESENT: No
ORDINANCE VIOLATION: No
WASTE TYPE: mixed
WASTE VOLUME: small (pickup truck)
WASTE ORIGIN: residential
PROPERTY TYPE: vacant-lot
ADDRESS MARKERS: NONE
GUTTER/ALLEY: No
WATER PROXIMITY: No
CHRONIC SITE: No
VEHICLES: NONE
IDENTIFIERS: NONE
SEVERITY: 1
ORDINANCE: N/A
PRIORITY: LOW
SUMMARY: No illegal dumping detected in the video."
20260604T134116Z,DT_6th_and_2nd_St_4_20260602T184500.jpg,,,dataset_20260603_063335/DT_6th_and_2nd_St_4/DT_6th_and_2nd_St_4_20260602T184500.jpg,illegal_dumping,done,2026-06-04T13:51:44.272060+00:00,0.04,0.727,0.771,,nvidia/cosmos-reason2-8b,"DUMPING PRESENT: No
ORDINANCE VIOLATION: No
WASTE TYPE: mixed
WASTE VOLUME: small (pickup truck)
WASTE ORIGIN: residential
PROPERTY TYPE: vacant-lot
ADDRESS MARKERS: NONE
GUTTER/ALLEY: No
WATER PROXIMITY: No
CHRONIC SITE: No
VEHICLES: NONE
IDENTIFIERS: NONE
SEVERITY: 1
ORDINANCE: N/A
PRIORITY: LOW
SUMMARY: No illegal dumping detected in the video."
20260604T134116Z,DT_6th_and_2nd_St_4_20260602T190000.jpg,,,dataset_20260603_063335/DT_6th_and_2nd_St_4/DT_6th_and_2nd_St_4_20260602T190000.jpg,illegal_dumping,done,2026-06-04T13:51:44.623957+00:00,0.039,0.704,0.746,,nvidia/cosmos-reason2-8b,"DUMPING PRESENT: No
ORDINANCE VIOLATION: No
WASTE TYPE: mixed
WASTE VOLUME: small (pickup truck)
WASTE ORIGIN: residential
PROPERTY TYPE: vacant-lot
ADDRESS MARKERS: NONE
GUTTER/ALLEY: No
WATER PROXIMITY: No
CHRONIC SITE: No
VEHICLES: NONE
IDENTIFIERS: NONE
SEVERITY: 1
ORDINANCE: N/A
PRIORITY: LOW
SUMMARY: No illegal dumping detected in the scene."
20260604T134116Z,DT_6th_and_2nd_St_4_20260602T191500.jpg,,,dataset_20260603_063335/DT_6th_and_2nd_St_4/DT_6th_and_2nd_St_4_20260602T191500.jpg,illegal_dumping,done,2026-06-04T13:51:44.666768+00:00,0.049,0.818,0.869,,nvidia/cosmos-reason2-8b,"DUMPING PRESENT: No
ORDINANCE VIOLATION: No
WASTE TYPE: mixed
WASTE VOLUME: medium (dump truck)
WASTE ORIGIN: commercial-contractor
PROPERTY TYPE: vacant-lot
ADDRESS MARKERS: NONE
GUTTER/ALLEY: No
WATER PROXIMITY: No
CHRONIC SITE: No
VEHICLES: NONE
IDENTIFIERS: NONE
SEVERITY: 1
ORDINANCE: N/A
PRIORITY: LOW
SUMMARY: No illegal dumping detected in the scene."
20260604T134116Z,DT_6th_and_2nd_St_4_20260602T193000.jpg,,,dataset_20260603_063335/DT_6th_and_2nd_St_4/DT_6th_and_2nd_St_4_20260602T193000.jpg,illegal_dumping,done,2026-06-04T13:51:44.899490+00:00,0.047,0.756,0.806,,nvidia/cosmos-reason2-8b,"DUMPING PRESENT: No
ORDINANCE VIOLATION: No
WASTE TYPE: mixed
WASTE VOLUME: small (pickup truck)
WASTE ORIGIN: residential
PROPERTY TYPE: vacant-lot
ADDRESS MARKERS: NONE
GUTTER/ALLEY: No
WATER PROXIMITY: No
CHRONIC SITE: No
VEHICLES: NONE
IDENTIFIERS: NONE
SEVERITY: 1
ORDINANCE: N/A
PRIORITY: LOW
SUMMARY: No illegal dumping detected in the scene."
20260604T134116Z,DT_6th_and_2nd_St_4_20260602T194500.jpg,,,dataset_20260603_063335/DT_6th_and_2nd_St_4/DT_6th_and_2nd_St_4_20260602T194500.jpg,illegal_dumping,done,2026-06-04T13:51:45.045925+00:00,0.047,0.778,0.828,,nvidia/cosmos-reason2-8b,"DUMPING PRESENT: No
ORDINANCE VIOLATION: No
WASTE TYPE: mixed
WASTE VOLUME: small (pickup truck)
WASTE ORIGIN: residential
PROPERTY TYPE: vacant-lot
ADDRESS MARKERS: NONE
GUTTER/ALLEY: No
WATER PROXIMITY: No
CHRONIC SITE: No
VEHICLES: NONE
IDENTIFIERS: NONE
SEVERITY: 1
ORDINANCE: N/A
PRIORITY: LOW
SUMMARY: No illegal dumping detected in the scene."
20260604T134116Z,DT_6th_and_2nd_St_4_20260602T200000.jpg,,,dataset_20260603_063335/DT_6th_and_2nd_St_4/DT_6th_and_2nd_St_4_20260602T200000.jpg,illegal_dumping,done,2026-06-04T13:51:45.372649+00:00,0.044,0.736,0.783,,nvidia/cosmos-reason2-8b,"DUMPING PRESENT: No
ORDINANCE VIOLATION: No
WASTE TYPE: mixed
WASTE VOLUME: small (pickup truck)
WASTE ORIGIN: residential
PROPERTY TYPE: vacant-lot
ADDRESS MARKERS: NONE
GUTTER/ALLEY: No
WATER PROXIMITY: No
CHRONIC SITE: No
VEHICLES: NONE
IDENTIFIERS: NONE
SEVERITY: 1
ORDINANCE: N/A
PRIORITY: LOW
SUMMARY: No illegal dumping detected in the scene."
20260604T134116Z,DT_6th_and_2nd_St_4_20260602T201500.jpg,,,dataset_20260603_063335/DT_6th_and_2nd_St_4/DT_6th_and_2nd_St_4_20260602T201500.jpg,illegal_dumping,done,2026-06-04T13:51:45.539412+00:00,0.046,0.642,0.691,,nvidia/cosmos-reason2-8b,"DUMPING PRESENT: No
ORDINANCE VIOLATION: No
WASTE TYPE: mixed
WASTE VOLUME: small (pickup truck)
WASTE ORIGIN: residential
PROPERTY TYPE: vacant-lot
ADDRESS MARKERS: NONE
GUTTER/ALLEY: No
WATER PROXIMITY: No
CHRONIC SITE: No
VEHICLES: NONE
IDENTIFIERS: NONE
SEVERITY: 1
ORDINANCE: N/A
PRIORITY: LOW
SUMMARY: No illegal dumping is observed in the scene."
20260604T134116Z,DT_6th_and_2nd_St_4_20260602T203000.jpg,,,dataset_20260603_063335/DT_6th_and_2nd_St_4/DT_6th_and_2nd_St_4_20260602T203000.jpg,illegal_dumping,done,2026-06-04T13:51:45.708422+00:00,0.048,0.885,0.936,,nvidia/cosmos-reason2-8b,"```json
{
  ""DUMPING PRESENT"": ""Yes"",
  ""ORDINANCE VIOLATION"": ""Yes"",
  ""WASTE TYPE"": ""mixed"",
  ""WASTE VOLUME"": ""medium"",
  ""WASTE ORIGIN"": ""unknown"",
  ""PROPERTY TYPE"": ""vacant-lot"",
  ""ADDRESS MARKERS"": ""NONE"",
  ""GUTTER/ALLEY"": ""No"",
  ""WATER PROXIMITY"": ""No"",
  ""CHRONIC SITE"": ""No"",
  ""VEHICLES"": ""NONE"",
  ""IDENTIFIERS"": ""NONE"",
  ""SEVERITY"": ""3"",
  ""ORDINANCE"": ""Sec-46-45"",
  ""PRIORITY"": ""MEDIUM"",
  ""SUMMARY"": ""Illegal dumping of mixed waste is present on a vacant lot, violating property owner liability under Sec. 46-45.""
}
```"
20260604T134116Z,DT_6th_and_2nd_St_4_20260602T204500.jpg,,,dataset_20260603_063335/DT_6th_and_2nd_St_4/DT_6th_and_2nd_St_4_20260602T204500.jpg,illegal_dumping,done,2026-06-04T13:51:45.876364+00:00,0.054,0.767,0.823,,nvidia/cosmos-reason2-8b,"DUMPING PRESENT: No
ORDINANCE VIOLATION: No
WASTE TYPE: mixed
WASTE VOLUME: small (pickup truck)
WASTE ORIGIN: residential
PROPERTY TYPE: vacant-lot
ADDRESS MARKERS: NONE
GUTTER/ALLEY: No
WATER PROXIMITY: No
CHRONIC SITE: No
VEHICLES: NONE
IDENTIFIERS: NONE
SEVERITY: 1
ORDINANCE: N/A
PRIORITY: LOW
SUMMARY: No illegal dumping detected; the scene appears to be a vacant lot with no visible waste or debris."
20260604T134116Z,DT_6th_and_2nd_St_4_20260602T210000.jpg,,,dataset_20260603_063335/DT_6th_and_2nd_St_4/DT_6th_and_2nd_St_4_20260602T210000.jpg,illegal_dumping,done,2026-06-04T13:51:46.157972+00:00,0.042,0.786,0.83,,nvidia/cosmos-reason2-8b,"DUMPING PRESENT: Yes
ORDINANCE VIOLATION: Yes
WASTE TYPE: mixed
WASTE VOLUME: small (pickup truck)
WASTE ORIGIN: residential
PROPERTY TYPE: vacant-lot
ADDRESS MARKERS: NONE
GUTTER/ALLEY: No
WATER PROXIMITY: No
CHRONIC SITE: No
VEHICLES: NONE
IDENTIFIERS: NONE
SEVERITY: 1
ORDINANCE: Sec-46-45
PRIORITY: LOW
SUMMARY: A small amount of mixed waste is present on a vacant lot, violating property owner liability under Sec. 46-45."
20260604T134116Z,DT_6th_and_2nd_St_4_20260602T211500.jpg,,,dataset_20260603_063335/DT_6th_and_2nd_St_4/DT_6th_and_2nd_St_4_20260602T211500.jpg,illegal_dumping,done,2026-06-04T13:51:46.232312+00:00,0.048,0.797,0.847,,nvidia/cosmos-reason2-8b,"DUMPING PRESENT: No
ORDINANCE VIOLATION: No
WASTE TYPE: mixed
WASTE VOLUME: small (pickup truck)
WASTE ORIGIN: residential
PROPERTY TYPE: alley
ADDRESS MARKERS: NONE
GUTTER/ALLEY: Yes
WATER PROXIMITY: No
CHRONIC SITE: No
VEHICLES: NONE
IDENTIFIERS: NONE
SEVERITY: 1
ORDINANCE: N/A
PRIORITY: LOW
SUMMARY: No illegal dumping is observed in the alleyway; the area appears clear of waste materials."
20260604T134116Z,DT_6th_and_2nd_St_4_20260602T213000.jpg,,,dataset_20260603_063335/DT_6th_and_2nd_St_4/DT_6th_and_2nd_St_4_20260602T213000.jpg,illegal_dumping,done,2026-06-04T13:51:46.646941+00:00,0.045,0.835,0.882,,nvidia/cosmos-reason2-8b,"DUMPING PRESENT: Yes
ORDINANCE VIOLATION: Yes
WASTE TYPE: mixed
WASTE VOLUME: medium
WASTE ORIGIN: residential
PROPERTY TYPE: alley
ADDRESS MARKERS: NONE
GUTTER/ALLEY: Yes
WATER PROXIMITY: No
CHRONIC SITE: No
VEHICLES: NONE
IDENTIFIERS: NONE
SEVERITY: 2
ORDINANCE: Sec-46-45
PRIORITY: MEDIUM
SUMMARY: Illegal dumping of mixed waste is present in an alleyway, violating Brownsville's property owner liability ordinance (Sec. 46-45)."
20260604T134116Z,DT_6th_and_2nd_St_4_20260602T214500.jpg,,,dataset_20260603_063335/DT_6th_and_2nd_St_4/DT_6th_and_2nd_St_4_20260602T214500.jpg,illegal_dumping,done,2026-06-04T13:51:46.702083+00:00,0.038,1.013,1.053,,nvidia/cosmos-reason2-8b,"```json
{
  ""DUMPING PRESENT"": ""Yes"",
  ""ORDINANCE VIOLATION"": ""Yes"",
  ""WASTE TYPE"": ""mixed"",
  ""WASTE VOLUME"": ""small"",
  ""WASTE ORIGIN"": ""residential"",
  ""PROPERTY TYPE"": ""vacant-lot"",
  ""ADDRESS MARKERS"": ""NONE"",
  ""GUTTER/ALLEY"": ""No"",
  ""WATER PROXIMITY"": ""No"",
  ""CHRONIC SITE"": ""No"",
  ""VEHICLES"": ""NONE"",
  ""IDENTIFIERS"": ""NONE"",
  ""SEVERITY"": ""3"",
  ""ORDINANCE"": ""Sec-46-45"",
  ""PRIORITY"": ""MEDIUM"",
  ""SUMMARY"": ""Illegal dumping of mixed waste is present on a vacant lot, violating property owner liability under Sec. 46-45.""
}
```"
20260604T134116Z,DT_6th_and_2nd_St_4_20260602T220000.jpg,,,dataset_20260603_063335/DT_6th_and_2nd_St_4/DT_6th_and_2nd_St_4_20260602T220000.jpg,illegal_dumping,done,2026-06-04T13:51:46.991132+00:00,0.05,0.774,0.827,,nvidia/cosmos-reason2-8b,"DUMPING PRESENT: Yes
ORDINANCE VIOLATION: Yes
WASTE TYPE: mixed
WASTE VOLUME: small (pickup truck)
WASTE ORIGIN: residential
PROPERTY TYPE: alley
ADDRESS MARKERS: NONE
GUTTER/ALLEY: Yes
WATER PROXIMITY: No
CHRONIC SITE: No
VEHICLES: NONE
IDENTIFIERS: NONE
SEVERITY: 1
ORDINANCE: Sec-46-45
PRIORITY: LOW
SUMMARY: A small pile of mixed waste is present in an alleyway, which is considered a minor violation under Sec-46-45."
20260604T134116Z,DT_6th_and_2nd_St_4_20260602T221500.jpg,,,dataset_20260603_063335/DT_6th_and_2nd_St_4/DT_6th_and_2nd_St_4_20260602T221500.jpg,illegal_dumping,done,2026-06-04T13:51:47.082688+00:00,0.044,0.884,0.93,,nvidia/cosmos-reason2-8b,"DUMPING PRESENT: Yes
ORDINANCE VIOLATION: Yes
WASTE TYPE: mixed
WASTE VOLUME: medium
WASTE ORIGIN: residential
PROPERTY TYPE: vacant-lot
ADDRESS MARKERS: NONE
GUTTER/ALLEY: No
WATER PROXIMITY: No
CHRONIC SITE: No
VEHICLES: NONE
IDENTIFIERS: NONE
SEVERITY: 2
ORDINANCE: Sec-46-45
PRIORITY: MEDIUM
SUMMARY: A medium volume of mixed waste is illegally dumped on a vacant lot, violating Brownsville's property owner liability ordinance (Sec. 46-45)."
20260604T134116Z,DT_6th_and_2nd_St_4_20260602T223000.jpg,,,dataset_20260603_063335/DT_6th_and_2nd_St_4/DT_6th_and_2nd_St_4_20260602T223000.jpg,illegal_dumping,done,2026-06-04T13:51:47.532579+00:00,0.052,0.739,0.794,,nvidia/cosmos-reason2-8b,"DUMPING PRESENT: Yes
ORDINANCE VIOLATION: Yes
WASTE TYPE: mixed
WASTE VOLUME: medium
WASTE ORIGIN: residential
PROPERTY TYPE: alley
ADDRESS MARKERS: NONE
GUTTER/ALLEY: Yes
WATER PROXIMITY: No
CHRONIC SITE: No
VEHICLES: NONE
IDENTIFIERS: NONE
SEVERITY: 2
ORDINANCE: Sec-46-45
PRIORITY: MEDIUM
SUMMARY: Mixed waste is illegally dumped in an alley, violating property owner liability under Sec. 46-45."
20260604T134116Z,DT_6th_and_2nd_St_4_20260602T224500.jpg,,,dataset_20260603_063335/DT_6th_and_2nd_St_4/DT_6th_and_2nd_St_4_20260602T224500.jpg,illegal_dumping,done,2026-06-04T13:51:47.757983+00:00,0.04,0.877,0.92,,nvidia/cosmos-reason2-8b,"DUMPING PRESENT: Yes
ORDINANCE VIOLATION: Yes
WASTE TYPE: mixed
WASTE VOLUME: small (pickup truck)
WASTE ORIGIN: residential
PROPERTY TYPE: vacant-lot
ADDRESS MARKERS: NONE
GUTTER/ALLEY: No
WATER PROXIMITY: No
CHRONIC SITE: No
VEHICLES: NONE
IDENTIFIERS: NONE
SEVERITY: 1
ORDINANCE: Sec-46-45
PRIORITY: LOW
SUMMARY: A small pile of mixed waste is present on a vacant lot, violating property owner liability under Sec-46-45."
20260604T134116Z,DT_6th_and_2nd_St_4_20260602T230000.jpg,,,dataset_20260603_063335/DT_6th_and_2nd_St_4/DT_6th_and_2nd_St_4_20260602T230000.jpg,illegal_dumping,done,2026-06-04T13:51:47.819844+00:00,0.039,0.816,0.857,,nvidia/cosmos-reason2-8b,"DUMPING PRESENT: Yes
ORDINANCE VIOLATION: Yes
WASTE TYPE: mixed
WASTE VOLUME: small (pickup truck)
WASTE ORIGIN: residential
PROPERTY TYPE: alley
ADDRESS MARKERS: NONE
GUTTER/ALLEY: Yes
WATER PROXIMITY: No
CHRONIC SITE: No
VEHICLES: NONE
IDENTIFIERS: NONE
SEVERITY: 2
ORDINANCE: Sec-46-45
PRIORITY: MEDIUM
SUMMARY: A small pile of mixed waste is illegally dumped in an alley, violating Brownsville's property owner liability ordinance."
20260604T134116Z,DT_6th_and_2nd_St_4_20260602T231500.jpg,,,dataset_20260603_063335/DT_6th_and_2nd_St_4/DT_6th_and_2nd_St_4_20260602T231500.jpg,illegal_dumping,done,2026-06-04T13:51:48.015165+00:00,0.046,0.831,0.879,,nvidia/cosmos-reason2-8b,"DUMPING PRESENT: Yes
ORDINANCE VIOLATION: Yes
WASTE TYPE: mixed
WASTE VOLUME: medium
WASTE ORIGIN: unknown
PROPERTY TYPE: vacant-lot
ADDRESS MARKERS: NONE
GUTTER/ALLEY: Yes
WATER PROXIMITY: No
CHRONIC SITE: No
VEHICLES: NONE
IDENTIFIERS: NONE
SEVERITY: 2
ORDINANCE: Sec-46-45
PRIORITY: MEDIUM
SUMMARY: Mixed waste is illegally dumped on a vacant lot, violating property owner liability under Sec-46-45.
"
20260604T134116Z,DT_6th_and_2nd_St_4_20260602T233000.jpg,,,dataset_20260603_063335/DT_6th_and_2nd_St_4/DT_6th_and_2nd_St_4_20260602T233000.jpg,illegal_dumping,done,2026-06-04T13:51:48.329422+00:00,0.042,0.795,0.84,,nvidia/cosmos-reason2-8b,"DUMPING PRESENT: Yes
ORDINANCE VIOLATION: Yes
WASTE TYPE: mixed
WASTE VOLUME: small (pickup truck)
WASTE ORIGIN: residential
PROPERTY TYPE: vacant-lot
ADDRESS MARKERS: NONE
GUTTER/ALLEY: Yes
WATER PROXIMITY: No
CHRONIC SITE: No
VEHICLES: NONE
IDENTIFIERS: NONE
SEVERITY: 3
ORDINANCE: Sec-46-45
PRIORITY: MEDIUM
SUMMARY: A small pile of mixed waste is illegally dumped in a residential alley, violating Brownsville's property owner liability ordinance."
20260604T134116Z,DT_6th_and_2nd_St_4_20260602T234500.jpg,,,dataset_20260603_063335/DT_6th_and_2nd_St_4/DT_6th_and_2nd_St_4_20260602T234500.jpg,illegal_dumping,done,2026-06-04T13:51:48.680298+00:00,0.041,0.625,0.669,,nvidia/cosmos-reason2-8b,"DUMPING PRESENT: No
ORDINANCE VIOLATION: No
WASTE TYPE: mixed
WASTE VOLUME: small (pickup truck)
WASTE ORIGIN: residential
PROPERTY TYPE: alley
ADDRESS MARKERS: NONE
GUTTER/ALLEY: Yes
WATER PROXIMITY: No
CHRONIC SITE: No
VEHICLES: NONE
IDENTIFIERS: NONE
SEVERITY: 1
ORDINANCE: N/A
PRIORITY: LOW
SUMMARY: No illegal dumping is observed in the alleyway."
